timestamp,device,session_id,seq,true_dist_m,angle_deg,distance_m,rx_power,fp_power,fp_rx_ratio,quality,std_noise,fp_ampl1,fp_ampl2,fp_ampl3,cir_power,rxpacc,nlos_suspect,anchor_id,error_m,antenna_delay,notes
2026-03-26T14:21:43.300,T1,20260326_142142,3451,1.0,0.0,0.389,-68.5,-96.5,-28.0,101.47,76,1215,7712,7558,24604,1490,True,1,-0.611,22750,
2026-03-26T14:21:43.839,T1,20260326_142142,3452,1.0,0.0,-0.507,-68.3,-97.0,-28.7,81.27,84,694,6827,7057,22980,1428,True,1,-1.507,22750,
2026-03-26T14:21:44.348,T1,20260326_142142,3453,1.0,0.0,-0.075,-68.1,-97.0,-28.9,83.8,92,3270,7710,6666,27394,1551,True,1,-1.075,22750,
2026-03-26T14:21:44.832,T1,20260326_142142,3454,1.0,0.0,0.328,-68.0,-96.9,-28.9,85.31,80,943,6825,7249,23550,1431,True,1,-0.6719999999999999,22750,
2026-03-26T14:21:45.309,T1,20260326_142142,3455,1.0,0.0,0.596,-65.8,-95.8,-30.0,61.06,96,5403,5862,6538,22853,1309,True,1,-0.404,22750,
2026-03-26T14:21:45.825,T1,20260326_142142,3456,1.0,0.0,-0.314,-66.4,-97.2,-30.7,94.33,84,3291,7924,6044,30856,1554,True,1,-1.314,22750,
2026-03-26T14:21:46.300,T1,20260326_142142,3457,1.0,0.0,-0.427,-67.8,-96.1,-28.4,93.74,84,4451,7874,9375,34076,1711,True,1,-1.427,22750,
2026-03-26T14:21:46.811,T1,20260326_142142,3458,1.0,0.0,-0.244,-66.7,-96.7,-30.0,94.25,88,5713,8294,5039,31180,1574,True,1,-1.244,22750,
2026-03-26T14:21:47.321,T1,20260326_142142,3459,1.0,0.0,-0.385,-66.9,-97.0,-30.1,86.0,92,7127,7912,4828,35534,1693,True,1,-1.385,22750,
2026-03-26T14:21:47.830,T1,20260326_142142,3460,1.0,0.0,0.45,-67.3,-95.6,-28.2,113.69,68,4674,7731,5576,20411,1304,True,1,-0.55,22750,
2026-03-26T14:21:48.340,T1,20260326_142142,3461,1.0,0.0,0.629,-66.4,-95.8,-29.4,110.74,72,4895,7973,5681,24466,1384,True,1,-0.371,22750,
2026-03-26T14:21:48.821,T1,20260326_142142,3462,1.0,0.0,-0.535,-67.2,-95.7,-28.5,101.86,72,3982,7334,6757,21844,1344,True,1,-1.535,22750,
2026-03-26T14:21:49.331,T1,20260326_142142,3463,1.0,0.0,-0.235,-66.9,-96.0,-29.2,102.46,76,5303,7787,4840,23431,1375,True,1,-1.235,22750,
2026-03-26T14:21:49.808,T1,20260326_142142,3464,1.0,0.0,-0.657,-66.9,-96.3,-29.4,92.52,92,5295,8512,7626,35112,1687,True,1,-1.657,22750,
2026-03-26T14:21:50.321,T1,20260326_142142,3465,1.0,0.0,-0.521,-66.7,-95.7,-29.1,89.0,84,4424,7476,6652,23639,1372,True,1,-1.521,22750,
2026-03-26T14:21:50.830,T1,20260326_142142,3466,1.0,0.0,0.422,-66.6,-97.2,-30.6,72.93,96,3203,7001,7425,32064,1594,True,1,-0.5780000000000001,22750,
2026-03-26T14:21:51.310,T1,20260326_142142,3467,1.0,0.0,0.113,-66.6,-97.1,-30.5,82.18,96,4500,7889,6920,35100,1666,True,1,-0.887,22750,
2026-03-26T14:21:51.820,T1,20260326_142142,3468,1.0,0.0,0.736,-65.9,-96.2,-30.3,73.4,96,3891,7046,5357,21787,1281,True,1,-0.264,22750,
2026-03-26T14:21:52.329,T1,20260326_142142,3469,1.0,0.0,0.544,-66.9,-96.4,-29.6,89.84,76,2676,6828,5774,19986,1269,True,1,-0.4559999999999999,22750,
2026-03-26T14:21:52.812,T1,20260326_142142,3470,1.0,0.0,-0.066,-65.9,-96.1,-30.2,85.08,76,5205,6466,3782,18953,1197,True,1,-1.066,22750,
2026-03-26T14:21:53.320,T1,20260326_142142,3471,1.0,0.0,-0.483,-65.9,-96.7,-30.8,80.6,72,1382,5803,5926,18240,1172,True,1,-1.483,22750,
2026-03-26T14:21:53.832,T1,20260326_142142,3472,1.0,0.0,-0.211,-65.9,-96.2,-30.4,72.45,88,2265,6376,5888,18879,1193,True,1,-1.211,22750,
2026-03-26T14:21:54.310,T1,20260326_142142,3473,1.0,0.0,0.328,-65.7,-95.7,-30.1,83.08,88,4805,7311,5294,22100,1281,True,1,-0.6719999999999999,22750,
2026-03-26T14:21:54.820,T1,20260326_142142,3474,1.0,0.0,-0.197,-66.1,-96.7,-30.6,76.34,88,3660,6718,5696,23465,1339,True,1,-1.197,22750,
2026-03-26T14:21:55.331,T1,20260326_142142,3475,1.0,0.0,-0.023,-66.2,-96.1,-29.9,86.11,80,3976,6889,5304,20165,1246,True,1,-1.023,22750,
2026-03-26T14:21:55.840,T1,20260326_142142,3476,1.0,0.0,0.31,-66.5,-96.0,-29.5,70.09,104,3924,7289,5656,21460,1297,True,1,-0.69,22750,
2026-03-26T14:21:56.319,T1,20260326_142142,3477,1.0,0.0,0.474,-66.1,-95.6,-29.5,83.44,88,5311,7343,4958,21395,1279,True,1,-0.526,22750,
2026-03-26T14:21:56.832,T1,20260326_142142,3478,1.0,0.0,0.675,-66.6,-95.9,-29.3,88.86,96,7005,8531,5045,30313,1551,True,1,-0.3249999999999999,22750,
2026-03-26T14:21:57.338,T1,20260326_142142,3479,1.0,0.0,-0.122,-66.5,-95.8,-29.4,85.37,76,5809,6488,4017,18889,1217,True,1,-1.122,22750,
2026-03-26T14:21:57.821,T1,20260326_142142,3480,1.0,0.0,-0.643,-66.8,-95.9,-29.1,86.76,80,3250,6941,5981,19231,1241,True,1,-1.643,22750,
2026-03-26T14:21:58.332,T1,20260326_142142,3481,1.0,0.0,-0.765,-85.7,-95.8,-10.0,88.28,80,5067,7062,4741,5213,1244,True,1,-1.765,22750,
2026-03-26T14:21:58.841,T1,20260326_142142,3482,1.0,0.0,-0.267,-66.3,-95.7,-29.4,82.66,88,4471,7274,5393,20610,1263,True,1,-1.267,22750,
2026-03-26T14:21:59.321,T1,20260326_142142,3483,1.0,0.0,-0.342,-66.1,-96.6,-30.5,80.93,80,3765,6474,4976,20281,1246,True,1,-1.342,22750,
2026-03-26T14:21:59.831,T1,20260326_142142,3484,1.0,0.0,0.052,-65.9,-96.6,-30.8,69.77,100,2941,6977,6005,24012,1345,True,1,-0.948,22750,
2026-03-26T14:22:00.341,T1,20260326_142142,3485,1.0,0.0,-0.868,-66.2,-96.5,-30.4,69.45,88,5709,6112,3675,20440,1253,True,1,-1.868,22750,
2026-03-26T14:22:00.821,T1,20260326_142142,3486,1.0,0.0,-0.117,-66.5,-96.9,-30.4,68.95,100,1888,6895,7442,28057,1486,True,1,-1.117,22750,
2026-03-26T14:22:01.334,T1,20260326_142142,3487,1.0,0.0,-0.371,-66.4,-96.2,-29.7,84.72,92,3221,7794,6885,26262,1434,True,1,-1.371,22750,
2026-03-26T14:22:01.839,T1,20260326_142142,3488,1.0,0.0,0.886,-66.1,-96.1,-30.0,88.33,76,3476,6713,5310,19135,1209,True,1,-0.1139999999999999,22750,
2026-03-26T14:22:02.318,T1,20260326_142142,3489,1.0,0.0,-0.127,-66.6,-96.2,-29.6,89.13,76,2906,6774,6044,19931,1257,True,1,-1.127,22750,
2026-03-26T14:22:02.832,T1,20260326_142142,3490,1.0,0.0,-0.206,-63.7,-94.5,-30.8,23.77,124,9360,2948,4556,21273,1174,True,1,-1.206,22750,
2026-03-26T14:22:03.338,T1,20260326_142142,3491,1.0,0.0,0.582,-67.5,-90.1,-22.6,167.11,88,2186,14706,14534,22160,1366,True,1,-0.418,22750,
2026-03-26T14:22:03.849,T1,20260326_142142,3492,1.0,0.0,-0.577,-68.5,-96.3,-27.9,103.22,80,7331,8258,5136,29661,1635,True,1,-1.577,22750,
2026-03-26T14:22:04.331,T1,20260326_142142,3493,1.0,0.0,0.141,-69.1,-100.8,-31.7,58.31,96,4442,5598,4218,36571,1854,True,1,-0.859,22750,
2026-03-26T14:22:04.870,T1,20260326_142142,3494,1.0,0.0,-0.783,-72.2,-98.6,-26.5,92.0,84,5948,7728,5845,34013,1988,True,1,-1.783,22750,
2026-03-26T14:22:05.349,T1,20260326_142142,3495,1.0,0.0,0.319,-67.6,-91.8,-24.2,143.98,96,8392,13822,10058,27253,1518,True,1,-0.681,22750,
2026-03-26T14:22:05.831,T1,20260326_142142,3496,1.0,0.0,0.113,-69.2,-91.0,-21.9,161.23,92,12142,14833,14626,32780,1760,True,1,-0.887,22750,
2026-03-26T14:22:06.338,T1,20260326_142142,3497,1.0,0.0,-0.066,-69.3,-95.1,-25.8,151.02,64,5247,9665,5658,22015,1449,True,1,-1.066,22750,
2026-03-26T14:22:06.849,T1,20260326_142142,3498,1.0,0.0,-0.249,-68.1,-95.8,-27.7,102.69,80,5204,8215,5251,22166,1393,True,1,-1.249,22750,
2026-03-26T14:22:07.348,T1,20260326_142142,3499,1.0,0.0,0.469,-68.1,-92.5,-24.3,177.81,64,4312,11380,8680,18832,1288,True,1,-0.531,22750,
2026-03-26T14:22:07.839,T1,20260326_142142,3500,1.0,0.0,0.586,-68.6,-91.8,-23.2,171.26,76,10048,13016,10420,26685,1559,True,1,-0.414,22750,
2026-03-26T14:22:08.349,T1,20260326_142142,3501,1.0,0.0,0.441,-69.2,-95.0,-25.8,85.7,108,9529,9256,8755,35410,1829,True,1,-0.5589999999999999,22750,
2026-03-26T14:22:08.887,T1,20260326_142142,3502,1.0,0.0,0.244,-68.5,-92.7,-24.1,123.78,112,6854,13863,14630,38823,1874,True,1,-0.756,22750,
2026-03-26T14:22:09.340,T1,20260326_142142,3503,1.0,0.0,0.568,-69.0,-94.5,-25.5,104.2,92,11484,9586,6961,34551,1794,True,1,-0.432,22750,
2026-03-26T14:22:09.850,T1,20260326_142142,3504,1.0,0.0,0.563,-69.1,-101.2,-32.1,55.0,92,3559,5060,4418,33893,1783,True,1,-0.437,22750,
2026-03-26T14:22:10.332,T1,20260326_142142,3505,1.0,0.0,-0.113,-68.9,-95.5,-26.6,100.07,112,5658,11208,8909,37876,1875,True,1,-1.113,22750,
2026-03-26T14:22:10.841,T1,20260326_142142,3506,1.0,0.0,0.192,-68.3,-93.6,-25.3,136.04,84,8711,11427,6894,27462,1565,True,1,-0.808,22750,
2026-03-26T14:22:11.349,T1,20260326_142142,3507,1.0,0.0,-0.403,-64.4,-95.8,-31.5,82.35,84,5687,6917,4953,24730,1295,True,1,-1.403,22750,
2026-03-26T14:22:11.861,T1,20260326_142142,3508,1.0,0.0,-0.028,-66.5,-97.7,-31.2,65.72,88,2215,5783,5965,23182,1348,True,1,-1.028,22750,
2026-03-26T14:22:12.339,T1,20260326_142142,3509,1.0,0.0,-0.422,-67.2,-96.1,-28.9,101.34,80,5864,8107,5012,25856,1459,True,1,-1.422,22750,
2026-03-26T14:22:12.852,T1,20260326_142142,3510,1.0,0.0,-0.338,-67.0,-96.5,-29.5,81.14,88,3155,7140,7543,27276,1492,True,1,-1.338,22750,
2026-03-26T14:22:13.361,T1,20260326_142142,3511,1.0,0.0,0.657,-66.9,-96.9,-30.0,75.12,96,5588,7212,4556,26645,1469,True,1,-0.3429999999999999,22750,
2026-03-26T14:22:13.841,T1,20260326_142142,3512,1.0,0.0,-0.098,-66.4,-97.2,-30.8,72.3,84,5190,6073,3712,21921,1306,True,1,-1.098,22750,
2026-03-26T14:22:14.350,T1,20260326_142142,3513,1.0,0.0,0.98,-66.1,-96.5,-30.4,81.08,76,4556,6162,3590,17426,1154,True,1,-0.02,22750,
2026-03-26T14:22:14.830,T1,20260326_142142,3514,1.0,0.0,0.328,-66.8,-96.5,-29.6,81.67,104,6647,8494,5186,33196,1634,True,1,-0.6719999999999999,22750,
2026-03-26T14:22:15.338,T1,20260326_142142,3515,1.0,0.0,0.164,-66.3,-96.7,-30.4,89.66,76,2623,6814,5387,20701,1266,True,1,-0.836,22750,
2026-03-26T14:22:15.848,T1,20260326_142142,3516,1.0,0.0,-0.356,-66.5,-97.0,-30.5,77.64,84,2793,6522,7516,28444,1493,True,1,-1.356,22750,
2026-03-26T14:22:16.359,T1,20260326_142142,3517,1.0,0.0,-0.338,-66.8,-96.5,-29.7,75.51,96,3378,7249,6060,23759,1381,True,1,-1.338,22750,
2026-03-26T14:22:16.839,T1,20260326_142142,3518,1.0,0.0,-0.305,-66.8,-96.2,-29.5,87.18,88,3981,7672,5709,23648,1377,True,1,-1.305,22750,
2026-03-26T14:22:17.349,T1,20260326_142142,3519,1.0,0.0,0.647,-68.3,-96.5,-28.2,95.55,100,1372,9555,9994,41057,1913,True,1,-0.353,22750,
2026-03-26T14:22:17.859,T1,20260326_142142,3520,1.0,0.0,-0.103,-67.2,-96.0,-28.9,85.11,108,4328,9192,8021,34251,1679,True,1,-1.103,22750,
2026-03-26T14:22:18.369,T1,20260326_142142,3521,1.0,0.0,-0.033,-67.4,-95.0,-27.5,106.69,96,4779,10242,9036,32819,1658,True,1,-1.033,22750,
2026-03-26T14:22:18.848,T1,20260326_142142,3522,1.0,0.0,-0.042,-66.7,-92.7,-26.0,89.89,88,9699,7910,7785,21205,1301,True,1,-1.042,22750,
2026-03-26T14:22:19.359,T1,20260326_142142,3523,1.0,0.0,-0.45,-68.1,-96.4,-28.3,108.78,80,2342,8702,6630,26021,1513,True,1,-1.45,22750,
2026-03-26T14:22:19.898,T1,20260326_142142,3524,1.0,0.0,0.056,-70.6,-95.7,-25.1,104.13,104,8518,10830,8534,39026,2020,True,1,-0.944,22750,
2026-03-26T14:22:20.350,T1,20260326_142142,3525,1.0,0.0,-0.361,-74.8,-103.5,-28.7,50.6,68,2744,3441,3279,20216,1678,True,1,-1.361,22750,
2026-03-26T14:22:20.861,T1,20260326_142142,3526,1.0,0.0,-0.023,-67.9,-96.7,-28.8,87.38,72,3587,6291,5156,18022,1249,True,1,-1.023,22750,
2026-03-26T14:22:21.370,T1,20260326_142142,3527,1.0,0.0,0.3,-68.2,-93.0,-24.9,135.53,60,8445,8132,6600,17333,1236,True,1,-0.7,22750,
2026-03-26T14:22:21.849,T1,20260326_142142,3528,1.0,0.0,0.596,-68.8,-95.3,-26.5,111.97,96,5442,10749,7997,32203,1723,True,1,-0.404,22750,
2026-03-26T14:22:22.359,T1,20260326_142142,3529,1.0,0.0,-0.202,-68.1,-95.8,-27.8,100.09,88,2682,8808,7988,27261,1545,True,1,-1.202,22750,
2026-03-26T14:22:22.870,T1,20260326_142142,3530,1.0,0.0,0.389,-67.1,-95.9,-28.8,93.91,80,5749,7513,5123,23077,1376,True,1,-0.611,22750,
2026-03-26T14:22:23.380,T1,20260326_142142,3531,1.0,0.0,0.113,-66.9,-95.7,-28.8,102.03,76,3043,7754,6728,22034,1335,True,1,-0.887,22750,
2026-03-26T14:22:23.860,T1,20260326_142142,3532,1.0,0.0,-0.131,-67.2,-95.3,-28.1,93.77,84,4334,7877,5651,19541,1269,True,1,-1.131,22750,
2026-03-26T14:22:24.368,T1,20260326_142142,3533,1.0,0.0,-0.385,-66.8,-95.5,-28.7,109.54,68,4889,7449,5021,19346,1248,True,1,-1.385,22750,
2026-03-26T14:22:24.880,T1,20260326_142142,3534,1.0,0.0,-0.263,-67.5,-95.2,-27.7,101.08,72,5327,7278,4554,16977,1196,True,1,-1.263,22750,
2026-03-26T14:22:25.390,T1,20260326_142142,3535,1.0,0.0,0.385,-67.3,-95.6,-28.3,83.52,84,2143,7016,6740,18150,1229,True,1,-0.615,22750,
2026-03-26T14:22:25.867,T1,20260326_142142,3536,1.0,0.0,-0.061,-67.2,-95.4,-28.2,89.15,88,5358,7845,5151,20528,1300,True,1,-1.061,22750,
2026-03-26T14:22:26.379,T1,20260326_142142,3537,1.0,0.0,0.356,-67.2,-96.0,-28.8,84.49,92,6618,7773,4821,25945,1463,True,1,-0.644,22750,
2026-03-26T14:22:26.858,T1,20260326_142142,3538,1.0,0.0,-0.408,-67.0,-95.7,-28.7,108.82,72,3900,7835,5918,21359,1319,True,1,-1.408,22750,
2026-03-26T14:22:27.367,T1,20260326_142142,3539,1.0,0.0,0.192,-67.4,-95.3,-27.9,95.96,72,5962,6909,4185,17248,1202,True,1,-0.808,22750,
2026-03-26T14:22:27.879,T1,20260326_142142,3540,1.0,0.0,-0.098,-67.0,-96.0,-29.0,87.91,88,6386,7736,4956,25733,1449,True,1,-1.098,22750,
2026-03-26T14:22:28.358,T1,20260326_142142,3541,1.0,0.0,0.385,-67.1,-95.9,-28.8,83.54,84,2149,7017,6701,19830,1276,True,1,-0.615,22750,
2026-03-26T14:22:28.870,T1,20260326_142142,3542,1.0,0.0,-0.53,-66.6,-96.2,-29.7,80.31,84,2051,6746,7231,22652,1337,True,1,-1.53,22750,
2026-03-26T14:22:29.381,T1,20260326_142142,3543,1.0,0.0,0.281,-66.2,-96.3,-30.1,83.26,92,3773,7660,5972,25271,1396,True,1,-0.719,22750,
2026-03-26T14:22:29.890,T1,20260326_142142,3544,1.0,0.0,-0.549,-66.5,-95.4,-28.9,83.18,96,6105,7985,4904,23364,1355,True,1,-1.549,22750,
2026-03-26T14:22:30.397,T1,20260326_142142,3545,1.0,0.0,-0.417,-67.0,-95.5,-28.5,105.44,72,4448,7592,5522,19645,1264,True,1,-1.417,22750,
2026-03-26T14:22:30.881,T1,20260326_142142,3546,1.0,0.0,-0.394,-66.0,-96.0,-30.0,78.96,96,5589,7580,4946,24661,1369,True,1,-1.394,22750,
2026-03-26T14:22:31.390,T1,20260326_142142,3547,1.0,0.0,0.0,-68.3,-95.2,-26.9,96.68,116,9059,11215,6941,40062,1888,True,1,-1.0,22750,
2026-03-26T14:22:31.899,T1,20260326_142142,3548,1.0,0.0,-0.342,-66.5,-96.4,-29.8,85.69,88,2964,7541,6669,25373,1414,True,1,-1.342,22750,
2026-03-26T14:22:32.379,T1,20260326_142142,3549,1.0,0.0,0.038,-67.0,-96.1,-29.2,104.47,68,6123,7104,4810,23571,1384,True,1,-0.962,22750,
2026-03-26T14:22:32.894,T1,20260326_142142,3550,1.0,0.0,0.605,-68.4,-96.0,-27.6,107.9,92,6005,9927,7306,35209,1779,True,1,-0.395,22750,
2026-03-26T14:22:33.398,T1,20260326_142142,3551,1.0,0.0,-0.028,-68.0,-95.7,-27.6,98.38,108,2935,10625,9899,38770,1840,True,1,-1.028,22750,
2026-03-26T14:22:33.879,T1,20260326_142142,3552,1.0,0.0,0.361,-67.8,-96.2,-28.4,86.38,96,1581,8292,9418,32221,1665,True,1,-0.639,22750,
2026-03-26T14:22:34.388,T1,20260326_142142,3553,1.0,0.0,0.844,-67.7,-95.8,-28.1,90.26,92,1684,8304,8691,27535,1536,True,1,-0.156,22750,
2026-03-26T14:22:34.897,T1,20260326_142142,3554,1.0,0.0,-0.539,-67.8,-95.7,-27.9,96.72,92,6941,8898,5458,28730,1573,True,1,-1.539,22750,
2026-03-26T14:22:35.381,T1,20260326_142142,3555,1.0,0.0,-0.174,-68.7,-95.9,-27.3,100.29,84,3439,8424,7489,25097,1513,True,1,-1.174,22750,
2026-03-26T14:22:35.888,T1,20260326_142142,3556,1.0,0.0,0.638,-68.3,-95.5,-27.2,102.47,96,6065,9837,6373,29133,1612,True,1,-0.362,22750,
2026-03-26T14:22:36.398,T1,20260326_142142,3557,1.0,0.0,0.582,-69.6,-95.7,-26.1,105.6,112,4637,11827,9943,41852,2016,True,1,-0.418,22750,
2026-03-26T14:22:36.908,T1,20260326_142142,3558,1.0,0.0,-0.136,-68.2,-95.3,-27.1,112.55,100,6912,11255,7293,36774,1806,True,1,-1.136,22750,
2026-03-26T14:22:37.389,T1,20260326_142142,3559,1.0,0.0,0.919,-68.5,-95.3,-26.8,121.51,96,5762,11665,8385,37883,1847,True,1,-0.0809999999999999,22750,
2026-03-26T14:22:37.898,T1,20260326_142142,3560,1.0,0.0,-0.53,-68.7,-96.1,-27.4,105.86,80,2560,8469,8528,28311,1607,True,1,-1.53,22750,
2026-03-26T14:22:38.380,T1,20260326_142142,3561,1.0,0.0,0.83,-68.9,-95.7,-26.8,95.93,96,6904,9209,5962,27942,1610,True,1,-0.17,22750,
2026-03-26T14:22:38.889,T1,20260326_142142,3562,1.0,0.0,0.305,-69.2,-95.1,-25.9,123.06,80,4767,9845,7546,25252,1549,True,1,-0.6950000000000001,22750,
2026-03-26T14:22:39.398,T1,20260326_142142,3563,1.0,0.0,-0.478,-69.4,-95.6,-26.2,111.08,92,3960,10219,7814,28939,1666,True,1,-1.478,22750,
2026-03-26T14:22:39.908,T1,20260326_142142,3564,1.0,0.0,-0.422,-68.7,-95.1,-26.4,114.19,100,7032,11419,7460,35066,1794,True,1,-1.422,22750,
2026-03-26T14:22:40.388,T1,20260326_142142,3565,1.0,0.0,0.933,-69.2,-95.1,-25.9,127.27,92,7480,11709,7911,36828,1869,True,1,-0.0669999999999999,22750,
2026-03-26T14:22:40.898,T1,20260326_142142,3566,1.0,0.0,0.427,-70.0,-95.8,-25.8,118.68,100,4011,11868,10196,41315,2034,True,1,-0.573,22750,
2026-03-26T14:22:41.408,T1,20260326_142142,3567,1.0,0.0,0.258,-68.9,-95.9,-27.0,84.07,88,2748,7398,10227,29213,1645,True,1,-0.742,22750,
2026-03-26T14:22:41.887,T1,20260326_142142,3568,1.0,0.0,0.638,-68.8,-95.1,-26.3,114.21,92,5962,10507,7376,29724,1656,True,1,-0.362,22750,
2026-03-26T14:22:42.397,T1,20260326_142142,3569,1.0,0.0,-0.539,-67.5,-95.4,-27.9,105.73,88,5048,9304,7142,28371,1546,True,1,-1.539,22750,
2026-03-26T14:22:42.908,T1,20260326_142142,3570,1.0,0.0,0.371,-66.7,-96.0,-29.2,96.41,76,6241,7327,4781,24095,1388,True,1,-0.629,22750,
2026-03-26T14:22:43.387,T1,20260326_142142,3571,1.0,0.0,0.572,-68.6,-95.8,-27.2,93.06,112,4886,10423,8788,36696,1828,True,1,-0.428,22750,
2026-03-26T14:22:43.899,T1,20260326_142142,3572,1.0,0.0,0.07,-66.8,-95.8,-29.0,100.49,72,5336,7235,4698,20526,1282,True,1,-0.93,22750,
2026-03-26T14:22:44.409,T1,20260326_142142,3573,1.0,0.0,0.455,-67.3,-96.0,-28.7,118.68,60,3823,7121,5552,19376,1270,True,1,-0.5449999999999999,22750,
2026-03-26T14:22:44.917,T1,20260326_142142,3574,1.0,0.0,0.394,-66.7,-95.4,-28.7,105.9,68,4498,7201,4929,17599,1185,True,1,-0.606,22750,
2026-03-26T14:22:45.398,T1,20260326_142142,3575,1.0,0.0,0.91,-67.0,-96.0,-29.1,96.65,72,4379,6959,5480,20207,1281,True,1,-0.0899999999999999,22750,
2026-03-26T14:22:45.907,T1,20260326_142142,3576,1.0,0.0,-0.028,-67.2,-96.1,-28.8,84.62,76,2130,6431,6228,17376,1199,True,1,-1.028,22750,
2026-03-26T14:22:46.419,T1,20260326_142142,3577,1.0,0.0,-0.033,-67.2,-95.7,-28.5,102.96,68,2017,7001,6504,18112,1221,True,1,-1.033,22750,
2026-03-26T14:22:46.898,T1,20260326_142142,3578,1.0,0.0,0.141,-67.3,-95.7,-28.4,104.81,64,2022,6708,6296,16606,1174,True,1,-0.859,22750,
2026-03-26T14:22:47.408,T1,20260326_142142,3579,1.0,0.0,0.455,-67.6,-95.3,-27.8,87.86,88,4010,7732,5989,18851,1263,True,1,-0.5449999999999999,22750,
2026-03-26T14:22:47.891,T1,20260326_142142,3580,1.0,0.0,0.389,-67.4,-95.8,-28.4,89.76,80,1288,7181,7700,21629,1345,True,1,-0.611,22750,
2026-03-26T14:22:48.427,T1,20260326_142142,3581,1.0,0.0,0.098,-68.2,-96.0,-27.8,85.96,68,977,5845,7077,16246,1198,True,1,-0.902,22750,
2026-03-26T14:22:48.907,T1,20260326_142142,3582,1.0,0.0,-0.08,-65.7,-96.0,-30.3,79.16,76,4795,6016,4010,16886,1122,True,1,-1.08,22750,
2026-03-26T14:22:49.419,T1,20260326_142142,3583,1.0,0.0,-0.164,-66.5,-96.3,-29.8,80.79,80,979,6463,6629,19802,1248,True,1,-1.164,22750,
2026-03-26T14:22:49.898,T1,20260326_142142,3584,1.0,0.0,0.028,-66.6,-96.1,-29.5,89.82,72,2841,6467,5089,16441,1142,True,1,-0.972,22750,
2026-03-26T14:22:50.410,T1,20260326_142142,3585,1.0,0.0,-0.441,-66.6,-95.5,-28.9,78.49,80,2982,6279,5061,13880,1050,True,1,-1.441,22750,
2026-03-26T14:22:50.919,T1,20260326_142142,3586,1.0,0.0,0.685,-66.3,-95.7,-29.5,93.03,80,1484,7442,7438,22818,1328,True,1,-0.3149999999999999,22750,
2026-03-26T14:22:51.399,T1,20260326_142142,3587,1.0,0.0,0.539,-65.9,-95.4,-29.5,84.56,72,4075,6088,4008,13551,1011,True,1,-0.4609999999999999,22750,
2026-03-26T14:22:51.910,T1,20260326_142142,3588,1.0,0.0,0.089,-67.0,-95.2,-28.2,102.6,68,5503,6977,4141,16514,1159,True,1,-0.911,22750,
2026-03-26T14:22:52.418,T1,20260326_142142,3589,1.0,0.0,0.464,-66.6,-95.5,-28.9,96.78,76,2846,7355,6150,18722,1216,True,1,-0.536,22750,
2026-03-26T14:22:52.904,T1,20260326_142142,3590,1.0,0.0,0.08,-66.4,-96.0,-29.5,90.22,76,5195,6857,4625,20205,1258,True,1,-0.92,22750,
2026-03-26T14:22:53.410,T1,20260326_142142,3591,1.0,0.0,0.338,-66.7,-95.5,-28.8,89.69,84,3413,7534,5842,19235,1238,True,1,-0.6619999999999999,22750,
2026-03-26T14:22:53.918,T1,20260326_142142,3592,1.0,0.0,0.084,-66.3,-95.3,-29.0,98.77,64,4719,6321,4230,14590,1064,True,1,-0.916,22750,
2026-03-26T14:22:54.429,T1,20260326_142142,3593,1.0,0.0,0.427,-66.5,-96.0,-29.5,83.73,64,961,5359,5854,13461,1029,True,1,-0.573,22750,
2026-03-26T14:22:54.909,T1,20260326_142142,3594,1.0,0.0,0.136,-66.4,-95.8,-29.4,81.57,84,1061,6852,7037,19958,1249,True,1,-0.864,22750,
2026-03-26T14:22:55.427,T1,20260326_142142,3595,1.0,0.0,0.417,-66.2,-95.2,-29.0,105.68,60,4938,6341,3751,14144,1044,True,1,-0.583,22750,
2026-03-26T14:22:55.897,T1,20260326_142142,3596,1.0,0.0,0.6,-66.0,-95.2,-29.2,87.68,80,3649,7014,5391,16770,1130,True,1,-0.4,22750,
2026-03-26T14:22:56.406,T1,20260326_142142,3597,1.0,0.0,-0.192,-66.5,-95.7,-29.1,69.04,92,1509,6352,8007,20975,1286,True,1,-1.192,22750,
2026-03-26T14:22:56.920,T1,20260326_142142,3598,1.0,0.0,-0.31,-66.3,-95.9,-29.6,71.37,92,1407,6566,6748,18900,1210,True,1,-1.31,22750,
2026-03-26T14:22:57.428,T1,20260326_142142,3599,1.0,0.0,0.291,-66.6,-95.6,-29.0,88.42,72,2627,6366,5454,14874,1085,True,1,-0.7090000000000001,22750,
2026-03-26T14:22:57.908,T1,20260326_142142,3600,1.0,0.0,0.652,-66.5,-95.5,-29.1,104.99,68,3004,7139,5683,17687,1178,True,1,-0.348,22750,
2026-03-26T14:22:58.417,T1,20260326_142142,3601,1.0,0.0,0.732,-65.8,-95.3,-29.5,95.5,64,4799,6112,3608,13901,1022,True,1,-0.268,22750,
2026-03-26T14:22:58.926,T1,20260326_142142,3602,1.0,0.0,0.966,-65.9,-96.0,-30.1,94.78,68,5237,6445,4128,18887,1193,True,1,-0.034,22750,
2026-03-26T14:22:59.410,T1,20260326_142142,3603,1.0,0.0,-0.174,-66.3,-95.8,-29.5,88.42,76,4683,6720,4227,17422,1161,True,1,-1.174,22750,
2026-03-26T14:22:59.919,T1,20260326_142142,3604,1.0,0.0,0.46,-67.1,-95.3,-28.2,107.26,68,3314,7294,6062,17603,1200,True,1,-0.54,22750,
2026-03-26T14:23:00.429,T1,20260326_142142,3605,1.0,0.0,-0.127,-68.2,-94.9,-26.7,113.38,76,4404,8617,6408,19819,1323,True,1,-1.127,22750,
2026-03-26T14:23:00.937,T1,20260326_142142,3606,1.0,0.0,0.178,-65.4,-95.9,-30.6,72.6,80,2417,5808,5116,14864,1040,True,1,-0.8220000000000001,22750,
2026-03-26T14:23:01.419,T1,20260326_142142,3607,1.0,0.0,0.225,-66.8,-95.8,-28.9,99.92,76,4971,7594,5197,21536,1317,True,1,-0.775,22750,
2026-03-26T14:23:01.930,T1,20260326_142142,3608,1.0,0.0,0.399,-66.9,-95.6,-28.7,95.67,84,4783,8036,5237,21686,1322,True,1,-0.601,22750,
2026-03-26T14:23:02.408,T1,20260326_142142,3609,1.0,0.0,0.066,-78.3,-95.8,-17.5,96.19,88,7524,8465,5431,14194,1588,True,1,-0.934,22750,
2026-03-26T14:23:02.918,T1,20260326_142142,3610,1.0,0.0,0.582,-67.1,-95.4,-28.2,78.64,92,1888,7235,7008,18581,1236,True,1,-0.418,22750,
2026-03-26T14:23:03.429,T1,20260326_142142,3611,1.0,0.0,1.069,-68.1,-95.1,-27.0,108.29,80,3067,8663,7624,22274,1399,True,1,0.0689999999999999,22750,
2026-03-26T14:23:03.968,T1,20260326_142142,3612,1.0,0.0,0.614,-67.2,-95.1,-27.9,106.78,108,4636,11532,9600,40595,1833,True,1,-0.386,22750,
2026-03-26T14:23:04.420,T1,20260326_142142,3613,1.0,0.0,0.408,-67.8,-95.4,-27.7,92.33,84,3203,7756,7134,20686,1332,True,1,-0.5920000000000001,22750,
2026-03-26T14:23:04.926,T1,20260326_142142,3614,1.0,0.0,-0.31,-67.2,-95.3,-28.1,93.51,84,2415,7855,7112,20284,1295,True,1,-1.31,22750,
2026-03-26T14:23:05.438,T1,20260326_142142,3615,1.0,0.0,0.183,-67.9,-95.1,-27.2,106.66,92,4477,9813,7887,28144,1562,True,1,-0.817,22750,
2026-03-26T14:23:05.918,T1,20260326_142142,3616,1.0,0.0,0.113,-66.7,-95.8,-29.2,75.37,92,1751,6934,7444,21549,1310,True,1,-0.887,22750,
2026-03-26T14:23:06.427,T1,20260326_142142,3617,1.0,0.0,-0.267,-66.5,-95.5,-29.0,83.9,92,2290,7719,7501,22717,1336,True,1,-1.267,22750,
2026-03-26T14:23:06.938,T1,20260326_142142,3618,1.0,0.0,0.366,-67.3,-95.3,-28.0,86.38,88,1683,7601,7589,20195,1294,True,1,-0.634,22750,
2026-03-26T14:23:07.446,T1,20260326_142142,3619,1.0,0.0,0.174,-67.0,-95.8,-28.8,92.79,84,4344,7794,6779,24702,1417,True,1,-0.8260000000000001,22750,
2026-03-26T14:23:07.928,T1,20260326_142142,3620,1.0,0.0,-0.094,-67.0,-95.4,-28.4,91.47,104,3596,9513,7498,28500,1525,True,1,-1.094,22750,
2026-03-26T14:23:08.439,T1,20260326_142142,3621,1.0,0.0,0.009,-66.7,-95.8,-29.1,82.76,72,915,5959,7338,17992,1198,True,1,-0.991,22750,
2026-03-26T14:23:08.949,T1,20260326_142142,3622,1.0,0.0,0.098,-66.5,-95.3,-28.8,93.97,76,5480,7142,4815,18942,1219,True,1,-0.902,22750,
2026-03-26T14:23:09.427,T1,20260326_142142,3623,1.0,0.0,1.051,-66.3,-95.3,-29.0,94.85,72,2538,6829,6014,16497,1131,True,1,0.0509999999999999,22750,
2026-03-26T14:23:09.939,T1,20260326_142142,3624,1.0,0.0,0.638,-66.6,-95.1,-28.5,104.05,80,3823,8324,6824,22253,1326,True,1,-0.362,22750,
2026-03-26T14:23:10.475,T1,20260326_142142,3625,1.0,0.0,0.235,-67.1,-96.1,-29.0,81.22,92,1758,7472,8594,27665,1505,True,1,-0.765,22750,
2026-03-26T14:23:10.928,T1,20260326_142142,3626,1.0,0.0,0.727,-66.6,-95.1,-28.5,112.0,72,3821,8064,6513,21032,1292,True,1,-0.273,22750,
2026-03-26T14:23:11.437,T1,20260326_142142,3627,1.0,0.0,0.549,-66.9,-95.4,-28.5,108.51,68,1848,7379,7194,19808,1265,True,1,-0.4509999999999999,22750,
2026-03-26T14:23:11.946,T1,20260326_142142,3628,1.0,0.0,-0.488,-66.8,-95.3,-28.6,95.46,76,2420,7255,6687,18501,1217,True,1,-1.488,22750,
2026-03-26T14:23:12.427,T1,20260326_142142,3629,1.0,0.0,0.877,-66.6,-95.9,-29.3,92.53,88,3457,8143,7238,26969,1461,True,1,-0.123,22750,
2026-03-26T14:23:12.968,T1,20260326_142142,3630,1.0,0.0,0.549,-68.0,-95.9,-27.9,93.45,108,2291,10093,9958,38784,1837,True,1,-0.4509999999999999,22750,
2026-03-26T14:23:13.449,T1,20260326_142142,3631,1.0,0.0,-0.183,-67.9,-95.1,-27.3,90.54,84,1211,7605,8628,21142,1351,True,1,-1.183,22750,
2026-03-26T14:23:13.931,T1,20260326_142142,3632,1.0,0.0,-0.188,-66.4,-95.8,-29.4,81.21,76,1674,6172,6715,17593,1174,True,1,-1.188,22750,
2026-03-26T14:23:14.438,T1,20260326_142142,3633,1.0,0.0,0.568,-66.6,-95.6,-29.0,78.44,72,1244,5648,7117,16231,1134,True,1,-0.432,22750,
2026-03-26T14:23:14.948,T1,20260326_142142,3634,1.0,0.0,0.746,-66.9,-95.1,-28.2,98.84,88,3861,8698,7098,23801,1389,True,1,-0.254,22750,
2026-03-26T14:23:15.456,T1,20260326_142142,3635,1.0,0.0,0.385,-68.2,-95.3,-27.2,96.19,100,2318,9619,10399,33587,1721,True,1,-0.615,22750,
2026-03-26T14:23:15.968,T1,20260326_142142,3636,1.0,0.0,0.258,-67.5,-94.5,-27.0,113.12,76,6578,8597,5507,20753,1324,True,1,-0.742,22750,
2026-03-26T14:23:16.476,T1,20260326_142142,3637,1.0,0.0,-0.38,-67.5,-95.0,-27.5,94.47,92,5278,8691,6373,22508,1377,True,1,-1.38,22750,
2026-03-26T14:23:16.957,T1,20260326_142142,3638,1.0,0.0,0.591,-67.1,-96.1,-28.9,83.29,84,1638,6996,7404,22013,1344,True,1,-0.409,22750,
2026-03-26T14:23:17.435,T1,20260326_142142,3639,1.0,0.0,0.413,-67.4,-95.2,-27.8,96.73,100,8415,9673,6142,33338,1670,True,1,-0.587,22750,
2026-03-26T14:23:17.946,T1,20260326_142142,3640,1.0,0.0,0.877,-68.2,-95.3,-27.1,102.65,84,1303,8623,9581,27182,1552,True,1,-0.123,22750,
2026-03-26T14:23:18.457,T1,20260326_142142,3641,1.0,0.0,0.427,-68.1,-95.6,-27.5,87.49,92,4163,8049,7175,23041,1423,True,1,-0.573,22750,
2026-03-26T14:23:18.939,T1,20260326_142142,3642,1.0,0.0,0.854,-68.2,-94.6,-26.4,109.41,88,6897,9628,5985,24240,1463,True,1,-0.146,22750,
2026-03-26T14:23:19.448,T1,20260326_142142,3643,1.0,0.0,-0.455,-68.2,-94.8,-26.6,108.26,76,2964,8228,7231,18470,1280,True,1,-1.455,22750,
2026-03-26T14:23:19.957,T1,20260326_142142,3644,1.0,0.0,0.446,-67.0,-95.0,-28.0,96.01,84,3369,8065,6475,19375,1256,True,1,-0.554,22750,
2026-03-26T14:23:20.436,T1,20260326_142142,3645,1.0,0.0,0.633,-69.0,-95.1,-26.1,117.3,80,3864,9384,8280,25062,1531,True,1,-0.367,22750,
2026-03-26T14:23:20.946,T1,20260326_142142,3646,1.0,0.0,0.882,-67.7,-95.0,-27.3,100.32,68,1993,6822,6423,14221,1104,True,1,-0.118,22750,
2026-03-26T14:23:21.455,T1,20260326_142142,3647,1.0,0.0,-0.103,-66.2,-95.4,-29.2,75.12,92,4480,6911,5551,18705,1202,True,1,-1.103,22750,
2026-03-26T14:23:21.939,T1,20260326_142142,3648,1.0,0.0,0.671,-66.2,-95.6,-29.4,89.27,88,6434,7856,5523,26332,1424,True,1,-0.3289999999999999,22750,
2026-03-26T14:23:22.445,T1,20260326_142142,3649,1.0,0.0,0.46,-67.0,-95.3,-28.3,107.67,76,4290,8183,6797,23004,1369,True,1,-0.54,22750,
2026-03-26T14:23:22.957,T1,20260326_142142,3650,1.0,0.0,0.31,-66.8,-94.8,-27.9,112.06,80,4672,8965,7200,24013,1390,True,1,-0.69,22750,
2026-03-26T14:23:23.499,T1,20260326_142142,3651,1.0,0.0,0.183,-66.6,-94.7,-28.2,100.05,84,3676,8404,6934,20921,1285,True,1,-0.817,22750,
2026-03-26T14:23:23.947,T1,20260326_142142,3652,1.0,0.0,1.107,-67.3,-95.1,-27.7,89.79,84,3005,7542,6760,18001,1225,True,1,0.1069999999999999,22750,
2026-03-26T14:23:24.458,T1,20260326_142142,3653,1.0,0.0,0.019,-66.6,-95.0,-28.4,112.54,72,2766,8103,7305,21286,1297,True,1,-0.981,22750,
2026-03-26T14:23:25.001,T1,20260326_142142,3654,1.0,0.0,0.844,-65.8,-95.5,-29.7,78.58,84,1187,6601,7752,20990,1256,True,1,-0.156,22750,
2026-03-26T14:23:25.449,T1,20260326_142142,3655,1.0,0.0,0.159,-66.7,-95.2,-28.5,92.48,100,5466,9248,7053,28879,1519,True,1,-0.841,22750,
2026-03-26T14:23:25.956,T1,20260326_142142,3656,1.0,0.0,0.239,-67.6,-95.2,-27.6,91.77,88,1892,8076,8199,22066,1368,True,1,-0.761,22750,
2026-03-26T14:23:26.468,T1,20260326_142142,3657,1.0,0.0,0.117,-67.1,-95.3,-28.2,94.55,100,8900,9455,5958,35357,1705,True,1,-0.883,22750,
2026-03-26T14:23:26.946,T1,20260326_142142,3658,1.0,0.0,-0.535,-67.6,-94.9,-27.3,118.97,92,6963,10945,7266,33794,1693,True,1,-1.535,22750,
2026-03-26T14:23:27.456,T1,20260326_142142,3659,1.0,0.0,0.614,-67.5,-95.6,-28.1,105.68,80,2622,8454,9006,29114,1567,True,1,-0.386,22750,
2026-03-26T14:23:27.968,T1,20260326_142142,3660,1.0,0.0,0.038,-68.0,-95.4,-27.4,92.38,100,5054,9238,7963,29161,1592,True,1,-0.962,22750,
2026-03-26T14:23:28.476,T1,20260326_142142,3661,1.0,0.0,0.169,-67.6,-94.9,-27.3,104.4,108,4991,11275,9056,35732,1739,True,1,-0.831,22750,
2026-03-26T14:23:28.986,T1,20260326_142142,3662,1.0,0.0,-0.066,-67.5,-94.6,-27.1,114.4,100,7867,11440,7602,35705,1735,True,1,-1.066,22750,
2026-03-26T14:23:29.467,T1,20260326_142142,3663,1.0,0.0,-0.31,-68.1,-94.9,-26.8,116.29,84,3695,9768,8351,26136,1515,True,1,-1.31,22750,
2026-03-26T14:23:29.948,T1,20260326_142142,3664,1.0,0.0,0.352,-67.3,-94.7,-27.4,107.31,112,5787,12019,9244,39580,1815,True,1,-0.648,22750,
2026-03-26T14:23:30.460,T1,20260326_142142,3665,1.0,0.0,0.267,-67.5,-94.8,-27.3,104.5,96,6387,10032,6695,27920,1533,True,1,-0.733,22750,
2026-03-26T14:23:30.966,T1,20260326_142142,3666,1.0,0.0,0.145,-67.6,-94.5,-26.9,130.84,80,7983,10467,6442,30207,1601,True,1,-0.855,22750,
2026-03-26T14:23:31.477,T1,20260326_142142,3667,1.0,0.0,-0.281,-68.2,-95.7,-27.5,100.82,96,2198,9679,10108,35591,1772,True,1,-1.281,22750,
2026-03-26T14:23:31.957,T1,20260326_142142,3668,1.0,0.0,0.76,-69.6,-94.8,-25.2,120.63,108,6567,13028,9884,40150,1979,True,1,-0.24,22750,
2026-03-26T14:23:32.495,T1,20260326_142142,3669,1.0,0.0,0.46,-68.2,-95.4,-27.1,99.55,96,4479,9557,8519,30090,1633,True,1,-0.54,22750,
2026-03-26T14:23:32.976,T1,20260326_142142,3670,1.0,0.0,-0.155,-67.5,-95.0,-27.5,106.73,96,2762,10246,9480,32129,1644,True,1,-1.155,22750,
2026-03-26T14:23:33.459,T1,20260326_142142,3671,1.0,0.0,0.244,-67.9,-95.6,-27.7,99.06,100,1972,9906,11398,41125,1889,True,1,-0.756,22750,
2026-03-26T14:23:33.968,T1,20260326_142142,3672,1.0,0.0,0.572,-67.5,-95.5,-28.0,94.8,88,1921,8342,10116,31196,1621,True,1,-0.428,22750,
2026-03-26T14:23:34.476,T1,20260326_142142,3673,1.0,0.0,0.868,-67.6,-95.3,-27.7,87.14,100,1938,8714,10277,31135,1623,True,1,-0.132,22750,
2026-03-26T14:23:34.957,T1,20260326_142142,3674,1.0,0.0,0.521,-68.3,-94.7,-26.3,98.06,100,7752,9806,6585,27532,1567,True,1,-0.479,22750,
2026-03-26T14:23:35.467,T1,20260326_142142,3675,1.0,0.0,1.008,-67.6,-94.5,-26.9,104.77,92,6189,9639,6657,24552,1444,True,1,0.008,22750,
2026-03-26T14:23:35.979,T1,20260326_142142,3676,1.0,0.0,-0.174,-69.5,-95.4,-25.9,101.92,120,3498,12230,11023,42920,2039,True,1,-1.174,22750,
2026-03-26T14:23:36.458,T1,20260326_142142,3677,1.0,0.0,1.159,-67.5,-94.5,-26.9,120.26,88,7098,10583,6807,29096,1567,True,1,0.159,22750,
2026-03-26T14:23:36.966,T1,20260326_142142,3678,1.0,0.0,0.178,-67.5,-95.2,-27.7,82.69,104,3345,8600,8130,25107,1454,True,1,-0.8220000000000001,22750,
2026-03-26T14:23:37.477,T1,20260326_142142,3679,1.0,0.0,0.652,-68.9,-94.4,-25.5,128.17,76,5875,9741,7003,22106,1432,True,1,-0.348,22750,
2026-03-26T14:23:37.987,T1,20260326_142142,3680,1.0,0.0,0.31,-67.4,-94.6,-27.1,103.39,104,3648,10753,9357,31023,1612,True,1,-0.69,22750,
2026-03-26T14:23:38.467,T1,20260326_142142,3681,1.0,0.0,0.432,-67.7,-95.3,-27.6,76.1,96,1474,7306,9037,22730,1393,True,1,-0.5680000000000001,22750,
2026-03-26T14:23:38.980,T1,20260326_142142,3682,1.0,0.0,0.629,-67.2,-95.1,-27.9,106.22,92,4224,9772,7492,28131,1523,True,1,-0.371,22750,
2026-03-26T14:23:39.489,T1,20260326_142142,3683,1.0,0.0,-0.361,-67.6,-94.4,-26.8,99.39,92,5665,9144,6696,21775,1360,True,1,-1.361,22750,
2026-03-26T14:23:39.966,T1,20260326_142142,3684,1.0,0.0,0.15,-66.9,-95.1,-28.2,104.56,72,1440,7528,7950,20531,1290,True,1,-0.85,22750,
2026-03-26T14:23:40.482,T1,20260326_142142,3685,1.0,0.0,0.915,-66.1,-95.3,-29.2,86.25,64,1068,5520,6817,14626,1058,True,1,-0.0849999999999999,22750,
2026-03-26T14:23:40.986,T1,20260326_142142,3686,1.0,0.0,0.868,-67.7,-95.0,-27.3,99.35,72,1412,7153,9091,21051,1341,True,1,-0.132,22750,
2026-03-26T14:23:41.468,T1,20260326_142142,3687,1.0,0.0,0.835,-67.8,-94.3,-26.6,102.68,92,5389,9447,6920,22066,1376,True,1,-0.165,22750,
2026-03-26T14:23:41.978,T1,20260326_142142,3688,1.0,0.0,-0.23,-67.1,-94.6,-27.5,101.62,84,4500,8536,6303,19708,1271,True,1,-1.23,22750,
2026-03-26T14:23:42.485,T1,20260326_142142,3689,1.0,0.0,0.577,-67.8,-94.4,-26.6,116.58,72,5835,8394,5395,17850,1240,True,1,-0.423,22750,
2026-03-26T14:23:42.966,T1,20260326_142142,3690,1.0,0.0,0.713,-67.7,-95.2,-27.5,96.81,80,8686,7745,4446,25210,1469,True,1,-0.287,22750,
2026-03-26T14:23:43.474,T1,20260326_142142,3691,1.0,0.0,0.422,-67.5,-95.3,-27.8,102.19,68,1735,6949,7536,18385,1246,True,1,-0.5780000000000001,22750,
2026-03-26T14:23:43.958,T1,20260326_142142,3692,1.0,0.0,0.441,-67.6,-94.8,-27.2,97.33,84,3012,8176,7277,19376,1282,True,1,-0.5589999999999999,22750,
2026-03-26T14:23:44.468,T1,20260326_142142,3693,1.0,0.0,-0.295,-67.9,-95.2,-27.4,103.22,72,2385,7432,7378,18665,1270,True,1,-1.295,22750,
2026-03-26T14:23:44.978,T1,20260326_142142,3694,1.0,0.0,0.741,-67.3,-95.5,-28.2,95.19,88,1400,8377,9061,27497,1509,True,1,-0.259,22750,
2026-03-26T14:23:45.519,T1,20260326_142142,3695,1.0,0.0,0.783,-66.8,-94.7,-27.9,103.16,92,4541,9491,7887,26720,1466,True,1,-0.2169999999999999,22750,
2026-03-26T14:23:45.967,T1,20260326_142142,3696,1.0,0.0,0.746,-67.5,-95.0,-27.5,113.88,64,1513,7288,7825,18490,1250,True,1,-0.254,22750,
2026-03-26T14:23:46.476,T1,20260326_142142,3697,1.0,0.0,0.718,-67.0,-95.8,-28.8,71.33,108,1813,7704,8362,25893,1453,True,1,-0.282,22750,
2026-03-26T14:23:46.986,T1,20260326_142142,3698,1.0,0.0,0.722,-68.0,-94.7,-26.7,116.19,84,7131,9760,6343,26661,1526,True,1,-0.278,22750,
2026-03-26T14:23:47.496,T1,20260326_142142,3699,1.0,0.0,-0.061,-67.6,-94.4,-26.8,141.7,84,6799,11903,8247,34904,1722,True,1,-1.061,22750,
2026-03-26T14:23:47.979,T1,20260326_142142,3700,1.0,0.0,0.005,-68.0,-94.9,-26.9,102.81,80,1525,8225,9745,24781,1471,True,1,-0.995,22750,
2026-03-26T14:23:48.487,T1,20260326_142142,3701,1.0,0.0,0.572,-68.6,-94.7,-26.1,97.39,88,2037,8570,8706,20972,1379,True,1,-0.428,22750,
2026-03-26T14:23:48.997,T1,20260326_142142,3702,1.0,0.0,-0.066,-67.9,-94.5,-26.6,111.06,112,7697,12439,8134,38449,1827,True,1,-1.066,22750,
2026-03-26T14:23:49.509,T1,20260326_142142,3703,1.0,0.0,0.371,-68.6,-94.5,-25.9,135.23,92,6329,12441,8949,35413,1794,True,1,-0.629,22750,
2026-03-26T14:23:50.014,T1,20260326_142142,3704,1.0,0.0,0.455,-68.1,-95.1,-27.0,98.2,88,2494,8642,11365,32483,1690,True,1,-0.5449999999999999,22750,
2026-03-26T14:23:50.497,T1,20260326_142142,3705,1.0,0.0,0.07,-68.2,-94.8,-26.6,114.67,92,6867,10550,7854,31614,1671,True,1,-0.93,22750,
2026-03-26T14:23:50.978,T1,20260326_142142,3706,1.0,0.0,0.45,-68.3,-94.5,-26.2,117.94,104,4652,12266,10694,38279,1845,True,1,-0.55,22750,
2026-03-26T14:23:51.485,T1,20260326_142142,3707,1.0,0.0,0.239,-69.0,-94.3,-25.3,117.12,92,6509,10775,7667,26424,1571,True,1,-0.761,22750,
2026-03-26T14:23:51.995,T1,20260326_142142,3708,1.0,0.0,0.863,-68.7,-94.1,-25.4,98.47,124,10183,12210,7534,36553,1829,True,1,-0.137,22750,
2026-03-26T14:23:52.474,T1,20260326_142142,3709,1.0,0.0,0.202,-69.7,-94.7,-24.9,119.99,108,8769,12959,9164,41055,2008,True,1,-0.798,22750,
2026-03-26T14:23:52.987,T1,20260326_142142,3710,1.0,0.0,0.868,-67.4,-95.5,-28.1,80.53,88,2257,7087,9510,25928,1472,True,1,-0.132,22750,
2026-03-26T14:23:53.496,T1,20260326_142142,3711,1.0,0.0,-0.136,-67.3,-95.3,-27.9,104.45,84,3841,8774,7256,24505,1428,True,1,-1.136,22750,
2026-03-26T14:23:53.979,T1,20260326_142142,3712,1.0,0.0,-0.263,-67.9,-94.5,-26.6,115.71,68,3064,7868,6897,16183,1185,True,1,-1.263,22750,
2026-03-26T14:23:54.518,T1,20260326_142142,3713,1.0,0.0,0.647,-67.9,-95.1,-27.2,118.88,76,3270,9035,7235,22639,1399,True,1,-0.353,22750,
2026-03-26T14:23:54.999,T1,20260326_142142,3714,1.0,0.0,0.619,-68.1,-95.2,-27.1,93.41,76,2303,7099,7254,17167,1227,True,1,-0.381,22750,
2026-03-26T14:23:55.478,T1,20260326_142142,3715,1.0,0.0,-0.244,-67.7,-94.9,-27.2,85.49,124,4325,10601,8351,30324,1609,True,1,-1.244,22750,
2026-03-26T14:23:56.017,T1,20260326_142142,3716,1.0,0.0,0.263,-68.0,-95.2,-27.3,81.23,108,1923,8773,11123,32969,1694,True,1,-0.737,22750,
2026-03-26T14:23:56.497,T1,20260326_142142,3717,1.0,0.0,1.229,-67.1,-95.4,-28.2,96.55,84,1609,8110,9283,27202,1494,True,1,0.2290000000000001,22750,
2026-03-26T14:23:56.977,T1,20260326_142142,3718,1.0,0.0,0.765,-67.6,-94.7,-27.1,117.58,108,5031,12699,10142,42444,1899,True,1,-0.235,22750,
2026-03-26T14:23:57.487,T1,20260326_142142,3719,1.0,0.0,0.661,-66.7,-95.1,-28.4,100.1,88,5914,8809,6910,27263,1473,True,1,-0.3389999999999999,22750,
2026-03-26T14:23:57.997,T1,20260326_142142,3720,1.0,0.0,0.136,-67.4,-95.2,-27.7,74.1,124,2566,9188,12096,39207,1814,True,1,-0.864,22750,
2026-03-26T14:23:58.508,T1,20260326_142142,3721,1.0,0.0,-0.047,-67.9,-94.3,-26.3,122.03,104,6872,12691,9016,37347,1800,True,1,-1.047,22750,
2026-03-26T14:23:58.985,T1,20260326_142142,3722,1.0,0.0,-0.019,-67.6,-94.8,-27.2,100.46,124,3926,12457,11200,43923,1927,True,1,-1.019,22750,
2026-03-26T14:23:59.498,T1,20260326_142142,3723,1.0,0.0,-0.159,-67.3,-94.4,-27.2,118.11,88,6562,10394,6697,27628,1513,True,1,-1.159,22750,
2026-03-26T14:24:00.011,T1,20260326_142142,3724,1.0,0.0,0.966,-67.4,-94.4,-27.0,121.18,96,6843,11633,8155,34223,1691,True,1,-0.034,22750,
2026-03-26T14:24:00.485,T1,20260326_142142,3725,1.0,0.0,-0.136,-67.6,-95.0,-27.5,106.76,100,2997,10676,8916,32028,1647,True,1,-1.136,22750,
2026-03-26T14:24:00.998,T1,20260326_142142,3726,1.0,0.0,0.056,-67.7,-94.9,-27.2,91.27,92,5355,8397,6802,22257,1381,True,1,-0.944,22750,
2026-03-26T14:24:01.507,T1,20260326_142142,3727,1.0,0.0,0.328,-67.4,-94.5,-27.1,119.43,96,4414,11465,9453,33640,1677,True,1,-0.6719999999999999,22750,
2026-03-26T14:24:01.985,T1,20260326_142142,3728,1.0,0.0,0.075,-67.9,-94.0,-26.1,108.79,112,9657,12185,7671,36796,1788,True,1,-0.925,22750,
2026-03-26T14:24:02.494,T1,20260326_142142,3729,1.0,0.0,0.352,-67.8,-94.8,-27.0,101.85,84,4374,8555,7025,20825,1339,True,1,-0.648,22750,
2026-03-26T14:24:03.005,T1,20260326_142142,3730,1.0,0.0,0.432,-67.7,-95.3,-27.7,77.82,84,2629,6537,9582,23829,1425,True,1,-0.5680000000000001,22750,
2026-03-26T14:24:03.486,T1,20260326_142142,3731,1.0,0.0,0.258,-68.3,-94.2,-25.9,107.49,96,6448,10319,7061,24368,1471,True,1,-0.742,22750,
2026-03-26T14:24:03.996,T1,20260326_142142,3732,1.0,0.0,-0.277,-68.1,-95.1,-27.0,90.15,88,3023,7933,7654,20173,1329,True,1,-1.277,22750,
2026-03-26T14:24:04.511,T1,20260326_142142,3733,1.0,0.0,0.422,-68.1,-94.4,-26.3,115.8,88,6924,10190,6681,25679,1501,True,1,-0.5780000000000001,22750,
2026-03-26T14:24:05.015,T1,20260326_142142,3734,1.0,0.0,0.333,-67.5,-94.5,-27.1,100.35,112,3276,11239,10347,34605,1706,True,1,-0.667,22750,
2026-03-26T14:24:05.495,T1,20260326_142142,3735,1.0,0.0,0.324,-68.1,-94.6,-26.5,93.33,96,4211,8960,7579,21303,1366,True,1,-0.6759999999999999,22750,
2026-03-26T14:24:06.005,T1,20260326_142142,3736,1.0,0.0,0.957,-67.7,-94.7,-27.1,92.65,96,4541,8894,6850,21375,1349,True,1,-0.043,22750,
2026-03-26T14:24:06.516,T1,20260326_142142,3737,1.0,0.0,0.159,-67.9,-95.3,-27.4,85.26,92,2387,7844,8314,22502,1395,True,1,-0.841,22750,
2026-03-26T14:24:06.997,T1,20260326_142142,3738,1.0,0.0,0.446,-67.9,-94.5,-26.6,100.73,96,7518,9670,5676,24867,1470,True,1,-0.554,22750,
2026-03-26T14:24:07.506,T1,20260326_142142,3739,1.0,0.0,0.225,-67.8,-94.2,-26.5,123.61,96,8096,11867,8032,35073,1735,True,1,-0.775,22750,
2026-03-26T14:24:08.017,T1,20260326_142142,3740,1.0,0.0,0.727,-67.4,-95.3,-27.9,88.35,92,2218,8128,8132,23301,1396,True,1,-0.273,22750,
2026-03-26T14:24:08.497,T1,20260326_142142,3741,1.0,0.0,0.427,-67.8,-94.6,-26.9,100.81,96,1824,9678,10308,28946,1577,True,1,-0.573,22750,
2026-03-26T14:24:09.006,T1,20260326_142142,3742,1.0,0.0,0.507,-68.1,-93.9,-25.8,114.91,92,6158,10572,7515,24095,1456,True,1,-0.493,22750,
2026-03-26T14:24:09.518,T1,20260326_142142,3743,1.0,0.0,0.708,-67.7,-94.1,-26.4,136.74,84,8605,11486,7484,32878,1673,True,1,-0.292,22750,
2026-03-26T14:24:10.027,T1,20260326_142142,3744,1.0,0.0,0.488,-68.0,-95.0,-27.1,98.01,84,3325,8233,7744,21390,1364,True,1,-0.512,22750,
2026-03-26T14:24:10.535,T1,20260326_142142,3745,1.0,0.0,0.877,-67.5,-94.8,-27.3,88.37,92,2700,8130,8658,22301,1373,True,1,-0.123,22750,
2026-03-26T14:24:11.017,T1,20260326_142142,3746,1.0,0.0,-0.272,-68.1,-94.0,-26.0,106.52,104,4979,11078,9147,28167,1570,True,1,-1.272,22750,
2026-03-26T14:24:11.527,T1,20260326_142142,3747,1.0,0.0,0.432,-67.6,-94.5,-26.9,118.88,84,5817,9986,6594,24696,1445,True,1,-0.5680000000000001,22750,
2026-03-26T14:24:12.037,T1,20260326_142142,3748,1.0,0.0,1.027,-67.5,-94.0,-26.4,129.12,84,8990,10846,6495,29721,1585,True,1,0.0269999999999999,22750,
2026-03-26T14:24:12.514,T1,20260326_142142,3749,1.0,0.0,0.83,-67.8,-94.2,-26.5,96.77,100,6222,9677,6850,23295,1415,True,1,-0.17,22750,
2026-03-26T14:24:12.999,T1,20260326_142142,3750,1.0,0.0,0.577,-67.6,-95.0,-27.5,88.62,92,2592,8153,8158,22126,1368,True,1,-0.423,22750,
2026-03-26T14:24:13.505,T1,20260326_142142,3751,1.0,0.0,0.235,-67.5,-94.7,-27.2,84.12,100,6569,8412,6221,22626,1381,True,1,-0.765,22750,
2026-03-26T14:24:14.016,T1,20260326_142142,3752,1.0,0.0,-0.338,-67.4,-94.4,-27.0,116.09,80,8589,9287,5851,27024,1504,True,1,-1.338,22750,
2026-03-26T14:24:14.525,T1,20260326_142142,3753,1.0,0.0,-0.056,-67.1,-93.9,-26.8,122.07,96,6192,11719,8637,31544,1607,True,1,-1.056,22750,
2026-03-26T14:24:15.009,T1,20260326_142142,3754,1.0,0.0,0.446,-67.2,-94.2,-27.1,114.62,92,6183,10545,6781,26455,1476,True,1,-0.554,22750,
2026-03-26T14:24:15.515,T1,20260326_142142,3755,1.0,0.0,-0.052,-67.4,-93.7,-26.3,114.69,104,9155,11928,7453,33350,1669,True,1,-1.052,22750,
2026-03-26T14:24:16.028,T1,20260326_142142,3756,1.0,0.0,0.183,-67.7,-93.8,-26.1,105.05,116,7902,12186,8452,33125,1684,True,1,-0.817,22750,
2026-03-26T14:24:16.535,T1,20260326_142142,3757,1.0,0.0,0.722,-67.8,-94.9,-27.2,94.17,84,2078,7910,9148,22930,1403,True,1,-0.278,22750,
2026-03-26T14:24:17.017,T1,20260326_142142,3758,1.0,0.0,-0.295,-67.2,-94.6,-27.4,103.88,108,3632,11219,9858,34456,1686,True,1,-1.295,22750,
2026-03-26T14:24:17.525,T1,20260326_142142,3759,1.0,0.0,0.174,-67.5,-94.4,-26.9,114.21,108,4862,12335,10585,39170,1816,True,1,-0.8260000000000001,22750,
2026-03-26T14:24:18.006,T1,20260326_142142,3760,1.0,0.0,0.216,-67.7,-94.4,-26.7,108.49,88,5909,9547,6687,23155,1404,True,1,-0.784,22750,
2026-03-26T14:24:18.518,T1,20260326_142142,3761,1.0,0.0,0.31,-67.5,-94.7,-27.1,100.66,88,4372,8858,7168,21653,1352,True,1,-0.69,22750,
2026-03-26T14:24:19.056,T1,20260326_142142,3762,1.0,0.0,0.131,-68.0,-94.5,-26.5,102.38,80,2301,8190,8380,19283,1298,True,1,-0.869,22750,
2026-03-26T14:24:19.505,T1,20260326_142142,3763,1.0,0.0,0.488,-67.3,-94.2,-26.8,113.35,92,3884,10428,8627,26020,1472,True,1,-0.512,22750,
2026-03-26T14:24:20.015,T1,20260326_142142,3764,1.0,0.0,1.032,-67.2,-94.4,-27.1,109.56,80,7538,8765,5661,23006,1379,True,1,0.032,22750,
2026-03-26T14:24:20.526,T1,20260326_142142,3765,1.0,0.0,0.647,-67.3,-94.1,-26.9,127.24,88,4930,11197,8909,29881,1573,True,1,-0.353,22750,
2026-03-26T14:24:21.036,T1,20260326_142142,3766,1.0,0.0,0.174,-67.5,-94.1,-26.6,107.97,112,5237,12093,10247,35668,1736,True,1,-0.8260000000000001,22750,
2026-03-26T14:24:21.516,T1,20260326_142142,3767,1.0,0.0,0.3,-67.8,-94.7,-26.9,90.69,88,2671,7981,8214,19761,1304,True,1,-0.7,22750,
2026-03-26T14:24:22.028,T1,20260326_142142,3768,1.0,0.0,0.802,-67.5,-94.3,-26.8,102.48,96,5034,9838,7012,23058,1392,True,1,-0.1979999999999999,22750,
2026-03-26T14:24:22.535,T1,20260326_142142,3769,1.0,0.0,0.277,-68.5,-94.7,-26.2,86.01,92,1719,7913,10096,22913,1438,True,1,-0.723,22750,
2026-03-26T14:24:23.017,T1,20260326_142142,3770,1.0,0.0,0.432,-67.6,-94.5,-26.9,102.17,96,2398,9808,12009,34634,1715,True,1,-0.5680000000000001,22750,
2026-03-26T14:24:23.528,T1,20260326_142142,3771,1.0,0.0,0.422,-67.6,-94.7,-27.1,93.95,92,3797,8643,7889,22223,1372,True,1,-0.5780000000000001,22750,
2026-03-26T14:24:24.035,T1,20260326_142142,3772,1.0,0.0,0.6,-67.6,-94.3,-26.6,115.74,92,2848,10648,10484,30444,1608,True,1,-0.4,22750,
2026-03-26T14:24:24.514,T1,20260326_142142,3773,1.0,0.0,0.352,-67.6,-94.0,-26.4,102.46,116,3998,11885,10778,34133,1703,True,1,-0.648,22750,
2026-03-26T14:24:25.027,T1,20260326_142142,3774,1.0,0.0,0.113,-67.7,-94.2,-26.5,101.71,92,7965,9357,6356,24506,1447,True,1,-0.887,22750,
2026-03-26T14:24:25.536,T1,20260326_142142,3775,1.0,0.0,0.281,-68.1,-94.4,-26.2,82.88,112,1926,9283,10762,26857,1537,True,1,-0.719,22750,
2026-03-26T14:24:26.014,T1,20260326_142142,3776,1.0,0.0,0.882,-68.1,-94.7,-26.6,94.39,92,2694,8684,11855,31537,1664,True,1,-0.118,22750,
2026-03-26T14:24:26.526,T1,20260326_142142,3777,1.0,0.0,1.06,-67.7,-94.7,-27.0,90.09,96,3841,8649,7967,22292,1381,True,1,0.06,22750,
2026-03-26T14:24:27.035,T1,20260326_142142,3778,1.0,0.0,0.277,-68.1,-93.8,-25.7,123.59,92,7815,11370,7262,28060,1568,True,1,-0.723,22750,
2026-03-26T14:24:27.514,T1,20260326_142142,3779,1.0,0.0,0.45,-67.6,-94.0,-26.4,116.24,96,4634,11159,9456,29370,1579,True,1,-0.55,22750,
2026-03-26T14:24:28.027,T1,20260326_142142,3780,1.0,0.0,0.539,-68.2,-93.7,-25.5,120.56,96,8176,11574,7464,28716,1594,True,1,-0.4609999999999999,22750,
2026-03-26T14:24:28.536,T1,20260326_142142,3781,1.0,0.0,0.197,-67.7,-94.1,-26.5,127.67,96,3950,12256,11642,38384,1808,True,1,-0.8029999999999999,22750,
2026-03-26T14:24:29.016,T1,20260326_142142,3782,1.0,0.0,0.338,-68.6,-94.0,-25.3,115.52,88,4501,10166,8694,22867,1443,True,1,-0.6619999999999999,22750,
2026-03-26T14:24:29.527,T1,20260326_142142,3783,1.0,0.0,0.45,-67.4,-94.0,-26.6,119.45,112,5065,13378,11660,42823,1891,True,1,-0.55,22750,
2026-03-26T14:24:30.036,T1,20260326_142142,3784,1.0,0.0,-0.07,-67.8,-93.8,-26.1,98.84,100,5200,9884,7861,22099,1378,True,1,-1.07,22750,
2026-03-26T14:24:30.518,T1,20260326_142142,3785,1.0,0.0,1.159,-69.5,-94.6,-25.2,116.11,100,2618,11611,13554,41043,1989,True,1,0.159,22750,
2026-03-26T14:24:31.025,T1,20260326_142142,3786,1.0,0.0,0.905,-68.2,-94.8,-26.6,105.15,100,4913,10515,9742,32811,1703,True,1,-0.0949999999999999,22750,
2026-03-26T14:24:31.536,T1,20260326_142142,3787,1.0,0.0,0.295,-69.6,-94.8,-25.2,97.9,128,2663,12531,12380,41088,2002,True,1,-0.7050000000000001,22750,
2026-03-26T14:24:32.077,T1,20260326_142142,3788,1.0,0.0,0.732,-68.6,-94.0,-25.4,136.27,92,4105,12537,11451,35522,1794,True,1,-0.268,22750,
2026-03-26T14:24:32.523,T1,20260326_142142,3789,1.0,0.0,0.779,-69.9,-93.6,-23.7,137.06,108,9626,14802,9949,39832,1989,True,1,-0.2209999999999999,22750,
2026-03-26T14:24:33.036,T1,20260326_142142,3790,1.0,0.0,-0.052,-68.1,-93.6,-25.5,117.24,92,8340,10786,6785,25469,1494,True,1,-1.052,22750,
2026-03-26T14:24:33.545,T1,20260326_142142,3791,1.0,0.0,0.089,-67.2,-93.9,-26.6,124.32,76,6138,9448,6594,21038,1318,True,1,-0.911,22750,
2026-03-26T14:24:34.055,T1,20260326_142142,3792,1.0,0.0,-0.277,-66.0,-93.7,-27.7,117.15,72,4336,8435,7096,18266,1179,True,1,-1.277,22750,
2026-03-26T14:24:34.536,T1,20260326_142142,3793,1.0,0.0,0.295,-67.7,-94.0,-26.4,101.02,104,9542,10506,6343,30157,1603,True,1,-0.7050000000000001,22750,
2026-03-26T14:24:35.077,T1,20260326_142142,3794,1.0,0.0,0.258,-66.6,-94.6,-28.0,96.59,76,2797,7341,8028,19122,1229,True,1,-0.742,22750,
2026-03-26T14:24:35.528,T1,20260326_142142,3795,1.0,0.0,0.033,-66.7,-93.5,-26.8,120.85,96,5420,11602,9680,30635,1565,True,1,-0.967,22750,
2026-03-26T14:24:36.065,T1,20260326_142142,3796,1.0,0.0,0.886,-67.6,-94.0,-26.5,113.95,76,2702,8660,8305,19024,1270,True,1,-0.1139999999999999,22750,
2026-03-26T14:24:36.546,T1,20260326_142142,3797,1.0,0.0,0.319,-67.6,-94.4,-26.9,105.14,92,4819,9673,8620,26270,1491,True,1,-0.681,22750,
2026-03-26T14:24:37.056,T1,20260326_142142,3798,1.0,0.0,0.342,-66.7,-94.3,-27.6,105.8,104,5111,11003,8711,31551,1588,True,1,-0.6579999999999999,22750,
2026-03-26T14:24:37.563,T1,20260326_142142,3799,1.0,0.0,1.032,-69.4,-94.1,-24.7,120.48,92,3155,11084,10610,27281,1619,True,1,0.032,22750,
2026-03-26T14:24:38.046,T1,20260326_142142,3800,1.0,0.0,0.103,-68.7,-93.3,-24.7,134.64,100,10710,13464,8199,35957,1812,True,1,-0.897,22750,
2026-03-26T14:24:38.554,T1,20260326_142142,3801,1.0,0.0,0.15,-67.9,-94.1,-26.2,101.32,128,9170,12969,10350,44706,1965,True,1,-0.85,22750,
2026-03-26T14:24:39.036,T1,20260326_142142,3802,1.0,0.0,0.586,-67.5,-93.6,-26.1,100.57,112,5653,11264,9377,28012,1534,True,1,-0.414,22750,
2026-03-26T14:24:39.546,T1,20260326_142142,3803,1.0,0.0,0.244,-68.0,-93.4,-25.5,137.49,80,4224,10999,10746,27089,1536,True,1,-0.756,22750,
2026-03-26T14:24:40.055,T1,20260326_142142,3804,1.0,0.0,0.314,-65.0,-95.9,-30.8,78.97,80,2645,6318,5661,18084,1134,True,1,-0.6859999999999999,22750,
2026-03-26T14:24:40.536,T1,20260326_142142,3805,1.0,0.0,0.886,-65.6,-93.0,-27.4,98.95,84,4182,8312,10289,21957,1273,True,1,-0.1139999999999999,22750,
2026-03-26T14:24:41.045,T1,20260326_142142,3806,1.0,0.0,0.009,-67.4,-92.0,-24.6,165.36,96,9618,15875,12331,39812,1826,True,1,-0.991,22750,
2026-03-26T14:24:41.556,T1,20260326_142142,3807,1.0,0.0,0.755,-66.4,-93.7,-27.3,107.88,88,5953,9493,8962,26141,1431,True,1,-0.245,22750,
2026-03-26T14:24:42.037,T1,20260326_142142,3808,1.0,0.0,0.478,-67.4,-95.4,-28.0,102.19,100,2312,10219,8792,32799,1657,True,1,-0.522,22750,
2026-03-26T14:24:42.543,T1,20260326_142142,3809,1.0,0.0,-0.249,-64.6,-95.6,-30.9,80.32,88,5625,7068,5560,24767,1309,True,1,-1.249,22750,
2026-03-26T14:24:43.083,T1,20260326_142142,3810,1.0,0.0,0.84,-69.8,-91.4,-21.6,188.32,80,9346,15066,14061,30205,1725,True,1,-0.16,22750,
2026-03-26T14:24:43.565,T1,20260326_142142,3811,1.0,0.0,0.352,-67.6,-88.5,-20.9,270.1,68,14377,18367,12739,24669,1448,True,1,-0.648,22750,
2026-03-26T14:24:44.046,T1,20260326_142142,3812,1.0,0.0,0.61,-67.3,-90.0,-22.7,163.46,80,7230,13077,11747,18247,1231,True,1,-0.39,22750,
2026-03-26T14:24:44.554,T1,20260326_142142,3813,1.0,0.0,-0.155,-68.2,-100.6,-32.4,41.78,64,3805,2674,3154,17320,1237,True,1,-1.155,22750,
2026-03-26T14:24:45.036,T1,20260326_142142,3814,1.0,0.0,0.042,-67.1,-101.4,-34.3,54.5,68,2984,3706,2827,21656,1331,True,1,-0.958,22750,
2026-03-26T14:24:45.548,T1,20260326_142142,3815,1.0,0.0,-0.183,-68.1,-96.1,-28.0,82.03,92,5910,7547,9648,36001,1777,True,1,-1.183,22750,
2026-03-26T14:24:46.053,T1,20260326_142142,3816,1.0,0.0,0.535,-69.0,-89.4,-20.5,228.95,76,13307,17400,11277,24070,1498,True,1,-0.4649999999999999,22750,
2026-03-26T14:24:46.534,T1,20260326_142142,3817,1.0,0.0,0.675,-67.1,-90.7,-23.5,161.61,76,7466,12282,9430,17635,1203,True,1,-0.3249999999999999,22750,
2026-03-26T14:24:47.044,T1,20260326_142142,3818,1.0,0.0,0.117,-69.0,-95.0,-26.0,105.4,80,1901,8432,9239,22896,1462,True,1,-0.883,22750,
2026-03-26T14:24:47.555,T1,20260326_142142,3819,1.0,0.0,0.629,-67.2,-93.0,-25.8,166.75,64,3777,10672,8558,20242,1292,True,1,-0.371,22750,
2026-03-26T14:24:48.066,T1,20260326_142142,3820,1.0,0.0,0.563,-66.8,-91.4,-24.6,148.62,104,4662,15457,13660,32233,1610,True,1,-0.437,22750,
2026-03-26T14:24:48.544,T1,20260326_142142,3821,1.0,0.0,0.253,-69.5,-99.3,-29.8,78.21,80,4254,6257,3898,26677,1607,True,1,-0.747,22750,
2026-03-26T14:24:49.053,T1,20260326_142142,3822,1.0,0.0,0.633,-67.9,-94.2,-26.3,121.69,84,5944,10222,8214,26464,1516,True,1,-0.367,22750,
2026-03-26T14:24:49.563,T1,20260326_142142,3823,1.0,0.0,0.549,-67.1,-91.2,-24.2,157.54,76,8604,11973,7530,18700,1236,True,1,-0.4509999999999999,22750,
2026-03-26T14:24:50.048,T1,20260326_142142,3824,1.0,0.0,0.919,-66.9,-90.1,-23.2,164.69,84,2899,13834,15208,23078,1365,True,1,-0.0809999999999999,22750,
2026-03-26T14:24:50.556,T1,20260326_142142,3825,1.0,0.0,-0.174,-66.3,-89.8,-23.5,216.66,64,9562,13866,8466,18336,1194,True,1,-1.174,22750,
2026-03-26T14:24:51.067,T1,20260326_142142,3826,1.0,0.0,-0.314,-66.3,-90.4,-24.0,162.1,80,5042,12968,13702,22337,1318,True,1,-1.314,22750,
2026-03-26T14:24:51.578,T1,20260326_142142,3827,1.0,0.0,0.582,-68.2,-92.6,-24.4,131.22,76,5473,9973,9692,19241,1306,True,1,-0.418,22750,
2026-03-26T14:24:52.056,T1,20260326_142142,3828,1.0,0.0,0.708,-69.1,-93.7,-24.5,128.04,72,6436,9219,9771,22962,1472,True,1,-0.292,22750,
2026-03-26T14:24:52.564,T1,20260326_142142,3829,1.0,0.0,-0.056,-67.7,-92.0,-24.2,148.45,92,11540,13657,8665,30400,1614,True,1,-1.056,22750,
2026-03-26T14:24:53.076,T1,20260326_142142,3830,1.0,0.0,0.295,-66.7,-91.6,-24.9,148.57,68,9477,10103,6175,17501,1182,True,1,-0.7050000000000001,22750,
2026-03-26T14:24:53.555,T1,20260326_142142,3831,1.0,0.0,0.61,-67.7,-92.5,-24.8,153.49,76,4323,11665,11079,24062,1433,True,1,-0.39,22750,
2026-03-26T14:24:54.067,T1,20260326_142142,3832,1.0,0.0,0.328,-67.2,-91.5,-24.3,120.02,88,3552,10562,11267,18200,1225,True,1,-0.6719999999999999,22750,
2026-03-26T14:24:54.575,T1,20260326_142142,3833,1.0,0.0,0.178,-67.8,-92.0,-24.1,173.94,68,3634,11828,12854,24457,1452,True,1,-0.8220000000000001,22750,
2026-03-26T14:24:55.056,T1,20260326_142142,3834,1.0,0.0,-0.028,-69.1,-93.1,-24.0,151.57,80,8358,12126,8387,26031,1567,True,1,-1.028,22750,
2026-03-26T14:24:55.565,T1,20260326_142142,3835,1.0,0.0,-0.216,-69.8,-97.7,-27.9,102.36,72,5268,7370,5296,27590,1653,True,1,-1.216,22750,
2026-03-26T14:24:56.076,T1,20260326_142142,3836,1.0,0.0,0.539,-68.6,-93.5,-25.0,120.05,80,6272,9604,6880,18673,1301,True,1,-0.4609999999999999,22750,
2026-03-26T14:24:56.585,T1,20260326_142142,3837,1.0,0.0,-0.347,-69.4,-96.3,-26.9,104.29,72,6171,7509,4632,21800,1449,True,1,-1.347,22750,
2026-03-26T14:24:57.093,T1,20260326_142142,3838,1.0,0.0,0.15,-67.9,-91.9,-24.0,155.74,92,9021,14328,12248,32505,1676,True,1,-0.85,22750,
2026-03-26T14:24:57.573,T1,20260326_142142,3839,1.0,0.0,0.141,-68.2,-91.7,-23.5,146.84,88,4429,12922,11718,22810,1419,True,1,-0.859,22750,
2026-03-26T14:24:58.086,T1,20260326_142142,3840,1.0,0.0,0.629,-65.6,-89.8,-24.2,182.49,80,11077,14599,9454,23066,1307,True,1,-0.371,22750,
2026-03-26T14:24:58.565,T1,20260326_142142,3841,1.0,0.0,0.31,-68.7,-92.9,-24.2,147.53,96,1459,14163,14157,36176,1817,True,1,-0.69,22750,
2026-03-26T14:24:59.077,T1,20260326_142142,3842,1.0,0.0,0.614,-66.7,-89.1,-22.4,232.2,64,4529,14861,13315,17962,1198,True,1,-0.386,22750,
2026-03-26T14:24:59.586,T1,20260326_142142,3843,1.0,0.0,0.267,-66.3,-100.0,-33.7,57.17,72,3369,4116,3064,20469,1260,True,1,-0.733,22750,
2026-03-26T14:25:00.063,T1,20260326_142142,3844,1.0,0.0,0.366,-69.2,-92.9,-23.7,123.8,112,6382,13866,13627,36395,1859,True,1,-0.634,22750,
2026-03-26T14:25:00.573,T1,20260326_142142,3845,1.0,0.0,0.488,-65.2,-88.2,-23.0,203.55,76,5549,15470,14386,18314,1147,True,1,-0.512,22750,
2026-03-26T14:25:01.083,T1,20260326_142142,3846,1.0,0.0,0.661,-66.9,-92.3,-25.4,153.91,68,2416,10466,10641,20121,1277,True,1,-0.3389999999999999,22750,
2026-03-26T14:25:01.563,T1,20260326_142142,3847,1.0,0.0,0.774,-64.4,-91.1,-26.7,135.4,60,7030,8124,10133,17400,1088,True,1,-0.2259999999999999,22750,
2026-03-26T14:25:02.077,T1,20260326_142142,3848,1.0,0.0,0.155,-67.2,-95.4,-28.2,82.58,76,2244,6276,7107,16740,1177,True,1,-0.845,22750,
2026-03-26T14:25:02.586,T1,20260326_142142,3849,1.0,0.0,0.019,-67.4,-93.2,-25.8,131.39,80,3049,10511,11149,25802,1470,True,1,-0.981,22750,
2026-03-26T14:25:03.096,T1,20260326_142142,3850,1.0,0.0,-0.169,-67.4,-97.1,-29.7,83.37,84,580,7003,6727,24416,1427,True,1,-1.169,22750,
2026-03-26T14:25:03.604,T1,20260326_142142,3851,1.0,0.0,-0.028,-67.7,-94.0,-26.3,127.35,96,4463,12226,9971,33319,1686,True,1,-1.028,22750,
2026-03-26T14:25:04.084,T1,20260326_142142,3852,1.0,0.0,0.525,-67.4,-92.2,-24.8,180.9,72,5648,13025,9683,24464,1432,True,1,-0.475,22750,
2026-03-26T14:25:04.595,T1,20260326_142142,3853,1.0,0.0,0.164,-66.9,-93.6,-26.7,110.89,88,3690,9758,8774,22168,1338,True,1,-0.836,22750,
2026-03-26T14:25:05.073,T1,20260326_142142,3854,1.0,0.0,0.886,-66.5,-91.9,-25.4,150.36,80,5267,12029,10797,23996,1374,True,1,-0.1139999999999999,22750,
2026-03-26T14:25:05.584,T1,20260326_142142,3855,1.0,0.0,-0.159,-67.7,-93.1,-25.4,126.65,92,3376,11652,13988,34538,1720,True,1,-1.159,22750,
2026-03-26T14:25:06.094,T1,20260326_142142,3856,1.0,0.0,0.061,-68.1,-92.8,-24.6,149.59,80,6006,11967,9426,24187,1459,True,1,-0.939,22750,
2026-03-26T14:25:06.575,T1,20260326_142142,3857,1.0,0.0,0.736,-67.0,-92.4,-25.4,131.06,96,3689,12582,12851,30333,1572,True,1,-0.264,22750,
2026-03-26T14:25:07.084,T1,20260326_142142,3858,1.0,0.0,0.061,-67.5,-93.0,-25.5,119.45,100,4587,11945,10367,26805,1502,True,1,-0.939,22750,
2026-03-26T14:25:07.593,T1,20260326_142142,3859,1.0,0.0,0.652,-66.4,-91.8,-25.4,147.69,84,7880,12406,8716,23759,1361,True,1,-0.348,22750,
2026-03-26T14:25:08.073,T1,20260326_142142,3860,1.0,0.0,0.07,-67.0,-97.8,-30.7,76.78,68,3110,5221,4018,16334,1154,True,1,-0.93,22750,
2026-03-26T14:25:08.585,T1,20260326_142142,3861,1.0,0.0,0.774,-68.6,-94.1,-25.5,93.01,120,10983,11161,6885,34967,1785,True,1,-0.2259999999999999,22750,
2026-03-26T14:25:09.093,T1,20260326_142142,3862,1.0,0.0,0.591,-66.3,-95.1,-28.8,79.03,80,5873,6322,4174,16249,1123,True,1,-0.409,22750,
2026-03-26T14:25:09.575,T1,20260326_142142,3863,1.0,0.0,0.455,-66.8,-91.4,-24.6,140.43,100,7362,14043,12168,29131,1530,True,1,-0.5449999999999999,22750,
2026-03-26T14:25:10.143,T1,20260326_142142,3864,1.0,0.0,0.202,-66.6,-92.9,-26.3,158.24,68,2755,10760,9748,22483,1336,True,1,-0.798,22750,
2026-03-26T14:25:10.598,T1,20260326_142142,3865,1.0,0.0,-0.117,-67.0,-93.5,-26.5,122.49,84,2044,10289,9668,23518,1382,True,1,-1.117,22750,
2026-03-26T14:25:11.102,T1,20260326_142142,3866,1.0,0.0,1.004,-67.6,-92.5,-24.9,127.88,84,5868,10742,7971,18716,1260,True,1,0.004,22750,
2026-03-26T14:25:11.584,T1,20260326_142142,3867,1.0,0.0,0.211,-67.1,-91.2,-24.1,147.51,100,8847,14751,11405,29079,1544,True,1,-0.789,22750,
2026-03-26T14:25:12.104,T1,20260326_142142,3868,1.0,0.0,0.971,-67.0,-91.3,-24.4,152.0,92,8924,13984,10351,26751,1473,True,1,-0.029,22750,
2026-03-26T14:25:12.573,T1,20260326_142142,3869,1.0,0.0,0.328,-68.3,-95.0,-26.7,92.6,92,3155,8519,8470,23253,1439,True,1,-0.6719999999999999,22750,
2026-03-26T14:25:13.086,T1,20260326_142142,3870,1.0,0.0,-0.117,-68.0,-96.8,-28.8,95.94,80,3521,7675,6643,26590,1525,True,1,-1.117,22750,
2026-03-26T14:25:13.594,T1,20260326_142142,3871,1.0,0.0,0.183,-67.9,-98.3,-30.4,72.88,88,3896,6413,5174,27236,1534,True,1,-0.817,22750,
2026-03-26T14:25:14.076,T1,20260326_142142,3872,1.0,0.0,1.173,-67.7,-95.6,-27.9,82.54,96,1995,7924,8571,25003,1462,True,1,0.173,22750,
2026-03-26T14:25:14.583,T1,20260326_142142,3873,1.0,0.0,0.056,-67.2,-92.0,-24.8,176.27,80,3724,14102,12272,29218,1554,True,1,-0.944,22750,
2026-03-26T14:25:15.095,T1,20260326_142142,3874,1.0,0.0,0.929,-67.8,-92.7,-24.9,116.37,104,2119,12102,13967,31242,1637,True,1,-0.0709999999999999,22750,
2026-03-26T14:25:15.573,T1,20260326_142142,3875,1.0,0.0,0.614,-67.7,-93.4,-25.7,105.48,96,7469,10126,9705,27215,1527,True,1,-0.386,22750,
2026-03-26T14:25:16.082,T1,20260326_142142,3876,1.0,0.0,0.741,-66.6,-90.9,-24.3,149.84,92,5273,13785,13857,26672,1454,True,1,-0.259,22750,
2026-03-26T14:25:16.595,T1,20260326_142142,3877,1.0,0.0,0.671,-66.6,-92.8,-26.2,129.86,88,2583,11428,10871,25981,1433,True,1,-0.3289999999999999,22750,
2026-03-26T14:25:17.105,T1,20260326_142142,3878,1.0,0.0,0.638,-67.2,-92.2,-24.9,143.11,72,5339,10304,8068,16637,1173,True,1,-0.362,22750,
2026-03-26T14:25:17.584,T1,20260326_142142,3879,1.0,0.0,0.038,-66.0,-99.4,-33.4,58.69,80,2537,4695,2967,17877,1167,True,1,-0.962,22750,
2026-03-26T14:25:18.095,T1,20260326_142142,3880,1.0,0.0,0.342,-66.9,-92.3,-25.3,150.05,88,4518,13204,10398,26405,1461,True,1,-0.6579999999999999,22750,
2026-03-26T14:25:18.602,T1,20260326_142142,3881,1.0,0.0,0.929,-66.5,-93.6,-27.1,103.76,84,2835,8716,7257,16669,1145,True,1,-0.0709999999999999,22750,
2026-03-26T14:25:19.083,T1,20260326_142142,3882,1.0,0.0,-0.164,-67.6,-96.1,-28.6,87.3,80,6795,6984,4303,22987,1394,True,1,-1.164,22750,
2026-03-26T14:25:19.593,T1,20260326_142142,3883,1.0,0.0,0.675,-67.4,-94.0,-26.6,118.35,84,4923,9941,8037,23751,1412,True,1,-0.3249999999999999,22750,
2026-03-26T14:25:20.105,T1,20260326_142142,3884,1.0,0.0,0.572,-67.6,-95.2,-27.6,105.29,80,2944,8423,7899,23412,1408,True,1,-0.428,22750,
2026-03-26T14:25:20.583,T1,20260326_142142,3885,1.0,0.0,0.258,-66.8,-93.1,-26.3,118.52,92,7906,10904,6666,24331,1397,True,1,-0.742,22750,
2026-03-26T14:25:21.092,T1,20260326_142142,3886,1.0,0.0,0.46,-67.7,-92.0,-24.3,169.99,84,5427,14279,13060,31366,1639,True,1,-0.54,22750,
2026-03-26T14:25:21.604,T1,20260326_142142,3887,1.0,0.0,-0.014,-67.6,-90.9,-23.3,116.59,144,8171,16789,16506,38237,1801,True,1,-1.014,22750,
2026-03-26T14:25:22.113,T1,20260326_142142,3888,1.0,0.0,0.342,-66.6,-91.5,-24.9,161.99,80,7213,12959,9892,23635,1368,True,1,-0.6579999999999999,22750,
2026-03-26T14:25:22.593,T1,20260326_142142,3889,1.0,0.0,-0.305,-66.4,-93.0,-26.6,121.25,80,3977,9700,9327,21199,1285,True,1,-1.305,22750,
2026-03-26T14:25:23.104,T1,20260326_142142,3890,1.0,0.0,0.272,-66.7,-93.6,-26.9,121.14,76,6449,9207,6223,19922,1260,True,1,-0.728,22750,
2026-03-26T14:25:23.583,T1,20260326_142142,3891,1.0,0.0,0.202,-66.9,-92.7,-25.8,149.07,80,4892,11926,11082,27827,1501,True,1,-0.798,22750,
2026-03-26T14:25:24.093,T1,20260326_142142,3892,1.0,0.0,0.108,-67.1,-93.1,-25.9,145.74,72,6384,10493,7248,21077,1315,True,1,-0.892,22750,
2026-03-26T14:25:24.604,T1,20260326_142142,3893,1.0,0.0,0.755,-67.2,-93.7,-26.5,109.45,88,3691,9632,8325,21036,1316,True,1,-0.245,22750,
2026-03-26T14:25:25.113,T1,20260326_142142,3894,1.0,0.0,-0.019,-67.3,-92.1,-24.9,157.74,68,6190,10726,7478,17308,1198,True,1,-1.019,22750,
2026-03-26T14:25:25.595,T1,20260326_142142,3895,1.0,0.0,0.155,-65.9,-92.4,-26.4,164.32,68,3647,11174,10438,23602,1335,True,1,-0.845,22750,
2026-03-26T14:25:26.104,T1,20260326_142142,3896,1.0,0.0,0.943,-66.1,-92.3,-26.2,143.5,92,5290,13202,10397,28740,1480,True,1,-0.057,22750,
2026-03-26T14:25:26.614,T1,20260326_142142,3897,1.0,0.0,1.112,-66.8,-90.8,-24.0,144.74,112,3245,16211,16977,35070,1676,True,1,0.1120000000000001,22750,
2026-03-26T14:25:27.093,T1,20260326_142142,3898,1.0,0.0,0.511,-66.1,-90.6,-24.5,152.56,104,9760,15866,10897,29238,1493,True,1,-0.489,22750,
2026-03-26T14:25:27.603,T1,20260326_142142,3899,1.0,0.0,1.205,-66.1,-89.6,-23.5,180.08,96,13070,17288,10403,29079,1493,True,1,0.205,22750,
2026-03-26T14:25:28.082,T1,20260326_142142,3900,1.0,0.0,0.136,-66.1,-98.8,-32.7,69.09,80,3395,5527,3789,23422,1339,True,1,-0.864,22750,
2026-03-26T14:25:28.595,T1,20260326_142142,3901,1.0,0.0,0.258,-66.0,-93.9,-27.8,125.16,68,5190,8511,5941,18058,1173,True,1,-0.742,22750,
2026-03-26T14:25:29.103,T1,20260326_142142,3902,1.0,0.0,1.102,-65.8,-89.5,-23.7,168.89,96,6242,16213,13932,25023,1369,True,1,0.102,22750,
2026-03-26T14:25:29.613,T1,20260326_142142,3903,1.0,0.0,1.069,-67.8,-89.5,-21.7,152.38,96,5968,14628,18075,25219,1471,True,1,0.0689999999999999,22750,
2026-03-26T14:25:30.122,T1,20260326_142142,3904,1.0,0.0,0.408,-70.0,-93.6,-23.7,123.62,92,4291,11373,12387,29106,1705,True,1,-0.5920000000000001,22750,
2026-03-26T14:25:30.604,T1,20260326_142142,3905,1.0,0.0,0.295,-67.4,-91.6,-24.2,143.32,92,5036,13185,11882,24641,1435,True,1,-0.7050000000000001,22750,
2026-03-26T14:25:31.114,T1,20260326_142142,3906,1.0,0.0,0.643,-66.0,-90.7,-24.7,137.61,92,5818,12660,13655,24739,1372,True,1,-0.357,22750,
2026-03-26T14:25:31.593,T1,20260326_142142,3907,1.0,0.0,0.239,-66.7,-97.0,-30.3,66.97,108,2176,7233,5784,24085,1385,True,1,-0.761,22750,
2026-03-26T14:25:32.103,T1,20260326_142142,3908,1.0,0.0,-0.272,-66.8,-97.3,-30.6,73.59,80,2462,5887,4767,18053,1202,True,1,-1.272,22750,
2026-03-26T14:25:32.612,T1,20260326_142142,3909,1.0,0.0,0.342,-67.2,-98.3,-31.1,56.47,88,2065,4969,4415,16654,1173,True,1,-0.6579999999999999,22750,
2026-03-26T14:25:33.122,T1,20260326_142142,3910,1.0,0.0,0.188,-66.8,-99.9,-33.0,55.42,84,2792,4655,3640,21559,1317,True,1,-0.812,22750,
2026-03-26T14:25:33.606,T1,20260326_142142,3911,1.0,0.0,1.224,-65.6,-87.8,-22.2,204.83,76,9332,15567,14468,19026,1186,True,1,0.2239999999999999,22750,
2026-03-26T14:25:34.115,T1,20260326_142142,3912,1.0,0.0,0.516,-66.3,-86.7,-20.5,229.96,76,11637,17477,12479,18700,1203,True,1,-0.484,22750,
2026-03-26T14:25:34.652,T1,20260326_142142,3913,1.0,0.0,0.014,-64.7,-88.2,-23.6,195.18,76,9351,14834,15752,22493,1248,True,1,-0.986,22750,
2026-03-26T14:25:35.103,T1,20260326_142142,3914,1.0,0.0,0.295,-66.5,-90.6,-24.1,141.69,72,4958,10202,12418,17388,1169,True,1,-0.7050000000000001,22750,
2026-03-26T14:25:35.613,T1,20260326_142142,3915,1.0,0.0,0.295,-67.4,-95.5,-28.2,96.77,64,3487,6193,5664,14803,1111,True,1,-0.7050000000000001,22750,
2026-03-26T14:25:36.123,T1,20260326_142142,3916,1.0,0.0,0.539,-66.5,-88.7,-22.2,212.49,72,6598,15299,16876,22237,1322,True,1,-0.4609999999999999,22750,
2026-03-26T14:25:36.605,T1,20260326_142142,3917,1.0,0.0,0.966,-68.0,-92.4,-24.4,135.95,92,7200,12507,8089,22891,1412,True,1,-0.034,22750,
2026-03-26T14:25:37.113,T1,20260326_142142,3918,1.0,0.0,0.708,-67.9,-92.1,-24.2,140.42,100,3776,14042,13849,31398,1649,True,1,-0.292,22750,
2026-03-26T14:25:37.623,T1,20260326_142142,3919,1.0,0.0,0.464,-67.6,-94.8,-27.2,97.25,84,4248,8169,6781,19518,1288,True,1,-0.536,22750,
2026-03-26T14:25:38.134,T1,20260326_142142,3920,1.0,0.0,0.586,-66.7,-93.4,-26.7,95.74,80,6718,7659,4902,14826,1087,True,1,-0.414,22750,
2026-03-26T14:25:38.613,T1,20260326_142142,3921,1.0,0.0,-0.009,-67.2,-93.8,-26.6,86.25,100,4777,8625,8361,20385,1298,True,1,-1.009,22750,
2026-03-26T14:25:39.123,T1,20260326_142142,3922,1.0,0.0,0.361,-68.1,-95.7,-27.6,94.82,68,6256,6448,4596,18140,1261,True,1,-0.639,22750,
2026-03-26T14:25:39.633,T1,20260326_142142,3923,1.0,0.0,0.746,-71.6,-99.0,-27.4,56.12,108,8245,6061,3516,35149,1985,True,1,-0.254,22750,
2026-03-26T14:25:40.112,T1,20260326_142142,3924,1.0,0.0,0.6,-68.8,-95.0,-26.2,79.93,84,7109,6714,7280,21396,1403,True,1,-0.4,22750,
2026-03-26T14:25:40.682,T1,20260326_142142,3925,1.0,0.0,-0.202,-68.7,-95.1,-26.5,98.32,80,6611,7866,5248,19963,1351,True,1,-1.202,22750,
2026-03-26T14:25:41.102,T1,20260326_142142,3926,1.0,0.0,0.333,-68.4,-95.4,-27.0,95.71,92,3887,8805,7477,23879,1463,True,1,-0.667,22750,
2026-03-26T14:25:41.613,T1,20260326_142142,3927,1.0,0.0,-0.31,-67.7,-99.4,-31.7,52.94,80,2434,4235,4111,17370,1218,True,1,-1.31,22750,
2026-03-26T14:25:42.184,T1,20260326_142142,3928,1.0,0.0,0.666,-66.8,-93.7,-26.9,114.12,72,5245,8217,6168,16279,1143,True,1,-0.3339999999999999,22750,
2026-03-26T14:25:42.633,T1,20260326_142142,3929,1.0,0.0,-0.094,-65.9,-90.0,-24.2,178.15,72,6015,12827,11001,18096,1167,True,1,-1.094,22750,
2026-03-26T14:25:43.111,T1,20260326_142142,3930,1.0,0.0,0.389,-69.7,-95.1,-25.4,102.32,96,7191,9823,6986,27326,1635,True,1,-0.611,22750,
2026-03-26T14:25:43.623,T1,20260326_142142,3931,1.0,0.0,-0.023,-68.9,-94.0,-25.1,109.31,80,8571,8745,5685,20586,1383,True,1,-1.023,22750,
2026-03-26T14:25:44.131,T1,20260326_142142,3932,1.0,0.0,0.568,-67.4,-94.6,-27.2,110.92,72,2757,7986,7750,18887,1258,True,1,-0.432,22750,
2026-03-26T14:25:44.641,T1,20260326_142142,3933,1.0,0.0,0.0,-67.4,-91.2,-23.8,166.82,92,7530,15347,13967,32139,1637,True,1,-1.0,22750,
2026-03-26T14:25:45.124,T1,20260326_142142,3934,1.0,0.0,0.755,-68.6,-95.5,-26.8,100.0,88,5135,8800,7166,25197,1515,True,1,-0.245,22750,
2026-03-26T14:25:45.633,T1,20260326_142142,3935,1.0,0.0,0.094,-67.7,-94.4,-26.7,111.38,84,5903,9356,6668,22719,1394,True,1,-0.906,22750,
2026-03-26T14:25:46.143,T1,20260326_142142,3936,1.0,0.0,0.192,-67.6,-92.9,-25.3,113.65,88,6266,10001,9354,22018,1366,True,1,-0.808,22750,
2026-03-26T14:25:46.623,T1,20260326_142142,3937,1.0,0.0,0.976,-69.7,-93.7,-24.0,112.88,116,5603,13094,14507,41085,2008,True,1,-0.024,22750,
2026-03-26T14:25:47.132,T1,20260326_142142,3938,1.0,0.0,0.31,-68.1,-92.4,-24.3,137.47,92,6568,12647,11092,27212,1545,True,1,-0.69,22750,
2026-03-26T14:25:47.642,T1,20260326_142142,3939,1.0,0.0,0.464,-68.0,-93.9,-25.9,112.25,80,3887,8980,7825,18456,1269,True,1,-0.536,22750,
2026-03-26T14:25:48.122,T1,20260326_142142,3940,1.0,0.0,0.474,-68.1,-94.5,-26.4,128.97,68,1736,8770,9059,21685,1379,True,1,-0.526,22750,
2026-03-26T14:25:48.633,T1,20260326_142142,3941,1.0,0.0,0.704,-68.7,-92.6,-24.0,118.92,120,10842,14270,9869,35247,1793,True,1,-0.296,22750,
2026-03-26T14:25:49.143,T1,20260326_142142,3942,1.0,0.0,0.174,-68.0,-95.6,-27.6,102.9,88,2890,9055,7932,26641,1526,True,1,-0.8260000000000001,22750,
2026-03-26T14:25:49.622,T1,20260326_142142,3943,1.0,0.0,0.122,-67.8,-95.3,-27.5,90.86,100,7585,9086,6387,29888,1601,True,1,-0.878,22750,
2026-03-26T14:25:50.133,T1,20260326_142142,3944,1.0,0.0,0.31,-68.0,-91.6,-23.7,134.43,100,5882,13443,14377,29665,1606,True,1,-0.69,22750,
2026-03-26T14:25:50.642,T1,20260326_142142,3945,1.0,0.0,0.3,-68.0,-92.1,-24.1,145.29,84,4395,12204,13723,27624,1552,True,1,-0.7,22750,
2026-03-26T14:25:51.122,T1,20260326_142142,3946,1.0,0.0,1.252,-66.8,-93.6,-26.8,102.06,84,3628,8573,10047,22586,1347,True,1,0.252,22750,
2026-03-26T14:25:51.632,T1,20260326_142142,3947,1.0,0.0,0.591,-67.7,-93.7,-25.9,122.18,72,2925,8797,8828,18681,1264,True,1,-0.409,22750,
2026-03-26T14:25:52.142,T1,20260326_142142,3948,1.0,0.0,1.102,-67.1,-93.6,-26.5,113.07,76,3077,8593,9336,19843,1274,True,1,0.102,22750,
2026-03-26T14:25:52.622,T1,20260326_142142,3949,1.0,0.0,0.933,-66.7,-92.7,-25.9,138.81,80,4819,11105,10141,24141,1389,True,1,-0.0669999999999999,22750,
2026-03-26T14:25:53.132,T1,20260326_142142,3950,1.0,0.0,0.263,-66.2,-92.1,-25.9,125.86,88,6980,11076,7747,20489,1258,True,1,-0.737,22750,
2026-03-26T14:35:23.893,T1,20260326_143523,5090,1.0,0.0,0.108,-68.4,-90.5,-22.1,155.38,88,11313,13673,10359,22100,1408,True,1,-0.892,22750,
2026-03-26T14:35:24.374,T1,20260326_143523,5091,1.0,0.0,1.008,-68.3,-90.7,-22.4,148.92,88,8448,13105,12549,22175,1404,True,1,0.008,22750,
2026-03-26T14:35:24.884,T1,20260326_143523,5092,1.0,0.0,1.205,-68.4,-90.7,-22.3,153.94,104,12557,16010,10462,29064,1615,True,1,0.205,22750,
2026-03-26T14:35:25.429,T1,20260326_143523,5093,1.0,0.0,1.032,-68.8,-91.2,-22.4,166.1,88,5893,14617,17538,33414,1752,True,1,0.032,22750,
2026-03-26T14:35:25.903,T1,20260326_143523,5094,1.0,0.0,0.605,-68.7,-91.0,-22.3,177.9,84,6319,14944,16492,31040,1687,True,1,-0.395,22750,
2026-03-26T14:38:23.139,T1,20260326_143823,5448,1.0,0.0,1.088,-65.8,-92.4,-26.6,108.22,88,3247,9523,10567,20883,1251,True,1,0.08800000000000008,22750,
2026-03-26T14:38:23.649,T1,20260326_143823,5449,1.0,0.0,0.572,-66.9,-92.2,-25.3,134.89,88,9126,11870,7463,24172,1398,True,1,-0.42800000000000005,22750,
2026-03-26T14:38:24.157,T1,20260326_143823,5450,1.0,0.0,0.765,-66.1,-92.2,-26.2,110.48,84,3367,9280,11189,20484,1251,True,1,-0.235,22750,
2026-03-26T14:38:24.637,T1,20260326_143823,5451,1.0,0.0,0.488,-66.6,-92.2,-25.6,108.45,88,3044,9544,10678,18898,1223,True,1,-0.512,22750,
2026-03-26T14:38:25.147,T1,20260326_143823,5452,1.0,0.0,0.553,-66.4,-91.9,-25.6,148.83,76,6214,11311,9030,20891,1275,True,1,-0.44699999999999995,22750,
2026-03-26T14:38:25.657,T1,20260326_143823,5453,1.0,0.0,0.023,-65.9,-92.2,-26.3,120.62,84,3650,10132,10101,20158,1234,True,1,-0.977,22750,
2026-03-26T14:38:26.139,T1,20260326_143823,5454,1.0,0.0,1.107,-66.8,-89.3,-22.5,191.2,96,14649,18355,15062,34571,1663,True,1,0.10699999999999998,22750,
2026-03-26T14:38:26.677,T1,20260326_143823,5455,1.0,0.0,0.797,-67.4,-90.6,-23.3,136.82,104,17002,14229,9292,33450,1670,True,1,-0.20299999999999996,22750,
2026-03-26T14:38:27.159,T1,20260326_143823,5456,1.0,0.0,0.305,-67.1,-94.4,-27.4,87.23,88,1677,7676,9046,20424,1292,True,1,-0.6950000000000001,22750,
2026-03-26T14:38:27.669,T1,20260326_143823,5457,1.0,0.0,0.441,-65.4,-87.4,-22.0,187.29,84,15652,15732,13803,23837,1318,True,1,-0.5589999999999999,22750,
2026-03-26T14:38:28.149,T1,20260326_143823,5458,1.0,0.0,0.619,-65.1,-85.4,-20.3,184.07,96,15413,17671,14894,23911,1306,True,1,-0.381,22750,
2026-03-26T14:38:28.659,T1,20260326_143823,5459,1.0,0.0,1.079,-67.8,-94.4,-26.7,90.48,96,2002,8686,11257,28056,1551,True,1,0.07899999999999996,22750,
2026-03-26T14:38:29.171,T1,20260326_143823,5460,1.0,0.0,0.994,-67.0,-90.9,-23.9,136.24,116,9184,15804,11929,30300,1568,True,1,-0.006000000000000005,22750,
2026-03-26T14:38:29.649,T1,20260326_143823,5461,1.0,0.0,0.661,-66.9,-89.6,-22.7,130.52,124,16443,16184,10133,29991,1558,True,1,-0.33899999999999997,22750,
2026-03-26T14:38:30.156,T1,20260326_143823,5462,1.0,0.0,0.08,-67.7,-89.2,-21.5,188.73,88,14722,16608,12648,26377,1501,True,1,-0.92,22750,
2026-03-26T14:38:30.668,T1,20260326_143823,5463,1.0,0.0,0.619,-67.6,-89.4,-21.8,178.26,96,14343,17113,12310,27712,1533,True,1,-0.381,22750,
2026-03-26T14:38:31.207,T1,20260326_143823,5464,1.0,0.0,0.535,-67.5,-89.2,-21.6,188.65,92,13101,17356,17006,31166,1622,True,1,-0.46499999999999997,22750,
2026-03-26T14:38:31.659,T1,20260326_143823,5465,1.0,0.0,1.201,-67.5,-88.7,-21.2,140.39,120,12644,16847,15379,25311,1461,True,1,0.20100000000000007,22750,
2026-03-26T14:38:32.168,T1,20260326_143823,5466,1.0,0.0,0.192,-67.1,-89.2,-22.1,192.99,96,15903,18527,13162,32874,1642,True,1,-0.808,22750,
2026-03-26T14:38:32.649,T1,20260326_143823,5467,1.0,0.0,0.891,-66.0,-89.2,-23.2,184.48,88,13982,16234,11639,27354,1440,True,1,-0.10899999999999999,22750,
2026-03-26T14:38:33.156,T1,20260326_143823,5468,1.0,0.0,0.976,-66.7,-89.5,-22.9,176.7,100,15803,17670,11085,32415,1605,True,1,-0.02400000000000002,22750,
2026-03-26T14:38:33.668,T1,20260326_143823,5469,1.0,0.0,1.126,-66.7,-89.0,-22.3,171.81,104,13131,17868,15331,30633,1565,True,1,0.1259999999999999,22750,
2026-03-26T14:38:34.182,T1,20260326_143823,5470,1.0,0.0,0.657,-66.4,-89.6,-23.3,125.79,112,16936,14088,9650,28683,1496,True,1,-0.34299999999999997,22750,
2026-03-26T14:38:34.658,T1,20260326_143823,5471,1.0,0.0,0.15,-66.5,-88.8,-22.4,161.08,104,14802,16752,12724,27089,1459,True,1,-0.85,22750,
2026-03-26T14:38:35.167,T1,20260326_143823,5472,1.0,0.0,0.6,-66.6,-89.0,-22.4,191.67,88,15252,16867,11835,27810,1485,True,1,-0.4,22750,
2026-03-26T14:38:35.678,T1,20260326_143823,5473,1.0,0.0,0.924,-66.7,-89.5,-22.8,171.87,100,16133,17187,11189,31994,1599,True,1,-0.07599999999999996,22750,
2026-03-26T14:38:36.158,T1,20260326_143823,5474,1.0,0.0,0.46,-66.2,-89.5,-23.4,158.64,92,16130,14595,10335,28422,1478,True,1,-0.54,22750,
2026-03-26T14:38:36.668,T1,20260326_143823,5475,1.0,0.0,1.083,-67.8,-88.7,-20.9,217.47,76,13837,16528,13640,23580,1425,True,1,0.08299999999999996,22750,
2026-03-26T14:38:37.178,T1,20260326_143823,5476,1.0,0.0,0.624,-67.0,-88.9,-21.8,194.25,92,15981,17871,11947,28357,1521,True,1,-0.376,22750,
2026-03-26T14:38:37.658,T1,20260326_143823,5477,1.0,0.0,0.779,-67.2,-88.6,-21.5,148.3,112,11496,16610,15968,24726,1428,True,1,-0.22099999999999997,22750,
2026-03-26T14:38:38.173,T1,20260326_143823,5478,1.0,0.0,0.779,-66.8,-89.5,-22.7,131.38,140,17602,18393,12292,37453,1734,True,1,-0.22099999999999997,22750,
2026-03-26T14:38:38.681,T1,20260326_143823,5479,1.0,0.0,1.468,-66.1,-88.8,-22.7,167.56,100,12337,16756,14651,27025,1440,True,1,0.46799999999999997,22750,
2026-03-26T14:38:39.187,T1,20260326_143823,5480,1.0,0.0,0.783,-66.5,-89.1,-22.6,146.96,120,14793,17635,12869,29900,1533,True,1,-0.21699999999999997,22750,
2026-03-26T14:38:39.668,T1,20260326_143823,5481,1.0,0.0,1.435,-67.0,-89.1,-22.0,163.92,112,15312,18359,16721,35351,1698,True,1,0.43500000000000005,22750,
2026-03-26T14:38:40.178,T1,20260326_143823,5482,1.0,0.0,1.144,-66.9,-89.1,-22.2,131.28,140,12886,18379,16219,32376,1618,True,1,0.1439999999999999,22750,
2026-03-26T14:38:40.689,T1,20260326_143823,5483,1.0,0.0,0.699,-67.0,-88.9,-21.9,186.92,96,13735,17944,14485,28869,1532,True,1,-0.30100000000000005,22750,
2026-03-26T14:38:41.170,T1,20260326_143823,5484,1.0,0.0,0.441,-67.2,-89.4,-22.2,141.68,108,16981,15301,11406,28842,1545,True,1,-0.5589999999999999,22750,
2026-03-26T14:38:41.679,T1,20260326_143823,5485,1.0,0.0,1.088,-67.0,-89.0,-22.0,161.99,96,10543,15551,15920,24674,1416,True,1,0.08800000000000008,22750,
2026-03-26T14:38:42.189,T1,20260326_143823,5486,1.0,0.0,0.727,-65.9,-89.5,-23.6,153.91,96,15550,14775,10869,28649,1472,True,1,-0.273,22750,
2026-03-26T14:38:42.668,T1,20260326_143823,5487,1.0,0.0,0.553,-67.0,-89.1,-22.1,139.61,120,11194,16753,17498,29827,1557,True,1,-0.44699999999999995,22750,
2026-03-26T14:38:43.177,T1,20260326_143823,5488,1.0,0.0,1.107,-67.6,-89.6,-22.0,164.3,92,17784,15116,9207,28375,1553,True,1,0.10699999999999998,22750,
2026-03-26T14:38:43.687,T1,20260326_143823,5489,1.0,0.0,1.06,-67.1,-89.0,-21.9,165.76,104,13128,17239,13855,26902,1483,True,1,0.06000000000000005,22750,
2026-03-26T14:38:44.198,T1,20260326_143823,5490,1.0,0.0,0.671,-66.6,-89.5,-22.9,141.89,108,17681,15324,9540,30470,1554,True,1,-0.32899999999999996,22750,
2026-03-26T14:38:44.678,T1,20260326_143823,5491,1.0,0.0,0.253,-66.5,-88.9,-22.4,132.65,128,11812,16979,15898,28501,1497,True,1,-0.747,22750,
2026-03-26T14:38:45.217,T1,20260326_143823,5492,1.0,0.0,0.066,-66.9,-89.2,-22.3,151.92,120,14052,18230,14438,31795,1604,True,1,-0.9339999999999999,22750,
2026-03-26T14:38:45.666,T1,20260326_143823,5493,1.0,0.0,0.699,-66.8,-89.0,-22.3,157.56,108,12649,17016,14444,27612,1487,True,1,-0.30100000000000005,22750,
2026-03-26T14:38:46.178,T1,20260326_143823,5494,1.0,0.0,0.708,-66.7,-89.3,-22.7,195.87,92,17675,18020,13722,37500,1726,True,1,-0.29200000000000004,22750,
2026-03-26T14:38:46.689,T1,20260326_143823,5495,1.0,0.0,1.163,-66.2,-88.8,-22.6,212.46,80,14201,16997,13626,28236,1475,True,1,0.16300000000000003,22750,
2026-03-26T14:38:47.226,T1,20260326_143823,5496,1.0,0.0,0.46,-66.1,-89.5,-23.4,156.3,104,17487,16255,10225,32933,1587,True,1,-0.54,22750,
2026-03-26T14:38:47.677,T1,20260326_143823,5497,1.0,0.0,0.441,-65.6,-89.2,-23.6,237.31,68,13947,16137,11634,27811,1433,True,1,-0.5589999999999999,22750,
2026-03-26T14:38:48.187,T1,20260326_143823,5498,1.0,0.0,0.375,-66.2,-89.4,-23.1,195.94,88,11481,17243,16406,32797,1591,True,1,-0.625,22750,
2026-03-26T14:38:48.696,T1,20260326_143823,5499,1.0,0.0,0.722,-66.5,-89.0,-22.4,223.89,76,13864,17016,13550,27808,1481,True,1,-0.278,22750,
2026-03-26T14:38:49.206,T1,20260326_143823,5500,1.0,0.0,1.088,-67.7,-89.5,-21.8,183.38,88,18503,16137,11589,32364,1664,True,1,0.08800000000000008,22750,
2026-03-26T14:38:49.687,T1,20260326_143823,5501,1.0,0.0,1.083,-67.9,-89.5,-21.5,166.55,100,18638,16655,10640,31460,1653,True,1,0.08299999999999996,22750,
2026-03-26T14:38:50.198,T1,20260326_143823,5502,1.0,0.0,0.408,-67.3,-88.6,-21.3,196.6,84,13677,16514,14670,24828,1437,True,1,-0.5920000000000001,22750,
2026-03-26T14:38:50.678,T1,20260326_143823,5503,1.0,0.0,1.163,-67.7,-89.8,-22.1,115.07,152,17714,17491,14058,38139,1806,True,1,0.16300000000000003,22750,
2026-03-26T14:38:51.189,T1,20260326_143823,5504,1.0,0.0,1.065,-67.4,-89.0,-21.6,162.29,104,12868,16878,15148,27328,1513,True,1,0.06499999999999995,22750,
2026-03-26T14:38:51.699,T1,20260326_143823,5505,1.0,0.0,0.516,-65.9,-89.7,-23.8,164.82,88,11447,14504,12187,25620,1391,True,1,-0.484,22750,
2026-03-26T14:38:52.176,T1,20260326_143823,5506,1.0,0.0,1.196,-65.0,-91.9,-26.9,122.64,76,8897,9321,5764,18400,1143,True,1,0.19599999999999995,22750,
2026-03-26T14:38:52.689,T1,20260326_143823,5507,1.0,0.0,0.779,-64.6,-91.0,-26.4,129.24,92,6937,11890,11519,24938,1312,True,1,-0.22099999999999997,22750,
2026-03-26T14:38:53.199,T1,20260326_143823,5508,1.0,0.0,1.168,-67.6,-91.4,-23.9,149.02,96,9905,14306,13614,33681,1688,True,1,0.16799999999999993,22750,
2026-03-26T14:38:53.708,T1,20260326_143823,5509,1.0,0.0,0.009,-65.9,-91.2,-25.3,116.31,88,9052,10235,13270,26482,1411,True,1,-0.991,22750,
2026-03-26T14:38:54.188,T1,20260326_143823,5510,1.0,0.0,0.994,-65.7,-90.8,-25.1,115.75,112,8970,12964,9993,23473,1321,True,1,-0.006000000000000005,22750,
2026-03-26T14:38:54.696,T1,20260326_143823,5511,1.0,0.0,0.258,-64.2,-91.5,-27.3,114.23,88,8514,10052,6316,18999,1129,True,1,-0.742,22750,
2026-03-26T14:38:55.179,T1,20260326_143823,5512,1.0,0.0,0.6,-63.4,-91.2,-27.8,98.12,92,5641,9027,9841,18367,1080,True,1,-0.4,22750,
2026-03-26T14:38:55.688,T1,20260326_143823,5513,1.0,0.0,0.966,-65.9,-91.2,-25.4,110.24,116,8553,12788,15275,34610,1613,True,1,-0.03400000000000003,22750,
2026-03-26T14:38:56.197,T1,20260326_143823,5514,1.0,0.0,0.319,-65.3,-91.0,-25.7,116.73,100,6679,11673,11278,22299,1270,True,1,-0.681,22750,
2026-03-26T14:38:56.706,T1,20260326_143823,5515,1.0,0.0,0.469,-66.2,-91.5,-25.3,130.63,92,10550,12018,8298,25126,1392,True,1,-0.531,22750,
2026-03-26T14:38:57.216,T1,20260326_143823,5516,1.0,0.0,1.205,-64.8,-91.8,-26.9,92.6,124,8572,11482,9440,26476,1361,True,1,0.20500000000000007,22750,
2026-03-26T14:38:57.698,T1,20260326_143823,5517,1.0,0.0,0.267,-65.6,-91.0,-25.4,109.78,116,11989,12735,7622,25860,1380,True,1,-0.733,22750,
2026-03-26T14:38:58.207,T1,20260326_143823,5518,1.0,0.0,1.337,-65.2,-90.8,-25.7,102.58,128,11474,13130,7844,25948,1364,True,1,0.33699999999999997,22750,
2026-03-26T14:38:58.688,T1,20260326_143823,5519,1.0,0.0,0.103,-65.9,-91.0,-25.1,105.47,132,10317,13922,9514,27548,1441,True,1,-0.897,22750,
2026-03-26T14:38:59.196,T1,20260326_143823,5520,1.0,0.0,0.31,-64.5,-90.9,-26.5,118.38,104,10228,12312,7809,24182,1286,True,1,-0.69,22750,
2026-03-26T14:38:59.706,T1,20260326_143823,5521,1.0,0.0,0.844,-65.0,-91.2,-26.1,134.93,84,7231,11334,8784,19877,1188,True,1,-0.15600000000000003,22750,
2026-03-26T14:39:00.188,T1,20260326_143823,5522,1.0,0.0,0.038,-64.8,-90.6,-25.8,114.59,124,10593,14209,10542,29368,1433,True,1,-0.962,22750,
2026-03-26T14:39:00.698,T1,20260326_143823,5523,1.0,0.0,0.868,-64.4,-90.3,-25.9,118.43,112,10945,13264,9299,25143,1309,True,1,-0.132,22750,
2026-03-26T14:39:01.206,T1,20260326_143823,5524,1.0,0.0,1.14,-65.0,-90.2,-25.2,135.07,108,11502,14588,10870,28489,1420,True,1,0.1399999999999999,22750,
2026-03-26T14:39:01.688,T1,20260326_143823,5525,1.0,0.0,0.371,-66.8,-90.6,-23.8,124.12,132,13957,16384,13214,38096,1748,True,1,-0.629,22750,
2026-03-26T14:39:02.199,T1,20260326_143823,5526,1.0,0.0,1.534,-66.3,-90.3,-23.9,126.08,120,14362,15130,9892,30590,1542,True,1,0.534,22750,
2026-03-26T14:39:02.708,T1,20260326_143823,5527,1.0,0.0,0.675,-65.4,-90.8,-25.5,115.6,92,11759,10635,6546,20654,1225,True,1,-0.32499999999999996,22750,
2026-03-26T14:39:03.187,T1,20260326_143823,5528,1.0,0.0,0.211,-65.0,-90.1,-25.1,110.59,128,11649,14155,9885,26295,1363,True,1,-0.789,22750,
2026-03-26T14:39:03.698,T1,20260326_143823,5529,1.0,0.0,0.244,-66.6,-90.8,-24.2,115.34,136,12511,15686,14851,39958,1777,True,1,-0.756,22750,
2026-03-26T14:39:04.209,T1,20260326_143823,5530,1.0,0.0,0.596,-66.5,-91.1,-24.7,107.19,124,13519,13292,9222,30839,1556,True,1,-0.404,22750,
2026-03-26T14:39:04.716,T1,20260326_143823,5531,1.0,0.0,0.417,-64.9,-90.4,-25.5,123.01,108,11647,13285,8111,24540,1313,True,1,-0.583,22750,
2026-03-26T14:39:05.196,T1,20260326_143823,5532,1.0,0.0,0.826,-66.5,-90.3,-23.8,160.02,104,14079,16642,10544,33630,1625,True,1,-0.17400000000000004,22750,
2026-03-26T14:39:05.709,T1,20260326_143823,5533,1.0,0.0,0.483,-66.0,-90.2,-24.2,115.22,116,8833,13365,12545,24112,1353,True,1,-0.517,22750,
2026-03-26T14:39:06.216,T1,20260326_143823,5534,1.0,0.0,1.674,-65.7,-90.3,-24.7,148.1,104,12585,15402,11260,31902,1540,True,1,0.6739999999999999,22750,
2026-03-26T14:39:06.698,T1,20260326_143823,5535,1.0,0.0,0.319,-66.2,-90.0,-23.8,122.4,144,13721,17626,12833,36203,1668,True,1,-0.681,22750,
2026-03-26T14:39:07.207,T1,20260326_143823,5536,1.0,0.0,0.272,-67.0,-90.9,-23.9,123.09,140,14533,17233,13496,43756,1886,True,1,-0.728,22750,
2026-03-26T14:39:07.716,T1,20260326_143823,5537,1.0,0.0,0.929,-66.9,-90.3,-23.4,139.17,120,13519,16700,11651,33578,1648,True,1,-0.07099999999999995,22750,
2026-03-26T14:39:08.196,T1,20260326_143823,5538,1.0,0.0,1.341,-66.0,-89.8,-23.8,130.26,124,11951,16152,13465,30889,1534,True,1,0.34099999999999997,22750,
2026-03-26T14:39:08.707,T1,20260326_143823,5539,1.0,0.0,1.154,-66.2,-91.0,-24.8,120.19,116,10428,13942,13630,33634,1612,True,1,0.15399999999999991,22750,
2026-03-26T14:39:09.218,T1,20260326_143823,5540,1.0,0.0,0.943,-65.5,-91.7,-26.2,121.86,84,5135,10236,10994,21409,1255,True,1,-0.05700000000000005,22750,
2026-03-26T14:39:09.699,T1,20260326_143823,5541,1.0,0.0,0.947,-65.9,-91.6,-25.7,113.37,92,5250,10430,11451,21352,1270,True,1,-0.05300000000000005,22750,
2026-03-26T14:39:10.206,T1,20260326_143823,5542,1.0,0.0,0.755,-66.5,-91.1,-24.6,121.48,112,11464,13606,7987,26202,1433,True,1,-0.245,22750,
2026-03-26T14:39:10.717,T1,20260326_143823,5543,1.0,0.0,0.488,-65.5,-91.4,-25.9,119.12,104,10441,12388,7618,25201,1358,True,1,-0.512,22750,
2026-03-26T14:39:11.226,T1,20260326_143823,5544,1.0,0.0,0.952,-66.3,-90.9,-24.6,111.11,92,6747,10222,11649,18969,1213,True,1,-0.04800000000000004,22750,
2026-03-26T14:39:11.708,T1,20260326_143823,5545,1.0,0.0,0.821,-66.0,-91.4,-25.4,125.69,104,8997,13072,9206,25678,1398,True,1,-0.17900000000000005,22750,
2026-03-26T14:39:12.218,T1,20260326_143823,5546,1.0,0.0,1.623,-66.1,-91.3,-25.2,120.14,104,9923,12495,8908,24524,1370,True,1,0.623,22750,
2026-03-26T14:39:12.697,T1,20260326_143823,5547,1.0,0.0,1.116,-66.4,-91.8,-25.4,126.74,100,9574,12674,9473,27872,1473,True,1,0.1160000000000001,22750,
2026-03-26T14:39:13.207,T1,20260326_143823,5548,1.0,0.0,1.032,-65.2,-91.2,-26.0,117.74,100,9820,11774,7309,22153,1261,True,1,0.03200000000000003,22750,
2026-03-26T14:39:13.719,T1,20260326_143823,5549,1.0,0.0,0.366,-65.5,-91.6,-26.0,91.5,140,10289,12810,8612,28210,1441,True,1,-0.634,22750,
2026-03-26T14:39:14.230,T1,20260326_143823,5550,1.0,0.0,1.051,-65.6,-90.9,-25.2,105.15,124,11014,13038,8005,24517,1348,True,1,0.050999999999999934,22750,
2026-03-26T14:39:14.706,T1,20260326_143823,5551,1.0,0.0,0.117,-65.5,-91.2,-25.8,112.18,104,9036,11667,7209,20617,1228,True,1,-0.883,22750,
2026-03-26T14:39:15.217,T1,20260326_143823,5552,1.0,0.0,0.901,-65.7,-91.0,-25.3,119.9,124,10319,14868,11709,33030,1566,True,1,-0.09899999999999998,22750,
2026-03-26T14:39:15.730,T1,20260326_143823,5553,1.0,0.0,1.187,-66.2,-90.9,-24.7,129.62,112,11071,14517,11207,30848,1541,True,1,0.18700000000000006,22750,
2026-03-26T14:39:16.207,T1,20260326_143823,5554,1.0,0.0,0.492,-65.7,-90.8,-25.1,81.01,152,7553,12314,12351,24427,1348,True,1,-0.508,22750,
2026-03-26T14:39:16.718,T1,20260326_143823,5555,1.0,0.0,0.901,-66.0,-91.7,-25.7,120.61,100,8358,12061,10808,27045,1433,True,1,-0.09899999999999998,22750,
2026-03-26T14:39:17.227,T1,20260326_143823,5556,1.0,0.0,0.713,-66.4,-91.5,-25.1,87.83,148,8059,12999,12087,28912,1501,True,1,-0.28700000000000003,22750,
2026-03-26T14:39:17.706,T1,20260326_143823,5557,1.0,0.0,0.436,-65.6,-90.9,-25.3,126.97,104,8476,13205,11910,26910,1410,True,1,-0.5640000000000001,22750,
2026-03-26T14:39:18.216,T1,20260326_143823,5558,1.0,0.0,0.464,-65.5,-91.6,-26.1,93.56,144,9780,13472,11572,34247,1584,True,1,-0.536,22750,
2026-03-26T14:39:18.726,T1,20260326_143823,5559,1.0,0.0,1.098,-64.8,-91.4,-26.6,81.85,136,10088,11131,6530,22337,1250,True,1,0.09800000000000009,22750,
2026-03-26T14:39:19.209,T1,20260326_143823,5560,1.0,0.0,0.924,-65.3,-90.4,-25.1,98.28,120,7506,11793,12499,22298,1269,True,1,-0.07599999999999996,22750,
2026-03-26T14:39:19.718,T1,20260326_143823,5561,1.0,0.0,0.971,-65.6,-92.9,-27.3,108.48,100,4881,10848,10756,28242,1445,True,1,-0.029000000000000026,22750,
2026-03-26T14:39:20.227,T1,20260326_143823,5562,1.0,0.0,1.501,-66.3,-90.3,-24.0,107.96,124,12310,13387,9752,24556,1379,True,1,0.5009999999999999,22750,
2026-03-26T14:39:20.708,T1,20260326_143823,5563,1.0,0.0,0.868,-67.1,-90.7,-23.6,148.15,88,11875,13037,9379,23755,1395,True,1,-0.132,22750,
2026-03-26T14:39:21.216,T1,20260326_143823,5564,1.0,0.0,0.896,-67.3,-90.0,-22.7,144.95,104,12744,15075,13411,28863,1551,True,1,-0.10399999999999998,22750,
2026-03-26T14:39:21.727,T1,20260326_143823,5565,1.0,0.0,1.187,-67.7,-89.7,-22.0,162.79,104,14176,16930,14603,32125,1655,True,1,0.18700000000000006,22750,
2026-03-26T14:39:22.236,T1,20260326_143823,5566,1.0,0.0,0.089,-67.7,-90.0,-22.2,173.43,84,12236,14568,10082,22478,1387,True,1,-0.911,22750,
2026-03-26T14:39:22.717,T1,20260326_143823,5567,1.0,0.0,0.643,-68.2,-89.9,-21.7,139.38,104,10114,14496,14160,23742,1447,True,1,-0.357,22750,
2026-03-26T14:39:23.226,T1,20260326_143823,5568,1.0,0.0,0.807,-68.0,-89.9,-21.9,168.34,92,11815,15487,12724,25528,1490,True,1,-0.19299999999999995,22750,
2026-03-26T14:39:23.737,T1,20260326_143823,5569,1.0,0.0,1.459,-67.8,-90.1,-22.3,128.77,112,11923,14422,10608,23078,1411,True,1,0.4590000000000001,22750,
2026-03-26T14:39:24.216,T1,20260326_143823,5570,1.0,0.0,0.413,-67.6,-90.2,-22.6,136.0,116,15693,15776,10152,30903,1619,True,1,-0.587,22750,
2026-03-26T14:39:24.726,T1,20260326_143823,5571,1.0,0.0,0.108,-67.6,-90.4,-22.8,141.28,96,12068,13563,8701,21991,1365,True,1,-0.892,22750,
2026-03-26T14:39:25.235,T1,20260326_143823,5572,1.0,0.0,0.966,-67.9,-91.7,-23.8,124.03,104,8587,12899,9424,23413,1425,True,1,-0.03400000000000003,22750,
2026-03-26T14:39:25.745,T1,20260326_143823,5573,1.0,0.0,0.755,-67.9,-91.1,-23.3,175.56,80,11378,14045,8657,25222,1476,True,1,-0.245,22750,
2026-03-26T14:39:26.227,T1,20260326_143823,5574,1.0,0.0,0.905,-67.7,-91.0,-23.3,118.0,96,9207,11328,13458,24458,1447,True,1,-0.09499999999999997,22750,
2026-03-26T14:39:26.740,T1,20260326_143823,5575,1.0,0.0,0.492,-67.7,-90.5,-22.8,137.48,88,9421,12098,12428,21382,1352,True,1,-0.508,22750,
2026-03-26T14:39:27.248,T1,20260326_143823,5576,1.0,0.0,0.553,-67.4,-90.6,-23.1,136.9,108,12065,14785,10279,26878,1502,True,1,-0.44699999999999995,22750,
2026-03-26T14:39:27.731,T1,20260326_143823,5577,1.0,0.0,0.474,-67.9,-90.6,-22.7,118.89,124,13947,14742,10448,28807,1578,True,1,-0.526,22750,
2026-03-26T14:39:28.240,T1,20260326_143823,5578,1.0,0.0,1.008,-66.8,-90.9,-24.1,108.59,104,9557,11293,7337,17411,1182,True,1,0.008000000000000007,22750,
2026-03-26T14:39:28.749,T1,20260326_143823,5579,1.0,0.0,1.196,-67.9,-90.6,-22.7,171.0,92,12879,15732,13860,33608,1706,True,1,0.19599999999999995,22750,
2026-03-26T14:39:29.257,T1,20260326_143823,5580,1.0,0.0,0.342,-67.7,-91.0,-23.4,110.92,96,6739,10648,13191,20771,1331,True,1,-0.6579999999999999,22750,
2026-03-26T14:39:29.735,T1,20260326_143823,5581,1.0,0.0,0.61,-67.4,-91.1,-23.7,180.55,76,10424,13722,8902,24232,1425,True,1,-0.39,22750,
2026-03-26T14:39:30.245,T1,20260326_143823,5582,1.0,0.0,0.244,-69.3,-91.9,-22.7,108.45,140,11538,15183,15263,41106,1979,True,1,-0.756,22750,
2026-03-26T14:39:30.728,T1,20260326_143823,5583,1.0,0.0,1.346,-65.4,-93.6,-28.3,88.83,108,5009,9594,6924,21898,1261,True,1,0.3460000000000001,22750,
2026-03-26T14:39:31.236,T1,20260326_143823,5584,1.0,0.0,1.234,-67.3,-91.6,-24.4,122.63,112,10565,13735,8324,27292,1504,True,1,0.23399999999999999,22750,
2026-03-26T14:39:31.747,T1,20260326_143823,5585,1.0,0.0,0.919,-67.2,-92.2,-25.0,160.86,88,10240,14156,8416,31763,1617,True,1,-0.08099999999999996,22750,
2026-03-26T14:39:32.255,T1,20260326_143823,5586,1.0,0.0,1.116,-67.7,-93.3,-25.5,89.5,124,848,11098,14291,34207,1712,True,1,0.1160000000000001,22750,
2026-03-26T14:39:32.735,T1,20260326_143823,5587,1.0,0.0,0.328,-67.2,-92.2,-25.0,145.84,92,9476,13417,8217,28261,1525,True,1,-0.6719999999999999,22750,
2026-03-26T14:39:33.246,T1,20260326_143823,5588,1.0,0.0,0.99,-67.9,-93.1,-25.2,105.14,116,2166,12196,13091,32253,1670,True,1,-0.010000000000000009,22750,
2026-03-26T14:39:33.790,T1,20260326_143823,5589,1.0,0.0,1.088,-67.3,-92.6,-25.3,103.8,100,2604,10380,11340,22172,1358,True,1,0.08800000000000008,22750,
2026-03-26T14:39:34.235,T1,20260326_143823,5590,1.0,0.0,0.619,-67.2,-92.4,-25.2,93.84,112,3251,10510,11411,22136,1352,True,1,-0.381,22750,
2026-03-26T14:39:34.753,T1,20260326_143823,5591,1.0,0.0,0.164,-67.3,-92.7,-25.4,102.15,100,2956,10215,13072,26792,1493,True,1,-0.836,22750,
2026-03-26T14:39:35.254,T1,20260326_143823,5592,1.0,0.0,-0.098,-67.4,-92.2,-24.8,133.7,96,5529,12835,11010,26139,1479,True,1,-1.098,22750,
2026-03-26T14:39:35.739,T1,20260326_143823,5593,1.0,0.0,1.06,-67.3,-92.2,-24.9,114.46,108,7365,12362,8158,22856,1377,True,1,0.06000000000000005,22750,
2026-03-26T14:39:36.253,T1,20260326_143823,5594,1.0,0.0,1.159,-67.7,-92.8,-25.1,118.48,112,6229,13270,9652,28925,1570,True,1,0.15900000000000003,22750,
2026-03-26T14:39:36.758,T1,20260326_143823,5595,1.0,0.0,0.122,-67.2,-93.1,-25.9,119.11,96,3799,11435,12260,30759,1595,True,1,-0.878,22750,
2026-03-26T14:39:37.268,T1,20260326_143823,5596,1.0,0.0,0.882,-67.2,-92.1,-24.9,106.05,116,7557,12302,8426,23171,1384,True,1,-0.118,22750,
2026-03-26T14:39:37.749,T1,20260326_143823,5597,1.0,0.0,0.75,-67.4,-92.1,-24.7,119.99,120,5568,14399,12985,33155,1665,True,1,-0.25,22750,
2026-03-26T14:39:38.261,T1,20260326_143823,5598,1.0,0.0,0.019,-67.0,-92.0,-25.0,118.16,108,8903,12761,7558,24307,1407,True,1,-0.981,22750,
2026-03-26T14:39:38.797,T1,20260326_143823,5599,1.0,0.0,0.76,-67.3,-92.8,-25.4,137.83,96,6959,13232,9834,30498,1594,True,1,-0.24,22750,
2026-03-26T14:39:39.278,T1,20260326_143823,5600,1.0,0.0,0.905,-67.3,-92.6,-25.3,125.58,120,6497,15070,14091,43027,1890,True,1,-0.09499999999999997,22750,
2026-03-26T14:39:39.756,T1,20260326_143823,5601,1.0,0.0,0.113,-67.4,-92.9,-25.4,91.51,128,4627,11713,15421,38490,1797,True,1,-0.887,22750,
2026-03-26T14:39:40.295,T1,20260326_143823,5602,1.0,0.0,0.389,-67.0,-92.1,-25.1,129.82,96,6038,12463,9387,23611,1387,True,1,-0.611,22750,
2026-03-26T14:39:40.747,T1,20260326_143823,5603,1.0,0.0,0.746,-67.2,-92.5,-25.3,96.35,100,3613,9635,11950,22278,1355,True,1,-0.254,22750,
2026-03-26T14:39:41.256,T1,20260326_143823,5604,1.0,0.0,0.774,-67.3,-92.5,-25.2,101.37,100,4000,10137,13228,26439,1481,True,1,-0.22599999999999998,22750,
2026-03-26T14:39:41.766,T1,20260326_143823,5605,1.0,0.0,1.271,-67.0,-92.0,-25.0,136.22,108,7064,14712,11420,32486,1625,True,1,0.2709999999999999,22750,
2026-03-26T14:39:42.276,T1,20260326_143823,5606,1.0,0.0,0.047,-67.0,-92.2,-25.1,140.94,96,5712,13530,11428,29331,1546,True,1,-0.953,22750,
2026-03-26T14:39:42.760,T1,20260326_143823,5607,1.0,0.0,0.432,-65.9,-91.3,-25.4,102.25,116,10033,11861,7089,21912,1287,True,1,-0.5680000000000001,22750,
2026-03-26T14:39:43.274,T1,20260326_143823,5608,1.0,0.0,0.586,-68.1,-91.7,-23.5,127.08,96,8464,12200,14569,30406,1636,True,1,-0.41400000000000003,22750,
2026-03-26T14:39:43.778,T1,20260326_143823,5609,1.0,0.0,0.605,-67.5,-92.8,-25.3,89.86,148,7720,13299,10558,33282,1675,True,1,-0.395,22750,
2026-03-26T14:39:44.255,T1,20260326_143823,5610,1.0,0.0,0.075,-66.4,-88.9,-22.5,171.63,100,13324,17163,15134,29482,1516,True,1,-0.925,22750,
2026-03-26T14:39:44.766,T1,20260326_143823,5611,1.0,0.0,0.478,-67.0,-89.4,-22.4,203.02,84,16121,17054,11436,30595,1576,True,1,-0.522,22750,
2026-03-26T14:39:45.278,T1,20260326_143823,5612,1.0,0.0,0.755,-66.9,-89.7,-22.7,163.14,112,16670,18272,13913,38517,1766,True,1,-0.245,22750,
2026-03-26T14:39:45.757,T1,20260326_143823,5613,1.0,0.0,0.708,-67.3,-89.9,-22.5,189.46,96,18190,18188,15168,43756,1909,True,1,-0.29200000000000004,22750,
2026-03-26T14:39:46.265,T1,20260326_143823,5614,1.0,0.0,1.168,-67.4,-89.5,-22.1,172.18,100,13509,17218,13446,29649,1577,True,1,0.16799999999999993,22750,
2026-03-26T14:39:46.778,T1,20260326_143823,5615,1.0,0.0,1.215,-67.4,-89.5,-22.1,250.72,72,15258,18052,12854,32448,1645,True,1,0.21500000000000008,22750,
2026-03-26T14:39:47.287,T1,20260326_143823,5616,1.0,0.0,1.159,-67.9,-89.5,-21.5,211.46,80,16337,16917,10920,28715,1579,True,1,0.15900000000000003,22750,
2026-03-26T14:39:47.765,T1,20260326_143823,5617,1.0,0.0,1.121,-68.5,-89.4,-20.9,211.39,80,11645,16911,15711,27136,1564,True,1,0.121,22750,
2026-03-26T14:39:48.275,T1,20260326_143823,5618,1.0,0.0,0.577,-68.2,-89.6,-21.4,210.86,84,14270,17712,17528,35842,1778,True,1,-0.42300000000000004,22750,
2026-03-26T14:39:48.789,T1,20260326_143823,5619,1.0,0.0,0.216,-67.7,-89.7,-22.1,175.33,100,15455,17533,10999,30876,1623,True,1,-0.784,22750,
2026-03-26T14:39:49.267,T1,20260326_143823,5620,1.0,0.0,0.056,-67.6,-89.4,-21.7,254.14,64,13696,16265,12470,25885,1484,True,1,-0.944,22750,
2026-03-26T14:39:49.777,T1,20260326_143823,5621,1.0,0.0,1.623,-67.8,-89.5,-21.7,204.0,84,11721,17136,15059,28489,1565,True,1,0.623,22750,
2026-03-26T14:39:50.289,T1,20260326_143823,5622,1.0,0.0,0.253,-68.0,-89.7,-21.7,219.43,76,11630,16677,15274,29104,1594,True,1,-0.747,22750,
2026-03-26T14:39:50.767,T1,20260326_143823,5623,1.0,0.0,0.61,-67.1,-89.9,-22.9,163.13,108,12978,17618,13368,33193,1647,True,1,-0.39,22750,
2026-03-26T14:39:51.276,T1,20260326_143823,5624,1.0,0.0,0.328,-67.2,-90.0,-22.8,141.56,108,11452,15288,16384,32445,1636,True,1,-0.6719999999999999,22750,
2026-03-26T14:39:51.758,T1,20260326_143823,5625,1.0,0.0,0.366,-67.1,-89.5,-22.4,162.41,104,12007,16891,14891,29420,1552,True,1,-0.634,22750,
2026-03-26T14:39:52.266,T1,20260326_143823,5626,1.0,0.0,0.145,-66.8,-89.7,-23.0,140.48,108,14076,15172,12738,29098,1526,True,1,-0.855,22750,
2026-03-26T14:39:52.774,T1,20260326_143823,5627,1.0,0.0,0.464,-67.3,-89.7,-22.5,193.58,92,13600,17809,13242,32110,1631,True,1,-0.536,22750,
2026-03-26T14:39:53.284,T1,20260326_143823,5628,1.0,0.0,1.069,-68.0,-89.7,-21.8,203.99,80,13824,16319,12273,27621,1551,True,1,0.06899999999999995,22750,
2026-03-26T14:39:53.854,T1,20260326_143823,5629,1.0,0.0,0.159,-67.5,-89.9,-22.4,182.68,88,13542,16076,13775,30857,1611,True,1,-0.841,22750,
2026-03-26T14:39:54.279,T1,20260326_143823,5630,1.0,0.0,1.327,-67.6,-89.7,-22.1,185.9,92,12540,17103,13859,29489,1579,True,1,0.32699999999999996,22750,
2026-03-26T14:39:54.816,T1,20260326_143823,5631,1.0,0.0,0.779,-67.4,-90.2,-22.8,148.8,100,17187,14880,10311,32827,1657,True,1,-0.22099999999999997,22750,
2026-03-26T14:39:55.295,T1,20260326_143823,5632,1.0,0.0,0.174,-66.8,-89.9,-23.0,193.66,88,13652,17042,12080,31455,1591,True,1,-0.8260000000000001,22750,
2026-03-26T14:39:55.807,T1,20260326_143823,5633,1.0,0.0,1.196,-67.1,-89.6,-22.5,218.03,76,13443,16570,13018,29183,1549,True,1,0.19599999999999995,22750,
2026-03-26T14:39:56.286,T1,20260326_143823,5634,1.0,0.0,0.042,-67.2,-93.3,-26.1,157.05,84,3982,13192,10274,31951,1625,True,1,-0.958,22750,
2026-03-26T14:39:56.799,T1,20260326_143823,5635,1.0,0.0,0.84,-68.7,-94.0,-25.2,113.72,88,7127,10007,8474,25324,1524,True,1,-0.16000000000000003,22750,
2026-03-26T14:39:57.276,T1,20260326_143823,5636,1.0,0.0,0.422,-67.1,-91.6,-24.6,143.72,96,10504,13797,13516,36050,1717,True,1,-0.5780000000000001,22750,
2026-03-26T14:39:57.787,T1,20260326_143823,5637,1.0,0.0,1.332,-66.0,-91.7,-25.8,119.85,84,7312,10067,7016,16751,1126,True,1,0.3320000000000001,22750,
2026-03-26T14:39:58.267,T1,20260326_143823,5638,1.0,0.0,1.21,-66.7,-90.2,-23.5,144.45,88,6879,12712,14163,22808,1348,True,1,0.20999999999999996,22750,
2026-03-26T14:39:58.776,T1,20260326_143823,5639,1.0,0.0,-0.038,-65.6,-91.5,-25.9,84.98,132,10059,11217,13219,32475,1550,True,1,-1.038,22750,
2026-03-26T14:39:59.287,T1,20260326_143823,5640,1.0,0.0,0.746,-66.2,-91.7,-25.6,125.83,88,5831,11073,8954,19264,1216,True,1,-0.254,22750,
2026-03-26T14:39:59.766,T1,20260326_143823,5641,1.0,0.0,0.31,-66.7,-92.2,-25.5,111.29,132,10155,14690,9168,35223,1675,True,1,-0.69,22750,
2026-03-26T14:40:00.276,T1,20260326_143823,5642,1.0,0.0,0.629,-66.5,-93.3,-26.8,86.98,128,4326,11133,9854,27591,1475,True,1,-0.371,22750,
2026-03-26T14:40:00.787,T1,20260326_143823,5643,1.0,0.0,0.319,-65.0,-91.4,-26.4,93.46,108,7771,10094,6717,16947,1097,True,1,-0.681,22750,
2026-03-26T14:40:01.266,T1,20260326_143823,5644,1.0,0.0,0.478,-63.1,-87.5,-24.4,142.01,108,16292,15337,11328,25841,1267,True,1,-0.522,22750,
2026-03-26T14:40:01.776,T1,20260326_143823,5645,1.0,0.0,0.694,-66.3,-92.6,-26.2,97.77,108,5828,10559,7298,19337,1225,True,1,-0.30600000000000005,22750,
2026-03-26T14:40:02.314,T1,20260326_143823,5646,1.0,0.0,0.886,-67.9,-91.5,-23.5,131.86,120,14500,15823,9749,37702,1809,True,1,-0.11399999999999999,22750,
2026-03-26T14:40:02.795,T1,20260326_143823,5647,1.0,0.0,0.689,-66.0,-93.3,-27.4,99.82,100,1975,9982,8813,21610,1279,True,1,-0.31100000000000005,22750,
2026-03-26T14:40:03.276,T1,20260326_143823,5648,1.0,0.0,0.502,-66.2,-93.3,-27.1,150.57,80,6564,12046,7825,29087,1495,True,1,-0.498,22750,
2026-03-26T14:40:03.786,T1,20260326_143823,5649,1.0,0.0,-0.098,-66.2,-93.8,-27.6,129.01,68,1122,8773,10052,23511,1347,True,1,-1.098,22750,
2026-03-26T14:40:04.295,T1,20260326_143823,5650,1.0,0.0,0.535,-66.4,-94.0,-27.5,105.68,84,2290,8877,8001,19764,1243,True,1,-0.46499999999999997,22750,
2026-03-26T14:40:04.806,T1,20260326_143823,5651,1.0,0.0,0.319,-66.6,-93.2,-26.6,164.02,60,4782,9841,6028,17355,1173,True,1,-0.681,22750,
2026-03-26T14:40:05.285,T1,20260326_143823,5652,1.0,0.0,1.299,-66.2,-93.4,-27.1,126.16,80,627,10093,9722,23156,1337,True,1,0.29899999999999993,22750,
2026-03-26T14:40:05.796,T1,20260326_143823,5653,1.0,0.0,0.675,-66.5,-93.2,-26.6,110.42,76,2465,8392,10343,20206,1262,True,1,-0.32499999999999996,22750,
2026-03-26T14:40:06.278,T1,20260326_143823,5654,1.0,0.0,0.952,-66.5,-93.5,-27.0,120.59,88,2982,10612,9114,24584,1389,True,1,-0.04800000000000004,22750,
2026-03-26T14:40:06.786,T1,20260326_143823,5655,1.0,0.0,0.647,-66.6,-93.0,-26.4,172.17,64,1567,11019,9831,23488,1363,True,1,-0.353,22750,
2026-03-26T14:40:07.296,T1,20260326_143823,5656,1.0,0.0,0.568,-67.1,-92.8,-25.7,142.97,88,5917,12581,8477,25843,1457,True,1,-0.43200000000000005,22750,
2026-03-26T14:40:07.776,T1,20260326_143823,5657,1.0,0.0,0.544,-67.1,-93.4,-26.3,128.43,100,4832,12843,8722,29728,1560,True,1,-0.45599999999999996,22750,
2026-03-26T14:40:08.286,T1,20260326_143823,5658,1.0,0.0,0.422,-66.6,-93.1,-26.5,94.84,68,4760,6449,10628,19195,1234,True,1,-0.5780000000000001,22750,
2026-03-26T14:40:08.797,T1,20260326_143823,5659,1.0,0.0,-0.084,-66.8,-92.8,-25.9,124.8,88,4036,10982,8319,20296,1278,True,1,-1.084,22750,
2026-03-26T14:40:09.306,T1,20260326_143823,5660,1.0,0.0,0.666,-67.5,-92.9,-25.4,117.9,116,2534,13676,12013,32695,1659,True,1,-0.33399999999999996,22750,
2026-03-26T14:40:09.787,T1,20260326_143823,5661,1.0,0.0,0.263,-67.3,-92.7,-25.4,163.1,88,7470,14353,9155,32244,1637,True,1,-0.737,22750,
2026-03-26T14:40:10.325,T1,20260326_143823,5662,1.0,0.0,0.15,-67.4,-93.0,-25.6,97.66,80,4255,7813,11573,21505,1343,True,1,-0.85,22750,
2026-03-26T14:40:10.776,T1,20260326_143823,5663,1.0,0.0,1.492,-67.7,-92.7,-24.9,160.79,76,5568,12220,7992,22097,1374,True,1,0.492,22750,
2026-03-26T14:40:11.287,T1,20260326_143823,5664,1.0,0.0,0.244,-77.3,-93.2,-15.9,124.28,104,4989,12925,10109,15466,1602,True,1,-0.756,22750,
2026-03-26T14:40:11.797,T1,20260326_143823,5665,1.0,0.0,0.83,-67.8,-92.9,-25.0,147.93,88,2600,13018,11212,28330,1563,True,1,-0.17000000000000004,22750,
2026-03-26T14:40:12.305,T1,20260326_143823,5666,1.0,0.0,0.633,-67.5,-93.0,-25.4,149.71,92,7625,13773,8880,32278,1651,True,1,-0.367,22750,
2026-03-26T14:40:12.785,T1,20260326_143823,5667,1.0,0.0,1.093,-67.4,-93.3,-25.9,103.7,100,4683,10370,6968,18915,1257,True,1,0.09299999999999997,22750,
2026-03-26T14:40:13.298,T1,20260326_143823,5668,1.0,0.0,0.76,-66.6,-92.6,-26.0,108.71,116,6509,12610,8453,26355,1444,True,1,-0.24,22750,
2026-03-26T14:40:13.804,T1,20260326_143823,5669,1.0,0.0,0.624,-67.7,-93.6,-25.9,82.07,100,4179,8207,11745,25072,1461,True,1,-0.376,22750,
2026-03-26T14:40:14.315,T1,20260326_143823,5670,1.0,0.0,0.915,-66.8,-93.0,-26.2,104.94,108,4759,11334,7870,22267,1336,True,1,-0.08499999999999996,22750,
2026-03-26T14:40:14.797,T1,20260326_143823,5671,1.0,0.0,0.826,-66.2,-93.9,-27.6,101.25,108,2350,10935,8509,26179,1421,True,1,-0.17400000000000004,22750,
2026-03-26T14:40:15.304,T1,20260326_143823,5672,1.0,0.0,0.45,-66.6,-93.4,-26.7,103.67,112,8459,11611,6910,29293,1525,True,1,-0.55,22750,
2026-03-26T14:40:15.783,T1,20260326_143823,5673,1.0,0.0,0.694,-66.9,-93.2,-26.2,86.39,96,3008,8293,9618,18279,1217,True,1,-0.30600000000000005,22750,
2026-03-26T14:40:16.297,T1,20260326_143823,5674,1.0,0.0,0.422,-66.3,-93.0,-26.6,93.87,116,3850,10889,8834,22663,1327,True,1,-0.5780000000000001,22750,
2026-03-26T14:40:16.804,T1,20260326_143823,5675,1.0,0.0,1.327,-65.7,-93.1,-27.4,89.66,124,5604,11118,7320,23773,1330,True,1,0.32699999999999996,22750,
2026-03-26T14:40:17.285,T1,20260326_143823,5676,1.0,0.0,1.21,-66.1,-92.8,-26.8,76.42,104,7264,7948,12680,29087,1489,True,1,0.20999999999999996,22750,
2026-03-26T14:40:17.854,T1,20260326_143823,5677,1.0,0.0,0.352,-66.7,-93.2,-26.5,93.89,96,5513,9013,11976,27888,1490,True,1,-0.648,22750,
2026-03-26T14:40:18.333,T1,20260326_143823,5678,1.0,0.0,1.126,-66.6,-92.7,-26.2,111.74,104,3625,11621,11346,27578,1476,True,1,0.1259999999999999,22750,
2026-03-26T14:40:18.787,T1,20260326_143823,5679,1.0,0.0,0.31,-66.9,-92.9,-26.0,80.99,104,7022,8423,12651,28494,1517,True,1,-0.69,22750,
2026-03-26T14:40:19.297,T1,20260326_143823,5680,1.0,0.0,1.13,-67.1,-93.0,-25.9,112.3,92,4811,10332,9491,22499,1357,True,1,0.1299999999999999,22750,
2026-03-26T14:40:19.835,T1,20260326_143823,5681,1.0,0.0,1.187,-66.8,-92.6,-25.8,118.12,104,4579,12285,9575,25309,1425,True,1,0.18700000000000006,22750,
2026-03-26T14:40:20.345,T1,20260326_143823,5682,1.0,0.0,0.652,-67.3,-93.4,-26.1,95.91,108,4766,10358,11170,28106,1526,True,1,-0.348,22750,
2026-03-26T14:40:20.795,T1,20260326_143823,5683,1.0,0.0,0.127,-67.1,-93.3,-26.2,128.43,88,5003,11302,7866,23498,1387,True,1,-0.873,22750,
2026-03-26T14:40:21.306,T1,20260326_143823,5684,1.0,0.0,0.704,-64.5,-92.9,-28.4,92.78,116,6006,10763,7352,24781,1302,True,1,-0.29600000000000004,22750,
2026-03-26T14:40:21.816,T1,20260326_143823,5685,1.0,0.0,0.169,-65.5,-93.1,-27.5,89.41,120,6579,10729,6969,23928,1326,True,1,-0.831,22750,
2026-03-26T14:40:22.294,T1,20260326_143823,5686,1.0,0.0,0.295,-65.9,-92.9,-27.0,115.65,96,7607,11102,6759,24612,1362,True,1,-0.7050000000000001,22750,
2026-03-26T14:40:22.805,T1,20260326_143823,5687,1.0,0.0,0.502,-66.1,-92.9,-26.8,119.34,96,5754,11457,9146,26745,1430,True,1,-0.498,22750,
2026-03-26T14:40:23.316,T1,20260326_143823,5688,1.0,0.0,0.155,-67.2,-93.2,-26.0,97.85,100,6114,9785,11234,27666,1510,True,1,-0.845,22750,
2026-03-26T14:40:23.825,T1,20260326_143823,5689,1.0,0.0,1.107,-66.5,-92.5,-26.0,94.48,96,7162,9070,12300,26960,1456,True,1,0.10699999999999998,22750,
2026-03-26T14:40:24.306,T1,20260326_143823,5690,1.0,0.0,0.976,-66.7,-92.6,-25.9,111.46,100,4983,11146,11426,26676,1458,True,1,-0.02400000000000002,22750,
2026-03-26T14:40:24.817,T1,20260326_143823,5691,1.0,0.0,-0.005,-66.5,-93.3,-26.8,91.85,108,5298,9920,11839,30457,1546,True,1,-1.005,22750,
2026-03-26T14:40:25.293,T1,20260326_143823,5692,1.0,0.0,0.15,-67.1,-92.5,-25.4,96.27,100,6259,9627,11902,25082,1435,True,1,-0.85,22750,
2026-03-26T14:40:25.806,T1,20260326_143823,5693,1.0,0.0,1.013,-66.7,-92.3,-25.6,129.85,92,6812,11946,8163,22771,1345,True,1,0.0129999999999999,22750,
2026-03-26T14:40:26.315,T1,20260326_143823,5694,1.0,0.0,0.291,-67.1,-92.3,-25.2,95.58,88,7507,8411,12299,24275,1412,True,1,-0.7090000000000001,22750,
2026-03-26T14:40:26.827,T1,20260326_143823,5695,1.0,0.0,-0.136,-66.8,-93.2,-26.5,115.79,104,6060,12042,10363,31919,1598,True,1,-1.1360000000000001,22750,
2026-03-26T14:40:27.306,T1,20260326_143823,5696,1.0,0.0,0.877,-67.7,-92.9,-25.2,115.9,108,6811,12517,8100,25953,1488,True,1,-0.123,22750,
2026-03-26T14:40:27.815,T1,20260326_143823,5697,1.0,0.0,0.488,-67.8,-92.5,-24.7,123.16,104,5283,12809,12331,29907,1603,True,1,-0.512,22750,
2026-03-26T14:40:28.324,T1,20260326_143823,5698,1.0,0.0,0.009,-67.8,-92.3,-24.5,94.29,96,7031,9052,12522,23712,1426,True,1,-0.991,22750,
2026-03-26T14:40:28.805,T1,20260326_143823,5699,1.0,0.0,0.558,-66.7,-93.1,-26.4,94.86,112,6107,10624,7751,22583,1343,True,1,-0.44199999999999995,22750,
2026-03-26T14:40:29.315,T1,20260326_143823,5700,1.0,0.0,0.915,-68.6,-92.0,-23.4,146.12,112,10272,16365,10353,35201,1790,True,1,-0.08499999999999996,22750,
2026-03-26T14:40:29.825,T1,20260326_143823,5701,1.0,0.0,0.492,-68.1,-92.3,-24.2,132.01,100,6020,13201,13017,30859,1646,True,1,-0.508,22750,
2026-03-26T14:40:30.305,T1,20260326_143823,5702,1.0,0.0,0.868,-67.4,-92.6,-25.2,107.66,116,5893,12489,11330,29200,1562,True,1,-0.132,22750,
2026-03-26T14:40:30.816,T1,20260326_143823,5703,1.0,0.0,0.483,-66.4,-92.1,-25.7,116.65,108,6315,12598,10425,26800,1449,True,1,-0.517,22750,
2026-03-26T14:40:31.325,T1,20260326_143823,5704,1.0,0.0,-0.155,-66.2,-92.1,-25.9,67.91,140,8472,9508,13124,29661,1509,True,1,-1.155,22750,
2026-03-26T14:40:31.808,T1,20260326_143823,5705,1.0,0.0,1.06,-65.9,-91.9,-26.1,83.68,112,8367,9372,12748,27813,1447,True,1,0.06000000000000005,22750,
2026-03-26T14:40:32.315,T1,20260326_143823,5706,1.0,0.0,0.375,-66.3,-92.1,-25.8,148.49,96,7884,14255,10300,32363,1583,True,1,-0.625,22750,
2026-03-26T14:40:32.824,T1,20260326_143823,5707,1.0,0.0,0.886,-66.9,-92.7,-25.8,133.31,100,8274,13331,8473,30914,1583,True,1,-0.11399999999999999,22750,
2026-03-26T14:40:33.334,T1,20260326_143823,5708,1.0,0.0,-0.183,-67.6,-92.0,-24.4,107.14,108,8007,11571,14585,32189,1652,True,1,-1.183,22750,
2026-03-26T14:40:33.814,T1,20260326_143823,5709,1.0,0.0,0.488,-66.9,-91.9,-25.0,114.28,124,7250,14171,12907,33871,1654,True,1,-0.512,22750,
2026-03-26T14:40:34.324,T1,20260326_143823,5710,1.0,0.0,0.938,-67.1,-92.4,-25.4,99.85,124,6300,12381,10693,27717,1505,True,1,-0.062000000000000055,22750,
2026-03-26T14:40:34.837,T1,20260326_143823,5711,1.0,0.0,0.727,-67.9,-91.7,-23.9,140.02,104,9721,14562,9358,28563,1571,True,1,-0.273,22750,
2026-03-26T14:40:35.315,T1,20260326_143823,5712,1.0,0.0,1.083,-67.8,-92.2,-24.4,124.01,112,9001,13889,10196,30440,1618,True,1,0.08299999999999996,22750,
2026-03-26T14:40:35.825,T1,20260326_143823,5713,1.0,0.0,0.994,-67.1,-91.8,-24.7,173.42,84,8421,14567,10506,30227,1574,True,1,-0.006000000000000005,22750,
2026-03-26T14:40:36.364,T1,20260326_143823,5714,1.0,0.0,0.99,-66.9,-92.2,-25.3,146.92,92,5967,13517,10790,28824,1524,True,1,-0.010000000000000009,22750,
2026-03-26T14:40:36.814,T1,20260326_143823,5715,1.0,0.0,1.59,-67.6,-91.7,-24.1,147.8,96,8154,14189,10876,27962,1540,True,1,0.5900000000000001,22750,
2026-03-26T14:40:37.325,T1,20260326_143823,5716,1.0,0.0,0.3,-66.2,-92.0,-25.8,128.3,100,9065,12830,8331,27101,1443,True,1,-0.7,22750,
2026-03-26T14:40:37.835,T1,20260326_143823,5717,1.0,0.0,1.398,-66.8,-91.9,-25.2,116.41,100,8523,11641,7224,21342,1307,True,1,0.3979999999999999,22750,
2026-03-26T14:40:38.314,T1,20260326_143823,5718,1.0,0.0,1.548,-65.5,-91.9,-26.4,81.56,108,6371,8808,10382,19864,1207,True,1,0.548,22750,
2026-03-26T14:40:38.830,T1,20260326_143823,5719,1.0,0.0,1.548,-67.4,-91.5,-24.2,126.83,88,7672,11161,13197,25625,1462,True,1,0.548,22750,
2026-03-26T14:40:39.333,T1,20260326_143823,5720,1.0,0.0,1.44,-67.4,-91.9,-24.5,130.09,120,10957,15611,10637,36862,1757,True,1,0.43999999999999995,22750,
2026-03-26T14:40:39.874,T1,20260326_143823,5721,1.0,0.0,0.417,-66.5,-92.4,-25.9,115.65,112,4959,12953,10760,28809,1506,True,1,-0.583,22750,
2026-03-26T14:40:40.324,T1,20260326_143823,5722,1.0,0.0,0.877,-67.5,-92.9,-25.3,108.78,112,5558,12183,8734,24687,1444,True,1,-0.123,22750,
2026-03-26T14:40:40.834,T1,20260326_143823,5723,1.0,0.0,0.788,-66.7,-91.8,-25.1,118.09,104,6802,12281,12546,28436,1508,True,1,-0.21199999999999997,22750,
2026-03-26T14:40:41.343,T1,20260326_143823,5724,1.0,0.0,0.094,-66.2,-92.1,-25.9,100.91,132,6954,13320,10318,29151,1497,True,1,-0.906,22750,
2026-03-26T14:40:41.825,T1,20260326_143823,5725,1.0,0.0,0.249,-66.7,-92.9,-26.2,97.34,112,5436,10902,11633,29085,1524,True,1,-0.751,22750,
2026-03-26T14:40:42.336,T1,20260326_143823,5726,1.0,0.0,0.793,-66.9,-91.9,-25.0,103.73,108,5641,11203,10955,22321,1342,True,1,-0.20699999999999996,22750,
2026-03-26T14:40:42.844,T1,20260326_143823,5727,1.0,0.0,0.385,-66.8,-91.9,-25.2,86.88,152,7153,13206,10624,27753,1490,True,1,-0.615,22750,
2026-03-26T14:40:43.325,T1,20260326_143823,5728,1.0,0.0,-0.108,-66.9,-92.3,-25.4,103.6,128,9361,13261,8454,29363,1541,True,1,-1.108,22750,
2026-03-26T14:40:43.835,T1,20260326_143823,5729,1.0,0.0,1.421,-66.9,-91.9,-24.9,119.13,124,11314,14772,8941,33900,1656,True,1,0.42100000000000004,22750,
2026-03-26T14:40:44.344,T1,20260326_143823,5730,1.0,0.0,0.122,-68.1,-92.5,-24.4,144.0,96,8277,13824,10054,30575,1641,True,1,-0.878,22750,
2026-03-26T14:40:44.855,T1,20260326_143823,5731,1.0,0.0,1.219,-67.6,-91.8,-24.3,83.03,100,10167,8303,13116,26087,1487,True,1,0.21900000000000008,22750,
2026-03-26T14:40:45.334,T1,20260326_143823,5732,1.0,0.0,0.61,-66.5,-91.7,-25.2,95.53,108,7616,10317,12135,24694,1393,True,1,-0.39,22750,
2026-03-26T14:40:45.846,T1,20260326_143823,5733,1.0,0.0,0.497,-67.7,-92.4,-24.7,109.44,112,7448,12257,10838,27391,1530,True,1,-0.503,22750,
2026-03-26T14:40:46.326,T1,20260326_143823,5734,1.0,0.0,0.042,-67.6,-91.8,-24.2,111.89,128,8192,14322,14210,35780,1742,True,1,-0.958,22750,
2026-03-26T14:40:46.833,T1,20260326_143823,5735,1.0,0.0,1.121,-66.3,-91.7,-25.4,109.93,108,8527,11872,7335,21641,1296,True,1,0.121,22750,
2026-03-26T14:40:47.343,T1,20260326_143823,5736,1.0,0.0,0.647,-66.4,-91.7,-25.2,104.05,112,9404,11654,15106,35822,1675,True,1,-0.353,22750,
2026-03-26T14:40:47.854,T1,20260326_143823,5737,1.0,0.0,1.093,-67.1,-91.5,-24.4,86.65,124,9568,10745,14339,29880,1563,True,1,0.09299999999999997,22750,
2026-03-26T14:40:48.335,T1,20260326_143823,5738,1.0,0.0,0.169,-67.6,-92.6,-25.0,91.42,132,7080,12068,10845,28392,1552,True,1,-0.831,22750,
2026-03-26T14:40:48.845,T1,20260326_143823,5739,1.0,0.0,0.183,-67.4,-92.2,-24.8,123.84,108,8863,13375,8105,26727,1493,True,1,-0.817,22750,
2026-03-26T14:40:49.354,T1,20260326_143823,5740,1.0,0.0,1.66,-67.2,-91.9,-24.6,111.06,108,7644,11994,14789,32784,1647,True,1,0.6599999999999999,22750,
2026-03-26T14:40:49.835,T1,20260326_143823,5741,1.0,0.0,0.178,-67.3,-92.0,-24.7,114.03,104,8463,11859,14103,32791,1648,True,1,-0.8220000000000001,22750,
2026-03-26T14:40:50.343,T1,20260326_143823,5742,1.0,0.0,0.999,-67.4,-91.8,-24.3,128.08,104,7198,13320,10750,25933,1475,True,1,-0.0010000000000000009,22750,
2026-03-26T14:40:50.854,T1,20260326_143823,5743,1.0,0.0,0.413,-67.7,-92.2,-24.6,125.88,104,7953,13092,8462,25350,1469,True,1,-0.587,22750,
2026-03-26T14:40:51.364,T1,20260326_143823,5744,1.0,0.0,0.328,-66.8,-92.0,-25.2,128.21,92,7835,11795,12900,30247,1556,True,1,-0.6719999999999999,22750,
2026-03-26T14:40:51.845,T1,20260326_143823,5745,1.0,0.0,0.469,-66.5,-92.2,-25.6,117.06,96,6585,11238,12235,28154,1490,True,1,-0.531,22750,
2026-03-26T14:40:52.355,T1,20260326_143823,5746,1.0,0.0,0.483,-66.5,-92.2,-25.7,108.26,96,7928,10393,11729,27181,1462,True,1,-0.517,22750,
2026-03-26T14:40:52.833,T1,20260326_143823,5747,1.0,0.0,0.704,-66.6,-91.5,-24.9,121.84,116,10225,14133,9421,29333,1524,True,1,-0.29600000000000004,22750,
2026-03-26T14:40:53.343,T1,20260326_143823,5748,1.0,0.0,1.065,-66.4,-91.8,-25.4,109.09,116,7528,12654,9362,24710,1391,True,1,0.06499999999999995,22750,
2026-03-26T14:40:53.856,T1,20260326_143823,5749,1.0,0.0,1.088,-66.1,-92.0,-25.9,110.56,112,8860,12383,8069,25863,1406,True,1,0.08800000000000008,22750,
2026-03-26T14:40:54.365,T1,20260326_143823,5750,1.0,0.0,1.027,-67.0,-91.9,-24.9,137.75,96,7396,13224,9892,25999,1455,True,1,0.026999999999999913,22750,
2026-03-26T14:40:54.845,T1,20260326_143823,5751,1.0,0.0,0.324,-66.6,-91.8,-25.2,136.65,100,6805,13665,12420,31319,1574,True,1,-0.6759999999999999,22750,
2026-03-26T14:40:55.354,T1,20260326_143823,5752,1.0,0.0,1.022,-67.4,-91.7,-24.3,107.52,120,8093,12902,14927,33930,1685,True,1,0.02200000000000002,22750,
2026-03-26T14:40:55.835,T1,20260326_143823,5753,1.0,0.0,0.779,-67.2,-91.6,-24.4,59.58,176,9566,10486,13557,28087,1521,True,1,-0.22099999999999997,22750,
2026-03-26T14:40:56.346,T1,20260326_143823,5754,1.0,0.0,0.136,-65.9,-91.7,-25.7,102.54,112,7167,11485,8406,20655,1250,True,1,-0.864,22750,
2026-03-26T14:40:56.855,T1,20260326_143823,5755,1.0,0.0,1.29,-66.1,-91.7,-25.7,78.5,120,5672,9420,9272,16973,1138,True,1,0.29000000000000004,22750,
2026-03-26T14:40:57.334,T1,20260326_143823,5756,1.0,0.0,1.046,-66.0,-91.4,-25.5,129.4,92,8177,11905,8428,21599,1279,True,1,0.04600000000000004,22750,
2026-03-26T14:40:57.842,T1,20260326_143823,5757,1.0,0.0,0.488,-66.7,-91.6,-25.0,81.48,116,6010,9452,10675,18404,1210,True,1,-0.512,22750,
2026-03-26T14:40:58.353,T1,20260326_143823,5758,1.0,0.0,0.399,-67.0,-91.7,-24.7,131.02,92,8184,12054,9118,22422,1352,True,1,-0.601,22750,
2026-03-26T14:40:58.863,T1,20260326_143823,5759,1.0,0.0,0.07,-66.7,-91.4,-24.6,148.82,92,9242,13691,10092,26971,1468,True,1,-0.9299999999999999,22750,
2026-03-26T14:40:59.344,T1,20260326_143823,5760,1.0,0.0,0.783,-67.4,-91.3,-23.8,127.77,104,7656,13288,12205,25726,1468,True,1,-0.21699999999999997,22750,
2026-03-26T14:40:59.855,T1,20260326_143823,5761,1.0,0.0,0.938,-67.1,-91.3,-24.2,113.9,124,10884,14123,8294,26950,1487,True,1,-0.062000000000000055,22750,
2026-03-26T14:41:00.363,T1,20260326_143823,5762,1.0,0.0,1.599,-67.7,-92.6,-24.9,99.25,124,10950,12307,7595,29207,1580,True,1,0.599,22750,
2026-03-26T14:41:00.843,T1,20260326_143823,5763,1.0,0.0,1.098,-66.9,-91.4,-24.5,94.92,152,7712,14428,12724,30573,1571,True,1,0.09800000000000009,22750,
2026-03-26T14:41:01.354,T1,20260326_143823,5764,1.0,0.0,0.75,-67.1,-91.5,-24.5,101.33,120,9295,12160,7658,21353,1321,True,1,-0.25,22750,
2026-03-26T14:41:01.891,T1,20260326_143823,5765,1.0,0.0,1.416,-66.5,-91.5,-25.0,93.46,136,7503,12711,12827,29049,1511,True,1,0.4159999999999999,22750,
2026-03-26T14:41:02.344,T1,20260326_143823,5766,1.0,0.0,1.154,-66.8,-91.6,-24.7,90.38,124,6421,11207,10004,19971,1268,True,1,0.15399999999999991,22750,
2026-03-26T14:41:02.856,T1,20260326_143823,5767,1.0,0.0,0.957,-68.2,-91.8,-23.6,96.22,116,10811,11161,14855,33226,1713,True,1,-0.04300000000000004,22750,
2026-03-26T14:41:03.364,T1,20260326_143823,5768,1.0,0.0,0.033,-67.4,-91.4,-24.0,96.08,112,6587,10761,11922,20892,1321,True,1,-0.967,22750,
2026-03-26T14:41:03.845,T1,20260326_143823,5769,1.0,0.0,0.338,-67.6,-92.1,-24.5,140.25,88,8871,12342,9321,25572,1474,True,1,-0.6619999999999999,22750,
2026-03-26T14:41:04.355,T1,20260326_143823,5770,1.0,0.0,0.915,-68.0,-91.7,-23.7,152.85,96,8955,14674,14135,35333,1755,True,1,-0.08499999999999996,22750,
2026-03-26T14:41:04.864,T1,20260326_143823,5771,1.0,0.0,0.417,-67.5,-92.0,-24.4,119.31,120,9135,14317,9054,28927,1562,True,1,-0.583,22750,
2026-03-26T14:41:05.345,T1,20260326_143823,5772,1.0,0.0,0.295,-67.7,-92.4,-24.8,112.8,116,8251,13085,14236,38160,1803,True,1,-0.7050000000000001,22750,
2026-03-26T14:41:05.884,T1,20260326_143823,5773,1.0,0.0,0.474,-66.8,-91.4,-24.6,70.65,112,9900,7913,11840,21570,1317,True,1,-0.526,22750,
2026-03-26T14:41:06.393,T1,20260326_143823,5774,1.0,0.0,0.713,-67.5,-91.9,-24.3,148.1,96,9200,14218,9148,28286,1545,True,1,-0.28700000000000003,22750,
2026-03-26T14:41:06.847,T1,20260326_143823,5775,1.0,0.0,0.877,-67.4,-91.4,-24.0,131.79,112,9839,14760,10163,28839,1553,True,1,-0.123,22750,
2026-03-26T14:41:07.353,T1,20260326_143823,5776,1.0,0.0,0.281,-66.9,-91.6,-24.8,123.87,112,9531,13873,8417,26925,1474,True,1,-0.719,22750,
2026-03-26T14:41:07.893,T1,20260326_143823,5777,1.0,0.0,0.582,-66.1,-91.7,-25.6,123.4,100,9644,12340,7495,24663,1375,True,1,-0.41800000000000004,22750,
2026-03-26T14:41:08.374,T1,20260326_143823,5778,1.0,0.0,0.038,-66.4,-91.6,-25.2,81.16,124,6478,10064,11165,20688,1271,True,1,-0.962,22750,
2026-03-26T14:41:08.853,T1,20260326_143823,5779,1.0,0.0,0.352,-66.6,-92.7,-26.1,101.96,112,8753,11420,7972,26603,1452,True,1,-0.648,22750,
2026-03-26T14:41:09.363,T1,20260326_143823,5780,1.0,0.0,-0.042,-66.9,-91.5,-24.6,129.55,108,8138,13991,12849,31467,1596,True,1,-1.042,22750,
2026-03-26T14:41:09.872,T1,20260326_143823,5781,1.0,0.0,0.507,-66.6,-92.6,-26.0,105.25,108,10021,11367,6848,26551,1449,True,1,-0.493,22750,
2026-03-26T14:41:10.382,T1,20260326_143823,5782,1.0,0.0,0.586,-66.9,-92.2,-25.4,107.7,128,10576,13786,9804,34456,1666,True,1,-0.41400000000000003,22750,
2026-03-26T14:41:10.864,T1,20260326_143823,5783,1.0,0.0,0.779,-66.8,-92.6,-25.7,100.69,124,9994,12486,8315,30610,1569,True,1,-0.22099999999999997,22750,
2026-03-26T14:41:11.375,T1,20260326_143823,5784,1.0,0.0,0.6,-66.5,-91.6,-25.1,120.86,96,7707,11603,12470,27112,1461,True,1,-0.4,22750,
2026-03-26T14:41:11.883,T1,20260326_143823,5785,1.0,0.0,0.666,-67.3,-92.3,-25.0,111.23,112,9992,12458,8292,27772,1519,True,1,-0.33399999999999996,22750,
2026-03-26T14:41:12.364,T1,20260326_143823,5786,1.0,0.0,0.629,-67.0,-91.5,-24.5,102.6,124,7674,12723,11002,24862,1420,True,1,-0.371,22750,
2026-03-26T14:41:12.872,T1,20260326_143823,5787,1.0,0.0,0.389,-67.3,-91.9,-24.6,128.41,104,8672,13355,9579,27031,1501,True,1,-0.611,22750,
2026-03-26T14:41:13.354,T1,20260326_143823,5788,1.0,0.0,1.243,-67.0,-91.3,-24.3,111.1,108,7557,11999,10094,21152,1314,True,1,0.2430000000000001,22750,
2026-03-26T14:41:13.864,T1,20260326_143823,5789,1.0,0.0,1.562,-67.3,-91.2,-23.9,104.18,120,7989,12501,12822,25742,1461,True,1,0.562,22750,
2026-03-26T14:41:14.373,T1,20260326_143823,5790,1.0,0.0,0.464,-67.3,-91.6,-24.3,115.02,124,8463,14262,11853,30270,1585,True,1,-0.536,22750,
2026-03-26T14:41:14.884,T1,20260326_143823,5791,1.0,0.0,0.249,-66.9,-91.6,-24.7,131.47,112,8269,14725,11390,30831,1578,True,1,-0.751,22750,
2026-03-26T14:41:15.363,T1,20260326_143823,5792,1.0,0.0,1.098,-66.9,-92.1,-25.3,124.38,76,6684,9453,8261,17266,1180,True,1,0.09800000000000009,22750,
2026-03-26T14:41:15.904,T1,20260326_143823,5793,1.0,0.0,0.736,-66.5,-91.4,-24.9,113.63,100,7205,11363,8303,18339,1202,True,1,-0.264,22750,
2026-03-26T14:41:16.354,T1,20260326_143823,5794,1.0,0.0,0.361,-66.5,-91.4,-24.9,98.46,140,8380,13784,11395,28553,1498,True,1,-0.639,22750,
2026-03-26T14:41:16.864,T1,20260326_143823,5795,1.0,0.0,0.971,-66.1,-91.4,-25.3,104.95,128,7839,13434,10788,27119,1442,True,1,-0.029000000000000026,22750,
2026-03-26T14:41:17.373,T1,20260326_143823,5796,1.0,0.0,0.295,-66.8,-91.4,-24.7,122.19,112,10413,13685,8292,26450,1455,True,1,-0.7050000000000001,22750,
2026-03-26T14:41:17.882,T1,20260326_143823,5797,1.0,0.0,0.009,-66.4,-91.8,-25.3,107.85,124,9842,13374,10540,31215,1563,True,1,-0.991,22750,
2026-03-26T14:41:18.422,T1,20260326_143823,5798,1.0,0.0,0.661,-65.9,-91.4,-25.4,100.36,112,7128,11240,9075,19730,1221,True,1,-0.33899999999999997,22750,
2026-03-26T14:41:18.874,T1,20260326_143823,5799,1.0,0.0,1.337,-66.1,-91.4,-25.3,117.81,104,7692,12252,8954,22130,1301,True,1,0.33699999999999997,22750,
2026-03-26T14:41:19.443,T1,20260326_143823,5800,1.0,0.0,0.244,-66.1,-91.3,-25.3,110.74,124,9073,13732,10038,27716,1454,True,1,-0.756,22750,
2026-03-26T14:41:19.893,T1,20260326_143823,5801,1.0,0.0,0.849,-67.0,-92.3,-25.4,101.98,124,9319,12646,9068,29242,1540,True,1,-0.15100000000000002,22750,
2026-03-26T14:41:20.372,T1,20260326_143823,5802,1.0,0.0,0.244,-66.9,-92.0,-25.1,131.69,96,8266,12642,8252,24405,1404,True,1,-0.756,22750,
2026-03-26T14:41:20.883,T1,20260326_143823,5803,1.0,0.0,1.313,-66.6,-91.6,-25.0,114.31,136,12986,15546,9290,37739,1727,True,1,0.31299999999999994,22750,
2026-03-26T14:41:21.391,T1,20260326_143823,5804,1.0,0.0,0.211,-66.7,-91.2,-24.5,113.52,136,11402,15439,11205,33963,1646,True,1,-0.789,22750,
2026-03-26T14:41:21.874,T1,20260326_143823,5805,1.0,0.0,0.769,-66.2,-91.0,-24.8,99.34,104,7793,10331,11403,20559,1258,True,1,-0.23099999999999998,22750,
2026-03-26T14:41:22.412,T1,20260326_143823,5806,1.0,0.0,0.497,-66.3,-91.4,-25.1,114.49,120,10412,13739,9156,28733,1494,True,1,-0.503,22750,
2026-03-26T14:41:22.922,T1,20260326_143823,5807,1.0,0.0,0.492,-66.9,-91.4,-24.5,118.22,132,12807,15605,9716,35781,1699,True,1,-0.508,22750,
2026-03-26T14:41:23.372,T1,20260326_143823,5808,1.0,0.0,0.755,-67.2,-91.2,-24.0,129.19,104,9234,13436,13397,30093,1578,True,1,-0.245,22750,
2026-03-26T14:41:23.911,T1,20260326_143823,5809,1.0,0.0,1.201,-66.7,-91.0,-24.3,134.94,108,9854,14574,15203,36141,1698,True,1,0.20100000000000007,22750,
2026-03-26T14:41:24.393,T1,20260326_143823,5810,1.0,0.0,0.394,-66.8,-91.3,-24.5,142.12,104,10978,14781,9537,30101,1555,True,1,-0.606,22750,
2026-03-26T14:41:24.874,T1,20260326_143823,5811,1.0,0.0,0.483,-66.3,-91.3,-25.0,113.03,100,7305,11303,10778,21854,1303,True,1,-0.517,22750,
2026-03-26T14:41:25.384,T1,20260326_143823,5812,1.0,0.0,0.028,-66.6,-91.3,-24.7,111.88,108,8049,12083,12319,25813,1431,True,1,-0.972,22750,
2026-03-26T14:41:25.892,T1,20260326_143823,5813,1.0,0.0,0.46,-67.1,-91.9,-24.8,102.3,128,8990,13094,10610,28969,1541,True,1,-0.54,22750,
2026-03-26T14:41:26.402,T1,20260326_143823,5814,1.0,0.0,0.98,-67.3,-91.2,-23.9,144.35,100,8504,14435,12660,29308,1559,True,1,-0.020000000000000018,22750,
2026-03-26T14:41:26.884,T1,20260326_143823,5815,1.0,0.0,0.328,-67.4,-91.2,-23.8,163.27,100,11787,16327,11489,35778,1731,True,1,-0.6719999999999999,22750,
2026-03-26T14:41:27.393,T1,20260326_143823,5816,1.0,0.0,-0.009,-67.8,-91.2,-23.3,148.47,112,10777,16629,13791,37060,1786,True,1,-1.009,22750,
2026-03-26T14:41:27.903,T1,20260326_143823,5817,1.0,0.0,0.704,-68.2,-91.9,-23.6,143.5,100,9769,14350,12024,32390,1693,True,1,-0.29600000000000004,22750,
2026-03-26T14:41:28.382,T1,20260326_143823,5818,1.0,0.0,0.685,-66.0,-91.7,-25.7,88.55,104,7329,9209,10595,20406,1245,True,1,-0.31499999999999995,22750,
2026-03-26T14:41:28.894,T1,20260326_143823,5819,1.0,0.0,0.647,-66.3,-92.3,-26.0,77.0,136,7526,10472,8353,21661,1296,True,1,-0.353,22750,
2026-03-26T14:41:29.403,T1,20260326_143823,5820,1.0,0.0,0.216,-66.5,-91.6,-25.2,123.84,104,7322,12879,9687,24441,1384,True,1,-0.784,22750,
2026-03-26T14:41:29.883,T1,20260326_143823,5821,1.0,0.0,1.13,-66.2,-91.1,-24.8,121.43,96,7742,11657,10459,21242,1280,True,1,0.1299999999999999,22750,
2026-03-26T14:41:30.394,T1,20260326_143823,5822,1.0,0.0,1.506,-67.1,-91.4,-24.3,125.45,108,11032,13549,8483,26582,1476,True,1,0.506,22750,
2026-03-26T14:41:30.903,T1,20260326_143823,5823,1.0,0.0,1.454,-66.5,-91.0,-24.5,121.41,124,10696,15055,14998,38045,1730,True,1,0.45399999999999996,22750,
2026-03-26T14:41:31.387,T1,20260326_143823,5824,1.0,0.0,0.394,-67.2,-92.2,-24.9,118.83,116,11052,13784,9390,33385,1661,True,1,-0.606,22750,
2026-03-26T14:41:31.894,T1,20260326_143823,5825,1.0,0.0,0.474,-66.4,-91.4,-25.0,107.99,116,9232,12527,7976,22880,1337,True,1,-0.526,22750,
2026-03-26T14:41:32.401,T1,20260326_143823,5826,1.0,0.0,1.515,-65.9,-91.8,-25.9,110.95,112,7644,12426,8812,24333,1353,True,1,0.5149999999999999,22750,
2026-03-26T14:41:32.912,T1,20260326_143823,5827,1.0,0.0,0.643,-66.6,-92.0,-25.4,89.53,120,7689,10744,9503,22202,1324,True,1,-0.357,22750,
2026-03-26T14:41:33.394,T1,20260326_143823,5828,1.0,0.0,1.107,-66.1,-91.3,-25.2,123.82,112,9255,13868,11077,29836,1513,True,1,0.10699999999999998,22750,
2026-03-26T14:41:33.902,T1,20260326_143823,5829,1.0,0.0,0.469,-65.8,-91.6,-25.8,106.16,116,9037,12314,7911,24111,1343,True,1,-0.531,22750,
2026-03-26T14:41:34.382,T1,20260326_143823,5830,1.0,0.0,0.976,-65.8,-91.5,-25.7,106.97,120,8592,12836,10658,27957,1446,True,1,-0.02400000000000002,22750,
2026-03-26T14:41:34.892,T1,20260326_143823,5831,1.0,0.0,0.765,-66.1,-92.2,-26.1,91.56,100,7826,9156,9658,21677,1289,True,1,-0.235,22750,
2026-03-26T14:41:35.402,T1,20260326_143823,5832,1.0,0.0,0.98,-66.2,-92.6,-26.5,95.06,100,9244,9506,5627,20851,1265,True,1,-0.020000000000000018,22750,
2026-03-26T14:41:35.913,T1,20260326_143823,5833,1.0,0.0,0.638,-66.1,-91.7,-25.6,107.17,104,9430,11146,11386,27827,1460,True,1,-0.362,22750,
2026-03-26T14:41:36.423,T1,20260326_143823,5834,1.0,0.0,1.229,-66.0,-91.0,-25.0,106.54,116,11912,12359,13753,33520,1594,True,1,0.2290000000000001,22750,
2026-03-26T14:41:36.932,T1,20260326_143823,5835,1.0,0.0,1.29,-65.6,-91.0,-25.4,118.1,100,8696,11810,11429,24682,1350,True,1,0.29000000000000004,22750,
2026-03-26T14:41:37.412,T1,20260326_143823,5836,1.0,0.0,0.432,-65.2,-91.5,-26.3,118.51,92,7094,10903,8120,19278,1176,True,1,-0.5680000000000001,22750,
2026-03-26T14:41:37.894,T1,20260326_143823,5837,1.0,0.0,1.445,-65.3,-91.4,-26.1,115.59,108,8829,12484,9582,25902,1367,True,1,0.44500000000000006,22750,
2026-03-26T14:41:38.404,T1,20260326_143823,5838,1.0,0.0,0.708,-65.3,-91.7,-26.4,112.69,88,7403,9917,8104,18692,1163,True,1,-0.29200000000000004,22750,
2026-03-26T14:41:38.884,T1,20260326_143823,5839,1.0,0.0,1.445,-66.0,-91.3,-25.3,104.62,144,12511,15066,9343,35075,1631,True,1,0.44500000000000006,22750,
2026-03-26T14:41:39.394,T1,20260326_143823,5840,1.0,0.0,1.548,-65.9,-91.2,-25.3,131.59,108,10203,14212,10228,30466,1516,True,1,0.548,22750,
2026-03-26T14:41:39.904,T1,20260326_143823,5841,1.0,0.0,0.507,-66.8,-90.8,-24.0,116.59,104,10283,12125,12968,26284,1451,True,1,-0.493,22750,
2026-03-26T14:41:40.411,T1,20260326_143823,5842,1.0,0.0,0.366,-66.0,-91.1,-25.1,131.77,112,10221,14758,11843,32684,1576,True,1,-0.634,22750,
2026-03-26T14:41:40.894,T1,20260326_143823,5843,1.0,0.0,0.994,-66.8,-91.6,-24.8,119.12,112,10877,13342,9795,29438,1536,True,1,-0.006000000000000005,22750,
2026-03-26T14:41:41.402,T1,20260326_143823,5844,1.0,0.0,1.618,-65.9,-90.9,-25.0,112.98,104,9313,11750,12456,26241,1408,True,1,0.6180000000000001,22750,
2026-03-26T14:41:41.913,T1,20260326_143823,5845,1.0,0.0,0.464,-66.7,-91.4,-24.6,128.09,124,13684,15883,9708,38342,1749,True,1,-0.536,22750,
2026-03-26T14:41:42.392,T1,20260326_143823,5846,1.0,0.0,0.314,-67.2,-91.9,-24.7,109.38,120,11540,13126,8472,29758,1568,True,1,-0.6859999999999999,22750,
2026-03-26T14:41:42.902,T1,20260326_143823,5847,1.0,0.0,0.333,-66.1,-91.5,-25.4,133.92,96,8467,12856,9038,24840,1377,True,1,-0.667,22750,
2026-03-26T14:41:43.440,T1,20260326_143823,5848,1.0,0.0,0.38,-65.9,-90.9,-25.1,111.71,104,9300,11618,12386,25897,1396,True,1,-0.62,22750,
2026-03-26T14:41:43.892,T1,20260326_143823,5849,1.0,0.0,1.604,-66.3,-91.0,-24.7,128.01,92,8509,11777,11250,22866,1330,True,1,0.6040000000000001,22750,
2026-03-26T14:41:44.402,T1,20260326_143823,5850,1.0,0.0,0.877,-66.2,-90.9,-24.7,131.15,104,9528,13640,10730,26335,1425,True,1,-0.123,22750,
2026-03-26T14:41:44.911,T1,20260326_143823,5851,1.0,0.0,0.962,-66.8,-91.7,-24.9,127.03,96,9808,12195,10287,27288,1480,True,1,-0.038000000000000034,22750,
2026-03-26T14:41:45.422,T1,20260326_143823,5852,1.0,0.0,0.305,-66.1,-91.2,-25.1,132.36,104,10646,13765,8779,27557,1452,True,1,-0.6950000000000001,22750,
2026-03-26T14:41:45.934,T1,20260326_143823,5853,1.0,0.0,0.535,-66.3,-91.1,-24.8,128.92,108,10238,13923,11186,29741,1520,True,1,-0.46499999999999997,22750,
2026-03-26T14:41:46.413,T1,20260326_143823,5854,1.0,0.0,0.568,-66.3,-91.0,-24.7,132.4,112,11566,14829,10096,31018,1552,True,1,-0.43200000000000005,22750,
2026-03-26T14:41:46.923,T1,20260326_143823,5855,1.0,0.0,0.253,-66.4,-91.0,-24.6,133.28,104,10764,13861,10972,28928,1504,True,1,-0.747,22750,
2026-03-26T14:41:47.433,T1,20260326_143823,5856,1.0,0.0,0.858,-66.3,-91.0,-24.6,132.75,116,11236,15399,11370,33397,1612,True,1,-0.14200000000000002,22750,
2026-03-26T14:41:47.942,T1,20260326_143823,5857,1.0,0.0,0.99,-66.5,-91.1,-24.6,152.71,96,11766,14660,9636,30432,1545,True,1,-0.010000000000000009,22750,
2026-03-26T14:41:48.393,T1,20260326_143823,5858,1.0,0.0,0.497,-66.2,-91.0,-24.8,124.28,96,10535,11931,12500,28285,1475,True,1,-0.503,22750,
2026-03-26T14:41:49.412,T1,20260326_143823,5860,1.0,0.0,0.497,-67.0,-91.5,-24.5,119.82,104,9882,12461,9776,25301,1433,True,1,-0.503,22750,
2026-03-26T14:41:49.892,T1,20260326_143823,5861,1.0,0.0,1.571,-66.8,-91.4,-24.6,118.87,100,10028,11887,10981,26095,1447,True,1,0.571,22750,
2026-03-26T14:41:50.402,T1,20260326_143823,5862,1.0,0.0,0.877,-66.2,-91.2,-25.0,118.03,116,10178,13691,9043,26756,1437,True,1,-0.123,22750,
2026-03-26T14:41:50.911,T1,20260326_143823,5863,1.0,0.0,1.234,-66.7,-91.1,-24.3,144.04,104,11088,14980,12883,34579,1662,True,1,0.23399999999999999,22750,
2026-03-26T14:41:51.393,T1,20260326_143823,5864,1.0,0.0,1.069,-66.7,-91.7,-25.0,124.04,100,10407,12404,8600,26413,1451,True,1,0.06899999999999995,22750,
2026-03-26T14:41:51.902,T1,20260326_143823,5865,1.0,0.0,1.182,-66.6,-91.2,-24.6,130.01,108,11687,14041,8960,29113,1518,True,1,0.18199999999999994,22750,
2026-03-26T14:41:52.412,T1,20260326_143823,5866,1.0,0.0,0.305,-66.7,-90.9,-24.2,126.68,104,10466,13175,12788,29222,1527,True,1,-0.6950000000000001,22750,
2026-03-26T14:41:52.922,T1,20260326_143823,5867,1.0,0.0,0.141,-66.6,-91.1,-24.5,120.88,116,11176,14022,9435,28140,1492,True,1,-0.859,22750,
2026-03-26T14:41:53.403,T1,20260326_143823,5868,1.0,0.0,0.657,-66.2,-91.2,-25.0,142.96,92,10829,13152,7891,25156,1391,True,1,-0.34299999999999997,22750,
2026-03-26T14:41:53.911,T1,20260326_143823,5869,1.0,0.0,0.994,-66.9,-91.7,-24.8,117.54,104,9815,12224,9661,25965,1451,True,1,-0.006000000000000005,22750,
2026-03-26T14:41:54.421,T1,20260326_143823,5870,1.0,0.0,0.272,-66.3,-91.3,-25.0,117.38,120,9115,14086,11414,29822,1520,True,1,-0.728,22750,
2026-03-26T14:41:54.903,T1,20260326_143823,5871,1.0,0.0,0.333,-66.9,-91.2,-24.3,128.67,100,10839,12867,12972,30700,1575,True,1,-0.667,22750,
2026-03-26T14:41:55.412,T1,20260326_143823,5872,1.0,0.0,1.309,-66.2,-91.0,-24.8,113.58,100,8964,11358,12378,24695,1380,True,1,0.30899999999999994,22750,
2026-03-26T14:41:55.891,T1,20260326_143823,5873,1.0,0.0,1.098,-66.4,-91.6,-25.1,110.58,100,10089,11058,11376,27256,1461,True,1,0.09800000000000009,22750,
2026-03-26T14:41:56.403,T1,20260326_143823,5874,1.0,0.0,0.624,-66.8,-90.7,-23.9,133.08,104,11514,13840,14123,31980,1601,True,1,-0.376,22750,
2026-03-26T14:41:56.911,T1,20260326_143823,5875,1.0,0.0,0.164,-67.0,-90.9,-23.9,149.73,92,12079,13775,8300,25737,1447,True,1,-0.836,22750,
2026-03-26T14:41:57.421,T1,20260326_143823,5876,1.0,0.0,0.436,-66.6,-91.6,-24.9,155.08,84,8757,13027,9322,25395,1420,True,1,-0.5640000000000001,22750,
2026-03-26T14:41:57.902,T1,20260326_143823,5877,1.0,0.0,1.332,-66.0,-90.7,-24.7,113.56,104,10316,11810,12934,26935,1430,True,1,0.3320000000000001,22750,
2026-03-26T14:41:58.413,T1,20260326_143823,5878,1.0,0.0,1.098,-65.9,-91.0,-25.1,105.45,120,10347,12654,12251,29086,1479,True,1,0.09800000000000009,22750,
2026-03-26T14:41:58.921,T1,20260326_143823,5879,1.0,0.0,0.872,-66.6,-90.6,-24.0,89.49,136,9837,12171,12227,23833,1373,True,1,-0.128,22750,
2026-03-26T14:41:59.403,T1,20260326_143823,5880,1.0,0.0,0.994,-66.8,-91.7,-24.9,140.1,84,9918,11768,9000,24677,1408,True,1,-0.006000000000000005,22750,
2026-03-26T14:41:59.913,T1,20260326_143823,5881,1.0,0.0,1.313,-66.7,-90.9,-24.2,111.13,120,10378,13336,11894,27839,1491,True,1,0.31299999999999994,22750,
2026-03-26T14:42:00.423,T1,20260326_143823,5882,1.0,0.0,0.985,-66.9,-91.2,-24.3,123.0,104,10237,12792,12109,28362,1513,True,1,-0.015000000000000013,22750,
2026-03-26T14:42:00.933,T1,20260326_143823,5883,1.0,0.0,0.403,-86.6,-92.6,-5.9,111.99,104,10189,11647,6960,6917,1478,False,1,-0.597,22750,
2026-03-26T14:42:01.413,T1,20260326_143823,5884,1.0,0.0,1.046,-65.1,-91.3,-26.3,116.56,108,9275,12589,9514,26857,1383,True,1,0.04600000000000004,22750,
2026-03-26T14:42:01.923,T1,20260326_143823,5885,1.0,0.0,0.178,-66.2,-91.5,-25.2,133.14,100,11067,13314,8438,28378,1480,True,1,-0.8220000000000001,22750,
2026-03-26T14:42:02.433,T1,20260326_143823,5886,1.0,0.0,1.285,-66.8,-91.3,-24.5,106.52,108,8486,11504,13957,28415,1510,True,1,0.2849999999999999,22750,
2026-03-26T14:42:02.941,T1,20260326_143823,5887,1.0,0.0,1.309,-68.0,-91.3,-23.3,144.27,100,10471,14427,11973,29879,1614,True,1,0.30899999999999994,22750,
2026-03-26T14:42:03.451,T1,20260326_143823,5888,1.0,0.0,0.605,-69.6,-92.0,-22.4,151.3,96,11403,14525,9458,29541,1694,True,1,-0.395,22750,
2026-03-26T14:42:03.933,T1,20260326_143823,5889,1.0,0.0,0.577,-66.4,-91.4,-25.0,140.31,68,7654,9541,9197,17331,1165,True,1,-0.42300000000000004,22750,
2026-03-26T14:42:04.411,T1,20260326_143823,5890,1.0,0.0,1.384,-68.1,-90.1,-21.9,169.8,96,14546,16301,10215,28161,1573,True,1,0.3839999999999999,22750,
2026-03-26T14:42:04.920,T1,20260326_143823,5891,1.0,0.0,1.088,-64.1,-87.6,-23.5,170.06,68,12707,11564,8258,14086,969,True,1,0.08800000000000008,22750,
2026-03-26T14:42:05.431,T1,20260326_143823,5892,1.0,0.0,1.515,-65.5,-92.5,-26.9,109.13,92,2207,10040,7885,16839,1113,True,1,0.5149999999999999,22750,
2026-03-26T14:42:05.911,T1,20260326_143823,5893,1.0,0.0,0.816,-66.4,-84.5,-18.1,181.08,92,12988,16659,14342,17376,1163,True,1,-0.18400000000000005,22750,
2026-03-26T14:42:06.421,T1,20260326_143823,5894,1.0,0.0,0.394,-64.8,-84.7,-19.9,165.43,96,17845,15881,14549,23583,1284,True,1,-0.606,22750,
2026-03-26T14:42:06.933,T1,20260326_143823,5895,1.0,0.0,1.055,-67.0,-86.2,-19.1,209.49,80,11110,16759,12538,16070,1145,True,1,0.05499999999999994,22750,
2026-03-26T14:42:07.441,T1,20260326_143823,5896,1.0,0.0,0.699,-63.8,-88.8,-25.0,91.82,120,12957,11018,9928,18800,1108,True,1,-0.30100000000000005,22750,
2026-03-26T14:42:07.951,T1,20260326_143823,5897,1.0,0.0,0.849,-66.8,-91.1,-24.2,128.87,100,8603,12887,10447,23257,1368,True,1,-0.15100000000000002,22750,
2026-03-26T14:42:08.461,T1,20260326_143823,5898,1.0,0.0,0.45,-65.5,-92.0,-26.4,109.14,88,8258,9604,6659,18454,1165,True,1,-0.55,22750,
2026-03-26T14:42:08.941,T1,20260326_143823,5899,1.0,0.0,1.506,-64.3,-89.0,-24.7,150.89,80,12227,12071,8945,18347,1113,True,1,0.506,22750,
2026-03-26T14:42:09.422,T1,20260326_143823,5900,1.0,0.0,0.793,-64.2,-89.0,-24.8,135.42,72,12684,9750,9829,17399,1079,True,1,-0.20699999999999996,22750,
2026-03-26T14:42:09.933,T1,20260326_143823,5901,1.0,0.0,1.637,-66.2,-90.8,-24.6,110.65,100,10716,11065,8323,20126,1247,True,1,0.637,22750,
2026-03-26T14:42:10.441,T1,20260326_143823,5902,1.0,0.0,0.675,-63.8,-90.2,-26.4,90.17,92,11287,8296,8586,18126,1087,True,1,-0.32499999999999996,22750,
2026-03-26T14:42:10.923,T1,20260326_143823,5903,1.0,0.0,0.84,-63.9,-89.9,-25.9,105.98,84,11274,8902,7680,16346,1038,True,1,-0.16000000000000003,22750,
2026-03-26T14:42:11.433,T1,20260326_143823,5904,1.0,0.0,1.285,-65.8,-91.4,-25.6,123.65,108,11429,13354,8951,30268,1505,True,1,0.2849999999999999,22750,
2026-03-26T14:42:11.942,T1,20260326_143823,5905,1.0,0.0,0.802,-66.2,-91.5,-25.4,109.99,96,8354,10559,12052,25437,1398,True,1,-0.19799999999999995,22750,
2026-03-26T14:42:12.452,T1,20260326_143823,5906,1.0,0.0,0.633,-67.2,-92.4,-25.2,109.14,124,9987,13533,11166,35754,1717,True,1,-0.367,22750,
2026-03-26T14:42:12.931,T1,20260326_143823,5907,1.0,0.0,1.093,-67.8,-92.4,-24.6,97.21,104,8562,10110,13954,31205,1639,True,1,0.09299999999999997,22750,
2026-03-26T14:42:13.442,T1,20260326_143823,5908,1.0,0.0,1.238,-67.5,-92.3,-24.8,117.12,92,4989,10775,12018,24177,1425,True,1,0.238,22750,
2026-03-26T14:42:13.926,T1,20260326_143823,5909,1.0,0.0,0.811,-67.8,-92.3,-24.4,133.12,112,9095,14909,11827,36639,1778,True,1,-0.18899999999999995,22750,
2026-03-26T14:42:14.431,T1,20260326_143823,5910,1.0,0.0,0.342,-67.1,-92.6,-25.6,150.83,88,8122,13273,8361,29245,1546,True,1,-0.6579999999999999,22750,
2026-03-26T14:42:14.940,T1,20260326_143823,5911,1.0,0.0,0.075,-66.1,-91.5,-25.3,105.74,92,8542,9728,10637,21499,1284,True,1,-0.925,22750,
2026-03-26T14:42:15.451,T1,20260326_143823,5912,1.0,0.0,1.018,-66.6,-92.9,-26.3,118.84,92,9082,10933,7381,26648,1454,True,1,0.018000000000000016,22750,
2026-03-26T14:42:15.931,T1,20260326_143823,5913,1.0,0.0,0.788,-65.9,-91.7,-25.9,119.49,88,9179,10515,9679,24021,1346,True,1,-0.21199999999999997,22750,
2026-03-26T14:42:16.441,T1,20260326_143823,5914,1.0,0.0,0.544,-65.7,-91.9,-26.2,110.96,108,9500,11984,9243,27735,1436,True,1,-0.45599999999999996,22750,
2026-03-26T14:42:16.980,T1,20260326_143823,5915,1.0,0.0,1.431,-64.9,-89.6,-24.7,102.25,104,13998,10634,10851,23234,1280,True,1,0.43100000000000005,22750,
2026-03-26T14:42:17.432,T1,20260326_143823,5916,1.0,0.0,1.074,-64.9,-90.6,-25.6,115.8,104,12788,12043,7361,24551,1315,True,1,0.07400000000000007,22750,
2026-03-26T14:42:17.940,T1,20260326_143823,5917,1.0,0.0,0.582,-67.0,-91.9,-25.0,125.5,104,10985,13052,8326,28989,1534,True,1,-0.41800000000000004,22750,
2026-03-26T14:42:18.450,T1,20260326_143823,5918,1.0,0.0,0.774,-64.8,-91.0,-26.2,91.18,104,8358,9483,8821,17900,1119,True,1,-0.22599999999999998,22750,
2026-03-26T14:42:18.932,T1,20260326_143823,5919,1.0,0.0,1.06,-66.0,-91.7,-25.7,144.6,72,8272,10411,6570,17923,1167,True,1,0.06000000000000005,22750,
2026-03-26T14:42:19.441,T1,20260326_143823,5920,1.0,0.0,0.835,-66.3,-91.3,-25.0,125.53,80,9159,10042,8686,19089,1215,True,1,-0.16500000000000004,22750,
2026-03-26T14:42:19.952,T1,20260326_143823,5921,1.0,0.0,0.755,-67.9,-91.4,-23.5,152.67,96,10764,14656,12575,32663,1683,True,1,-0.245,22750,
2026-03-26T14:42:20.432,T1,20260326_143823,5922,1.0,0.0,0.75,-65.8,-91.0,-25.2,106.96,104,9676,11124,11620,24819,1362,True,1,-0.25,22750,
2026-03-26T14:42:20.942,T1,20260326_143823,5923,1.0,0.0,1.163,-66.5,-91.9,-25.4,113.45,104,9931,11799,8066,25178,1409,True,1,0.16300000000000003,22750,
2026-03-26T14:42:21.452,T1,20260326_143823,5924,1.0,0.0,1.135,-66.1,-90.7,-24.7,117.86,92,9988,10843,12187,23806,1348,True,1,0.135,22750,
2026-03-26T14:42:21.931,T1,20260326_143823,5925,1.0,0.0,1.276,-66.7,-90.1,-23.5,131.2,92,10439,12070,13246,23398,1365,True,1,0.276,22750,
2026-03-26T14:42:22.440,T1,20260326_143823,5926,1.0,0.0,0.816,-66.6,-89.9,-23.3,144.8,84,11899,12163,14434,25825,1428,True,1,-0.18400000000000005,22750,
2026-03-26T14:42:22.952,T1,20260326_143823,5927,1.0,0.0,0.61,-66.2,-91.1,-25.0,135.73,96,10282,13030,9236,25570,1402,True,1,-0.39,22750,
2026-03-26T14:42:23.432,T1,20260326_143823,5928,1.0,0.0,1.599,-64.7,-90.6,-26.0,118.01,92,7642,10857,9610,18819,1142,True,1,0.599,22750,
2026-03-26T14:42:23.942,T1,20260326_143823,5929,1.0,0.0,0.976,-64.8,-90.3,-25.6,99.02,100,8349,9902,11097,18901,1149,True,1,-0.02400000000000002,22750,
2026-03-26T14:42:24.450,T1,20260326_143823,5930,1.0,0.0,1.102,-65.3,-90.3,-25.0,101.68,104,10300,10575,11392,21580,1250,True,1,0.10200000000000009,22750,
2026-03-26T14:42:24.962,T1,20260326_143823,5931,1.0,0.0,0.356,-66.1,-90.2,-24.1,110.27,96,11265,10586,12895,23321,1337,True,1,-0.644,22750,
2026-03-26T14:42:25.501,T1,20260326_143823,5932,1.0,0.0,1.022,-66.1,-91.4,-25.3,107.47,116,10715,12466,8869,26234,1415,True,1,0.02200000000000002,22750,
2026-03-26T14:42:26.008,T1,20260326_143823,5933,1.0,0.0,0.394,-65.4,-90.4,-25.0,120.55,100,9005,12055,9370,19940,1204,True,1,-0.606,22750,
2026-03-26T14:42:26.431,T1,20260326_143823,5934,1.0,0.0,0.478,-65.8,-91.3,-25.5,135.56,88,10095,11929,8520,23706,1332,True,1,-0.522,22750,
2026-03-26T14:42:26.940,T1,20260326_143823,5935,1.0,0.0,0.802,-65.2,-89.2,-24.0,134.99,80,11272,10799,12163,19057,1171,True,1,-0.19799999999999995,22750,
2026-03-26T14:42:27.450,T1,20260326_143823,5936,1.0,0.0,1.238,-65.9,-90.3,-24.4,145.53,96,11345,13971,9737,25001,1372,True,1,0.238,22750,
2026-03-26T14:42:27.959,T1,20260326_143823,5937,1.0,0.0,1.384,-65.6,-89.6,-24.0,126.02,100,13327,12602,14699,28795,1458,True,1,0.3839999999999999,22750,
2026-03-26T14:42:28.442,T1,20260326_143823,5938,1.0,0.0,0.492,-64.8,-90.4,-25.6,138.26,88,9292,12167,8532,20266,1189,True,1,-0.508,22750,
2026-03-26T14:42:28.980,T1,20260326_143823,5939,1.0,0.0,1.173,-65.7,-90.3,-24.6,135.35,96,10140,12994,9840,22201,1284,True,1,0.17300000000000004,22750,
2026-03-26T14:42:29.461,T1,20260326_143823,5940,1.0,0.0,0.038,-66.1,-90.4,-24.2,141.96,96,9008,13628,12894,25900,1409,True,1,-0.962,22750,
2026-03-26T14:42:29.970,T1,20260326_143823,5941,1.0,0.0,0.769,-66.2,-89.9,-23.6,138.51,88,10056,12189,11954,20620,1262,True,1,-0.23099999999999998,22750,
2026-03-26T14:42:30.480,T1,20260326_143823,5942,1.0,0.0,0.169,-66.2,-89.7,-23.5,121.81,100,10719,12181,13455,22761,1325,True,1,-0.831,22750,
2026-03-26T14:42:30.959,T1,20260326_143823,5943,1.0,0.0,-0.009,-65.8,-90.8,-25.0,140.67,92,11449,12942,8197,24721,1359,True,1,-1.009,22750,
2026-03-26T14:42:31.442,T1,20260326_143823,5944,1.0,0.0,0.413,-65.3,-90.1,-24.8,148.17,92,10389,13632,11454,25256,1353,True,1,-0.587,22750,
2026-03-26T14:42:31.952,T1,20260326_143823,5945,1.0,0.0,-0.052,-66.9,-89.7,-22.8,146.69,104,12323,15256,15178,29630,1546,True,1,-1.052,22750,
2026-03-26T14:42:32.462,T1,20260326_143823,5946,1.0,0.0,0.647,-66.2,-90.1,-23.9,109.84,108,11349,11863,12953,24245,1367,True,1,-0.353,22750,
2026-03-26T14:42:32.940,T1,20260326_143823,5947,1.0,0.0,0.793,-66.5,-90.4,-23.9,149.4,84,11034,12550,12400,25391,1413,True,1,-0.20699999999999996,22750,
2026-03-26T14:42:33.452,T1,20260326_143823,5948,1.0,0.0,1.022,-65.9,-91.4,-25.5,134.53,96,9255,12915,9774,26564,1417,True,1,0.02200000000000002,22750,
