timestamp,device,anchor_id,seq,distance_m,rx_power,fp_power,fp_rx_ratio,quality,round_trip,reply_delay,std_noise,fp_ampl1,fp_ampl2,fp_ampl3,cir_power,rxpacc,flags,anchor_count,nlos_suspect
2026-03-26T14:42:33.961,T1,1,5949,0.361,-66.2,-90.5,-24.3,129.64,638977791,638977636,92,10152,11927,11350,23092,1334,3,1,True
2026-03-26T14:42:34.442,T1,1,5950,0.647,-66.2,-90.7,-24.5,121.71,638977913,638977636,100,9439,12171,12058,24696,1380,3,1,True
2026-03-26T14:42:34.950,T1,1,5951,1.159,-66.3,-91.8,-25.5,134.84,638978131,638977636,88,9081,11866,7958,23556,1352,3,1,True
2026-03-26T14:42:35.489,T1,1,5952,0.811,-66.4,-91.6,-25.2,102.16,638977982,638977636,112,9977,11442,9868,25279,1404,3,1,True
2026-03-26T14:42:35.970,T1,1,5953,0.765,-66.5,-90.8,-24.3,122.09,638977962,638977636,96,10314,11721,11361,23985,1373,3,1,True
2026-03-26T14:42:36.452,T1,1,5954,0.704,-66.7,-91.1,-24.4,98.31,638977937,638977636,128,10651,12584,11869,28140,1500,3,1,True
2026-03-26T14:42:36.961,T1,1,5955,1.088,-66.5,-89.1,-22.7,159.86,638978101,638977636,112,16281,17904,11834,31616,1574,3,1,True
2026-03-26T14:42:37.439,T1,1,5956,0.347,-68.5,-92.2,-23.6,98.93,638977784,638977636,116,8285,11476,13887,30027,1649,3,1,True
2026-03-26T14:42:37.951,T1,1,5957,0.45,-68.9,-91.3,-22.4,110.55,638977829,638977636,132,11053,14593,13984,32485,1735,3,1,True
2026-03-26T14:42:38.461,T1,1,5958,0.976,-68.2,-91.8,-23.6,150.59,638978052,638977636,100,7885,15059,13956,35107,1763,3,1,True
2026-03-26T14:42:38.970,T1,1,5959,0.61,-69.7,-91.5,-21.8,175.84,638977896,638977636,100,10317,17584,15787,40137,1986,3,1,True
2026-03-26T14:42:39.451,T1,1,5960,0.056,-67.5,-92.6,-25.1,129.36,638977660,638977636,92,3841,11901,9719,22873,1388,3,1,True
2026-03-26T14:42:39.961,T1,1,5961,1.416,-67.3,-90.4,-23.1,139.39,638978240,638977636,112,8889,15612,17421,34986,1704,3,1,True
2026-03-26T14:42:40.470,T1,1,5962,0.53,-67.8,-89.9,-22.1,176.65,638977863,638977636,104,12709,18372,13955,32824,1680,3,1,True
2026-03-26T14:42:40.950,T1,1,5963,1.496,-68.4,-91.3,-22.9,133.0,638978274,638977636,132,9076,17556,15311,39431,1877,3,1,True
2026-03-26T14:42:41.463,T1,1,5964,0.797,-68.9,-92.0,-23.1,180.24,638977977,638977636,88,7426,15861,11866,32042,1725,3,1,True
2026-03-26T14:42:41.970,T1,1,5965,1.205,-68.6,-92.0,-23.4,148.98,638978151,638977636,104,8134,15494,10814,31026,1681,3,1,True
2026-03-26T14:42:42.451,T1,1,5966,0.488,-68.4,-91.6,-23.2,215.99,638977844,638977636,80,9083,17279,14597,40206,1896,3,1,True
2026-03-26T14:42:42.989,T1,1,5967,0.31,-68.6,-91.8,-23.2,194.55,638977769,638977636,88,11037,17120,11006,37599,1847,3,1,True
2026-03-26T14:42:43.471,T1,1,5968,0.591,-68.9,-91.5,-22.6,194.82,638977888,638977636,88,11781,17144,11030,35139,1806,3,1,True
2026-03-26T14:42:43.979,T1,1,5969,0.971,-69.2,-91.5,-22.2,185.38,638978050,638977636,88,8518,16313,13126,31687,1734,3,1,True
2026-03-26T14:42:44.459,T1,1,5970,0.779,-70.6,-92.7,-22.1,155.18,638977968,638977636,104,10512,16139,11546,37998,1990,3,1,True
2026-03-26T14:42:44.972,T1,1,5971,0.014,-70.5,-93.2,-22.7,143.46,638977642,638977636,100,12209,14346,10749,39945,2033,3,1,True
2026-03-26T14:42:45.480,T1,1,5972,-0.005,-69.1,-92.8,-23.6,158.75,638977634,638977636,92,8643,14605,13309,39184,1923,3,1,True
2026-03-26T14:42:45.990,T1,1,5973,1.215,-69.6,-93.0,-23.4,162.75,638978154,638977636,92,6101,14973,13511,38281,1928,3,1,True
2026-03-26T14:42:46.470,T1,1,5974,0.938,-69.9,-92.8,-22.9,112.88,638978037,638977636,112,5812,12642,14389,32431,1797,3,1,True
2026-03-26T14:42:46.980,T1,1,5975,0.736,-68.4,-92.8,-24.4,103.06,638977950,638977636,104,11542,10718,6480,25725,1519,3,1,True
2026-03-26T14:42:47.462,T1,1,5976,1.116,-68.7,-92.3,-23.6,146.02,638978113,638977636,96,7334,14018,11425,29499,1643,3,1,True
2026-03-26T14:42:47.970,T1,1,5977,1.538,-68.7,-92.7,-24.0,104.25,638978292,638977636,140,6485,14595,13919,38361,1872,3,1,True
2026-03-26T14:42:48.479,T1,1,5978,0.971,-69.0,-92.9,-23.9,121.25,638978051,638977636,96,9622,11640,7359,24705,1517,3,1,True
2026-03-26T14:42:48.958,T1,1,5979,0.718,-70.0,-92.9,-22.9,114.26,638977943,638977636,112,6625,12797,9269,23812,1544,3,1,True
2026-03-26T14:42:49.469,T1,1,5980,1.173,-69.9,-92.9,-22.9,150.62,638978136,638977636,92,5291,13857,12804,31384,1769,3,1,True
2026-03-26T14:42:49.982,T1,1,5981,0.624,-67.5,-93.3,-25.8,119.92,638977902,638977636,96,4503,11512,10388,27666,1528,3,1,True
2026-03-26T14:42:50.459,T1,1,5982,0.971,-68.8,-92.8,-24.0,117.6,638978051,638977636,116,5483,13642,13734,34850,1793,3,1,True
2026-03-26T14:42:50.971,T1,1,5983,0.952,-68.8,-92.9,-24.0,109.78,638978043,638977636,132,11844,14491,9695,39031,1899,3,1,True
2026-03-26T14:42:51.479,T1,1,5984,0.793,-68.6,-93.3,-24.7,151.68,638977974,638977636,80,4222,12134,11345,29077,1623,3,1,True
2026-03-26T14:42:51.989,T1,1,5985,1.689,-70.1,-92.5,-22.4,204.26,638978356,638977636,76,13111,15524,9367,37479,1944,3,1,True
2026-03-26T14:42:52.471,T1,1,5986,0.962,-67.5,-93.3,-25.8,109.25,638978046,638977636,76,2925,8303,10349,19490,1282,3,1,True
2026-03-26T14:42:53.009,T1,1,5987,1.083,-67.7,-93.0,-25.3,158.38,638978098,638977636,64,4574,10136,8760,19750,1301,3,1,True
2026-03-26T14:42:53.491,T1,1,5988,1.079,-68.6,-92.6,-24.0,176.59,638978096,638977636,68,9433,12008,7211,23977,1476,3,1,True
2026-03-26T14:42:53.999,T1,1,5989,0.976,-69.2,-92.6,-23.3,142.6,638978052,638977636,92,5815,13119,11255,26540,1587,3,1,True
2026-03-26T14:42:54.511,T1,1,5990,0.793,-69.9,-93.0,-23.1,145.22,638977974,638977636,100,7326,14522,13136,36921,1919,3,1,True
2026-03-26T14:42:54.990,T1,1,5991,0.671,-67.6,-93.2,-25.5,167.62,638977923,638977636,64,4130,10728,10565,24858,1454,3,1,True
2026-03-26T14:42:55.500,T1,1,5992,0.136,-67.4,-93.3,-26.0,114.29,638977694,638977636,100,4251,11429,11659,30764,1602,3,1,True
2026-03-26T14:42:56.010,T1,1,5993,1.276,-67.4,-92.8,-25.4,100.68,638978180,638977636,116,9361,11679,8519,28329,1540,3,1,True
2026-03-26T14:42:56.491,T1,1,5994,0.816,-68.4,-92.9,-24.5,121.46,638977985,638977636,100,8598,12146,9490,28307,1595,3,1,True
2026-03-26T14:42:56.999,T1,1,5995,0.91,-68.6,-92.6,-24.0,148.17,638978024,638977636,100,5559,14817,14552,38527,1869,3,1,True
2026-03-26T14:42:57.511,T1,1,5996,0.197,-69.3,-92.6,-23.3,184.11,638977720,638977636,88,6661,16202,12797,37785,1897,3,1,True
2026-03-26T14:42:57.991,T1,1,5997,0.877,-69.5,-92.7,-23.2,158.65,638978011,638977636,104,7632,16500,12351,38818,1936,3,1,True
2026-03-26T14:42:58.501,T1,1,5998,0.544,-69.3,-92.4,-23.1,170.42,638977868,638977636,92,11311,15679,11054,38257,1912,3,1,True
2026-03-26T14:42:59.009,T1,1,5999,0.727,-70.4,-93.0,-22.6,176.86,638977946,638977636,80,5310,14149,15763,38561,1992,3,1,True
2026-03-26T14:42:59.490,T1,1,6000,0.605,-69.5,-92.5,-23.0,147.66,638977895,638977636,108,6233,15947,12596,35130,1842,3,1,True
2026-03-26T14:42:59.999,T1,1,6001,0.455,-68.7,-92.5,-23.8,122.2,638977830,638977636,96,4256,11731,14983,31119,1686,3,1,True
2026-03-26T14:43:00.509,T1,1,6002,0.113,-68.8,-92.2,-23.4,165.59,638977684,638977636,100,9172,16559,11126,36611,1835,3,1,True
2026-03-26T14:43:00.989,T1,1,6003,0.502,-69.1,-92.5,-23.4,149.04,638977851,638977636,104,8168,15500,10572,33324,1768,3,1,True
2026-03-26T14:43:01.501,T1,1,6004,0.896,-68.6,-92.6,-24.0,158.39,638978018,638977636,96,5837,15205,12729,35983,1806,3,1,True
2026-03-26T14:43:02.009,T1,1,6005,1.102,-68.1,-92.5,-24.4,149.45,638978106,638977636,100,7917,14945,10963,34504,1740,3,1,True
2026-03-26T14:43:02.489,T1,1,6006,0.624,-68.7,-92.6,-23.9,141.35,638977902,638977636,104,9401,14700,10855,35036,1792,3,1,True
2026-03-26T14:43:02.999,T1,1,6007,0.539,-70.2,-93.3,-23.1,133.97,638977867,638977636,108,6526,14469,13917,39154,1991,3,1,True
2026-03-26T14:43:03.509,T1,1,6008,0.544,-68.8,-93.0,-24.1,116.09,638977868,638977636,100,4618,11609,14056,31765,1712,3,1,True
2026-03-26T14:43:03.990,T1,1,6009,0.361,-69.9,-92.5,-22.6,155.97,638977790,638977636,104,13543,16221,9633,40825,2016,3,1,True
2026-03-26T14:43:04.529,T1,1,6010,0.699,-68.6,-92.9,-24.4,124.12,638977934,638977636,104,4249,12908,14893,37015,1833,3,1,True
2026-03-26T14:43:05.008,T1,1,6011,0.478,-68.6,-92.5,-23.8,136.21,638977840,638977636,120,8049,16345,11938,38762,1880,3,1,True
2026-03-26T14:43:05.491,T1,1,6012,0.896,-68.3,-92.5,-24.2,133.23,638978019,638977636,100,4890,13323,14513,34487,1752,3,1,True
2026-03-26T14:43:06.000,T1,1,6013,0.521,-68.1,-92.1,-24.1,139.32,638977858,638977636,120,9473,16719,11501,39149,1851,3,1,True
2026-03-26T14:43:06.510,T1,1,6014,0.933,-68.7,-92.6,-23.9,163.64,638978034,638977636,96,6153,15709,12892,37636,1853,3,1,True
2026-03-26T14:43:06.990,T1,1,6015,0.905,-68.1,-92.2,-24.0,105.86,638978022,638977636,116,3616,12280,14399,29142,1602,3,1,True
2026-03-26T14:43:07.501,T1,1,6016,1.093,-70.0,-92.3,-22.3,142.0,638978102,638977636,116,12980,16472,11275,40744,2021,3,1,True
2026-03-26T14:43:08.009,T1,1,6017,0.882,-68.7,-92.3,-23.7,146.31,638978012,638977636,100,4887,14631,13841,33721,1754,3,1,True
2026-03-26T14:43:08.519,T1,1,6018,0.708,-68.3,-92.3,-24.0,123.91,638977939,638977636,116,8321,14374,10804,31253,1669,3,1,True
2026-03-26T14:43:09.001,T1,1,6019,0.704,-67.5,-92.2,-24.7,107.93,638977937,638977636,112,5059,12088,9512,21767,1355,3,1,True
2026-03-26T14:43:09.509,T1,1,6020,0.966,-68.6,-91.7,-23.1,115.4,638978048,638977636,144,8559,16618,12772,34842,1781,3,1,True
2026-03-26T14:43:10.019,T1,1,6021,1.083,-67.8,-92.1,-24.3,130.66,638978098,638977636,108,5866,14111,13135,32448,1670,3,1,True
2026-03-26T14:43:10.498,T1,1,6022,1.083,-67.5,-92.0,-24.5,95.1,638978099,638977636,124,4784,11792,11289,22721,1383,3,1,True
2026-03-26T14:43:11.038,T1,1,6023,1.327,-68.6,-91.5,-22.9,143.34,638978202,638977636,120,8866,17201,13030,35724,1801,3,1,True
2026-03-26T14:43:11.547,T1,1,6024,1.13,-68.7,-91.8,-23.1,186.14,638978118,638977636,80,6006,14891,14714,33060,1742,3,1,True
2026-03-26T14:43:11.998,T1,1,6025,0.258,-68.7,-91.7,-22.9,209.37,638977747,638977636,76,8294,15912,12250,31840,1710,3,1,True
2026-03-26T14:43:12.510,T1,1,6026,0.619,-69.1,-92.1,-23.0,168.43,638977901,638977636,80,4723,13474,16523,34230,1792,3,1,True
2026-03-26T14:43:13.020,T1,1,6027,1.224,-68.8,-91.8,-23.0,123.0,638978159,638977636,116,5296,14268,15387,32275,1724,3,1,True
2026-03-26T14:43:13.529,T1,1,6028,0.042,-68.8,-92.1,-23.3,143.96,638977655,638977636,112,8984,16123,13409,38104,1872,3,1,True
2026-03-26T14:43:14.008,T1,1,6029,0.483,-68.7,-91.7,-23.0,193.93,638977842,638977636,84,7751,16290,12490,32664,1728,3,1,True
2026-03-26T14:43:14.518,T1,1,6030,1.065,-69.1,-92.5,-23.4,135.82,638978090,638977636,88,5868,11952,16648,35975,1837,3,1,True
2026-03-26T14:43:15.028,T1,1,6031,0.582,-68.9,-92.0,-23.1,137.57,638977884,638977636,92,4181,12656,16111,31617,1712,3,1,True
2026-03-26T14:43:15.510,T1,1,6032,0.558,-68.3,-91.6,-23.3,151.51,638977874,638977636,88,7651,13333,9820,22635,1418,3,1,True
2026-03-26T14:43:16.018,T1,1,6033,0.174,-68.7,-91.8,-23.2,141.27,638977710,638977636,112,6986,15822,12488,32011,1710,3,1,True
2026-03-26T14:43:16.528,T1,1,6034,0.502,-69.0,-91.4,-22.4,205.52,638977850,638977636,84,7851,17264,15606,37224,1866,3,1,True
2026-03-26T14:43:17.009,T1,1,6035,1.065,-70.3,-92.1,-21.8,167.12,638978091,638977636,104,8745,17380,13865,38308,1979,3,1,True
2026-03-26T14:43:17.518,T1,1,6036,0.708,-69.0,-91.4,-22.4,129.47,638977938,638977636,132,11216,17090,10814,33220,1760,3,1,True
2026-03-26T14:43:18.028,T1,1,6037,1.191,-68.4,-91.4,-23.0,183.3,638978145,638977636,96,12271,17597,10439,36488,1809,3,1,True
2026-03-26T14:43:18.510,T1,1,6038,0.572,-68.5,-91.4,-23.0,154.04,638977880,638977636,96,13683,14788,9541,32119,1701,3,1,True
2026-03-26T14:43:19.021,T1,1,6039,1.018,-68.8,-90.8,-22.0,224.92,638978071,638977636,76,12400,17094,10990,31254,1698,3,1,True
2026-03-26T14:43:19.530,T1,1,6040,1.431,-69.1,-91.0,-22.0,198.02,638978246,638977636,92,10157,18218,15116,37704,1883,3,1,True
2026-03-26T14:43:20.009,T1,1,6041,0.689,-68.7,-91.3,-22.6,134.8,638977930,638977636,120,8493,16176,14470,33600,1755,3,1,True
2026-03-26T14:43:20.521,T1,1,6042,-0.019,-65.5,-90.6,-25.1,130.46,638977627,638977636,108,10108,14090,10381,26785,1403,3,1,True
2026-03-26T14:43:21.030,T1,1,6043,0.539,-66.7,-89.7,-23.0,186.87,638977867,638977636,84,10672,15697,15958,30091,1547,3,1,True
2026-03-26T14:43:21.509,T1,1,6044,1.238,-68.1,-91.5,-23.4,199.38,638978164,638977636,64,5342,12760,13909,26043,1510,3,1,True
2026-03-26T14:43:22.019,T1,1,6045,1.285,-66.2,-92.3,-26.1,134.83,638978185,638977636,72,2463,9708,9953,18419,1190,3,1,True
2026-03-26T14:43:22.528,T1,1,6046,0.399,-66.4,-92.1,-25.8,118.61,638977806,638977636,88,2756,10438,9644,18379,1196,3,1,True
2026-03-26T14:43:23.038,T1,1,6047,0.699,-66.9,-92.8,-25.8,141.98,638977934,638977636,84,4086,11926,8794,23170,1370,3,1,True
2026-03-26T14:43:23.520,T1,1,6048,1.037,-66.9,-91.5,-24.6,131.89,638978078,638977636,100,7248,13189,11646,26742,1472,3,1,True
2026-03-26T14:43:24.058,T1,1,6049,0.689,-66.4,-90.8,-24.4,150.56,638977930,638977636,100,10451,15056,9965,28351,1488,3,1,True
2026-03-26T14:43:24.508,T1,1,6050,0.568,-66.5,-90.5,-24.0,129.98,638977879,638977636,112,9511,14558,14638,30932,1558,3,1,True
2026-03-26T14:43:25.018,T1,1,6051,0.675,-66.4,-90.5,-24.1,141.77,638977924,638977636,96,9343,13610,10395,23087,1344,3,1,True
2026-03-26T14:43:25.529,T1,1,6052,1.112,-66.0,-90.5,-24.5,117.93,638978110,638977636,136,12451,16038,10987,32796,1576,3,1,True
2026-03-26T14:43:26.008,T1,1,6053,1.52,-66.4,-90.6,-24.2,143.39,638978285,638977636,104,8909,14913,13550,30064,1532,3,1,True
2026-03-26T14:43:26.519,T1,1,6054,1.065,-66.4,-90.4,-24.0,136.01,638978090,638977636,104,9182,14145,11911,25123,1401,3,1,True
2026-03-26T14:43:27.029,T1,1,6055,0.774,-66.7,-90.6,-23.9,139.96,638977966,638977636,96,8193,13436,13356,26025,1441,3,1,True
2026-03-26T14:43:27.539,T1,1,6056,0.244,-67.1,-91.6,-24.6,122.85,638977741,638977636,116,12830,14251,8994,33532,1656,3,1,True
2026-03-26T14:43:28.020,T1,1,6057,1.295,-67.0,-90.6,-23.6,138.41,638978188,638977636,124,10864,17163,15845,39228,1787,3,1,True
2026-03-26T14:43:28.528,T1,1,6058,1.276,-66.8,-90.0,-23.1,126.3,638978180,638977636,120,12241,15156,16347,33601,1644,3,1,True
2026-03-26T14:43:29.038,T1,1,6059,0.727,-66.6,-90.2,-23.6,139.46,638977947,638977636,100,8998,13946,14445,26915,1458,3,1,True
2026-03-26T14:43:29.521,T1,1,6060,1.098,-66.2,-90.2,-24.0,141.57,638978105,638977636,104,9813,14723,12601,26974,1442,3,1,True
2026-03-26T14:43:30.030,T1,1,6061,0.178,-66.2,-90.2,-23.9,162.57,638977712,638977636,84,9425,13656,11696,23300,1341,3,1,True
2026-03-26T14:43:30.538,T1,1,6062,0.638,-66.2,-90.2,-24.0,125.94,638977909,638977636,108,10107,13602,11881,24319,1369,3,1,True
2026-03-26T14:43:31.019,T1,1,6063,1.243,-66.2,-89.9,-23.7,140.2,638978166,638977636,100,10191,14020,11029,22551,1316,3,1,True
2026-03-26T14:43:31.531,T1,1,6064,0.84,-67.2,-90.2,-22.9,168.33,638977995,638977636,104,11962,17506,16313,37629,1764,3,1,True
2026-03-26T14:43:32.069,T1,1,6065,0.338,-66.9,-90.5,-23.6,134.57,638977780,638977636,120,13358,16148,9884,31245,1588,3,1,True
2026-03-26T14:43:32.519,T1,1,6066,0.464,-66.9,-91.1,-24.3,117.79,638977834,638977636,120,10287,14135,10632,28378,1512,3,1,True
2026-03-26T14:43:33.030,T1,1,6067,0.544,-66.2,-90.9,-24.6,124.53,638977868,638977636,120,12947,14943,8985,31361,1556,3,1,True
2026-03-26T14:43:33.538,T1,1,6068,1.398,-65.5,-90.8,-25.3,125.48,638978233,638977636,120,10735,15058,10839,31550,1524,3,1,True
2026-03-26T14:43:34.048,T1,1,6069,0.136,-65.7,-90.6,-25.0,123.69,638977695,638977636,124,11884,15338,11125,32781,1560,3,1,True
2026-03-26T14:43:34.533,T1,1,6070,0.066,-65.4,-90.2,-24.8,144.21,638977665,638977636,92,10292,13267,10426,23369,1305,3,1,True
2026-03-26T14:43:35.038,T1,1,6071,0.324,-66.8,-90.6,-23.8,153.59,638977774,638977636,100,10397,15359,11480,28525,1512,3,1,True
2026-03-26T14:43:35.549,T1,1,6072,1.632,-65.2,-90.3,-25.1,140.46,638978333,638977636,108,11069,15170,13986,34170,1565,3,1,True
2026-03-26T14:43:36.029,T1,1,6073,1.032,-67.0,-90.2,-23.2,135.77,638978077,638977636,124,12546,16836,13309,33533,1650,3,1,True
2026-03-26T14:43:36.538,T1,1,6074,1.032,-65.5,-90.2,-24.7,161.25,638978076,638977636,100,11793,16125,13235,34096,1581,3,1,True
2026-03-26T14:43:37.048,T1,1,6075,1.21,-66.2,-90.7,-24.5,144.25,638978153,638977636,112,11361,16156,12288,34367,1625,3,1,True
2026-03-26T14:43:37.529,T1,1,6076,0.178,-65.3,-90.0,-24.7,137.4,638977713,638977636,96,9248,13190,12699,24595,1333,3,1,True
2026-03-26T14:43:38.040,T1,1,6077,1.163,-65.5,-90.3,-24.8,124.83,638978133,638977636,120,12763,14980,9237,29119,1461,3,1,True
2026-03-26T14:43:38.549,T1,1,6078,1.022,-66.1,-90.5,-24.4,144.57,638978072,638977636,92,10601,13300,11950,26429,1421,3,1,True
2026-03-26T14:43:39.058,T1,1,6079,0.854,-66.9,-90.1,-23.1,157.25,638978001,638977636,108,12642,16983,14123,34043,1660,3,1,True
2026-03-26T14:43:39.538,T1,1,6080,0.924,-65.6,-90.1,-24.5,126.03,638978031,638977636,124,12384,15628,11923,31206,1520,3,1,True
2026-03-26T14:43:40.079,T1,1,6081,0.727,-65.2,-90.1,-24.9,123.45,638977947,638977636,104,9894,12839,13401,26182,1372,3,1,True
2026-03-26T14:43:40.560,T1,1,6082,0.765,-65.8,-90.2,-24.4,132.03,638977962,638977636,108,10298,14259,13447,28892,1471,3,1,True
2026-03-26T14:43:41.039,T1,1,6083,0.652,-65.4,-90.1,-24.7,151.15,638977915,638977636,92,9416,13906,11549,24516,1338,3,1,True
2026-03-26T14:43:41.550,T1,1,6084,0.08,-67.6,-90.5,-22.9,131.24,638977670,638977636,108,11727,14174,14274,29866,1589,3,1,True
2026-03-26T14:43:42.059,T1,1,6085,1.374,-65.1,-90.1,-25.1,109.86,638978222,638977636,104,9857,11425,12980,24184,1312,3,1,True
2026-03-26T14:43:42.540,T1,1,6086,0.816,-66.0,-90.1,-24.2,143.67,638977984,638977636,88,8693,12643,11097,20379,1242,3,1,True
2026-03-26T14:43:43.051,T1,1,6087,0.666,-65.5,-90.1,-24.6,128.1,638977921,638977636,92,7689,11785,11564,19392,1192,3,1,True
2026-03-26T14:43:43.557,T1,1,6088,1.06,-66.3,-90.3,-24.0,146.11,638978089,638977636,96,11766,14027,8719,23737,1355,3,1,True
2026-03-26T14:43:44.037,T1,1,6089,0.333,-65.4,-90.0,-24.6,100.86,638977778,638977636,108,9148,10893,12793,21257,1246,3,1,True
2026-03-26T14:43:44.548,T1,1,6090,0.699,-66.8,-90.2,-23.4,158.56,638977935,638977636,104,12718,16490,18304,41950,1836,3,1,True
2026-03-26T14:43:45.060,T1,1,6091,1.069,-66.2,-90.3,-24.2,133.65,638978093,638977636,104,8514,13900,14168,27571,1455,3,1,True
2026-03-26T14:43:45.540,T1,1,6092,0.141,-66.6,-90.3,-23.7,157.3,638977697,638977636,104,11333,16359,12930,31854,1589,3,1,True
2026-03-26T14:43:46.050,T1,1,6093,-0.047,-67.1,-90.3,-23.2,180.28,638977615,638977636,100,12791,18028,14266,37813,1762,3,1,True
2026-03-26T14:43:46.558,T1,1,6094,0.249,-66.7,-90.7,-24.0,158.11,638977743,638977636,92,12508,14546,9212,28063,1496,3,1,True
2026-03-26T14:43:47.068,T1,1,6095,0.211,-66.1,-90.5,-24.4,146.85,638977727,638977636,104,10241,15272,11748,29108,1490,3,1,True
2026-03-26T14:43:47.548,T1,1,6096,0.83,-67.2,-90.6,-23.4,122.77,638977991,638977636,128,10873,15714,16466,36936,1743,3,1,True
2026-03-26T14:43:48.119,T1,1,6097,1.121,-66.8,-89.9,-23.1,138.73,638978115,638977636,112,11853,15538,16545,33473,1639,3,1,True
2026-03-26T14:43:48.569,T1,1,6098,1.173,-66.9,-90.1,-23.2,144.92,638978137,638977636,120,12804,17390,15615,37545,1740,3,1,True
2026-03-26T14:43:49.049,T1,1,6099,0.427,-66.9,-90.4,-23.5,174.12,638977819,638977636,88,10980,15323,13110,29844,1552,3,1,True
2026-03-26T14:43:49.558,T1,1,6100,0.169,-66.6,-90.1,-23.5,152.07,638977709,638977636,108,13573,16424,11305,31757,1586,3,1,True
2026-03-26T14:43:50.068,T1,1,6101,0.849,-66.3,-90.5,-24.2,165.56,638977998,638977636,84,11224,13907,12186,28644,1491,3,1,True
2026-03-26T14:43:50.548,T1,1,6102,0.033,-65.3,-90.2,-24.9,122.68,638977651,638977636,100,9020,12268,12874,24041,1320,3,1,True
2026-03-26T14:43:51.059,T1,1,6103,0.305,-66.0,-90.9,-24.9,129.05,638977767,638977636,112,10904,14454,11855,31923,1555,3,1,True
2026-03-26T14:43:51.567,T1,1,6104,0.53,-67.6,-89.7,-22.0,132.12,638977862,638977636,132,11247,17440,15143,30321,1606,3,1,True
2026-03-26T14:43:52.077,T1,1,6105,0.141,-68.4,-90.0,-21.6,182.02,638977697,638977636,96,10912,17474,13742,28707,1602,3,1,True
2026-03-26T14:43:52.558,T1,1,6106,0.286,-68.9,-92.2,-23.3,156.82,638977759,638977636,100,9840,15682,10354,33693,1771,3,1,True
2026-03-26T14:43:53.128,T1,1,6107,1.435,-68.0,-91.4,-23.5,178.56,638978248,638977636,88,10807,15713,10445,31709,1660,3,1,True
2026-03-26T14:43:53.548,T1,1,6108,0.619,-68.5,-91.5,-23.0,108.99,638977900,638977636,148,9116,16130,14502,36382,1812,3,1,True
2026-03-26T14:43:54.057,T1,1,6109,0.455,-70.7,-91.9,-21.3,137.27,638977831,638977636,124,11425,17022,13379,37477,1982,3,1,True
2026-03-26T14:43:54.568,T1,1,6110,0.178,-68.7,-91.8,-23.1,148.07,638977713,638977636,92,9311,13622,8645,23944,1480,3,1,True
2026-03-26T14:43:55.048,T1,1,6111,1.337,-68.9,-91.8,-22.9,181.12,638978207,638977636,96,12094,17388,11118,39099,1904,3,1,True
2026-03-26T14:43:55.557,T1,1,6112,1.027,-69.1,-91.6,-22.5,162.12,638978074,638977636,96,10032,15564,10281,28781,1643,3,1,True
2026-03-26T14:43:56.069,T1,1,6113,0.46,-70.9,-91.9,-21.0,112.58,638977833,638977636,148,11176,16662,14135,36885,1982,3,1,True
2026-03-26T14:43:56.578,T1,1,6114,0.586,-68.7,-91.3,-22.6,154.9,638977887,638977636,100,11803,15490,10701,30721,1679,3,1,True
2026-03-26T14:43:57.118,T1,1,6115,1.238,-69.0,-91.9,-22.9,138.77,638978164,638977636,104,8890,14432,14972,35681,1826,3,1,True
2026-03-26T14:43:57.598,T1,1,6116,0.619,-69.2,-91.6,-22.4,171.79,638977901,638977636,92,8946,15805,16646,39019,1925,3,1,True
2026-03-26T14:43:58.077,T1,1,6117,0.183,-68.6,-91.5,-22.9,133.11,638977714,638977636,124,9203,16506,14490,36928,1835,3,1,True
2026-03-26T14:43:58.558,T1,1,6118,0.478,-69.0,-91.7,-22.7,168.37,638977840,638977636,100,12049,16837,10091,35212,1815,3,1,True
2026-03-26T14:43:59.069,T1,1,6119,0.76,-69.2,-91.6,-22.4,149.43,638977961,638977636,104,8199,15541,15772,35600,1837,3,1,True
2026-03-26T14:43:59.578,T1,1,6120,0.971,-71.2,-92.3,-21.1,119.91,638978051,638977636,128,15610,15348,9868,37559,2019,3,1,True
2026-03-26T14:44:00.089,T1,1,6121,0.263,-70.3,-92.0,-21.7,124.58,638977749,638977636,132,10781,16444,15124,39931,2022,3,1,True
2026-03-26T14:44:00.599,T1,1,6122,0.568,-70.1,-91.9,-21.8,166.78,638977878,638977636,100,9758,16678,15059,39032,1985,3,1,True
2026-03-26T14:44:01.079,T1,1,6123,0.675,-70.5,-92.1,-21.7,161.69,638977924,638977636,104,9532,16816,14390,38533,1997,3,1,True
2026-03-26T14:44:01.587,T1,1,6124,0.474,-68.8,-91.5,-22.7,161.7,638977839,638977636,100,8555,16170,16275,38908,1893,3,1,True
2026-03-26T14:44:02.069,T1,1,6125,0.727,-69.3,-91.4,-22.1,170.76,638977947,638977636,96,12791,16393,10152,32803,1770,3,1,True
2026-03-26T14:44:02.577,T1,1,6126,-0.023,-70.4,-91.8,-21.4,210.11,638977625,638977636,80,8833,16809,16217,38376,1985,3,1,True
2026-03-26T14:44:03.088,T1,1,6127,0.783,-70.2,-92.1,-21.9,112.36,638977970,638977636,152,7635,17078,14014,36520,1923,3,1,True
2026-03-26T14:44:03.567,T1,1,6128,0.516,-71.3,-92.5,-21.2,147.46,638977856,638977636,100,15272,14746,9094,36290,1993,3,1,True
2026-03-26T14:44:04.077,T1,1,6129,0.924,-70.8,-92.6,-21.8,137.62,638978030,638977636,112,10310,15414,13874,38500,2018,3,1,True
2026-03-26T14:44:04.587,T1,1,6130,0.342,-71.2,-91.8,-20.6,160.66,638977783,638977636,100,16560,16066,10738,37805,2029,3,1,True
2026-03-26T14:44:05.069,T1,1,6131,0.319,-68.9,-91.1,-22.2,215.18,638977773,638977636,80,9471,17214,16074,37776,1875,3,1,True
2026-03-26T14:44:05.578,T1,1,6132,0.136,-69.0,-91.0,-22.0,145.75,638977695,638977636,120,11390,17490,12792,34038,1785,3,1,True
2026-03-26T14:44:06.089,T1,1,6133,0.863,-69.7,-91.1,-21.4,151.56,638978004,638977636,108,13290,16369,10727,30671,1733,3,1,True
2026-03-26T14:44:06.568,T1,1,6134,0.446,-69.3,-91.5,-22.2,121.54,638977826,638977636,120,7328,14585,17003,34651,1821,3,1,True
2026-03-26T14:44:07.078,T1,1,6135,0.582,-69.2,-92.1,-22.9,146.85,638977884,638977636,92,6430,13510,17682,38562,1912,3,1,True
2026-03-26T14:44:07.587,T1,1,6136,0.563,-70.6,-91.4,-20.8,177.73,638977876,638977636,96,11726,17062,15800,37571,1977,3,1,True
2026-03-26T14:44:08.067,T1,1,6137,1.154,-70.6,-91.8,-21.2,157.72,638978128,638977636,104,8370,16403,16751,37919,1992,3,1,True
2026-03-26T14:44:08.579,T1,1,6138,0.352,-68.9,-90.8,-22.0,164.62,638977787,638977636,100,14051,16462,10334,31590,1710,3,1,True
2026-03-26T14:44:09.090,T1,1,6139,0.962,-69.1,-91.1,-22.0,184.65,638978046,638977636,88,7518,16249,16641,34546,1801,3,1,True
2026-03-26T14:44:09.570,T1,1,6140,1.112,-69.9,-91.3,-21.4,196.98,638978110,638977636,92,10667,18122,13886,36125,1894,3,1,True
2026-03-26T14:44:10.107,T1,1,6141,1.304,-67.5,-91.5,-24.1,141.57,638978193,638977636,88,7496,12458,10382,22632,1379,3,1,True
2026-03-26T14:44:10.587,T1,1,6142,0.755,-68.2,-91.5,-23.3,129.93,638977958,638977636,108,5648,14032,16083,32594,1697,3,1,True
2026-03-26T14:44:11.069,T1,1,6143,1.295,-67.6,-91.8,-24.2,109.66,638978189,638977636,112,6812,12282,15276,32257,1657,3,1,True
2026-03-26T14:44:11.579,T1,1,6144,1.323,-67.4,-91.3,-23.9,133.62,638978200,638977636,112,7795,14966,14960,34615,1701,3,1,True
2026-03-26T14:44:12.119,T1,1,6145,1.21,-68.1,-91.2,-23.1,145.67,638978153,638977636,100,8406,14567,14683,31119,1653,3,1,True
2026-03-26T14:44:12.570,T1,1,6146,1.215,-69.5,-90.9,-21.4,149.8,638978154,638977636,116,14821,17377,13989,38371,1926,3,1,True
2026-03-26T14:44:13.083,T1,1,6147,1.398,-70.1,-91.7,-21.6,142.11,638978233,638977636,116,16814,16485,10232,40237,2012,3,1,True
2026-03-26T14:44:13.588,T1,1,6148,0.521,-67.8,-91.0,-23.2,134.24,638977859,638977636,108,10267,14498,10621,26278,1505,3,1,True
2026-03-26T14:44:14.127,T1,1,6149,0.699,-69.7,-90.8,-21.1,195.15,638977935,638977636,88,12996,17173,12947,32634,1789,3,1,True
2026-03-26T14:44:14.580,T1,1,6150,0.502,-68.5,-91.1,-22.6,181.68,638977850,638977636,96,12538,17441,11785,36265,1809,3,1,True
2026-03-26T14:44:15.090,T1,1,6151,0.966,-70.5,-91.5,-21.0,153.27,638978049,638977636,104,12487,15940,15721,37816,1982,3,1,True
2026-03-26T14:44:15.599,T1,1,6152,0.765,-68.8,-91.0,-22.2,169.38,638977962,638977636,104,11980,17616,12846,35505,1809,3,1,True
2026-03-26T14:44:16.079,T1,1,6153,0.216,-69.6,-90.7,-21.0,224.11,638977728,638977636,76,12240,17032,12399,29705,1703,3,1,True
2026-03-26T14:44:16.589,T1,1,6154,0.047,-68.7,-91.1,-22.3,156.51,638977656,638977636,96,14874,15025,11002,33316,1748,3,1,True
2026-03-26T14:44:17.067,T1,1,6155,0.765,-68.8,-90.8,-22.0,113.65,638977963,638977636,164,14413,18639,14220,41455,1953,3,1,True
2026-03-26T14:44:17.579,T1,1,6156,0.446,-69.3,-91.3,-22.0,183.38,638977827,638977636,92,7939,16871,16916,37306,1887,3,1,True
2026-03-26T14:44:18.118,T1,1,6157,0.891,-69.1,-90.9,-21.7,157.19,638978016,638977636,112,13425,17605,15905,40442,1954,3,1,True
2026-03-26T14:44:18.626,T1,1,6158,0.854,-68.7,-90.9,-22.2,143.52,638978001,638977636,124,11178,17796,17238,41943,1957,3,1,True
2026-03-26T14:44:19.079,T1,1,6159,0.624,-68.7,-90.8,-22.2,165.86,638977903,638977636,104,12207,17249,12601,33795,1756,3,1,True
2026-03-26T14:44:19.589,T1,1,6160,0.291,-68.7,-90.9,-22.2,142.26,638977761,638977636,112,11317,15933,17498,38868,1885,3,1,True
2026-03-26T14:44:20.157,T1,1,6161,0.089,-69.4,-90.7,-21.2,164.35,638977674,638977636,112,15001,18407,12518,36733,1881,3,1,True
2026-03-26T14:44:20.579,T1,1,6162,0.117,-70.7,-91.3,-20.6,195.14,638977687,638977636,88,11647,17172,17084,38981,2024,3,1,True
2026-03-26T14:44:21.087,T1,1,6163,1.041,-69.3,-90.7,-21.5,129.84,638978081,638977636,132,10994,17139,13391,31067,1721,3,1,True
2026-03-26T14:44:21.599,T1,1,6164,0.713,-69.1,-91.1,-22.0,149.08,638977940,638977636,100,9218,14908,17103,34491,1801,3,1,True
2026-03-26T14:44:22.079,T1,1,6165,0.591,-68.9,-90.7,-21.7,194.43,638977889,638977636,88,11389,17110,13585,31889,1721,3,1,True
2026-03-26T14:44:22.587,T1,1,6166,0.943,-68.2,-91.3,-23.1,197.03,638978039,638977636,88,13622,17339,10907,38618,1849,3,1,True
2026-03-26T14:44:23.129,T1,1,6167,0.375,-69.7,-92.0,-22.3,153.21,638977796,638977636,100,5937,15321,18042,40493,1992,3,1,True
2026-03-26T14:44:23.609,T1,1,6168,0.783,-68.3,-91.0,-22.7,124.29,638977970,638977636,128,9989,15909,15353,34945,1764,3,1,True
2026-03-26T14:44:24.089,T1,1,6169,0.22,-67.7,-90.9,-23.2,117.4,638977731,638977636,116,9722,13618,10509,23488,1418,3,1,True
2026-03-26T14:44:24.597,T1,1,6170,0.83,-66.9,-91.0,-24.1,133.82,638977991,638977636,96,10385,12847,8587,22668,1354,3,1,True
2026-03-26T14:44:25.106,T1,1,6171,0.704,-67.6,-91.5,-23.8,161.47,638977937,638977636,100,11572,16147,10559,35045,1726,3,1,True
2026-03-26T14:44:25.588,T1,1,6172,-0.08,-67.1,-91.5,-24.5,148.04,638977602,638977636,100,8544,14804,15278,38418,1773,3,1,True
2026-03-26T14:44:26.097,T1,1,6173,1.445,-66.2,-91.0,-24.8,138.03,638978252,638977636,96,9286,13251,9724,24397,1369,3,1,True
2026-03-26T14:44:26.606,T1,1,6174,1.041,-66.7,-90.9,-24.2,139.87,638978081,638977636,104,8220,14546,13159,29173,1527,3,1,True
2026-03-26T14:44:27.086,T1,1,6175,1.168,-67.5,-91.0,-23.5,156.4,638978134,638977636,112,10044,17517,15984,41627,1871,3,1,True
2026-03-26T14:44:27.598,T1,1,6176,1.332,-70.2,-91.1,-20.9,139.46,638978204,638977636,124,12994,17293,16765,40155,2021,3,1,True
2026-03-26T14:44:28.108,T1,1,6177,1.102,-69.3,-90.9,-21.6,155.15,638978106,638977636,104,10815,16136,12960,29824,1687,3,1,True
2026-03-26T14:44:28.586,T1,1,6178,0.722,-68.4,-91.2,-22.8,155.68,638977945,638977636,104,9251,16191,13466,32375,1704,3,1,True
2026-03-26T14:44:29.097,T1,1,6179,0.441,-68.6,-90.6,-22.0,261.12,638977824,638977636,68,10798,17756,15421,35775,1804,3,1,True
2026-03-26T14:44:29.607,T1,1,6180,0.915,-68.8,-91.5,-22.7,127.28,638978027,638977636,128,11290,16292,16417,42537,1983,3,1,True
2026-03-26T14:44:30.087,T1,1,6181,0.159,-67.0,-91.8,-24.8,142.23,638977705,638977636,84,5107,11947,11266,23068,1371,3,1,True
2026-03-26T14:44:30.597,T1,1,6182,0.872,-67.3,-91.7,-24.4,113.14,638978009,638977636,120,10539,13577,11524,32103,1635,3,1,True
2026-03-26T14:44:31.107,T1,1,6183,1.173,-66.5,-93.4,-26.9,135.7,638978136,638977636,80,6426,10856,7286,24655,1393,3,1,True
2026-03-26T14:44:31.587,T1,1,6184,1.637,-66.7,-92.2,-25.6,145.8,638978335,638977636,96,9259,13997,8965,32086,1597,3,1,True
2026-03-26T14:44:32.129,T1,1,6185,0.858,-68.7,-92.5,-23.8,129.38,638978002,638977636,112,4746,14490,13398,33673,1755,3,1,True
2026-03-26T14:44:32.609,T1,1,6186,1.008,-67.5,-92.0,-24.6,128.41,638978066,638977636,120,8825,15409,11182,35206,1721,3,1,True
2026-03-26T14:44:33.087,T1,1,6187,1.262,-65.7,-92.8,-27.1,108.48,638978174,638977636,84,4624,9112,7725,17784,1152,3,1,True
2026-03-26T14:44:33.596,T1,1,6188,1.365,-65.7,-92.5,-26.8,107.12,638978219,638977636,104,4672,11141,12729,31080,1520,3,1,True
2026-03-26T14:44:34.108,T1,1,6189,1.06,-67.2,-91.8,-24.6,132.15,638978089,638977636,104,10555,13744,8400,28557,1535,3,1,True
2026-03-26T14:44:34.589,T1,1,6190,1.168,-68.3,-91.6,-23.3,180.27,638978135,638977636,84,8492,15143,11758,29886,1629,3,1,True
2026-03-26T14:44:35.100,T1,1,6191,1.088,-64.9,-92.6,-27.7,106.86,638978100,638977636,92,5079,9831,9125,22231,1252,3,1,True
2026-03-26T14:44:35.606,T1,1,6192,0.502,-65.8,-92.2,-26.4,74.59,638977851,638977636,116,5561,8652,11222,21615,1272,3,1,True
2026-03-26T14:44:36.120,T1,1,6193,0.427,-65.1,-91.4,-26.3,114.7,638977819,638977636,100,6907,11470,9842,22510,1269,3,1,True
2026-03-26T14:44:36.627,T1,1,6194,0.647,-65.9,-91.6,-25.7,105.56,638977913,638977636,108,7235,11400,9881,22324,1297,3,1,True
2026-03-26T14:44:37.108,T1,1,6195,0.521,-66.1,-92.6,-26.6,110.32,638977858,638977636,116,5409,12797,9890,29298,1495,3,1,True
2026-03-26T14:44:37.617,T1,1,6196,0.511,-67.2,-92.6,-25.3,115.28,638977855,638977636,116,4143,13373,11426,29927,1574,3,1,True
2026-03-26T14:44:38.097,T1,1,6197,0.685,-65.6,-92.3,-26.7,110.38,638977928,638977636,104,6242,11480,8178,22865,1301,3,1,True
2026-03-26T14:44:38.607,T1,1,6198,0.736,-66.8,-92.2,-25.4,140.88,638977951,638977636,100,6084,14088,11965,32697,1620,3,1,True
2026-03-26T14:44:39.147,T1,1,6199,0.281,-67.0,-91.7,-24.7,157.48,638977756,638977636,84,8121,13228,9026,24504,1413,3,1,True
2026-03-26T14:44:39.716,T1,1,6200,0.202,-66.1,-92.5,-26.4,109.72,638977723,638977636,100,3950,10972,11108,25496,1396,3,1,True
2026-03-26T14:44:40.106,T1,1,6201,0.811,-67.2,-92.5,-25.3,118.59,638977983,638977636,100,5325,11859,13615,31784,1618,3,1,True
2026-03-26T14:44:40.619,T1,1,6202,0.971,-67.0,-92.0,-25.0,160.85,638978050,638977636,96,8874,15442,11850,37224,1739,3,1,True
2026-03-26T14:44:41.127,T1,1,6203,0.802,-66.9,-92.1,-25.2,106.99,638977978,638977636,100,5477,10699,11596,23565,1381,3,1,True
2026-03-26T14:44:41.606,T1,1,6204,0.868,-66.9,-92.7,-25.9,122.7,638978007,638977636,88,5516,10798,10966,26212,1453,3,1,True
2026-03-26T14:44:42.116,T1,1,6205,0.474,-67.0,-92.3,-25.3,121.34,638977839,638977636,96,4917,11649,12163,27174,1488,3,1,True
2026-03-26T14:44:42.627,T1,1,6206,0.811,-66.7,-92.3,-25.6,111.72,638977982,638977636,120,6457,13406,10705,30281,1555,3,1,True
2026-03-26T14:44:43.137,T1,1,6207,0.854,-67.2,-92.2,-25.1,133.02,638978000,638977636,116,9672,15430,10300,37467,1756,3,1,True
2026-03-26T14:44:43.616,T1,1,6208,0.267,-67.1,-92.8,-25.7,140.65,638977751,638977636,88,9563,12377,7741,29934,1565,3,1,True
2026-03-26T14:44:44.129,T1,1,6209,0.675,-67.7,-92.8,-25.1,109.49,638977925,638977636,108,4991,11825,15378,37368,1787,3,1,True
2026-03-26T14:44:44.607,T1,1,6210,1.28,-66.8,-92.7,-25.9,92.68,638978183,638977636,144,5177,13346,10784,31166,1580,3,1,True
2026-03-26T14:44:45.117,T1,1,6211,1.459,-67.2,-92.4,-25.3,130.01,638978259,638977636,100,7340,13001,8594,26526,1477,3,1,True
2026-03-26T14:44:45.657,T1,1,6212,0.258,-67.4,-92.0,-24.6,135.26,638977746,638977636,108,12756,14608,8687,35907,1736,3,1,True
2026-03-26T14:44:46.107,T1,1,6213,0.535,-67.4,-91.8,-24.3,149.15,638977864,638977636,104,13290,15512,9405,37983,1785,3,1,True
2026-03-26T14:44:46.618,T1,1,6214,1.14,-67.4,-92.4,-25.0,136.44,638978123,638977636,112,6941,15281,14740,43151,1897,3,1,True
2026-03-26T14:44:47.125,T1,1,6215,-0.005,-67.3,-92.2,-24.9,136.75,638977634,638977636,120,8147,16410,12354,41208,1852,3,1,True
2026-03-26T14:44:47.636,T1,1,6216,0.811,-67.8,-91.8,-24.0,155.74,638977983,638977636,104,11823,16197,10019,37078,1786,3,1,True
2026-03-26T14:44:48.148,T1,1,6217,0.647,-67.6,-91.8,-24.2,151.7,638977913,638977636,112,12548,16990,11144,42747,1902,3,1,True
2026-03-26T14:44:48.628,T1,1,6218,0.183,-67.7,-92.0,-24.3,139.48,638977714,638977636,104,12342,14506,8577,33726,1697,3,1,True
2026-03-26T14:44:49.136,T1,1,6219,0.868,-68.0,-92.0,-24.0,89.67,638978007,638977636,140,6849,12554,14992,32579,1686,3,1,True
2026-03-26T14:44:49.617,T1,1,6220,0.708,-69.2,-92.2,-23.0,112.73,638977939,638977636,148,9122,16684,15557,44018,2039,3,1,True
2026-03-26T14:44:50.128,T1,1,6221,-0.066,-69.5,-92.5,-23.0,121.53,638977608,638977636,120,15009,14584,9151,40504,1979,3,1,True
2026-03-26T14:44:50.636,T1,1,6222,0.286,-69.1,-92.6,-23.5,95.17,638977759,638977636,180,8932,17131,12678,43403,2022,3,1,True
2026-03-26T14:44:51.146,T1,1,6223,0.933,-67.5,-91.8,-24.3,161.06,638978035,638977636,100,8594,16106,12362,36637,1755,3,1,True
2026-03-26T14:44:51.627,T1,1,6224,0.385,-67.4,-92.1,-24.8,157.85,638977801,638977636,100,9212,15785,10902,37078,1759,3,1,True
2026-03-26T14:44:52.138,T1,1,6225,0.976,-67.9,-91.9,-24.0,135.72,638978052,638977636,108,7651,14658,17346,42814,1925,3,1,True
2026-03-26T14:44:52.618,T1,1,6226,1.196,-67.9,-91.6,-23.7,150.39,638978146,638977636,100,8109,15039,13118,32524,1678,3,1,True
2026-03-26T14:44:53.126,T1,1,6227,0.863,-67.6,-91.5,-23.9,147.76,638978004,638977636,104,7866,15367,13900,34651,1716,3,1,True
2026-03-26T14:44:53.636,T1,1,6228,1.262,-67.7,-91.5,-23.8,161.34,638978174,638977636,100,13122,16134,10184,36837,1773,3,1,True
2026-03-26T14:44:54.146,T1,1,6229,-0.023,-67.5,-92.1,-24.6,100.6,638977625,638977636,124,6750,12474,11474,27068,1510,3,1,True
2026-03-26T14:44:54.628,T1,1,6230,0.263,-66.9,-91.5,-24.6,160.23,638977749,638977636,84,6920,13459,14130,31436,1596,3,1,True
2026-03-26T14:44:55.137,T1,1,6231,0.727,-66.8,-91.7,-24.9,149.5,638977947,638977636,84,10386,12558,8041,25516,1429,3,1,True
2026-03-26T14:44:55.647,T1,1,6232,0.389,-67.4,-91.5,-24.1,156.76,638977802,638977636,100,8513,15676,14660,37504,1771,3,1,True
2026-03-26T14:44:56.128,T1,1,6233,0.174,-67.1,-91.8,-24.7,145.12,638977710,638977636,80,6067,11610,12426,25085,1434,3,1,True
2026-03-26T14:44:56.638,T1,1,6234,0.272,-66.7,-91.1,-24.3,158.02,638977753,638977636,88,10363,13906,9332,26073,1444,3,1,True
2026-03-26T14:44:57.147,T1,1,6235,1.079,-67.0,-92.2,-25.2,74.4,638978096,638977636,124,5971,9226,12428,23359,1379,3,1,True
2026-03-26T14:44:57.627,T1,1,6236,0.446,-66.8,-91.5,-24.7,145.84,638977827,638977636,108,8507,15751,13153,36183,1703,3,1,True
2026-03-26T14:44:58.137,T1,1,6237,0.155,-66.7,-91.5,-24.7,147.96,638977702,638977636,108,8930,15980,13246,37602,1732,3,1,True
2026-03-26T14:44:58.651,T1,1,6238,0.99,-67.0,-91.2,-24.3,138.47,638978058,638977636,120,14370,16616,10253,40440,1813,3,1,True
2026-03-26T14:44:59.126,T1,1,6239,-0.159,-67.0,-91.8,-24.8,170.39,638977568,638977636,80,7385,13631,10875,28049,1513,3,1,True
2026-03-26T14:44:59.668,T1,1,6240,0.427,-66.6,-92.4,-25.8,137.01,638977819,638977636,100,12706,13701,8246,38337,1740,3,1,True
2026-03-26T14:45:00.179,T1,1,6241,0.46,-67.7,-91.0,-23.4,162.89,638977832,638977636,104,10720,16941,13061,35661,1743,3,1,True
2026-03-26T14:45:00.658,T1,1,6242,0.976,-67.9,-91.5,-23.6,144.04,638978053,638977636,112,8649,16132,15415,39433,1850,3,1,True
2026-03-26T14:45:01.137,T1,1,6243,0.108,-68.1,-91.3,-23.2,155.03,638977682,638977636,100,8440,15503,15462,35854,1775,3,1,True
2026-03-26T14:45:01.645,T1,1,6244,0.075,-66.7,-91.7,-25.0,122.69,638977669,638977636,100,5844,12269,11218,24173,1386,3,1,True
2026-03-26T14:45:02.156,T1,1,6245,0.535,-67.0,-92.0,-24.9,126.75,638977864,638977636,100,7158,12675,12328,29502,1551,3,1,True
2026-03-26T14:45:02.635,T1,1,6246,0.994,-67.8,-90.9,-23.0,164.8,638978060,638977636,96,11333,15821,11298,30261,1616,3,1,True
2026-03-26T14:45:03.148,T1,1,6247,0.957,-68.9,-91.7,-22.8,149.16,638978044,638977636,108,10268,16109,16625,43330,2005,3,1,True
2026-03-26T14:45:03.658,T1,1,6248,-0.089,-67.3,-91.9,-24.6,160.36,638977597,638977636,88,8898,14112,10727,30798,1599,3,1,True
2026-03-26T14:45:04.135,T1,1,6249,0.755,-67.2,-91.6,-24.4,153.9,638977959,638977636,112,12614,17237,13439,46394,1957,3,1,True
2026-03-26T14:45:04.645,T1,1,6250,1.304,-67.1,-91.2,-24.1,127.93,638978192,638977636,104,9477,13305,16169,35548,1707,3,1,True
2026-03-26T14:45:05.156,T1,1,6251,0.038,-67.7,-90.7,-23.0,164.75,638977653,638977636,104,13541,17134,11554,35316,1735,3,1,True
2026-03-26T14:45:05.638,T1,1,6252,0.741,-67.7,-92.0,-24.2,135.36,638977952,638977636,108,14276,14619,9638,39385,1837,3,1,True
2026-03-26T14:45:06.148,T1,1,6253,-0.084,-67.5,-90.9,-23.5,145.44,638977600,638977636,112,10356,16289,16560,40068,1835,3,1,True
2026-03-26T14:45:06.657,T1,1,6254,0.774,-67.3,-90.7,-23.4,170.47,638977966,638977636,96,11760,16365,12126,32714,1650,3,1,True
2026-03-26T14:45:07.167,T1,1,6255,0.783,-68.0,-91.7,-23.7,130.59,638977970,638977636,124,13167,16193,11630,40467,1879,3,1,True
2026-03-26T14:45:07.647,T1,1,6256,1.027,-67.2,-91.1,-23.9,103.99,638978075,638977636,148,10517,15390,13231,34160,1680,3,1,True
2026-03-26T14:45:08.157,T1,1,6257,0.08,-69.1,-91.8,-22.7,136.85,638977670,638977636,120,11790,16422,15710,44126,2037,3,1,True
2026-03-26T14:45:08.695,T1,1,6258,1.238,-67.7,-91.0,-23.3,151.87,638978165,638977636,108,10299,16402,13797,34852,1723,3,1,True
2026-03-26T14:45:09.175,T1,1,6259,1.032,-67.4,-90.9,-23.5,165.61,638978076,638977636,104,10118,17223,15134,38790,1803,3,1,True
2026-03-26T14:45:09.656,T1,1,6260,0.286,-67.4,-91.5,-24.1,157.51,638977759,638977636,96,9088,15121,14951,38096,1784,3,1,True
2026-03-26T14:45:10.168,T1,1,6261,0.901,-67.9,-91.0,-23.1,156.93,638978020,638977636,96,8786,15065,15132,32640,1684,3,1,True
2026-03-26T14:45:10.676,T1,1,6262,0.558,-67.4,-91.5,-24.1,147.07,638977875,638977636,100,8440,14707,14341,34901,1707,3,1,True
2026-03-26T14:45:11.155,T1,1,6263,0.647,-66.9,-90.9,-24.0,141.36,638977912,638977636,96,8456,13571,11901,25172,1427,3,1,True
2026-03-26T14:45:11.665,T1,1,6264,0.868,-66.8,-91.7,-24.9,108.85,638978007,638977636,112,7811,12191,8749,22211,1333,3,1,True
2026-03-26T14:45:12.177,T1,1,6265,1.262,-66.1,-91.6,-25.4,129.84,638978175,638977636,88,6413,11426,9148,20055,1240,3,1,True
2026-03-26T14:45:12.658,T1,1,6266,0.192,-67.8,-91.2,-23.4,167.0,638977718,638977636,100,13116,16700,11263,37207,1787,3,1,True
2026-03-26T14:45:13.164,T1,1,6267,0.253,-67.8,-91.6,-23.8,158.36,638977745,638977636,100,8573,15836,14192,36741,1777,3,1,True
2026-03-26T14:45:13.675,T1,1,6268,1.13,-67.3,-90.9,-23.6,165.78,638978119,638977636,96,10167,15915,14175,34563,1695,3,1,True
2026-03-26T14:45:14.156,T1,1,6269,0.741,-66.5,-91.2,-24.6,123.77,638977953,638977636,96,7237,11882,13678,26524,1446,3,1,True
2026-03-26T14:45:14.666,T1,1,6270,0.699,-67.9,-90.6,-22.7,153.66,638977935,638977636,116,15419,17825,11056,37796,1812,3,1,True
2026-03-26T14:45:15.176,T1,1,6271,0.023,-67.6,-90.7,-23.1,120.47,638977646,638977636,148,12072,17829,13490,37428,1783,3,1,True
2026-03-26T14:45:15.687,T1,1,6272,0.145,-67.7,-90.5,-22.8,153.7,638977698,638977636,112,11181,17214,14990,35325,1735,3,1,True
2026-03-26T14:45:16.165,T1,1,6273,0.98,-67.5,-90.6,-23.1,175.8,638978055,638977636,100,14541,17580,11026,36922,1763,3,1,True
2026-03-26T14:45:16.675,T1,1,6274,1.37,-67.6,-90.8,-23.2,162.89,638978220,638977636,104,13162,16941,12686,37188,1775,3,1,True
2026-03-26T14:45:17.216,T1,1,6275,1.332,-67.8,-91.3,-23.5,117.58,638978205,638977636,132,11695,15520,13036,35824,1754,3,1,True
2026-03-26T14:45:17.665,T1,1,6276,0.235,-67.9,-91.4,-23.5,133.16,638977737,638977636,128,10956,17044,14336,41254,1890,3,1,True
2026-03-26T14:45:18.206,T1,1,6277,0.713,-67.1,-90.4,-23.3,141.57,638977941,638977636,120,13969,16988,11087,34080,1672,3,1,True
2026-03-26T14:45:18.686,T1,1,6278,0.319,-67.2,-90.3,-23.1,188.76,638977772,638977636,92,12236,17366,13466,34352,1685,3,1,True
2026-03-26T14:45:19.170,T1,1,6279,0.361,-67.2,-90.4,-23.2,143.61,638977791,638977636,116,11877,16659,12514,32171,1628,3,1,True
2026-03-26T14:45:19.675,T1,1,6280,0.858,-67.4,-90.6,-23.2,165.62,638978002,638977636,104,11793,17224,16924,41505,1865,3,1,True
2026-03-26T14:45:20.186,T1,1,6281,0.46,-67.2,-91.1,-23.9,137.12,638977833,638977636,112,11113,15357,15571,39418,1802,3,1,True
2026-03-26T14:45:20.699,T1,1,6282,1.135,-67.4,-90.9,-23.4,100.71,638978121,638977636,148,8638,14905,15897,33558,1678,3,1,True
2026-03-26T14:45:21.175,T1,1,6283,0.844,-67.2,-90.9,-23.7,136.22,638977997,638977636,124,12683,16891,15722,43358,1893,3,1,True
2026-03-26T14:45:21.685,T1,1,6284,0.385,-66.9,-91.2,-24.3,129.96,638977801,638977636,100,14729,12996,7959,30926,1582,3,1,True
2026-03-26T14:45:22.196,T1,1,6285,0.399,-66.6,-90.3,-23.7,154.73,638977806,638977636,96,12556,14854,9542,26693,1452,3,1,True
2026-03-26T14:45:22.676,T1,1,6286,-0.019,-67.3,-91.1,-23.8,146.27,638977627,638977636,116,12871,16967,14385,42662,1881,3,1,True
2026-03-26T14:45:23.185,T1,1,6287,1.196,-67.2,-90.2,-23.0,172.88,638978147,638977636,104,13516,17980,14252,37705,1766,3,1,True
2026-03-26T14:45:23.697,T1,1,6288,0.572,-68.7,-91.4,-22.7,162.89,638977881,638977636,112,12801,18244,14688,45234,2038,3,1,True
2026-03-26T14:45:24.175,T1,1,6289,0.427,-67.4,-90.7,-23.3,166.7,638977819,638977636,96,13705,16003,11961,34793,1708,3,1,True
2026-03-26T14:45:24.687,T1,1,6290,1.44,-67.0,-94.1,-27.1,99.47,638978250,638977636,92,1326,9151,9714,23880,1394,3,1,True
2026-03-26T14:45:25.195,T1,1,6291,-0.023,-65.5,-92.4,-26.9,101.89,638977626,638977636,96,8633,9781,6554,21044,1241,3,1,True
2026-03-26T14:45:25.705,T1,1,6292,0.811,-67.8,-88.5,-20.7,163.36,638977983,638977636,108,14145,17643,13997,24399,1447,3,1,True
2026-03-26T14:45:26.186,T1,1,6293,0.206,-67.9,-89.9,-22.0,176.94,638977724,638977636,96,12593,16986,13885,30470,1627,3,1,True
2026-03-26T14:45:26.696,T1,1,6294,1.243,-67.9,-90.5,-22.6,151.38,638978166,638977636,104,13480,15743,13119,32678,1685,3,1,True
2026-03-26T14:45:27.206,T1,1,6295,0.661,-67.9,-90.3,-22.4,138.94,638977918,638977636,124,14990,17228,12228,34774,1737,3,1,True
2026-03-26T14:45:27.687,T1,1,6296,0.136,-67.8,-90.5,-22.7,147.02,638977695,638977636,124,15157,18231,14475,42308,1908,3,1,True
2026-03-26T14:45:28.195,T1,1,6297,1.018,-67.5,-90.6,-23.1,132.82,638978070,638977636,116,13340,15407,10369,30072,1591,3,1,True
2026-03-26T14:45:28.707,T1,1,6298,1.079,-68.4,-90.5,-22.1,182.62,638978097,638977636,92,12761,16801,12959,32070,1695,3,1,True
2026-03-26T14:45:29.188,T1,1,6299,1.037,-69.9,-92.0,-22.0,150.13,638978079,638977636,92,12589,13812,16593,41572,2036,3,1,True
2026-03-26T14:45:29.697,T1,1,6300,0.206,-68.1,-89.4,-21.2,202.82,638977724,638977636,84,12201,17037,13064,25126,1486,3,1,True
2026-03-26T14:45:30.206,T1,1,6301,-0.019,-65.7,-90.4,-24.6,138.74,638977628,638977636,80,9937,11099,8607,18168,1164,3,1,True
2026-03-26T14:45:30.687,T1,1,6302,0.22,-68.7,-91.8,-23.1,134.86,638977730,638977636,112,11734,15104,10896,33884,1760,3,1,True
2026-03-26T14:45:31.196,T1,1,6303,0.671,-66.9,-92.2,-25.3,104.99,638977923,638977636,120,7231,12599,9922,26780,1470,3,1,True
2026-03-26T14:45:31.734,T1,1,6304,1.365,-66.2,-93.6,-27.4,84.62,638978219,638977636,112,1685,9477,11745,28535,1483,3,1,True
2026-03-26T14:45:32.187,T1,1,6305,0.685,-68.0,-92.6,-24.6,138.86,638977929,638977636,88,5512,12220,9461,23556,1432,3,1,True
2026-03-26T14:45:32.697,T1,1,6306,0.295,-68.5,-91.9,-23.3,155.14,638977763,638977636,108,9601,16755,12017,36936,1828,3,1,True
2026-03-26T14:45:33.205,T1,1,6307,0.971,-66.9,-93.4,-26.5,107.41,638978051,638977636,104,5155,11171,10470,29483,1543,3,1,True
2026-03-26T14:45:33.686,T1,1,6308,0.675,-67.4,-93.5,-26.1,127.42,638977925,638977636,92,7872,11723,7894,29112,1561,3,1,True
2026-03-26T14:45:34.196,T1,1,6309,1.121,-66.8,-89.2,-22.4,174.18,638978114,638977636,96,15897,16721,12821,30170,1556,3,1,True
2026-03-26T14:45:34.705,T1,1,6310,1.06,-69.6,-95.6,-26.0,85.69,638978088,638977636,128,7143,10968,6895,34271,1827,3,1,True
2026-03-26T14:45:35.215,T1,1,6311,1.004,-62.0,-75.2,-13.2,216.38,638978064,638977636,76,16530,16445,13893,14033,898,3,1,True
2026-03-26T14:45:35.695,T1,1,6312,0.511,-65.1,-79.9,-14.8,198.95,638977854,638977636,80,16924,15916,10284,13645,987,3,1,True
2026-03-26T14:45:36.204,T1,1,6313,0.699,-69.4,-95.5,-26.1,113.83,638977935,638977636,76,2985,8651,6311,19294,1362,3,1,True
2026-03-26T14:45:36.715,T1,1,6314,0.727,-62.4,-75.4,-12.9,318.19,638977947,638977636,52,16670,16546,12315,13112,882,3,1,True
2026-03-26T14:45:37.197,T1,1,6315,1.229,-69.3,-87.0,-17.6,303.05,638978160,638977636,64,13677,19395,16004,21147,1422,3,1,True
2026-03-26T14:45:37.736,T1,1,6316,0.788,-68.6,-88.3,-19.7,267.78,638977973,638977636,68,13825,18209,16629,24843,1502,3,1,True
2026-03-26T14:45:38.185,T1,1,6317,1.445,-68.1,-86.3,-18.2,212.66,638978252,638977636,92,18851,19565,13179,24473,1466,3,1,True
2026-03-26T14:45:38.695,T1,1,6318,0.68,-68.9,-88.9,-20.0,190.5,638977926,638977636,96,16613,18288,13057,27441,1593,3,1,True
2026-03-26T14:45:39.234,T1,1,6319,1.266,-65.3,-76.5,-11.2,107.47,638978177,638977636,168,15090,18055,15618,13190,978,3,1,True
2026-03-26T14:45:39.688,T1,1,6320,0.727,-66.2,-86.5,-20.2,185.78,638977947,638977636,76,9227,14119,15651,16359,1124,3,1,True
2026-03-26T14:45:40.196,T1,1,6321,0.793,-67.5,-87.5,-20.0,240.84,638977975,638977636,68,8457,16377,16002,18112,1234,3,1,True
2026-03-26T14:45:40.704,T1,1,6322,1.116,-63.4,-77.7,-14.3,239.61,638978112,638977636,76,15203,18210,16502,17068,1041,3,1,True
2026-03-26T14:45:41.185,T1,1,6323,1.135,-62.6,-76.4,-13.8,181.05,638978120,638977636,96,16716,17381,14443,15622,970,3,1,True
2026-03-26T14:45:41.756,T1,1,6324,0.596,-63.9,-81.2,-17.3,170.76,638977891,638977636,100,8716,17076,14853,14787,987,3,1,True
2026-03-26T14:45:42.206,T1,1,6325,0.675,-64.3,-80.1,-15.8,188.46,638977925,638977636,96,16949,18092,14882,18946,1132,3,1,True
2026-03-26T14:45:42.746,T1,1,6326,0.544,-63.7,-78.7,-15.1,156.07,638977869,638977636,116,19629,18104,14524,19938,1136,3,1,True
2026-03-26T14:45:43.196,T1,1,6327,0.755,-62.1,-88.7,-26.5,188.45,638977958,638977636,76,5294,14322,11187,19058,1053,3,1,True
2026-03-26T14:45:43.706,T1,1,6328,0.549,-64.2,-81.3,-17.1,209.33,638977870,638977636,84,12571,17584,16780,18639,1118,3,1,True
2026-03-26T14:45:44.216,T1,1,6329,1.055,-65.4,-97.4,-32.0,98.95,638978086,638977636,60,1275,5937,4114,16987,1112,3,1,True
2026-03-26T14:45:44.697,T1,1,6330,-0.066,-66.4,-90.3,-23.9,141.71,638977607,638977636,72,13874,10203,7403,20373,1260,3,1,True
2026-03-26T14:45:45.205,T1,1,6331,0.028,-68.1,-93.1,-25.1,139.8,638977649,638977636,96,10957,13421,8642,36905,1798,3,1,True
2026-03-26T14:45:45.714,T1,1,6332,1.341,-66.4,-92.3,-25.9,147.57,638978209,638977636,84,8703,12396,8432,27267,1460,3,1,True
2026-03-26T14:45:46.195,T1,1,6333,1.107,-62.7,-91.3,-28.6,109.4,638978109,638977636,80,5450,8752,8066,16167,989,3,1,True
2026-03-26T14:45:46.704,T1,1,6334,0.544,-66.7,-91.3,-24.5,129.8,638977869,638977636,116,9084,15057,15813,39252,1770,3,1,True
2026-03-26T14:45:47.214,T1,1,6335,0.352,-68.5,-90.9,-22.5,205.23,638977787,638977636,84,10446,17239,16765,39554,1887,3,1,True
2026-03-26T14:45:47.724,T1,1,6336,0.371,-66.6,-93.9,-27.3,121.67,638977794,638977636,76,3309,9247,9033,23150,1353,3,1,True
2026-03-26T14:45:48.207,T1,1,6337,0.661,-65.4,-88.7,-23.3,187.9,638977918,638977636,80,18432,15032,9047,27782,1422,3,1,True
2026-03-26T14:45:48.716,T1,1,6338,0.038,-65.6,-93.5,-27.9,90.58,638977653,638977636,84,5204,7609,10894,25798,1382,3,1,True
2026-03-26T14:45:49.194,T1,1,6339,0.962,-64.2,-88.8,-24.6,112.72,638978047,638977636,96,11358,10821,10786,17173,1075,3,1,True
2026-03-26T14:45:49.704,T1,1,6340,0.488,-69.3,-89.4,-20.0,172.14,638977845,638977636,100,16636,17214,13354,28468,1648,3,1,True
2026-03-26T14:45:50.214,T1,1,6341,0.492,-65.3,-92.2,-26.9,117.31,638977847,638977636,72,8156,8446,9955,22835,1284,3,1,True
2026-03-26T14:45:50.725,T1,1,6342,0.68,-65.3,-88.8,-23.5,134.52,638977927,638977636,88,16185,11838,7326,19991,1201,3,1,True
2026-03-26T14:45:51.206,T1,1,6343,0.896,-64.8,-87.3,-22.6,200.27,638978018,638977636,80,8891,16022,13494,18802,1145,3,1,True
2026-03-26T14:45:51.717,T1,1,6344,0.211,-67.9,-89.9,-21.9,162.51,638977726,638977636,96,16189,15601,9599,28110,1562,3,1,True
2026-03-26T14:45:52.226,T1,1,6345,0.366,-63.8,-90.2,-26.4,126.83,638977792,638977636,84,9216,10654,10001,20007,1143,3,1,True
2026-03-26T14:45:52.734,T1,1,6346,1.032,-65.7,-90.4,-24.7,176.43,638978077,638977636,72,9473,12703,8881,20424,1234,3,1,True
2026-03-26T14:45:53.244,T1,1,6347,-0.066,-65.2,-89.3,-24.1,140.35,638977607,638977636,104,14137,14596,10011,25295,1348,3,1,True
2026-03-26T14:45:53.725,T1,1,6348,0.216,-62.9,-89.3,-26.5,155.42,638977729,638977636,72,8101,11190,10061,17238,1027,3,1,True
2026-03-26T14:45:54.206,T1,1,6349,1.257,-64.9,-80.1,-15.2,240.06,638978172,638977636,72,14705,17284,15647,16553,1078,3,1,True
2026-03-26T14:45:54.715,T1,1,6350,0.643,-65.7,-91.1,-25.4,115.23,638977910,638977636,92,3385,10601,11980,19520,1204,3,1,True
2026-03-26T14:45:55.226,T1,1,6351,1.468,-67.1,-91.1,-24.0,213.7,638978262,638977636,64,9288,13677,8535,22779,1366,3,1,True
2026-03-26T14:45:55.736,T1,1,6352,0.783,-65.4,-88.4,-23.0,187.78,638977971,638977636,92,18648,17276,10887,30331,1488,3,1,True
2026-03-26T14:45:56.216,T1,1,6353,1.088,-69.3,-88.9,-19.6,220.4,638978100,638977636,80,11297,17632,15438,23200,1486,3,1,True
2026-03-26T14:45:56.726,T1,1,6354,0.267,-66.5,-81.2,-14.7,230.96,638977751,638977636,72,14252,16629,12151,13207,1019,3,1,True
2026-03-26T14:45:57.234,T1,1,6355,0.46,-63.5,-80.3,-16.8,136.6,638977833,638977636,112,16880,15299,9881,14975,978,3,1,True
2026-03-26T14:45:57.774,T1,1,6356,0.497,-64.6,-94.7,-30.0,71.03,638977849,638977636,68,5611,4830,5112,14347,996,3,1,True
2026-03-26T14:45:58.254,T1,1,6357,0.915,-62.3,-76.5,-14.2,209.47,638978027,638977636,88,17234,18433,15275,17738,1020,3,1,True
2026-03-26T14:45:58.764,T1,1,6358,0.328,-65.4,-88.8,-23.4,188.31,638977776,638977636,84,11468,15818,13429,24568,1336,3,1,True
2026-03-26T14:45:59.216,T1,1,6359,0.666,-65.0,-83.1,-18.1,195.82,638977921,638977636,88,14450,17232,15586,19976,1188,3,1,True
2026-03-26T14:45:59.725,T1,1,6360,0.469,-66.2,-85.6,-19.4,207.65,638977837,638977636,92,14849,19104,16395,24909,1383,3,1,True
2026-03-26T14:46:00.235,T1,1,6361,0.915,-67.1,-90.1,-23.0,163.17,638978027,638977636,84,13212,13706,12099,26571,1475,3,1,True
2026-03-26T14:46:00.716,T1,1,6362,0.324,-67.2,-88.9,-21.7,176.38,638977774,638977636,84,8903,14816,15033,20786,1309,3,1,True
2026-03-26T14:46:01.226,T1,1,6363,0.689,-67.8,-89.9,-22.1,184.84,638977931,638977636,88,15679,16266,10409,29272,1587,3,1,True
2026-03-26T14:46:01.764,T1,1,6364,0.23,-69.7,-91.1,-21.4,179.7,638977735,638977636,80,7733,14376,12016,22687,1494,3,1,True
2026-03-26T14:46:02.215,T1,1,6365,0.066,-70.0,-89.2,-19.2,192.76,638977664,638977636,88,12041,16963,14774,22731,1506,3,1,True
2026-03-26T14:46:02.756,T1,1,6366,0.558,-67.4,-90.9,-23.5,166.46,638977875,638977636,76,9387,12651,9145,20592,1311,3,1,True
2026-03-26T14:46:03.235,T1,1,6367,0.258,-69.5,-89.6,-20.0,175.32,638977747,638977636,104,17417,18233,16644,35697,1859,3,1,True
2026-03-26T14:46:03.718,T1,1,6368,1.468,-66.3,-90.4,-24.0,151.71,638978263,638977636,80,10448,12137,13308,25437,1406,3,1,True
2026-03-26T14:46:04.223,T1,1,6369,0.619,-65.9,-89.5,-23.7,182.73,638977901,638977636,80,13314,14618,11563,26368,1409,3,1,True
2026-03-26T14:46:04.735,T1,1,6370,1.032,-67.3,-91.1,-23.8,110.45,638978076,638977636,104,16467,11487,7270,29476,1566,3,1,True
2026-03-26T14:46:05.245,T1,1,6371,0.886,-68.3,-88.7,-20.4,250.62,638978014,638977636,68,16849,17042,10551,24084,1465,3,1,True
2026-03-26T14:46:05.724,T1,1,6372,1.257,-68.1,-90.0,-21.9,186.52,638978172,638977636,96,10487,17906,16554,33390,1712,3,1,True
2026-03-26T14:46:06.234,T1,1,6373,0.539,-67.3,-92.4,-25.1,128.8,638977867,638977636,96,11136,12365,7410,28857,1548,3,1,True
2026-03-26T14:46:06.744,T1,1,6374,0.901,-66.6,-90.8,-24.2,127.21,638978020,638977636,108,11940,13739,8871,26222,1440,3,1,True
2026-03-26T14:46:07.225,T1,1,6375,1.06,-66.9,-90.7,-23.8,166.04,638978088,638977636,68,9432,11291,12343,22658,1353,3,1,True
2026-03-26T14:46:07.735,T1,1,6376,0.746,-65.4,-88.4,-23.0,198.18,638977954,638977636,92,15936,18233,13428,30758,1499,3,1,True
2026-03-26T14:46:08.245,T1,1,6377,0.553,-64.5,-88.2,-23.8,198.22,638977872,638977636,76,14307,15065,11932,23495,1268,3,1,True
2026-03-26T14:46:08.754,T1,1,6378,0.947,-66.1,-90.4,-24.3,177.5,638978040,638977636,88,12183,15620,11226,31060,1539,3,1,True
2026-03-26T14:46:09.233,T1,1,6379,0.183,-66.5,-93.1,-26.6,123.26,638977715,638977636,76,4530,9368,9778,22138,1321,3,1,True
2026-03-26T14:46:09.773,T1,1,6380,1.008,-68.9,-90.6,-21.7,189.28,638978067,638977636,92,13156,17414,10990,31161,1700,3,1,True
2026-03-26T14:46:10.253,T1,1,6381,1.107,-67.5,-92.0,-24.5,143.07,638978108,638977636,84,7671,12018,8191,21460,1343,3,1,True
2026-03-26T14:46:10.736,T1,1,6382,0.535,-67.2,-90.1,-22.9,164.81,638977865,638977636,104,12965,17140,16909,39048,1792,3,1,True
2026-03-26T14:46:11.246,T1,1,6383,1.248,-65.9,-89.9,-24.0,165.21,638978169,638977636,76,11170,12556,10270,21152,1263,3,1,True
2026-03-26T14:46:11.755,T1,1,6384,0.028,-65.5,-88.7,-23.1,226.16,638977649,638977636,64,12494,14474,13054,22476,1286,3,1,True
2026-03-26T14:46:12.234,T1,1,6385,0.553,-66.1,-89.2,-23.1,190.11,638977873,638977636,88,15930,16730,10641,29606,1507,3,1,True
2026-03-26T14:46:12.743,T1,1,6386,0.994,-66.2,-90.4,-24.2,196.69,638978061,638977636,64,10383,12588,8720,20629,1260,3,1,True
2026-03-26T14:46:13.255,T1,1,6387,0.605,-66.0,-89.8,-23.8,190.15,638977895,638977636,72,10758,13691,10053,21192,1269,3,1,True
2026-03-26T14:46:13.765,T1,1,6388,0.507,-67.2,-88.5,-21.2,183.46,638977853,638977636,96,14223,17612,16409,27797,1516,3,1,True
2026-03-26T14:46:14.246,T1,1,6389,0.629,-67.4,-89.8,-22.4,158.75,638977904,638977636,92,15127,14605,9281,25204,1454,3,1,True
2026-03-26T14:46:14.754,T1,1,6390,0.774,-66.6,-89.5,-22.8,162.66,638977966,638977636,88,14319,14314,8596,22602,1338,3,1,True
2026-03-26T14:46:15.265,T1,1,6391,0.938,-66.7,-89.8,-23.1,171.81,638978036,638977636,80,11740,13745,10653,22265,1334,3,1,True
2026-03-26T14:46:15.745,T1,1,6392,0.816,-66.0,-88.3,-22.3,211.26,638977984,638977636,80,17390,16901,11464,27016,1433,3,1,True
2026-03-26T14:46:16.254,T1,1,6393,1.004,-66.2,-87.6,-21.4,228.24,638978064,638977636,80,15484,18259,17494,29499,1507,3,1,True
2026-03-26T14:46:16.763,T1,1,6394,0.342,-65.5,-87.4,-21.9,187.09,638977783,638977636,96,15710,17961,14668,27183,1410,3,1,True
2026-03-26T14:46:17.273,T1,1,6395,1.069,-65.5,-88.5,-23.0,195.79,638978092,638977636,80,15679,15663,10055,23951,1325,3,1,True
2026-03-26T14:46:17.753,T1,1,6396,0.23,-66.8,-88.9,-22.1,194.55,638977735,638977636,88,14906,17120,16606,31972,1601,3,1,True
2026-03-26T14:46:18.264,T1,1,6397,0.389,-66.8,-89.0,-22.2,143.54,638977803,638977636,116,15157,16651,12627,27538,1487,3,1,True
2026-03-26T14:46:18.802,T1,1,6398,0.83,-67.1,-89.1,-22.0,194.1,638977990,638977636,80,15055,15528,14835,28458,1525,3,1,True
2026-03-26T14:46:19.283,T1,1,6399,0.976,-66.4,-89.8,-23.4,185.53,638978053,638977636,72,12416,13358,10034,22055,1312,3,1,True
2026-03-26T14:46:19.793,T1,1,6400,0.755,-66.4,-89.8,-23.4,170.28,638977959,638977636,92,12011,15666,13279,29015,1506,3,1,True
2026-03-26T14:46:20.303,T1,1,6401,-0.366,-67.0,-90.2,-23.3,189.45,638977479,638977636,84,11512,15914,13201,30521,1575,3,1,True
2026-03-26T14:46:20.754,T1,1,6402,0.91,-66.2,-90.5,-24.3,185.42,638978024,638977636,88,12119,16317,12171,34345,1625,3,1,True
2026-03-26T14:46:21.265,T1,1,6403,0.263,-66.4,-91.6,-25.2,176.96,638977748,638977636,80,12379,14157,8420,32858,1601,3,1,True
2026-03-26T14:46:21.775,T1,1,6404,0.319,-65.3,-91.5,-26.3,150.45,638977772,638977636,64,8512,9629,6333,16948,1106,3,1,True
2026-03-26T14:46:22.255,T1,1,6405,1.407,-67.8,-90.6,-22.8,162.31,638978236,638977636,88,16842,14283,9074,32005,1658,3,1,True
2026-03-26T14:46:22.765,T1,1,6406,1.144,-67.5,-92.1,-24.6,138.14,638978124,638977636,100,4520,13814,11019,27060,1510,3,1,True
2026-03-26T14:46:23.275,T1,1,6407,0.328,-66.1,-89.4,-23.3,143.76,638977777,638977636,112,13655,16101,12150,28292,1473,3,1,True
2026-03-26T14:46:23.785,T1,1,6408,0.647,-66.4,-88.1,-21.7,211.99,638977912,638977636,80,14745,16959,15722,26008,1424,3,1,True
2026-03-26T14:46:24.264,T1,1,6409,1.177,-71.2,-92.4,-21.2,169.03,638978139,638977636,88,5653,14875,17151,36998,2008,3,1,True
2026-03-26T14:46:24.775,T1,1,6410,0.741,-68.9,-91.4,-22.5,155.7,638977952,638977636,84,9637,13079,11128,23979,1492,3,1,True
2026-03-26T14:46:25.254,T1,1,6411,0.53,-67.4,-90.6,-23.3,173.8,638977863,638977636,100,8417,17380,14966,34601,1699,3,1,True
2026-03-26T14:46:25.763,T1,1,6412,0.516,-68.6,-91.2,-22.6,155.25,638977857,638977636,116,10666,18009,12388,35949,1806,3,1,True
2026-03-26T14:46:26.275,T1,1,6413,0.596,-68.8,-93.8,-25.0,146.3,638977890,638977636,64,5843,9363,6749,18169,1293,3,1,True
2026-03-26T14:46:26.754,T1,1,6414,1.037,-67.9,-93.2,-25.3,112.68,638978079,638977636,124,11423,13972,8529,40008,1860,3,1,True
2026-03-26T14:46:27.263,T1,1,6415,0.647,-69.1,-92.5,-23.5,121.31,638977913,638977636,96,7803,11646,10000,23819,1496,3,1,True
2026-03-26T14:46:27.777,T1,1,6416,0.901,-69.4,-91.6,-22.1,149.81,638978020,638977636,88,12257,13183,14597,33664,1801,3,1,True
2026-03-26T14:46:28.283,T1,1,6417,-0.117,-69.1,-91.1,-21.9,184.26,638977585,638977636,92,14392,16952,12294,36855,1865,3,1,True
2026-03-26T14:46:28.762,T1,1,6418,1.041,-70.7,-92.0,-21.3,156.45,638978080,638977636,100,15555,15645,11225,39088,2026,3,1,True
2026-03-26T14:46:29.273,T1,1,6419,1.027,-68.3,-91.7,-23.4,141.84,638978075,638977636,88,9294,12482,8037,21591,1386,3,1,True
2026-03-26T14:46:29.753,T1,1,6420,0.638,-67.9,-92.2,-24.4,141.21,638977908,638977636,76,7522,10732,9948,22089,1381,3,1,True
2026-03-26T14:46:30.265,T1,1,6421,0.338,-67.6,-91.9,-24.3,132.29,638977781,638977636,84,9237,11112,11410,25980,1484,3,1,True
2026-03-26T14:46:30.773,T1,1,6422,0.488,-67.9,-92.5,-24.6,147.57,638977845,638977636,72,6444,10625,11361,24399,1454,3,1,True
2026-03-26T14:46:31.254,T1,1,6423,1.046,-66.8,-92.5,-25.7,91.36,638978082,638977636,88,8135,8040,10486,22553,1345,3,1,True
2026-03-26T14:46:31.822,T1,1,6424,0.61,-68.5,-92.0,-23.5,143.65,638977896,638977636,80,12659,11492,7285,25535,1517,3,1,True
2026-03-26T14:46:32.273,T1,1,6425,0.291,-68.1,-92.2,-24.0,166.38,638977761,638977636,80,10147,13310,7940,27044,1543,3,1,True
2026-03-26T14:46:32.784,T1,1,6426,-0.155,-68.3,-93.2,-25.0,152.86,638977569,638977636,76,8465,11617,6814,25179,1496,3,1,True
2026-03-26T14:46:33.267,T1,1,6427,0.765,-68.9,-93.3,-24.4,121.47,638977963,638977636,76,5396,9232,11941,24698,1515,3,1,True
2026-03-26T14:46:33.773,T1,1,6428,-0.066,-68.8,-92.8,-24.0,170.14,638977607,638977636,76,7088,12931,11086,29791,1659,3,1,True
2026-03-26T14:46:34.285,T1,1,6429,0.052,-67.9,-93.5,-25.6,150.3,638977659,638977636,76,6974,11423,7252,24923,1468,3,1,True
2026-03-26T14:46:34.765,T1,1,6430,1.266,-68.6,-94.1,-25.5,117.03,638978176,638977636,76,4945,8894,11247,27128,1568,3,1,True
2026-03-26T14:46:35.273,T1,1,6431,1.013,-68.6,-93.3,-24.7,157.37,638978068,638977636,84,7586,13219,8893,30745,1674,3,1,True
2026-03-26T14:46:35.754,T1,1,6432,0.76,-68.2,-93.4,-25.2,107.2,638977961,638977636,88,5250,9434,11256,25247,1493,3,1,True
2026-03-26T14:46:36.263,T1,1,6433,0.553,-67.4,-88.4,-21.0,184.03,638977873,638977636,100,16993,18403,11403,26171,1481,3,1,True
2026-03-26T14:46:36.804,T1,1,6434,0.858,-68.7,-90.3,-21.6,174.47,638978003,638977636,96,13863,16749,13841,32848,1735,3,1,True
2026-03-26T14:46:37.284,T1,1,6435,0.371,-65.9,-90.1,-24.2,147.75,638977795,638977636,100,14944,14775,9178,29888,1499,3,1,True
2026-03-26T14:46:37.765,T1,1,6436,0.342,-67.9,-91.2,-23.3,176.98,638977783,638977636,92,12204,16282,11451,34539,1729,3,1,True
2026-03-26T14:46:38.275,T1,1,6437,1.21,-65.7,-89.3,-23.7,128.79,638978152,638977636,116,13910,14940,11246,26335,1398,3,1,True
2026-03-26T14:46:38.784,T1,1,6438,0.971,-66.0,-89.9,-23.9,94.82,638978051,638977636,176,14958,16688,10619,33364,1590,3,1,True
2026-03-26T14:46:39.263,T1,1,6439,0.736,-64.0,-88.8,-24.9,171.88,638977951,638977636,76,12856,13063,9165,20436,1162,3,1,True
2026-03-26T14:46:39.773,T1,1,6440,0.371,-67.0,-89.9,-22.9,196.15,638977794,638977636,88,16433,17261,10529,34448,1674,3,1,True
2026-03-26T14:46:40.282,T1,1,6441,0.577,-67.7,-89.5,-21.8,141.86,638977882,638977636,136,14392,19293,16841,37619,1790,3,1,True
2026-03-26T14:46:40.853,T1,1,6442,0.957,-65.6,-90.1,-24.6,176.86,638978044,638977636,76,11964,13441,9955,24897,1354,3,1,True
2026-03-26T14:46:41.275,T1,1,6443,1.327,-68.0,-90.6,-22.7,200.79,638978202,638977636,84,10865,16866,14975,34950,1743,3,1,True
2026-03-26T14:46:41.782,T1,1,6444,0.535,-65.4,-89.2,-23.8,172.88,638977864,638977636,104,14470,17980,16536,38306,1671,3,1,True
2026-03-26T14:46:42.295,T1,1,6445,0.263,-67.1,-87.6,-20.6,242.63,638977748,638977636,76,15547,18440,15475,25936,1457,3,1,True
2026-03-26T14:46:42.803,T1,1,6446,0.117,-64.7,-88.1,-23.4,137.15,638977687,638977636,100,12431,13715,9896,17138,1091,3,1,True
2026-03-26T14:46:43.284,T1,1,6447,1.065,-65.2,-89.5,-24.3,156.84,638978091,638977636,80,12556,12547,9145,20586,1217,3,1,True
2026-03-26T14:46:43.823,T1,1,6448,0.61,-67.3,-91.7,-24.4,142.82,638977897,638977636,84,6506,11997,13855,28202,1531,3,1,True
2026-03-26T14:46:44.303,T1,1,6449,0.872,-67.2,-92.4,-25.2,122.44,638978008,638977636,108,10805,13224,8783,32322,1632,3,1,True
2026-03-26T14:46:44.783,T1,1,6450,0.07,-67.4,-92.3,-24.9,131.1,638977667,638977636,100,12108,13110,8495,33064,1661,3,1,True
2026-03-26T14:46:45.293,T1,1,6451,0.98,-66.6,-92.2,-25.6,118.78,638978055,638977636,96,5993,11403,13797,31296,1572,3,1,True
2026-03-26T14:46:45.803,T1,1,6452,0.591,-67.8,-90.8,-23.0,196.63,638977888,638977636,76,9514,14944,13296,28903,1577,3,1,True
2026-03-26T14:46:46.282,T1,1,6453,1.013,-68.7,-90.9,-22.2,189.16,638978068,638977636,92,12101,17403,16200,39901,1909,3,1,True
2026-03-26T14:46:46.795,T1,1,6454,0.652,-67.9,-91.2,-23.3,143.15,638977915,638977636,84,8465,12025,11132,21573,1367,3,1,True
2026-03-26T14:46:47.303,T1,1,6455,0.492,-67.3,-90.1,-22.8,166.54,638977846,638977636,92,10577,15322,16696,32283,1636,3,1,True
2026-03-26T14:46:47.782,T1,1,6456,0.886,-68.0,-90.0,-22.0,174.93,638978015,638977636,112,16036,19592,16001,43072,1935,3,1,True
2026-03-26T14:46:48.292,T1,1,6457,0.145,-68.2,-90.0,-21.8,183.21,638977698,638977636,104,14762,19054,13291,35845,1778,3,1,True
2026-03-26T14:46:48.803,T1,1,6458,0.413,-67.2,-89.7,-22.4,139.63,638977813,638977636,120,13679,16756,13421,30384,1586,3,1,True
2026-03-26T14:46:49.282,T1,1,6459,0.155,-67.1,-88.8,-21.8,185.12,638977702,638977636,100,16130,18512,14603,31987,1618,3,1,True
2026-03-26T14:46:49.792,T1,1,6460,0.539,-68.8,-89.1,-20.4,227.86,638977867,638977636,80,13039,18229,15847,28109,1607,3,1,True
2026-03-26T14:46:50.302,T1,1,6461,1.745,-68.0,-89.3,-21.3,210.85,638978381,638977636,80,14747,16868,11388,25886,1500,3,1,True
2026-03-26T14:46:50.782,T1,1,6462,1.323,-68.1,-89.3,-21.2,185.34,638978201,638977636,92,14003,17051,14345,28339,1580,3,1,True
2026-03-26T14:46:51.292,T1,1,6463,0.713,-67.0,-88.6,-21.6,180.88,638977941,638977636,104,16718,18811,14740,31954,1612,3,1,True
2026-03-26T14:46:51.802,T1,1,6464,0.553,-67.2,-88.6,-21.4,185.72,638977873,638977636,92,15973,17086,18376,32644,1639,3,1,True
2026-03-26T14:46:52.312,T1,1,6465,0.821,-67.2,-88.5,-21.2,179.55,638977986,638977636,92,13833,16519,14145,23701,1400,3,1,True
2026-03-26T14:46:52.793,T1,1,6466,1.637,-66.4,-88.8,-22.4,191.62,638978334,638977636,84,14671,16096,11077,24129,1373,3,1,True
2026-03-26T14:46:53.303,T1,1,6467,1.107,-67.7,-88.4,-20.7,184.56,638978109,638977636,88,14389,16241,12651,21661,1360,3,1,True
2026-03-26T14:46:53.817,T1,1,6468,0.774,-68.1,-88.6,-20.5,166.07,638977967,638977636,104,15930,17271,17279,29613,1612,3,1,True
2026-03-26T14:46:54.294,T1,1,6469,1.44,-67.6,-88.4,-20.9,236.34,638978250,638977636,80,16810,18907,15825,30796,1615,3,1,True
2026-03-26T14:46:54.804,T1,1,6470,1.219,-67.0,-88.5,-21.4,207.4,638978157,638977636,84,15031,17422,12515,24846,1424,3,1,True
2026-03-26T14:46:55.313,T1,1,6471,1.384,-67.9,-89.0,-21.1,178.31,638978227,638977636,108,17891,19258,14518,34525,1729,3,1,True
2026-03-26T14:46:55.793,T1,1,6472,1.374,-67.1,-88.1,-21.0,198.31,638978222,638977636,88,13709,17451,17649,26584,1474,3,1,True
2026-03-26T14:46:56.304,T1,1,6473,0.854,-68.3,-88.3,-20.0,196.84,638978001,638977636,96,15336,18897,18967,30243,1641,3,1,True
2026-03-26T14:46:56.813,T1,1,6474,0.901,-67.3,-86.1,-18.8,198.73,638978020,638977636,88,15429,17488,12819,19778,1284,3,1,True
2026-03-26T14:46:57.292,T1,1,6475,1.135,-66.7,-85.4,-18.7,281.87,638978120,638977636,60,15467,16912,12924,19166,1238,3,1,True
2026-03-26T14:46:57.804,T1,1,6476,0.699,-65.4,-81.8,-16.5,278.58,638977934,638977636,60,16163,16715,14094,17573,1131,3,1,True
2026-03-26T14:46:58.313,T1,1,6477,1.144,-66.8,-92.2,-25.4,128.42,638978124,638977636,84,7765,10787,8392,21296,1306,3,1,True
2026-03-26T14:46:58.822,T1,1,6478,1.074,-67.1,-93.6,-26.5,109.38,638978094,638977636,96,1981,10500,8843,22496,1357,3,1,True
2026-03-26T14:46:59.304,T1,1,6479,0.075,-67.8,-93.7,-25.8,75.65,638977668,638977636,92,5178,6960,12850,27215,1532,3,1,True
2026-03-26T14:46:59.814,T1,1,6480,0.53,-67.2,-89.5,-22.3,194.23,638977863,638977636,96,16940,18646,15023,39295,1803,3,1,True
2026-03-26T14:47:00.292,T1,1,6481,0.441,-67.5,-89.4,-21.9,181.09,638977824,638977636,92,17976,16660,12880,32984,1667,3,1,True
2026-03-26T14:47:00.804,T1,1,6482,0.253,-67.5,-93.1,-25.6,124.53,638977744,638977636,80,3357,9962,9816,20917,1327,3,1,True
2026-03-26T14:47:01.313,T1,1,6483,0.553,-67.3,-92.4,-25.1,122.26,638977872,638977636,72,10927,8803,5494,19809,1281,3,1,True
2026-03-26T14:47:01.793,T1,1,6484,0.633,-66.9,-92.8,-25.9,114.39,638977907,638977636,88,8508,10066,8153,24001,1393,3,1,True
2026-03-26T14:47:02.304,T1,1,6485,0.478,-69.7,-93.4,-23.7,138.84,638977841,638977636,96,10195,13329,9893,35554,1867,3,1,True
2026-03-26T14:47:02.812,T1,1,6486,0.619,-68.1,-92.0,-23.9,176.05,638977901,638977636,80,7960,14084,11038,29182,1600,3,1,True
2026-03-26T14:47:03.322,T1,1,6487,0.629,-68.1,-91.5,-23.4,165.32,638977905,638977636,76,5196,12564,11410,21314,1369,3,1,True
2026-03-26T14:47:03.802,T1,1,6488,0.6,-65.5,-86.4,-20.9,191.75,638977893,638977636,92,14653,17641,16526,25737,1375,3,1,True
2026-03-26T14:47:04.313,T1,1,6489,1.205,-67.8,-88.5,-20.7,192.45,638978151,638977636,96,14791,18475,15457,27514,1539,3,1,True
2026-03-26T14:47:04.822,T1,1,6490,0.68,-68.2,-92.8,-24.6,121.74,638977926,638977636,100,1615,12174,12717,28231,1580,3,1,True
2026-03-26T14:47:05.304,T1,1,6491,1.581,-66.8,-89.7,-22.9,177.91,638978311,638977636,88,10532,15656,12427,25065,1418,3,1,True
2026-03-26T14:47:05.813,T1,1,6492,1.553,-66.7,-89.8,-23.1,244.55,638978299,638977636,60,9328,14673,13853,24768,1405,3,1,True
2026-03-26T14:47:06.322,T1,1,6493,0.474,-67.5,-90.3,-22.8,165.79,638977838,638977636,80,10888,13263,10665,21622,1349,3,1,True
2026-03-26T14:47:06.802,T1,1,6494,0.629,-67.6,-90.7,-23.1,147.91,638977904,638977636,96,12414,14199,10575,27362,1526,3,1,True
2026-03-26T14:47:07.312,T1,1,6495,0.718,-68.0,-90.7,-22.7,134.02,638977943,638977636,92,10121,12330,8251,18121,1256,3,1,True
2026-03-26T14:47:07.822,T1,1,6496,-0.07,-68.2,-91.4,-23.2,131.51,638977606,638977636,128,10827,16833,14513,40052,1881,3,1,True
2026-03-26T14:47:08.303,T1,1,6497,0.919,-67.5,-90.9,-23.4,153.94,638978029,638977636,108,10198,16625,13259,33924,1690,3,1,True
2026-03-26T14:47:08.814,T1,1,6498,1.215,-66.2,-90.7,-24.4,138.8,638978155,638977636,100,7245,13880,13707,27334,1453,3,1,True
2026-03-26T14:47:09.322,T1,1,6499,0.675,-67.6,-90.3,-22.7,171.25,638977925,638977636,100,12481,17125,11688,31280,1630,3,1,True
2026-03-26T14:47:09.834,T1,1,6500,0.521,-68.8,-90.7,-21.9,139.91,638977859,638977636,112,8180,15670,17732,33289,1749,3,1,True
2026-03-26T14:47:10.313,T1,1,6501,0.211,-67.0,-90.8,-23.8,165.63,638977726,638977636,84,9030,13913,11391,25104,1427,3,1,True
2026-03-26T14:47:10.822,T1,1,6502,1.055,-67.3,-90.5,-23.2,203.78,638978087,638977636,68,7799,13857,12204,22624,1369,3,1,True
2026-03-26T14:47:11.311,T1,1,6503,0.436,-67.9,-90.2,-22.3,194.87,638977823,638977636,84,13286,16369,10284,27898,1557,3,1,True
2026-03-26T14:47:11.813,T1,1,6504,0.197,-67.0,-90.5,-23.5,157.92,638977720,638977636,84,7441,13265,11191,20662,1296,3,1,True
2026-03-26T14:47:12.322,T1,1,6505,0.896,-68.2,-90.4,-22.2,155.93,638978018,638977636,104,8421,16217,15617,30388,1639,3,1,True
2026-03-26T14:47:12.833,T1,1,6506,0.127,-67.2,-90.6,-23.3,193.74,638977690,638977636,80,10295,15499,10867,26798,1488,3,1,True
2026-03-26T14:47:13.315,T1,1,6507,0.483,-65.9,-90.5,-24.6,144.09,638977842,638977636,104,9322,14985,12248,28761,1474,3,1,True
2026-03-26T14:47:13.829,T1,1,6508,0.286,-66.2,-90.7,-24.5,165.04,638977759,638977636,96,10549,15844,11916,32549,1582,3,1,True
2026-03-26T14:47:14.333,T1,1,6509,0.549,-67.8,-90.8,-23.0,161.55,638977870,638977636,112,12034,18094,14259,39956,1856,3,1,True
2026-03-26T14:47:14.811,T1,1,6510,0.868,-67.9,-90.9,-23.0,144.6,638978007,638977636,92,12431,13303,8844,24349,1450,3,1,True
2026-03-26T14:47:15.322,T1,1,6511,0.854,-68.7,-90.6,-21.9,167.1,638978001,638977636,104,8841,17378,15851,33093,1739,3,1,True
2026-03-26T14:47:15.832,T1,1,6512,0.966,-68.6,-90.4,-21.8,198.8,638978048,638977636,76,12519,15109,9680,24108,1479,3,1,True
2026-03-26T14:47:16.311,T1,1,6513,1.159,-69.5,-89.0,-19.5,170.95,638978130,638977636,100,12621,17095,16045,24573,1543,3,1,True
2026-03-26T14:47:16.822,T1,1,6514,0.342,-70.1,-91.1,-21.0,173.75,638977782,638977636,104,11565,18070,12894,33400,1836,3,1,True
2026-03-26T14:47:17.332,T1,1,6515,0.962,-68.1,-93.2,-25.1,109.5,638978046,638977636,76,2327,8322,10694,18926,1287,3,1,True
2026-03-26T14:47:17.811,T1,1,6516,0.924,-64.8,-89.0,-24.1,144.31,638978030,638977636,100,14918,14431,10069,25133,1326,3,1,True
2026-03-26T14:47:18.321,T1,1,6517,0.769,-65.4,-90.2,-24.8,170.46,638977964,638977636,76,11092,12955,9083,22686,1287,3,1,True
2026-03-26T14:47:18.832,T1,1,6518,1.074,-67.1,-91.1,-23.9,147.76,638978094,638977636,96,9666,14185,8978,24513,1419,3,1,True
2026-03-26T14:47:19.313,T1,1,6519,0.807,-67.3,-85.7,-18.5,236.84,638977981,638977636,76,14913,18000,16374,22227,1358,3,1,True
2026-03-26T14:47:19.823,T1,1,6520,0.671,-70.8,-90.8,-20.0,231.59,638977923,638977636,76,10203,17601,13570,28623,1739,3,1,True
2026-03-26T14:47:20.331,T1,1,6521,0.094,-68.4,-89.4,-21.0,194.74,638977676,638977636,88,13492,17137,12355,25457,1510,3,1,True
2026-03-26T14:47:20.813,T1,1,6522,0.347,-68.4,-89.9,-21.5,171.41,638977784,638977636,108,13998,18512,13532,32934,1717,3,1,True
2026-03-26T14:47:21.352,T1,1,6523,0.492,-70.0,-89.7,-19.7,217.16,638977846,638977636,80,11590,17373,14210,25114,1585,3,1,True
2026-03-26T14:47:21.833,T1,1,6524,1.079,-69.2,-89.9,-20.7,184.47,638978097,638977636,92,9679,16971,15968,27378,1611,3,1,True
2026-03-26T14:47:22.311,T1,1,6525,0.746,-69.1,-89.8,-20.7,187.01,638977954,638977636,92,14648,17205,10937,26621,1583,3,1,True
2026-03-26T14:47:22.822,T1,1,6526,0.811,-69.5,-89.9,-20.5,148.18,638977982,638977636,112,12134,16596,13080,25337,1563,3,1,True
2026-03-26T14:47:23.333,T1,1,6527,0.389,-70.2,-90.1,-19.9,193.05,638977802,638977636,100,15778,19305,13138,33632,1850,3,1,True
2026-03-26T14:47:23.842,T1,1,6528,1.149,-70.1,-90.2,-20.1,196.18,638978126,638977636,96,15021,18833,12265,32023,1798,3,1,True
2026-03-26T14:47:24.321,T1,1,6529,0.563,-69.6,-90.5,-20.9,184.98,638977876,638977636,100,10675,18498,16347,34937,1846,3,1,True
2026-03-26T14:47:24.833,T1,1,6530,0.005,-68.8,-89.6,-20.8,190.1,638977639,638977636,88,13658,16729,10979,24384,1500,3,1,True
2026-03-26T14:47:25.343,T1,1,6531,1.318,-68.8,-90.1,-21.3,180.85,638978199,638977636,104,15322,18808,14296,37054,1848,3,1,True
2026-03-26T14:47:25.822,T1,1,6532,0.633,-67.9,-89.6,-21.8,176.91,638977906,638977636,104,14499,18399,12662,31718,1656,3,1,True
2026-03-26T14:47:26.361,T1,1,6533,0.994,-68.0,-89.5,-21.4,186.81,638978060,638977636,88,11902,16439,12912,24537,1463,3,1,True
2026-03-26T14:47:26.871,T1,1,6534,0.976,-69.9,-90.2,-20.4,182.35,638978052,638977636,96,9086,17506,15052,27405,1648,3,1,True
2026-03-26T14:47:27.322,T1,1,6535,0.699,-70.8,-91.0,-20.2,144.15,638977934,638977636,124,10471,17875,15948,33979,1898,3,1,True
2026-03-26T14:47:27.832,T1,1,6536,0.295,-70.3,-90.9,-20.6,178.94,638977762,638977636,96,9240,17178,14153,29167,1726,3,1,True
2026-03-26T14:47:28.340,T1,1,6537,0.999,-69.9,-90.7,-20.8,227.25,638978062,638977636,80,14898,18180,10811,33460,1826,3,1,True
2026-03-26T14:47:28.852,T1,1,6538,0.769,-70.2,-90.8,-20.6,158.96,638977965,638977636,104,7324,16532,17913,31929,1800,3,1,True
2026-03-26T14:47:29.331,T1,1,6539,0.061,-69.1,-89.7,-20.6,176.36,638977662,638977636,88,11176,15520,12129,21149,1411,3,1,True
2026-03-26T14:47:29.842,T1,1,6540,0.736,-68.6,-88.4,-19.7,179.64,638977950,638977636,104,16367,18683,13200,25010,1510,3,1,True
2026-03-26T14:47:30.351,T1,1,6541,1.506,-67.0,-79.9,-12.8,229.51,638978279,638977636,72,12104,16525,15685,12330,1002,3,1,True
2026-03-26T14:47:30.832,T1,1,6542,0.98,-67.4,-88.6,-21.1,209.24,638978054,638977636,92,16280,19250,18763,35421,1724,3,1,True
2026-03-26T14:47:31.341,T1,1,6543,1.144,-69.4,-93.9,-24.4,113.56,638978125,638977636,112,9154,12719,7722,32409,1765,3,1,True
2026-03-26T14:47:31.851,T1,1,6544,0.225,-66.8,-84.7,-17.9,258.11,638977733,638977636,76,18714,19616,15336,25554,1431,3,1,True
2026-03-26T14:47:32.332,T1,1,6545,0.413,-67.9,-92.1,-24.2,138.64,638977813,638977636,64,11216,8873,5533,18354,1261,3,1,True
2026-03-26T14:47:32.874,T1,1,6546,0.314,-66.0,-90.8,-24.8,143.5,638977770,638977636,76,9102,10906,8369,18063,1172,3,1,True
2026-03-26T14:47:33.351,T1,1,6547,0.736,-65.9,-90.1,-24.2,161.62,638977951,638977636,84,10992,13576,8681,21513,1272,3,1,True
2026-03-26T14:47:33.831,T1,1,6548,0.314,-68.2,-90.2,-22.0,232.47,638977771,638977636,68,12372,15808,10618,25680,1507,3,1,True
2026-03-26T14:47:34.360,T1,1,6549,0.783,-67.4,-90.0,-22.5,174.32,638977971,638977636,84,12419,14643,8855,22151,1363,3,1,True
2026-03-26T14:47:34.851,T1,1,6550,0.736,-67.8,-90.3,-22.5,155.18,638977950,638977636,108,10618,16759,14277,31042,1635,3,1,True
2026-03-26T14:47:35.362,T1,1,6551,0.774,-68.7,-90.4,-21.7,175.59,638977966,638977636,104,16041,18261,12207,37206,1848,3,1,True
2026-03-26T14:47:35.841,T1,1,6552,0.774,-67.6,-89.9,-22.3,184.59,638977966,638977636,92,12822,16982,12147,29043,1569,3,1,True
2026-03-26T14:47:36.352,T1,1,6553,0.521,-66.5,-90.0,-23.5,137.7,638977858,638977636,120,13569,16524,11585,31408,1571,3,1,True
2026-03-26T14:47:36.831,T1,1,6554,0.84,-66.6,-90.3,-23.7,182.52,638977994,638977636,92,9476,16792,17172,37880,1733,3,1,True
2026-03-26T14:47:37.341,T1,1,6555,1.088,-68.4,-90.2,-21.8,154.92,638978100,638977636,120,13765,18590,13325,34876,1770,3,1,True
2026-03-26T14:47:37.850,T1,1,6556,1.154,-67.8,-90.6,-22.8,165.09,638978128,638977636,96,13211,15849,12554,32685,1677,3,1,True
2026-03-26T14:47:38.331,T1,1,6557,0.586,-67.7,-90.3,-22.7,165.51,638977887,638977636,104,10871,17213,14852,33828,1698,3,1,True
2026-03-26T14:47:38.843,T1,1,6558,0.943,-66.5,-90.2,-23.7,148.33,638978038,638977636,96,8586,14240,12930,24821,1396,3,1,True
2026-03-26T14:47:39.351,T1,1,6559,0.896,-66.8,-90.3,-23.4,161.18,638978019,638977636,76,7390,12250,11571,18768,1229,3,1,True
2026-03-26T14:47:39.832,T1,1,6560,0.338,-67.3,-90.2,-22.8,166.62,638977780,638977636,96,12378,15996,10942,27823,1523,3,1,True
2026-03-26T14:47:40.342,T1,1,6561,1.098,-66.9,-90.3,-23.4,191.23,638978105,638977636,88,12944,16828,11168,32085,1609,3,1,True
2026-03-26T14:47:40.851,T1,1,6562,0.061,-66.4,-90.2,-23.8,152.89,638977663,638977636,80,6834,12231,12272,19586,1236,3,1,True
2026-03-26T14:47:41.332,T1,1,6563,1.215,-67.4,-90.5,-23.1,158.11,638978154,638977636,84,11656,13281,10297,23755,1411,3,1,True
2026-03-26T14:47:41.843,T1,1,6564,0.666,-67.2,-89.9,-22.6,185.97,638977921,638977636,92,14665,17109,10695,30572,1590,3,1,True
2026-03-26T14:47:42.351,T1,1,6565,0.596,-68.1,-90.5,-22.4,171.11,638977891,638977636,96,15127,16427,11859,34125,1733,3,1,True
2026-03-26T14:47:42.861,T1,1,6566,0.98,-67.0,-89.9,-22.9,188.19,638978055,638977636,88,9626,16561,15861,31467,1602,3,1,True
2026-03-26T14:47:43.344,T1,1,6567,0.675,-66.8,-90.4,-23.7,187.94,638977924,638977636,96,12181,18042,14659,39858,1787,3,1,True
2026-03-26T14:47:43.851,T1,1,6568,0.549,-66.6,-90.1,-23.5,177.26,638977871,638977636,100,12925,17726,13158,35432,1672,3,1,True
2026-03-26T14:47:44.330,T1,1,6569,0.943,-66.7,-89.8,-23.1,219.89,638978038,638977636,76,11732,16712,12946,29225,1525,3,1,True
2026-03-26T14:47:44.843,T1,1,6570,0.385,-68.4,-90.5,-22.2,161.3,638977800,638977636,116,13297,18711,15736,41106,1917,3,1,True
2026-03-26T14:47:45.351,T1,1,6571,0.553,-67.5,-90.0,-22.6,178.67,638977872,638977636,88,9293,15723,14859,27944,1534,3,1,True
2026-03-26T14:47:45.861,T1,1,6572,0.577,-67.5,-90.3,-22.8,215.72,638977883,638977636,68,8240,14669,15292,27528,1523,3,1,True
2026-03-26T14:47:46.341,T1,1,6573,0.075,-67.4,-90.1,-22.8,155.74,638977668,638977636,112,14646,17443,10752,32983,1659,3,1,True
2026-03-26T14:47:46.851,T1,1,6574,0.685,-68.9,-90.2,-21.3,204.7,638977928,638977636,80,8798,16376,17868,31614,1711,3,1,True
2026-03-26T14:47:47.391,T1,1,6575,0.849,-70.4,-90.7,-20.4,138.73,638977999,638977636,136,13927,18867,15444,38210,1982,3,1,True
2026-03-26T14:47:47.842,T1,1,6576,0.924,-69.3,-90.4,-21.1,168.22,638978030,638977636,100,17345,16822,11059,34113,1801,3,1,True
2026-03-26T14:47:48.351,T1,1,6577,0.192,-68.5,-90.4,-21.9,153.91,638977718,638977636,108,9692,16622,17877,35222,1783,3,1,True
2026-03-26T14:47:48.861,T1,1,6578,0.713,-68.9,-90.1,-21.2,183.58,638977940,638977636,104,12238,19092,16552,36625,1844,3,1,True
2026-03-26T14:47:49.342,T1,1,6579,0.868,-67.7,-89.9,-22.1,173.38,638978006,638977636,96,12592,16644,12730,28410,1559,3,1,True
2026-03-26T14:47:49.852,T1,1,6580,0.661,-68.4,-89.7,-21.4,211.01,638977919,638977636,80,11054,16881,13363,25893,1523,3,1,True
2026-03-26T14:47:50.361,T1,1,6581,0.455,-67.8,-90.1,-22.3,200.86,638977831,638977636,80,13352,16069,10000,26801,1520,3,1,True
2026-03-26T14:47:50.843,T1,1,6582,0.633,-68.6,-90.4,-21.8,191.7,638977906,638977636,88,9443,16870,17086,33832,1756,3,1,True
2026-03-26T14:47:51.381,T1,1,6583,0.272,-68.5,-89.6,-21.1,226.24,638977753,638977636,72,13796,16289,11288,24592,1490,3,1,True
2026-03-26T14:47:51.861,T1,1,6584,0.661,-68.5,-89.7,-21.2,229.8,638977918,638977636,76,10871,17465,15286,28298,1599,3,1,True
2026-03-26T14:47:52.373,T1,1,6585,0.352,-69.0,-89.6,-20.7,243.63,638977787,638977636,68,11801,16567,13268,24374,1508,3,1,True
2026-03-26T14:47:52.858,T1,1,6586,0.249,-67.7,-89.7,-22.0,185.62,638977742,638977636,88,11692,16335,12371,25634,1478,3,1,True
2026-03-26T14:47:53.361,T1,1,6587,0.699,-67.0,-89.8,-22.7,206.84,638977934,638977636,76,10670,15720,12162,24825,1422,3,1,True
2026-03-26T14:47:53.872,T1,1,6588,0.994,-67.7,-89.9,-22.2,151.99,638978061,638977636,104,9163,15807,15464,27657,1539,3,1,True
2026-03-26T14:47:54.350,T1,1,6589,0.305,-67.3,-87.5,-20.1,228.25,638977766,638977636,72,15504,16434,11223,19489,1274,3,1,True
2026-03-26T14:47:54.862,T1,1,6590,0.919,-68.7,-92.4,-23.7,119.42,638978029,638977636,96,157,11464,16093,31103,1685,3,1,True
2026-03-26T14:47:55.374,T1,1,6591,0.188,-68.5,-95.0,-26.5,118.93,638977716,638977636,100,4625,11893,9563,37370,1834,3,1,True
2026-03-26T14:47:55.851,T1,1,6592,0.811,-65.7,-84.0,-18.3,237.64,638977982,638977636,80,16462,19011,14798,23025,1309,3,1,True
2026-03-26T14:47:56.360,T1,1,6593,0.305,-66.9,-91.4,-24.5,130.38,638977766,638977636,88,4037,11473,13903,24558,1409,3,1,True
2026-03-26T14:47:56.871,T1,1,6594,0.675,-68.7,-90.2,-21.5,178.81,638977925,638977636,96,10123,17166,17129,33191,1740,3,1,True
2026-03-26T14:47:57.351,T1,1,6595,0.155,-67.7,-90.6,-22.9,142.52,638977702,638977636,104,10296,14822,13195,28121,1552,3,1,True
2026-03-26T14:47:57.861,T1,1,6596,0.746,-68.3,-89.9,-21.5,171.82,638977955,638977636,96,11699,16495,13410,26910,1549,3,1,True
2026-03-26T14:47:58.372,T1,1,6597,1.492,-68.0,-90.1,-22.1,171.25,638978273,638977636,104,13386,17810,12434,31955,1672,3,1,True
2026-03-26T14:47:58.851,T1,1,6598,1.431,-67.4,-90.3,-22.9,152.76,638978247,638977636,100,8467,15276,17256,32584,1652,3,1,True
2026-03-26T14:47:59.361,T1,1,6599,0.324,-67.8,-89.8,-22.0,186.79,638977774,638977636,92,12575,17185,12469,28608,1568,3,1,True
2026-03-26T14:47:59.870,T1,1,6600,0.614,-68.2,-90.6,-22.4,140.77,638977899,638977636,108,8984,15203,15452,30229,1637,3,1,True
2026-03-26T14:48:00.350,T1,1,6601,0.661,-68.1,-90.0,-21.9,195.11,638977918,638977636,80,9335,15609,15047,26785,1534,3,1,True
2026-03-26T14:48:00.860,T1,1,6602,0.844,-67.4,-89.9,-22.5,199.07,638977996,638977636,88,12024,17518,13705,31375,1619,3,1,True
2026-03-26T14:48:01.371,T1,1,6603,0.455,-67.1,-89.9,-22.8,223.11,638977830,638977636,80,13421,17849,12196,32065,1621,3,1,True
2026-03-26T14:48:01.880,T1,1,6604,0.455,-67.8,-90.4,-22.6,163.89,638977830,638977636,108,14894,17700,11862,35832,1756,3,1,True
2026-03-26T14:48:02.361,T1,1,6605,0.338,-67.5,-90.2,-22.7,167.98,638977781,638977636,84,7691,14110,16249,27256,1515,3,1,True
2026-03-26T14:48:02.870,T1,1,6606,0.516,-68.0,-89.9,-21.9,179.9,638977857,638977636,92,11682,16551,13647,28291,1573,3,1,True
2026-03-26T14:48:03.352,T1,1,6607,1.004,-68.0,-90.2,-22.2,189.26,638978064,638977636,92,11295,17412,14518,32232,1674,3,1,True
2026-03-26T14:48:03.860,T1,1,6608,0.446,-67.8,-89.9,-22.1,148.71,638977827,638977636,112,12436,16656,12728,28319,1559,3,1,True
2026-03-26T14:48:04.371,T1,1,6609,0.774,-67.3,-90.1,-22.8,194.38,638977966,638977636,84,9028,16328,16621,32514,1645,3,1,True
2026-03-26T14:48:04.850,T1,1,6610,0.807,-68.1,-90.7,-22.6,161.49,638977980,638977636,92,9173,14857,14573,28860,1592,3,1,True
2026-03-26T14:48:05.360,T1,1,6611,0.971,-67.7,-90.0,-22.3,200.57,638978050,638977636,80,10110,16046,14674,28132,1552,3,1,True
2026-03-26T14:48:05.870,T1,1,6612,0.319,-67.3,-89.7,-22.4,168.8,638977772,638977636,100,12164,16880,12728,28286,1532,3,1,True
2026-03-26T14:48:06.351,T1,1,6613,0.45,-67.1,-90.0,-22.9,163.49,638977828,638977636,84,7597,13733,14350,23398,1385,3,1,True
2026-03-26T14:48:06.861,T1,1,6614,0.169,-67.6,-90.7,-23.2,143.03,638977709,638977636,104,8841,14875,14727,30338,1602,3,1,True
2026-03-26T14:48:07.371,T1,1,6615,0.863,-67.5,-90.0,-22.6,179.91,638978005,638977636,96,11751,17271,13414,30961,1613,3,1,True
2026-03-26T14:48:07.880,T1,1,6616,-0.075,-67.7,-89.8,-22.0,180.74,638977604,638977636,96,13849,17351,11226,28761,1568,3,1,True
2026-03-26T14:48:08.360,T1,1,6617,0.61,-68.0,-89.7,-21.7,185.55,638977897,638977636,92,10611,17071,15167,28707,1581,3,1,True
2026-03-26T14:48:08.872,T1,1,6618,-0.197,-68.1,-89.7,-21.5,180.82,638977552,638977636,92,13249,16635,11606,25929,1510,3,1,True
2026-03-26T14:48:09.380,T1,1,6619,0.244,-68.1,-90.3,-22.1,178.07,638977741,638977636,100,12996,17807,14567,35292,1762,3,1,True
2026-03-26T14:48:09.860,T1,1,6620,0.675,-68.2,-90.1,-21.9,153.12,638977925,638977636,104,8522,15924,17295,30254,1637,3,1,True
2026-03-26T14:48:10.370,T1,1,6621,0.403,-68.4,-89.7,-21.3,185.45,638977808,638977636,92,14632,17061,10479,26933,1552,3,1,True
2026-03-26T14:48:10.880,T1,1,6622,0.295,-67.4,-90.2,-22.8,158.9,638977763,638977636,104,13237,16526,11510,30488,1597,3,1,True
2026-03-26T14:48:11.360,T1,1,6623,0.432,-68.7,-90.2,-21.5,176.64,638977820,638977636,108,12646,19077,15362,36563,1828,3,1,True
2026-03-26T14:48:11.871,T1,1,6624,-0.155,-68.2,-89.9,-21.7,190.05,638977570,638977636,88,12973,16724,12331,27668,1564,3,1,True
2026-03-26T14:48:12.380,T1,1,6625,1.219,-68.5,-90.9,-22.4,173.31,638978156,638977636,96,16199,16638,10530,37214,1831,3,1,True
2026-03-26T14:48:12.921,T1,1,6626,0.689,-67.8,-90.1,-22.3,183.39,638977930,638977636,84,8527,15405,16027,28468,1567,3,1,True
2026-03-26T14:48:13.372,T1,1,6627,0.638,-68.5,-90.5,-22.0,137.67,638977909,638977636,120,9179,16520,18117,35637,1792,3,1,True
2026-03-26T14:48:13.879,T1,1,6628,1.177,-66.9,-89.8,-22.9,210.31,638978139,638977636,80,11640,16825,13507,29968,1555,3,1,True
2026-03-26T14:48:14.391,T1,1,6629,0.835,-67.5,-90.8,-23.3,162.42,638977992,638977636,88,8654,14293,14200,28603,1551,3,1,True
2026-03-26T14:48:14.870,T1,1,6630,0.994,-67.2,-89.8,-22.6,170.84,638978060,638977636,100,14121,17084,11139,29629,1562,3,1,True
2026-03-26T14:48:15.380,T1,1,6631,1.083,-67.6,-90.1,-22.5,186.42,638978099,638977636,84,8644,15659,14950,27461,1525,3,1,True
2026-03-26T14:48:15.892,T1,1,6632,0.98,-67.2,-90.5,-23.4,207.86,638978055,638977636,76,8439,15797,14459,30471,1583,3,1,True
2026-03-26T14:48:16.371,T1,1,6633,0.905,-67.2,-89.8,-22.6,197.52,638978023,638977636,80,9463,15802,14181,26165,1471,3,1,True
2026-03-26T14:48:16.881,T1,1,6634,0.253,-66.7,-90.1,-23.4,172.33,638977744,638977636,96,9011,16544,16969,34646,1664,3,1,True
2026-03-26T14:48:17.390,T1,1,6635,0.886,-67.6,-90.4,-22.8,162.83,638978015,638977636,92,13535,14980,11307,29244,1577,3,1,True
2026-03-26T14:48:17.874,T1,1,6636,0.896,-67.8,-90.4,-22.7,169.52,638978019,638977636,88,12707,14918,11565,28091,1552,3,1,True
2026-03-26T14:48:18.380,T1,1,6637,0.516,-67.6,-90.1,-22.5,165.53,638977856,638977636,96,8745,15891,17277,31778,1641,3,1,True
2026-03-26T14:48:18.890,T1,1,6638,0.713,-67.4,-90.1,-22.7,154.9,638977940,638977636,120,12187,18588,14962,36893,1754,3,1,True
2026-03-26T14:48:19.371,T1,1,6639,1.008,-67.2,-89.9,-22.7,164.3,638978066,638977636,96,9424,15773,14700,27661,1510,3,1,True
2026-03-26T14:48:19.881,T1,1,6640,0.596,-67.3,-89.8,-22.5,194.51,638977891,638977636,84,12210,16339,12645,27670,1517,3,1,True
2026-03-26T14:48:20.390,T1,1,6641,0.511,-67.8,-90.2,-22.5,192.41,638977854,638977636,96,11765,18471,15589,37221,1787,3,1,True
2026-03-26T14:48:20.901,T1,1,6642,0.619,-67.2,-89.8,-22.7,189.86,638977900,638977636,88,12767,16708,12288,29141,1548,3,1,True
2026-03-26T14:48:21.379,T1,1,6643,0.502,-68.0,-89.7,-21.8,204.98,638977851,638977636,84,13210,17218,11841,27790,1555,3,1,True
2026-03-26T14:48:21.890,T1,1,6644,0.966,-67.8,-90.2,-22.4,158.7,638978048,638977636,96,8023,15235,16518,29126,1584,3,1,True
2026-03-26T14:48:22.400,T1,1,6645,0.056,-68.1,-90.5,-22.4,158.73,638977661,638977636,100,16153,15873,9933,32673,1696,3,1,True
2026-03-26T14:48:22.910,T1,1,6646,1.06,-67.6,-90.0,-22.4,170.82,638978088,638977636,100,11907,17082,13059,29877,1593,3,1,True
2026-03-26T14:48:23.389,T1,1,6647,0.094,-69.1,-90.4,-21.3,175.61,638977676,638977636,100,14625,17561,12471,33203,1767,3,1,True
2026-03-26T14:48:23.932,T1,1,6648,0.399,-67.7,-90.0,-22.3,177.18,638977806,638977636,92,9387,16301,16215,30405,1614,3,1,True
2026-03-26T14:48:24.410,T1,1,6649,0.305,-68.0,-90.3,-22.3,177.27,638977767,638977636,104,14555,18436,12996,37358,1807,3,1,True
2026-03-26T14:48:24.891,T1,1,6650,0.863,-68.0,-90.3,-22.3,174.6,638978004,638977636,100,12264,17460,14022,33603,1709,3,1,True
2026-03-26T14:48:25.401,T1,1,6651,0.516,-67.8,-90.3,-22.5,160.99,638977857,638977636,108,11571,17387,13404,32299,1667,3,1,True
2026-03-26T14:48:25.911,T1,1,6652,0.178,-68.4,-90.5,-22.2,164.09,638977713,638977636,100,10764,16409,14859,32127,1695,3,1,True
2026-03-26T14:48:26.391,T1,1,6653,0.877,-67.9,-90.0,-22.1,158.59,638978010,638977636,112,11516,17762,13908,30898,1634,3,1,True
2026-03-26T14:48:26.901,T1,1,6654,0.98,-67.6,-89.7,-22.1,187.18,638978055,638977636,92,10814,17221,14916,29544,1585,3,1,True
2026-03-26T14:48:27.410,T1,1,6655,-0.08,-68.0,-89.9,-22.0,150.68,638977601,638977636,120,12410,18081,13819,31972,1669,3,1,True
2026-03-26T14:48:27.889,T1,1,6656,0.507,-67.8,-90.4,-22.6,177.86,638977853,638977636,92,10704,16363,12654,29121,1584,3,1,True
2026-03-26T14:48:28.401,T1,1,6657,0.127,-66.8,-89.7,-23.0,196.7,638977691,638977636,88,12060,17310,13062,30367,1559,3,1,True
2026-03-26T14:48:28.910,T1,1,6658,0.84,-67.7,-90.5,-22.7,169.55,638977994,638977636,88,10376,14920,12355,26268,1500,3,1,True
2026-03-26T14:48:29.389,T1,1,6659,1.538,-68.1,-90.4,-22.3,167.41,638978292,638977636,104,13898,17411,11129,32610,1690,3,1,True
2026-03-26T14:48:29.899,T1,1,6660,0.516,-67.7,-90.2,-22.6,167.65,638977856,638977636,88,8135,14753,16346,28529,1559,3,1,True
2026-03-26T14:48:30.410,T1,1,6661,1.285,-67.7,-90.5,-22.8,159.05,638978184,638977636,88,6847,13996,15986,27474,1530,3,1,True
2026-03-26T14:48:30.920,T1,1,6662,0.985,-67.5,-89.9,-22.4,162.33,638978057,638977636,96,11687,15584,11032,24433,1433,3,1,True
2026-03-26T14:48:31.400,T1,1,6663,0.694,-67.8,-89.8,-22.1,182.04,638977932,638977636,84,10801,15291,11191,22408,1386,3,1,True
2026-03-26T14:48:31.909,T1,1,6664,0.314,-67.4,-89.8,-22.3,195.11,638977771,638977636,88,12659,17170,12459,28964,1559,3,1,True
2026-03-26T14:48:32.419,T1,1,6665,0.553,-68.0,-89.8,-21.9,210.52,638977872,638977636,84,12120,17684,13560,29760,1609,3,1,True
2026-03-26T14:48:32.899,T1,1,6666,0.408,-67.7,-90.2,-22.6,178.74,638977811,638977636,84,7974,15014,14718,26333,1499,3,1,True
2026-03-26T14:48:33.410,T1,1,6667,0.741,-67.2,-90.3,-23.1,182.69,638977952,638977636,80,9207,14615,12673,25158,1443,3,1,True
2026-03-26T14:48:33.920,T1,1,6668,0.07,-68.0,-90.3,-22.3,156.3,638977667,638977636,100,8790,15630,16036,29610,1608,3,1,True
2026-03-26T14:48:34.399,T1,1,6669,0.872,-67.8,-89.9,-22.1,162.06,638978008,638977636,104,9933,16854,15516,29519,1593,3,1,True
2026-03-26T14:48:34.911,T1,1,6670,1.074,-67.7,-89.8,-22.1,190.47,638978095,638977636,92,12797,17523,12461,29192,1579,3,1,True
2026-03-26T14:48:35.420,T1,1,6671,0.328,-67.2,-89.5,-22.3,211.52,638977776,638977636,80,12320,16922,12600,27246,1501,3,1,True
2026-03-26T14:48:35.899,T1,1,6672,0.779,-67.2,-89.9,-22.6,200.25,638977969,638977636,76,9202,15219,13198,24130,1412,3,1,True
2026-03-26T14:48:36.409,T1,1,6673,0.919,-67.6,-90.0,-22.4,171.2,638978029,638977636,92,10266,15750,12311,24946,1455,3,1,True
2026-03-26T14:48:36.920,T1,1,6674,0.891,-67.8,-89.8,-22.0,208.9,638978017,638977636,84,12582,17548,12816,29171,1585,3,1,True
2026-03-26T14:48:37.431,T1,1,6675,0.23,-67.6,-90.5,-22.9,157.81,638977735,638977636,88,6659,13887,15832,27166,1518,3,1,True
2026-03-26T14:48:37.911,T1,1,6676,-0.258,-67.3,-89.9,-22.6,173.15,638977526,638977636,104,11536,18008,15265,34305,1689,3,1,True
2026-03-26T14:48:38.421,T1,1,6677,0.178,-68.1,-90.8,-22.7,178.76,638977712,638977636,84,8833,15016,15773,31899,1672,3,1,True
2026-03-26T14:48:38.931,T1,1,6678,0.718,-67.9,-90.2,-22.2,177.38,638977943,638977636,100,14064,17738,11821,32713,1686,3,1,True
2026-03-26T14:48:39.409,T1,1,6679,0.633,-67.6,-89.9,-22.3,148.16,638977906,638977636,112,14783,16594,10757,29358,1576,3,1,True
2026-03-26T14:48:39.920,T1,1,6680,-0.066,-67.4,-89.7,-22.3,192.35,638977608,638977636,88,10492,16927,15094,29351,1567,3,1,True
2026-03-26T14:48:40.401,T1,1,6681,1.323,-67.5,-90.3,-22.7,164.61,638978201,638977636,108,11912,17778,13905,34347,1703,3,1,True
2026-03-26T14:48:40.911,T1,1,6682,-0.028,-68.3,-89.8,-21.6,148.66,638977624,638977636,116,10843,17245,14952,28961,1603,3,1,True
2026-03-26T14:48:41.419,T1,1,6683,0.281,-68.7,-89.7,-21.0,215.44,638977757,638977636,80,12066,17235,13104,26405,1554,3,1,True
2026-03-26T14:48:41.929,T1,1,6684,0.103,-69.2,-89.8,-20.6,194.11,638977681,638977636,92,11174,17858,15424,29089,1661,3,1,True
2026-03-26T14:48:42.410,T1,1,6685,0.455,-68.6,-90.0,-21.4,208.67,638977831,638977636,88,12535,18363,14254,31994,1704,3,1,True
2026-03-26T14:48:42.921,T1,1,6686,0.511,-69.4,-89.9,-20.5,195.66,638977854,638977636,92,12730,18001,13737,28767,1665,3,1,True
2026-03-26T14:48:43.430,T1,1,6687,0.286,-67.7,-89.7,-22.0,163.35,638977759,638977636,100,12033,16335,12810,26440,1502,3,1,True
2026-03-26T14:48:43.909,T1,1,6688,0.366,-69.7,-89.4,-19.6,187.05,638977792,638977636,92,13387,17209,11778,22650,1492,3,1,True
2026-03-26T14:48:44.419,T1,1,6689,0.924,-69.4,-89.3,-19.9,221.34,638978031,638977636,76,12476,16822,12257,22005,1454,3,1,True
2026-03-26T14:48:44.929,T1,1,6690,0.385,-69.3,-89.7,-20.4,205.48,638977800,638977636,84,10251,17260,15820,26814,1601,3,1,True
2026-03-26T14:48:45.410,T1,1,6691,0.403,-69.2,-90.2,-21.0,149.67,638977808,638977636,124,15552,18559,15444,38163,1902,3,1,True
2026-03-26T14:48:45.921,T1,1,6692,0.849,-67.0,-90.2,-23.2,169.9,638977999,638977636,80,9772,13592,9183,19742,1268,3,1,True
2026-03-26T14:48:46.429,T1,1,6693,1.252,-68.4,-90.1,-21.7,210.1,638978171,638977636,80,11255,16808,12964,27813,1581,3,1,True
2026-03-26T14:48:46.909,T1,1,6694,-0.084,-65.7,-90.5,-24.8,154.79,638977599,638977636,100,9809,15479,12490,31407,1529,3,1,True
2026-03-26T14:48:47.419,T1,1,6695,1.041,-66.7,-89.9,-23.2,148.94,638978080,638977636,96,10924,14298,9700,21642,1315,3,1,True
2026-03-26T14:48:47.929,T1,1,6696,0.371,-66.8,-90.4,-23.6,149.66,638977795,638977636,116,10143,17360,15915,37474,1732,3,1,True
2026-03-26T14:48:48.408,T1,1,6697,0.844,-67.6,-90.2,-22.7,148.98,638977997,638977636,112,11807,16686,13688,31540,1633,3,1,True
2026-03-26T14:48:48.918,T1,1,6698,0.197,-67.5,-89.7,-22.2,204.77,638977721,638977636,80,11035,16382,12338,25482,1466,3,1,True
2026-03-26T14:48:49.429,T1,1,6699,-0.22,-67.7,-89.9,-22.2,192.06,638977541,638977636,88,11435,16901,14168,29317,1582,3,1,True
2026-03-26T14:48:49.909,T1,1,6700,0.6,-67.4,-90.0,-22.6,225.5,638977893,638977636,80,12470,18040,13568,33270,1667,3,1,True
2026-03-26T14:48:50.421,T1,1,6701,0.525,-66.7,-90.5,-23.8,141.75,638977861,638977636,96,11321,13608,9407,23604,1370,3,1,True
2026-03-26T14:48:50.929,T1,1,6702,0.492,-66.5,-90.2,-23.7,177.36,638977847,638977636,88,12960,15608,10216,29062,1511,3,1,True
2026-03-26T14:48:51.408,T1,1,6703,0.005,-67.0,-93.1,-26.1,162.1,638977638,638977636,60,5300,9726,8009,19564,1261,3,1,True
2026-03-26T14:48:51.948,T1,1,6704,0.929,-67.4,-87.1,-19.8,239.15,638978032,638977636,72,12418,17219,12980,18521,1243,3,1,True
2026-03-26T14:48:52.429,T1,1,6705,-0.047,-67.9,-86.5,-18.7,210.73,638977615,638977636,80,17047,16858,10211,18831,1275,3,1,True
2026-03-26T14:48:52.909,T1,1,6706,0.568,-68.0,-86.3,-18.3,273.18,638977879,638977636,60,14826,16391,10772,16298,1194,3,1,True
2026-03-26T14:48:53.420,T1,1,6707,0.722,-69.3,-88.3,-19.1,258.59,638977944,638977636,64,13236,16550,13288,18732,1335,3,1,True
2026-03-26T14:48:53.930,T1,1,6708,0.474,-67.8,-89.9,-22.1,180.89,638977839,638977636,104,19511,18813,12568,42753,1917,3,1,True
2026-03-26T14:48:54.409,T1,1,6709,0.455,-63.7,-91.1,-27.4,137.39,638977831,638977636,72,4109,9892,11554,20756,1161,3,1,True
2026-03-26T14:48:54.918,T1,1,6710,0.563,-66.1,-92.4,-26.3,119.89,638977876,638977636,92,7323,11030,7632,22077,1299,3,1,True
2026-03-26T14:48:55.429,T1,1,6711,0.206,-65.9,-90.2,-24.2,216.22,638977725,638977636,68,9685,14703,10703,24469,1360,3,1,True
2026-03-26T14:48:55.938,T1,1,6712,0.952,-67.6,-89.9,-22.3,215.24,638978042,638977636,72,9566,15497,15066,26952,1512,3,1,True
2026-03-26T14:48:56.419,T1,1,6713,0.877,-66.5,-90.6,-24.1,131.78,638978010,638977636,96,4466,12651,13457,21962,1315,3,1,True
2026-03-26T14:48:56.929,T1,1,6714,-0.183,-66.9,-89.0,-22.1,180.45,638977557,638977636,92,10827,16601,16005,26959,1475,3,1,True
2026-03-26T14:48:57.438,T1,1,6715,0.779,-67.1,-92.1,-25.0,151.01,638977969,638977636,76,8011,11477,8067,21864,1340,3,1,True
2026-03-26T14:48:57.950,T1,1,6716,0.15,-66.3,-93.1,-26.8,134.69,638977701,638977636,68,4492,9159,5901,15205,1085,3,1,True
2026-03-26T14:48:58.461,T1,1,6717,0.145,-66.1,-89.0,-22.8,163.36,638977698,638977636,100,13607,16336,12595,26272,1419,3,1,True
2026-03-26T14:48:58.939,T1,1,6718,-0.131,-67.9,-91.8,-23.9,147.73,638977580,638977636,88,5853,13000,11375,24346,1451,3,1,True
2026-03-26T14:48:59.419,T1,1,6719,0.708,-66.8,-90.6,-23.7,138.21,638977938,638977636,116,12279,16032,13677,35365,1686,3,1,True
2026-03-26T14:48:59.931,T1,1,6720,0.305,-66.7,-90.9,-24.2,144.4,638977766,638977636,92,11418,13285,8824,24658,1402,3,1,True
2026-03-26T14:49:00.439,T1,1,6721,0.333,-67.2,-93.0,-25.8,137.0,638977778,638977636,68,1994,9316,10922,21469,1333,3,1,True
2026-03-26T14:49:00.949,T1,1,6722,0.3,-67.2,-88.7,-21.5,191.95,638977764,638977636,92,16635,17659,10921,26571,1482,3,1,True
2026-03-26T14:49:01.428,T1,1,6723,-0.047,-66.3,-85.2,-18.8,220.38,638977615,638977636,76,12034,16749,12284,16132,1120,3,1,True
2026-03-26T14:49:01.938,T1,1,6724,0.469,-66.1,-90.9,-24.7,142.4,638977836,638977636,88,8868,12531,11719,24952,1383,3,1,True
2026-03-26T14:49:02.418,T1,1,6725,1.21,-68.7,-91.6,-23.0,128.11,638978152,638977636,108,17423,13836,8383,37948,1861,3,1,True
2026-03-26T14:49:02.929,T1,1,6726,-0.235,-67.5,-92.7,-25.1,160.38,638977535,638977636,96,3733,15396,13937,40864,1857,3,1,True
2026-03-26T14:49:03.438,T1,1,6727,-0.033,-67.4,-91.6,-24.2,103.93,638977622,638977636,100,4395,10393,13937,23317,1398,3,1,True
2026-03-26T14:49:03.949,T1,1,6728,0.614,-66.4,-89.5,-23.1,200.58,638977898,638977636,84,13941,16849,11039,28802,1499,3,1,True
2026-03-26T14:49:04.430,T1,1,6729,0.497,-66.7,-85.0,-18.3,230.7,638977848,638977636,76,18145,17533,12633,21550,1311,3,1,True
2026-03-26T14:49:04.940,T1,1,6730,0.314,-68.1,-84.8,-16.7,223.56,638977771,638977636,84,13357,18779,16435,19330,1304,3,1,True
2026-03-26T14:49:05.449,T1,1,6731,-0.014,-68.1,-90.2,-22.1,135.11,638977630,638977636,132,17010,17834,11873,37170,1807,3,1,True
2026-03-26T14:49:05.958,T1,1,6732,0.535,-68.0,-93.6,-25.5,109.11,638977865,638977636,84,8615,9165,6982,22556,1404,3,1,True
2026-03-26T14:49:06.468,T1,1,6733,1.135,-65.1,-89.8,-24.7,222.58,638978121,638977636,52,7470,11574,8788,14997,1034,3,1,True
2026-03-26T14:49:06.948,T1,1,6734,0.844,-66.6,-92.3,-25.7,168.94,638977996,638977636,64,6446,10812,8626,20961,1290,3,1,True
2026-03-26T14:49:07.429,T1,1,6735,1.29,-65.3,-89.5,-24.2,168.93,638978186,638977636,80,9021,13514,9566,18384,1153,3,1,True
2026-03-26T14:49:07.937,T1,1,6736,1.309,-63.6,-84.8,-21.2,205.0,638978194,638977636,88,13100,18040,12386,21529,1175,3,1,True
2026-03-26T14:49:08.450,T1,1,6737,0.577,-66.1,-96.6,-30.5,78.09,638977883,638977636,68,2744,5310,6302,19059,1209,3,1,True
2026-03-26T14:49:08.929,T1,1,6738,0.788,-64.8,-91.8,-27.0,119.87,638977973,638977636,92,3971,11028,8995,20009,1183,3,1,True
2026-03-26T14:49:09.439,T1,1,6739,1.041,-67.1,-91.5,-24.4,131.2,638978081,638977636,96,2495,12595,13239,24379,1414,3,1,True
2026-03-26T14:49:09.950,T1,1,6740,0.661,-66.4,-90.5,-24.0,184.16,638977919,638977636,68,7437,12523,10064,18708,1209,3,1,True
2026-03-26T14:49:10.430,T1,1,6741,0.652,-65.2,-91.0,-25.8,135.08,638977914,638977636,76,4220,10266,10520,17171,1109,3,1,True
2026-03-26T14:49:10.938,T1,1,6742,0.211,-65.7,-90.3,-24.6,219.97,638977727,638977636,64,11829,14078,8976,25167,1369,3,1,True
2026-03-26T14:49:11.448,T1,1,6743,0.356,-65.5,-90.6,-25.1,161.67,638977788,638977636,72,6318,11640,9994,18082,1152,3,1,True
2026-03-26T14:49:11.930,T1,1,6744,0.042,-65.5,-90.8,-25.3,162.55,638977655,638977636,64,4925,10403,9144,14820,1041,3,1,True
2026-03-26T14:49:12.438,T1,1,6745,0.31,-65.7,-91.5,-25.8,126.25,638977768,638977636,76,4402,9595,12881,21918,1276,3,1,True
2026-03-26T14:49:12.948,T1,1,6746,0.652,-64.8,-91.3,-26.6,164.98,638977914,638977636,60,4066,9899,7869,14469,1004,3,1,True
2026-03-26T14:49:13.459,T1,1,6747,0.328,-65.6,-91.4,-25.7,149.62,638977777,638977636,72,1916,10773,12063,20665,1237,3,1,True
2026-03-26T14:49:13.938,T1,1,6748,0.647,-64.6,-90.7,-26.1,163.66,638977912,638977636,76,6429,12438,11149,22951,1256,3,1,True
2026-03-26T14:49:14.447,T1,1,6749,0.45,-65.2,-90.6,-25.4,203.43,638977829,638977636,60,6487,12206,10017,19517,1186,3,1,True
2026-03-26T14:49:14.958,T1,1,6750,0.802,-63.9,-90.9,-26.9,145.61,638977978,638977636,72,5150,10484,9849,18170,1094,3,1,True
2026-03-26T14:49:15.498,T1,1,6751,0.45,-64.2,-90.6,-26.4,151.34,638977828,638977636,80,8345,12107,8039,20020,1159,3,1,True
2026-03-26T14:49:15.950,T1,1,6752,0.338,-65.3,-91.0,-25.7,134.16,638977781,638977636,76,7869,10196,6264,14930,1040,3,1,True
2026-03-26T14:49:16.458,T1,1,6753,0.066,-68.8,-89.5,-20.6,179.48,638977665,638977636,104,14338,18666,13266,29463,1650,3,1,True
2026-03-26T14:49:16.939,T1,1,6754,0.896,-67.0,-88.6,-21.5,168.13,638978019,638977636,104,12851,17486,16384,27280,1491,3,1,True
2026-03-26T14:49:17.448,T1,1,6755,0.797,-67.7,-90.4,-22.7,182.39,638977977,638977636,96,13675,17509,11021,33059,1681,3,1,True
2026-03-26T14:49:17.957,T1,1,6756,0.793,-64.3,-91.8,-27.6,163.1,638977975,638977636,60,3671,9786,9591,19149,1136,3,1,True
2026-03-26T14:49:18.497,T1,1,6757,0.624,-65.1,-90.6,-25.5,146.57,638977902,638977636,84,9880,12312,8602,21900,1249,3,1,True
2026-03-26T14:49:18.978,T1,1,6758,0.919,-64.8,-88.7,-23.9,167.17,638978028,638977636,88,11741,14711,13462,23720,1288,3,1,True
2026-03-26T14:49:19.488,T1,1,6759,0.619,-66.6,-91.1,-24.4,181.27,638977900,638977636,96,14197,17402,12753,45172,1894,3,1,True
2026-03-26T14:49:19.970,T1,1,6760,0.727,-65.1,-92.2,-27.1,91.98,638977946,638977636,92,9772,8462,6149,20195,1201,3,1,True
2026-03-26T14:49:20.450,T1,1,6761,0.671,-65.2,-90.6,-25.5,143.26,638977923,638977636,100,10251,14326,10103,27911,1414,3,1,True
2026-03-26T14:49:20.958,T1,1,6762,0.976,-63.9,-91.1,-27.2,165.38,638978052,638977636,64,5677,10584,8806,18262,1096,3,1,True
2026-03-26T14:49:21.468,T1,1,6763,1.144,-66.4,-91.0,-24.7,143.02,638978125,638977636,120,9532,17163,14213,40132,1768,3,1,True
2026-03-26T14:49:21.948,T1,1,6764,0.281,-65.6,-91.6,-26.0,132.21,638977757,638977636,100,5601,13221,11228,27025,1413,3,1,True
2026-03-26T14:49:22.489,T1,1,6765,0.708,-65.7,-90.9,-25.1,172.67,638977938,638977636,76,8920,13123,9315,23355,1320,3,1,True
2026-03-26T14:49:22.972,T1,1,6766,0.568,-65.2,-90.7,-25.6,149.54,638977879,638977636,92,10141,13758,8893,25643,1356,3,1,True
2026-03-26T14:49:23.447,T1,1,6767,0.699,-66.4,-90.8,-24.4,167.77,638977934,638977636,100,8571,16777,14369,36096,1677,3,1,True
2026-03-26T14:49:23.958,T1,1,6768,0.033,-65.7,-91.7,-26.0,143.03,638977651,638977636,72,3709,10298,9957,18323,1167,3,1,True
2026-03-26T14:49:24.468,T1,1,6769,0.338,-64.4,-91.4,-27.0,134.97,638977781,638977636,68,2935,9178,11084,18318,1115,3,1,True
2026-03-26T14:49:24.978,T1,1,6770,0.127,-66.8,-90.5,-23.7,169.62,638977690,638977636,104,10140,17641,13619,35492,1689,3,1,True
2026-03-26T14:49:25.457,T1,1,6771,0.835,-66.8,-91.0,-24.2,145.76,638977992,638977636,84,11219,12244,8196,22775,1354,3,1,True
2026-03-26T14:49:25.967,T1,1,6772,0.253,-66.4,-91.6,-25.2,132.12,638977744,638977636,92,4656,12155,12330,24785,1389,3,1,True
2026-03-26T14:49:26.478,T1,1,6773,0.671,-65.5,-91.3,-25.8,143.45,638977922,638977636,88,11692,12624,7867,27830,1429,3,1,True
2026-03-26T14:49:26.960,T1,1,6774,0.478,-66.7,-91.1,-24.4,163.5,638977841,638977636,84,10746,13734,9782,27202,1473,3,1,True
2026-03-26T14:49:27.469,T1,1,6775,0.525,-67.0,-91.1,-24.1,132.4,638977861,638977636,104,5825,13770,14571,28808,1529,3,1,True
2026-03-26T14:49:27.982,T1,1,6776,-0.141,-67.3,-90.4,-23.1,165.64,638977575,638977636,100,12352,16564,11205,30809,1601,3,1,True
2026-03-26T14:49:28.457,T1,1,6777,1.229,-67.0,-90.9,-24.0,168.7,638978161,638977636,88,10815,14846,11006,29345,1544,3,1,True
2026-03-26T14:49:28.998,T1,1,6778,0.174,-67.1,-90.5,-23.4,176.82,638977710,638977636,96,11714,16975,11567,31957,1617,3,1,True
2026-03-26T14:49:29.478,T1,1,6779,1.299,-67.4,-90.9,-23.5,168.78,638978191,638977636,100,8257,16878,13557,33425,1672,3,1,True
2026-03-26T14:49:29.958,T1,1,6780,0.535,-67.5,-90.7,-23.2,155.07,638977864,638977636,112,8421,17368,15769,36747,1759,3,1,True
2026-03-26T14:49:30.468,T1,1,6781,0.53,-67.6,-91.0,-23.4,174.58,638977863,638977636,92,8553,16061,14086,32924,1672,3,1,True
2026-03-26T14:49:30.978,T1,1,6782,0.539,-67.6,-91.2,-23.6,170.98,638977867,638977636,88,4964,15046,15626,32200,1652,3,1,True
2026-03-26T14:49:31.457,T1,1,6783,0.446,-67.8,-90.3,-22.4,202.52,638977827,638977636,84,10766,17012,12639,29351,1591,3,1,True
2026-03-26T14:49:31.967,T1,1,6784,0.605,-67.2,-90.7,-23.4,189.74,638977894,638977636,96,10230,18215,14687,38614,1788,3,1,True
2026-03-26T14:49:32.477,T1,1,6785,0.6,-66.9,-90.3,-23.4,184.24,638977892,638977636,92,11125,16950,12366,31417,1591,3,1,True
2026-03-26T14:49:32.958,T1,1,6786,1.046,-67.5,-90.3,-22.9,186.34,638978083,638977636,88,10100,16398,13218,29483,1575,3,1,True
2026-03-26T14:49:33.469,T1,1,6787,0.042,-66.5,-90.4,-23.9,159.99,638977655,638977636,96,9751,15359,11731,27412,1467,3,1,True
2026-03-26T14:49:33.977,T1,1,6788,0.075,-65.9,-90.5,-24.6,154.69,638977668,638977636,80,7422,12375,9411,18523,1184,3,1,True
2026-03-26T14:49:34.457,T1,1,6789,0.38,-65.3,-91.0,-25.7,176.13,638977798,638977636,68,8615,11977,8811,21378,1243,3,1,True
2026-03-26T14:49:34.967,T1,1,6790,0.572,-66.6,-90.5,-23.9,161.09,638977881,638977636,88,10164,14176,8995,23040,1350,3,1,True
2026-03-26T14:49:35.476,T1,1,6791,0.947,-66.0,-91.1,-25.1,157.97,638978041,638977636,68,7192,10742,8530,17046,1137,3,1,True
2026-03-26T14:49:35.989,T1,1,6792,-0.249,-68.0,-90.3,-22.3,173.92,638977530,638977636,100,12760,17392,11216,30614,1636,3,1,True
2026-03-26T14:49:36.468,T1,1,6793,0.474,-66.9,-90.4,-23.5,174.67,638977839,638977636,88,10949,15371,11065,27091,1481,3,1,True
2026-03-26T14:49:36.978,T1,1,6794,0.891,-66.1,-91.1,-25.0,129.0,638978016,638977636,88,11385,11352,7198,22004,1297,3,1,True
2026-03-26T14:49:37.487,T1,1,6795,0.225,-66.8,-90.9,-24.1,167.93,638977732,638977636,76,7343,12763,9423,19614,1254,3,1,True
2026-03-26T14:49:37.968,T1,1,6796,0.544,-65.9,-90.7,-24.9,178.93,638977868,638977636,68,5578,12167,10635,19323,1207,3,1,True
2026-03-26T14:49:38.479,T1,1,6797,0.563,-64.7,-91.7,-27.0,113.56,638977876,638977636,84,3941,9539,8016,15270,1030,3,1,True
2026-03-26T14:49:38.989,T1,1,6798,1.154,-64.8,-93.7,-28.8,102.12,638978128,638977636,80,6677,8170,6130,20825,1208,3,1,True
2026-03-26T14:49:39.468,T1,1,6799,1.083,-65.1,-89.4,-24.3,160.26,638978098,638977636,92,13065,14744,9981,24936,1333,3,1,True
2026-03-26T14:49:40.007,T1,1,6800,0.295,-65.9,-86.2,-20.3,190.14,638977763,638977636,96,18668,18253,13634,26884,1425,3,1,True
2026-03-26T14:49:40.516,T1,1,6801,0.868,-62.5,-78.1,-15.6,128.68,638978006,638977636,136,17679,17501,12103,17194,1013,3,1,True
2026-03-26T14:49:40.997,T1,1,6802,0.422,-63.1,-79.6,-16.5,183.69,638977817,638977636,96,14690,17634,14036,17301,1037,3,1,True
2026-03-26T14:49:41.478,T1,1,6803,0.497,-69.8,-88.2,-18.5,220.74,638977848,638977636,84,13462,18542,12570,19421,1384,3,1,True
2026-03-26T14:49:41.989,T1,1,6804,-0.019,-68.9,-88.0,-19.1,160.43,638977628,638977636,120,11926,19251,19407,25541,1542,3,1,True
2026-03-26T14:49:42.497,T1,1,6805,-0.061,-64.3,-78.3,-14.0,140.6,638977610,638977636,124,18636,17434,13242,16602,1059,3,1,True
2026-03-26T14:49:42.979,T1,1,6806,-0.249,-65.7,-92.1,-26.4,140.62,638977529,638977636,64,813,9000,7943,13283,994,3,1,True
2026-03-26T14:49:43.487,T1,1,6807,-0.066,-68.1,-90.5,-22.3,192.18,638977608,638977636,80,12895,15374,9658,26264,1520,3,1,True
2026-03-26T14:49:43.997,T1,1,6808,1.004,-67.0,-90.8,-23.8,150.61,638978064,638977636,112,10983,16868,12135,34233,1668,3,1,True
2026-03-26T14:49:44.507,T1,1,6809,0.474,-67.5,-90.6,-23.0,159.9,638977838,638977636,108,9827,17269,13338,32303,1652,3,1,True
2026-03-26T14:49:44.987,T1,1,6810,0.53,-67.5,-90.4,-22.9,182.19,638977862,638977636,84,8729,15304,11793,24712,1443,3,1,True
2026-03-26T14:49:45.496,T1,1,6811,0.305,-67.8,-90.5,-22.7,193.89,638977766,638977636,88,7818,17062,15352,32231,1663,3,1,True
2026-03-26T14:49:46.008,T1,1,6812,0.802,-67.5,-90.9,-23.4,193.17,638977978,638977636,76,10424,14681,10224,26195,1488,3,1,True
2026-03-26T14:49:46.486,T1,1,6813,0.417,-67.4,-91.4,-24.0,152.2,638977814,638977636,88,5338,13394,12487,25383,1456,3,1,True
2026-03-26T14:49:46.997,T1,1,6814,0.511,-66.6,-90.7,-24.2,170.07,638977854,638977636,96,7682,16327,14997,34681,1655,3,1,True
2026-03-26T14:49:47.508,T1,1,6815,0.732,-67.0,-90.7,-23.7,153.21,638977949,638977636,96,10490,14708,9770,25371,1437,3,1,True
2026-03-26T14:49:47.987,T1,1,6816,0.699,-67.1,-90.9,-23.8,173.23,638977935,638977636,88,5992,15244,15498,32050,1622,3,1,True
2026-03-26T14:49:48.497,T1,1,6817,0.858,-67.9,-90.3,-22.4,160.76,638978002,638977636,100,12540,16076,9715,26485,1515,3,1,True
2026-03-26T14:49:49.007,T1,1,6818,1.121,-67.6,-90.5,-22.9,175.19,638978115,638977636,104,10285,18220,14726,36398,1759,3,1,True
2026-03-26T14:49:49.517,T1,1,6819,0.328,-67.5,-90.3,-22.8,211.41,638977777,638977636,80,12270,16913,11859,30970,1615,3,1,True
2026-03-26T14:49:49.996,T1,1,6820,1.004,-67.6,-91.0,-23.4,146.23,638978064,638977636,100,7807,14623,13227,28055,1545,3,1,True
2026-03-26T14:49:50.506,T1,1,6821,0.985,-66.7,-90.7,-24.0,151.2,638978057,638977636,92,8845,13910,9884,22928,1353,3,1,True
2026-03-26T14:49:51.017,T1,1,6822,-0.089,-67.2,-90.4,-23.2,159.81,638977597,638977636,108,14614,17260,10373,34384,1684,3,1,True
2026-03-26T14:49:51.526,T1,1,6823,0.614,-66.8,-91.2,-24.4,135.25,638977898,638977636,100,10051,13525,10715,27702,1493,3,1,True
2026-03-26T14:49:52.008,T1,1,6824,0.999,-67.2,-91.4,-24.2,138.52,638978063,638977636,96,4784,13298,12232,24428,1418,3,1,True
2026-03-26T14:49:52.516,T1,1,6825,0.713,-66.4,-91.1,-24.6,115.58,638977940,638977636,132,6168,15256,14481,32871,1603,3,1,True
2026-03-26T14:49:53.026,T1,1,6826,0.718,-67.0,-91.1,-24.1,130.66,638977943,638977636,108,8701,14111,11675,27431,1494,3,1,True
2026-03-26T14:49:53.537,T1,1,6827,0.704,-66.4,-91.2,-24.8,171.42,638977937,638977636,84,6355,14399,12858,29161,1510,3,1,True
2026-03-26T14:49:54.016,T1,1,6828,0.891,-67.5,-91.2,-23.6,158.27,638978016,638977636,88,7178,13928,12358,25859,1477,3,1,True
2026-03-26T14:49:54.526,T1,1,6829,0.052,-67.6,-90.5,-22.9,177.41,638977658,638977636,100,13970,17741,11004,35188,1726,3,1,True
2026-03-26T14:49:55.008,T1,1,6830,-0.038,-67.0,-91.1,-24.1,189.24,638977620,638977636,76,7105,14382,11772,26232,1460,3,1,True
2026-03-26T14:49:55.516,T1,1,6831,0.586,-66.9,-90.8,-23.9,130.53,638977886,638977636,124,9770,16186,13202,33121,1638,3,1,True
2026-03-26T14:49:56.028,T1,1,6832,0.014,-67.1,-90.5,-23.4,174.78,638977642,638977636,96,12325,16779,11856,33305,1653,3,1,True
2026-03-26T14:49:56.508,T1,1,6833,0.178,-66.9,-90.5,-23.7,175.91,638977712,638977636,92,12444,16184,10873,31511,1595,3,1,True
2026-03-26T14:49:57.052,T1,1,6834,0.821,-67.4,-91.1,-23.7,186.88,638977987,638977636,80,5657,14950,16262,33420,1673,3,1,True
2026-03-26T14:49:57.556,T1,1,6835,0.811,-67.2,-91.2,-24.0,161.18,638977983,638977636,84,13118,13539,8359,28463,1534,3,1,True
2026-03-26T14:49:58.006,T1,1,6836,0.174,-67.1,-90.4,-23.2,159.03,638977711,638977636,104,12066,16539,11808,31029,1596,3,1,True
2026-03-26T14:49:58.516,T1,1,6837,0.896,-67.1,-90.7,-23.6,155.18,638978019,638977636,100,7843,15518,13249,28664,1534,3,1,True
2026-03-26T14:49:59.026,T1,1,6838,-0.07,-67.2,-90.9,-23.7,150.49,638977605,638977636,116,8212,17457,15951,39251,1799,3,1,True
2026-03-26T14:49:59.506,T1,1,6839,0.502,-67.4,-91.4,-24.0,178.68,638977850,638977636,76,6017,13580,12485,26153,1478,3,1,True
2026-03-26T14:50:00.017,T1,1,6840,0.356,-66.8,-90.6,-23.8,158.94,638977789,638977636,96,7896,15258,12745,27293,1480,3,1,True
2026-03-26T14:50:00.526,T1,1,6841,0.577,-66.9,-91.2,-24.3,133.29,638977883,638977636,104,4548,13862,15409,30688,1575,3,1,True
2026-03-26T14:50:01.037,T1,1,6842,0.244,-67.3,-91.1,-23.8,128.85,638977740,638977636,108,6545,13916,13019,26504,1482,3,1,True
2026-03-26T14:50:01.516,T1,1,6843,0.868,-67.5,-90.8,-23.2,176.42,638978007,638977636,84,9415,14819,10101,24345,1433,3,1,True
2026-03-26T14:50:02.026,T1,1,6844,0.347,-67.2,-90.3,-23.1,167.83,638977784,638977636,92,8392,15440,12846,25886,1459,3,1,True
2026-03-26T14:50:02.537,T1,1,6845,0.929,-67.5,-90.8,-23.3,155.9,638978033,638977636,112,14083,17461,10703,37201,1773,3,1,True
2026-03-26T14:50:03.016,T1,1,6846,-0.145,-66.0,-90.7,-24.7,156.38,638977574,638977636,88,6741,13761,12364,25257,1386,3,1,True
2026-03-26T14:50:03.585,T1,1,6847,0.145,-67.0,-90.4,-23.4,152.5,638977698,638977636,104,13139,15860,10351,30040,1561,3,1,True
2026-03-26T14:50:04.036,T1,1,6848,0.863,-67.0,-91.2,-24.2,172.04,638978004,638977636,96,10439,16516,12832,37028,1738,3,1,True
2026-03-26T14:50:04.516,T1,1,6849,-0.089,-67.5,-91.3,-23.8,127.06,638977598,638977636,112,5926,14231,16541,34607,1706,3,1,True
2026-03-26T14:50:05.026,T1,1,6850,0.188,-66.5,-91.1,-24.6,130.18,638977716,638977636,120,6626,15622,14171,33568,1625,3,1,True
2026-03-26T14:50:05.508,T1,1,6851,0.3,-67.1,-90.5,-23.4,180.58,638977765,638977636,88,8128,15891,13094,28018,1515,3,1,True
2026-03-26T14:50:06.016,T1,1,6852,0.338,-67.4,-90.6,-23.2,158.22,638977781,638977636,104,12667,16455,11193,31779,1629,3,1,True
2026-03-26T14:50:06.526,T1,1,6853,0.422,-66.8,-91.3,-24.6,114.47,638977816,638977636,104,4391,11905,15238,28010,1497,3,1,True
2026-03-26T14:50:07.007,T1,1,6854,1.055,-67.3,-90.5,-23.2,177.8,638978086,638977636,96,11043,17069,12747,32478,1644,3,1,True
2026-03-26T14:50:07.517,T1,1,6855,0.802,-67.6,-91.1,-23.5,170.57,638977978,638977636,92,12345,15692,11657,34055,1700,3,1,True
2026-03-26T14:50:08.026,T1,1,6856,0.685,-67.3,-90.8,-23.5,143.0,638977929,638977636,108,6015,15444,15874,32150,1636,3,1,True
2026-03-26T14:50:08.536,T1,1,6857,0.333,-67.3,-90.5,-23.1,148.97,638977778,638977636,104,8657,15493,12483,26454,1484,3,1,True
2026-03-26T14:50:09.046,T1,1,6858,-0.211,-67.3,-91.0,-23.7,152.76,638977545,638977636,96,5627,14665,15752,31216,1610,3,1,True
2026-03-26T14:50:09.526,T1,1,6859,0.544,-67.5,-91.2,-23.7,144.17,638977869,638977636,84,4495,12110,15832,27311,1517,3,1,True
2026-03-26T14:50:10.039,T1,1,6860,0.127,-67.4,-91.2,-23.8,142.18,638977690,638977636,100,7305,14218,13322,28713,1552,3,1,True
2026-03-26T14:50:10.545,T1,1,6861,-0.127,-66.6,-91.2,-24.7,155.89,638977581,638977636,88,7749,13718,12017,27753,1480,3,1,True
2026-03-26T14:50:11.026,T1,1,6862,0.239,-67.2,-90.4,-23.3,161.36,638977738,638977636,100,13684,16136,9698,30520,1585,3,1,True
2026-03-26T14:50:11.537,T1,1,6863,0.206,-66.7,-91.0,-24.3,168.81,638977724,638977636,88,5675,14855,16009,33921,1645,3,1,True
2026-03-26T14:50:12.047,T1,1,6864,0.319,-67.1,-91.4,-24.3,153.06,638977772,638977636,88,8224,13469,12072,27794,1510,3,1,True
2026-03-26T14:50:12.526,T1,1,6865,1.079,-66.9,-91.1,-24.1,136.31,638978097,638977636,112,13780,15267,10026,34647,1675,3,1,True
2026-03-26T14:50:13.037,T1,1,6866,0.647,-67.6,-90.6,-23.0,203.7,638977912,638977636,88,9756,17926,14496,35862,1745,3,1,True
2026-03-26T14:50:13.546,T1,1,6867,0.483,-66.8,-91.4,-24.7,123.09,638977842,638977636,112,4583,13786,15534,32952,1625,3,1,True
2026-03-26T14:50:14.027,T1,1,6868,0.103,-66.1,-91.1,-25.0,138.76,638977681,638977636,108,10027,14986,11384,32374,1574,3,1,True
2026-03-26T14:50:14.538,T1,1,6869,0.689,-66.8,-90.8,-24.1,166.48,638977930,638977636,104,8199,17314,15288,38092,1747,3,1,True
2026-03-26T14:50:15.047,T1,1,6870,0.3,-66.7,-90.4,-23.7,177.02,638977765,638977636,96,12948,16994,11083,33314,1630,3,1,True
2026-03-26T14:50:15.526,T1,1,6871,0.643,-67.2,-90.4,-23.3,172.07,638977910,638977636,92,11095,15830,11383,28358,1528,3,1,True
2026-03-26T14:50:16.038,T1,1,6872,0.08,-67.2,-90.8,-23.6,157.7,638977671,638977636,96,5510,15139,16056,31364,1607,3,1,True
2026-03-26T14:50:16.545,T1,1,6873,0.314,-66.4,-91.1,-24.7,169.66,638977770,638977636,92,5762,15609,14886,34762,1646,3,1,True
2026-03-26T14:50:17.056,T1,1,6874,0.952,-66.7,-91.1,-24.4,147.21,638978043,638977636,112,6581,16487,17407,41827,1829,3,1,True
2026-03-26T14:50:17.536,T1,1,6875,-0.033,-67.1,-90.7,-23.6,162.23,638977621,638977636,104,9272,16872,13781,33832,1663,3,1,True
2026-03-26T14:50:18.075,T1,1,6876,0.455,-67.5,-91.4,-23.9,146.86,638977831,638977636,96,6320,14099,15659,33512,1681,3,1,True
2026-03-26T14:50:18.525,T1,1,6877,0.502,-66.8,-91.2,-24.4,143.02,638977850,638977636,108,7960,15446,14433,35149,1677,3,1,True
2026-03-26T14:50:19.035,T1,1,6878,0.91,-67.1,-90.7,-23.6,175.37,638978025,638977636,100,13462,17537,11060,36730,1732,3,1,True
2026-03-26T14:50:19.546,T1,1,6879,0.272,-67.2,-91.1,-23.9,137.06,638977752,638977636,108,7651,14802,11413,26497,1477,3,1,True
2026-03-26T14:50:20.056,T1,1,6880,0.901,-66.6,-91.1,-24.5,153.31,638978021,638977636,96,9099,14718,10945,28672,1505,3,1,True
2026-03-26T14:50:20.535,T1,1,6881,0.277,-67.2,-90.8,-23.6,140.83,638977754,638977636,108,5315,15210,16149,31535,1613,3,1,True
2026-03-26T14:50:21.046,T1,1,6882,0.366,-66.8,-90.4,-23.6,150.61,638977793,638977636,112,13902,16868,10586,33764,1644,3,1,True
2026-03-26T14:50:21.555,T1,1,6883,0.643,-67.3,-91.6,-24.3,141.59,638977911,638977636,100,5507,14159,12987,29289,1559,3,1,True
2026-03-26T14:50:22.065,T1,1,6884,1.337,-66.3,-90.7,-24.3,162.8,638978206,638977636,108,10229,17582,13763,38068,1721,3,1,True
2026-03-26T14:50:22.546,T1,1,6885,0.352,-67.5,-90.7,-23.2,159.98,638977787,638977636,112,10078,17918,14479,37285,1774,3,1,True
2026-03-26T14:50:23.058,T1,1,6886,0.15,-66.6,-90.7,-24.1,172.99,638977701,638977636,92,9074,15915,12407,30532,1553,3,1,True
2026-03-26T14:50:23.536,T1,1,6887,0.938,-67.2,-91.4,-24.2,185.39,638978036,638977636,80,6628,14831,12386,29078,1548,3,1,True
2026-03-26T14:50:24.048,T1,1,6888,0.488,-66.8,-91.1,-24.3,157.49,638977845,638977636,96,6698,15119,15480,34597,1666,3,1,True
2026-03-26T14:50:24.555,T1,1,6889,-0.131,-67.0,-91.2,-24.2,157.26,638977580,638977636,88,7729,13839,12366,27714,1502,3,1,True
2026-03-26T14:50:25.035,T1,1,6890,0.521,-67.5,-90.8,-23.2,129.45,638977858,638977636,132,12392,17087,11152,33877,1691,3,1,True
2026-03-26T14:50:25.546,T1,1,6891,0.624,-65.9,-91.2,-25.2,110.09,638977902,638977636,116,5455,12771,11518,23657,1337,3,1,True
2026-03-26T14:50:26.057,T1,1,6892,-0.131,-66.9,-90.7,-23.8,179.5,638977579,638977636,100,11351,17950,13147,37772,1745,3,1,True
2026-03-26T14:50:26.535,T1,1,6893,1.112,-66.9,-91.2,-24.4,154.59,638978111,638977636,108,8275,16696,13059,35914,1702,3,1,True
2026-03-26T14:50:27.048,T1,1,6894,0.122,-66.0,-91.2,-25.2,134.38,638977689,638977636,80,9544,10750,7245,18807,1195,3,1,True
2026-03-26T14:50:27.556,T1,1,6895,0.826,-66.4,-92.0,-25.5,137.31,638977989,638977636,80,2812,10985,9229,17954,1186,3,1,True
2026-03-26T14:50:28.067,T1,1,6896,0.141,-68.3,-88.6,-20.3,203.64,638977696,638977636,88,15436,17920,11469,23489,1447,3,1,True
2026-03-26T14:50:28.548,T1,1,6897,0.333,-67.3,-87.4,-20.1,186.65,638977779,638977636,104,18633,19412,13447,27648,1515,3,1,True
2026-03-26T14:50:29.056,T1,1,6898,0.441,-68.7,-89.9,-21.1,165.39,638977825,638977636,100,15902,16539,11445,29150,1634,3,1,True
2026-03-26T14:50:29.567,T1,1,6899,0.45,-66.8,-88.8,-22.0,166.51,638977828,638977636,96,2516,15985,17157,21932,1327,3,1,True
2026-03-26T14:50:30.046,T1,1,6900,0.281,-65.0,-81.3,-16.3,211.49,638977756,638977636,84,16199,17765,11155,16496,1083,3,1,True
2026-03-26T14:50:30.555,T1,1,6901,0.005,-67.4,-91.7,-24.2,136.15,638977638,638977636,100,2542,13615,13755,28121,1536,3,1,True
2026-03-26T14:50:31.065,T1,1,6902,0.868,-67.6,-95.7,-28.1,120.87,638978006,638977636,68,6559,8219,5147,25093,1460,3,1,True
2026-03-26T14:50:31.546,T1,1,6903,0.497,-67.5,-88.4,-20.8,155.85,638977848,638977636,132,14046,20572,17235,31303,1626,3,1,True
2026-03-26T14:50:32.055,T1,1,6904,0.746,-65.2,-88.4,-23.2,187.79,638977955,638977636,76,2134,14272,14356,16820,1098,3,1,True
2026-03-26T14:50:32.535,T1,1,6905,-0.009,-67.0,-91.1,-24.0,151.5,638977632,638977636,80,10397,12120,11145,24934,1425,3,1,True
2026-03-26T14:50:33.046,T1,1,6906,0.0,-66.6,-93.5,-26.9,100.2,638977637,638977636,80,2352,8016,8027,15985,1126,3,1,True
2026-03-26T14:50:33.555,T1,1,6907,0.568,-70.0,-93.8,-23.7,136.92,638977879,638977636,88,12334,12049,7338,35099,1877,3,1,True
2026-03-26T14:50:34.065,T1,1,6908,1.201,-73.1,-92.0,-18.9,227.42,638978148,638977636,76,8421,17284,15110,31890,1988,3,1,True
2026-03-26T14:50:34.546,T1,1,6909,0.91,-68.9,-89.1,-20.2,220.71,638978024,638977636,76,14435,16774,12242,23498,1476,3,1,True
2026-03-26T14:50:35.055,T1,1,6910,1.149,-65.9,-88.5,-22.6,135.93,638978127,638977636,120,17496,16311,10577,26812,1422,3,1,True
2026-03-26T14:50:35.564,T1,1,6911,1.173,-64.4,-88.5,-24.1,155.56,638978137,638977636,108,16564,16800,11475,30077,1431,3,1,True
2026-03-26T14:50:36.046,T1,1,6912,0.535,-64.2,-88.6,-24.4,158.82,638977864,638977636,96,14418,15247,10508,25100,1299,3,1,True
2026-03-26T14:50:36.585,T1,1,6913,0.671,-67.1,-92.2,-25.2,134.23,638977923,638977636,88,4873,11812,9566,21812,1335,3,1,True
2026-03-26T14:50:37.065,T1,1,6914,0.605,-66.2,-93.8,-27.5,137.58,638977895,638977636,48,6714,6604,4184,13749,1030,3,1,True
2026-03-26T14:50:37.545,T1,1,6915,0.272,-65.6,-94.8,-29.1,111.38,638977752,638977636,68,1935,7574,5165,14895,1050,3,1,True
2026-03-26T14:50:38.055,T1,1,6916,0.436,-65.8,-90.9,-25.2,183.06,638977822,638977636,84,9256,15377,11746,32063,1549,3,1,True
2026-03-26T14:50:38.566,T1,1,6917,0.732,-66.8,-91.4,-24.6,178.7,638977949,638977636,76,7406,13581,9395,23441,1370,3,1,True
2026-03-26T14:50:39.058,T1,1,6918,1.126,-64.7,-90.6,-25.9,143.0,638978117,638977636,68,7106,9724,7636,14027,987,3,1,True
2026-03-26T14:50:39.556,T1,1,6919,-0.188,-66.8,-92.9,-26.1,117.6,638977556,638977636,100,2617,11760,8801,22777,1353,3,1,True
2026-03-26T14:50:40.066,T1,1,6920,0.492,-66.3,-89.6,-23.3,171.43,638977847,638977636,84,11255,14400,11931,23751,1358,3,1,True
2026-03-26T14:50:40.575,T1,1,6921,0.6,-66.4,-89.1,-22.7,240.55,638977892,638977636,60,11750,14433,9663,19318,1227,3,1,True
2026-03-26T14:50:41.057,T1,1,6922,-0.047,-68.5,-89.5,-21.0,201.75,638977615,638977636,96,18148,19368,16190,39752,1892,3,1,True
2026-03-26T14:50:41.565,T1,1,6923,1.004,-68.2,-89.3,-21.1,172.1,638978064,638977636,104,15111,17898,11110,27058,1548,3,1,True
2026-03-26T14:50:42.075,T1,1,6924,0.91,-68.0,-89.1,-21.1,183.82,638978025,638977636,92,9753,16911,15067,23642,1434,3,1,True
2026-03-26T14:50:42.555,T1,1,6925,0.797,-68.5,-89.6,-21.1,156.21,638977976,638977636,128,16204,19995,17679,41124,1924,3,1,True
2026-03-26T14:50:43.065,T1,1,6926,1.013,-68.0,-89.3,-21.3,145.01,638978069,638977636,112,8437,16241,17062,25558,1491,3,1,True
2026-03-26T14:50:43.576,T1,1,6927,0.844,-67.6,-89.2,-21.6,168.05,638977997,638977636,100,8650,16805,16981,26354,1496,3,1,True
2026-03-26T14:50:44.086,T1,1,6928,0.516,-67.7,-88.9,-21.2,178.39,638977856,638977636,100,13753,17839,12547,25231,1470,3,1,True
2026-03-26T14:50:44.565,T1,1,6929,0.68,-67.5,-88.9,-21.4,206.81,638977927,638977636,80,14547,16545,11820,24010,1423,3,1,True
2026-03-26T14:50:45.075,T1,1,6930,0.976,-67.7,-89.0,-21.3,201.21,638978052,638977636,84,11285,16902,14083,23892,1430,3,1,True
2026-03-26T14:50:45.590,T1,1,6931,0.497,-68.3,-89.7,-21.4,196.74,638977848,638977636,96,14828,18887,13149,32750,1709,3,1,True
2026-03-26T14:50:46.064,T1,1,6932,0.943,-68.5,-88.6,-20.1,226.05,638978039,638977636,76,12093,17180,13712,21372,1391,3,1,True
2026-03-26T14:50:46.574,T1,1,6933,0.436,-68.9,-90.6,-21.7,166.12,638977823,638977636,100,7085,16612,17525,33097,1752,3,1,True
2026-03-26T14:50:47.084,T1,1,6934,1.168,-69.0,-89.6,-20.6,225.54,638978134,638977636,76,14476,17141,10583,25018,1527,3,1,True
2026-03-26T14:50:47.624,T1,1,6935,0.563,-69.2,-89.9,-20.8,229.62,638977876,638977636,80,10529,18370,17120,32586,1754,3,1,True
2026-03-26T14:50:48.075,T1,1,6936,1.356,-68.6,-90.6,-22.0,168.67,638978214,638977636,100,15045,16867,10442,32994,1729,3,1,True
2026-03-26T14:50:48.587,T1,1,6937,0.6,-68.6,-91.5,-22.9,139.13,638977892,638977636,100,4057,13913,14856,28063,1595,3,1,True
2026-03-26T14:50:49.095,T1,1,6938,1.098,-68.7,-91.1,-22.4,191.85,638978104,638977636,84,6036,16115,15729,31868,1708,3,1,True
2026-03-26T14:50:49.575,T1,1,6939,0.394,-68.0,-91.4,-23.4,175.14,638977804,638977636,88,7044,15412,11747,28511,1578,3,1,True
2026-03-26T14:50:50.085,T1,1,6940,1.252,-68.4,-91.2,-22.8,150.0,638978171,638977636,108,8903,16200,13988,33415,1731,3,1,True
2026-03-26T14:50:50.594,T1,1,6941,0.596,-68.5,-91.1,-22.5,151.52,638977891,638977636,104,12343,15758,10665,30534,1661,3,1,True
2026-03-26T14:50:51.075,T1,1,6942,0.629,-68.0,-91.9,-23.9,120.43,638977904,638977636,96,2476,11561,14162,25446,1491,3,1,True
2026-03-26T14:50:51.585,T1,1,6943,0.174,-68.5,-92.0,-23.5,139.69,638977710,638977636,88,3808,12293,15850,30399,1656,3,1,True
2026-03-26T14:50:52.095,T1,1,6944,0.755,-68.6,-91.3,-22.8,152.62,638977959,638977636,104,17011,15872,9528,39659,1896,3,1,True
2026-03-26T14:50:52.576,T1,1,6945,1.051,-69.0,-91.1,-22.1,201.3,638978085,638977636,80,6817,16104,15100,30705,1694,3,1,True
2026-03-26T14:50:53.086,T1,1,6946,0.577,-68.8,-91.2,-22.3,137.6,638977882,638977636,120,16564,16512,10401,38938,1897,3,1,True
2026-03-26T14:50:53.596,T1,1,6947,0.502,-68.6,-91.5,-22.9,163.48,638977850,638977636,92,7961,15040,14600,32772,1728,3,1,True
2026-03-26T14:50:54.076,T1,1,6948,-0.122,-67.9,-91.9,-24.0,163.35,638977583,638977636,80,3770,13068,15323,31697,1655,3,1,True
2026-03-26T14:50:54.585,T1,1,6949,0.877,-68.4,-91.1,-22.7,129.92,638978010,638977636,132,7713,17149,16053,37090,1824,3,1,True
2026-03-26T14:50:55.095,T1,1,6950,1.069,-68.2,-90.8,-22.6,187.97,638978092,638977636,88,8150,16541,14068,30810,1653,3,1,True
2026-03-26T14:50:55.575,T1,1,6951,0.835,-68.7,-90.7,-22.0,196.7,638977993,638977636,88,11670,17310,11161,30235,1664,3,1,True
2026-03-26T14:50:56.087,T1,1,6952,0.31,-68.6,-90.5,-21.9,176.33,638977769,638977636,100,10156,17633,15239,33497,1743,3,1,True
2026-03-26T14:50:56.604,T1,1,6953,0.202,-68.7,-90.5,-21.8,168.12,638977722,638977636,108,13497,18157,13624,35658,1808,3,1,True
2026-03-26T14:50:57.075,T1,1,6954,0.446,-68.6,-91.5,-22.9,107.27,638977827,638977636,128,4083,13731,17850,33969,1759,3,1,True
2026-03-26T14:50:57.585,T1,1,6955,0.774,-68.8,-90.8,-21.9,161.67,638977966,638977636,104,7719,16814,15119,31116,1696,3,1,True
2026-03-26T14:50:58.095,T1,1,6956,0.047,-69.9,-91.0,-21.1,147.97,638977657,638977636,124,16506,18348,12247,40169,2001,3,1,True
2026-03-26T14:50:58.605,T1,1,6957,0.633,-69.0,-90.6,-21.5,153.55,638977907,638977636,108,8513,16583,14915,29258,1656,3,1,True
2026-03-26T14:50:59.086,T1,1,6958,0.136,-68.7,-90.8,-22.1,203.84,638977695,638977636,80,6724,16307,16109,31395,1698,3,1,True
2026-03-26T14:50:59.594,T1,1,6959,1.032,-68.3,-91.0,-22.7,196.14,638978076,638977636,84,9927,16476,11242,29414,1619,3,1,True
2026-03-26T14:51:00.104,T1,1,6960,0.568,-68.6,-91.0,-22.3,209.8,638977879,638977636,84,12203,17623,10971,33309,1742,3,1,True
2026-03-26T14:51:00.584,T1,1,6961,1.201,-68.1,-91.2,-23.0,158.6,638978149,638977636,96,6446,15226,14549,30293,1632,3,1,True
2026-03-26T14:51:01.096,T1,1,6962,0.741,-68.4,-90.9,-22.6,185.11,638977953,638977636,84,6329,15549,14409,28547,1597,3,1,True
2026-03-26T14:51:01.577,T1,1,6963,1.332,-68.2,-91.6,-23.4,147.58,638978205,638977636,100,2966,14758,16000,33109,1710,3,1,True
2026-03-26T14:51:02.086,T1,1,6964,0.122,-69.1,-90.8,-21.7,162.79,638977689,638977636,100,7771,16279,15333,29817,1673,3,1,True
2026-03-26T14:51:02.597,T1,1,6965,-0.009,-68.4,-91.4,-23.0,140.6,638977632,638977636,128,7787,17997,14592,38495,1858,3,1,True
2026-03-26T14:51:03.104,T1,1,6966,0.774,-68.5,-90.9,-22.4,147.65,638977966,638977636,104,5269,15356,14875,27861,1587,3,1,True
2026-03-26T14:51:03.614,T1,1,6967,0.901,-68.3,-91.2,-22.8,139.83,638978020,638977636,120,7796,16780,13705,32511,1704,3,1,True
2026-03-26T14:51:04.094,T1,1,6968,0.352,-68.4,-91.2,-22.8,175.72,638977787,638977636,92,9829,16166,11505,30355,1648,3,1,True
2026-03-26T14:51:04.605,T1,1,6969,1.159,-68.8,-91.0,-22.3,146.44,638978131,638977636,112,9142,16401,12646,29784,1654,3,1,True
2026-03-26T14:51:05.084,T1,1,6970,0.582,-68.3,-91.7,-23.4,134.9,638977885,638977636,96,3376,12950,14831,27824,1573,3,1,True
2026-03-26T14:51:05.595,T1,1,6971,0.811,-90.2,-91.8,-1.6,113.52,638977983,638977636,128,5801,14530,15924,5450,1771,1,1,False
2026-03-26T14:51:06.104,T1,1,6972,0.966,-68.4,-91.3,-23.0,142.19,638978049,638977636,124,8646,17631,13738,36626,1810,3,1,True
2026-03-26T14:51:06.584,T1,1,6973,1.154,-68.5,-91.0,-22.5,148.1,638978128,638977636,112,11164,16587,11000,30684,1665,3,1,True
2026-03-26T14:51:07.095,T1,1,6974,0.61,-68.5,-91.3,-22.8,176.7,638977897,638977636,80,4031,14136,14878,27218,1568,3,1,True
2026-03-26T14:51:07.606,T1,1,6975,0.225,-69.8,-92.0,-22.2,119.82,638977732,638977636,132,4615,15816,18354,41315,2023,3,1,True
2026-03-26T14:51:08.084,T1,1,6976,1.37,-68.5,-91.2,-22.7,119.78,638978220,638977636,144,10388,17248,15772,40288,1909,3,1,True
2026-03-26T14:51:08.594,T1,1,6977,-0.009,-68.3,-91.3,-23.0,161.71,638977631,638977636,104,8009,16818,14065,34359,1750,3,1,True
2026-03-26T14:51:09.104,T1,1,6978,0.75,-68.3,-91.2,-22.8,139.1,638977956,638977636,112,6389,15579,15103,31616,1680,3,1,True
