timestamp,device,session_id,seq,true_dist_m,angle_deg,distance_m,rx_power,fp_power,fp_rx_ratio,quality,std_noise,fp_ampl1,fp_ampl2,fp_ampl3,cir_power,rxpacc,nlos_suspect,anchor_id,error_m,ampl1_ratio,cir_norm,ampl_spread
2026-04-30T13:06:06.251,T1,5_50_100_200_300cm.csv,346,1,0,5.53,-67.3,-96.4,-29.1,100.74,68,5676,6850,5260,23473,1397,TRUE,1,4.53,0.9374071015689512,16.802433786685754,1590
2026-04-30T13:06:08.261,T1,5_50_100_200_300cm.csv,348,1,0,5.882,-67.3,-97.5,-30.2,82.88,76,4421,6299,3935,21361,1331,TRUE,1,4.882,0.863982802,16.04883546,2364
2026-04-30T13:06:10.240,T1,5_50_100_200_300cm.csv,350,1,0,8.574,-65.2,-94.9,-29.6,51.86,80,7413,4149,5131,17627,1127,TRUE,1,7.574,1.5976293103448276,15.640638864241348,982
2026-04-30T13:06:11.261,T1,5_50_100_200_300cm.csv,351,1,0,5.797,-69.8,-98.4,-28.6,74.09,80,4766,5927,6171,28339,1674,TRUE,1,4.797,0.7878988262522731,16.928912783751493,244
2026-04-30T13:06:12.250,T1,5_50_100_200_300cm.csv,352,1,0,6.135,-69.5,-89.4,-19.9,168.55,108,15184,18203,11942,26474,1602,TRUE,1,5.135,1.007397578371206,16.525593008739076,6261
2026-04-30T13:06:23.291,T1,5_50_100_200_300cm.csv,363,1,0,5.413,-70.5,-97.8,-27.4,95.38,72,2041,6867,7730,27393,1683,TRUE,1,4.413,0.27964650270603547,16.276292335115865,863
2026-04-30T13:06:24.252,T1,5_50_100_200_300cm.csv,364,1,0,7.931,-69.3,-99.9,-30.5,52.54,100,3146,5254,4632,25182,1552,TRUE,1,6.931,0.6364555937689662,16.225515463917525,622
2026-04-30T13:06:25.271,T1,5_50_100_200_300cm.csv,365,1,0,5.478,-68.9,-97.2,-28.2,72.4,112,5306,8109,7180,34121,1781,TRUE,1,4.478,0.6940937929230165,19.158338012352612,929
2026-04-30T13:06:26.261,T1,5_50_100_200_300cm.csv,366,1,0,5.854,-70.2,-98.7,-28.4,86.98,84,1153,7306,6145,28099,1691,TRUE,1,4.854,0.17143706787599436,16.61679479597871,1161
2026-04-30T13:06:27.251,T1,5_50_100_200_300cm.csv,367,1,0,5.483,-72.5,-99.2,-26.7,47.86,108,2976,5169,9140,34652,2028,TRUE,1,4.483,0.4159619819693899,17.086785009861934,3971
2026-04-30T13:06:30.250,T1,5_50_100_200_300cm.csv,370,1,0,5.882,-67.4,-93.5,-26.1,91.95,88,9400,8092,7547,23915,1415,TRUE,1,4.882,1.2021228978834964,16.901060070671377,545
2026-04-30T13:06:31.270,T1,5_50_100_200_300cm.csv,371,1,0,5.91,-66.7,-98.7,-32,63.47,100,346,6347,6691,33335,1629,TRUE,1,4.91,0.053075625,20.463474524248007,344
2026-04-30T13:06:34.301,T1,5_50_100_200_300cm.csv,374,1,0,8.64,-68.1,-98.1,-30,54.97,88,4448,4837,6624,27012,1538,TRUE,1,7.640000000000001,0.7761975394817207,17.56306892,1787
2026-04-30T13:06:35.290,T1,5_50_100_200_300cm.csv,375,1,0,5.816,-66.8,-97.2,-30.4,65.08,84,6490,5467,3351,22687,1350,TRUE,1,4.816,1.4719891131775913,16.805185185185184,2116
2026-04-30T13:06:36.250,T1,5_50_100_200_300cm.csv,376,1,0,5.577,-68.1,-96.5,-28.4,46.86,84,6246,3936,6290,19984,1326,TRUE,1,4.577,1.221592020340309,15.070889894419306,2354
2026-04-30T13:06:37.270,T1,5_50_100_200_300cm.csv,377,1,0,5.422,-67.6,-98,-30.4,72.6,68,4558,4937,3038,17032,1202,TRUE,1,4.422,1.1430721003134796,14.169717138103161,1899
2026-04-30T13:06:38.260,T1,5_50_100_200_300cm.csv,378,1,0,6.379,-71.7,-100.6,-28.9,52.04,68,1735,3539,2288,8847,997,TRUE,1,5.379,0.5955036897202677,8.873620862587764,1251
2026-04-30T13:06:39.252,T1,5_50_100_200_300cm.csv,379,1,0,5.9,-69,-98.1,-29.1,45.25,104,4835,4706,7252,28637,1634,TRUE,1,4.9,0.8086636561297876,17.525703794369644,2546
2026-04-30T13:06:40.270,T1,5_50_100_200_300cm.csv,380,1,0,6.956,-76.8,-101,-24.1,51.96,28,722,1455,969,1169,433,TRUE,1,5.956,0.5957095709570958,2.699769053117783,486
2026-04-30T13:06:41.260,T1,5_50_100_200_300cm.csv,381,1,0,7.153,-72.3,-99.1,-26.8,42.32,60,2862,2539,3098,7108,913,TRUE,1,6.153,1.0154337413517829,7.785323110624315,559
2026-04-30T13:06:42.252,T1,5_50_100_200_300cm.csv,382,1,0,7.054,-75.3,-99.9,-24.6,50.44,32,973,1614,1496,1639,487,TRUE,1,6.054,0.6257234726688103,3.3655030800821355,118
2026-04-30T13:06:43.273,T1,5_50_100_200_300cm.csv,383,1,0,5.99,-67.9,-98.8,-30.9,57.23,116,3271,6639,5052,29243,1592,TRUE,1,4.99,0.559575742,18.368718592964825,1587
2026-04-30T13:06:44.261,T1,5_50_100_200_300cm.csv,384,1,0,5.394,-69.3,-97.7,-28.4,37.05,136,6397,5039,7960,33572,1787,TRUE,1,4.394,0.9842295561197015,18.786793508673753,2921
2026-04-30T13:06:45.281,T1,5_50_100_200_300cm.csv,385,1,0,7.725,-69.3,-97.9,-28.6,66.8,80,6271,5344,6907,31195,1727,TRUE,1,6.725,1.0237531630071015,18.063115228720324,1563
2026-04-30T13:06:46.270,T1,5_50_100_200_300cm.csv,386,1,0,5.896,-68,-97.1,-29.1,38.57,88,7538,3394,7107,29077,1591,TRUE,1,4.896,1.435672793067327,18.27592708988058,3713
2026-04-30T13:06:47.262,T1,5_50_100_200_300cm.csv,387,1,0,5.624,-67.7,-96.6,-28.9,73.47,72,5776,5290,5208,20027,1307,TRUE,1,4.624,1.1004000762049915,15.322876817138486,82
2026-04-30T13:06:49.269,T1,5_50_100_200_300cm.csv,389,1,0,6.327,-65.8,-98.8,-33.1,36.18,72,3487,2605,4234,15855,1088,TRUE,1,5.327,1.019739728030414,14.572610294117647,1629
2026-04-30T13:06:50.290,T1,5_50_100_200_300cm.csv,390,1,0,6.491,-99.8,-108.4,-8.6,10.12,8,139,81,168,3,125,TRUE,1,5.491,1.1164658634538152,0.024,87
2026-04-30T13:06:51.308,T1,5_50_100_200_300cm.csv,391,1,0,8.757,-69.5,-97.7,-28.2,79.4,84,4787,6670,4317,21945,1458,TRUE,1,7.757,0.8713934650040958,15.051440329218106,2353
2026-04-30T13:06:52.270,T1,5_50_100_200_300cm.csv,392,1,0,5.99,-70.3,-95.1,-24.8,62.27,128,12726,7970,8833,40028,2021,TRUE,1,4.99,1.514729512587038,19.80603661553686,863
2026-04-30T13:06:54.281,T1,5_50_100_200_300cm.csv,394,1,0,5.886,-67.5,-94,-26.5,79.62,84,11735,6688,6970,28663,1553,TRUE,1,4.886,1.7184067945526431,18.456535737282678,282
2026-04-30T13:06:55.269,T1,5_50_100_200_300cm.csv,395,1,0,5.933,-65.4,-94.9,-29.5,56.12,88,8492,4939,5582,22697,1286,TRUE,1,4.933,1.6142952190856383,17.649300155520994,643
2026-04-30T13:06:56.320,T1,5_50_100_200_300cm.csv,396,1,0,5.525,-66.4,-95.8,-29.5,56.19,116,8685,6518,6315,32567,1593,TRUE,1,4.525,1.3535416504324789,20.443816698053986,203
2026-04-30T13:06:57.281,T1,5_50_100_200_300cm.csv,397,1,0,5.886,-66.3,-96.6,-30.2,76.17,76,6296,5789,5063,24107,1369,TRUE,1,4.886,1.1603391079985257,17.609203798392986,726
2026-04-30T13:06:59.289,T1,5_50_100_200_300cm.csv,399,1,0,6.008,-67.7,-99,-31.3,43.49,104,2151,4523,5797,23073,1403,TRUE,1,5.008,0.41686046511627906,16.445473984319317,1274
2026-04-30T13:07:00.279,T1,5_50_100_200_300cm.csv,400,1,0,6.008,-67.7,-96.8,-29,73.93,68,3816,5027,6744,19880,1305,TRUE,1,5.008,0.6483731203805964,15.233716475095786,1717
2026-04-30T13:07:05.290,T1,5_50_100_200_300cm.csv,405,1,0,6.693,-68,-99,-31,26.58,100,4352,2658,5587,21676,1375,TRUE,1,5.693,1.0556701030927835,15.764363636363637,2929
2026-04-30T13:07:17.289,T1,5_50_100_200_300cm.csv,417,1,0,5.347,-66.9,-99.1,-32.2,70.36,76,2510,5347,3637,20479,1288,TRUE,1,4.347,0.5587711487088157,15.899844720496894,1710
2026-04-30T13:07:18.310,T1,5_50_100_200_300cm.csv,418,1,0,5.492,-67.4,-98.2,-30.8,38.16,104,6273,3969,5853,29706,1574,TRUE,1,4.492,1.2773365913255956,18.872935196950444,1884
2026-04-30T13:07:19.300,T1,5_50_100_200_300cm.csv,419,1,0,5.506,-67.2,-99.6,-32.4,58.4,92,2495,5373,3545,22082,1348,TRUE,1,4.506,0.5595424983180085,16.381305637982194,1828
2026-04-30T13:07:20.321,T1,5_50_100_200_300cm.csv,420,1,0,7.795,-68.6,-98.6,-30,40.53,112,5020,4539,6656,30030,1651,TRUE,1,6.795,0.8968289414917374,18.188976377952756,2117
2026-04-30T13:07:21.310,T1,5_50_100_200_300cm.csv,421,1,0,7.866,-67.3,-97.2,-29.9,28.44,100,6953,2844,6228,25459,1454,TRUE,1,6.866,1.532848324514991,17.509628610729024,3384
2026-04-30T13:07:22.298,T1,5_50_100_200_300cm.csv,422,1,0,8.738,-67.5,-98.9,-31.4,47.75,108,3540,5157,5033,24726,1443,TRUE,1,7.738,0.6947988223748773,17.135135135135137,124
2026-04-30T13:07:25.298,T1,5_50_100_200_300cm.csv,425,1,0,8.368,-67.2,-99.2,-32.1,60.7,104,2584,6313,4530,28721,1538,TRUE,1,7.368,0.47662086138522547,18.674252275682704,1783
2026-04-30T13:07:27.310,T1,5_50_100_200_300cm.csv,427,1,0,5.83,-67.6,-98.3,-30.8,52.38,104,4912,5447,6636,33089,1673,TRUE,1,4.83,0.8130431184308533,19.778242677824267,1189
2026-04-30T13:07:29.288,T1,5_50_100_200_300cm.csv,429,1,0,7.73,-67.9,-98.3,-30.3,40.63,104,5439,4226,7675,34472,1730,TRUE,1,6.73,0.9140408369044618,19.92601156069364,3449
2026-04-30T13:07:30.308,T1,5_50_100_200_300cm.csv,430,1,0,5.877,-68.3,-98.8,-30.5,67.05,84,1324,5632,5574,23166,1436,TRUE,1,4.877,0.23630198108156344,16.132311977715876,58
2026-04-30T13:07:31.300,T1,5_50_100_200_300cm.csv,431,1,0,8.621,-68,-100.2,-32.2,59.43,96,1365,5705,4051,25736,1500,TRUE,1,7.621,0.27982779827798276,17.157333333333334,1654
2026-04-30T13:07:33.340,T1,5_50_100_200_300cm.csv,433,1,0,6.341,-71.8,-100.7,-28.9,46.64,36,1197,1679,2052,3690,647,TRUE,1,5.341,0.6416510318949343,5.703245749613601,373
2026-04-30T13:07:34.328,T1,5_50_100_200_300cm.csv,434,1,0,8.382,-66.3,-99,-32.7,53.88,72,3008,3879,5043,21164,1280,TRUE,1,7.382,0.6742882761712621,16.534375,1164
2026-04-30T13:07:36.308,T1,5_50_100_200_300cm.csv,436,1,0,5.807,-67.9,-100.1,-32.2,74.17,76,1198,5637,3637,23131,1415,TRUE,1,4.807,0.25835669613974555,16.346996466431097,2000
2026-04-30T13:07:37.298,T1,5_50_100_200_300cm.csv,437,1,0,6.018,-68.1,-99.1,-31,62.82,84,1352,5277,4093,17993,1258,TRUE,1,5.018,0.28858057630736395,14.302861685214626,1184
2026-04-30T13:07:38.320,T1,5_50_100_200_300cm.csv,438,1,0,5.83,-69.5,-98.4,-28.9,29.33,96,4920,2816,6599,22948,1490,TRUE,1,4.83,1.0451407328730749,15.401342281879195,3783
2026-04-30T13:07:40.358,T1,5_50_100_200_300cm.csv,440,1,0,5.929,-68.8,-98.3,-29.5,46.45,88,4908,4088,6732,26570,1566,TRUE,1,4.929,0.9072088724584103,16.966794380587483,2644
2026-04-30T13:07:43.329,T1,5_50_100_200_300cm.csv,443,1,0,5.347,-68.1,-99.1,-31,50.76,80,3502,4061,6047,25273,1490,TRUE,1,4.347,0.6929165017807677,16.961744966442954,1986
2026-04-30T13:07:45.311,T1,5_50_100_200_300cm.csv,445,1,0,5.99,-68.8,-99.6,-30.8,44.24,116,3282,5132,5778,29336,1645,TRUE,1,4.99,0.6016498625114574,17.833434650455928,646
2026-04-30T13:07:47.318,T1,5_50_100_200_300cm.csv,447,1,0,5.469,-68.7,-99.1,-30.4,47.1,104,3732,4898,6560,30392,1668,TRUE,1,4.469,0.6514225868388899,18.22062350119904,1662
2026-04-30T13:07:48.310,T1,5_50_100_200_300cm.csv,448,1,0,5.863,-68.6,-98.6,-30,35.57,108,4327,3842,6430,25040,1511,TRUE,1,4.863,0.8424844236760125,16.57180675049636,2588
2026-04-30T13:07:51.310,T1,5_50_100_200_300cm.csv,451,1,0,5.441,-68.7,-99.1,-30.4,59.63,112,1537,6679,5484,28809,1624,TRUE,1,4.441,0.2527337005672943,17.739532019704434,1195
2026-04-30T13:07:52.330,T1,5_50_100_200_300cm.csv,452,1,0,5.807,-68,-98.7,-30.8,58.82,84,3028,4941,6068,25467,1488,TRUE,1,4.807,0.5500953765101281,17.114919354838708,1127
2026-04-30T13:07:53.348,T1,5_50_100_200_300cm.csv,453,1,0,5.408,-68.4,-99.1,-30.6,64.3,84,1790,5401,5384,23097,1440,TRUE,1,4.408,0.3319425127491887,16.039583333333333,17
2026-04-30T13:07:54.308,T1,5_50_100_200_300cm.csv,454,1,0,6.313,-76.2,-101.2,-25,58.21,28,601,1630,974,1428,468,TRUE,1,5.313,0.46159754224270355,3.051282051282051,656
2026-04-30T13:07:57.396,T1,5_50_100_200_300cm.csv,457,1,0,6.848,-72.2,-100.1,-27.8,60.16,44,643,2647,2037,4228,703,TRUE,1,5.848,0.2745516652433817,6.014224751066856,610
2026-04-30T13:07:58.328,T1,5_50_100_200_300cm.csv,458,1,0,6.867,-76.5,-101.4,-24.9,53.82,28,501,1507,1050,1345,459,TRUE,1,5.867,0.39186546734454436,2.9302832244008714,457
2026-04-30T13:07:59.319,T1,5_50_100_200_300cm.csv,459,1,0,5.394,-68.6,-99.2,-30.7,63.66,88,2198,5602,5614,26233,1542,TRUE,1,4.394,0.39194008559201143,17.012321660181584,12
2026-04-30T13:08:00.309,T1,5_50_100_200_300cm.csv,460,1,0,5.441,-68.7,-100.2,-31.5,57.21,112,2826,6408,3690,30064,1656,TRUE,1,4.441,0.5597147950089126,18.154589371980677,2718
2026-04-30T13:08:01.329,T1,5_50_100_200_300cm.csv,461,1,0,5.975,-68.2,-98.4,-30.2,37.9,92,5010,3487,6909,27654,1564,TRUE,1,4.975,0.9638322431704501,17.68158567774936,3422
2026-04-30T13:08:04.328,T1,5_50_100_200_300cm.csv,464,1,0,5.929,-68.2,-98.4,-30.2,32.93,112,5725,3688,7706,34941,1759,TRUE,1,4.929,1.004914867474109,19.864127345082434,4018
2026-04-30T13:08:05.318,T1,5_50_100_200_300cm.csv,465,1,0,6.82,-73.3,-100.5,-27.2,59.02,44,862,2597,1622,3815,692,TRUE,1,5.82,0.4086276368807774,5.513005780346821,975
2026-04-30T13:08:06.337,T1,5_50_100_200_300cm.csv,466,1,0,5.558,-68.5,-98.9,-30.4,64.39,104,2277,6697,6628,33931,1749,TRUE,1,4.558,0.3417636022514071,19.400228702115495,69
2026-04-30T13:08:07.329,T1,5_50_100_200_300cm.csv,467,1,0,5.305,-65.1,-94.4,-29.3,23.64,84,9828,1986,2924,17681,1122,TRUE,1,4.305,4.003258655804481,15.758467023172905,938
2026-04-30T13:08:10.329,T1,5_50_100_200_300cm.csv,470,1,0,5.816,-70.3,-96,-25.7,107.35,80,7018,8588,6780,27440,1676,TRUE,1,4.816,0.9133263925039042,16.372315035799524,1808
2026-04-30T13:08:11.319,T1,5_50_100_200_300cm.csv,471,1,0,5.521,-70.3,-98.3,-28,32.14,80,5591,2571,5555,18977,1393,TRUE,1,4.521,1.3760767905488556,13.623115577889447,2984
2026-04-30T13:08:12.339,T1,5_50_100_200_300cm.csv,472,1,0,5.849,-72.2,-97.9,-25.7,51.64,92,4640,4751,6938,20403,1544,TRUE,1,4.849,0.7939088031482591,13.214378238341968,2187
2026-04-30T13:08:14.347,T1,5_50_100_200_300cm.csv,474,1,0,8.011,-71.4,-94.8,-23.4,100.11,84,8012,8409,9119,25265,1671,TRUE,1,7.010999999999999,0.9141944317663168,15.119688809096349,710
2026-04-30T13:08:15.339,T1,5_50_100_200_300cm.csv,475,1,0,5.445,-67.1,-96.4,-29.3,69.22,64,8302,4430,4259,23674,1392,TRUE,1,4.445,1.9109218552192426,17.007183908045977,171
2026-04-30T13:08:16.327,T1,5_50_100_200_300cm.csv,476,1,0,5.966,-67.5,-96.3,-28.8,68.31,96,7652,6558,4273,25303,1460,TRUE,1,4.966,1.4129812575016156,17.33082191780822,2285
2026-04-30T13:08:17.377,T1,5_50_100_200_300cm.csv,477,1,0,6.487,-68.1,-98.5,-30.4,65.95,100,1713,6595,5751,26932,1539,TRUE,1,5.487,0.2774987850315892,17.49967511,844
2026-04-30T13:08:20.347,T1,5_50_100_200_300cm.csv,480,1,0,5.863,-70.5,-95.7,-25.3,91.79,108,8353,9913,6025,31169,1795,TRUE,1,4.863,1.048186723553771,17.364345403899723,3888
2026-04-30T13:08:21.338,T1,5_50_100_200_300cm.csv,481,1,0,5.441,-67.9,-98.2,-30.3,64.77,88,4078,5700,4416,22111,1386,TRUE,1,4.441,0.8062475286674575,15.953102453102453,1284
2026-04-30T13:08:22.329,T1,5_50_100_200_300cm.csv,482,1,0,5.431,-67.3,-99.1,-31.8,54.36,96,1100,5219,7409,33938,1678,TRUE,1,4.431,0.17421602787456447,20.225268176400476,2190
2026-04-30T13:08:23.347,T1,5_50_100_200_300cm.csv,483,1,0,6.787,-72.1,-99.1,-27.1,33.62,40,2449,1345,2191,3739,657,TRUE,1,5.787,1.385180995475113,5.691019786910198,846
2026-04-30T13:08:28.356,T1,5_50_100_200_300cm.csv,488,1,0,5.422,-68.3,-98.7,-30.4,57.41,124,3742,7119,4357,29421,1619,TRUE,1,4.422,0.6521436040432206,18.172328597899938,2762
2026-04-30T13:08:29.348,T1,5_50_100_200_300cm.csv,489,1,0,6.13,-68.2,-98.2,-30,86.32,72,3427,6215,3770,20349,1341,TRUE,1,5.13,0.6864296444667001,15.174496644295303,2445
2026-04-30T13:08:30.368,T1,5_50_100_200_300cm.csv,490,1,0,5.854,-67.4,-98.6,-31.2,86.76,76,3408,6594,4680,27935,1531,TRUE,1,4.854,0.6045769026077701,18.246244284781188,1914
2026-04-30T13:08:31.357,T1,5_50_100_200_300cm.csv,491,1,0,6.36,-77.5,-101.1,-23.6,47.67,24,682,1144,1163,996,409,TRUE,1,5.36,0.5912440398786303,2.435207824,19
2026-04-30T13:08:32.348,T1,5_50_100_200_300cm.csv,492,1,0,5.441,-68.2,-98,-29.8,100.82,72,2422,7259,5958,28152,1578,TRUE,1,4.441,0.3664976923658924,17.840304182509506,1301
2026-04-30T13:08:33.338,T1,5_50_100_200_300cm.csv,493,1,0,5.83,-67.3,-98.7,-31.4,73,92,3173,6716,4060,26685,1488,TRUE,1,4.83,0.5889012620638456,17.933467741935484,2656
2026-04-30T13:08:34.387,T1,5_50_100_200_300cm.csv,494,1,0,5.596,-66.6,-99.2,-32.7,56.05,108,610,6053,5893,31932,1589,TRUE,1,4.596,0.1021262347229198,20.09565764631844,160
2026-04-30T13:08:35.348,T1,5_50_100_200_300cm.csv,495,1,0,6.018,-68.2,-98.8,-30.6,77.16,88,3094,6790,5397,30465,1644,TRUE,1,5.018,0.5077541642734061,18.53102189781022,1393
2026-04-30T13:08:36.338,T1,5_50_100_200_300cm.csv,496,1,0,6.853,-90.1,-103.4,-13.3,24.75,12,359,297,400,61,186,TRUE,1,5.853,1.0301291248206599,0.3279569892473118,103
2026-04-30T13:08:37.358,T1,5_50_100_200_300cm.csv,497,1,0,5.915,-67.1,-98.7,-31.6,74.73,84,3374,6277,3683,24350,1414,TRUE,1,4.915,0.6775100401606425,17.22065063649222,2594
2026-04-30T13:08:39.398,T1,5_50_100_200_300cm.csv,499,1,0,5.9,-66.8,-98.4,-31.6,76.64,84,3354,6438,4711,27218,1476,TRUE,1,4.9,0.6016683110592879,18.440379403794037,1727
2026-04-30T13:08:40.358,T1,5_50_100_200_300cm.csv,500,1,0,8.776,-68.1,-98.8,-30.7,64.74,92,3241,5956,4300,23485,1436,TRUE,1,7.776,0.6320202808112324,16.354456824512535,1656
2026-04-30T13:08:41.348,T1,5_50_100_200_300cm.csv,501,1,0,5.385,-69,-97.9,-28.9,66.93,80,3862,5354,3975,16607,1246,TRUE,1,4.385,0.8279558366384393,13.328250401284109,1379
2026-04-30T13:08:44.377,T1,5_50_100_200_300cm.csv,504,1,0,7.997,-68,-98.2,-30.2,72.54,100,3887,7254,4731,28446,1575,TRUE,1,6.997,0.6486441385064664,18.06095238095238,2523
2026-04-30T13:08:46.357,T1,5_50_100_200_300cm.csv,506,1,0,5.483,-68.9,-98.3,-29.4,73.64,84,4722,6186,5877,29096,1645,TRUE,1,4.483,0.7828898284008953,17.687537993920973,309
2026-04-30T13:08:48.367,T1,5_50_100_200_300cm.csv,508,1,0,5.825,-66.7,-98.7,-32,56.73,96,2826,5446,4224,21792,1319,TRUE,1,4.825,0.584488108,16.521607278241092,1222
2026-04-30T13:08:51.366,T1,5_50_100_200_300cm.csv,511,1,0,6.318,-73.3,-100,-26.7,66.11,28,1353,1851,1379,2391,548,TRUE,1,5.318,0.8377708978328173,4.363138686131387,472
2026-04-30T13:08:52.355,T1,5_50_100_200_300cm.csv,512,1,0,5.389,-70,-97.5,-27.5,61.38,96,6863,5892,7224,31752,1786,TRUE,1,4.389,1.0465080817322354,17.778275475923852,1332
2026-04-30T13:08:53.346,T1,5_50_100_200_300cm.csv,513,1,0,5.807,-69.4,-98,-28.6,94.12,88,5110,8283,4851,32476,1769,TRUE,1,4.807,0.7781330896908787,18.35839457,3432
2026-04-30T13:08:54.368,T1,5_50_100_200_300cm.csv,514,1,0,5.582,-64.6,-92.4,-27.8,83.74,72,8936,6029,3846,13970,981,TRUE,1,4.582,1.8098227848101265,14.240570846075434,2183
2026-04-30T13:08:56.377,T1,5_50_100_200_300cm.csv,516,1,0,5.863,-69.3,-98.3,-29,70.23,96,1016,6742,7963,32835,1770,TRUE,1,4.863,0.13818429105746344,18.550847457627118,1221
2026-04-30T13:08:59.377,T1,5_50_100_200_300cm.csv,519,1,0,5.858,-68.1,-93.2,-25,103.38,104,12090,10752,8073,32428,1690,TRUE,1,4.858,1.2844621513944223,19.18816568047337,2679
2026-04-30T13:09:00.397,T1,5_50_100_200_300cm.csv,520,1,0,8.372,-68.1,-95.2,-27.1,78.54,96,10701,7540,7319,35693,1770,TRUE,1,7.372,1.4403391883706844,20.165536723163843,221
2026-04-30T13:09:02.377,T1,5_50_100_200_300cm.csv,522,1,0,5.746,-66.8,-95.6,-28.8,55.38,112,9315,6202,5183,28853,1521,TRUE,1,4.746,1.6363636363636365,18.96975673898751,1019
2026-04-30T13:09:03.366,T1,5_50_100_200_300cm.csv,523,1,0,6.557,-67.4,-91,-23.7,186.03,76,7841,14138,11657,25406,1456,TRUE,1,5.557,0.6079472766039931,17.449175824175825,2481
2026-04-30T13:09:04.386,T1,5_50_100_200_300cm.csv,524,1,0,7.899,-69.2,-97.6,-28.5,85.64,96,6756,8221,5582,37271,1876,TRUE,1,6.899,0.9789176266029124,19.86727078891258,2639
2026-04-30T13:09:05.375,T1,5_50_100_200_300cm.csv,525,1,0,5.417,-66.5,-98.7,-32.2,67.02,64,3500,4289,4919,21798,1311,TRUE,1,4.417,0.7602085143353605,16.62700228832952,630
2026-04-30T13:09:06.367,T1,5_50_100_200_300cm.csv,526,1,0,5.783,-68.8,-98.2,-29.4,50.9,120,5774,6108,6857,35111,1799,TRUE,1,4.783,0.8907057462398766,19.516953863257367,749
2026-04-30T13:09:07.387,T1,5_50_100_200_300cm.csv,527,1,0,5.825,-65.9,-99.5,-33.6,50.63,100,3123,5063,3340,22880,1314,TRUE,1,4.825,0.7433059621563727,17.41248097412481,1723
2026-04-30T13:09:09.367,T1,5_50_100_200_300cm.csv,529,1,0,5.919,-68.2,-98.1,-29.9,77.69,108,5086,8391,5292,38465,1844,TRUE,1,4.919,0.7434042242198349,20.859544468546638,3099
2026-04-30T13:09:10.385,T1,5_50_100_200_300cm.csv,530,1,0,5.445,-68.6,-98.1,-29.6,65.62,108,4195,7087,6521,33279,1739,TRUE,1,4.445,0.616549089,19.13686026451984,566
2026-04-30T13:09:11.375,T1,5_50_100_200_300cm.csv,531,1,0,5.891,-69,-99,-30,61.17,124,5370,7585,4522,38304,1892,TRUE,1,4.891,0.8870901131576774,20.24524312896406,3063
2026-04-30T13:09:12.366,T1,5_50_100_200_300cm.csv,532,1,0,5.919,-68.1,-98.2,-30.1,81.19,88,3539,7145,4808,27274,1548,TRUE,1,4.919,0.592152598,17.61886304909561,2337
2026-04-30T13:09:14.375,T1,5_50_100_200_300cm.csv,534,1,0,5.938,-67.8,-98.8,-31,45.56,108,3791,4920,5470,25392,1479,TRUE,1,4.938,0.729740135,17.168356997971603,550
2026-04-30T13:09:16.385,T1,5_50_100_200_300cm.csv,536,1,0,8.414,-66.1,-98.7,-32.6,56.1,92,3675,5161,2952,20003,1238,TRUE,1,7.414,0.905953408,16.15751211631664,2209
2026-04-30T13:09:17.376,T1,5_50_100_200_300cm.csv,537,1,0,8.621,-68.2,-97.3,-29.1,52.28,124,6656,6483,7518,36149,1785,TRUE,1,7.621,0.9507892293407614,20.251540616246498,1035
2026-04-30T13:09:18.367,T1,5_50_100_200_300cm.csv,538,1,0,6.815,-84.7,-101.4,-16.8,39.5,16,622,632,725,278,277,TRUE,1,5.815,0.9167280766396463,1.0036101083032491,93
2026-04-30T13:09:19.386,T1,5_50_100_200_300cm.csv,539,1,0,6.257,-72.3,-99.6,-27.2,57.65,52,1891,2998,2530,6122,848,TRUE,1,5.257,0.6841534008683068,7.219339623,468
2026-04-30T13:09:20.375,T1,5_50_100_200_300cm.csv,540,1,0,6.581,-70.3,-98.5,-28.3,72.1,88,3947,6345,5747,26016,1629,TRUE,1,5.581,0.6528283162421435,15.970534069981584,598
2026-04-30T13:09:21.397,T1,5_50_100_200_300cm.csv,541,1,0,6.294,-68.4,-98.3,-29.9,67.74,92,4900,6232,6315,32702,1712,TRUE,1,5.294,0.7810632023591296,19.101635514018692,83
2026-04-30T13:09:25.385,T1,5_50_100_200_300cm.csv,545,1,0,5.821,-68.6,-97.9,-29.4,93.57,76,3973,7111,5630,28319,1602,TRUE,1,4.821,0.6236559139784946,17.677278401997505,1481
2026-04-30T13:09:26.377,T1,5_50_100_200_300cm.csv,546,1,0,5.582,-67.8,-98.1,-30.3,52.44,100,4836,5244,6492,29479,1591,TRUE,1,4.582,0.8241308793456033,18.528598365807667,1248
2026-04-30T13:09:29.376,T1,5_50_100_200_300cm.csv,549,1,0,6.304,-68.2,-97.8,-29.6,53,84,5032,4452,6339,24503,1474,TRUE,1,5.304,0.9326290427207858,16.62347354138399,1887
2026-04-30T13:09:30.395,T1,5_50_100_200_300cm.csv,550,1,0,5.53,-68.5,-98,-29.4,82.71,80,3624,6617,5054,24041,1475,TRUE,1,4.53,0.6210264758803873,16.298983050847458,1563
2026-04-30T13:09:31.385,T1,5_50_100_200_300cm.csv,551,1,0,6.027,-68.6,-98.2,-29.6,66.94,100,3778,6694,5703,28009,1597,TRUE,1,5.027,0.6095022989432928,17.538509705698186,991
2026-04-30T13:09:32.376,T1,5_50_100_200_300cm.csv,552,1,0,5.741,-68.7,-97.4,-28.7,46.64,112,6229,5224,7754,31993,1711,TRUE,1,4.741,0.9599321929419017,18.698421975452952,2530
2026-04-30T13:09:33.394,T1,5_50_100_200_300cm.csv,553,1,0,5.807,-68.1,-98.8,-30.7,69.36,100,3794,6936,3987,28337,1576,TRUE,1,4.807,0.6946809484573835,17.98032994923858,2949
2026-04-30T13:09:35.405,T1,5_50_100_200_300cm.csv,555,1,0,6.172,-72.6,-99.1,-26.5,51.7,76,4084,3929,5684,18265,1479,TRUE,1,5.172,0.8496827213148861,12.349560513860716,1755
2026-04-30T13:09:37.414,T1,5_50_100_200_300cm.csv,557,1,0,8.044,-67.4,-98.1,-30.8,70.03,92,3521,6443,5385,27103,1505,TRUE,1,7.0440000000000005,0.5953669259384511,18.008637873754154,1058
2026-04-30T13:09:44.404,T1,5_50_100_200_300cm.csv,564,1,0,5.886,-69.7,-98.2,-28.5,70.42,92,3936,6479,5551,24902,1563,TRUE,1,4.886,0.65436409,15.932181701855406,928
2026-04-30T13:09:45.396,T1,5_50_100_200_300cm.csv,565,1,0,8.64,-67.6,-97.4,-29.8,55.67,84,5343,4676,6517,25387,1468,TRUE,1,7.640000000000001,0.9547038327526133,17.29359673024523,1841
2026-04-30T13:09:46.416,T1,5_50_100_200_300cm.csv,566,1,0,5.858,-68.2,-98.4,-30.3,53.15,104,4431,5528,7070,33205,1712,TRUE,1,4.858,0.7034449912684553,19.395443925233646,1542
2026-04-30T13:09:49.415,T1,5_50_100_200_300cm.csv,569,1,0,8.611,-67.6,-98.3,-30.6,73.39,92,3300,6752,5110,27360,1526,TRUE,1,7.611000000000001,0.556398584,17.929226736566186,1642
2026-04-30T13:09:52.414,T1,5_50_100_200_300cm.csv,572,1,0,8.766,-68.3,-98.3,-30,77.85,84,3356,6539,4506,23688,1452,TRUE,1,7.766,0.6076957899502037,16.31404958677686,2033
2026-04-30T13:09:54.396,T1,5_50_100_200_300cm.csv,574,1,0,5.839,-67.8,-98.3,-30.6,75.07,92,3824,6906,4237,26676,1513,TRUE,1,4.839,0.6863501749977564,17.631196298744218,2669
2026-04-30T13:09:56.403,T1,5_50_100_200_300cm.csv,576,1,0,8.358,-67.9,-97.7,-29.8,48.99,104,5519,5095,7012,30148,1615,TRUE,1,7.358,0.9117039729082349,18.66749226006192,1917
2026-04-30T13:09:58.414,T1,5_50_100_200_300cm.csv,578,1,0,5.732,-68,-97.7,-29.7,67.07,92,5011,6170,7396,33521,1712,TRUE,1,4.732,0.7387586613592806,19.58002336448598,1226
2026-04-30T13:09:59.404,T1,5_50_100_200_300cm.csv,579,1,0,5.807,-68,-97.7,-29.7,62.25,96,5393,5976,7548,34554,1737,TRUE,1,4.807,0.7975451049985212,19.892918825561313,1572
2026-04-30T13:10:01.414,T1,5_50_100_200_300cm.csv,581,1,0,6.942,-74.5,-99.3,-24.8,33.36,28,1280,934,1570,1293,420,TRUE,1,5.942,1.0223642172523961,3.0785714285714287,636
2026-04-30T13:10:02.403,T1,5_50_100_200_300cm.csv,582,1,0,6.632,-67.8,-98,-30.1,58.24,112,4436,6523,6607,32359,1671,TRUE,1,5.632,0.6757044935262757,19.365050867743864,84
2026-04-30T13:10:03.423,T1,5_50_100_200_300cm.csv,583,1,0,5.854,-68.2,-98,-29.8,52.5,88,5777,4620,6446,28561,1588,TRUE,1,4.854,1.0440990421109706,17.98551637279597,1826
2026-04-30T13:10:04.415,T1,5_50_100_200_300cm.csv,584,1,0,5.807,-67.7,-97.9,-30.1,65.96,104,4768,6860,7102,36084,1758,TRUE,1,4.807,0.6829967053430741,20.525597269624573,242
2026-04-30T13:10:05.405,T1,5_50_100_200_300cm.csv,585,1,0,6.051,-67.8,-98.5,-30.7,66.15,108,3966,7144,4958,31578,1647,TRUE,1,5.051,0.6554288547347545,19.17304189435337,2186
2026-04-30T13:10:08.405,T1,5_50_100_200_300cm.csv,588,1,0,5.807,-67.7,-97.8,-30,44.7,104,6072,4649,7317,32983,1681,TRUE,1,4.807,1.0148754805281632,19.621058893515766,2668
2026-04-30T13:10:09.424,T1,5_50_100_200_300cm.csv,589,1,0,6.74,-89.9,-103.7,-13.8,25.42,12,330,305,392,65,187,TRUE,1,5.74,0.9469153515064562,0.34759358288770054,87
2026-04-30T13:10:10.413,T1,5_50_100_200_300cm.csv,590,1,0,8.879,-68.2,-97.7,-29.5,52.25,108,5847,5643,7747,34910,1756,TRUE,1,7.879,0.8733383121732636,19.880410022779042,2104
2026-04-30T13:10:11.405,T1,5_50_100_200_300cm.csv,591,1,0,6.027,-68.6,-98.2,-29.5,67.88,100,4374,6788,6197,31261,1688,TRUE,1,5.027,0.6737004235656526,18.519549763033176,591
2026-04-30T13:10:13.415,T1,5_50_100_200_300cm.csv,593,1,0,7.369,-70,-98.7,-28.7,90.95,76,3486,6912,4640,25425,1596,TRUE,1,6.369,0.6035318559556787,15.930451127819548,2272
2026-04-30T13:10:14.433,T1,5_50_100_200_300cm.csv,594,1,0,5.802,-68.7,-98.3,-29.7,86.29,84,4133,7248,4421,27852,1594,TRUE,1,4.802,0.7083726111920473,17.47302383939774,2827
2026-04-30T13:10:17.402,T1,5_50_100_200_300cm.csv,597,1,0,6.951,-71.5,-99,-27.4,34.85,48,2182,1673,2703,4415,701,TRUE,1,5.951,0.9972577696526508,6.2981455064194005,1030
2026-04-30T13:10:18.424,T1,5_50_100_200_300cm.csv,598,1,0,6.323,-67.4,-99.1,-31.8,67.65,84,3054,5683,3299,21644,1344,TRUE,1,5.323,0.6800267201068805,16.104166666666668,2384
2026-04-30T13:10:19.413,T1,5_50_100_200_300cm.csv,599,1,0,5.985,-67.5,-98.3,-30.8,75.46,80,3542,6037,5016,25166,1457,TRUE,1,4.985,0.6409119696010133,17.27247769389156,1021
2026-04-30T13:11:58.500,T1,5_50_100_200_300cm.csv,698,2,0,9.048,-73.4,-104.8,-31.4,33.77,88,1723,2972,4440,31428,1994,TRUE,1,7.048,0.4649217485159201,15.761283851554664,1468
2026-04-30T13:12:08.492,T1,5_50_100_200_300cm.csv,708,2,0,7.303,-72.3,-103.6,-31.3,44.27,92,1584,4073,3443,25420,1728,TRUE,1,5.303,0.42150079829696646,14.710648148148149,630
2026-04-30T13:12:10.530,T1,5_50_100_200_300cm.csv,710,2,0,7.655,-90,-108.3,-18.3,25.12,8,147,201,254,65,190,TRUE,1,5.655,0.6461538461538462,0.34210526315789475,53
2026-04-30T13:12:12.481,T1,5_50_100_200_300cm.csv,712,2,0,6.688,-71.3,-103.5,-32.2,45.56,100,2346,4556,3143,31022,1844,TRUE,1,4.688,0.6094297960774127,16.823210412147507,1413
2026-04-30T13:12:13.500,T1,5_50_100_200_300cm.csv,713,2,0,6.796,-70.9,-103.9,-33,38.22,112,1474,4281,3608,32170,1852,TRUE,1,4.796,0.3736848776777792,17.370410367170628,673
2026-04-30T13:12:15.510,T1,5_50_100_200_300cm.csv,715,2,0,6.763,-70.8,-103.6,-32.9,38.59,104,1756,4013,3654,29860,1775,TRUE,1,4.763,0.45806704056345376,16.822535211267606,359
2026-04-30T13:12:16.528,T1,5_50_100_200_300cm.csv,716,2,0,9.657,-73.7,-103.5,-29.8,42.38,116,2269,4916,3590,30573,1990,TRUE,1,7.657,0.5335057606395486,15.363316582914573,1326
2026-04-30T13:12:20.489,T1,5_50_100_200_300cm.csv,720,2,0,6.801,-71,-103.5,-32.5,38.9,92,1502,3579,3720,25329,1651,TRUE,1,4.801,0.41156322783943006,15.341611144760751,141
2026-04-30T13:12:22.501,T1,5_50_100_200_300cm.csv,722,2,0,7.716,-88.2,-108.1,-19.8,21.5,12,231,258,176,111,202,TRUE,1,5.716,1.064516129032258,0.5495049504950495,82
2026-04-30T13:12:24.511,T1,5_50_100_200_300cm.csv,724,2,0,6.721,-70.8,-103.7,-32.9,42.26,100,1576,4226,3636,31246,1821,TRUE,1,4.721,0.4009157975069957,17.15870400878638,590
2026-04-30T13:12:26.490,T1,5_50_100_200_300cm.csv,726,2,0,7.505,-73.1,-105,-31.9,35.72,80,1738,2858,2492,18550,1519,TRUE,1,5.505,0.6497196261682243,12.211981566820276,366
2026-04-30T13:12:27.510,T1,5_50_100_200_300cm.csv,727,2,0,9.887,-71.3,-104.2,-32.9,38.54,108,1807,4162,4185,38066,2041,TRUE,1,7.887,0.4329699293159219,18.65066144047036,23
2026-04-30T13:12:28.531,T1,5_50_100_200_300cm.csv,728,2,0,9.095,-72.3,-104.3,-31.9,40.98,104,2592,4262,3299,34097,2002,TRUE,1,7.095000000000001,0.6856235947625975,17.03146853146853,963
2026-04-30T13:12:29.489,T1,5_50_100_200_300cm.csv,729,2,0,6.754,-70.1,-103.6,-33.5,40.35,112,2476,4519,3325,35735,1899,TRUE,1,4.754,0.6313105558388578,18.817798841495524,1194
2026-04-30T13:12:30.511,T1,5_50_100_200_300cm.csv,730,2,0,6.731,-70.4,-104,-33.6,34.67,104,1282,3606,3881,30780,1780,TRUE,1,4.731,0.34246026445839456,17.292134831460675,275
2026-04-30T13:12:31.560,T1,5_50_100_200_300cm.csv,731,2,0,9.17,-70.3,-103.6,-33.3,41.17,108,2065,4446,3389,33117,1840,TRUE,1,7.17,0.5271218889597958,17.99836956521739,1057
2026-04-30T13:12:32.519,T1,5_50_100_200_300cm.csv,732,2,0,7.312,-70.6,-103.6,-33,46,92,1508,4232,3600,30603,1790,TRUE,1,5.312,0.38508682328907046,17.09664804469274,632
2026-04-30T13:12:33.511,T1,5_50_100_200_300cm.csv,733,2,0,6.712,-71.2,-104.1,-32.9,42.58,92,2129,3917,3358,30738,1828,TRUE,1,4.712,0.5852920962199313,16.815098468271334,559
2026-04-30T13:12:36.510,T1,5_50_100_200_300cm.csv,736,2,0,6.862,-71.1,-104.1,-33,38.77,88,1269,3412,3808,27946,1740,TRUE,1,4.862,0.3515235457063712,16.060919540229886,396
2026-04-30T13:12:37.513,T1,5_50_100_200_300cm.csv,737,2,0,7.162,-69.4,-104.1,-34.7,37.14,96,1581,3565,3662,32091,1757,TRUE,1,5.162,0.43752594437525943,18.264655663062037,97
2026-04-30T13:12:38.520,T1,5_50_100_200_300cm.csv,738,2,0,7.115,-72.1,-104.2,-32.1,44.39,96,2310,4261,3529,34530,1998,TRUE,1,5.115,0.5930680359435173,17.28228228228228,732
2026-04-30T13:12:39.508,T1,5_50_100_200_300cm.csv,739,2,0,9.817,-69.8,-104.1,-34.3,37.94,96,1752,3642,3795,33530,1820,TRUE,1,7.817,0.47115772488906815,18.423076923076923,153
2026-04-30T13:12:40.529,T1,5_50_100_200_300cm.csv,740,2,0,6.806,-70.6,-103.6,-33,49.15,84,1540,4129,3558,29838,1765,TRUE,1,4.806,0.4006764667620658,16.905382436260624,571
2026-04-30T13:12:41.520,T1,5_50_100_200_300cm.csv,741,2,0,7.176,-70.6,-103.9,-33.3,42.01,96,3198,4033,2791,33547,1869,TRUE,1,5.176,0.9372801875732708,17.94917067950776,1242
2026-04-30T13:12:42.540,T1,5_50_100_200_300cm.csv,742,2,0,8.78,-71,-103.9,-32.9,45.85,100,2315,4585,3150,34820,1930,TRUE,1,6.779999999999999,0.5985778926955397,18.041450777202073,1435
2026-04-30T13:12:43.529,T1,5_50_100_200_300cm.csv,743,2,0,6.834,-71,-103.6,-32.7,25.14,92,3326,2313,4112,30288,1800,TRUE,1,4.834,1.035330739299611,16.826666666666668,1799
2026-04-30T13:12:44.520,T1,5_50_100_200_300cm.csv,744,2,0,6.96,-71.5,-103.8,-32.3,33.17,96,2465,3184,4045,29437,1806,TRUE,1,4.96,0.6819753769539355,16.29955703211517,861
2026-04-30T13:12:46.530,T1,5_50_100_200_300cm.csv,746,2,0,6.707,-71.4,-103.3,-32,45.76,80,1352,3661,3158,20713,1509,TRUE,1,4.707,0.39653908197682947,13.726308813783962,503
2026-04-30T13:12:48.540,T1,5_50_100_200_300cm.csv,748,2,0,9.517,-70.3,-103.4,-33.1,49.15,84,2976,4129,2533,29107,1726,TRUE,1,7.517,0.8934253977784449,16.863847045191193,1596
2026-04-30T13:12:49.530,T1,5_50_100_200_300cm.csv,749,2,0,8.433,-101.9,-108,-6.1,18.25,8,86,146,187,2,130,TRUE,1,6.433,0.5165165165165165,0.015384615384615385,41
2026-04-30T13:12:52.529,T1,5_50_100_200_300cm.csv,752,2,0,9.845,-71.2,-101.9,-30.6,37.96,84,4285,3189,4283,27703,1736,TRUE,1,7.845000000000001,1.146948608137045,15.95794930875576,1094
2026-04-30T13:12:54.538,T1,5_50_100_200_300cm.csv,754,2,0,6.656,-70.6,-103.3,-32.7,53.88,80,3282,4310,2546,30702,1791,TRUE,1,4.656,0.9574095682613769,17.142378559463985,1764
2026-04-30T13:12:55.529,T1,5_50_100_200_300cm.csv,755,2,0,7.223,-71.5,-103.1,-31.6,49.64,72,1487,3574,3421,20705,1518,TRUE,1,5.223,0.42516082916368836,13.63965744400527,153
2026-04-30T13:12:57.539,T1,5_50_100_200_300cm.csv,757,2,0,6.735,-72.4,-104,-31.6,39.47,120,2012,4737,3590,34995,2036,TRUE,1,4.735,0.48324726792362194,17.18811394891945,1147
2026-04-30T13:12:58.528,T1,5_50_100_200_300cm.csv,758,2,0,7.172,-72.5,-103.9,-31.4,45.77,84,1405,3845,4306,30488,1907,TRUE,1,5.172,0.3447429763219237,15.987414787624541,461
2026-04-30T13:12:59.519,T1,5_50_100_200_300cm.csv,759,2,0,6.918,-73.2,-104.2,-31,48.31,96,1931,4638,3579,33265,2038,TRUE,1,4.918,0.4700012169891688,16.322374877330716,1059
2026-04-30T13:13:00.571,T1,5_50_100_200_300cm.csv,760,2,0,10.23,-73,-103.8,-30.8,47.4,100,2134,4740,3468,32110,1989,TRUE,1,8.23,0.5199805068226121,16.143790849673202,1272
2026-04-30T13:13:01.528,T1,5_50_100_200_300cm.csv,761,2,0,7.322,-70.9,-103.8,-32.9,30.28,112,2213,3391,3641,28060,1728,TRUE,1,5.322,0.6294084186575654,16.238425925925927,250
2026-04-30T13:13:03.539,T1,5_50_100_200_300cm.csv,763,2,0,10.239,-69.9,-103.6,-33.8,30.18,96,2201,2897,3729,26533,1622,TRUE,1,8.239,0.6643525505584063,16.358199753390874,832
2026-04-30T13:13:04.528,T1,5_50_100_200_300cm.csv,764,2,0,6.862,-71.4,-103.7,-32.3,33.71,80,1939,2697,3719,22083,1562,TRUE,1,4.862,0.604426434,14.137644046094751,1022
2026-04-30T13:13:06.539,T1,5_50_100_200_300cm.csv,766,2,0,7.148,-71,-103.7,-32.7,39.53,100,3760,3953,2586,33638,1900,TRUE,1,5.148,1.1500229392873529,17.70421052631579,1367
2026-04-30T13:13:08.549,T1,5_50_100_200_300cm.csv,768,2,0,9.493,-70.5,-103.7,-33.2,34.08,96,2413,3272,4239,32960,1848,TRUE,1,7.493,0.6425242976967115,17.835497835497836,967
2026-04-30T13:13:09.541,T1,5_50_100_200_300cm.csv,769,2,0,7.237,-70.2,-103.3,-33.1,47,96,2893,4512,2883,32503,1817,TRUE,1,5.237,0.782420554,17.888277380297193,1629
2026-04-30T13:13:10.557,T1,5_50_100_200_300cm.csv,770,2,0,6.735,-71,-103.8,-32.7,40.07,100,1958,4007,2904,26283,1681,TRUE,1,4.735,0.5666329040659818,15.635336109458656,1103
2026-04-30T13:13:11.547,T1,5_50_100_200_300cm.csv,771,2,0,9.714,-70.8,-103.7,-33,36.81,96,1717,3534,4081,30148,1784,TRUE,1,7.714,0.4509520682862771,16.89910313901345,547
2026-04-30T13:13:12.538,T1,5_50_100_200_300cm.csv,772,2,0,6.745,-71.5,-103,-31.5,52.53,76,2036,3992,3113,22686,1587,TRUE,1,4.745,0.5731175228712174,14.294896030245747,879
2026-04-30T13:13:13.529,T1,5_50_100_200_300cm.csv,773,2,0,7.026,-71.1,-103,-31.9,47.33,80,2470,3786,4148,29305,1781,TRUE,1,5.026,0.6226367532140157,16.45423919146547,362
2026-04-30T13:13:14.549,T1,5_50_100_200_300cm.csv,774,2,0,6.923,-70.6,-104.3,-33.7,46.38,84,2462,3896,2721,30826,1791,TRUE,1,4.923,0.7441438718452471,17.211613623673927,1175
2026-04-30T13:13:16.557,T1,5_50_100_200_300cm.csv,776,2,0,6.749,-71.7,-102.8,-31.1,55.97,76,1800,4254,3202,22439,1591,TRUE,1,4.749,0.48283261802575106,14.103708359522313,1052
2026-04-30T13:13:17.549,T1,5_50_100_200_300cm.csv,777,2,0,7.157,-72.6,-105.1,-32.5,43.8,84,1203,3679,2999,27384,1813,TRUE,1,5.157,0.36028751123090746,15.104247104247104,680
2026-04-30T13:13:26.547,T1,5_50_100_200_300cm.csv,786,2,0,7.866,-70,-103.7,-33.7,43.54,92,1779,4006,4065,35295,1879,TRUE,1,5.866,0.44083756659645645,18.78392762107504,59
2026-04-30T13:13:27.567,T1,5_50_100_200_300cm.csv,787,2,0,8.902,-69.2,-103.8,-34.6,38.5,76,1884,2926,3102,23301,1487,TRUE,1,6.901999999999999,0.6250829462508295,15.669804976462677,176
2026-04-30T13:13:28.559,T1,5_50_100_200_300cm.csv,788,2,0,7.35,-69.9,-104.5,-34.5,34.38,100,518,3438,3866,31954,1785,TRUE,1,5.35,0.14184008762322015,17.90140056022409,428
2026-04-30T13:13:30.569,T1,5_50_100_200_300cm.csv,790,2,0,9.629,-70.1,-104.3,-34.2,35.75,92,1492,3289,3162,25760,1609,TRUE,1,7.629,0.4625639435746396,16.00994406463642,127
2026-04-30T13:13:32.549,T1,5_50_100_200_300cm.csv,792,2,0,8.03,-71.2,-104.1,-32.9,34.62,104,3321,3600,2127,28487,1759,TRUE,1,6.029999999999999,1.1597695128339445,16.19499715747584,1473
2026-04-30T13:13:34.556,T1,5_50_100_200_300cm.csv,794,2,0,6.745,-70.6,-104.9,-34.3,39.35,92,1444,3620,2665,27494,1694,TRUE,1,4.745,0.4595067621320605,16.230224321133413,955
2026-04-30T13:13:40.557,T1,5_50_100_200_300cm.csv,800,2,0,6.74,-70.5,-104.2,-33.7,27.95,84,1399,2348,3355,19957,1438,TRUE,1,4.74,0.49061897247062947,13.878303198887343,1007
2026-04-30T13:13:41.548,T1,5_50_100_200_300cm.csv,801,2,0,6.745,-70.1,-104.4,-34.2,38.06,100,1571,3806,4076,38090,1960,TRUE,1,4.745,0.3986297893935549,19.433673469387756,270
2026-04-30T13:13:42.568,T1,5_50_100_200_300cm.csv,802,2,0,7.176,-71.7,-104.4,-32.7,32.05,128,1324,4103,4156,36972,2039,TRUE,1,5.176,0.32061992977358034,18.13241785188818,53
2026-04-30T13:13:43.559,T1,5_50_100_200_300cm.csv,803,2,0,7.233,-69.8,-104.1,-34.3,37.08,96,2121,3560,3060,28756,1684,TRUE,1,5.233,0.640785498,17.07600950118765,500
2026-04-30T13:13:45.566,T1,5_50_100_200_300cm.csv,805,2,0,7.293,-71.1,-103.3,-32.2,41.81,80,3146,3345,2340,22197,1549,TRUE,1,5.293,1.1067722075637643,14.329890251775339,1005
2026-04-30T13:13:50.578,T1,5_50_100_200_300cm.csv,810,2,0,6.862,-72.5,-102.3,-29.9,48.84,104,4404,5079,3141,33302,1989,TRUE,1,4.862,1.0715328467153284,16.743086978381097,1938
2026-04-30T13:13:56.576,T1,5_50_100_200_300cm.csv,816,2,0,6.721,-69.7,-104.1,-34.4,31.64,104,1867,3291,3964,32797,1793,TRUE,1,4.721,0.5146795313576844,18.29168990518684,673
2026-04-30T13:13:58.558,T1,5_50_100_200_300cm.csv,818,2,0,7.645,-75.7,-104.4,-28.7,40.16,32,620,1285,1662,3728,745,TRUE,1,5.645,0.4207668815744825,5.004026845637584,377
2026-04-30T13:13:59.605,T1,5_50_100_200_300cm.csv,819,2,0,9.156,-70.9,-103.8,-32.9,51.61,72,2374,3716,2846,26219,1671,TRUE,1,7.156000000000001,0.7235598902773545,15.690604428485937,870
2026-04-30T13:14:01.587,T1,5_50_100_200_300cm.csv,821,2,0,9.582,-70.8,-103.5,-32.6,38.82,92,1814,3571,3940,27798,1717,TRUE,1,7.582000000000001,0.48302489681800026,16.189866045428072,369
2026-04-30T13:14:04.587,T1,5_50_100_200_300cm.csv,824,2,0,7.57,-86.8,-103.3,-16.5,54.35,88,2289,4783,3264,10801,1858,TRUE,1,5.57,0.5689076674537095,5.813240043057051,1519
2026-04-30T13:14:05.578,T1,5_50_100_200_300cm.csv,825,2,0,6.965,-70.7,-103.2,-32.4,45.39,104,3655,4721,2858,36273,1955,TRUE,1,4.965,0.9645071909222852,18.553964194373403,1863
2026-04-30T13:14:06.567,T1,5_50_100_200_300cm.csv,826,2,0,9.263,-70.9,-103.4,-32.5,39.89,76,1787,3032,3995,24592,1619,TRUE,1,7.263,0.5086096484986481,15.189623224212477,963
2026-04-30T13:14:07.588,T1,5_50_100_200_300cm.csv,827,2,0,7.439,-70.8,-103,-32.3,35.58,124,3056,4412,2681,28774,1742,TRUE,1,5.439,0.8616946285069788,16.51779563719862,1731
2026-04-30T13:14:09.567,T1,5_50_100_200_300cm.csv,829,2,0,6.735,-71.9,-103.8,-31.9,36.8,100,1598,3680,3946,27964,1784,TRUE,1,4.735,0.4190925780225544,15.674887892376681,266
2026-04-30T13:14:10.586,T1,5_50_100_200_300cm.csv,830,2,0,7.903,-92.3,-109.8,-17.5,11.5,8,136,92,201,29,165,TRUE,1,5.903,0.9283276450511946,0.17575757575757575,109
2026-04-30T13:14:11.577,T1,5_50_100_200_300cm.csv,831,2,0,9.268,-71.1,-103.7,-32.6,42.58,88,1587,3747,3568,26577,1694,TRUE,1,7.268000000000001,0.43390293916609707,15.688902007083826,179
2026-04-30T13:14:12.596,T1,5_50_100_200_300cm.csv,832,2,0,9.24,-70.7,-104.2,-33.5,30.1,112,1662,3371,4153,33078,1864,TRUE,1,7.24,0.44178628389154706,17.74570815450644,782
2026-04-30T13:14:13.588,T1,5_50_100_200_300cm.csv,833,2,0,6.712,-71.8,-103.4,-31.5,33.22,120,1783,3987,4579,32082,1910,TRUE,1,4.712,0.4162969880924586,16.796858638743455,592
2026-04-30T13:14:14.577,T1,5_50_100_200_300cm.csv,834,2,0,9.789,-71.9,-103.9,-31.9,48.26,76,1958,3668,3439,26157,1731,TRUE,1,7.789,0.5510060503728719,15.110918544194108,229
2026-04-30T13:14:15.596,T1,5_50_100_200_300cm.csv,835,2,0,6.829,-72.4,-103.8,-31.4,38.38,120,1915,4606,3892,34338,2014,TRUE,1,4.829,0.45069428100729586,17.049652432969214,714
2026-04-30T13:14:16.588,T1,5_50_100_200_300cm.csv,836,2,0,7.401,-72.1,-103.3,-31.2,43.35,96,1617,4162,3656,25670,1721,TRUE,1,5.401,0.4136607828089025,14.915746658919232,506
2026-04-30T13:14:17.576,T1,5_50_100_200_300cm.csv,837,2,0,7.444,-72.3,-103.8,-31.6,47.78,96,1649,4587,3989,34439,2008,TRUE,1,5.444,0.3845615671641791,17.15089641434263,598
2026-04-30T13:14:19.585,T1,5_50_100_200_300cm.csv,839,2,0,7.364,-71.5,-104,-32.5,41.26,88,1530,3631,3858,28802,1789,TRUE,1,5.364,0.4085992789424489,16.09949692565679,227
2026-04-30T13:14:22.616,T1,5_50_100_200_300cm.csv,842,2,0,7.612,-74.1,-104.9,-30.8,34.61,44,777,1523,1714,5778,876,TRUE,1,5.612,0.48007414272474513,6.595890410958904,191
2026-04-30T13:14:24.597,T1,5_50_100_200_300cm.csv,844,2,0,9.414,-71.4,-103.9,-32.6,41.95,88,1393,3692,3918,29246,1794,TRUE,1,7.414,0.36609724047306175,16.30211817168339,226
2026-04-30T13:14:25.585,T1,5_50_100_200_300cm.csv,845,2,0,7.322,-73.6,-103.7,-30.1,46.8,104,2721,4867,3048,31034,1996,TRUE,1,5.322,0.6875552747946936,15.548096192384769,1819
2026-04-30T13:14:28.587,T1,5_50_100_200_300cm.csv,848,2,0,7.767,-70.3,-103.7,-33.4,32.24,100,1695,3224,3813,26605,1648,TRUE,1,5.767,0.4817393775756714,16.14381067961165,589
2026-04-30T13:14:30.595,T1,5_50_100_200_300cm.csv,850,2,0,6.778,-71.7,-103.2,-31.5,48.8,92,2562,4490,3068,28243,1785,TRUE,1,4.778,0.6779571315162741,15.822408963585435,1422
2026-04-30T13:14:31.587,T1,5_50_100_200_300cm.csv,851,2,0,7.322,-70.6,-103.7,-33.1,41.48,100,2397,4148,2846,29039,1739,TRUE,1,5.322,0.6854446668573063,16.69867740080506,1302
2026-04-30T13:14:32.576,T1,5_50_100_200_300cm.csv,852,2,0,8.916,-70.4,-103.2,-32.8,36.36,84,2827,3054,3948,28070,1702,TRUE,1,6.916,0.8074835761211082,16.492361927144536,894
2026-04-30T13:14:33.596,T1,5_50_100_200_300cm.csv,853,2,0,6.731,-70.6,-103.8,-33.2,39.74,84,2162,3338,4088,31131,1803,TRUE,1,4.731,0.5822784810126582,17.26622296173045,750
2026-04-30T13:14:34.585,T1,5_50_100_200_300cm.csv,854,2,0,6.778,-71.7,-103.9,-32.2,38.46,84,942,3231,3625,22455,1588,TRUE,1,4.778,0.2747957992998833,14.14042821,394
2026-04-30T13:14:35.606,T1,5_50_100_200_300cm.csv,855,2,0,6.918,-72.3,-103.6,-31.3,51.5,84,1608,4326,3614,28371,1824,TRUE,1,4.918,0.4050377833753149,15.554276315789474,712
2026-04-30T13:14:37.586,T1,5_50_100_200_300cm.csv,857,2,0,7.795,-72.2,-104,-31.7,48.6,88,2965,4277,3409,34704,2013,TRUE,1,5.795,0.7715326567785584,17.239940387481372,868
2026-04-30T13:14:38.606,T1,5_50_100_200_300cm.csv,858,2,0,9.315,-71.4,-103.1,-31.7,50.76,92,2555,4670,3783,33232,1913,TRUE,1,7.315,0.604519106,17.37166753789859,887
2026-04-30T13:14:41.605,T1,5_50_100_200_300cm.csv,861,2,0,9.446,-72.2,-104.1,-31.9,48.47,96,2406,4653,3183,35124,2024,TRUE,1,7.446,0.6140888208269525,17.35375494071146,1470
2026-04-30T13:14:43.585,T1,5_50_100_200_300cm.csv,863,2,0,9.925,-70.4,-104.1,-33.7,28.96,104,2519,3012,4240,34739,1888,TRUE,1,7.925000000000001,0.6947049089906233,18.39989406779661,1228
2026-04-30T13:14:44.577,T1,5_50_100_200_300cm.csv,864,2,0,6.66,-71.3,-104.2,-32.9,38.33,88,1293,3373,3576,26156,1695,TRUE,1,4.66,0.3721398762411858,15.43126843657817,203
2026-04-30T13:14:45.597,T1,5_50_100_200_300cm.csv,865,2,0,6.843,-70.8,-104,-33.2,45.8,76,3382,3481,2156,27966,1718,TRUE,1,4.843,1.199929040269647,16.278230500582072,1325
2026-04-30T13:14:47.636,T1,5_50_100_200_300cm.csv,867,2,0,7.139,-70.9,-103.8,-32.9,30.31,112,2135,3395,4120,31209,1824,TRUE,1,5.139,0.5681969394544245,17.11019736842105,725
2026-04-30T13:14:48.596,T1,5_50_100_200_300cm.csv,868,2,0,6.698,-72,-103.6,-31.6,48.59,96,2892,4665,3342,34650,1993,TRUE,1,4.698,0.7223679280629449,17.385850476668338,1323
2026-04-30T13:14:51.596,T1,5_50_100_200_300cm.csv,871,2,0,7.589,-71.4,-104.8,-33.4,40.06,64,930,2564,2132,13786,1235,TRUE,1,5.589,0.39608177172061326,11.162753036437246,432
2026-04-30T13:14:52.615,T1,5_50_100_200_300cm.csv,872,2,0,7.326,-71.8,-104.6,-32.7,38.41,112,1993,4302,3339,35460,2008,TRUE,1,5.326,0.521659469,17.659362549800797,963
2026-04-30T13:19:18.769,T1,5_50_100_200_300cm.csv,1138,3,0,8.119,-73.3,-107.7,-34.4,27.3,104,1895,2839,2139,31828,1998,TRUE,1,5.119,0.7613499397348332,15.92992992992993,700
2026-04-30T13:19:20.778,T1,5_50_100_200_300cm.csv,1140,3,0,8.513,-70.6,-108.1,-37.6,23,76,888,1748,1758,18153,1374,TRUE,1,5.513,0.506560183,13.21179039,10
2026-04-30T13:19:23.776,T1,5_50_100_200_300cm.csv,1143,3,0,8.762,-76.6,-104.6,-28.1,31.64,28,1009,886,479,1568,497,TRUE,1,5.7620000000000005,1.4783882783882785,3.1549295774647885,407
2026-04-30T13:19:25.788,T1,5_50_100_200_300cm.csv,1145,3,0,10.671,-71,-103.7,-32.7,43.32,68,2727,2946,2077,18533,1410,TRUE,1,7.670999999999999,1.0858052956400557,13.143971631205673,869
2026-04-30T13:19:26.777,T1,5_50_100_200_300cm.csv,1146,3,0,9.226,-73.7,-104,-30.3,37.23,64,2512,2383,1544,11845,1238,TRUE,1,6.226000000000001,1.2793481028775147,9.567851373182553,839
2026-04-30T13:19:27.767,T1,5_50_100_200_300cm.csv,1147,3,0,8.513,-70,-101.8,-31.7,59.57,56,2877,3336,2478,16065,1270,TRUE,1,5.513,0.9896800825593395,12.649606299212598,858
2026-04-30T13:19:28.787,T1,5_50_100_200_300cm.csv,1148,3,0,7.683,-71.2,-112.7,-41.6,12.3,76,966,935,1328,25960,1679,TRUE,1,4.683,0.8537339814405657,15.461584276354973,393
2026-04-30T13:19:30.768,T1,5_50_100_200_300cm.csv,1150,3,0,8.79,-71.3,-102.4,-31.2,41.4,88,3731,3643,2540,22645,1573,TRUE,1,5.789999999999999,1.2068575125343683,14.396058486967577,1103
2026-04-30T13:19:32.807,T1,5_50_100_200_300cm.csv,1152,3,0,11.13,-69.5,-107,-37.5,27.59,56,1782,1545,1220,15383,1221,TRUE,1,8.13,1.2889692585895118,12.5986896,325
2026-04-30T13:19:36.766,T1,5_50_100_200_300cm.csv,1156,3,0,9.601,-76.6,-105.7,-29.1,35,28,281,980,900,1811,535,TRUE,1,6.601000000000001,0.29893617,3.385046728971963,80
2026-04-30T13:19:37.788,T1,5_50_100_200_300cm.csv,1157,3,0,9.521,-72.5,-102.2,-29.7,51.38,72,1904,3699,3349,16747,1412,TRUE,1,6.521000000000001,0.5402951191827469,11.860481586402265,350
2026-04-30T13:19:38.805,T1,5_50_100_200_300cm.csv,1158,3,0,8.766,-70.3,-99.7,-29.4,68.17,72,1141,4908,4780,18610,1379,TRUE,1,5.766,0.23554913294797689,13.495286439448876,128
2026-04-30T13:19:39.827,T1,5_50_100_200_300cm.csv,1159,3,0,8.588,-70.6,-104.1,-33.4,37.69,72,3309,2714,1531,21137,1487,TRUE,1,5.587999999999999,1.5590106007067137,14.214525891055818,1183
2026-04-30T13:19:40.786,T1,5_50_100_200_300cm.csv,1160,3,0,8.696,-70.6,-103.7,-33.1,38.04,72,2137,2739,2037,15242,1263,TRUE,1,5.696,0.894891122,12.068091844813935,702
2026-04-30T13:19:41.807,T1,5_50_100_200_300cm.csv,1161,3,0,10.835,-70.6,-106.8,-36.2,31.6,68,1556,2149,1628,18617,1394,TRUE,1,7.835000000000001,0.8239343394228223,13.355093256814921,521
2026-04-30T13:19:43.788,T1,5_50_100_200_300cm.csv,1163,3,0,8.954,-71.5,-113.4,-41.9,11.63,76,686,884,1298,24317,1643,TRUE,1,5.954000000000001,0.6287809349220899,14.800365185636032,414
2026-04-30T13:19:44.807,T1,5_50_100_200_300cm.csv,1164,3,0,9.611,-71.9,-101.1,-29.2,54.28,80,4173,4342,3253,22390,1599,TRUE,1,6.611000000000001,1.0988808426596446,14.002501563477173,1089
2026-04-30T13:19:45.798,T1,5_50_100_200_300cm.csv,1165,3,0,10.375,-70.6,-114,-43.4,11.07,72,590,797,1150,23292,1557,TRUE,1,7.375,0.6060606060606061,14.959537572254336,353
2026-04-30T13:19:47.776,T1,5_50_100_200_300cm.csv,1167,3,0,8.865,-74.8,-107.2,-32.4,31.75,32,653,1016,797,3294,678,TRUE,1,5.865,0.7203530060672918,4.8584070796460175,219
2026-04-30T13:19:49.815,T1,5_50_100_200_300cm.csv,1169,3,0,10.952,-71.8,-105.3,-33.5,36.57,72,2471,2633,1667,19737,1494,TRUE,1,7.952,1.1493023255813954,13.210843373493976,966
2026-04-30T13:19:50.806,T1,5_50_100_200_300cm.csv,1170,3,0,11.05,-70.5,-102.9,-32.4,41.62,80,3958,3330,1895,23945,1576,TRUE,1,8.05,1.515023923444976,15.193527918781726,1435
2026-04-30T13:19:52.786,T1,5_50_100_200_300cm.csv,1172,3,0,11.538,-69.5,-105.7,-36.2,35.34,68,1866,2403,1832,20451,1406,TRUE,1,8.538,0.8812278630460448,14.54551920341394,571
2026-04-30T13:19:54.796,T1,5_50_100_200_300cm.csv,1174,3,0,11.97,-70.4,-101.2,-30.8,54.21,72,4428,3903,2402,21894,1503,TRUE,1,8.97,1.404599524187153,14.56686626746507,1501
2026-04-30T13:19:55.787,T1,5_50_100_200_300cm.csv,1175,3,0,8.705,-70.8,-105.1,-34.3,36.84,68,2807,2505,1804,22455,1542,TRUE,1,5.705,1.3028544906010675,14.562256809338521,701
2026-04-30T13:19:56.805,T1,5_50_100_200_300cm.csv,1176,3,0,8.973,-70.9,-106.5,-35.6,24.44,68,2340,1662,1244,17176,1353,TRUE,1,5.973000000000001,1.610461114934618,12.694752402069476,418
2026-04-30T13:19:57.796,T1,5_50_100_200_300cm.csv,1177,3,0,8.518,-71.2,-103.3,-32.1,40.71,76,2916,3094,2072,18542,1421,TRUE,1,5.518000000000001,1.1289198606271778,13.048557353976074,1022
2026-04-30T13:19:59.835,T1,5_50_100_200_300cm.csv,1179,3,0,8.827,-70.7,-108,-37.3,30.3,64,1482,1939,1336,19348,1426,TRUE,1,5.827,0.9050381679389313,13.568022440392706,603
2026-04-30T13:20:10.816,T1,5_50_100_200_300cm.csv,1190,3,0,8.414,-70.8,-106.3,-35.5,28.55,76,2337,2170,1355,20431,1470,TRUE,1,5.414,1.3259574468085107,13.898639455782313,815
2026-04-30T13:20:11.807,T1,5_50_100_200_300cm.csv,1191,3,0,7.95,-76.8,-113.8,-37,15.86,72,699,1142,882,16163,1610,TRUE,1,4.95,0.6907114624505929,10.039130434782608,260
2026-04-30T13:20:12.825,T1,5_50_100_200_300cm.csv,1192,3,0,9.962,-70.5,-107.7,-37.1,24.8,76,1690,1885,1453,20107,1444,TRUE,1,6.962,1.0125823846614739,13.924515235457063,432
2026-04-30T13:20:13.817,T1,5_50_100_200_300cm.csv,1193,3,0,7.96,-70.8,-112.6,-41.8,13.54,76,940,1029,1338,27076,1693,TRUE,1,4.96,0.7942543303760033,15.99291199054932,309
2026-04-30T13:20:18.827,T1,5_50_100_200_300cm.csv,1198,3,0,11.079,-70.4,-103.5,-33,36.38,88,3247,3201,2374,23853,1567,TRUE,1,8.079,1.1648430493273543,15.22208040842374,827
2026-04-30T13:20:21.825,T1,5_50_100_200_300cm.csv,1201,3,0,8.823,-71.9,-113.9,-42,14.91,76,635,1133,771,20497,1531,TRUE,1,5.823,0.667016807,13.387981711299805,362
2026-04-30T13:20:22.814,T1,5_50_100_200_300cm.csv,1202,3,0,8.982,-70.7,-106.8,-36.1,24.76,76,1885,1882,1570,18398,1390,TRUE,1,5.981999999999999,1.0921205098493627,13.235971223021583,312
2026-04-30T13:20:23.806,T1,5_50_100_200_300cm.csv,1203,3,0,8.565,-70.7,-109.8,-39.1,19.7,80,1160,1576,1283,20954,1484,TRUE,1,5.5649999999999995,0.8114725428471493,14.119946091644206,293
2026-04-30T13:20:25.817,T1,5_50_100_200_300cm.csv,1205,3,0,7.988,-70.5,-113,-42.4,17.31,80,756,1385,944,27062,1677,TRUE,1,4.988,0.6492056676685273,16.13714967203339,441
2026-04-30T13:20:28.815,T1,5_50_100_200_300cm.csv,1208,3,0,11.163,-70.3,-104.9,-34.6,28.03,88,2644,2467,1993,21655,1486,TRUE,1,8.163,1.1856502242152467,14.572678331090176,474
2026-04-30T13:20:30.825,T1,5_50_100_200_300cm.csv,1210,3,0,8.959,-70.7,-101.1,-30.3,44.01,96,3867,4225,2852,20834,1481,TRUE,1,5.959,1.092835947435354,14.067521944632006,1373
2026-04-30T13:20:42.824,T1,5_50_100_200_300cm.csv,1222,3,0,9.16,-70.7,-113.4,-42.6,17.24,72,542,1241,996,24409,1603,TRUE,1,6.16,0.4845775592311131,15.22707423580786,245
2026-04-30T13:20:43.845,T1,5_50_100_200_300cm.csv,1223,3,0,8.203,-70.9,-113.1,-42.3,13.92,72,510,1002,1279,23637,1585,TRUE,1,5.202999999999999,0.4471722928540114,14.912933753943218,277
2026-04-30T13:20:44.834,T1,5_50_100_200_300cm.csv,1224,3,0,13.1,-70.1,-100.8,-30.8,15,68,5772,1020,1562,18667,1370,TRUE,1,10.1,4.470952749806352,13.625547445255474,542
2026-04-30T13:20:45.825,T1,5_50_100_200_300cm.csv,1225,3,0,8.973,-71,-104.5,-33.5,29.71,80,2853,2377,2286,20912,1499,TRUE,1,5.973000000000001,1.2236757452283937,13.950633755837226,91
2026-04-30T13:20:47.833,T1,5_50_100_200_300cm.csv,1227,3,0,9.184,-71,-104.4,-33.5,31.8,84,1744,2671,3253,22580,1555,TRUE,1,6.183999999999999,0.5887913571910871,14.520900321543408,582
2026-04-30T13:20:49.875,T1,5_50_100_200_300cm.csv,1229,3,0,8.907,-69.9,-107.9,-38,29.06,72,1600,2092,1721,25698,1600,TRUE,1,5.907,0.8392341987936008,16.06125,371
2026-04-30T13:20:50.836,T1,5_50_100_200_300cm.csv,1230,3,0,11.238,-70.8,-104.2,-33.4,35.68,76,2018,2712,2549,18549,1399,TRUE,1,8.238,0.767154533,13.258756254467476,163
2026-04-30T13:20:52.845,T1,5_50_100_200_300cm.csv,1232,3,0,9.221,-70.9,-109.4,-38.5,18.35,88,1738,1615,1223,24437,1613,TRUE,1,6.221,1.2248062015503876,15.150030998140112,392
2026-04-30T13:20:53.865,T1,5_50_100_200_300cm.csv,1233,3,0,9.54,-70.7,-104.4,-33.7,38.75,76,871,2945,3292,22409,1537,TRUE,1,6.539999999999999,0.2793009459676126,14.579700715679897,347
2026-04-30T13:20:56.835,T1,5_50_100_200_300cm.csv,1236,3,0,11.079,-70.4,-104.8,-34.4,44.31,64,1565,2836,2074,18308,1374,TRUE,1,8.079,0.6374745417515275,13.324599708879186,762
2026-04-30T13:20:58.845,T1,5_50_100_200_300cm.csv,1238,3,0,8.658,-70,-105,-35.1,38.13,60,2914,2288,1549,21501,1465,TRUE,1,5.6579999999999995,1.5188949700286682,14.676450511945392,739
2026-04-30T13:20:59.835,T1,5_50_100_200_300cm.csv,1239,3,0,10.239,-73.6,-106.7,-33.2,27.27,40,848,1091,830,4001,716,TRUE,1,7.239000000000001,0.8828735033836543,5.587988826815643,261
2026-04-30T13:21:03.823,T1,5_50_100_200_300cm.csv,1243,3,0,9.17,-69.9,-107.3,-37.4,25.62,72,1791,1845,1356,19102,1379,TRUE,1,6.17,1.1190253045923149,13.852066715010878,489
2026-04-30T13:21:04.844,T1,5_50_100_200_300cm.csv,1244,3,0,8.785,-70.9,-106.1,-35.3,33.5,76,1949,2546,1755,21709,1520,TRUE,1,5.785,0.9063008602650546,14.282236842105263,791
2026-04-30T13:21:05.835,T1,5_50_100_200_300cm.csv,1245,3,0,9.634,-70.3,-107.9,-37.7,23.37,68,1831,1589,1180,18610,1379,TRUE,1,6.634,1.3224990971469845,13.495286439448876,409
2026-04-30T13:21:06.856,T1,5_50_100_200_300cm.csv,1246,3,0,8.583,-70.1,-109.4,-39.3,23.55,56,1523,1319,959,18084,1351,TRUE,1,5.583,1.3371378402107112,13.385640266469283,360
2026-04-30T13:21:07.845,T1,5_50_100_200_300cm.csv,1247,3,0,11.576,-70.5,-109.6,-39.1,18.12,88,1580,1595,1096,22948,1543,TRUE,1,8.576,1.1742846525455222,14.872326636422553,499
2026-04-30T13:21:08.834,T1,5_50_100_200_300cm.csv,1248,3,0,9.057,-71,-108,-36.9,20.61,88,1864,1814,1682,23467,1589,TRUE,1,6.057,1.0663615560640731,14.768407803650094,132
2026-04-30T13:21:09.824,T1,5_50_100_200_300cm.csv,1249,3,0,9.188,-70.1,-104.1,-34,35.6,92,1552,3275,2440,20564,1442,TRUE,1,6.188000000000001,0.5431321084864392,14.260748959778086,835
2026-04-30T13:21:11.833,T1,5_50_100_200_300cm.csv,1251,3,0,8.396,-69.6,-107.1,-37.5,27.96,80,2176,2237,1438,26365,1602,TRUE,1,5.396000000000001,1.184217687,16.457553058676655,799
2026-04-30T13:21:13.844,T1,5_50_100_200_300cm.csv,1253,3,0,9.948,-69.8,-102.1,-32.3,17.72,88,5172,1559,1938,22837,1502,TRUE,1,6.948,2.9579639691163853,15.20439414114514,379
2026-04-30T13:21:15.854,T1,5_50_100_200_300cm.csv,1255,3,0,11.899,-70.6,-101.8,-31.2,48.86,72,4303,3518,2397,22249,1525,TRUE,1,8.899,1.4549450549450549,14.589508196721312,1121
2026-04-30T13:21:16.845,T1,5_50_100_200_300cm.csv,1256,3,0,8.4,-70.4,-114,-43.6,14.1,72,462,1015,1172,27037,1669,TRUE,1,5.4,0.4224965706447188,16.199520671060515,157
2026-04-30T13:21:17.835,T1,5_50_100_200_300cm.csv,1257,3,0,10.553,-90,-109.6,-19.6,15.92,12,197,191,152,69,194,TRUE,1,7.553000000000001,1.1486880466472302,0.3556701030927835,39
2026-04-30T13:21:18.855,T1,5_50_100_200_300cm.csv,1258,3,0,12.021,-71.2,-106.9,-35.6,21.56,104,2881,2242,1556,29381,1790,TRUE,1,9.021,1.517114270668773,16.413966480446927,686
2026-04-30T13:21:19.842,T1,5_50_100_200_300cm.csv,1259,3,0,8.447,-70.4,-110.3,-39.8,20.97,92,385,1929,1693,29087,1731,TRUE,1,5.446999999999999,0.21258972943125345,16.803581744656267,236
2026-04-30T13:21:20.835,T1,5_50_100_200_300cm.csv,1260,3,0,10.014,-74.4,-109.9,-35.4,20.14,44,676,886,761,5452,861,TRUE,1,7.013999999999999,0.8208864602307225,6.332171893147503,125
2026-04-30T13:21:24.855,T1,5_50_100_200_300cm.csv,1264,3,0,7.997,-70.3,-113.4,-43,13.95,84,533,1172,1253,28681,1715,TRUE,1,4.997,0.4395876288659794,16.723615160349855,81
2026-04-30T13:21:25.843,T1,5_50_100_200_300cm.csv,1265,3,0,8.719,-70.1,-108.2,-38,14.65,84,1452,1231,2174,22820,1519,TRUE,1,5.718999999999999,0.852863436,15.023041474654377,943
2026-04-30T13:21:27.853,T1,5_50_100_200_300cm.csv,1267,3,0,9.981,-69.7,-108.3,-38.6,24.47,76,1657,1860,1347,23172,1510,TRUE,1,6.981,1.033364515123168,15.345695364238411,513
2026-04-30T13:21:28.873,T1,5_50_100_200_300cm.csv,1268,3,0,9.066,-69.8,-108,-38.1,21.88,72,1787,1575,1059,18095,1339,TRUE,1,6.066000000000001,1.3568716780561882,13.513816280806573,516
2026-04-30T13:21:29.865,T1,5_50_100_200_300cm.csv,1269,3,0,9.381,-69.9,-107.7,-37.8,24.97,72,1709,1798,1324,19509,1392,TRUE,1,6.381,1.0948110185778348,14.015086206896552,474
2026-04-30T13:21:32.865,T1,5_50_100_200_300cm.csv,1272,3,0,9.038,-69.5,-108.5,-39,17.39,92,2032,1600,1133,24296,1531,TRUE,1,6.038,1.487010611050128,15.869366427171784,467
2026-04-30T13:21:34.903,T1,5_50_100_200_300cm.csv,1274,3,0,8.611,-69.8,-108.1,-38.4,28.33,64,1295,1813,1455,19635,1392,TRUE,1,5.611000000000001,0.7925336597307222,14.105603448275861,358
2026-04-30T13:21:35.863,T1,5_50_100_200_300cm.csv,1275,3,0,8.307,-69.6,-114.2,-44.6,10.75,64,704,688,1098,24754,1553,TRUE,1,5.307,0.7883538633818589,15.93947198969736,410
2026-04-30T13:21:36.854,T1,5_50_100_200_300cm.csv,1276,3,0,8.771,-69.5,-107.5,-38,21.99,72,1973,1583,1165,19056,1358,TRUE,1,5.771000000000001,1.4359534206695779,14.03240058910162,418
2026-04-30T13:21:37.872,T1,5_50_100_200_300cm.csv,1277,3,0,10.192,-73.8,-110.6,-36.8,21.38,40,528,855,709,5618,854,TRUE,1,7.192,0.6751918158567775,6.578454332552694,146
2026-04-30T13:21:47.862,T1,5_50_100_200_300cm.csv,1287,3,0,10.042,-74.4,-109.1,-34.7,24.86,36,934,895,621,5155,837,TRUE,1,7.042,1.2321899736147757,6.158900836320191,274
2026-04-30T13:21:53.862,T1,5_50_100_200_300cm.csv,1293,3,0,8.738,-70.4,-105.1,-34.8,32.59,68,2749,2216,1427,19354,1409,TRUE,1,5.7379999999999995,1.5091957178149877,13.735982966643009,789
2026-04-30T13:21:54.854,T1,5_50_100_200_300cm.csv,1294,3,0,10.558,,-103.2,,35.5,8,161,284,175,0,110,FALSE,1,7.558,0.7015250544662309,0,109
2026-04-30T13:21:57.852,T1,5_50_100_200_300cm.csv,1297,3,0,8.813,-69.2,-109.8,-40.6,11,84,1311,924,1683,22688,1467,TRUE,1,5.813000000000001,1.005753739930955,15.465576005453306,759
2026-04-30T13:21:58.871,T1,5_50_100_200_300cm.csv,1298,3,0,9.062,-69.3,-110.5,-41.2,19.51,72,1052,1405,1119,21320,1425,TRUE,1,6.061999999999999,0.8335974643423137,14.96140350877193,286
2026-04-30T13:22:06.883,T1,5_50_100_200_300cm.csv,1306,3,0,7.856,-71.5,-113.4,-41.9,19.16,56,554,1073,719,16475,1352,TRUE,1,4.856,0.6183035714285714,12.185650887573965,354
2026-04-30T13:22:08.861,T1,5_50_100_200_300cm.csv,1308,3,0,9.17,-71.5,-106.7,-35.2,28.33,72,2474,2040,1450,21898,1557,TRUE,1,6.17,1.4177650429799427,14.06422607578677,590
2026-04-30T13:22:09.881,T1,5_50_100_200_300cm.csv,1309,3,0,7.969,-70.7,-112.8,-42.1,17.1,80,550,1368,1067,25459,1636,TRUE,1,4.969,0.4517453798767967,15.561735941320293,301
2026-04-30T13:22:12.941,T1,5_50_100_200_300cm.csv,1312,3,0,11.684,-71,-112.7,-41.7,17.12,68,491,1164,1126,20761,1492,TRUE,1,8.684,0.42882096069868997,13.914879356568365,38
2026-04-30T13:22:14.893,T1,5_50_100_200_300cm.csv,1314,3,0,10.929,-71.5,-105,-33.4,33.4,80,2486,2672,1780,19429,1471,TRUE,1,7.929,1.1168014375561546,13.208021753908906,892
2026-04-30T13:22:15.881,T1,5_50_100_200_300cm.csv,1315,3,0,9.127,-70.6,-101,-30.4,55.35,80,3847,4428,3107,22430,1530,TRUE,1,6.127000000000001,1.0211015262110152,14.660130718954248,1321
2026-04-30T13:22:17.892,T1,5_50_100_200_300cm.csv,1317,3,0,8.241,-70.7,-113,-42.3,12.63,76,384,960,1300,21928,1516,TRUE,1,5.241,0.3398230088495575,14.464379947229551,340
2026-04-30T13:22:20.891,T1,5_50_100_200_300cm.csv,1320,3,0,8.414,-72.2,-112.3,-40.1,20.45,76,996,1554,994,26995,1774,TRUE,1,5.414,0.7817896389324961,15.217023675310033,560
2026-04-30T13:22:21.882,T1,5_50_100_200_300cm.csv,1321,3,0,8.349,-71.7,-112.5,-40.9,17.1,80,1011,1368,867,24387,1655,TRUE,1,5.349,0.9046979865771813,14.735347432024168,501
2026-04-30T13:22:22.872,T1,5_50_100_200_300cm.csv,1322,3,0,8.48,-71.1,-113.2,-42.1,23.25,60,744,1395,1076,29522,1784,TRUE,1,5.48,0.6021853500607042,16.548206278026907,319
2026-04-30T13:22:23.892,T1,5_50_100_200_300cm.csv,1323,3,0,8.977,-71.1,-104.9,-33.9,23.78,72,3278,1712,1731,20267,1479,TRUE,1,5.977,1.904153354632588,13.703177822853279,19
2026-04-30T13:22:25.903,T1,5_50_100_200_300cm.csv,1325,3,0,11.294,-71.2,-113.3,-42.1,13.83,72,450,996,1272,23210,1587,TRUE,1,8.294,0.3968253968253968,14.625078764965343,276
2026-04-30T13:22:26.893,T1,5_50_100_200_300cm.csv,1326,3,0,9.235,-71.3,-102.8,-31.4,42.5,84,2484,3570,3310,21583,1539,TRUE,1,6.234999999999999,0.7220930232558139,14.024041585445094,260
2026-04-30T13:22:29.891,T1,5_50_100_200_300cm.csv,1329,3,0,11.899,-70.6,-107.6,-37,25.26,80,1880,2021,1551,23227,1555,TRUE,1,8.899,1.0526315789473684,14.936977491961414,470
2026-04-30T13:22:30.883,T1,5_50_100_200_300cm.csv,1330,3,0,8.944,-69.8,-103.7,-33.9,40.9,84,2916,3436,2471,26526,1618,TRUE,1,5.944000000000001,0.9873031995937024,16.394313967861557,965
2026-04-30T13:22:31.901,T1,5_50_100_200_300cm.csv,1331,3,0,10.183,-72.4,-105.9,-33.5,32.42,64,1774,2075,1522,13391,1257,TRUE,1,7.183,0.9863775368362524,10.653142402545743,553
2026-04-30T13:22:32.893,T1,5_50_100_200_300cm.csv,1332,3,0,9.437,-74.6,-113.2,-38.6,16.31,48,419,783,592,7281,1000,TRUE,1,6.436999999999999,0.6094545454545455,7.281,191
2026-04-30T13:22:33.913,T1,5_50_100_200_300cm.csv,1333,3,0,12.003,-71.2,-107.4,-36.2,30.57,72,1106,2201,1980,21221,1519,TRUE,1,9.003,0.5290600334848122,13.970375246872942,221
2026-04-30T13:22:35.892,T1,5_50_100_200_300cm.csv,1335,3,0,10.126,-75.9,-108.5,-32.6,25.61,28,93,717,691,1991,548,TRUE,1,7.1259999999999994,0.13210227272727273,3.633211678832117,26
2026-04-30T13:22:37.933,T1,5_50_100_200_300cm.csv,1337,3,0,11.777,-70.7,-104.9,-34.2,33.53,92,2037,3085,2264,23214,1562,TRUE,1,8.777,0.7616376892877174,14.861715749039693,821
2026-04-30T13:28:00.090,T1,5_50_100_200_300cm.csv,1659,0.5,0,6.491,-77.3,-91.1,-13.8,148.5,16,1750,2376,1491,358,244,TRUE,1,5.991,0.9050943884147918,1.4672131147540983,885
2026-04-30T13:28:01.081,T1,5_50_100_200_300cm.csv,1660,0.5,0,5.793,-64,-87,-23,138.29,128,12766,17701,14449,25562,1301,TRUE,1,5.293,0.7941524105754277,19.647963105303614,3252
2026-04-30T13:28:02.102,T1,5_50_100_200_300cm.csv,1661,0.5,0,8.658,-63.9,-87.5,-23.7,161.6,108,12833,17453,14514,26599,1321,TRUE,1,8.158,0.8028904808083336,20.13550340651022,2939
2026-04-30T13:28:04.112,T1,5_50_100_200_300cm.csv,1663,0.5,0,5.37,-63.9,-86.9,-23,120.06,104,10606,12486,16564,20226,1153,TRUE,1,4.87,0.7301893287435456,17.54206418039896,4078
2026-04-30T13:28:05.102,T1,5_50_100_200_300cm.csv,1664,0.5,0,8.757,-64,-85.9,-21.9,175.05,96,10770,16805,14368,20906,1178,TRUE,1,8.257,0.6909825810797806,17.74702886247878,2437
2026-04-30T13:28:08.102,T1,5_50_100_200_300cm.csv,1667,0.5,0,5.816,-63.4,-85.6,-22.2,183.27,88,11488,16128,15680,22527,1197,TRUE,1,5.316,0.7223340040241448,18.81954887218045,448
2026-04-30T13:28:10.111,T1,5_50_100_200_300cm.csv,1669,0.5,0,7.856,-63.9,-87.5,-23.6,125.85,124,12121,15606,14524,23370,1241,TRUE,1,7.356,0.8045801526717558,18.831587429492345,1082
2026-04-30T13:28:11.100,T1,5_50_100_200_300cm.csv,1670,0.5,0,5.3,-63.5,-86.4,-22.8,172.46,100,12152,17246,11310,21131,1164,TRUE,1,4.8,0.8510995937806416,18.153780068728523,5936
2026-04-30T13:28:12.120,T1,5_50_100_200_300cm.csv,1671,0.5,0,7.439,-63.8,-87.5,-23.6,142.27,124,13120,17641,14670,27297,1335,TRUE,1,6.939,0.812107332,20.447191011235955,2971
2026-04-30T13:28:13.112,T1,5_50_100_200_300cm.csv,1672,0.5,0,6.008,-63.6,-84.6,-21,182.75,84,12692,15351,17570,22953,1215,TRUE,1,5.508,0.7710579873029373,18.891358024691357,2219
2026-04-30T13:28:16.112,T1,5_50_100_200_300cm.csv,1675,0.5,0,5.779,-64.1,-85.4,-21.3,180.87,92,11581,16640,16263,22435,1223,TRUE,1,5.279,0.7039479682703704,18.344235486508584,377
2026-04-30T13:28:20.102,T1,5_50_100_200_300cm.csv,1679,0.5,0,5.549,-63.2,-87,-23.8,134.95,112,9881,15114,15403,22185,1179,TRUE,1,5.049,0.6475734836320739,18.81679389312977,289
2026-04-30T13:28:21.182,T1,5_50_100_200_300cm.csv,1680,0.5,0,5.474,-63.6,-86.8,-23.2,171.36,96,10006,16451,11692,19256,1114,TRUE,1,4.974,0.7110826848594677,17.285457809694794,4759
2026-04-30T13:28:22.110,T1,5_50_100_200_300cm.csv,1681,0.5,0,5.872,-63.6,-87.4,-23.8,140.42,108,11617,15165,14633,22819,1212,TRUE,1,5.372,0.7797167595140614,18.827557755775576,532
2026-04-30T13:28:23.130,T1,5_50_100_200_300cm.csv,1682,0.5,0,5.821,-64.1,-87.2,-23.1,176.36,108,14610,19047,11763,26891,1338,TRUE,1,5.321,0.9483933787731256,20.097907324364723,7284
2026-04-30T13:28:25.140,T1,5_50_100_200_300cm.csv,1684,0.5,0,5.431,-63.8,-84.8,-20.9,131.77,112,13756,14758,18115,23842,1249,TRUE,1,4.931,0.836917835,19.0888711,3357
2026-04-30T13:28:26.131,T1,5_50_100_200_300cm.csv,1685,0.5,0,5.342,-63.7,-88.1,-24.5,162.11,104,15169,16859,11163,27019,1321,TRUE,1,4.842,1.0826493469416887,20.45344436033308,5696
2026-04-30T13:28:27.120,T1,5_50_100_200_300cm.csv,1686,0.5,0,5.521,-63.8,-86.5,-22.7,198.07,84,10236,16638,12538,19686,1134,TRUE,1,5.021,0.7016726076227036,17.35978835978836,4100
2026-04-30T13:28:28.114,T1,5_50_100_200_300cm.csv,1687,0.5,0,6.215,-63.6,-85.6,-21.9,164.77,104,12022,17136,15801,23891,1242,TRUE,1,5.715,0.729999696,19.235909822866343,1335
2026-04-30T13:28:32.130,T1,5_50_100_200_300cm.csv,1691,0.5,0,5.582,-64.2,-87.1,-22.9,181.53,96,11338,17427,14649,24040,1270,TRUE,1,5.082,0.7069460032422995,18.929133858267715,2778
2026-04-30T13:28:33.120,T1,5_50_100_200_300cm.csv,1692,0.5,0,5.98,-63.6,-85.5,-21.9,169.01,92,11971,15549,16245,22498,1204,TRUE,1,5.48,0.7530351638673963,18.686046511627907,696
2026-04-30T13:28:34.139,T1,5_50_100_200_300cm.csv,1693,0.5,0,7.856,-63,-85.7,-22.7,194.12,88,11654,17083,15596,24584,1231,TRUE,1,7.356,0.713240919,19.970755483346874,1487
2026-04-30T13:28:40.169,T1,5_50_100_200_300cm.csv,1699,0.5,0,7.49,-63.5,-86.5,-23,181.56,96,12805,17430,12517,23255,1220,TRUE,1,6.99,0.8551774802150466,19.061475409836067,4913
2026-04-30T13:28:42.120,T1,5_50_100_200_300cm.csv,1701,0.5,0,7.931,-63.8,-84.9,-21.1,177.29,96,11749,17020,16758,23146,1230,TRUE,1,7.431,0.695659897,18.817886178861787,262
2026-04-30T13:28:43.109,T1,5_50_100_200_300cm.csv,1702,0.5,0,5.277,-63.8,-85.5,-21.7,154.67,108,11719,16704,15572,22488,1211,TRUE,1,4.777,0.726174247,18.569777043765484,1132
2026-04-30T13:28:45.121,T1,5_50_100_200_300cm.csv,1704,0.5,0,5.253,-64,-84.8,-20.8,139.8,104,15392,14539,18763,25670,1303,TRUE,1,4.753,0.9243889255900547,19.70069071373753,4224
2026-04-30T13:28:46.171,T1,5_50_100_200_300cm.csv,1705,0.5,0,5.933,-63.5,-86.4,-22.9,191.89,92,12734,17654,10751,21927,1184,TRUE,1,5.433,0.8966027107903538,18.519425675675677,6903
2026-04-30T13:28:47.160,T1,5_50_100_200_300cm.csv,1706,0.5,0,7.814,-63.8,-86.6,-22.8,181.29,92,12347,16679,10291,19765,1135,TRUE,1,7.314,0.9156099369670003,17.41409691629956,6388
2026-04-30T13:28:48.151,T1,5_50_100_200_300cm.csv,1707,0.5,0,7.805,-63.4,-85.2,-21.7,189.45,92,11413,17429,14819,22395,1194,TRUE,1,7.305,0.7078268419746961,18.756281407035175,2610
2026-04-30T13:28:50.159,T1,5_50_100_200_300cm.csv,1709,0.5,0,6.051,-63.7,-88.1,-24.3,155.52,116,16929,18040,10652,30052,1397,TRUE,1,5.551,1.1800501882057717,21.511811023622048,7388
2026-04-30T13:28:51.121,T1,5_50_100_200_300cm.csv,1710,0.5,0,5.37,-63.6,-85,-21.4,191.98,88,11339,16894,14580,20952,1162,TRUE,1,4.87,0.7205312321281058,18.030981067125644,2314
2026-04-30T13:28:52.141,T1,5_50_100_200_300cm.csv,1711,0.5,0,5.394,-63.7,-87.5,-23.8,175.18,100,13792,17518,12746,25982,1297,TRUE,1,4.894,0.9114459423737774,20.032382420971473,4772
2026-04-30T13:28:53.161,T1,5_50_100_200_300cm.csv,1712,0.5,0,6.172,-66.3,-88.1,-21.8,184.96,76,10026,14057,13892,17076,1149,TRUE,1,5.672,0.7174496404164729,14.861618798955613,165
2026-04-30T13:28:54.119,T1,5_50_100_200_300cm.csv,1713,0.5,0,5.797,-63.8,-87.1,-23.3,173,104,12744,17992,14146,26248,1307,TRUE,1,5.297,0.7930798431763022,20.082631981637338,3846
2026-04-30T13:28:55.138,T1,5_50_100_200_300cm.csv,1714,0.5,0,5.356,-63.5,-86.8,-23.3,181.18,96,13711,17393,12022,24225,1244,TRUE,1,4.856,0.932245453,19.473472668810288,5371
2026-04-30T13:28:57.151,T1,5_50_100_200_300cm.csv,1716,0.5,0,5.736,-63.8,-87.5,-23.7,171.55,100,13328,17155,13981,26217,1308,TRUE,1,5.236,0.8561151079136691,20.043577981651374,3174
2026-04-30T13:28:58.139,T1,5_50_100_200_300cm.csv,1717,0.5,0,5.441,-63.7,-85.9,-22.1,195.22,88,11553,17179,11980,20120,1143,TRUE,1,4.941,0.7924140059672828,17.602799650043746,5199
2026-04-30T13:28:59.159,T1,5_50_100_200_300cm.csv,1718,0.5,0,7.444,-64,-87.6,-23.6,170.26,112,14544,19069,12701,28649,1377,TRUE,1,6.944,0.9155807365439094,20.80537400145243,6368
2026-04-30T13:29:00.149,T1,5_50_100_200_300cm.csv,1719,0.5,0,5.783,-63.6,-84.5,-21,153.53,92,13680,14125,17924,23008,1215,TRUE,1,5.283,0.8536927829261444,18.936625514403293,3799
2026-04-30T13:29:02.160,T1,5_50_100_200_300cm.csv,1721,0.5,0,6.548,-63.6,-84.5,-20.9,162.57,88,13088,14306,17458,21955,1188,TRUE,1,6.048,0.8240775720941946,18.48063973063973,3152
2026-04-30T13:29:03.150,T1,5_50_100_200_300cm.csv,1722,0.5,0,6.867,-66.2,-88.2,-21.9,171.3,88,10003,15074,11442,16356,1123,TRUE,1,6.367,0.7544878563885956,14.564559216384684,3632
2026-04-30T13:29:06.148,T1,5_50_100_200_300cm.csv,1725,0.5,0,6.008,-63.3,-86.6,-23.3,192.77,88,12712,16964,10431,21257,1159,TRUE,1,5.508,0.9280525643365578,18.340811044003452,6533
2026-04-30T13:29:07.168,T1,5_50_100_200_300cm.csv,1726,0.5,0,7.43,-63.5,-86.4,-22.9,166.25,100,11094,16625,13918,22033,1185,TRUE,1,6.93,0.726451233,18.59324894514768,2707
2026-04-30T13:29:08.160,T1,5_50_100_200_300cm.csv,1727,0.5,0,5.455,-64.3,-85.6,-21.3,172.46,96,12450,16556,16993,23807,1269,TRUE,1,4.955,0.7421979790753823,18.760441292356187,437
2026-04-30T13:29:09.179,T1,5_50_100_200_300cm.csv,1728,0.5,0,5.436,-61.4,-86.7,-25.3,123.97,108,10168,13389,12890,19622,1041,TRUE,1,4.936,0.7738498420792268,18.84918347742555,499
2026-04-30T13:29:12.148,T1,5_50_100_200_300cm.csv,1731,0.5,0,5.506,-64.1,-86.6,-22.6,162.91,96,11954,15639,15151,22378,1220,TRUE,1,5.006,0.7764858720363754,18.34262295081967,488
2026-04-30T13:29:13.140,T1,5_50_100_200_300cm.csv,1732,0.5,0,5.216,-64.2,-87.4,-23.2,184.01,88,12219,16193,14409,23423,1254,TRUE,1,4.716,0.7985752565191817,18.678628389154706,1784
2026-04-30T13:29:16.170,T1,5_50_100_200_300cm.csv,1735,0.5,0,5.258,-64,-87.1,-23.1,169.82,100,11520,16982,10276,19796,1144,TRUE,1,4.758,0.8452564384767774,17.304195804195803,6706
2026-04-30T13:29:17.158,T1,5_50_100_200_300cm.csv,1736,0.5,0,5.281,-63.8,-87.4,-23.6,155.83,112,10502,17453,14658,24527,1265,TRUE,1,4.781,0.65410607,19.38893280632411,2795
2026-04-30T13:29:19.169,T1,5_50_100_200_300cm.csv,1738,0.5,0,5.253,-64.2,-87.4,-23.2,155.2,108,12838,16762,15019,25476,1305,TRUE,1,4.753,0.8079040936408546,19.52183908045977,1743
2026-04-30T13:29:20.158,T1,5_50_100_200_300cm.csv,1739,0.5,0,6.871,-68.2,-88.7,-20.6,157.02,64,6723,10049,8259,7605,819,TRUE,1,6.371,0.734433035,9.285714285714286,1790
2026-04-30T13:29:22.169,T1,5_50_100_200_300cm.csv,1741,0.5,0,8.016,-63.8,-86.9,-23.1,164.29,112,13990,18401,10716,24481,1264,TRUE,1,7.516,0.9609506473881237,19.367879746835442,7685
2026-04-30T13:29:24.179,T1,5_50_100_200_300cm.csv,1743,0.5,0,5.422,-63.5,-87.2,-23.7,162.3,112,14098,18178,13144,27585,1328,TRUE,1,4.922,0.9001979439371688,20.77183734939759,5034
2026-04-30T13:29:25.170,T1,5_50_100_200_300cm.csv,1744,0.5,0,7.983,-63.6,-85.7,-22.1,162.03,104,12633,16851,16960,25683,1284,TRUE,1,7.483,0.7472715980006507,20.002336448598133,109
2026-04-30T13:29:26.159,T1,5_50_100_200_300cm.csv,1745,0.5,0,6.82,-67.6,-88.4,-20.8,120.89,72,7122,8704,10383,8035,825,TRUE,1,6.32,0.7462670927856656,9.739393939,1679
2026-04-30T13:29:29.187,T1,5_50_100_200_300cm.csv,1748,0.5,0,5.422,-63.9,-87.2,-23.2,164.37,100,11068,16437,15518,24070,1259,TRUE,1,4.922,0.692724143,19.118347895154884,919
2026-04-30T13:29:32.189,T1,5_50_100_200_300cm.csv,1751,0.5,0,5.366,-63.2,-85.9,-22.7,172.07,100,11646,17207,15003,23959,1226,TRUE,1,4.866,0.7231294628997206,19.542414355628058,2204
2026-04-30T13:29:33.179,T1,5_50_100_200_300cm.csv,1752,0.5,0,6.384,-77.7,-90.8,-13.1,141.9,20,2002,2838,2432,535,302,TRUE,1,5.884,0.7597722960151803,1.771523178807947,406
2026-04-30T13:29:34.168,T1,5_50_100_200_300cm.csv,1753,0.5,0,5.225,-63.6,-86.3,-22.7,142.98,92,11753,13154,16487,21308,1171,TRUE,1,4.725,0.7930231773556897,18.196413321947055,3333
2026-04-30T13:29:35.188,T1,5_50_100_200_300cm.csv,1754,0.5,0,5.352,-63.1,-86.4,-23.3,152.96,100,11351,15296,14766,22196,1173,TRUE,1,4.852,0.755172643,18.92242114236999,530
2026-04-30T13:29:36.178,T1,5_50_100_200_300cm.csv,1755,0.5,0,5.248,-64.1,-88,-24,154.71,116,14101,17946,14320,29164,1392,TRUE,1,4.748,0.8740469844418273,20.951149425287355,3626
2026-04-30T13:29:38.188,T1,5_50_100_200_300cm.csv,1757,0.5,0,5.361,-64.1,-87,-22.9,190.65,100,13914,19065,13259,27231,1345,TRUE,1,4.861,0.8609083034277936,20.246096654275092,5806
2026-04-30T13:29:39.179,T1,5_50_100_200_300cm.csv,1758,0.5,0,6.496,-64.3,-86.7,-22.4,176.46,96,12626,16940,15147,24217,1278,TRUE,1,5.996,0.7869853834886402,18.949139280125195,1793
2026-04-30T13:29:40.169,T1,5_50_100_200_300cm.csv,1759,0.5,0,7.373,-64,-86.5,-22.6,200.9,84,12819,16876,9596,19614,1138,TRUE,1,6.873,0.9684950135992747,17.235500878734623,7280
2026-04-30T13:29:42.178,T1,5_50_100_200_300cm.csv,1761,0.5,0,5.234,-63.5,-87.3,-23.9,172.27,96,11300,16538,10543,20329,1139,TRUE,1,4.734,0.8345334367268564,17.84811237928007,5995
2026-04-30T13:29:43.170,T1,5_50_100_200_300cm.csv,1762,0.5,0,6.398,,-106.6,,17.12,8,113,137,107,0,91,FALSE,1,5.898,0.9262295081967213,0,30
2026-04-30T13:29:45.177,T1,5_50_100_200_300cm.csv,1764,0.5,0,7.894,-62.6,-87.1,-24.5,156.52,88,9872,13774,13094,18953,1068,TRUE,1,7.394,0.7348518683936281,17.74625468164794,680
2026-04-30T13:29:47.188,T1,5_50_100_200_300cm.csv,1766,0.5,0,5.774,-64.1,-85.6,-21.5,194.92,92,12197,17933,13429,21938,1208,TRUE,1,5.274,0.7778202920732096,18.160596026490065,4504
2026-04-30T13:29:49.199,T1,5_50_100_200_300cm.csv,1768,0.5,0,7.978,-64.1,-85.7,-21.6,206.82,88,12612,18200,13865,23198,1243,TRUE,1,7.478,0.7866521128956806,18.662912308930007,4335
2026-04-30T13:29:50.187,T1,5_50_100_200_300cm.csv,1769,0.5,0,6.196,-64.7,-88.8,-24.1,158.17,104,12862,16450,11984,26758,1363,TRUE,1,5.696,0.9046915664345502,19.631694790902422,4466
2026-04-30T13:29:52.198,T1,5_50_100_200_300cm.csv,1771,0.5,0,7.43,-60.8,-86.1,-25.2,76.72,124,11224,9513,12663,16412,934,TRUE,1,6.93,1.0122655122655122,17.571734475374733,3150
2026-04-30T13:29:55.199,T1,5_50_100_200_300cm.csv,1774,0.5,0,8.846,-63.5,-84.4,-20.8,136.4,112,14009,15277,17982,24207,1245,TRUE,1,8.346,0.8424185934634234,19.443373493975905,2705
2026-04-30T13:29:57.207,T1,5_50_100_200_300cm.csv,1776,0.5,0,5.929,-63.2,-86.8,-23.6,210.36,84,14325,17670,11402,25167,1257,TRUE,1,5.429,0.985484315,20.021479713603817,6268
2026-04-30T13:29:58.197,T1,5_50_100_200_300cm.csv,1777,0.5,0,5.727,-63.4,-85.2,-21.8,140.79,104,12057,14642,16883,22249,1187,TRUE,1,5.227,0.7649167327517843,18.74389216512216,2241
2026-04-30T13:30:01.197,T1,5_50_100_200_300cm.csv,1780,0.5,0,6.285,-64,-87.2,-23.1,169.88,100,11216,16988,10769,19960,1151,TRUE,1,5.785,0.808156501,17.34144222415291,6219
2026-04-30T13:30:02.221,T1,5_50_100_200_300cm.csv,1781,0.5,0,7.73,-64.1,-83.7,-19.6,145.8,96,13438,13997,17439,20145,1157,TRUE,1,7.23,0.8549433770199771,17.411408815903197,3442
2026-04-30T13:30:03.178,T1,5_50_100_200_300cm.csv,1782,0.5,0,5.333,-63.5,-87.4,-23.9,164.18,108,11602,17731,14954,26803,1307,TRUE,1,4.833,0.7099281015756463,20.50726855394032,2777
2026-04-30T13:30:04.197,T1,5_50_100_200_300cm.csv,1783,0.5,0,8.025,-64.1,-85.7,-21.5,202.9,88,13758,17855,11499,21645,1201,TRUE,1,7.525,0.9373850241875042,18.02248126561199,6356
2026-04-30T13:30:07.198,T1,5_50_100_200_300cm.csv,1786,0.5,0,6.834,-67.6,-88.4,-20.8,194.98,48,5956,9359,7862,6383,736,TRUE,1,6.334,0.6917136054816794,8.672554347826088,1497
2026-04-30T13:30:10.199,T1,5_50_100_200_300cm.csv,1789,0.5,0,5.736,-63.7,-87,-23.3,166.64,108,12380,17997,13335,25010,1271,TRUE,1,5.236,0.7902463934635516,19.677419354838708,4662
2026-04-30T13:30:11.247,T1,5_50_100_200_300cm.csv,1790,0.5,0,7.448,-62.6,-87.8,-25.2,146.22,116,11552,16961,13412,26220,1253,TRUE,1,6.948,0.7606756000395087,20.925778132482044,3549
2026-04-30T13:30:12.206,T1,5_50_100_200_300cm.csv,1791,0.5,0,6.853,-67.6,-89,-21.4,147.14,56,6009,8240,7516,6287,731,TRUE,1,6.353,0.7627570449352628,8.600547195622434,724
2026-04-30T13:30:13.198,T1,5_50_100_200_300cm.csv,1792,0.5,0,5.22,-64.2,-87.6,-23.4,191.96,100,15091,19196,11232,27751,1364,TRUE,1,4.72,0.9919153411331668,20.34530791788856,7964
2026-04-30T13:30:14.187,T1,5_50_100_200_300cm.csv,1793,0.5,0,5.394,-64.4,-85,-20.6,180.83,92,13032,16636,17465,23869,1273,TRUE,1,4.894,0.764317762,18.75019638648861,829
2026-04-30T13:30:15.237,T1,5_50_100_200_300cm.csv,1794,0.5,0,5.248,-62.4,-84.7,-22.3,158.52,88,14352,13950,17622,25349,1226,TRUE,1,4.748,0.9091600152033448,20.676182707993476,3672
2026-04-30T13:30:16.197,T1,5_50_100_200_300cm.csv,1795,0.5,0,7.927,-63.5,-85.9,-22.5,187.66,96,11947,18015,15832,25835,1283,TRUE,1,7.427,0.7059414423730316,20.136399064692128,2183
2026-04-30T13:30:17.188,T1,5_50_100_200_300cm.csv,1796,0.5,0,7.875,-63,-86.9,-23.9,177.39,100,11259,17739,14272,25570,1258,TRUE,1,7.375,0.7034456905438755,20.325914149443562,3467
2026-04-30T13:30:18.206,T1,5_50_100_200_300cm.csv,1797,0.5,0,5.234,-63.4,-87.9,-24.5,165.13,100,14107,16513,12013,25550,1272,TRUE,1,4.734,0.9890626095491832,20.086477987421382,4500
2026-04-30T13:30:20.186,T1,5_50_100_200_300cm.csv,1799,0.5,0,5.319,-63.8,-87.8,-24,150.2,116,13324,17423,11198,24220,1258,TRUE,1,4.819,0.9310646029139443,19.252782193958666,6225
2026-04-30T13:30:22.196,T1,5_50_100_200_300cm.csv,1801,0.5,0,5.23,-64.2,-86.5,-22.3,172.89,100,13911,17289,9851,20970,1185,TRUE,1,4.73,1.0251289609432572,17.696202531645568,7438
2026-04-30T13:30:23.216,T1,5_50_100_200_300cm.csv,1802,0.5,0,8.26,-63.2,-88.3,-25,128.72,112,11489,14417,10754,20512,1135,TRUE,1,7.76,0.9128759286480473,18.072246696035243,3663
2026-04-30T13:30:24.207,T1,5_50_100_200_300cm.csv,1803,0.5,0,5.385,-62.6,-85.7,-23,167.53,88,11869,14743,16203,23273,1183,TRUE,1,4.885,0.7670781361080592,19.67286559594252,1460
2026-04-30T13:30:25.196,T1,5_50_100_200_300cm.csv,1804,0.5,0,7.767,-63.5,-86.3,-22.9,186.8,88,12693,16438,17956,27894,1334,TRUE,1,7.267,0.7380938535791126,20.910044977511244,1518
2026-04-30T13:30:26.217,T1,5_50_100_200_300cm.csv,1805,0.5,0,5.478,-63.2,-88.1,-25,142.6,108,12299,15401,12213,23468,1210,TRUE,1,4.978,0.8907800391105961,19.39504132231405,3188
2026-04-30T13:30:27.208,T1,5_50_100_200_300cm.csv,1806,0.5,0,6.895,-70.3,-88.9,-18.6,187.08,36,4549,6735,5370,3000,554,TRUE,1,6.395,0.7515902519619991,5.415162454873646,1365
2026-04-30T13:30:29.218,T1,5_50_100_200_300cm.csv,1808,0.5,0,5.277,-65.3,-85,-19.7,201.68,84,13491,16941,18117,23714,1310,TRUE,1,4.777,0.7696388841348623,18.102290076335876,1176
2026-04-30T13:30:31.227,T1,5_50_100_200_300cm.csv,1810,0.5,0,5.103,-66.1,-85.9,-19.8,188.78,76,10365,14347,14454,15695,1094,TRUE,1,4.603,0.7197666747682372,14.346435100548446,107
2026-04-30T13:30:32.219,T1,5_50_100_200_300cm.csv,1811,0.5,0,6.21,-62.9,-86.2,-23.3,191.49,72,9066,13787,12629,16461,1006,TRUE,1,5.71,0.6864021804966687,16.36282306163022,1158
2026-04-30T13:30:35.246,T1,5_50_100_200_300cm.csv,1814,0.5,0,5.37,-62.7,-85.5,-22.8,173.98,80,9633,13918,13029,16811,1008,TRUE,1,4.87,0.7149589935799904,16.677579365079364,889
2026-04-30T13:30:37.256,T1,5_50_100_200_300cm.csv,1816,0.5,0,5.633,-64.7,-86.2,-21.5,192.76,80,12615,15421,10349,17008,1087,TRUE,1,5.133,0.9790454016298021,15.646734130634774,5072
2026-04-30T13:36:56.477,T1,5_50_100_200_300cm.csv,2195,0.05,0,4.339,-54.3,-76.5,-22.1,112.01,140,17237,15681,10882,23301,889,TRUE,1,4.289000000000001,1.2978202763242104,26.210348706411697,4799
2026-04-30T13:36:57.464,T1,5_50_100_200_300cm.csv,2196,0.05,0,5.103,-55.4,-73.9,-18.6,178.96,100,17306,17896,14737,23054,916,TRUE,1,5.053,1.060644133239359,25.16812227074236,3159
2026-04-30T13:36:58.456,T1,5_50_100_200_300cm.csv,2197,0.05,0,5.033,-54.2,-73.6,-19.4,152.79,108,15671,16501,14593,21348,846,TRUE,1,4.9830000000000005,1.007975815269827,25.23404255319149,1908
2026-04-30T13:37:00.464,T1,5_50_100_200_300cm.csv,2199,0.05,0,4.789,-55.1,-73.7,-18.6,146.68,104,16095,15255,16495,21040,867,TRUE,1,4.739,1.0138582677165355,24.267589388696656,1240
2026-04-30T13:37:01.456,T1,5_50_100_200_300cm.csv,2200,0.05,0,4.371,-54.4,-73.7,-19.3,137.03,120,15858,16444,13619,20493,835,TRUE,1,4.321000000000001,1.0549845324817881,24.54251497005988,2825
2026-04-30T13:37:02.476,T1,5_50_100_200_300cm.csv,2201,0.05,0,4.245,-54.6,-73.2,-18.6,172.24,104,16957,17913,15700,23532,901,TRUE,1,4.195,1.0089548686520096,26.11764705882353,2213
2026-04-30T13:37:05.504,T1,5_50_100_200_300cm.csv,2204,0.05,0,4.264,-54.5,-73.9,-19.4,169.4,104,17207,17618,12706,22378,876,TRUE,1,4.214,1.1348766653475795,25.54566210045662,4912
2026-04-30T13:37:07.455,T1,5_50_100_200_300cm.csv,2206,0.05,0,5.333,-55.2,-74.4,-19.2,121.85,140,16734,17059,14357,22339,897,TRUE,1,5.283,1.0653170359052713,24.90412486,2702
2026-04-30T13:37:08.476,T1,5_50_100_200_300cm.csv,2207,0.05,0,4.517,-54.8,-73.2,-18.4,137.27,128,16746,17571,15073,22140,881,TRUE,1,4.4670000000000005,1.0259772086754073,25.130533484676505,2498
2026-04-30T13:37:09.485,T1,5_50_100_200_300cm.csv,2208,0.05,0,7.43,-54.7,-74.3,-19.6,142.44,120,16750,17093,11732,21018,855,TRUE,1,7.38,1.1621856027753685,24.582456140350878,5361
2026-04-30T13:37:10.515,T1,5_50_100_200_300cm.csv,2209,0.05,0,4.385,-54.7,-75,-20.3,123.41,132,16790,16290,13033,22249,881,TRUE,1,4.335,1.1451761415953348,25.254256526674233,3257
2026-04-30T13:37:11.504,T1,5_50_100_200_300cm.csv,2210,0.05,0,4.948,-54.5,-73.5,-19,137.98,120,16019,16558,13957,20628,840,TRUE,1,4.898000000000001,1.049909880386695,24.557142857142857,2601
2026-04-30T13:37:13.486,T1,5_50_100_200_300cm.csv,2212,0.05,0,5.225,-55.1,-76,-20.9,122.32,144,15963,17614,10711,21935,885,TRUE,1,5.175,1.1271315092674317,24.785310734463277,6903
2026-04-30T13:37:16.454,T1,5_50_100_200_300cm.csv,2215,0.05,0,5.15,-83.4,-92.5,-9.2,112.88,8,849,903,760,63,126,TRUE,1,5.1000000000000005,1.021046301864101,0.5,143
2026-04-30T13:37:17.505,T1,5_50_100_200_300cm.csv,2216,0.05,0,6.745,-55.6,-75.6,-20,125.5,120,16905,15060,12910,20635,874,TRUE,1,6.695,1.2087951376474795,23.60983981693364,2150
2026-04-30T13:37:19.488,T1,5_50_100_200_300cm.csv,2218,0.05,0,7.354,-54.1,-73.7,-19.6,160.68,104,15563,16711,13992,21196,840,TRUE,1,7.304,1.013777155326841,25.233333333333334,2719
2026-04-30T13:37:20.476,T1,5_50_100_200_300cm.csv,2219,0.05,0,7.852,-55,-73.7,-18.7,130.02,132,16957,17162,15976,23234,910,TRUE,1,7.802,1.0234172249381375,25.531868131868134,1186
2026-04-30T13:37:21.464,T1,5_50_100_200_300cm.csv,2220,0.05,0,4.259,-54.7,-74.5,-19.8,140.34,124,15118,17402,13686,21532,865,TRUE,1,4.2090000000000005,0.9725939269171384,24.89248554913295,3716
2026-04-30T13:37:22.484,T1,5_50_100_200_300cm.csv,2221,0.05,0,4.47,-54.7,-73.2,-18.5,152.4,112,15973,17069,15064,21140,859,TRUE,1,4.42,0.9941804375564062,24.61001164144354,2005
2026-04-30T13:37:25.486,T1,5_50_100_200_300cm.csv,2224,0.05,0,7.359,-54.8,-73.7,-18.9,147.04,112,16621,16469,16090,22677,892,TRUE,1,7.309,1.0209773027427131,25.422645739910315,379
2026-04-30T13:37:26.476,T1,5_50_100_200_300cm.csv,2225,0.05,0,6.824,-54.7,-73.6,-18.9,130.3,136,17149,17721,15167,23524,906,TRUE,1,6.774,1.0428727803454148,25.96467991169978,2554
2026-04-30T13:37:27.494,T1,5_50_100_200_300cm.csv,2226,0.05,0,4.334,-54.3,-73.2,-18.9,153.03,116,17215,17751,14851,23382,891,TRUE,1,4.284,1.056070179743574,26.242424242424242,2900
2026-04-30T13:37:29.473,T1,5_50_100_200_300cm.csv,2228,0.05,0,5.145,-57.6,-76.2,-18.6,160.79,84,13037,13506,11949,13658,763,TRUE,1,5.095,1.0243174229031624,17.900393184796854,1557
2026-04-30T13:37:32.505,T1,5_50_100_200_300cm.csv,2231,0.05,0,4.385,-55.4,-73.7,-18.3,105.44,148,16255,15605,17146,21714,889,TRUE,1,4.335,0.9926414460627156,24.42519685,1541
2026-04-30T13:37:33.556,T1,5_50_100_200_300cm.csv,2232,0.05,0,4.432,-55.1,-74,-18.9,148.99,120,17271,17879,15205,23974,926,TRUE,1,4.382000000000001,1.044069640914037,25.889848812095032,2674
2026-04-30T13:37:34.485,T1,5_50_100_200_300cm.csv,2233,0.05,0,4.254,-54.9,-76.2,-21.3,145.75,112,16902,16324,8492,20678,855,TRUE,1,4.204,1.3621856866537718,24.184795321637427,7832
2026-04-30T13:37:36.525,T1,5_50_100_200_300cm.csv,2235,0.05,0,4.217,-54.4,-72.9,-18.5,139.7,128,17269,17882,15299,23296,892,TRUE,1,4.167,1.0408968988276424,26.116591928251122,2583
2026-04-30T13:37:37.515,T1,5_50_100_200_300cm.csv,2236,0.05,0,4.353,-54.8,-72.8,-18,141.07,124,16261,17493,15927,21862,874,TRUE,1,4.303,0.9731298623578696,25.013729977116704,1566
2026-04-30T13:37:38.505,T1,5_50_100_200_300cm.csv,2237,0.05,0,5.094,-61.8,-79.1,-17.3,187.04,48,7704,8978,8283,5252,547,TRUE,1,5.0440000000000005,0.892648166,9.601462523,695
2026-04-30T13:37:39.494,T1,5_50_100_200_300cm.csv,2238,0.05,0,4.184,-54.4,-75.2,-20.8,183.28,96,15359,17595,13070,22914,885,TRUE,1,4.134,1.0017283548018914,25.891525423728815,4525
2026-04-30T13:37:41.502,T1,5_50_100_200_300cm.csv,2240,0.05,0,4.32,-55.5,-74,-18.5,191.95,92,17132,17659,14971,22726,914,TRUE,1,4.2700000000000005,1.0500766166104811,24.86433260393873,2688
2026-04-30T13:37:42.495,T1,5_50_100_200_300cm.csv,2241,0.05,0,4.193,-54.5,-72.6,-18,190.49,88,15826,16763,15463,20446,839,TRUE,1,4.143,0.9821882951653944,24.36948748510131,1300
2026-04-30T13:37:43.514,T1,5_50_100_200_300cm.csv,2242,0.05,0,5.83,-58.5,-76.6,-18.1,250.35,60,14628,15021,11625,15328,833,TRUE,1,5.78,1.0979509119567665,18.400960384153663,3396
2026-04-30T13:37:45.525,T1,5_50_100_200_300cm.csv,2244,0.05,0,6.337,-55.2,-77.2,-22,160.3,96,17713,15389,9341,22273,895,TRUE,1,6.287,1.4325111200970482,24.886033519553074,6048
2026-04-30T13:37:46.516,T1,5_50_100_200_300cm.csv,2245,0.05,0,7.439,-55,-74.1,-19.1,194.49,88,15030,17115,14467,20751,859,TRUE,1,7.389,0.9518079918941169,24.157159487776486,2648
2026-04-30T13:37:48.522,T1,5_50_100_200_300cm.csv,2247,0.05,0,4.193,-54.9,-74.3,-19.4,144.23,120,14633,17307,14453,20991,861,TRUE,1,4.143,0.9214735516372796,24.37979094076655,2854
2026-04-30T13:37:49.514,T1,5_50_100_200_300cm.csv,2248,0.05,0,5.047,-56.6,-73.5,-17,183.51,92,14533,16883,16535,18945,866,TRUE,1,4.997,0.8697707822131785,21.876443418013857,348
2026-04-30T13:37:51.522,T1,5_50_100_200_300cm.csv,2250,0.05,0,4.428,-55.4,-75.7,-20.3,139.84,124,16186,17340,10304,20772,871,TRUE,1,4.378,1.171031688612357,23.84845005740528,7036
2026-04-30T13:37:54.524,T1,5_50_100_200_300cm.csv,2253,0.05,0,5.797,-58.2,-76.5,-18.2,191.25,72,13202,13770,11340,13238,767,TRUE,1,5.747,1.0515332536837914,17.259452411994786,2430
2026-04-30T13:37:55.543,T1,5_50_100_200_300cm.csv,2254,0.05,0,4.953,-56,-75.2,-19.2,220.75,76,16400,16777,11065,19378,858,TRUE,1,4.9030000000000005,1.1780762876230155,22.585081585081586,5712
2026-04-30T13:37:57.522,T1,5_50_100_200_300cm.csv,2256,0.05,0,7.748,-54.9,-74.5,-19.6,188.28,92,15063,17322,13565,20936,860,TRUE,1,7.698,0.9753618027001651,24.344186046511627,3757
2026-04-30T13:37:59.504,T1,5_50_100_200_300cm.csv,2258,0.05,0,4.296,-55.2,-73.6,-18.4,152.11,116,17078,17645,15019,22567,901,TRUE,1,4.246,1.0456771981386235,25.04661487236404,2626
2026-04-30T13:38:00.522,T1,5_50_100_200_300cm.csv,2259,0.05,0,4.901,-54.8,-74.3,-19.5,140.37,124,14596,17406,14841,21584,871,TRUE,1,4.851,0.9052625050392284,24.780711825487945,2565
2026-04-30T13:38:01.514,T1,5_50_100_200_300cm.csv,2260,0.05,0,4.428,-55.2,-73.8,-18.6,187.76,88,15930,16523,13993,19870,846,TRUE,1,4.378,1.0440424695241841,23.486997635933808,2530
2026-04-30T13:38:02.533,T1,5_50_100_200_300cm.csv,2261,0.05,0,4.437,-55,-73,-18,202.07,84,16212,16974,14966,20515,853,TRUE,1,4.3870000000000005,1.0151534126487163,24.050410316529895,2008
2026-04-30T13:38:03.522,T1,5_50_100_200_300cm.csv,2262,0.05,0,4.418,-55.2,-74,-18.8,170.92,104,16252,17776,15129,22687,904,TRUE,1,4.368,0.9878134022185078,25.096238938053098,2647
2026-04-30T13:38:04.514,T1,5_50_100_200_300cm.csv,2263,0.05,0,7.162,-54.9,-74.7,-19.7,136.96,128,14705,17531,14179,21601,874,TRUE,1,7.112,0.9274676758120467,24.715102974828376,3352
2026-04-30T13:38:06.523,T1,5_50_100_200_300cm.csv,2265,0.05,0,4.334,-55.9,-73.7,-17.9,175.27,100,15100,17527,15732,20501,879,TRUE,1,4.284,0.9080248955170029,23.323094425483504,1795
2026-04-30T13:38:07.511,T1,5_50_100_200_300cm.csv,2266,0.05,0,4.836,-55.4,-73.5,-18.1,167.95,108,17096,18139,15865,23227,921,TRUE,1,4.7860000000000005,1.0055287613221975,25.219326818675352,2274
2026-04-30T13:38:08.532,T1,5_50_100_200_300cm.csv,2267,0.05,0,7.561,-54.8,-73,-18.2,187.26,88,15572,16479,15280,20081,839,TRUE,1,7.511,0.9806354104348374,23.93444576877235,1199
2026-04-30T13:38:09.521,T1,5_50_100_200_300cm.csv,2268,0.05,0,4.235,-56.1,-73.6,-17.4,212.04,80,14212,16963,16315,19244,860,TRUE,1,4.1850000000000005,0.8541378688623115,22.376744186046512,648
2026-04-30T13:38:10.512,T1,5_50_100_200_300cm.csv,2269,0.05,0,4.728,-55.4,-72.9,-17.5,186.08,92,15979,17119,15545,20200,858,TRUE,1,4.678,0.9783859906931178,23.543123543123542,1574
2026-04-30T13:38:13.511,T1,5_50_100_200_300cm.csv,2272,0.05,0,4.371,-55.6,-74.2,-18.6,130.34,128,16502,16683,12845,19739,856,TRUE,1,4.321000000000001,1.1177187753996207,23.059579439252335,3838
2026-04-30T13:38:14.532,T1,5_50_100_200_300cm.csv,2273,0.05,0,4.24,-55.2,-76.5,-21.3,189.04,84,16951,15879,10758,21829,887,TRUE,1,4.19,1.2727409242782595,24.609921082299888,5121
2026-04-30T13:38:16.541,T1,5_50_100_200_300cm.csv,2275,0.05,0,4.489,-55.5,-73.2,-17.7,169.54,100,15960,16954,14998,19848,854,TRUE,1,4.439,0.998998498,23.241217798594846,1956
2026-04-30T13:38:17.562,T1,5_50_100_200_300cm.csv,2276,0.05,0,4.095,-54.6,-73.7,-19,136.16,124,15176,16884,14584,20679,846,TRUE,1,4.045,0.9645354010423287,24.44326241134752,2300
2026-04-30T13:38:18.523,T1,5_50_100_200_300cm.csv,2277,0.05,0,5.83,-55.1,-73.6,-18.5,179.21,96,16783,17204,13393,20709,860,TRUE,1,5.78,1.0970356570905644,24.080232558139535,3811
2026-04-30T13:38:21.521,T1,5_50_100_200_300cm.csv,2280,0.05,0,4.17,-55.1,-77.5,-22.4,146.13,104,17659,15198,9472,22674,900,TRUE,1,4.12,1.4316173490068909,25.19333333333333,5726
2026-04-30T13:38:22.542,T1,5_50_100_200_300cm.csv,2281,0.05,0,5.281,-76.7,-89.6,-12.9,183.12,8,1355,1465,1523,151,155,TRUE,1,5.231,0.9069611780455153,0.9741935483870968,58
2026-04-30T13:38:23.534,T1,5_50_100_200_300cm.csv,2282,0.05,0,4.301,-55,-76.7,-21.7,180.3,84,17371,15145,10562,22017,884,TRUE,1,4.251,1.3514606916404093,24.90610859728507,4583
2026-04-30T13:38:24.523,T1,5_50_100_200_300cm.csv,2283,0.05,0,5.169,-56.3,-75.9,-19.6,179.73,92,17500,16535,9951,20085,882,TRUE,1,5.119,1.3214528430114023,22.772108843537413,6584
2026-04-30T13:38:25.541,T1,5_50_100_200_300cm.csv,2284,0.05,0,4.479,-55.5,-74.2,-18.7,195.05,88,16804,17164,14194,21565,891,TRUE,1,4.429,1.0717520250015944,24.20314253647587,2970
2026-04-30T13:38:27.552,T1,5_50_100_200_300cm.csv,2286,0.05,0,5.854,-55.1,-73.3,-18.2,181.31,100,17342,18131,15564,23367,913,TRUE,1,5.804,1.0293515358361776,25.59364731653888,2567
2026-04-30T13:38:28.541,T1,5_50_100_200_300cm.csv,2287,0.05,0,4.264,-55.8,-74.8,-19,154.67,108,16629,16704,13888,21183,892,TRUE,1,4.214,1.0871469665271967,23.74775784753363,2816
2026-04-30T13:38:30.582,T1,5_50_100_200_300cm.csv,2289,0.05,0,7.401,-54.7,-73.8,-19.1,133.05,128,14939,17031,15063,21161,857,TRUE,1,7.351,0.9309528260734093,24.691948658109684,1968
2026-04-30T13:38:31.543,T1,5_50_100_200_300cm.csv,2290,0.05,0,4.709,-55.8,-74.5,-18.7,186.84,92,16832,17189,14684,22035,910,TRUE,1,4.659,1.0561917610516738,24.214285714285715,2505
2026-04-30T13:38:32.562,T1,5_50_100_200_300cm.csv,2291,0.05,0,6.824,-55.5,-74.2,-18.6,148.97,116,16762,17281,14693,22009,901,TRUE,1,6.774,1.0484768874710702,24.427302996670367,2588
2026-04-30T13:38:33.551,T1,5_50_100_200_300cm.csv,2292,0.05,0,4.362,-54.7,-73.5,-18.9,191.16,88,15312,16822,14551,20491,843,TRUE,1,4.312,0.9761259681892073,24.30723606168446,2271
2026-04-30T13:38:34.542,T1,5_50_100_200_300cm.csv,2293,0.05,0,5.774,-58.1,-79.3,-21.2,150.37,108,15158,16240,10026,19608,929,TRUE,1,5.724,1.1541917307545877,21.106566200215287,6214
2026-04-30T13:38:36.551,T1,5_50_100_200_300cm.csv,2295,0.05,0,6.74,-54.9,-76.7,-21.8,130.87,120,17591,15704,9123,22018,881,TRUE,1,6.69,1.4170862367583679,24.99205448354143,6581
2026-04-30T13:38:37.543,T1,5_50_100_200_300cm.csv,2296,0.05,0,4.212,-55.4,-73.2,-17.8,197.28,88,15835,17361,15790,20887,874,TRUE,1,4.162,0.9553256312026787,23.898169336384438,1571
2026-04-30T13:38:38.593,T1,5_50_100_200_300cm.csv,2297,0.05,0,4.709,-55,-74.7,-19.7,145.29,120,16632,17435,13740,22931,903,TRUE,1,4.659,1.067008821,25.39424141749723,3695
2026-04-30T13:38:39.581,T1,5_50_100_200_300cm.csv,2298,0.05,0,4.156,-54.9,-76.8,-21.9,162.43,100,16867,16243,10143,22589,893,TRUE,1,4.106,1.2784810126582278,25.2956327,6100
2026-04-30T13:38:41.561,T1,5_50_100_200_300cm.csv,2300,0.05,0,4.296,-55.2,-72.9,-17.7,189.65,88,15846,16689,15167,19695,843,TRUE,1,4.246,0.9948518332496233,23.362989323843415,1522
2026-04-30T13:38:42.581,T1,5_50_100_200_300cm.csv,2301,0.05,0,4.4,-55.6,-77.8,-22.2,132.15,128,15664,16915,9015,21738,896,TRUE,1,4.3500000000000005,1.2081758580794446,24.261160714285715,7900
2026-04-30T13:38:43.571,T1,5_50_100_200_300cm.csv,2302,0.05,0,6.318,-55.3,-76.8,-21.6,173.06,100,14974,17306,10742,21646,885,TRUE,1,6.268,1.0677410154021678,24.458757062146894,6564
2026-04-30T13:38:44.563,T1,5_50_100_200_300cm.csv,2303,0.05,0,4.324,-55.2,-73.5,-18.3,187.22,92,16910,17224,12905,20227,854,TRUE,1,4.274,1.1225065551462046,23.685011709601874,4319
2026-04-30T13:38:45.583,T1,5_50_100_200_300cm.csv,2304,0.05,0,6.379,-55.2,-73.6,-18.4,165.1,100,15737,16510,14801,20057,851,TRUE,1,6.329,1.005205838203826,23.56874265569918,1709
2026-04-30T13:38:46.570,T1,5_50_100_200_300cm.csv,2305,0.05,0,4.869,-54.9,-72.7,-17.8,189.56,88,15500,16681,15725,19914,839,TRUE,1,4.819,0.9566129729062519,23.735399284862932,956
2026-04-30T13:38:48.552,T1,5_50_100_200_300cm.csv,2307,0.05,0,4.381,-54.9,-75,-20,193.87,92,15349,17836,13827,22684,896,TRUE,1,4.331,0.9695227868490036,25.316964285714285,4009
2026-04-30T13:38:49.571,T1,5_50_100_200_300cm.csv,2308,0.05,0,4.906,-55.7,-73.9,-18.2,199.37,84,16723,16747,16127,21983,906,TRUE,1,4.856,1.0173997688142604,24.263796909492275,620
2026-04-30T13:38:50.561,T1,5_50_100_200_300cm.csv,2309,0.05,0,4.404,-55.5,-73.8,-18.3,186.98,92,16745,17202,13704,20590,871,TRUE,1,4.354,1.0836083608360836,23.639494833524683,3498
2026-04-30T13:38:52.572,T1,5_50_100_200_300cm.csv,2311,0.05,0,4.751,-56,-76.1,-20.1,176.99,92,17452,16283,8620,19738,867,TRUE,1,4.7010000000000005,1.4015982010199575,22.76585928489043,7663
2026-04-30T13:38:53.592,T1,5_50_100_200_300cm.csv,2312,0.05,0,4.282,-55.6,-73.6,-18,187.4,88,14389,16491,15979,19411,847,TRUE,1,4.232,0.8862950415768401,22.917355371900825,512
2026-04-30T13:38:54.584,T1,5_50_100_200_300cm.csv,2313,0.05,0,4.564,-55.8,-73.5,-17.7,190.52,88,16191,16766,13476,18792,841,TRUE,1,4.514,1.0707625157066332,22.344827586206897,3290
2026-04-30T13:38:55.571,T1,5_50_100_200_300cm.csv,2314,0.05,0,4.761,-55.9,-74.4,-18.5,169.13,100,16670,16913,11378,19044,848,TRUE,1,4.711,1.1784666501714327,22.45754716981132,5535
2026-04-30T13:38:58.571,T1,5_50_100_200_300cm.csv,2317,0.05,0,4.343,-55.6,-75.1,-19.5,183.53,92,16227,16885,11551,19964,861,TRUE,1,4.293,1.1412997608665072,23.18699187,5334
2026-04-30T13:38:59.563,T1,5_50_100_200_300cm.csv,2318,0.05,0,4.292,-54.8,-75,-20.1,179.22,96,15992,17205,13470,22471,888,TRUE,1,4.242,1.0426731866340668,25.30518018018018,3735
2026-04-30T13:39:00.581,T1,5_50_100_200_300cm.csv,2319,0.05,0,5.141,-60.7,-78.2,-17.4,174.1,52,8852,9053,7231,5413,534,TRUE,1,5.091,1.087202161631049,10.136704119850187,1822
2026-04-30T13:39:03.580,T1,5_50_100_200_300cm.csv,2322,0.05,0,4.69,-55,-74.3,-19.3,203.08,88,15709,17871,14705,22635,897,TRUE,1,4.640000000000001,0.9644523575638507,25.234113712374583,3166
2026-04-30T13:39:05.561,T1,5_50_100_200_300cm.csv,2324,0.05,0,4.695,-55.1,-73.6,-18.5,161.57,104,16351,16803,13430,19999,846,TRUE,1,4.6450000000000005,1.0816657295008765,23.63947990543735,3373
2026-04-30T13:39:07.570,T1,5_50_100_200_300cm.csv,2326,0.05,0,5.164,-55.4,-74.3,-18.9,178.11,96,16948,17099,11895,20234,860,TRUE,1,5.114,1.1690694626474443,23.527906976744188,5204
2026-04-30T13:39:08.591,T1,5_50_100_200_300cm.csv,2327,0.05,0,4.296,-55,-77.4,-22.4,147.29,112,17676,16496,9681,24320,929,TRUE,1,4.246,1.3504985292432288,26.178686759956943,6815
2026-04-30T13:39:09.581,T1,5_50_100_200_300cm.csv,2328,0.05,0,6.829,-54.8,-73,-18.2,183.27,92,15770,16861,15490,20722,853,TRUE,1,6.779,0.974931223,24.29308323563892,1371
2026-04-30T13:39:10.572,T1,5_50_100_200_300cm.csv,2329,0.05,0,4.784,-55.1,-77.4,-22.3,130.87,120,17912,15704,8701,22865,905,TRUE,1,4.734,1.467895922966605,25.265193370165747,7003
2026-04-30T13:39:12.580,T1,5_50_100_200_300cm.csv,2331,0.05,0,4.667,-55.4,-73.9,-18.5,160.15,104,16701,16656,16060,22284,902,TRUE,1,4.617,1.0209683335371071,24.70509977827051,596
2026-04-30T13:39:13.602,T1,5_50_100_200_300cm.csv,2332,0.05,0,4.714,-54.9,-72.6,-17.8,176.08,96,15854,16904,15551,20294,845,TRUE,1,4.664000000000001,0.9769835156370359,24.016568047337277,1353
2026-04-30T13:39:16.571,T1,5_50_100_200_300cm.csv,2335,0.05,0,4.925,-55.2,-74,-18.8,200.06,84,15453,16805,14136,20154,852,TRUE,1,4.875,0.9988688148411493,23.654929577464788,2669
2026-04-30T13:39:17.591,T1,5_50_100_200_300cm.csv,2336,0.05,0,7.589,-54.9,-72.8,-17.9,145.16,120,16911,17419,14435,20941,859,TRUE,1,7.539000000000001,1.0617818798267094,24.378346915017463,2984
2026-04-30T13:39:28.631,T1,5_50_100_200_300cm.csv,2347,0.05,0,4.259,-55.2,-76.5,-21.3,156.51,104,17281,16277,8364,21079,870,TRUE,1,4.2090000000000005,1.402621646848748,24.22873563218391,7913
2026-04-30T13:39:29.589,T1,5_50_100_200_300cm.csv,2348,0.05,0,4.461,-55.1,-72.9,-17.8,195.89,88,16020,17238,15916,21000,867,TRUE,1,4.4110000000000005,0.9663992278458104,24.22145328719723,1322
2026-04-30T13:39:30.609,T1,5_50_100_200_300cm.csv,2349,0.05,0,4.409,-55.3,-72.8,-17.5,188.96,92,15861,17384,15935,20694,866,TRUE,1,4.359,0.9520693898376302,23.89607390300231,1449
2026-04-30T13:39:32.591,T1,5_50_100_200_300cm.csv,2351,0.05,0,5.145,-59.4,-78.2,-18.9,194.06,48,9082,9315,7237,6223,547,TRUE,1,5.095,1.097390043499275,11.376599634369287,2078
2026-04-30T13:39:33.610,T1,5_50_100_200_300cm.csv,2352,0.05,0,7.631,-54.8,-75.7,-20.9,189.58,92,14790,17441,12435,21958,877,TRUE,1,7.581,0.9900923818449592,25.03762827822121,5006
2026-04-30T13:39:34.601,T1,5_50_100_200_300cm.csv,2353,0.05,0,4.31,-55,-73.2,-18.2,194.04,92,17199,17852,14894,22441,893,TRUE,1,4.26,1.0504489097905088,25.12989921612542,2958
2026-04-30T13:39:35.620,T1,5_50_100_200_300cm.csv,2354,0.05,0,4.461,-54.9,-72.4,-17.5,144.36,120,16384,17323,15526,20693,854,TRUE,1,4.4110000000000005,0.9975341715120704,24.230679156908664,1797
2026-04-30T13:39:36.611,T1,5_50_100_200_300cm.csv,2355,0.05,0,6.792,-55.3,-75.7,-20.4,142.33,120,16516,17080,12383,22418,901,TRUE,1,6.742,1.121134982859858,24.881243063263042,4697
2026-04-30T13:39:40.599,T1,5_50_100_200_300cm.csv,2359,0.05,0,4.704,-55,-73,-18.1,186.65,96,17027,17918,15772,22832,900,TRUE,1,4.654,1.010804392994954,25.36888888888889,2146
2026-04-30T13:39:42.610,T1,5_50_100_200_300cm.csv,2361,0.05,0,4.339,-54.9,-73.4,-18.5,208.44,80,15955,16675,14407,20291,847,TRUE,1,4.289000000000001,1.026639212405894,23.956316410861866,2268
2026-04-30T13:39:43.601,T1,5_50_100_200_300cm.csv,2362,0.05,0,4.873,-55.3,-74.9,-19.6,194.09,88,15757,17080,12465,20523,862,TRUE,1,4.823,1.0666441022169573,23.808584686774942,4615
2026-04-30T13:39:44.620,T1,5_50_100_200_300cm.csv,2363,0.05,0,4.822,-54.8,-73.3,-18.5,175.07,104,17541,18207,15638,24182,922,TRUE,1,4.772,1.036548973260452,26.227765726681127,2569
2026-04-30T13:39:47.621,T1,5_50_100_200_300cm.csv,2366,0.05,0,7.209,-55.6,-73.5,-17.9,195.17,92,15741,17956,16339,22041,903,TRUE,1,7.159,0.917976381,24.408637873754152,1617
2026-04-30T13:39:49.630,T1,5_50_100_200_300cm.csv,2368,0.05,0,4.625,-55,-73.7,-18.7,182.85,92,15306,16822,14733,20354,850,TRUE,1,4.575,0.9701156710505466,23.945882352941176,2089
2026-04-30T13:39:50.621,T1,5_50_100_200_300cm.csv,2369,0.05,0,5.3,-55.4,-73.7,-18.3,197.5,88,17042,17380,15528,22582,908,TRUE,1,5.25,1.0357359912483286,24.870044052863435,1852
2026-04-30T13:39:51.611,T1,5_50_100_200_300cm.csv,2370,0.05,0,4.329,-55,-73.6,-18.6,180.23,92,15563,16581,14732,20254,849,TRUE,1,4.279,0.9940280394724236,23.85630153121319,1849
2026-04-30T13:39:52.631,T1,5_50_100_200_300cm.csv,2371,0.05,0,4.662,-55.4,-75.1,-19.7,168.58,92,17158,15509,12332,20437,863,TRUE,1,4.612,1.2325706691569986,23.681344148319816,3177
2026-04-30T13:39:53.619,T1,5_50_100_200_300cm.csv,2372,0.05,0,4.31,-55.3,-74.4,-19,134.92,128,16560,17270,14460,22218,898,TRUE,1,4.26,1.0438071225969114,24.741648106904233,2810
2026-04-30T13:39:54.611,T1,5_50_100_200_300cm.csv,2373,0.05,0,4.883,-55,-72.8,-17.8,207.36,84,16794,17418,14711,20898,863,TRUE,1,4.833,1.0454106881633416,24.21552723059096,2707
2026-04-30T13:39:55.629,T1,5_50_100_200_300cm.csv,2374,0.05,0,7.336,-55.1,-75.3,-20.2,134.48,128,16199,17213,12712,22163,890,TRUE,1,7.286,1.0826399331662488,24.902247191011234,4501
2026-04-30T13:39:58.631,T1,5_50_100_200_300cm.csv,2377,0.05,0,7.734,-55.1,-75.2,-20,211.17,84,14921,17738,13906,22265,893,TRUE,1,7.684,0.9430539754771836,24.932810750279955,3832
2026-04-30T13:39:59.620,T1,5_50_100_200_300cm.csv,2378,0.05,0,4.278,-55.3,-76.3,-21,172.65,92,17467,15884,9257,20913,872,TRUE,1,4.228,1.3895230897736766,23.982798165137616,6627
2026-04-30T13:40:00.609,T1,5_50_100_200_300cm.csv,2379,0.05,0,7.064,-56,-75.9,-19.9,194.26,84,17281,16318,10665,20427,883,TRUE,1,7.014,1.2808805544231554,23.133635334088336,5653
2026-04-30T13:40:01.630,T1,5_50_100_200_300cm.csv,2380,0.05,0,4.264,-55,-74.4,-19.5,181.38,96,14537,17412,14753,21416,872,TRUE,1,4.214,0.9039017565676978,24.559633027522935,2659
2026-04-30T13:40:03.639,T1,5_50_100_200_300cm.csv,2382,0.05,0,4.268,-55,-72.8,-17.8,148.12,120,16890,17774,15679,22106,886,TRUE,1,4.218,1.009774908079993,24.950338600451467,2095
2026-04-30T13:40:04.628,T1,5_50_100_200_300cm.csv,2383,0.05,0,7.298,-55.6,-74.1,-18.5,131.16,116,16449,15214,16213,20917,881,TRUE,1,7.248,1.0468068857988353,23.74233825198638,999
2026-04-30T13:40:05.618,T1,5_50_100_200_300cm.csv,2384,0.05,0,7.336,-55.9,-75.7,-19.8,162.64,92,16915,14963,12445,19913,868,TRUE,1,7.286,1.2343111500291886,22.941244239631338,2518
2026-04-30T13:40:06.640,T1,5_50_100_200_300cm.csv,2385,0.05,0,7.35,-55.3,-77.1,-21.9,170.55,100,15008,17055,9826,21160,875,TRUE,1,7.3,1.1166251255533648,24.18285714285714,7229
2026-04-30T13:40:07.658,T1,5_50_100_200_300cm.csv,2386,0.05,0,4.329,-55.1,-73.1,-18,188.7,88,15623,16606,15244,19932,844,TRUE,1,4.279,0.9810361067503924,23.61611374407583,1362
2026-04-30T13:40:09.640,T1,5_50_100_200_300cm.csv,2388,0.05,0,7.293,-54.9,-72.7,-17.8,207.11,84,16186,17397,15853,21339,868,TRUE,1,7.243,0.973593985,24.58410138248848,1544
2026-04-30T13:40:12.639,T1,5_50_100_200_300cm.csv,2391,0.05,0,7.434,-55.5,-73.9,-18.5,167.24,100,16639,16724,15491,21758,893,TRUE,1,7.384,1.0329970510631694,24.365061590145576,1233
2026-04-30T13:40:14.650,T1,5_50_100_200_300cm.csv,2393,0.05,0,4.414,-55.5,-76.5,-21,147.35,108,17193,15914,8404,20151,861,TRUE,1,4.364,1.4140143103873675,23.40418118466899,7510
2026-04-30T13:40:15.638,T1,5_50_100_200_300cm.csv,2394,0.05,0,4.794,-54.9,-74.5,-19.6,181,96,15271,17376,13334,21052,863,TRUE,1,4.744,0.9945294692282645,24.393974507531865,4042
2026-04-30T13:40:17.648,T1,5_50_100_200_300cm.csv,2396,0.05,0,4.306,-55.2,-73.2,-18,195.85,92,17124,18018,15694,22862,906,TRUE,1,4.256,1.0158993830090175,25.233995584988964,2324
2026-04-30T13:40:18.637,T1,5_50_100_200_300cm.csv,2397,0.05,0,7.748,-55.1,-74.8,-19.8,133.93,132,15924,17679,13811,22615,898,TRUE,1,7.698,1.011368688472531,25.183741648106903,3868
2026-04-30T13:40:20.649,T1,5_50_100_200_300cm.csv,2399,0.05,0,4.4,-55.9,-73.8,-17.9,132.52,124,14061,16432,16200,19208,851,TRUE,1,4.3500000000000005,0.8617921059083109,22.571092831962396,232
2026-04-30T13:40:29.677,T1,5_50_100_200_300cm.csv,2408,0.05,0,4.733,-54.9,-73,-18,191.42,92,17022,17611,14854,21757,877,TRUE,1,4.683,1.0486369936855076,24.808437856328393,2757
2026-04-30T13:40:30.637,T1,5_50_100_200_300cm.csv,2409,0.05,0,4.915,-56.1,-73.2,-17.1,224.08,76,15735,17030,15451,19295,859,TRUE,1,4.865,0.9688741110187494,22.462165308498253,1579
2026-04-30T13:40:32.649,T1,5_50_100_200_300cm.csv,2411,0.05,0,7.49,-54.9,-75.1,-20.1,175.09,100,15957,17509,13109,22453,891,TRUE,1,7.44,1.0423280423280423,25.199775533108866,4400
2026-04-30T13:40:33.640,T1,5_50_100_200_300cm.csv,2412,0.05,0,4.718,-55.1,-74.6,-19.5,161.03,108,14607,17391,14341,21137,870,TRUE,1,4.668,0.9206479263834615,24.295402298850576,3050
2026-04-30T13:40:38.677,T1,5_50_100_200_300cm.csv,2417,0.05,0,4.958,-64.3,-85.6,-21.3,181.45,20,3847,3629,2773,1185,283,TRUE,1,4.908,1.2018119337706967,4.187279151943463,856
2026-04-30T13:06:06.251,T1,5_50_100_200_300cm.csv,346,1,0,5.53,-67.3,-96.4,-29.1,100.74,68,5676,6850,5260,23473,1397,TRUE,1,4.53,0.9374071015689512,16.802433786685754,1590
2026-04-30T13:06:08.261,T1,5_50_100_200_300cm.csv,348,1,0,5.882,-67.3,-97.5,-30.2,82.88,76,4421,6299,3935,21361,1331,TRUE,1,4.882,0.863982802,16.04883546,2364
2026-04-30T13:06:10.240,T1,5_50_100_200_300cm.csv,350,1,0,8.574,-65.2,-94.9,-29.6,51.86,80,7413,4149,5131,17627,1127,TRUE,1,7.574,1.5976293103448276,15.640638864241348,982
2026-04-30T13:06:11.261,T1,5_50_100_200_300cm.csv,351,1,0,5.797,-69.8,-98.4,-28.6,74.09,80,4766,5927,6171,28339,1674,TRUE,1,4.797,0.7878988262522731,16.928912783751493,244
2026-04-30T13:06:12.250,T1,5_50_100_200_300cm.csv,352,1,0,6.135,-69.5,-89.4,-19.9,168.55,108,15184,18203,11942,26474,1602,TRUE,1,5.135,1.007397578371206,16.525593008739076,6261
2026-04-30T13:06:23.291,T1,5_50_100_200_300cm.csv,363,1,0,5.413,-70.5,-97.8,-27.4,95.38,72,2041,6867,7730,27393,1683,TRUE,1,4.413,0.27964650270603547,16.276292335115865,863
2026-04-30T13:06:24.252,T1,5_50_100_200_300cm.csv,364,1,0,7.931,-69.3,-99.9,-30.5,52.54,100,3146,5254,4632,25182,1552,TRUE,1,6.931,0.6364555937689662,16.225515463917525,622
2026-04-30T13:06:25.271,T1,5_50_100_200_300cm.csv,365,1,0,5.478,-68.9,-97.2,-28.2,72.4,112,5306,8109,7180,34121,1781,TRUE,1,4.478,0.6940937929230165,19.158338012352612,929
2026-04-30T13:06:26.261,T1,5_50_100_200_300cm.csv,366,1,0,5.854,-70.2,-98.7,-28.4,86.98,84,1153,7306,6145,28099,1691,TRUE,1,4.854,0.17143706787599436,16.61679479597871,1161
2026-04-30T13:06:27.251,T1,5_50_100_200_300cm.csv,367,1,0,5.483,-72.5,-99.2,-26.7,47.86,108,2976,5169,9140,34652,2028,TRUE,1,4.483,0.4159619819693899,17.086785009861934,3971
2026-04-30T13:06:30.250,T1,5_50_100_200_300cm.csv,370,1,0,5.882,-67.4,-93.5,-26.1,91.95,88,9400,8092,7547,23915,1415,TRUE,1,4.882,1.2021228978834964,16.901060070671377,545
2026-04-30T13:06:31.270,T1,5_50_100_200_300cm.csv,371,1,0,5.91,-66.7,-98.7,-32,63.47,100,346,6347,6691,33335,1629,TRUE,1,4.91,0.053075625,20.463474524248007,344
2026-04-30T13:06:34.301,T1,5_50_100_200_300cm.csv,374,1,0,8.64,-68.1,-98.1,-30,54.97,88,4448,4837,6624,27012,1538,TRUE,1,7.640000000000001,0.7761975394817207,17.56306892,1787
2026-04-30T13:06:35.290,T1,5_50_100_200_300cm.csv,375,1,0,5.816,-66.8,-97.2,-30.4,65.08,84,6490,5467,3351,22687,1350,TRUE,1,4.816,1.4719891131775913,16.805185185185184,2116
2026-04-30T13:06:36.250,T1,5_50_100_200_300cm.csv,376,1,0,5.577,-68.1,-96.5,-28.4,46.86,84,6246,3936,6290,19984,1326,TRUE,1,4.577,1.221592020340309,15.070889894419306,2354
2026-04-30T13:06:37.270,T1,5_50_100_200_300cm.csv,377,1,0,5.422,-67.6,-98,-30.4,72.6,68,4558,4937,3038,17032,1202,TRUE,1,4.422,1.1430721003134796,14.169717138103161,1899
2026-04-30T13:06:38.260,T1,5_50_100_200_300cm.csv,378,1,0,6.379,-71.7,-100.6,-28.9,52.04,68,1735,3539,2288,8847,997,TRUE,1,5.379,0.5955036897202677,8.873620862587764,1251
2026-04-30T13:06:39.252,T1,5_50_100_200_300cm.csv,379,1,0,5.9,-69,-98.1,-29.1,45.25,104,4835,4706,7252,28637,1634,TRUE,1,4.9,0.8086636561297876,17.525703794369644,2546
2026-04-30T13:06:40.270,T1,5_50_100_200_300cm.csv,380,1,0,6.956,-76.8,-101,-24.1,51.96,28,722,1455,969,1169,433,TRUE,1,5.956,0.5957095709570958,2.699769053117783,486
2026-04-30T13:06:41.260,T1,5_50_100_200_300cm.csv,381,1,0,7.153,-72.3,-99.1,-26.8,42.32,60,2862,2539,3098,7108,913,TRUE,1,6.153,1.0154337413517829,7.785323110624315,559
2026-04-30T13:06:42.252,T1,5_50_100_200_300cm.csv,382,1,0,7.054,-75.3,-99.9,-24.6,50.44,32,973,1614,1496,1639,487,TRUE,1,6.054,0.6257234726688103,3.3655030800821355,118
2026-04-30T13:06:43.273,T1,5_50_100_200_300cm.csv,383,1,0,5.99,-67.9,-98.8,-30.9,57.23,116,3271,6639,5052,29243,1592,TRUE,1,4.99,0.559575742,18.368718592964825,1587
2026-04-30T13:06:44.261,T1,5_50_100_200_300cm.csv,384,1,0,5.394,-69.3,-97.7,-28.4,37.05,136,6397,5039,7960,33572,1787,TRUE,1,4.394,0.9842295561197015,18.786793508673753,2921
2026-04-30T13:06:45.281,T1,5_50_100_200_300cm.csv,385,1,0,7.725,-69.3,-97.9,-28.6,66.8,80,6271,5344,6907,31195,1727,TRUE,1,6.725,1.0237531630071015,18.063115228720324,1563
2026-04-30T13:06:46.270,T1,5_50_100_200_300cm.csv,386,1,0,5.896,-68,-97.1,-29.1,38.57,88,7538,3394,7107,29077,1591,TRUE,1,4.896,1.435672793067327,18.27592708988058,3713
2026-04-30T13:06:47.262,T1,5_50_100_200_300cm.csv,387,1,0,5.624,-67.7,-96.6,-28.9,73.47,72,5776,5290,5208,20027,1307,TRUE,1,4.624,1.1004000762049915,15.322876817138486,82
2026-04-30T13:06:49.269,T1,5_50_100_200_300cm.csv,389,1,0,6.327,-65.8,-98.8,-33.1,36.18,72,3487,2605,4234,15855,1088,TRUE,1,5.327,1.019739728030414,14.572610294117647,1629
2026-04-30T13:06:50.290,T1,5_50_100_200_300cm.csv,390,1,0,6.491,-99.8,-108.4,-8.6,10.12,8,139,81,168,3,125,TRUE,1,5.491,1.1164658634538152,0.024,87
2026-04-30T13:06:51.308,T1,5_50_100_200_300cm.csv,391,1,0,8.757,-69.5,-97.7,-28.2,79.4,84,4787,6670,4317,21945,1458,TRUE,1,7.757,0.8713934650040958,15.051440329218106,2353
2026-04-30T13:06:52.270,T1,5_50_100_200_300cm.csv,392,1,0,5.99,-70.3,-95.1,-24.8,62.27,128,12726,7970,8833,40028,2021,TRUE,1,4.99,1.514729512587038,19.80603661553686,863
2026-04-30T13:06:54.281,T1,5_50_100_200_300cm.csv,394,1,0,5.886,-67.5,-94,-26.5,79.62,84,11735,6688,6970,28663,1553,TRUE,1,4.886,1.7184067945526431,18.456535737282678,282
2026-04-30T13:06:55.269,T1,5_50_100_200_300cm.csv,395,1,0,5.933,-65.4,-94.9,-29.5,56.12,88,8492,4939,5582,22697,1286,TRUE,1,4.933,1.6142952190856383,17.649300155520994,643
2026-04-30T13:06:56.320,T1,5_50_100_200_300cm.csv,396,1,0,5.525,-66.4,-95.8,-29.5,56.19,116,8685,6518,6315,32567,1593,TRUE,1,4.525,1.3535416504324789,20.443816698053986,203
2026-04-30T13:06:57.281,T1,5_50_100_200_300cm.csv,397,1,0,5.886,-66.3,-96.6,-30.2,76.17,76,6296,5789,5063,24107,1369,TRUE,1,4.886,1.1603391079985257,17.609203798392986,726
2026-04-30T13:06:59.289,T1,5_50_100_200_300cm.csv,399,1,0,6.008,-67.7,-99,-31.3,43.49,104,2151,4523,5797,23073,1403,TRUE,1,5.008,0.41686046511627906,16.445473984319317,1274
2026-04-30T13:07:00.279,T1,5_50_100_200_300cm.csv,400,1,0,6.008,-67.7,-96.8,-29,73.93,68,3816,5027,6744,19880,1305,TRUE,1,5.008,0.6483731203805964,15.233716475095786,1717
2026-04-30T13:07:05.290,T1,5_50_100_200_300cm.csv,405,1,0,6.693,-68,-99,-31,26.58,100,4352,2658,5587,21676,1375,TRUE,1,5.693,1.0556701030927835,15.764363636363637,2929
2026-04-30T13:07:17.289,T1,5_50_100_200_300cm.csv,417,1,0,5.347,-66.9,-99.1,-32.2,70.36,76,2510,5347,3637,20479,1288,TRUE,1,4.347,0.5587711487088157,15.899844720496894,1710
2026-04-30T13:07:18.310,T1,5_50_100_200_300cm.csv,418,1,0,5.492,-67.4,-98.2,-30.8,38.16,104,6273,3969,5853,29706,1574,TRUE,1,4.492,1.2773365913255956,18.872935196950444,1884
2026-04-30T13:07:19.300,T1,5_50_100_200_300cm.csv,419,1,0,5.506,-67.2,-99.6,-32.4,58.4,92,2495,5373,3545,22082,1348,TRUE,1,4.506,0.5595424983180085,16.381305637982194,1828
2026-04-30T13:07:20.321,T1,5_50_100_200_300cm.csv,420,1,0,7.795,-68.6,-98.6,-30,40.53,112,5020,4539,6656,30030,1651,TRUE,1,6.795,0.8968289414917374,18.188976377952756,2117
2026-04-30T13:07:21.310,T1,5_50_100_200_300cm.csv,421,1,0,7.866,-67.3,-97.2,-29.9,28.44,100,6953,2844,6228,25459,1454,TRUE,1,6.866,1.532848324514991,17.509628610729024,3384
2026-04-30T13:07:22.298,T1,5_50_100_200_300cm.csv,422,1,0,8.738,-67.5,-98.9,-31.4,47.75,108,3540,5157,5033,24726,1443,TRUE,1,7.738,0.6947988223748773,17.135135135135137,124
2026-04-30T13:07:25.298,T1,5_50_100_200_300cm.csv,425,1,0,8.368,-67.2,-99.2,-32.1,60.7,104,2584,6313,4530,28721,1538,TRUE,1,7.368,0.47662086138522547,18.674252275682704,1783
2026-04-30T13:07:27.310,T1,5_50_100_200_300cm.csv,427,1,0,5.83,-67.6,-98.3,-30.8,52.38,104,4912,5447,6636,33089,1673,TRUE,1,4.83,0.8130431184308533,19.778242677824267,1189
2026-04-30T13:07:29.288,T1,5_50_100_200_300cm.csv,429,1,0,7.73,-67.9,-98.3,-30.3,40.63,104,5439,4226,7675,34472,1730,TRUE,1,6.73,0.9140408369044618,19.92601156069364,3449
2026-04-30T13:07:30.308,T1,5_50_100_200_300cm.csv,430,1,0,5.877,-68.3,-98.8,-30.5,67.05,84,1324,5632,5574,23166,1436,TRUE,1,4.877,0.23630198108156344,16.132311977715876,58
2026-04-30T13:07:31.300,T1,5_50_100_200_300cm.csv,431,1,0,8.621,-68,-100.2,-32.2,59.43,96,1365,5705,4051,25736,1500,TRUE,1,7.621,0.27982779827798276,17.157333333333334,1654
2026-04-30T13:07:33.340,T1,5_50_100_200_300cm.csv,433,1,0,6.341,-71.8,-100.7,-28.9,46.64,36,1197,1679,2052,3690,647,TRUE,1,5.341,0.6416510318949343,5.703245749613601,373
2026-04-30T13:07:34.328,T1,5_50_100_200_300cm.csv,434,1,0,8.382,-66.3,-99,-32.7,53.88,72,3008,3879,5043,21164,1280,TRUE,1,7.382,0.6742882761712621,16.534375,1164
2026-04-30T13:07:36.308,T1,5_50_100_200_300cm.csv,436,1,0,5.807,-67.9,-100.1,-32.2,74.17,76,1198,5637,3637,23131,1415,TRUE,1,4.807,0.25835669613974555,16.346996466431097,2000
2026-04-30T13:07:37.298,T1,5_50_100_200_300cm.csv,437,1,0,6.018,-68.1,-99.1,-31,62.82,84,1352,5277,4093,17993,1258,TRUE,1,5.018,0.28858057630736395,14.302861685214626,1184
2026-04-30T13:07:38.320,T1,5_50_100_200_300cm.csv,438,1,0,5.83,-69.5,-98.4,-28.9,29.33,96,4920,2816,6599,22948,1490,TRUE,1,4.83,1.0451407328730749,15.401342281879195,3783
2026-04-30T13:07:40.358,T1,5_50_100_200_300cm.csv,440,1,0,5.929,-68.8,-98.3,-29.5,46.45,88,4908,4088,6732,26570,1566,TRUE,1,4.929,0.9072088724584103,16.966794380587483,2644
2026-04-30T13:07:43.329,T1,5_50_100_200_300cm.csv,443,1,0,5.347,-68.1,-99.1,-31,50.76,80,3502,4061,6047,25273,1490,TRUE,1,4.347,0.6929165017807677,16.961744966442954,1986
2026-04-30T13:07:45.311,T1,5_50_100_200_300cm.csv,445,1,0,5.99,-68.8,-99.6,-30.8,44.24,116,3282,5132,5778,29336,1645,TRUE,1,4.99,0.6016498625114574,17.833434650455928,646
2026-04-30T13:07:47.318,T1,5_50_100_200_300cm.csv,447,1,0,5.469,-68.7,-99.1,-30.4,47.1,104,3732,4898,6560,30392,1668,TRUE,1,4.469,0.6514225868388899,18.22062350119904,1662
2026-04-30T13:07:48.310,T1,5_50_100_200_300cm.csv,448,1,0,5.863,-68.6,-98.6,-30,35.57,108,4327,3842,6430,25040,1511,TRUE,1,4.863,0.8424844236760125,16.57180675049636,2588
2026-04-30T13:07:51.310,T1,5_50_100_200_300cm.csv,451,1,0,5.441,-68.7,-99.1,-30.4,59.63,112,1537,6679,5484,28809,1624,TRUE,1,4.441,0.2527337005672943,17.739532019704434,1195
2026-04-30T13:07:52.330,T1,5_50_100_200_300cm.csv,452,1,0,5.807,-68,-98.7,-30.8,58.82,84,3028,4941,6068,25467,1488,TRUE,1,4.807,0.5500953765101281,17.114919354838708,1127
2026-04-30T13:07:53.348,T1,5_50_100_200_300cm.csv,453,1,0,5.408,-68.4,-99.1,-30.6,64.3,84,1790,5401,5384,23097,1440,TRUE,1,4.408,0.3319425127491887,16.039583333333333,17
2026-04-30T13:07:54.308,T1,5_50_100_200_300cm.csv,454,1,0,6.313,-76.2,-101.2,-25,58.21,28,601,1630,974,1428,468,TRUE,1,5.313,0.46159754224270355,3.051282051282051,656
2026-04-30T13:07:57.396,T1,5_50_100_200_300cm.csv,457,1,0,6.848,-72.2,-100.1,-27.8,60.16,44,643,2647,2037,4228,703,TRUE,1,5.848,0.2745516652433817,6.014224751066856,610
2026-04-30T13:07:58.328,T1,5_50_100_200_300cm.csv,458,1,0,6.867,-76.5,-101.4,-24.9,53.82,28,501,1507,1050,1345,459,TRUE,1,5.867,0.39186546734454436,2.9302832244008714,457
2026-04-30T13:07:59.319,T1,5_50_100_200_300cm.csv,459,1,0,5.394,-68.6,-99.2,-30.7,63.66,88,2198,5602,5614,26233,1542,TRUE,1,4.394,0.39194008559201143,17.012321660181584,12
2026-04-30T13:08:00.309,T1,5_50_100_200_300cm.csv,460,1,0,5.441,-68.7,-100.2,-31.5,57.21,112,2826,6408,3690,30064,1656,TRUE,1,4.441,0.5597147950089126,18.154589371980677,2718
2026-04-30T13:08:01.329,T1,5_50_100_200_300cm.csv,461,1,0,5.975,-68.2,-98.4,-30.2,37.9,92,5010,3487,6909,27654,1564,TRUE,1,4.975,0.9638322431704501,17.68158567774936,3422
2026-04-30T13:08:04.328,T1,5_50_100_200_300cm.csv,464,1,0,5.929,-68.2,-98.4,-30.2,32.93,112,5725,3688,7706,34941,1759,TRUE,1,4.929,1.004914867474109,19.864127345082434,4018
2026-04-30T13:08:05.318,T1,5_50_100_200_300cm.csv,465,1,0,6.82,-73.3,-100.5,-27.2,59.02,44,862,2597,1622,3815,692,TRUE,1,5.82,0.4086276368807774,5.513005780346821,975
2026-04-30T13:08:06.337,T1,5_50_100_200_300cm.csv,466,1,0,5.558,-68.5,-98.9,-30.4,64.39,104,2277,6697,6628,33931,1749,TRUE,1,4.558,0.3417636022514071,19.400228702115495,69
2026-04-30T13:08:07.329,T1,5_50_100_200_300cm.csv,467,1,0,5.305,-65.1,-94.4,-29.3,23.64,84,9828,1986,2924,17681,1122,TRUE,1,4.305,4.003258655804481,15.758467023172905,938
2026-04-30T13:08:10.329,T1,5_50_100_200_300cm.csv,470,1,0,5.816,-70.3,-96,-25.7,107.35,80,7018,8588,6780,27440,1676,TRUE,1,4.816,0.9133263925039042,16.372315035799524,1808
2026-04-30T13:08:11.319,T1,5_50_100_200_300cm.csv,471,1,0,5.521,-70.3,-98.3,-28,32.14,80,5591,2571,5555,18977,1393,TRUE,1,4.521,1.3760767905488556,13.623115577889447,2984
2026-04-30T13:08:12.339,T1,5_50_100_200_300cm.csv,472,1,0,5.849,-72.2,-97.9,-25.7,51.64,92,4640,4751,6938,20403,1544,TRUE,1,4.849,0.7939088031482591,13.214378238341968,2187
2026-04-30T13:08:14.347,T1,5_50_100_200_300cm.csv,474,1,0,8.011,-71.4,-94.8,-23.4,100.11,84,8012,8409,9119,25265,1671,TRUE,1,7.010999999999999,0.9141944317663168,15.119688809096349,710
2026-04-30T13:08:15.339,T1,5_50_100_200_300cm.csv,475,1,0,5.445,-67.1,-96.4,-29.3,69.22,64,8302,4430,4259,23674,1392,TRUE,1,4.445,1.9109218552192426,17.007183908045977,171
2026-04-30T13:08:16.327,T1,5_50_100_200_300cm.csv,476,1,0,5.966,-67.5,-96.3,-28.8,68.31,96,7652,6558,4273,25303,1460,TRUE,1,4.966,1.4129812575016156,17.33082191780822,2285
2026-04-30T13:08:17.377,T1,5_50_100_200_300cm.csv,477,1,0,6.487,-68.1,-98.5,-30.4,65.95,100,1713,6595,5751,26932,1539,TRUE,1,5.487,0.2774987850315892,17.49967511,844
2026-04-30T13:08:20.347,T1,5_50_100_200_300cm.csv,480,1,0,5.863,-70.5,-95.7,-25.3,91.79,108,8353,9913,6025,31169,1795,TRUE,1,4.863,1.048186723553771,17.364345403899723,3888
2026-04-30T13:08:21.338,T1,5_50_100_200_300cm.csv,481,1,0,5.441,-67.9,-98.2,-30.3,64.77,88,4078,5700,4416,22111,1386,TRUE,1,4.441,0.8062475286674575,15.953102453102453,1284
2026-04-30T13:08:22.329,T1,5_50_100_200_300cm.csv,482,1,0,5.431,-67.3,-99.1,-31.8,54.36,96,1100,5219,7409,33938,1678,TRUE,1,4.431,0.17421602787456447,20.225268176400476,2190
2026-04-30T13:08:23.347,T1,5_50_100_200_300cm.csv,483,1,0,6.787,-72.1,-99.1,-27.1,33.62,40,2449,1345,2191,3739,657,TRUE,1,5.787,1.385180995475113,5.691019786910198,846
2026-04-30T13:08:28.356,T1,5_50_100_200_300cm.csv,488,1,0,5.422,-68.3,-98.7,-30.4,57.41,124,3742,7119,4357,29421,1619,TRUE,1,4.422,0.6521436040432206,18.172328597899938,2762
2026-04-30T13:08:29.348,T1,5_50_100_200_300cm.csv,489,1,0,6.13,-68.2,-98.2,-30,86.32,72,3427,6215,3770,20349,1341,TRUE,1,5.13,0.6864296444667001,15.174496644295303,2445
2026-04-30T13:08:30.368,T1,5_50_100_200_300cm.csv,490,1,0,5.854,-67.4,-98.6,-31.2,86.76,76,3408,6594,4680,27935,1531,TRUE,1,4.854,0.6045769026077701,18.246244284781188,1914
2026-04-30T13:08:31.357,T1,5_50_100_200_300cm.csv,491,1,0,6.36,-77.5,-101.1,-23.6,47.67,24,682,1144,1163,996,409,TRUE,1,5.36,0.5912440398786303,2.435207824,19
2026-04-30T13:08:32.348,T1,5_50_100_200_300cm.csv,492,1,0,5.441,-68.2,-98,-29.8,100.82,72,2422,7259,5958,28152,1578,TRUE,1,4.441,0.3664976923658924,17.840304182509506,1301
2026-04-30T13:08:33.338,T1,5_50_100_200_300cm.csv,493,1,0,5.83,-67.3,-98.7,-31.4,73,92,3173,6716,4060,26685,1488,TRUE,1,4.83,0.5889012620638456,17.933467741935484,2656
2026-04-30T13:08:34.387,T1,5_50_100_200_300cm.csv,494,1,0,5.596,-66.6,-99.2,-32.7,56.05,108,610,6053,5893,31932,1589,TRUE,1,4.596,0.1021262347229198,20.09565764631844,160
2026-04-30T13:08:35.348,T1,5_50_100_200_300cm.csv,495,1,0,6.018,-68.2,-98.8,-30.6,77.16,88,3094,6790,5397,30465,1644,TRUE,1,5.018,0.5077541642734061,18.53102189781022,1393
2026-04-30T13:08:36.338,T1,5_50_100_200_300cm.csv,496,1,0,6.853,-90.1,-103.4,-13.3,24.75,12,359,297,400,61,186,TRUE,1,5.853,1.0301291248206599,0.3279569892473118,103
2026-04-30T13:08:37.358,T1,5_50_100_200_300cm.csv,497,1,0,5.915,-67.1,-98.7,-31.6,74.73,84,3374,6277,3683,24350,1414,TRUE,1,4.915,0.6775100401606425,17.22065063649222,2594
2026-04-30T13:08:39.398,T1,5_50_100_200_300cm.csv,499,1,0,5.9,-66.8,-98.4,-31.6,76.64,84,3354,6438,4711,27218,1476,TRUE,1,4.9,0.6016683110592879,18.440379403794037,1727
2026-04-30T13:08:40.358,T1,5_50_100_200_300cm.csv,500,1,0,8.776,-68.1,-98.8,-30.7,64.74,92,3241,5956,4300,23485,1436,TRUE,1,7.776,0.6320202808112324,16.354456824512535,1656
2026-04-30T13:08:41.348,T1,5_50_100_200_300cm.csv,501,1,0,5.385,-69,-97.9,-28.9,66.93,80,3862,5354,3975,16607,1246,TRUE,1,4.385,0.8279558366384393,13.328250401284109,1379
2026-04-30T13:08:44.377,T1,5_50_100_200_300cm.csv,504,1,0,7.997,-68,-98.2,-30.2,72.54,100,3887,7254,4731,28446,1575,TRUE,1,6.997,0.6486441385064664,18.06095238095238,2523
2026-04-30T13:08:46.357,T1,5_50_100_200_300cm.csv,506,1,0,5.483,-68.9,-98.3,-29.4,73.64,84,4722,6186,5877,29096,1645,TRUE,1,4.483,0.7828898284008953,17.687537993920973,309
2026-04-30T13:08:48.367,T1,5_50_100_200_300cm.csv,508,1,0,5.825,-66.7,-98.7,-32,56.73,96,2826,5446,4224,21792,1319,TRUE,1,4.825,0.584488108,16.521607278241092,1222
2026-04-30T13:08:51.366,T1,5_50_100_200_300cm.csv,511,1,0,6.318,-73.3,-100,-26.7,66.11,28,1353,1851,1379,2391,548,TRUE,1,5.318,0.8377708978328173,4.363138686131387,472
2026-04-30T13:08:52.355,T1,5_50_100_200_300cm.csv,512,1,0,5.389,-70,-97.5,-27.5,61.38,96,6863,5892,7224,31752,1786,TRUE,1,4.389,1.0465080817322354,17.778275475923852,1332
2026-04-30T13:08:53.346,T1,5_50_100_200_300cm.csv,513,1,0,5.807,-69.4,-98,-28.6,94.12,88,5110,8283,4851,32476,1769,TRUE,1,4.807,0.7781330896908787,18.35839457,3432
2026-04-30T13:08:54.368,T1,5_50_100_200_300cm.csv,514,1,0,5.582,-64.6,-92.4,-27.8,83.74,72,8936,6029,3846,13970,981,TRUE,1,4.582,1.8098227848101265,14.240570846075434,2183
2026-04-30T13:08:56.377,T1,5_50_100_200_300cm.csv,516,1,0,5.863,-69.3,-98.3,-29,70.23,96,1016,6742,7963,32835,1770,TRUE,1,4.863,0.13818429105746344,18.550847457627118,1221
2026-04-30T13:08:59.377,T1,5_50_100_200_300cm.csv,519,1,0,5.858,-68.1,-93.2,-25,103.38,104,12090,10752,8073,32428,1690,TRUE,1,4.858,1.2844621513944223,19.18816568047337,2679
2026-04-30T13:09:00.397,T1,5_50_100_200_300cm.csv,520,1,0,8.372,-68.1,-95.2,-27.1,78.54,96,10701,7540,7319,35693,1770,TRUE,1,7.372,1.4403391883706844,20.165536723163843,221
2026-04-30T13:09:02.377,T1,5_50_100_200_300cm.csv,522,1,0,5.746,-66.8,-95.6,-28.8,55.38,112,9315,6202,5183,28853,1521,TRUE,1,4.746,1.6363636363636365,18.96975673898751,1019
2026-04-30T13:09:03.366,T1,5_50_100_200_300cm.csv,523,1,0,6.557,-67.4,-91,-23.7,186.03,76,7841,14138,11657,25406,1456,TRUE,1,5.557,0.6079472766039931,17.449175824175825,2481
2026-04-30T13:09:04.386,T1,5_50_100_200_300cm.csv,524,1,0,7.899,-69.2,-97.6,-28.5,85.64,96,6756,8221,5582,37271,1876,TRUE,1,6.899,0.9789176266029124,19.86727078891258,2639
2026-04-30T13:09:05.375,T1,5_50_100_200_300cm.csv,525,1,0,5.417,-66.5,-98.7,-32.2,67.02,64,3500,4289,4919,21798,1311,TRUE,1,4.417,0.7602085143353605,16.62700228832952,630
2026-04-30T13:09:06.367,T1,5_50_100_200_300cm.csv,526,1,0,5.783,-68.8,-98.2,-29.4,50.9,120,5774,6108,6857,35111,1799,TRUE,1,4.783,0.8907057462398766,19.516953863257367,749
2026-04-30T13:09:07.387,T1,5_50_100_200_300cm.csv,527,1,0,5.825,-65.9,-99.5,-33.6,50.63,100,3123,5063,3340,22880,1314,TRUE,1,4.825,0.7433059621563727,17.41248097412481,1723
2026-04-30T13:09:09.367,T1,5_50_100_200_300cm.csv,529,1,0,5.919,-68.2,-98.1,-29.9,77.69,108,5086,8391,5292,38465,1844,TRUE,1,4.919,0.7434042242198349,20.859544468546638,3099
2026-04-30T13:09:10.385,T1,5_50_100_200_300cm.csv,530,1,0,5.445,-68.6,-98.1,-29.6,65.62,108,4195,7087,6521,33279,1739,TRUE,1,4.445,0.616549089,19.13686026451984,566
2026-04-30T13:09:11.375,T1,5_50_100_200_300cm.csv,531,1,0,5.891,-69,-99,-30,61.17,124,5370,7585,4522,38304,1892,TRUE,1,4.891,0.8870901131576774,20.24524312896406,3063
2026-04-30T13:09:12.366,T1,5_50_100_200_300cm.csv,532,1,0,5.919,-68.1,-98.2,-30.1,81.19,88,3539,7145,4808,27274,1548,TRUE,1,4.919,0.592152598,17.61886304909561,2337
2026-04-30T13:09:14.375,T1,5_50_100_200_300cm.csv,534,1,0,5.938,-67.8,-98.8,-31,45.56,108,3791,4920,5470,25392,1479,TRUE,1,4.938,0.729740135,17.168356997971603,550
2026-04-30T13:09:16.385,T1,5_50_100_200_300cm.csv,536,1,0,8.414,-66.1,-98.7,-32.6,56.1,92,3675,5161,2952,20003,1238,TRUE,1,7.414,0.905953408,16.15751211631664,2209
2026-04-30T13:09:17.376,T1,5_50_100_200_300cm.csv,537,1,0,8.621,-68.2,-97.3,-29.1,52.28,124,6656,6483,7518,36149,1785,TRUE,1,7.621,0.9507892293407614,20.251540616246498,1035
2026-04-30T13:09:18.367,T1,5_50_100_200_300cm.csv,538,1,0,6.815,-84.7,-101.4,-16.8,39.5,16,622,632,725,278,277,TRUE,1,5.815,0.9167280766396463,1.0036101083032491,93
2026-04-30T13:09:19.386,T1,5_50_100_200_300cm.csv,539,1,0,6.257,-72.3,-99.6,-27.2,57.65,52,1891,2998,2530,6122,848,TRUE,1,5.257,0.6841534008683068,7.219339623,468
2026-04-30T13:09:20.375,T1,5_50_100_200_300cm.csv,540,1,0,6.581,-70.3,-98.5,-28.3,72.1,88,3947,6345,5747,26016,1629,TRUE,1,5.581,0.6528283162421435,15.970534069981584,598
2026-04-30T13:09:21.397,T1,5_50_100_200_300cm.csv,541,1,0,6.294,-68.4,-98.3,-29.9,67.74,92,4900,6232,6315,32702,1712,TRUE,1,5.294,0.7810632023591296,19.101635514018692,83
2026-04-30T13:09:25.385,T1,5_50_100_200_300cm.csv,545,1,0,5.821,-68.6,-97.9,-29.4,93.57,76,3973,7111,5630,28319,1602,TRUE,1,4.821,0.6236559139784946,17.677278401997505,1481
2026-04-30T13:09:26.377,T1,5_50_100_200_300cm.csv,546,1,0,5.582,-67.8,-98.1,-30.3,52.44,100,4836,5244,6492,29479,1591,TRUE,1,4.582,0.8241308793456033,18.528598365807667,1248
2026-04-30T13:09:29.376,T1,5_50_100_200_300cm.csv,549,1,0,6.304,-68.2,-97.8,-29.6,53,84,5032,4452,6339,24503,1474,TRUE,1,5.304,0.9326290427207858,16.62347354138399,1887
2026-04-30T13:09:30.395,T1,5_50_100_200_300cm.csv,550,1,0,5.53,-68.5,-98,-29.4,82.71,80,3624,6617,5054,24041,1475,TRUE,1,4.53,0.6210264758803873,16.298983050847458,1563
2026-04-30T13:09:31.385,T1,5_50_100_200_300cm.csv,551,1,0,6.027,-68.6,-98.2,-29.6,66.94,100,3778,6694,5703,28009,1597,TRUE,1,5.027,0.6095022989432928,17.538509705698186,991
2026-04-30T13:09:32.376,T1,5_50_100_200_300cm.csv,552,1,0,5.741,-68.7,-97.4,-28.7,46.64,112,6229,5224,7754,31993,1711,TRUE,1,4.741,0.9599321929419017,18.698421975452952,2530
2026-04-30T13:09:33.394,T1,5_50_100_200_300cm.csv,553,1,0,5.807,-68.1,-98.8,-30.7,69.36,100,3794,6936,3987,28337,1576,TRUE,1,4.807,0.6946809484573835,17.98032994923858,2949
2026-04-30T13:09:35.405,T1,5_50_100_200_300cm.csv,555,1,0,6.172,-72.6,-99.1,-26.5,51.7,76,4084,3929,5684,18265,1479,TRUE,1,5.172,0.8496827213148861,12.349560513860716,1755
2026-04-30T13:09:37.414,T1,5_50_100_200_300cm.csv,557,1,0,8.044,-67.4,-98.1,-30.8,70.03,92,3521,6443,5385,27103,1505,TRUE,1,7.0440000000000005,0.5953669259384511,18.008637873754154,1058
2026-04-30T13:09:44.404,T1,5_50_100_200_300cm.csv,564,1,0,5.886,-69.7,-98.2,-28.5,70.42,92,3936,6479,5551,24902,1563,TRUE,1,4.886,0.65436409,15.932181701855406,928
2026-04-30T13:09:45.396,T1,5_50_100_200_300cm.csv,565,1,0,8.64,-67.6,-97.4,-29.8,55.67,84,5343,4676,6517,25387,1468,TRUE,1,7.640000000000001,0.9547038327526133,17.29359673024523,1841
2026-04-30T13:09:46.416,T1,5_50_100_200_300cm.csv,566,1,0,5.858,-68.2,-98.4,-30.3,53.15,104,4431,5528,7070,33205,1712,TRUE,1,4.858,0.7034449912684553,19.395443925233646,1542
2026-04-30T13:09:49.415,T1,5_50_100_200_300cm.csv,569,1,0,8.611,-67.6,-98.3,-30.6,73.39,92,3300,6752,5110,27360,1526,TRUE,1,7.611000000000001,0.556398584,17.929226736566186,1642
2026-04-30T13:09:52.414,T1,5_50_100_200_300cm.csv,572,1,0,8.766,-68.3,-98.3,-30,77.85,84,3356,6539,4506,23688,1452,TRUE,1,7.766,0.6076957899502037,16.31404958677686,2033
2026-04-30T13:09:54.396,T1,5_50_100_200_300cm.csv,574,1,0,5.839,-67.8,-98.3,-30.6,75.07,92,3824,6906,4237,26676,1513,TRUE,1,4.839,0.6863501749977564,17.631196298744218,2669
2026-04-30T13:09:56.403,T1,5_50_100_200_300cm.csv,576,1,0,8.358,-67.9,-97.7,-29.8,48.99,104,5519,5095,7012,30148,1615,TRUE,1,7.358,0.9117039729082349,18.66749226006192,1917
2026-04-30T13:09:58.414,T1,5_50_100_200_300cm.csv,578,1,0,5.732,-68,-97.7,-29.7,67.07,92,5011,6170,7396,33521,1712,TRUE,1,4.732,0.7387586613592806,19.58002336448598,1226
2026-04-30T13:09:59.404,T1,5_50_100_200_300cm.csv,579,1,0,5.807,-68,-97.7,-29.7,62.25,96,5393,5976,7548,34554,1737,TRUE,1,4.807,0.7975451049985212,19.892918825561313,1572
2026-04-30T13:10:01.414,T1,5_50_100_200_300cm.csv,581,1,0,6.942,-74.5,-99.3,-24.8,33.36,28,1280,934,1570,1293,420,TRUE,1,5.942,1.0223642172523961,3.0785714285714287,636
2026-04-30T13:10:02.403,T1,5_50_100_200_300cm.csv,582,1,0,6.632,-67.8,-98,-30.1,58.24,112,4436,6523,6607,32359,1671,TRUE,1,5.632,0.6757044935262757,19.365050867743864,84
2026-04-30T13:10:03.423,T1,5_50_100_200_300cm.csv,583,1,0,5.854,-68.2,-98,-29.8,52.5,88,5777,4620,6446,28561,1588,TRUE,1,4.854,1.0440990421109706,17.98551637279597,1826
2026-04-30T13:10:04.415,T1,5_50_100_200_300cm.csv,584,1,0,5.807,-67.7,-97.9,-30.1,65.96,104,4768,6860,7102,36084,1758,TRUE,1,4.807,0.6829967053430741,20.525597269624573,242
2026-04-30T13:10:05.405,T1,5_50_100_200_300cm.csv,585,1,0,6.051,-67.8,-98.5,-30.7,66.15,108,3966,7144,4958,31578,1647,TRUE,1,5.051,0.6554288547347545,19.17304189435337,2186
2026-04-30T13:10:08.405,T1,5_50_100_200_300cm.csv,588,1,0,5.807,-67.7,-97.8,-30,44.7,104,6072,4649,7317,32983,1681,TRUE,1,4.807,1.0148754805281632,19.621058893515766,2668
2026-04-30T13:10:09.424,T1,5_50_100_200_300cm.csv,589,1,0,6.74,-89.9,-103.7,-13.8,25.42,12,330,305,392,65,187,TRUE,1,5.74,0.9469153515064562,0.34759358288770054,87
2026-04-30T13:10:10.413,T1,5_50_100_200_300cm.csv,590,1,0,8.879,-68.2,-97.7,-29.5,52.25,108,5847,5643,7747,34910,1756,TRUE,1,7.879,0.8733383121732636,19.880410022779042,2104
2026-04-30T13:10:11.405,T1,5_50_100_200_300cm.csv,591,1,0,6.027,-68.6,-98.2,-29.5,67.88,100,4374,6788,6197,31261,1688,TRUE,1,5.027,0.6737004235656526,18.519549763033176,591
2026-04-30T13:10:13.415,T1,5_50_100_200_300cm.csv,593,1,0,7.369,-70,-98.7,-28.7,90.95,76,3486,6912,4640,25425,1596,TRUE,1,6.369,0.6035318559556787,15.930451127819548,2272
2026-04-30T13:10:14.433,T1,5_50_100_200_300cm.csv,594,1,0,5.802,-68.7,-98.3,-29.7,86.29,84,4133,7248,4421,27852,1594,TRUE,1,4.802,0.7083726111920473,17.47302383939774,2827
2026-04-30T13:10:17.402,T1,5_50_100_200_300cm.csv,597,1,0,6.951,-71.5,-99,-27.4,34.85,48,2182,1673,2703,4415,701,TRUE,1,5.951,0.9972577696526508,6.2981455064194005,1030
2026-04-30T13:10:18.424,T1,5_50_100_200_300cm.csv,598,1,0,6.323,-67.4,-99.1,-31.8,67.65,84,3054,5683,3299,21644,1344,TRUE,1,5.323,0.6800267201068805,16.104166666666668,2384
2026-04-30T13:10:19.413,T1,5_50_100_200_300cm.csv,599,1,0,5.985,-67.5,-98.3,-30.8,75.46,80,3542,6037,5016,25166,1457,TRUE,1,4.985,0.6409119696010133,17.27247769389156,1021
2026-04-30T13:11:58.500,T1,5_50_100_200_300cm.csv,698,2,0,9.048,-73.4,-104.8,-31.4,33.77,88,1723,2972,4440,31428,1994,TRUE,1,7.048,0.4649217485159201,15.761283851554664,1468
2026-04-30T13:12:08.492,T1,5_50_100_200_300cm.csv,708,2,0,7.303,-72.3,-103.6,-31.3,44.27,92,1584,4073,3443,25420,1728,TRUE,1,5.303,0.42150079829696646,14.710648148148149,630
2026-04-30T13:12:10.530,T1,5_50_100_200_300cm.csv,710,2,0,7.655,-90,-108.3,-18.3,25.12,8,147,201,254,65,190,TRUE,1,5.655,0.6461538461538462,0.34210526315789475,53
2026-04-30T13:12:12.481,T1,5_50_100_200_300cm.csv,712,2,0,6.688,-71.3,-103.5,-32.2,45.56,100,2346,4556,3143,31022,1844,TRUE,1,4.688,0.6094297960774127,16.823210412147507,1413
2026-04-30T13:12:13.500,T1,5_50_100_200_300cm.csv,713,2,0,6.796,-70.9,-103.9,-33,38.22,112,1474,4281,3608,32170,1852,TRUE,1,4.796,0.3736848776777792,17.370410367170628,673
2026-04-30T13:12:15.510,T1,5_50_100_200_300cm.csv,715,2,0,6.763,-70.8,-103.6,-32.9,38.59,104,1756,4013,3654,29860,1775,TRUE,1,4.763,0.45806704056345376,16.822535211267606,359
2026-04-30T13:12:16.528,T1,5_50_100_200_300cm.csv,716,2,0,9.657,-73.7,-103.5,-29.8,42.38,116,2269,4916,3590,30573,1990,TRUE,1,7.657,0.5335057606395486,15.363316582914573,1326
2026-04-30T13:12:20.489,T1,5_50_100_200_300cm.csv,720,2,0,6.801,-71,-103.5,-32.5,38.9,92,1502,3579,3720,25329,1651,TRUE,1,4.801,0.41156322783943006,15.341611144760751,141
2026-04-30T13:12:22.501,T1,5_50_100_200_300cm.csv,722,2,0,7.716,-88.2,-108.1,-19.8,21.5,12,231,258,176,111,202,TRUE,1,5.716,1.064516129032258,0.5495049504950495,82
2026-04-30T13:12:24.511,T1,5_50_100_200_300cm.csv,724,2,0,6.721,-70.8,-103.7,-32.9,42.26,100,1576,4226,3636,31246,1821,TRUE,1,4.721,0.4009157975069957,17.15870400878638,590
2026-04-30T13:12:26.490,T1,5_50_100_200_300cm.csv,726,2,0,7.505,-73.1,-105,-31.9,35.72,80,1738,2858,2492,18550,1519,TRUE,1,5.505,0.6497196261682243,12.211981566820276,366
2026-04-30T13:12:27.510,T1,5_50_100_200_300cm.csv,727,2,0,9.887,-71.3,-104.2,-32.9,38.54,108,1807,4162,4185,38066,2041,TRUE,1,7.887,0.4329699293159219,18.65066144047036,23
2026-04-30T13:12:28.531,T1,5_50_100_200_300cm.csv,728,2,0,9.095,-72.3,-104.3,-31.9,40.98,104,2592,4262,3299,34097,2002,TRUE,1,7.095000000000001,0.6856235947625975,17.03146853146853,963
2026-04-30T13:12:29.489,T1,5_50_100_200_300cm.csv,729,2,0,6.754,-70.1,-103.6,-33.5,40.35,112,2476,4519,3325,35735,1899,TRUE,1,4.754,0.6313105558388578,18.817798841495524,1194
2026-04-30T13:12:30.511,T1,5_50_100_200_300cm.csv,730,2,0,6.731,-70.4,-104,-33.6,34.67,104,1282,3606,3881,30780,1780,TRUE,1,4.731,0.34246026445839456,17.292134831460675,275
2026-04-30T13:12:31.560,T1,5_50_100_200_300cm.csv,731,2,0,9.17,-70.3,-103.6,-33.3,41.17,108,2065,4446,3389,33117,1840,TRUE,1,7.17,0.5271218889597958,17.99836956521739,1057
2026-04-30T13:12:32.519,T1,5_50_100_200_300cm.csv,732,2,0,7.312,-70.6,-103.6,-33,46,92,1508,4232,3600,30603,1790,TRUE,1,5.312,0.38508682328907046,17.09664804469274,632
2026-04-30T13:12:33.511,T1,5_50_100_200_300cm.csv,733,2,0,6.712,-71.2,-104.1,-32.9,42.58,92,2129,3917,3358,30738,1828,TRUE,1,4.712,0.5852920962199313,16.815098468271334,559
2026-04-30T13:12:36.510,T1,5_50_100_200_300cm.csv,736,2,0,6.862,-71.1,-104.1,-33,38.77,88,1269,3412,3808,27946,1740,TRUE,1,4.862,0.3515235457063712,16.060919540229886,396
2026-04-30T13:12:37.513,T1,5_50_100_200_300cm.csv,737,2,0,7.162,-69.4,-104.1,-34.7,37.14,96,1581,3565,3662,32091,1757,TRUE,1,5.162,0.43752594437525943,18.264655663062037,97
2026-04-30T13:12:38.520,T1,5_50_100_200_300cm.csv,738,2,0,7.115,-72.1,-104.2,-32.1,44.39,96,2310,4261,3529,34530,1998,TRUE,1,5.115,0.5930680359435173,17.28228228228228,732
2026-04-30T13:12:39.508,T1,5_50_100_200_300cm.csv,739,2,0,9.817,-69.8,-104.1,-34.3,37.94,96,1752,3642,3795,33530,1820,TRUE,1,7.817,0.47115772488906815,18.423076923076923,153
2026-04-30T13:12:40.529,T1,5_50_100_200_300cm.csv,740,2,0,6.806,-70.6,-103.6,-33,49.15,84,1540,4129,3558,29838,1765,TRUE,1,4.806,0.4006764667620658,16.905382436260624,571
2026-04-30T13:12:41.520,T1,5_50_100_200_300cm.csv,741,2,0,7.176,-70.6,-103.9,-33.3,42.01,96,3198,4033,2791,33547,1869,TRUE,1,5.176,0.9372801875732708,17.94917067950776,1242
2026-04-30T13:12:42.540,T1,5_50_100_200_300cm.csv,742,2,0,8.78,-71,-103.9,-32.9,45.85,100,2315,4585,3150,34820,1930,TRUE,1,6.779999999999999,0.5985778926955397,18.041450777202073,1435
2026-04-30T13:12:43.529,T1,5_50_100_200_300cm.csv,743,2,0,6.834,-71,-103.6,-32.7,25.14,92,3326,2313,4112,30288,1800,TRUE,1,4.834,1.035330739299611,16.826666666666668,1799
2026-04-30T13:12:44.520,T1,5_50_100_200_300cm.csv,744,2,0,6.96,-71.5,-103.8,-32.3,33.17,96,2465,3184,4045,29437,1806,TRUE,1,4.96,0.6819753769539355,16.29955703211517,861
2026-04-30T13:12:46.530,T1,5_50_100_200_300cm.csv,746,2,0,6.707,-71.4,-103.3,-32,45.76,80,1352,3661,3158,20713,1509,TRUE,1,4.707,0.39653908197682947,13.726308813783962,503
2026-04-30T13:12:48.540,T1,5_50_100_200_300cm.csv,748,2,0,9.517,-70.3,-103.4,-33.1,49.15,84,2976,4129,2533,29107,1726,TRUE,1,7.517,0.8934253977784449,16.863847045191193,1596
2026-04-30T13:12:49.530,T1,5_50_100_200_300cm.csv,749,2,0,8.433,-101.9,-108,-6.1,18.25,8,86,146,187,2,130,TRUE,1,6.433,0.5165165165165165,0.015384615384615385,41
2026-04-30T13:12:52.529,T1,5_50_100_200_300cm.csv,752,2,0,9.845,-71.2,-101.9,-30.6,37.96,84,4285,3189,4283,27703,1736,TRUE,1,7.845000000000001,1.146948608137045,15.95794930875576,1094
2026-04-30T13:12:54.538,T1,5_50_100_200_300cm.csv,754,2,0,6.656,-70.6,-103.3,-32.7,53.88,80,3282,4310,2546,30702,1791,TRUE,1,4.656,0.9574095682613769,17.142378559463985,1764
2026-04-30T13:12:55.529,T1,5_50_100_200_300cm.csv,755,2,0,7.223,-71.5,-103.1,-31.6,49.64,72,1487,3574,3421,20705,1518,TRUE,1,5.223,0.42516082916368836,13.63965744400527,153
2026-04-30T13:12:57.539,T1,5_50_100_200_300cm.csv,757,2,0,6.735,-72.4,-104,-31.6,39.47,120,2012,4737,3590,34995,2036,TRUE,1,4.735,0.48324726792362194,17.18811394891945,1147
2026-04-30T13:12:58.528,T1,5_50_100_200_300cm.csv,758,2,0,7.172,-72.5,-103.9,-31.4,45.77,84,1405,3845,4306,30488,1907,TRUE,1,5.172,0.3447429763219237,15.987414787624541,461
2026-04-30T13:12:59.519,T1,5_50_100_200_300cm.csv,759,2,0,6.918,-73.2,-104.2,-31,48.31,96,1931,4638,3579,33265,2038,TRUE,1,4.918,0.4700012169891688,16.322374877330716,1059
2026-04-30T13:13:00.571,T1,5_50_100_200_300cm.csv,760,2,0,10.23,-73,-103.8,-30.8,47.4,100,2134,4740,3468,32110,1989,TRUE,1,8.23,0.5199805068226121,16.143790849673202,1272
2026-04-30T13:13:01.528,T1,5_50_100_200_300cm.csv,761,2,0,7.322,-70.9,-103.8,-32.9,30.28,112,2213,3391,3641,28060,1728,TRUE,1,5.322,0.6294084186575654,16.238425925925927,250
2026-04-30T13:13:03.539,T1,5_50_100_200_300cm.csv,763,2,0,10.239,-69.9,-103.6,-33.8,30.18,96,2201,2897,3729,26533,1622,TRUE,1,8.239,0.6643525505584063,16.358199753390874,832
2026-04-30T13:13:04.528,T1,5_50_100_200_300cm.csv,764,2,0,6.862,-71.4,-103.7,-32.3,33.71,80,1939,2697,3719,22083,1562,TRUE,1,4.862,0.604426434,14.137644046094751,1022
2026-04-30T13:13:06.539,T1,5_50_100_200_300cm.csv,766,2,0,7.148,-71,-103.7,-32.7,39.53,100,3760,3953,2586,33638,1900,TRUE,1,5.148,1.1500229392873529,17.70421052631579,1367
2026-04-30T13:13:08.549,T1,5_50_100_200_300cm.csv,768,2,0,9.493,-70.5,-103.7,-33.2,34.08,96,2413,3272,4239,32960,1848,TRUE,1,7.493,0.6425242976967115,17.835497835497836,967
2026-04-30T13:13:09.541,T1,5_50_100_200_300cm.csv,769,2,0,7.237,-70.2,-103.3,-33.1,47,96,2893,4512,2883,32503,1817,TRUE,1,5.237,0.782420554,17.888277380297193,1629
2026-04-30T13:13:10.557,T1,5_50_100_200_300cm.csv,770,2,0,6.735,-71,-103.8,-32.7,40.07,100,1958,4007,2904,26283,1681,TRUE,1,4.735,0.5666329040659818,15.635336109458656,1103
2026-04-30T13:13:11.547,T1,5_50_100_200_300cm.csv,771,2,0,9.714,-70.8,-103.7,-33,36.81,96,1717,3534,4081,30148,1784,TRUE,1,7.714,0.4509520682862771,16.89910313901345,547
2026-04-30T13:13:12.538,T1,5_50_100_200_300cm.csv,772,2,0,6.745,-71.5,-103,-31.5,52.53,76,2036,3992,3113,22686,1587,TRUE,1,4.745,0.5731175228712174,14.294896030245747,879
2026-04-30T13:13:13.529,T1,5_50_100_200_300cm.csv,773,2,0,7.026,-71.1,-103,-31.9,47.33,80,2470,3786,4148,29305,1781,TRUE,1,5.026,0.6226367532140157,16.45423919146547,362
2026-04-30T13:13:14.549,T1,5_50_100_200_300cm.csv,774,2,0,6.923,-70.6,-104.3,-33.7,46.38,84,2462,3896,2721,30826,1791,TRUE,1,4.923,0.7441438718452471,17.211613623673927,1175
2026-04-30T13:13:16.557,T1,5_50_100_200_300cm.csv,776,2,0,6.749,-71.7,-102.8,-31.1,55.97,76,1800,4254,3202,22439,1591,TRUE,1,4.749,0.48283261802575106,14.103708359522313,1052
2026-04-30T13:13:17.549,T1,5_50_100_200_300cm.csv,777,2,0,7.157,-72.6,-105.1,-32.5,43.8,84,1203,3679,2999,27384,1813,TRUE,1,5.157,0.36028751123090746,15.104247104247104,680
2026-04-30T13:13:26.547,T1,5_50_100_200_300cm.csv,786,2,0,7.866,-70,-103.7,-33.7,43.54,92,1779,4006,4065,35295,1879,TRUE,1,5.866,0.44083756659645645,18.78392762107504,59
2026-04-30T13:13:27.567,T1,5_50_100_200_300cm.csv,787,2,0,8.902,-69.2,-103.8,-34.6,38.5,76,1884,2926,3102,23301,1487,TRUE,1,6.901999999999999,0.6250829462508295,15.669804976462677,176
2026-04-30T13:13:28.559,T1,5_50_100_200_300cm.csv,788,2,0,7.35,-69.9,-104.5,-34.5,34.38,100,518,3438,3866,31954,1785,TRUE,1,5.35,0.14184008762322015,17.90140056022409,428
2026-04-30T13:13:30.569,T1,5_50_100_200_300cm.csv,790,2,0,9.629,-70.1,-104.3,-34.2,35.75,92,1492,3289,3162,25760,1609,TRUE,1,7.629,0.4625639435746396,16.00994406463642,127
2026-04-30T13:13:32.549,T1,5_50_100_200_300cm.csv,792,2,0,8.03,-71.2,-104.1,-32.9,34.62,104,3321,3600,2127,28487,1759,TRUE,1,6.029999999999999,1.1597695128339445,16.19499715747584,1473
2026-04-30T13:13:34.556,T1,5_50_100_200_300cm.csv,794,2,0,6.745,-70.6,-104.9,-34.3,39.35,92,1444,3620,2665,27494,1694,TRUE,1,4.745,0.4595067621320605,16.230224321133413,955
2026-04-30T13:13:40.557,T1,5_50_100_200_300cm.csv,800,2,0,6.74,-70.5,-104.2,-33.7,27.95,84,1399,2348,3355,19957,1438,TRUE,1,4.74,0.49061897247062947,13.878303198887343,1007
2026-04-30T13:13:41.548,T1,5_50_100_200_300cm.csv,801,2,0,6.745,-70.1,-104.4,-34.2,38.06,100,1571,3806,4076,38090,1960,TRUE,1,4.745,0.3986297893935549,19.433673469387756,270
2026-04-30T13:13:42.568,T1,5_50_100_200_300cm.csv,802,2,0,7.176,-71.7,-104.4,-32.7,32.05,128,1324,4103,4156,36972,2039,TRUE,1,5.176,0.32061992977358034,18.13241785188818,53
2026-04-30T13:13:43.559,T1,5_50_100_200_300cm.csv,803,2,0,7.233,-69.8,-104.1,-34.3,37.08,96,2121,3560,3060,28756,1684,TRUE,1,5.233,0.640785498,17.07600950118765,500
2026-04-30T13:13:45.566,T1,5_50_100_200_300cm.csv,805,2,0,7.293,-71.1,-103.3,-32.2,41.81,80,3146,3345,2340,22197,1549,TRUE,1,5.293,1.1067722075637643,14.329890251775339,1005
2026-04-30T13:13:50.578,T1,5_50_100_200_300cm.csv,810,2,0,6.862,-72.5,-102.3,-29.9,48.84,104,4404,5079,3141,33302,1989,TRUE,1,4.862,1.0715328467153284,16.743086978381097,1938
2026-04-30T13:13:56.576,T1,5_50_100_200_300cm.csv,816,2,0,6.721,-69.7,-104.1,-34.4,31.64,104,1867,3291,3964,32797,1793,TRUE,1,4.721,0.5146795313576844,18.29168990518684,673
2026-04-30T13:13:58.558,T1,5_50_100_200_300cm.csv,818,2,0,7.645,-75.7,-104.4,-28.7,40.16,32,620,1285,1662,3728,745,TRUE,1,5.645,0.4207668815744825,5.004026845637584,377
2026-04-30T13:13:59.605,T1,5_50_100_200_300cm.csv,819,2,0,9.156,-70.9,-103.8,-32.9,51.61,72,2374,3716,2846,26219,1671,TRUE,1,7.156000000000001,0.7235598902773545,15.690604428485937,870
2026-04-30T13:14:01.587,T1,5_50_100_200_300cm.csv,821,2,0,9.582,-70.8,-103.5,-32.6,38.82,92,1814,3571,3940,27798,1717,TRUE,1,7.582000000000001,0.48302489681800026,16.189866045428072,369
2026-04-30T13:14:04.587,T1,5_50_100_200_300cm.csv,824,2,0,7.57,-86.8,-103.3,-16.5,54.35,88,2289,4783,3264,10801,1858,TRUE,1,5.57,0.5689076674537095,5.813240043057051,1519
2026-04-30T13:14:05.578,T1,5_50_100_200_300cm.csv,825,2,0,6.965,-70.7,-103.2,-32.4,45.39,104,3655,4721,2858,36273,1955,TRUE,1,4.965,0.9645071909222852,18.553964194373403,1863
2026-04-30T13:14:06.567,T1,5_50_100_200_300cm.csv,826,2,0,9.263,-70.9,-103.4,-32.5,39.89,76,1787,3032,3995,24592,1619,TRUE,1,7.263,0.5086096484986481,15.189623224212477,963
2026-04-30T13:14:07.588,T1,5_50_100_200_300cm.csv,827,2,0,7.439,-70.8,-103,-32.3,35.58,124,3056,4412,2681,28774,1742,TRUE,1,5.439,0.8616946285069788,16.51779563719862,1731
2026-04-30T13:14:09.567,T1,5_50_100_200_300cm.csv,829,2,0,6.735,-71.9,-103.8,-31.9,36.8,100,1598,3680,3946,27964,1784,TRUE,1,4.735,0.4190925780225544,15.674887892376681,266
2026-04-30T13:14:10.586,T1,5_50_100_200_300cm.csv,830,2,0,7.903,-92.3,-109.8,-17.5,11.5,8,136,92,201,29,165,TRUE,1,5.903,0.9283276450511946,0.17575757575757575,109
2026-04-30T13:14:11.577,T1,5_50_100_200_300cm.csv,831,2,0,9.268,-71.1,-103.7,-32.6,42.58,88,1587,3747,3568,26577,1694,TRUE,1,7.268000000000001,0.43390293916609707,15.688902007083826,179
2026-04-30T13:14:12.596,T1,5_50_100_200_300cm.csv,832,2,0,9.24,-70.7,-104.2,-33.5,30.1,112,1662,3371,4153,33078,1864,TRUE,1,7.24,0.44178628389154706,17.74570815450644,782
2026-04-30T13:14:13.588,T1,5_50_100_200_300cm.csv,833,2,0,6.712,-71.8,-103.4,-31.5,33.22,120,1783,3987,4579,32082,1910,TRUE,1,4.712,0.4162969880924586,16.796858638743455,592
2026-04-30T13:14:14.577,T1,5_50_100_200_300cm.csv,834,2,0,9.789,-71.9,-103.9,-31.9,48.26,76,1958,3668,3439,26157,1731,TRUE,1,7.789,0.5510060503728719,15.110918544194108,229
2026-04-30T13:14:15.596,T1,5_50_100_200_300cm.csv,835,2,0,6.829,-72.4,-103.8,-31.4,38.38,120,1915,4606,3892,34338,2014,TRUE,1,4.829,0.45069428100729586,17.049652432969214,714
2026-04-30T13:14:16.588,T1,5_50_100_200_300cm.csv,836,2,0,7.401,-72.1,-103.3,-31.2,43.35,96,1617,4162,3656,25670,1721,TRUE,1,5.401,0.4136607828089025,14.915746658919232,506
2026-04-30T13:14:17.576,T1,5_50_100_200_300cm.csv,837,2,0,7.444,-72.3,-103.8,-31.6,47.78,96,1649,4587,3989,34439,2008,TRUE,1,5.444,0.3845615671641791,17.15089641434263,598
2026-04-30T13:14:19.585,T1,5_50_100_200_300cm.csv,839,2,0,7.364,-71.5,-104,-32.5,41.26,88,1530,3631,3858,28802,1789,TRUE,1,5.364,0.4085992789424489,16.09949692565679,227
2026-04-30T13:14:22.616,T1,5_50_100_200_300cm.csv,842,2,0,7.612,-74.1,-104.9,-30.8,34.61,44,777,1523,1714,5778,876,TRUE,1,5.612,0.48007414272474513,6.595890410958904,191
2026-04-30T13:14:24.597,T1,5_50_100_200_300cm.csv,844,2,0,9.414,-71.4,-103.9,-32.6,41.95,88,1393,3692,3918,29246,1794,TRUE,1,7.414,0.36609724047306175,16.30211817168339,226
2026-04-30T13:14:25.585,T1,5_50_100_200_300cm.csv,845,2,0,7.322,-73.6,-103.7,-30.1,46.8,104,2721,4867,3048,31034,1996,TRUE,1,5.322,0.6875552747946936,15.548096192384769,1819
2026-04-30T13:14:28.587,T1,5_50_100_200_300cm.csv,848,2,0,7.767,-70.3,-103.7,-33.4,32.24,100,1695,3224,3813,26605,1648,TRUE,1,5.767,0.4817393775756714,16.14381067961165,589
2026-04-30T13:14:30.595,T1,5_50_100_200_300cm.csv,850,2,0,6.778,-71.7,-103.2,-31.5,48.8,92,2562,4490,3068,28243,1785,TRUE,1,4.778,0.6779571315162741,15.822408963585435,1422
2026-04-30T13:14:31.587,T1,5_50_100_200_300cm.csv,851,2,0,7.322,-70.6,-103.7,-33.1,41.48,100,2397,4148,2846,29039,1739,TRUE,1,5.322,0.6854446668573063,16.69867740080506,1302
2026-04-30T13:14:32.576,T1,5_50_100_200_300cm.csv,852,2,0,8.916,-70.4,-103.2,-32.8,36.36,84,2827,3054,3948,28070,1702,TRUE,1,6.916,0.8074835761211082,16.492361927144536,894
2026-04-30T13:14:33.596,T1,5_50_100_200_300cm.csv,853,2,0,6.731,-70.6,-103.8,-33.2,39.74,84,2162,3338,4088,31131,1803,TRUE,1,4.731,0.5822784810126582,17.26622296173045,750
2026-04-30T13:14:34.585,T1,5_50_100_200_300cm.csv,854,2,0,6.778,-71.7,-103.9,-32.2,38.46,84,942,3231,3625,22455,1588,TRUE,1,4.778,0.2747957992998833,14.14042821,394
2026-04-30T13:14:35.606,T1,5_50_100_200_300cm.csv,855,2,0,6.918,-72.3,-103.6,-31.3,51.5,84,1608,4326,3614,28371,1824,TRUE,1,4.918,0.4050377833753149,15.554276315789474,712
2026-04-30T13:14:37.586,T1,5_50_100_200_300cm.csv,857,2,0,7.795,-72.2,-104,-31.7,48.6,88,2965,4277,3409,34704,2013,TRUE,1,5.795,0.7715326567785584,17.239940387481372,868
2026-04-30T13:14:38.606,T1,5_50_100_200_300cm.csv,858,2,0,9.315,-71.4,-103.1,-31.7,50.76,92,2555,4670,3783,33232,1913,TRUE,1,7.315,0.604519106,17.37166753789859,887
2026-04-30T13:14:41.605,T1,5_50_100_200_300cm.csv,861,2,0,9.446,-72.2,-104.1,-31.9,48.47,96,2406,4653,3183,35124,2024,TRUE,1,7.446,0.6140888208269525,17.35375494071146,1470
2026-04-30T13:14:43.585,T1,5_50_100_200_300cm.csv,863,2,0,9.925,-70.4,-104.1,-33.7,28.96,104,2519,3012,4240,34739,1888,TRUE,1,7.925000000000001,0.6947049089906233,18.39989406779661,1228
2026-04-30T13:14:44.577,T1,5_50_100_200_300cm.csv,864,2,0,6.66,-71.3,-104.2,-32.9,38.33,88,1293,3373,3576,26156,1695,TRUE,1,4.66,0.3721398762411858,15.43126843657817,203
2026-04-30T13:14:45.597,T1,5_50_100_200_300cm.csv,865,2,0,6.843,-70.8,-104,-33.2,45.8,76,3382,3481,2156,27966,1718,TRUE,1,4.843,1.199929040269647,16.278230500582072,1325
2026-04-30T13:14:47.636,T1,5_50_100_200_300cm.csv,867,2,0,7.139,-70.9,-103.8,-32.9,30.31,112,2135,3395,4120,31209,1824,TRUE,1,5.139,0.5681969394544245,17.11019736842105,725
2026-04-30T13:14:48.596,T1,5_50_100_200_300cm.csv,868,2,0,6.698,-72,-103.6,-31.6,48.59,96,2892,4665,3342,34650,1993,TRUE,1,4.698,0.7223679280629449,17.385850476668338,1323
2026-04-30T13:14:51.596,T1,5_50_100_200_300cm.csv,871,2,0,7.589,-71.4,-104.8,-33.4,40.06,64,930,2564,2132,13786,1235,TRUE,1,5.589,0.39608177172061326,11.162753036437246,432
2026-04-30T13:14:52.615,T1,5_50_100_200_300cm.csv,872,2,0,7.326,-71.8,-104.6,-32.7,38.41,112,1993,4302,3339,35460,2008,TRUE,1,5.326,0.521659469,17.659362549800797,963
2026-04-30T13:19:18.769,T1,5_50_100_200_300cm.csv,1138,3,0,8.119,-73.3,-107.7,-34.4,27.3,104,1895,2839,2139,31828,1998,TRUE,1,5.119,0.7613499397348332,15.92992992992993,700
2026-04-30T13:19:20.778,T1,5_50_100_200_300cm.csv,1140,3,0,8.513,-70.6,-108.1,-37.6,23,76,888,1748,1758,18153,1374,TRUE,1,5.513,0.506560183,13.21179039,10
2026-04-30T13:19:23.776,T1,5_50_100_200_300cm.csv,1143,3,0,8.762,-76.6,-104.6,-28.1,31.64,28,1009,886,479,1568,497,TRUE,1,5.7620000000000005,1.4783882783882785,3.1549295774647885,407
2026-04-30T13:19:25.788,T1,5_50_100_200_300cm.csv,1145,3,0,10.671,-71,-103.7,-32.7,43.32,68,2727,2946,2077,18533,1410,TRUE,1,7.670999999999999,1.0858052956400557,13.143971631205673,869
2026-04-30T13:19:26.777,T1,5_50_100_200_300cm.csv,1146,3,0,9.226,-73.7,-104,-30.3,37.23,64,2512,2383,1544,11845,1238,TRUE,1,6.226000000000001,1.2793481028775147,9.567851373182553,839
2026-04-30T13:19:27.767,T1,5_50_100_200_300cm.csv,1147,3,0,8.513,-70,-101.8,-31.7,59.57,56,2877,3336,2478,16065,1270,TRUE,1,5.513,0.9896800825593395,12.649606299212598,858
2026-04-30T13:19:28.787,T1,5_50_100_200_300cm.csv,1148,3,0,7.683,-71.2,-112.7,-41.6,12.3,76,966,935,1328,25960,1679,TRUE,1,4.683,0.8537339814405657,15.461584276354973,393
2026-04-30T13:19:30.768,T1,5_50_100_200_300cm.csv,1150,3,0,8.79,-71.3,-102.4,-31.2,41.4,88,3731,3643,2540,22645,1573,TRUE,1,5.789999999999999,1.2068575125343683,14.396058486967577,1103
2026-04-30T13:19:32.807,T1,5_50_100_200_300cm.csv,1152,3,0,11.13,-69.5,-107,-37.5,27.59,56,1782,1545,1220,15383,1221,TRUE,1,8.13,1.2889692585895118,12.5986896,325
2026-04-30T13:19:36.766,T1,5_50_100_200_300cm.csv,1156,3,0,9.601,-76.6,-105.7,-29.1,35,28,281,980,900,1811,535,TRUE,1,6.601000000000001,0.29893617,3.385046728971963,80
2026-04-30T13:19:37.788,T1,5_50_100_200_300cm.csv,1157,3,0,9.521,-72.5,-102.2,-29.7,51.38,72,1904,3699,3349,16747,1412,TRUE,1,6.521000000000001,0.5402951191827469,11.860481586402265,350
2026-04-30T13:19:38.805,T1,5_50_100_200_300cm.csv,1158,3,0,8.766,-70.3,-99.7,-29.4,68.17,72,1141,4908,4780,18610,1379,TRUE,1,5.766,0.23554913294797689,13.495286439448876,128
2026-04-30T13:19:39.827,T1,5_50_100_200_300cm.csv,1159,3,0,8.588,-70.6,-104.1,-33.4,37.69,72,3309,2714,1531,21137,1487,TRUE,1,5.587999999999999,1.5590106007067137,14.214525891055818,1183
2026-04-30T13:19:40.786,T1,5_50_100_200_300cm.csv,1160,3,0,8.696,-70.6,-103.7,-33.1,38.04,72,2137,2739,2037,15242,1263,TRUE,1,5.696,0.894891122,12.068091844813935,702
2026-04-30T13:19:41.807,T1,5_50_100_200_300cm.csv,1161,3,0,10.835,-70.6,-106.8,-36.2,31.6,68,1556,2149,1628,18617,1394,TRUE,1,7.835000000000001,0.8239343394228223,13.355093256814921,521
2026-04-30T13:19:43.788,T1,5_50_100_200_300cm.csv,1163,3,0,8.954,-71.5,-113.4,-41.9,11.63,76,686,884,1298,24317,1643,TRUE,1,5.954000000000001,0.6287809349220899,14.800365185636032,414
2026-04-30T13:19:44.807,T1,5_50_100_200_300cm.csv,1164,3,0,9.611,-71.9,-101.1,-29.2,54.28,80,4173,4342,3253,22390,1599,TRUE,1,6.611000000000001,1.0988808426596446,14.002501563477173,1089
2026-04-30T13:19:45.798,T1,5_50_100_200_300cm.csv,1165,3,0,10.375,-70.6,-114,-43.4,11.07,72,590,797,1150,23292,1557,TRUE,1,7.375,0.6060606060606061,14.959537572254336,353
2026-04-30T13:19:47.776,T1,5_50_100_200_300cm.csv,1167,3,0,8.865,-74.8,-107.2,-32.4,31.75,32,653,1016,797,3294,678,TRUE,1,5.865,0.7203530060672918,4.8584070796460175,219
2026-04-30T13:19:49.815,T1,5_50_100_200_300cm.csv,1169,3,0,10.952,-71.8,-105.3,-33.5,36.57,72,2471,2633,1667,19737,1494,TRUE,1,7.952,1.1493023255813954,13.210843373493976,966
2026-04-30T13:19:50.806,T1,5_50_100_200_300cm.csv,1170,3,0,11.05,-70.5,-102.9,-32.4,41.62,80,3958,3330,1895,23945,1576,TRUE,1,8.05,1.515023923444976,15.193527918781726,1435
2026-04-30T13:19:52.786,T1,5_50_100_200_300cm.csv,1172,3,0,11.538,-69.5,-105.7,-36.2,35.34,68,1866,2403,1832,20451,1406,TRUE,1,8.538,0.8812278630460448,14.54551920341394,571
2026-04-30T13:19:54.796,T1,5_50_100_200_300cm.csv,1174,3,0,11.97,-70.4,-101.2,-30.8,54.21,72,4428,3903,2402,21894,1503,TRUE,1,8.97,1.404599524187153,14.56686626746507,1501
2026-04-30T13:19:55.787,T1,5_50_100_200_300cm.csv,1175,3,0,8.705,-70.8,-105.1,-34.3,36.84,68,2807,2505,1804,22455,1542,TRUE,1,5.705,1.3028544906010675,14.562256809338521,701
2026-04-30T13:19:56.805,T1,5_50_100_200_300cm.csv,1176,3,0,8.973,-70.9,-106.5,-35.6,24.44,68,2340,1662,1244,17176,1353,TRUE,1,5.973000000000001,1.610461114934618,12.694752402069476,418
2026-04-30T13:19:57.796,T1,5_50_100_200_300cm.csv,1177,3,0,8.518,-71.2,-103.3,-32.1,40.71,76,2916,3094,2072,18542,1421,TRUE,1,5.518000000000001,1.1289198606271778,13.048557353976074,1022
2026-04-30T13:19:59.835,T1,5_50_100_200_300cm.csv,1179,3,0,8.827,-70.7,-108,-37.3,30.3,64,1482,1939,1336,19348,1426,TRUE,1,5.827,0.9050381679389313,13.568022440392706,603
2026-04-30T13:20:10.816,T1,5_50_100_200_300cm.csv,1190,3,0,8.414,-70.8,-106.3,-35.5,28.55,76,2337,2170,1355,20431,1470,TRUE,1,5.414,1.3259574468085107,13.898639455782313,815
2026-04-30T13:20:11.807,T1,5_50_100_200_300cm.csv,1191,3,0,7.95,-76.8,-113.8,-37,15.86,72,699,1142,882,16163,1610,TRUE,1,4.95,0.6907114624505929,10.039130434782608,260
2026-04-30T13:20:12.825,T1,5_50_100_200_300cm.csv,1192,3,0,9.962,-70.5,-107.7,-37.1,24.8,76,1690,1885,1453,20107,1444,TRUE,1,6.962,1.0125823846614739,13.924515235457063,432
2026-04-30T13:20:13.817,T1,5_50_100_200_300cm.csv,1193,3,0,7.96,-70.8,-112.6,-41.8,13.54,76,940,1029,1338,27076,1693,TRUE,1,4.96,0.7942543303760033,15.99291199054932,309
2026-04-30T13:20:18.827,T1,5_50_100_200_300cm.csv,1198,3,0,11.079,-70.4,-103.5,-33,36.38,88,3247,3201,2374,23853,1567,TRUE,1,8.079,1.1648430493273543,15.22208040842374,827
2026-04-30T13:20:21.825,T1,5_50_100_200_300cm.csv,1201,3,0,8.823,-71.9,-113.9,-42,14.91,76,635,1133,771,20497,1531,TRUE,1,5.823,0.667016807,13.387981711299805,362
2026-04-30T13:20:22.814,T1,5_50_100_200_300cm.csv,1202,3,0,8.982,-70.7,-106.8,-36.1,24.76,76,1885,1882,1570,18398,1390,TRUE,1,5.981999999999999,1.0921205098493627,13.235971223021583,312
2026-04-30T13:20:23.806,T1,5_50_100_200_300cm.csv,1203,3,0,8.565,-70.7,-109.8,-39.1,19.7,80,1160,1576,1283,20954,1484,TRUE,1,5.5649999999999995,0.8114725428471493,14.119946091644206,293
2026-04-30T13:20:25.817,T1,5_50_100_200_300cm.csv,1205,3,0,7.988,-70.5,-113,-42.4,17.31,80,756,1385,944,27062,1677,TRUE,1,4.988,0.6492056676685273,16.13714967203339,441
2026-04-30T13:20:28.815,T1,5_50_100_200_300cm.csv,1208,3,0,11.163,-70.3,-104.9,-34.6,28.03,88,2644,2467,1993,21655,1486,TRUE,1,8.163,1.1856502242152467,14.572678331090176,474
2026-04-30T13:20:30.825,T1,5_50_100_200_300cm.csv,1210,3,0,8.959,-70.7,-101.1,-30.3,44.01,96,3867,4225,2852,20834,1481,TRUE,1,5.959,1.092835947435354,14.067521944632006,1373
2026-04-30T13:20:42.824,T1,5_50_100_200_300cm.csv,1222,3,0,9.16,-70.7,-113.4,-42.6,17.24,72,542,1241,996,24409,1603,TRUE,1,6.16,0.4845775592311131,15.22707423580786,245
2026-04-30T13:20:43.845,T1,5_50_100_200_300cm.csv,1223,3,0,8.203,-70.9,-113.1,-42.3,13.92,72,510,1002,1279,23637,1585,TRUE,1,5.202999999999999,0.4471722928540114,14.912933753943218,277
2026-04-30T13:20:44.834,T1,5_50_100_200_300cm.csv,1224,3,0,13.1,-70.1,-100.8,-30.8,15,68,5772,1020,1562,18667,1370,TRUE,1,10.1,4.470952749806352,13.625547445255474,542
2026-04-30T13:20:45.825,T1,5_50_100_200_300cm.csv,1225,3,0,8.973,-71,-104.5,-33.5,29.71,80,2853,2377,2286,20912,1499,TRUE,1,5.973000000000001,1.2236757452283937,13.950633755837226,91
2026-04-30T13:20:47.833,T1,5_50_100_200_300cm.csv,1227,3,0,9.184,-71,-104.4,-33.5,31.8,84,1744,2671,3253,22580,1555,TRUE,1,6.183999999999999,0.5887913571910871,14.520900321543408,582
2026-04-30T13:20:49.875,T1,5_50_100_200_300cm.csv,1229,3,0,8.907,-69.9,-107.9,-38,29.06,72,1600,2092,1721,25698,1600,TRUE,1,5.907,0.8392341987936008,16.06125,371
2026-04-30T13:20:50.836,T1,5_50_100_200_300cm.csv,1230,3,0,11.238,-70.8,-104.2,-33.4,35.68,76,2018,2712,2549,18549,1399,TRUE,1,8.238,0.767154533,13.258756254467476,163
2026-04-30T13:20:52.845,T1,5_50_100_200_300cm.csv,1232,3,0,9.221,-70.9,-109.4,-38.5,18.35,88,1738,1615,1223,24437,1613,TRUE,1,6.221,1.2248062015503876,15.150030998140112,392
2026-04-30T13:20:53.865,T1,5_50_100_200_300cm.csv,1233,3,0,9.54,-70.7,-104.4,-33.7,38.75,76,871,2945,3292,22409,1537,TRUE,1,6.539999999999999,0.2793009459676126,14.579700715679897,347
2026-04-30T13:20:56.835,T1,5_50_100_200_300cm.csv,1236,3,0,11.079,-70.4,-104.8,-34.4,44.31,64,1565,2836,2074,18308,1374,TRUE,1,8.079,0.6374745417515275,13.324599708879186,762
2026-04-30T13:20:58.845,T1,5_50_100_200_300cm.csv,1238,3,0,8.658,-70,-105,-35.1,38.13,60,2914,2288,1549,21501,1465,TRUE,1,5.6579999999999995,1.5188949700286682,14.676450511945392,739
2026-04-30T13:20:59.835,T1,5_50_100_200_300cm.csv,1239,3,0,10.239,-73.6,-106.7,-33.2,27.27,40,848,1091,830,4001,716,TRUE,1,7.239000000000001,0.8828735033836543,5.587988826815643,261
2026-04-30T13:21:03.823,T1,5_50_100_200_300cm.csv,1243,3,0,9.17,-69.9,-107.3,-37.4,25.62,72,1791,1845,1356,19102,1379,TRUE,1,6.17,1.1190253045923149,13.852066715010878,489
2026-04-30T13:21:04.844,T1,5_50_100_200_300cm.csv,1244,3,0,8.785,-70.9,-106.1,-35.3,33.5,76,1949,2546,1755,21709,1520,TRUE,1,5.785,0.9063008602650546,14.282236842105263,791
2026-04-30T13:21:05.835,T1,5_50_100_200_300cm.csv,1245,3,0,9.634,-70.3,-107.9,-37.7,23.37,68,1831,1589,1180,18610,1379,TRUE,1,6.634,1.3224990971469845,13.495286439448876,409
2026-04-30T13:21:06.856,T1,5_50_100_200_300cm.csv,1246,3,0,8.583,-70.1,-109.4,-39.3,23.55,56,1523,1319,959,18084,1351,TRUE,1,5.583,1.3371378402107112,13.385640266469283,360
2026-04-30T13:21:07.845,T1,5_50_100_200_300cm.csv,1247,3,0,11.576,-70.5,-109.6,-39.1,18.12,88,1580,1595,1096,22948,1543,TRUE,1,8.576,1.1742846525455222,14.872326636422553,499
2026-04-30T13:21:08.834,T1,5_50_100_200_300cm.csv,1248,3,0,9.057,-71,-108,-36.9,20.61,88,1864,1814,1682,23467,1589,TRUE,1,6.057,1.0663615560640731,14.768407803650094,132
2026-04-30T13:21:09.824,T1,5_50_100_200_300cm.csv,1249,3,0,9.188,-70.1,-104.1,-34,35.6,92,1552,3275,2440,20564,1442,TRUE,1,6.188000000000001,0.5431321084864392,14.260748959778086,835
2026-04-30T13:21:11.833,T1,5_50_100_200_300cm.csv,1251,3,0,8.396,-69.6,-107.1,-37.5,27.96,80,2176,2237,1438,26365,1602,TRUE,1,5.396000000000001,1.184217687,16.457553058676655,799
2026-04-30T13:21:13.844,T1,5_50_100_200_300cm.csv,1253,3,0,9.948,-69.8,-102.1,-32.3,17.72,88,5172,1559,1938,22837,1502,TRUE,1,6.948,2.9579639691163853,15.20439414114514,379
2026-04-30T13:21:15.854,T1,5_50_100_200_300cm.csv,1255,3,0,11.899,-70.6,-101.8,-31.2,48.86,72,4303,3518,2397,22249,1525,TRUE,1,8.899,1.4549450549450549,14.589508196721312,1121
2026-04-30T13:21:16.845,T1,5_50_100_200_300cm.csv,1256,3,0,8.4,-70.4,-114,-43.6,14.1,72,462,1015,1172,27037,1669,TRUE,1,5.4,0.4224965706447188,16.199520671060515,157
2026-04-30T13:21:17.835,T1,5_50_100_200_300cm.csv,1257,3,0,10.553,-90,-109.6,-19.6,15.92,12,197,191,152,69,194,TRUE,1,7.553000000000001,1.1486880466472302,0.3556701030927835,39
2026-04-30T13:21:18.855,T1,5_50_100_200_300cm.csv,1258,3,0,12.021,-71.2,-106.9,-35.6,21.56,104,2881,2242,1556,29381,1790,TRUE,1,9.021,1.517114270668773,16.413966480446927,686
2026-04-30T13:21:19.842,T1,5_50_100_200_300cm.csv,1259,3,0,8.447,-70.4,-110.3,-39.8,20.97,92,385,1929,1693,29087,1731,TRUE,1,5.446999999999999,0.21258972943125345,16.803581744656267,236
2026-04-30T13:21:20.835,T1,5_50_100_200_300cm.csv,1260,3,0,10.014,-74.4,-109.9,-35.4,20.14,44,676,886,761,5452,861,TRUE,1,7.013999999999999,0.8208864602307225,6.332171893147503,125
2026-04-30T13:21:24.855,T1,5_50_100_200_300cm.csv,1264,3,0,7.997,-70.3,-113.4,-43,13.95,84,533,1172,1253,28681,1715,TRUE,1,4.997,0.4395876288659794,16.723615160349855,81
2026-04-30T13:21:25.843,T1,5_50_100_200_300cm.csv,1265,3,0,8.719,-70.1,-108.2,-38,14.65,84,1452,1231,2174,22820,1519,TRUE,1,5.718999999999999,0.852863436,15.023041474654377,943
2026-04-30T13:21:27.853,T1,5_50_100_200_300cm.csv,1267,3,0,9.981,-69.7,-108.3,-38.6,24.47,76,1657,1860,1347,23172,1510,TRUE,1,6.981,1.033364515123168,15.345695364238411,513
2026-04-30T13:21:28.873,T1,5_50_100_200_300cm.csv,1268,3,0,9.066,-69.8,-108,-38.1,21.88,72,1787,1575,1059,18095,1339,TRUE,1,6.066000000000001,1.3568716780561882,13.513816280806573,516
2026-04-30T13:21:29.865,T1,5_50_100_200_300cm.csv,1269,3,0,9.381,-69.9,-107.7,-37.8,24.97,72,1709,1798,1324,19509,1392,TRUE,1,6.381,1.0948110185778348,14.015086206896552,474
2026-04-30T13:21:32.865,T1,5_50_100_200_300cm.csv,1272,3,0,9.038,-69.5,-108.5,-39,17.39,92,2032,1600,1133,24296,1531,TRUE,1,6.038,1.487010611050128,15.869366427171784,467
2026-04-30T13:21:34.903,T1,5_50_100_200_300cm.csv,1274,3,0,8.611,-69.8,-108.1,-38.4,28.33,64,1295,1813,1455,19635,1392,TRUE,1,5.611000000000001,0.7925336597307222,14.105603448275861,358
2026-04-30T13:21:35.863,T1,5_50_100_200_300cm.csv,1275,3,0,8.307,-69.6,-114.2,-44.6,10.75,64,704,688,1098,24754,1553,TRUE,1,5.307,0.7883538633818589,15.93947198969736,410
2026-04-30T13:21:36.854,T1,5_50_100_200_300cm.csv,1276,3,0,8.771,-69.5,-107.5,-38,21.99,72,1973,1583,1165,19056,1358,TRUE,1,5.771000000000001,1.4359534206695779,14.03240058910162,418
2026-04-30T13:21:37.872,T1,5_50_100_200_300cm.csv,1277,3,0,10.192,-73.8,-110.6,-36.8,21.38,40,528,855,709,5618,854,TRUE,1,7.192,0.6751918158567775,6.578454332552694,146
2026-04-30T13:21:47.862,T1,5_50_100_200_300cm.csv,1287,3,0,10.042,-74.4,-109.1,-34.7,24.86,36,934,895,621,5155,837,TRUE,1,7.042,1.2321899736147757,6.158900836320191,274
2026-04-30T13:21:53.862,T1,5_50_100_200_300cm.csv,1293,3,0,8.738,-70.4,-105.1,-34.8,32.59,68,2749,2216,1427,19354,1409,TRUE,1,5.7379999999999995,1.5091957178149877,13.735982966643009,789
2026-04-30T13:21:54.854,T1,5_50_100_200_300cm.csv,1294,3,0,10.558,,-103.2,,35.5,8,161,284,175,0,110,FALSE,1,7.558,0.7015250544662309,0,109
2026-04-30T13:21:57.852,T1,5_50_100_200_300cm.csv,1297,3,0,8.813,-69.2,-109.8,-40.6,11,84,1311,924,1683,22688,1467,TRUE,1,5.813000000000001,1.005753739930955,15.465576005453306,759
2026-04-30T13:21:58.871,T1,5_50_100_200_300cm.csv,1298,3,0,9.062,-69.3,-110.5,-41.2,19.51,72,1052,1405,1119,21320,1425,TRUE,1,6.061999999999999,0.8335974643423137,14.96140350877193,286
2026-04-30T13:22:06.883,T1,5_50_100_200_300cm.csv,1306,3,0,7.856,-71.5,-113.4,-41.9,19.16,56,554,1073,719,16475,1352,TRUE,1,4.856,0.6183035714285714,12.185650887573965,354
2026-04-30T13:22:08.861,T1,5_50_100_200_300cm.csv,1308,3,0,9.17,-71.5,-106.7,-35.2,28.33,72,2474,2040,1450,21898,1557,TRUE,1,6.17,1.4177650429799427,14.06422607578677,590
2026-04-30T13:22:09.881,T1,5_50_100_200_300cm.csv,1309,3,0,7.969,-70.7,-112.8,-42.1,17.1,80,550,1368,1067,25459,1636,TRUE,1,4.969,0.4517453798767967,15.561735941320293,301
2026-04-30T13:22:12.941,T1,5_50_100_200_300cm.csv,1312,3,0,11.684,-71,-112.7,-41.7,17.12,68,491,1164,1126,20761,1492,TRUE,1,8.684,0.42882096069868997,13.914879356568365,38
2026-04-30T13:22:14.893,T1,5_50_100_200_300cm.csv,1314,3,0,10.929,-71.5,-105,-33.4,33.4,80,2486,2672,1780,19429,1471,TRUE,1,7.929,1.1168014375561546,13.208021753908906,892
2026-04-30T13:22:15.881,T1,5_50_100_200_300cm.csv,1315,3,0,9.127,-70.6,-101,-30.4,55.35,80,3847,4428,3107,22430,1530,TRUE,1,6.127000000000001,1.0211015262110152,14.660130718954248,1321
2026-04-30T13:22:17.892,T1,5_50_100_200_300cm.csv,1317,3,0,8.241,-70.7,-113,-42.3,12.63,76,384,960,1300,21928,1516,TRUE,1,5.241,0.3398230088495575,14.464379947229551,340
2026-04-30T13:22:20.891,T1,5_50_100_200_300cm.csv,1320,3,0,8.414,-72.2,-112.3,-40.1,20.45,76,996,1554,994,26995,1774,TRUE,1,5.414,0.7817896389324961,15.217023675310033,560
2026-04-30T13:22:21.882,T1,5_50_100_200_300cm.csv,1321,3,0,8.349,-71.7,-112.5,-40.9,17.1,80,1011,1368,867,24387,1655,TRUE,1,5.349,0.9046979865771813,14.735347432024168,501
2026-04-30T13:22:22.872,T1,5_50_100_200_300cm.csv,1322,3,0,8.48,-71.1,-113.2,-42.1,23.25,60,744,1395,1076,29522,1784,TRUE,1,5.48,0.6021853500607042,16.548206278026907,319
2026-04-30T13:22:23.892,T1,5_50_100_200_300cm.csv,1323,3,0,8.977,-71.1,-104.9,-33.9,23.78,72,3278,1712,1731,20267,1479,TRUE,1,5.977,1.904153354632588,13.703177822853279,19
2026-04-30T13:22:25.903,T1,5_50_100_200_300cm.csv,1325,3,0,11.294,-71.2,-113.3,-42.1,13.83,72,450,996,1272,23210,1587,TRUE,1,8.294,0.3968253968253968,14.625078764965343,276
2026-04-30T13:22:26.893,T1,5_50_100_200_300cm.csv,1326,3,0,9.235,-71.3,-102.8,-31.4,42.5,84,2484,3570,3310,21583,1539,TRUE,1,6.234999999999999,0.7220930232558139,14.024041585445094,260
2026-04-30T13:22:29.891,T1,5_50_100_200_300cm.csv,1329,3,0,11.899,-70.6,-107.6,-37,25.26,80,1880,2021,1551,23227,1555,TRUE,1,8.899,1.0526315789473684,14.936977491961414,470
2026-04-30T13:22:30.883,T1,5_50_100_200_300cm.csv,1330,3,0,8.944,-69.8,-103.7,-33.9,40.9,84,2916,3436,2471,26526,1618,TRUE,1,5.944000000000001,0.9873031995937024,16.394313967861557,965
2026-04-30T13:22:31.901,T1,5_50_100_200_300cm.csv,1331,3,0,10.183,-72.4,-105.9,-33.5,32.42,64,1774,2075,1522,13391,1257,TRUE,1,7.183,0.9863775368362524,10.653142402545743,553
2026-04-30T13:22:32.893,T1,5_50_100_200_300cm.csv,1332,3,0,9.437,-74.6,-113.2,-38.6,16.31,48,419,783,592,7281,1000,TRUE,1,6.436999999999999,0.6094545454545455,7.281,191
2026-04-30T13:22:33.913,T1,5_50_100_200_300cm.csv,1333,3,0,12.003,-71.2,-107.4,-36.2,30.57,72,1106,2201,1980,21221,1519,TRUE,1,9.003,0.5290600334848122,13.970375246872942,221
2026-04-30T13:22:35.892,T1,5_50_100_200_300cm.csv,1335,3,0,10.126,-75.9,-108.5,-32.6,25.61,28,93,717,691,1991,548,TRUE,1,7.1259999999999994,0.13210227272727273,3.633211678832117,26
2026-04-30T13:22:37.933,T1,5_50_100_200_300cm.csv,1337,3,0,11.777,-70.7,-104.9,-34.2,33.53,92,2037,3085,2264,23214,1562,TRUE,1,8.777,0.7616376892877174,14.861715749039693,821
2026-04-30T13:28:00.090,T1,5_50_100_200_300cm.csv,1659,0.5,0,6.491,-77.3,-91.1,-13.8,148.5,16,1750,2376,1491,358,244,TRUE,1,5.991,0.9050943884147918,1.4672131147540983,885
2026-04-30T13:28:01.081,T1,5_50_100_200_300cm.csv,1660,0.5,0,5.793,-64,-87,-23,138.29,128,12766,17701,14449,25562,1301,TRUE,1,5.293,0.7941524105754277,19.647963105303614,3252
2026-04-30T13:28:02.102,T1,5_50_100_200_300cm.csv,1661,0.5,0,8.658,-63.9,-87.5,-23.7,161.6,108,12833,17453,14514,26599,1321,TRUE,1,8.158,0.8028904808083336,20.13550340651022,2939
2026-04-30T13:28:04.112,T1,5_50_100_200_300cm.csv,1663,0.5,0,5.37,-63.9,-86.9,-23,120.06,104,10606,12486,16564,20226,1153,TRUE,1,4.87,0.7301893287435456,17.54206418039896,4078
2026-04-30T13:28:05.102,T1,5_50_100_200_300cm.csv,1664,0.5,0,8.757,-64,-85.9,-21.9,175.05,96,10770,16805,14368,20906,1178,TRUE,1,8.257,0.6909825810797806,17.74702886247878,2437
2026-04-30T13:28:08.102,T1,5_50_100_200_300cm.csv,1667,0.5,0,5.816,-63.4,-85.6,-22.2,183.27,88,11488,16128,15680,22527,1197,TRUE,1,5.316,0.7223340040241448,18.81954887218045,448
2026-04-30T13:28:10.111,T1,5_50_100_200_300cm.csv,1669,0.5,0,7.856,-63.9,-87.5,-23.6,125.85,124,12121,15606,14524,23370,1241,TRUE,1,7.356,0.8045801526717558,18.831587429492345,1082
2026-04-30T13:28:11.100,T1,5_50_100_200_300cm.csv,1670,0.5,0,5.3,-63.5,-86.4,-22.8,172.46,100,12152,17246,11310,21131,1164,TRUE,1,4.8,0.8510995937806416,18.153780068728523,5936
2026-04-30T13:28:12.120,T1,5_50_100_200_300cm.csv,1671,0.5,0,7.439,-63.8,-87.5,-23.6,142.27,124,13120,17641,14670,27297,1335,TRUE,1,6.939,0.812107332,20.447191011235955,2971
2026-04-30T13:28:13.112,T1,5_50_100_200_300cm.csv,1672,0.5,0,6.008,-63.6,-84.6,-21,182.75,84,12692,15351,17570,22953,1215,TRUE,1,5.508,0.7710579873029373,18.891358024691357,2219
2026-04-30T13:28:16.112,T1,5_50_100_200_300cm.csv,1675,0.5,0,5.779,-64.1,-85.4,-21.3,180.87,92,11581,16640,16263,22435,1223,TRUE,1,5.279,0.7039479682703704,18.344235486508584,377
2026-04-30T13:28:20.102,T1,5_50_100_200_300cm.csv,1679,0.5,0,5.549,-63.2,-87,-23.8,134.95,112,9881,15114,15403,22185,1179,TRUE,1,5.049,0.6475734836320739,18.81679389312977,289
2026-04-30T13:28:21.182,T1,5_50_100_200_300cm.csv,1680,0.5,0,5.474,-63.6,-86.8,-23.2,171.36,96,10006,16451,11692,19256,1114,TRUE,1,4.974,0.7110826848594677,17.285457809694794,4759
2026-04-30T13:28:22.110,T1,5_50_100_200_300cm.csv,1681,0.5,0,5.872,-63.6,-87.4,-23.8,140.42,108,11617,15165,14633,22819,1212,TRUE,1,5.372,0.7797167595140614,18.827557755775576,532
2026-04-30T13:28:23.130,T1,5_50_100_200_300cm.csv,1682,0.5,0,5.821,-64.1,-87.2,-23.1,176.36,108,14610,19047,11763,26891,1338,TRUE,1,5.321,0.9483933787731256,20.097907324364723,7284
2026-04-30T13:28:25.140,T1,5_50_100_200_300cm.csv,1684,0.5,0,5.431,-63.8,-84.8,-20.9,131.77,112,13756,14758,18115,23842,1249,TRUE,1,4.931,0.836917835,19.0888711,3357
2026-04-30T13:28:26.131,T1,5_50_100_200_300cm.csv,1685,0.5,0,5.342,-63.7,-88.1,-24.5,162.11,104,15169,16859,11163,27019,1321,TRUE,1,4.842,1.0826493469416887,20.45344436033308,5696
2026-04-30T13:28:27.120,T1,5_50_100_200_300cm.csv,1686,0.5,0,5.521,-63.8,-86.5,-22.7,198.07,84,10236,16638,12538,19686,1134,TRUE,1,5.021,0.7016726076227036,17.35978835978836,4100
2026-04-30T13:28:28.114,T1,5_50_100_200_300cm.csv,1687,0.5,0,6.215,-63.6,-85.6,-21.9,164.77,104,12022,17136,15801,23891,1242,TRUE,1,5.715,0.729999696,19.235909822866343,1335
2026-04-30T13:28:32.130,T1,5_50_100_200_300cm.csv,1691,0.5,0,5.582,-64.2,-87.1,-22.9,181.53,96,11338,17427,14649,24040,1270,TRUE,1,5.082,0.7069460032422995,18.929133858267715,2778
2026-04-30T13:28:33.120,T1,5_50_100_200_300cm.csv,1692,0.5,0,5.98,-63.6,-85.5,-21.9,169.01,92,11971,15549,16245,22498,1204,TRUE,1,5.48,0.7530351638673963,18.686046511627907,696
2026-04-30T13:28:34.139,T1,5_50_100_200_300cm.csv,1693,0.5,0,7.856,-63,-85.7,-22.7,194.12,88,11654,17083,15596,24584,1231,TRUE,1,7.356,0.713240919,19.970755483346874,1487
2026-04-30T13:28:40.169,T1,5_50_100_200_300cm.csv,1699,0.5,0,7.49,-63.5,-86.5,-23,181.56,96,12805,17430,12517,23255,1220,TRUE,1,6.99,0.8551774802150466,19.061475409836067,4913
2026-04-30T13:28:42.120,T1,5_50_100_200_300cm.csv,1701,0.5,0,7.931,-63.8,-84.9,-21.1,177.29,96,11749,17020,16758,23146,1230,TRUE,1,7.431,0.695659897,18.817886178861787,262
2026-04-30T13:28:43.109,T1,5_50_100_200_300cm.csv,1702,0.5,0,5.277,-63.8,-85.5,-21.7,154.67,108,11719,16704,15572,22488,1211,TRUE,1,4.777,0.726174247,18.569777043765484,1132
2026-04-30T13:28:45.121,T1,5_50_100_200_300cm.csv,1704,0.5,0,5.253,-64,-84.8,-20.8,139.8,104,15392,14539,18763,25670,1303,TRUE,1,4.753,0.9243889255900547,19.70069071373753,4224
2026-04-30T13:28:46.171,T1,5_50_100_200_300cm.csv,1705,0.5,0,5.933,-63.5,-86.4,-22.9,191.89,92,12734,17654,10751,21927,1184,TRUE,1,5.433,0.8966027107903538,18.519425675675677,6903
2026-04-30T13:28:47.160,T1,5_50_100_200_300cm.csv,1706,0.5,0,7.814,-63.8,-86.6,-22.8,181.29,92,12347,16679,10291,19765,1135,TRUE,1,7.314,0.9156099369670003,17.41409691629956,6388
2026-04-30T13:28:48.151,T1,5_50_100_200_300cm.csv,1707,0.5,0,7.805,-63.4,-85.2,-21.7,189.45,92,11413,17429,14819,22395,1194,TRUE,1,7.305,0.7078268419746961,18.756281407035175,2610
2026-04-30T13:28:50.159,T1,5_50_100_200_300cm.csv,1709,0.5,0,6.051,-63.7,-88.1,-24.3,155.52,116,16929,18040,10652,30052,1397,TRUE,1,5.551,1.1800501882057717,21.511811023622048,7388
2026-04-30T13:28:51.121,T1,5_50_100_200_300cm.csv,1710,0.5,0,5.37,-63.6,-85,-21.4,191.98,88,11339,16894,14580,20952,1162,TRUE,1,4.87,0.7205312321281058,18.030981067125644,2314
2026-04-30T13:28:52.141,T1,5_50_100_200_300cm.csv,1711,0.5,0,5.394,-63.7,-87.5,-23.8,175.18,100,13792,17518,12746,25982,1297,TRUE,1,4.894,0.9114459423737774,20.032382420971473,4772
2026-04-30T13:28:53.161,T1,5_50_100_200_300cm.csv,1712,0.5,0,6.172,-66.3,-88.1,-21.8,184.96,76,10026,14057,13892,17076,1149,TRUE,1,5.672,0.7174496404164729,14.861618798955613,165
2026-04-30T13:28:54.119,T1,5_50_100_200_300cm.csv,1713,0.5,0,5.797,-63.8,-87.1,-23.3,173,104,12744,17992,14146,26248,1307,TRUE,1,5.297,0.7930798431763022,20.082631981637338,3846
2026-04-30T13:28:55.138,T1,5_50_100_200_300cm.csv,1714,0.5,0,5.356,-63.5,-86.8,-23.3,181.18,96,13711,17393,12022,24225,1244,TRUE,1,4.856,0.932245453,19.473472668810288,5371
2026-04-30T13:28:57.151,T1,5_50_100_200_300cm.csv,1716,0.5,0,5.736,-63.8,-87.5,-23.7,171.55,100,13328,17155,13981,26217,1308,TRUE,1,5.236,0.8561151079136691,20.043577981651374,3174
2026-04-30T13:28:58.139,T1,5_50_100_200_300cm.csv,1717,0.5,0,5.441,-63.7,-85.9,-22.1,195.22,88,11553,17179,11980,20120,1143,TRUE,1,4.941,0.7924140059672828,17.602799650043746,5199
2026-04-30T13:28:59.159,T1,5_50_100_200_300cm.csv,1718,0.5,0,7.444,-64,-87.6,-23.6,170.26,112,14544,19069,12701,28649,1377,TRUE,1,6.944,0.9155807365439094,20.80537400145243,6368
2026-04-30T13:29:00.149,T1,5_50_100_200_300cm.csv,1719,0.5,0,5.783,-63.6,-84.5,-21,153.53,92,13680,14125,17924,23008,1215,TRUE,1,5.283,0.8536927829261444,18.936625514403293,3799
2026-04-30T13:29:02.160,T1,5_50_100_200_300cm.csv,1721,0.5,0,6.548,-63.6,-84.5,-20.9,162.57,88,13088,14306,17458,21955,1188,TRUE,1,6.048,0.8240775720941946,18.48063973063973,3152
2026-04-30T13:29:03.150,T1,5_50_100_200_300cm.csv,1722,0.5,0,6.867,-66.2,-88.2,-21.9,171.3,88,10003,15074,11442,16356,1123,TRUE,1,6.367,0.7544878563885956,14.564559216384684,3632
2026-04-30T13:29:06.148,T1,5_50_100_200_300cm.csv,1725,0.5,0,6.008,-63.3,-86.6,-23.3,192.77,88,12712,16964,10431,21257,1159,TRUE,1,5.508,0.9280525643365578,18.340811044003452,6533
2026-04-30T13:29:07.168,T1,5_50_100_200_300cm.csv,1726,0.5,0,7.43,-63.5,-86.4,-22.9,166.25,100,11094,16625,13918,22033,1185,TRUE,1,6.93,0.726451233,18.59324894514768,2707
2026-04-30T13:29:08.160,T1,5_50_100_200_300cm.csv,1727,0.5,0,5.455,-64.3,-85.6,-21.3,172.46,96,12450,16556,16993,23807,1269,TRUE,1,4.955,0.7421979790753823,18.760441292356187,437
2026-04-30T13:29:09.179,T1,5_50_100_200_300cm.csv,1728,0.5,0,5.436,-61.4,-86.7,-25.3,123.97,108,10168,13389,12890,19622,1041,TRUE,1,4.936,0.7738498420792268,18.84918347742555,499
2026-04-30T13:29:12.148,T1,5_50_100_200_300cm.csv,1731,0.5,0,5.506,-64.1,-86.6,-22.6,162.91,96,11954,15639,15151,22378,1220,TRUE,1,5.006,0.7764858720363754,18.34262295081967,488
2026-04-30T13:29:13.140,T1,5_50_100_200_300cm.csv,1732,0.5,0,5.216,-64.2,-87.4,-23.2,184.01,88,12219,16193,14409,23423,1254,TRUE,1,4.716,0.7985752565191817,18.678628389154706,1784
2026-04-30T13:29:16.170,T1,5_50_100_200_300cm.csv,1735,0.5,0,5.258,-64,-87.1,-23.1,169.82,100,11520,16982,10276,19796,1144,TRUE,1,4.758,0.8452564384767774,17.304195804195803,6706
2026-04-30T13:29:17.158,T1,5_50_100_200_300cm.csv,1736,0.5,0,5.281,-63.8,-87.4,-23.6,155.83,112,10502,17453,14658,24527,1265,TRUE,1,4.781,0.65410607,19.38893280632411,2795
2026-04-30T13:29:19.169,T1,5_50_100_200_300cm.csv,1738,0.5,0,5.253,-64.2,-87.4,-23.2,155.2,108,12838,16762,15019,25476,1305,TRUE,1,4.753,0.8079040936408546,19.52183908045977,1743
2026-04-30T13:29:20.158,T1,5_50_100_200_300cm.csv,1739,0.5,0,6.871,-68.2,-88.7,-20.6,157.02,64,6723,10049,8259,7605,819,TRUE,1,6.371,0.734433035,9.285714285714286,1790
2026-04-30T13:29:22.169,T1,5_50_100_200_300cm.csv,1741,0.5,0,8.016,-63.8,-86.9,-23.1,164.29,112,13990,18401,10716,24481,1264,TRUE,1,7.516,0.9609506473881237,19.367879746835442,7685
2026-04-30T13:29:24.179,T1,5_50_100_200_300cm.csv,1743,0.5,0,5.422,-63.5,-87.2,-23.7,162.3,112,14098,18178,13144,27585,1328,TRUE,1,4.922,0.9001979439371688,20.77183734939759,5034
2026-04-30T13:29:25.170,T1,5_50_100_200_300cm.csv,1744,0.5,0,7.983,-63.6,-85.7,-22.1,162.03,104,12633,16851,16960,25683,1284,TRUE,1,7.483,0.7472715980006507,20.002336448598133,109
2026-04-30T13:29:26.159,T1,5_50_100_200_300cm.csv,1745,0.5,0,6.82,-67.6,-88.4,-20.8,120.89,72,7122,8704,10383,8035,825,TRUE,1,6.32,0.7462670927856656,9.739393939,1679
2026-04-30T13:29:29.187,T1,5_50_100_200_300cm.csv,1748,0.5,0,5.422,-63.9,-87.2,-23.2,164.37,100,11068,16437,15518,24070,1259,TRUE,1,4.922,0.692724143,19.118347895154884,919
2026-04-30T13:29:32.189,T1,5_50_100_200_300cm.csv,1751,0.5,0,5.366,-63.2,-85.9,-22.7,172.07,100,11646,17207,15003,23959,1226,TRUE,1,4.866,0.7231294628997206,19.542414355628058,2204
2026-04-30T13:29:33.179,T1,5_50_100_200_300cm.csv,1752,0.5,0,6.384,-77.7,-90.8,-13.1,141.9,20,2002,2838,2432,535,302,TRUE,1,5.884,0.7597722960151803,1.771523178807947,406
2026-04-30T13:29:34.168,T1,5_50_100_200_300cm.csv,1753,0.5,0,5.225,-63.6,-86.3,-22.7,142.98,92,11753,13154,16487,21308,1171,TRUE,1,4.725,0.7930231773556897,18.196413321947055,3333
2026-04-30T13:29:35.188,T1,5_50_100_200_300cm.csv,1754,0.5,0,5.352,-63.1,-86.4,-23.3,152.96,100,11351,15296,14766,22196,1173,TRUE,1,4.852,0.755172643,18.92242114236999,530
2026-04-30T13:29:36.178,T1,5_50_100_200_300cm.csv,1755,0.5,0,5.248,-64.1,-88,-24,154.71,116,14101,17946,14320,29164,1392,TRUE,1,4.748,0.8740469844418273,20.951149425287355,3626
2026-04-30T13:29:38.188,T1,5_50_100_200_300cm.csv,1757,0.5,0,5.361,-64.1,-87,-22.9,190.65,100,13914,19065,13259,27231,1345,TRUE,1,4.861,0.8609083034277936,20.246096654275092,5806
2026-04-30T13:29:39.179,T1,5_50_100_200_300cm.csv,1758,0.5,0,6.496,-64.3,-86.7,-22.4,176.46,96,12626,16940,15147,24217,1278,TRUE,1,5.996,0.7869853834886402,18.949139280125195,1793
2026-04-30T13:29:40.169,T1,5_50_100_200_300cm.csv,1759,0.5,0,7.373,-64,-86.5,-22.6,200.9,84,12819,16876,9596,19614,1138,TRUE,1,6.873,0.9684950135992747,17.235500878734623,7280
2026-04-30T13:29:42.178,T1,5_50_100_200_300cm.csv,1761,0.5,0,5.234,-63.5,-87.3,-23.9,172.27,96,11300,16538,10543,20329,1139,TRUE,1,4.734,0.8345334367268564,17.84811237928007,5995
2026-04-30T13:29:43.170,T1,5_50_100_200_300cm.csv,1762,0.5,0,6.398,,-106.6,,17.12,8,113,137,107,0,91,FALSE,1,5.898,0.9262295081967213,0,30
2026-04-30T13:29:45.177,T1,5_50_100_200_300cm.csv,1764,0.5,0,7.894,-62.6,-87.1,-24.5,156.52,88,9872,13774,13094,18953,1068,TRUE,1,7.394,0.7348518683936281,17.74625468164794,680
2026-04-30T13:29:47.188,T1,5_50_100_200_300cm.csv,1766,0.5,0,5.774,-64.1,-85.6,-21.5,194.92,92,12197,17933,13429,21938,1208,TRUE,1,5.274,0.7778202920732096,18.160596026490065,4504
2026-04-30T13:29:49.199,T1,5_50_100_200_300cm.csv,1768,0.5,0,7.978,-64.1,-85.7,-21.6,206.82,88,12612,18200,13865,23198,1243,TRUE,1,7.478,0.7866521128956806,18.662912308930007,4335
2026-04-30T13:29:50.187,T1,5_50_100_200_300cm.csv,1769,0.5,0,6.196,-64.7,-88.8,-24.1,158.17,104,12862,16450,11984,26758,1363,TRUE,1,5.696,0.9046915664345502,19.631694790902422,4466
2026-04-30T13:29:52.198,T1,5_50_100_200_300cm.csv,1771,0.5,0,7.43,-60.8,-86.1,-25.2,76.72,124,11224,9513,12663,16412,934,TRUE,1,6.93,1.0122655122655122,17.571734475374733,3150
2026-04-30T13:29:55.199,T1,5_50_100_200_300cm.csv,1774,0.5,0,8.846,-63.5,-84.4,-20.8,136.4,112,14009,15277,17982,24207,1245,TRUE,1,8.346,0.8424185934634234,19.443373493975905,2705
2026-04-30T13:29:57.207,T1,5_50_100_200_300cm.csv,1776,0.5,0,5.929,-63.2,-86.8,-23.6,210.36,84,14325,17670,11402,25167,1257,TRUE,1,5.429,0.985484315,20.021479713603817,6268
2026-04-30T13:29:58.197,T1,5_50_100_200_300cm.csv,1777,0.5,0,5.727,-63.4,-85.2,-21.8,140.79,104,12057,14642,16883,22249,1187,TRUE,1,5.227,0.7649167327517843,18.74389216512216,2241
2026-04-30T13:30:01.197,T1,5_50_100_200_300cm.csv,1780,0.5,0,6.285,-64,-87.2,-23.1,169.88,100,11216,16988,10769,19960,1151,TRUE,1,5.785,0.808156501,17.34144222415291,6219
2026-04-30T13:30:02.221,T1,5_50_100_200_300cm.csv,1781,0.5,0,7.73,-64.1,-83.7,-19.6,145.8,96,13438,13997,17439,20145,1157,TRUE,1,7.23,0.8549433770199771,17.411408815903197,3442
2026-04-30T13:30:03.178,T1,5_50_100_200_300cm.csv,1782,0.5,0,5.333,-63.5,-87.4,-23.9,164.18,108,11602,17731,14954,26803,1307,TRUE,1,4.833,0.7099281015756463,20.50726855394032,2777
2026-04-30T13:30:04.197,T1,5_50_100_200_300cm.csv,1783,0.5,0,8.025,-64.1,-85.7,-21.5,202.9,88,13758,17855,11499,21645,1201,TRUE,1,7.525,0.9373850241875042,18.02248126561199,6356
2026-04-30T13:30:07.198,T1,5_50_100_200_300cm.csv,1786,0.5,0,6.834,-67.6,-88.4,-20.8,194.98,48,5956,9359,7862,6383,736,TRUE,1,6.334,0.6917136054816794,8.672554347826088,1497
2026-04-30T13:30:10.199,T1,5_50_100_200_300cm.csv,1789,0.5,0,5.736,-63.7,-87,-23.3,166.64,108,12380,17997,13335,25010,1271,TRUE,1,5.236,0.7902463934635516,19.677419354838708,4662
2026-04-30T13:30:11.247,T1,5_50_100_200_300cm.csv,1790,0.5,0,7.448,-62.6,-87.8,-25.2,146.22,116,11552,16961,13412,26220,1253,TRUE,1,6.948,0.7606756000395087,20.925778132482044,3549
2026-04-30T13:30:12.206,T1,5_50_100_200_300cm.csv,1791,0.5,0,6.853,-67.6,-89,-21.4,147.14,56,6009,8240,7516,6287,731,TRUE,1,6.353,0.7627570449352628,8.600547195622434,724
2026-04-30T13:30:13.198,T1,5_50_100_200_300cm.csv,1792,0.5,0,5.22,-64.2,-87.6,-23.4,191.96,100,15091,19196,11232,27751,1364,TRUE,1,4.72,0.9919153411331668,20.34530791788856,7964
2026-04-30T13:30:14.187,T1,5_50_100_200_300cm.csv,1793,0.5,0,5.394,-64.4,-85,-20.6,180.83,92,13032,16636,17465,23869,1273,TRUE,1,4.894,0.764317762,18.75019638648861,829
2026-04-30T13:30:15.237,T1,5_50_100_200_300cm.csv,1794,0.5,0,5.248,-62.4,-84.7,-22.3,158.52,88,14352,13950,17622,25349,1226,TRUE,1,4.748,0.9091600152033448,20.676182707993476,3672
2026-04-30T13:30:16.197,T1,5_50_100_200_300cm.csv,1795,0.5,0,7.927,-63.5,-85.9,-22.5,187.66,96,11947,18015,15832,25835,1283,TRUE,1,7.427,0.7059414423730316,20.136399064692128,2183
2026-04-30T13:30:17.188,T1,5_50_100_200_300cm.csv,1796,0.5,0,7.875,-63,-86.9,-23.9,177.39,100,11259,17739,14272,25570,1258,TRUE,1,7.375,0.7034456905438755,20.325914149443562,3467
2026-04-30T13:30:18.206,T1,5_50_100_200_300cm.csv,1797,0.5,0,5.234,-63.4,-87.9,-24.5,165.13,100,14107,16513,12013,25550,1272,TRUE,1,4.734,0.9890626095491832,20.086477987421382,4500
2026-04-30T13:30:20.186,T1,5_50_100_200_300cm.csv,1799,0.5,0,5.319,-63.8,-87.8,-24,150.2,116,13324,17423,11198,24220,1258,TRUE,1,4.819,0.9310646029139443,19.252782193958666,6225
2026-04-30T13:30:22.196,T1,5_50_100_200_300cm.csv,1801,0.5,0,5.23,-64.2,-86.5,-22.3,172.89,100,13911,17289,9851,20970,1185,TRUE,1,4.73,1.0251289609432572,17.696202531645568,7438
2026-04-30T13:30:23.216,T1,5_50_100_200_300cm.csv,1802,0.5,0,8.26,-63.2,-88.3,-25,128.72,112,11489,14417,10754,20512,1135,TRUE,1,7.76,0.9128759286480473,18.072246696035243,3663
2026-04-30T13:30:24.207,T1,5_50_100_200_300cm.csv,1803,0.5,0,5.385,-62.6,-85.7,-23,167.53,88,11869,14743,16203,23273,1183,TRUE,1,4.885,0.7670781361080592,19.67286559594252,1460
2026-04-30T13:30:25.196,T1,5_50_100_200_300cm.csv,1804,0.5,0,7.767,-63.5,-86.3,-22.9,186.8,88,12693,16438,17956,27894,1334,TRUE,1,7.267,0.7380938535791126,20.910044977511244,1518
2026-04-30T13:30:26.217,T1,5_50_100_200_300cm.csv,1805,0.5,0,5.478,-63.2,-88.1,-25,142.6,108,12299,15401,12213,23468,1210,TRUE,1,4.978,0.8907800391105961,19.39504132231405,3188
2026-04-30T13:30:27.208,T1,5_50_100_200_300cm.csv,1806,0.5,0,6.895,-70.3,-88.9,-18.6,187.08,36,4549,6735,5370,3000,554,TRUE,1,6.395,0.7515902519619991,5.415162454873646,1365
2026-04-30T13:30:29.218,T1,5_50_100_200_300cm.csv,1808,0.5,0,5.277,-65.3,-85,-19.7,201.68,84,13491,16941,18117,23714,1310,TRUE,1,4.777,0.7696388841348623,18.102290076335876,1176
2026-04-30T13:30:31.227,T1,5_50_100_200_300cm.csv,1810,0.5,0,5.103,-66.1,-85.9,-19.8,188.78,76,10365,14347,14454,15695,1094,TRUE,1,4.603,0.7197666747682372,14.346435100548446,107
2026-04-30T13:30:32.219,T1,5_50_100_200_300cm.csv,1811,0.5,0,6.21,-62.9,-86.2,-23.3,191.49,72,9066,13787,12629,16461,1006,TRUE,1,5.71,0.6864021804966687,16.36282306163022,1158
2026-04-30T13:30:35.246,T1,5_50_100_200_300cm.csv,1814,0.5,0,5.37,-62.7,-85.5,-22.8,173.98,80,9633,13918,13029,16811,1008,TRUE,1,4.87,0.7149589935799904,16.677579365079364,889
2026-04-30T13:30:37.256,T1,5_50_100_200_300cm.csv,1816,0.5,0,5.633,-64.7,-86.2,-21.5,192.76,80,12615,15421,10349,17008,1087,TRUE,1,5.133,0.9790454016298021,15.646734130634774,5072
2026-04-30T13:36:56.477,T1,5_50_100_200_300cm.csv,2195,0.05,0,4.339,-54.3,-76.5,-22.1,112.01,140,17237,15681,10882,23301,889,TRUE,1,4.289000000000001,1.2978202763242104,26.210348706411697,4799
2026-04-30T13:36:57.464,T1,5_50_100_200_300cm.csv,2196,0.05,0,5.103,-55.4,-73.9,-18.6,178.96,100,17306,17896,14737,23054,916,TRUE,1,5.053,1.060644133239359,25.16812227074236,3159
2026-04-30T13:36:58.456,T1,5_50_100_200_300cm.csv,2197,0.05,0,5.033,-54.2,-73.6,-19.4,152.79,108,15671,16501,14593,21348,846,TRUE,1,4.9830000000000005,1.007975815269827,25.23404255319149,1908
2026-04-30T13:37:00.464,T1,5_50_100_200_300cm.csv,2199,0.05,0,4.789,-55.1,-73.7,-18.6,146.68,104,16095,15255,16495,21040,867,TRUE,1,4.739,1.0138582677165355,24.267589388696656,1240
2026-04-30T13:37:01.456,T1,5_50_100_200_300cm.csv,2200,0.05,0,4.371,-54.4,-73.7,-19.3,137.03,120,15858,16444,13619,20493,835,TRUE,1,4.321000000000001,1.0549845324817881,24.54251497005988,2825
2026-04-30T13:37:02.476,T1,5_50_100_200_300cm.csv,2201,0.05,0,4.245,-54.6,-73.2,-18.6,172.24,104,16957,17913,15700,23532,901,TRUE,1,4.195,1.0089548686520096,26.11764705882353,2213
2026-04-30T13:37:05.504,T1,5_50_100_200_300cm.csv,2204,0.05,0,4.264,-54.5,-73.9,-19.4,169.4,104,17207,17618,12706,22378,876,TRUE,1,4.214,1.1348766653475795,25.54566210045662,4912
2026-04-30T13:37:07.455,T1,5_50_100_200_300cm.csv,2206,0.05,0,5.333,-55.2,-74.4,-19.2,121.85,140,16734,17059,14357,22339,897,TRUE,1,5.283,1.0653170359052713,24.90412486,2702
2026-04-30T13:37:08.476,T1,5_50_100_200_300cm.csv,2207,0.05,0,4.517,-54.8,-73.2,-18.4,137.27,128,16746,17571,15073,22140,881,TRUE,1,4.4670000000000005,1.0259772086754073,25.130533484676505,2498
2026-04-30T13:37:09.485,T1,5_50_100_200_300cm.csv,2208,0.05,0,7.43,-54.7,-74.3,-19.6,142.44,120,16750,17093,11732,21018,855,TRUE,1,7.38,1.1621856027753685,24.582456140350878,5361
2026-04-30T13:37:10.515,T1,5_50_100_200_300cm.csv,2209,0.05,0,4.385,-54.7,-75,-20.3,123.41,132,16790,16290,13033,22249,881,TRUE,1,4.335,1.1451761415953348,25.254256526674233,3257
2026-04-30T13:37:11.504,T1,5_50_100_200_300cm.csv,2210,0.05,0,4.948,-54.5,-73.5,-19,137.98,120,16019,16558,13957,20628,840,TRUE,1,4.898000000000001,1.049909880386695,24.557142857142857,2601
2026-04-30T13:37:13.486,T1,5_50_100_200_300cm.csv,2212,0.05,0,5.225,-55.1,-76,-20.9,122.32,144,15963,17614,10711,21935,885,TRUE,1,5.175,1.1271315092674317,24.785310734463277,6903
2026-04-30T13:37:16.454,T1,5_50_100_200_300cm.csv,2215,0.05,0,5.15,-83.4,-92.5,-9.2,112.88,8,849,903,760,63,126,TRUE,1,5.1000000000000005,1.021046301864101,0.5,143
2026-04-30T13:37:17.505,T1,5_50_100_200_300cm.csv,2216,0.05,0,6.745,-55.6,-75.6,-20,125.5,120,16905,15060,12910,20635,874,TRUE,1,6.695,1.2087951376474795,23.60983981693364,2150
2026-04-30T13:37:19.488,T1,5_50_100_200_300cm.csv,2218,0.05,0,7.354,-54.1,-73.7,-19.6,160.68,104,15563,16711,13992,21196,840,TRUE,1,7.304,1.013777155326841,25.233333333333334,2719
2026-04-30T13:37:20.476,T1,5_50_100_200_300cm.csv,2219,0.05,0,7.852,-55,-73.7,-18.7,130.02,132,16957,17162,15976,23234,910,TRUE,1,7.802,1.0234172249381375,25.531868131868134,1186
2026-04-30T13:37:21.464,T1,5_50_100_200_300cm.csv,2220,0.05,0,4.259,-54.7,-74.5,-19.8,140.34,124,15118,17402,13686,21532,865,TRUE,1,4.2090000000000005,0.9725939269171384,24.89248554913295,3716
2026-04-30T13:37:22.484,T1,5_50_100_200_300cm.csv,2221,0.05,0,4.47,-54.7,-73.2,-18.5,152.4,112,15973,17069,15064,21140,859,TRUE,1,4.42,0.9941804375564062,24.61001164144354,2005
2026-04-30T13:37:25.486,T1,5_50_100_200_300cm.csv,2224,0.05,0,7.359,-54.8,-73.7,-18.9,147.04,112,16621,16469,16090,22677,892,TRUE,1,7.309,1.0209773027427131,25.422645739910315,379
2026-04-30T13:37:26.476,T1,5_50_100_200_300cm.csv,2225,0.05,0,6.824,-54.7,-73.6,-18.9,130.3,136,17149,17721,15167,23524,906,TRUE,1,6.774,1.0428727803454148,25.96467991169978,2554
2026-04-30T13:37:27.494,T1,5_50_100_200_300cm.csv,2226,0.05,0,4.334,-54.3,-73.2,-18.9,153.03,116,17215,17751,14851,23382,891,TRUE,1,4.284,1.056070179743574,26.242424242424242,2900
2026-04-30T13:37:29.473,T1,5_50_100_200_300cm.csv,2228,0.05,0,5.145,-57.6,-76.2,-18.6,160.79,84,13037,13506,11949,13658,763,TRUE,1,5.095,1.0243174229031624,17.900393184796854,1557
2026-04-30T13:37:32.505,T1,5_50_100_200_300cm.csv,2231,0.05,0,4.385,-55.4,-73.7,-18.3,105.44,148,16255,15605,17146,21714,889,TRUE,1,4.335,0.9926414460627156,24.42519685,1541
2026-04-30T13:37:33.556,T1,5_50_100_200_300cm.csv,2232,0.05,0,4.432,-55.1,-74,-18.9,148.99,120,17271,17879,15205,23974,926,TRUE,1,4.382000000000001,1.044069640914037,25.889848812095032,2674
2026-04-30T13:37:34.485,T1,5_50_100_200_300cm.csv,2233,0.05,0,4.254,-54.9,-76.2,-21.3,145.75,112,16902,16324,8492,20678,855,TRUE,1,4.204,1.3621856866537718,24.184795321637427,7832
2026-04-30T13:37:36.525,T1,5_50_100_200_300cm.csv,2235,0.05,0,4.217,-54.4,-72.9,-18.5,139.7,128,17269,17882,15299,23296,892,TRUE,1,4.167,1.0408968988276424,26.116591928251122,2583
2026-04-30T13:37:37.515,T1,5_50_100_200_300cm.csv,2236,0.05,0,4.353,-54.8,-72.8,-18,141.07,124,16261,17493,15927,21862,874,TRUE,1,4.303,0.9731298623578696,25.013729977116704,1566
2026-04-30T13:37:38.505,T1,5_50_100_200_300cm.csv,2237,0.05,0,5.094,-61.8,-79.1,-17.3,187.04,48,7704,8978,8283,5252,547,TRUE,1,5.0440000000000005,0.892648166,9.601462523,695
2026-04-30T13:37:39.494,T1,5_50_100_200_300cm.csv,2238,0.05,0,4.184,-54.4,-75.2,-20.8,183.28,96,15359,17595,13070,22914,885,TRUE,1,4.134,1.0017283548018914,25.891525423728815,4525
2026-04-30T13:37:41.502,T1,5_50_100_200_300cm.csv,2240,0.05,0,4.32,-55.5,-74,-18.5,191.95,92,17132,17659,14971,22726,914,TRUE,1,4.2700000000000005,1.0500766166104811,24.86433260393873,2688
2026-04-30T13:37:42.495,T1,5_50_100_200_300cm.csv,2241,0.05,0,4.193,-54.5,-72.6,-18,190.49,88,15826,16763,15463,20446,839,TRUE,1,4.143,0.9821882951653944,24.36948748510131,1300
2026-04-30T13:37:43.514,T1,5_50_100_200_300cm.csv,2242,0.05,0,5.83,-58.5,-76.6,-18.1,250.35,60,14628,15021,11625,15328,833,TRUE,1,5.78,1.0979509119567665,18.400960384153663,3396
2026-04-30T13:37:45.525,T1,5_50_100_200_300cm.csv,2244,0.05,0,6.337,-55.2,-77.2,-22,160.3,96,17713,15389,9341,22273,895,TRUE,1,6.287,1.4325111200970482,24.886033519553074,6048
2026-04-30T13:37:46.516,T1,5_50_100_200_300cm.csv,2245,0.05,0,7.439,-55,-74.1,-19.1,194.49,88,15030,17115,14467,20751,859,TRUE,1,7.389,0.9518079918941169,24.157159487776486,2648
2026-04-30T13:37:48.522,T1,5_50_100_200_300cm.csv,2247,0.05,0,4.193,-54.9,-74.3,-19.4,144.23,120,14633,17307,14453,20991,861,TRUE,1,4.143,0.9214735516372796,24.37979094076655,2854
2026-04-30T13:37:49.514,T1,5_50_100_200_300cm.csv,2248,0.05,0,5.047,-56.6,-73.5,-17,183.51,92,14533,16883,16535,18945,866,TRUE,1,4.997,0.8697707822131785,21.876443418013857,348
2026-04-30T13:37:51.522,T1,5_50_100_200_300cm.csv,2250,0.05,0,4.428,-55.4,-75.7,-20.3,139.84,124,16186,17340,10304,20772,871,TRUE,1,4.378,1.171031688612357,23.84845005740528,7036
2026-04-30T13:37:54.524,T1,5_50_100_200_300cm.csv,2253,0.05,0,5.797,-58.2,-76.5,-18.2,191.25,72,13202,13770,11340,13238,767,TRUE,1,5.747,1.0515332536837914,17.259452411994786,2430
2026-04-30T13:37:55.543,T1,5_50_100_200_300cm.csv,2254,0.05,0,4.953,-56,-75.2,-19.2,220.75,76,16400,16777,11065,19378,858,TRUE,1,4.9030000000000005,1.1780762876230155,22.585081585081586,5712
2026-04-30T13:37:57.522,T1,5_50_100_200_300cm.csv,2256,0.05,0,7.748,-54.9,-74.5,-19.6,188.28,92,15063,17322,13565,20936,860,TRUE,1,7.698,0.9753618027001651,24.344186046511627,3757
2026-04-30T13:37:59.504,T1,5_50_100_200_300cm.csv,2258,0.05,0,4.296,-55.2,-73.6,-18.4,152.11,116,17078,17645,15019,22567,901,TRUE,1,4.246,1.0456771981386235,25.04661487236404,2626
2026-04-30T13:38:00.522,T1,5_50_100_200_300cm.csv,2259,0.05,0,4.901,-54.8,-74.3,-19.5,140.37,124,14596,17406,14841,21584,871,TRUE,1,4.851,0.9052625050392284,24.780711825487945,2565
2026-04-30T13:38:01.514,T1,5_50_100_200_300cm.csv,2260,0.05,0,4.428,-55.2,-73.8,-18.6,187.76,88,15930,16523,13993,19870,846,TRUE,1,4.378,1.0440424695241841,23.486997635933808,2530
2026-04-30T13:38:02.533,T1,5_50_100_200_300cm.csv,2261,0.05,0,4.437,-55,-73,-18,202.07,84,16212,16974,14966,20515,853,TRUE,1,4.3870000000000005,1.0151534126487163,24.050410316529895,2008
2026-04-30T13:38:03.522,T1,5_50_100_200_300cm.csv,2262,0.05,0,4.418,-55.2,-74,-18.8,170.92,104,16252,17776,15129,22687,904,TRUE,1,4.368,0.9878134022185078,25.096238938053098,2647
2026-04-30T13:38:04.514,T1,5_50_100_200_300cm.csv,2263,0.05,0,7.162,-54.9,-74.7,-19.7,136.96,128,14705,17531,14179,21601,874,TRUE,1,7.112,0.9274676758120467,24.715102974828376,3352
2026-04-30T13:38:06.523,T1,5_50_100_200_300cm.csv,2265,0.05,0,4.334,-55.9,-73.7,-17.9,175.27,100,15100,17527,15732,20501,879,TRUE,1,4.284,0.9080248955170029,23.323094425483504,1795
2026-04-30T13:38:07.511,T1,5_50_100_200_300cm.csv,2266,0.05,0,4.836,-55.4,-73.5,-18.1,167.95,108,17096,18139,15865,23227,921,TRUE,1,4.7860000000000005,1.0055287613221975,25.219326818675352,2274
2026-04-30T13:38:08.532,T1,5_50_100_200_300cm.csv,2267,0.05,0,7.561,-54.8,-73,-18.2,187.26,88,15572,16479,15280,20081,839,TRUE,1,7.511,0.9806354104348374,23.93444576877235,1199
2026-04-30T13:38:09.521,T1,5_50_100_200_300cm.csv,2268,0.05,0,4.235,-56.1,-73.6,-17.4,212.04,80,14212,16963,16315,19244,860,TRUE,1,4.1850000000000005,0.8541378688623115,22.376744186046512,648
2026-04-30T13:38:10.512,T1,5_50_100_200_300cm.csv,2269,0.05,0,4.728,-55.4,-72.9,-17.5,186.08,92,15979,17119,15545,20200,858,TRUE,1,4.678,0.9783859906931178,23.543123543123542,1574
2026-04-30T13:38:13.511,T1,5_50_100_200_300cm.csv,2272,0.05,0,4.371,-55.6,-74.2,-18.6,130.34,128,16502,16683,12845,19739,856,TRUE,1,4.321000000000001,1.1177187753996207,23.059579439252335,3838
2026-04-30T13:38:14.532,T1,5_50_100_200_300cm.csv,2273,0.05,0,4.24,-55.2,-76.5,-21.3,189.04,84,16951,15879,10758,21829,887,TRUE,1,4.19,1.2727409242782595,24.609921082299888,5121
2026-04-30T13:38:16.541,T1,5_50_100_200_300cm.csv,2275,0.05,0,4.489,-55.5,-73.2,-17.7,169.54,100,15960,16954,14998,19848,854,TRUE,1,4.439,0.998998498,23.241217798594846,1956
2026-04-30T13:38:17.562,T1,5_50_100_200_300cm.csv,2276,0.05,0,4.095,-54.6,-73.7,-19,136.16,124,15176,16884,14584,20679,846,TRUE,1,4.045,0.9645354010423287,24.44326241134752,2300
2026-04-30T13:38:18.523,T1,5_50_100_200_300cm.csv,2277,0.05,0,5.83,-55.1,-73.6,-18.5,179.21,96,16783,17204,13393,20709,860,TRUE,1,5.78,1.0970356570905644,24.080232558139535,3811
2026-04-30T13:38:21.521,T1,5_50_100_200_300cm.csv,2280,0.05,0,4.17,-55.1,-77.5,-22.4,146.13,104,17659,15198,9472,22674,900,TRUE,1,4.12,1.4316173490068909,25.19333333333333,5726
2026-04-30T13:38:22.542,T1,5_50_100_200_300cm.csv,2281,0.05,0,5.281,-76.7,-89.6,-12.9,183.12,8,1355,1465,1523,151,155,TRUE,1,5.231,0.9069611780455153,0.9741935483870968,58
2026-04-30T13:38:23.534,T1,5_50_100_200_300cm.csv,2282,0.05,0,4.301,-55,-76.7,-21.7,180.3,84,17371,15145,10562,22017,884,TRUE,1,4.251,1.3514606916404093,24.90610859728507,4583
2026-04-30T13:38:24.523,T1,5_50_100_200_300cm.csv,2283,0.05,0,5.169,-56.3,-75.9,-19.6,179.73,92,17500,16535,9951,20085,882,TRUE,1,5.119,1.3214528430114023,22.772108843537413,6584
2026-04-30T13:38:25.541,T1,5_50_100_200_300cm.csv,2284,0.05,0,4.479,-55.5,-74.2,-18.7,195.05,88,16804,17164,14194,21565,891,TRUE,1,4.429,1.0717520250015944,24.20314253647587,2970
2026-04-30T13:38:27.552,T1,5_50_100_200_300cm.csv,2286,0.05,0,5.854,-55.1,-73.3,-18.2,181.31,100,17342,18131,15564,23367,913,TRUE,1,5.804,1.0293515358361776,25.59364731653888,2567
2026-04-30T13:38:28.541,T1,5_50_100_200_300cm.csv,2287,0.05,0,4.264,-55.8,-74.8,-19,154.67,108,16629,16704,13888,21183,892,TRUE,1,4.214,1.0871469665271967,23.74775784753363,2816
2026-04-30T13:38:30.582,T1,5_50_100_200_300cm.csv,2289,0.05,0,7.401,-54.7,-73.8,-19.1,133.05,128,14939,17031,15063,21161,857,TRUE,1,7.351,0.9309528260734093,24.691948658109684,1968
2026-04-30T13:38:31.543,T1,5_50_100_200_300cm.csv,2290,0.05,0,4.709,-55.8,-74.5,-18.7,186.84,92,16832,17189,14684,22035,910,TRUE,1,4.659,1.0561917610516738,24.214285714285715,2505
2026-04-30T13:38:32.562,T1,5_50_100_200_300cm.csv,2291,0.05,0,6.824,-55.5,-74.2,-18.6,148.97,116,16762,17281,14693,22009,901,TRUE,1,6.774,1.0484768874710702,24.427302996670367,2588
2026-04-30T13:38:33.551,T1,5_50_100_200_300cm.csv,2292,0.05,0,4.362,-54.7,-73.5,-18.9,191.16,88,15312,16822,14551,20491,843,TRUE,1,4.312,0.9761259681892073,24.30723606168446,2271
2026-04-30T13:38:34.542,T1,5_50_100_200_300cm.csv,2293,0.05,0,5.774,-58.1,-79.3,-21.2,150.37,108,15158,16240,10026,19608,929,TRUE,1,5.724,1.1541917307545877,21.106566200215287,6214
2026-04-30T13:38:36.551,T1,5_50_100_200_300cm.csv,2295,0.05,0,6.74,-54.9,-76.7,-21.8,130.87,120,17591,15704,9123,22018,881,TRUE,1,6.69,1.4170862367583679,24.99205448354143,6581
2026-04-30T13:38:37.543,T1,5_50_100_200_300cm.csv,2296,0.05,0,4.212,-55.4,-73.2,-17.8,197.28,88,15835,17361,15790,20887,874,TRUE,1,4.162,0.9553256312026787,23.898169336384438,1571
2026-04-30T13:38:38.593,T1,5_50_100_200_300cm.csv,2297,0.05,0,4.709,-55,-74.7,-19.7,145.29,120,16632,17435,13740,22931,903,TRUE,1,4.659,1.067008821,25.39424141749723,3695
2026-04-30T13:38:39.581,T1,5_50_100_200_300cm.csv,2298,0.05,0,4.156,-54.9,-76.8,-21.9,162.43,100,16867,16243,10143,22589,893,TRUE,1,4.106,1.2784810126582278,25.2956327,6100
2026-04-30T13:38:41.561,T1,5_50_100_200_300cm.csv,2300,0.05,0,4.296,-55.2,-72.9,-17.7,189.65,88,15846,16689,15167,19695,843,TRUE,1,4.246,0.9948518332496233,23.362989323843415,1522
2026-04-30T13:38:42.581,T1,5_50_100_200_300cm.csv,2301,0.05,0,4.4,-55.6,-77.8,-22.2,132.15,128,15664,16915,9015,21738,896,TRUE,1,4.3500000000000005,1.2081758580794446,24.261160714285715,7900
2026-04-30T13:38:43.571,T1,5_50_100_200_300cm.csv,2302,0.05,0,6.318,-55.3,-76.8,-21.6,173.06,100,14974,17306,10742,21646,885,TRUE,1,6.268,1.0677410154021678,24.458757062146894,6564
2026-04-30T13:38:44.563,T1,5_50_100_200_300cm.csv,2303,0.05,0,4.324,-55.2,-73.5,-18.3,187.22,92,16910,17224,12905,20227,854,TRUE,1,4.274,1.1225065551462046,23.685011709601874,4319
2026-04-30T13:38:45.583,T1,5_50_100_200_300cm.csv,2304,0.05,0,6.379,-55.2,-73.6,-18.4,165.1,100,15737,16510,14801,20057,851,TRUE,1,6.329,1.005205838203826,23.56874265569918,1709
2026-04-30T13:38:46.570,T1,5_50_100_200_300cm.csv,2305,0.05,0,4.869,-54.9,-72.7,-17.8,189.56,88,15500,16681,15725,19914,839,TRUE,1,4.819,0.9566129729062519,23.735399284862932,956
2026-04-30T13:38:48.552,T1,5_50_100_200_300cm.csv,2307,0.05,0,4.381,-54.9,-75,-20,193.87,92,15349,17836,13827,22684,896,TRUE,1,4.331,0.9695227868490036,25.316964285714285,4009
2026-04-30T13:38:49.571,T1,5_50_100_200_300cm.csv,2308,0.05,0,4.906,-55.7,-73.9,-18.2,199.37,84,16723,16747,16127,21983,906,TRUE,1,4.856,1.0173997688142604,24.263796909492275,620
2026-04-30T13:38:50.561,T1,5_50_100_200_300cm.csv,2309,0.05,0,4.404,-55.5,-73.8,-18.3,186.98,92,16745,17202,13704,20590,871,TRUE,1,4.354,1.0836083608360836,23.639494833524683,3498
2026-04-30T13:38:52.572,T1,5_50_100_200_300cm.csv,2311,0.05,0,4.751,-56,-76.1,-20.1,176.99,92,17452,16283,8620,19738,867,TRUE,1,4.7010000000000005,1.4015982010199575,22.76585928489043,7663
2026-04-30T13:38:53.592,T1,5_50_100_200_300cm.csv,2312,0.05,0,4.282,-55.6,-73.6,-18,187.4,88,14389,16491,15979,19411,847,TRUE,1,4.232,0.8862950415768401,22.917355371900825,512
2026-04-30T13:38:54.584,T1,5_50_100_200_300cm.csv,2313,0.05,0,4.564,-55.8,-73.5,-17.7,190.52,88,16191,16766,13476,18792,841,TRUE,1,4.514,1.0707625157066332,22.344827586206897,3290
2026-04-30T13:38:55.571,T1,5_50_100_200_300cm.csv,2314,0.05,0,4.761,-55.9,-74.4,-18.5,169.13,100,16670,16913,11378,19044,848,TRUE,1,4.711,1.1784666501714327,22.45754716981132,5535
2026-04-30T13:38:58.571,T1,5_50_100_200_300cm.csv,2317,0.05,0,4.343,-55.6,-75.1,-19.5,183.53,92,16227,16885,11551,19964,861,TRUE,1,4.293,1.1412997608665072,23.18699187,5334
2026-04-30T13:38:59.563,T1,5_50_100_200_300cm.csv,2318,0.05,0,4.292,-54.8,-75,-20.1,179.22,96,15992,17205,13470,22471,888,TRUE,1,4.242,1.0426731866340668,25.30518018018018,3735
2026-04-30T13:39:00.581,T1,5_50_100_200_300cm.csv,2319,0.05,0,5.141,-60.7,-78.2,-17.4,174.1,52,8852,9053,7231,5413,534,TRUE,1,5.091,1.087202161631049,10.136704119850187,1822
2026-04-30T13:39:03.580,T1,5_50_100_200_300cm.csv,2322,0.05,0,4.69,-55,-74.3,-19.3,203.08,88,15709,17871,14705,22635,897,TRUE,1,4.640000000000001,0.9644523575638507,25.234113712374583,3166
2026-04-30T13:39:05.561,T1,5_50_100_200_300cm.csv,2324,0.05,0,4.695,-55.1,-73.6,-18.5,161.57,104,16351,16803,13430,19999,846,TRUE,1,4.6450000000000005,1.0816657295008765,23.63947990543735,3373
2026-04-30T13:39:07.570,T1,5_50_100_200_300cm.csv,2326,0.05,0,5.164,-55.4,-74.3,-18.9,178.11,96,16948,17099,11895,20234,860,TRUE,1,5.114,1.1690694626474443,23.527906976744188,5204
2026-04-30T13:39:08.591,T1,5_50_100_200_300cm.csv,2327,0.05,0,4.296,-55,-77.4,-22.4,147.29,112,17676,16496,9681,24320,929,TRUE,1,4.246,1.3504985292432288,26.178686759956943,6815
2026-04-30T13:39:09.581,T1,5_50_100_200_300cm.csv,2328,0.05,0,6.829,-54.8,-73,-18.2,183.27,92,15770,16861,15490,20722,853,TRUE,1,6.779,0.974931223,24.29308323563892,1371
2026-04-30T13:39:10.572,T1,5_50_100_200_300cm.csv,2329,0.05,0,4.784,-55.1,-77.4,-22.3,130.87,120,17912,15704,8701,22865,905,TRUE,1,4.734,1.467895922966605,25.265193370165747,7003
2026-04-30T13:39:12.580,T1,5_50_100_200_300cm.csv,2331,0.05,0,4.667,-55.4,-73.9,-18.5,160.15,104,16701,16656,16060,22284,902,TRUE,1,4.617,1.0209683335371071,24.70509977827051,596
2026-04-30T13:39:13.602,T1,5_50_100_200_300cm.csv,2332,0.05,0,4.714,-54.9,-72.6,-17.8,176.08,96,15854,16904,15551,20294,845,TRUE,1,4.664000000000001,0.9769835156370359,24.016568047337277,1353
2026-04-30T13:39:16.571,T1,5_50_100_200_300cm.csv,2335,0.05,0,4.925,-55.2,-74,-18.8,200.06,84,15453,16805,14136,20154,852,TRUE,1,4.875,0.9988688148411493,23.654929577464788,2669
2026-04-30T13:39:17.591,T1,5_50_100_200_300cm.csv,2336,0.05,0,7.589,-54.9,-72.8,-17.9,145.16,120,16911,17419,14435,20941,859,TRUE,1,7.539000000000001,1.0617818798267094,24.378346915017463,2984
2026-04-30T13:39:28.631,T1,5_50_100_200_300cm.csv,2347,0.05,0,4.259,-55.2,-76.5,-21.3,156.51,104,17281,16277,8364,21079,870,TRUE,1,4.2090000000000005,1.402621646848748,24.22873563218391,7913
2026-04-30T13:39:29.589,T1,5_50_100_200_300cm.csv,2348,0.05,0,4.461,-55.1,-72.9,-17.8,195.89,88,16020,17238,15916,21000,867,TRUE,1,4.4110000000000005,0.9663992278458104,24.22145328719723,1322
2026-04-30T13:39:30.609,T1,5_50_100_200_300cm.csv,2349,0.05,0,4.409,-55.3,-72.8,-17.5,188.96,92,15861,17384,15935,20694,866,TRUE,1,4.359,0.9520693898376302,23.89607390300231,1449
2026-04-30T13:39:32.591,T1,5_50_100_200_300cm.csv,2351,0.05,0,5.145,-59.4,-78.2,-18.9,194.06,48,9082,9315,7237,6223,547,TRUE,1,5.095,1.097390043499275,11.376599634369287,2078
2026-04-30T13:39:33.610,T1,5_50_100_200_300cm.csv,2352,0.05,0,7.631,-54.8,-75.7,-20.9,189.58,92,14790,17441,12435,21958,877,TRUE,1,7.581,0.9900923818449592,25.03762827822121,5006
2026-04-30T13:39:34.601,T1,5_50_100_200_300cm.csv,2353,0.05,0,4.31,-55,-73.2,-18.2,194.04,92,17199,17852,14894,22441,893,TRUE,1,4.26,1.0504489097905088,25.12989921612542,2958
2026-04-30T13:39:35.620,T1,5_50_100_200_300cm.csv,2354,0.05,0,4.461,-54.9,-72.4,-17.5,144.36,120,16384,17323,15526,20693,854,TRUE,1,4.4110000000000005,0.9975341715120704,24.230679156908664,1797
2026-04-30T13:39:36.611,T1,5_50_100_200_300cm.csv,2355,0.05,0,6.792,-55.3,-75.7,-20.4,142.33,120,16516,17080,12383,22418,901,TRUE,1,6.742,1.121134982859858,24.881243063263042,4697
2026-04-30T13:39:40.599,T1,5_50_100_200_300cm.csv,2359,0.05,0,4.704,-55,-73,-18.1,186.65,96,17027,17918,15772,22832,900,TRUE,1,4.654,1.010804392994954,25.36888888888889,2146
2026-04-30T13:39:42.610,T1,5_50_100_200_300cm.csv,2361,0.05,0,4.339,-54.9,-73.4,-18.5,208.44,80,15955,16675,14407,20291,847,TRUE,1,4.289000000000001,1.026639212405894,23.956316410861866,2268
2026-04-30T13:39:43.601,T1,5_50_100_200_300cm.csv,2362,0.05,0,4.873,-55.3,-74.9,-19.6,194.09,88,15757,17080,12465,20523,862,TRUE,1,4.823,1.0666441022169573,23.808584686774942,4615
2026-04-30T13:39:44.620,T1,5_50_100_200_300cm.csv,2363,0.05,0,4.822,-54.8,-73.3,-18.5,175.07,104,17541,18207,15638,24182,922,TRUE,1,4.772,1.036548973260452,26.227765726681127,2569
2026-04-30T13:39:47.621,T1,5_50_100_200_300cm.csv,2366,0.05,0,7.209,-55.6,-73.5,-17.9,195.17,92,15741,17956,16339,22041,903,TRUE,1,7.159,0.917976381,24.408637873754152,1617
2026-04-30T13:39:49.630,T1,5_50_100_200_300cm.csv,2368,0.05,0,4.625,-55,-73.7,-18.7,182.85,92,15306,16822,14733,20354,850,TRUE,1,4.575,0.9701156710505466,23.945882352941176,2089
2026-04-30T13:39:50.621,T1,5_50_100_200_300cm.csv,2369,0.05,0,5.3,-55.4,-73.7,-18.3,197.5,88,17042,17380,15528,22582,908,TRUE,1,5.25,1.0357359912483286,24.870044052863435,1852
2026-04-30T13:39:51.611,T1,5_50_100_200_300cm.csv,2370,0.05,0,4.329,-55,-73.6,-18.6,180.23,92,15563,16581,14732,20254,849,TRUE,1,4.279,0.9940280394724236,23.85630153121319,1849
2026-04-30T13:39:52.631,T1,5_50_100_200_300cm.csv,2371,0.05,0,4.662,-55.4,-75.1,-19.7,168.58,92,17158,15509,12332,20437,863,TRUE,1,4.612,1.2325706691569986,23.681344148319816,3177
2026-04-30T13:39:53.619,T1,5_50_100_200_300cm.csv,2372,0.05,0,4.31,-55.3,-74.4,-19,134.92,128,16560,17270,14460,22218,898,TRUE,1,4.26,1.0438071225969114,24.741648106904233,2810
2026-04-30T13:39:54.611,T1,5_50_100_200_300cm.csv,2373,0.05,0,4.883,-55,-72.8,-17.8,207.36,84,16794,17418,14711,20898,863,TRUE,1,4.833,1.0454106881633416,24.21552723059096,2707
2026-04-30T13:39:55.629,T1,5_50_100_200_300cm.csv,2374,0.05,0,7.336,-55.1,-75.3,-20.2,134.48,128,16199,17213,12712,22163,890,TRUE,1,7.286,1.0826399331662488,24.902247191011234,4501
2026-04-30T13:39:58.631,T1,5_50_100_200_300cm.csv,2377,0.05,0,7.734,-55.1,-75.2,-20,211.17,84,14921,17738,13906,22265,893,TRUE,1,7.684,0.9430539754771836,24.932810750279955,3832
2026-04-30T13:39:59.620,T1,5_50_100_200_300cm.csv,2378,0.05,0,4.278,-55.3,-76.3,-21,172.65,92,17467,15884,9257,20913,872,TRUE,1,4.228,1.3895230897736766,23.982798165137616,6627
2026-04-30T13:40:00.609,T1,5_50_100_200_300cm.csv,2379,0.05,0,7.064,-56,-75.9,-19.9,194.26,84,17281,16318,10665,20427,883,TRUE,1,7.014,1.2808805544231554,23.133635334088336,5653
2026-04-30T13:40:01.630,T1,5_50_100_200_300cm.csv,2380,0.05,0,4.264,-55,-74.4,-19.5,181.38,96,14537,17412,14753,21416,872,TRUE,1,4.214,0.9039017565676978,24.559633027522935,2659
2026-04-30T13:40:03.639,T1,5_50_100_200_300cm.csv,2382,0.05,0,4.268,-55,-72.8,-17.8,148.12,120,16890,17774,15679,22106,886,TRUE,1,4.218,1.009774908079993,24.950338600451467,2095
2026-04-30T13:40:04.628,T1,5_50_100_200_300cm.csv,2383,0.05,0,7.298,-55.6,-74.1,-18.5,131.16,116,16449,15214,16213,20917,881,TRUE,1,7.248,1.0468068857988353,23.74233825198638,999
2026-04-30T13:40:05.618,T1,5_50_100_200_300cm.csv,2384,0.05,0,7.336,-55.9,-75.7,-19.8,162.64,92,16915,14963,12445,19913,868,TRUE,1,7.286,1.2343111500291886,22.941244239631338,2518
2026-04-30T13:40:06.640,T1,5_50_100_200_300cm.csv,2385,0.05,0,7.35,-55.3,-77.1,-21.9,170.55,100,15008,17055,9826,21160,875,TRUE,1,7.3,1.1166251255533648,24.18285714285714,7229
2026-04-30T13:40:07.658,T1,5_50_100_200_300cm.csv,2386,0.05,0,4.329,-55.1,-73.1,-18,188.7,88,15623,16606,15244,19932,844,TRUE,1,4.279,0.9810361067503924,23.61611374407583,1362
2026-04-30T13:40:09.640,T1,5_50_100_200_300cm.csv,2388,0.05,0,7.293,-54.9,-72.7,-17.8,207.11,84,16186,17397,15853,21339,868,TRUE,1,7.243,0.973593985,24.58410138248848,1544
2026-04-30T13:40:12.639,T1,5_50_100_200_300cm.csv,2391,0.05,0,7.434,-55.5,-73.9,-18.5,167.24,100,16639,16724,15491,21758,893,TRUE,1,7.384,1.0329970510631694,24.365061590145576,1233
2026-04-30T13:40:14.650,T1,5_50_100_200_300cm.csv,2393,0.05,0,4.414,-55.5,-76.5,-21,147.35,108,17193,15914,8404,20151,861,TRUE,1,4.364,1.4140143103873675,23.40418118466899,7510
2026-04-30T13:40:15.638,T1,5_50_100_200_300cm.csv,2394,0.05,0,4.794,-54.9,-74.5,-19.6,181,96,15271,17376,13334,21052,863,TRUE,1,4.744,0.9945294692282645,24.393974507531865,4042
2026-04-30T13:40:17.648,T1,5_50_100_200_300cm.csv,2396,0.05,0,4.306,-55.2,-73.2,-18,195.85,92,17124,18018,15694,22862,906,TRUE,1,4.256,1.0158993830090175,25.233995584988964,2324
2026-04-30T13:40:18.637,T1,5_50_100_200_300cm.csv,2397,0.05,0,7.748,-55.1,-74.8,-19.8,133.93,132,15924,17679,13811,22615,898,TRUE,1,7.698,1.011368688472531,25.183741648106903,3868
2026-04-30T13:40:20.649,T1,5_50_100_200_300cm.csv,2399,0.05,0,4.4,-55.9,-73.8,-17.9,132.52,124,14061,16432,16200,19208,851,TRUE,1,4.3500000000000005,0.8617921059083109,22.571092831962396,232
2026-04-30T13:40:29.677,T1,5_50_100_200_300cm.csv,2408,0.05,0,4.733,-54.9,-73,-18,191.42,92,17022,17611,14854,21757,877,TRUE,1,4.683,1.0486369936855076,24.808437856328393,2757
2026-04-30T13:40:30.637,T1,5_50_100_200_300cm.csv,2409,0.05,0,4.915,-56.1,-73.2,-17.1,224.08,76,15735,17030,15451,19295,859,TRUE,1,4.865,0.9688741110187494,22.462165308498253,1579
2026-04-30T13:40:32.649,T1,5_50_100_200_300cm.csv,2411,0.05,0,7.49,-54.9,-75.1,-20.1,175.09,100,15957,17509,13109,22453,891,TRUE,1,7.44,1.0423280423280423,25.199775533108866,4400
2026-04-30T13:40:33.640,T1,5_50_100_200_300cm.csv,2412,0.05,0,4.718,-55.1,-74.6,-19.5,161.03,108,14607,17391,14341,21137,870,TRUE,1,4.668,0.9206479263834615,24.295402298850576,3050
2026-04-30T13:40:38.677,T1,5_50_100_200_300cm.csv,2417,0.05,0,4.958,-64.3,-85.6,-21.3,181.45,20,3847,3629,2773,1185,283,TRUE,1,4.908,1.2018119337706967,4.187279151943463,856
2026-04-30T13:06:06.251,T1,5_50_100_200_300cm.csv,346,1,0,5.53,-67.3,-96.4,-29.1,100.74,68,5676,6850,5260,23473,1397,TRUE,1,4.53,0.9374071015689512,16.802433786685754,1590
2026-04-30T13:06:08.261,T1,5_50_100_200_300cm.csv,348,1,0,5.882,-67.3,-97.5,-30.2,82.88,76,4421,6299,3935,21361,1331,TRUE,1,4.882,0.863982802,16.04883546,2364
2026-04-30T13:06:10.240,T1,5_50_100_200_300cm.csv,350,1,0,8.574,-65.2,-94.9,-29.6,51.86,80,7413,4149,5131,17627,1127,TRUE,1,7.574,1.5976293103448276,15.640638864241348,982
2026-04-30T13:06:11.261,T1,5_50_100_200_300cm.csv,351,1,0,5.797,-69.8,-98.4,-28.6,74.09,80,4766,5927,6171,28339,1674,TRUE,1,4.797,0.7878988262522731,16.928912783751493,244
2026-04-30T13:06:12.250,T1,5_50_100_200_300cm.csv,352,1,0,6.135,-69.5,-89.4,-19.9,168.55,108,15184,18203,11942,26474,1602,TRUE,1,5.135,1.007397578371206,16.525593008739076,6261
2026-04-30T13:06:23.291,T1,5_50_100_200_300cm.csv,363,1,0,5.413,-70.5,-97.8,-27.4,95.38,72,2041,6867,7730,27393,1683,TRUE,1,4.413,0.27964650270603547,16.276292335115865,863
2026-04-30T13:06:24.252,T1,5_50_100_200_300cm.csv,364,1,0,7.931,-69.3,-99.9,-30.5,52.54,100,3146,5254,4632,25182,1552,TRUE,1,6.931,0.6364555937689662,16.225515463917525,622
2026-04-30T13:06:25.271,T1,5_50_100_200_300cm.csv,365,1,0,5.478,-68.9,-97.2,-28.2,72.4,112,5306,8109,7180,34121,1781,TRUE,1,4.478,0.6940937929230165,19.158338012352612,929
2026-04-30T13:06:26.261,T1,5_50_100_200_300cm.csv,366,1,0,5.854,-70.2,-98.7,-28.4,86.98,84,1153,7306,6145,28099,1691,TRUE,1,4.854,0.17143706787599436,16.61679479597871,1161
2026-04-30T13:06:27.251,T1,5_50_100_200_300cm.csv,367,1,0,5.483,-72.5,-99.2,-26.7,47.86,108,2976,5169,9140,34652,2028,TRUE,1,4.483,0.4159619819693899,17.086785009861934,3971
2026-04-30T13:06:30.250,T1,5_50_100_200_300cm.csv,370,1,0,5.882,-67.4,-93.5,-26.1,91.95,88,9400,8092,7547,23915,1415,TRUE,1,4.882,1.2021228978834964,16.901060070671377,545
2026-04-30T13:06:31.270,T1,5_50_100_200_300cm.csv,371,1,0,5.91,-66.7,-98.7,-32,63.47,100,346,6347,6691,33335,1629,TRUE,1,4.91,0.053075625,20.463474524248007,344
2026-04-30T13:06:34.301,T1,5_50_100_200_300cm.csv,374,1,0,8.64,-68.1,-98.1,-30,54.97,88,4448,4837,6624,27012,1538,TRUE,1,7.640000000000001,0.7761975394817207,17.56306892,1787
2026-04-30T13:06:35.290,T1,5_50_100_200_300cm.csv,375,1,0,5.816,-66.8,-97.2,-30.4,65.08,84,6490,5467,3351,22687,1350,TRUE,1,4.816,1.4719891131775913,16.805185185185184,2116
2026-04-30T13:06:36.250,T1,5_50_100_200_300cm.csv,376,1,0,5.577,-68.1,-96.5,-28.4,46.86,84,6246,3936,6290,19984,1326,TRUE,1,4.577,1.221592020340309,15.070889894419306,2354
2026-04-30T13:06:37.270,T1,5_50_100_200_300cm.csv,377,1,0,5.422,-67.6,-98,-30.4,72.6,68,4558,4937,3038,17032,1202,TRUE,1,4.422,1.1430721003134796,14.169717138103161,1899
2026-04-30T13:06:38.260,T1,5_50_100_200_300cm.csv,378,1,0,6.379,-71.7,-100.6,-28.9,52.04,68,1735,3539,2288,8847,997,TRUE,1,5.379,0.5955036897202677,8.873620862587764,1251
2026-04-30T13:06:39.252,T1,5_50_100_200_300cm.csv,379,1,0,5.9,-69,-98.1,-29.1,45.25,104,4835,4706,7252,28637,1634,TRUE,1,4.9,0.8086636561297876,17.525703794369644,2546
2026-04-30T13:06:40.270,T1,5_50_100_200_300cm.csv,380,1,0,6.956,-76.8,-101,-24.1,51.96,28,722,1455,969,1169,433,TRUE,1,5.956,0.5957095709570958,2.699769053117783,486
2026-04-30T13:06:41.260,T1,5_50_100_200_300cm.csv,381,1,0,7.153,-72.3,-99.1,-26.8,42.32,60,2862,2539,3098,7108,913,TRUE,1,6.153,1.0154337413517829,7.785323110624315,559
2026-04-30T13:06:42.252,T1,5_50_100_200_300cm.csv,382,1,0,7.054,-75.3,-99.9,-24.6,50.44,32,973,1614,1496,1639,487,TRUE,1,6.054,0.6257234726688103,3.3655030800821355,118
2026-04-30T13:06:43.273,T1,5_50_100_200_300cm.csv,383,1,0,5.99,-67.9,-98.8,-30.9,57.23,116,3271,6639,5052,29243,1592,TRUE,1,4.99,0.559575742,18.368718592964825,1587
2026-04-30T13:06:44.261,T1,5_50_100_200_300cm.csv,384,1,0,5.394,-69.3,-97.7,-28.4,37.05,136,6397,5039,7960,33572,1787,TRUE,1,4.394,0.9842295561197015,18.786793508673753,2921
2026-04-30T13:06:45.281,T1,5_50_100_200_300cm.csv,385,1,0,7.725,-69.3,-97.9,-28.6,66.8,80,6271,5344,6907,31195,1727,TRUE,1,6.725,1.0237531630071015,18.063115228720324,1563
2026-04-30T13:06:46.270,T1,5_50_100_200_300cm.csv,386,1,0,5.896,-68,-97.1,-29.1,38.57,88,7538,3394,7107,29077,1591,TRUE,1,4.896,1.435672793067327,18.27592708988058,3713
2026-04-30T13:06:47.262,T1,5_50_100_200_300cm.csv,387,1,0,5.624,-67.7,-96.6,-28.9,73.47,72,5776,5290,5208,20027,1307,TRUE,1,4.624,1.1004000762049915,15.322876817138486,82
2026-04-30T13:06:49.269,T1,5_50_100_200_300cm.csv,389,1,0,6.327,-65.8,-98.8,-33.1,36.18,72,3487,2605,4234,15855,1088,TRUE,1,5.327,1.019739728030414,14.572610294117647,1629
2026-04-30T13:06:50.290,T1,5_50_100_200_300cm.csv,390,1,0,6.491,-99.8,-108.4,-8.6,10.12,8,139,81,168,3,125,TRUE,1,5.491,1.1164658634538152,0.024,87
2026-04-30T13:06:51.308,T1,5_50_100_200_300cm.csv,391,1,0,8.757,-69.5,-97.7,-28.2,79.4,84,4787,6670,4317,21945,1458,TRUE,1,7.757,0.8713934650040958,15.051440329218106,2353
2026-04-30T13:06:52.270,T1,5_50_100_200_300cm.csv,392,1,0,5.99,-70.3,-95.1,-24.8,62.27,128,12726,7970,8833,40028,2021,TRUE,1,4.99,1.514729512587038,19.80603661553686,863
2026-04-30T13:06:54.281,T1,5_50_100_200_300cm.csv,394,1,0,5.886,-67.5,-94,-26.5,79.62,84,11735,6688,6970,28663,1553,TRUE,1,4.886,1.7184067945526431,18.456535737282678,282
2026-04-30T13:06:55.269,T1,5_50_100_200_300cm.csv,395,1,0,5.933,-65.4,-94.9,-29.5,56.12,88,8492,4939,5582,22697,1286,TRUE,1,4.933,1.6142952190856383,17.649300155520994,643
2026-04-30T13:06:56.320,T1,5_50_100_200_300cm.csv,396,1,0,5.525,-66.4,-95.8,-29.5,56.19,116,8685,6518,6315,32567,1593,TRUE,1,4.525,1.3535416504324789,20.443816698053986,203
2026-04-30T13:06:57.281,T1,5_50_100_200_300cm.csv,397,1,0,5.886,-66.3,-96.6,-30.2,76.17,76,6296,5789,5063,24107,1369,TRUE,1,4.886,1.1603391079985257,17.609203798392986,726
2026-04-30T13:06:59.289,T1,5_50_100_200_300cm.csv,399,1,0,6.008,-67.7,-99,-31.3,43.49,104,2151,4523,5797,23073,1403,TRUE,1,5.008,0.41686046511627906,16.445473984319317,1274
2026-04-30T13:07:00.279,T1,5_50_100_200_300cm.csv,400,1,0,6.008,-67.7,-96.8,-29,73.93,68,3816,5027,6744,19880,1305,TRUE,1,5.008,0.6483731203805964,15.233716475095786,1717
2026-04-30T13:07:05.290,T1,5_50_100_200_300cm.csv,405,1,0,6.693,-68,-99,-31,26.58,100,4352,2658,5587,21676,1375,TRUE,1,5.693,1.0556701030927835,15.764363636363637,2929
2026-04-30T13:07:17.289,T1,5_50_100_200_300cm.csv,417,1,0,5.347,-66.9,-99.1,-32.2,70.36,76,2510,5347,3637,20479,1288,TRUE,1,4.347,0.5587711487088157,15.899844720496894,1710
2026-04-30T13:07:18.310,T1,5_50_100_200_300cm.csv,418,1,0,5.492,-67.4,-98.2,-30.8,38.16,104,6273,3969,5853,29706,1574,TRUE,1,4.492,1.2773365913255956,18.872935196950444,1884
2026-04-30T13:07:19.300,T1,5_50_100_200_300cm.csv,419,1,0,5.506,-67.2,-99.6,-32.4,58.4,92,2495,5373,3545,22082,1348,TRUE,1,4.506,0.5595424983180085,16.381305637982194,1828
2026-04-30T13:07:20.321,T1,5_50_100_200_300cm.csv,420,1,0,7.795,-68.6,-98.6,-30,40.53,112,5020,4539,6656,30030,1651,TRUE,1,6.795,0.8968289414917374,18.188976377952756,2117
2026-04-30T13:07:21.310,T1,5_50_100_200_300cm.csv,421,1,0,7.866,-67.3,-97.2,-29.9,28.44,100,6953,2844,6228,25459,1454,TRUE,1,6.866,1.532848324514991,17.509628610729024,3384
2026-04-30T13:07:22.298,T1,5_50_100_200_300cm.csv,422,1,0,8.738,-67.5,-98.9,-31.4,47.75,108,3540,5157,5033,24726,1443,TRUE,1,7.738,0.6947988223748773,17.135135135135137,124
2026-04-30T13:07:25.298,T1,5_50_100_200_300cm.csv,425,1,0,8.368,-67.2,-99.2,-32.1,60.7,104,2584,6313,4530,28721,1538,TRUE,1,7.368,0.47662086138522547,18.674252275682704,1783
2026-04-30T13:07:27.310,T1,5_50_100_200_300cm.csv,427,1,0,5.83,-67.6,-98.3,-30.8,52.38,104,4912,5447,6636,33089,1673,TRUE,1,4.83,0.8130431184308533,19.778242677824267,1189
2026-04-30T13:07:29.288,T1,5_50_100_200_300cm.csv,429,1,0,7.73,-67.9,-98.3,-30.3,40.63,104,5439,4226,7675,34472,1730,TRUE,1,6.73,0.9140408369044618,19.92601156069364,3449
2026-04-30T13:07:30.308,T1,5_50_100_200_300cm.csv,430,1,0,5.877,-68.3,-98.8,-30.5,67.05,84,1324,5632,5574,23166,1436,TRUE,1,4.877,0.23630198108156344,16.132311977715876,58
2026-04-30T13:07:31.300,T1,5_50_100_200_300cm.csv,431,1,0,8.621,-68,-100.2,-32.2,59.43,96,1365,5705,4051,25736,1500,TRUE,1,7.621,0.27982779827798276,17.157333333333334,1654
2026-04-30T13:07:33.340,T1,5_50_100_200_300cm.csv,433,1,0,6.341,-71.8,-100.7,-28.9,46.64,36,1197,1679,2052,3690,647,TRUE,1,5.341,0.6416510318949343,5.703245749613601,373
2026-04-30T13:07:34.328,T1,5_50_100_200_300cm.csv,434,1,0,8.382,-66.3,-99,-32.7,53.88,72,3008,3879,5043,21164,1280,TRUE,1,7.382,0.6742882761712621,16.534375,1164
2026-04-30T13:07:36.308,T1,5_50_100_200_300cm.csv,436,1,0,5.807,-67.9,-100.1,-32.2,74.17,76,1198,5637,3637,23131,1415,TRUE,1,4.807,0.25835669613974555,16.346996466431097,2000
2026-04-30T13:07:37.298,T1,5_50_100_200_300cm.csv,437,1,0,6.018,-68.1,-99.1,-31,62.82,84,1352,5277,4093,17993,1258,TRUE,1,5.018,0.28858057630736395,14.302861685214626,1184
2026-04-30T13:07:38.320,T1,5_50_100_200_300cm.csv,438,1,0,5.83,-69.5,-98.4,-28.9,29.33,96,4920,2816,6599,22948,1490,TRUE,1,4.83,1.0451407328730749,15.401342281879195,3783
2026-04-30T13:07:40.358,T1,5_50_100_200_300cm.csv,440,1,0,5.929,-68.8,-98.3,-29.5,46.45,88,4908,4088,6732,26570,1566,TRUE,1,4.929,0.9072088724584103,16.966794380587483,2644
2026-04-30T13:07:43.329,T1,5_50_100_200_300cm.csv,443,1,0,5.347,-68.1,-99.1,-31,50.76,80,3502,4061,6047,25273,1490,TRUE,1,4.347,0.6929165017807677,16.961744966442954,1986
2026-04-30T13:07:45.311,T1,5_50_100_200_300cm.csv,445,1,0,5.99,-68.8,-99.6,-30.8,44.24,116,3282,5132,5778,29336,1645,TRUE,1,4.99,0.6016498625114574,17.833434650455928,646
2026-04-30T13:07:47.318,T1,5_50_100_200_300cm.csv,447,1,0,5.469,-68.7,-99.1,-30.4,47.1,104,3732,4898,6560,30392,1668,TRUE,1,4.469,0.6514225868388899,18.22062350119904,1662
2026-04-30T13:07:48.310,T1,5_50_100_200_300cm.csv,448,1,0,5.863,-68.6,-98.6,-30,35.57,108,4327,3842,6430,25040,1511,TRUE,1,4.863,0.8424844236760125,16.57180675049636,2588
2026-04-30T13:07:51.310,T1,5_50_100_200_300cm.csv,451,1,0,5.441,-68.7,-99.1,-30.4,59.63,112,1537,6679,5484,28809,1624,TRUE,1,4.441,0.2527337005672943,17.739532019704434,1195
2026-04-30T13:07:52.330,T1,5_50_100_200_300cm.csv,452,1,0,5.807,-68,-98.7,-30.8,58.82,84,3028,4941,6068,25467,1488,TRUE,1,4.807,0.5500953765101281,17.114919354838708,1127
2026-04-30T13:07:53.348,T1,5_50_100_200_300cm.csv,453,1,0,5.408,-68.4,-99.1,-30.6,64.3,84,1790,5401,5384,23097,1440,TRUE,1,4.408,0.3319425127491887,16.039583333333333,17
2026-04-30T13:07:54.308,T1,5_50_100_200_300cm.csv,454,1,0,6.313,-76.2,-101.2,-25,58.21,28,601,1630,974,1428,468,TRUE,1,5.313,0.46159754224270355,3.051282051282051,656
2026-04-30T13:07:57.396,T1,5_50_100_200_300cm.csv,457,1,0,6.848,-72.2,-100.1,-27.8,60.16,44,643,2647,2037,4228,703,TRUE,1,5.848,0.2745516652433817,6.014224751066856,610
2026-04-30T13:07:58.328,T1,5_50_100_200_300cm.csv,458,1,0,6.867,-76.5,-101.4,-24.9,53.82,28,501,1507,1050,1345,459,TRUE,1,5.867,0.39186546734454436,2.9302832244008714,457
2026-04-30T13:07:59.319,T1,5_50_100_200_300cm.csv,459,1,0,5.394,-68.6,-99.2,-30.7,63.66,88,2198,5602,5614,26233,1542,TRUE,1,4.394,0.39194008559201143,17.012321660181584,12
2026-04-30T13:08:00.309,T1,5_50_100_200_300cm.csv,460,1,0,5.441,-68.7,-100.2,-31.5,57.21,112,2826,6408,3690,30064,1656,TRUE,1,4.441,0.5597147950089126,18.154589371980677,2718
2026-04-30T13:08:01.329,T1,5_50_100_200_300cm.csv,461,1,0,5.975,-68.2,-98.4,-30.2,37.9,92,5010,3487,6909,27654,1564,TRUE,1,4.975,0.9638322431704501,17.68158567774936,3422
2026-04-30T13:08:04.328,T1,5_50_100_200_300cm.csv,464,1,0,5.929,-68.2,-98.4,-30.2,32.93,112,5725,3688,7706,34941,1759,TRUE,1,4.929,1.004914867474109,19.864127345082434,4018
2026-04-30T13:08:05.318,T1,5_50_100_200_300cm.csv,465,1,0,6.82,-73.3,-100.5,-27.2,59.02,44,862,2597,1622,3815,692,TRUE,1,5.82,0.4086276368807774,5.513005780346821,975
2026-04-30T13:08:06.337,T1,5_50_100_200_300cm.csv,466,1,0,5.558,-68.5,-98.9,-30.4,64.39,104,2277,6697,6628,33931,1749,TRUE,1,4.558,0.3417636022514071,19.400228702115495,69
2026-04-30T13:08:07.329,T1,5_50_100_200_300cm.csv,467,1,0,5.305,-65.1,-94.4,-29.3,23.64,84,9828,1986,2924,17681,1122,TRUE,1,4.305,4.003258655804481,15.758467023172905,938
2026-04-30T13:08:10.329,T1,5_50_100_200_300cm.csv,470,1,0,5.816,-70.3,-96,-25.7,107.35,80,7018,8588,6780,27440,1676,TRUE,1,4.816,0.9133263925039042,16.372315035799524,1808
2026-04-30T13:08:11.319,T1,5_50_100_200_300cm.csv,471,1,0,5.521,-70.3,-98.3,-28,32.14,80,5591,2571,5555,18977,1393,TRUE,1,4.521,1.3760767905488556,13.623115577889447,2984
2026-04-30T13:08:12.339,T1,5_50_100_200_300cm.csv,472,1,0,5.849,-72.2,-97.9,-25.7,51.64,92,4640,4751,6938,20403,1544,TRUE,1,4.849,0.7939088031482591,13.214378238341968,2187
2026-04-30T13:08:14.347,T1,5_50_100_200_300cm.csv,474,1,0,8.011,-71.4,-94.8,-23.4,100.11,84,8012,8409,9119,25265,1671,TRUE,1,7.010999999999999,0.9141944317663168,15.119688809096349,710
2026-04-30T13:08:15.339,T1,5_50_100_200_300cm.csv,475,1,0,5.445,-67.1,-96.4,-29.3,69.22,64,8302,4430,4259,23674,1392,TRUE,1,4.445,1.9109218552192426,17.007183908045977,171
2026-04-30T13:08:16.327,T1,5_50_100_200_300cm.csv,476,1,0,5.966,-67.5,-96.3,-28.8,68.31,96,7652,6558,4273,25303,1460,TRUE,1,4.966,1.4129812575016156,17.33082191780822,2285
2026-04-30T13:08:17.377,T1,5_50_100_200_300cm.csv,477,1,0,6.487,-68.1,-98.5,-30.4,65.95,100,1713,6595,5751,26932,1539,TRUE,1,5.487,0.2774987850315892,17.49967511,844
2026-04-30T13:08:20.347,T1,5_50_100_200_300cm.csv,480,1,0,5.863,-70.5,-95.7,-25.3,91.79,108,8353,9913,6025,31169,1795,TRUE,1,4.863,1.048186723553771,17.364345403899723,3888
2026-04-30T13:08:21.338,T1,5_50_100_200_300cm.csv,481,1,0,5.441,-67.9,-98.2,-30.3,64.77,88,4078,5700,4416,22111,1386,TRUE,1,4.441,0.8062475286674575,15.953102453102453,1284
2026-04-30T13:08:22.329,T1,5_50_100_200_300cm.csv,482,1,0,5.431,-67.3,-99.1,-31.8,54.36,96,1100,5219,7409,33938,1678,TRUE,1,4.431,0.17421602787456447,20.225268176400476,2190
2026-04-30T13:08:23.347,T1,5_50_100_200_300cm.csv,483,1,0,6.787,-72.1,-99.1,-27.1,33.62,40,2449,1345,2191,3739,657,TRUE,1,5.787,1.385180995475113,5.691019786910198,846
2026-04-30T13:08:28.356,T1,5_50_100_200_300cm.csv,488,1,0,5.422,-68.3,-98.7,-30.4,57.41,124,3742,7119,4357,29421,1619,TRUE,1,4.422,0.6521436040432206,18.172328597899938,2762
2026-04-30T13:08:29.348,T1,5_50_100_200_300cm.csv,489,1,0,6.13,-68.2,-98.2,-30,86.32,72,3427,6215,3770,20349,1341,TRUE,1,5.13,0.6864296444667001,15.174496644295303,2445
2026-04-30T13:08:30.368,T1,5_50_100_200_300cm.csv,490,1,0,5.854,-67.4,-98.6,-31.2,86.76,76,3408,6594,4680,27935,1531,TRUE,1,4.854,0.6045769026077701,18.246244284781188,1914
2026-04-30T13:08:31.357,T1,5_50_100_200_300cm.csv,491,1,0,6.36,-77.5,-101.1,-23.6,47.67,24,682,1144,1163,996,409,TRUE,1,5.36,0.5912440398786303,2.435207824,19
2026-04-30T13:08:32.348,T1,5_50_100_200_300cm.csv,492,1,0,5.441,-68.2,-98,-29.8,100.82,72,2422,7259,5958,28152,1578,TRUE,1,4.441,0.3664976923658924,17.840304182509506,1301
2026-04-30T13:08:33.338,T1,5_50_100_200_300cm.csv,493,1,0,5.83,-67.3,-98.7,-31.4,73,92,3173,6716,4060,26685,1488,TRUE,1,4.83,0.5889012620638456,17.933467741935484,2656
2026-04-30T13:08:34.387,T1,5_50_100_200_300cm.csv,494,1,0,5.596,-66.6,-99.2,-32.7,56.05,108,610,6053,5893,31932,1589,TRUE,1,4.596,0.1021262347229198,20.09565764631844,160
2026-04-30T13:08:35.348,T1,5_50_100_200_300cm.csv,495,1,0,6.018,-68.2,-98.8,-30.6,77.16,88,3094,6790,5397,30465,1644,TRUE,1,5.018,0.5077541642734061,18.53102189781022,1393
2026-04-30T13:08:36.338,T1,5_50_100_200_300cm.csv,496,1,0,6.853,-90.1,-103.4,-13.3,24.75,12,359,297,400,61,186,TRUE,1,5.853,1.0301291248206599,0.3279569892473118,103
2026-04-30T13:08:37.358,T1,5_50_100_200_300cm.csv,497,1,0,5.915,-67.1,-98.7,-31.6,74.73,84,3374,6277,3683,24350,1414,TRUE,1,4.915,0.6775100401606425,17.22065063649222,2594
2026-04-30T13:08:39.398,T1,5_50_100_200_300cm.csv,499,1,0,5.9,-66.8,-98.4,-31.6,76.64,84,3354,6438,4711,27218,1476,TRUE,1,4.9,0.6016683110592879,18.440379403794037,1727
2026-04-30T13:08:40.358,T1,5_50_100_200_300cm.csv,500,1,0,8.776,-68.1,-98.8,-30.7,64.74,92,3241,5956,4300,23485,1436,TRUE,1,7.776,0.6320202808112324,16.354456824512535,1656
2026-04-30T13:08:41.348,T1,5_50_100_200_300cm.csv,501,1,0,5.385,-69,-97.9,-28.9,66.93,80,3862,5354,3975,16607,1246,TRUE,1,4.385,0.8279558366384393,13.328250401284109,1379
2026-04-30T13:08:44.377,T1,5_50_100_200_300cm.csv,504,1,0,7.997,-68,-98.2,-30.2,72.54,100,3887,7254,4731,28446,1575,TRUE,1,6.997,0.6486441385064664,18.06095238095238,2523
2026-04-30T13:08:46.357,T1,5_50_100_200_300cm.csv,506,1,0,5.483,-68.9,-98.3,-29.4,73.64,84,4722,6186,5877,29096,1645,TRUE,1,4.483,0.7828898284008953,17.687537993920973,309
2026-04-30T13:08:48.367,T1,5_50_100_200_300cm.csv,508,1,0,5.825,-66.7,-98.7,-32,56.73,96,2826,5446,4224,21792,1319,TRUE,1,4.825,0.584488108,16.521607278241092,1222
2026-04-30T13:08:51.366,T1,5_50_100_200_300cm.csv,511,1,0,6.318,-73.3,-100,-26.7,66.11,28,1353,1851,1379,2391,548,TRUE,1,5.318,0.8377708978328173,4.363138686131387,472
2026-04-30T13:08:52.355,T1,5_50_100_200_300cm.csv,512,1,0,5.389,-70,-97.5,-27.5,61.38,96,6863,5892,7224,31752,1786,TRUE,1,4.389,1.0465080817322354,17.778275475923852,1332
2026-04-30T13:08:53.346,T1,5_50_100_200_300cm.csv,513,1,0,5.807,-69.4,-98,-28.6,94.12,88,5110,8283,4851,32476,1769,TRUE,1,4.807,0.7781330896908787,18.35839457,3432
2026-04-30T13:08:54.368,T1,5_50_100_200_300cm.csv,514,1,0,5.582,-64.6,-92.4,-27.8,83.74,72,8936,6029,3846,13970,981,TRUE,1,4.582,1.8098227848101265,14.240570846075434,2183
2026-04-30T13:08:56.377,T1,5_50_100_200_300cm.csv,516,1,0,5.863,-69.3,-98.3,-29,70.23,96,1016,6742,7963,32835,1770,TRUE,1,4.863,0.13818429105746344,18.550847457627118,1221
2026-04-30T13:08:59.377,T1,5_50_100_200_300cm.csv,519,1,0,5.858,-68.1,-93.2,-25,103.38,104,12090,10752,8073,32428,1690,TRUE,1,4.858,1.2844621513944223,19.18816568047337,2679
2026-04-30T13:09:00.397,T1,5_50_100_200_300cm.csv,520,1,0,8.372,-68.1,-95.2,-27.1,78.54,96,10701,7540,7319,35693,1770,TRUE,1,7.372,1.4403391883706844,20.165536723163843,221
2026-04-30T13:09:02.377,T1,5_50_100_200_300cm.csv,522,1,0,5.746,-66.8,-95.6,-28.8,55.38,112,9315,6202,5183,28853,1521,TRUE,1,4.746,1.6363636363636365,18.96975673898751,1019
2026-04-30T13:09:03.366,T1,5_50_100_200_300cm.csv,523,1,0,6.557,-67.4,-91,-23.7,186.03,76,7841,14138,11657,25406,1456,TRUE,1,5.557,0.6079472766039931,17.449175824175825,2481
2026-04-30T13:09:04.386,T1,5_50_100_200_300cm.csv,524,1,0,7.899,-69.2,-97.6,-28.5,85.64,96,6756,8221,5582,37271,1876,TRUE,1,6.899,0.9789176266029124,19.86727078891258,2639
2026-04-30T13:09:05.375,T1,5_50_100_200_300cm.csv,525,1,0,5.417,-66.5,-98.7,-32.2,67.02,64,3500,4289,4919,21798,1311,TRUE,1,4.417,0.7602085143353605,16.62700228832952,630
2026-04-30T13:09:06.367,T1,5_50_100_200_300cm.csv,526,1,0,5.783,-68.8,-98.2,-29.4,50.9,120,5774,6108,6857,35111,1799,TRUE,1,4.783,0.8907057462398766,19.516953863257367,749
2026-04-30T13:09:07.387,T1,5_50_100_200_300cm.csv,527,1,0,5.825,-65.9,-99.5,-33.6,50.63,100,3123,5063,3340,22880,1314,TRUE,1,4.825,0.7433059621563727,17.41248097412481,1723
2026-04-30T13:09:09.367,T1,5_50_100_200_300cm.csv,529,1,0,5.919,-68.2,-98.1,-29.9,77.69,108,5086,8391,5292,38465,1844,TRUE,1,4.919,0.7434042242198349,20.859544468546638,3099
2026-04-30T13:09:10.385,T1,5_50_100_200_300cm.csv,530,1,0,5.445,-68.6,-98.1,-29.6,65.62,108,4195,7087,6521,33279,1739,TRUE,1,4.445,0.616549089,19.13686026451984,566
2026-04-30T13:09:11.375,T1,5_50_100_200_300cm.csv,531,1,0,5.891,-69,-99,-30,61.17,124,5370,7585,4522,38304,1892,TRUE,1,4.891,0.8870901131576774,20.24524312896406,3063
2026-04-30T13:09:12.366,T1,5_50_100_200_300cm.csv,532,1,0,5.919,-68.1,-98.2,-30.1,81.19,88,3539,7145,4808,27274,1548,TRUE,1,4.919,0.592152598,17.61886304909561,2337
2026-04-30T13:09:14.375,T1,5_50_100_200_300cm.csv,534,1,0,5.938,-67.8,-98.8,-31,45.56,108,3791,4920,5470,25392,1479,TRUE,1,4.938,0.729740135,17.168356997971603,550
2026-04-30T13:09:16.385,T1,5_50_100_200_300cm.csv,536,1,0,8.414,-66.1,-98.7,-32.6,56.1,92,3675,5161,2952,20003,1238,TRUE,1,7.414,0.905953408,16.15751211631664,2209
2026-04-30T13:09:17.376,T1,5_50_100_200_300cm.csv,537,1,0,8.621,-68.2,-97.3,-29.1,52.28,124,6656,6483,7518,36149,1785,TRUE,1,7.621,0.9507892293407614,20.251540616246498,1035
2026-04-30T13:09:18.367,T1,5_50_100_200_300cm.csv,538,1,0,6.815,-84.7,-101.4,-16.8,39.5,16,622,632,725,278,277,TRUE,1,5.815,0.9167280766396463,1.0036101083032491,93
2026-04-30T13:09:19.386,T1,5_50_100_200_300cm.csv,539,1,0,6.257,-72.3,-99.6,-27.2,57.65,52,1891,2998,2530,6122,848,TRUE,1,5.257,0.6841534008683068,7.219339623,468
2026-04-30T13:09:20.375,T1,5_50_100_200_300cm.csv,540,1,0,6.581,-70.3,-98.5,-28.3,72.1,88,3947,6345,5747,26016,1629,TRUE,1,5.581,0.6528283162421435,15.970534069981584,598
2026-04-30T13:09:21.397,T1,5_50_100_200_300cm.csv,541,1,0,6.294,-68.4,-98.3,-29.9,67.74,92,4900,6232,6315,32702,1712,TRUE,1,5.294,0.7810632023591296,19.101635514018692,83
2026-04-30T13:09:25.385,T1,5_50_100_200_300cm.csv,545,1,0,5.821,-68.6,-97.9,-29.4,93.57,76,3973,7111,5630,28319,1602,TRUE,1,4.821,0.6236559139784946,17.677278401997505,1481
2026-04-30T13:09:26.377,T1,5_50_100_200_300cm.csv,546,1,0,5.582,-67.8,-98.1,-30.3,52.44,100,4836,5244,6492,29479,1591,TRUE,1,4.582,0.8241308793456033,18.528598365807667,1248
2026-04-30T13:09:29.376,T1,5_50_100_200_300cm.csv,549,1,0,6.304,-68.2,-97.8,-29.6,53,84,5032,4452,6339,24503,1474,TRUE,1,5.304,0.9326290427207858,16.62347354138399,1887
2026-04-30T13:09:30.395,T1,5_50_100_200_300cm.csv,550,1,0,5.53,-68.5,-98,-29.4,82.71,80,3624,6617,5054,24041,1475,TRUE,1,4.53,0.6210264758803873,16.298983050847458,1563
2026-04-30T13:09:31.385,T1,5_50_100_200_300cm.csv,551,1,0,6.027,-68.6,-98.2,-29.6,66.94,100,3778,6694,5703,28009,1597,TRUE,1,5.027,0.6095022989432928,17.538509705698186,991
2026-04-30T13:09:32.376,T1,5_50_100_200_300cm.csv,552,1,0,5.741,-68.7,-97.4,-28.7,46.64,112,6229,5224,7754,31993,1711,TRUE,1,4.741,0.9599321929419017,18.698421975452952,2530
2026-04-30T13:09:33.394,T1,5_50_100_200_300cm.csv,553,1,0,5.807,-68.1,-98.8,-30.7,69.36,100,3794,6936,3987,28337,1576,TRUE,1,4.807,0.6946809484573835,17.98032994923858,2949
2026-04-30T13:09:35.405,T1,5_50_100_200_300cm.csv,555,1,0,6.172,-72.6,-99.1,-26.5,51.7,76,4084,3929,5684,18265,1479,TRUE,1,5.172,0.8496827213148861,12.349560513860716,1755
2026-04-30T13:09:37.414,T1,5_50_100_200_300cm.csv,557,1,0,8.044,-67.4,-98.1,-30.8,70.03,92,3521,6443,5385,27103,1505,TRUE,1,7.0440000000000005,0.5953669259384511,18.008637873754154,1058
2026-04-30T13:09:44.404,T1,5_50_100_200_300cm.csv,564,1,0,5.886,-69.7,-98.2,-28.5,70.42,92,3936,6479,5551,24902,1563,TRUE,1,4.886,0.65436409,15.932181701855406,928
2026-04-30T13:09:45.396,T1,5_50_100_200_300cm.csv,565,1,0,8.64,-67.6,-97.4,-29.8,55.67,84,5343,4676,6517,25387,1468,TRUE,1,7.640000000000001,0.9547038327526133,17.29359673024523,1841
2026-04-30T13:09:46.416,T1,5_50_100_200_300cm.csv,566,1,0,5.858,-68.2,-98.4,-30.3,53.15,104,4431,5528,7070,33205,1712,TRUE,1,4.858,0.7034449912684553,19.395443925233646,1542
2026-04-30T13:09:49.415,T1,5_50_100_200_300cm.csv,569,1,0,8.611,-67.6,-98.3,-30.6,73.39,92,3300,6752,5110,27360,1526,TRUE,1,7.611000000000001,0.556398584,17.929226736566186,1642
2026-04-30T13:09:52.414,T1,5_50_100_200_300cm.csv,572,1,0,8.766,-68.3,-98.3,-30,77.85,84,3356,6539,4506,23688,1452,TRUE,1,7.766,0.6076957899502037,16.31404958677686,2033
2026-04-30T13:09:54.396,T1,5_50_100_200_300cm.csv,574,1,0,5.839,-67.8,-98.3,-30.6,75.07,92,3824,6906,4237,26676,1513,TRUE,1,4.839,0.6863501749977564,17.631196298744218,2669
2026-04-30T13:09:56.403,T1,5_50_100_200_300cm.csv,576,1,0,8.358,-67.9,-97.7,-29.8,48.99,104,5519,5095,7012,30148,1615,TRUE,1,7.358,0.9117039729082349,18.66749226006192,1917
2026-04-30T13:09:58.414,T1,5_50_100_200_300cm.csv,578,1,0,5.732,-68,-97.7,-29.7,67.07,92,5011,6170,7396,33521,1712,TRUE,1,4.732,0.7387586613592806,19.58002336448598,1226
2026-04-30T13:09:59.404,T1,5_50_100_200_300cm.csv,579,1,0,5.807,-68,-97.7,-29.7,62.25,96,5393,5976,7548,34554,1737,TRUE,1,4.807,0.7975451049985212,19.892918825561313,1572
2026-04-30T13:10:01.414,T1,5_50_100_200_300cm.csv,581,1,0,6.942,-74.5,-99.3,-24.8,33.36,28,1280,934,1570,1293,420,TRUE,1,5.942,1.0223642172523961,3.0785714285714287,636
2026-04-30T13:10:02.403,T1,5_50_100_200_300cm.csv,582,1,0,6.632,-67.8,-98,-30.1,58.24,112,4436,6523,6607,32359,1671,TRUE,1,5.632,0.6757044935262757,19.365050867743864,84
2026-04-30T13:10:03.423,T1,5_50_100_200_300cm.csv,583,1,0,5.854,-68.2,-98,-29.8,52.5,88,5777,4620,6446,28561,1588,TRUE,1,4.854,1.0440990421109706,17.98551637279597,1826
2026-04-30T13:10:04.415,T1,5_50_100_200_300cm.csv,584,1,0,5.807,-67.7,-97.9,-30.1,65.96,104,4768,6860,7102,36084,1758,TRUE,1,4.807,0.6829967053430741,20.525597269624573,242
2026-04-30T13:10:05.405,T1,5_50_100_200_300cm.csv,585,1,0,6.051,-67.8,-98.5,-30.7,66.15,108,3966,7144,4958,31578,1647,TRUE,1,5.051,0.6554288547347545,19.17304189435337,2186
2026-04-30T13:10:08.405,T1,5_50_100_200_300cm.csv,588,1,0,5.807,-67.7,-97.8,-30,44.7,104,6072,4649,7317,32983,1681,TRUE,1,4.807,1.0148754805281632,19.621058893515766,2668
2026-04-30T13:10:09.424,T1,5_50_100_200_300cm.csv,589,1,0,6.74,-89.9,-103.7,-13.8,25.42,12,330,305,392,65,187,TRUE,1,5.74,0.9469153515064562,0.34759358288770054,87
2026-04-30T13:10:10.413,T1,5_50_100_200_300cm.csv,590,1,0,8.879,-68.2,-97.7,-29.5,52.25,108,5847,5643,7747,34910,1756,TRUE,1,7.879,0.8733383121732636,19.880410022779042,2104
2026-04-30T13:10:11.405,T1,5_50_100_200_300cm.csv,591,1,0,6.027,-68.6,-98.2,-29.5,67.88,100,4374,6788,6197,31261,1688,TRUE,1,5.027,0.6737004235656526,18.519549763033176,591
2026-04-30T13:10:13.415,T1,5_50_100_200_300cm.csv,593,1,0,7.369,-70,-98.7,-28.7,90.95,76,3486,6912,4640,25425,1596,TRUE,1,6.369,0.6035318559556787,15.930451127819548,2272
2026-04-30T13:10:14.433,T1,5_50_100_200_300cm.csv,594,1,0,5.802,-68.7,-98.3,-29.7,86.29,84,4133,7248,4421,27852,1594,TRUE,1,4.802,0.7083726111920473,17.47302383939774,2827
2026-04-30T13:10:17.402,T1,5_50_100_200_300cm.csv,597,1,0,6.951,-71.5,-99,-27.4,34.85,48,2182,1673,2703,4415,701,TRUE,1,5.951,0.9972577696526508,6.2981455064194005,1030
2026-04-30T13:10:18.424,T1,5_50_100_200_300cm.csv,598,1,0,6.323,-67.4,-99.1,-31.8,67.65,84,3054,5683,3299,21644,1344,TRUE,1,5.323,0.6800267201068805,16.104166666666668,2384
2026-04-30T13:10:19.413,T1,5_50_100_200_300cm.csv,599,1,0,5.985,-67.5,-98.3,-30.8,75.46,80,3542,6037,5016,25166,1457,TRUE,1,4.985,0.6409119696010133,17.27247769389156,1021
2026-04-30T13:11:58.500,T1,5_50_100_200_300cm.csv,698,2,0,9.048,-73.4,-104.8,-31.4,33.77,88,1723,2972,4440,31428,1994,TRUE,1,7.048,0.4649217485159201,15.761283851554664,1468
2026-04-30T13:12:08.492,T1,5_50_100_200_300cm.csv,708,2,0,7.303,-72.3,-103.6,-31.3,44.27,92,1584,4073,3443,25420,1728,TRUE,1,5.303,0.42150079829696646,14.710648148148149,630
2026-04-30T13:12:10.530,T1,5_50_100_200_300cm.csv,710,2,0,7.655,-90,-108.3,-18.3,25.12,8,147,201,254,65,190,TRUE,1,5.655,0.6461538461538462,0.34210526315789475,53
2026-04-30T13:12:12.481,T1,5_50_100_200_300cm.csv,712,2,0,6.688,-71.3,-103.5,-32.2,45.56,100,2346,4556,3143,31022,1844,TRUE,1,4.688,0.6094297960774127,16.823210412147507,1413
2026-04-30T13:12:13.500,T1,5_50_100_200_300cm.csv,713,2,0,6.796,-70.9,-103.9,-33,38.22,112,1474,4281,3608,32170,1852,TRUE,1,4.796,0.3736848776777792,17.370410367170628,673
2026-04-30T13:12:15.510,T1,5_50_100_200_300cm.csv,715,2,0,6.763,-70.8,-103.6,-32.9,38.59,104,1756,4013,3654,29860,1775,TRUE,1,4.763,0.45806704056345376,16.822535211267606,359
2026-04-30T13:12:16.528,T1,5_50_100_200_300cm.csv,716,2,0,9.657,-73.7,-103.5,-29.8,42.38,116,2269,4916,3590,30573,1990,TRUE,1,7.657,0.5335057606395486,15.363316582914573,1326
2026-04-30T13:12:20.489,T1,5_50_100_200_300cm.csv,720,2,0,6.801,-71,-103.5,-32.5,38.9,92,1502,3579,3720,25329,1651,TRUE,1,4.801,0.41156322783943006,15.341611144760751,141
2026-04-30T13:12:22.501,T1,5_50_100_200_300cm.csv,722,2,0,7.716,-88.2,-108.1,-19.8,21.5,12,231,258,176,111,202,TRUE,1,5.716,1.064516129032258,0.5495049504950495,82
2026-04-30T13:12:24.511,T1,5_50_100_200_300cm.csv,724,2,0,6.721,-70.8,-103.7,-32.9,42.26,100,1576,4226,3636,31246,1821,TRUE,1,4.721,0.4009157975069957,17.15870400878638,590
2026-04-30T13:12:26.490,T1,5_50_100_200_300cm.csv,726,2,0,7.505,-73.1,-105,-31.9,35.72,80,1738,2858,2492,18550,1519,TRUE,1,5.505,0.6497196261682243,12.211981566820276,366
2026-04-30T13:12:27.510,T1,5_50_100_200_300cm.csv,727,2,0,9.887,-71.3,-104.2,-32.9,38.54,108,1807,4162,4185,38066,2041,TRUE,1,7.887,0.4329699293159219,18.65066144047036,23
2026-04-30T13:12:28.531,T1,5_50_100_200_300cm.csv,728,2,0,9.095,-72.3,-104.3,-31.9,40.98,104,2592,4262,3299,34097,2002,TRUE,1,7.095000000000001,0.6856235947625975,17.03146853146853,963
2026-04-30T13:12:29.489,T1,5_50_100_200_300cm.csv,729,2,0,6.754,-70.1,-103.6,-33.5,40.35,112,2476,4519,3325,35735,1899,TRUE,1,4.754,0.6313105558388578,18.817798841495524,1194
2026-04-30T13:12:30.511,T1,5_50_100_200_300cm.csv,730,2,0,6.731,-70.4,-104,-33.6,34.67,104,1282,3606,3881,30780,1780,TRUE,1,4.731,0.34246026445839456,17.292134831460675,275
2026-04-30T13:12:31.560,T1,5_50_100_200_300cm.csv,731,2,0,9.17,-70.3,-103.6,-33.3,41.17,108,2065,4446,3389,33117,1840,TRUE,1,7.17,0.5271218889597958,17.99836956521739,1057
2026-04-30T13:12:32.519,T1,5_50_100_200_300cm.csv,732,2,0,7.312,-70.6,-103.6,-33,46,92,1508,4232,3600,30603,1790,TRUE,1,5.312,0.38508682328907046,17.09664804469274,632
2026-04-30T13:12:33.511,T1,5_50_100_200_300cm.csv,733,2,0,6.712,-71.2,-104.1,-32.9,42.58,92,2129,3917,3358,30738,1828,TRUE,1,4.712,0.5852920962199313,16.815098468271334,559
2026-04-30T13:12:36.510,T1,5_50_100_200_300cm.csv,736,2,0,6.862,-71.1,-104.1,-33,38.77,88,1269,3412,3808,27946,1740,TRUE,1,4.862,0.3515235457063712,16.060919540229886,396
2026-04-30T13:12:37.513,T1,5_50_100_200_300cm.csv,737,2,0,7.162,-69.4,-104.1,-34.7,37.14,96,1581,3565,3662,32091,1757,TRUE,1,5.162,0.43752594437525943,18.264655663062037,97
2026-04-30T13:12:38.520,T1,5_50_100_200_300cm.csv,738,2,0,7.115,-72.1,-104.2,-32.1,44.39,96,2310,4261,3529,34530,1998,TRUE,1,5.115,0.5930680359435173,17.28228228228228,732
2026-04-30T13:12:39.508,T1,5_50_100_200_300cm.csv,739,2,0,9.817,-69.8,-104.1,-34.3,37.94,96,1752,3642,3795,33530,1820,TRUE,1,7.817,0.47115772488906815,18.423076923076923,153
2026-04-30T13:12:40.529,T1,5_50_100_200_300cm.csv,740,2,0,6.806,-70.6,-103.6,-33,49.15,84,1540,4129,3558,29838,1765,TRUE,1,4.806,0.4006764667620658,16.905382436260624,571
2026-04-30T13:12:41.520,T1,5_50_100_200_300cm.csv,741,2,0,7.176,-70.6,-103.9,-33.3,42.01,96,3198,4033,2791,33547,1869,TRUE,1,5.176,0.9372801875732708,17.94917067950776,1242
2026-04-30T13:12:42.540,T1,5_50_100_200_300cm.csv,742,2,0,8.78,-71,-103.9,-32.9,45.85,100,2315,4585,3150,34820,1930,TRUE,1,6.779999999999999,0.5985778926955397,18.041450777202073,1435
2026-04-30T13:12:43.529,T1,5_50_100_200_300cm.csv,743,2,0,6.834,-71,-103.6,-32.7,25.14,92,3326,2313,4112,30288,1800,TRUE,1,4.834,1.035330739299611,16.826666666666668,1799
2026-04-30T13:12:44.520,T1,5_50_100_200_300cm.csv,744,2,0,6.96,-71.5,-103.8,-32.3,33.17,96,2465,3184,4045,29437,1806,TRUE,1,4.96,0.6819753769539355,16.29955703211517,861
2026-04-30T13:12:46.530,T1,5_50_100_200_300cm.csv,746,2,0,6.707,-71.4,-103.3,-32,45.76,80,1352,3661,3158,20713,1509,TRUE,1,4.707,0.39653908197682947,13.726308813783962,503
2026-04-30T13:12:48.540,T1,5_50_100_200_300cm.csv,748,2,0,9.517,-70.3,-103.4,-33.1,49.15,84,2976,4129,2533,29107,1726,TRUE,1,7.517,0.8934253977784449,16.863847045191193,1596
2026-04-30T13:12:49.530,T1,5_50_100_200_300cm.csv,749,2,0,8.433,-101.9,-108,-6.1,18.25,8,86,146,187,2,130,TRUE,1,6.433,0.5165165165165165,0.015384615384615385,41
2026-04-30T13:12:52.529,T1,5_50_100_200_300cm.csv,752,2,0,9.845,-71.2,-101.9,-30.6,37.96,84,4285,3189,4283,27703,1736,TRUE,1,7.845000000000001,1.146948608137045,15.95794930875576,1094
2026-04-30T13:12:54.538,T1,5_50_100_200_300cm.csv,754,2,0,6.656,-70.6,-103.3,-32.7,53.88,80,3282,4310,2546,30702,1791,TRUE,1,4.656,0.9574095682613769,17.142378559463985,1764
2026-04-30T13:12:55.529,T1,5_50_100_200_300cm.csv,755,2,0,7.223,-71.5,-103.1,-31.6,49.64,72,1487,3574,3421,20705,1518,TRUE,1,5.223,0.42516082916368836,13.63965744400527,153
2026-04-30T13:12:57.539,T1,5_50_100_200_300cm.csv,757,2,0,6.735,-72.4,-104,-31.6,39.47,120,2012,4737,3590,34995,2036,TRUE,1,4.735,0.48324726792362194,17.18811394891945,1147
2026-04-30T13:12:58.528,T1,5_50_100_200_300cm.csv,758,2,0,7.172,-72.5,-103.9,-31.4,45.77,84,1405,3845,4306,30488,1907,TRUE,1,5.172,0.3447429763219237,15.987414787624541,461
2026-04-30T13:12:59.519,T1,5_50_100_200_300cm.csv,759,2,0,6.918,-73.2,-104.2,-31,48.31,96,1931,4638,3579,33265,2038,TRUE,1,4.918,0.4700012169891688,16.322374877330716,1059
2026-04-30T13:13:00.571,T1,5_50_100_200_300cm.csv,760,2,0,10.23,-73,-103.8,-30.8,47.4,100,2134,4740,3468,32110,1989,TRUE,1,8.23,0.5199805068226121,16.143790849673202,1272
2026-04-30T13:13:01.528,T1,5_50_100_200_300cm.csv,761,2,0,7.322,-70.9,-103.8,-32.9,30.28,112,2213,3391,3641,28060,1728,TRUE,1,5.322,0.6294084186575654,16.238425925925927,250
2026-04-30T13:13:03.539,T1,5_50_100_200_300cm.csv,763,2,0,10.239,-69.9,-103.6,-33.8,30.18,96,2201,2897,3729,26533,1622,TRUE,1,8.239,0.6643525505584063,16.358199753390874,832
2026-04-30T13:13:04.528,T1,5_50_100_200_300cm.csv,764,2,0,6.862,-71.4,-103.7,-32.3,33.71,80,1939,2697,3719,22083,1562,TRUE,1,4.862,0.604426434,14.137644046094751,1022
2026-04-30T13:13:06.539,T1,5_50_100_200_300cm.csv,766,2,0,7.148,-71,-103.7,-32.7,39.53,100,3760,3953,2586,33638,1900,TRUE,1,5.148,1.1500229392873529,17.70421052631579,1367
2026-04-30T13:13:08.549,T1,5_50_100_200_300cm.csv,768,2,0,9.493,-70.5,-103.7,-33.2,34.08,96,2413,3272,4239,32960,1848,TRUE,1,7.493,0.6425242976967115,17.835497835497836,967
2026-04-30T13:13:09.541,T1,5_50_100_200_300cm.csv,769,2,0,7.237,-70.2,-103.3,-33.1,47,96,2893,4512,2883,32503,1817,TRUE,1,5.237,0.782420554,17.888277380297193,1629
2026-04-30T13:13:10.557,T1,5_50_100_200_300cm.csv,770,2,0,6.735,-71,-103.8,-32.7,40.07,100,1958,4007,2904,26283,1681,TRUE,1,4.735,0.5666329040659818,15.635336109458656,1103
2026-04-30T13:13:11.547,T1,5_50_100_200_300cm.csv,771,2,0,9.714,-70.8,-103.7,-33,36.81,96,1717,3534,4081,30148,1784,TRUE,1,7.714,0.4509520682862771,16.89910313901345,547
2026-04-30T13:13:12.538,T1,5_50_100_200_300cm.csv,772,2,0,6.745,-71.5,-103,-31.5,52.53,76,2036,3992,3113,22686,1587,TRUE,1,4.745,0.5731175228712174,14.294896030245747,879
2026-04-30T13:13:13.529,T1,5_50_100_200_300cm.csv,773,2,0,7.026,-71.1,-103,-31.9,47.33,80,2470,3786,4148,29305,1781,TRUE,1,5.026,0.6226367532140157,16.45423919146547,362
2026-04-30T13:13:14.549,T1,5_50_100_200_300cm.csv,774,2,0,6.923,-70.6,-104.3,-33.7,46.38,84,2462,3896,2721,30826,1791,TRUE,1,4.923,0.7441438718452471,17.211613623673927,1175
2026-04-30T13:13:16.557,T1,5_50_100_200_300cm.csv,776,2,0,6.749,-71.7,-102.8,-31.1,55.97,76,1800,4254,3202,22439,1591,TRUE,1,4.749,0.48283261802575106,14.103708359522313,1052
2026-04-30T13:13:17.549,T1,5_50_100_200_300cm.csv,777,2,0,7.157,-72.6,-105.1,-32.5,43.8,84,1203,3679,2999,27384,1813,TRUE,1,5.157,0.36028751123090746,15.104247104247104,680
2026-04-30T13:13:26.547,T1,5_50_100_200_300cm.csv,786,2,0,7.866,-70,-103.7,-33.7,43.54,92,1779,4006,4065,35295,1879,TRUE,1,5.866,0.44083756659645645,18.78392762107504,59
2026-04-30T13:13:27.567,T1,5_50_100_200_300cm.csv,787,2,0,8.902,-69.2,-103.8,-34.6,38.5,76,1884,2926,3102,23301,1487,TRUE,1,6.901999999999999,0.6250829462508295,15.669804976462677,176
2026-04-30T13:13:28.559,T1,5_50_100_200_300cm.csv,788,2,0,7.35,-69.9,-104.5,-34.5,34.38,100,518,3438,3866,31954,1785,TRUE,1,5.35,0.14184008762322015,17.90140056022409,428
2026-04-30T13:13:30.569,T1,5_50_100_200_300cm.csv,790,2,0,9.629,-70.1,-104.3,-34.2,35.75,92,1492,3289,3162,25760,1609,TRUE,1,7.629,0.4625639435746396,16.00994406463642,127
2026-04-30T13:13:32.549,T1,5_50_100_200_300cm.csv,792,2,0,8.03,-71.2,-104.1,-32.9,34.62,104,3321,3600,2127,28487,1759,TRUE,1,6.029999999999999,1.1597695128339445,16.19499715747584,1473
2026-04-30T13:13:34.556,T1,5_50_100_200_300cm.csv,794,2,0,6.745,-70.6,-104.9,-34.3,39.35,92,1444,3620,2665,27494,1694,TRUE,1,4.745,0.4595067621320605,16.230224321133413,955
2026-04-30T13:13:40.557,T1,5_50_100_200_300cm.csv,800,2,0,6.74,-70.5,-104.2,-33.7,27.95,84,1399,2348,3355,19957,1438,TRUE,1,4.74,0.49061897247062947,13.878303198887343,1007
2026-04-30T13:13:41.548,T1,5_50_100_200_300cm.csv,801,2,0,6.745,-70.1,-104.4,-34.2,38.06,100,1571,3806,4076,38090,1960,TRUE,1,4.745,0.3986297893935549,19.433673469387756,270
2026-04-30T13:13:42.568,T1,5_50_100_200_300cm.csv,802,2,0,7.176,-71.7,-104.4,-32.7,32.05,128,1324,4103,4156,36972,2039,TRUE,1,5.176,0.32061992977358034,18.13241785188818,53
2026-04-30T13:13:43.559,T1,5_50_100_200_300cm.csv,803,2,0,7.233,-69.8,-104.1,-34.3,37.08,96,2121,3560,3060,28756,1684,TRUE,1,5.233,0.640785498,17.07600950118765,500
2026-04-30T13:13:45.566,T1,5_50_100_200_300cm.csv,805,2,0,7.293,-71.1,-103.3,-32.2,41.81,80,3146,3345,2340,22197,1549,TRUE,1,5.293,1.1067722075637643,14.329890251775339,1005
2026-04-30T13:13:50.578,T1,5_50_100_200_300cm.csv,810,2,0,6.862,-72.5,-102.3,-29.9,48.84,104,4404,5079,3141,33302,1989,TRUE,1,4.862,1.0715328467153284,16.743086978381097,1938
2026-04-30T13:13:56.576,T1,5_50_100_200_300cm.csv,816,2,0,6.721,-69.7,-104.1,-34.4,31.64,104,1867,3291,3964,32797,1793,TRUE,1,4.721,0.5146795313576844,18.29168990518684,673
2026-04-30T13:13:58.558,T1,5_50_100_200_300cm.csv,818,2,0,7.645,-75.7,-104.4,-28.7,40.16,32,620,1285,1662,3728,745,TRUE,1,5.645,0.4207668815744825,5.004026845637584,377
2026-04-30T13:13:59.605,T1,5_50_100_200_300cm.csv,819,2,0,9.156,-70.9,-103.8,-32.9,51.61,72,2374,3716,2846,26219,1671,TRUE,1,7.156000000000001,0.7235598902773545,15.690604428485937,870
2026-04-30T13:14:01.587,T1,5_50_100_200_300cm.csv,821,2,0,9.582,-70.8,-103.5,-32.6,38.82,92,1814,3571,3940,27798,1717,TRUE,1,7.582000000000001,0.48302489681800026,16.189866045428072,369
2026-04-30T13:14:04.587,T1,5_50_100_200_300cm.csv,824,2,0,7.57,-86.8,-103.3,-16.5,54.35,88,2289,4783,3264,10801,1858,TRUE,1,5.57,0.5689076674537095,5.813240043057051,1519
2026-04-30T13:14:05.578,T1,5_50_100_200_300cm.csv,825,2,0,6.965,-70.7,-103.2,-32.4,45.39,104,3655,4721,2858,36273,1955,TRUE,1,4.965,0.9645071909222852,18.553964194373403,1863
2026-04-30T13:14:06.567,T1,5_50_100_200_300cm.csv,826,2,0,9.263,-70.9,-103.4,-32.5,39.89,76,1787,3032,3995,24592,1619,TRUE,1,7.263,0.5086096484986481,15.189623224212477,963
2026-04-30T13:14:07.588,T1,5_50_100_200_300cm.csv,827,2,0,7.439,-70.8,-103,-32.3,35.58,124,3056,4412,2681,28774,1742,TRUE,1,5.439,0.8616946285069788,16.51779563719862,1731
2026-04-30T13:14:09.567,T1,5_50_100_200_300cm.csv,829,2,0,6.735,-71.9,-103.8,-31.9,36.8,100,1598,3680,3946,27964,1784,TRUE,1,4.735,0.4190925780225544,15.674887892376681,266
2026-04-30T13:14:10.586,T1,5_50_100_200_300cm.csv,830,2,0,7.903,-92.3,-109.8,-17.5,11.5,8,136,92,201,29,165,TRUE,1,5.903,0.9283276450511946,0.17575757575757575,109
2026-04-30T13:14:11.577,T1,5_50_100_200_300cm.csv,831,2,0,9.268,-71.1,-103.7,-32.6,42.58,88,1587,3747,3568,26577,1694,TRUE,1,7.268000000000001,0.43390293916609707,15.688902007083826,179
2026-04-30T13:14:12.596,T1,5_50_100_200_300cm.csv,832,2,0,9.24,-70.7,-104.2,-33.5,30.1,112,1662,3371,4153,33078,1864,TRUE,1,7.24,0.44178628389154706,17.74570815450644,782
2026-04-30T13:14:13.588,T1,5_50_100_200_300cm.csv,833,2,0,6.712,-71.8,-103.4,-31.5,33.22,120,1783,3987,4579,32082,1910,TRUE,1,4.712,0.4162969880924586,16.796858638743455,592
2026-04-30T13:14:14.577,T1,5_50_100_200_300cm.csv,834,2,0,9.789,-71.9,-103.9,-31.9,48.26,76,1958,3668,3439,26157,1731,TRUE,1,7.789,0.5510060503728719,15.110918544194108,229
2026-04-30T13:14:15.596,T1,5_50_100_200_300cm.csv,835,2,0,6.829,-72.4,-103.8,-31.4,38.38,120,1915,4606,3892,34338,2014,TRUE,1,4.829,0.45069428100729586,17.049652432969214,714
2026-04-30T13:14:16.588,T1,5_50_100_200_300cm.csv,836,2,0,7.401,-72.1,-103.3,-31.2,43.35,96,1617,4162,3656,25670,1721,TRUE,1,5.401,0.4136607828089025,14.915746658919232,506
2026-04-30T13:14:17.576,T1,5_50_100_200_300cm.csv,837,2,0,7.444,-72.3,-103.8,-31.6,47.78,96,1649,4587,3989,34439,2008,TRUE,1,5.444,0.3845615671641791,17.15089641434263,598
2026-04-30T13:14:19.585,T1,5_50_100_200_300cm.csv,839,2,0,7.364,-71.5,-104,-32.5,41.26,88,1530,3631,3858,28802,1789,TRUE,1,5.364,0.4085992789424489,16.09949692565679,227
2026-04-30T13:14:22.616,T1,5_50_100_200_300cm.csv,842,2,0,7.612,-74.1,-104.9,-30.8,34.61,44,777,1523,1714,5778,876,TRUE,1,5.612,0.48007414272474513,6.595890410958904,191
2026-04-30T13:14:24.597,T1,5_50_100_200_300cm.csv,844,2,0,9.414,-71.4,-103.9,-32.6,41.95,88,1393,3692,3918,29246,1794,TRUE,1,7.414,0.36609724047306175,16.30211817168339,226
2026-04-30T13:14:25.585,T1,5_50_100_200_300cm.csv,845,2,0,7.322,-73.6,-103.7,-30.1,46.8,104,2721,4867,3048,31034,1996,TRUE,1,5.322,0.6875552747946936,15.548096192384769,1819
2026-04-30T13:14:28.587,T1,5_50_100_200_300cm.csv,848,2,0,7.767,-70.3,-103.7,-33.4,32.24,100,1695,3224,3813,26605,1648,TRUE,1,5.767,0.4817393775756714,16.14381067961165,589
2026-04-30T13:14:30.595,T1,5_50_100_200_300cm.csv,850,2,0,6.778,-71.7,-103.2,-31.5,48.8,92,2562,4490,3068,28243,1785,TRUE,1,4.778,0.6779571315162741,15.822408963585435,1422
2026-04-30T13:14:31.587,T1,5_50_100_200_300cm.csv,851,2,0,7.322,-70.6,-103.7,-33.1,41.48,100,2397,4148,2846,29039,1739,TRUE,1,5.322,0.6854446668573063,16.69867740080506,1302
2026-04-30T13:14:32.576,T1,5_50_100_200_300cm.csv,852,2,0,8.916,-70.4,-103.2,-32.8,36.36,84,2827,3054,3948,28070,1702,TRUE,1,6.916,0.8074835761211082,16.492361927144536,894
2026-04-30T13:14:33.596,T1,5_50_100_200_300cm.csv,853,2,0,6.731,-70.6,-103.8,-33.2,39.74,84,2162,3338,4088,31131,1803,TRUE,1,4.731,0.5822784810126582,17.26622296173045,750
2026-04-30T13:14:34.585,T1,5_50_100_200_300cm.csv,854,2,0,6.778,-71.7,-103.9,-32.2,38.46,84,942,3231,3625,22455,1588,TRUE,1,4.778,0.2747957992998833,14.14042821,394
2026-04-30T13:14:35.606,T1,5_50_100_200_300cm.csv,855,2,0,6.918,-72.3,-103.6,-31.3,51.5,84,1608,4326,3614,28371,1824,TRUE,1,4.918,0.4050377833753149,15.554276315789474,712
2026-04-30T13:14:37.586,T1,5_50_100_200_300cm.csv,857,2,0,7.795,-72.2,-104,-31.7,48.6,88,2965,4277,3409,34704,2013,TRUE,1,5.795,0.7715326567785584,17.239940387481372,868
2026-04-30T13:14:38.606,T1,5_50_100_200_300cm.csv,858,2,0,9.315,-71.4,-103.1,-31.7,50.76,92,2555,4670,3783,33232,1913,TRUE,1,7.315,0.604519106,17.37166753789859,887
2026-04-30T13:14:41.605,T1,5_50_100_200_300cm.csv,861,2,0,9.446,-72.2,-104.1,-31.9,48.47,96,2406,4653,3183,35124,2024,TRUE,1,7.446,0.6140888208269525,17.35375494071146,1470
2026-04-30T13:14:43.585,T1,5_50_100_200_300cm.csv,863,2,0,9.925,-70.4,-104.1,-33.7,28.96,104,2519,3012,4240,34739,1888,TRUE,1,7.925000000000001,0.6947049089906233,18.39989406779661,1228
2026-04-30T13:14:44.577,T1,5_50_100_200_300cm.csv,864,2,0,6.66,-71.3,-104.2,-32.9,38.33,88,1293,3373,3576,26156,1695,TRUE,1,4.66,0.3721398762411858,15.43126843657817,203
2026-04-30T13:14:45.597,T1,5_50_100_200_300cm.csv,865,2,0,6.843,-70.8,-104,-33.2,45.8,76,3382,3481,2156,27966,1718,TRUE,1,4.843,1.199929040269647,16.278230500582072,1325
2026-04-30T13:14:47.636,T1,5_50_100_200_300cm.csv,867,2,0,7.139,-70.9,-103.8,-32.9,30.31,112,2135,3395,4120,31209,1824,TRUE,1,5.139,0.5681969394544245,17.11019736842105,725
2026-04-30T13:14:48.596,T1,5_50_100_200_300cm.csv,868,2,0,6.698,-72,-103.6,-31.6,48.59,96,2892,4665,3342,34650,1993,TRUE,1,4.698,0.7223679280629449,17.385850476668338,1323
2026-04-30T13:14:51.596,T1,5_50_100_200_300cm.csv,871,2,0,7.589,-71.4,-104.8,-33.4,40.06,64,930,2564,2132,13786,1235,TRUE,1,5.589,0.39608177172061326,11.162753036437246,432
2026-04-30T13:14:52.615,T1,5_50_100_200_300cm.csv,872,2,0,7.326,-71.8,-104.6,-32.7,38.41,112,1993,4302,3339,35460,2008,TRUE,1,5.326,0.521659469,17.659362549800797,963
2026-04-30T13:19:18.769,T1,5_50_100_200_300cm.csv,1138,3,0,8.119,-73.3,-107.7,-34.4,27.3,104,1895,2839,2139,31828,1998,TRUE,1,5.119,0.7613499397348332,15.92992992992993,700
2026-04-30T13:19:20.778,T1,5_50_100_200_300cm.csv,1140,3,0,8.513,-70.6,-108.1,-37.6,23,76,888,1748,1758,18153,1374,TRUE,1,5.513,0.506560183,13.21179039,10
2026-04-30T13:19:23.776,T1,5_50_100_200_300cm.csv,1143,3,0,8.762,-76.6,-104.6,-28.1,31.64,28,1009,886,479,1568,497,TRUE,1,5.7620000000000005,1.4783882783882785,3.1549295774647885,407
2026-04-30T13:19:25.788,T1,5_50_100_200_300cm.csv,1145,3,0,10.671,-71,-103.7,-32.7,43.32,68,2727,2946,2077,18533,1410,TRUE,1,7.670999999999999,1.0858052956400557,13.143971631205673,869
2026-04-30T13:19:26.777,T1,5_50_100_200_300cm.csv,1146,3,0,9.226,-73.7,-104,-30.3,37.23,64,2512,2383,1544,11845,1238,TRUE,1,6.226000000000001,1.2793481028775147,9.567851373182553,839
2026-04-30T13:19:27.767,T1,5_50_100_200_300cm.csv,1147,3,0,8.513,-70,-101.8,-31.7,59.57,56,2877,3336,2478,16065,1270,TRUE,1,5.513,0.9896800825593395,12.649606299212598,858
2026-04-30T13:19:28.787,T1,5_50_100_200_300cm.csv,1148,3,0,7.683,-71.2,-112.7,-41.6,12.3,76,966,935,1328,25960,1679,TRUE,1,4.683,0.8537339814405657,15.461584276354973,393
2026-04-30T13:19:30.768,T1,5_50_100_200_300cm.csv,1150,3,0,8.79,-71.3,-102.4,-31.2,41.4,88,3731,3643,2540,22645,1573,TRUE,1,5.789999999999999,1.2068575125343683,14.396058486967577,1103
2026-04-30T13:19:32.807,T1,5_50_100_200_300cm.csv,1152,3,0,11.13,-69.5,-107,-37.5,27.59,56,1782,1545,1220,15383,1221,TRUE,1,8.13,1.2889692585895118,12.5986896,325
2026-04-30T13:19:36.766,T1,5_50_100_200_300cm.csv,1156,3,0,9.601,-76.6,-105.7,-29.1,35,28,281,980,900,1811,535,TRUE,1,6.601000000000001,0.29893617,3.385046728971963,80
2026-04-30T13:19:37.788,T1,5_50_100_200_300cm.csv,1157,3,0,9.521,-72.5,-102.2,-29.7,51.38,72,1904,3699,3349,16747,1412,TRUE,1,6.521000000000001,0.5402951191827469,11.860481586402265,350
2026-04-30T13:19:38.805,T1,5_50_100_200_300cm.csv,1158,3,0,8.766,-70.3,-99.7,-29.4,68.17,72,1141,4908,4780,18610,1379,TRUE,1,5.766,0.23554913294797689,13.495286439448876,128
2026-04-30T13:19:39.827,T1,5_50_100_200_300cm.csv,1159,3,0,8.588,-70.6,-104.1,-33.4,37.69,72,3309,2714,1531,21137,1487,TRUE,1,5.587999999999999,1.5590106007067137,14.214525891055818,1183
2026-04-30T13:19:40.786,T1,5_50_100_200_300cm.csv,1160,3,0,8.696,-70.6,-103.7,-33.1,38.04,72,2137,2739,2037,15242,1263,TRUE,1,5.696,0.894891122,12.068091844813935,702
2026-04-30T13:19:41.807,T1,5_50_100_200_300cm.csv,1161,3,0,10.835,-70.6,-106.8,-36.2,31.6,68,1556,2149,1628,18617,1394,TRUE,1,7.835000000000001,0.8239343394228223,13.355093256814921,521
2026-04-30T13:19:43.788,T1,5_50_100_200_300cm.csv,1163,3,0,8.954,-71.5,-113.4,-41.9,11.63,76,686,884,1298,24317,1643,TRUE,1,5.954000000000001,0.6287809349220899,14.800365185636032,414
2026-04-30T13:19:44.807,T1,5_50_100_200_300cm.csv,1164,3,0,9.611,-71.9,-101.1,-29.2,54.28,80,4173,4342,3253,22390,1599,TRUE,1,6.611000000000001,1.0988808426596446,14.002501563477173,1089
2026-04-30T13:19:45.798,T1,5_50_100_200_300cm.csv,1165,3,0,10.375,-70.6,-114,-43.4,11.07,72,590,797,1150,23292,1557,TRUE,1,7.375,0.6060606060606061,14.959537572254336,353
2026-04-30T13:19:47.776,T1,5_50_100_200_300cm.csv,1167,3,0,8.865,-74.8,-107.2,-32.4,31.75,32,653,1016,797,3294,678,TRUE,1,5.865,0.7203530060672918,4.8584070796460175,219
2026-04-30T13:19:49.815,T1,5_50_100_200_300cm.csv,1169,3,0,10.952,-71.8,-105.3,-33.5,36.57,72,2471,2633,1667,19737,1494,TRUE,1,7.952,1.1493023255813954,13.210843373493976,966
2026-04-30T13:19:50.806,T1,5_50_100_200_300cm.csv,1170,3,0,11.05,-70.5,-102.9,-32.4,41.62,80,3958,3330,1895,23945,1576,TRUE,1,8.05,1.515023923444976,15.193527918781726,1435
2026-04-30T13:19:52.786,T1,5_50_100_200_300cm.csv,1172,3,0,11.538,-69.5,-105.7,-36.2,35.34,68,1866,2403,1832,20451,1406,TRUE,1,8.538,0.8812278630460448,14.54551920341394,571
2026-04-30T13:19:54.796,T1,5_50_100_200_300cm.csv,1174,3,0,11.97,-70.4,-101.2,-30.8,54.21,72,4428,3903,2402,21894,1503,TRUE,1,8.97,1.404599524187153,14.56686626746507,1501
2026-04-30T13:19:55.787,T1,5_50_100_200_300cm.csv,1175,3,0,8.705,-70.8,-105.1,-34.3,36.84,68,2807,2505,1804,22455,1542,TRUE,1,5.705,1.3028544906010675,14.562256809338521,701
2026-04-30T13:19:56.805,T1,5_50_100_200_300cm.csv,1176,3,0,8.973,-70.9,-106.5,-35.6,24.44,68,2340,1662,1244,17176,1353,TRUE,1,5.973000000000001,1.610461114934618,12.694752402069476,418
2026-04-30T13:19:57.796,T1,5_50_100_200_300cm.csv,1177,3,0,8.518,-71.2,-103.3,-32.1,40.71,76,2916,3094,2072,18542,1421,TRUE,1,5.518000000000001,1.1289198606271778,13.048557353976074,1022
2026-04-30T13:19:59.835,T1,5_50_100_200_300cm.csv,1179,3,0,8.827,-70.7,-108,-37.3,30.3,64,1482,1939,1336,19348,1426,TRUE,1,5.827,0.9050381679389313,13.568022440392706,603
2026-04-30T13:20:10.816,T1,5_50_100_200_300cm.csv,1190,3,0,8.414,-70.8,-106.3,-35.5,28.55,76,2337,2170,1355,20431,1470,TRUE,1,5.414,1.3259574468085107,13.898639455782313,815
2026-04-30T13:20:11.807,T1,5_50_100_200_300cm.csv,1191,3,0,7.95,-76.8,-113.8,-37,15.86,72,699,1142,882,16163,1610,TRUE,1,4.95,0.6907114624505929,10.039130434782608,260
2026-04-30T13:20:12.825,T1,5_50_100_200_300cm.csv,1192,3,0,9.962,-70.5,-107.7,-37.1,24.8,76,1690,1885,1453,20107,1444,TRUE,1,6.962,1.0125823846614739,13.924515235457063,432
2026-04-30T13:20:13.817,T1,5_50_100_200_300cm.csv,1193,3,0,7.96,-70.8,-112.6,-41.8,13.54,76,940,1029,1338,27076,1693,TRUE,1,4.96,0.7942543303760033,15.99291199054932,309
2026-04-30T13:20:18.827,T1,5_50_100_200_300cm.csv,1198,3,0,11.079,-70.4,-103.5,-33,36.38,88,3247,3201,2374,23853,1567,TRUE,1,8.079,1.1648430493273543,15.22208040842374,827
2026-04-30T13:20:21.825,T1,5_50_100_200_300cm.csv,1201,3,0,8.823,-71.9,-113.9,-42,14.91,76,635,1133,771,20497,1531,TRUE,1,5.823,0.667016807,13.387981711299805,362
2026-04-30T13:20:22.814,T1,5_50_100_200_300cm.csv,1202,3,0,8.982,-70.7,-106.8,-36.1,24.76,76,1885,1882,1570,18398,1390,TRUE,1,5.981999999999999,1.0921205098493627,13.235971223021583,312
2026-04-30T13:20:23.806,T1,5_50_100_200_300cm.csv,1203,3,0,8.565,-70.7,-109.8,-39.1,19.7,80,1160,1576,1283,20954,1484,TRUE,1,5.5649999999999995,0.8114725428471493,14.119946091644206,293
2026-04-30T13:20:25.817,T1,5_50_100_200_300cm.csv,1205,3,0,7.988,-70.5,-113,-42.4,17.31,80,756,1385,944,27062,1677,TRUE,1,4.988,0.6492056676685273,16.13714967203339,441
2026-04-30T13:20:28.815,T1,5_50_100_200_300cm.csv,1208,3,0,11.163,-70.3,-104.9,-34.6,28.03,88,2644,2467,1993,21655,1486,TRUE,1,8.163,1.1856502242152467,14.572678331090176,474
2026-04-30T13:20:30.825,T1,5_50_100_200_300cm.csv,1210,3,0,8.959,-70.7,-101.1,-30.3,44.01,96,3867,4225,2852,20834,1481,TRUE,1,5.959,1.092835947435354,14.067521944632006,1373
2026-04-30T13:20:42.824,T1,5_50_100_200_300cm.csv,1222,3,0,9.16,-70.7,-113.4,-42.6,17.24,72,542,1241,996,24409,1603,TRUE,1,6.16,0.4845775592311131,15.22707423580786,245
2026-04-30T13:20:43.845,T1,5_50_100_200_300cm.csv,1223,3,0,8.203,-70.9,-113.1,-42.3,13.92,72,510,1002,1279,23637,1585,TRUE,1,5.202999999999999,0.4471722928540114,14.912933753943218,277
2026-04-30T13:20:44.834,T1,5_50_100_200_300cm.csv,1224,3,0,13.1,-70.1,-100.8,-30.8,15,68,5772,1020,1562,18667,1370,TRUE,1,10.1,4.470952749806352,13.625547445255474,542
2026-04-30T13:20:45.825,T1,5_50_100_200_300cm.csv,1225,3,0,8.973,-71,-104.5,-33.5,29.71,80,2853,2377,2286,20912,1499,TRUE,1,5.973000000000001,1.2236757452283937,13.950633755837226,91
2026-04-30T13:20:47.833,T1,5_50_100_200_300cm.csv,1227,3,0,9.184,-71,-104.4,-33.5,31.8,84,1744,2671,3253,22580,1555,TRUE,1,6.183999999999999,0.5887913571910871,14.520900321543408,582
2026-04-30T13:20:49.875,T1,5_50_100_200_300cm.csv,1229,3,0,8.907,-69.9,-107.9,-38,29.06,72,1600,2092,1721,25698,1600,TRUE,1,5.907,0.8392341987936008,16.06125,371
2026-04-30T13:20:50.836,T1,5_50_100_200_300cm.csv,1230,3,0,11.238,-70.8,-104.2,-33.4,35.68,76,2018,2712,2549,18549,1399,TRUE,1,8.238,0.767154533,13.258756254467476,163
2026-04-30T13:20:52.845,T1,5_50_100_200_300cm.csv,1232,3,0,9.221,-70.9,-109.4,-38.5,18.35,88,1738,1615,1223,24437,1613,TRUE,1,6.221,1.2248062015503876,15.150030998140112,392
2026-04-30T13:20:53.865,T1,5_50_100_200_300cm.csv,1233,3,0,9.54,-70.7,-104.4,-33.7,38.75,76,871,2945,3292,22409,1537,TRUE,1,6.539999999999999,0.2793009459676126,14.579700715679897,347
2026-04-30T13:20:56.835,T1,5_50_100_200_300cm.csv,1236,3,0,11.079,-70.4,-104.8,-34.4,44.31,64,1565,2836,2074,18308,1374,TRUE,1,8.079,0.6374745417515275,13.324599708879186,762
2026-04-30T13:20:58.845,T1,5_50_100_200_300cm.csv,1238,3,0,8.658,-70,-105,-35.1,38.13,60,2914,2288,1549,21501,1465,TRUE,1,5.6579999999999995,1.5188949700286682,14.676450511945392,739
2026-04-30T13:20:59.835,T1,5_50_100_200_300cm.csv,1239,3,0,10.239,-73.6,-106.7,-33.2,27.27,40,848,1091,830,4001,716,TRUE,1,7.239000000000001,0.8828735033836543,5.587988826815643,261
2026-04-30T13:21:03.823,T1,5_50_100_200_300cm.csv,1243,3,0,9.17,-69.9,-107.3,-37.4,25.62,72,1791,1845,1356,19102,1379,TRUE,1,6.17,1.1190253045923149,13.852066715010878,489
2026-04-30T13:21:04.844,T1,5_50_100_200_300cm.csv,1244,3,0,8.785,-70.9,-106.1,-35.3,33.5,76,1949,2546,1755,21709,1520,TRUE,1,5.785,0.9063008602650546,14.282236842105263,791
2026-04-30T13:21:05.835,T1,5_50_100_200_300cm.csv,1245,3,0,9.634,-70.3,-107.9,-37.7,23.37,68,1831,1589,1180,18610,1379,TRUE,1,6.634,1.3224990971469845,13.495286439448876,409
2026-04-30T13:21:06.856,T1,5_50_100_200_300cm.csv,1246,3,0,8.583,-70.1,-109.4,-39.3,23.55,56,1523,1319,959,18084,1351,TRUE,1,5.583,1.3371378402107112,13.385640266469283,360
2026-04-30T13:21:07.845,T1,5_50_100_200_300cm.csv,1247,3,0,11.576,-70.5,-109.6,-39.1,18.12,88,1580,1595,1096,22948,1543,TRUE,1,8.576,1.1742846525455222,14.872326636422553,499
2026-04-30T13:21:08.834,T1,5_50_100_200_300cm.csv,1248,3,0,9.057,-71,-108,-36.9,20.61,88,1864,1814,1682,23467,1589,TRUE,1,6.057,1.0663615560640731,14.768407803650094,132
2026-04-30T13:21:09.824,T1,5_50_100_200_300cm.csv,1249,3,0,9.188,-70.1,-104.1,-34,35.6,92,1552,3275,2440,20564,1442,TRUE,1,6.188000000000001,0.5431321084864392,14.260748959778086,835
2026-04-30T13:21:11.833,T1,5_50_100_200_300cm.csv,1251,3,0,8.396,-69.6,-107.1,-37.5,27.96,80,2176,2237,1438,26365,1602,TRUE,1,5.396000000000001,1.184217687,16.457553058676655,799
2026-04-30T13:21:13.844,T1,5_50_100_200_300cm.csv,1253,3,0,9.948,-69.8,-102.1,-32.3,17.72,88,5172,1559,1938,22837,1502,TRUE,1,6.948,2.9579639691163853,15.20439414114514,379
2026-04-30T13:21:15.854,T1,5_50_100_200_300cm.csv,1255,3,0,11.899,-70.6,-101.8,-31.2,48.86,72,4303,3518,2397,22249,1525,TRUE,1,8.899,1.4549450549450549,14.589508196721312,1121
2026-04-30T13:21:16.845,T1,5_50_100_200_300cm.csv,1256,3,0,8.4,-70.4,-114,-43.6,14.1,72,462,1015,1172,27037,1669,TRUE,1,5.4,0.4224965706447188,16.199520671060515,157
2026-04-30T13:21:17.835,T1,5_50_100_200_300cm.csv,1257,3,0,10.553,-90,-109.6,-19.6,15.92,12,197,191,152,69,194,TRUE,1,7.553000000000001,1.1486880466472302,0.3556701030927835,39
2026-04-30T13:21:18.855,T1,5_50_100_200_300cm.csv,1258,3,0,12.021,-71.2,-106.9,-35.6,21.56,104,2881,2242,1556,29381,1790,TRUE,1,9.021,1.517114270668773,16.413966480446927,686
2026-04-30T13:21:19.842,T1,5_50_100_200_300cm.csv,1259,3,0,8.447,-70.4,-110.3,-39.8,20.97,92,385,1929,1693,29087,1731,TRUE,1,5.446999999999999,0.21258972943125345,16.803581744656267,236
2026-04-30T13:21:20.835,T1,5_50_100_200_300cm.csv,1260,3,0,10.014,-74.4,-109.9,-35.4,20.14,44,676,886,761,5452,861,TRUE,1,7.013999999999999,0.8208864602307225,6.332171893147503,125
2026-04-30T13:21:24.855,T1,5_50_100_200_300cm.csv,1264,3,0,7.997,-70.3,-113.4,-43,13.95,84,533,1172,1253,28681,1715,TRUE,1,4.997,0.4395876288659794,16.723615160349855,81
2026-04-30T13:21:25.843,T1,5_50_100_200_300cm.csv,1265,3,0,8.719,-70.1,-108.2,-38,14.65,84,1452,1231,2174,22820,1519,TRUE,1,5.718999999999999,0.852863436,15.023041474654377,943
2026-04-30T13:21:27.853,T1,5_50_100_200_300cm.csv,1267,3,0,9.981,-69.7,-108.3,-38.6,24.47,76,1657,1860,1347,23172,1510,TRUE,1,6.981,1.033364515123168,15.345695364238411,513
2026-04-30T13:21:28.873,T1,5_50_100_200_300cm.csv,1268,3,0,9.066,-69.8,-108,-38.1,21.88,72,1787,1575,1059,18095,1339,TRUE,1,6.066000000000001,1.3568716780561882,13.513816280806573,516
2026-04-30T13:21:29.865,T1,5_50_100_200_300cm.csv,1269,3,0,9.381,-69.9,-107.7,-37.8,24.97,72,1709,1798,1324,19509,1392,TRUE,1,6.381,1.0948110185778348,14.015086206896552,474
2026-04-30T13:21:32.865,T1,5_50_100_200_300cm.csv,1272,3,0,9.038,-69.5,-108.5,-39,17.39,92,2032,1600,1133,24296,1531,TRUE,1,6.038,1.487010611050128,15.869366427171784,467
2026-04-30T13:21:34.903,T1,5_50_100_200_300cm.csv,1274,3,0,8.611,-69.8,-108.1,-38.4,28.33,64,1295,1813,1455,19635,1392,TRUE,1,5.611000000000001,0.7925336597307222,14.105603448275861,358
2026-04-30T13:21:35.863,T1,5_50_100_200_300cm.csv,1275,3,0,8.307,-69.6,-114.2,-44.6,10.75,64,704,688,1098,24754,1553,TRUE,1,5.307,0.7883538633818589,15.93947198969736,410
2026-04-30T13:21:36.854,T1,5_50_100_200_300cm.csv,1276,3,0,8.771,-69.5,-107.5,-38,21.99,72,1973,1583,1165,19056,1358,TRUE,1,5.771000000000001,1.4359534206695779,14.03240058910162,418
2026-04-30T13:21:37.872,T1,5_50_100_200_300cm.csv,1277,3,0,10.192,-73.8,-110.6,-36.8,21.38,40,528,855,709,5618,854,TRUE,1,7.192,0.6751918158567775,6.578454332552694,146
2026-04-30T13:21:47.862,T1,5_50_100_200_300cm.csv,1287,3,0,10.042,-74.4,-109.1,-34.7,24.86,36,934,895,621,5155,837,TRUE,1,7.042,1.2321899736147757,6.158900836320191,274
2026-04-30T13:21:53.862,T1,5_50_100_200_300cm.csv,1293,3,0,8.738,-70.4,-105.1,-34.8,32.59,68,2749,2216,1427,19354,1409,TRUE,1,5.7379999999999995,1.5091957178149877,13.735982966643009,789
2026-04-30T13:21:54.854,T1,5_50_100_200_300cm.csv,1294,3,0,10.558,,-103.2,,35.5,8,161,284,175,0,110,FALSE,1,7.558,0.7015250544662309,0,109
2026-04-30T13:21:57.852,T1,5_50_100_200_300cm.csv,1297,3,0,8.813,-69.2,-109.8,-40.6,11,84,1311,924,1683,22688,1467,TRUE,1,5.813000000000001,1.005753739930955,15.465576005453306,759
2026-04-30T13:21:58.871,T1,5_50_100_200_300cm.csv,1298,3,0,9.062,-69.3,-110.5,-41.2,19.51,72,1052,1405,1119,21320,1425,TRUE,1,6.061999999999999,0.8335974643423137,14.96140350877193,286
2026-04-30T13:22:06.883,T1,5_50_100_200_300cm.csv,1306,3,0,7.856,-71.5,-113.4,-41.9,19.16,56,554,1073,719,16475,1352,TRUE,1,4.856,0.6183035714285714,12.185650887573965,354
2026-04-30T13:22:08.861,T1,5_50_100_200_300cm.csv,1308,3,0,9.17,-71.5,-106.7,-35.2,28.33,72,2474,2040,1450,21898,1557,TRUE,1,6.17,1.4177650429799427,14.06422607578677,590
2026-04-30T13:22:09.881,T1,5_50_100_200_300cm.csv,1309,3,0,7.969,-70.7,-112.8,-42.1,17.1,80,550,1368,1067,25459,1636,TRUE,1,4.969,0.4517453798767967,15.561735941320293,301
2026-04-30T13:22:12.941,T1,5_50_100_200_300cm.csv,1312,3,0,11.684,-71,-112.7,-41.7,17.12,68,491,1164,1126,20761,1492,TRUE,1,8.684,0.42882096069868997,13.914879356568365,38
2026-04-30T13:22:14.893,T1,5_50_100_200_300cm.csv,1314,3,0,10.929,-71.5,-105,-33.4,33.4,80,2486,2672,1780,19429,1471,TRUE,1,7.929,1.1168014375561546,13.208021753908906,892
2026-04-30T13:22:15.881,T1,5_50_100_200_300cm.csv,1315,3,0,9.127,-70.6,-101,-30.4,55.35,80,3847,4428,3107,22430,1530,TRUE,1,6.127000000000001,1.0211015262110152,14.660130718954248,1321
2026-04-30T13:22:17.892,T1,5_50_100_200_300cm.csv,1317,3,0,8.241,-70.7,-113,-42.3,12.63,76,384,960,1300,21928,1516,TRUE,1,5.241,0.3398230088495575,14.464379947229551,340
2026-04-30T13:22:20.891,T1,5_50_100_200_300cm.csv,1320,3,0,8.414,-72.2,-112.3,-40.1,20.45,76,996,1554,994,26995,1774,TRUE,1,5.414,0.7817896389324961,15.217023675310033,560
2026-04-30T13:22:21.882,T1,5_50_100_200_300cm.csv,1321,3,0,8.349,-71.7,-112.5,-40.9,17.1,80,1011,1368,867,24387,1655,TRUE,1,5.349,0.9046979865771813,14.735347432024168,501
2026-04-30T13:22:22.872,T1,5_50_100_200_300cm.csv,1322,3,0,8.48,-71.1,-113.2,-42.1,23.25,60,744,1395,1076,29522,1784,TRUE,1,5.48,0.6021853500607042,16.548206278026907,319
2026-04-30T13:22:23.892,T1,5_50_100_200_300cm.csv,1323,3,0,8.977,-71.1,-104.9,-33.9,23.78,72,3278,1712,1731,20267,1479,TRUE,1,5.977,1.904153354632588,13.703177822853279,19
2026-04-30T13:22:25.903,T1,5_50_100_200_300cm.csv,1325,3,0,11.294,-71.2,-113.3,-42.1,13.83,72,450,996,1272,23210,1587,TRUE,1,8.294,0.3968253968253968,14.625078764965343,276
2026-04-30T13:22:26.893,T1,5_50_100_200_300cm.csv,1326,3,0,9.235,-71.3,-102.8,-31.4,42.5,84,2484,3570,3310,21583,1539,TRUE,1,6.234999999999999,0.7220930232558139,14.024041585445094,260
2026-04-30T13:22:29.891,T1,5_50_100_200_300cm.csv,1329,3,0,11.899,-70.6,-107.6,-37,25.26,80,1880,2021,1551,23227,1555,TRUE,1,8.899,1.0526315789473684,14.936977491961414,470
2026-04-30T13:22:30.883,T1,5_50_100_200_300cm.csv,1330,3,0,8.944,-69.8,-103.7,-33.9,40.9,84,2916,3436,2471,26526,1618,TRUE,1,5.944000000000001,0.9873031995937024,16.394313967861557,965
2026-04-30T13:22:31.901,T1,5_50_100_200_300cm.csv,1331,3,0,10.183,-72.4,-105.9,-33.5,32.42,64,1774,2075,1522,13391,1257,TRUE,1,7.183,0.9863775368362524,10.653142402545743,553
2026-04-30T13:22:32.893,T1,5_50_100_200_300cm.csv,1332,3,0,9.437,-74.6,-113.2,-38.6,16.31,48,419,783,592,7281,1000,TRUE,1,6.436999999999999,0.6094545454545455,7.281,191
2026-04-30T13:22:33.913,T1,5_50_100_200_300cm.csv,1333,3,0,12.003,-71.2,-107.4,-36.2,30.57,72,1106,2201,1980,21221,1519,TRUE,1,9.003,0.5290600334848122,13.970375246872942,221
2026-04-30T13:22:35.892,T1,5_50_100_200_300cm.csv,1335,3,0,10.126,-75.9,-108.5,-32.6,25.61,28,93,717,691,1991,548,TRUE,1,7.1259999999999994,0.13210227272727273,3.633211678832117,26
2026-04-30T13:22:37.933,T1,5_50_100_200_300cm.csv,1337,3,0,11.777,-70.7,-104.9,-34.2,33.53,92,2037,3085,2264,23214,1562,TRUE,1,8.777,0.7616376892877174,14.861715749039693,821
2026-04-30T13:28:00.090,T1,5_50_100_200_300cm.csv,1659,0.5,0,6.491,-77.3,-91.1,-13.8,148.5,16,1750,2376,1491,358,244,TRUE,1,5.991,0.9050943884147918,1.4672131147540983,885
2026-04-30T13:28:01.081,T1,5_50_100_200_300cm.csv,1660,0.5,0,5.793,-64,-87,-23,138.29,128,12766,17701,14449,25562,1301,TRUE,1,5.293,0.7941524105754277,19.647963105303614,3252
2026-04-30T13:28:02.102,T1,5_50_100_200_300cm.csv,1661,0.5,0,8.658,-63.9,-87.5,-23.7,161.6,108,12833,17453,14514,26599,1321,TRUE,1,8.158,0.8028904808083336,20.13550340651022,2939
2026-04-30T13:28:04.112,T1,5_50_100_200_300cm.csv,1663,0.5,0,5.37,-63.9,-86.9,-23,120.06,104,10606,12486,16564,20226,1153,TRUE,1,4.87,0.7301893287435456,17.54206418039896,4078
2026-04-30T13:28:05.102,T1,5_50_100_200_300cm.csv,1664,0.5,0,8.757,-64,-85.9,-21.9,175.05,96,10770,16805,14368,20906,1178,TRUE,1,8.257,0.6909825810797806,17.74702886247878,2437
2026-04-30T13:28:08.102,T1,5_50_100_200_300cm.csv,1667,0.5,0,5.816,-63.4,-85.6,-22.2,183.27,88,11488,16128,15680,22527,1197,TRUE,1,5.316,0.7223340040241448,18.81954887218045,448
2026-04-30T13:28:10.111,T1,5_50_100_200_300cm.csv,1669,0.5,0,7.856,-63.9,-87.5,-23.6,125.85,124,12121,15606,14524,23370,1241,TRUE,1,7.356,0.8045801526717558,18.831587429492345,1082
2026-04-30T13:28:11.100,T1,5_50_100_200_300cm.csv,1670,0.5,0,5.3,-63.5,-86.4,-22.8,172.46,100,12152,17246,11310,21131,1164,TRUE,1,4.8,0.8510995937806416,18.153780068728523,5936
2026-04-30T13:28:12.120,T1,5_50_100_200_300cm.csv,1671,0.5,0,7.439,-63.8,-87.5,-23.6,142.27,124,13120,17641,14670,27297,1335,TRUE,1,6.939,0.812107332,20.447191011235955,2971
2026-04-30T13:28:13.112,T1,5_50_100_200_300cm.csv,1672,0.5,0,6.008,-63.6,-84.6,-21,182.75,84,12692,15351,17570,22953,1215,TRUE,1,5.508,0.7710579873029373,18.891358024691357,2219
2026-04-30T13:28:16.112,T1,5_50_100_200_300cm.csv,1675,0.5,0,5.779,-64.1,-85.4,-21.3,180.87,92,11581,16640,16263,22435,1223,TRUE,1,5.279,0.7039479682703704,18.344235486508584,377
2026-04-30T13:28:20.102,T1,5_50_100_200_300cm.csv,1679,0.5,0,5.549,-63.2,-87,-23.8,134.95,112,9881,15114,15403,22185,1179,TRUE,1,5.049,0.6475734836320739,18.81679389312977,289
2026-04-30T13:28:21.182,T1,5_50_100_200_300cm.csv,1680,0.5,0,5.474,-63.6,-86.8,-23.2,171.36,96,10006,16451,11692,19256,1114,TRUE,1,4.974,0.7110826848594677,17.285457809694794,4759
2026-04-30T13:28:22.110,T1,5_50_100_200_300cm.csv,1681,0.5,0,5.872,-63.6,-87.4,-23.8,140.42,108,11617,15165,14633,22819,1212,TRUE,1,5.372,0.7797167595140614,18.827557755775576,532
2026-04-30T13:28:23.130,T1,5_50_100_200_300cm.csv,1682,0.5,0,5.821,-64.1,-87.2,-23.1,176.36,108,14610,19047,11763,26891,1338,TRUE,1,5.321,0.9483933787731256,20.097907324364723,7284
2026-04-30T13:28:25.140,T1,5_50_100_200_300cm.csv,1684,0.5,0,5.431,-63.8,-84.8,-20.9,131.77,112,13756,14758,18115,23842,1249,TRUE,1,4.931,0.836917835,19.0888711,3357
2026-04-30T13:28:26.131,T1,5_50_100_200_300cm.csv,1685,0.5,0,5.342,-63.7,-88.1,-24.5,162.11,104,15169,16859,11163,27019,1321,TRUE,1,4.842,1.0826493469416887,20.45344436033308,5696
2026-04-30T13:28:27.120,T1,5_50_100_200_300cm.csv,1686,0.5,0,5.521,-63.8,-86.5,-22.7,198.07,84,10236,16638,12538,19686,1134,TRUE,1,5.021,0.7016726076227036,17.35978835978836,4100
2026-04-30T13:28:28.114,T1,5_50_100_200_300cm.csv,1687,0.5,0,6.215,-63.6,-85.6,-21.9,164.77,104,12022,17136,15801,23891,1242,TRUE,1,5.715,0.729999696,19.235909822866343,1335
2026-04-30T13:28:32.130,T1,5_50_100_200_300cm.csv,1691,0.5,0,5.582,-64.2,-87.1,-22.9,181.53,96,11338,17427,14649,24040,1270,TRUE,1,5.082,0.7069460032422995,18.929133858267715,2778
2026-04-30T13:28:33.120,T1,5_50_100_200_300cm.csv,1692,0.5,0,5.98,-63.6,-85.5,-21.9,169.01,92,11971,15549,16245,22498,1204,TRUE,1,5.48,0.7530351638673963,18.686046511627907,696
2026-04-30T13:28:34.139,T1,5_50_100_200_300cm.csv,1693,0.5,0,7.856,-63,-85.7,-22.7,194.12,88,11654,17083,15596,24584,1231,TRUE,1,7.356,0.713240919,19.970755483346874,1487
2026-04-30T13:28:40.169,T1,5_50_100_200_300cm.csv,1699,0.5,0,7.49,-63.5,-86.5,-23,181.56,96,12805,17430,12517,23255,1220,TRUE,1,6.99,0.8551774802150466,19.061475409836067,4913
2026-04-30T13:28:42.120,T1,5_50_100_200_300cm.csv,1701,0.5,0,7.931,-63.8,-84.9,-21.1,177.29,96,11749,17020,16758,23146,1230,TRUE,1,7.431,0.695659897,18.817886178861787,262
2026-04-30T13:28:43.109,T1,5_50_100_200_300cm.csv,1702,0.5,0,5.277,-63.8,-85.5,-21.7,154.67,108,11719,16704,15572,22488,1211,TRUE,1,4.777,0.726174247,18.569777043765484,1132
2026-04-30T13:28:45.121,T1,5_50_100_200_300cm.csv,1704,0.5,0,5.253,-64,-84.8,-20.8,139.8,104,15392,14539,18763,25670,1303,TRUE,1,4.753,0.9243889255900547,19.70069071373753,4224
2026-04-30T13:28:46.171,T1,5_50_100_200_300cm.csv,1705,0.5,0,5.933,-63.5,-86.4,-22.9,191.89,92,12734,17654,10751,21927,1184,TRUE,1,5.433,0.8966027107903538,18.519425675675677,6903
2026-04-30T13:28:47.160,T1,5_50_100_200_300cm.csv,1706,0.5,0,7.814,-63.8,-86.6,-22.8,181.29,92,12347,16679,10291,19765,1135,TRUE,1,7.314,0.9156099369670003,17.41409691629956,6388
2026-04-30T13:28:48.151,T1,5_50_100_200_300cm.csv,1707,0.5,0,7.805,-63.4,-85.2,-21.7,189.45,92,11413,17429,14819,22395,1194,TRUE,1,7.305,0.7078268419746961,18.756281407035175,2610
2026-04-30T13:28:50.159,T1,5_50_100_200_300cm.csv,1709,0.5,0,6.051,-63.7,-88.1,-24.3,155.52,116,16929,18040,10652,30052,1397,TRUE,1,5.551,1.1800501882057717,21.511811023622048,7388
2026-04-30T13:28:51.121,T1,5_50_100_200_300cm.csv,1710,0.5,0,5.37,-63.6,-85,-21.4,191.98,88,11339,16894,14580,20952,1162,TRUE,1,4.87,0.7205312321281058,18.030981067125644,2314
2026-04-30T13:28:52.141,T1,5_50_100_200_300cm.csv,1711,0.5,0,5.394,-63.7,-87.5,-23.8,175.18,100,13792,17518,12746,25982,1297,TRUE,1,4.894,0.9114459423737774,20.032382420971473,4772
2026-04-30T13:28:53.161,T1,5_50_100_200_300cm.csv,1712,0.5,0,6.172,-66.3,-88.1,-21.8,184.96,76,10026,14057,13892,17076,1149,TRUE,1,5.672,0.7174496404164729,14.861618798955613,165
2026-04-30T13:28:54.119,T1,5_50_100_200_300cm.csv,1713,0.5,0,5.797,-63.8,-87.1,-23.3,173,104,12744,17992,14146,26248,1307,TRUE,1,5.297,0.7930798431763022,20.082631981637338,3846
2026-04-30T13:28:55.138,T1,5_50_100_200_300cm.csv,1714,0.5,0,5.356,-63.5,-86.8,-23.3,181.18,96,13711,17393,12022,24225,1244,TRUE,1,4.856,0.932245453,19.473472668810288,5371
2026-04-30T13:28:57.151,T1,5_50_100_200_300cm.csv,1716,0.5,0,5.736,-63.8,-87.5,-23.7,171.55,100,13328,17155,13981,26217,1308,TRUE,1,5.236,0.8561151079136691,20.043577981651374,3174
2026-04-30T13:28:58.139,T1,5_50_100_200_300cm.csv,1717,0.5,0,5.441,-63.7,-85.9,-22.1,195.22,88,11553,17179,11980,20120,1143,TRUE,1,4.941,0.7924140059672828,17.602799650043746,5199
2026-04-30T13:28:59.159,T1,5_50_100_200_300cm.csv,1718,0.5,0,7.444,-64,-87.6,-23.6,170.26,112,14544,19069,12701,28649,1377,TRUE,1,6.944,0.9155807365439094,20.80537400145243,6368
2026-04-30T13:29:00.149,T1,5_50_100_200_300cm.csv,1719,0.5,0,5.783,-63.6,-84.5,-21,153.53,92,13680,14125,17924,23008,1215,TRUE,1,5.283,0.8536927829261444,18.936625514403293,3799
2026-04-30T13:29:02.160,T1,5_50_100_200_300cm.csv,1721,0.5,0,6.548,-63.6,-84.5,-20.9,162.57,88,13088,14306,17458,21955,1188,TRUE,1,6.048,0.8240775720941946,18.48063973063973,3152
2026-04-30T13:29:03.150,T1,5_50_100_200_300cm.csv,1722,0.5,0,6.867,-66.2,-88.2,-21.9,171.3,88,10003,15074,11442,16356,1123,TRUE,1,6.367,0.7544878563885956,14.564559216384684,3632
2026-04-30T13:29:06.148,T1,5_50_100_200_300cm.csv,1725,0.5,0,6.008,-63.3,-86.6,-23.3,192.77,88,12712,16964,10431,21257,1159,TRUE,1,5.508,0.9280525643365578,18.340811044003452,6533
2026-04-30T13:29:07.168,T1,5_50_100_200_300cm.csv,1726,0.5,0,7.43,-63.5,-86.4,-22.9,166.25,100,11094,16625,13918,22033,1185,TRUE,1,6.93,0.726451233,18.59324894514768,2707
2026-04-30T13:29:08.160,T1,5_50_100_200_300cm.csv,1727,0.5,0,5.455,-64.3,-85.6,-21.3,172.46,96,12450,16556,16993,23807,1269,TRUE,1,4.955,0.7421979790753823,18.760441292356187,437
2026-04-30T13:29:09.179,T1,5_50_100_200_300cm.csv,1728,0.5,0,5.436,-61.4,-86.7,-25.3,123.97,108,10168,13389,12890,19622,1041,TRUE,1,4.936,0.7738498420792268,18.84918347742555,499
2026-04-30T13:29:12.148,T1,5_50_100_200_300cm.csv,1731,0.5,0,5.506,-64.1,-86.6,-22.6,162.91,96,11954,15639,15151,22378,1220,TRUE,1,5.006,0.7764858720363754,18.34262295081967,488
2026-04-30T13:29:13.140,T1,5_50_100_200_300cm.csv,1732,0.5,0,5.216,-64.2,-87.4,-23.2,184.01,88,12219,16193,14409,23423,1254,TRUE,1,4.716,0.7985752565191817,18.678628389154706,1784
2026-04-30T13:29:16.170,T1,5_50_100_200_300cm.csv,1735,0.5,0,5.258,-64,-87.1,-23.1,169.82,100,11520,16982,10276,19796,1144,TRUE,1,4.758,0.8452564384767774,17.304195804195803,6706
2026-04-30T13:29:17.158,T1,5_50_100_200_300cm.csv,1736,0.5,0,5.281,-63.8,-87.4,-23.6,155.83,112,10502,17453,14658,24527,1265,TRUE,1,4.781,0.65410607,19.38893280632411,2795
2026-04-30T13:29:19.169,T1,5_50_100_200_300cm.csv,1738,0.5,0,5.253,-64.2,-87.4,-23.2,155.2,108,12838,16762,15019,25476,1305,TRUE,1,4.753,0.8079040936408546,19.52183908045977,1743
2026-04-30T13:29:20.158,T1,5_50_100_200_300cm.csv,1739,0.5,0,6.871,-68.2,-88.7,-20.6,157.02,64,6723,10049,8259,7605,819,TRUE,1,6.371,0.734433035,9.285714285714286,1790
2026-04-30T13:29:22.169,T1,5_50_100_200_300cm.csv,1741,0.5,0,8.016,-63.8,-86.9,-23.1,164.29,112,13990,18401,10716,24481,1264,TRUE,1,7.516,0.9609506473881237,19.367879746835442,7685
2026-04-30T13:29:24.179,T1,5_50_100_200_300cm.csv,1743,0.5,0,5.422,-63.5,-87.2,-23.7,162.3,112,14098,18178,13144,27585,1328,TRUE,1,4.922,0.9001979439371688,20.77183734939759,5034
2026-04-30T13:29:25.170,T1,5_50_100_200_300cm.csv,1744,0.5,0,7.983,-63.6,-85.7,-22.1,162.03,104,12633,16851,16960,25683,1284,TRUE,1,7.483,0.7472715980006507,20.002336448598133,109
2026-04-30T13:29:26.159,T1,5_50_100_200_300cm.csv,1745,0.5,0,6.82,-67.6,-88.4,-20.8,120.89,72,7122,8704,10383,8035,825,TRUE,1,6.32,0.7462670927856656,9.739393939,1679
2026-04-30T13:29:29.187,T1,5_50_100_200_300cm.csv,1748,0.5,0,5.422,-63.9,-87.2,-23.2,164.37,100,11068,16437,15518,24070,1259,TRUE,1,4.922,0.692724143,19.118347895154884,919
2026-04-30T13:29:32.189,T1,5_50_100_200_300cm.csv,1751,0.5,0,5.366,-63.2,-85.9,-22.7,172.07,100,11646,17207,15003,23959,1226,TRUE,1,4.866,0.7231294628997206,19.542414355628058,2204
2026-04-30T13:29:33.179,T1,5_50_100_200_300cm.csv,1752,0.5,0,6.384,-77.7,-90.8,-13.1,141.9,20,2002,2838,2432,535,302,TRUE,1,5.884,0.7597722960151803,1.771523178807947,406
2026-04-30T13:29:34.168,T1,5_50_100_200_300cm.csv,1753,0.5,0,5.225,-63.6,-86.3,-22.7,142.98,92,11753,13154,16487,21308,1171,TRUE,1,4.725,0.7930231773556897,18.196413321947055,3333
2026-04-30T13:29:35.188,T1,5_50_100_200_300cm.csv,1754,0.5,0,5.352,-63.1,-86.4,-23.3,152.96,100,11351,15296,14766,22196,1173,TRUE,1,4.852,0.755172643,18.92242114236999,530
2026-04-30T13:29:36.178,T1,5_50_100_200_300cm.csv,1755,0.5,0,5.248,-64.1,-88,-24,154.71,116,14101,17946,14320,29164,1392,TRUE,1,4.748,0.8740469844418273,20.951149425287355,3626
2026-04-30T13:29:38.188,T1,5_50_100_200_300cm.csv,1757,0.5,0,5.361,-64.1,-87,-22.9,190.65,100,13914,19065,13259,27231,1345,TRUE,1,4.861,0.8609083034277936,20.246096654275092,5806
2026-04-30T13:29:39.179,T1,5_50_100_200_300cm.csv,1758,0.5,0,6.496,-64.3,-86.7,-22.4,176.46,96,12626,16940,15147,24217,1278,TRUE,1,5.996,0.7869853834886402,18.949139280125195,1793
2026-04-30T13:29:40.169,T1,5_50_100_200_300cm.csv,1759,0.5,0,7.373,-64,-86.5,-22.6,200.9,84,12819,16876,9596,19614,1138,TRUE,1,6.873,0.9684950135992747,17.235500878734623,7280
2026-04-30T13:29:42.178,T1,5_50_100_200_300cm.csv,1761,0.5,0,5.234,-63.5,-87.3,-23.9,172.27,96,11300,16538,10543,20329,1139,TRUE,1,4.734,0.8345334367268564,17.84811237928007,5995
2026-04-30T13:29:43.170,T1,5_50_100_200_300cm.csv,1762,0.5,0,6.398,,-106.6,,17.12,8,113,137,107,0,91,FALSE,1,5.898,0.9262295081967213,0,30
2026-04-30T13:29:45.177,T1,5_50_100_200_300cm.csv,1764,0.5,0,7.894,-62.6,-87.1,-24.5,156.52,88,9872,13774,13094,18953,1068,TRUE,1,7.394,0.7348518683936281,17.74625468164794,680
2026-04-30T13:29:47.188,T1,5_50_100_200_300cm.csv,1766,0.5,0,5.774,-64.1,-85.6,-21.5,194.92,92,12197,17933,13429,21938,1208,TRUE,1,5.274,0.7778202920732096,18.160596026490065,4504
2026-04-30T13:29:49.199,T1,5_50_100_200_300cm.csv,1768,0.5,0,7.978,-64.1,-85.7,-21.6,206.82,88,12612,18200,13865,23198,1243,TRUE,1,7.478,0.7866521128956806,18.662912308930007,4335
2026-04-30T13:29:50.187,T1,5_50_100_200_300cm.csv,1769,0.5,0,6.196,-64.7,-88.8,-24.1,158.17,104,12862,16450,11984,26758,1363,TRUE,1,5.696,0.9046915664345502,19.631694790902422,4466
2026-04-30T13:29:52.198,T1,5_50_100_200_300cm.csv,1771,0.5,0,7.43,-60.8,-86.1,-25.2,76.72,124,11224,9513,12663,16412,934,TRUE,1,6.93,1.0122655122655122,17.571734475374733,3150
2026-04-30T13:29:55.199,T1,5_50_100_200_300cm.csv,1774,0.5,0,8.846,-63.5,-84.4,-20.8,136.4,112,14009,15277,17982,24207,1245,TRUE,1,8.346,0.8424185934634234,19.443373493975905,2705
2026-04-30T13:29:57.207,T1,5_50_100_200_300cm.csv,1776,0.5,0,5.929,-63.2,-86.8,-23.6,210.36,84,14325,17670,11402,25167,1257,TRUE,1,5.429,0.985484315,20.021479713603817,6268
2026-04-30T13:29:58.197,T1,5_50_100_200_300cm.csv,1777,0.5,0,5.727,-63.4,-85.2,-21.8,140.79,104,12057,14642,16883,22249,1187,TRUE,1,5.227,0.7649167327517843,18.74389216512216,2241
2026-04-30T13:30:01.197,T1,5_50_100_200_300cm.csv,1780,0.5,0,6.285,-64,-87.2,-23.1,169.88,100,11216,16988,10769,19960,1151,TRUE,1,5.785,0.808156501,17.34144222415291,6219
2026-04-30T13:30:02.221,T1,5_50_100_200_300cm.csv,1781,0.5,0,7.73,-64.1,-83.7,-19.6,145.8,96,13438,13997,17439,20145,1157,TRUE,1,7.23,0.8549433770199771,17.411408815903197,3442
2026-04-30T13:30:03.178,T1,5_50_100_200_300cm.csv,1782,0.5,0,5.333,-63.5,-87.4,-23.9,164.18,108,11602,17731,14954,26803,1307,TRUE,1,4.833,0.7099281015756463,20.50726855394032,2777
2026-04-30T13:30:04.197,T1,5_50_100_200_300cm.csv,1783,0.5,0,8.025,-64.1,-85.7,-21.5,202.9,88,13758,17855,11499,21645,1201,TRUE,1,7.525,0.9373850241875042,18.02248126561199,6356
2026-04-30T13:30:07.198,T1,5_50_100_200_300cm.csv,1786,0.5,0,6.834,-67.6,-88.4,-20.8,194.98,48,5956,9359,7862,6383,736,TRUE,1,6.334,0.6917136054816794,8.672554347826088,1497
2026-04-30T13:30:10.199,T1,5_50_100_200_300cm.csv,1789,0.5,0,5.736,-63.7,-87,-23.3,166.64,108,12380,17997,13335,25010,1271,TRUE,1,5.236,0.7902463934635516,19.677419354838708,4662
2026-04-30T13:30:11.247,T1,5_50_100_200_300cm.csv,1790,0.5,0,7.448,-62.6,-87.8,-25.2,146.22,116,11552,16961,13412,26220,1253,TRUE,1,6.948,0.7606756000395087,20.925778132482044,3549
2026-04-30T13:30:12.206,T1,5_50_100_200_300cm.csv,1791,0.5,0,6.853,-67.6,-89,-21.4,147.14,56,6009,8240,7516,6287,731,TRUE,1,6.353,0.7627570449352628,8.600547195622434,724
2026-04-30T13:30:13.198,T1,5_50_100_200_300cm.csv,1792,0.5,0,5.22,-64.2,-87.6,-23.4,191.96,100,15091,19196,11232,27751,1364,TRUE,1,4.72,0.9919153411331668,20.34530791788856,7964
2026-04-30T13:30:14.187,T1,5_50_100_200_300cm.csv,1793,0.5,0,5.394,-64.4,-85,-20.6,180.83,92,13032,16636,17465,23869,1273,TRUE,1,4.894,0.764317762,18.75019638648861,829
2026-04-30T13:30:15.237,T1,5_50_100_200_300cm.csv,1794,0.5,0,5.248,-62.4,-84.7,-22.3,158.52,88,14352,13950,17622,25349,1226,TRUE,1,4.748,0.9091600152033448,20.676182707993476,3672
2026-04-30T13:30:16.197,T1,5_50_100_200_300cm.csv,1795,0.5,0,7.927,-63.5,-85.9,-22.5,187.66,96,11947,18015,15832,25835,1283,TRUE,1,7.427,0.7059414423730316,20.136399064692128,2183
2026-04-30T13:30:17.188,T1,5_50_100_200_300cm.csv,1796,0.5,0,7.875,-63,-86.9,-23.9,177.39,100,11259,17739,14272,25570,1258,TRUE,1,7.375,0.7034456905438755,20.325914149443562,3467
2026-04-30T13:30:18.206,T1,5_50_100_200_300cm.csv,1797,0.5,0,5.234,-63.4,-87.9,-24.5,165.13,100,14107,16513,12013,25550,1272,TRUE,1,4.734,0.9890626095491832,20.086477987421382,4500
2026-04-30T13:30:20.186,T1,5_50_100_200_300cm.csv,1799,0.5,0,5.319,-63.8,-87.8,-24,150.2,116,13324,17423,11198,24220,1258,TRUE,1,4.819,0.9310646029139443,19.252782193958666,6225
2026-04-30T13:30:22.196,T1,5_50_100_200_300cm.csv,1801,0.5,0,5.23,-64.2,-86.5,-22.3,172.89,100,13911,17289,9851,20970,1185,TRUE,1,4.73,1.0251289609432572,17.696202531645568,7438
2026-04-30T13:30:23.216,T1,5_50_100_200_300cm.csv,1802,0.5,0,8.26,-63.2,-88.3,-25,128.72,112,11489,14417,10754,20512,1135,TRUE,1,7.76,0.9128759286480473,18.072246696035243,3663
2026-04-30T13:30:24.207,T1,5_50_100_200_300cm.csv,1803,0.5,0,5.385,-62.6,-85.7,-23,167.53,88,11869,14743,16203,23273,1183,TRUE,1,4.885,0.7670781361080592,19.67286559594252,1460
2026-04-30T13:30:25.196,T1,5_50_100_200_300cm.csv,1804,0.5,0,7.767,-63.5,-86.3,-22.9,186.8,88,12693,16438,17956,27894,1334,TRUE,1,7.267,0.7380938535791126,20.910044977511244,1518
2026-04-30T13:30:26.217,T1,5_50_100_200_300cm.csv,1805,0.5,0,5.478,-63.2,-88.1,-25,142.6,108,12299,15401,12213,23468,1210,TRUE,1,4.978,0.8907800391105961,19.39504132231405,3188
2026-04-30T13:30:27.208,T1,5_50_100_200_300cm.csv,1806,0.5,0,6.895,-70.3,-88.9,-18.6,187.08,36,4549,6735,5370,3000,554,TRUE,1,6.395,0.7515902519619991,5.415162454873646,1365
2026-04-30T13:30:29.218,T1,5_50_100_200_300cm.csv,1808,0.5,0,5.277,-65.3,-85,-19.7,201.68,84,13491,16941,18117,23714,1310,TRUE,1,4.777,0.7696388841348623,18.102290076335876,1176
2026-04-30T13:30:31.227,T1,5_50_100_200_300cm.csv,1810,0.5,0,5.103,-66.1,-85.9,-19.8,188.78,76,10365,14347,14454,15695,1094,TRUE,1,4.603,0.7197666747682372,14.346435100548446,107
2026-04-30T13:30:32.219,T1,5_50_100_200_300cm.csv,1811,0.5,0,6.21,-62.9,-86.2,-23.3,191.49,72,9066,13787,12629,16461,1006,TRUE,1,5.71,0.6864021804966687,16.36282306163022,1158
2026-04-30T13:30:35.246,T1,5_50_100_200_300cm.csv,1814,0.5,0,5.37,-62.7,-85.5,-22.8,173.98,80,9633,13918,13029,16811,1008,TRUE,1,4.87,0.7149589935799904,16.677579365079364,889
2026-04-30T13:30:37.256,T1,5_50_100_200_300cm.csv,1816,0.5,0,5.633,-64.7,-86.2,-21.5,192.76,80,12615,15421,10349,17008,1087,TRUE,1,5.133,0.9790454016298021,15.646734130634774,5072
2026-04-30T13:36:56.477,T1,5_50_100_200_300cm.csv,2195,0.05,0,4.339,-54.3,-76.5,-22.1,112.01,140,17237,15681,10882,23301,889,TRUE,1,4.289000000000001,1.2978202763242104,26.210348706411697,4799
2026-04-30T13:36:57.464,T1,5_50_100_200_300cm.csv,2196,0.05,0,5.103,-55.4,-73.9,-18.6,178.96,100,17306,17896,14737,23054,916,TRUE,1,5.053,1.060644133239359,25.16812227074236,3159
2026-04-30T13:36:58.456,T1,5_50_100_200_300cm.csv,2197,0.05,0,5.033,-54.2,-73.6,-19.4,152.79,108,15671,16501,14593,21348,846,TRUE,1,4.9830000000000005,1.007975815269827,25.23404255319149,1908
2026-04-30T13:37:00.464,T1,5_50_100_200_300cm.csv,2199,0.05,0,4.789,-55.1,-73.7,-18.6,146.68,104,16095,15255,16495,21040,867,TRUE,1,4.739,1.0138582677165355,24.267589388696656,1240
2026-04-30T13:37:01.456,T1,5_50_100_200_300cm.csv,2200,0.05,0,4.371,-54.4,-73.7,-19.3,137.03,120,15858,16444,13619,20493,835,TRUE,1,4.321000000000001,1.0549845324817881,24.54251497005988,2825
2026-04-30T13:37:02.476,T1,5_50_100_200_300cm.csv,2201,0.05,0,4.245,-54.6,-73.2,-18.6,172.24,104,16957,17913,15700,23532,901,TRUE,1,4.195,1.0089548686520096,26.11764705882353,2213
2026-04-30T13:37:05.504,T1,5_50_100_200_300cm.csv,2204,0.05,0,4.264,-54.5,-73.9,-19.4,169.4,104,17207,17618,12706,22378,876,TRUE,1,4.214,1.1348766653475795,25.54566210045662,4912
2026-04-30T13:37:07.455,T1,5_50_100_200_300cm.csv,2206,0.05,0,5.333,-55.2,-74.4,-19.2,121.85,140,16734,17059,14357,22339,897,TRUE,1,5.283,1.0653170359052713,24.90412486,2702
2026-04-30T13:37:08.476,T1,5_50_100_200_300cm.csv,2207,0.05,0,4.517,-54.8,-73.2,-18.4,137.27,128,16746,17571,15073,22140,881,TRUE,1,4.4670000000000005,1.0259772086754073,25.130533484676505,2498
2026-04-30T13:37:09.485,T1,5_50_100_200_300cm.csv,2208,0.05,0,7.43,-54.7,-74.3,-19.6,142.44,120,16750,17093,11732,21018,855,TRUE,1,7.38,1.1621856027753685,24.582456140350878,5361
2026-04-30T13:37:10.515,T1,5_50_100_200_300cm.csv,2209,0.05,0,4.385,-54.7,-75,-20.3,123.41,132,16790,16290,13033,22249,881,TRUE,1,4.335,1.1451761415953348,25.254256526674233,3257
2026-04-30T13:37:11.504,T1,5_50_100_200_300cm.csv,2210,0.05,0,4.948,-54.5,-73.5,-19,137.98,120,16019,16558,13957,20628,840,TRUE,1,4.898000000000001,1.049909880386695,24.557142857142857,2601
2026-04-30T13:37:13.486,T1,5_50_100_200_300cm.csv,2212,0.05,0,5.225,-55.1,-76,-20.9,122.32,144,15963,17614,10711,21935,885,TRUE,1,5.175,1.1271315092674317,24.785310734463277,6903
2026-04-30T13:37:16.454,T1,5_50_100_200_300cm.csv,2215,0.05,0,5.15,-83.4,-92.5,-9.2,112.88,8,849,903,760,63,126,TRUE,1,5.1000000000000005,1.021046301864101,0.5,143
2026-04-30T13:37:17.505,T1,5_50_100_200_300cm.csv,2216,0.05,0,6.745,-55.6,-75.6,-20,125.5,120,16905,15060,12910,20635,874,TRUE,1,6.695,1.2087951376474795,23.60983981693364,2150
2026-04-30T13:37:19.488,T1,5_50_100_200_300cm.csv,2218,0.05,0,7.354,-54.1,-73.7,-19.6,160.68,104,15563,16711,13992,21196,840,TRUE,1,7.304,1.013777155326841,25.233333333333334,2719
2026-04-30T13:37:20.476,T1,5_50_100_200_300cm.csv,2219,0.05,0,7.852,-55,-73.7,-18.7,130.02,132,16957,17162,15976,23234,910,TRUE,1,7.802,1.0234172249381375,25.531868131868134,1186
2026-04-30T13:37:21.464,T1,5_50_100_200_300cm.csv,2220,0.05,0,4.259,-54.7,-74.5,-19.8,140.34,124,15118,17402,13686,21532,865,TRUE,1,4.2090000000000005,0.9725939269171384,24.89248554913295,3716
2026-04-30T13:37:22.484,T1,5_50_100_200_300cm.csv,2221,0.05,0,4.47,-54.7,-73.2,-18.5,152.4,112,15973,17069,15064,21140,859,TRUE,1,4.42,0.9941804375564062,24.61001164144354,2005
2026-04-30T13:37:25.486,T1,5_50_100_200_300cm.csv,2224,0.05,0,7.359,-54.8,-73.7,-18.9,147.04,112,16621,16469,16090,22677,892,TRUE,1,7.309,1.0209773027427131,25.422645739910315,379
2026-04-30T13:37:26.476,T1,5_50_100_200_300cm.csv,2225,0.05,0,6.824,-54.7,-73.6,-18.9,130.3,136,17149,17721,15167,23524,906,TRUE,1,6.774,1.0428727803454148,25.96467991169978,2554
2026-04-30T13:37:27.494,T1,5_50_100_200_300cm.csv,2226,0.05,0,4.334,-54.3,-73.2,-18.9,153.03,116,17215,17751,14851,23382,891,TRUE,1,4.284,1.056070179743574,26.242424242424242,2900
2026-04-30T13:37:29.473,T1,5_50_100_200_300cm.csv,2228,0.05,0,5.145,-57.6,-76.2,-18.6,160.79,84,13037,13506,11949,13658,763,TRUE,1,5.095,1.0243174229031624,17.900393184796854,1557
2026-04-30T13:37:32.505,T1,5_50_100_200_300cm.csv,2231,0.05,0,4.385,-55.4,-73.7,-18.3,105.44,148,16255,15605,17146,21714,889,TRUE,1,4.335,0.9926414460627156,24.42519685,1541
2026-04-30T13:37:33.556,T1,5_50_100_200_300cm.csv,2232,0.05,0,4.432,-55.1,-74,-18.9,148.99,120,17271,17879,15205,23974,926,TRUE,1,4.382000000000001,1.044069640914037,25.889848812095032,2674
2026-04-30T13:37:34.485,T1,5_50_100_200_300cm.csv,2233,0.05,0,4.254,-54.9,-76.2,-21.3,145.75,112,16902,16324,8492,20678,855,TRUE,1,4.204,1.3621856866537718,24.184795321637427,7832
2026-04-30T13:37:36.525,T1,5_50_100_200_300cm.csv,2235,0.05,0,4.217,-54.4,-72.9,-18.5,139.7,128,17269,17882,15299,23296,892,TRUE,1,4.167,1.0408968988276424,26.116591928251122,2583
2026-04-30T13:37:37.515,T1,5_50_100_200_300cm.csv,2236,0.05,0,4.353,-54.8,-72.8,-18,141.07,124,16261,17493,15927,21862,874,TRUE,1,4.303,0.9731298623578696,25.013729977116704,1566
2026-04-30T13:37:38.505,T1,5_50_100_200_300cm.csv,2237,0.05,0,5.094,-61.8,-79.1,-17.3,187.04,48,7704,8978,8283,5252,547,TRUE,1,5.0440000000000005,0.892648166,9.601462523,695
2026-04-30T13:37:39.494,T1,5_50_100_200_300cm.csv,2238,0.05,0,4.184,-54.4,-75.2,-20.8,183.28,96,15359,17595,13070,22914,885,TRUE,1,4.134,1.0017283548018914,25.891525423728815,4525
2026-04-30T13:37:41.502,T1,5_50_100_200_300cm.csv,2240,0.05,0,4.32,-55.5,-74,-18.5,191.95,92,17132,17659,14971,22726,914,TRUE,1,4.2700000000000005,1.0500766166104811,24.86433260393873,2688
2026-04-30T13:37:42.495,T1,5_50_100_200_300cm.csv,2241,0.05,0,4.193,-54.5,-72.6,-18,190.49,88,15826,16763,15463,20446,839,TRUE,1,4.143,0.9821882951653944,24.36948748510131,1300
2026-04-30T13:37:43.514,T1,5_50_100_200_300cm.csv,2242,0.05,0,5.83,-58.5,-76.6,-18.1,250.35,60,14628,15021,11625,15328,833,TRUE,1,5.78,1.0979509119567665,18.400960384153663,3396
2026-04-30T13:37:45.525,T1,5_50_100_200_300cm.csv,2244,0.05,0,6.337,-55.2,-77.2,-22,160.3,96,17713,15389,9341,22273,895,TRUE,1,6.287,1.4325111200970482,24.886033519553074,6048
2026-04-30T13:37:46.516,T1,5_50_100_200_300cm.csv,2245,0.05,0,7.439,-55,-74.1,-19.1,194.49,88,15030,17115,14467,20751,859,TRUE,1,7.389,0.9518079918941169,24.157159487776486,2648
2026-04-30T13:37:48.522,T1,5_50_100_200_300cm.csv,2247,0.05,0,4.193,-54.9,-74.3,-19.4,144.23,120,14633,17307,14453,20991,861,TRUE,1,4.143,0.9214735516372796,24.37979094076655,2854
2026-04-30T13:37:49.514,T1,5_50_100_200_300cm.csv,2248,0.05,0,5.047,-56.6,-73.5,-17,183.51,92,14533,16883,16535,18945,866,TRUE,1,4.997,0.8697707822131785,21.876443418013857,348
2026-04-30T13:37:51.522,T1,5_50_100_200_300cm.csv,2250,0.05,0,4.428,-55.4,-75.7,-20.3,139.84,124,16186,17340,10304,20772,871,TRUE,1,4.378,1.171031688612357,23.84845005740528,7036
2026-04-30T13:37:54.524,T1,5_50_100_200_300cm.csv,2253,0.05,0,5.797,-58.2,-76.5,-18.2,191.25,72,13202,13770,11340,13238,767,TRUE,1,5.747,1.0515332536837914,17.259452411994786,2430
2026-04-30T13:37:55.543,T1,5_50_100_200_300cm.csv,2254,0.05,0,4.953,-56,-75.2,-19.2,220.75,76,16400,16777,11065,19378,858,TRUE,1,4.9030000000000005,1.1780762876230155,22.585081585081586,5712
2026-04-30T13:37:57.522,T1,5_50_100_200_300cm.csv,2256,0.05,0,7.748,-54.9,-74.5,-19.6,188.28,92,15063,17322,13565,20936,860,TRUE,1,7.698,0.9753618027001651,24.344186046511627,3757
2026-04-30T13:37:59.504,T1,5_50_100_200_300cm.csv,2258,0.05,0,4.296,-55.2,-73.6,-18.4,152.11,116,17078,17645,15019,22567,901,TRUE,1,4.246,1.0456771981386235,25.04661487236404,2626
2026-04-30T13:38:00.522,T1,5_50_100_200_300cm.csv,2259,0.05,0,4.901,-54.8,-74.3,-19.5,140.37,124,14596,17406,14841,21584,871,TRUE,1,4.851,0.9052625050392284,24.780711825487945,2565
2026-04-30T13:38:01.514,T1,5_50_100_200_300cm.csv,2260,0.05,0,4.428,-55.2,-73.8,-18.6,187.76,88,15930,16523,13993,19870,846,TRUE,1,4.378,1.0440424695241841,23.486997635933808,2530
2026-04-30T13:38:02.533,T1,5_50_100_200_300cm.csv,2261,0.05,0,4.437,-55,-73,-18,202.07,84,16212,16974,14966,20515,853,TRUE,1,4.3870000000000005,1.0151534126487163,24.050410316529895,2008
2026-04-30T13:38:03.522,T1,5_50_100_200_300cm.csv,2262,0.05,0,4.418,-55.2,-74,-18.8,170.92,104,16252,17776,15129,22687,904,TRUE,1,4.368,0.9878134022185078,25.096238938053098,2647
2026-04-30T13:38:04.514,T1,5_50_100_200_300cm.csv,2263,0.05,0,7.162,-54.9,-74.7,-19.7,136.96,128,14705,17531,14179,21601,874,TRUE,1,7.112,0.9274676758120467,24.715102974828376,3352
2026-04-30T13:38:06.523,T1,5_50_100_200_300cm.csv,2265,0.05,0,4.334,-55.9,-73.7,-17.9,175.27,100,15100,17527,15732,20501,879,TRUE,1,4.284,0.9080248955170029,23.323094425483504,1795
2026-04-30T13:38:07.511,T1,5_50_100_200_300cm.csv,2266,0.05,0,4.836,-55.4,-73.5,-18.1,167.95,108,17096,18139,15865,23227,921,TRUE,1,4.7860000000000005,1.0055287613221975,25.219326818675352,2274
2026-04-30T13:38:08.532,T1,5_50_100_200_300cm.csv,2267,0.05,0,7.561,-54.8,-73,-18.2,187.26,88,15572,16479,15280,20081,839,TRUE,1,7.511,0.9806354104348374,23.93444576877235,1199
2026-04-30T13:38:09.521,T1,5_50_100_200_300cm.csv,2268,0.05,0,4.235,-56.1,-73.6,-17.4,212.04,80,14212,16963,16315,19244,860,TRUE,1,4.1850000000000005,0.8541378688623115,22.376744186046512,648
2026-04-30T13:38:10.512,T1,5_50_100_200_300cm.csv,2269,0.05,0,4.728,-55.4,-72.9,-17.5,186.08,92,15979,17119,15545,20200,858,TRUE,1,4.678,0.9783859906931178,23.543123543123542,1574
2026-04-30T13:38:13.511,T1,5_50_100_200_300cm.csv,2272,0.05,0,4.371,-55.6,-74.2,-18.6,130.34,128,16502,16683,12845,19739,856,TRUE,1,4.321000000000001,1.1177187753996207,23.059579439252335,3838
2026-04-30T13:38:14.532,T1,5_50_100_200_300cm.csv,2273,0.05,0,4.24,-55.2,-76.5,-21.3,189.04,84,16951,15879,10758,21829,887,TRUE,1,4.19,1.2727409242782595,24.609921082299888,5121
2026-04-30T13:38:16.541,T1,5_50_100_200_300cm.csv,2275,0.05,0,4.489,-55.5,-73.2,-17.7,169.54,100,15960,16954,14998,19848,854,TRUE,1,4.439,0.998998498,23.241217798594846,1956
2026-04-30T13:38:17.562,T1,5_50_100_200_300cm.csv,2276,0.05,0,4.095,-54.6,-73.7,-19,136.16,124,15176,16884,14584,20679,846,TRUE,1,4.045,0.9645354010423287,24.44326241134752,2300
2026-04-30T13:38:18.523,T1,5_50_100_200_300cm.csv,2277,0.05,0,5.83,-55.1,-73.6,-18.5,179.21,96,16783,17204,13393,20709,860,TRUE,1,5.78,1.0970356570905644,24.080232558139535,3811
2026-04-30T13:38:21.521,T1,5_50_100_200_300cm.csv,2280,0.05,0,4.17,-55.1,-77.5,-22.4,146.13,104,17659,15198,9472,22674,900,TRUE,1,4.12,1.4316173490068909,25.19333333333333,5726
2026-04-30T13:38:22.542,T1,5_50_100_200_300cm.csv,2281,0.05,0,5.281,-76.7,-89.6,-12.9,183.12,8,1355,1465,1523,151,155,TRUE,1,5.231,0.9069611780455153,0.9741935483870968,58
2026-04-30T13:38:23.534,T1,5_50_100_200_300cm.csv,2282,0.05,0,4.301,-55,-76.7,-21.7,180.3,84,17371,15145,10562,22017,884,TRUE,1,4.251,1.3514606916404093,24.90610859728507,4583
2026-04-30T13:38:24.523,T1,5_50_100_200_300cm.csv,2283,0.05,0,5.169,-56.3,-75.9,-19.6,179.73,92,17500,16535,9951,20085,882,TRUE,1,5.119,1.3214528430114023,22.772108843537413,6584
2026-04-30T13:38:25.541,T1,5_50_100_200_300cm.csv,2284,0.05,0,4.479,-55.5,-74.2,-18.7,195.05,88,16804,17164,14194,21565,891,TRUE,1,4.429,1.0717520250015944,24.20314253647587,2970
2026-04-30T13:38:27.552,T1,5_50_100_200_300cm.csv,2286,0.05,0,5.854,-55.1,-73.3,-18.2,181.31,100,17342,18131,15564,23367,913,TRUE,1,5.804,1.0293515358361776,25.59364731653888,2567
2026-04-30T13:38:28.541,T1,5_50_100_200_300cm.csv,2287,0.05,0,4.264,-55.8,-74.8,-19,154.67,108,16629,16704,13888,21183,892,TRUE,1,4.214,1.0871469665271967,23.74775784753363,2816
2026-04-30T13:38:30.582,T1,5_50_100_200_300cm.csv,2289,0.05,0,7.401,-54.7,-73.8,-19.1,133.05,128,14939,17031,15063,21161,857,TRUE,1,7.351,0.9309528260734093,24.691948658109684,1968
2026-04-30T13:38:31.543,T1,5_50_100_200_300cm.csv,2290,0.05,0,4.709,-55.8,-74.5,-18.7,186.84,92,16832,17189,14684,22035,910,TRUE,1,4.659,1.0561917610516738,24.214285714285715,2505
2026-04-30T13:38:32.562,T1,5_50_100_200_300cm.csv,2291,0.05,0,6.824,-55.5,-74.2,-18.6,148.97,116,16762,17281,14693,22009,901,TRUE,1,6.774,1.0484768874710702,24.427302996670367,2588
2026-04-30T13:38:33.551,T1,5_50_100_200_300cm.csv,2292,0.05,0,4.362,-54.7,-73.5,-18.9,191.16,88,15312,16822,14551,20491,843,TRUE,1,4.312,0.9761259681892073,24.30723606168446,2271
2026-04-30T13:38:34.542,T1,5_50_100_200_300cm.csv,2293,0.05,0,5.774,-58.1,-79.3,-21.2,150.37,108,15158,16240,10026,19608,929,TRUE,1,5.724,1.1541917307545877,21.106566200215287,6214
2026-04-30T13:38:36.551,T1,5_50_100_200_300cm.csv,2295,0.05,0,6.74,-54.9,-76.7,-21.8,130.87,120,17591,15704,9123,22018,881,TRUE,1,6.69,1.4170862367583679,24.99205448354143,6581
2026-04-30T13:38:37.543,T1,5_50_100_200_300cm.csv,2296,0.05,0,4.212,-55.4,-73.2,-17.8,197.28,88,15835,17361,15790,20887,874,TRUE,1,4.162,0.9553256312026787,23.898169336384438,1571
2026-04-30T13:38:38.593,T1,5_50_100_200_300cm.csv,2297,0.05,0,4.709,-55,-74.7,-19.7,145.29,120,16632,17435,13740,22931,903,TRUE,1,4.659,1.067008821,25.39424141749723,3695
2026-04-30T13:38:39.581,T1,5_50_100_200_300cm.csv,2298,0.05,0,4.156,-54.9,-76.8,-21.9,162.43,100,16867,16243,10143,22589,893,TRUE,1,4.106,1.2784810126582278,25.2956327,6100
2026-04-30T13:38:41.561,T1,5_50_100_200_300cm.csv,2300,0.05,0,4.296,-55.2,-72.9,-17.7,189.65,88,15846,16689,15167,19695,843,TRUE,1,4.246,0.9948518332496233,23.362989323843415,1522
2026-04-30T13:38:42.581,T1,5_50_100_200_300cm.csv,2301,0.05,0,4.4,-55.6,-77.8,-22.2,132.15,128,15664,16915,9015,21738,896,TRUE,1,4.3500000000000005,1.2081758580794446,24.261160714285715,7900
2026-04-30T13:38:43.571,T1,5_50_100_200_300cm.csv,2302,0.05,0,6.318,-55.3,-76.8,-21.6,173.06,100,14974,17306,10742,21646,885,TRUE,1,6.268,1.0677410154021678,24.458757062146894,6564
2026-04-30T13:38:44.563,T1,5_50_100_200_300cm.csv,2303,0.05,0,4.324,-55.2,-73.5,-18.3,187.22,92,16910,17224,12905,20227,854,TRUE,1,4.274,1.1225065551462046,23.685011709601874,4319
2026-04-30T13:38:45.583,T1,5_50_100_200_300cm.csv,2304,0.05,0,6.379,-55.2,-73.6,-18.4,165.1,100,15737,16510,14801,20057,851,TRUE,1,6.329,1.005205838203826,23.56874265569918,1709
2026-04-30T13:38:46.570,T1,5_50_100_200_300cm.csv,2305,0.05,0,4.869,-54.9,-72.7,-17.8,189.56,88,15500,16681,15725,19914,839,TRUE,1,4.819,0.9566129729062519,23.735399284862932,956
2026-04-30T13:38:48.552,T1,5_50_100_200_300cm.csv,2307,0.05,0,4.381,-54.9,-75,-20,193.87,92,15349,17836,13827,22684,896,TRUE,1,4.331,0.9695227868490036,25.316964285714285,4009
2026-04-30T13:38:49.571,T1,5_50_100_200_300cm.csv,2308,0.05,0,4.906,-55.7,-73.9,-18.2,199.37,84,16723,16747,16127,21983,906,TRUE,1,4.856,1.0173997688142604,24.263796909492275,620
2026-04-30T13:38:50.561,T1,5_50_100_200_300cm.csv,2309,0.05,0,4.404,-55.5,-73.8,-18.3,186.98,92,16745,17202,13704,20590,871,TRUE,1,4.354,1.0836083608360836,23.639494833524683,3498
2026-04-30T13:38:52.572,T1,5_50_100_200_300cm.csv,2311,0.05,0,4.751,-56,-76.1,-20.1,176.99,92,17452,16283,8620,19738,867,TRUE,1,4.7010000000000005,1.4015982010199575,22.76585928489043,7663
2026-04-30T13:38:53.592,T1,5_50_100_200_300cm.csv,2312,0.05,0,4.282,-55.6,-73.6,-18,187.4,88,14389,16491,15979,19411,847,TRUE,1,4.232,0.8862950415768401,22.917355371900825,512
2026-04-30T13:38:54.584,T1,5_50_100_200_300cm.csv,2313,0.05,0,4.564,-55.8,-73.5,-17.7,190.52,88,16191,16766,13476,18792,841,TRUE,1,4.514,1.0707625157066332,22.344827586206897,3290
2026-04-30T13:38:55.571,T1,5_50_100_200_300cm.csv,2314,0.05,0,4.761,-55.9,-74.4,-18.5,169.13,100,16670,16913,11378,19044,848,TRUE,1,4.711,1.1784666501714327,22.45754716981132,5535
2026-04-30T13:38:58.571,T1,5_50_100_200_300cm.csv,2317,0.05,0,4.343,-55.6,-75.1,-19.5,183.53,92,16227,16885,11551,19964,861,TRUE,1,4.293,1.1412997608665072,23.18699187,5334
2026-04-30T13:38:59.563,T1,5_50_100_200_300cm.csv,2318,0.05,0,4.292,-54.8,-75,-20.1,179.22,96,15992,17205,13470,22471,888,TRUE,1,4.242,1.0426731866340668,25.30518018018018,3735
2026-04-30T13:39:00.581,T1,5_50_100_200_300cm.csv,2319,0.05,0,5.141,-60.7,-78.2,-17.4,174.1,52,8852,9053,7231,5413,534,TRUE,1,5.091,1.087202161631049,10.136704119850187,1822
2026-04-30T13:39:03.580,T1,5_50_100_200_300cm.csv,2322,0.05,0,4.69,-55,-74.3,-19.3,203.08,88,15709,17871,14705,22635,897,TRUE,1,4.640000000000001,0.9644523575638507,25.234113712374583,3166
2026-04-30T13:39:05.561,T1,5_50_100_200_300cm.csv,2324,0.05,0,4.695,-55.1,-73.6,-18.5,161.57,104,16351,16803,13430,19999,846,TRUE,1,4.6450000000000005,1.0816657295008765,23.63947990543735,3373
2026-04-30T13:39:07.570,T1,5_50_100_200_300cm.csv,2326,0.05,0,5.164,-55.4,-74.3,-18.9,178.11,96,16948,17099,11895,20234,860,TRUE,1,5.114,1.1690694626474443,23.527906976744188,5204
2026-04-30T13:39:08.591,T1,5_50_100_200_300cm.csv,2327,0.05,0,4.296,-55,-77.4,-22.4,147.29,112,17676,16496,9681,24320,929,TRUE,1,4.246,1.3504985292432288,26.178686759956943,6815
2026-04-30T13:39:09.581,T1,5_50_100_200_300cm.csv,2328,0.05,0,6.829,-54.8,-73,-18.2,183.27,92,15770,16861,15490,20722,853,TRUE,1,6.779,0.974931223,24.29308323563892,1371
2026-04-30T13:39:10.572,T1,5_50_100_200_300cm.csv,2329,0.05,0,4.784,-55.1,-77.4,-22.3,130.87,120,17912,15704,8701,22865,905,TRUE,1,4.734,1.467895922966605,25.265193370165747,7003
2026-04-30T13:39:12.580,T1,5_50_100_200_300cm.csv,2331,0.05,0,4.667,-55.4,-73.9,-18.5,160.15,104,16701,16656,16060,22284,902,TRUE,1,4.617,1.0209683335371071,24.70509977827051,596
2026-04-30T13:39:13.602,T1,5_50_100_200_300cm.csv,2332,0.05,0,4.714,-54.9,-72.6,-17.8,176.08,96,15854,16904,15551,20294,845,TRUE,1,4.664000000000001,0.9769835156370359,24.016568047337277,1353
2026-04-30T13:39:16.571,T1,5_50_100_200_300cm.csv,2335,0.05,0,4.925,-55.2,-74,-18.8,200.06,84,15453,16805,14136,20154,852,TRUE,1,4.875,0.9988688148411493,23.654929577464788,2669
2026-04-30T13:39:17.591,T1,5_50_100_200_300cm.csv,2336,0.05,0,7.589,-54.9,-72.8,-17.9,145.16,120,16911,17419,14435,20941,859,TRUE,1,7.539000000000001,1.0617818798267094,24.378346915017463,2984
2026-04-30T13:39:28.631,T1,5_50_100_200_300cm.csv,2347,0.05,0,4.259,-55.2,-76.5,-21.3,156.51,104,17281,16277,8364,21079,870,TRUE,1,4.2090000000000005,1.402621646848748,24.22873563218391,7913
2026-04-30T13:39:29.589,T1,5_50_100_200_300cm.csv,2348,0.05,0,4.461,-55.1,-72.9,-17.8,195.89,88,16020,17238,15916,21000,867,TRUE,1,4.4110000000000005,0.9663992278458104,24.22145328719723,1322
2026-04-30T13:39:30.609,T1,5_50_100_200_300cm.csv,2349,0.05,0,4.409,-55.3,-72.8,-17.5,188.96,92,15861,17384,15935,20694,866,TRUE,1,4.359,0.9520693898376302,23.89607390300231,1449
2026-04-30T13:39:32.591,T1,5_50_100_200_300cm.csv,2351,0.05,0,5.145,-59.4,-78.2,-18.9,194.06,48,9082,9315,7237,6223,547,TRUE,1,5.095,1.097390043499275,11.376599634369287,2078
2026-04-30T13:39:33.610,T1,5_50_100_200_300cm.csv,2352,0.05,0,7.631,-54.8,-75.7,-20.9,189.58,92,14790,17441,12435,21958,877,TRUE,1,7.581,0.9900923818449592,25.03762827822121,5006
2026-04-30T13:39:34.601,T1,5_50_100_200_300cm.csv,2353,0.05,0,4.31,-55,-73.2,-18.2,194.04,92,17199,17852,14894,22441,893,TRUE,1,4.26,1.0504489097905088,25.12989921612542,2958
2026-04-30T13:39:35.620,T1,5_50_100_200_300cm.csv,2354,0.05,0,4.461,-54.9,-72.4,-17.5,144.36,120,16384,17323,15526,20693,854,TRUE,1,4.4110000000000005,0.9975341715120704,24.230679156908664,1797
2026-04-30T13:39:36.611,T1,5_50_100_200_300cm.csv,2355,0.05,0,6.792,-55.3,-75.7,-20.4,142.33,120,16516,17080,12383,22418,901,TRUE,1,6.742,1.121134982859858,24.881243063263042,4697
2026-04-30T13:39:40.599,T1,5_50_100_200_300cm.csv,2359,0.05,0,4.704,-55,-73,-18.1,186.65,96,17027,17918,15772,22832,900,TRUE,1,4.654,1.010804392994954,25.36888888888889,2146
2026-04-30T13:39:42.610,T1,5_50_100_200_300cm.csv,2361,0.05,0,4.339,-54.9,-73.4,-18.5,208.44,80,15955,16675,14407,20291,847,TRUE,1,4.289000000000001,1.026639212405894,23.956316410861866,2268
2026-04-30T13:39:43.601,T1,5_50_100_200_300cm.csv,2362,0.05,0,4.873,-55.3,-74.9,-19.6,194.09,88,15757,17080,12465,20523,862,TRUE,1,4.823,1.0666441022169573,23.808584686774942,4615
2026-04-30T13:39:44.620,T1,5_50_100_200_300cm.csv,2363,0.05,0,4.822,-54.8,-73.3,-18.5,175.07,104,17541,18207,15638,24182,922,TRUE,1,4.772,1.036548973260452,26.227765726681127,2569
2026-04-30T13:39:47.621,T1,5_50_100_200_300cm.csv,2366,0.05,0,7.209,-55.6,-73.5,-17.9,195.17,92,15741,17956,16339,22041,903,TRUE,1,7.159,0.917976381,24.408637873754152,1617
2026-04-30T13:39:49.630,T1,5_50_100_200_300cm.csv,2368,0.05,0,4.625,-55,-73.7,-18.7,182.85,92,15306,16822,14733,20354,850,TRUE,1,4.575,0.9701156710505466,23.945882352941176,2089
2026-04-30T13:39:50.621,T1,5_50_100_200_300cm.csv,2369,0.05,0,5.3,-55.4,-73.7,-18.3,197.5,88,17042,17380,15528,22582,908,TRUE,1,5.25,1.0357359912483286,24.870044052863435,1852
2026-04-30T13:39:51.611,T1,5_50_100_200_300cm.csv,2370,0.05,0,4.329,-55,-73.6,-18.6,180.23,92,15563,16581,14732,20254,849,TRUE,1,4.279,0.9940280394724236,23.85630153121319,1849
2026-04-30T13:39:52.631,T1,5_50_100_200_300cm.csv,2371,0.05,0,4.662,-55.4,-75.1,-19.7,168.58,92,17158,15509,12332,20437,863,TRUE,1,4.612,1.2325706691569986,23.681344148319816,3177
2026-04-30T13:39:53.619,T1,5_50_100_200_300cm.csv,2372,0.05,0,4.31,-55.3,-74.4,-19,134.92,128,16560,17270,14460,22218,898,TRUE,1,4.26,1.0438071225969114,24.741648106904233,2810
2026-04-30T13:39:54.611,T1,5_50_100_200_300cm.csv,2373,0.05,0,4.883,-55,-72.8,-17.8,207.36,84,16794,17418,14711,20898,863,TRUE,1,4.833,1.0454106881633416,24.21552723059096,2707
2026-04-30T13:39:55.629,T1,5_50_100_200_300cm.csv,2374,0.05,0,7.336,-55.1,-75.3,-20.2,134.48,128,16199,17213,12712,22163,890,TRUE,1,7.286,1.0826399331662488,24.902247191011234,4501
2026-04-30T13:39:58.631,T1,5_50_100_200_300cm.csv,2377,0.05,0,7.734,-55.1,-75.2,-20,211.17,84,14921,17738,13906,22265,893,TRUE,1,7.684,0.9430539754771836,24.932810750279955,3832
2026-04-30T13:39:59.620,T1,5_50_100_200_300cm.csv,2378,0.05,0,4.278,-55.3,-76.3,-21,172.65,92,17467,15884,9257,20913,872,TRUE,1,4.228,1.3895230897736766,23.982798165137616,6627
2026-04-30T13:40:00.609,T1,5_50_100_200_300cm.csv,2379,0.05,0,7.064,-56,-75.9,-19.9,194.26,84,17281,16318,10665,20427,883,TRUE,1,7.014,1.2808805544231554,23.133635334088336,5653
2026-04-30T13:40:01.630,T1,5_50_100_200_300cm.csv,2380,0.05,0,4.264,-55,-74.4,-19.5,181.38,96,14537,17412,14753,21416,872,TRUE,1,4.214,0.9039017565676978,24.559633027522935,2659
2026-04-30T13:40:03.639,T1,5_50_100_200_300cm.csv,2382,0.05,0,4.268,-55,-72.8,-17.8,148.12,120,16890,17774,15679,22106,886,TRUE,1,4.218,1.009774908079993,24.950338600451467,2095
2026-04-30T13:40:04.628,T1,5_50_100_200_300cm.csv,2383,0.05,0,7.298,-55.6,-74.1,-18.5,131.16,116,16449,15214,16213,20917,881,TRUE,1,7.248,1.0468068857988353,23.74233825198638,999
2026-04-30T13:40:05.618,T1,5_50_100_200_300cm.csv,2384,0.05,0,7.336,-55.9,-75.7,-19.8,162.64,92,16915,14963,12445,19913,868,TRUE,1,7.286,1.2343111500291886,22.941244239631338,2518
2026-04-30T13:40:06.640,T1,5_50_100_200_300cm.csv,2385,0.05,0,7.35,-55.3,-77.1,-21.9,170.55,100,15008,17055,9826,21160,875,TRUE,1,7.3,1.1166251255533648,24.18285714285714,7229
2026-04-30T13:40:07.658,T1,5_50_100_200_300cm.csv,2386,0.05,0,4.329,-55.1,-73.1,-18,188.7,88,15623,16606,15244,19932,844,TRUE,1,4.279,0.9810361067503924,23.61611374407583,1362
2026-04-30T13:40:09.640,T1,5_50_100_200_300cm.csv,2388,0.05,0,7.293,-54.9,-72.7,-17.8,207.11,84,16186,17397,15853,21339,868,TRUE,1,7.243,0.973593985,24.58410138248848,1544
2026-04-30T13:40:12.639,T1,5_50_100_200_300cm.csv,2391,0.05,0,7.434,-55.5,-73.9,-18.5,167.24,100,16639,16724,15491,21758,893,TRUE,1,7.384,1.0329970510631694,24.365061590145576,1233
2026-04-30T13:40:14.650,T1,5_50_100_200_300cm.csv,2393,0.05,0,4.414,-55.5,-76.5,-21,147.35,108,17193,15914,8404,20151,861,TRUE,1,4.364,1.4140143103873675,23.40418118466899,7510
2026-04-30T13:40:15.638,T1,5_50_100_200_300cm.csv,2394,0.05,0,4.794,-54.9,-74.5,-19.6,181,96,15271,17376,13334,21052,863,TRUE,1,4.744,0.9945294692282645,24.393974507531865,4042
2026-04-30T13:40:17.648,T1,5_50_100_200_300cm.csv,2396,0.05,0,4.306,-55.2,-73.2,-18,195.85,92,17124,18018,15694,22862,906,TRUE,1,4.256,1.0158993830090175,25.233995584988964,2324
2026-04-30T13:40:18.637,T1,5_50_100_200_300cm.csv,2397,0.05,0,7.748,-55.1,-74.8,-19.8,133.93,132,15924,17679,13811,22615,898,TRUE,1,7.698,1.011368688472531,25.183741648106903,3868
2026-04-30T13:40:20.649,T1,5_50_100_200_300cm.csv,2399,0.05,0,4.4,-55.9,-73.8,-17.9,132.52,124,14061,16432,16200,19208,851,TRUE,1,4.3500000000000005,0.8617921059083109,22.571092831962396,232
2026-04-30T13:40:29.677,T1,5_50_100_200_300cm.csv,2408,0.05,0,4.733,-54.9,-73,-18,191.42,92,17022,17611,14854,21757,877,TRUE,1,4.683,1.0486369936855076,24.808437856328393,2757
2026-04-30T13:40:30.637,T1,5_50_100_200_300cm.csv,2409,0.05,0,4.915,-56.1,-73.2,-17.1,224.08,76,15735,17030,15451,19295,859,TRUE,1,4.865,0.9688741110187494,22.462165308498253,1579
2026-04-30T13:40:32.649,T1,5_50_100_200_300cm.csv,2411,0.05,0,7.49,-54.9,-75.1,-20.1,175.09,100,15957,17509,13109,22453,891,TRUE,1,7.44,1.0423280423280423,25.199775533108866,4400
2026-04-30T13:40:33.640,T1,5_50_100_200_300cm.csv,2412,0.05,0,4.718,-55.1,-74.6,-19.5,161.03,108,14607,17391,14341,21137,870,TRUE,1,4.668,0.9206479263834615,24.295402298850576,3050
2026-04-30T13:40:38.677,T1,5_50_100_200_300cm.csv,2417,0.05,0,4.958,-64.3,-85.6,-21.3,181.45,20,3847,3629,2773,1185,283,TRUE,1,4.908,1.2018119337706967,4.187279151943463,856
2026-04-30T13:06:06.251,T1,5_50_100_200_300cm.csv,346,1,0,5.53,-67.3,-96.4,-29.1,100.74,68,5676,6850,5260,23473,1397,TRUE,1,4.53,0.9374071015689512,16.802433786685754,1590
2026-04-30T13:06:08.261,T1,5_50_100_200_300cm.csv,348,1,0,5.882,-67.3,-97.5,-30.2,82.88,76,4421,6299,3935,21361,1331,TRUE,1,4.882,0.863982802,16.04883546,2364
2026-04-30T13:06:10.240,T1,5_50_100_200_300cm.csv,350,1,0,8.574,-65.2,-94.9,-29.6,51.86,80,7413,4149,5131,17627,1127,TRUE,1,7.574,1.5976293103448276,15.640638864241348,982
2026-04-30T13:06:11.261,T1,5_50_100_200_300cm.csv,351,1,0,5.797,-69.8,-98.4,-28.6,74.09,80,4766,5927,6171,28339,1674,TRUE,1,4.797,0.7878988262522731,16.928912783751493,244
2026-04-30T13:06:12.250,T1,5_50_100_200_300cm.csv,352,1,0,6.135,-69.5,-89.4,-19.9,168.55,108,15184,18203,11942,26474,1602,TRUE,1,5.135,1.007397578371206,16.525593008739076,6261
2026-04-30T13:06:23.291,T1,5_50_100_200_300cm.csv,363,1,0,5.413,-70.5,-97.8,-27.4,95.38,72,2041,6867,7730,27393,1683,TRUE,1,4.413,0.27964650270603547,16.276292335115865,863
2026-04-30T13:06:24.252,T1,5_50_100_200_300cm.csv,364,1,0,7.931,-69.3,-99.9,-30.5,52.54,100,3146,5254,4632,25182,1552,TRUE,1,6.931,0.6364555937689662,16.225515463917525,622
2026-04-30T13:06:25.271,T1,5_50_100_200_300cm.csv,365,1,0,5.478,-68.9,-97.2,-28.2,72.4,112,5306,8109,7180,34121,1781,TRUE,1,4.478,0.6940937929230165,19.158338012352612,929
2026-04-30T13:06:26.261,T1,5_50_100_200_300cm.csv,366,1,0,5.854,-70.2,-98.7,-28.4,86.98,84,1153,7306,6145,28099,1691,TRUE,1,4.854,0.17143706787599436,16.61679479597871,1161
2026-04-30T13:06:27.251,T1,5_50_100_200_300cm.csv,367,1,0,5.483,-72.5,-99.2,-26.7,47.86,108,2976,5169,9140,34652,2028,TRUE,1,4.483,0.4159619819693899,17.086785009861934,3971
2026-04-30T13:06:30.250,T1,5_50_100_200_300cm.csv,370,1,0,5.882,-67.4,-93.5,-26.1,91.95,88,9400,8092,7547,23915,1415,TRUE,1,4.882,1.2021228978834964,16.901060070671377,545
2026-04-30T13:06:31.270,T1,5_50_100_200_300cm.csv,371,1,0,5.91,-66.7,-98.7,-32,63.47,100,346,6347,6691,33335,1629,TRUE,1,4.91,0.053075625,20.463474524248007,344
2026-04-30T13:06:34.301,T1,5_50_100_200_300cm.csv,374,1,0,8.64,-68.1,-98.1,-30,54.97,88,4448,4837,6624,27012,1538,TRUE,1,7.640000000000001,0.7761975394817207,17.56306892,1787
2026-04-30T13:06:35.290,T1,5_50_100_200_300cm.csv,375,1,0,5.816,-66.8,-97.2,-30.4,65.08,84,6490,5467,3351,22687,1350,TRUE,1,4.816,1.4719891131775913,16.805185185185184,2116
2026-04-30T13:06:36.250,T1,5_50_100_200_300cm.csv,376,1,0,5.577,-68.1,-96.5,-28.4,46.86,84,6246,3936,6290,19984,1326,TRUE,1,4.577,1.221592020340309,15.070889894419306,2354
2026-04-30T13:06:37.270,T1,5_50_100_200_300cm.csv,377,1,0,5.422,-67.6,-98,-30.4,72.6,68,4558,4937,3038,17032,1202,TRUE,1,4.422,1.1430721003134796,14.169717138103161,1899
2026-04-30T13:06:38.260,T1,5_50_100_200_300cm.csv,378,1,0,6.379,-71.7,-100.6,-28.9,52.04,68,1735,3539,2288,8847,997,TRUE,1,5.379,0.5955036897202677,8.873620862587764,1251
2026-04-30T13:06:39.252,T1,5_50_100_200_300cm.csv,379,1,0,5.9,-69,-98.1,-29.1,45.25,104,4835,4706,7252,28637,1634,TRUE,1,4.9,0.8086636561297876,17.525703794369644,2546
2026-04-30T13:06:40.270,T1,5_50_100_200_300cm.csv,380,1,0,6.956,-76.8,-101,-24.1,51.96,28,722,1455,969,1169,433,TRUE,1,5.956,0.5957095709570958,2.699769053117783,486
2026-04-30T13:06:41.260,T1,5_50_100_200_300cm.csv,381,1,0,7.153,-72.3,-99.1,-26.8,42.32,60,2862,2539,3098,7108,913,TRUE,1,6.153,1.0154337413517829,7.785323110624315,559
2026-04-30T13:06:42.252,T1,5_50_100_200_300cm.csv,382,1,0,7.054,-75.3,-99.9,-24.6,50.44,32,973,1614,1496,1639,487,TRUE,1,6.054,0.6257234726688103,3.3655030800821355,118
2026-04-30T13:06:43.273,T1,5_50_100_200_300cm.csv,383,1,0,5.99,-67.9,-98.8,-30.9,57.23,116,3271,6639,5052,29243,1592,TRUE,1,4.99,0.559575742,18.368718592964825,1587
2026-04-30T13:06:44.261,T1,5_50_100_200_300cm.csv,384,1,0,5.394,-69.3,-97.7,-28.4,37.05,136,6397,5039,7960,33572,1787,TRUE,1,4.394,0.9842295561197015,18.786793508673753,2921
2026-04-30T13:06:45.281,T1,5_50_100_200_300cm.csv,385,1,0,7.725,-69.3,-97.9,-28.6,66.8,80,6271,5344,6907,31195,1727,TRUE,1,6.725,1.0237531630071015,18.063115228720324,1563
2026-04-30T13:06:46.270,T1,5_50_100_200_300cm.csv,386,1,0,5.896,-68,-97.1,-29.1,38.57,88,7538,3394,7107,29077,1591,TRUE,1,4.896,1.435672793067327,18.27592708988058,3713
2026-04-30T13:06:47.262,T1,5_50_100_200_300cm.csv,387,1,0,5.624,-67.7,-96.6,-28.9,73.47,72,5776,5290,5208,20027,1307,TRUE,1,4.624,1.1004000762049915,15.322876817138486,82
2026-04-30T13:06:49.269,T1,5_50_100_200_300cm.csv,389,1,0,6.327,-65.8,-98.8,-33.1,36.18,72,3487,2605,4234,15855,1088,TRUE,1,5.327,1.019739728030414,14.572610294117647,1629
2026-04-30T13:06:50.290,T1,5_50_100_200_300cm.csv,390,1,0,6.491,-99.8,-108.4,-8.6,10.12,8,139,81,168,3,125,TRUE,1,5.491,1.1164658634538152,0.024,87
2026-04-30T13:06:51.308,T1,5_50_100_200_300cm.csv,391,1,0,8.757,-69.5,-97.7,-28.2,79.4,84,4787,6670,4317,21945,1458,TRUE,1,7.757,0.8713934650040958,15.051440329218106,2353
2026-04-30T13:06:52.270,T1,5_50_100_200_300cm.csv,392,1,0,5.99,-70.3,-95.1,-24.8,62.27,128,12726,7970,8833,40028,2021,TRUE,1,4.99,1.514729512587038,19.80603661553686,863
2026-04-30T13:06:54.281,T1,5_50_100_200_300cm.csv,394,1,0,5.886,-67.5,-94,-26.5,79.62,84,11735,6688,6970,28663,1553,TRUE,1,4.886,1.7184067945526431,18.456535737282678,282
2026-04-30T13:06:55.269,T1,5_50_100_200_300cm.csv,395,1,0,5.933,-65.4,-94.9,-29.5,56.12,88,8492,4939,5582,22697,1286,TRUE,1,4.933,1.6142952190856383,17.649300155520994,643
2026-04-30T13:06:56.320,T1,5_50_100_200_300cm.csv,396,1,0,5.525,-66.4,-95.8,-29.5,56.19,116,8685,6518,6315,32567,1593,TRUE,1,4.525,1.3535416504324789,20.443816698053986,203
2026-04-30T13:06:57.281,T1,5_50_100_200_300cm.csv,397,1,0,5.886,-66.3,-96.6,-30.2,76.17,76,6296,5789,5063,24107,1369,TRUE,1,4.886,1.1603391079985257,17.609203798392986,726
2026-04-30T13:06:59.289,T1,5_50_100_200_300cm.csv,399,1,0,6.008,-67.7,-99,-31.3,43.49,104,2151,4523,5797,23073,1403,TRUE,1,5.008,0.41686046511627906,16.445473984319317,1274
2026-04-30T13:07:00.279,T1,5_50_100_200_300cm.csv,400,1,0,6.008,-67.7,-96.8,-29,73.93,68,3816,5027,6744,19880,1305,TRUE,1,5.008,0.6483731203805964,15.233716475095786,1717
2026-04-30T13:07:05.290,T1,5_50_100_200_300cm.csv,405,1,0,6.693,-68,-99,-31,26.58,100,4352,2658,5587,21676,1375,TRUE,1,5.693,1.0556701030927835,15.764363636363637,2929
2026-04-30T13:07:17.289,T1,5_50_100_200_300cm.csv,417,1,0,5.347,-66.9,-99.1,-32.2,70.36,76,2510,5347,3637,20479,1288,TRUE,1,4.347,0.5587711487088157,15.899844720496894,1710
2026-04-30T13:07:18.310,T1,5_50_100_200_300cm.csv,418,1,0,5.492,-67.4,-98.2,-30.8,38.16,104,6273,3969,5853,29706,1574,TRUE,1,4.492,1.2773365913255956,18.872935196950444,1884
2026-04-30T13:07:19.300,T1,5_50_100_200_300cm.csv,419,1,0,5.506,-67.2,-99.6,-32.4,58.4,92,2495,5373,3545,22082,1348,TRUE,1,4.506,0.5595424983180085,16.381305637982194,1828
2026-04-30T13:07:20.321,T1,5_50_100_200_300cm.csv,420,1,0,7.795,-68.6,-98.6,-30,40.53,112,5020,4539,6656,30030,1651,TRUE,1,6.795,0.8968289414917374,18.188976377952756,2117
2026-04-30T13:07:21.310,T1,5_50_100_200_300cm.csv,421,1,0,7.866,-67.3,-97.2,-29.9,28.44,100,6953,2844,6228,25459,1454,TRUE,1,6.866,1.532848324514991,17.509628610729024,3384
2026-04-30T13:07:22.298,T1,5_50_100_200_300cm.csv,422,1,0,8.738,-67.5,-98.9,-31.4,47.75,108,3540,5157,5033,24726,1443,TRUE,1,7.738,0.6947988223748773,17.135135135135137,124
2026-04-30T13:07:25.298,T1,5_50_100_200_300cm.csv,425,1,0,8.368,-67.2,-99.2,-32.1,60.7,104,2584,6313,4530,28721,1538,TRUE,1,7.368,0.47662086138522547,18.674252275682704,1783
2026-04-30T13:07:27.310,T1,5_50_100_200_300cm.csv,427,1,0,5.83,-67.6,-98.3,-30.8,52.38,104,4912,5447,6636,33089,1673,TRUE,1,4.83,0.8130431184308533,19.778242677824267,1189
2026-04-30T13:07:29.288,T1,5_50_100_200_300cm.csv,429,1,0,7.73,-67.9,-98.3,-30.3,40.63,104,5439,4226,7675,34472,1730,TRUE,1,6.73,0.9140408369044618,19.92601156069364,3449
2026-04-30T13:07:30.308,T1,5_50_100_200_300cm.csv,430,1,0,5.877,-68.3,-98.8,-30.5,67.05,84,1324,5632,5574,23166,1436,TRUE,1,4.877,0.23630198108156344,16.132311977715876,58
2026-04-30T13:07:31.300,T1,5_50_100_200_300cm.csv,431,1,0,8.621,-68,-100.2,-32.2,59.43,96,1365,5705,4051,25736,1500,TRUE,1,7.621,0.27982779827798276,17.157333333333334,1654
2026-04-30T13:07:33.340,T1,5_50_100_200_300cm.csv,433,1,0,6.341,-71.8,-100.7,-28.9,46.64,36,1197,1679,2052,3690,647,TRUE,1,5.341,0.6416510318949343,5.703245749613601,373
2026-04-30T13:07:34.328,T1,5_50_100_200_300cm.csv,434,1,0,8.382,-66.3,-99,-32.7,53.88,72,3008,3879,5043,21164,1280,TRUE,1,7.382,0.6742882761712621,16.534375,1164
2026-04-30T13:07:36.308,T1,5_50_100_200_300cm.csv,436,1,0,5.807,-67.9,-100.1,-32.2,74.17,76,1198,5637,3637,23131,1415,TRUE,1,4.807,0.25835669613974555,16.346996466431097,2000
2026-04-30T13:07:37.298,T1,5_50_100_200_300cm.csv,437,1,0,6.018,-68.1,-99.1,-31,62.82,84,1352,5277,4093,17993,1258,TRUE,1,5.018,0.28858057630736395,14.302861685214626,1184
2026-04-30T13:07:38.320,T1,5_50_100_200_300cm.csv,438,1,0,5.83,-69.5,-98.4,-28.9,29.33,96,4920,2816,6599,22948,1490,TRUE,1,4.83,1.0451407328730749,15.401342281879195,3783
2026-04-30T13:07:40.358,T1,5_50_100_200_300cm.csv,440,1,0,5.929,-68.8,-98.3,-29.5,46.45,88,4908,4088,6732,26570,1566,TRUE,1,4.929,0.9072088724584103,16.966794380587483,2644
2026-04-30T13:07:43.329,T1,5_50_100_200_300cm.csv,443,1,0,5.347,-68.1,-99.1,-31,50.76,80,3502,4061,6047,25273,1490,TRUE,1,4.347,0.6929165017807677,16.961744966442954,1986
2026-04-30T13:07:45.311,T1,5_50_100_200_300cm.csv,445,1,0,5.99,-68.8,-99.6,-30.8,44.24,116,3282,5132,5778,29336,1645,TRUE,1,4.99,0.6016498625114574,17.833434650455928,646
2026-04-30T13:07:47.318,T1,5_50_100_200_300cm.csv,447,1,0,5.469,-68.7,-99.1,-30.4,47.1,104,3732,4898,6560,30392,1668,TRUE,1,4.469,0.6514225868388899,18.22062350119904,1662
2026-04-30T13:07:48.310,T1,5_50_100_200_300cm.csv,448,1,0,5.863,-68.6,-98.6,-30,35.57,108,4327,3842,6430,25040,1511,TRUE,1,4.863,0.8424844236760125,16.57180675049636,2588
2026-04-30T13:07:51.310,T1,5_50_100_200_300cm.csv,451,1,0,5.441,-68.7,-99.1,-30.4,59.63,112,1537,6679,5484,28809,1624,TRUE,1,4.441,0.2527337005672943,17.739532019704434,1195
2026-04-30T13:07:52.330,T1,5_50_100_200_300cm.csv,452,1,0,5.807,-68,-98.7,-30.8,58.82,84,3028,4941,6068,25467,1488,TRUE,1,4.807,0.5500953765101281,17.114919354838708,1127
2026-04-30T13:07:53.348,T1,5_50_100_200_300cm.csv,453,1,0,5.408,-68.4,-99.1,-30.6,64.3,84,1790,5401,5384,23097,1440,TRUE,1,4.408,0.3319425127491887,16.039583333333333,17
2026-04-30T13:07:54.308,T1,5_50_100_200_300cm.csv,454,1,0,6.313,-76.2,-101.2,-25,58.21,28,601,1630,974,1428,468,TRUE,1,5.313,0.46159754224270355,3.051282051282051,656
2026-04-30T13:07:57.396,T1,5_50_100_200_300cm.csv,457,1,0,6.848,-72.2,-100.1,-27.8,60.16,44,643,2647,2037,4228,703,TRUE,1,5.848,0.2745516652433817,6.014224751066856,610
2026-04-30T13:07:58.328,T1,5_50_100_200_300cm.csv,458,1,0,6.867,-76.5,-101.4,-24.9,53.82,28,501,1507,1050,1345,459,TRUE,1,5.867,0.39186546734454436,2.9302832244008714,457
2026-04-30T13:07:59.319,T1,5_50_100_200_300cm.csv,459,1,0,5.394,-68.6,-99.2,-30.7,63.66,88,2198,5602,5614,26233,1542,TRUE,1,4.394,0.39194008559201143,17.012321660181584,12
2026-04-30T13:08:00.309,T1,5_50_100_200_300cm.csv,460,1,0,5.441,-68.7,-100.2,-31.5,57.21,112,2826,6408,3690,30064,1656,TRUE,1,4.441,0.5597147950089126,18.154589371980677,2718
2026-04-30T13:08:01.329,T1,5_50_100_200_300cm.csv,461,1,0,5.975,-68.2,-98.4,-30.2,37.9,92,5010,3487,6909,27654,1564,TRUE,1,4.975,0.9638322431704501,17.68158567774936,3422
2026-04-30T13:08:04.328,T1,5_50_100_200_300cm.csv,464,1,0,5.929,-68.2,-98.4,-30.2,32.93,112,5725,3688,7706,34941,1759,TRUE,1,4.929,1.004914867474109,19.864127345082434,4018
2026-04-30T13:08:05.318,T1,5_50_100_200_300cm.csv,465,1,0,6.82,-73.3,-100.5,-27.2,59.02,44,862,2597,1622,3815,692,TRUE,1,5.82,0.4086276368807774,5.513005780346821,975
2026-04-30T13:08:06.337,T1,5_50_100_200_300cm.csv,466,1,0,5.558,-68.5,-98.9,-30.4,64.39,104,2277,6697,6628,33931,1749,TRUE,1,4.558,0.3417636022514071,19.400228702115495,69
2026-04-30T13:08:07.329,T1,5_50_100_200_300cm.csv,467,1,0,5.305,-65.1,-94.4,-29.3,23.64,84,9828,1986,2924,17681,1122,TRUE,1,4.305,4.003258655804481,15.758467023172905,938
2026-04-30T13:08:10.329,T1,5_50_100_200_300cm.csv,470,1,0,5.816,-70.3,-96,-25.7,107.35,80,7018,8588,6780,27440,1676,TRUE,1,4.816,0.9133263925039042,16.372315035799524,1808
2026-04-30T13:08:11.319,T1,5_50_100_200_300cm.csv,471,1,0,5.521,-70.3,-98.3,-28,32.14,80,5591,2571,5555,18977,1393,TRUE,1,4.521,1.3760767905488556,13.623115577889447,2984
2026-04-30T13:08:12.339,T1,5_50_100_200_300cm.csv,472,1,0,5.849,-72.2,-97.9,-25.7,51.64,92,4640,4751,6938,20403,1544,TRUE,1,4.849,0.7939088031482591,13.214378238341968,2187
2026-04-30T13:08:14.347,T1,5_50_100_200_300cm.csv,474,1,0,8.011,-71.4,-94.8,-23.4,100.11,84,8012,8409,9119,25265,1671,TRUE,1,7.010999999999999,0.9141944317663168,15.119688809096349,710
2026-04-30T13:08:15.339,T1,5_50_100_200_300cm.csv,475,1,0,5.445,-67.1,-96.4,-29.3,69.22,64,8302,4430,4259,23674,1392,TRUE,1,4.445,1.9109218552192426,17.007183908045977,171
2026-04-30T13:08:16.327,T1,5_50_100_200_300cm.csv,476,1,0,5.966,-67.5,-96.3,-28.8,68.31,96,7652,6558,4273,25303,1460,TRUE,1,4.966,1.4129812575016156,17.33082191780822,2285
2026-04-30T13:08:17.377,T1,5_50_100_200_300cm.csv,477,1,0,6.487,-68.1,-98.5,-30.4,65.95,100,1713,6595,5751,26932,1539,TRUE,1,5.487,0.2774987850315892,17.49967511,844
2026-04-30T13:08:20.347,T1,5_50_100_200_300cm.csv,480,1,0,5.863,-70.5,-95.7,-25.3,91.79,108,8353,9913,6025,31169,1795,TRUE,1,4.863,1.048186723553771,17.364345403899723,3888
2026-04-30T13:08:21.338,T1,5_50_100_200_300cm.csv,481,1,0,5.441,-67.9,-98.2,-30.3,64.77,88,4078,5700,4416,22111,1386,TRUE,1,4.441,0.8062475286674575,15.953102453102453,1284
2026-04-30T13:08:22.329,T1,5_50_100_200_300cm.csv,482,1,0,5.431,-67.3,-99.1,-31.8,54.36,96,1100,5219,7409,33938,1678,TRUE,1,4.431,0.17421602787456447,20.225268176400476,2190
2026-04-30T13:08:23.347,T1,5_50_100_200_300cm.csv,483,1,0,6.787,-72.1,-99.1,-27.1,33.62,40,2449,1345,2191,3739,657,TRUE,1,5.787,1.385180995475113,5.691019786910198,846
2026-04-30T13:08:28.356,T1,5_50_100_200_300cm.csv,488,1,0,5.422,-68.3,-98.7,-30.4,57.41,124,3742,7119,4357,29421,1619,TRUE,1,4.422,0.6521436040432206,18.172328597899938,2762
2026-04-30T13:08:29.348,T1,5_50_100_200_300cm.csv,489,1,0,6.13,-68.2,-98.2,-30,86.32,72,3427,6215,3770,20349,1341,TRUE,1,5.13,0.6864296444667001,15.174496644295303,2445
2026-04-30T13:08:30.368,T1,5_50_100_200_300cm.csv,490,1,0,5.854,-67.4,-98.6,-31.2,86.76,76,3408,6594,4680,27935,1531,TRUE,1,4.854,0.6045769026077701,18.246244284781188,1914
2026-04-30T13:08:31.357,T1,5_50_100_200_300cm.csv,491,1,0,6.36,-77.5,-101.1,-23.6,47.67,24,682,1144,1163,996,409,TRUE,1,5.36,0.5912440398786303,2.435207824,19
2026-04-30T13:08:32.348,T1,5_50_100_200_300cm.csv,492,1,0,5.441,-68.2,-98,-29.8,100.82,72,2422,7259,5958,28152,1578,TRUE,1,4.441,0.3664976923658924,17.840304182509506,1301
2026-04-30T13:08:33.338,T1,5_50_100_200_300cm.csv,493,1,0,5.83,-67.3,-98.7,-31.4,73,92,3173,6716,4060,26685,1488,TRUE,1,4.83,0.5889012620638456,17.933467741935484,2656
2026-04-30T13:08:34.387,T1,5_50_100_200_300cm.csv,494,1,0,5.596,-66.6,-99.2,-32.7,56.05,108,610,6053,5893,31932,1589,TRUE,1,4.596,0.1021262347229198,20.09565764631844,160
2026-04-30T13:08:35.348,T1,5_50_100_200_300cm.csv,495,1,0,6.018,-68.2,-98.8,-30.6,77.16,88,3094,6790,5397,30465,1644,TRUE,1,5.018,0.5077541642734061,18.53102189781022,1393
2026-04-30T13:08:36.338,T1,5_50_100_200_300cm.csv,496,1,0,6.853,-90.1,-103.4,-13.3,24.75,12,359,297,400,61,186,TRUE,1,5.853,1.0301291248206599,0.3279569892473118,103
2026-04-30T13:08:37.358,T1,5_50_100_200_300cm.csv,497,1,0,5.915,-67.1,-98.7,-31.6,74.73,84,3374,6277,3683,24350,1414,TRUE,1,4.915,0.6775100401606425,17.22065063649222,2594
2026-04-30T13:08:39.398,T1,5_50_100_200_300cm.csv,499,1,0,5.9,-66.8,-98.4,-31.6,76.64,84,3354,6438,4711,27218,1476,TRUE,1,4.9,0.6016683110592879,18.440379403794037,1727
2026-04-30T13:08:40.358,T1,5_50_100_200_300cm.csv,500,1,0,8.776,-68.1,-98.8,-30.7,64.74,92,3241,5956,4300,23485,1436,TRUE,1,7.776,0.6320202808112324,16.354456824512535,1656
2026-04-30T13:08:41.348,T1,5_50_100_200_300cm.csv,501,1,0,5.385,-69,-97.9,-28.9,66.93,80,3862,5354,3975,16607,1246,TRUE,1,4.385,0.8279558366384393,13.328250401284109,1379
2026-04-30T13:08:44.377,T1,5_50_100_200_300cm.csv,504,1,0,7.997,-68,-98.2,-30.2,72.54,100,3887,7254,4731,28446,1575,TRUE,1,6.997,0.6486441385064664,18.06095238095238,2523
2026-04-30T13:08:46.357,T1,5_50_100_200_300cm.csv,506,1,0,5.483,-68.9,-98.3,-29.4,73.64,84,4722,6186,5877,29096,1645,TRUE,1,4.483,0.7828898284008953,17.687537993920973,309
2026-04-30T13:08:48.367,T1,5_50_100_200_300cm.csv,508,1,0,5.825,-66.7,-98.7,-32,56.73,96,2826,5446,4224,21792,1319,TRUE,1,4.825,0.584488108,16.521607278241092,1222
2026-04-30T13:08:51.366,T1,5_50_100_200_300cm.csv,511,1,0,6.318,-73.3,-100,-26.7,66.11,28,1353,1851,1379,2391,548,TRUE,1,5.318,0.8377708978328173,4.363138686131387,472
2026-04-30T13:08:52.355,T1,5_50_100_200_300cm.csv,512,1,0,5.389,-70,-97.5,-27.5,61.38,96,6863,5892,7224,31752,1786,TRUE,1,4.389,1.0465080817322354,17.778275475923852,1332
2026-04-30T13:08:53.346,T1,5_50_100_200_300cm.csv,513,1,0,5.807,-69.4,-98,-28.6,94.12,88,5110,8283,4851,32476,1769,TRUE,1,4.807,0.7781330896908787,18.35839457,3432
2026-04-30T13:08:54.368,T1,5_50_100_200_300cm.csv,514,1,0,5.582,-64.6,-92.4,-27.8,83.74,72,8936,6029,3846,13970,981,TRUE,1,4.582,1.8098227848101265,14.240570846075434,2183
2026-04-30T13:08:56.377,T1,5_50_100_200_300cm.csv,516,1,0,5.863,-69.3,-98.3,-29,70.23,96,1016,6742,7963,32835,1770,TRUE,1,4.863,0.13818429105746344,18.550847457627118,1221
2026-04-30T13:08:59.377,T1,5_50_100_200_300cm.csv,519,1,0,5.858,-68.1,-93.2,-25,103.38,104,12090,10752,8073,32428,1690,TRUE,1,4.858,1.2844621513944223,19.18816568047337,2679
2026-04-30T13:09:00.397,T1,5_50_100_200_300cm.csv,520,1,0,8.372,-68.1,-95.2,-27.1,78.54,96,10701,7540,7319,35693,1770,TRUE,1,7.372,1.4403391883706844,20.165536723163843,221
2026-04-30T13:09:02.377,T1,5_50_100_200_300cm.csv,522,1,0,5.746,-66.8,-95.6,-28.8,55.38,112,9315,6202,5183,28853,1521,TRUE,1,4.746,1.6363636363636365,18.96975673898751,1019
2026-04-30T13:09:03.366,T1,5_50_100_200_300cm.csv,523,1,0,6.557,-67.4,-91,-23.7,186.03,76,7841,14138,11657,25406,1456,TRUE,1,5.557,0.6079472766039931,17.449175824175825,2481
2026-04-30T13:09:04.386,T1,5_50_100_200_300cm.csv,524,1,0,7.899,-69.2,-97.6,-28.5,85.64,96,6756,8221,5582,37271,1876,TRUE,1,6.899,0.9789176266029124,19.86727078891258,2639
2026-04-30T13:09:05.375,T1,5_50_100_200_300cm.csv,525,1,0,5.417,-66.5,-98.7,-32.2,67.02,64,3500,4289,4919,21798,1311,TRUE,1,4.417,0.7602085143353605,16.62700228832952,630
2026-04-30T13:09:06.367,T1,5_50_100_200_300cm.csv,526,1,0,5.783,-68.8,-98.2,-29.4,50.9,120,5774,6108,6857,35111,1799,TRUE,1,4.783,0.8907057462398766,19.516953863257367,749
2026-04-30T13:09:07.387,T1,5_50_100_200_300cm.csv,527,1,0,5.825,-65.9,-99.5,-33.6,50.63,100,3123,5063,3340,22880,1314,TRUE,1,4.825,0.7433059621563727,17.41248097412481,1723
2026-04-30T13:09:09.367,T1,5_50_100_200_300cm.csv,529,1,0,5.919,-68.2,-98.1,-29.9,77.69,108,5086,8391,5292,38465,1844,TRUE,1,4.919,0.7434042242198349,20.859544468546638,3099
2026-04-30T13:09:10.385,T1,5_50_100_200_300cm.csv,530,1,0,5.445,-68.6,-98.1,-29.6,65.62,108,4195,7087,6521,33279,1739,TRUE,1,4.445,0.616549089,19.13686026451984,566
2026-04-30T13:09:11.375,T1,5_50_100_200_300cm.csv,531,1,0,5.891,-69,-99,-30,61.17,124,5370,7585,4522,38304,1892,TRUE,1,4.891,0.8870901131576774,20.24524312896406,3063
2026-04-30T13:09:12.366,T1,5_50_100_200_300cm.csv,532,1,0,5.919,-68.1,-98.2,-30.1,81.19,88,3539,7145,4808,27274,1548,TRUE,1,4.919,0.592152598,17.61886304909561,2337
2026-04-30T13:09:14.375,T1,5_50_100_200_300cm.csv,534,1,0,5.938,-67.8,-98.8,-31,45.56,108,3791,4920,5470,25392,1479,TRUE,1,4.938,0.729740135,17.168356997971603,550
2026-04-30T13:09:16.385,T1,5_50_100_200_300cm.csv,536,1,0,8.414,-66.1,-98.7,-32.6,56.1,92,3675,5161,2952,20003,1238,TRUE,1,7.414,0.905953408,16.15751211631664,2209
2026-04-30T13:09:17.376,T1,5_50_100_200_300cm.csv,537,1,0,8.621,-68.2,-97.3,-29.1,52.28,124,6656,6483,7518,36149,1785,TRUE,1,7.621,0.9507892293407614,20.251540616246498,1035
2026-04-30T13:09:18.367,T1,5_50_100_200_300cm.csv,538,1,0,6.815,-84.7,-101.4,-16.8,39.5,16,622,632,725,278,277,TRUE,1,5.815,0.9167280766396463,1.0036101083032491,93
2026-04-30T13:09:19.386,T1,5_50_100_200_300cm.csv,539,1,0,6.257,-72.3,-99.6,-27.2,57.65,52,1891,2998,2530,6122,848,TRUE,1,5.257,0.6841534008683068,7.219339623,468
2026-04-30T13:09:20.375,T1,5_50_100_200_300cm.csv,540,1,0,6.581,-70.3,-98.5,-28.3,72.1,88,3947,6345,5747,26016,1629,TRUE,1,5.581,0.6528283162421435,15.970534069981584,598
2026-04-30T13:09:21.397,T1,5_50_100_200_300cm.csv,541,1,0,6.294,-68.4,-98.3,-29.9,67.74,92,4900,6232,6315,32702,1712,TRUE,1,5.294,0.7810632023591296,19.101635514018692,83
2026-04-30T13:09:25.385,T1,5_50_100_200_300cm.csv,545,1,0,5.821,-68.6,-97.9,-29.4,93.57,76,3973,7111,5630,28319,1602,TRUE,1,4.821,0.6236559139784946,17.677278401997505,1481
2026-04-30T13:09:26.377,T1,5_50_100_200_300cm.csv,546,1,0,5.582,-67.8,-98.1,-30.3,52.44,100,4836,5244,6492,29479,1591,TRUE,1,4.582,0.8241308793456033,18.528598365807667,1248
2026-04-30T13:09:29.376,T1,5_50_100_200_300cm.csv,549,1,0,6.304,-68.2,-97.8,-29.6,53,84,5032,4452,6339,24503,1474,TRUE,1,5.304,0.9326290427207858,16.62347354138399,1887
2026-04-30T13:09:30.395,T1,5_50_100_200_300cm.csv,550,1,0,5.53,-68.5,-98,-29.4,82.71,80,3624,6617,5054,24041,1475,TRUE,1,4.53,0.6210264758803873,16.298983050847458,1563
2026-04-30T13:09:31.385,T1,5_50_100_200_300cm.csv,551,1,0,6.027,-68.6,-98.2,-29.6,66.94,100,3778,6694,5703,28009,1597,TRUE,1,5.027,0.6095022989432928,17.538509705698186,991
2026-04-30T13:09:32.376,T1,5_50_100_200_300cm.csv,552,1,0,5.741,-68.7,-97.4,-28.7,46.64,112,6229,5224,7754,31993,1711,TRUE,1,4.741,0.9599321929419017,18.698421975452952,2530
2026-04-30T13:09:33.394,T1,5_50_100_200_300cm.csv,553,1,0,5.807,-68.1,-98.8,-30.7,69.36,100,3794,6936,3987,28337,1576,TRUE,1,4.807,0.6946809484573835,17.98032994923858,2949
2026-04-30T13:09:35.405,T1,5_50_100_200_300cm.csv,555,1,0,6.172,-72.6,-99.1,-26.5,51.7,76,4084,3929,5684,18265,1479,TRUE,1,5.172,0.8496827213148861,12.349560513860716,1755
2026-04-30T13:09:37.414,T1,5_50_100_200_300cm.csv,557,1,0,8.044,-67.4,-98.1,-30.8,70.03,92,3521,6443,5385,27103,1505,TRUE,1,7.0440000000000005,0.5953669259384511,18.008637873754154,1058
2026-04-30T13:09:44.404,T1,5_50_100_200_300cm.csv,564,1,0,5.886,-69.7,-98.2,-28.5,70.42,92,3936,6479,5551,24902,1563,TRUE,1,4.886,0.65436409,15.932181701855406,928
2026-04-30T13:09:45.396,T1,5_50_100_200_300cm.csv,565,1,0,8.64,-67.6,-97.4,-29.8,55.67,84,5343,4676,6517,25387,1468,TRUE,1,7.640000000000001,0.9547038327526133,17.29359673024523,1841
2026-04-30T13:09:46.416,T1,5_50_100_200_300cm.csv,566,1,0,5.858,-68.2,-98.4,-30.3,53.15,104,4431,5528,7070,33205,1712,TRUE,1,4.858,0.7034449912684553,19.395443925233646,1542
2026-04-30T13:09:49.415,T1,5_50_100_200_300cm.csv,569,1,0,8.611,-67.6,-98.3,-30.6,73.39,92,3300,6752,5110,27360,1526,TRUE,1,7.611000000000001,0.556398584,17.929226736566186,1642
2026-04-30T13:09:52.414,T1,5_50_100_200_300cm.csv,572,1,0,8.766,-68.3,-98.3,-30,77.85,84,3356,6539,4506,23688,1452,TRUE,1,7.766,0.6076957899502037,16.31404958677686,2033
2026-04-30T13:09:54.396,T1,5_50_100_200_300cm.csv,574,1,0,5.839,-67.8,-98.3,-30.6,75.07,92,3824,6906,4237,26676,1513,TRUE,1,4.839,0.6863501749977564,17.631196298744218,2669
2026-04-30T13:09:56.403,T1,5_50_100_200_300cm.csv,576,1,0,8.358,-67.9,-97.7,-29.8,48.99,104,5519,5095,7012,30148,1615,TRUE,1,7.358,0.9117039729082349,18.66749226006192,1917
2026-04-30T13:09:58.414,T1,5_50_100_200_300cm.csv,578,1,0,5.732,-68,-97.7,-29.7,67.07,92,5011,6170,7396,33521,1712,TRUE,1,4.732,0.7387586613592806,19.58002336448598,1226
2026-04-30T13:09:59.404,T1,5_50_100_200_300cm.csv,579,1,0,5.807,-68,-97.7,-29.7,62.25,96,5393,5976,7548,34554,1737,TRUE,1,4.807,0.7975451049985212,19.892918825561313,1572
2026-04-30T13:10:01.414,T1,5_50_100_200_300cm.csv,581,1,0,6.942,-74.5,-99.3,-24.8,33.36,28,1280,934,1570,1293,420,TRUE,1,5.942,1.0223642172523961,3.0785714285714287,636
2026-04-30T13:10:02.403,T1,5_50_100_200_300cm.csv,582,1,0,6.632,-67.8,-98,-30.1,58.24,112,4436,6523,6607,32359,1671,TRUE,1,5.632,0.6757044935262757,19.365050867743864,84
2026-04-30T13:10:03.423,T1,5_50_100_200_300cm.csv,583,1,0,5.854,-68.2,-98,-29.8,52.5,88,5777,4620,6446,28561,1588,TRUE,1,4.854,1.0440990421109706,17.98551637279597,1826
2026-04-30T13:10:04.415,T1,5_50_100_200_300cm.csv,584,1,0,5.807,-67.7,-97.9,-30.1,65.96,104,4768,6860,7102,36084,1758,TRUE,1,4.807,0.6829967053430741,20.525597269624573,242
2026-04-30T13:10:05.405,T1,5_50_100_200_300cm.csv,585,1,0,6.051,-67.8,-98.5,-30.7,66.15,108,3966,7144,4958,31578,1647,TRUE,1,5.051,0.6554288547347545,19.17304189435337,2186
2026-04-30T13:10:08.405,T1,5_50_100_200_300cm.csv,588,1,0,5.807,-67.7,-97.8,-30,44.7,104,6072,4649,7317,32983,1681,TRUE,1,4.807,1.0148754805281632,19.621058893515766,2668
2026-04-30T13:10:09.424,T1,5_50_100_200_300cm.csv,589,1,0,6.74,-89.9,-103.7,-13.8,25.42,12,330,305,392,65,187,TRUE,1,5.74,0.9469153515064562,0.34759358288770054,87
2026-04-30T13:10:10.413,T1,5_50_100_200_300cm.csv,590,1,0,8.879,-68.2,-97.7,-29.5,52.25,108,5847,5643,7747,34910,1756,TRUE,1,7.879,0.8733383121732636,19.880410022779042,2104
2026-04-30T13:10:11.405,T1,5_50_100_200_300cm.csv,591,1,0,6.027,-68.6,-98.2,-29.5,67.88,100,4374,6788,6197,31261,1688,TRUE,1,5.027,0.6737004235656526,18.519549763033176,591
2026-04-30T13:10:13.415,T1,5_50_100_200_300cm.csv,593,1,0,7.369,-70,-98.7,-28.7,90.95,76,3486,6912,4640,25425,1596,TRUE,1,6.369,0.6035318559556787,15.930451127819548,2272
2026-04-30T13:10:14.433,T1,5_50_100_200_300cm.csv,594,1,0,5.802,-68.7,-98.3,-29.7,86.29,84,4133,7248,4421,27852,1594,TRUE,1,4.802,0.7083726111920473,17.47302383939774,2827
2026-04-30T13:10:17.402,T1,5_50_100_200_300cm.csv,597,1,0,6.951,-71.5,-99,-27.4,34.85,48,2182,1673,2703,4415,701,TRUE,1,5.951,0.9972577696526508,6.2981455064194005,1030
2026-04-30T13:10:18.424,T1,5_50_100_200_300cm.csv,598,1,0,6.323,-67.4,-99.1,-31.8,67.65,84,3054,5683,3299,21644,1344,TRUE,1,5.323,0.6800267201068805,16.104166666666668,2384
2026-04-30T13:10:19.413,T1,5_50_100_200_300cm.csv,599,1,0,5.985,-67.5,-98.3,-30.8,75.46,80,3542,6037,5016,25166,1457,TRUE,1,4.985,0.6409119696010133,17.27247769389156,1021
2026-04-30T13:11:58.500,T1,5_50_100_200_300cm.csv,698,2,0,9.048,-73.4,-104.8,-31.4,33.77,88,1723,2972,4440,31428,1994,TRUE,1,7.048,0.4649217485159201,15.761283851554664,1468
2026-04-30T13:12:08.492,T1,5_50_100_200_300cm.csv,708,2,0,7.303,-72.3,-103.6,-31.3,44.27,92,1584,4073,3443,25420,1728,TRUE,1,5.303,0.42150079829696646,14.710648148148149,630
2026-04-30T13:12:10.530,T1,5_50_100_200_300cm.csv,710,2,0,7.655,-90,-108.3,-18.3,25.12,8,147,201,254,65,190,TRUE,1,5.655,0.6461538461538462,0.34210526315789475,53
2026-04-30T13:12:12.481,T1,5_50_100_200_300cm.csv,712,2,0,6.688,-71.3,-103.5,-32.2,45.56,100,2346,4556,3143,31022,1844,TRUE,1,4.688,0.6094297960774127,16.823210412147507,1413
2026-04-30T13:12:13.500,T1,5_50_100_200_300cm.csv,713,2,0,6.796,-70.9,-103.9,-33,38.22,112,1474,4281,3608,32170,1852,TRUE,1,4.796,0.3736848776777792,17.370410367170628,673
2026-04-30T13:12:15.510,T1,5_50_100_200_300cm.csv,715,2,0,6.763,-70.8,-103.6,-32.9,38.59,104,1756,4013,3654,29860,1775,TRUE,1,4.763,0.45806704056345376,16.822535211267606,359
2026-04-30T13:12:16.528,T1,5_50_100_200_300cm.csv,716,2,0,9.657,-73.7,-103.5,-29.8,42.38,116,2269,4916,3590,30573,1990,TRUE,1,7.657,0.5335057606395486,15.363316582914573,1326
2026-04-30T13:12:20.489,T1,5_50_100_200_300cm.csv,720,2,0,6.801,-71,-103.5,-32.5,38.9,92,1502,3579,3720,25329,1651,TRUE,1,4.801,0.41156322783943006,15.341611144760751,141
2026-04-30T13:12:22.501,T1,5_50_100_200_300cm.csv,722,2,0,7.716,-88.2,-108.1,-19.8,21.5,12,231,258,176,111,202,TRUE,1,5.716,1.064516129032258,0.5495049504950495,82
2026-04-30T13:12:24.511,T1,5_50_100_200_300cm.csv,724,2,0,6.721,-70.8,-103.7,-32.9,42.26,100,1576,4226,3636,31246,1821,TRUE,1,4.721,0.4009157975069957,17.15870400878638,590
2026-04-30T13:12:26.490,T1,5_50_100_200_300cm.csv,726,2,0,7.505,-73.1,-105,-31.9,35.72,80,1738,2858,2492,18550,1519,TRUE,1,5.505,0.6497196261682243,12.211981566820276,366
2026-04-30T13:12:27.510,T1,5_50_100_200_300cm.csv,727,2,0,9.887,-71.3,-104.2,-32.9,38.54,108,1807,4162,4185,38066,2041,TRUE,1,7.887,0.4329699293159219,18.65066144047036,23
2026-04-30T13:12:28.531,T1,5_50_100_200_300cm.csv,728,2,0,9.095,-72.3,-104.3,-31.9,40.98,104,2592,4262,3299,34097,2002,TRUE,1,7.095000000000001,0.6856235947625975,17.03146853146853,963
2026-04-30T13:12:29.489,T1,5_50_100_200_300cm.csv,729,2,0,6.754,-70.1,-103.6,-33.5,40.35,112,2476,4519,3325,35735,1899,TRUE,1,4.754,0.6313105558388578,18.817798841495524,1194
2026-04-30T13:12:30.511,T1,5_50_100_200_300cm.csv,730,2,0,6.731,-70.4,-104,-33.6,34.67,104,1282,3606,3881,30780,1780,TRUE,1,4.731,0.34246026445839456,17.292134831460675,275
2026-04-30T13:12:31.560,T1,5_50_100_200_300cm.csv,731,2,0,9.17,-70.3,-103.6,-33.3,41.17,108,2065,4446,3389,33117,1840,TRUE,1,7.17,0.5271218889597958,17.99836956521739,1057
2026-04-30T13:12:32.519,T1,5_50_100_200_300cm.csv,732,2,0,7.312,-70.6,-103.6,-33,46,92,1508,4232,3600,30603,1790,TRUE,1,5.312,0.38508682328907046,17.09664804469274,632
2026-04-30T13:12:33.511,T1,5_50_100_200_300cm.csv,733,2,0,6.712,-71.2,-104.1,-32.9,42.58,92,2129,3917,3358,30738,1828,TRUE,1,4.712,0.5852920962199313,16.815098468271334,559
2026-04-30T13:12:36.510,T1,5_50_100_200_300cm.csv,736,2,0,6.862,-71.1,-104.1,-33,38.77,88,1269,3412,3808,27946,1740,TRUE,1,4.862,0.3515235457063712,16.060919540229886,396
2026-04-30T13:12:37.513,T1,5_50_100_200_300cm.csv,737,2,0,7.162,-69.4,-104.1,-34.7,37.14,96,1581,3565,3662,32091,1757,TRUE,1,5.162,0.43752594437525943,18.264655663062037,97
2026-04-30T13:12:38.520,T1,5_50_100_200_300cm.csv,738,2,0,7.115,-72.1,-104.2,-32.1,44.39,96,2310,4261,3529,34530,1998,TRUE,1,5.115,0.5930680359435173,17.28228228228228,732
2026-04-30T13:12:39.508,T1,5_50_100_200_300cm.csv,739,2,0,9.817,-69.8,-104.1,-34.3,37.94,96,1752,3642,3795,33530,1820,TRUE,1,7.817,0.47115772488906815,18.423076923076923,153
2026-04-30T13:12:40.529,T1,5_50_100_200_300cm.csv,740,2,0,6.806,-70.6,-103.6,-33,49.15,84,1540,4129,3558,29838,1765,TRUE,1,4.806,0.4006764667620658,16.905382436260624,571
2026-04-30T13:12:41.520,T1,5_50_100_200_300cm.csv,741,2,0,7.176,-70.6,-103.9,-33.3,42.01,96,3198,4033,2791,33547,1869,TRUE,1,5.176,0.9372801875732708,17.94917067950776,1242
2026-04-30T13:12:42.540,T1,5_50_100_200_300cm.csv,742,2,0,8.78,-71,-103.9,-32.9,45.85,100,2315,4585,3150,34820,1930,TRUE,1,6.779999999999999,0.5985778926955397,18.041450777202073,1435
2026-04-30T13:12:43.529,T1,5_50_100_200_300cm.csv,743,2,0,6.834,-71,-103.6,-32.7,25.14,92,3326,2313,4112,30288,1800,TRUE,1,4.834,1.035330739299611,16.826666666666668,1799
2026-04-30T13:12:44.520,T1,5_50_100_200_300cm.csv,744,2,0,6.96,-71.5,-103.8,-32.3,33.17,96,2465,3184,4045,29437,1806,TRUE,1,4.96,0.6819753769539355,16.29955703211517,861
2026-04-30T13:12:46.530,T1,5_50_100_200_300cm.csv,746,2,0,6.707,-71.4,-103.3,-32,45.76,80,1352,3661,3158,20713,1509,TRUE,1,4.707,0.39653908197682947,13.726308813783962,503
2026-04-30T13:12:48.540,T1,5_50_100_200_300cm.csv,748,2,0,9.517,-70.3,-103.4,-33.1,49.15,84,2976,4129,2533,29107,1726,TRUE,1,7.517,0.8934253977784449,16.863847045191193,1596
2026-04-30T13:12:49.530,T1,5_50_100_200_300cm.csv,749,2,0,8.433,-101.9,-108,-6.1,18.25,8,86,146,187,2,130,TRUE,1,6.433,0.5165165165165165,0.015384615384615385,41
2026-04-30T13:12:52.529,T1,5_50_100_200_300cm.csv,752,2,0,9.845,-71.2,-101.9,-30.6,37.96,84,4285,3189,4283,27703,1736,TRUE,1,7.845000000000001,1.146948608137045,15.95794930875576,1094
2026-04-30T13:12:54.538,T1,5_50_100_200_300cm.csv,754,2,0,6.656,-70.6,-103.3,-32.7,53.88,80,3282,4310,2546,30702,1791,TRUE,1,4.656,0.9574095682613769,17.142378559463985,1764
2026-04-30T13:12:55.529,T1,5_50_100_200_300cm.csv,755,2,0,7.223,-71.5,-103.1,-31.6,49.64,72,1487,3574,3421,20705,1518,TRUE,1,5.223,0.42516082916368836,13.63965744400527,153
2026-04-30T13:12:57.539,T1,5_50_100_200_300cm.csv,757,2,0,6.735,-72.4,-104,-31.6,39.47,120,2012,4737,3590,34995,2036,TRUE,1,4.735,0.48324726792362194,17.18811394891945,1147
2026-04-30T13:12:58.528,T1,5_50_100_200_300cm.csv,758,2,0,7.172,-72.5,-103.9,-31.4,45.77,84,1405,3845,4306,30488,1907,TRUE,1,5.172,0.3447429763219237,15.987414787624541,461
2026-04-30T13:12:59.519,T1,5_50_100_200_300cm.csv,759,2,0,6.918,-73.2,-104.2,-31,48.31,96,1931,4638,3579,33265,2038,TRUE,1,4.918,0.4700012169891688,16.322374877330716,1059
2026-04-30T13:13:00.571,T1,5_50_100_200_300cm.csv,760,2,0,10.23,-73,-103.8,-30.8,47.4,100,2134,4740,3468,32110,1989,TRUE,1,8.23,0.5199805068226121,16.143790849673202,1272
2026-04-30T13:13:01.528,T1,5_50_100_200_300cm.csv,761,2,0,7.322,-70.9,-103.8,-32.9,30.28,112,2213,3391,3641,28060,1728,TRUE,1,5.322,0.6294084186575654,16.238425925925927,250
2026-04-30T13:13:03.539,T1,5_50_100_200_300cm.csv,763,2,0,10.239,-69.9,-103.6,-33.8,30.18,96,2201,2897,3729,26533,1622,TRUE,1,8.239,0.6643525505584063,16.358199753390874,832
2026-04-30T13:13:04.528,T1,5_50_100_200_300cm.csv,764,2,0,6.862,-71.4,-103.7,-32.3,33.71,80,1939,2697,3719,22083,1562,TRUE,1,4.862,0.604426434,14.137644046094751,1022
2026-04-30T13:13:06.539,T1,5_50_100_200_300cm.csv,766,2,0,7.148,-71,-103.7,-32.7,39.53,100,3760,3953,2586,33638,1900,TRUE,1,5.148,1.1500229392873529,17.70421052631579,1367
2026-04-30T13:13:08.549,T1,5_50_100_200_300cm.csv,768,2,0,9.493,-70.5,-103.7,-33.2,34.08,96,2413,3272,4239,32960,1848,TRUE,1,7.493,0.6425242976967115,17.835497835497836,967
2026-04-30T13:13:09.541,T1,5_50_100_200_300cm.csv,769,2,0,7.237,-70.2,-103.3,-33.1,47,96,2893,4512,2883,32503,1817,TRUE,1,5.237,0.782420554,17.888277380297193,1629
2026-04-30T13:13:10.557,T1,5_50_100_200_300cm.csv,770,2,0,6.735,-71,-103.8,-32.7,40.07,100,1958,4007,2904,26283,1681,TRUE,1,4.735,0.5666329040659818,15.635336109458656,1103
2026-04-30T13:13:11.547,T1,5_50_100_200_300cm.csv,771,2,0,9.714,-70.8,-103.7,-33,36.81,96,1717,3534,4081,30148,1784,TRUE,1,7.714,0.4509520682862771,16.89910313901345,547
2026-04-30T13:13:12.538,T1,5_50_100_200_300cm.csv,772,2,0,6.745,-71.5,-103,-31.5,52.53,76,2036,3992,3113,22686,1587,TRUE,1,4.745,0.5731175228712174,14.294896030245747,879
2026-04-30T13:13:13.529,T1,5_50_100_200_300cm.csv,773,2,0,7.026,-71.1,-103,-31.9,47.33,80,2470,3786,4148,29305,1781,TRUE,1,5.026,0.6226367532140157,16.45423919146547,362
2026-04-30T13:13:14.549,T1,5_50_100_200_300cm.csv,774,2,0,6.923,-70.6,-104.3,-33.7,46.38,84,2462,3896,2721,30826,1791,TRUE,1,4.923,0.7441438718452471,17.211613623673927,1175
2026-04-30T13:13:16.557,T1,5_50_100_200_300cm.csv,776,2,0,6.749,-71.7,-102.8,-31.1,55.97,76,1800,4254,3202,22439,1591,TRUE,1,4.749,0.48283261802575106,14.103708359522313,1052
2026-04-30T13:13:17.549,T1,5_50_100_200_300cm.csv,777,2,0,7.157,-72.6,-105.1,-32.5,43.8,84,1203,3679,2999,27384,1813,TRUE,1,5.157,0.36028751123090746,15.104247104247104,680
2026-04-30T13:13:26.547,T1,5_50_100_200_300cm.csv,786,2,0,7.866,-70,-103.7,-33.7,43.54,92,1779,4006,4065,35295,1879,TRUE,1,5.866,0.44083756659645645,18.78392762107504,59
2026-04-30T13:13:27.567,T1,5_50_100_200_300cm.csv,787,2,0,8.902,-69.2,-103.8,-34.6,38.5,76,1884,2926,3102,23301,1487,TRUE,1,6.901999999999999,0.6250829462508295,15.669804976462677,176
2026-04-30T13:13:28.559,T1,5_50_100_200_300cm.csv,788,2,0,7.35,-69.9,-104.5,-34.5,34.38,100,518,3438,3866,31954,1785,TRUE,1,5.35,0.14184008762322015,17.90140056022409,428
2026-04-30T13:13:30.569,T1,5_50_100_200_300cm.csv,790,2,0,9.629,-70.1,-104.3,-34.2,35.75,92,1492,3289,3162,25760,1609,TRUE,1,7.629,0.4625639435746396,16.00994406463642,127
2026-04-30T13:13:32.549,T1,5_50_100_200_300cm.csv,792,2,0,8.03,-71.2,-104.1,-32.9,34.62,104,3321,3600,2127,28487,1759,TRUE,1,6.029999999999999,1.1597695128339445,16.19499715747584,1473
2026-04-30T13:13:34.556,T1,5_50_100_200_300cm.csv,794,2,0,6.745,-70.6,-104.9,-34.3,39.35,92,1444,3620,2665,27494,1694,TRUE,1,4.745,0.4595067621320605,16.230224321133413,955
2026-04-30T13:13:40.557,T1,5_50_100_200_300cm.csv,800,2,0,6.74,-70.5,-104.2,-33.7,27.95,84,1399,2348,3355,19957,1438,TRUE,1,4.74,0.49061897247062947,13.878303198887343,1007
2026-04-30T13:13:41.548,T1,5_50_100_200_300cm.csv,801,2,0,6.745,-70.1,-104.4,-34.2,38.06,100,1571,3806,4076,38090,1960,TRUE,1,4.745,0.3986297893935549,19.433673469387756,270
2026-04-30T13:13:42.568,T1,5_50_100_200_300cm.csv,802,2,0,7.176,-71.7,-104.4,-32.7,32.05,128,1324,4103,4156,36972,2039,TRUE,1,5.176,0.32061992977358034,18.13241785188818,53
2026-04-30T13:13:43.559,T1,5_50_100_200_300cm.csv,803,2,0,7.233,-69.8,-104.1,-34.3,37.08,96,2121,3560,3060,28756,1684,TRUE,1,5.233,0.640785498,17.07600950118765,500
2026-04-30T13:13:45.566,T1,5_50_100_200_300cm.csv,805,2,0,7.293,-71.1,-103.3,-32.2,41.81,80,3146,3345,2340,22197,1549,TRUE,1,5.293,1.1067722075637643,14.329890251775339,1005
2026-04-30T13:13:50.578,T1,5_50_100_200_300cm.csv,810,2,0,6.862,-72.5,-102.3,-29.9,48.84,104,4404,5079,3141,33302,1989,TRUE,1,4.862,1.0715328467153284,16.743086978381097,1938
2026-04-30T13:13:56.576,T1,5_50_100_200_300cm.csv,816,2,0,6.721,-69.7,-104.1,-34.4,31.64,104,1867,3291,3964,32797,1793,TRUE,1,4.721,0.5146795313576844,18.29168990518684,673
2026-04-30T13:13:58.558,T1,5_50_100_200_300cm.csv,818,2,0,7.645,-75.7,-104.4,-28.7,40.16,32,620,1285,1662,3728,745,TRUE,1,5.645,0.4207668815744825,5.004026845637584,377
2026-04-30T13:13:59.605,T1,5_50_100_200_300cm.csv,819,2,0,9.156,-70.9,-103.8,-32.9,51.61,72,2374,3716,2846,26219,1671,TRUE,1,7.156000000000001,0.7235598902773545,15.690604428485937,870
2026-04-30T13:14:01.587,T1,5_50_100_200_300cm.csv,821,2,0,9.582,-70.8,-103.5,-32.6,38.82,92,1814,3571,3940,27798,1717,TRUE,1,7.582000000000001,0.48302489681800026,16.189866045428072,369
2026-04-30T13:14:04.587,T1,5_50_100_200_300cm.csv,824,2,0,7.57,-86.8,-103.3,-16.5,54.35,88,2289,4783,3264,10801,1858,TRUE,1,5.57,0.5689076674537095,5.813240043057051,1519
2026-04-30T13:14:05.578,T1,5_50_100_200_300cm.csv,825,2,0,6.965,-70.7,-103.2,-32.4,45.39,104,3655,4721,2858,36273,1955,TRUE,1,4.965,0.9645071909222852,18.553964194373403,1863
2026-04-30T13:14:06.567,T1,5_50_100_200_300cm.csv,826,2,0,9.263,-70.9,-103.4,-32.5,39.89,76,1787,3032,3995,24592,1619,TRUE,1,7.263,0.5086096484986481,15.189623224212477,963
2026-04-30T13:14:07.588,T1,5_50_100_200_300cm.csv,827,2,0,7.439,-70.8,-103,-32.3,35.58,124,3056,4412,2681,28774,1742,TRUE,1,5.439,0.8616946285069788,16.51779563719862,1731
2026-04-30T13:14:09.567,T1,5_50_100_200_300cm.csv,829,2,0,6.735,-71.9,-103.8,-31.9,36.8,100,1598,3680,3946,27964,1784,TRUE,1,4.735,0.4190925780225544,15.674887892376681,266
2026-04-30T13:14:10.586,T1,5_50_100_200_300cm.csv,830,2,0,7.903,-92.3,-109.8,-17.5,11.5,8,136,92,201,29,165,TRUE,1,5.903,0.9283276450511946,0.17575757575757575,109
2026-04-30T13:14:11.577,T1,5_50_100_200_300cm.csv,831,2,0,9.268,-71.1,-103.7,-32.6,42.58,88,1587,3747,3568,26577,1694,TRUE,1,7.268000000000001,0.43390293916609707,15.688902007083826,179
2026-04-30T13:14:12.596,T1,5_50_100_200_300cm.csv,832,2,0,9.24,-70.7,-104.2,-33.5,30.1,112,1662,3371,4153,33078,1864,TRUE,1,7.24,0.44178628389154706,17.74570815450644,782
2026-04-30T13:14:13.588,T1,5_50_100_200_300cm.csv,833,2,0,6.712,-71.8,-103.4,-31.5,33.22,120,1783,3987,4579,32082,1910,TRUE,1,4.712,0.4162969880924586,16.796858638743455,592
2026-04-30T13:14:14.577,T1,5_50_100_200_300cm.csv,834,2,0,9.789,-71.9,-103.9,-31.9,48.26,76,1958,3668,3439,26157,1731,TRUE,1,7.789,0.5510060503728719,15.110918544194108,229
2026-04-30T13:14:15.596,T1,5_50_100_200_300cm.csv,835,2,0,6.829,-72.4,-103.8,-31.4,38.38,120,1915,4606,3892,34338,2014,TRUE,1,4.829,0.45069428100729586,17.049652432969214,714
2026-04-30T13:14:16.588,T1,5_50_100_200_300cm.csv,836,2,0,7.401,-72.1,-103.3,-31.2,43.35,96,1617,4162,3656,25670,1721,TRUE,1,5.401,0.4136607828089025,14.915746658919232,506
2026-04-30T13:14:17.576,T1,5_50_100_200_300cm.csv,837,2,0,7.444,-72.3,-103.8,-31.6,47.78,96,1649,4587,3989,34439,2008,TRUE,1,5.444,0.3845615671641791,17.15089641434263,598
2026-04-30T13:14:19.585,T1,5_50_100_200_300cm.csv,839,2,0,7.364,-71.5,-104,-32.5,41.26,88,1530,3631,3858,28802,1789,TRUE,1,5.364,0.4085992789424489,16.09949692565679,227
2026-04-30T13:14:22.616,T1,5_50_100_200_300cm.csv,842,2,0,7.612,-74.1,-104.9,-30.8,34.61,44,777,1523,1714,5778,876,TRUE,1,5.612,0.48007414272474513,6.595890410958904,191
2026-04-30T13:14:24.597,T1,5_50_100_200_300cm.csv,844,2,0,9.414,-71.4,-103.9,-32.6,41.95,88,1393,3692,3918,29246,1794,TRUE,1,7.414,0.36609724047306175,16.30211817168339,226
2026-04-30T13:14:25.585,T1,5_50_100_200_300cm.csv,845,2,0,7.322,-73.6,-103.7,-30.1,46.8,104,2721,4867,3048,31034,1996,TRUE,1,5.322,0.6875552747946936,15.548096192384769,1819
2026-04-30T13:14:28.587,T1,5_50_100_200_300cm.csv,848,2,0,7.767,-70.3,-103.7,-33.4,32.24,100,1695,3224,3813,26605,1648,TRUE,1,5.767,0.4817393775756714,16.14381067961165,589
2026-04-30T13:14:30.595,T1,5_50_100_200_300cm.csv,850,2,0,6.778,-71.7,-103.2,-31.5,48.8,92,2562,4490,3068,28243,1785,TRUE,1,4.778,0.6779571315162741,15.822408963585435,1422
2026-04-30T13:14:31.587,T1,5_50_100_200_300cm.csv,851,2,0,7.322,-70.6,-103.7,-33.1,41.48,100,2397,4148,2846,29039,1739,TRUE,1,5.322,0.6854446668573063,16.69867740080506,1302
2026-04-30T13:14:32.576,T1,5_50_100_200_300cm.csv,852,2,0,8.916,-70.4,-103.2,-32.8,36.36,84,2827,3054,3948,28070,1702,TRUE,1,6.916,0.8074835761211082,16.492361927144536,894
2026-04-30T13:14:33.596,T1,5_50_100_200_300cm.csv,853,2,0,6.731,-70.6,-103.8,-33.2,39.74,84,2162,3338,4088,31131,1803,TRUE,1,4.731,0.5822784810126582,17.26622296173045,750
2026-04-30T13:14:34.585,T1,5_50_100_200_300cm.csv,854,2,0,6.778,-71.7,-103.9,-32.2,38.46,84,942,3231,3625,22455,1588,TRUE,1,4.778,0.2747957992998833,14.14042821,394
2026-04-30T13:14:35.606,T1,5_50_100_200_300cm.csv,855,2,0,6.918,-72.3,-103.6,-31.3,51.5,84,1608,4326,3614,28371,1824,TRUE,1,4.918,0.4050377833753149,15.554276315789474,712
2026-04-30T13:14:37.586,T1,5_50_100_200_300cm.csv,857,2,0,7.795,-72.2,-104,-31.7,48.6,88,2965,4277,3409,34704,2013,TRUE,1,5.795,0.7715326567785584,17.239940387481372,868
2026-04-30T13:14:38.606,T1,5_50_100_200_300cm.csv,858,2,0,9.315,-71.4,-103.1,-31.7,50.76,92,2555,4670,3783,33232,1913,TRUE,1,7.315,0.604519106,17.37166753789859,887
2026-04-30T13:14:41.605,T1,5_50_100_200_300cm.csv,861,2,0,9.446,-72.2,-104.1,-31.9,48.47,96,2406,4653,3183,35124,2024,TRUE,1,7.446,0.6140888208269525,17.35375494071146,1470
2026-04-30T13:14:43.585,T1,5_50_100_200_300cm.csv,863,2,0,9.925,-70.4,-104.1,-33.7,28.96,104,2519,3012,4240,34739,1888,TRUE,1,7.925000000000001,0.6947049089906233,18.39989406779661,1228
2026-04-30T13:14:44.577,T1,5_50_100_200_300cm.csv,864,2,0,6.66,-71.3,-104.2,-32.9,38.33,88,1293,3373,3576,26156,1695,TRUE,1,4.66,0.3721398762411858,15.43126843657817,203
2026-04-30T13:14:45.597,T1,5_50_100_200_300cm.csv,865,2,0,6.843,-70.8,-104,-33.2,45.8,76,3382,3481,2156,27966,1718,TRUE,1,4.843,1.199929040269647,16.278230500582072,1325
2026-04-30T13:14:47.636,T1,5_50_100_200_300cm.csv,867,2,0,7.139,-70.9,-103.8,-32.9,30.31,112,2135,3395,4120,31209,1824,TRUE,1,5.139,0.5681969394544245,17.11019736842105,725
2026-04-30T13:14:48.596,T1,5_50_100_200_300cm.csv,868,2,0,6.698,-72,-103.6,-31.6,48.59,96,2892,4665,3342,34650,1993,TRUE,1,4.698,0.7223679280629449,17.385850476668338,1323
2026-04-30T13:14:51.596,T1,5_50_100_200_300cm.csv,871,2,0,7.589,-71.4,-104.8,-33.4,40.06,64,930,2564,2132,13786,1235,TRUE,1,5.589,0.39608177172061326,11.162753036437246,432
2026-04-30T13:14:52.615,T1,5_50_100_200_300cm.csv,872,2,0,7.326,-71.8,-104.6,-32.7,38.41,112,1993,4302,3339,35460,2008,TRUE,1,5.326,0.521659469,17.659362549800797,963
2026-04-30T13:19:18.769,T1,5_50_100_200_300cm.csv,1138,3,0,8.119,-73.3,-107.7,-34.4,27.3,104,1895,2839,2139,31828,1998,TRUE,1,5.119,0.7613499397348332,15.92992992992993,700
2026-04-30T13:19:20.778,T1,5_50_100_200_300cm.csv,1140,3,0,8.513,-70.6,-108.1,-37.6,23,76,888,1748,1758,18153,1374,TRUE,1,5.513,0.506560183,13.21179039,10
2026-04-30T13:19:23.776,T1,5_50_100_200_300cm.csv,1143,3,0,8.762,-76.6,-104.6,-28.1,31.64,28,1009,886,479,1568,497,TRUE,1,5.7620000000000005,1.4783882783882785,3.1549295774647885,407
2026-04-30T13:19:25.788,T1,5_50_100_200_300cm.csv,1145,3,0,10.671,-71,-103.7,-32.7,43.32,68,2727,2946,2077,18533,1410,TRUE,1,7.670999999999999,1.0858052956400557,13.143971631205673,869
2026-04-30T13:19:26.777,T1,5_50_100_200_300cm.csv,1146,3,0,9.226,-73.7,-104,-30.3,37.23,64,2512,2383,1544,11845,1238,TRUE,1,6.226000000000001,1.2793481028775147,9.567851373182553,839
2026-04-30T13:19:27.767,T1,5_50_100_200_300cm.csv,1147,3,0,8.513,-70,-101.8,-31.7,59.57,56,2877,3336,2478,16065,1270,TRUE,1,5.513,0.9896800825593395,12.649606299212598,858
2026-04-30T13:19:28.787,T1,5_50_100_200_300cm.csv,1148,3,0,7.683,-71.2,-112.7,-41.6,12.3,76,966,935,1328,25960,1679,TRUE,1,4.683,0.8537339814405657,15.461584276354973,393
2026-04-30T13:19:30.768,T1,5_50_100_200_300cm.csv,1150,3,0,8.79,-71.3,-102.4,-31.2,41.4,88,3731,3643,2540,22645,1573,TRUE,1,5.789999999999999,1.2068575125343683,14.396058486967577,1103
2026-04-30T13:19:32.807,T1,5_50_100_200_300cm.csv,1152,3,0,11.13,-69.5,-107,-37.5,27.59,56,1782,1545,1220,15383,1221,TRUE,1,8.13,1.2889692585895118,12.5986896,325
2026-04-30T13:19:36.766,T1,5_50_100_200_300cm.csv,1156,3,0,9.601,-76.6,-105.7,-29.1,35,28,281,980,900,1811,535,TRUE,1,6.601000000000001,0.29893617,3.385046728971963,80
2026-04-30T13:19:37.788,T1,5_50_100_200_300cm.csv,1157,3,0,9.521,-72.5,-102.2,-29.7,51.38,72,1904,3699,3349,16747,1412,TRUE,1,6.521000000000001,0.5402951191827469,11.860481586402265,350
2026-04-30T13:19:38.805,T1,5_50_100_200_300cm.csv,1158,3,0,8.766,-70.3,-99.7,-29.4,68.17,72,1141,4908,4780,18610,1379,TRUE,1,5.766,0.23554913294797689,13.495286439448876,128
2026-04-30T13:19:39.827,T1,5_50_100_200_300cm.csv,1159,3,0,8.588,-70.6,-104.1,-33.4,37.69,72,3309,2714,1531,21137,1487,TRUE,1,5.587999999999999,1.5590106007067137,14.214525891055818,1183
2026-04-30T13:19:40.786,T1,5_50_100_200_300cm.csv,1160,3,0,8.696,-70.6,-103.7,-33.1,38.04,72,2137,2739,2037,15242,1263,TRUE,1,5.696,0.894891122,12.068091844813935,702
2026-04-30T13:19:41.807,T1,5_50_100_200_300cm.csv,1161,3,0,10.835,-70.6,-106.8,-36.2,31.6,68,1556,2149,1628,18617,1394,TRUE,1,7.835000000000001,0.8239343394228223,13.355093256814921,521
2026-04-30T13:19:43.788,T1,5_50_100_200_300cm.csv,1163,3,0,8.954,-71.5,-113.4,-41.9,11.63,76,686,884,1298,24317,1643,TRUE,1,5.954000000000001,0.6287809349220899,14.800365185636032,414
2026-04-30T13:19:44.807,T1,5_50_100_200_300cm.csv,1164,3,0,9.611,-71.9,-101.1,-29.2,54.28,80,4173,4342,3253,22390,1599,TRUE,1,6.611000000000001,1.0988808426596446,14.002501563477173,1089
2026-04-30T13:19:45.798,T1,5_50_100_200_300cm.csv,1165,3,0,10.375,-70.6,-114,-43.4,11.07,72,590,797,1150,23292,1557,TRUE,1,7.375,0.6060606060606061,14.959537572254336,353
2026-04-30T13:19:47.776,T1,5_50_100_200_300cm.csv,1167,3,0,8.865,-74.8,-107.2,-32.4,31.75,32,653,1016,797,3294,678,TRUE,1,5.865,0.7203530060672918,4.8584070796460175,219
2026-04-30T13:19:49.815,T1,5_50_100_200_300cm.csv,1169,3,0,10.952,-71.8,-105.3,-33.5,36.57,72,2471,2633,1667,19737,1494,TRUE,1,7.952,1.1493023255813954,13.210843373493976,966
2026-04-30T13:19:50.806,T1,5_50_100_200_300cm.csv,1170,3,0,11.05,-70.5,-102.9,-32.4,41.62,80,3958,3330,1895,23945,1576,TRUE,1,8.05,1.515023923444976,15.193527918781726,1435
2026-04-30T13:19:52.786,T1,5_50_100_200_300cm.csv,1172,3,0,11.538,-69.5,-105.7,-36.2,35.34,68,1866,2403,1832,20451,1406,TRUE,1,8.538,0.8812278630460448,14.54551920341394,571
2026-04-30T13:19:54.796,T1,5_50_100_200_300cm.csv,1174,3,0,11.97,-70.4,-101.2,-30.8,54.21,72,4428,3903,2402,21894,1503,TRUE,1,8.97,1.404599524187153,14.56686626746507,1501
2026-04-30T13:19:55.787,T1,5_50_100_200_300cm.csv,1175,3,0,8.705,-70.8,-105.1,-34.3,36.84,68,2807,2505,1804,22455,1542,TRUE,1,5.705,1.3028544906010675,14.562256809338521,701
2026-04-30T13:19:56.805,T1,5_50_100_200_300cm.csv,1176,3,0,8.973,-70.9,-106.5,-35.6,24.44,68,2340,1662,1244,17176,1353,TRUE,1,5.973000000000001,1.610461114934618,12.694752402069476,418
2026-04-30T13:19:57.796,T1,5_50_100_200_300cm.csv,1177,3,0,8.518,-71.2,-103.3,-32.1,40.71,76,2916,3094,2072,18542,1421,TRUE,1,5.518000000000001,1.1289198606271778,13.048557353976074,1022
2026-04-30T13:19:59.835,T1,5_50_100_200_300cm.csv,1179,3,0,8.827,-70.7,-108,-37.3,30.3,64,1482,1939,1336,19348,1426,TRUE,1,5.827,0.9050381679389313,13.568022440392706,603
2026-04-30T13:20:10.816,T1,5_50_100_200_300cm.csv,1190,3,0,8.414,-70.8,-106.3,-35.5,28.55,76,2337,2170,1355,20431,1470,TRUE,1,5.414,1.3259574468085107,13.898639455782313,815
2026-04-30T13:20:11.807,T1,5_50_100_200_300cm.csv,1191,3,0,7.95,-76.8,-113.8,-37,15.86,72,699,1142,882,16163,1610,TRUE,1,4.95,0.6907114624505929,10.039130434782608,260
2026-04-30T13:20:12.825,T1,5_50_100_200_300cm.csv,1192,3,0,9.962,-70.5,-107.7,-37.1,24.8,76,1690,1885,1453,20107,1444,TRUE,1,6.962,1.0125823846614739,13.924515235457063,432
2026-04-30T13:20:13.817,T1,5_50_100_200_300cm.csv,1193,3,0,7.96,-70.8,-112.6,-41.8,13.54,76,940,1029,1338,27076,1693,TRUE,1,4.96,0.7942543303760033,15.99291199054932,309
2026-04-30T13:20:18.827,T1,5_50_100_200_300cm.csv,1198,3,0,11.079,-70.4,-103.5,-33,36.38,88,3247,3201,2374,23853,1567,TRUE,1,8.079,1.1648430493273543,15.22208040842374,827
2026-04-30T13:20:21.825,T1,5_50_100_200_300cm.csv,1201,3,0,8.823,-71.9,-113.9,-42,14.91,76,635,1133,771,20497,1531,TRUE,1,5.823,0.667016807,13.387981711299805,362
2026-04-30T13:20:22.814,T1,5_50_100_200_300cm.csv,1202,3,0,8.982,-70.7,-106.8,-36.1,24.76,76,1885,1882,1570,18398,1390,TRUE,1,5.981999999999999,1.0921205098493627,13.235971223021583,312
2026-04-30T13:20:23.806,T1,5_50_100_200_300cm.csv,1203,3,0,8.565,-70.7,-109.8,-39.1,19.7,80,1160,1576,1283,20954,1484,TRUE,1,5.5649999999999995,0.8114725428471493,14.119946091644206,293
2026-04-30T13:20:25.817,T1,5_50_100_200_300cm.csv,1205,3,0,7.988,-70.5,-113,-42.4,17.31,80,756,1385,944,27062,1677,TRUE,1,4.988,0.6492056676685273,16.13714967203339,441
2026-04-30T13:20:28.815,T1,5_50_100_200_300cm.csv,1208,3,0,11.163,-70.3,-104.9,-34.6,28.03,88,2644,2467,1993,21655,1486,TRUE,1,8.163,1.1856502242152467,14.572678331090176,474
2026-04-30T13:20:30.825,T1,5_50_100_200_300cm.csv,1210,3,0,8.959,-70.7,-101.1,-30.3,44.01,96,3867,4225,2852,20834,1481,TRUE,1,5.959,1.092835947435354,14.067521944632006,1373
2026-04-30T13:20:42.824,T1,5_50_100_200_300cm.csv,1222,3,0,9.16,-70.7,-113.4,-42.6,17.24,72,542,1241,996,24409,1603,TRUE,1,6.16,0.4845775592311131,15.22707423580786,245
2026-04-30T13:20:43.845,T1,5_50_100_200_300cm.csv,1223,3,0,8.203,-70.9,-113.1,-42.3,13.92,72,510,1002,1279,23637,1585,TRUE,1,5.202999999999999,0.4471722928540114,14.912933753943218,277
2026-04-30T13:20:44.834,T1,5_50_100_200_300cm.csv,1224,3,0,13.1,-70.1,-100.8,-30.8,15,68,5772,1020,1562,18667,1370,TRUE,1,10.1,4.470952749806352,13.625547445255474,542
2026-04-30T13:20:45.825,T1,5_50_100_200_300cm.csv,1225,3,0,8.973,-71,-104.5,-33.5,29.71,80,2853,2377,2286,20912,1499,TRUE,1,5.973000000000001,1.2236757452283937,13.950633755837226,91
2026-04-30T13:20:47.833,T1,5_50_100_200_300cm.csv,1227,3,0,9.184,-71,-104.4,-33.5,31.8,84,1744,2671,3253,22580,1555,TRUE,1,6.183999999999999,0.5887913571910871,14.520900321543408,582
2026-04-30T13:20:49.875,T1,5_50_100_200_300cm.csv,1229,3,0,8.907,-69.9,-107.9,-38,29.06,72,1600,2092,1721,25698,1600,TRUE,1,5.907,0.8392341987936008,16.06125,371
2026-04-30T13:20:50.836,T1,5_50_100_200_300cm.csv,1230,3,0,11.238,-70.8,-104.2,-33.4,35.68,76,2018,2712,2549,18549,1399,TRUE,1,8.238,0.767154533,13.258756254467476,163
2026-04-30T13:20:52.845,T1,5_50_100_200_300cm.csv,1232,3,0,9.221,-70.9,-109.4,-38.5,18.35,88,1738,1615,1223,24437,1613,TRUE,1,6.221,1.2248062015503876,15.150030998140112,392
2026-04-30T13:20:53.865,T1,5_50_100_200_300cm.csv,1233,3,0,9.54,-70.7,-104.4,-33.7,38.75,76,871,2945,3292,22409,1537,TRUE,1,6.539999999999999,0.2793009459676126,14.579700715679897,347
2026-04-30T13:20:56.835,T1,5_50_100_200_300cm.csv,1236,3,0,11.079,-70.4,-104.8,-34.4,44.31,64,1565,2836,2074,18308,1374,TRUE,1,8.079,0.6374745417515275,13.324599708879186,762
2026-04-30T13:20:58.845,T1,5_50_100_200_300cm.csv,1238,3,0,8.658,-70,-105,-35.1,38.13,60,2914,2288,1549,21501,1465,TRUE,1,5.6579999999999995,1.5188949700286682,14.676450511945392,739
2026-04-30T13:20:59.835,T1,5_50_100_200_300cm.csv,1239,3,0,10.239,-73.6,-106.7,-33.2,27.27,40,848,1091,830,4001,716,TRUE,1,7.239000000000001,0.8828735033836543,5.587988826815643,261
2026-04-30T13:21:03.823,T1,5_50_100_200_300cm.csv,1243,3,0,9.17,-69.9,-107.3,-37.4,25.62,72,1791,1845,1356,19102,1379,TRUE,1,6.17,1.1190253045923149,13.852066715010878,489
2026-04-30T13:21:04.844,T1,5_50_100_200_300cm.csv,1244,3,0,8.785,-70.9,-106.1,-35.3,33.5,76,1949,2546,1755,21709,1520,TRUE,1,5.785,0.9063008602650546,14.282236842105263,791
2026-04-30T13:21:05.835,T1,5_50_100_200_300cm.csv,1245,3,0,9.634,-70.3,-107.9,-37.7,23.37,68,1831,1589,1180,18610,1379,TRUE,1,6.634,1.3224990971469845,13.495286439448876,409
2026-04-30T13:21:06.856,T1,5_50_100_200_300cm.csv,1246,3,0,8.583,-70.1,-109.4,-39.3,23.55,56,1523,1319,959,18084,1351,TRUE,1,5.583,1.3371378402107112,13.385640266469283,360
2026-04-30T13:21:07.845,T1,5_50_100_200_300cm.csv,1247,3,0,11.576,-70.5,-109.6,-39.1,18.12,88,1580,1595,1096,22948,1543,TRUE,1,8.576,1.1742846525455222,14.872326636422553,499
2026-04-30T13:21:08.834,T1,5_50_100_200_300cm.csv,1248,3,0,9.057,-71,-108,-36.9,20.61,88,1864,1814,1682,23467,1589,TRUE,1,6.057,1.0663615560640731,14.768407803650094,132
2026-04-30T13:21:09.824,T1,5_50_100_200_300cm.csv,1249,3,0,9.188,-70.1,-104.1,-34,35.6,92,1552,3275,2440,20564,1442,TRUE,1,6.188000000000001,0.5431321084864392,14.260748959778086,835
2026-04-30T13:21:11.833,T1,5_50_100_200_300cm.csv,1251,3,0,8.396,-69.6,-107.1,-37.5,27.96,80,2176,2237,1438,26365,1602,TRUE,1,5.396000000000001,1.184217687,16.457553058676655,799
2026-04-30T13:21:13.844,T1,5_50_100_200_300cm.csv,1253,3,0,9.948,-69.8,-102.1,-32.3,17.72,88,5172,1559,1938,22837,1502,TRUE,1,6.948,2.9579639691163853,15.20439414114514,379
2026-04-30T13:21:15.854,T1,5_50_100_200_300cm.csv,1255,3,0,11.899,-70.6,-101.8,-31.2,48.86,72,4303,3518,2397,22249,1525,TRUE,1,8.899,1.4549450549450549,14.589508196721312,1121
2026-04-30T13:21:16.845,T1,5_50_100_200_300cm.csv,1256,3,0,8.4,-70.4,-114,-43.6,14.1,72,462,1015,1172,27037,1669,TRUE,1,5.4,0.4224965706447188,16.199520671060515,157
2026-04-30T13:21:17.835,T1,5_50_100_200_300cm.csv,1257,3,0,10.553,-90,-109.6,-19.6,15.92,12,197,191,152,69,194,TRUE,1,7.553000000000001,1.1486880466472302,0.3556701030927835,39
2026-04-30T13:21:18.855,T1,5_50_100_200_300cm.csv,1258,3,0,12.021,-71.2,-106.9,-35.6,21.56,104,2881,2242,1556,29381,1790,TRUE,1,9.021,1.517114270668773,16.413966480446927,686
2026-04-30T13:21:19.842,T1,5_50_100_200_300cm.csv,1259,3,0,8.447,-70.4,-110.3,-39.8,20.97,92,385,1929,1693,29087,1731,TRUE,1,5.446999999999999,0.21258972943125345,16.803581744656267,236
2026-04-30T13:21:20.835,T1,5_50_100_200_300cm.csv,1260,3,0,10.014,-74.4,-109.9,-35.4,20.14,44,676,886,761,5452,861,TRUE,1,7.013999999999999,0.8208864602307225,6.332171893147503,125
2026-04-30T13:21:24.855,T1,5_50_100_200_300cm.csv,1264,3,0,7.997,-70.3,-113.4,-43,13.95,84,533,1172,1253,28681,1715,TRUE,1,4.997,0.4395876288659794,16.723615160349855,81
2026-04-30T13:21:25.843,T1,5_50_100_200_300cm.csv,1265,3,0,8.719,-70.1,-108.2,-38,14.65,84,1452,1231,2174,22820,1519,TRUE,1,5.718999999999999,0.852863436,15.023041474654377,943
2026-04-30T13:21:27.853,T1,5_50_100_200_300cm.csv,1267,3,0,9.981,-69.7,-108.3,-38.6,24.47,76,1657,1860,1347,23172,1510,TRUE,1,6.981,1.033364515123168,15.345695364238411,513
2026-04-30T13:21:28.873,T1,5_50_100_200_300cm.csv,1268,3,0,9.066,-69.8,-108,-38.1,21.88,72,1787,1575,1059,18095,1339,TRUE,1,6.066000000000001,1.3568716780561882,13.513816280806573,516
2026-04-30T13:21:29.865,T1,5_50_100_200_300cm.csv,1269,3,0,9.381,-69.9,-107.7,-37.8,24.97,72,1709,1798,1324,19509,1392,TRUE,1,6.381,1.0948110185778348,14.015086206896552,474
2026-04-30T13:21:32.865,T1,5_50_100_200_300cm.csv,1272,3,0,9.038,-69.5,-108.5,-39,17.39,92,2032,1600,1133,24296,1531,TRUE,1,6.038,1.487010611050128,15.869366427171784,467
2026-04-30T13:21:34.903,T1,5_50_100_200_300cm.csv,1274,3,0,8.611,-69.8,-108.1,-38.4,28.33,64,1295,1813,1455,19635,1392,TRUE,1,5.611000000000001,0.7925336597307222,14.105603448275861,358
2026-04-30T13:21:35.863,T1,5_50_100_200_300cm.csv,1275,3,0,8.307,-69.6,-114.2,-44.6,10.75,64,704,688,1098,24754,1553,TRUE,1,5.307,0.7883538633818589,15.93947198969736,410
2026-04-30T13:21:36.854,T1,5_50_100_200_300cm.csv,1276,3,0,8.771,-69.5,-107.5,-38,21.99,72,1973,1583,1165,19056,1358,TRUE,1,5.771000000000001,1.4359534206695779,14.03240058910162,418
2026-04-30T13:21:37.872,T1,5_50_100_200_300cm.csv,1277,3,0,10.192,-73.8,-110.6,-36.8,21.38,40,528,855,709,5618,854,TRUE,1,7.192,0.6751918158567775,6.578454332552694,146
2026-04-30T13:21:47.862,T1,5_50_100_200_300cm.csv,1287,3,0,10.042,-74.4,-109.1,-34.7,24.86,36,934,895,621,5155,837,TRUE,1,7.042,1.2321899736147757,6.158900836320191,274
2026-04-30T13:21:53.862,T1,5_50_100_200_300cm.csv,1293,3,0,8.738,-70.4,-105.1,-34.8,32.59,68,2749,2216,1427,19354,1409,TRUE,1,5.7379999999999995,1.5091957178149877,13.735982966643009,789
2026-04-30T13:21:54.854,T1,5_50_100_200_300cm.csv,1294,3,0,10.558,,-103.2,,35.5,8,161,284,175,0,110,FALSE,1,7.558,0.7015250544662309,0,109
2026-04-30T13:21:57.852,T1,5_50_100_200_300cm.csv,1297,3,0,8.813,-69.2,-109.8,-40.6,11,84,1311,924,1683,22688,1467,TRUE,1,5.813000000000001,1.005753739930955,15.465576005453306,759
2026-04-30T13:21:58.871,T1,5_50_100_200_300cm.csv,1298,3,0,9.062,-69.3,-110.5,-41.2,19.51,72,1052,1405,1119,21320,1425,TRUE,1,6.061999999999999,0.8335974643423137,14.96140350877193,286
2026-04-30T13:22:06.883,T1,5_50_100_200_300cm.csv,1306,3,0,7.856,-71.5,-113.4,-41.9,19.16,56,554,1073,719,16475,1352,TRUE,1,4.856,0.6183035714285714,12.185650887573965,354
2026-04-30T13:22:08.861,T1,5_50_100_200_300cm.csv,1308,3,0,9.17,-71.5,-106.7,-35.2,28.33,72,2474,2040,1450,21898,1557,TRUE,1,6.17,1.4177650429799427,14.06422607578677,590
2026-04-30T13:22:09.881,T1,5_50_100_200_300cm.csv,1309,3,0,7.969,-70.7,-112.8,-42.1,17.1,80,550,1368,1067,25459,1636,TRUE,1,4.969,0.4517453798767967,15.561735941320293,301
2026-04-30T13:22:12.941,T1,5_50_100_200_300cm.csv,1312,3,0,11.684,-71,-112.7,-41.7,17.12,68,491,1164,1126,20761,1492,TRUE,1,8.684,0.42882096069868997,13.914879356568365,38
2026-04-30T13:22:14.893,T1,5_50_100_200_300cm.csv,1314,3,0,10.929,-71.5,-105,-33.4,33.4,80,2486,2672,1780,19429,1471,TRUE,1,7.929,1.1168014375561546,13.208021753908906,892
2026-04-30T13:22:15.881,T1,5_50_100_200_300cm.csv,1315,3,0,9.127,-70.6,-101,-30.4,55.35,80,3847,4428,3107,22430,1530,TRUE,1,6.127000000000001,1.0211015262110152,14.660130718954248,1321
2026-04-30T13:22:17.892,T1,5_50_100_200_300cm.csv,1317,3,0,8.241,-70.7,-113,-42.3,12.63,76,384,960,1300,21928,1516,TRUE,1,5.241,0.3398230088495575,14.464379947229551,340
2026-04-30T13:22:20.891,T1,5_50_100_200_300cm.csv,1320,3,0,8.414,-72.2,-112.3,-40.1,20.45,76,996,1554,994,26995,1774,TRUE,1,5.414,0.7817896389324961,15.217023675310033,560
2026-04-30T13:22:21.882,T1,5_50_100_200_300cm.csv,1321,3,0,8.349,-71.7,-112.5,-40.9,17.1,80,1011,1368,867,24387,1655,TRUE,1,5.349,0.9046979865771813,14.735347432024168,501
2026-04-30T13:22:22.872,T1,5_50_100_200_300cm.csv,1322,3,0,8.48,-71.1,-113.2,-42.1,23.25,60,744,1395,1076,29522,1784,TRUE,1,5.48,0.6021853500607042,16.548206278026907,319
2026-04-30T13:22:23.892,T1,5_50_100_200_300cm.csv,1323,3,0,8.977,-71.1,-104.9,-33.9,23.78,72,3278,1712,1731,20267,1479,TRUE,1,5.977,1.904153354632588,13.703177822853279,19
2026-04-30T13:22:25.903,T1,5_50_100_200_300cm.csv,1325,3,0,11.294,-71.2,-113.3,-42.1,13.83,72,450,996,1272,23210,1587,TRUE,1,8.294,0.3968253968253968,14.625078764965343,276
2026-04-30T13:22:26.893,T1,5_50_100_200_300cm.csv,1326,3,0,9.235,-71.3,-102.8,-31.4,42.5,84,2484,3570,3310,21583,1539,TRUE,1,6.234999999999999,0.7220930232558139,14.024041585445094,260
2026-04-30T13:22:29.891,T1,5_50_100_200_300cm.csv,1329,3,0,11.899,-70.6,-107.6,-37,25.26,80,1880,2021,1551,23227,1555,TRUE,1,8.899,1.0526315789473684,14.936977491961414,470
2026-04-30T13:22:30.883,T1,5_50_100_200_300cm.csv,1330,3,0,8.944,-69.8,-103.7,-33.9,40.9,84,2916,3436,2471,26526,1618,TRUE,1,5.944000000000001,0.9873031995937024,16.394313967861557,965
2026-04-30T13:22:31.901,T1,5_50_100_200_300cm.csv,1331,3,0,10.183,-72.4,-105.9,-33.5,32.42,64,1774,2075,1522,13391,1257,TRUE,1,7.183,0.9863775368362524,10.653142402545743,553
2026-04-30T13:22:32.893,T1,5_50_100_200_300cm.csv,1332,3,0,9.437,-74.6,-113.2,-38.6,16.31,48,419,783,592,7281,1000,TRUE,1,6.436999999999999,0.6094545454545455,7.281,191
2026-04-30T13:22:33.913,T1,5_50_100_200_300cm.csv,1333,3,0,12.003,-71.2,-107.4,-36.2,30.57,72,1106,2201,1980,21221,1519,TRUE,1,9.003,0.5290600334848122,13.970375246872942,221
2026-04-30T13:22:35.892,T1,5_50_100_200_300cm.csv,1335,3,0,10.126,-75.9,-108.5,-32.6,25.61,28,93,717,691,1991,548,TRUE,1,7.1259999999999994,0.13210227272727273,3.633211678832117,26
2026-04-30T13:22:37.933,T1,5_50_100_200_300cm.csv,1337,3,0,11.777,-70.7,-104.9,-34.2,33.53,92,2037,3085,2264,23214,1562,TRUE,1,8.777,0.7616376892877174,14.861715749039693,821
2026-04-30T13:28:00.090,T1,5_50_100_200_300cm.csv,1659,0.5,0,6.491,-77.3,-91.1,-13.8,148.5,16,1750,2376,1491,358,244,TRUE,1,5.991,0.9050943884147918,1.4672131147540983,885
2026-04-30T13:28:01.081,T1,5_50_100_200_300cm.csv,1660,0.5,0,5.793,-64,-87,-23,138.29,128,12766,17701,14449,25562,1301,TRUE,1,5.293,0.7941524105754277,19.647963105303614,3252
2026-04-30T13:28:02.102,T1,5_50_100_200_300cm.csv,1661,0.5,0,8.658,-63.9,-87.5,-23.7,161.6,108,12833,17453,14514,26599,1321,TRUE,1,8.158,0.8028904808083336,20.13550340651022,2939
2026-04-30T13:28:04.112,T1,5_50_100_200_300cm.csv,1663,0.5,0,5.37,-63.9,-86.9,-23,120.06,104,10606,12486,16564,20226,1153,TRUE,1,4.87,0.7301893287435456,17.54206418039896,4078
2026-04-30T13:28:05.102,T1,5_50_100_200_300cm.csv,1664,0.5,0,8.757,-64,-85.9,-21.9,175.05,96,10770,16805,14368,20906,1178,TRUE,1,8.257,0.6909825810797806,17.74702886247878,2437
2026-04-30T13:28:08.102,T1,5_50_100_200_300cm.csv,1667,0.5,0,5.816,-63.4,-85.6,-22.2,183.27,88,11488,16128,15680,22527,1197,TRUE,1,5.316,0.7223340040241448,18.81954887218045,448
2026-04-30T13:28:10.111,T1,5_50_100_200_300cm.csv,1669,0.5,0,7.856,-63.9,-87.5,-23.6,125.85,124,12121,15606,14524,23370,1241,TRUE,1,7.356,0.8045801526717558,18.831587429492345,1082
2026-04-30T13:28:11.100,T1,5_50_100_200_300cm.csv,1670,0.5,0,5.3,-63.5,-86.4,-22.8,172.46,100,12152,17246,11310,21131,1164,TRUE,1,4.8,0.8510995937806416,18.153780068728523,5936
2026-04-30T13:28:12.120,T1,5_50_100_200_300cm.csv,1671,0.5,0,7.439,-63.8,-87.5,-23.6,142.27,124,13120,17641,14670,27297,1335,TRUE,1,6.939,0.812107332,20.447191011235955,2971
2026-04-30T13:28:13.112,T1,5_50_100_200_300cm.csv,1672,0.5,0,6.008,-63.6,-84.6,-21,182.75,84,12692,15351,17570,22953,1215,TRUE,1,5.508,0.7710579873029373,18.891358024691357,2219
2026-04-30T13:28:16.112,T1,5_50_100_200_300cm.csv,1675,0.5,0,5.779,-64.1,-85.4,-21.3,180.87,92,11581,16640,16263,22435,1223,TRUE,1,5.279,0.7039479682703704,18.344235486508584,377
2026-04-30T13:28:20.102,T1,5_50_100_200_300cm.csv,1679,0.5,0,5.549,-63.2,-87,-23.8,134.95,112,9881,15114,15403,22185,1179,TRUE,1,5.049,0.6475734836320739,18.81679389312977,289
2026-04-30T13:28:21.182,T1,5_50_100_200_300cm.csv,1680,0.5,0,5.474,-63.6,-86.8,-23.2,171.36,96,10006,16451,11692,19256,1114,TRUE,1,4.974,0.7110826848594677,17.285457809694794,4759
2026-04-30T13:28:22.110,T1,5_50_100_200_300cm.csv,1681,0.5,0,5.872,-63.6,-87.4,-23.8,140.42,108,11617,15165,14633,22819,1212,TRUE,1,5.372,0.7797167595140614,18.827557755775576,532
2026-04-30T13:28:23.130,T1,5_50_100_200_300cm.csv,1682,0.5,0,5.821,-64.1,-87.2,-23.1,176.36,108,14610,19047,11763,26891,1338,TRUE,1,5.321,0.9483933787731256,20.097907324364723,7284
2026-04-30T13:28:25.140,T1,5_50_100_200_300cm.csv,1684,0.5,0,5.431,-63.8,-84.8,-20.9,131.77,112,13756,14758,18115,23842,1249,TRUE,1,4.931,0.836917835,19.0888711,3357
2026-04-30T13:28:26.131,T1,5_50_100_200_300cm.csv,1685,0.5,0,5.342,-63.7,-88.1,-24.5,162.11,104,15169,16859,11163,27019,1321,TRUE,1,4.842,1.0826493469416887,20.45344436033308,5696
2026-04-30T13:28:27.120,T1,5_50_100_200_300cm.csv,1686,0.5,0,5.521,-63.8,-86.5,-22.7,198.07,84,10236,16638,12538,19686,1134,TRUE,1,5.021,0.7016726076227036,17.35978835978836,4100
2026-04-30T13:28:28.114,T1,5_50_100_200_300cm.csv,1687,0.5,0,6.215,-63.6,-85.6,-21.9,164.77,104,12022,17136,15801,23891,1242,TRUE,1,5.715,0.729999696,19.235909822866343,1335
2026-04-30T13:28:32.130,T1,5_50_100_200_300cm.csv,1691,0.5,0,5.582,-64.2,-87.1,-22.9,181.53,96,11338,17427,14649,24040,1270,TRUE,1,5.082,0.7069460032422995,18.929133858267715,2778
2026-04-30T13:28:33.120,T1,5_50_100_200_300cm.csv,1692,0.5,0,5.98,-63.6,-85.5,-21.9,169.01,92,11971,15549,16245,22498,1204,TRUE,1,5.48,0.7530351638673963,18.686046511627907,696
2026-04-30T13:28:34.139,T1,5_50_100_200_300cm.csv,1693,0.5,0,7.856,-63,-85.7,-22.7,194.12,88,11654,17083,15596,24584,1231,TRUE,1,7.356,0.713240919,19.970755483346874,1487
2026-04-30T13:28:40.169,T1,5_50_100_200_300cm.csv,1699,0.5,0,7.49,-63.5,-86.5,-23,181.56,96,12805,17430,12517,23255,1220,TRUE,1,6.99,0.8551774802150466,19.061475409836067,4913
2026-04-30T13:28:42.120,T1,5_50_100_200_300cm.csv,1701,0.5,0,7.931,-63.8,-84.9,-21.1,177.29,96,11749,17020,16758,23146,1230,TRUE,1,7.431,0.695659897,18.817886178861787,262
2026-04-30T13:28:43.109,T1,5_50_100_200_300cm.csv,1702,0.5,0,5.277,-63.8,-85.5,-21.7,154.67,108,11719,16704,15572,22488,1211,TRUE,1,4.777,0.726174247,18.569777043765484,1132
2026-04-30T13:28:45.121,T1,5_50_100_200_300cm.csv,1704,0.5,0,5.253,-64,-84.8,-20.8,139.8,104,15392,14539,18763,25670,1303,TRUE,1,4.753,0.9243889255900547,19.70069071373753,4224
2026-04-30T13:28:46.171,T1,5_50_100_200_300cm.csv,1705,0.5,0,5.933,-63.5,-86.4,-22.9,191.89,92,12734,17654,10751,21927,1184,TRUE,1,5.433,0.8966027107903538,18.519425675675677,6903
2026-04-30T13:28:47.160,T1,5_50_100_200_300cm.csv,1706,0.5,0,7.814,-63.8,-86.6,-22.8,181.29,92,12347,16679,10291,19765,1135,TRUE,1,7.314,0.9156099369670003,17.41409691629956,6388
2026-04-30T13:28:48.151,T1,5_50_100_200_300cm.csv,1707,0.5,0,7.805,-63.4,-85.2,-21.7,189.45,92,11413,17429,14819,22395,1194,TRUE,1,7.305,0.7078268419746961,18.756281407035175,2610
2026-04-30T13:28:50.159,T1,5_50_100_200_300cm.csv,1709,0.5,0,6.051,-63.7,-88.1,-24.3,155.52,116,16929,18040,10652,30052,1397,TRUE,1,5.551,1.1800501882057717,21.511811023622048,7388
2026-04-30T13:28:51.121,T1,5_50_100_200_300cm.csv,1710,0.5,0,5.37,-63.6,-85,-21.4,191.98,88,11339,16894,14580,20952,1162,TRUE,1,4.87,0.7205312321281058,18.030981067125644,2314
2026-04-30T13:28:52.141,T1,5_50_100_200_300cm.csv,1711,0.5,0,5.394,-63.7,-87.5,-23.8,175.18,100,13792,17518,12746,25982,1297,TRUE,1,4.894,0.9114459423737774,20.032382420971473,4772
2026-04-30T13:28:53.161,T1,5_50_100_200_300cm.csv,1712,0.5,0,6.172,-66.3,-88.1,-21.8,184.96,76,10026,14057,13892,17076,1149,TRUE,1,5.672,0.7174496404164729,14.861618798955613,165
2026-04-30T13:28:54.119,T1,5_50_100_200_300cm.csv,1713,0.5,0,5.797,-63.8,-87.1,-23.3,173,104,12744,17992,14146,26248,1307,TRUE,1,5.297,0.7930798431763022,20.082631981637338,3846
2026-04-30T13:28:55.138,T1,5_50_100_200_300cm.csv,1714,0.5,0,5.356,-63.5,-86.8,-23.3,181.18,96,13711,17393,12022,24225,1244,TRUE,1,4.856,0.932245453,19.473472668810288,5371
2026-04-30T13:28:57.151,T1,5_50_100_200_300cm.csv,1716,0.5,0,5.736,-63.8,-87.5,-23.7,171.55,100,13328,17155,13981,26217,1308,TRUE,1,5.236,0.8561151079136691,20.043577981651374,3174
2026-04-30T13:28:58.139,T1,5_50_100_200_300cm.csv,1717,0.5,0,5.441,-63.7,-85.9,-22.1,195.22,88,11553,17179,11980,20120,1143,TRUE,1,4.941,0.7924140059672828,17.602799650043746,5199
2026-04-30T13:28:59.159,T1,5_50_100_200_300cm.csv,1718,0.5,0,7.444,-64,-87.6,-23.6,170.26,112,14544,19069,12701,28649,1377,TRUE,1,6.944,0.9155807365439094,20.80537400145243,6368
2026-04-30T13:29:00.149,T1,5_50_100_200_300cm.csv,1719,0.5,0,5.783,-63.6,-84.5,-21,153.53,92,13680,14125,17924,23008,1215,TRUE,1,5.283,0.8536927829261444,18.936625514403293,3799
2026-04-30T13:29:02.160,T1,5_50_100_200_300cm.csv,1721,0.5,0,6.548,-63.6,-84.5,-20.9,162.57,88,13088,14306,17458,21955,1188,TRUE,1,6.048,0.8240775720941946,18.48063973063973,3152
2026-04-30T13:29:03.150,T1,5_50_100_200_300cm.csv,1722,0.5,0,6.867,-66.2,-88.2,-21.9,171.3,88,10003,15074,11442,16356,1123,TRUE,1,6.367,0.7544878563885956,14.564559216384684,3632
2026-04-30T13:29:06.148,T1,5_50_100_200_300cm.csv,1725,0.5,0,6.008,-63.3,-86.6,-23.3,192.77,88,12712,16964,10431,21257,1159,TRUE,1,5.508,0.9280525643365578,18.340811044003452,6533
2026-04-30T13:29:07.168,T1,5_50_100_200_300cm.csv,1726,0.5,0,7.43,-63.5,-86.4,-22.9,166.25,100,11094,16625,13918,22033,1185,TRUE,1,6.93,0.726451233,18.59324894514768,2707
2026-04-30T13:29:08.160,T1,5_50_100_200_300cm.csv,1727,0.5,0,5.455,-64.3,-85.6,-21.3,172.46,96,12450,16556,16993,23807,1269,TRUE,1,4.955,0.7421979790753823,18.760441292356187,437
2026-04-30T13:29:09.179,T1,5_50_100_200_300cm.csv,1728,0.5,0,5.436,-61.4,-86.7,-25.3,123.97,108,10168,13389,12890,19622,1041,TRUE,1,4.936,0.7738498420792268,18.84918347742555,499
2026-04-30T13:29:12.148,T1,5_50_100_200_300cm.csv,1731,0.5,0,5.506,-64.1,-86.6,-22.6,162.91,96,11954,15639,15151,22378,1220,TRUE,1,5.006,0.7764858720363754,18.34262295081967,488
2026-04-30T13:29:13.140,T1,5_50_100_200_300cm.csv,1732,0.5,0,5.216,-64.2,-87.4,-23.2,184.01,88,12219,16193,14409,23423,1254,TRUE,1,4.716,0.7985752565191817,18.678628389154706,1784
2026-04-30T13:29:16.170,T1,5_50_100_200_300cm.csv,1735,0.5,0,5.258,-64,-87.1,-23.1,169.82,100,11520,16982,10276,19796,1144,TRUE,1,4.758,0.8452564384767774,17.304195804195803,6706
2026-04-30T13:29:17.158,T1,5_50_100_200_300cm.csv,1736,0.5,0,5.281,-63.8,-87.4,-23.6,155.83,112,10502,17453,14658,24527,1265,TRUE,1,4.781,0.65410607,19.38893280632411,2795
2026-04-30T13:29:19.169,T1,5_50_100_200_300cm.csv,1738,0.5,0,5.253,-64.2,-87.4,-23.2,155.2,108,12838,16762,15019,25476,1305,TRUE,1,4.753,0.8079040936408546,19.52183908045977,1743
2026-04-30T13:29:20.158,T1,5_50_100_200_300cm.csv,1739,0.5,0,6.871,-68.2,-88.7,-20.6,157.02,64,6723,10049,8259,7605,819,TRUE,1,6.371,0.734433035,9.285714285714286,1790
2026-04-30T13:29:22.169,T1,5_50_100_200_300cm.csv,1741,0.5,0,8.016,-63.8,-86.9,-23.1,164.29,112,13990,18401,10716,24481,1264,TRUE,1,7.516,0.9609506473881237,19.367879746835442,7685
2026-04-30T13:29:24.179,T1,5_50_100_200_300cm.csv,1743,0.5,0,5.422,-63.5,-87.2,-23.7,162.3,112,14098,18178,13144,27585,1328,TRUE,1,4.922,0.9001979439371688,20.77183734939759,5034
2026-04-30T13:29:25.170,T1,5_50_100_200_300cm.csv,1744,0.5,0,7.983,-63.6,-85.7,-22.1,162.03,104,12633,16851,16960,25683,1284,TRUE,1,7.483,0.7472715980006507,20.002336448598133,109
2026-04-30T13:29:26.159,T1,5_50_100_200_300cm.csv,1745,0.5,0,6.82,-67.6,-88.4,-20.8,120.89,72,7122,8704,10383,8035,825,TRUE,1,6.32,0.7462670927856656,9.739393939,1679
2026-04-30T13:29:29.187,T1,5_50_100_200_300cm.csv,1748,0.5,0,5.422,-63.9,-87.2,-23.2,164.37,100,11068,16437,15518,24070,1259,TRUE,1,4.922,0.692724143,19.118347895154884,919
2026-04-30T13:29:32.189,T1,5_50_100_200_300cm.csv,1751,0.5,0,5.366,-63.2,-85.9,-22.7,172.07,100,11646,17207,15003,23959,1226,TRUE,1,4.866,0.7231294628997206,19.542414355628058,2204
2026-04-30T13:29:33.179,T1,5_50_100_200_300cm.csv,1752,0.5,0,6.384,-77.7,-90.8,-13.1,141.9,20,2002,2838,2432,535,302,TRUE,1,5.884,0.7597722960151803,1.771523178807947,406
2026-04-30T13:29:34.168,T1,5_50_100_200_300cm.csv,1753,0.5,0,5.225,-63.6,-86.3,-22.7,142.98,92,11753,13154,16487,21308,1171,TRUE,1,4.725,0.7930231773556897,18.196413321947055,3333
2026-04-30T13:29:35.188,T1,5_50_100_200_300cm.csv,1754,0.5,0,5.352,-63.1,-86.4,-23.3,152.96,100,11351,15296,14766,22196,1173,TRUE,1,4.852,0.755172643,18.92242114236999,530
2026-04-30T13:29:36.178,T1,5_50_100_200_300cm.csv,1755,0.5,0,5.248,-64.1,-88,-24,154.71,116,14101,17946,14320,29164,1392,TRUE,1,4.748,0.8740469844418273,20.951149425287355,3626
2026-04-30T13:29:38.188,T1,5_50_100_200_300cm.csv,1757,0.5,0,5.361,-64.1,-87,-22.9,190.65,100,13914,19065,13259,27231,1345,TRUE,1,4.861,0.8609083034277936,20.246096654275092,5806
2026-04-30T13:29:39.179,T1,5_50_100_200_300cm.csv,1758,0.5,0,6.496,-64.3,-86.7,-22.4,176.46,96,12626,16940,15147,24217,1278,TRUE,1,5.996,0.7869853834886402,18.949139280125195,1793
2026-04-30T13:29:40.169,T1,5_50_100_200_300cm.csv,1759,0.5,0,7.373,-64,-86.5,-22.6,200.9,84,12819,16876,9596,19614,1138,TRUE,1,6.873,0.9684950135992747,17.235500878734623,7280
2026-04-30T13:29:42.178,T1,5_50_100_200_300cm.csv,1761,0.5,0,5.234,-63.5,-87.3,-23.9,172.27,96,11300,16538,10543,20329,1139,TRUE,1,4.734,0.8345334367268564,17.84811237928007,5995
2026-04-30T13:29:43.170,T1,5_50_100_200_300cm.csv,1762,0.5,0,6.398,,-106.6,,17.12,8,113,137,107,0,91,FALSE,1,5.898,0.9262295081967213,0,30
2026-04-30T13:29:45.177,T1,5_50_100_200_300cm.csv,1764,0.5,0,7.894,-62.6,-87.1,-24.5,156.52,88,9872,13774,13094,18953,1068,TRUE,1,7.394,0.7348518683936281,17.74625468164794,680
2026-04-30T13:29:47.188,T1,5_50_100_200_300cm.csv,1766,0.5,0,5.774,-64.1,-85.6,-21.5,194.92,92,12197,17933,13429,21938,1208,TRUE,1,5.274,0.7778202920732096,18.160596026490065,4504
2026-04-30T13:29:49.199,T1,5_50_100_200_300cm.csv,1768,0.5,0,7.978,-64.1,-85.7,-21.6,206.82,88,12612,18200,13865,23198,1243,TRUE,1,7.478,0.7866521128956806,18.662912308930007,4335
2026-04-30T13:29:50.187,T1,5_50_100_200_300cm.csv,1769,0.5,0,6.196,-64.7,-88.8,-24.1,158.17,104,12862,16450,11984,26758,1363,TRUE,1,5.696,0.9046915664345502,19.631694790902422,4466
2026-04-30T13:29:52.198,T1,5_50_100_200_300cm.csv,1771,0.5,0,7.43,-60.8,-86.1,-25.2,76.72,124,11224,9513,12663,16412,934,TRUE,1,6.93,1.0122655122655122,17.571734475374733,3150
2026-04-30T13:29:55.199,T1,5_50_100_200_300cm.csv,1774,0.5,0,8.846,-63.5,-84.4,-20.8,136.4,112,14009,15277,17982,24207,1245,TRUE,1,8.346,0.8424185934634234,19.443373493975905,2705
2026-04-30T13:29:57.207,T1,5_50_100_200_300cm.csv,1776,0.5,0,5.929,-63.2,-86.8,-23.6,210.36,84,14325,17670,11402,25167,1257,TRUE,1,5.429,0.985484315,20.021479713603817,6268
2026-04-30T13:29:58.197,T1,5_50_100_200_300cm.csv,1777,0.5,0,5.727,-63.4,-85.2,-21.8,140.79,104,12057,14642,16883,22249,1187,TRUE,1,5.227,0.7649167327517843,18.74389216512216,2241
2026-04-30T13:30:01.197,T1,5_50_100_200_300cm.csv,1780,0.5,0,6.285,-64,-87.2,-23.1,169.88,100,11216,16988,10769,19960,1151,TRUE,1,5.785,0.808156501,17.34144222415291,6219
2026-04-30T13:30:02.221,T1,5_50_100_200_300cm.csv,1781,0.5,0,7.73,-64.1,-83.7,-19.6,145.8,96,13438,13997,17439,20145,1157,TRUE,1,7.23,0.8549433770199771,17.411408815903197,3442
2026-04-30T13:30:03.178,T1,5_50_100_200_300cm.csv,1782,0.5,0,5.333,-63.5,-87.4,-23.9,164.18,108,11602,17731,14954,26803,1307,TRUE,1,4.833,0.7099281015756463,20.50726855394032,2777
2026-04-30T13:30:04.197,T1,5_50_100_200_300cm.csv,1783,0.5,0,8.025,-64.1,-85.7,-21.5,202.9,88,13758,17855,11499,21645,1201,TRUE,1,7.525,0.9373850241875042,18.02248126561199,6356
2026-04-30T13:30:07.198,T1,5_50_100_200_300cm.csv,1786,0.5,0,6.834,-67.6,-88.4,-20.8,194.98,48,5956,9359,7862,6383,736,TRUE,1,6.334,0.6917136054816794,8.672554347826088,1497
2026-04-30T13:30:10.199,T1,5_50_100_200_300cm.csv,1789,0.5,0,5.736,-63.7,-87,-23.3,166.64,108,12380,17997,13335,25010,1271,TRUE,1,5.236,0.7902463934635516,19.677419354838708,4662
2026-04-30T13:30:11.247,T1,5_50_100_200_300cm.csv,1790,0.5,0,7.448,-62.6,-87.8,-25.2,146.22,116,11552,16961,13412,26220,1253,TRUE,1,6.948,0.7606756000395087,20.925778132482044,3549
2026-04-30T13:30:12.206,T1,5_50_100_200_300cm.csv,1791,0.5,0,6.853,-67.6,-89,-21.4,147.14,56,6009,8240,7516,6287,731,TRUE,1,6.353,0.7627570449352628,8.600547195622434,724
2026-04-30T13:30:13.198,T1,5_50_100_200_300cm.csv,1792,0.5,0,5.22,-64.2,-87.6,-23.4,191.96,100,15091,19196,11232,27751,1364,TRUE,1,4.72,0.9919153411331668,20.34530791788856,7964
2026-04-30T13:30:14.187,T1,5_50_100_200_300cm.csv,1793,0.5,0,5.394,-64.4,-85,-20.6,180.83,92,13032,16636,17465,23869,1273,TRUE,1,4.894,0.764317762,18.75019638648861,829
2026-04-30T13:30:15.237,T1,5_50_100_200_300cm.csv,1794,0.5,0,5.248,-62.4,-84.7,-22.3,158.52,88,14352,13950,17622,25349,1226,TRUE,1,4.748,0.9091600152033448,20.676182707993476,3672
2026-04-30T13:30:16.197,T1,5_50_100_200_300cm.csv,1795,0.5,0,7.927,-63.5,-85.9,-22.5,187.66,96,11947,18015,15832,25835,1283,TRUE,1,7.427,0.7059414423730316,20.136399064692128,2183
2026-04-30T13:30:17.188,T1,5_50_100_200_300cm.csv,1796,0.5,0,7.875,-63,-86.9,-23.9,177.39,100,11259,17739,14272,25570,1258,TRUE,1,7.375,0.7034456905438755,20.325914149443562,3467
2026-04-30T13:30:18.206,T1,5_50_100_200_300cm.csv,1797,0.5,0,5.234,-63.4,-87.9,-24.5,165.13,100,14107,16513,12013,25550,1272,TRUE,1,4.734,0.9890626095491832,20.086477987421382,4500
2026-04-30T13:30:20.186,T1,5_50_100_200_300cm.csv,1799,0.5,0,5.319,-63.8,-87.8,-24,150.2,116,13324,17423,11198,24220,1258,TRUE,1,4.819,0.9310646029139443,19.252782193958666,6225
2026-04-30T13:30:22.196,T1,5_50_100_200_300cm.csv,1801,0.5,0,5.23,-64.2,-86.5,-22.3,172.89,100,13911,17289,9851,20970,1185,TRUE,1,4.73,1.0251289609432572,17.696202531645568,7438
2026-04-30T13:30:23.216,T1,5_50_100_200_300cm.csv,1802,0.5,0,8.26,-63.2,-88.3,-25,128.72,112,11489,14417,10754,20512,1135,TRUE,1,7.76,0.9128759286480473,18.072246696035243,3663
2026-04-30T13:30:24.207,T1,5_50_100_200_300cm.csv,1803,0.5,0,5.385,-62.6,-85.7,-23,167.53,88,11869,14743,16203,23273,1183,TRUE,1,4.885,0.7670781361080592,19.67286559594252,1460
2026-04-30T13:30:25.196,T1,5_50_100_200_300cm.csv,1804,0.5,0,7.767,-63.5,-86.3,-22.9,186.8,88,12693,16438,17956,27894,1334,TRUE,1,7.267,0.7380938535791126,20.910044977511244,1518
2026-04-30T13:30:26.217,T1,5_50_100_200_300cm.csv,1805,0.5,0,5.478,-63.2,-88.1,-25,142.6,108,12299,15401,12213,23468,1210,TRUE,1,4.978,0.8907800391105961,19.39504132231405,3188
2026-04-30T13:30:27.208,T1,5_50_100_200_300cm.csv,1806,0.5,0,6.895,-70.3,-88.9,-18.6,187.08,36,4549,6735,5370,3000,554,TRUE,1,6.395,0.7515902519619991,5.415162454873646,1365
2026-04-30T13:30:29.218,T1,5_50_100_200_300cm.csv,1808,0.5,0,5.277,-65.3,-85,-19.7,201.68,84,13491,16941,18117,23714,1310,TRUE,1,4.777,0.7696388841348623,18.102290076335876,1176
2026-04-30T13:30:31.227,T1,5_50_100_200_300cm.csv,1810,0.5,0,5.103,-66.1,-85.9,-19.8,188.78,76,10365,14347,14454,15695,1094,TRUE,1,4.603,0.7197666747682372,14.346435100548446,107
2026-04-30T13:30:32.219,T1,5_50_100_200_300cm.csv,1811,0.5,0,6.21,-62.9,-86.2,-23.3,191.49,72,9066,13787,12629,16461,1006,TRUE,1,5.71,0.6864021804966687,16.36282306163022,1158
2026-04-30T13:30:35.246,T1,5_50_100_200_300cm.csv,1814,0.5,0,5.37,-62.7,-85.5,-22.8,173.98,80,9633,13918,13029,16811,1008,TRUE,1,4.87,0.7149589935799904,16.677579365079364,889
2026-04-30T13:30:37.256,T1,5_50_100_200_300cm.csv,1816,0.5,0,5.633,-64.7,-86.2,-21.5,192.76,80,12615,15421,10349,17008,1087,TRUE,1,5.133,0.9790454016298021,15.646734130634774,5072
2026-04-30T13:36:56.477,T1,5_50_100_200_300cm.csv,2195,0.05,0,4.339,-54.3,-76.5,-22.1,112.01,140,17237,15681,10882,23301,889,TRUE,1,4.289000000000001,1.2978202763242104,26.210348706411697,4799
2026-04-30T13:36:57.464,T1,5_50_100_200_300cm.csv,2196,0.05,0,5.103,-55.4,-73.9,-18.6,178.96,100,17306,17896,14737,23054,916,TRUE,1,5.053,1.060644133239359,25.16812227074236,3159
2026-04-30T13:36:58.456,T1,5_50_100_200_300cm.csv,2197,0.05,0,5.033,-54.2,-73.6,-19.4,152.79,108,15671,16501,14593,21348,846,TRUE,1,4.9830000000000005,1.007975815269827,25.23404255319149,1908
2026-04-30T13:37:00.464,T1,5_50_100_200_300cm.csv,2199,0.05,0,4.789,-55.1,-73.7,-18.6,146.68,104,16095,15255,16495,21040,867,TRUE,1,4.739,1.0138582677165355,24.267589388696656,1240
2026-04-30T13:37:01.456,T1,5_50_100_200_300cm.csv,2200,0.05,0,4.371,-54.4,-73.7,-19.3,137.03,120,15858,16444,13619,20493,835,TRUE,1,4.321000000000001,1.0549845324817881,24.54251497005988,2825
2026-04-30T13:37:02.476,T1,5_50_100_200_300cm.csv,2201,0.05,0,4.245,-54.6,-73.2,-18.6,172.24,104,16957,17913,15700,23532,901,TRUE,1,4.195,1.0089548686520096,26.11764705882353,2213
2026-04-30T13:37:05.504,T1,5_50_100_200_300cm.csv,2204,0.05,0,4.264,-54.5,-73.9,-19.4,169.4,104,17207,17618,12706,22378,876,TRUE,1,4.214,1.1348766653475795,25.54566210045662,4912
2026-04-30T13:37:07.455,T1,5_50_100_200_300cm.csv,2206,0.05,0,5.333,-55.2,-74.4,-19.2,121.85,140,16734,17059,14357,22339,897,TRUE,1,5.283,1.0653170359052713,24.90412486,2702
2026-04-30T13:37:08.476,T1,5_50_100_200_300cm.csv,2207,0.05,0,4.517,-54.8,-73.2,-18.4,137.27,128,16746,17571,15073,22140,881,TRUE,1,4.4670000000000005,1.0259772086754073,25.130533484676505,2498
2026-04-30T13:37:09.485,T1,5_50_100_200_300cm.csv,2208,0.05,0,7.43,-54.7,-74.3,-19.6,142.44,120,16750,17093,11732,21018,855,TRUE,1,7.38,1.1621856027753685,24.582456140350878,5361
2026-04-30T13:37:10.515,T1,5_50_100_200_300cm.csv,2209,0.05,0,4.385,-54.7,-75,-20.3,123.41,132,16790,16290,13033,22249,881,TRUE,1,4.335,1.1451761415953348,25.254256526674233,3257
2026-04-30T13:37:11.504,T1,5_50_100_200_300cm.csv,2210,0.05,0,4.948,-54.5,-73.5,-19,137.98,120,16019,16558,13957,20628,840,TRUE,1,4.898000000000001,1.049909880386695,24.557142857142857,2601
2026-04-30T13:37:13.486,T1,5_50_100_200_300cm.csv,2212,0.05,0,5.225,-55.1,-76,-20.9,122.32,144,15963,17614,10711,21935,885,TRUE,1,5.175,1.1271315092674317,24.785310734463277,6903
2026-04-30T13:37:16.454,T1,5_50_100_200_300cm.csv,2215,0.05,0,5.15,-83.4,-92.5,-9.2,112.88,8,849,903,760,63,126,TRUE,1,5.1000000000000005,1.021046301864101,0.5,143
2026-04-30T13:37:17.505,T1,5_50_100_200_300cm.csv,2216,0.05,0,6.745,-55.6,-75.6,-20,125.5,120,16905,15060,12910,20635,874,TRUE,1,6.695,1.2087951376474795,23.60983981693364,2150
2026-04-30T13:37:19.488,T1,5_50_100_200_300cm.csv,2218,0.05,0,7.354,-54.1,-73.7,-19.6,160.68,104,15563,16711,13992,21196,840,TRUE,1,7.304,1.013777155326841,25.233333333333334,2719
2026-04-30T13:37:20.476,T1,5_50_100_200_300cm.csv,2219,0.05,0,7.852,-55,-73.7,-18.7,130.02,132,16957,17162,15976,23234,910,TRUE,1,7.802,1.0234172249381375,25.531868131868134,1186
2026-04-30T13:37:21.464,T1,5_50_100_200_300cm.csv,2220,0.05,0,4.259,-54.7,-74.5,-19.8,140.34,124,15118,17402,13686,21532,865,TRUE,1,4.2090000000000005,0.9725939269171384,24.89248554913295,3716
2026-04-30T13:37:22.484,T1,5_50_100_200_300cm.csv,2221,0.05,0,4.47,-54.7,-73.2,-18.5,152.4,112,15973,17069,15064,21140,859,TRUE,1,4.42,0.9941804375564062,24.61001164144354,2005
2026-04-30T13:37:25.486,T1,5_50_100_200_300cm.csv,2224,0.05,0,7.359,-54.8,-73.7,-18.9,147.04,112,16621,16469,16090,22677,892,TRUE,1,7.309,1.0209773027427131,25.422645739910315,379
2026-04-30T13:37:26.476,T1,5_50_100_200_300cm.csv,2225,0.05,0,6.824,-54.7,-73.6,-18.9,130.3,136,17149,17721,15167,23524,906,TRUE,1,6.774,1.0428727803454148,25.96467991169978,2554
2026-04-30T13:37:27.494,T1,5_50_100_200_300cm.csv,2226,0.05,0,4.334,-54.3,-73.2,-18.9,153.03,116,17215,17751,14851,23382,891,TRUE,1,4.284,1.056070179743574,26.242424242424242,2900
2026-04-30T13:37:29.473,T1,5_50_100_200_300cm.csv,2228,0.05,0,5.145,-57.6,-76.2,-18.6,160.79,84,13037,13506,11949,13658,763,TRUE,1,5.095,1.0243174229031624,17.900393184796854,1557
2026-04-30T13:37:32.505,T1,5_50_100_200_300cm.csv,2231,0.05,0,4.385,-55.4,-73.7,-18.3,105.44,148,16255,15605,17146,21714,889,TRUE,1,4.335,0.9926414460627156,24.42519685,1541
2026-04-30T13:37:33.556,T1,5_50_100_200_300cm.csv,2232,0.05,0,4.432,-55.1,-74,-18.9,148.99,120,17271,17879,15205,23974,926,TRUE,1,4.382000000000001,1.044069640914037,25.889848812095032,2674
2026-04-30T13:37:34.485,T1,5_50_100_200_300cm.csv,2233,0.05,0,4.254,-54.9,-76.2,-21.3,145.75,112,16902,16324,8492,20678,855,TRUE,1,4.204,1.3621856866537718,24.184795321637427,7832
2026-04-30T13:37:36.525,T1,5_50_100_200_300cm.csv,2235,0.05,0,4.217,-54.4,-72.9,-18.5,139.7,128,17269,17882,15299,23296,892,TRUE,1,4.167,1.0408968988276424,26.116591928251122,2583
2026-04-30T13:37:37.515,T1,5_50_100_200_300cm.csv,2236,0.05,0,4.353,-54.8,-72.8,-18,141.07,124,16261,17493,15927,21862,874,TRUE,1,4.303,0.9731298623578696,25.013729977116704,1566
2026-04-30T13:37:38.505,T1,5_50_100_200_300cm.csv,2237,0.05,0,5.094,-61.8,-79.1,-17.3,187.04,48,7704,8978,8283,5252,547,TRUE,1,5.0440000000000005,0.892648166,9.601462523,695
2026-04-30T13:37:39.494,T1,5_50_100_200_300cm.csv,2238,0.05,0,4.184,-54.4,-75.2,-20.8,183.28,96,15359,17595,13070,22914,885,TRUE,1,4.134,1.0017283548018914,25.891525423728815,4525
2026-04-30T13:37:41.502,T1,5_50_100_200_300cm.csv,2240,0.05,0,4.32,-55.5,-74,-18.5,191.95,92,17132,17659,14971,22726,914,TRUE,1,4.2700000000000005,1.0500766166104811,24.86433260393873,2688
2026-04-30T13:37:42.495,T1,5_50_100_200_300cm.csv,2241,0.05,0,4.193,-54.5,-72.6,-18,190.49,88,15826,16763,15463,20446,839,TRUE,1,4.143,0.9821882951653944,24.36948748510131,1300
2026-04-30T13:37:43.514,T1,5_50_100_200_300cm.csv,2242,0.05,0,5.83,-58.5,-76.6,-18.1,250.35,60,14628,15021,11625,15328,833,TRUE,1,5.78,1.0979509119567665,18.400960384153663,3396
2026-04-30T13:37:45.525,T1,5_50_100_200_300cm.csv,2244,0.05,0,6.337,-55.2,-77.2,-22,160.3,96,17713,15389,9341,22273,895,TRUE,1,6.287,1.4325111200970482,24.886033519553074,6048
2026-04-30T13:37:46.516,T1,5_50_100_200_300cm.csv,2245,0.05,0,7.439,-55,-74.1,-19.1,194.49,88,15030,17115,14467,20751,859,TRUE,1,7.389,0.9518079918941169,24.157159487776486,2648
2026-04-30T13:37:48.522,T1,5_50_100_200_300cm.csv,2247,0.05,0,4.193,-54.9,-74.3,-19.4,144.23,120,14633,17307,14453,20991,861,TRUE,1,4.143,0.9214735516372796,24.37979094076655,2854
2026-04-30T13:37:49.514,T1,5_50_100_200_300cm.csv,2248,0.05,0,5.047,-56.6,-73.5,-17,183.51,92,14533,16883,16535,18945,866,TRUE,1,4.997,0.8697707822131785,21.876443418013857,348
2026-04-30T13:37:51.522,T1,5_50_100_200_300cm.csv,2250,0.05,0,4.428,-55.4,-75.7,-20.3,139.84,124,16186,17340,10304,20772,871,TRUE,1,4.378,1.171031688612357,23.84845005740528,7036
2026-04-30T13:37:54.524,T1,5_50_100_200_300cm.csv,2253,0.05,0,5.797,-58.2,-76.5,-18.2,191.25,72,13202,13770,11340,13238,767,TRUE,1,5.747,1.0515332536837914,17.259452411994786,2430
2026-04-30T13:37:55.543,T1,5_50_100_200_300cm.csv,2254,0.05,0,4.953,-56,-75.2,-19.2,220.75,76,16400,16777,11065,19378,858,TRUE,1,4.9030000000000005,1.1780762876230155,22.585081585081586,5712
2026-04-30T13:37:57.522,T1,5_50_100_200_300cm.csv,2256,0.05,0,7.748,-54.9,-74.5,-19.6,188.28,92,15063,17322,13565,20936,860,TRUE,1,7.698,0.9753618027001651,24.344186046511627,3757
2026-04-30T13:37:59.504,T1,5_50_100_200_300cm.csv,2258,0.05,0,4.296,-55.2,-73.6,-18.4,152.11,116,17078,17645,15019,22567,901,TRUE,1,4.246,1.0456771981386235,25.04661487236404,2626
2026-04-30T13:38:00.522,T1,5_50_100_200_300cm.csv,2259,0.05,0,4.901,-54.8,-74.3,-19.5,140.37,124,14596,17406,14841,21584,871,TRUE,1,4.851,0.9052625050392284,24.780711825487945,2565
2026-04-30T13:38:01.514,T1,5_50_100_200_300cm.csv,2260,0.05,0,4.428,-55.2,-73.8,-18.6,187.76,88,15930,16523,13993,19870,846,TRUE,1,4.378,1.0440424695241841,23.486997635933808,2530
2026-04-30T13:38:02.533,T1,5_50_100_200_300cm.csv,2261,0.05,0,4.437,-55,-73,-18,202.07,84,16212,16974,14966,20515,853,TRUE,1,4.3870000000000005,1.0151534126487163,24.050410316529895,2008
2026-04-30T13:38:03.522,T1,5_50_100_200_300cm.csv,2262,0.05,0,4.418,-55.2,-74,-18.8,170.92,104,16252,17776,15129,22687,904,TRUE,1,4.368,0.9878134022185078,25.096238938053098,2647
2026-04-30T13:38:04.514,T1,5_50_100_200_300cm.csv,2263,0.05,0,7.162,-54.9,-74.7,-19.7,136.96,128,14705,17531,14179,21601,874,TRUE,1,7.112,0.9274676758120467,24.715102974828376,3352
2026-04-30T13:38:06.523,T1,5_50_100_200_300cm.csv,2265,0.05,0,4.334,-55.9,-73.7,-17.9,175.27,100,15100,17527,15732,20501,879,TRUE,1,4.284,0.9080248955170029,23.323094425483504,1795
2026-04-30T13:38:07.511,T1,5_50_100_200_300cm.csv,2266,0.05,0,4.836,-55.4,-73.5,-18.1,167.95,108,17096,18139,15865,23227,921,TRUE,1,4.7860000000000005,1.0055287613221975,25.219326818675352,2274
2026-04-30T13:38:08.532,T1,5_50_100_200_300cm.csv,2267,0.05,0,7.561,-54.8,-73,-18.2,187.26,88,15572,16479,15280,20081,839,TRUE,1,7.511,0.9806354104348374,23.93444576877235,1199
2026-04-30T13:38:09.521,T1,5_50_100_200_300cm.csv,2268,0.05,0,4.235,-56.1,-73.6,-17.4,212.04,80,14212,16963,16315,19244,860,TRUE,1,4.1850000000000005,0.8541378688623115,22.376744186046512,648
2026-04-30T13:38:10.512,T1,5_50_100_200_300cm.csv,2269,0.05,0,4.728,-55.4,-72.9,-17.5,186.08,92,15979,17119,15545,20200,858,TRUE,1,4.678,0.9783859906931178,23.543123543123542,1574
2026-04-30T13:38:13.511,T1,5_50_100_200_300cm.csv,2272,0.05,0,4.371,-55.6,-74.2,-18.6,130.34,128,16502,16683,12845,19739,856,TRUE,1,4.321000000000001,1.1177187753996207,23.059579439252335,3838
2026-04-30T13:38:14.532,T1,5_50_100_200_300cm.csv,2273,0.05,0,4.24,-55.2,-76.5,-21.3,189.04,84,16951,15879,10758,21829,887,TRUE,1,4.19,1.2727409242782595,24.609921082299888,5121
2026-04-30T13:38:16.541,T1,5_50_100_200_300cm.csv,2275,0.05,0,4.489,-55.5,-73.2,-17.7,169.54,100,15960,16954,14998,19848,854,TRUE,1,4.439,0.998998498,23.241217798594846,1956
2026-04-30T13:38:17.562,T1,5_50_100_200_300cm.csv,2276,0.05,0,4.095,-54.6,-73.7,-19,136.16,124,15176,16884,14584,20679,846,TRUE,1,4.045,0.9645354010423287,24.44326241134752,2300
2026-04-30T13:38:18.523,T1,5_50_100_200_300cm.csv,2277,0.05,0,5.83,-55.1,-73.6,-18.5,179.21,96,16783,17204,13393,20709,860,TRUE,1,5.78,1.0970356570905644,24.080232558139535,3811
2026-04-30T13:38:21.521,T1,5_50_100_200_300cm.csv,2280,0.05,0,4.17,-55.1,-77.5,-22.4,146.13,104,17659,15198,9472,22674,900,TRUE,1,4.12,1.4316173490068909,25.19333333333333,5726
2026-04-30T13:38:22.542,T1,5_50_100_200_300cm.csv,2281,0.05,0,5.281,-76.7,-89.6,-12.9,183.12,8,1355,1465,1523,151,155,TRUE,1,5.231,0.9069611780455153,0.9741935483870968,58
2026-04-30T13:38:23.534,T1,5_50_100_200_300cm.csv,2282,0.05,0,4.301,-55,-76.7,-21.7,180.3,84,17371,15145,10562,22017,884,TRUE,1,4.251,1.3514606916404093,24.90610859728507,4583
2026-04-30T13:38:24.523,T1,5_50_100_200_300cm.csv,2283,0.05,0,5.169,-56.3,-75.9,-19.6,179.73,92,17500,16535,9951,20085,882,TRUE,1,5.119,1.3214528430114023,22.772108843537413,6584
2026-04-30T13:38:25.541,T1,5_50_100_200_300cm.csv,2284,0.05,0,4.479,-55.5,-74.2,-18.7,195.05,88,16804,17164,14194,21565,891,TRUE,1,4.429,1.0717520250015944,24.20314253647587,2970
2026-04-30T13:38:27.552,T1,5_50_100_200_300cm.csv,2286,0.05,0,5.854,-55.1,-73.3,-18.2,181.31,100,17342,18131,15564,23367,913,TRUE,1,5.804,1.0293515358361776,25.59364731653888,2567
2026-04-30T13:38:28.541,T1,5_50_100_200_300cm.csv,2287,0.05,0,4.264,-55.8,-74.8,-19,154.67,108,16629,16704,13888,21183,892,TRUE,1,4.214,1.0871469665271967,23.74775784753363,2816
2026-04-30T13:38:30.582,T1,5_50_100_200_300cm.csv,2289,0.05,0,7.401,-54.7,-73.8,-19.1,133.05,128,14939,17031,15063,21161,857,TRUE,1,7.351,0.9309528260734093,24.691948658109684,1968
2026-04-30T13:38:31.543,T1,5_50_100_200_300cm.csv,2290,0.05,0,4.709,-55.8,-74.5,-18.7,186.84,92,16832,17189,14684,22035,910,TRUE,1,4.659,1.0561917610516738,24.214285714285715,2505
2026-04-30T13:38:32.562,T1,5_50_100_200_300cm.csv,2291,0.05,0,6.824,-55.5,-74.2,-18.6,148.97,116,16762,17281,14693,22009,901,TRUE,1,6.774,1.0484768874710702,24.427302996670367,2588
2026-04-30T13:38:33.551,T1,5_50_100_200_300cm.csv,2292,0.05,0,4.362,-54.7,-73.5,-18.9,191.16,88,15312,16822,14551,20491,843,TRUE,1,4.312,0.9761259681892073,24.30723606168446,2271
2026-04-30T13:38:34.542,T1,5_50_100_200_300cm.csv,2293,0.05,0,5.774,-58.1,-79.3,-21.2,150.37,108,15158,16240,10026,19608,929,TRUE,1,5.724,1.1541917307545877,21.106566200215287,6214
2026-04-30T13:38:36.551,T1,5_50_100_200_300cm.csv,2295,0.05,0,6.74,-54.9,-76.7,-21.8,130.87,120,17591,15704,9123,22018,881,TRUE,1,6.69,1.4170862367583679,24.99205448354143,6581
2026-04-30T13:38:37.543,T1,5_50_100_200_300cm.csv,2296,0.05,0,4.212,-55.4,-73.2,-17.8,197.28,88,15835,17361,15790,20887,874,TRUE,1,4.162,0.9553256312026787,23.898169336384438,1571
2026-04-30T13:38:38.593,T1,5_50_100_200_300cm.csv,2297,0.05,0,4.709,-55,-74.7,-19.7,145.29,120,16632,17435,13740,22931,903,TRUE,1,4.659,1.067008821,25.39424141749723,3695
2026-04-30T13:38:39.581,T1,5_50_100_200_300cm.csv,2298,0.05,0,4.156,-54.9,-76.8,-21.9,162.43,100,16867,16243,10143,22589,893,TRUE,1,4.106,1.2784810126582278,25.2956327,6100
2026-04-30T13:38:41.561,T1,5_50_100_200_300cm.csv,2300,0.05,0,4.296,-55.2,-72.9,-17.7,189.65,88,15846,16689,15167,19695,843,TRUE,1,4.246,0.9948518332496233,23.362989323843415,1522
2026-04-30T13:38:42.581,T1,5_50_100_200_300cm.csv,2301,0.05,0,4.4,-55.6,-77.8,-22.2,132.15,128,15664,16915,9015,21738,896,TRUE,1,4.3500000000000005,1.2081758580794446,24.261160714285715,7900
2026-04-30T13:38:43.571,T1,5_50_100_200_300cm.csv,2302,0.05,0,6.318,-55.3,-76.8,-21.6,173.06,100,14974,17306,10742,21646,885,TRUE,1,6.268,1.0677410154021678,24.458757062146894,6564
2026-04-30T13:38:44.563,T1,5_50_100_200_300cm.csv,2303,0.05,0,4.324,-55.2,-73.5,-18.3,187.22,92,16910,17224,12905,20227,854,TRUE,1,4.274,1.1225065551462046,23.685011709601874,4319
2026-04-30T13:38:45.583,T1,5_50_100_200_300cm.csv,2304,0.05,0,6.379,-55.2,-73.6,-18.4,165.1,100,15737,16510,14801,20057,851,TRUE,1,6.329,1.005205838203826,23.56874265569918,1709
2026-04-30T13:38:46.570,T1,5_50_100_200_300cm.csv,2305,0.05,0,4.869,-54.9,-72.7,-17.8,189.56,88,15500,16681,15725,19914,839,TRUE,1,4.819,0.9566129729062519,23.735399284862932,956
2026-04-30T13:38:48.552,T1,5_50_100_200_300cm.csv,2307,0.05,0,4.381,-54.9,-75,-20,193.87,92,15349,17836,13827,22684,896,TRUE,1,4.331,0.9695227868490036,25.316964285714285,4009
2026-04-30T13:38:49.571,T1,5_50_100_200_300cm.csv,2308,0.05,0,4.906,-55.7,-73.9,-18.2,199.37,84,16723,16747,16127,21983,906,TRUE,1,4.856,1.0173997688142604,24.263796909492275,620
2026-04-30T13:38:50.561,T1,5_50_100_200_300cm.csv,2309,0.05,0,4.404,-55.5,-73.8,-18.3,186.98,92,16745,17202,13704,20590,871,TRUE,1,4.354,1.0836083608360836,23.639494833524683,3498
2026-04-30T13:38:52.572,T1,5_50_100_200_300cm.csv,2311,0.05,0,4.751,-56,-76.1,-20.1,176.99,92,17452,16283,8620,19738,867,TRUE,1,4.7010000000000005,1.4015982010199575,22.76585928489043,7663
2026-04-30T13:38:53.592,T1,5_50_100_200_300cm.csv,2312,0.05,0,4.282,-55.6,-73.6,-18,187.4,88,14389,16491,15979,19411,847,TRUE,1,4.232,0.8862950415768401,22.917355371900825,512
2026-04-30T13:38:54.584,T1,5_50_100_200_300cm.csv,2313,0.05,0,4.564,-55.8,-73.5,-17.7,190.52,88,16191,16766,13476,18792,841,TRUE,1,4.514,1.0707625157066332,22.344827586206897,3290
2026-04-30T13:38:55.571,T1,5_50_100_200_300cm.csv,2314,0.05,0,4.761,-55.9,-74.4,-18.5,169.13,100,16670,16913,11378,19044,848,TRUE,1,4.711,1.1784666501714327,22.45754716981132,5535
2026-04-30T13:38:58.571,T1,5_50_100_200_300cm.csv,2317,0.05,0,4.343,-55.6,-75.1,-19.5,183.53,92,16227,16885,11551,19964,861,TRUE,1,4.293,1.1412997608665072,23.18699187,5334
2026-04-30T13:38:59.563,T1,5_50_100_200_300cm.csv,2318,0.05,0,4.292,-54.8,-75,-20.1,179.22,96,15992,17205,13470,22471,888,TRUE,1,4.242,1.0426731866340668,25.30518018018018,3735
2026-04-30T13:39:00.581,T1,5_50_100_200_300cm.csv,2319,0.05,0,5.141,-60.7,-78.2,-17.4,174.1,52,8852,9053,7231,5413,534,TRUE,1,5.091,1.087202161631049,10.136704119850187,1822
2026-04-30T13:39:03.580,T1,5_50_100_200_300cm.csv,2322,0.05,0,4.69,-55,-74.3,-19.3,203.08,88,15709,17871,14705,22635,897,TRUE,1,4.640000000000001,0.9644523575638507,25.234113712374583,3166
2026-04-30T13:39:05.561,T1,5_50_100_200_300cm.csv,2324,0.05,0,4.695,-55.1,-73.6,-18.5,161.57,104,16351,16803,13430,19999,846,TRUE,1,4.6450000000000005,1.0816657295008765,23.63947990543735,3373
2026-04-30T13:39:07.570,T1,5_50_100_200_300cm.csv,2326,0.05,0,5.164,-55.4,-74.3,-18.9,178.11,96,16948,17099,11895,20234,860,TRUE,1,5.114,1.1690694626474443,23.527906976744188,5204
2026-04-30T13:39:08.591,T1,5_50_100_200_300cm.csv,2327,0.05,0,4.296,-55,-77.4,-22.4,147.29,112,17676,16496,9681,24320,929,TRUE,1,4.246,1.3504985292432288,26.178686759956943,6815
2026-04-30T13:39:09.581,T1,5_50_100_200_300cm.csv,2328,0.05,0,6.829,-54.8,-73,-18.2,183.27,92,15770,16861,15490,20722,853,TRUE,1,6.779,0.974931223,24.29308323563892,1371
2026-04-30T13:39:10.572,T1,5_50_100_200_300cm.csv,2329,0.05,0,4.784,-55.1,-77.4,-22.3,130.87,120,17912,15704,8701,22865,905,TRUE,1,4.734,1.467895922966605,25.265193370165747,7003
2026-04-30T13:39:12.580,T1,5_50_100_200_300cm.csv,2331,0.05,0,4.667,-55.4,-73.9,-18.5,160.15,104,16701,16656,16060,22284,902,TRUE,1,4.617,1.0209683335371071,24.70509977827051,596
2026-04-30T13:39:13.602,T1,5_50_100_200_300cm.csv,2332,0.05,0,4.714,-54.9,-72.6,-17.8,176.08,96,15854,16904,15551,20294,845,TRUE,1,4.664000000000001,0.9769835156370359,24.016568047337277,1353
2026-04-30T13:39:16.571,T1,5_50_100_200_300cm.csv,2335,0.05,0,4.925,-55.2,-74,-18.8,200.06,84,15453,16805,14136,20154,852,TRUE,1,4.875,0.9988688148411493,23.654929577464788,2669
2026-04-30T13:39:17.591,T1,5_50_100_200_300cm.csv,2336,0.05,0,7.589,-54.9,-72.8,-17.9,145.16,120,16911,17419,14435,20941,859,TRUE,1,7.539000000000001,1.0617818798267094,24.378346915017463,2984
2026-04-30T13:39:28.631,T1,5_50_100_200_300cm.csv,2347,0.05,0,4.259,-55.2,-76.5,-21.3,156.51,104,17281,16277,8364,21079,870,TRUE,1,4.2090000000000005,1.402621646848748,24.22873563218391,7913
2026-04-30T13:39:29.589,T1,5_50_100_200_300cm.csv,2348,0.05,0,4.461,-55.1,-72.9,-17.8,195.89,88,16020,17238,15916,21000,867,TRUE,1,4.4110000000000005,0.9663992278458104,24.22145328719723,1322
2026-04-30T13:39:30.609,T1,5_50_100_200_300cm.csv,2349,0.05,0,4.409,-55.3,-72.8,-17.5,188.96,92,15861,17384,15935,20694,866,TRUE,1,4.359,0.9520693898376302,23.89607390300231,1449
2026-04-30T13:39:32.591,T1,5_50_100_200_300cm.csv,2351,0.05,0,5.145,-59.4,-78.2,-18.9,194.06,48,9082,9315,7237,6223,547,TRUE,1,5.095,1.097390043499275,11.376599634369287,2078
2026-04-30T13:39:33.610,T1,5_50_100_200_300cm.csv,2352,0.05,0,7.631,-54.8,-75.7,-20.9,189.58,92,14790,17441,12435,21958,877,TRUE,1,7.581,0.9900923818449592,25.03762827822121,5006
2026-04-30T13:39:34.601,T1,5_50_100_200_300cm.csv,2353,0.05,0,4.31,-55,-73.2,-18.2,194.04,92,17199,17852,14894,22441,893,TRUE,1,4.26,1.0504489097905088,25.12989921612542,2958
2026-04-30T13:39:35.620,T1,5_50_100_200_300cm.csv,2354,0.05,0,4.461,-54.9,-72.4,-17.5,144.36,120,16384,17323,15526,20693,854,TRUE,1,4.4110000000000005,0.9975341715120704,24.230679156908664,1797
2026-04-30T13:39:36.611,T1,5_50_100_200_300cm.csv,2355,0.05,0,6.792,-55.3,-75.7,-20.4,142.33,120,16516,17080,12383,22418,901,TRUE,1,6.742,1.121134982859858,24.881243063263042,4697
2026-04-30T13:39:40.599,T1,5_50_100_200_300cm.csv,2359,0.05,0,4.704,-55,-73,-18.1,186.65,96,17027,17918,15772,22832,900,TRUE,1,4.654,1.010804392994954,25.36888888888889,2146
2026-04-30T13:39:42.610,T1,5_50_100_200_300cm.csv,2361,0.05,0,4.339,-54.9,-73.4,-18.5,208.44,80,15955,16675,14407,20291,847,TRUE,1,4.289000000000001,1.026639212405894,23.956316410861866,2268
2026-04-30T13:39:43.601,T1,5_50_100_200_300cm.csv,2362,0.05,0,4.873,-55.3,-74.9,-19.6,194.09,88,15757,17080,12465,20523,862,TRUE,1,4.823,1.0666441022169573,23.808584686774942,4615
2026-04-30T13:39:44.620,T1,5_50_100_200_300cm.csv,2363,0.05,0,4.822,-54.8,-73.3,-18.5,175.07,104,17541,18207,15638,24182,922,TRUE,1,4.772,1.036548973260452,26.227765726681127,2569
2026-04-30T13:39:47.621,T1,5_50_100_200_300cm.csv,2366,0.05,0,7.209,-55.6,-73.5,-17.9,195.17,92,15741,17956,16339,22041,903,TRUE,1,7.159,0.917976381,24.408637873754152,1617
2026-04-30T13:39:49.630,T1,5_50_100_200_300cm.csv,2368,0.05,0,4.625,-55,-73.7,-18.7,182.85,92,15306,16822,14733,20354,850,TRUE,1,4.575,0.9701156710505466,23.945882352941176,2089
2026-04-30T13:39:50.621,T1,5_50_100_200_300cm.csv,2369,0.05,0,5.3,-55.4,-73.7,-18.3,197.5,88,17042,17380,15528,22582,908,TRUE,1,5.25,1.0357359912483286,24.870044052863435,1852
2026-04-30T13:39:51.611,T1,5_50_100_200_300cm.csv,2370,0.05,0,4.329,-55,-73.6,-18.6,180.23,92,15563,16581,14732,20254,849,TRUE,1,4.279,0.9940280394724236,23.85630153121319,1849
2026-04-30T13:39:52.631,T1,5_50_100_200_300cm.csv,2371,0.05,0,4.662,-55.4,-75.1,-19.7,168.58,92,17158,15509,12332,20437,863,TRUE,1,4.612,1.2325706691569986,23.681344148319816,3177
2026-04-30T13:39:53.619,T1,5_50_100_200_300cm.csv,2372,0.05,0,4.31,-55.3,-74.4,-19,134.92,128,16560,17270,14460,22218,898,TRUE,1,4.26,1.0438071225969114,24.741648106904233,2810
2026-04-30T13:39:54.611,T1,5_50_100_200_300cm.csv,2373,0.05,0,4.883,-55,-72.8,-17.8,207.36,84,16794,17418,14711,20898,863,TRUE,1,4.833,1.0454106881633416,24.21552723059096,2707
2026-04-30T13:39:55.629,T1,5_50_100_200_300cm.csv,2374,0.05,0,7.336,-55.1,-75.3,-20.2,134.48,128,16199,17213,12712,22163,890,TRUE,1,7.286,1.0826399331662488,24.902247191011234,4501
2026-04-30T13:39:58.631,T1,5_50_100_200_300cm.csv,2377,0.05,0,7.734,-55.1,-75.2,-20,211.17,84,14921,17738,13906,22265,893,TRUE,1,7.684,0.9430539754771836,24.932810750279955,3832
2026-04-30T13:39:59.620,T1,5_50_100_200_300cm.csv,2378,0.05,0,4.278,-55.3,-76.3,-21,172.65,92,17467,15884,9257,20913,872,TRUE,1,4.228,1.3895230897736766,23.982798165137616,6627
2026-04-30T13:40:00.609,T1,5_50_100_200_300cm.csv,2379,0.05,0,7.064,-56,-75.9,-19.9,194.26,84,17281,16318,10665,20427,883,TRUE,1,7.014,1.2808805544231554,23.133635334088336,5653
2026-04-30T13:40:01.630,T1,5_50_100_200_300cm.csv,2380,0.05,0,4.264,-55,-74.4,-19.5,181.38,96,14537,17412,14753,21416,872,TRUE,1,4.214,0.9039017565676978,24.559633027522935,2659
2026-04-30T13:40:03.639,T1,5_50_100_200_300cm.csv,2382,0.05,0,4.268,-55,-72.8,-17.8,148.12,120,16890,17774,15679,22106,886,TRUE,1,4.218,1.009774908079993,24.950338600451467,2095
2026-04-30T13:40:04.628,T1,5_50_100_200_300cm.csv,2383,0.05,0,7.298,-55.6,-74.1,-18.5,131.16,116,16449,15214,16213,20917,881,TRUE,1,7.248,1.0468068857988353,23.74233825198638,999
2026-04-30T13:40:05.618,T1,5_50_100_200_300cm.csv,2384,0.05,0,7.336,-55.9,-75.7,-19.8,162.64,92,16915,14963,12445,19913,868,TRUE,1,7.286,1.2343111500291886,22.941244239631338,2518
2026-04-30T13:40:06.640,T1,5_50_100_200_300cm.csv,2385,0.05,0,7.35,-55.3,-77.1,-21.9,170.55,100,15008,17055,9826,21160,875,TRUE,1,7.3,1.1166251255533648,24.18285714285714,7229
2026-04-30T13:40:07.658,T1,5_50_100_200_300cm.csv,2386,0.05,0,4.329,-55.1,-73.1,-18,188.7,88,15623,16606,15244,19932,844,TRUE,1,4.279,0.9810361067503924,23.61611374407583,1362
2026-04-30T13:40:09.640,T1,5_50_100_200_300cm.csv,2388,0.05,0,7.293,-54.9,-72.7,-17.8,207.11,84,16186,17397,15853,21339,868,TRUE,1,7.243,0.973593985,24.58410138248848,1544
2026-04-30T13:40:12.639,T1,5_50_100_200_300cm.csv,2391,0.05,0,7.434,-55.5,-73.9,-18.5,167.24,100,16639,16724,15491,21758,893,TRUE,1,7.384,1.0329970510631694,24.365061590145576,1233
2026-04-30T13:40:14.650,T1,5_50_100_200_300cm.csv,2393,0.05,0,4.414,-55.5,-76.5,-21,147.35,108,17193,15914,8404,20151,861,TRUE,1,4.364,1.4140143103873675,23.40418118466899,7510
2026-04-30T13:40:15.638,T1,5_50_100_200_300cm.csv,2394,0.05,0,4.794,-54.9,-74.5,-19.6,181,96,15271,17376,13334,21052,863,TRUE,1,4.744,0.9945294692282645,24.393974507531865,4042
2026-04-30T13:40:17.648,T1,5_50_100_200_300cm.csv,2396,0.05,0,4.306,-55.2,-73.2,-18,195.85,92,17124,18018,15694,22862,906,TRUE,1,4.256,1.0158993830090175,25.233995584988964,2324
2026-04-30T13:40:18.637,T1,5_50_100_200_300cm.csv,2397,0.05,0,7.748,-55.1,-74.8,-19.8,133.93,132,15924,17679,13811,22615,898,TRUE,1,7.698,1.011368688472531,25.183741648106903,3868
2026-04-30T13:40:20.649,T1,5_50_100_200_300cm.csv,2399,0.05,0,4.4,-55.9,-73.8,-17.9,132.52,124,14061,16432,16200,19208,851,TRUE,1,4.3500000000000005,0.8617921059083109,22.571092831962396,232
2026-04-30T13:40:29.677,T1,5_50_100_200_300cm.csv,2408,0.05,0,4.733,-54.9,-73,-18,191.42,92,17022,17611,14854,21757,877,TRUE,1,4.683,1.0486369936855076,24.808437856328393,2757
2026-04-30T13:40:30.637,T1,5_50_100_200_300cm.csv,2409,0.05,0,4.915,-56.1,-73.2,-17.1,224.08,76,15735,17030,15451,19295,859,TRUE,1,4.865,0.9688741110187494,22.462165308498253,1579
2026-04-30T13:40:32.649,T1,5_50_100_200_300cm.csv,2411,0.05,0,7.49,-54.9,-75.1,-20.1,175.09,100,15957,17509,13109,22453,891,TRUE,1,7.44,1.0423280423280423,25.199775533108866,4400
2026-04-30T13:40:33.640,T1,5_50_100_200_300cm.csv,2412,0.05,0,4.718,-55.1,-74.6,-19.5,161.03,108,14607,17391,14341,21137,870,TRUE,1,4.668,0.9206479263834615,24.295402298850576,3050
2026-04-30T13:40:38.677,T1,5_50_100_200_300cm.csv,2417,0.05,0,4.958,-64.3,-85.6,-21.3,181.45,20,3847,3629,2773,1185,283,TRUE,1,4.908,1.2018119337706967,4.187279151943463,856
2026-05-01T13:04:53.672,T1,20260501_130449,106,3,0,6.853,-71.8,-104.4,-32.6,35.72,92,1708,3286,2690,21410,1556,TRUE,1,3.853,0.571619813,13.759640102827763,596
2026-05-01T13:04:54.661,T1,20260501_130449,107,3,0,7.5,-71.4,-108.3,-37,23.35,84,2180,1961,1568,28663,1776,TRUE,1,4.5,1.2354774723717767,16.139076576576578,393
2026-05-01T13:04:57.660,T1,20260501_130449,110,3,0,8.64,-71.2,-108.8,-37.6,17.74,88,567,1561,1736,16932,1358,TRUE,1,5.640000000000001,0.34394904458598724,12.468335787923417,175
2026-05-01T13:04:58.650,T1,20260501_130449,111,3,0,7.706,-71.4,-110.2,-38.9,16.12,80,1523,1290,1432,24345,1636,TRUE,1,4.706,1.1190301249081558,14.88080684596577,142
2026-05-01T13:04:59.670,T1,20260501_130449,112,3,0,6.885,-72.2,-108.3,-36.2,21.9,108,2596,2365,1340,34657,2008,TRUE,1,3.885,1.4013495276653172,17.259462151394423,1025
2026-05-01T13:05:02.670,T1,20260501_130449,115,3,0,8.565,-72.6,-109.1,-36.5,11.61,76,1299,882,1730,15508,1364,TRUE,1,5.5649999999999995,0.9946401225114855,11.36950146627566,848
2026-05-01T13:05:11.669,T1,20260501_130449,124,3,0,9.151,-72.8,-98.3,-25.6,81.5,48,3318,3912,2796,8050,988,TRUE,1,6.151,0.9892665474060823,8.147773279352228,1116
2026-05-01T13:05:13.680,T1,20260501_130449,126,3,0,8.433,-71.4,-109,-37.5,16.45,96,1466,1579,1548,21039,1525,TRUE,1,5.433,0.9376399104573073,13.796065573770491,31
2026-05-01T13:05:14.670,T1,20260501_130449,127,3,0,8.733,-74.8,-111.6,-36.8,14.96,52,878,778,484,7075,994,TRUE,1,5.7330000000000005,1.3914421553090333,7.117706237424548,294
2026-05-01T13:05:15.690,T1,20260501_130449,128,3,0,9.02,-71.8,-111.3,-39.5,18.75,88,1191,1650,1029,26053,1721,TRUE,1,6.02,0.8891377379619261,15.138291690877397,621
2026-05-01T13:05:16.710,T1,20260501_130449,129,3,0,7.448,-71.1,-107.1,-36,25.76,84,2127,2164,1652,23774,1603,TRUE,1,4.448,1.1147798742138364,14.830941983780411,512
2026-05-01T13:05:17.672,T1,20260501_130449,130,3,0,8.616,-70.6,-107.5,-36.9,22.47,104,581,2337,1975,21855,1510,TRUE,1,5.616,0.2694805194805195,14.473509933774835,362
2026-05-01T13:05:20.699,T1,20260501_130449,133,3,0,7.411,-73.4,-109.7,-36.3,15.03,124,1886,1864,1774,31644,2000,TRUE,1,4.411,1.0368334249587685,15.822,90
2026-05-01T13:05:21.690,T1,20260501_130449,134,3,0,9.296,-69.1,-103.4,-34.3,33.17,100,3054,3317,2387,25353,1546,TRUE,1,6.295999999999999,1.0708274894810659,16.39909443725744,930
2026-05-01T13:05:22.679,T1,20260501_130449,135,3,0,7.481,-70.6,-110.4,-39.8,17.39,100,1637,1739,1464,34396,1895,TRUE,1,4.481,1.0221667187012176,18.150923482849603,275
2026-05-01T13:05:23.669,T1,20260501_130449,136,3,0,11.388,-70.1,-113.1,-43.1,14.87,92,487,1368,1015,27019,1649,TRUE,1,8.388,0.4087284934955938,16.385081867798664,353
2026-05-01T13:05:24.689,T1,20260501_130449,137,3,0,10.323,-88.7,-105.7,-16.9,32.75,12,217,393,341,120,222,TRUE,1,7.323,0.5912806539509536,0.5405405405405406,52
2026-05-01T13:05:26.669,T1,20260501_130449,139,3,0,7.584,-70.2,-107,-36.8,27.1,92,2206,2493,2122,32481,1817,TRUE,1,4.584,0.9560130010834236,17.87616951018162,371
2026-05-01T13:05:27.689,T1,20260501_130449,140,3,0,9.437,-69.9,-99.1,-29.2,47.27,116,6713,5483,3619,30375,1737,TRUE,1,6.436999999999999,1.4750604262799385,17.487046632124354,1864
2026-05-01T13:05:29.669,T1,20260501_130449,142,3,0,7.65,-68.9,-112.9,-44,15.73,84,293,1321,1070,26358,1562,TRUE,1,4.65,0.2450857381848599,16.874519846350832,251
2026-05-01T13:05:30.690,T1,20260501_130449,143,3,0,7.692,-70,-107.7,-37.7,27.47,76,2133,2088,1270,25929,1610,TRUE,1,4.692,1.2703990470518165,16.10496894409938,818
2026-05-01T13:05:32.669,T1,20260501_130449,145,3,0,7.387,-71.2,-108.5,-37.2,21.23,100,1950,2123,1465,28289,1757,TRUE,1,4.387,1.0869565217391304,16.100739897552646,658
2026-05-01T13:05:33.721,T1,20260501_130449,146,3,0,8.236,-75.7,-110.7,-35,18.69,36,589,673,432,3278,698,TRUE,1,5.236000000000001,1.0660633484162896,4.696275071633238,241
2026-05-01T13:05:34.679,T1,20260501_130449,147,3,0,11.125,-74.4,-101.1,-26.7,69.47,36,957,2501,1718,4018,739,TRUE,1,8.125,0.4536620052145058,5.437077131258458,783
2026-05-01T13:05:35.699,T1,20260501_130449,148,3,0,9.723,-72.1,-111.6,-39.5,9.49,100,851,949,1746,24362,1679,TRUE,1,6.723000000000001,0.6315398886827458,14.509827278141751,797
2026-05-01T13:05:36.688,T1,20260501_130449,149,3,0,7.955,-71.5,-114,-42.5,17.21,72,653,1239,711,23331,1611,TRUE,1,4.955,0.6697435897435897,14.482309124767225,528
2026-05-01T13:05:42.718,T1,20260501_130449,155,3,0,7.397,-69.9,-107.7,-37.7,20.72,100,2222,2072,1496,28300,1679,TRUE,1,4.397,1.2455156950672646,16.855270994639667,576
2026-05-01T13:05:43.679,T1,20260501_130449,156,3,0,8.429,-71.2,-109.6,-38.5,14.57,96,1652,1399,1531,24993,1648,TRUE,1,5.429,1.1276450511945393,15.165655339805825,132
2026-05-01T13:05:52.709,T1,20260501_130449,165,3,0,10.544,-68.9,-110.8,-41.9,19.03,76,1127,1446,817,21852,1424,TRUE,1,7.544,0.9960229783473266,15.345505617977528,629
2026-05-01T13:05:53.699,T1,20260501_130449,166,3,0,7.115,-71.7,-110.1,-38.4,19.45,92,1665,1789,1400,30374,1847,TRUE,1,4.115,1.044214487300094,16.445046020573905,389
2026-05-01T13:05:54.719,T1,20260501_130449,167,3,0,8.766,-72.9,-107.4,-34.5,20.2,112,3094,2262,1692,33156,2013,TRUE,1,5.766,1.5649974709155285,16.470938897168406,570
2026-05-01T13:05:55.709,T1,20260501_130449,168,3,0,9.925,-70.2,-107.3,-37.1,26.33,84,2020,2212,1997,28715,1706,TRUE,1,6.925000000000001,0.959847945,16.83177022274326,215
2026-05-01T13:05:56.699,T1,20260501_130449,169,3,0,8.105,-70.9,-105.7,-34.8,34.23,92,1996,3149,2807,32073,1850,TRUE,1,5.105,0.6702484889187375,17.336756756756756,342
2026-05-01T13:05:57.719,T1,20260501_130449,170,3,0,7.711,-70.8,-102.2,-31.4,63.5,68,2807,4318,3151,24140,1598,TRUE,1,4.711,0.7516401124648547,15.106382978723405,1167
2026-05-01T13:05:58.709,T1,20260501_130449,171,3,0,8.405,-70.4,-102.5,-32.1,40.85,104,3284,4248,2981,27089,1669,TRUE,1,5.404999999999999,0.9085627334347766,16.23067705212702,1267
2026-05-01T13:06:00.719,T1,20260501_130449,173,3,0,7.373,-71.2,-107.9,-36.7,27.42,72,1806,1974,1631,23375,1596,TRUE,1,4.373,1.0019417475728156,14.645989974937343,343
2026-05-01T13:06:01.709,T1,20260501_130449,174,3,0,8.354,-70.3,-107,-36.6,26.28,116,1641,3049,1825,31140,1787,TRUE,1,5.353999999999999,0.6733688961838326,17.425853385562394,1224
2026-05-01T13:06:02.759,T1,20260501_130449,175,3,0,8.035,-70.3,-112,-41.7,18.06,80,868,1445,865,23368,1543,TRUE,1,5.035,0.7515151515151515,15.14452365521711,580
2026-05-01T13:06:03.718,T1,20260501_130449,176,3,0,7.265,-70.3,-110.9,-40.6,16.51,84,886,1387,1505,25243,1609,TRUE,1,4.265,0.6127247579529738,15.688626476072095,118
2026-05-01T13:06:06.749,T1,20260501_130449,179,3,0,8.128,-70.6,-112.2,-41.6,15.75,84,702,1323,1348,27353,1691,TRUE,1,5.128,0.525645826,16.175635718509756,25
2026-05-01T13:06:08.728,T1,20260501_130449,181,3,0,7.767,-71.4,-110.5,-39.1,19.83,80,835,1586,1735,26498,1711,TRUE,1,4.767,0.5028605841613971,15.486849795441263,149
2026-05-01T13:06:10.738,T1,20260501_130449,183,3,0,8.719,-70.8,-106.9,-36.1,34.78,76,155,2643,2663,27405,1702,TRUE,1,5.718999999999999,0.058424425179042595,16.101645123384255,20
2026-05-01T13:06:12.719,T1,20260501_130449,185,3,0,7.289,-71.8,-110.5,-38.6,15.85,100,1269,1585,1589,27295,1762,TRUE,1,4.289,0.7996219281663516,15.490919409761634,4
2026-05-01T13:06:13.738,T1,20260501_130449,186,3,0,8.293,-71.1,-111.2,-40.1,18.86,88,1274,1660,1405,32246,1867,TRUE,1,5.292999999999999,0.83132137,17.27155865024103,255
2026-05-01T13:06:14.730,T1,20260501_130449,187,3,0,8.058,-70.7,-108.7,-38,20.58,100,1647,2058,1714,29233,1751,TRUE,1,5.058,0.8732767762460233,16.69503141,344
2026-05-01T13:06:16.739,T1,20260501_130449,189,3,0,8.274,-73.3,-110.6,-37.3,15.9,92,773,1463,1296,16916,1456,TRUE,1,5.273999999999999,0.5603479521565785,11.618131868131869,167
2026-05-01T13:06:19.738,T1,20260501_130449,192,3,0,7.894,-71.4,-112.1,-40.7,13.31,88,1096,1171,1354,27245,1736,TRUE,1,4.894,0.8681188118811881,15.694124423963133,183
2026-05-01T13:06:20.730,T1,20260501_130449,193,3,0,10.413,-71.2,-112.2,-41.1,18.66,76,1130,1418,853,25938,1677,TRUE,1,7.413,0.9951563188022897,15.46690518783542,565
2026-05-01T13:06:21.718,T1,20260501_130449,194,3,0,9.165,-97.3,-110.3,-13,15.62,8,108,125,111,6,133,TRUE,1,6.164999999999999,0.9152542372881356,0.045112781954887216,14
2026-05-01T13:06:23.728,T1,20260501_130449,196,3,0,7.5,-71.7,-110,-38.3,23.46,72,1319,1689,1231,22868,1607,TRUE,1,4.5,0.9034246575342466,14.230242688238954,458
2026-05-01T13:06:25.738,T1,20260501_130449,198,3,0,8.926,-76.3,-111.7,-35.4,17.44,32,342,558,439,2480,620,TRUE,1,5.926,0.6860581745235708,4,119
2026-05-01T13:06:26.729,T1,20260501_130449,199,3,0,10.535,-72.1,-110.2,-38.1,18.61,88,1569,1638,1574,28820,1824,TRUE,1,7.535,0.976961395,15.800438596491228,64
2026-05-01T13:06:27.748,T1,20260501_130449,200,3,0,7.805,-72.3,-109.8,-37.4,25.47,68,1722,1732,1287,25697,1739,TRUE,1,4.805,1.1407750910897647,14.776883266244969,445
2026-05-01T13:06:28.738,T1,20260501_130449,201,3,0,8.307,-73.9,-112.5,-38.6,15.46,68,1027,1051,736,15288,1415,TRUE,1,5.307,1.1494124230554001,10.804240282685512,315
2026-05-01T13:06:31.769,T1,20260501_130449,204,3,0,7.49,-73.1,-109.4,-36.3,20.51,92,1696,1887,1362,24259,1732,TRUE,1,4.49,1.044013542628501,14.00635103926097,525
2026-05-01T13:06:32.758,T1,20260501_130449,205,3,0,7.687,-71.6,-108.6,-37,18.35,108,1383,1982,1814,24820,1664,TRUE,1,4.687,0.7286617492096944,14.915865384615385,168
2026-05-01T13:06:33.748,T1,20260501_130449,206,3,0,7.411,-72.4,-109.4,-37,22.07,92,1880,2030,1293,28726,1844,TRUE,1,4.411,1.131507673788745,15.578091106290673,737
2026-05-01T13:06:34.738,T1,20260501_130449,207,3,0,10.511,-71.9,-109.5,-37.7,25.26,76,1021,1920,1772,26146,1725,TRUE,1,7.510999999999999,0.5530877573131094,15.157101449275363,148
2026-05-01T13:06:35.758,T1,20260501_130449,208,3,0,9.878,-73.4,-110.2,-36.8,17.18,116,1349,1993,1818,31607,2001,TRUE,1,6.878,0.7079506691157177,15.79560219890055,175
2026-05-01T13:06:38.788,T1,20260501_130449,211,3,0,10.286,-72.1,-110.8,-38.6,17.88,88,1720,1573,812,26386,1750,TRUE,1,7.286,1.4423480083857443,15.077714285714286,761
2026-05-01T13:06:39.778,T1,20260501_130449,212,3,0,7.945,-71.9,-110.1,-38.2,26.99,68,1381,1835,1268,25901,1721,TRUE,1,4.945,0.8901063486948114,15.049970947123764,567
2026-05-01T13:06:41.758,T1,20260501_130449,214,3,0,7.406,-71.8,-110.5,-38.7,20.42,84,1867,1715,985,30578,1859,TRUE,1,4.406,1.382962962962963,16.44862829478214,730
2026-05-01T13:06:43.801,T1,20260501_130449,216,3,0,7.5,-72.6,-111.2,-38.6,16.51,92,1149,1519,1292,24492,1716,TRUE,1,4.5,0.8175026680896478,14.272727272727273,227
2026-05-01T13:06:49.738,T1,20260501_130449,222,3,0,7.627,-72,-107.5,-35.5,31.36,76,2047,2383,1806,26925,1757,TRUE,1,4.627,0.9773215564573884,15.324416619237336,577
2026-05-01T13:06:50.758,T1,20260501_130449,223,3,0,7.894,-71.5,-108.4,-36.9,27.86,76,1497,2117,1845,26265,1708,TRUE,1,4.894,0.7556789500252398,15.377634660421545,272
2026-05-01T13:06:51.747,T1,20260501_130449,224,3,0,7.748,-71.5,-107.6,-36.1,27.67,84,780,2324,2523,26883,1725,TRUE,1,4.748,0.32184856612337526,15.584347826086956,199
2026-05-01T13:06:55.767,T1,20260501_130449,228,3,0,7.467,-74.5,-107.9,-33.4,26.38,96,2428,2532,1981,30472,2041,TRUE,1,4.467,1.076002658985154,14.929936305732484,551
2026-05-01T13:06:56.758,T1,20260501_130449,229,3,0,7.434,-71.4,-108.8,-37.4,29.58,64,1900,1893,1312,25796,1685,TRUE,1,4.434,1.185647425897036,15.30919881305638,581
2026-05-01T13:06:58.797,T1,20260501_130449,231,3,0,7.636,-72.1,-110.8,-38.7,15.99,112,839,1791,1680,29356,1845,TRUE,1,4.636,0.48343416882742724,15.911111111111111,111
2026-05-01T13:06:59.758,T1,20260501_130449,232,3,0,7.73,-71.6,-110.3,-38.6,18.92,104,1459,1968,1268,30216,1841,TRUE,1,4.73,0.9017305315203955,16.412819120043455,700
2026-05-01T13:07:01.767,T1,20260501_130449,234,3,0,10.633,-72.1,-111.1,-38.9,16.15,100,1891,1615,893,32279,1935,TRUE,1,7.632999999999999,1.5079744816586922,16.681653746770024,722
2026-05-01T13:07:03.747,T1,20260501_130449,236,3,0,8.851,-72.3,-103.2,-30.9,32.72,100,3331,3272,4380,30446,1888,TRUE,1,5.851000000000001,0.8706220595922635,16.12605932,1108
2026-05-01T13:07:04.797,T1,20260501_130449,237,3,0,9.873,-72,-110.2,-38.2,17.59,92,1618,1618,1140,25075,1695,TRUE,1,6.872999999999999,1.173313995649021,14.793510324483776,478
2026-05-01T13:07:05.758,T1,20260501_130449,238,3,0,7.575,-71.7,-111.2,-39.5,20.45,80,1323,1636,1167,28571,1796,TRUE,1,4.575,0.9439885836603639,15.908129175946549,469
2026-05-01T13:07:07.768,T1,20260501_130449,240,3,0,7.397,-73,-110.8,-37.8,17.2,84,1474,1445,1345,24788,1746,TRUE,1,4.397,1.0566308243727598,14.197021764032073,100
2026-05-01T13:07:08.757,T1,20260501_130449,241,3,0,7.697,-71.5,-110.2,-38.7,21.12,88,1353,1859,1451,29230,1804,TRUE,1,4.697,0.817522659,16.20288248337029,408
2026-05-01T13:07:09.776,T1,20260501_130449,242,3,0,7.936,-72.8,-109.5,-36.7,24.09,76,1692,1831,1345,24881,1741,TRUE,1,4.936,1.0654911838790933,14.291211947156807,486
2026-05-01T13:07:11.787,T1,20260501_130449,244,3,0,10.211,-72,-104,-32,38.08,92,3334,3503,2113,25762,1723,TRUE,1,7.211,1.1873219373219372,14.951828206616367,1390
2026-05-01T13:07:14.756,T1,20260501_130449,247,3,0,7.481,-72.4,-108.2,-35.8,25.69,100,1835,2569,1902,31778,1937,TRUE,1,4.481,0.8208454484455379,16.40578213732576,667
2026-05-01T13:07:16.767,T1,20260501_130449,249,3,0,7.922,-71.4,-112.6,-41.2,15.5,88,522,1364,1214,25019,1663,TRUE,1,4.922,0.40496508921644686,15.044497895369814,150
2026-05-01T13:07:17.786,T1,20260501_130449,250,3,0,9.798,-73.6,-113.1,-39.5,18.34,76,370,1394,1623,31681,2020,TRUE,1,6.798,0.24527676499834272,15.683663366336633,229
2026-05-01T13:07:18.807,T1,20260501_130449,251,3,0,7.57,-71.9,-112.4,-40.4,17.18,84,860,1443,1406,30373,1865,TRUE,1,4.57,0.6037206037206038,16.285790884718498,37
2026-05-01T13:07:20.787,T1,20260501_130449,253,3,0,7.612,-72.3,-109.7,-37.4,24.26,84,1509,2038,1466,28499,1828,TRUE,1,4.612,0.8613013698630136,15.590262582056893,572
2026-05-01T13:07:23.787,T1,20260501_130449,256,3,0,10.323,-71.1,-112.8,-41.6,12.34,92,1130,1135,1362,32417,1874,TRUE,1,7.323,0.9050861033239888,17.29829242,227
2026-05-01T13:07:24.778,T1,20260501_130449,257,3,0,8.855,-72.5,-107.8,-35.3,22.95,88,2041,2020,1580,22883,1651,TRUE,1,5.855,1.133888888888889,13.860084797092671,440
2026-05-01T13:07:25.767,T1,20260501_130449,258,3,0,9.156,-78.1,-109.5,-31.4,23.14,28,324,648,543,1742,553,TRUE,1,6.156000000000001,0.5440806045340051,3.150090415913201,105
2026-05-01T13:07:26.786,T1,20260501_130449,259,3,0,7.978,-73.3,-110.9,-37.6,19.19,84,758,1612,1535,22575,1682,TRUE,1,4.978,0.4817286304416905,13.421521997621879,77
2026-05-01T13:07:29.846,T1,20260501_130449,262,3,0,8.175,-71.6,-111.8,-40.3,16.16,96,857,1551,1273,27432,1749,TRUE,1,5.175000000000001,0.6069405099150141,15.684391080617496,278
2026-05-01T13:07:31.796,T1,20260501_130449,264,3,0,10.924,-71.3,-110,-38.7,21.1,92,1316,1941,1419,29063,1786,TRUE,1,7.924,0.7833333333333333,16.272676371780516,522
2026-05-01T13:07:32.786,T1,20260501_130449,265,3,0,9.85,-71.8,-111.9,-40.1,16.64,92,384,1531,1374,24837,1678,TRUE,1,6.85,0.2643717728055077,14.801549463647198,157
2026-05-01T13:07:35.786,T1,20260501_130449,268,3,0,8.203,-71.2,-110.8,-39.5,17.3,92,965,1592,1387,24730,1642,TRUE,1,5.202999999999999,0.6478684122188654,15.060901339829476,205
2026-05-01T13:07:36.777,T1,20260501_130449,269,3,0,8.973,-71.3,-111.3,-40.1,18.89,84,1129,1587,1095,26059,1688,TRUE,1,5.973000000000001,0.8419090231170768,15.437796208530806,492
2026-05-01T13:07:37.796,T1,20260501_130449,270,3,0,7.462,-71.4,-110.9,-39.4,16.2,100,877,1620,1550,26790,1721,TRUE,1,4.462,0.5533123028391167,15.566531086577571,70
2026-05-01T13:07:38.786,T1,20260501_130449,271,3,0,9.132,-70.6,-110.9,-40.3,22.68,76,1360,1724,1151,30377,1781,TRUE,1,6.132,0.9460869565217391,17.056148231330713,573
2026-05-01T13:07:39.806,T1,20260501_130449,272,3,0,7.617,-72,-111.2,-39.2,22.19,84,1320,1864,1233,32090,1920,TRUE,1,4.617,0.8524378430739425,16.713541666666668,631
2026-05-01T13:07:40.796,T1,20260501_130449,273,3,0,10.891,-70.7,-110.9,-40.2,19.83,76,1446,1507,1128,27794,1707,TRUE,1,7.891,1.0975332068311194,16.282366725248973,379
2026-05-01T13:07:41.786,T1,20260501_130449,274,3,0,8.865,-71.2,-110.3,-39.1,20.17,80,1125,1614,1356,23741,1609,TRUE,1,5.865,0.7575757575757576,14.755127408328153,258
2026-05-01T13:07:43.796,T1,20260501_130449,276,3,0,7.706,-70.8,-109.7,-38.9,16.12,100,1449,1612,1448,25148,1632,TRUE,1,4.706,0.9470588235294117,15.409313725490197,164
2026-05-01T13:07:44.816,T1,20260501_130449,277,3,0,9.024,-70.8,-110.4,-39.6,21.64,76,1356,1645,1342,27376,1703,TRUE,1,6.023999999999999,0.9079343823234014,16.07516147974163,303
2026-05-01T13:07:45.805,T1,20260501_130449,278,3,0,8.991,-71,-110.4,-39.4,17.21,92,1594,1583,1147,27258,1712,TRUE,1,5.991,1.1677655677655678,15.921728971962617,436
,,,,,,,,,,,,,,,,,,,,,,
,,,,,,,,,,,,,,,,,,,,,,
,,,,,,,,,,,,,,,,,,,,,,
,,,,,,,,,,,,,,,,,,,,,,
,,,,,,,,,,,,,,,,,,,,,,
,,,,,,,,,,,,,,,,,,,,,,
,,,,,,,,,,,,,,,,,,,,,,
,,,,,,,,,,,,,,,,,,,,,,
,,,,,,,,,,,,,,,,,,,,,,
,,,,,,,,,,,,,,,,,,,,,,
,,,,,,,,,,,,,,,,,,,,,,
,,,,,,,,,,,,,,,,,,,,,,
,,,,,,,,,,,,,,,,,,,,,,
,,,,,,,,,,,,,,,,,,,,,,
,,,,,,,,,,,,,,,,,,,,,,
,,,,,,,,,,,,,,,,,,,,,,
,,,,,,,,,,,,,,,,,,,,,,
,,,,,,,,,,,,,,,,,,,,,,
,,,,,,,,,,,,,,,,,,,,,,
,,,,,,,,,,,,,,,,,,,,,,
,,,,,,,,,,,,,,,,,,,,,,
,,,,,,,,,,,,,,,,,,,,,,
,,,,,,,,,,,,,,,,,,,,,,
,,,,,,,,,,,,,,,,,,,,,,
,,,,,,,,,,,,,,,,,,,,,,
,,,,,,,,,,,,,,,,,,,,,,
,,,,,,,,,,,,,,,,,,,,,,
,,,,,,,,,,,,,,,,,,,,,,
,,,,,,,,,,,,,,,,,,,,,,
,,,,,,,,,,,,,,,,,,,,,,
,,,,,,,,,,,,,,,,,,,,,,
,,,,,,,,,,,,,,,,,,,,,,
,,,,,,,,,,,,,,,,,,,,,,
,,,,,,,,,,,,,,,,,,,,,,
,,,,,,,,,,,,,,,,,,,,,,
,,,,,,,,,,,,,,,,,,,,,,
,,,,,,,,,,,,,,,,,,,,,,
,,,,,,,,,,,,,,,,,,,,,,
,,,,,,,,,,,,,,,,,,,,,,
,,,,,,,,,,,,,,,,,,,,,,
,,,,,,,,,,,,,,,,,,,,,,
,,,,,,,,,,,,,,,,,,,,,,
,,,,,,,,,,,,,,,,,,,,,,
,,,,,,,,,,,,,,,,,,,,,,
,,,,,,,,,,,,,,,,,,,,,,
,,,,,,,,,,,,,,,,,,,,,,
,,,,,,,,,,,,,,,,,,,,,,
,,,,,,,,,,,,,,,,,,,,,,
,,,,,,,,,,,,,,,,,,,,,,
,,,,,,,,,,,,,,,,,,,,,,
,,,,,,,,,,,,,,,,,,,,,,
,,,,,,,,,,,,,,,,,,,,,,
2026-05-01T13:13:52.703,T1,20260501_131352,1104,3,0,8.316,-71.7,-101.8,-30.1,46.69,84,2518,3922,4035,21429,1553,TRUE,1,5.316000000000001,0.6329018474299359,13.798454603992273,113
2026-05-01T13:13:52.823,T1,20260501_131352,1105,3,0,6.623,-72.2,-101.5,-29.3,54.46,100,3159,5446,4557,30822,1897,TRUE,1,3.623,0.6316105168449465,16.247759620453348,889
2026-05-01T13:13:52.914,T1,20260501_131352,1106,3,0,8.874,-71.7,-101.5,-29.8,43.33,108,2831,4680,3903,23996,1645,TRUE,1,5.8740000000000006,0.6596761039263661,14.587234042553192,777
2026-05-01T13:13:53.003,T1,20260501_131352,1107,3,0,6.703,-71.4,-101.7,-30.3,59.29,76,2838,4506,4078,25153,1666,TRUE,1,3.703,0.6612301957129544,15.097839135654262,428
2026-05-01T13:13:53.153,T1,20260501_131352,1108,3,0,6.66,-71.5,-101.8,-30.2,52.75,76,2652,4009,3791,21187,1536,TRUE,1,3.66,0.68,13.793619791666666,218
2026-05-01T13:13:53.216,T1,20260501_131352,1109,3,0,6.914,-71.8,-101.4,-29.7,51.44,100,3067,5144,4750,30144,1847,TRUE,1,3.914,0.6199717000202143,16.320519761775852,394
2026-05-01T13:13:53.543,T1,20260501_131352,1112,3,0,7.481,-74.7,-103,-28.2,46.53,40,1850,1861,1107,4850,821,TRUE,1,4.481,1.2466307277628033,5.9074299634591965,754
2026-05-01T13:13:53.665,T1,20260501_131352,1113,3,0,7.064,-71.7,-101.6,-29.9,51.74,72,2595,3725,3817,19060,1464,TRUE,1,4.064,0.6881463802704852,13.019125683060109,92
2026-05-01T13:13:53.754,T1,20260501_131352,1114,3,0,7.181,-71.8,-101.3,-29.6,62.15,84,3285,5221,3739,26167,1720,TRUE,1,4.181,0.7332589285714286,15.213372093023256,1482
2026-05-01T13:13:53.843,T1,20260501_131352,1115,3,0,6.989,-71.7,-101.6,-29.9,43.86,92,2850,4035,3878,21245,1547,TRUE,1,3.989,0.7203336282067484,13.733031674208144,157
2026-05-01T13:13:54.085,T1,20260501_131352,1117,3,0,6.609,-71.8,-101.9,-30,52.41,88,3101,4612,3791,25737,1711,TRUE,1,3.609,0.7380697369986909,15.042080654587961,821
2026-05-01T13:13:54.203,T1,20260501_131352,1118,3,0,6.909,-74,-102.4,-28.4,50.27,104,3371,5228,4241,31312,2035,TRUE,1,3.909,0.7120076037596367,15.386732186732187,987
2026-05-01T13:13:54.743,T1,20260501_131352,1123,3,0,7.2,-71.6,-102.3,-30.7,61.98,56,2744,3471,3747,21282,1544,TRUE,1,4.2,0.7603214186755334,13.783678756476684,276
2026-05-01T13:13:55.103,T1,20260501_131352,1126,3,0,8.959,-74.3,-102.4,-28.1,56.84,92,3868,5229,3694,30232,2017,TRUE,1,5.959,0.8669729911464754,14.988596926127913,1535
2026-05-01T13:13:55.193,T1,20260501_131352,1127,3,0,6.96,-71.7,-102.2,-30.5,52.2,76,3123,3967,3057,21567,1558,TRUE,1,3.96,0.8892369020501139,13.842747111681643,910
2026-05-01T13:13:55.285,T1,20260501_131352,1128,3,0,6.534,-71.9,-101.9,-30,45.3,92,3365,4168,3434,23056,1621,TRUE,1,3.534,0.8852933438568797,14.223318938926589,734
2026-05-01T13:13:55.434,T1,20260501_131352,1129,3,0,8.902,-73.4,-102.2,-28.8,53.66,88,3348,4722,4832,30998,1979,TRUE,1,5.901999999999999,0.7008582792547624,15.663466397170287,110
2026-05-01T13:13:55.493,T1,20260501_131352,1130,3,0,7.96,-76.3,-103.4,-27.1,48.28,36,1284,1738,1502,4136,801,TRUE,1,4.96,0.7925925925925926,5.163545568,236
2026-05-01T13:13:55.584,T1,20260501_131352,1131,3,0,7.467,-77.4,-103.7,-26.3,39.88,40,1149,1595,1083,2953,702,TRUE,1,4.467,0.8581030619865572,4.206552706552706,512
2026-05-01T13:13:55.704,T1,20260501_131352,1132,3,0,6.946,-71.5,-102.6,-31.1,41.47,104,3437,4313,2653,25755,1694,TRUE,1,3.946,0.9867929945449325,15.203659976387248,1660
2026-05-01T13:13:55.943,T1,20260501_131352,1134,3,0,6.867,-71.9,-102.9,-31,60.12,64,2367,3848,3288,22248,1595,TRUE,1,3.867,0.663396861,13.94858934169279,560
2026-05-01T13:13:56.003,T1,20260501_131352,1135,3,0,8.508,-72.6,-102.3,-29.7,56.9,80,3885,4552,3079,26920,1793,TRUE,1,5.507999999999999,1.018215174944306,15.013943112102622,1473
2026-05-01T13:13:56.636,T1,20260501_131352,1140,3,0,7.326,-82.6,-103.9,-21.3,43.94,16,506,703,575,463,333,TRUE,1,4.326,0.7918622848200313,1.3903903903903905,128
2026-05-01T13:13:56.921,T1,20260501_131352,1141,3,0,6.956,-71.8,-101.1,-29.3,45.06,116,5228,5227,3678,32713,1924,TRUE,1,3.956,1.174171813587872,17.002598752598754,1549
2026-05-01T13:13:56.921,T1,20260501_131352,1142,3,0,6.707,-72.8,-101.1,-28.3,42.11,108,5200,4548,4998,32597,1989,TRUE,1,3.707,1.0894615545778337,16.388637506284564,450
2026-05-01T13:13:56.922,T1,20260501_131352,1143,3,0,7.88,-71.8,-100.8,-28.9,48.01,100,3772,4801,4841,26726,1741,TRUE,1,4.88,0.7824102883219249,15.350947731188972,40
2026-05-01T13:14:13.643,T1,20260501_131352,1296,3,0,8.307,-72.4,-103,-30.6,43.21,84,2581,3630,3744,24070,1685,TRUE,1,5.307,0.7000271223216707,14.28486646884273,114
2026-05-01T13:14:13.973,T1,20260501_131352,1299,3,0,6.21,-71.2,-104.2,-33.1,38.19,100,3003,3819,2395,30142,1808,TRUE,1,3.21,0.9665271966527197,16.67146017699115,1424
2026-05-01T13:14:14.093,T1,20260501_131352,1300,3,0,6.224,-72.7,-102.5,-29.8,60.74,80,3187,4859,4424,33003,1992,TRUE,1,3.224,0.6866314768932457,16.56777108433735,435
2026-05-01T13:14:14.303,T1,20260501_131352,1302,3,0,7.861,-72.8,-103.5,-30.6,54.52,84,2791,4580,3747,32902,2002,TRUE,1,4.861,0.6703494655938513,16.434565434565435,833
2026-05-01T13:14:14.423,T1,20260501_131352,1303,3,0,8.011,-70.9,-103.8,-32.9,41.52,92,3031,3820,2709,29323,1768,TRUE,1,5.010999999999999,0.9284729667636697,16.585407239819006,1111
2026-05-01T13:14:14.544,T1,20260501_131352,1304,3,0,6.313,-70.7,-103.5,-32.8,49.2,76,2137,3739,3121,25322,1630,TRUE,1,3.3129999999999997,0.6230320699708455,15.534969325153375,618
2026-05-01T13:14:14.607,T1,20260501_131352,1305,3,0,6.327,-72.7,-103.5,-30.8,41.99,112,3073,4703,3419,33643,2016,TRUE,1,3.327,0.7567101699088894,16.68799603174603,1284
2026-05-01T13:14:15.084,T1,20260501_131352,1309,3,0,7.622,-76.8,-104.1,-27.3,45.81,32,952,1466,1185,2999,693,TRUE,1,4.622,0.7182195397963033,4.327561327561328,281
2026-05-01T13:14:15.413,T1,20260501_131352,1312,3,0,7.42,-72.4,-103.1,-30.6,50.27,84,2697,4223,3788,28307,1832,TRUE,1,4.42,0.6733241792535264,15.451419213973798,435
2026-05-01T13:14:15.863,T1,20260501_131352,1316,3,0,6.384,-72.1,-103.1,-31.1,47.74,88,3385,4201,3123,29143,1835,TRUE,1,3.3840000000000003,0.9243582741671218,15.88174386920981,1078
2026-05-01T13:14:16.433,T1,20260501_131352,1321,3,0,6.67,-73.6,-103,-29.4,44.84,104,4034,4663,3163,31434,2010,TRUE,1,3.67,1.0309225658062868,15.638805970149253,1500
2026-05-01T13:14:16.972,T1,20260501_131352,1325,3,0,7.673,-71.4,-103.7,-32.3,47.35,84,2591,3977,3068,28672,1780,TRUE,1,4.673,0.7355571327182399,16.107865168539327,909
2026-05-01T13:14:17.154,T1,20260501_131352,1327,3,0,7.88,-72,-103.6,-31.6,34.34,116,2407,3984,3819,30563,1873,TRUE,1,4.88,0.6169422017172882,16.317672183662573,165
2026-05-01T13:14:17.244,T1,20260501_131352,1328,3,0,6.299,-71.9,-103.5,-31.6,36.72,116,3535,4260,2698,31061,1880,TRUE,1,3.2990000000000004,1.0160965794768613,16.521808510638298,1562
2026-05-01T13:14:17.664,T1,20260501_131352,1332,3,0,7.547,-75.3,-104.6,-29.3,45.36,36,1094,1633,1280,4622,818,TRUE,1,4.547,0.7511156882938551,5.650366748,353
2026-05-01T13:14:17.783,T1,20260501_131352,1333,3,0,6.191,-73.3,-104.4,-31.1,37.65,108,3511,4066,2655,32901,2032,TRUE,1,3.191,1.0447850022318108,16.191437007874015,1411
2026-05-01T13:14:17.993,T1,20260501_131352,1335,3,0,7.458,-73.3,-104.1,-30.8,43.19,96,3654,4146,2544,31690,1998,TRUE,1,4.458,1.0923766816143499,15.86086086086086,1602
2026-05-01T13:14:18.563,T1,20260501_131352,1340,3,0,7.913,-73.1,-104.6,-31.6,32.24,108,2373,3482,3789,31706,1980,TRUE,1,4.913,0.6527300233805529,16.013131313131314,307
2026-05-01T13:14:18.684,T1,20260501_131352,1341,3,0,6.196,-73.6,-103.9,-30.3,40.06,104,3743,4166,2705,31024,1993,TRUE,1,3.1959999999999997,1.0895066220346383,15.566482689412945,1461
2026-05-01T13:14:19.013,T1,20260501_131352,1344,3,0,6.435,-71.5,-104.3,-32.8,33.08,116,2660,3837,3130,32210,1894,TRUE,1,3.4349999999999996,0.7635998277594374,17.006335797254486,707
2026-05-01T13:14:19.344,T1,20260501_131352,1347,3,0,8.199,-71.8,-104.1,-32.2,34.83,112,2488,3901,3301,30580,1865,TRUE,1,5.199,0.690919189,16.396782841823057,600
2026-05-01T13:14:19.463,T1,20260501_131352,1348,3,0,6.524,-72.9,-105.2,-32.3,42.15,88,3085,3709,2305,32607,1997,TRUE,1,3.524,1.0259394745593615,16.327991987981974,1404
2026-05-01T13:14:19.553,T1,20260501_131352,1349,3,0,6.562,-71.4,-104.5,-33.2,35.83,100,2055,3583,3089,28708,1777,TRUE,1,3.5620000000000003,0.6160071942446043,16.155317951603827,494
2026-05-01T13:14:19.644,T1,20260501_131352,1350,3,0,6.219,-71.4,-103.7,-32.4,40.7,96,2979,3907,3156,30785,1842,TRUE,1,3.2190000000000003,0.8435508990513946,16.712812160694895,751
2026-05-01T13:14:19.973,T1,20260501_131352,1353,3,0,6.604,-73.4,-104.2,-30.8,39.05,104,2638,4061,3682,32094,2014,TRUE,1,3.604,0.681389642,15.93545183714002,379
2026-05-01T13:14:20.093,T1,20260501_131352,1354,3,0,7.992,-71.4,-103.4,-32,42.32,88,2317,3724,3489,25962,1691,TRUE,1,4.992,0.6424511299043394,15.353045535186281,235
2026-05-01T13:14:20.542,T1,20260501_131352,1358,3,0,7.716,-71.9,-103.5,-31.5,36.94,112,3751,4137,2457,30319,1862,TRUE,1,4.716,1.137700940248711,16.283029001074112,1680
2026-05-01T13:14:20.662,T1,20260501_131352,1359,3,0,6.309,-91.1,-103.6,-12.5,39.95,108,3277,4315,2863,5117,1906,TRUE,1,3.309,0.9130677068821399,2.6846799580272824,1452
2026-05-01T13:14:20.753,T1,20260501_131352,1360,3,0,6.327,-73.3,-103.2,-30,40.32,108,2934,4355,4378,32903,2033,TRUE,1,3.327,0.6719340432840948,16.18445646827349,23
2026-05-01T13:14:20.844,T1,20260501_131352,1361,3,0,6.867,-71.5,-102.7,-31.2,38.88,112,4019,4355,2588,29331,1805,TRUE,1,3.867,1.1577128042632867,16.249861495844875,1767
2026-05-01T13:14:20.964,T1,20260501_131352,1362,3,0,8.705,-70.7,-104.1,-33.3,41.99,80,1461,3359,3474,25861,1649,TRUE,1,5.705,0.427630616,15.682838083687082,115
2026-05-01T13:14:21.052,T1,20260501_131352,1363,3,0,6.271,-71.4,-105.6,-34.1,29.88,100,1756,2988,2713,26500,1711,TRUE,1,3.271,0.6160322750394668,15.48801870251315,275
2026-05-01T13:14:21.180,T1,20260501_131352,1364,3,0,8.518,-71.6,-107.4,-35.8,26.5,92,1217,2438,2440,27719,1762,TRUE,1,5.518000000000001,0.4989749897498975,15.73155505107832,2
2026-05-01T13:14:21.292,T1,20260501_131352,1365,3,0,6.581,-71.6,-106,-34.5,30.89,104,436,3213,3140,30677,1849,TRUE,1,3.5810000000000004,0.1372579883519597,16.591130340724717,73
2026-05-01T13:14:21.473,T1,20260501_131352,1367,3,0,6.951,-74,-104.3,-30.4,41.82,68,1352,2844,2584,14380,1377,TRUE,1,3.951,0.49815770081061167,10.442992011619463,260
2026-05-01T13:14:21.683,T1,20260501_131352,1369,3,0,6.445,-73.5,-105.5,-32,33.37,100,1437,3337,3729,31563,2008,TRUE,1,3.4450000000000003,0.4067364845740164,15.718625498007968,392
2026-05-01T13:14:21.951,T1,20260501_131352,1371,3,0,7.369,-75.7,-104.3,-28.5,42.98,52,1347,2235,1692,7288,1041,TRUE,1,4.369,0.6860198624904508,7.000960614793468,543
2026-05-01T13:14:22.012,T1,20260501_131352,1372,3,0,6.426,-71.7,-103.2,-31.5,45.69,88,2511,4021,3802,28863,1804,TRUE,1,3.426,0.6419532148792023,15.999445676274945,219
2026-05-01T13:14:22.102,T1,20260501_131352,1373,3,0,8.335,-71.6,-103.1,-31.5,46.39,92,2879,4268,3622,30401,1845,TRUE,1,5.335000000000001,0.7297845373891001,16.477506775067752,646
2026-05-01T13:14:22.343,T1,20260501_131352,1375,3,0,6.459,-71.5,-103.3,-31.9,41.97,96,3250,4029,3310,30872,1851,TRUE,1,3.4589999999999996,0.885679248,16.678552133981633,719
2026-05-01T13:14:22.554,T1,20260501_131352,1377,3,0,6.792,-73.4,-102.8,-29.4,41.69,112,3547,4669,3898,31069,1985,TRUE,1,3.792,0.8280611649352165,15.651889168765743,771
2026-05-01T13:14:22.673,T1,20260501_131352,1378,3,0,6.388,-82,-102.9,-20.9,36.36,104,2861,3781,3896,13463,1755,TRUE,1,3.388,0.7453432330337372,7.671225071225071,115
2026-05-01T13:14:23.574,T1,20260501_131352,1386,3,0,6.665,-71.9,-107.7,-35.8,25.09,88,1433,2208,2441,27987,1786,TRUE,1,3.665,0.6164766616476661,15.670212765957446,233
2026-05-01T13:14:23.663,T1,20260501_131352,1387,3,0,6.904,-74.1,-103.7,-29.6,41.62,104,3647,4329,3078,30883,2028,TRUE,1,3.904,0.9847441609288511,15.228303747534516,1251
2026-05-01T13:14:23.845,T1,20260501_131352,1388,3,0,7.823,-72,-103,-31,37.54,124,3815,4655,2851,32034,1917,TRUE,1,4.823,1.0165201172395417,16.710485133020345,1804
2026-05-01T13:14:24.024,T1,20260501_131352,1390,3,0,8.522,-73.6,-105.3,-31.7,36.46,92,1836,3354,3757,31897,2021,TRUE,1,5.522,0.5163830684854451,15.782780801583375,403
2026-05-01T13:14:24.625,T1,20260501_131352,1395,3,0,6.233,-72.1,-104.9,-32.8,34.65,104,1815,3604,3201,30011,1864,TRUE,1,3.2329999999999997,0.5334313005143277,16.10032188841202,403
2026-05-01T13:14:24.802,T1,20260501_131352,1397,3,0,7.884,-71.3,-101.2,-29.8,42.13,100,3930,4213,3552,22895,1584,TRUE,1,4.884,1.012234385061172,14.453914141414142,661
2026-05-01T13:14:25.164,T1,20260501_131352,1400,3,0,8.513,-71.1,-101.7,-30.6,40.92,88,3819,3601,3257,22146,1547,TRUE,1,5.513,1.1137357830271215,14.315449256625728,344
2026-05-01T13:14:25.253,T1,20260501_131352,1401,3,0,6.529,-72.1,-105.9,-33.8,33.44,84,3042,2809,1744,28570,1816,TRUE,1,3.529,1.336261805403031,15.732378854625551,1065
2026-05-01T13:14:25.492,T1,20260501_131352,1403,3,0,6.257,-70.8,-107.7,-36.9,29.7,96,1318,2851,1766,30563,1801,TRUE,1,3.2569999999999997,0.5709335066060213,16.970016657412547,1085
2026-05-01T13:14:25.555,T1,20260501_131352,1404,3,0,6.393,-71.2,-107.2,-36,28.75,92,131,2645,2410,25987,1679,TRUE,1,3.393,0.051829871,15.477665276950566,235
2026-05-01T13:14:25.674,T1,20260501_131352,1405,3,0,6.445,-70.2,-105.9,-35.7,35.06,80,963,2805,2512,24471,1578,TRUE,1,3.4450000000000003,0.3622343426744405,15.507604562737642,293
2026-05-01T13:14:25.763,T1,20260501_131352,1406,3,0,7.514,-74.2,-105.4,-31.1,38.9,48,1274,1867,1293,7293,988,TRUE,1,4.514,0.8063291139240506,7.381578947368421,574
2026-05-01T13:14:26.694,T1,20260501_131352,1414,3,0,6.684,-70.2,-106.1,-35.9,20.23,124,972,2508,3404,31963,1801,TRUE,1,3.684,0.32882273342354534,17.747362576346475,896
2026-05-01T13:14:26.933,T1,20260501_131352,1416,3,0,6.21,-70,-106.3,-36.3,33.38,88,340,2937,2746,29019,1706,TRUE,1,3.21,0.11965511173675876,17.00996483001172,191
2026-05-01T13:14:27.144,T1,20260501_131352,1418,3,0,6.454,-70.6,-108.6,-38,22.82,96,375,2191,2348,30375,1783,TRUE,1,3.4539999999999997,0.16523463317911435,17.035894559730792,157
2026-05-01T13:14:27.235,T1,20260501_131352,1419,3,0,6.449,-70.5,-107.6,-37.1,25.57,112,1391,2864,1742,30953,1790,TRUE,1,3.449,0.6039947894051237,17.29217877094972,1122
2026-05-01T13:14:27.473,T1,20260501_131352,1421,3,0,6.177,-70,-107.5,-37.5,21.3,96,1045,2045,2722,29629,1722,TRUE,1,3.1769999999999996,0.4384308789595133,17.206155632984903,677
2026-05-01T13:14:27.803,T1,20260501_131352,1424,3,0,7.162,-73.3,-106.9,-33.5,29.37,52,866,1527,1100,6929,934,TRUE,1,4.162,0.6593071945184621,7.418629550321199,427
2026-05-01T13:14:28.043,T1,20260501_131352,1426,3,0,7.054,-79,-107.6,-28.6,25.12,24,350,603,411,845,397,TRUE,1,4.054,0.6903353057199211,2.1284634760705288,192
2026-05-01T13:14:28.132,T1,20260501_131352,1427,3,0,7.627,-72,-106.3,-34.3,24.73,116,1228,2869,3505,34346,1986,TRUE,1,4.627,0.3853153435833072,17.294058408862035,636
2026-05-01T13:14:28.222,T1,20260501_131352,1428,3,0,6.327,-70.4,-106.9,-36.5,23.95,92,840,2203,2980,28784,1721,TRUE,1,3.327,0.32413660042446457,16.72515979081929,777
2026-05-01T13:14:28.342,T1,20260501_131352,1429,3,0,6.627,-69.9,-106.5,-36.5,32.93,84,681,2766,2569,27395,1652,TRUE,1,3.627,0.25529522024367385,16.582929782082324,197
2026-05-01T13:14:28.432,T1,20260501_131352,1430,3,0,6.557,-70.4,-106.7,-36.3,18.97,120,1287,2276,3279,33711,1863,TRUE,1,3.5570000000000004,0.4633663366336634,18.095008051529792,1003
2026-05-01T13:14:28.552,T1,20260501_131352,1431,3,0,6.571,-69.7,-106.5,-36.8,30.63,84,498,2573,2561,25832,1592,TRUE,1,3.5709999999999997,0.19400077911959485,16.22613065326633,12
2026-05-01T13:14:28.642,T1,20260501_131352,1432,3,0,6.674,-70.4,-106,-35.6,29.11,116,1656,3377,2241,31055,1790,TRUE,1,3.674,0.5895336418654326,17.349162011173185,1136
2026-05-01T13:14:28.736,T1,20260501_131352,1433,3,0,6.332,-70.3,-106.2,-35.9,32.88,92,2206,3025,1754,29021,1723,TRUE,1,3.332,0.9232056915672735,16.843296575739988,1271
2026-05-01T13:14:28.973,T1,20260501_131352,1435,3,0,7.659,-70.7,-106.3,-35.6,28.73,104,400,2988,2964,30129,1779,TRUE,1,4.659,0.13440860215053763,16.93591905564924,24
2026-05-01T13:14:29.062,T1,20260501_131352,1436,3,0,6.369,-69.8,-105.1,-35.3,38.91,88,2362,3424,2091,29982,1723,TRUE,1,3.369,0.8565729827742521,17.401044689495066,1333
2026-05-01T13:14:29.183,T1,20260501_131352,1437,3,0,7.589,-75.3,-107,-31.7,24.65,48,227,1183,1069,3780,738,TRUE,1,4.589,0.20159857904085257,5.121951219512195,114
2026-05-01T13:14:29.274,T1,20260501_131352,1438,3,0,6.276,-70.7,-106.4,-35.7,22.5,124,831,2790,3345,34044,1889,TRUE,1,3.276,0.2709046454767726,18.022233986236103,555
2026-05-01T13:14:29.482,T1,20260501_131352,1440,3,0,6.402,-70.5,-106.3,-35.7,29.2,104,256,3037,3336,34960,1906,TRUE,1,3.402,0.08033893,18.342077649527806,299
2026-05-01T13:14:29.602,T1,20260501_131352,1441,3,0,6.318,-70.9,-105.6,-34.8,35.7,96,2033,3427,2225,30036,1787,TRUE,1,3.3179999999999996,0.7193913658881812,16.80805819809737,1202
2026-05-01T13:14:29.692,T1,20260501_131352,1442,3,0,6.313,-71.1,-106.7,-35.6,29.22,104,969,3039,2602,30868,1825,TRUE,1,3.3129999999999997,0.343556107,16.913972602739726,437
2026-05-01T13:14:47.124,T1,20260501_131446,1602,3,0,7.814,-73,-108.2,-35.2,23.53,72,1090,1694,1052,11687,1200,TRUE,1,4.814,0.7938820101966497,9.739166666666666,642
2026-05-01T13:14:47.241,T1,20260501_131446,1603,3,0,6.684,-71.4,-107.7,-36.3,29.96,76,848,2277,2190,23911,1624,TRUE,1,3.684,0.3796731587194985,14.723522167487685,87
2026-05-01T13:14:47.332,T1,20260501_131446,1604,3,0,6.487,-71.2,-108.3,-37.1,32.58,80,1464,2606,1831,31882,1861,TRUE,1,3.487,0.6599053414469236,17.131649650725418,775
2026-05-01T13:14:47.544,T1,20260501_131446,1606,3,0,8.1,-70.8,-108.7,-37.9,21.35,92,951,1964,2364,30145,1785,TRUE,1,5.1,0.43946395563770796,16.88795518207283,400
2026-05-01T13:14:48.262,T1,20260501_131446,1612,3,0,8.851,-71.1,-106.6,-35.6,28.71,96,1370,2756,2174,25578,1660,TRUE,1,5.851000000000001,0.5557809330628803,15.40843373493976,582
2026-05-01T13:14:48.472,T1,20260501_131446,1614,3,0,7.673,-74.6,-107.6,-33,24.39,36,739,878,1237,5054,834,TRUE,1,4.673,0.6988179669030733,6.059952038369304,359
2026-05-01T13:14:48.562,T1,20260501_131446,1615,3,0,6.674,-71.8,-106.5,-34.7,28.93,96,1555,2777,2244,24894,1678,TRUE,1,3.674,0.619398526,14.835518474374256,533
2026-05-01T13:14:48.654,T1,20260501_131446,1616,3,0,6.506,-71.8,-106.4,-34.6,26.54,104,1433,2760,2569,26427,1729,TRUE,1,3.506,0.5378119722274348,15.284557547715442,191
2026-05-01T13:14:49.253,T1,20260501_131446,1621,3,0,6.463,-73.3,-107.9,-34.6,22.63,120,1079,2716,2548,31273,1983,TRUE,1,3.463,0.40995440729483285,15.770549672213818,168
2026-05-01T13:14:49.342,T1,20260501_131446,1622,3,0,6.318,-73.1,-107.5,-34.4,28.29,112,1833,3169,1888,32269,2002,TRUE,1,3.3179999999999996,0.7249357326478149,16.11838161838162,1281
2026-05-01T13:14:49.552,T1,20260501_131446,1624,3,0,8.71,-72.1,-107.6,-35.4,21.92,108,1155,2367,2973,32632,1945,TRUE,1,5.710000000000001,0.43258426966292135,16.77737789203085,606
2026-05-01T13:14:50.001,T1,20260501_131446,1628,3,0,7.078,-90.9,-110.8,-19.9,8.33,12,78,100,209,45,174,TRUE,1,4.078,0.5048543689320388,0.25862068965517243,109
2026-05-01T13:14:50.122,T1,20260501_131446,1629,3,0,6.778,-70.8,-105.7,-35,32.74,76,1907,2488,2653,24974,1623,TRUE,1,3.778,0.7418790118653958,15.387553912507702,165
2026-05-01T13:14:50.452,T1,20260501_131446,1632,3,0,7.641,-76,-106.6,-30.6,32.19,36,775,1159,948,3566,735,TRUE,1,4.641,0.7356430944470812,4.851700680272109,211
2026-05-01T13:14:51.204,T1,20260501_131446,1638,3,0,7.889,-73.6,-105.9,-32.3,31.67,104,857,3294,3555,30666,1983,TRUE,1,4.889,0.25025551175354066,15.46444780635401,261
2026-05-01T13:14:51.241,T1,20260501_131446,1639,3,0,7.04,-71.3,-104.5,-33.2,35.74,76,1747,2716,3632,25394,1665,TRUE,1,4.04,0.5504095778197857,15.251651651651652,916
2026-05-01T13:14:51.714,T1,20260501_131446,1643,3,0,7.317,-73.8,-105.7,-31.9,28.73,56,953,1609,1545,7030,957,TRUE,1,4.317,0.6043119847812302,7.345872518286312,64
2026-05-01T13:14:51.832,T1,20260501_131446,1644,3,0,6.684,-70.1,-104.9,-34.8,29.8,84,1754,2503,3100,24348,1567,TRUE,1,3.684,0.626093164,15.537970644543714,597
2026-05-01T13:14:52.042,T1,20260501_131446,1646,3,0,7.753,-72.1,-105.2,-33.1,42.76,84,2539,3592,2229,29057,1835,TRUE,1,4.753,0.8723587012540801,15.834877384196185,1363
2026-05-01T13:14:52.731,T1,20260501_131446,1652,3,0,7.204,-78.2,-107.4,-29.2,23.18,28,353,649,558,1133,447,TRUE,1,4.204,0.5849212924606463,2.534675615212528,91
2026-05-01T13:14:52.941,T1,20260501_131446,1654,3,0,7.678,-77.4,-108,-30.7,26.5,32,605,848,517,2168,601,TRUE,1,4.678,0.8864468864468864,3.6073211314475873,331
2026-05-01T13:14:53.062,T1,20260501_131446,1655,3,0,6.412,-70.1,-104.9,-34.8,32.03,96,1945,3075,2496,24920,1587,TRUE,1,3.412,0.6982588404236223,15.702583490863264,579
2026-05-01T13:14:53.152,T1,20260501_131446,1656,3,0,6.543,-70.6,-105.3,-34.8,40,72,1692,2880,2363,22947,1545,TRUE,1,3.543,0.6454320045775319,14.85242718446602,517
2026-05-01T13:14:53.302,T1,20260501_131446,1657,3,0,8.715,-71,-105.4,-34.4,27.94,100,1995,2794,2431,24118,1611,TRUE,1,5.715,0.7636363636363637,14.97082557417753,363
2026-05-01T13:14:53.363,T1,20260501_131446,1658,3,0,6.407,-71.1,-106,-34.8,32.02,92,1936,2946,2227,26632,1697,TRUE,1,3.407,0.7485018364585347,15.693576900412493,719
2026-05-01T13:14:53.602,T1,20260501_131446,1660,3,0,6.538,-71.1,-106.7,-35.6,28.67,92,2145,2638,1654,26113,1680,TRUE,1,3.5380000000000003,0.9995340167753961,15.543452380952381,984
2026-05-01T13:14:53.663,T1,20260501_131446,1661,3,0,7.021,-71.8,-105.9,-34.1,25.38,104,2489,2640,3326,34837,1987,TRUE,1,4.021,0.8343949044585988,17.532460996477102,686
2026-05-01T13:14:53.782,T1,20260501_131446,1662,3,0,7.509,-70.5,-107.7,-37.2,26,100,1328,2600,1996,29627,1754,TRUE,1,4.509,0.577893821,16.891106043329533,604
2026-05-01T13:14:54.652,T1,20260501_131446,1669,3,0,7.875,-71,-106.8,-35.8,35.33,72,786,2544,2590,26021,1671,TRUE,1,4.875,0.30619400077911957,15.57211250748055,46
2026-05-01T13:14:54.832,T1,20260501_131446,1671,3,0,7.697,-71.3,-107.2,-36,27.02,80,545,2162,2668,24582,1640,TRUE,1,4.697,0.22567287784679088,14.989024390243902,506
2026-05-01T13:14:54.922,T1,20260501_131446,1672,3,0,6.491,-71.4,-106.3,-34.9,26.4,104,1451,2746,2610,26549,1712,TRUE,1,3.4909999999999997,0.5418222554144885,15.507593457943925,136
2026-05-01T13:14:55.044,T1,20260501_131446,1673,3,0,6.651,-71.3,-105.4,-34.1,29.33,100,1619,2933,2876,25846,1683,TRUE,1,3.651,0.5574109140988122,15.357100415923945,57
2026-05-01T13:14:55.132,T1,20260501_131446,1674,3,0,6.904,-73.5,-105.1,-31.6,36.84,100,2764,3684,2716,30210,1962,TRUE,1,3.904,0.86375,15.397553516819572,968
2026-05-01T13:14:55.223,T1,20260501_131446,1675,3,0,6.369,-71.3,-104.6,-33.4,38.11,88,2474,3354,2871,28681,1771,TRUE,1,3.369,0.794859438,16.194805194805195,483
2026-05-01T13:14:55.464,T1,20260501_131446,1677,3,0,6.454,-70.8,-104.6,-33.7,32.62,96,2317,3132,2356,23577,1582,TRUE,1,3.4539999999999997,0.8443877551020408,14.903286978508218,776
2026-05-01T13:14:55.702,T1,20260501_131446,1679,3,0,7.162,-79.1,-107.3,-28.2,29.15,20,287,583,524,836,396,TRUE,1,4.162,0.5185185185185185,2.111111111111111,59
2026-05-01T13:14:56.123,T1,20260501_131446,1683,3,0,7.247,-75.2,-106.1,-30.8,32.42,36,649,1167,982,3252,684,TRUE,1,4.247,0.6040018613308515,4.754385964912281,185
2026-05-01T13:14:56.214,T1,20260501_131446,1684,3,0,6.44,-71,-104.6,-33.5,38.33,92,2699,3526,2352,28231,1743,TRUE,1,3.4400000000000004,0.9183395712827492,16.196787148594378,1174
2026-05-01T13:14:56.332,T1,20260501_131446,1685,3,0,6.416,-71.2,-102.6,-31.3,37.93,120,2929,4552,4328,33336,1906,TRUE,1,3.4160000000000004,0.6596846846846847,17.49003148,224
2026-05-01T13:14:56.423,T1,20260501_131446,1686,3,0,6.627,-71.1,-102.2,-31.1,46.71,96,2302,4484,4565,30028,1803,TRUE,1,3.627,0.5087855011603493,16.654464780920687,81
2026-05-01T13:14:56.544,T1,20260501_131446,1687,3,0,7.322,-71.6,-104.9,-33.2,34.28,104,2766,3565,2134,28585,1789,TRUE,1,4.322,0.9706966134409546,15.97820011,1431
2026-05-01T13:14:56.780,T1,20260501_131446,1689,3,0,6.355,-71,-103.5,-32.5,40.55,100,3504,4055,2414,30362,1803,TRUE,1,3.3550000000000004,1.0833204513835215,16.83971159179146,1641
2026-05-01T13:14:57.112,T1,20260501_131446,1692,3,0,7.955,-71.6,-104.8,-33.2,37.49,96,2004,3599,2623,27239,1745,TRUE,1,4.955,0.6441658630665381,15.609742120343839,976
2026-05-01T13:14:57.202,T1,20260501_131446,1693,3,0,6.435,-71.6,-106.1,-34.4,34.07,88,878,2998,3114,29456,1816,TRUE,1,3.4349999999999996,0.287303665,16.220264317180618,116
2026-05-01T13:14:57.292,T1,20260501_131446,1694,3,0,6.67,-71,-106.4,-35.4,32.03,92,2062,2947,1865,28023,1733,TRUE,1,3.67,0.857024106,16.170225043277554,1082
2026-05-01T13:14:57.412,T1,20260501_131446,1695,3,0,7.767,-71.9,-106.9,-35,28.2,100,1924,2820,1758,26503,1737,TRUE,1,4.767,0.8405417212756662,15.257915947035118,1062
2026-05-01T13:14:57.502,T1,20260501_131446,1696,3,0,6.487,-71,-105.3,-34.3,34.85,92,2085,3206,2308,26514,1687,TRUE,1,3.487,0.7562568008705114,15.716656787196206,898
2026-05-01T13:14:57.591,T1,20260501_131446,1697,3,0,6.402,-70.8,-105.3,-34.5,34.12,100,1712,3412,3093,32603,1857,TRUE,1,3.402,0.5263643351268256,17.556812062466342,319
2026-05-01T13:14:57.682,T1,20260501_131446,1698,3,0,6.309,-71,-107.8,-36.7,24.59,88,808,2164,2408,25946,1671,TRUE,1,3.309,0.35345581802274717,15.52722920406942,244
2026-05-01T13:14:57.922,T1,20260501_131446,1700,3,0,7.462,-74.8,-102.7,-27.8,38.56,48,1020,1851,1681,4057,753,TRUE,1,4.462,0.5775764439411099,5.387782204515272,170
2026-05-01T13:14:58.013,T1,20260501_131446,1701,3,0,7.988,-71.6,-101.8,-30.2,46.57,96,5142,4471,2649,30317,1839,TRUE,1,4.988,1.4443820224719102,16.48558999456226,1822
2026-05-01T13:14:58.132,T1,20260501_131446,1702,3,0,6.487,-72,-102.9,-30.9,42.59,92,2827,3918,3400,24708,1683,TRUE,1,3.487,0.772615469,14.680926916221035,518
2026-05-01T13:14:58.222,T1,20260501_131446,1703,3,0,7.406,-72.1,-104.5,-32.4,37.02,96,2452,3554,2636,26370,1749,TRUE,1,4.406,0.7922455573505655,15.077186963979416,918
2026-05-01T13:14:58.553,T1,20260501_131446,1706,3,0,7.992,-71.7,-105.7,-34,27.97,112,2481,3133,1855,26739,1734,TRUE,1,4.992,0.9947874899759422,15.420415224913494,1278
2026-05-01T13:14:58.644,T1,20260501_131446,1707,3,0,7.05,-72.4,-105.1,-32.6,34.17,96,1654,3280,3579,29941,1883,TRUE,1,4.05,0.4822860475287943,15.900690387679235,299
2026-05-01T13:14:58.762,T1,20260501_131446,1708,3,0,6.773,-72.1,-104.5,-32.3,33.79,100,1905,3379,3195,25445,1719,TRUE,1,3.773,0.5795558259811379,14.802210587550901,184
2026-05-01T13:14:58.852,T1,20260501_131446,1709,3,0,7.936,-71.3,-104.5,-33.2,39.88,80,1768,3190,3559,28141,1754,TRUE,1,4.936,0.5239294710327456,16.043899657924744,369
2026-05-01T13:14:58.972,T1,20260501_131446,1710,3,0,6.749,-71.7,-103.6,-31.8,45.35,84,1458,3809,4433,30732,1862,TRUE,1,3.749,0.3537976219364232,16.50483351235231,624
2026-05-01T13:14:59.062,T1,20260501_131446,1711,3,0,7.659,-71.6,-103.1,-31.5,41.1,92,1512,3781,4100,25551,1688,TRUE,1,4.659,0.3837076513132851,15.136848341232227,319
2026-05-01T13:14:59.151,T1,20260501_131446,1712,3,0,6.538,-71.4,-103.4,-32,42.88,84,1160,3602,4036,25428,1674,TRUE,1,3.5380000000000003,0.30374443571615606,15.189964157706093,434
2026-05-01T13:14:59.272,T1,20260501_131446,1713,3,0,6.59,-71.1,-103.1,-32,39.45,108,2857,4261,2893,27376,1719,TRUE,1,3.59,0.7987140061504053,15.925538103548575,1368
2026-05-01T13:14:59.362,T1,20260501_131446,1714,3,0,6.763,-72.6,-103.8,-31.2,39.29,120,2821,4715,3272,34135,2019,TRUE,1,3.763,0.7063978965819456,16.90688459633482,1443
2026-05-01T13:14:59.574,T1,20260501_131446,1716,3,0,7.795,-75.7,-104.9,-29.2,41,32,425,1312,1251,3030,670,TRUE,1,4.795,0.3316426063207179,4.522388059701493,61
2026-05-01T13:14:59.693,T1,20260501_131446,1717,3,0,6.534,-71.4,-104.2,-32.8,43.32,92,2797,3985,2946,32163,1883,TRUE,1,3.534,0.8070985427788198,17.08072225172597,1039
2026-05-01T13:14:59.782,T1,20260501_131446,1718,3,0,7.27,-73.1,-104.5,-31.4,40.65,100,2755,4065,3097,32052,1991,TRUE,1,4.27,0.7693381736944988,16.098442993470616,968
2026-05-01T13:14:59.902,T1,20260501_131446,1719,3,0,6.477,-72.8,-104.7,-31.9,37.02,108,3210,3998,2355,32170,1976,TRUE,1,3.4770000000000003,1.010546198646309,16.280364372469634,1643
2026-05-01T13:14:59.991,T1,20260501_131446,1720,3,0,6.759,-71.3,-104,-32.6,34.68,116,2640,4023,2436,27717,1745,TRUE,1,3.759,0.8174640037157455,15.883667621776505,1587
2026-05-01T13:15:00.203,T1,20260501_131446,1722,3,0,8.091,-72.7,-104.6,-31.8,38.02,112,2504,4258,2895,32643,1987,TRUE,1,5.090999999999999,0.7001258213337062,16.42828384499245,1363
2026-05-01T13:15:01.013,T1,20260501_131446,1729,3,0,7.659,-80.2,-106.6,-26.4,30.95,20,240,619,604,762,393,TRUE,1,4.659,0.39247751430907607,1.9389312977099236,15
2026-05-01T13:15:01.133,T1,20260501_131446,1730,3,0,7.659,-71.5,-105,-33.5,42.05,84,1914,3532,2810,28882,1794,TRUE,1,4.659,0.6035950804162725,16.099219620958753,722
2026-05-01T13:15:01.342,T1,20260501_131446,1732,3,0,8.762,-73.1,-106.5,-33.3,30.59,112,2155,3426,2336,32672,2014,TRUE,1,5.7620000000000005,0.7480041652204096,16.222442899702084,1090
2026-05-01T13:15:01.432,T1,20260501_131446,1733,3,0,6.416,-71.5,-105.2,-33.6,34.84,108,1735,3763,3049,32888,1914,TRUE,1,3.4160000000000004,0.5093951849677041,17.182863113897596,714
2026-05-01T13:15:01.792,T1,20260501_131446,1736,3,0,7.823,-72.2,-104.4,-32.3,30.5,108,1023,3294,4023,28134,1808,TRUE,1,4.823,0.27962279622796227,15.560840707964601,729
2026-05-01T13:15:01.881,T1,20260501_131446,1737,3,0,7.763,-75.6,-104.8,-29.2,38.17,52,1104,1985,1542,6444,973,TRUE,1,4.763,0.6260277856535299,6.622816032887975,443
2026-05-01T13:15:02.002,T1,20260501_131446,1738,3,0,8.823,-71.9,-103.7,-31.8,44.91,88,3191,3952,2371,26958,1752,TRUE,1,5.823,1.0093310137592915,15.386986301369863,1581
2026-05-01T13:15:02.093,T1,20260501_131446,1739,3,0,7.725,-79.8,-106.1,-26.3,28.25,28,567,791,610,1151,477,TRUE,1,4.725,0.8094218415417559,2.4129979035639413,181
2026-05-01T13:15:02.181,T1,20260501_131446,1740,3,0,7.931,-71.7,-104.7,-33,30.52,88,1667,2686,3493,24676,1667,TRUE,1,4.931,0.5395695096293899,14.802639472105579,807
2026-05-01T13:15:02.422,T1,20260501_131446,1742,3,0,7.978,-72.2,-107.8,-35.6,28.25,92,1257,2599,1851,25763,1734,TRUE,1,4.978,0.5649438202247191,14.85755478662053,748
2026-05-01T13:15:02.632,T1,20260501_131446,1744,3,0,7.298,-78.1,-104.6,-26.5,31.93,28,356,894,963,1270,472,TRUE,1,4.298,0.3834141087775983,2.690677966101695,69
2026-05-01T13:15:02.841,T1,20260501_131446,1746,3,0,8.419,-71.4,-103.7,-32.3,38.75,100,4037,3875,2522,33395,1919,TRUE,1,5.4190000000000005,1.2621541347506644,17.402292860865035,1353
2026-05-01T13:15:02.931,T1,20260501_131446,1747,3,0,8.241,-96.6,-106,-9.4,34.5,8,134,276,203,9,150,TRUE,1,5.241,0.5594989561586639,0.06,73
2026-05-01T13:15:03.052,T1,20260501_131446,1748,3,0,6.557,-71.5,-104.8,-33.3,36.98,100,2511,3698,2194,28449,1777,TRUE,1,3.5570000000000004,0.8523421588594705,16.009566685424872,1504
2026-05-01T13:15:03.261,T1,20260501_131446,1750,3,0,6.304,-71.6,-109.1,-37.5,20.81,116,578,2414,1768,28340,1782,TRUE,1,3.3040000000000003,0.2764227642276423,15.90347923681257,646
2026-05-01T13:15:03.501,T1,20260501_131446,1752,3,0,7.964,-71.4,-106.6,-35.2,30.67,108,1264,3312,2485,32506,1891,TRUE,1,4.964,0.43608763153355184,17.189846641988368,827
2026-05-01T13:15:03.955,T1,20260501_131446,1756,3,0,7.988,-71.7,-104.6,-32.9,41.39,96,1588,3973,3323,31444,1883,TRUE,1,4.988,0.43530701754385964,16.69888475836431,650
2026-05-01T13:15:04.314,T1,20260501_131446,1759,3,0,6.881,-73.7,-103.9,-30.2,47.96,96,2331,4604,3660,31671,2021,TRUE,1,3.881,0.564133591,15.670954972785749,944
2026-05-01T13:15:04.403,T1,20260501_131446,1760,3,0,6.482,-72,-103.8,-31.7,46.06,88,1381,4053,3783,28261,1805,TRUE,1,3.482,0.352475753,15.657063711911357,270
2026-05-01T13:15:04.493,T1,20260501_131446,1761,3,0,6.721,-72.7,-102.6,-29.9,45.62,100,1808,4562,4342,27063,1805,TRUE,1,3.721,0.40610961365678344,14.993351800554017,220
2026-05-01T13:15:04.612,T1,20260501_131446,1762,3,0,6.426,-71.3,-105.5,-34.1,35.79,80,402,2863,3785,30418,1828,TRUE,1,3.426,0.12093862815884476,16.64004376367615,922
2026-05-01T13:15:04.823,T1,20260501_131446,1764,3,0,6.759,-71.4,-102,-30.5,46.47,108,4149,5019,3001,30840,1847,TRUE,1,3.759,1.0346633416458852,16.697347049269084,2018
2026-05-01T13:15:04.913,T1,20260501_131446,1765,3,0,6.51,-71.3,-102.6,-31.3,46.87,104,3497,4874,3005,31345,1855,TRUE,1,3.51,0.8876761010280493,16.89757412398922,1869
2026-05-01T13:15:05.032,T1,20260501_131446,1766,3,0,6.491,-71.7,-101.3,-29.6,51.88,108,3591,5603,4307,31564,1886,TRUE,1,3.4909999999999997,0.7247225025227043,16.735949098621422,1296
2026-05-01T13:15:05.123,T1,20260501_131446,1767,3,0,7.505,-92.2,-108.1,-15.9,20.75,12,108,249,217,36,181,TRUE,1,4.505,0.463519313,0.19889502762430938,32
2026-05-01T13:15:05.212,T1,20260501_131446,1768,3,0,6.632,-71.6,-107.7,-36,27.78,96,2067,2667,1657,30962,1863,TRUE,1,3.632,0.956059204,16.619431025228128,1010
2026-05-01T13:15:05.331,T1,20260501_131446,1769,3,0,6.304,-72,-107.2,-35.1,23.02,116,1280,2670,2816,31818,1915,TRUE,1,3.3040000000000003,0.46664236237695955,16.61514360313316,146
2026-05-01T13:15:05.423,T1,20260501_131446,1770,3,0,8.025,-71.9,-102.1,-30.2,43.75,112,2414,4900,4913,32327,1924,TRUE,1,5.025,0.49200040762254155,16.801975051975052,13
2026-05-01T13:15:05.633,T1,20260501_131446,1772,3,0,7.734,-75.6,-108.5,-32.9,24.47,36,581,881,583,2927,657,TRUE,1,4.734,0.7937158469945356,4.455098934550989,298
2026-05-01T13:15:05.752,T1,20260501_131446,1773,3,0,6.581,-71.4,-100.9,-29.5,41.62,120,3575,4995,5101,29794,1811,TRUE,1,3.5810000000000004,0.7082012678288431,16.451684152401988,106
2026-05-01T13:15:05.842,T1,20260501_131446,1774,3,0,7.092,-95.8,-99.4,-3.6,62.66,96,4424,6015,5109,1436,1731,FALSE,1,4.092,0.7953973390866594,0.829578278,906
2026-05-01T13:15:05.932,T1,20260501_131446,1775,3,0,6.501,-71.7,-102.5,-30.8,28.14,128,4932,3602,2325,28303,1787,TRUE,1,3.5010000000000003,1.6642483549856588,15.838276440962508,1277
2026-05-01T13:15:06.052,T1,20260501_131446,1776,3,0,6.426,-71.7,-103.5,-31.8,34.82,76,3980,2646,3139,27299,1753,TRUE,1,3.426,1.3759723422644772,15.572732458642328,493
2026-05-01T13:17:31.489,T1,20260501_131730,801,2,0,4.554,-68.4,-101.7,-33.4,37.23,56,2668,2085,3481,16449,1213,TRUE,1,2.5540000000000003,0.9586776859504132,13.560593569661995,1396
2026-05-01T13:17:31.679,T1,20260501_131730,802,2,0,4.944,-68.2,-102.9,-34.7,44.05,76,1414,3348,2085,16326,1201,TRUE,1,2.944,0.5205227314559175,13.593671940049958,1263
2026-05-01T13:17:31.714,T1,20260501_131730,803,2,0,4.695,-68,-100.6,-32.6,22.11,64,4249,1415,3598,18416,1267,TRUE,1,2.6950000000000003,1.6951924995012966,14.535122336227309,2183
2026-05-01T13:17:32.388,T1,20260501_131730,809,2,0,4.639,-68.3,-102,-33.7,34.53,64,2549,2210,3338,16764,1221,TRUE,1,2.639,0.9188896899783706,13.72972972972973,1128
2026-05-01T13:17:32.718,T1,20260501_131730,812,2,0,5.075,-68.4,-101.7,-33.3,57.97,72,395,4174,3984,23268,1446,TRUE,1,3.075,0.09683746,16.09128630705394,190
2026-05-01T13:17:32.807,T1,20260501_131730,813,2,0,4.662,-67.6,-100.8,-33.1,64.44,64,2605,4124,2640,18067,1239,TRUE,1,2.662,0.770254287,14.581920903954803,1484
2026-05-01T13:17:32.957,T1,20260501_131730,814,2,0,5.347,-68.4,-100.3,-31.9,80.73,60,1999,4844,3523,19912,1335,TRUE,1,3.3470000000000004,0.47782956854308595,14.915355805243445,1321
2026-05-01T13:17:33.977,T1,20260501_131730,823,2,0,5.961,-68.2,-101.2,-33,54.07,72,2427,3893,2470,16829,1220,TRUE,1,3.961,0.7628477133427628,13.794262295081968,1423
2026-05-01T13:17:34.308,T1,20260501_131730,826,2,0,5.075,-68.7,-100.6,-31.8,63.75,76,592,4845,4121,21296,1398,TRUE,1,3.075,0.132054428,15.23319027181688,724
2026-05-01T13:17:34.548,T1,20260501_131730,828,2,0,4.775,-68.6,-100.5,-31.9,51.39,72,1862,3700,5253,23143,1449,TRUE,1,2.7750000000000004,0.41594996090695857,15.971704623878537,1553
2026-05-01T13:17:34.637,T1,20260501_131730,829,2,0,5.99,-68.8,-99.9,-31.1,67.65,68,730,4600,5207,21718,1414,TRUE,1,3.99,0.14887325379830732,15.359264497878359,607
2026-05-01T13:17:34.998,T1,20260501_131730,832,2,0,5.657,-82.2,-103.7,-21.4,38.31,16,83,613,562,292,261,TRUE,1,3.657,0.14127659574468085,1.1187739463601531,51
2026-05-01T13:17:35.088,T1,20260501_131730,833,2,0,4.92,-68.1,-99.7,-31.6,41.31,64,2021,2644,4869,15554,1168,TRUE,1,2.92,0.5380007986157327,13.316780821917808,2225
2026-05-01T13:17:35.177,T1,20260501_131730,834,2,0,5.08,-68,-97.8,-29.9,61.97,68,599,4214,6225,16680,1204,TRUE,1,3.08,0.11476195037838874,13.853820598006644,2011
2026-05-01T13:17:35.297,T1,20260501_131730,835,2,0,5.694,-70.3,-96.6,-26.3,76.2,60,1939,4572,5274,9898,1005,TRUE,1,3.694,0.39386552914889295,9.848756218905473,702
2026-05-01T13:17:35.388,T1,20260501_131730,836,2,0,4.676,-68.2,-104.9,-36.7,34.51,68,2466,2347,1497,20226,1336,TRUE,1,2.676,1.283038501560874,15.139221556886227,850
2026-05-01T13:17:35.717,T1,20260501_131730,839,2,0,5.722,-94.3,-109.5,-15.1,18.75,8,77,150,125,11,128,TRUE,1,3.722,0.56,0.0859375,25
2026-05-01T13:17:35.960,T1,20260501_131730,841,2,0,4.695,-67.4,-100.4,-33,53.78,72,2656,3872,2521,15616,1143,TRUE,1,2.6950000000000003,0.8309088065071172,13.662292213473316,1351
2026-05-01T13:17:36.048,T1,20260501_131730,842,2,0,5.811,-67.6,-96.7,-29.1,92,68,87,6256,7546,22050,1368,TRUE,1,3.811,0.012606868569772497,16.11842105263158,1290
2026-05-01T13:17:36.138,T1,20260501_131730,843,2,0,4.709,-68.5,-102,-33.5,43.25,68,2783,2941,3223,19720,1336,TRUE,1,2.7089999999999996,0.9029850746268657,14.760479041916168,282
2026-05-01T13:17:36.379,T1,20260501_131730,845,2,0,4.615,-68.2,-99.6,-31.4,58.25,68,4490,3961,3114,19668,1317,TRUE,1,2.615,1.2692579505300354,14.933940774487471,847
2026-05-01T13:17:36.469,T1,20260501_131730,846,2,0,5.525,-68.3,-99.8,-31.5,58.49,72,4591,4211,2607,20669,1356,TRUE,1,3.5250000000000004,1.3467292461132296,15.242625368731563,1604
2026-05-01T13:17:36.587,T1,20260501_131730,847,2,0,6.501,-68,-99.4,-31.4,54.49,72,4129,3923,3712,19245,1296,TRUE,1,4.501,1.0815979043876882,14.849537037037036,211
2026-05-01T13:17:36.797,T1,20260501_131730,849,2,0,5.774,-88.9,-103.4,-14.4,36.25,12,141,435,387,76,181,TRUE,1,3.774,0.34306569343065696,0.4198895027624309,48
2026-05-01T13:17:36.889,T1,20260501_131730,850,2,0,4.967,-67.5,-99.6,-32.1,65.65,68,1898,4464,3190,15201,1130,TRUE,1,2.9669999999999996,0.49594983015416777,13.45221238938053,1274
2026-05-01T13:17:37.098,T1,20260501_131730,852,2,0,4.742,-67.8,-100.6,-32.8,56.05,56,2513,3139,3825,17182,1216,TRUE,1,2.742,0.7217116599655371,14.129934210526315,686
2026-05-01T13:17:37.338,T1,20260501_131730,854,2,0,4.901,-68.4,-95.2,-26.8,115.24,72,5953,8297,6474,22888,1433,TRUE,1,2.901,0.8060388599282378,15.97208653175157,1823
2026-05-01T13:17:37.908,T1,20260501_131730,859,2,0,5.141,-68,-97.6,-29.6,77.83,72,2550,5604,5882,20015,1322,TRUE,1,3.141,0.4440188055023507,15.139939485627837,278
2026-05-01T13:17:38.059,T1,20260501_131730,860,2,0,5.549,-68.2,-97.7,-29.5,71.18,84,6808,5979,3827,27114,1550,TRUE,1,3.5490000000000004,1.3885376300224352,17.49290322580645,2152
2026-05-01T13:17:38.117,T1,20260501_131730,861,2,0,5.671,-68.5,-97.9,-29.5,87.55,64,3627,5603,4449,18659,1297,TRUE,1,3.671,0.7216474333465976,14.38627602158828,1154
2026-05-01T13:17:38.358,T1,20260501_131730,863,2,0,6.44,-68.3,-103.5,-35.2,31.16,76,2985,2368,1538,17852,1261,TRUE,1,4.44,1.5284178187403994,14.157018239492466,830
2026-05-01T13:17:38.688,T1,20260501_131730,866,2,0,4.981,-67.5,-107.1,-39.6,18.28,72,2009,1316,1409,19870,1292,TRUE,1,2.981,1.4744954128440366,15.379256965944272,93
2026-05-01T13:17:38.898,T1,20260501_131730,868,2,0,5.361,-68,-102.3,-34.3,37.61,56,3615,2106,1587,16428,1198,TRUE,1,3.361,1.957757920389927,13.712854757929883,519
2026-05-01T13:17:39.019,T1,20260501_131730,869,2,0,5.23,-67.8,-97.4,-29.6,85.01,72,1460,6121,6400,21436,1357,TRUE,1,3.2300000000000004,0.23320821020685248,15.796610169491526,279
2026-05-01T13:17:39.228,T1,20260501_131730,871,2,0,4.686,-68.6,-99.9,-31.3,47.62,60,4913,2857,2176,16635,1229,TRUE,1,2.686,1.9523147228293265,13.53539462978031,681
2026-05-01T13:17:39.317,T1,20260501_131730,872,2,0,6.191,-68.1,-103.7,-35.6,33.75,64,2531,2160,1437,14732,1137,TRUE,1,4.191,1.407283848,12.956904133685136,723
2026-05-01T13:17:39.767,T1,20260501_131730,876,2,0,4.545,-68.2,-104.6,-36.4,32.77,52,2115,1704,1997,15509,1169,TRUE,1,2.545,1.142934342069711,13.266894781864842,293
2026-05-01T13:17:40.039,T1,20260501_131730,878,2,0,4.639,-69.2,-103.1,-33.9,18.82,72,2904,1355,3077,17905,1302,TRUE,1,2.639,1.3104693140794224,13.751920122887865,1722
2026-05-01T13:17:40.218,T1,20260501_131730,880,2,0,5.961,-90,-104.5,-14.6,21.92,12,8,263,417,53,170,TRUE,1,3.961,0.023529411764705882,0.31176470588235294,154
2026-05-01T13:17:48.827,T1,20260501_131730,959,2,0,4.798,-67.4,-97.4,-30,85.77,64,4366,5489,3518,16887,1189,TRUE,1,2.798,0.9694681914066837,14.20269134,1971
2026-05-01T13:17:49.037,T1,20260501_131730,961,2,0,4.681,-67.5,-99.2,-31.7,74.8,60,2701,4488,4126,18493,1248,TRUE,1,2.681,0.6271186440677966,14.818108974358974,362
2026-05-01T13:17:49.490,T1,20260501_131730,965,2,0,5.741,-88.1,-106.8,-18.7,23.42,12,119,281,304,104,192,TRUE,1,3.741,0.40683760683760684,0.5416666666666666,23
2026-05-01T13:17:49.757,T1,20260501_131730,967,2,0,4.606,-67.4,-101.2,-33.8,49.21,56,3102,2756,2834,16651,1179,TRUE,1,2.606,1.1098389982110912,14.122985581000847,78
2026-05-01T13:17:49.817,T1,20260501_131730,968,2,0,5.216,-67.8,-99.7,-31.9,53.22,64,3622,3406,3499,16928,1206,TRUE,1,3.216,1.0490948587979725,14.03648424543947,93
2026-05-01T13:17:50.989,T1,20260501_131730,978,2,0,6.051,-68.2,-99.3,-31.1,64.45,64,2170,4125,4476,16864,1221,TRUE,1,4.051,0.5045924892454365,13.811629811629812,351
2026-05-01T13:17:51.078,T1,20260501_131730,979,2,0,5.15,-68.6,-99.1,-30.5,71.44,64,2913,4572,4184,17746,1270,TRUE,1,3.1500000000000004,0.6653723161260849,13.973228346456693,388
2026-05-01T13:17:51.438,T1,20260501_131730,982,2,0,4.7,-68.2,-99,-30.8,71.44,68,3314,4858,3293,17313,1237,TRUE,1,2.7,0.8131517605201816,13.995957962813257,1565
2026-05-01T13:17:51.767,T1,20260501_131730,985,2,0,4.648,-67.6,-98.3,-30.7,73.49,76,3690,5585,4129,20847,1331,TRUE,1,2.6479999999999997,0.7597282273008029,15.662659654395192,1456
2026-05-01T13:17:51.857,T1,20260501_131730,986,2,0,4.643,-67.5,-99.1,-31.7,60.66,64,2401,3882,4161,15606,1145,TRUE,1,2.643,0.5970409051348999,13.629694323144104,279
2026-05-01T13:17:52.129,T1,20260501_131730,988,2,0,4.709,-67.9,-98.8,-30.9,68.07,76,3882,5173,3329,19434,1299,TRUE,1,2.7089999999999996,0.913196895,14.960739030023095,1844
2026-05-01T13:17:52.189,T1,20260501_131730,989,2,0,4.873,-67.7,-98.7,-31,55.3,84,3214,4645,4736,19681,1298,TRUE,1,2.873,0.6852147958639804,15.16255778120185,91
2026-05-01T13:17:52.336,T1,20260501_131730,990,2,0,6.182,-67.9,-98.9,-31,62.63,76,4033,4760,3913,20433,1328,TRUE,1,4.182,0.9300126830393174,15.386295180722891,847
2026-05-01T13:17:52.639,T1,20260501_131730,993,2,0,4.742,-67.6,-99.3,-31.7,40.68,76,2138,3092,4727,15455,1146,TRUE,1,2.742,0.5468730016626167,13.486038394415358,1635
2026-05-01T13:17:52.752,T1,20260501_131730,994,2,0,5.258,-66.9,-98.7,-31.8,70.3,76,3676,5343,3407,20780,1298,TRUE,1,3.258,0.8402285714285714,16.00924499229584,1936
2026-05-01T13:17:52.847,T1,20260501_131730,995,2,0,4.779,-66.5,-99.2,-32.7,66.24,68,3393,4504,3772,20509,1268,TRUE,1,2.779,0.819961334,16.17429022082019,732
2026-05-01T13:17:52.938,T1,20260501_131730,996,2,0,4.967,-66.6,-99.2,-32.6,67.04,68,2983,4559,3696,19273,1237,TRUE,1,2.9669999999999996,0.7227135069654754,15.580436540016168,863
2026-05-01T13:17:53.388,T1,20260501_131730,1000,2,0,4.615,-67.4,-99,-31.6,65.72,72,2021,4732,4254,17949,1226,TRUE,1,2.615,0.4498108168261741,14.640293637846655,478
2026-05-01T13:17:53.507,T1,20260501_131730,1001,2,0,4.761,-67.3,-99.6,-32.3,58.64,72,2214,4222,4166,18426,1238,TRUE,1,2.761,0.5278969957081545,14.883683360258482,56
2026-05-01T13:17:53.598,T1,20260501_131730,1002,2,0,5.324,-67,-99.3,-32.3,64.89,72,1831,4672,4034,18188,1218,TRUE,1,3.324,0.4206294509533655,14.932676518883415,638
2026-05-01T13:17:54.047,T1,20260501_131730,1006,2,0,5.441,-75.2,-101.3,-26.1,59.55,20,681,1191,869,1048,388,TRUE,1,3.441,0.6611650485436893,2.7010309278350517,322
2026-05-01T13:17:54.287,T1,20260501_131730,1008,2,0,5.389,-82.9,-100.9,-18,42.93,28,1295,1202,757,786,438,TRUE,1,3.389,1.3221031138335886,1.7945205479452055,445
2026-05-01T13:17:54.497,T1,20260501_131730,1010,2,0,5.408,-83.6,-102.3,-18.7,50.58,12,265,607,528,200,226,TRUE,1,3.4080000000000004,0.4669603524229075,0.8849557522123894,79
2026-05-01T13:17:54.617,T1,20260501_131730,1011,2,0,6.327,-67,-98.5,-31.5,62.78,72,1648,4520,4440,15648,1127,TRUE,1,4.327,0.3678571428571429,13.884649511978704,80
2026-05-01T13:17:54.737,T1,20260501_131730,1012,2,0,4.817,-67.4,-98.8,-31.4,65.34,64,1443,4182,4573,15416,1135,TRUE,1,2.817,0.32964020559680185,13.582378854625551,391
2026-05-01T13:17:54.797,T1,20260501_131730,1013,2,0,4.789,-67.4,-98.6,-31.2,72.88,64,1884,4664,4784,17463,1208,TRUE,1,2.7889999999999997,0.3988145639288738,14.456125827814569,120
2026-05-01T13:17:54.917,T1,20260501_131730,1014,2,0,4.869,-67,-98.1,-31.1,73.91,68,3405,5026,3559,16651,1164,TRUE,1,2.869,0.7932440302853815,14.304982817869416,1467
2026-05-01T13:17:55.007,T1,20260501_131730,1015,2,0,4.981,-67.2,-98.1,-30.9,76.25,68,3084,5185,3621,16132,1153,TRUE,1,2.981,0.7004315239609358,13.991326973113617,1564
2026-05-01T13:17:55.097,T1,20260501_131730,1016,2,0,5.192,-67.8,-98,-30.2,74.57,72,4478,5369,3741,19464,1294,TRUE,1,3.192,0.9830954994511526,15.041731066460587,1628
2026-05-01T13:17:55.308,T1,20260501_131730,1018,2,0,4.869,-67.3,-99.4,-32.1,53.83,76,1047,4091,4322,16114,1159,TRUE,1,2.869,0.24890051111375253,13.903364969801553,231
2026-05-01T13:17:55.547,T1,20260501_131730,1020,2,0,6.51,-100.9,-101.9,-1,24.88,8,332,199,241,2,116,FALSE,1,4.51,1.509090909090909,0.017241379310344827,42
2026-05-01T13:17:55.637,T1,20260501_131730,1021,2,0,4.962,-67.5,-98.7,-31.2,70.39,76,3323,5350,3860,20277,1307,TRUE,1,2.9619999999999997,0.7216069489685125,15.51415455,1490
2026-05-01T13:17:55.757,T1,20260501_131730,1022,2,0,4.859,-68.2,-98.9,-30.7,55.36,96,5378,5315,3403,25121,1490,TRUE,1,2.859,1.2337692131222757,16.85973154362416,1912
2026-05-01T13:17:56.116,T1,20260501_131730,1025,2,0,6.168,-67.4,-103.1,-35.7,37.29,76,2731,2834,1993,19991,1294,TRUE,1,4.168,1.131551688419308,15.448995363214838,841
2026-05-01T13:17:56.178,T1,20260501_131730,1026,2,0,5.769,-76.8,-103.3,-26.5,28.54,84,3505,2397,2027,12497,1417,TRUE,1,3.769,1.5845388788426764,8.819336626676076,370
2026-05-01T13:17:56.507,T1,20260501_131730,1029,2,0,4.934,-67.4,-97.1,-29.7,76.35,88,4135,6719,5399,23565,1406,TRUE,1,2.934,0.6824558508004621,16.76031294452347,1320
2026-05-01T13:17:56.749,T1,20260501_131730,1031,2,0,5.234,-67.7,-101.8,-34,36.58,88,3861,3219,2172,22065,1374,TRUE,1,3.234,1.4323873121869783,16.058951965065503,1047
2026-05-01T13:17:56.839,T1,20260501_131730,1032,2,0,5.671,-67.6,-99.8,-32.2,45.62,80,3840,3650,3487,18983,1271,TRUE,1,3.671,1.0760823875577974,14.935483870967742,163
2026-05-01T13:17:57.078,T1,20260501_131730,1034,2,0,6.552,-67.6,-97.7,-30,73.22,88,5050,6443,5133,26913,1513,TRUE,1,4.552,0.8724948168624741,17.78783873099802,1310
2026-05-01T13:17:57.410,T1,20260501_131730,1037,2,0,5.99,-80.3,-100.3,-20,64.17,12,511,770,694,297,246,TRUE,1,3.99,0.6980874316939891,1.2073170731707317,76
2026-05-01T13:17:57.617,T1,20260501_131730,1039,2,0,5.689,-69.8,-99.5,-29.7,68.18,44,3430,3000,2001,9392,962,TRUE,1,3.689,1.3717256548690262,9.762993762993762,999
2026-05-01T13:17:57.737,T1,20260501_131730,1040,2,0,5.652,-66.8,-99.2,-32.3,58.58,80,4868,4686,3063,23678,1379,TRUE,1,3.652,1.2564201832494515,17.170413343002174,1623
2026-05-01T13:17:58.187,T1,20260501_131730,1044,2,0,6.529,-66.9,-102.4,-35.5,37.89,76,1883,2880,3138,19671,1261,TRUE,1,4.529,0.6257892987703556,15.599524187153053,258
2026-05-01T13:17:58.277,T1,20260501_131730,1045,2,0,5.169,-67.2,-102.8,-35.7,34.67,72,2971,2496,2292,19909,1281,TRUE,1,3.1689999999999996,1.2410192147034251,15.541764246682279,204
2026-05-01T13:17:58.519,T1,20260501_131730,1047,2,0,5.005,-67.2,-99,-31.7,47.13,76,5273,3582,2727,19225,1260,TRUE,1,3.005,1.6715802821366301,15.257936507936508,855
2026-05-01T13:17:58.607,T1,20260501_131730,1048,2,0,5.037,-67.2,-99.4,-32.2,60.47,72,3951,4354,2978,19328,1265,TRUE,1,3.037,1.0777414075286416,15.27905138339921,1376
2026-05-01T13:17:58.727,T1,20260501_131730,1049,2,0,5.793,-67,-97,-30,79.6,80,5140,6368,4689,22889,1366,TRUE,1,3.793,0.9297277742606493,16.756222547584187,1679
2026-05-01T13:17:59.059,T1,20260501_131730,1052,2,0,6.027,-73.3,-100.8,-27.5,53.22,32,1362,1703,1204,2495,561,TRUE,1,4.027,0.9370485036119711,4.447415329768271,499
2026-05-01T13:17:59.267,T1,20260501_131730,1054,2,0,4.779,-67.4,-101.5,-34.1,40.06,68,1962,2724,3388,16007,1158,TRUE,1,2.779,0.6420157068062827,13.822970639032816,664
2026-05-01T13:17:59.387,T1,20260501_131730,1055,2,0,4.906,-67.1,-101.1,-34,49.59,64,2117,3174,3391,17151,1186,TRUE,1,2.9059999999999997,0.6449352627570449,14.461214165261383,217
2026-05-01T13:17:59.477,T1,20260501_131730,1056,2,0,4.948,-67,-101.3,-34.4,42.11,84,3703,3537,2257,22079,1339,TRUE,1,2.9480000000000004,1.2782188470831894,16.489171023151606,1280
2026-05-01T13:17:59.717,T1,20260501_131730,1058,2,0,5.741,-67.5,-100,-32.5,44.6,84,2168,3746,4599,19963,1299,TRUE,1,3.741,0.51959257,15.367975365665897,853
2026-05-01T13:17:59.807,T1,20260501_131730,1059,2,0,4.869,-67.2,-102.8,-35.6,34.66,76,2472,2634,2236,17498,1203,TRUE,1,2.869,1.0151950718685832,14.545303408146301,398
2026-05-01T13:17:59.899,T1,20260501_131730,1060,2,0,5.793,-67.9,-96.4,-28.5,98.54,72,3967,7095,5402,19951,1314,TRUE,1,3.793,0.6348723693686484,15.183409436834093,1693
2026-05-01T13:18:00.233,T1,20260501_131730,1063,2,0,4.887,-68,-96.9,-28.9,90.01,76,5082,6841,4614,22086,1387,TRUE,1,2.8869999999999996,0.8872981230903536,15.923576063446287,2227
2026-05-01T13:18:00.347,T1,20260501_131730,1064,2,0,5.671,-68.2,-99.8,-31.6,51.31,84,4627,4310,2921,22136,1398,TRUE,1,3.671,1.2797676669893514,15.834048640915594,1389
2026-05-01T13:18:00.559,T1,20260501_131730,1066,2,0,5.577,-73.5,-102.6,-29.1,51,32,1294,1632,1064,3249,643,TRUE,1,3.577,0.9599406528189911,5.0528771384136855,568
2026-05-01T13:18:00.677,T1,20260501_131730,1067,2,0,6.506,-68.1,-101.4,-33.3,45.95,80,3080,3676,2796,20442,1339,TRUE,1,4.506,0.9517923362175525,15.266616878267364,880
2026-05-01T13:18:01.099,T1,20260501_131730,1071,2,0,5.558,-85.8,-103.4,-17.6,44.08,12,230,529,373,146,209,TRUE,1,3.558,0.5099778270509978,0.6985645933014354,156
2026-05-01T13:18:01.217,T1,20260501_131730,1072,2,0,4.855,-68,-109,-41,17.76,76,1487,1350,875,18483,1270,TRUE,1,2.8550000000000004,1.3366292134831461,14.553543307086613,475
2026-05-01T13:18:01.337,T1,20260501_131730,1073,2,0,5.427,-67.9,-106.3,-38.4,22.78,64,1170,1458,2096,16256,1185,TRUE,1,3.4269999999999996,0.6584130557118739,13.718143459915613,638
2026-05-01T13:18:01.637,T1,20260501_131730,1076,2,0,4.733,-68.7,-101.7,-33,54.08,60,3178,3245,2427,18061,1286,TRUE,1,2.7329999999999997,1.120592383638928,14.044323483670295,818
2026-05-01T13:18:01.877,T1,20260501_131730,1078,2,0,6.726,-67.8,-98,-30.2,74.41,64,3782,4762,3944,16299,1185,TRUE,1,4.726,0.8688260969446359,13.754430379746836,818
2026-05-01T13:18:02.087,T1,20260501_131730,1080,2,0,6.135,-86.6,-104.2,-17.6,35.46,76,2849,2695,1947,6783,1462,TRUE,1,4.135,1.2274881516587677,4.6395348837209305,748
2026-05-01T13:18:02.179,T1,20260501_131730,1081,2,0,4.873,-68.3,-99.2,-31,73.34,64,2950,4694,3306,16454,1209,TRUE,1,2.873,0.7375,13.60959471,1388
2026-05-01T13:18:02.417,T1,20260501_131730,1083,2,0,6.735,-68.3,-100,-31.6,56.61,80,2921,4529,3251,18490,1284,TRUE,1,4.735,0.7508997429305913,14.40031152647975,1278
2026-05-01T13:18:02.507,T1,20260501_131730,1084,2,0,5.497,-68.3,-102.9,-34.5,40.91,88,2243,3600,2619,22605,1420,TRUE,1,3.497,0.7213378356648978,15.919014084507042,981
2026-05-01T13:18:02.837,T1,20260501_131730,1087,2,0,4.958,-67.9,-99,-31.1,53.28,76,1945,4049,5387,18990,1282,TRUE,1,2.958,0.4122509537939805,14.812792511700469,1338
2026-05-01T13:18:02.957,T1,20260501_131730,1088,2,0,4.864,-68.3,-103.7,-35.4,41.84,64,1723,2678,2340,17138,1235,TRUE,1,2.864,0.6867277799920287,13.876923076923077,338
2026-05-01T13:18:03.047,T1,20260501_131730,1089,2,0,4.995,-68,-100.7,-32.7,49.86,76,3165,3789,3306,20098,1324,TRUE,1,2.995,0.8921775898520085,15.17975831,483
2026-05-01T13:18:03.258,T1,20260501_131730,1091,2,0,5.76,-92.8,-103.7,-10.9,29.33,12,177,352,238,20,144,TRUE,1,3.76,0.6,0.1388888888888889,114
2026-05-01T13:18:03.377,T1,20260501_131730,1092,2,0,4.695,-68.6,-101.5,-33,45.29,76,3749,3442,2220,20238,1354,TRUE,1,2.6950000000000003,1.324267043447545,14.946824224519942,1222
2026-05-01T13:18:03.468,T1,20260501_131730,1093,2,0,5.314,-68.5,-100.8,-32.2,44.42,80,1895,3554,4655,21028,1380,TRUE,1,3.314,0.4616883907905957,15.23768115942029,1101
2026-05-01T13:18:03.587,T1,20260501_131730,1094,2,0,7.087,,-104.8,,16.5,8,220,132,136,0,103,FALSE,1,5.087,1.6417910447761195,0,4
2026-05-01T13:18:03.677,T1,20260501_131730,1095,2,0,6.041,-68,-101.5,-33.5,39.81,72,1442,2866,3737,16376,1194,TRUE,1,4.041,0.43677116462214144,13.715242881072026,871
2026-05-01T13:18:03.887,T1,20260501_131730,1097,2,0,6.51,-67.8,-100.4,-32.6,56.06,72,3748,4036,2729,20282,1322,TRUE,1,4.51,1.1080561714708057,15.341906202723147,1307
2026-05-01T13:18:04.007,T1,20260501_131730,1098,2,0,5.061,-68.3,-101.2,-32.9,45.83,72,3869,3300,2499,19838,1330,TRUE,1,3.061,1.3343679944818072,14.91578947368421,801
2026-05-01T13:18:04.219,T1,20260501_131730,1100,2,0,6.402,-67.9,-102.1,-34.2,41.12,68,3306,2796,2776,20704,1339,TRUE,1,4.402,1.1866475233309404,15.462285287528006,20
2026-05-01T13:18:04.309,T1,20260501_131730,1101,2,0,6.107,-68,-103,-35,41.51,76,2839,3155,2283,22252,1391,TRUE,1,4.107,1.0441338727473335,15.997124370956147,872
2026-05-01T13:18:04.519,T1,20260501_131730,1103,2,0,4.648,-68.2,-102.5,-34.3,44,72,2964,3168,2476,21000,1362,TRUE,1,2.6479999999999997,1.0503189227498229,15.418502202643172,692
2026-05-01T13:18:04.637,T1,20260501_131730,1104,2,0,5.483,-68.3,-102.8,-34.5,38.38,68,2309,2610,2256,15552,1176,TRUE,1,3.4829999999999997,0.9490341142622277,13.224489795918368,354
2026-05-01T13:18:04.728,T1,20260501_131730,1105,2,0,5.802,-68.1,-102,-33.9,40.83,72,3423,2940,2792,21211,1365,TRUE,1,3.802,1.194347522679693,15.539194139194139,148
2026-05-01T13:18:04.819,T1,20260501_131730,1106,2,0,4.756,-67.9,-103.7,-35.8,30.47,68,2920,2072,1541,17126,1217,TRUE,1,2.756,1.616385275394409,14.072308956450287,531
2026-05-01T13:18:05.057,T1,20260501_131730,1108,2,0,4.934,-68,-101.5,-33.5,43.91,68,2694,2986,3049,17202,1224,TRUE,1,2.934,0.8927920463960232,14.053921568627452,63
2026-05-01T13:18:05.268,T1,20260501_131730,1110,2,0,4.836,-68.9,-103.1,-34.2,38.72,76,3058,2943,2449,22359,1441,TRUE,1,2.8360000000000003,1.1342729970326408,15.516308119361554,494
2026-05-01T13:18:05.387,T1,20260501_131730,1111,2,0,5.08,-70.1,-103.2,-33.1,45.12,60,2296,2707,2874,17984,1345,TRUE,1,3.08,0.8227916144060204,13.371003717472119,167
2026-05-01T13:18:05.597,T1,20260501_131730,1113,2,0,5.647,-86.3,-108.2,-21.9,15.19,16,247,243,226,155,219,TRUE,1,3.647,1.0533049040511726,0.7077625570776256,17
2026-05-01T13:18:05.687,T1,20260501_131730,1114,2,0,6.102,-68.2,-103.5,-35.3,39.19,72,3302,2822,2096,24556,1472,TRUE,1,4.102,1.3428222854819032,16.682065217391305,726
2026-05-01T13:18:06.138,T1,20260501_131730,1118,2,0,5.385,-68.5,-103.2,-34.7,40.52,64,2564,2593,2113,17431,1254,TRUE,1,3.385,1.0896727581810455,13.900318979266348,480
2026-05-01T13:18:06.588,T1,20260501_131730,1121,2,0,4.733,-68.2,-105.2,-36.9,30.36,56,2169,1700,1448,15099,1157,TRUE,1,2.7329999999999997,1.378017789072427,13.050129645635264,252
2026-05-01T13:18:06.617,T1,20260501_131730,1122,2,0,5.183,-68.1,-104.9,-36.8,31.28,68,1256,2127,2265,16648,1210,TRUE,1,3.183,0.5719489981785064,13.758677685950413,138
2026-05-01T13:18:06.707,T1,20260501_131730,1123,2,0,4.681,-67.9,-104.4,-36.5,34.39,64,2466,2201,1875,19360,1294,TRUE,1,2.681,1.2100098135426889,14.961360123647605,326
2026-05-01T13:18:06.799,T1,20260501_131730,1124,2,0,5.938,-68.5,-107.3,-38.7,32.4,52,2011,1685,1004,19480,1327,TRUE,1,3.938,1.4957233172182967,14.67972871137905,681
2026-05-01T13:18:06.888,T1,20260501_131730,1125,2,0,4.479,-68.1,-106.8,-38.7,22.63,52,2077,1177,1120,15913,1184,TRUE,1,2.479,1.8084457988680889,13.440033783783784,57
2026-05-01T13:18:07.007,T1,20260501_131730,1126,2,0,6.787,-68.2,-97.9,-29.7,67.06,80,4506,5365,5172,22081,1395,TRUE,1,4.787,0.8552718990224921,15.828673835125448,193
2026-05-01T13:18:07.097,T1,20260501_131730,1127,2,0,5.014,-68.4,-99.1,-30.7,54.74,84,3684,4598,3934,19242,1313,TRUE,1,3.014,0.8635724331926864,14.654988575780655,664
2026-05-01T13:18:07.428,T1,20260501_131730,1130,2,0,4.812,-68.3,-100.6,-32.3,55.78,80,3448,4462,2804,21339,1378,TRUE,1,2.8120000000000003,0.9490778970547756,15.485486211901307,1658
2026-05-01T13:18:07.577,T1,20260501_131730,1131,2,0,4.925,-68.2,-100.9,-32.7,44.15,80,4082,3532,2459,20532,1348,TRUE,1,2.925,1.3627107327658154,15.231454005934719,1073
2026-05-01T13:18:07.880,T1,20260501_131730,1134,2,0,4.775,-68.4,-102.8,-34.4,41.54,80,2799,3323,2209,21217,1377,TRUE,1,2.7750000000000004,1.0119305856832972,15.408133623819898,1114
2026-05-01T13:18:07.999,T1,20260501_131730,1135,2,0,5.727,-68.2,-100.7,-32.4,61.98,64,3193,3967,2822,18651,1286,TRUE,1,3.727,0.9406392694063926,14.503110419906687,1145
2026-05-01T13:18:08.097,T1,20260501_131730,1136,2,0,4.967,-68.4,-99.8,-31.4,63.16,56,1690,3537,4666,16556,1218,TRUE,1,2.9669999999999996,0.4120443740095087,13.592775041050903,1129
2026-05-01T13:18:08.177,T1,20260501_131730,1137,2,0,4.962,-68.6,-101.4,-32.8,55.27,64,1307,3537,3599,17459,1260,TRUE,1,2.9619999999999997,0.3663116591928251,13.856349206349206,62
2026-05-01T13:18:08.299,T1,20260501_131730,1138,2,0,5.084,-68.4,-101.9,-33.5,50.37,76,2272,3828,2696,19616,1324,TRUE,1,3.0839999999999996,0.6965052115266708,14.81570996978852,1132
2026-05-01T13:18:08.389,T1,20260501_131730,1139,2,0,6.416,-68.6,-101.2,-32.7,49.97,76,1370,3798,3943,19499,1329,TRUE,1,4.416,0.3539594367652758,14.671933784800602,145
2026-05-01T13:18:08.479,T1,20260501_131730,1140,2,0,5.919,-93.6,-106.3,-12.7,29.75,8,156,238,158,15,138,TRUE,1,3.919,0.7878787878787878,0.10869565217391304,80
2026-05-01T13:18:08.626,T1,20260501_131730,1141,2,0,5.999,-88.2,-103.8,-15.6,33.33,12,278,400,400,111,201,TRUE,1,3.999,0.695,0.5522388059701493,0
2026-05-01T13:18:08.688,T1,20260501_131730,1142,2,0,5.896,-68.6,-98.8,-30.2,62.35,80,3544,4988,5086,21987,1413,TRUE,1,3.896,0.7035934087750645,15.560509554140127,98
2026-05-01T13:18:08.807,T1,20260501_131730,1143,2,0,4.962,-68.8,-99.6,-30.8,54.36,84,4039,4566,4206,22845,1451,TRUE,1,2.9619999999999997,0.9208846329229367,15.744314266023432,360
2026-05-01T13:18:08.897,T1,20260501_131730,1144,2,0,5.037,-68.8,-99.1,-30.3,62.29,84,4346,5232,4216,23563,1472,TRUE,1,3.037,0.9199830651989839,16.007472826086957,1016
2026-05-01T13:18:17.147,T1,20260501_131730,1220,2,0,4.686,-68.1,-99.5,-31.4,67.73,60,2689,4064,3960,16828,1217,TRUE,1,2.686,0.6702392821535393,13.827444535743632,104
2026-05-01T13:18:17.268,T1,20260501_131730,1221,2,0,5.108,-68.2,-99.3,-31.1,63.71,80,3750,5097,3663,21557,1381,TRUE,1,3.1079999999999997,0.8561643835616438,15.609703113685734,1434
2026-05-01T13:18:17.476,T1,20260501_131730,1223,2,0,4.695,-68.2,-99.6,-31.4,65.82,80,5043,5266,3391,28221,1579,TRUE,1,2.6950000000000003,1.1650687305071041,17.872704243191894,1875
2026-05-01T13:18:17.838,T1,20260501_131730,1226,2,0,6.248,-68.1,-99.7,-31.6,79.27,56,3217,4439,3592,19112,1297,TRUE,1,4.248,0.8011455609513136,14.735543562066306,847
2026-05-01T13:18:18.167,T1,20260501_131730,1229,2,0,4.798,-68.2,-100.3,-32.1,69.75,68,4420,4743,2980,25755,1509,TRUE,1,2.798,1.1446329146704648,17.067594433399602,1763
2026-05-01T13:18:18.376,T1,20260501_131730,1231,2,0,4.826,-68.1,-99.8,-31.7,65.6,68,2922,4461,2917,16880,1219,TRUE,1,2.8259999999999996,0.7920845757657902,13.847415914684168,1544
2026-05-01T13:18:18.496,T1,20260501_131730,1232,2,0,4.747,-68.1,-99.8,-31.7,65.93,68,2796,4483,3976,19801,1318,TRUE,1,2.747,0.6610710485873035,15.023520485584218,507
2026-05-01T13:18:18.586,T1,20260501_131730,1233,2,0,6.304,-68.6,-99.6,-31.1,56.33,72,2543,4056,4128,17004,1242,TRUE,1,4.304,0.6214565004887586,13.690821256038648,72
2026-05-01T13:18:18.676,T1,20260501_131730,1234,2,0,5.652,-68.1,-99.9,-31.8,53.39,72,2628,3844,4120,18003,1256,TRUE,1,3.652,0.6599698643897539,14.33359872611465,276
2026-05-01T13:18:19.156,T1,20260501_131730,1238,2,0,5.614,-68.3,-99.8,-31.5,66.65,68,3455,4532,3258,19517,1318,TRUE,1,3.614,0.8870346598202824,14.80804248861912,1274
2026-05-01T13:18:19.247,T1,20260501_131730,1239,2,0,5.886,-70.8,-100.7,-29.9,76.15,40,1835,3046,2740,9303,992,TRUE,1,3.886,0.6342896647079157,9.378024193548388,306
2026-05-01T13:18:19.337,T1,20260501_131730,1240,2,0,6.219,-68,-99.9,-32,63,76,2714,4788,3507,20225,1327,TRUE,1,4.219,0.6543701024713683,15.24114544084401,1281
2026-05-01T13:18:19.787,T1,20260501_131730,1244,2,0,6.177,-68.1,-99.8,-31.6,65.45,76,4192,4974,3131,23597,1441,TRUE,1,4.177,1.0344231955582974,16.375433726578766,1843
2026-05-01T13:18:19.879,T1,20260501_131730,1245,2,0,4.845,-68.1,-100.3,-32.3,77.09,56,2432,4317,3295,18356,1268,TRUE,1,2.845,0.6389910667367315,14.476340694006309,1022
2026-05-01T13:18:20.357,T1,20260501_131730,1249,2,0,4.672,-68.1,-100,-31.8,66.91,68,3476,4550,3133,20105,1330,TRUE,1,2.6719999999999997,0.9048548743980216,15.11654135338346,1417
2026-05-01T13:18:20.448,T1,20260501_131730,1250,2,0,5.324,-68.1,-99.5,-31.4,51.69,68,2417,3515,4161,15132,1151,TRUE,1,3.324,0.629755081,13.146828844483059,646
2026-05-01T13:18:20.537,T1,20260501_131730,1251,2,0,4.831,-68,-99.9,-31.8,54.92,84,4794,4613,3261,25668,1498,TRUE,1,2.8310000000000004,1.2176784353568708,17.134846461949266,1352
2026-05-01T13:18:20.692,T1,20260501_131730,1252,2,0,4.85,-68.3,-100.2,-31.9,57.7,64,2694,3693,3826,17562,1249,TRUE,1,2.8499999999999996,0.7165846522143902,14.060848678943154,133
2026-05-01T13:18:20.987,T1,20260501_131730,1255,2,0,5.544,-67.7,-100,-32.3,61.29,68,2978,4168,2716,16433,1183,TRUE,1,3.5439999999999996,0.8651946542707728,13.890955198647505,1452
2026-05-01T13:18:21.316,T1,20260501_131730,1258,2,0,4.817,-68.1,-99.9,-31.8,47.16,68,2521,3207,4175,15963,1182,TRUE,1,2.817,0.6830127336765104,13.50507614213198,968
2026-05-01T13:18:21.917,T1,20260501_131730,1263,2,0,5.713,-67.7,-99.7,-31.9,58.99,68,2577,4011,3760,16717,1195,TRUE,1,3.713,0.6632351048771072,13.989121338912135,251
2026-05-01T13:18:22.007,T1,20260501_131730,1264,2,0,5.3,-67.9,-99.9,-32,51.95,80,3591,4156,2706,17629,1236,TRUE,1,3.3,1.0466336345088896,14.26294498381877,1450
2026-05-01T13:18:22.456,T1,20260501_131730,1268,2,0,7.209,,-102.8,,25.38,8,204,203,199,0,99,FALSE,1,5.209,1.0149253731343284,0,4
2026-05-01T13:18:22.578,T1,20260501_131730,1269,2,0,4.817,-68,-99.9,-31.9,60.08,72,2711,4326,3518,18248,1262,TRUE,1,2.817,0.6912289648138705,14.45958795562599,808
2026-05-01T13:18:22.667,T1,20260501_131730,1270,2,0,4.986,-67.7,-100.2,-32.5,60.25,64,3636,3856,2388,17370,1217,TRUE,1,2.986,1.1646380525304292,14.27280197206245,1468
2026-05-01T13:18:30.856,T1,20260501_131730,1345,2,0,4.54,-68,-100.5,-32.4,69.03,64,2263,4418,3913,21307,1365,TRUE,1,2.54,0.5432721161925339,15.60952380952381,505
2026-05-01T13:18:30.950,T1,20260501_131730,1346,2,0,5.567,-68.1,-100.1,-32,60.28,76,2970,4581,3294,19769,1316,TRUE,1,3.567,0.7542857142857143,15.022036474164134,1287
2026-05-01T13:18:31.156,T1,20260501_131730,1348,2,0,4.559,-68.2,-100.9,-32.7,59,64,2183,3776,4031,20700,1354,TRUE,1,2.559,0.5592417061611374,15.288035450516986,255
2026-05-01T13:18:31.276,T1,20260501_131730,1349,2,0,4.718,-68.2,-100.6,-32.4,61.07,68,2909,4153,2725,17888,1258,TRUE,1,2.718,0.8458854318115732,14.21939586645469,1428
2026-05-01T13:18:31.756,T1,20260501_131730,1353,2,0,5.328,-67.9,-100.8,-32.9,50.2,84,2312,4217,4571,25682,1492,TRUE,1,3.3280000000000003,0.5261720527992717,17.21313672922252,354
2026-05-01T13:18:31.846,T1,20260501_131730,1354,2,0,5.511,-68.4,-100.6,-32.1,77.2,60,3076,4632,3758,23888,1465,TRUE,1,3.511,0.733253874,16.30580204778157,874
2026-05-01T13:18:32.296,T1,20260501_131730,1358,2,0,4.723,-68.1,-100.8,-32.7,60.45,64,4082,3869,2604,21981,1387,TRUE,1,2.723,1.261238993,15.84787311,1265
2026-05-01T13:18:32.386,T1,20260501_131730,1359,2,0,4.84,-68,-100.4,-32.3,57.18,76,2651,4346,3601,20407,1336,TRUE,1,2.84,0.6671700012583365,15.274700598802395,745
2026-05-01T13:18:32.956,T1,20260501_131730,1364,2,0,4.634,-68.4,-100.5,-32.1,71.68,60,2673,4301,3598,20354,1353,TRUE,1,2.6340000000000003,0.6767945309532852,15.04360679970436,703
2026-05-01T13:18:33.677,T1,20260501_131730,1370,2,0,4.643,-68.3,-100.3,-32,67.36,72,3664,4850,3066,23504,1447,TRUE,1,2.643,0.9257200606366852,16.24326192121631,1784
2026-05-01T13:18:33.827,T1,20260501_131730,1371,2,0,6.388,-68.4,-100.6,-32.2,59.65,60,1799,3579,4083,17654,1256,TRUE,1,4.388,0.46959018533020097,14.055732484076433,504
2026-05-01T13:18:33.856,T1,20260501_131730,1372,2,0,4.948,-68.3,-100.4,-32,53.62,60,1769,3217,4240,16064,1197,TRUE,1,2.9480000000000004,0.47445353359259756,13.420217209690893,1023
2026-05-01T13:18:33.976,T1,20260501_131730,1373,2,0,4.775,-68.3,-100.3,-31.9,60.67,76,4342,4611,3144,25000,1493,TRUE,1,2.7750000000000004,1.1197936814958092,16.744809109176156,1467
2026-05-01T13:18:34.068,T1,20260501_131730,1374,2,0,6.393,-67.8,-100.5,-32.6,66.9,60,4301,4014,2524,22148,1382,TRUE,1,4.393,1.3156928724380546,16.0260492,1490
2026-05-01T13:18:34.157,T1,20260501_131730,1375,2,0,5.6,-90,-106.4,-16.4,20.42,12,256,245,167,51,168,TRUE,1,3.5999999999999996,1.2427184466019416,0.30357142857142855,78
2026-05-01T13:18:34.276,T1,20260501_131730,1376,2,0,4.892,-68.3,-100,-31.7,64.88,72,2684,4671,3604,19655,1321,TRUE,1,2.8920000000000003,0.6487009063444109,14.87887963663891,1067
2026-05-01T13:18:34.488,T1,20260501_131730,1378,2,0,5.994,-68.5,-100.5,-32,52.52,84,4066,4412,2990,23240,1447,TRUE,1,3.994,1.0986219940556605,16.06081548030408,1422
2026-05-01T13:18:34.608,T1,20260501_131730,1379,2,0,4.737,-67.7,-100.6,-33,70.6,60,2006,4236,3181,18300,1249,TRUE,1,2.737,0.540919509,14.651721377101682,1055
2026-05-01T13:18:34.698,T1,20260501_131730,1380,2,0,4.718,-68.4,-100.9,-32.5,59.29,68,2366,4032,4104,22151,1410,TRUE,1,2.718,0.5816125860373648,15.709929078014184,72
2026-05-01T13:18:34.785,T1,20260501_131730,1381,2,0,4.887,-68.3,-100.6,-32.4,53.58,72,3881,3858,2745,20474,1348,TRUE,1,2.8869999999999996,1.175526275935181,15.188427299703264,1113
2026-05-01T13:18:34.906,T1,20260501_131730,1382,2,0,5.216,-68.5,-100.2,-31.7,65.95,76,2968,5012,3760,23478,1456,TRUE,1,3.216,0.6766985864113088,16.125,1252
2026-05-01T13:18:34.996,T1,20260501_131730,1383,2,0,4.906,-67.9,-101.3,-33.4,32.95,76,1915,2504,3912,16326,1189,TRUE,1,2.9059999999999997,0.5969451371571073,13.730866274179983,1408
2026-05-01T13:18:35.116,T1,20260501_131730,1384,2,0,5.957,-68.5,-100.8,-32.3,55.86,76,2939,4245,2695,19114,1315,TRUE,1,3.957,0.8469740634005763,14.535361216730038,1550
2026-05-01T13:18:35.326,T1,20260501_131730,1386,2,0,4.775,-68.2,-101.3,-33.1,48.45,56,1732,2713,3872,16269,1199,TRUE,1,2.7750000000000004,0.5260440394836751,13.568807339449542,1159
2026-05-01T13:18:35.658,T1,20260501_131730,1389,2,0,4.667,-68.4,-101.1,-32.7,53.29,72,1880,3837,3947,20625,1360,TRUE,1,2.667,0.4830421377183967,15.165441176470589,110
2026-05-01T13:18:35.776,T1,20260501_131730,1390,2,0,4.714,-68.2,-101.2,-33.1,48.09,76,3134,3655,2906,19971,1327,TRUE,1,2.7140000000000004,0.9553421734491694,15.049736247174076,749
2026-05-01T13:18:36.107,T1,20260501_131730,1393,2,0,5.666,-68.4,-100.7,-32.2,60.46,80,3259,4837,3296,24530,1485,TRUE,1,3.666,0.8014262879626214,16.51851851851852,1541
2026-05-01T13:18:36.248,T1,20260501_131730,1394,2,0,4.648,-84.4,-101.3,-16.9,53.49,68,2106,3637,3417,6138,1289,TRUE,1,2.6479999999999997,0.5971080238162745,4.761830876648565,220
2026-05-01T13:19:44.516,T1,20260501_131944,2018,1.5,0,4.09,-68.8,-96.9,-28.2,82.02,92,4749,7546,7515,30659,1678,TRUE,1,2.59,0.6306354159750348,18.271156138259833,31
2026-05-01T13:19:44.606,T1,20260501_131944,2019,1.5,0,4.306,-67.6,-97.2,-29.6,80.8,88,5743,7110,3900,25604,1472,TRUE,1,2.806,1.0432334241598546,17.394021739130434,3210
2026-05-01T13:19:44.726,T1,20260501_131944,2020,1.5,0,4.723,-69.1,-101.7,-32.6,36.39,100,1713,3639,5053,27404,1605,TRUE,1,3.223,0.3941555453290382,17.074143302180687,1414
2026-05-01T13:19:44.826,T1,20260501_131944,2021,1.5,0,4.109,-69.2,-105.7,-36.6,23.15,96,3684,2222,1532,34590,1808,TRUE,1,2.609,1.9627064464571125,19.131637168141594,690
2026-05-01T13:19:44.936,T1,20260501_131944,2022,1.5,0,3.658,-70,-108.9,-39,24.18,108,1016,2611,1548,33581,1831,TRUE,1,2.158,0.48857898533301275,18.340251228836703,1063
2026-05-01T13:19:45.036,T1,20260501_131944,2023,1.5,0,4.339,-68.7,-101.1,-32.4,49.17,120,2047,5901,5132,38755,1885,TRUE,1,2.8390000000000004,0.37106861234478383,20.55968169761273,769
2026-05-01T13:19:45.266,T1,20260501_131944,2025,1.5,0,5.145,-68.6,-109.8,-41.2,16.18,76,1379,1230,1426,24047,1479,TRUE,1,3.645,1.0384036144578312,16.258958755916158,196
2026-05-01T13:19:45.838,T1,20260501_131944,2030,1.5,0,4.006,-67.8,-104.2,-36.5,16.39,72,4006,1180,1325,24966,1464,TRUE,1,2.506,3.1984031936127746,17.05327868852459,145
2026-05-01T13:19:46.287,T1,20260501_131944,2034,1.5,0,4.282,-66.9,-100.2,-33.3,57.12,88,1540,5027,4138,24448,1404,TRUE,1,2.782,0.33606110201854883,17.413105413105413,889
2026-05-01T13:19:46.407,T1,20260501_131944,2035,1.5,0,4.376,-67.1,-100.1,-33.1,70.32,72,2872,5063,2765,21877,1337,TRUE,1,2.8760000000000003,0.7337761880429229,16.36275243081526,2298
2026-05-01T13:19:46.503,T1,20260501_131944,2036,1.5,0,4.343,-66.8,-100.7,-33.8,55.42,76,506,4212,4721,24605,1407,TRUE,1,2.843,0.11328780924661368,17.487562189054728,509
2026-05-01T13:19:46.826,T1,20260501_131944,2039,1.5,0,4.334,-67.8,-100.6,-32.8,45.29,112,1574,5072,4843,28857,1576,TRUE,1,2.8339999999999996,0.31749873928391326,18.310279187817258,229
2026-05-01T13:19:46.948,T1,20260501_131944,2040,1.5,0,4.4,-68.4,-100.8,-32.4,50.26,100,890,5026,5825,33822,1741,TRUE,1,2.9000000000000004,0.1640401806285135,19.42676622630672,799
2026-05-01T13:19:47.277,T1,20260501_131944,2043,1.5,0,5.619,-68.1,-100.8,-32.6,53.05,100,1195,5305,5948,36943,1804,TRUE,1,4.119,0.21238780769572557,20.478381374722836,643
2026-05-01T13:19:47.367,T1,20260501_131944,2044,1.5,0,4.498,-67.5,-100.6,-33.2,53.13,92,3248,4888,2606,23895,1417,TRUE,1,2.998,0.8668267947691487,16.863091037402963,2282
2026-05-01T13:19:47.487,T1,20260501_131944,2045,1.5,0,4.432,-67.6,-100.9,-33.4,49.66,96,2458,4767,3233,24119,1429,TRUE,1,2.9320000000000004,0.6145,16.87823652904129,1534
2026-05-01T13:19:47.578,T1,20260501_131944,2046,1.5,0,5.258,-67.6,-102.1,-34.5,47.14,84,687,3960,4303,27831,1539,TRUE,1,3.758,0.16628343216749364,18.08382066276803,343
2026-05-01T13:19:47.746,T1,20260501_131944,2047,1.5,0,4.442,-68.3,-102.9,-34.6,40.36,116,1090,4682,4597,40812,1906,TRUE,1,2.942,0.2349391098178683,21.412381951731376,85
2026-05-01T13:19:55.830,T1,20260501_131944,2122,1.5,0,4.836,-74.9,-113.2,-38.3,18.28,32,464,585,550,5331,865,TRUE,1,3.3360000000000003,0.8176211453744493,6.163005780346821,35
2026-05-01T13:19:55.950,T1,20260501_131944,2123,1.5,0,4.901,-68.6,-102.4,-33.8,44.96,104,1566,4676,3228,27864,1594,TRUE,1,3.401,0.39625506072874495,17.48055207026349,1448
2026-05-01T13:19:56.158,T1,20260501_131944,2125,1.5,0,5.239,-67.7,-101.8,-34.2,51.86,80,818,4149,3797,24266,1438,TRUE,1,3.739,0.205889756,16.874826147426983,352
2026-05-01T13:19:56.248,T1,20260501_131944,2126,1.5,0,4.451,-67.4,-108.2,-40.8,5.64,72,2327,406,1330,24249,1423,TRUE,1,2.9509999999999996,2.6808755760368665,17.04075895994378,924
2026-05-01T13:19:56.459,T1,20260501_131944,2128,1.5,0,4.484,-67.8,-100.8,-33,58.14,88,2764,5116,3012,25339,1476,TRUE,1,2.984,0.6801181102362205,17.167344173441734,2104
2026-05-01T13:19:56.727,T1,20260501_131944,2130,1.5,0,4.976,-89,-105.5,-16.5,30.92,12,164,371,238,76,182,TRUE,1,3.476,0.5385878489326765,0.4175824175824176,133
2026-05-01T13:19:56.788,T1,20260501_131944,2131,1.5,0,4.784,-69,-111.8,-42.8,14.91,96,1557,1431,1114,38459,1896,TRUE,1,3.284,1.2235756385068761,20.28428270042194,317
2026-05-01T13:19:57.718,T1,20260501_131944,2139,1.5,0,5.38,-70.7,-99,-28.3,81.23,48,691,3899,3764,9404,994,TRUE,1,3.88,0.18034712253686547,9.460764587525151,135
2026-05-01T13:19:57.838,T1,20260501_131944,2140,1.5,0,4.414,-68.7,-105,-36.4,5.7,92,4568,524,1461,34033,1763,TRUE,1,2.9139999999999997,4.602518891687658,19.304027226318773,937
2026-05-01T13:19:58.258,T1,20260501_131944,2144,1.5,0,5.291,-79.4,-103.1,-23.7,50.88,16,65,814,735,539,321,TRUE,1,3.791,0.083925113,1.679127725856698,79
2026-05-01T13:19:58.378,T1,20260501_131944,2145,1.5,0,5.117,-73.1,-101,-27.9,51.77,44,1403,2278,1322,3782,686,TRUE,1,3.617,0.7794444444444445,5.513119533527697,956
2026-05-01T13:19:59.070,T1,20260501_131944,2151,1.5,0,4.991,-71.6,-112.9,-41.3,16.64,72,435,1198,931,18297,1429,TRUE,1,3.4909999999999997,0.40864255519023013,12.80405878236529,267
2026-05-01T13:19:59.398,T1,20260501_131944,2154,1.5,0,4.264,-68.9,-99.8,-31,68.6,88,3984,6037,3474,28204,1615,TRUE,1,2.764,0.8377667963410788,17.46377708978328,2563
2026-05-01T13:19:59.518,T1,20260501_131944,2155,1.5,0,4.442,-68.1,-101,-32.8,55.26,84,282,4642,4622,25607,1502,TRUE,1,2.942,0.060880829,17.04860186418109,20
2026-05-01T13:19:59.727,T1,20260501_131944,2157,1.5,0,5.197,-72.5,-99.9,-27.4,56.97,40,1687,2279,1274,3334,630,TRUE,1,3.697,0.9496200394033212,5.292063492063492,1005
2026-05-01T13:19:59.819,T1,20260501_131944,2158,1.5,0,4.423,-68.2,-105.2,-37,31.64,80,1806,2531,2222,22885,1421,TRUE,1,2.923,0.75994109,16.104855735397607,309
2026-05-01T13:19:59.938,T1,20260501_131944,2159,1.5,0,4.423,-67.9,-103.4,-35.6,43.58,84,1115,3661,3164,26402,1511,TRUE,1,2.923,0.32673992673992674,17.473196558570482,497
2026-05-01T13:20:00.028,T1,20260501_131944,2160,1.5,0,4.892,-68.5,-102.7,-34.2,53.67,80,974,4294,3655,28506,1602,TRUE,1,3.3920000000000003,0.24506227198389735,17.794007490636705,639
2026-05-01T13:20:00.208,T1,20260501_131944,2161,1.5,0,4.357,-67.7,-102,-34.3,50.74,76,1205,3856,3464,22016,1372,TRUE,1,2.857,0.3292349726775956,16.04664723,392
2026-05-01T13:20:00.358,T1,20260501_131944,2163,1.5,0,4.845,-68.1,-101.5,-33.4,47.95,104,3644,4987,2779,30917,1647,TRUE,1,3.345,0.9384496523306721,18.77170613236187,2208
2026-05-01T13:20:00.447,T1,20260501_131944,2164,1.5,0,4.475,-67.5,-102.5,-35,36.26,92,1003,3336,4168,26113,1482,TRUE,1,2.9749999999999996,0.26732409381663114,17.620107962213226,832
2026-05-01T13:20:00.569,T1,20260501_131944,2165,1.5,0,4.69,-68.5,-102.1,-33.5,48.69,88,424,4285,4459,28720,1612,TRUE,1,3.1900000000000004,0.096980787,17.81637717121588,174
2026-05-01T13:20:00.659,T1,20260501_131944,2166,1.5,0,4.099,-68.4,-107.6,-39.3,2.36,76,3097,179,1427,31740,1686,TRUE,1,2.599,3.8567870485678704,18.82562277580071,1248
2026-05-01T13:20:00.773,T1,20260501_131944,2167,1.5,0,5.6,-68.3,-103.1,-34.7,28.67,104,1967,2982,4759,33702,1734,TRUE,1,4.1,0.5082030745381734,19.43598615916955,1777
2026-05-01T13:20:00.988,T1,20260501_131944,2169,1.5,0,5.502,-71.5,-105,-33.5,36.52,44,743,1607,1079,5150,757,TRUE,1,4.002,0.5532390171258377,6.803170409511228,528
2026-05-01T13:20:01.230,T1,20260501_131944,2171,1.5,0,5.037,-91.6,-111.4,-19.8,17,8,63,136,115,26,143,TRUE,1,3.537,0.501992032,0.18181818181818182,21
2026-05-01T13:20:01.769,T1,20260501_131944,2176,1.5,0,5.23,-71.4,-103.6,-32.2,41.42,40,720,1657,1655,5237,761,TRUE,1,3.73,0.43478260869565216,6.88173456,2
2026-05-01T13:20:01.889,T1,20260501_131944,2177,1.5,0,4.446,-67.5,-101.9,-34.4,44.75,88,1534,3938,3512,23372,1402,TRUE,1,2.9459999999999997,0.41181208053691276,16.670470756062766,426
2026-05-01T13:20:02.490,T1,20260501_131944,2182,1.5,0,5.197,-67.6,-101.7,-34.1,59.79,68,1138,4066,3256,20877,1330,TRUE,1,3.697,0.31084403168533187,15.696992481203008,810
2026-05-01T13:20:02.579,T1,20260501_131944,2183,1.5,0,5.173,-67.3,-101.4,-34.1,50.06,84,2774,4205,2307,21228,1327,TRUE,1,3.673,0.851965602,15.99698568198945,1898
2026-05-01T13:20:02.669,T1,20260501_131944,2184,1.5,0,4.503,-67.7,-101.5,-33.7,51.39,80,2774,4111,2313,20484,1325,TRUE,1,3.003,0.8636363636363636,15.459622641509434,1798
2026-05-01T13:20:03.241,T1,20260501_131944,2189,1.5,0,5.333,-67.5,-101.4,-33.9,43.11,80,1576,3449,3818,19944,1295,TRUE,1,3.833,0.43374157148754644,15.4007722,369
2026-05-01T13:20:03.479,T1,20260501_131944,2191,1.5,0,5.933,-67.1,-101.1,-34,64.11,72,2448,4616,2832,23294,1380,TRUE,1,4.433,0.6573576799140709,16.879710144927536,1784
2026-05-01T13:20:03.690,T1,20260501_131944,2193,1.5,0,4.536,-67.7,-101.8,-34.1,48.82,84,1471,4101,3564,23545,1416,TRUE,1,3.0359999999999996,0.38382257,16.627824858757062,537
2026-05-01T13:20:03.778,T1,20260501_131944,2194,1.5,0,4.972,-66.9,-102,-35.1,46.04,68,1525,3131,3683,21291,1314,TRUE,1,3.4720000000000004,0.4476078661579102,16.203196347031962,552
2026-05-01T13:20:04.139,T1,20260501_131944,2197,1.5,0,4.498,-67,-102,-35,50.46,76,1473,3835,3084,21514,1324,TRUE,1,2.998,0.4257840728428964,16.249244712990937,751
2026-05-01T13:20:04.258,T1,20260501_131944,2198,1.5,0,4.47,-67.1,-101.6,-34.5,51.32,76,1387,3900,3612,22250,1349,TRUE,1,2.97,0.36927582534611286,16.493699036323203,288
2026-05-01T13:20:04.468,T1,20260501_131944,2200,1.5,0,4.873,-70.9,-110.7,-39.8,6.64,44,1043,292,703,7648,902,TRUE,1,3.373,2.0964824120603014,8.478935698447893,411
2026-05-01T13:20:04.679,T1,20260501_131944,2202,1.5,0,5.127,-67.8,-101.7,-34,51.02,88,3385,4490,2622,28098,1554,TRUE,1,3.627,0.9519122609673791,18.08108108108108,1868
2026-05-01T13:20:04.920,T1,20260501_131944,2204,1.5,0,5.159,-70.7,-111,-40.3,7.62,52,1409,396,878,14498,1234,TRUE,1,3.659,2.2119309262166404,11.748784440842787,482
2026-05-01T13:20:05.280,T1,20260501_131944,2207,1.5,0,4.573,-67.3,-101.9,-34.6,36.05,88,1678,3172,4018,22940,1381,TRUE,1,3.0730000000000004,0.46675938803894296,16.61115133960898,846
2026-05-01T13:20:05.939,T1,20260501_131944,2213,1.5,0,5.239,-71.9,-103.2,-31.3,37.44,36,629,1348,1846,4311,701,TRUE,1,3.739,0.3938634940513463,6.14978602,498
2026-05-01T13:20:06.060,T1,20260501_131944,2214,1.5,0,4.489,-67.4,-101.7,-34.3,47,68,1299,3196,3832,19907,1290,TRUE,1,2.989,0.36966420034149117,15.431782945736433,636
2026-05-01T13:20:06.391,T1,20260501_131944,2217,1.5,0,5.366,-94.3,-110.4,-16.1,13.75,8,59,110,152,12,134,TRUE,1,3.866,0.45038167938931295,0.089552239,42
2026-05-01T13:20:07.320,T1,20260501_131944,2225,1.5,0,5.281,-72,-102.1,-30.1,61.38,32,877,1964,1406,3932,673,TRUE,1,3.781,0.5204747774480712,5.842496285289747,558
2026-05-01T13:20:07.438,T1,20260501_131944,2226,1.5,0,4.578,-67.3,-101,-33.7,55.17,80,2833,4414,2339,20845,1314,TRUE,1,3.0780000000000003,0.8390345031837702,15.863774733637747,2075
2026-05-01T13:20:16.110,T1,20260501_131944,2305,1.5,0,4.235,-68.7,-104.4,-35.7,35.35,80,695,2828,2665,19566,1337,TRUE,1,2.7350000000000003,0.2530493355179319,14.634255796559462,163
2026-05-01T13:20:16.230,T1,20260501_131944,2306,1.5,0,4.301,-68.7,-104.2,-35.5,33.08,92,929,3043,3313,25307,1523,TRUE,1,2.801,0.2923222152297042,16.61654629021668,270
2026-05-01T13:20:16.440,T1,20260501_131944,2308,1.5,0,5.042,-70.4,-105,-34.6,41.17,48,439,1976,1960,10162,1023,TRUE,1,3.542,0.22306910569105692,9.933528836754643,16
2026-05-01T13:20:16.679,T1,20260501_131944,2310,1.5,0,4.981,-68.3,-104.3,-36.1,36.76,72,631,2647,3067,21587,1384,TRUE,1,3.481,0.2208610430521526,15.597543352601155,420
2026-05-01T13:20:16.768,T1,20260501_131944,2311,1.5,0,3.949,-68.8,-109,-40.1,5.89,88,2508,518,1487,31380,1701,TRUE,1,2.449,2.5017456359102246,18.447971781305114,969
2026-05-01T13:20:17.099,T1,20260501_131944,2314,1.5,0,5.281,-83.7,-107.8,-24.2,23.69,16,194,379,227,231,244,TRUE,1,3.781,0.6402640264026402,0.9467213114754098,152
2026-05-01T13:20:17.190,T1,20260501_131944,2315,1.5,0,3.893,-68.1,-113,-44.9,19.03,68,489,1294,879,25868,1508,TRUE,1,2.393,0.4500690289921767,17.153846153846153,415
2026-05-01T13:20:17.310,T1,20260501_131944,2316,1.5,0,4.479,-68.5,-104.6,-36.2,27.02,64,1382,1729,3214,20582,1361,TRUE,1,2.979,0.5591745903297592,15.122703894195444,1485
2026-05-01T13:20:17.399,T1,20260501_131944,2317,1.5,0,5.891,-68.7,-104.7,-35.9,36.38,80,857,2910,2718,22217,1427,TRUE,1,4.391,0.30454868514570005,15.569025928521373,192
2026-05-01T13:20:17.519,T1,20260501_131944,2318,1.5,0,4.897,-68.1,-104.7,-36.6,24.36,80,1415,1949,3131,22015,1390,TRUE,1,3.397,0.5570866141732284,15.838129496402878,1182
2026-05-01T13:20:17.638,T1,20260501_131944,2319,1.5,0,3.94,-67.6,-109.4,-41.8,1.75,68,1898,119,1210,22029,1366,TRUE,1,2.44,2.8562829194883372,16.126647144948755,1091
2026-05-01T13:20:17.698,T1,20260501_131944,2320,1.5,0,4.718,-67.6,-104.3,-36.7,34.12,92,2075,3139,2138,25019,1458,TRUE,1,3.218,0.7864316846693197,17.159807956104252,1001
2026-05-01T13:20:17.908,T1,20260501_131944,2322,1.5,0,4.362,-67.6,-104.2,-36.5,40.71,76,852,3094,2431,20867,1332,TRUE,1,2.862,0.3084162895927602,15.665915915915916,663
2026-05-01T13:20:18.030,T1,20260501_131944,2323,1.5,0,4.451,-68.2,-104.7,-36.5,39.17,88,1335,3447,2815,30527,1644,TRUE,1,2.9509999999999996,0.42638134781220055,18.56873479318735,632
2026-05-01T13:20:18.360,T1,20260501_131944,2326,1.5,0,5.295,-70.1,-104.4,-34.2,41.05,60,617,2463,2210,12891,1141,TRUE,1,3.795,0.26407019,11.297984224364592,253
2026-05-01T13:20:18.449,T1,20260501_131944,2327,1.5,0,4.653,-67.8,-104.5,-36.7,35.6,88,1372,3133,2479,24298,1446,TRUE,1,3.1529999999999996,0.488952245,16.80359612724758,654
2026-05-01T13:20:18.539,T1,20260501_131944,2328,1.5,0,5.356,-88.8,-108.3,-19.4,15.67,12,140,188,321,106,211,TRUE,1,3.856,0.550098232,0.5023696682464455,133
2026-05-01T13:20:18.659,T1,20260501_131944,2329,1.5,0,5.244,-67.8,-109,-41.2,5,68,2137,340,1334,25162,1473,TRUE,1,3.744,2.5531660692951017,17.08214528173795,994
2026-05-01T13:20:18.748,T1,20260501_131944,2330,1.5,0,4.526,-67.6,-104.3,-36.7,46.52,60,745,2791,2573,20016,1301,TRUE,1,3.026,0.2777777777777778,15.385088393543429,218
2026-05-01T13:20:18.869,T1,20260501_131944,2331,1.5,0,4.592,-67.7,-103.8,-36.2,36.95,88,1606,3252,2017,20497,1321,TRUE,1,3.0919999999999996,0.6096033402922756,15.516275548826647,1235
2026-05-01T13:20:18.991,T1,20260501_131944,2332,1.5,0,5.136,-71.9,-114.6,-42.7,16.55,40,195,662,422,6906,889,TRUE,1,3.636,0.35977859778597787,7.768278965129359,240
2026-05-01T13:20:19.048,T1,20260501_131944,2333,1.5,0,4.517,-67.9,-104.2,-36.3,37.65,68,829,2560,2773,19181,1289,TRUE,1,3.0170000000000003,0.31089443090193136,14.880527540729247,213
2026-05-01T13:20:19.168,T1,20260501_131944,2334,1.5,0,5.375,-85.4,-108.2,-22.9,22.12,16,70,354,265,194,237,TRUE,1,3.875,0.22617124394184168,0.8185654008438819,89
2026-05-01T13:20:19.499,T1,20260501_131944,2337,1.5,0,4.564,-69.1,-104.6,-35.5,31.04,92,883,2856,3327,25929,1563,TRUE,1,3.064,0.2856218664078926,16.589251439539346,471
2026-05-01T13:20:19.950,T1,20260501_131944,2341,1.5,0,4.446,-68.4,-104.3,-35.9,44.94,72,963,3236,2680,23375,1449,TRUE,1,2.9459999999999997,0.3255578093306288,16.131815044858524,556
2026-05-01T13:20:20.069,T1,20260501_131944,2342,1.5,0,5.6,-73.4,-105.4,-32,23.07,44,777,1015,1579,4772,778,TRUE,1,4.1,0.5990747879722437,6.133676092544987,564
2026-05-01T13:20:20.159,T1,20260501_131944,2343,1.5,0,4.034,-68.6,-104.1,-35.5,27.01,76,1501,2053,3382,21404,1395,TRUE,1,2.534,0.5523459061637535,15.34336917562724,1329
2026-05-01T13:20:20.249,T1,20260501_131944,2344,1.5,0,4.564,-68.2,-104.1,-35.8,37.57,68,850,2555,3174,20916,1362,TRUE,1,3.064,0.29673590504451036,15.35682819,619
2026-05-01T13:20:20.369,T1,20260501_131944,2345,1.5,0,4.414,-70,-104.6,-34.6,30.26,84,983,2542,3431,23059,1519,TRUE,1,2.9139999999999997,0.32914783191026287,15.180381830151415,889
2026-05-01T13:20:20.459,T1,20260501_131944,2346,1.5,0,4.456,-67.9,-104.3,-36.4,31.97,72,1196,2302,3250,22606,1401,TRUE,1,2.9560000000000004,0.430835735,16.135617416131335,948
2026-05-01T13:20:20.610,T1,20260501_131944,2347,1.5,0,4.479,-68.3,-104.3,-36,30.45,92,798,2801,3234,24058,1464,TRUE,1,2.979,0.26445733222866613,16.433060109289617,433
2026-05-01T13:20:20.909,T1,20260501_131944,2350,1.5,0,4.531,-68.3,-104.3,-36,41.64,80,945,3331,3196,28220,1583,TRUE,1,3.0309999999999997,0.2895664164240846,17.826910928616552,135
2026-05-01T13:20:21.001,T1,20260501_131944,2351,1.5,0,5.469,-67.6,-110.4,-42.8,6.71,68,1540,456,1209,22036,1366,TRUE,1,3.969,1.84984985,16.13177159590044,753
2026-05-01T13:20:21.148,T1,20260501_131944,2352,1.5,0,5.614,-67.5,-113.3,-45.8,17.76,68,372,1208,775,23439,1407,TRUE,1,4.114,0.3751891074130106,16.658848614072493,433
2026-05-01T13:20:21.209,T1,20260501_131944,2353,1.5,0,4.606,-68.1,-104,-35.8,36.01,92,2406,3313,2214,25866,1509,TRUE,1,3.106,0.8706350642301429,17.141153081510936,1099
2026-05-01T13:20:21.541,T1,20260501_131944,2356,1.5,0,6.036,-67.7,-104.1,-36.4,38.96,80,874,3117,2564,21630,1358,TRUE,1,4.536,0.3076923076923077,15.927835051546392,553
2026-05-01T13:20:21.749,T1,20260501_131944,2358,1.5,0,5.258,-76.8,-106.8,-30.1,25.67,24,185,616,546,904,380,TRUE,1,3.758,0.31841652323580033,2.3789473684210525,70
2026-05-01T13:20:22.229,T1,20260501_131944,2362,1.5,0,4.592,-68.6,-104.1,-35.5,32.86,104,1109,3417,2967,25866,1531,TRUE,1,3.0919999999999996,0.3474310776942356,16.894839973873285,450
2026-05-01T13:20:22.348,T1,20260501_131944,2363,1.5,0,4.986,-69.1,-104,-34.8,44.29,76,1269,3366,2788,23026,1474,TRUE,1,3.486,0.4124146896327592,15.621438263229308,578
2026-05-01T13:20:22.530,T1,20260501_131944,2365,1.5,0,4.526,-69,-104.7,-35.7,37.91,76,1001,2881,3616,29534,1663,TRUE,1,3.026,0.3081422194859166,17.759470835838844,735
2026-05-01T13:20:22.649,T1,20260501_131944,2366,1.5,0,5.141,-68.5,-103.6,-35.1,41.76,88,1425,3675,2871,25208,1507,TRUE,1,3.641,0.43538038496791936,16.727272727272727,804
2026-05-01T13:20:22.740,T1,20260501_131944,2367,1.5,0,4.944,-70.8,-110.2,-39.3,4.28,64,1931,274,1039,20108,1461,TRUE,1,3.444,2.9413556740289413,13.763175906913073,765
2026-05-01T13:20:22.980,T1,20260501_131944,2369,1.5,0,5.309,-67.9,-103.8,-35.9,40.35,84,1393,3389,2372,22216,1389,TRUE,1,3.809,0.4835965978128797,15.99424046076314,1017
2026-05-01T13:20:23.069,T1,20260501_131944,2370,1.5,0,4.531,-68,-104.1,-36.1,42.51,68,776,2891,2866,21338,1365,TRUE,1,3.0309999999999997,0.2695848532221643,15.632234432234432,25
2026-05-01T13:20:23.279,T1,20260501_131944,2372,1.5,0,5.211,-68.6,-103.9,-35.3,31.12,76,1302,2365,3812,24712,1498,TRUE,1,3.711,0.42156386595434675,16.496662216288385,1447
2026-05-01T13:20:23.369,T1,20260501_131944,2373,1.5,0,4.681,-67.8,-104.3,-36.5,44.21,72,904,3183,2183,20812,1339,TRUE,1,3.181,0.3369362653745807,15.542942494398805,1000
2026-05-01T13:20:23.489,T1,20260501_131944,2374,1.5,0,4.428,-68.3,-103.3,-34.9,46.06,80,1294,3685,2718,22508,1418,TRUE,1,2.928,0.4041855380290489,15.873060648801129,967
2026-05-01T13:20:23.850,T1,20260501_131944,2377,1.5,0,5.225,-76.1,-104.7,-28.6,26.96,24,150,647,935,1070,404,TRUE,1,3.725,0.18963337547408343,2.6485148514851486,288
2026-05-01T13:20:24.299,T1,20260501_131944,2381,1.5,0,5.408,-98.2,-109.4,-11.2,16.25,8,100,130,114,4,121,TRUE,1,3.908,0.819672131,0.033057851,16
2026-05-01T13:20:24.389,T1,20260501_131944,2382,1.5,0,4.198,-68.6,-106.8,-38.3,1.25,112,3871,140,1886,41555,1942,TRUE,1,2.6980000000000004,3.8213228035538007,21.39804325437693,1746
2026-05-01T13:20:24.719,T1,20260501_131944,2385,1.5,0,4.048,-68.6,-107.4,-38.8,5.12,88,2925,451,1668,29492,1637,TRUE,1,2.548,2.7607361963190185,18.015882712278557,1217
2026-05-01T13:20:24.839,T1,20260501_131944,2386,1.5,0,4.142,-67.9,-112.2,-44.3,17.7,76,611,1345,997,25478,1487,TRUE,1,2.6420000000000003,0.5217762596071733,17.13382649630128,348
2026-05-01T13:20:25.169,T1,20260501_131944,2389,1.5,0,5.83,-68.2,-101,-32.7,55.75,92,2926,5129,3265,27046,1549,TRUE,1,4.33,0.6971646414105314,17.460296965784377,1864
2026-05-01T13:20:25.529,T1,20260501_131944,2392,1.5,0,4.409,-67.8,-101,-33.2,53.67,92,2542,4938,3248,25339,1477,TRUE,1,2.909,0.6210603469337894,17.15572105619499,1690
2026-05-01T13:20:25.739,T1,20260501_131944,2394,1.5,0,5.183,-78.6,-103.5,-24.9,36.1,20,104,722,972,767,373,TRUE,1,3.683,0.12278630460448642,2.0563002680965146,250
2026-05-01T13:20:25.859,T1,20260501_131944,2395,1.5,0,6.144,-68,-101.3,-33.3,42.9,104,466,4462,5248,31095,1646,TRUE,1,4.644,0.095983522,18.891251518833535,786
2026-05-01T13:20:25.949,T1,20260501_131944,2396,1.5,0,4.587,-67.4,-101.2,-33.9,60.54,80,2970,4843,3008,27686,1520,TRUE,1,3.0869999999999997,0.7565915170042032,18.214473684210525,1835
2026-05-01T13:20:26.159,T1,20260501_131944,2398,1.5,0,5.216,-68.5,-101.6,-33.1,44.42,96,679,4264,5114,30157,1651,TRUE,1,3.716,0.14480699509490297,18.265899454875832,850
2026-05-01T13:20:26.369,T1,20260501_131944,2400,1.5,0,4.695,-67.9,-101.3,-33.3,54.69,88,2484,4813,3225,25693,1494,TRUE,1,3.1950000000000003,0.6180641950734014,17.197456492637215,1588
2026-05-01T13:20:26.489,T1,20260501_131944,2401,1.5,0,4.526,-67.2,-102,-34.8,39.75,80,415,3180,4246,22837,1374,TRUE,1,3.026,0.1117694586587665,16.62081513828239,1066
2026-05-01T13:20:26.579,T1,20260501_131944,2402,1.5,0,4.536,-67.2,-101.6,-34.4,48.83,80,2317,3906,2520,19792,1277,TRUE,1,3.0359999999999996,0.7211328976034859,15.498825371965545,1386
2026-05-01T13:20:26.819,T1,20260501_131944,2404,1.5,0,6.055,-68.5,-101.6,-33,59.82,84,2798,5025,3255,29093,1623,TRUE,1,4.555,0.6758454106280193,17.92544670363524,1770
2026-05-01T13:20:26.911,T1,20260501_131944,2405,1.5,0,5.37,-88.1,-107.9,-19.8,23.25,12,38,279,297,123,209,TRUE,1,3.87,0.13194444444444445,0.5885167464114832,18
2026-05-01T13:20:26.999,T1,20260501_131944,2406,1.5,0,4.432,-68,-102.3,-34.3,37.89,92,594,3486,4443,26643,1524,TRUE,1,2.9320000000000004,0.14982973893303064,17.48228346456693,957
2026-05-01T13:20:27.209,T1,20260501_131944,2408,1.5,0,5.577,-84.4,-106.7,-22.3,32.75,12,115,393,288,181,221,TRUE,1,4.077,0.3377386196769457,0.8190045248868778,105
2026-05-01T13:20:27.329,T1,20260501_131944,2409,1.5,0,4.456,-67.5,-103,-35.5,48.15,72,236,3467,3205,22061,1361,TRUE,1,2.9560000000000004,0.070743405,16.20940484937546,262
2026-05-01T13:20:27.420,T1,20260501_131944,2410,1.5,0,4.648,-69.9,-104.2,-34.2,23.59,80,1551,1887,3568,20524,1429,TRUE,1,3.1479999999999997,0.5686526122823098,14.362491252624213,1681
2026-05-01T13:20:27.539,T1,20260501_131944,2411,1.5,0,4.503,-68.1,-105,-36.9,39.09,80,1627,3127,2102,25624,1502,TRUE,1,3.003,0.6222987186842609,17.059920106524633,1025
2026-05-01T13:20:27.628,T1,20260501_131944,2412,1.5,0,4.099,-68.5,-112.9,-44.4,17.47,76,63,1328,778,21589,1396,TRUE,1,2.599,0.05982906,15.464899713467048,550
2026-05-01T13:20:27.749,T1,20260501_131944,2413,1.5,0,5.638,-68.4,-105.1,-36.6,31.46,76,751,2391,2713,20508,1358,TRUE,1,4.138,0.29427899686520376,15.10162002945508,322
2026-05-01T13:20:27.839,T1,20260501_131944,2414,1.5,0,5.718,-75,-107.1,-32.2,14.72,32,517,471,994,2276,567,TRUE,1,4.218,0.705802048,4.014109347442681,523
2026-05-01T13:20:27.930,T1,20260501_131944,2415,1.5,0,5.478,-68.7,-104.6,-36,36.45,88,1309,3208,2161,22244,1425,TRUE,1,3.978,0.4876140808344198,15.609824561403508,1047
2026-05-01T13:20:28.018,T1,20260501_131944,2416,1.5,0,4.54,-67.9,-104.6,-36.7,35.99,80,463,2879,2646,21745,1374,TRUE,1,3.04,0.16760180995475113,15.826055312954876,233
2026-05-01T13:20:28.259,T1,20260501_131944,2418,1.5,0,5.23,-68.5,-104.5,-36,26.71,72,1591,1923,3603,24987,1503,TRUE,1,3.73,0.57582338,16.624750499001998,1680
2026-05-01T13:20:28.469,T1,20260501_131944,2420,1.5,0,5.108,-69.4,-104.2,-34.8,43.57,60,802,2614,2554,16090,1244,TRUE,1,3.608,0.31037151702786375,12.934083601286174,60
2026-05-01T13:20:28.559,T1,20260501_131944,2421,1.5,0,5.558,-85.1,-107,-21.8,31.75,12,4,381,356,199,238,TRUE,1,4.058,0.010854816824966078,0.8361344537815126,25
2026-05-01T13:20:28.679,T1,20260501_131944,2422,1.5,0,4.217,-67.9,-107.1,-39.2,2.75,80,2889,220,1410,25879,1495,TRUE,1,2.7169999999999996,3.5447852760736196,17.31036789297659,1190
2026-05-01T13:20:28.889,T1,20260501_131944,2424,1.5,0,4.582,-67.7,-104.5,-36.7,33.93,68,772,2307,3093,21230,1347,TRUE,1,3.082,0.2859259259259259,15.760950259836674,786
2026-05-01T13:20:29.009,T1,20260501_131944,2425,1.5,0,5.356,-68.3,-103.7,-35.4,42.87,92,671,3944,3421,30685,1650,TRUE,1,3.856,0.1822131704005431,18.596969696969698,523
2026-05-01T13:20:29.699,T1,20260501_131944,2431,1.5,0,5.469,-67.5,-102.5,-35,54.16,64,181,3466,3122,19389,1277,TRUE,1,3.969,0.054948391,15.183241973375099,344
2026-05-01T13:20:29.790,T1,20260501_131944,2432,1.5,0,4.071,-68.4,-113,-44.7,16.97,88,511,1493,1007,32974,1717,TRUE,1,2.5709999999999997,0.4088,19.20442632498544,486
2026-05-01T13:20:30.030,T1,20260501_131944,2434,1.5,0,4.128,-67.4,-109.3,-41.9,11.55,64,1951,739,1191,24636,1436,TRUE,1,2.628,2.021761658031088,17.15598885793872,452
2026-05-01T13:20:30.359,T1,20260501_131944,2437,1.5,0,4.634,-67.8,-102.6,-34.8,52.3,64,214,3347,3578,21166,1348,TRUE,1,3.1340000000000003,0.061805054,15.701780415430267,231
2026-05-01T13:20:30.478,T1,20260501_131944,2438,1.5,0,5.675,-67.2,-102.4,-35.2,55.22,72,1938,3976,2882,24839,1432,TRUE,1,4.175,0.5651793525809273,17.345670391061454,1094
2026-05-01T13:20:30.569,T1,20260501_131944,2439,1.5,0,4.578,-67.2,-103,-35.8,57.16,64,2100,3658,2174,22808,1373,TRUE,1,3.0780000000000003,0.720164609,16.61179898033503,1484
2026-05-01T13:20:30.659,T1,20260501_131944,2440,1.5,0,4.747,-67.6,-102.3,-34.7,48.8,80,293,3904,3749,24484,1441,TRUE,1,3.247,0.076571279,16.990978487161694,155
2026-05-01T13:20:31.258,T1,20260501_131944,2445,1.5,0,5.389,-67.7,-102.7,-35.1,45.46,68,556,3091,3869,22937,1399,TRUE,1,3.889,0.15977011494252874,16.395282344531807,778
2026-05-01T13:20:31.591,T1,20260501_131944,2448,1.5,0,4.629,-67.3,-102.7,-35.3,45.35,80,1914,3628,2174,20154,1296,TRUE,1,3.1289999999999996,0.6597724922440538,15.550925925925926,1454
2026-05-01T13:20:32.039,T1,20260501_131944,2452,1.5,0,5.295,-71.1,-103.6,-32.5,38.96,48,218,1870,2067,6947,866,TRUE,1,3.795,0.11074422148844297,8.021939953810623,197
2026-05-01T13:20:32.159,T1,20260501_131944,2453,1.5,0,4.681,-67.7,-102.7,-35,43.69,64,829,2796,3948,21951,1367,TRUE,1,3.181,0.2458481613285884,16.057790782735918,1152
2026-05-01T13:20:32.491,T1,20260501_131944,2456,1.5,0,4.676,-67.4,-102.2,-34.8,55.61,64,398,3559,3842,22839,1382,TRUE,1,3.176,0.1075530333738684,16.5260492,283
2026-05-01T13:20:32.611,T1,20260501_131944,2457,1.5,0,5.239,-67.2,-102.7,-35.5,48.68,72,552,3505,3273,21910,1343,TRUE,1,3.739,0.16287990557686632,16.31422189128816,232
2026-05-01T13:20:32.701,T1,20260501_131944,2458,1.5,0,4.498,-67.1,-101.8,-34.7,47.54,92,2747,4374,2606,26102,1465,TRUE,1,2.998,0.787106017,17.817064846416383,1768
2026-05-01T13:20:33.029,T1,20260501_131944,2461,1.5,0,4.733,-67.5,-101.1,-33.6,53.33,100,1035,5333,5424,38115,1794,TRUE,1,3.2329999999999997,0.1924328344333922,21.245819397993312,91
2026-05-01T13:20:33.479,T1,20260501_131944,2465,1.5,0,5.413,-70.4,-102.8,-32.4,49.6,48,997,2381,1478,6906,843,TRUE,1,3.913,0.5167141746566468,8.192170818505337,903
2026-05-01T13:20:33.629,T1,20260501_131944,2466,1.5,0,4.521,-66.3,-101.8,-35.4,40.36,76,887,3067,4032,21446,1290,TRUE,1,3.021,0.24989435131708693,16.62480620155039,965
2026-05-01T13:20:34.409,T1,20260501_131944,2473,1.5,0,4.582,-68.2,-102.1,-33.9,66,72,2598,4752,2624,27894,1573,TRUE,1,3.082,0.7044468546637744,17.732994278448825,2128
2026-05-01T13:20:43.110,T1,20260501_131944,2552,1.5,0,4.84,-68,-91.7,-23.8,149.63,92,3457,13766,13265,27199,1538,TRUE,1,3.34,0.25578040028115867,17.684655396618986,501
2026-05-01T13:20:43.199,T1,20260501_131944,2553,1.5,0,3.977,-69.6,-110.1,-40.5,20.29,84,1367,1704,1012,25436,1572,TRUE,1,2.477,1.0066273932253313,16.18066157760814,692
2026-05-01T13:20:43.409,T1,20260501_131944,2555,1.5,0,3.898,-69.2,-102.6,-33.4,36.97,76,4751,2810,2208,28381,1641,TRUE,1,2.398,1.8935831008369868,17.294942108470444,602
2026-05-01T13:20:43.770,T1,20260501_131944,2558,1.5,0,3.818,-70.7,-95.1,-24.4,90.68,108,1747,9793,12888,34640,1908,TRUE,1,2.318,0.15404964507737753,18.155136268343817,3095
2026-05-01T13:20:44.009,T1,20260501_131944,2560,1.5,0,4.437,-68.2,-97.3,-29.1,79.55,80,5857,6364,4433,24103,1458,TRUE,1,2.9370000000000003,1.0849309993516718,16.531550068587105,1931
2026-05-01T13:20:44.068,T1,20260501_131944,2561,1.5,0,4.414,-68.5,-98.2,-29.8,78.13,76,5062,5938,4567,25325,1510,TRUE,1,2.9139999999999997,0.9637315564017135,16.771523178807946,1371
2026-05-01T13:20:44.641,T1,20260501_131944,2566,1.5,0,4.475,-67.5,-93.5,-26,119.14,96,4857,11437,8945,26168,1484,TRUE,1,2.9749999999999996,0.47659699735060346,17.63342318059299,2492
2026-05-01T13:20:44.879,T1,20260501_131944,2568,1.5,0,5.858,-68.6,-100,-31.4,57.21,100,4057,5721,4005,30046,1651,TRUE,1,4.358,0.8342586880526424,18.198667474258027,1716
2026-05-01T13:20:44.969,T1,20260501_131944,2569,1.5,0,4.296,-69.3,-102.7,-33.4,25.69,96,4356,2466,3783,32070,1750,TRUE,1,2.7960000000000003,1.3941430628900624,18.325714285714287,1317
2026-05-01T13:20:45.211,T1,20260501_131944,2571,1.5,0,5.497,-72.7,-99.5,-26.8,62.59,44,1869,2754,2584,5469,812,TRUE,1,3.997,0.7002622705133008,6.735221674876847,170
2026-05-01T13:20:45.359,T1,20260501_131944,2572,1.5,0,5.624,-69.5,-97.1,-27.7,86.21,96,5568,8276,6474,31852,1753,TRUE,1,4.124,0.7549830508474576,18.16999429549344,1802
2026-05-01T13:20:45.628,T1,20260501_131944,2575,1.5,0,5.192,-72.8,-98.8,-26,79.44,32,1983,2542,1918,3681,669,TRUE,1,3.692,0.889237668,5.502242152466367,624
2026-05-01T13:20:45.750,T1,20260501_131944,2576,1.5,0,4.395,-68.5,-101.8,-33.3,40.78,88,1996,3589,4147,24018,1472,TRUE,1,2.8949999999999996,0.516028956,16.316576086956523,558
2026-05-01T13:20:45.839,T1,20260501_131944,2577,1.5,0,5.431,-68.4,-102.4,-34,35.55,84,2719,2986,3079,20970,1370,TRUE,1,3.931,0.8966199505358615,15.306569343065693,93
2026-05-01T13:20:45.959,T1,20260501_131944,2578,1.5,0,4.348,-70.4,-97.6,-27.2,76.61,80,5259,6129,4854,20953,1468,TRUE,1,2.848,0.9576618410270418,14.27316076294278,1275
2026-05-01T13:20:46.050,T1,20260501_131944,2579,1.5,0,5.525,-75.2,-99,-23.8,61.56,32,1381,1970,1615,1967,531,TRUE,1,4.025,0.7704323570432356,3.7043314500941618,355
2026-05-01T13:20:46.259,T1,20260501_131944,2581,1.5,0,4.925,-73.9,-102.4,-28.5,32.56,36,2033,1172,787,3440,672,TRUE,1,3.425,2.075548749361919,5.119047619047619,385
2026-05-01T13:20:46.379,T1,20260501_131944,2582,1.5,0,5.619,-68.6,-98.3,-29.7,63.31,88,2948,5571,5426,21818,1408,TRUE,1,4.119,0.5361462216968264,15.495738636363637,145
2026-05-01T13:20:46.709,T1,20260501_131944,2585,1.5,0,4.972,-69.9,-102.8,-33,31.32,104,5108,3257,2748,36052,1892,TRUE,1,3.4720000000000004,1.701248959200666,19.054968287526428,509
2026-05-01T13:20:46.828,T1,20260501_131944,2586,1.5,0,4.343,-68.7,-107.3,-38.6,23.61,76,1420,1794,1719,20077,1355,TRUE,1,2.843,0.8084258468545403,14.816974169741698,75
2026-05-01T13:20:47.018,T1,20260501_131944,2587,1.5,0,3.748,-68.8,-109.3,-40.6,18.76,84,714,1576,1765,23826,1480,TRUE,1,2.248,0.42741694103561806,16.09864864864865,189
2026-05-01T13:20:47.249,T1,20260501_131944,2590,1.5,0,5.033,-68.5,-99,-30.4,63.61,92,4111,5852,5335,29100,1622,TRUE,1,3.5330000000000004,0.7349602216858854,17.940813810110974,517
2026-05-01T13:20:47.459,T1,20260501_131944,2592,1.5,0,5.056,-71.4,-94.7,-23.3,113.86,64,5775,7287,4511,11947,1149,TRUE,1,3.556,0.9789794880488218,10.397737162750218,2776
2026-05-01T13:20:47.699,T1,20260501_131944,2594,1.5,0,5.666,-68.1,-96.4,-28.3,104.16,80,4489,8333,6734,28052,1571,TRUE,1,4.166,0.5958717727483905,17.856142584341185,1599
2026-05-01T13:20:47.789,T1,20260501_131944,2595,1.5,0,4.128,-68.7,-111.9,-43.2,16.32,84,1199,1371,761,27539,1587,TRUE,1,2.628,1.124765478424015,17.35286704,610
2026-05-01T13:20:48.119,T1,20260501_131944,2598,1.5,0,4.803,-68.9,-97,-28,81.72,104,3282,8499,6632,28567,1630,TRUE,1,3.303,0.43381138060934504,17.525766871165644,1867
2026-05-01T13:20:48.240,T1,20260501_131944,2599,1.5,0,6.018,-68.6,-97,-28.4,94.01,88,6160,8273,4559,29187,1628,TRUE,1,4.518,0.9600997506234414,17.928132678132677,3714
2026-05-01T13:20:48.689,T1,20260501_131944,2603,1.5,0,4.667,-69.2,-106.8,-37.6,9.61,80,3216,769,1438,27592,1618,TRUE,1,3.167,2.9143633892161307,17.053152039555005,669
2026-05-01T13:20:48.809,T1,20260501_131944,2604,1.5,0,4.423,-69.1,-98.8,-29.7,71.51,96,5969,6865,3990,33410,1776,TRUE,1,2.923,1.0997696913864579,18.811936936936938,2875
2026-05-01T13:20:49.018,T1,20260501_131944,2606,1.5,0,5.164,-67.3,-91.1,-23.8,154.12,112,11501,17261,11006,35584,1718,TRUE,1,3.664,0.8137404040046697,20.71245634458673,6255
2026-05-01T13:20:49.139,T1,20260501_131944,2607,1.5,0,4.461,-68.7,-95.9,-27.2,91.68,88,9156,8068,4566,30041,1656,TRUE,1,2.9610000000000003,1.449422194079468,18.140700483091788,3502
2026-05-01T13:20:49.289,T1,20260501_131944,2608,1.5,0,3.71,-69.3,-109.3,-40,21.08,88,1467,1855,1433,28509,1649,TRUE,1,2.21,0.8923357664233577,17.288659793814432,422
2026-05-01T13:20:49.439,T1,20260501_131944,2610,1.5,0,4.808,-67.5,-98.7,-31.2,84.09,64,3194,5382,3839,19759,1288,TRUE,1,3.308,0.6927665112243792,15.34083850931677,1543
2026-05-01T13:20:49.650,T1,20260501_131944,2612,1.5,0,4.634,-67.1,-94.9,-27.8,107.54,76,5101,8173,5210,19157,1254,TRUE,1,3.1340000000000003,0.7623103937831578,15.27671451355662,2963
2026-05-01T13:20:49.799,T1,20260501_131944,2613,1.5,0,5.6,-66.8,-91,-24.2,175.95,80,9067,14076,9618,24657,1405,TRUE,1,4.1,0.7653414366506288,17.54946619217082,4458
2026-05-01T13:20:49.859,T1,20260501_131944,2614,1.5,0,4.615,-66.8,-97.5,-30.7,83.74,72,4943,6029,3256,20771,1291,TRUE,1,3.115,1.064728056004308,16.08907823392719,2773
2026-05-01T13:20:49.949,T1,20260501_131944,2615,1.5,0,5.108,-67.1,-94.6,-27.5,94.15,84,2002,7909,9303,22441,1354,TRUE,1,3.608,0.2326283987915408,16.573855243722303,1394
2026-05-01T13:20:50.189,T1,20260501_131944,2617,1.5,0,4.367,-67,-94.4,-27.4,96.12,88,2782,8459,10360,26704,1473,TRUE,1,2.867,0.2956586428609384,18.12898845892736,1901
2026-05-01T13:20:50.279,T1,20260501_131944,2618,1.5,0,4.456,-67.1,-90.2,-23.1,185.21,92,13477,17039,9361,29885,1564,TRUE,1,2.9560000000000004,1.0209848484848485,19.108056265984654,7678
2026-05-01T13:20:50.541,T1,20260501_131944,2619,1.5,0,5.23,-66.2,-90.3,-24.1,147.8,108,9592,15962,11041,27164,1447,TRUE,1,3.73,0.710439581,18.772633033863166,4921
2026-05-01T13:20:50.572,T1,20260501_131944,2620,1.5,0,4.775,-67.1,-99,-31.9,62.55,100,2831,6255,4313,26812,1481,TRUE,1,3.2750000000000004,0.5357683573050719,18.10398379473329,1942
2026-05-01T13:20:50.729,T1,20260501_131944,2622,1.5,0,5.703,-71.4,-96.2,-24.8,86.95,44,1889,3826,2594,3972,662,TRUE,1,4.203,0.5884735202492212,6,1232
2026-05-01T13:20:50.909,T1,20260501_131944,2624,1.5,0,5.445,-73.2,-111.5,-38.4,16.36,28,510,458,318,2739,584,TRUE,1,3.945,1.3144329896907216,4.690068493150685,140
2026-05-01T13:21:49.580,T1,20260501_132149,3163,1,0,2.889,-65.3,-94.3,-29,80.95,144,4754,11657,9618,39086,1683,TRUE,1,1.889,0.44690951821386604,23.22400475341652,2039
2026-05-01T13:21:49.700,T1,20260501_132149,3164,1,0,2.856,-65.3,-94.6,-29.3,73.74,124,4079,9144,8208,28062,1427,TRUE,1,1.856,0.4701475334255417,19.665031534688158,936
2026-05-01T13:21:49.790,T1,20260501_132149,3165,1,0,2.819,-65,-94.4,-29.5,76.19,144,4071,10971,8846,35442,1584,TRUE,1,1.819,0.41085936317303323,22.375,2125
2026-05-01T13:21:49.910,T1,20260501_132149,3166,1,0,2.842,-65.4,-94.1,-28.7,70.97,160,4529,11356,9810,36245,1626,TRUE,1,1.842,0.42795048662950014,22.29089790897909,1546
2026-05-01T13:21:50.001,T1,20260501_132149,3167,1,0,3.11,-65.2,-94.9,-29.7,62.67,132,3524,8273,7887,26013,1369,TRUE,1,2.11,0.43613861386138614,19.001460920379838,386
2026-05-01T13:21:50.090,T1,20260501_132149,3168,1,0,3.461,-64.4,-94.3,-29.9,81.18,108,3485,8767,8188,25953,1329,TRUE,1,2.461,0.411088175,19.52821670428894,579
2026-05-01T13:21:50.331,T1,20260501_132149,3170,1,0,2.917,-65.6,-95.3,-29.7,77.98,104,4823,8110,4891,21776,1270,TRUE,1,1.917,0.7419429274671179,17.146456692913386,3219
2026-05-01T13:21:50.961,T1,20260501_132149,3175,1,0,2.875,-65.5,-94.7,-29.2,53.71,112,5312,6015,8460,23070,1303,TRUE,1,1.875,0.7339550949913645,17.70529547198772,2445
2026-05-01T13:21:51.741,T1,20260501_132149,3182,1,0,2.763,-91,-95,-4,60.93,104,4923,6337,8590,2635,1352,FALSE,1,1.763,0.6596101024988277,1.9489644970414202,2253
2026-05-01T13:21:51.980,T1,20260501_132149,3184,1,0,2.833,-66,-94.2,-28.1,84.78,120,4763,10173,9589,31299,1544,TRUE,1,1.833,0.4820362311506933,20.27137305699482,584
2026-05-01T13:21:52.312,T1,20260501_132149,3187,1,0,2.856,-66.3,-94.3,-28.1,90.12,104,3973,9372,7901,24451,1375,TRUE,1,1.856,0.4600243154055462,17.782545454545456,1471
2026-05-01T13:21:52.402,T1,20260501_132149,3188,1,0,4.024,-65.8,-94.4,-28.5,86.08,100,3576,8608,8049,23155,1318,TRUE,1,3.024,0.429369034,17.568285280728375,559
2026-05-01T13:21:52.730,T1,20260501_132149,3191,1,0,2.786,-90.8,-95.1,-4.3,85.85,112,2815,9615,8049,3418,1505,FALSE,1,1.786,0.31872735507246375,2.271096346,1566
2026-05-01T13:21:52.850,T1,20260501_132149,3192,1,0,2.908,-65.8,-93.8,-28,88.74,128,6862,11359,6678,29382,1483,TRUE,1,1.908,0.7608804124854466,19.81254214430209,4681
2026-05-01T13:21:52.940,T1,20260501_132149,3193,1,0,3.673,-66.4,-94.3,-27.9,94.19,112,5963,10549,7644,29630,1523,TRUE,1,2.673,0.6555268509866432,19.455022980958635,2905
2026-05-01T13:21:53.060,T1,20260501_132149,3194,1,0,3.719,-67.2,-94.5,-27.3,82.86,100,5467,8286,10084,28641,1536,TRUE,1,2.719,0.5952095808383233,18.64648438,1798
2026-05-01T13:21:53.150,T1,20260501_132149,3195,1,0,3.654,-66.5,-94.8,-28.2,68.72,156,5706,10720,6570,30368,1546,TRUE,1,2.654,0.6600347021399653,19.642949547218628,4150
2026-05-01T13:21:53.240,T1,20260501_132149,3196,1,0,3.593,-67.2,-93.6,-26.4,64.97,100,7818,6497,10769,25784,1459,TRUE,1,2.593,0.9055948106104483,17.67237834132968,4272
2026-05-01T13:21:53.332,T1,20260501_132149,3197,1,0,2.917,-66.7,-93.2,-26.5,104.58,112,7585,11713,7946,28483,1506,TRUE,1,1.917,0.7716567475456534,18.91301460823373,3767
2026-05-01T13:21:53.451,T1,20260501_132149,3198,1,0,3.898,-66,-94.4,-28.4,49.96,120,7453,5995,11066,32625,1575,TRUE,1,2.898,0.8736885293945256,20.714285714285715,5071
2026-05-01T13:21:53.660,T1,20260501_132149,3200,1,0,3.175,-65.8,-95.1,-29.3,76.24,112,3563,8539,7776,26525,1408,TRUE,1,2.175,0.4367759730309531,18.83877840909091,763
2026-05-01T13:21:54.110,T1,20260501_132149,3204,1,0,2.903,-65.7,-94.7,-29,96.57,100,1492,9657,7965,26754,1411,TRUE,1,1.903,0.1693337873113154,18.961020552799432,1692
2026-05-01T13:21:54.470,T1,20260501_132149,3207,1,0,3.382,-65.8,-94.1,-28.3,97.54,100,3462,9754,9485,28445,1460,TRUE,1,2.382,0.35989396538281615,19.482876712328768,269
2026-05-01T13:21:54.560,T1,20260501_132149,3208,1,0,2.964,-68.2,-95.2,-27,97.6,96,5262,9370,5663,23246,1434,TRUE,1,1.964,0.7000598682897625,16.21059972105997,3707
2026-05-01T13:21:54.757,T1,20260501_132149,3209,1,0,3.719,-67.2,-94,-26.8,63.37,112,6118,7097,11793,29208,1554,TRUE,1,2.719,0.6477501323451562,18.795366795366796,4696
2026-05-01T13:21:54.802,T1,20260501_132149,3210,1,0,2.95,-66.9,-94.2,-27.3,96.28,124,3989,11939,8999,32654,1626,TRUE,1,1.95,0.3810297067532716,20.08241082410824,2940
2026-05-01T13:21:54.860,T1,20260501_132149,3211,1,0,3.053,-66.3,-94.4,-28.2,96.03,100,3159,9603,7750,24404,1374,TRUE,1,2.053,0.36408690140033423,17.761280931586608,1853
2026-05-01T13:21:55.131,T1,20260501_132149,3213,1,0,4.179,-66.5,-94.2,-27.7,103.57,112,4468,11600,8494,31929,1582,TRUE,1,3.1790000000000003,0.4447098636408878,20.182680151706702,3106
2026-05-01T13:21:55.337,T1,20260501_132149,3214,1,0,2.988,-66.3,-94,-27.7,93.09,136,4412,12660,9391,36615,1685,TRUE,1,1.988,0.40016325790213597,21.729970326409497,3269
2026-05-01T13:21:55.338,T1,20260501_132149,3215,1,0,4.015,-73,-95.9,-22.8,79.25,40,1796,3170,1898,2215,523,TRUE,1,3.0149999999999997,0.7087608524072613,4.235181644359464,1272
2026-05-01T13:21:55.402,T1,20260501_132149,3216,1,0,3.335,-66,-94.1,-28.1,79.69,140,4231,11157,11814,40059,1743,TRUE,1,2.335,0.3683775194810848,22.982788296041306,657
2026-05-01T13:21:55.491,T1,20260501_132149,3217,1,0,3.987,-66.5,-94,-27.5,88.29,124,3945,10948,10025,31970,1586,TRUE,1,2.987,0.3761979688170505,20.15762925598991,923
2026-05-01T13:21:55.610,T1,20260501_132149,3218,1,0,2.983,-66.8,-94.1,-27.2,96.99,136,6530,13190,8233,37772,1743,TRUE,1,1.983,0.6096251692106615,21.670682730923694,4957
2026-05-01T13:21:55.700,T1,20260501_132149,3219,1,0,4.249,-66,-93.8,-27.7,91.48,124,4526,11344,8571,29241,1491,TRUE,1,3.2489999999999997,0.45453175997991463,19.611670020120723,2773
2026-05-01T13:21:55.912,T1,20260501_132149,3221,1,0,3.724,-66.3,-94,-27.7,111.32,100,3853,11132,8984,29988,1527,TRUE,1,2.724,0.38307814674885665,19.638506876227897,2148
2026-05-01T13:21:56.033,T1,20260501_132149,3222,1,0,3.035,-67.2,-95.1,-27.9,97.92,92,3430,9009,6737,22724,1370,TRUE,1,2.035,0.43566620093992126,16.586861313868614,2272
2026-05-01T13:21:56.120,T1,20260501_132149,3223,1,0,3.091,-66.7,-94.3,-27.6,97.83,104,4191,10174,6762,23712,1376,TRUE,1,2.091,0.49492205951818613,17.232558139534884,3412
2026-05-01T13:21:56.210,T1,20260501_132149,3224,1,0,3.011,-66.7,-94.2,-27.5,57.19,128,6238,7320,12944,36256,1699,TRUE,1,2.011,0.6156731148835373,21.339611536197765,5624
2026-05-01T13:21:56.300,T1,20260501_132149,3225,1,0,3.34,-65.9,-93.9,-28,97.21,112,4516,10888,7261,26198,1407,TRUE,1,2.34,0.49765827318309547,18.619758351101634,3627
2026-05-01T13:21:56.485,T1,20260501_132149,3226,1,0,4.001,-66.1,-94.3,-28.2,99.96,96,5095,9596,5571,22077,1298,TRUE,1,3.0010000000000003,0.671853366,17.008474576271187,4025
2026-05-01T13:21:56.511,T1,20260501_132149,3227,1,0,3.56,-66.3,-94.7,-28.3,95.03,116,3443,11023,8401,32273,1583,TRUE,1,2.56,0.35450988467874794,20.387239418825015,2622
2026-05-01T13:21:56.991,T1,20260501_132149,3231,1,0,4.123,-67.3,-94.6,-27.3,56.66,108,6788,6119,11455,31280,1610,TRUE,1,3.123,0.7725048366905656,19.428571428571427,5336
2026-05-01T13:21:57.091,T1,20260501_132149,3232,1,0,4.418,-67.4,-94,-26.7,102.09,116,5229,11842,11822,39104,1807,TRUE,1,3.418,0.4419371196754564,21.640287769784173,20
2026-05-01T13:21:57.230,T1,20260501_132149,3233,1,0,3.537,-67.2,-93.6,-26.4,92.92,136,7554,12637,7447,31791,1617,TRUE,1,2.537,0.7522405895239992,19.66048237476809,5190
2026-05-01T13:21:57.411,T1,20260501_132149,3235,1,0,4.315,-66.9,-93.9,-27,103.92,124,7159,12886,7602,35048,1684,TRUE,1,3.3150000000000004,0.6988481062085123,20.81235154394299,5284
2026-05-01T13:21:57.500,T1,20260501_132149,3236,1,0,4.081,-66.2,-94.3,-28.1,74.57,108,4675,8054,10369,28591,1483,TRUE,1,3.0810000000000004,0.5075177766921782,19.279163857046527,2315
2026-05-01T13:21:57.622,T1,20260501_132149,3237,1,0,3.574,-66.4,-95.1,-28.7,77.01,108,3390,8317,8221,25763,1418,TRUE,1,2.574,0.40996492925383965,18.16854724964739,96
2026-05-01T13:21:57.830,T1,20260501_132149,3239,1,0,3.096,-66.2,-94.2,-28,74.21,96,4480,7124,10080,24770,1383,TRUE,1,2.096,0.5208091141594978,17.910339840925523,2956
2026-05-01T13:21:58.881,T1,20260501_132149,3248,1,0,3.016,-66.8,-94.2,-27.4,72.77,144,5233,10479,13653,44559,1888,TRUE,1,2.016,0.43369799436432954,23.601165254237287,3174
2026-05-01T13:21:59.122,T1,20260501_132149,3250,1,0,3.049,-66.6,-94.2,-27.6,70.93,108,4524,7660,11401,29235,1519,TRUE,1,2.049,0.47468653271077066,19.24621461487821,3741
2026-05-01T13:21:59.211,T1,20260501_132149,3251,1,0,3.082,-67.1,-94.5,-27.4,88.25,136,3852,12002,10712,39734,1805,TRUE,1,2.082,0.3391740776613542,22.013296398891967,1290
2026-05-01T13:21:59.420,T1,20260501_132149,3253,1,0,3.058,-68.4,-94.8,-26.4,81.35,136,4508,11063,13205,44780,2004,TRUE,1,2.058,0.37151804845887587,22.345309381237524,2142
2026-05-01T13:21:59.663,T1,20260501_132149,3255,1,0,3.063,-66.2,-94.1,-27.9,91.7,128,3642,11737,9514,33954,1616,TRUE,1,2.063,0.3427603406898499,21.011138613861387,2223
2026-05-01T13:21:59.750,T1,20260501_132149,3256,1,0,3.593,-66.5,-95.1,-28.6,88.45,120,4305,10614,7773,33350,1620,TRUE,1,2.593,0.46826562245064446,20.58641975308642,2841
2026-05-01T13:22:00.201,T1,20260501_132149,3260,1,0,3.082,-66.4,-94.9,-28.4,48.48,132,4516,6399,11409,31477,1570,TRUE,1,2.082,0.5071877807726864,20.04904458598726,5010
2026-05-01T13:22:00.350,T1,20260501_132149,3261,1,0,4.137,-73.5,-96.3,-22.8,77.5,36,829,2790,2851,2325,545,TRUE,1,3.1369999999999996,0.2939195178159901,4.266055046,61
2026-05-01T13:22:00.410,T1,20260501_132149,3262,1,0,3.218,-66.4,-94.3,-27.8,95.72,128,4243,12252,9492,36918,1700,TRUE,1,2.218,0.39026857983811625,21.716470588235293,2760
2026-05-01T13:22:00.770,T1,20260501_132149,3265,1,0,3.982,-66.6,-94.8,-28.2,100.66,104,3820,10469,8187,30372,1551,TRUE,1,2.982,0.4095197255574614,19.58220502901354,2282
2026-05-01T13:22:00.980,T1,20260501_132149,3267,1,0,4.385,-66.7,-94.4,-27.7,72.95,120,5958,8754,13632,43057,1854,TRUE,1,3.385,0.5322969713213616,23.22384034519957,4878
2026-05-01T13:22:01.070,T1,20260501_132149,3268,1,0,4.029,-66.4,-95,-28.6,78.06,120,4954,9367,11215,40389,1775,TRUE,1,3.029,0.48139150714216306,22.7543662,1848
2026-05-01T13:22:01.282,T1,20260501_132149,3270,1,0,3.888,-77.1,-97.3,-20.2,67.96,24,755,1631,1037,594,312,TRUE,1,2.888,0.5659670164917541,1.9038461538461537,594
2026-05-01T13:22:01.520,T1,20260501_132149,3272,1,0,3.128,-66.2,-94.1,-28,81.54,136,4022,11090,11612,38582,1721,TRUE,1,2.128,0.35433001497665406,22.41836141778036,522
2026-05-01T13:22:01.850,T1,20260501_132149,3275,1,0,4.456,-66,-94.2,-28.2,106.61,116,4678,12367,9007,37478,1690,TRUE,1,3.4560000000000004,0.43772808084588755,22.176331360946744,3360
2026-05-01T13:22:01.941,T1,20260501_132149,3276,1,0,3.283,-66,-94.1,-28.1,94.2,124,4709,11681,9176,34413,1619,TRUE,1,2.283,0.45155103802080837,21.255713403335392,2505
2026-05-01T13:22:02.030,T1,20260501_132149,3277,1,0,3.236,-66.3,-95.1,-28.7,59.26,116,5424,6874,10773,33371,1609,TRUE,1,2.236,0.6147220490734969,20.740211311373525,3899
2026-05-01T13:22:02.151,T1,20260501_132149,3278,1,0,4.142,-76.1,-97.3,-21.2,51.5,28,912,1442,1911,965,384,TRUE,1,3.1420000000000003,0.5439904563077841,2.5130208333333335,469
2026-05-01T13:22:02.723,T1,20260501_132149,3283,1,0,3.03,-67.2,-94.5,-27.2,100.57,120,4999,12068,10069,38564,1784,TRUE,1,2.03,0.4516420472512084,21.616591928251122,1999
2026-05-01T13:22:02.930,T1,20260501_132149,3285,1,0,3.977,-69.9,-95,-25.2,96.35,52,2556,5010,3096,5565,743,TRUE,1,2.977,0.6306439674315322,7.489905787348587,1914
2026-05-01T13:22:03.109,T1,20260501_132149,3286,1,0,4.062,-88.2,-99.1,-10.9,73.92,12,332,887,544,111,202,TRUE,1,3.0620000000000003,0.4640111809923131,0.5495049504950495,343
2026-05-01T13:22:03.261,T1,20260501_132149,3288,1,0,4.207,-66.2,-94.4,-28.3,102.62,108,4767,11083,7548,30851,1539,TRUE,1,3.207,0.5117277655520369,20.046133853151396,3535
2026-05-01T13:22:03.352,T1,20260501_132149,3289,1,0,3.264,-65.7,-94.2,-28.5,70.67,108,4956,7632,11651,32327,1552,TRUE,1,2.264,0.5140279002229944,20.829252577319586,4019
2026-05-01T13:22:03.589,T1,20260501_132149,3291,1,0,4.043,-73,-95.8,-22.8,80.5,36,1746,2898,1737,1872,480,TRUE,1,3.043,0.7533980582524272,3.9,1161
2026-05-01T13:22:03.920,T1,20260501_132149,3294,1,0,3.593,-66.1,-94.3,-28.2,90.88,120,5417,10905,7059,29005,1489,TRUE,1,2.593,0.6030950790469829,19.47951645399597,3846
2026-05-01T13:22:04.160,T1,20260501_132149,3296,1,0,3.841,-66.4,-95,-28.6,91.78,108,4925,9912,6603,28496,1492,TRUE,1,2.841,0.5964274901604601,19.099195710455763,3309
2026-05-01T13:22:04.252,T1,20260501_132149,3297,1,0,3.227,-66.3,-94.5,-28.2,72.81,132,3116,9611,10755,33392,1610,TRUE,1,2.227,0.3060001964057743,20.740372670807453,1144
2026-05-01T13:22:04.341,T1,20260501_132149,3298,1,0,3.696,-66,-94.2,-28.3,85.73,128,3813,10974,8587,30655,1524,TRUE,1,2.696,0.3898573692551506,20.114829396325458,2387
2026-05-01T13:22:04.550,T1,20260501_132149,3300,1,0,3.039,-67,-94.4,-27.4,87.22,140,3801,12211,11361,41722,1840,TRUE,1,2.039,0.3225012726964195,22.675,850
2026-05-01T13:22:04.911,T1,20260501_132149,3303,1,0,3.147,-65.6,-94.2,-28.6,77.44,128,2564,9912,10772,33104,1566,TRUE,1,2.147,0.24792109843357185,21.139208173690932,860
2026-05-01T13:22:05.272,T1,20260501_132149,3306,1,0,4.118,-66,-94.5,-28.4,101.57,108,3583,10970,8119,30794,1531,TRUE,1,3.1180000000000003,0.3753994447063754,20.113651208360547,2851
2026-05-01T13:22:05.601,T1,20260501_132149,3309,1,0,3.143,-66.6,-94.3,-27.7,94.28,116,3430,10937,9979,33225,1623,TRUE,1,2.143,0.3279785809906292,20.47134935304991,958
2026-05-01T13:22:05.689,T1,20260501_132149,3310,1,0,3.157,-65.3,-94.1,-28.8,120.95,84,3812,10160,7151,25075,1346,TRUE,1,2.157,0.4404136098434521,18.62927191679049,3009
2026-05-01T13:22:05.779,T1,20260501_132149,3311,1,0,3.18,-66.1,-94.2,-28.1,90.37,128,3608,11567,10018,35743,1655,TRUE,1,2.18,0.33430623117905955,21.596978851963748,1549
2026-05-01T13:22:05.901,T1,20260501_132149,3312,1,0,4.179,-75.7,-96.5,-20.9,67.5,28,751,1890,2077,1075,399,TRUE,1,3.1790000000000003,0.3786236450718427,2.694235588972431,187
2026-05-01T13:22:05.989,T1,20260501_132149,3313,1,0,4.132,-91.2,-94.4,-3.2,81.88,120,3182,9825,10061,3333,1546,FALSE,1,3.1319999999999997,0.3200241375842301,2.1558861578266493,236
2026-05-01T13:22:06.199,T1,20260501_132149,3315,1,0,3.175,-65.7,-94.9,-29.2,80.43,100,2001,8043,7685,22332,1291,TRUE,1,2.175,0.25445066124109866,17.298218435321456,358
2026-05-01T13:22:06.559,T1,20260501_132149,3318,1,0,3.555,-66.3,-94.6,-28.3,77.67,116,3113,9010,8684,25846,1415,TRUE,1,2.555,0.351870691,18.265724381625443,326
2026-05-01T13:22:06.890,T1,20260501_132149,3321,1,0,3.25,-65.9,-94.2,-28.3,80.97,96,3091,7773,8479,20871,1254,TRUE,1,2.25,0.3803839527442776,16.64354066985646,706
2026-05-01T13:22:07.131,T1,20260501_132149,3323,1,0,3.11,-66.3,-94.2,-27.9,81.75,112,2987,9156,7833,22015,1308,TRUE,1,2.11,0.35163929601506855,16.831039755351682,1323
2026-05-01T13:22:07.460,T1,20260501_132149,3326,1,0,3.133,-65.9,-94.1,-28.1,98.96,92,4860,9104,5558,19439,1212,TRUE,1,2.133,0.6629382076115128,16.03877887788779,3546
2026-05-01T13:22:07.582,T1,20260501_132149,3327,1,0,3.293,-66,-94.3,-28.2,78.91,132,4006,10416,10219,33601,1600,TRUE,1,2.293,0.3882723527986431,21.000625,197
2026-05-01T13:22:07.699,T1,20260501_132149,3328,1,0,3.368,-66.1,-94.3,-28.2,65.4,112,4942,7325,9895,26214,1416,TRUE,1,2.368,0.5739837398373984,18.51271186440678,2570
2026-05-01T13:22:07.879,T1,20260501_132149,3330,1,0,3.114,-66.2,-95.1,-28.9,66.58,112,3071,7457,7897,22607,1320,TRUE,1,2.114,0.4000260518431679,17.12651515151515,440
2026-05-01T13:22:08.002,T1,20260501_132149,3331,1,0,3.673,-65.8,-94.7,-28.9,44.65,112,5923,5001,9620,25089,1370,TRUE,1,2.673,0.8102045003761713,18.31313868613139,4619
2026-05-01T13:22:08.210,T1,20260501_132149,3333,1,0,3.199,-65.7,-95,-29.3,82.04,112,3117,9189,6538,24410,1348,TRUE,1,2.199,0.3963883766770522,18.108308605341247,2651
2026-05-01T13:22:08.300,T1,20260501_132149,3334,1,0,3.963,-65.2,-94.6,-29.4,95.53,96,4139,9171,5840,22746,1280,TRUE,1,2.963,0.5514622610085937,17.7703125,3331
2026-05-01T13:22:08.422,T1,20260501_132149,3335,1,0,3.823,-64.9,-94.4,-29.5,54.38,108,4788,5873,9589,24581,1315,TRUE,1,2.823,0.619324796,18.69277566539924,3716
2026-05-01T13:22:08.512,T1,20260501_132149,3336,1,0,3.269,-65.3,-95.1,-29.8,52.72,100,4587,5272,8444,22516,1276,TRUE,1,2.269,0.6688538932633421,17.645768025078368,3172
2026-05-01T13:22:08.601,T1,20260501_132149,3337,1,0,3.776,-65.2,-94.4,-29.2,67.81,104,3862,7052,9445,24974,1339,TRUE,1,2.776,0.4682063405467661,18.651232262882747,2393
2026-05-01T13:22:08.749,T1,20260501_132149,3338,1,0,3.335,-65.1,-94.6,-29.5,75.88,108,2651,8195,8458,24699,1328,TRUE,1,2.335,0.31838107247943315,18.59864457831325,263
2026-05-01T13:22:08.929,T1,20260501_132149,3340,1,0,3.945,-83.5,-99.1,-15.5,38.44,16,409,615,871,173,210,TRUE,1,2.945,0.550471063,0.8238095238095238,256
2026-05-01T13:22:09.142,T1,20260501_132149,3342,1,0,3.171,-66,-94.3,-28.4,99.79,108,2966,10777,8871,30653,1525,TRUE,1,2.171,0.30191368078175895,20.10032786885246,1906
2026-05-01T13:22:09.260,T1,20260501_132149,3343,1,0,3.33,-65.7,-95.2,-29.4,84.29,96,4297,8092,4665,19551,1208,TRUE,1,2.33,0.6736693579995296,16.18460264900662,3427
2026-05-01T13:22:09.380,T1,20260501_132149,3344,1,0,4.484,-65.3,-94.8,-29.6,100.37,84,4965,8431,4785,20978,1230,TRUE,1,3.484,0.7513619854721549,17.055284552845528,3646
2026-05-01T13:22:09.682,T1,20260501_132149,3347,1,0,3.199,-65.4,-94.3,-29,98.13,112,5140,10991,7273,31370,1511,TRUE,1,2.199,0.5628558913710031,20.761085373924555,3718
2026-05-01T13:22:09.799,T1,20260501_132149,3348,1,0,3.41,-66.2,-94.9,-28.7,80.52,104,2221,8374,7591,22546,1318,TRUE,1,2.41,0.27823363607892265,17.106221547799695,783
2026-05-01T13:22:09.890,T1,20260501_132149,3349,1,0,3.959,-70.8,-96.5,-25.7,63.12,40,1637,2525,3843,4257,671,TRUE,1,2.959,0.5141331658291457,6.344262295081967,1318
2026-05-01T13:22:09.980,T1,20260501_132149,3350,1,0,4.324,-74.1,-96.9,-22.8,74.78,32,1021,2393,1520,1409,433,TRUE,1,3.324,0.5218502427804753,3.2540415704387993,873
2026-05-01T13:22:10.100,T1,20260501_132149,3351,1,0,3.884,-65,-94.4,-29.4,94.49,96,2521,9071,7351,23364,1289,TRUE,1,2.884,0.30702715868956276,18.12567882079131,1720
2026-05-01T13:22:10.309,T1,20260501_132149,3353,1,0,3.827,-65.3,-94.5,-29.1,71.8,112,2962,8042,9971,27950,1424,TRUE,1,2.827,0.3288735912951757,19.627808988764045,1929
2026-05-01T13:22:11.150,T1,20260501_132149,3360,1,0,3.288,-65.9,-94.9,-29,90.22,120,2964,10826,8103,32642,1568,TRUE,1,2.288,0.31317026784299223,20.817602040816325,2723
2026-05-01T13:22:11.271,T1,20260501_132149,3361,1,0,4.015,-66.1,-95.8,-29.7,73.2,104,2503,7613,6314,21823,1290,TRUE,1,3.0149999999999997,0.3594456810511955,16.91705426356589,1299
2026-05-01T13:22:11.480,T1,20260501_132149,3363,1,0,4.278,-78,-98.6,-20.6,36.17,24,634,868,1205,451,280,TRUE,1,3.2779999999999996,0.6116739025566812,1.6107142857142858,337
2026-05-01T13:22:11.571,T1,20260501_132149,3364,1,0,3.86,-65.8,-94.7,-28.9,93.19,124,5161,11555,6987,34705,1612,TRUE,1,2.86,0.5566821270628842,21.529156327543426,4568
2026-05-01T13:22:11.661,T1,20260501_132149,3365,1,0,3.293,-65.8,-94.6,-28.8,88.45,104,4130,9199,5908,22305,1293,TRUE,1,2.293,0.5467663996822665,17.250580046403712,3291
2026-05-01T13:22:11.781,T1,20260501_132149,3366,1,0,3.771,-65.4,-95.3,-29.9,66.35,112,3630,7431,7910,25488,1364,TRUE,1,2.771,0.47324164004954045,18.686217008797655,479
2026-05-01T13:22:11.899,T1,20260501_132149,3367,1,0,3.321,-65.5,-95.4,-29.9,73.75,104,3769,7670,5036,19484,1196,TRUE,1,2.321,0.593263025,16.29096989966555,2634
2026-05-01T13:22:11.960,T1,20260501_132149,3368,1,0,3.921,-64.7,-94.2,-29.5,85.02,104,2384,8842,7550,22611,1254,TRUE,1,2.921,0.29087359687652514,18.03110048,1292
2026-05-01T13:22:12.050,T1,20260501_132149,3369,1,0,4.559,-65.6,-94.6,-28.9,96.26,124,4013,11936,8055,36389,1642,TRUE,1,3.559,0.4014806662998349,22.16138855054811,3881
2026-05-01T13:22:12.171,T1,20260501_132149,3370,1,0,3.447,-64.8,-94.6,-29.8,54.33,100,4946,5433,8778,22832,1263,TRUE,1,2.447,0.6960805010203364,18.077593032462392,3345
2026-05-01T13:22:12.259,T1,20260501_132149,3371,1,0,3.429,-64.9,-95.1,-30.2,84,96,4291,8064,4718,20229,1193,TRUE,1,2.429,0.6714129244249726,16.956412405699915,3346
2026-05-01T13:22:12.499,T1,20260501_132149,3373,1,0,4.109,-72.2,-97.7,-25.5,68.78,32,726,2201,1736,1793,457,TRUE,1,3.109,0.36880873761747524,3.923413566739606,465
2026-05-01T13:22:12.742,T1,20260501_132149,3375,1,0,3.677,-64.9,-94.6,-29.7,57.47,116,4504,6666,9154,25679,1343,TRUE,1,2.677,0.5694058154235145,19.120625465376023,2488
2026-05-01T13:22:12.859,T1,20260501_132149,3376,1,0,4.822,-65.7,-95.9,-30.1,75.65,100,2628,7565,5754,21124,1254,TRUE,1,3.822,0.39462422103761546,16.84529505582137,1811
2026-05-01T13:22:12.950,T1,20260501_132149,3377,1,0,3.368,-65.2,-95.2,-30,58.61,128,3468,7502,8448,26761,1386,TRUE,1,2.368,0.434858934,19.30808080808081,946
2026-05-01T13:22:13.010,T1,20260501_132149,3378,1,0,4.071,-79.2,-98.1,-18.8,65.9,20,363,1318,1105,438,288,TRUE,1,3.0709999999999997,0.29962855963681384,1.5208333333333333,213
2026-05-01T13:22:13.130,T1,20260501_132149,3379,1,0,4.034,-65.9,-95.6,-29.7,51.52,104,4713,5358,7403,21366,1270,TRUE,1,3.034,0.7386568450748374,16.823622047244093,2045
2026-05-01T13:22:13.341,T1,20260501_132149,3381,1,0,3.274,-65.8,-94.3,-28.6,74.77,96,4633,7178,8514,22112,1285,TRUE,1,2.274,0.5904919704307927,17.207782101167314,1336
2026-05-01T13:22:13.429,T1,20260501_132149,3382,1,0,4.339,-74.7,-97,-22.3,56.86,28,1420,1592,2257,1466,450,TRUE,1,3.3390000000000004,0.7378539880488438,3.2577777777777777,665
2026-05-01T13:22:13.550,T1,20260501_132149,3383,1,0,4.001,-67,-95.3,-28.3,73.02,108,2819,7886,7125,21204,1312,TRUE,1,3.0010000000000003,0.3755912330957298,16.161585365853657,761
2026-05-01T13:22:13.641,T1,20260501_132149,3384,1,0,3.893,-66.6,-94.8,-28.2,83.18,112,4166,9316,6292,22996,1351,TRUE,1,2.893,0.5338288057406458,17.021465581051075,3024
2026-05-01T13:22:13.761,T1,20260501_132149,3385,1,0,3.433,-67.2,-94.7,-27.5,99.44,108,5505,10740,6672,28605,1536,TRUE,1,2.433,0.6323225361819435,18.62304688,4068
2026-05-01T13:22:13.850,T1,20260501_132149,3386,1,0,3.447,-66.9,-95,-28.1,105.11,100,5788,10511,6092,29708,1552,TRUE,1,2.447,0.6972233933626453,19.141752577319586,4419
2026-05-01T13:22:13.939,T1,20260501_132149,3387,1,0,3.246,-66.5,-94.4,-27.9,113.44,100,6410,11344,6451,30919,1559,TRUE,1,2.246,0.7204270862601855,19.832584990378447,4893
2026-05-01T13:22:14.150,T1,20260501_132149,3389,1,0,4.414,-69,-95.5,-26.5,61.57,76,2385,4679,5704,9642,949,TRUE,1,3.4139999999999997,0.45940479630164693,10.160168598524763,1025
2026-05-01T13:22:14.391,T1,20260501_132149,3391,1,0,3.255,-66.8,-94.7,-27.9,106.81,100,4535,10681,7061,28675,1516,TRUE,1,2.255,0.5112163228497351,18.91490765171504,3620
2026-05-01T13:22:14.480,T1,20260501_132149,3392,1,0,4.268,-96.4,-102.6,-6.2,26.75,8,189,214,371,7,129,TRUE,1,3.268,0.6461538461538462,0.054263566,157
2026-05-01T13:22:15.050,T1,20260501_132149,3397,1,0,3.363,-66.3,-93.8,-27.5,102.88,112,4038,11523,8705,29263,1506,TRUE,1,2.363,0.399248566,19.43094289508632,2818
2026-05-01T13:22:15.170,T1,20260501_132149,3398,1,0,3.382,-66.5,-95.4,-28.9,57.7,96,4535,5539,8030,21524,1300,TRUE,1,2.382,0.6684354042302306,16.556923076923077,2491
2026-05-01T13:22:15.260,T1,20260501_132149,3399,1,0,3.527,-68.5,-94.6,-26,92.46,124,3236,11465,10766,34255,1760,TRUE,1,2.527,0.291125006,19.463068181818183,699
2026-05-01T13:22:15.351,T1,20260501_132149,3400,1,0,4.334,-67.1,-95.1,-28,100.95,88,4942,8884,5282,21590,1328,TRUE,1,3.3339999999999996,0.697726952,16.257530120481928,3602
2026-05-01T13:22:15.590,T1,20260501_132149,3402,1,0,4.282,-79.5,-97.1,-17.6,74,20,891,1480,903,427,287,TRUE,1,3.282,0.7477968946705833,1.4878048780487805,577
2026-05-01T13:22:15.799,T1,20260501_132149,3404,1,0,3.293,-66.6,-94.6,-28,94.9,116,4243,11008,7412,29522,1530,TRUE,1,2.293,0.46069489685124865,19.295424836601306,3596
2026-05-01T13:22:16.491,T1,20260501_132149,3410,1,0,4.315,-79.8,-99,-19.2,58,20,657,1160,790,406,283,TRUE,1,3.3150000000000004,0.6738461538461539,1.4346289752650176,370
2026-05-01T13:22:16.610,T1,20260501_132149,3411,1,0,3.349,-68.2,-91.9,-23.7,115.19,140,9889,16126,10208,33787,1729,TRUE,1,2.349,0.7510442773600668,19.541353383458645,5918
2026-05-01T13:22:16.699,T1,20260501_132149,3412,1,0,3.405,-65.2,-90.3,-25.1,103.14,124,13768,12789,12468,31603,1505,TRUE,1,2.405,1.0902324108168033,20.998671096345515,321
2026-05-01T13:22:16.789,T1,20260501_132149,3413,1,0,3.457,-65.6,-90.4,-24.8,120.15,116,15578,13937,11434,35237,1611,TRUE,1,2.457,1.2280162390130465,21.872749844816884,2503
2026-05-01T13:22:16.909,T1,20260501_132149,3414,1,0,3.565,-65.6,-90.1,-24.5,128.92,104,4532,13408,13929,22915,1303,TRUE,1,2.565,0.33156527782858397,17.586339217191096,521
2026-05-01T13:22:17.600,T1,20260501_132149,3420,1,0,4.02,-81.6,-98.3,-16.7,75.38,16,510,1206,714,282,251,TRUE,1,3.0199999999999996,0.53125,1.1235059760956174,492
2026-05-01T13:22:17.810,T1,20260501_132149,3422,1,0,3.452,-66.8,-93.9,-27.1,65.34,88,7248,5750,10974,26402,1458,TRUE,1,2.452,0.8667782827074862,18.108367626886146,5224
2026-05-01T13:22:17.931,T1,20260501_132149,3423,1,0,3.358,-66.3,-93.7,-27.5,103.94,88,2087,9147,9618,23132,1337,TRUE,1,2.358,0.22243538502531307,17.301421091997007,471
2026-05-01T13:22:18.022,T1,20260501_132149,3424,1,0,3.527,-65.1,-96.3,-31.2,46.93,164,3864,7696,4549,23790,1303,TRUE,1,2.527,0.6311147407104941,18.257866462010746,3147
2026-05-01T13:22:18.110,T1,20260501_132149,3425,1,0,3.372,-65.6,-93,-27.4,106.43,92,7433,9792,7278,23235,1309,TRUE,1,2.372,0.8708845928529584,17.75019099,2514
2026-05-01T13:22:18.351,T1,20260501_132149,3427,1,0,3.349,-67.3,-97,-29.7,85.3,80,29,6824,5639,19932,1289,TRUE,1,2.349,0.004653775,15.463149728471684,1185
2026-05-01T13:22:18.441,T1,20260501_132149,3428,1,0,3.461,-66.6,-95.6,-29,55.73,108,4978,6019,8551,25840,1429,TRUE,1,2.461,0.6833218943033631,18.08257522743177,2532
2026-05-01T13:22:18.680,T1,20260501_132149,3430,1,0,4.362,-67.7,-90.1,-22.4,161.8,60,2571,9708,10873,11035,972,TRUE,1,3.362,0.24984208736213012,11.352880658436215,1165
2026-05-01T13:22:19.129,T1,20260501_132149,3434,1,0,3.264,-64.3,-95.3,-31,78.05,96,3750,7493,5056,20032,1164,TRUE,1,2.264,0.5976571838393497,17.209621993127147,2437
2026-05-01T13:22:19.581,T1,20260501_132149,3438,1,0,3.33,-64,-94.7,-30.7,88.43,92,3489,8136,5325,19812,1144,TRUE,1,2.33,0.5183864497437041,17.318181818181817,2811
2026-05-01T13:22:19.701,T1,20260501_132149,3439,1,0,4.817,-64.4,-95.3,-30.9,57.98,108,6475,6262,7058,27511,1370,TRUE,1,3.817,0.9722222222222222,20.08102189781022,796
2026-05-01T13:22:19.911,T1,20260501_132149,3441,1,0,3.264,-65.3,-96.1,-30.8,77.47,120,1585,9297,6292,30586,1487,TRUE,1,2.264,0.20334851497851048,20.568930733019503,3005
2026-05-01T13:22:20.031,T1,20260501_132149,3442,1,0,3.644,-64.7,-94.6,-29.9,87.47,100,1464,8747,7831,24572,1308,TRUE,1,2.644,0.17661961635903003,18.785932721712538,916
2026-05-01T13:22:20.121,T1,20260501_132149,3443,1,0,4.512,-66.4,-93.2,-26.8,95.16,116,6019,11039,8977,26887,1448,TRUE,1,3.5119999999999996,0.6014188649080735,18.568370165745858,2062
2026-05-01T13:22:20.690,T1,20260501_132149,3448,1,0,3.344,-65,-95.8,-30.8,61.6,88,1378,5421,7573,20059,1192,TRUE,1,2.344,0.21209789133446205,16.828020134228186,2152
2026-05-01T13:22:20.810,T1,20260501_132149,3449,1,0,3.991,-64.1,-95.1,-31,121.92,72,2351,8778,6208,24842,1288,TRUE,1,2.991,0.31375950887494997,19.28726708074534,2570
2026-05-01T13:22:20.899,T1,20260501_132149,3450,1,0,3.921,-65.7,-94.7,-29,86.47,108,2459,9339,10770,34872,1610,TRUE,1,2.921,0.24456710925456263,21.659627329192546,1431
2026-05-01T13:22:21.111,T1,20260501_132149,3452,1,0,3.851,-67,-94.2,-27.2,95.15,124,1992,11799,11330,36695,1728,TRUE,1,2.851,0.17225128626399758,21.23553240740741,469
2026-05-01T13:22:21.242,T1,20260501_132149,3453,1,0,3.382,-67,-93.8,-26.8,103.56,108,5225,11184,10230,31962,1614,TRUE,1,2.382,0.487998506,19.802973977695167,954
2026-05-01T13:22:21.439,T1,20260501_132149,3455,1,0,3.363,-66.7,-94.1,-27.4,85.43,128,6114,10935,6776,27553,1481,TRUE,1,2.363,0.690418384,18.60432140445645,4159
2026-05-01T13:22:21.560,T1,20260501_132149,3456,1,0,3.87,-65.8,-93.8,-27.9,70.59,136,5939,9600,9174,28072,1452,TRUE,1,2.87,0.6326834984553106,19.333333333333332,426
2026-05-01T13:22:21.622,T1,20260501_132149,3457,1,0,3.982,-66.1,-92.8,-26.7,50.13,132,11065,6617,11097,30323,1525,TRUE,1,2.982,1.2492943434571526,19.88393442622951,4480
2026-05-01T13:22:21.740,T1,20260501_132149,3458,1,0,3.893,-66.8,-93.6,-26.8,94.41,128,7163,12084,11124,38275,1753,TRUE,1,2.893,0.6172871423647018,21.83399885909869,960
2026-05-01T13:22:22.430,T1,20260501_132149,3464,1,0,3.386,-65.6,-93.4,-27.8,110.1,80,4607,8808,7031,18586,1173,TRUE,1,2.386,0.5817286444851316,15.844842284739983,1777
2026-05-01T13:22:22.880,T1,20260501_132149,3468,1,0,4.142,-72.6,-95.1,-22.5,103.75,28,1664,2905,2768,2160,509,TRUE,1,3.1420000000000003,0.5866384628944121,4.243614931237721,137
2026-05-01T13:22:23.000,T1,20260501_132149,3469,1,0,3.419,-66.2,-93.5,-27.3,112.72,96,5827,10821,7803,26044,1417,TRUE,1,2.419,0.6257517182130584,18.379675370501058,3018
2026-05-01T13:22:23.450,T1,20260501_132149,3473,1,0,4.601,-66.1,-93.8,-27.7,88.93,84,4200,7470,9817,22374,1307,TRUE,1,3.601,0.48591427083935906,17.118592195868402,2347
2026-05-01T13:22:23.570,T1,20260501_132149,3474,1,0,4.526,-66.1,-93.4,-27.3,120.49,80,5855,9639,6602,20501,1250,TRUE,1,3.526,0.7210147158426206,16.4008,3037
2026-05-01T13:22:23.661,T1,20260501_132149,3475,1,0,4.324,-66.4,-93,-26.6,100.3,120,7638,12036,12023,37573,1712,TRUE,1,3.324,0.6349391080261025,21.946845794392523,13
2026-05-01T13:22:24.020,T1,20260501_132149,3478,1,0,3.823,-66.9,-93.5,-26.5,92.03,116,8110,10676,12192,37696,1747,TRUE,1,2.823,0.7092880881581249,21.577561534058386,1516
2026-05-01T13:22:24.111,T1,20260501_132149,3479,1,0,3.405,-66.5,-93.9,-27.4,88.1,88,6388,7753,8680,22941,1342,TRUE,1,2.405,0.777459989,17.094634873323397,927
2026-05-01T13:22:24.200,T1,20260501_132149,3480,1,0,4.207,-68.7,-94.1,-25.4,82.56,88,5672,7265,8828,19293,1327,TRUE,1,3.207,0.7049027527496426,14.538809344385832,1563
2026-05-01T13:22:24.770,T1,20260501_132149,3485,1,0,4.118,-76.4,-96.6,-20.1,93.55,20,1104,1871,1311,784,350,TRUE,1,3.1180000000000003,0.6939032055311125,2.24,560
2026-05-01T13:22:24.891,T1,20260501_132149,3486,1,0,3.973,-65.7,-94.2,-28.5,78.5,120,6069,9420,8530,29280,1477,TRUE,1,2.973,0.6762116991643454,19.82396750169262,890
2026-05-01T13:22:25.100,T1,20260501_132149,3488,1,0,3.354,-65.8,-93.6,-27.7,93.76,128,7753,12001,10191,39186,1716,TRUE,1,2.354,0.6987202595529921,22.835664335664337,1810
2026-05-01T13:22:25.430,T1,20260501_132149,3491,1,0,3.34,-66.5,-94.6,-28.1,87.16,128,7897,11157,6439,34785,1653,TRUE,1,2.34,0.8975903614457831,21.04355716878403,4718
2026-05-01T13:22:25.550,T1,20260501_132149,3492,1,0,3.508,-65.3,-93.7,-28.4,84.39,108,6339,9114,9424,28815,1446,TRUE,1,2.508,0.6838925450426152,19.92738589211618,310
2026-05-01T13:22:25.761,T1,20260501_132149,3494,1,0,3.931,-65.5,-94.2,-28.7,93.07,96,5742,8935,6161,22655,1289,TRUE,1,2.931,0.76073132,17.575640031031806,2774
2026-05-01T13:22:25.911,T1,20260501_132149,3495,1,0,4.264,-71,-95.5,-24.4,81.64,44,2205,3592,2815,3539,617,TRUE,1,3.264,0.6883096613079445,5.7358184764991895,777
2026-05-01T13:22:25.971,T1,20260501_132149,3496,1,0,3.405,-65.6,-94.2,-28.6,78.1,108,6784,8435,8499,28047,1439,TRUE,1,2.405,0.801228298,19.49061848505907,64
2026-05-01T13:22:26.421,T1,20260501_132149,3500,1,0,4.54,-64.7,-93.7,-29,102.32,92,6293,9413,6405,24114,1296,TRUE,1,3.54,0.7956758123656594,18.60648148148148,3008
2026-05-01T13:22:26.629,T1,20260501_132149,3502,1,0,3.33,-65.1,-94.5,-29.4,75.46,136,6008,10262,6800,31219,1493,TRUE,1,2.33,0.7042550697456336,20.910247823174817,3462
2026-05-01T13:22:26.871,T1,20260501_132149,3504,1,0,3.288,-65.3,-93.6,-28.3,98.15,92,6616,9030,8837,26740,1391,TRUE,1,2.288,0.7405831980746628,19.223580158159596,193
2026-05-01T13:22:27.079,T1,20260501_132149,3506,1,0,4.517,-65.2,-94.2,-28.9,86.67,104,6863,9014,5403,23954,1314,TRUE,1,3.5170000000000003,0.9520704723590206,18.229832572298324,3611
2026-05-01T13:22:27.321,T1,20260501_132149,3508,1,0,3.963,-66,-93.4,-27.4,72.3,132,9438,9544,12262,40256,1751,TRUE,1,2.963,0.8656333119324956,22.990291262135923,2718
2026-05-01T13:22:27.650,T1,20260501_132149,3511,1,0,3.893,-65.8,-93.2,-27.4,103.73,92,5964,9543,7685,21548,1271,TRUE,1,2.893,0.6923612723473416,16.95357985837923,1858
2026-05-01T13:22:27.740,T1,20260501_132149,3512,1,0,4.09,-88.5,-98.6,-10.1,53.62,16,500,858,506,96,194,TRUE,1,3.09,0.7331378299120235,0.4948453608247423,352
2026-05-01T13:22:28.070,T1,20260501_132149,3515,1,0,4.109,-72.8,-95.2,-22.4,95.75,28,1646,2681,2707,1990,492,TRUE,1,3.109,0.6109873793615441,4.044715447154472,26
2026-05-01T13:22:28.193,T1,20260501_132149,3516,1,0,3.471,-66.1,-93.5,-27.4,92.15,100,5766,9215,7998,22286,1304,TRUE,1,2.471,0.6699587521059664,17.09049079754601,1217
2026-05-01T13:22:28.281,T1,20260501_132149,3517,1,0,3.888,-66.9,-94.5,-27.6,102.87,84,5380,8641,8855,26568,1464,TRUE,1,2.888,0.6149977137631458,18.147540983606557,214
2026-05-01T13:22:28.401,T1,20260501_132149,3518,1,0,3.429,-66.7,-94.9,-28.1,73.74,96,4443,7079,9336,25301,1421,TRUE,1,2.429,0.5413341455985379,17.805066854327936,2257
2026-05-01T13:22:29.092,T1,20260501_132149,3524,1,0,4.123,-70.7,-94.8,-24.2,108.1,40,2372,4324,3274,4271,669,TRUE,1,3.123,0.6243748354830219,6.3841554559043345,1050
2026-05-01T13:22:29.210,T1,20260501_132149,3525,1,0,3.551,-65.9,-93.7,-27.8,120.5,88,6567,10604,6565,25745,1394,TRUE,1,2.551,0.7649834003145204,18.468436154949785,4039
2026-05-01T13:22:29.300,T1,20260501_132149,3526,1,0,4.475,-66.3,-93.8,-27.4,114.76,104,5940,11935,9742,35179,1654,TRUE,1,3.4749999999999996,0.5480463163721917,21.269044740024185,2193
2026-05-01T13:22:29.390,T1,20260501_132149,3527,1,0,4.357,-77.1,-96.9,-19.7,67.5,20,637,1350,1772,668,331,TRUE,1,3.357,0.4080717488789238,2.0181268882175227,422
2026-05-01T13:22:29.630,T1,20260501_132149,3529,1,0,3.748,-65.8,-93.9,-28.1,99.83,96,4527,9584,9272,27377,1433,TRUE,1,2.748,0.48016546457361053,19.104675505931613,312
2026-05-01T13:23:43.158,T1,20260501_132342,4199,1.1,0,3.354,-83.4,-98.9,-15.5,64.58,12,383,775,838,186,217,TRUE,1,2.254,0.47489150650960943,0.8571428571428571,63
2026-05-01T13:23:43.519,T1,20260501_132342,4202,1.1,0,3.119,-64.4,-95.2,-30.7,91.74,80,2998,7339,6592,21599,1214,TRUE,1,2.019,0.4304070059579355,17.79159802306425,747
2026-05-01T13:23:43.968,T1,20260501_132342,4206,1.1,0,3.335,-91.6,-101.9,-10.2,48,8,200,384,367,26,144,TRUE,1,2.235,0.5326231691078562,0.18055555555555555,17
2026-05-01T13:23:44.420,T1,20260501_132342,4210,1.1,0,3.466,-95.4,-104,-8.5,36.5,8,159,292,190,8,124,TRUE,1,2.366,0.6597510373443983,0.064516129,102
2026-05-01T13:23:44.538,T1,20260501_132342,4211,1.1,0,2.716,-65,-95.7,-30.6,61.85,104,4037,6432,7800,25828,1354,TRUE,1,1.616,0.5673130972456436,19.07533234859675,1368
2026-05-01T13:23:44.747,T1,20260501_132342,4213,1.1,0,3.527,-76,-96.5,-20.5,54.55,20,1399,1091,1080,529,283,TRUE,1,2.427,1.2888070013818518,1.8692579505300353,11
2026-05-01T13:23:45.499,T1,20260501_132342,4219,1.1,0,3.471,-64.4,-90.9,-26.5,114.22,88,9683,10051,10699,23463,1261,TRUE,1,2.371,0.9333012048192771,18.606661379857258,648
2026-05-01T13:23:45.559,T1,20260501_132342,4220,1.1,0,3.691,-74.4,-94.4,-20,81.58,24,2397,1958,1337,968,362,TRUE,1,2.5909999999999997,1.4549317147192715,2.6740331491712706,621
2026-05-01T13:23:45.678,T1,20260501_132342,4221,1.1,0,2.622,-65.2,-96.9,-31.7,42.26,108,7035,4564,4985,27162,1395,TRUE,1,1.5219999999999998,1.4734527175620484,19.470967741935485,421
2026-05-01T13:23:45.888,T1,20260501_132342,4223,1.1,0,3.574,-80.9,-94,-13,71.81,16,1441,1149,947,211,212,TRUE,1,2.474,1.375,0.9952830188679245,202
2026-05-01T13:23:46.100,T1,20260501_132342,4225,1.1,0,3.236,-63.4,-90,-26.6,83.17,84,15437,6986,4215,20069,1127,TRUE,1,2.136,2.7563610391929294,17.80745341614907,2771
2026-05-01T13:23:46.189,T1,20260501_132342,4226,1.1,0,3.616,-73.2,-101.9,-28.6,44.18,28,575,1237,761,1264,398,TRUE,1,2.516,0.5755755755755756,3.1758793969849246,476
2026-05-01T13:23:46.307,T1,20260501_132342,4227,1.1,0,3.1,-64.1,-90.8,-26.7,125.14,72,3495,9010,11406,17019,1064,TRUE,1,2,0.342378527,15.99530075,2396
2026-05-01T13:23:46.757,T1,20260501_132342,4231,1.1,0,2.974,-64.4,-95.1,-30.7,25.67,96,8586,2464,6613,24655,1293,TRUE,1,1.874,1.8918144761485072,19.068058778035578,4149
2026-05-01T13:23:46.848,T1,20260501_132342,4232,1.1,0,3.466,-65.3,-93.3,-28,95.74,88,6273,8425,8134,21787,1254,TRUE,1,2.366,0.757654448,17.374003189792663,291
2026-05-01T13:23:46.968,T1,20260501_132342,4233,1.1,0,3.1,-64.6,-94.6,-30,89.38,96,2730,8580,6060,20772,1198,TRUE,1,2,0.3729508196721312,17.33889816360601,2520
2026-05-01T13:23:47.179,T1,20260501_132342,4235,1.1,0,3.344,-64.2,-97.2,-33,41.98,88,5058,3694,4896,20725,1180,TRUE,1,2.244,1.1776484284051223,17.56355932,1202
2026-05-01T13:23:48.139,T1,20260501_132342,4243,1.1,0,3.715,-88.2,-99,-10.8,19.67,12,734,236,484,76,167,TRUE,1,2.615,2.0388888888888888,0.4550898203592814,248
2026-05-01T13:23:48.257,T1,20260501_132342,4244,1.1,0,3.757,-95.7,-102.9,-7.2,34.62,8,205,277,235,7,120,TRUE,1,2.657,0.80078125,0.058333333333333334,42
2026-05-01T13:23:49.039,T1,20260501_132342,4251,1.1,0,3.053,-65,-95.5,-30.5,60.91,92,5160,5604,7699,24888,1329,TRUE,1,1.953,0.7757648650680298,18.72686230248307,2095
2026-05-01T13:23:49.159,T1,20260501_132342,4252,1.1,0,2.894,-65.8,-95.4,-29.6,86.22,116,5975,10002,6114,33428,1583,TRUE,1,1.794,0.7414991312980889,21.116866708780798,3888
2026-05-01T13:23:49.280,T1,20260501_132342,4253,1.1,0,3.208,-64.9,-94.9,-30,50.36,100,5508,5036,9374,26742,1372,TRUE,1,2.108,0.7644691186675919,19.49125364431487,4338
2026-05-01T13:23:49.730,T1,20260501_132342,4257,1.1,0,3.03,-65.1,-96.2,-31.1,66.54,112,7150,7453,4498,31131,1493,TRUE,1,1.9299999999999995,1.1965525897414442,20.851306095110516,2955
2026-05-01T13:23:49.849,T1,20260501_132342,4258,1.1,0,2.974,-63.9,-92.7,-28.8,88.49,88,10193,7787,6100,23985,1256,TRUE,1,1.874,1.4679916468639735,19.096337579617835,1687
2026-05-01T13:23:49.938,T1,20260501_132342,4259,1.1,0,3.429,-64.5,-92.6,-28.1,85.21,112,10021,9543,7416,27453,1372,TRUE,1,2.3289999999999997,1.1817913792086798,20.009475218658892,2127
2026-05-01T13:23:50.148,T1,20260501_132342,4261,1.1,0,3.954,-65.4,-93,-27.6,134.8,88,8946,11862,6820,30835,1499,TRUE,1,2.854,0.9577133069264533,20.570380253502336,5042
2026-05-01T13:23:50.239,T1,20260501_132342,4262,1.1,0,3.438,-65.9,-93.1,-27.2,106.86,88,4608,9404,10397,24761,1366,TRUE,1,2.338,0.4654310388364224,18.126647144948755,993
2026-05-01T13:23:50.360,T1,20260501_132342,4263,1.1,0,3.719,-67.6,-92.8,-25.2,117.01,68,7156,7957,6535,14791,1120,TRUE,1,2.619,0.9875793541264146,13.20625,1422
2026-05-01T13:23:50.417,T1,20260501_132342,4264,1.1,0,3.025,-65.1,-94.1,-29,79.91,96,8232,7671,5375,23684,1300,TRUE,1,1.925,1.261996014,18.21846153846154,2296
2026-05-01T13:23:50.539,T1,20260501_132342,4265,1.1,0,3.752,-65.2,-93.8,-28.6,69.62,104,10847,7241,7322,31156,1494,TRUE,1,2.6519999999999997,1.4896655908809997,20.854082998661312,81
2026-05-01T13:23:50.779,T1,20260501_132342,4267,1.1,0,3.466,-66.2,-97.4,-31.2,60.7,92,3900,5584,5769,23679,1349,TRUE,1,2.366,0.6870430723156875,17.553002223869534,185
2026-05-01T13:23:50.869,T1,20260501_132342,4268,1.1,0,3.41,-64.4,-94.9,-30.5,74.16,100,4919,7416,6881,24097,1280,TRUE,1,2.31,0.6881163880534378,18.82578125,535
2026-05-01T13:23:51.078,T1,20260501_132342,4270,1.1,0,4.128,-64.2,-91.9,-27.7,122.55,92,8275,11275,7059,23853,1266,TRUE,1,3.028,0.9026944474746373,18.841232227488153,4216
2026-05-01T13:23:51.409,T1,20260501_132342,4273,1.1,0,3.133,-82.3,-93.4,-11.1,91.31,96,8927,8766,7073,8048,1371,TRUE,1,2.033,1.1272176273754657,5.870167761,1693
2026-05-01T13:23:51.497,T1,20260501_132342,4274,1.1,0,2.95,-65.2,-92.6,-27.4,77.07,108,11964,8324,8777,30705,1484,TRUE,1,1.85,1.3992164200923922,20.690700808625337,453
2026-05-01T13:23:51.739,T1,20260501_132342,4276,1.1,0,3.011,-64.9,-92.3,-27.4,73.01,100,12166,7301,8763,28315,1414,TRUE,1,1.911,1.514691235059761,20.024752475247524,1462
2026-05-01T13:23:52.098,T1,20260501_132342,4279,1.1,0,2.997,-64.7,-90.8,-26.1,120.72,88,11342,10623,9869,24716,1312,TRUE,1,1.897,1.1069685731016983,18.838414634146343,754
2026-05-01T13:23:52.188,T1,20260501_132342,4280,1.1,0,3.762,-65.1,-91.6,-26.5,112.49,88,10153,9899,10464,26188,1366,TRUE,1,2.662,0.997200805,19.171303074670572,565
2026-05-01T13:23:52.520,T1,20260501_132342,4283,1.1,0,3.077,-65.5,-92.2,-26.7,130.33,96,8522,12512,7996,27779,1428,TRUE,1,1.977,0.8310903062219621,19.45308123,4516
2026-05-01T13:23:52.610,T1,20260501_132342,4284,1.1,0,3.124,-64.4,-92,-27.6,115.52,96,6915,11090,7492,22172,1230,TRUE,1,2.024,0.7442686470778173,18.026016260162603,3598
2026-05-01T13:23:52.968,T1,20260501_132342,4287,1.1,0,3.926,-64.9,-93.3,-28.4,118.61,80,2285,9489,10029,24902,1323,TRUE,1,2.826,0.23414284250435496,18.822373393801964,540
2026-05-01T13:23:53.059,T1,20260501_132342,4288,1.1,0,4.245,-65.4,-93.5,-28.1,104.9,112,3973,11749,9091,30615,1495,TRUE,1,3.145,0.3812859884836852,20.47826086956522,2658
2026-05-01T13:23:53.149,T1,20260501_132342,4289,1.1,0,3.039,-64.5,-93.3,-28.7,114.95,84,4174,9656,8501,23661,1275,TRUE,1,1.939,0.4597675827504544,18.55764705882353,1155
2026-05-01T13:23:53.269,T1,20260501_132342,4290,1.1,0,3.067,-65.2,-93.5,-28.3,100.43,116,4995,11650,8653,30777,1489,TRUE,1,1.967,0.49204551051568735,20.669576897246476,2997
2026-05-01T13:23:53.479,T1,20260501_132342,4292,1.1,0,3.682,-90.6,-100.6,-10,24.08,12,382,289,461,34,146,TRUE,1,2.582,1.0186666666666666,0.2328767123287671,172
2026-05-01T13:23:54.078,T1,20260501_132342,4297,1.1,0,3.987,-64.1,-95.3,-31.2,88.18,100,4169,8818,5386,26439,1327,TRUE,1,2.887,0.5870177414812728,19.92388847023361,3432
2026-05-01T13:23:54.167,T1,20260501_132342,4298,1.1,0,3.977,-67.3,-95.9,-28.6,74.65,68,3509,5076,6290,15415,1132,TRUE,1,2.877,0.6174555692415977,13.61749116607774,1214
2026-05-01T13:23:54.259,T1,20260501_132342,4299,1.1,0,3.007,-64.3,-96,-31.8,83.04,100,1981,8304,5707,26346,1333,TRUE,1,1.907,0.2827778174291628,19.76444111027757,2597
2026-05-01T13:23:54.378,T1,20260501_132342,4300,1.1,0,3.11,-64.1,-96.2,-32.1,72.35,88,3160,6367,6887,25757,1309,TRUE,1,2.01,0.4768371812283084,19.67685256,520
2026-05-01T13:23:54.469,T1,20260501_132342,4301,1.1,0,3.363,-64.5,-96.8,-32.3,67.09,104,2283,6977,6040,26556,1350,TRUE,1,2.263,0.35077206729661214,19.67111111111111,937
2026-05-01T13:23:54.587,T1,20260501_132342,4302,1.1,0,3.035,-64.5,-96.3,-31.8,74.79,104,3015,7778,6857,30580,1449,TRUE,1,1.935,0.4120259651520328,21.104209799861973,921
2026-05-01T13:23:54.708,T1,20260501_132342,4303,1.1,0,3.091,-64.3,-97,-32.7,73.34,80,3345,5867,5388,23402,1258,TRUE,1,1.991,0.5944024877832075,18.60254372019078,479
2026-05-01T13:23:54.797,T1,20260501_132342,4304,1.1,0,4.024,-66.7,-95.4,-28.7,26.41,80,7797,2113,5937,18541,1216,TRUE,1,2.924,1.937142857142857,15.247532894736842,3824
2026-05-01T13:23:54.865,T1,20260501_132342,4305,1.1,0,3.035,-64.5,-94.9,-30.3,20.87,92,9261,1920,6693,25245,1317,TRUE,1,1.935,2.1504702194357366,19.168564920273347,4773
2026-05-01T13:23:54.979,T1,20260501_132342,4306,1.1,0,3.485,-64.1,-95.1,-30.9,36.52,96,8396,3506,7220,27249,1349,TRUE,1,2.385,1.565541674,20.199406968124535,3714
2026-05-01T13:23:55.147,T1,20260501_132342,4307,1.1,0,3.494,-64.9,-98,-33.2,69.24,92,1513,6370,4634,24477,1312,TRUE,1,2.394,0.27499091239549256,18.65625,1736
2026-05-01T13:23:55.819,T1,20260501_132342,4313,1.1,0,3.748,-70.1,-98.9,-28.8,50.97,32,1467,1631,1757,2569,509,TRUE,1,2.648,0.8659976387249114,5.047151277013753,126
2026-05-01T13:23:55.997,T1,20260501_132342,4315,1.1,0,4.179,-64,-96.7,-32.6,61.61,112,4067,6900,5324,27171,1341,TRUE,1,3.079,0.6654123036649214,20.261744966442954,1576
2026-05-01T13:23:56.088,T1,20260501_132342,4316,1.1,0,3.152,-64.8,-94.2,-29.4,82.17,96,6301,7888,8171,26520,1360,TRUE,1,2.052,0.7847313033190112,19.5,283
2026-05-01T13:23:56.208,T1,20260501_132342,4317,1.1,0,3.171,-65.1,-94.7,-29.6,76.21,96,2272,7316,8478,22605,1271,TRUE,1,2.0709999999999997,0.28770419146511333,17.785208497246263,1162
2026-05-01T13:23:56.297,T1,20260501_132342,4318,1.1,0,3.574,-65.4,-94.8,-29.4,85.68,100,2609,8568,7493,23658,1314,TRUE,1,2.474,0.32488637071166176,18.004566210045663,1075
2026-05-01T13:23:56.747,T1,20260501_132342,4322,1.1,0,3.025,-65.7,-95.5,-29.9,44.91,104,7570,4671,7207,26597,1405,TRUE,1,1.925,1.2746253578043443,18.930249110320286,2536
2026-05-01T13:23:56.868,T1,20260501_132342,4323,1.1,0,3.902,-88.9,-104.1,-15.2,30.17,12,204,362,267,62,162,TRUE,1,2.802,0.6486486486486487,0.38271604938271603,95
2026-05-01T13:23:56.957,T1,20260501_132342,4324,1.1,0,3.011,-65.5,-93.6,-28.1,75.31,116,10379,8736,8482,33881,1577,TRUE,1,1.911,1.2055987919619002,21.48446417247939,254
2026-05-01T13:23:57.319,T1,20260501_132342,4327,1.1,0,4.095,-65.7,-96.5,-30.8,70.41,100,2742,7041,6987,26732,1409,TRUE,1,2.9949999999999997,0.39093242087254065,18.972320794889992,54
2026-05-01T13:23:57.421,T1,20260501_132342,4328,1.1,0,3.086,-65,-94.7,-29.7,36.39,88,7457,3202,7302,20795,1216,TRUE,1,1.986,1.419840061,17.101151315789473,4100
2026-05-01T13:23:57.499,T1,20260501_132342,4329,1.1,0,3.851,-67.4,-92.6,-25.2,110.18,88,5984,9696,7668,17090,1195,TRUE,1,2.751,0.6892421101128772,14.301255230125523,2028
2026-05-01T13:23:57.738,T1,20260501_132342,4331,1.1,0,3.082,-65.1,-94.7,-29.6,100.15,72,5205,7211,7447,23474,1294,TRUE,1,1.982,0.7101923864101515,18.14064914992272,236
2026-05-01T13:23:57.829,T1,20260501_132342,4332,1.1,0,3.25,-64.7,-95.7,-31,84.3,96,2044,8093,7143,27290,1375,TRUE,1,2.15,0.26831189288527174,19.847272727272728,950
2026-05-01T13:23:58.189,T1,20260501_132342,4335,1.1,0,4.038,-67.2,-92.4,-25.2,130.62,76,4402,9927,10058,19164,1257,TRUE,1,2.938,0.44053039779834874,15.24582338902148,131
2026-05-01T13:23:58.367,T1,20260501_132342,4337,1.1,0,3.096,-64.9,-94,-29,116.96,72,5200,8421,6588,20917,1215,TRUE,1,1.996,0.6929175827836631,17.215637860082303,1833
2026-05-01T13:23:58.488,T1,20260501_132342,4338,1.1,0,4.123,-69.4,-96.3,-26.9,80.77,96,1625,7754,5628,17520,1296,TRUE,1,3.023,0.2428635480496189,13.518518518518519,2126
2026-05-01T13:23:58.577,T1,20260501_132342,4339,1.1,0,3.161,-65.9,-96.6,-30.7,72.17,108,3821,7794,5520,26938,1426,TRUE,1,2.061,0.5739822742977317,18.890603085553998,2274
2026-05-01T13:23:58.788,T1,20260501_132342,4340,1.1,0,3.283,-64.9,-96.1,-31.2,81.2,76,3714,6171,4517,17570,1111,TRUE,1,2.183,0.6949850299401198,15.814581458145815,1654
2026-05-01T13:23:58.908,T1,20260501_132342,4342,1.1,0,3.644,-65.1,-92.6,-27.5,104.62,88,7327,9207,8036,21727,1245,TRUE,1,2.544,0.8498521139012932,17.45140562248996,1171
2026-05-01T13:23:59.057,T1,20260501_132342,4343,1.1,0,4.212,-68.2,-94.5,-26.4,86.61,64,2904,5543,6928,11826,1021,TRUE,1,3.1119999999999997,0.46572047149386575,11.582761998041136,1385
2026-05-01T13:23:59.118,T1,20260501_132342,4344,1.1,0,3.682,-65,-92.3,-27.3,120.99,80,2710,9679,9718,19789,1185,TRUE,1,2.582,0.2794246532969016,16.69957805907173,39
2026-05-01T13:23:59.240,T1,20260501_132342,4345,1.1,0,3.663,-63.7,-95.5,-31.8,54.43,84,5444,4572,6925,22594,1208,TRUE,1,2.5629999999999997,0.9470296599112812,18.70364238410596,2353
2026-05-01T13:23:59.298,T1,20260501_132342,4346,1.1,0,3.719,-65.4,-96.5,-31.1,93.76,72,5742,6751,4346,24883,1345,TRUE,1,2.619,1.034874290348743,18.500371747211897,2405
2026-05-01T13:23:59.418,T1,20260501_132342,4347,1.1,0,4.446,-63.1,-92.5,-29.4,93.16,76,7640,7080,5829,17085,1032,TRUE,1,3.3459999999999996,1.1836703075373771,16.555232558139537,1251
2026-05-01T13:23:59.508,T1,20260501_132342,4348,1.1,0,4.728,-66.3,-83.7,-17.4,198.36,64,10415,12695,10694,9740,870,TRUE,1,3.628,0.8905895933986062,11.195402298850574,2001
2026-05-01T13:23:59.599,T1,20260501_132342,4349,1.1,0,3.091,-62.8,-94.5,-31.6,24.27,80,9514,1942,2371,19312,1086,TRUE,1,1.991,4.411778344539764,17.78268876611418,429
2026-05-01T13:23:59.719,T1,20260501_132342,4350,1.1,0,3.63,-63,-79.5,-16.5,213.77,80,16920,17102,10747,16572,1011,TRUE,1,2.53,1.2151244209845955,16.391691394658753,6355
2026-05-01T13:23:59.927,T1,20260501_132342,4352,1.1,0,5.075,-64.2,-79.8,-15.6,113.15,152,14756,17199,12588,15046,1005,TRUE,1,3.975,0.9907677846040219,14.971144278606966,4611
2026-05-01T13:24:00.139,T1,20260501_132342,4354,1.1,0,3.94,-63.3,-83.2,-19.9,168.73,100,11828,16873,16098,20623,1139,TRUE,1,2.84,0.7174789966940645,18.106233538191397,775
2026-05-01T13:24:00.288,T1,20260501_132342,4355,1.1,0,3.48,-63.4,-85.4,-22,183.78,88,10469,16173,17467,23644,1223,TRUE,1,2.38,0.6224137931034482,19.33278822567457,1294
2026-05-01T13:24:00.467,T1,20260501_132342,4357,1.1,0,4.179,-66.5,-87.5,-21,195.78,68,11456,13313,8861,12565,995,TRUE,1,3.079,1.0332822224226572,12.628140703517587,4452
2026-05-01T13:24:00.559,T1,20260501_132342,4358,1.1,0,3.48,-64.3,-87.1,-22.7,223.21,84,14044,18750,14199,27496,1365,TRUE,1,2.38,0.8524689671917205,20.143589743589743,4551
2026-05-01T13:24:00.679,T1,20260501_132342,4359,1.1,0,3.855,-65.2,-88.7,-23.5,184.46,96,11596,17708,14786,29043,1447,TRUE,1,2.755,0.7137317658644673,20.07118175535591,2922
2026-05-01T13:24:01.009,T1,20260501_132342,4362,1.1,0,3.841,-63.9,-88.5,-24.7,138.6,92,18012,12751,8315,25375,1289,TRUE,1,2.741,1.7100541156365707,19.685802948021724,4436
2026-05-01T13:24:01.714,T1,20260501_132342,4368,1.1,0,4.221,-65.6,-85.5,-19.9,168.22,96,13037,16149,13215,18288,1163,TRUE,1,3.121,0.8879580438632338,15.724849527085125,2934
2026-05-01T13:24:01.819,T1,20260501_132342,4369,1.1,0,4.217,-99,-97.7,1.3,59.12,8,441,473,339,3,115,FALSE,1,3.1169999999999995,1.0862068965517242,0.026086957,134
2026-05-01T13:24:02.298,T1,20260501_132342,4373,1.1,0,3.419,-64.2,-82,-17.8,253.93,72,9144,18283,17381,18799,1121,TRUE,1,2.319,0.5127860026917901,16.769848349687777,902
2026-05-01T13:24:02.390,T1,20260501_132342,4374,1.1,0,3.593,-64.6,-82,-17.4,184.56,108,16717,19933,17810,25164,1318,TRUE,1,2.493,0.8858331346209893,19.09256449165402,2123
2026-05-01T13:24:02.840,T1,20260501_132342,4378,1.1,0,4.643,-65,-88,-23,204.15,88,8130,17965,15192,23166,1282,TRUE,1,3.5429999999999997,0.4903941852399192,18.070202808112324,2773
2026-05-01T13:24:02.929,T1,20260501_132342,4379,1.1,0,4.268,-65.8,-94.3,-28.4,111.92,72,628,8058,7749,18747,1186,TRUE,1,3.1679999999999997,0.079458468,15.806913996627319,309
2026-05-01T13:24:03.229,T1,20260501_132342,4381,1.1,0,3.827,-64.6,-89.1,-24.5,149.17,92,13501,13724,9297,22582,1249,TRUE,1,2.727,1.172929064766952,18.080064051240992,4427
2026-05-01T13:24:03.258,T1,20260501_132342,4382,1.1,0,3.199,-63,-95.1,-32.1,67.08,96,6093,6440,6465,26416,1279,TRUE,1,2.099,0.9442851607903914,20.653635652853794,25
2026-05-01T13:24:03.587,T1,20260501_132342,4385,1.1,0,3.25,-64,-91.8,-27.8,101.67,92,6921,9354,8365,19797,1144,TRUE,1,2.15,0.7811953270500592,17.30506993006993,989
2026-05-01T13:24:03.678,T1,20260501_132342,4386,1.1,0,3.48,-63.5,-85.8,-22.3,181.16,96,17196,17391,13122,27465,1323,TRUE,1,2.38,1.1271261429554615,20.759637188208618,4269
2026-05-01T13:24:03.798,T1,20260501_132342,4387,1.1,0,4.132,-67,-89,-22,163.76,84,12524,13756,12086,20145,1282,TRUE,1,3.0319999999999996,0.9692748239300364,15.713728549141965,1670
2026-05-01T13:24:03.917,T1,20260501_132342,4388,1.1,0,3.855,-65.3,-92.3,-27,134.99,112,5697,15119,9863,34999,1591,TRUE,1,2.755,0.45608838363621806,21.99811439346323,5256
2026-05-01T13:24:04.007,T1,20260501_132342,4389,1.1,0,3.851,-65.1,-90.1,-25,188.43,88,10358,16582,10116,29196,1446,TRUE,1,2.751,0.7759382725297775,20.190871369294605,6466
2026-05-01T13:24:04.098,T1,20260501_132342,4390,1.1,0,3.476,-64.3,-89.4,-25,173.9,96,9713,16694,12316,28163,1380,TRUE,1,2.376,0.6696311616683902,20.407971014492755,4378
2026-05-01T13:24:04.217,T1,20260501_132342,4391,1.1,0,3.804,-64.9,-90.4,-25.5,110.69,108,2570,11954,17335,29325,1438,TRUE,1,2.7039999999999997,0.17549250571887057,20.39290681502086,5381
2026-05-01T13:24:04.308,T1,20260501_132342,4392,1.1,0,3.34,-66.2,-92.3,-26.1,121.76,120,7875,14611,9363,33404,1605,TRUE,1,2.24,0.6569617085175606,20.81246105919003,5248
2026-05-01T13:24:04.548,T1,20260501_132342,4394,1.1,0,3.935,-65.2,-91.2,-26,94.19,112,11253,10549,14217,33714,1555,TRUE,1,2.835,0.9087458612614068,21.681028938906753,3668
2026-05-01T13:24:04.667,T1,20260501_132342,4395,1.1,0,3.377,-65.9,-91,-25.2,153.44,108,5337,16572,12943,33309,1584,TRUE,1,2.2769999999999997,0.36164662036252754,21.02840909090909,3629
2026-05-01T13:24:04.727,T1,20260501_132342,4396,1.1,0,3.372,-66.3,-92.7,-26.5,126.18,76,823,9590,11159,22125,1308,TRUE,1,2.272,0.079329124,16.915137614678898,1569
2026-05-01T13:24:04.817,T1,20260501_132342,4397,1.1,0,3.386,-65.2,-91.8,-26.6,105.53,76,7536,8020,13121,26181,1372,TRUE,1,2.286,0.712927487,19.082361516034986,5101
2026-05-01T13:24:04.938,T1,20260501_132342,4398,1.1,0,3.429,-64.9,-91.7,-26.8,89.75,88,8941,7898,13861,29368,1436,TRUE,1,2.3289999999999997,0.8218208557378556,20.45125348189415,5963
2026-05-01T13:24:05.028,T1,20260501_132342,4399,1.1,0,4.779,-64.8,-90.2,-25.4,150.1,96,7392,14410,15559,31536,1484,TRUE,1,3.679,0.4933097534118589,21.250673854447438,1149
2026-05-01T13:24:05.597,T1,20260501_132342,4404,1.1,0,3.321,-64.4,-93.5,-29,89.13,104,5081,9270,9385,27344,1365,TRUE,1,2.221,0.5447333154650228,20.032234432234432,115
2026-05-01T13:24:05.718,T1,20260501_132342,4405,1.1,0,3.297,-64.6,-94.8,-30.2,106.61,96,3085,10235,6560,28828,1411,TRUE,1,2.197,0.36737124144090505,20.430900070871722,3675
2026-05-01T13:24:06.287,T1,20260501_132342,4410,1.1,0,4.869,-65.7,-91.7,-26,110.31,104,4903,11472,13893,29173,1471,TRUE,1,3.769,0.38659570273999605,19.832087015635622,2421
2026-05-01T13:24:06.529,T1,20260501_132342,4412,1.1,0,3.888,-64.8,-92.1,-27.3,133.04,96,2626,12772,10502,27314,1380,TRUE,1,2.788,0.22565953424422103,19.792753623188407,2270
2026-05-01T13:24:06.618,T1,20260501_132342,4413,1.1,0,4.526,-65.4,-92.8,-27.4,105.73,96,4237,10150,14359,35922,1617,TRUE,1,3.4259999999999997,0.34575054061773225,22.21521336,4209
2026-05-01T13:24:06.948,T1,20260501_132342,4416,1.1,0,3.288,-64.5,-92.2,-27.6,122.03,100,1681,12203,10952,27395,1371,TRUE,1,2.1879999999999997,0.1451954221550421,19.98176513,1251
2026-05-01T13:24:07.037,T1,20260501_132342,4417,1.1,0,3.297,-64.7,-92.4,-27.7,91.87,104,3416,9554,14119,31959,1488,TRUE,1,2.197,0.28859882566637096,21.47782258064516,4565
2026-05-01T13:24:07.157,T1,20260501_132342,4418,1.1,0,4.348,-65.4,-92.8,-27.4,110.62,128,7722,14160,9300,38208,1666,TRUE,1,3.248,0.6583120204603581,22.933973589435773,4860
2026-05-01T13:24:07.399,T1,20260501_132342,4420,1.1,0,4.006,-76.8,-94.7,-17.9,88.6,20,452,1772,1693,476,276,TRUE,1,2.906,0.2608946608946609,1.7246376811594204,79
2026-05-01T13:24:07.457,T1,20260501_132342,4421,1.1,0,3.419,-65,-92.3,-27.2,92.12,104,5584,9580,13050,29153,1438,TRUE,1,2.319,0.49350419796730005,20.273296244784422,3470
2026-05-01T13:24:07.938,T1,20260501_132342,4425,1.1,0,3.199,-65.4,-92,-26.6,113.51,120,10772,13621,8931,34735,1592,TRUE,1,2.099,0.9553032990422136,21.818467336683415,4690
2026-05-01T13:24:08.027,T1,20260501_132342,4426,1.1,0,3.307,-64.8,-91.2,-26.4,132.46,112,9472,14836,9428,31392,1483,TRUE,1,2.207,0.7807451368282229,21.167902899527984,5408
2026-05-01T13:24:08.119,T1,20260501_132342,4427,1.1,0,3.476,-65.2,-91.3,-26,119.58,120,7302,14350,12981,33363,1549,TRUE,1,2.376,0.5343382971717098,21.538411878631376,1369
2026-05-01T13:24:08.209,T1,20260501_132342,4428,1.1,0,3.325,-65,-91.2,-26.2,118.85,124,9907,14738,11160,34285,1557,TRUE,1,2.225,0.7650783844312302,22.019910083493897,3578
2026-05-01T13:24:08.327,T1,20260501_132342,4429,1.1,0,3.902,-65.2,-90.5,-25.4,134.89,132,10961,17805,12051,38587,1664,TRUE,1,2.802,0.7342577706323687,23.189302884615383,5754
2026-05-01T13:24:08.447,T1,20260501_132342,4430,1.1,0,3.349,-65.4,-91.2,-25.8,132.9,112,5739,14885,16134,39165,1690,TRUE,1,2.249,0.370031271,23.174556213017752,1249
2026-05-01T13:24:08.778,T1,20260501_132342,4433,1.1,0,4.728,-65.8,-90.9,-25.1,142.42,120,7092,17090,15378,39849,1726,TRUE,1,3.628,0.4368609092029075,23.087485515643106,1712
2026-05-01T13:24:08.867,T1,20260501_132342,4434,1.1,0,3.344,-64.9,-90.4,-25.5,171.85,96,11123,16498,10552,33199,1531,TRUE,1,2.244,0.8224029574861368,21.684519921619856,5946
2026-05-01T13:24:08.959,T1,20260501_132342,4435,1.1,0,3.386,-65.4,-90.8,-25.4,141.11,96,5843,13547,10877,23355,1304,TRUE,1,2.286,0.47846380609236816,17.91027607361963,2670
2026-05-01T13:24:09.199,T1,20260501_132342,4437,1.1,0,3.931,-64.7,-91.3,-26.6,122.28,92,2143,11250,14723,28640,1410,TRUE,1,2.831,0.16501751819196858,20.31205673758865,3473
2026-05-01T13:24:09.288,T1,20260501_132342,4438,1.1,0,3.377,-65.3,-91.4,-26,129.74,112,9512,14531,10321,32319,1531,TRUE,1,2.2769999999999997,0.7654917109286979,21.109732201175703,4210
2026-05-01T13:24:09.378,T1,20260501_132342,4439,1.1,0,4.446,-68.2,-91.1,-23,142.43,60,5998,8546,5306,8506,866,TRUE,1,3.3459999999999996,0.8660121282125325,9.822170900692841,3240
2026-05-01T13:24:09.497,T1,20260501_132342,4440,1.1,0,4.329,,-103.7,,57.75,4,76,231,227,0,104,FALSE,1,3.2289999999999996,0.3318777292576419,0,4
2026-05-01T13:24:09.589,T1,20260501_132342,4441,1.1,0,4.048,-64.2,-90.3,-26.1,149.66,100,9425,14966,10882,28933,1394,TRUE,1,2.948,0.7292633859486227,20.75538020086083,4084
2026-05-01T13:24:09.710,T1,20260501_132342,4442,1.1,0,3.508,-64.5,-90.7,-26.1,134.48,112,11086,15062,9923,32087,1484,TRUE,1,2.408,0.8874124474684811,21.621967654986523,5139
2026-05-01T13:24:09.828,T1,20260501_132342,4443,1.1,0,4.306,-97,-101.6,-4.7,35,8,42,280,380,5,117,FALSE,1,3.206,0.12727272727272726,0.042735042735042736,100
2026-05-01T13:24:09.887,T1,20260501_132342,4444,1.1,0,4.395,-67.2,-91,-23.8,142.57,76,7904,10835,7235,14838,1105,TRUE,1,3.2949999999999995,0.874820144,13.428054298642534,3600
2026-05-01T13:24:09.977,T1,20260501_132342,4445,1.1,0,4.381,-84.7,-95.2,-10.5,104,12,838,1248,802,145,200,TRUE,1,3.281,0.817560976,0.725,446
2026-05-01T13:24:10.099,T1,20260501_132342,4446,1.1,0,3.949,-64.4,-90.9,-26.5,143.4,108,10720,15487,9762,33878,1518,TRUE,1,2.849,0.8491425402986257,22.317523056653492,5725
2026-05-01T13:24:10.189,T1,20260501_132342,4447,1.1,0,4.118,-66.7,-91.7,-25,138.76,96,7055,13321,10236,25892,1438,TRUE,1,3.018,0.5989727045039691,18.005563282336578,3085
2026-05-01T13:24:10.279,T1,20260501_132342,4448,1.1,0,3.48,-64,-90.5,-26.5,136.29,104,10069,14174,8628,27074,1339,TRUE,1,2.38,0.8831681431453381,20.219566840926063,5546
2026-05-01T13:24:10.517,T1,20260501_132342,4450,1.1,0,4.873,-63.7,-92.5,-28.8,108.7,88,4232,9566,8857,21684,1187,TRUE,1,3.773,0.45942571785268416,18.267902274641955,709
2026-05-01T13:24:10.728,T1,20260501_132342,4452,1.1,0,4.235,-70.3,-93.2,-22.9,105.16,32,1859,3365,3553,2357,491,TRUE,1,3.135,0.5374385660595548,4.800407332,188
2026-05-01T13:24:10.817,T1,20260501_132342,4453,1.1,0,3.522,-63.5,-89.3,-25.8,181.76,92,9417,16722,11250,27892,1337,TRUE,1,2.4219999999999997,0.6733161733161733,20.861630516080776,5472
2026-05-01T13:24:10.938,T1,20260501_132342,4454,1.1,0,3.494,-64.1,-90,-26,137.85,108,1498,14888,15946,30523,1424,TRUE,1,2.394,0.097165467,21.434691011235955,1058
2026-05-01T13:24:11.147,T1,20260501_132342,4456,1.1,0,4.32,-67.6,-92.9,-25.3,130.08,60,3724,7805,5088,9744,909,TRUE,1,3.22,0.5776778096641588,10.71947194719472,2717
2026-05-01T13:24:11.388,T1,20260501_132342,4458,1.1,0,4.385,-69.8,-94.7,-24.9,79.83,36,1900,2874,3813,3289,570,TRUE,1,3.2849999999999997,0.5682667863017796,5.770175438596492,939
2026-05-01T13:24:11.598,T1,20260501_132342,4460,1.1,0,4.038,-65.4,-92.9,-27.5,94.56,96,2557,9078,13173,29204,1459,TRUE,1,2.938,0.2298323670846254,20.016449623029473,4095
2026-05-01T13:24:12.438,T1,20260501_132342,4467,1.1,0,3.691,-64.9,-93.2,-28.3,110.07,120,5338,13208,10035,37902,1633,TRUE,1,2.5909999999999997,0.45932108591834103,23.210042865890998,3173
2026-05-01T13:24:12.528,T1,20260501_132342,4468,1.1,0,3.461,-64.8,-93,-28.2,113.02,104,2799,11754,11820,34495,1553,TRUE,1,2.361,0.23746500381776534,22.21184803605924,66
2026-05-01T13:24:12.767,T1,20260501_132342,4470,1.1,0,3.321,-64.9,-92.4,-27.5,91.68,104,2537,9535,14580,32052,1501,TRUE,1,2.221,0.21040845946506323,21.353764157228515,5045
2026-05-01T13:24:12.828,T1,20260501_132342,4471,1.1,0,3.527,-64.5,-91.9,-27.3,147.92,88,5259,13017,9494,26975,1361,TRUE,1,2.427,0.4672382390831149,19.819985304922852,3523
2026-05-01T13:24:13.189,T1,20260501_132342,4474,1.1,0,4.958,-64.5,-93.5,-29,119.33,112,4246,13365,10103,41172,1680,TRUE,1,3.858,0.3618544400886313,24.507142857142856,3262
2026-05-01T13:24:13.288,T1,20260501_132342,4475,1.1,0,3.386,-64.5,-92.5,-28,145.06,88,1933,12765,10575,30415,1445,TRUE,1,2.286,0.16563838903170522,21.048442906574394,2190
2026-05-01T13:24:13.638,T1,20260501_132342,4478,1.1,0,3.401,-64.1,-92.2,-28.1,147.14,88,3082,12948,10194,29563,1404,TRUE,1,2.3009999999999997,0.266355544,21.056267806267805,2754
2026-05-01T13:24:13.727,T1,20260501_132342,4479,1.1,0,3.522,-64.8,-92.6,-27.8,103.57,84,4908,8700,12466,28187,1404,TRUE,1,2.4219999999999997,0.4637626381933289,20.076210826210826,3766
2026-05-01T13:24:13.877,T1,20260501_132342,4480,1.1,0,4.048,-64.2,-92.3,-28.1,176.72,72,3411,12724,9429,28136,1374,TRUE,1,2.948,0.30794926195097727,20.477438136826784,3295
2026-05-01T13:24:13.937,T1,20260501_132342,4481,1.1,0,3.424,-64.4,-92.4,-28,150.98,88,4943,13286,8692,29736,1424,TRUE,1,2.324,0.44981344981344984,20.882022471910112,4594
2026-05-01T13:24:14.147,T1,20260501_132342,4483,1.1,0,4.221,-72.4,-94.7,-22.3,80.96,28,811,2267,2802,1420,409,TRUE,1,3.121,0.31998421779443675,3.471882640586797,535
2026-05-01T13:24:14.478,T1,20260501_132342,4486,1.1,0,4.217,-72.9,-94.9,-22,80.71,24,1162,1937,2678,1297,399,TRUE,1,3.1169999999999995,0.5035752979414951,3.2506265664160403,741
2026-05-01T13:24:14.597,T1,20260501_132342,4487,1.1,0,3.541,-64.3,-92.7,-28.4,113.46,100,2662,11346,12388,33574,1505,TRUE,1,2.441,0.2243195415859105,22.30830564784053,1042
2026-05-01T13:24:14.809,T1,20260501_132342,4489,1.1,0,3.344,-64.5,-92.5,-28,127.29,92,1274,11711,10027,26166,1338,TRUE,1,2.244,0.11721409513294691,19.556053811659194,1684
2026-05-01T13:24:14.929,T1,20260501_132342,4490,1.1,0,4.521,-64.5,-92.5,-28,91.95,100,3658,9195,12664,28015,1383,TRUE,1,3.421,0.3346905164920628,20.256688358640638,3469
2026-05-01T13:24:15.017,T1,20260501_132342,4491,1.1,0,3.532,-64.7,-92.3,-27.6,139.38,92,7077,12823,7901,28469,1406,TRUE,1,2.432,0.6829762594093804,20.248221906116644,4922
2026-05-01T13:24:15.379,T1,20260501_132342,4494,1.1,0,4.184,-74.5,-93.4,-18.9,128.75,20,1799,2575,1516,820,335,TRUE,1,3.084,0.8794915668540699,2.4477611940298507,1059
2026-05-01T13:24:15.469,T1,20260501_132342,4495,1.1,0,3.419,-64.5,-92,-27.5,89.92,108,4138,9711,12940,27205,1363,TRUE,1,2.319,0.3653701823319059,19.95964783565664,3229
2026-05-01T13:24:15.557,T1,20260501_132342,4496,1.1,0,3.415,-64.4,-91.9,-27.6,139.17,108,7736,15030,9837,36921,1582,TRUE,1,2.315,0.6221900510717014,23.33817951959545,5193
2026-05-01T13:24:15.919,T1,20260501_132342,4499,1.1,0,4.278,-65.2,-90.5,-25.4,145.39,100,6515,14539,12614,27359,1401,TRUE,1,3.1779999999999995,0.4798733104997606,19.52819414703783,1925
2026-05-01T13:24:16.033,T1,20260501_132342,4500,1.1,0,3.466,-65.3,-93.6,-28.3,57.55,104,9810,5985,9926,30470,1483,TRUE,1,2.366,1.233109169756772,20.546190155091033,3941
2026-05-01T13:24:16.097,T1,20260501_132342,4501,1.1,0,3.386,-65.8,-93.6,-27.8,73.69,84,7029,6190,9434,22716,1303,TRUE,1,2.286,0.8997695852534562,17.43361474,3244
2026-05-01T13:24:16.339,T1,20260501_132342,4503,1.1,0,3.893,-64.9,-92.8,-28,87.99,92,7055,8095,12381,30887,1474,TRUE,1,2.7929999999999997,0.6890994334831022,20.954545454545453,4286
2026-05-01T13:24:16.458,T1,20260501_132342,4504,1.1,0,3.457,-65,-92.4,-27.4,119.89,88,3983,10550,10598,24545,1317,TRUE,1,2.357,0.37667864573482124,18.63705391040243,48
2026-05-01T13:24:16.519,T1,20260501_132342,4505,1.1,0,3.518,-64.4,-89.7,-25.3,159.47,96,9472,15309,10026,24255,1285,TRUE,1,2.4179999999999997,0.7477402802447207,18.875486381322958,5283
2026-05-01T13:24:16.637,T1,20260501_132342,4506,1.1,0,3.405,-65,-90.7,-25.7,169.99,84,6072,14279,12012,26739,1379,TRUE,1,2.3049999999999997,0.46190711650374655,19.390137781000725,2267
2026-05-01T13:24:16.727,T1,20260501_132342,4507,1.1,0,3.532,-65.1,-91.6,-26.5,157.32,84,5032,13215,10144,25706,1354,TRUE,1,2.432,0.4308403613168372,18.98522895125554,3071
2026-05-01T13:24:17.327,T1,20260501_132342,4512,1.1,0,4.245,-68.9,-94.3,-25.4,117.44,52,1529,6107,5838,8991,912,TRUE,1,3.145,0.25600669736291337,9.858552631578947,269
2026-05-01T13:24:17.389,T1,20260501_132342,4513,1.1,0,3.654,-65.6,-92.6,-27,130.28,108,2965,14070,12567,37559,1666,TRUE,1,2.554,0.2226226677178361,22.544417767106843,1503
2026-05-01T13:24:17.509,T1,20260501_132342,4514,1.1,0,3.433,-65.4,-91.9,-26.4,148.64,96,3957,14269,11499,30967,1504,TRUE,1,2.3329999999999997,0.30712511642347096,20.58976063829787,2770
2026-05-01T13:24:17.599,T1,20260501_132342,4515,1.1,0,4.081,-65.9,-92.3,-26.4,155.07,96,6656,14887,9644,33783,1598,TRUE,1,2.9810000000000003,0.5426603073661898,21.140801001251564,5243
2026-05-01T13:24:17.928,T1,20260501_132342,4518,1.1,0,4.517,-68,-93,-25,116.04,56,1714,6498,8379,11173,988,TRUE,1,3.4170000000000003,0.23042280029575854,11.308704453441296,1881
2026-05-01T13:24:18.167,T1,20260501_132342,4520,1.1,0,3.56,-64.1,-92,-27.9,102.03,96,3629,9795,11350,23831,1261,TRUE,1,2.46,0.3432489950342871,18.898493259318002,1555
2026-05-01T13:24:26.327,T1,20260501_132342,4595,1.1,0,3.246,-65.1,-92.6,-27.6,147.59,92,5136,13578,9826,33279,1540,TRUE,1,2.146,0.43889933344727394,21.60974025974026,3752
2026-05-01T13:24:26.449,T1,20260501_132342,4596,1.1,0,3.644,-65.6,-94.6,-29,111.69,112,665,12509,9613,40858,1739,TRUE,1,2.544,0.060121146,23.495112133410007,2896
2026-05-01T13:24:26.567,T1,20260501_132342,4597,1.1,0,3.241,-64.7,-93.4,-28.7,55.58,88,8402,4891,10646,27224,1375,TRUE,1,2.141,1.081547274248568,19.799272727272726,5755
2026-05-01T13:24:26.806,T1,20260501_132342,4599,1.1,0,3.199,-65.9,-92.5,-26.6,144.08,88,6160,12679,8016,26031,1402,TRUE,1,2.099,0.5953128775066441,18.567047075606276,4663
2026-05-01T13:24:26.867,T1,20260501_132342,4600,1.1,0,3.335,-66,-91.8,-25.8,145.36,92,4138,13373,11270,27216,1437,TRUE,1,2.235,0.3358357342855983,18.93945720250522,2103
2026-05-01T13:24:26.957,T1,20260501_132342,4601,1.1,0,3.279,-64.7,-91,-26.3,100.09,116,10827,11611,14736,36042,1582,TRUE,1,2.179,0.8218772535772574,22.782553729456385,3125
2026-05-01T13:24:27.077,T1,20260501_132342,4602,1.1,0,3.874,-63.8,-90,-26.2,152.71,92,4649,14049,13820,26470,1315,TRUE,1,2.774,0.33363235135813984,20.129277566539923,229
2026-05-01T13:24:27.648,T1,20260501_132342,4607,1.1,0,3.335,-65.5,-91.3,-25.8,127.09,100,3081,12709,15384,31593,1524,TRUE,1,2.235,0.21934289680703378,20.730314960629922,2675
2026-05-01T13:24:27.857,T1,20260501_132342,4609,1.1,0,3.218,-65.4,-91.7,-26.2,139.69,88,6839,12293,8172,22395,1279,TRUE,1,2.118,0.6683606156853164,17.509773260359655,4121
2026-05-01T13:24:27.977,T1,20260501_132342,4610,1.1,0,4.54,-65.2,-91.4,-26.2,158.98,80,2303,12718,13108,27572,1408,TRUE,1,3.44,0.17834740184310385,19.582386363636363,390
2026-05-01T13:24:28.067,T1,20260501_132342,4611,1.1,0,3.297,-66.2,-92.1,-25.8,130.65,108,10247,14110,8527,32994,1595,TRUE,1,2.197,0.905331979,20.68589342,5583
2026-05-01T13:24:28.157,T1,20260501_132342,4612,1.1,0,3.419,-65.4,-92.8,-27.4,125.83,92,6508,11576,6886,24533,1336,TRUE,1,2.319,0.7050157079406348,18.36302395209581,4690
2026-05-01T13:24:28.277,T1,20260501_132342,4613,1.1,0,3.804,-65.7,-92.3,-26.6,134.03,108,9509,14475,8729,36263,1641,TRUE,1,2.7039999999999997,0.8196000689536287,22.09811090798294,5746
2026-05-01T13:24:28.367,T1,20260501_132342,4614,1.1,0,3.297,-64.8,-90.2,-25.5,150.77,92,2605,13871,13177,23657,1285,TRUE,1,2.197,0.19262052647145814,18.41011673151751,694
2026-05-01T13:24:28.487,T1,20260501_132342,4615,1.1,0,3.921,-64.6,-89,-24.3,190.1,88,10417,16729,13069,26844,1362,TRUE,1,2.8209999999999997,0.6991744412376669,19.709251101321588,3660
2026-05-01T13:24:28.606,T1,20260501_132342,4616,1.1,0,3.33,-65,-91.9,-26.9,121.17,96,4280,11632,11837,26773,1376,TRUE,1,2.23,0.36473646086326644,19.457122093023255,205
2026-05-01T13:24:29.538,T1,20260501_132342,4624,1.1,0,4.461,-65,-92.3,-27.3,141.33,84,2813,11872,9551,23945,1301,TRUE,1,3.361,0.2626149465527704,18.405073020753267,2321
2026-05-01T13:24:29.626,T1,20260501_132342,4625,1.1,0,3.433,-65,-92.4,-27.3,132.85,84,2541,11159,10577,24738,1326,TRUE,1,2.3329999999999997,0.23380566801619435,18.65610859728507,582
2026-05-01T13:24:29.717,T1,20260501_132342,4626,1.1,0,3.325,-69.2,-92.5,-23.3,112.11,100,1332,11211,10618,18807,1333,TRUE,1,2.225,0.12203948875349306,14.108777194298575,593
2026-05-01T13:24:29.927,T1,20260501_132342,4628,1.1,0,4.174,-69.1,-92.8,-23.7,120.3,44,476,5293,5566,5058,689,TRUE,1,3.0740000000000003,0.087669214,7.3410740203193035,273
2026-05-01T13:24:30.048,T1,20260501_132342,4629,1.1,0,3.396,-65.7,-92.5,-26.8,92.56,100,5499,9256,14212,32016,1542,TRUE,1,2.296,0.46863814555991135,20.762645914396888,4956
2026-05-01T13:25:04.006,T1,20260501_132503,4936,0.9,0,2.992,-63.7,-91.4,-27.7,90,116,11671,10440,11070,32958,1462,TRUE,1,2.092,1.0851696885169688,22.543091655266757,630
2026-05-01T13:25:04.128,T1,20260501_132503,4937,0.9,0,3.067,-64.5,-92.8,-28.4,107,112,10741,11984,7607,37465,1600,TRUE,1,2.1670000000000003,1.0965239140421623,23.415625,4377
2026-05-01T13:25:04.336,T1,20260501_132503,4939,0.9,0,4.306,-64.5,-91.3,-26.8,102.39,104,13793,10649,10175,33631,1517,TRUE,1,3.406,1.324721475220899,22.169413315754777,474
2026-05-01T13:25:04.817,T1,20260501_132503,4943,0.9,0,3.03,-63.9,-91.9,-28,103.89,100,10759,10389,8979,29897,1402,TRUE,1,2.13,1.1110078479966956,21.32453637660485,1410
2026-05-01T13:25:04.906,T1,20260501_132503,4944,0.9,0,3.091,-63.9,-92.3,-28.5,95.73,124,12578,11871,7674,39318,1606,TRUE,1,2.1910000000000003,1.287081094909184,24.48194271481943,4197
2026-05-01T13:25:05.236,T1,20260501_132503,4947,0.9,0,3.973,-65,-91,-26,89.3,128,15768,11430,11017,37213,1625,TRUE,1,3.073,1.4049093420056131,22.900307692307692,413
2026-05-01T13:25:05.357,T1,20260501_132503,4948,0.9,0,3.358,-64.3,-91.6,-27.3,84.19,124,14358,10439,10681,38365,1607,TRUE,1,2.458,1.3596590909090909,23.873677660236467,242
2026-05-01T13:25:05.567,T1,20260501_132503,4950,0.9,0,3.049,-63.8,-92.6,-28.8,109.86,100,10812,10986,6396,32476,1457,TRUE,1,2.149,1.2440455643769417,22.289636238846946,4590
2026-05-01T13:25:06.166,T1,20260501_132503,4955,0.9,0,4.381,-64.5,-92.1,-27.6,107.28,116,11098,12445,9073,35476,1559,TRUE,1,3.4810000000000003,1.0315085045078538,22.755612572161642,3372
2026-05-01T13:25:06.348,T1,20260501_132503,4957,0.9,0,4.043,-76.4,-95.4,-19,69.95,20,1368,1399,1047,463,269,TRUE,1,3.143,1.1185609157808667,1.721189591078067,352
2026-05-01T13:25:14.897,T1,20260501_132503,5035,0.9,0,4.188,-63.4,-91.1,-27.7,79.81,120,13728,9577,7282,28220,1336,TRUE,1,3.288,1.628566344385788,21.122754491017965,2295
2026-05-01T13:25:14.986,T1,20260501_132503,5036,0.9,0,3.03,-62.6,-90.7,-28.1,100.46,96,12627,9644,8980,27437,1283,TRUE,1,2.13,1.355992268041237,21.385035074045206,664
2026-05-01T13:25:15.196,T1,20260501_132503,5038,0.9,0,2.992,-64.1,-92.6,-28.5,73.18,136,12395,9953,10966,42727,1685,TRUE,1,2.092,1.1850470863808023,25.35727002967359,1013
2026-05-01T13:25:15.465,T1,20260501_132503,5040,0.9,0,2.96,-64.1,-93.3,-29.2,82.5,120,10730,9900,10429,43266,1695,TRUE,1,2.06,1.0556348074179742,25.525663716814158,529
2026-05-01T13:25:15.526,T1,20260501_132503,5041,0.9,0,3.874,-66.5,-92.9,-26.4,100.42,60,6340,6025,4321,9971,885,TRUE,1,2.974,1.2255944326309685,11.266666666666667,1704
2026-05-01T13:25:15.975,T1,20260501_132503,5045,0.9,0,3.011,-63.5,-91.4,-27.9,88.65,128,12891,11347,11336,38122,1561,TRUE,1,2.111,1.136622139928581,24.42152466367713,11
2026-05-01T13:25:16.188,T1,20260501_132503,5047,0.9,0,3.696,-82.3,-95,-12.7,54.81,16,1424,877,882,201,217,TRUE,1,2.7960000000000003,1.6191017623649802,0.9262672811059908,5
2026-05-01T13:25:16.308,T1,20260501_132503,5048,0.9,0,3.114,-63.7,-91.1,-27.4,92.76,108,15028,10018,10836,36939,1546,TRUE,1,2.214,1.441258272,23.89327296248383,818
2026-05-01T13:25:16.396,T1,20260501_132503,5049,0.9,0,3.94,-68.6,-92.1,-23.5,84.5,40,5423,3380,3419,3952,600,TRUE,1,3.04,1.5952345933225474,6.586666666666667,39
2026-05-01T13:25:17.086,T1,20260501_132503,5055,0.9,0,2.917,-71.4,-95.7,-24.3,95.97,36,3856,3455,2196,4453,700,TRUE,1,2.017,1.3647142098743585,6.361428571428571,1259
2026-05-01T13:25:17.207,T1,20260501_132503,5056,0.9,0,3.973,-64.2,-92.8,-28.6,118.41,92,9614,10894,6885,30611,1433,TRUE,1,3.073,1.0815006468305304,21.361479413817168,4009
2026-05-01T13:25:17.370,T1,20260501_132503,5057,0.9,0,2.931,-64.4,-91.9,-27.4,95.6,108,11081,10325,9559,30435,1441,TRUE,1,2.031,1.1145644739489036,21.120749479528104,766
2026-05-01T13:25:17.416,T1,20260501_132503,5058,0.9,0,4.324,-63.9,-91.3,-27.4,105.68,96,12938,10145,10593,32776,1468,TRUE,1,3.424,1.2477577394155657,22.326975476839237,448
2026-05-01T13:25:17.746,T1,20260501_132503,5061,0.9,0,3.1,-63.8,-92.9,-29.1,96.63,112,10484,10823,7262,35105,1513,TRUE,1,2.2,1.159413879,23.202247191011235,3561
2026-05-01T13:25:17.837,T1,20260501_132503,5062,0.9,0,3.091,-63.4,-92.9,-29.6,95.1,100,9571,9510,7935,31988,1423,TRUE,1,2.1910000000000003,1.0972771567784465,22.479269149683766,1575
2026-05-01T13:25:18.166,T1,20260501_132503,5065,0.9,0,3.119,-62.9,-92.9,-30.1,75.6,112,10709,8467,5289,28790,1327,TRUE,1,2.2190000000000003,1.5569933120093051,21.695553880934437,3178
2026-05-01T13:25:18.646,T1,20260501_132503,5069,0.9,0,4.034,-64.2,-92.4,-28.2,115.83,84,9310,9730,9356,29261,1399,TRUE,1,3.134,0.9755841978413496,20.915654038598998,374
2026-05-01T13:25:18.736,T1,20260501_132503,5070,0.9,0,3.077,-63.9,-92,-28.1,67.06,124,13645,8316,11436,39263,1605,TRUE,1,2.177,1.3816322397731875,24.462928348909657,3120
2026-05-01T13:25:18.857,T1,20260501_132503,5071,0.9,0,3.039,-62.7,-93.8,-31,90.85,88,6972,7995,5687,23863,1203,TRUE,1,2.139,1.019149247186084,19.836242726517042,2308
2026-05-01T13:25:19.035,T1,20260501_132503,5073,0.9,0,3.799,-72,-94.8,-22.8,39.22,32,2705,1255,1651,1279,384,TRUE,1,2.899,1.8616655196145906,3.3307291666666665,396
2026-05-01T13:25:19.156,T1,20260501_132503,5074,0.9,0,4.493,-63.3,-91.6,-28.2,58.1,136,12505,7902,4583,22859,1202,TRUE,1,3.5930000000000004,2.003203844613536,19.01747088186356,3319
2026-05-01T13:25:19.247,T1,20260501_132503,5075,0.9,0,3.171,-63.8,-90.9,-27.1,134.03,96,9800,12867,11364,30623,1413,TRUE,1,2.271,0.8088811852585531,21.67232837933475,1503
2026-05-01T13:25:19.336,T1,20260501_132503,5076,0.9,0,3.307,-61.9,-86.9,-25,78.14,124,17414,9689,6872,19055,1045,TRUE,1,2.407,2.103013103073486,18.23444976076555,2817
2026-05-01T13:25:19.697,T1,20260501_132503,5079,0.9,0,3.626,-65,-92.8,-27.8,141.77,80,6219,11342,7203,24576,1320,TRUE,1,2.726,0.6706929091399298,18.618181818181817,4139
2026-05-01T13:25:19.785,T1,20260501_132503,5080,0.9,0,3.18,-64.4,-92.2,-27.8,123.98,88,9235,10910,10935,33049,1499,TRUE,1,2.28,0.8455024032959487,22.04736490993996,25
2026-05-01T13:25:19.996,T1,20260501_132503,5082,0.9,0,3.368,-63.1,-88.9,-25.8,108.97,88,17342,9589,9769,25622,1262,TRUE,1,2.468,1.791714020043393,20.30269414,180
2026-05-01T13:25:20.236,T1,20260501_132503,5084,0.9,0,3.035,-63.7,-92.6,-28.8,59.57,112,11270,6672,7254,26034,1301,TRUE,1,2.135,1.618555220450955,20.01076095311299,582
2026-05-01T13:25:20.327,T1,20260501_132503,5085,0.9,0,3.734,-63.4,-90.7,-27.3,101.49,104,14916,10555,8004,31094,1405,TRUE,1,2.834,1.607414192575031,22.130960854092528,2551
2026-05-01T13:25:20.656,T1,20260501_132503,5088,0.9,0,3.171,-64.5,-94.2,-29.7,80.81,100,7631,8081,7947,29838,1428,TRUE,1,2.271,0.9522086348889444,20.894957983193276,134
2026-05-01T13:25:21.106,T1,20260501_132503,5091,0.9,0,4.057,-64.6,-92.8,-28.2,110.02,84,10757,9242,8315,31250,1466,TRUE,1,3.1570000000000005,1.225380190237512,21.31650750341064,927
2026-05-01T13:25:21.225,T1,20260501_132503,5093,0.9,0,3.846,-63.5,-94.9,-31.4,88.08,92,803,8103,9504,32053,1432,TRUE,1,2.946,0.091213722,22.383379888268156,1401
2026-05-01T13:25:21.348,T1,20260501_132503,5094,0.9,0,3.696,-62.7,-94.2,-31.5,60.32,120,8854,7238,5073,28761,1319,TRUE,1,2.7960000000000003,1.438388433108602,21.805155420773314,2165
2026-05-01T13:25:21.556,T1,20260501_132503,5096,0.9,0,3.579,-62.8,-92.2,-29.3,81.1,124,13094,10056,6920,36294,1488,TRUE,1,2.6790000000000003,1.5426484448633364,24.391129032258064,3136
2026-05-01T13:25:21.885,T1,20260501_132503,5099,0.9,0,3.157,-71.8,-90.8,-19.1,103.17,112,17480,11555,11345,25532,1699,TRUE,1,2.257,1.526637554585153,15.027663331371395,210
2026-05-01T13:25:22.010,T1,20260501_132503,5100,0.9,0,3.18,-63.9,-92.7,-28.8,85.61,96,10504,8219,5543,24796,1275,TRUE,1,2.28,1.5265223078040981,19.447843137254903,2676
2026-05-01T13:25:22.578,T1,20260501_132503,5105,0.9,0,3.236,-63.3,-90.3,-27,81.61,124,14104,10120,6865,24932,1252,TRUE,1,2.3360000000000003,1.660759493670886,19.91373801916933,3255
2026-05-01T13:25:22.696,T1,20260501_132503,5106,0.9,0,3.143,-63.6,-90.2,-26.6,97.12,104,13821,10101,7967,24260,1250,TRUE,1,2.243,1.5298870932034536,19.408,2134
2026-05-01T13:25:22.815,T1,20260501_132503,5107,0.9,0,4.062,-69.1,-90.3,-21.2,95.81,48,7219,4599,3164,3969,611,TRUE,1,3.1620000000000004,1.8598479969084116,6.495908346972176,1435
2026-05-01T13:25:22.875,T1,20260501_132503,5108,0.9,0,3.748,-63.7,-90.9,-27.2,70.31,120,13978,8437,6600,24682,1265,TRUE,1,2.8480000000000003,1.8591474363237348,19.511462450592884,1837
2026-05-01T13:25:22.967,T1,20260501_132503,5109,0.9,0,3.931,-63.7,-92.9,-29.2,74.96,112,8860,8395,5377,22396,1204,TRUE,1,3.031,1.2866686029625327,18.601328903654483,3018
2026-05-01T13:25:23.115,T1,20260501_132503,5110,0.9,0,3.128,-62.4,-91.7,-29.3,80.42,108,12038,8685,5228,26160,1246,TRUE,1,2.228,1.7304679077122116,20.995184590690208,3457
2026-05-01T13:25:23.205,T1,20260501_132503,5111,0.9,0,3.644,-62.7,-91,-28.4,111.58,92,11576,10265,7497,26082,1255,TRUE,1,2.744,1.3034568179259092,20.78247011952191,2768
2026-05-01T13:25:23.296,T1,20260501_132503,5112,0.9,0,3.096,-64.7,-91.9,-27.2,59.48,112,12988,6662,8240,26401,1352,TRUE,1,2.196,1.743121729,19.527366863905325,1578
2026-05-01T13:25:23.776,T1,20260501_132503,5116,0.9,0,3.893,-63.2,-88.8,-25.6,151.27,84,16434,12707,10349,27704,1317,TRUE,1,2.993,1.4255725190839694,21.03568716780562,2358
2026-05-01T13:25:23.867,T1,20260501_132503,5117,0.9,0,3.269,-63.6,-92.3,-28.7,108.83,104,9260,11318,9146,33059,1460,TRUE,1,2.369,0.9050039093041439,22.643150684931506,2172
2026-05-01T13:25:23.956,T1,20260501_132503,5118,0.9,0,4.043,-85.4,-98.5,-13.1,46.56,16,634,745,567,130,194,TRUE,1,3.143,0.9664634146341463,0.6701030927835051,178
2026-05-01T13:25:24.405,T1,20260501_132503,5122,0.9,0,3.246,-64,-91.8,-27.8,97.47,116,14024,11306,9451,39916,1627,TRUE,1,2.346,1.3512549983138218,24.533497234173325,1855
2026-05-01T13:25:24.557,T1,20260501_132503,5123,0.9,0,3.147,-63.3,-91,-27.7,103.48,92,12309,9520,9899,28637,1342,TRUE,1,2.247,1.2677274833925536,21.339046199701937,379
2026-05-01T13:25:25.096,T1,20260501_132503,5128,0.9,0,4.095,-66.1,-91.7,-25.6,98.32,60,8264,5899,5590,10866,912,TRUE,1,3.195,1.4385934372008007,11.914473684210526,309
2026-05-01T13:25:25.259,T1,20260501_132503,5129,0.9,0,4.362,-66.3,-92.6,-26.3,96.35,48,5751,4625,3126,6302,699,TRUE,1,3.462,1.4839375564443298,9.015736766809729,1499
2026-05-01T13:25:25.546,T1,20260501_132503,5132,0.9,0,3.799,-62.2,-91.5,-29.3,77.27,100,11159,7727,5104,21217,1112,TRUE,1,2.899,1.7393811861896968,19.080035971223023,2623
2026-05-01T13:25:25.965,T1,20260501_132503,5135,0.9,0,3.288,-62.7,-91.7,-28.9,96.97,100,11019,9697,8347,28908,1323,TRUE,1,2.388,1.221347816448681,21.85034013605442,1350
2026-05-01T13:25:26.326,T1,20260501_132503,5139,0.9,0,3.311,-62,-89.3,-27.3,89.73,88,13889,7896,7220,18957,1045,TRUE,1,2.411,1.8376554644085736,18.14066985645933,676
2026-05-01T13:25:26.688,T1,20260501_132503,5142,0.9,0,3.293,-63,-90.8,-27.8,88.78,120,14242,10653,10193,34347,1457,TRUE,1,2.393,1.3664012280533435,23.573781743308167,460
2026-05-01T13:25:27.015,T1,20260501_132503,5145,0.9,0,4.353,-63.9,-92.8,-28.9,93.53,96,8007,8979,10074,30068,1406,TRUE,1,3.453,0.8404975594394584,21.385490753911807,1095
2026-05-01T13:25:27.227,T1,20260501_132503,5147,0.9,0,4.043,-89.9,-100.4,-10.5,60.5,8,364,484,353,42,150,TRUE,1,3.143,0.8697729988052568,0.28,131
2026-05-01T13:25:27.466,T1,20260501_132503,5149,0.9,0,4.132,-88.9,-99.7,-10.9,46.25,12,467,555,376,62,162,TRUE,1,3.232,1.0032223415682062,0.38271604938271603,179
2026-05-01T13:25:27.678,T1,20260501_132503,5151,0.9,0,4.179,-64.2,-92.7,-28.4,116.15,92,9414,10686,7418,29724,1414,TRUE,1,3.2790000000000004,1.0399911621741051,21.02121640735502,3268
2026-05-01T13:25:27.766,T1,20260501_132503,5152,0.9,0,3.279,-64.4,-92.2,-27.8,85.41,120,10393,10249,9699,31464,1463,TRUE,1,2.379,1.0420092239823542,21.506493506493506,550
2026-05-01T13:25:27.885,T1,20260501_132503,5153,0.9,0,3.204,-64.3,-92.7,-28.4,84.28,112,10534,9439,8149,31070,1451,TRUE,1,2.3040000000000003,1.1978621787582442,21.412818745692626,1290
2026-05-01T13:25:27.976,T1,20260501_132503,5154,0.9,0,3.166,-63.7,-91.9,-28.3,90.84,116,12539,10537,9219,35961,1524,TRUE,1,2.266,1.2693865154889654,23.596456692913385,1318
2026-05-01T13:25:28.307,T1,20260501_132503,5157,0.9,0,4.024,-75.6,-96.3,-20.7,76.8,20,1146,1536,1015,571,290,TRUE,1,3.124,0.8984711877695022,1.9689655172413794,521
2026-05-01T13:25:28.426,T1,20260501_132503,5158,0.9,0,3.161,-63.6,-92.3,-28.7,88.59,104,12195,9213,10073,37320,1552,TRUE,1,2.261,1.2646479311417609,24.04639175257732,860
2026-05-01T13:25:28.546,T1,20260501_132503,5159,0.9,0,3.218,-62.5,-91.4,-28.9,81.45,124,12727,10100,8754,33020,1403,TRUE,1,2.318,1.3500583430571762,23.53528153955809,1346
2026-05-01T13:25:28.636,T1,20260501_132503,5160,0.9,0,3.794,-63.1,-93.3,-30.2,65.29,128,10393,8357,5112,29597,1355,TRUE,1,2.894,1.5432474571237658,21.842804428044282,3245
2026-05-01T13:25:28.727,T1,20260501_132503,5161,0.9,0,4.446,-63.3,-94.6,-31.3,88.22,96,4082,8469,7160,26567,1293,TRUE,1,3.546,0.5223622752575341,20.546790409899458,1309
2026-05-01T13:25:28.817,T1,20260501_132503,5162,0.9,0,3.644,-62.5,-89.9,-27.4,97.55,132,16408,12877,10352,37057,1485,TRUE,1,2.744,1.4127168625425115,24.954208754208754,2525
2026-05-01T13:25:28.937,T1,20260501_132503,5163,0.9,0,3.79,-63.2,-93.4,-30.1,94.9,104,8432,9870,6165,30063,1373,TRUE,1,2.89,1.0516994075459931,21.895848506919155,3705
2026-05-01T13:25:29.026,T1,20260501_132503,5164,0.9,0,3.236,-64.2,-91.8,-27.6,87.85,124,14870,10894,9157,40326,1645,TRUE,1,2.3360000000000003,1.4832177946237095,24.514285714285716,1737
2026-05-01T13:25:29.838,T1,20260501_132503,5171,0.9,0,4.409,-100.1,-96.8,3.3,56.38,8,467,451,365,2,106,FALSE,1,3.509,1.1446078431372548,0.018867924528301886,86
2026-05-01T13:25:30.105,T1,20260501_132503,5173,0.9,0,3.171,-63.7,-94.2,-30.6,82.9,100,9976,8290,6214,35635,1518,TRUE,1,2.271,1.3756205184776613,23.474967061923582,2076
2026-05-01T13:25:30.165,T1,20260501_132503,5174,0.9,0,3.879,-61.5,-89.4,-27.8,91.1,100,17258,9110,6096,27318,1235,TRUE,1,2.979,2.2698934631066683,22.119838056680162,3014
2026-05-01T13:25:30.286,T1,20260501_132503,5175,0.9,0,3.072,-62.8,-93.5,-30.7,32.17,128,11561,4118,4354,26281,1264,TRUE,1,2.172,2.729225684608121,20.791930379746834,236
2026-05-01T13:25:30.378,T1,20260501_132503,5176,0.9,0,3.701,-63.5,-95.6,-32.1,65.43,104,6424,6805,6464,30936,1406,TRUE,1,2.801,0.9682719119752807,22.002844950213372,341
2026-05-01T13:25:30.585,T1,20260501_132503,5178,0.9,0,3.63,-64.2,-95.2,-31,102.88,88,1995,9053,7012,28207,1375,TRUE,1,2.73,0.24836601307189543,20.514181818181818,2041
2026-05-01T13:25:30.707,T1,20260501_132503,5179,0.9,0,3.443,-64.1,-94.1,-30,108.43,92,5171,9976,6243,26721,1332,TRUE,1,2.543,0.6376472038966644,20.06081081081081,3733
2026-05-01T13:25:30.827,T1,20260501_132503,5180,0.9,0,4.564,-62.9,-97.9,-34.9,43.8,148,3480,6482,4906,32609,1416,TRUE,1,3.664,0.6111696522655427,23.028954802259886,1576
2026-05-01T13:25:30.886,T1,20260501_132503,5181,0.9,0,4.156,-94.6,-97.2,-2.6,46.38,8,704,371,290,10,126,FALSE,1,3.256,2.130105900151286,0.079365079,81
2026-05-01T13:25:30.976,T1,20260501_132503,5182,0.9,0,3.508,-61.5,-87.1,-25.6,131.62,108,19151,14215,10304,30146,1296,TRUE,1,2.608,1.5621354867653656,23.260802469135804,3911
2026-05-01T13:25:31.155,T1,20260501_132503,5183,0.9,0,3.673,-60,-83.3,-23.4,144.89,100,17117,14489,9184,22522,1062,TRUE,1,2.773,1.446120052380349,21.207156308851225,5305
2026-05-01T13:25:31.186,T1,20260501_132503,5184,0.9,0,3.565,-61.4,-89.8,-28.4,106.82,120,12059,12818,10230,30372,1296,TRUE,1,2.665,1.0464248524817772,23.435185185185187,2588
2026-05-01T13:25:31.336,T1,20260501_132503,5185,0.9,0,3.916,-62.4,-91.5,-29.1,104.99,116,8588,12179,11487,35240,1446,TRUE,1,3.016,0.7257669230119158,24.37067773167358,692
2026-05-01T13:25:31.517,T1,20260501_132503,5187,0.9,0,4.296,-65.6,-92.2,-26.5,108.44,68,7313,7374,6843,14508,1037,TRUE,1,3.3960000000000004,1.0287683758880213,13.990356798457087,531
2026-05-01T13:25:31.605,T1,20260501_132503,5188,0.9,0,3.26,-63,-92.2,-29.2,84.64,124,9840,10495,8658,31912,1404,TRUE,1,2.36,1.0275152717589933,22.729344729344728,1837
2026-05-01T13:25:31.726,T1,20260501_132503,5189,0.9,0,3.597,-62.8,-88,-25.2,153.82,124,8590,19074,18782,34450,1450,TRUE,1,2.697,0.45382502113271345,23.75862068965517,292
2026-05-01T13:25:31.817,T1,20260501_132503,5190,0.9,0,3.34,-63.1,-89.9,-26.8,67.93,132,14923,8967,7036,23265,1203,TRUE,1,2.44,1.865025307754796,19.33915211970075,1931
2026-05-01T13:25:31.908,T1,20260501_132503,5191,0.9,0,3.199,-64.5,-94,-29.5,67.97,120,10108,8156,7745,35432,1560,TRUE,1,2.299,1.2713665807181938,22.712820512820514,411
2026-05-01T13:25:32.027,T1,20260501_132503,5192,0.9,0,3.809,-62.5,-93.7,-31.2,44.05,148,9258,6519,4793,24920,1221,TRUE,1,2.9090000000000003,1.636845827439887,20.40950040950041,1726
2026-05-01T13:25:32.115,T1,20260501_132503,5193,0.9,0,4.17,-72.6,-91.9,-19.2,72,32,4243,2304,1883,1442,416,TRUE,1,3.27,2.0267494626224027,3.4663461538461537,421
2026-05-01T13:25:32.326,T1,20260501_132503,5195,0.9,0,4.521,-68.6,-93.5,-24.9,101.45,60,4326,6087,3881,7310,814,TRUE,1,3.621,0.8679775280898876,8.98034398,2206
2026-05-01T13:25:32.806,T1,20260501_132503,5199,0.9,0,3.321,-63.9,-91,-27.1,89.36,124,13917,11081,10608,34214,1499,TRUE,1,2.4210000000000003,1.2833233436304117,22.824549699799867,473
2026-05-01T13:25:32.896,T1,20260501_132503,5200,0.9,0,3.443,-64.2,-94.4,-30.3,87.05,96,5355,8357,6491,24379,1277,TRUE,1,2.543,0.7213092672413793,19.090837901331245,1866
2026-05-01T13:25:32.986,T1,20260501_132503,5201,0.9,0,4.545,-67.7,-93.4,-25.7,76.33,52,3742,3969,4260,5174,665,TRUE,1,3.645,0.9094665208409284,7.780451127819549,291
2026-05-01T13:25:33.226,T1,20260501_132503,5203,0.9,0,4.249,-66.8,-92.1,-25.3,112.25,48,5982,5388,3768,6676,733,TRUE,1,3.349,1.306684141546527,9.107776261937245,1620
2026-05-01T13:25:33.315,T1,20260501_132503,5204,0.9,0,3.635,-64.5,-93.3,-28.9,105.7,104,8956,10993,7494,34166,1528,TRUE,1,2.735,0.968897063,22.35994764397906,3499
2026-05-01T13:25:33.436,T1,20260501_132503,5205,0.9,0,4.367,-62.8,-93,-30.1,91.11,100,8244,9111,7990,29167,1334,TRUE,1,3.467,0.9641541430325712,21.864317841079462,1121
2026-05-01T13:25:33.646,T1,20260501_132503,5207,0.9,0,4.015,-63.2,-91.8,-28.5,87.98,100,12548,8798,7206,28800,1343,TRUE,1,3.115,1.5681079730067484,21.44452717795979,1592
2026-05-01T13:25:33.736,T1,20260501_132503,5208,0.9,0,3.335,-63.7,-91.9,-28.2,89.59,116,12043,10393,7140,30415,1402,TRUE,1,2.435,1.3737523527063251,21.69400855920114,3253
2026-05-01T13:25:33.856,T1,20260501_132503,5209,0.9,0,3.297,-63.7,-91.7,-28,83.78,116,13795,9718,10590,38105,1571,TRUE,1,2.397,1.3585779003348435,24.255251432208784,872
2026-05-01T13:25:34.067,T1,20260501_132503,5211,0.9,0,4.198,-67.1,-93.5,-26.3,113.87,60,6068,6832,4744,12020,993,TRUE,1,3.2980000000000005,1.0483759502418797,12.104733131923464,2088
2026-05-01T13:25:34.186,T1,20260501_132503,5212,0.9,0,4.184,-63.5,-92.7,-29.2,112.56,96,9383,10806,6816,30730,1400,TRUE,1,3.2840000000000003,1.0649188514357053,21.95,3990
2026-05-01T13:25:34.275,T1,20260501_132503,5213,0.9,0,3.325,-62.8,-92.4,-29.6,120.67,84,7961,10136,8579,28602,1319,TRUE,1,2.4250000000000003,0.8507614213197969,21.684609552691434,1557
2026-05-01T13:25:34.365,T1,20260501_132503,5214,0.9,0,4.4,-63.6,-92.9,-29.3,116.52,88,7485,10254,8040,28728,1359,TRUE,1,3.5000000000000004,0.8183010823220728,21.13907284768212,2214
2026-05-01T13:25:34.486,T1,20260501_132503,5215,0.9,0,3.597,-63.2,-93.3,-30.1,117.11,84,6126,9837,7390,27052,1301,TRUE,1,2.697,0.7112091484297904,20.79323597232898,2447
2026-05-01T13:25:34.816,T1,20260501_132503,5218,0.9,0,3.316,-63.4,-93.2,-29.8,96.42,96,9473,9256,5569,28454,1346,TRUE,1,2.416,1.2779763912310287,21.13967310549777,3687
2026-05-01T13:25:35.055,T1,20260501_132503,5220,0.9,0,3.405,-63.3,-92.6,-29.3,92.23,92,9624,8485,5705,24114,1233,TRUE,1,2.505,1.3564482029598308,19.557177615571778,2780
2026-05-01T13:25:35.115,T1,20260501_132503,5221,0.9,0,3.476,-63,-92.5,-29.4,94.2,96,10592,9043,6025,27609,1307,TRUE,1,2.576,1.4058932837801965,21.123947972456005,3018
2026-05-01T13:25:35.236,T1,20260501_132503,5222,0.9,0,3.396,-63.2,-91.3,-28.1,86.07,120,13514,10329,7855,31647,1406,TRUE,1,2.496,1.4863616366036076,22.508534850640114,2474
2026-05-01T13:25:35.325,T1,20260501_132503,5223,0.9,0,3.49,-63.4,-91,-27.6,117.41,104,15436,12211,10553,41645,1623,TRUE,1,2.5900000000000003,1.3561764189070462,25.659272951324706,1658
2026-05-01T13:25:44.386,T1,20260501_132503,5305,0.9,0,3.738,-64,-91.4,-27.5,121.9,100,7347,12190,12553,31785,1448,TRUE,1,2.838,0.5938649314957766,21.950966850828728,363
2026-05-01T13:25:44.476,T1,20260501_132503,5306,0.9,0,3.307,-63.7,-88.8,-25.1,137.3,124,14335,17025,14935,35497,1519,TRUE,1,2.407,0.8970588235294118,23.368663594470046,2090
2026-05-01T13:25:44.565,T1,20260501_132503,5307,0.9,0,3.33,-63.5,-88.5,-25,150.81,112,17022,16891,12293,33922,1473,TRUE,1,2.43,1.166529605263158,23.029192124915138,4598
2026-05-01T13:25:44.716,T1,20260501_132503,5308,0.9,0,4.132,-64.5,-88.5,-24.1,160.61,92,18318,14776,12589,31146,1458,TRUE,1,3.232,1.3387904257262928,21.362139917695472,2187
2026-05-01T13:25:44.776,T1,20260501_132503,5309,0.9,0,3.879,-63,-86.2,-23.2,172.73,96,12904,16582,13415,23523,1205,TRUE,1,2.979,0.8603527019368603,19.521161825726143,3167
2026-05-01T13:25:44.986,T1,20260501_132503,5311,0.9,0,4.16,-63.2,-89.4,-26.2,96.8,112,16771,10842,6759,25989,1276,TRUE,1,3.26,1.9056871768649508,20.36755485893417,4083
2026-05-01T13:25:45.107,T1,20260501_132503,5312,0.9,0,3.541,-63,-88.8,-25.8,129.74,120,19403,15569,9764,36533,1500,TRUE,1,2.641,1.5318359452098054,24.355333333333334,5805
2026-05-01T13:25:45.226,T1,20260501_132503,5313,0.9,0,3.912,-62.6,-88.2,-25.6,156.61,92,16778,14408,8981,26438,1262,TRUE,1,3.012,1.434691521655479,20.949286846275754,5427
2026-05-01T13:25:45.406,T1,20260501_132503,5315,0.9,0,3.316,-64.3,-90.5,-26.2,129.15,124,14706,16015,9897,39772,1639,TRUE,1,2.416,1.1350725532571782,24.26601586,6118
2026-05-01T13:25:46.006,T1,20260501_132503,5320,0.9,0,3.236,-64,-94.3,-30.3,60.1,116,6463,6972,4207,18390,1104,TRUE,1,2.3360000000000003,1.156275158779855,16.657608695652176,2765
2026-05-01T13:25:46.096,T1,20260501_132503,5321,0.9,0,4.193,-67,-92.5,-25.5,52.08,88,7467,4583,3362,8088,810,TRUE,1,3.2929999999999997,1.8796727501573316,9.985185185185186,1221
2026-05-01T13:25:46.456,T1,20260501_132503,5324,0.9,0,3.447,-62.7,-86.9,-24.1,92.38,128,18736,11824,8770,22922,1179,TRUE,1,2.547,1.8195590948820044,19.441899915182358,3054
2026-05-01T13:25:46.546,T1,20260501_132503,5325,0.9,0,4.188,-64.8,-88.8,-24,93.91,116,16209,10894,7548,19892,1179,TRUE,1,3.288,1.7578353757726928,16.87192536047498,3346
2026-05-01T13:25:46.636,T1,20260501_132503,5326,0.9,0,5.206,-62.2,-82.7,-20.5,208.57,80,49,16686,16938,17784,1019,TRUE,1,4.306,0.002914585,17.452404317958784,252
2026-05-01T13:25:46.726,T1,20260501_132503,5327,0.9,0,4.01,-62.2,-82.5,-20.3,174.4,96,55,16742,15851,16492,980,TRUE,1,3.11,0.003374958,16.82857142857143,891
2026-05-01T13:25:46.996,T1,20260501_132503,5329,0.9,0,4.475,-61.8,-88.7,-26.9,108.25,76,14024,8227,5170,16066,957,TRUE,1,3.5749999999999997,2.093603045457938,16.78787878787879,3057
2026-05-01T13:25:47.055,T1,20260501_132503,5330,0.9,0,3.766,-61.9,-82.4,-20.6,220.35,80,70,17628,17339,19301,1050,TRUE,1,2.866,0.004003775,18.38190476190476,289
2026-05-01T13:25:48.106,T1,20260501_132503,5339,0.9,0,3.743,-63.5,-88.3,-24.8,81.95,144,18636,11801,9010,25194,1271,TRUE,1,2.843,1.7909759261928788,19.822187254130604,2791
2026-05-01T13:25:48.228,T1,20260501_132503,5340,0.9,0,4.029,-63.3,-88.1,-24.8,134.38,112,19879,15051,10426,31562,1412,TRUE,1,3.129,1.560544805118342,22.35269121813031,4625
2026-05-01T13:25:48.317,T1,20260501_132503,5341,0.9,0,3.757,-61.9,-81.6,-19.7,215.71,84,107,18120,16022,17439,998,TRUE,1,2.857,0.00626794,17.473947895791582,2098
2026-05-01T13:25:48.526,T1,20260501_132503,5343,0.9,0,3.325,-63.5,-89.8,-26.3,99.76,128,16153,12769,9435,32115,1431,TRUE,1,2.4250000000000003,1.454963069717168,22.442348008385743,3334
2026-05-01T13:25:48.615,T1,20260501_132503,5344,0.9,0,4.071,-68.5,-91.8,-23.4,82.93,56,6039,4644,3071,4804,658,TRUE,1,3.171,1.5655217109526895,7.300911854103344,1573
2026-05-01T13:25:48.735,T1,20260501_132503,5345,0.9,0,3.232,-63.2,-89.2,-25.9,127.2,100,17706,12720,10310,32022,1417,TRUE,1,2.3320000000000003,1.5376465479808945,22.598447424135497,2410
2026-05-01T13:25:56.986,T1,20260501_132503,5421,0.9,0,3.152,-63.3,-93.4,-30.1,87.2,108,9977,9418,7565,35485,1496,TRUE,1,2.252,1.1749396455278809,23.719919786096256,1853
2026-05-01T13:25:57.316,T1,20260501_132503,5424,0.9,0,3.161,-62.8,-92.6,-29.7,80.09,128,9138,10251,7352,30321,1361,TRUE,1,2.261,1.038232119525081,22.278471711976486,2899
2026-05-01T13:25:57.796,T1,20260501_132503,5428,0.9,0,4.09,-63.3,-91.2,-27.9,97.2,108,13384,10498,10527,34986,1485,TRUE,1,3.19,1.2731510107015458,23.55959595959596,29
2026-05-01T13:25:58.336,T1,20260501_132503,5433,0.9,0,3.114,-63.7,-92.4,-28.7,104.94,104,11501,10914,8399,36060,1529,TRUE,1,2.214,1.1910112359550562,23.584041857423152,2515
2026-05-01T13:25:58.665,T1,20260501_132503,5436,0.9,0,3.447,-62.9,-92.7,-29.8,80.47,112,9568,9013,8444,31140,1382,TRUE,1,2.547,1.0961791831357048,22.53256150506512,569
2026-05-01T13:25:59.055,T1,20260501_132503,5439,0.9,0,4.071,-62.8,-91.9,-29.1,86.85,116,10995,10075,9123,32555,1410,TRUE,1,3.171,1.1454318158141472,23.088652482269502,952
2026-05-01T13:25:59.177,T1,20260501_132503,5440,0.9,0,3.218,-62.3,-92.7,-30.4,94.74,112,10970,10611,7803,39344,1521,TRUE,1,2.318,1.1914847398718367,25.867192636423404,2808
2026-05-01T13:25:59.237,T1,20260501_132503,5441,0.9,0,4.142,-62.4,-92.9,-30.5,96.83,108,9646,10458,7124,35075,1439,TRUE,1,3.2420000000000004,1.0972585598907973,24.374565670604586,3334
2026-05-01T13:25:59.658,T1,20260501_132503,5445,0.9,0,3.935,-71.9,-94.5,-22.6,57.62,32,2172,1844,2051,1268,380,TRUE,1,3.035,1.1152759948652118,3.336842105263158,207
2026-05-01T13:25:59.806,T1,20260501_132503,5446,0.9,0,3.208,-63.4,-92.6,-29.2,105.74,96,10027,10151,9137,34335,1475,TRUE,1,2.3080000000000003,1.0397138116963915,23.277966101694915,1014
2026-05-01T13:25:59.865,T1,20260501_132503,5447,0.9,0,3.658,-63.3,-92.6,-29.4,86.49,120,8471,10379,8509,30926,1394,TRUE,1,2.758,0.8969716221939856,22.185078909612624,1870
2026-05-01T13:26:00.015,T1,20260501_132503,5448,0.9,0,4.184,-63.2,-92.2,-29,114.17,92,11537,10504,9154,36438,1510,TRUE,1,3.2840000000000003,1.1737714925221283,24.131125827814568,1350
2026-05-01T13:26:00.075,T1,20260501_132503,5449,0.9,0,4.296,-63.6,-91.9,-28.3,96.26,108,11483,10396,10769,36070,1524,TRUE,1,3.3960000000000004,1.0850933144342074,23.667979002624673,373
2026-05-01T13:26:00.165,T1,20260501_132503,5450,0.9,0,3.738,-63.1,-91.6,-28.5,101.84,96,11750,9777,9090,30829,1384,TRUE,1,2.838,1.2455610324905921,22.27528901734104,687
2026-05-01T13:26:00.286,T1,20260501_132503,5451,0.9,0,3.818,-63.6,-91.4,-27.9,109.65,84,11903,9211,9222,28167,1344,TRUE,1,2.918,1.2914880920088971,20.957589285714285,11
2026-05-01T13:26:00.976,T1,20260501_132503,5457,0.9,0,4.203,-71.4,-93.2,-21.8,71.61,28,2874,2005,1768,1225,367,TRUE,1,3.3030000000000004,1.5234561357010337,3.337874659400545,237
2026-05-01T13:26:01.099,T1,20260501_132503,5458,0.9,0,3.269,-63,-91.2,-28.2,84.3,124,13320,10453,10047,34655,1461,TRUE,1,2.369,1.2995121951219513,23.720054757015742,406
2026-05-01T13:26:01.277,T1,20260501_132503,5460,0.9,0,4.109,-88.9,-99.9,-11,43.92,12,497,527,295,59,159,TRUE,1,3.209,1.2092457420924574,0.3710691823899371,232
2026-05-01T13:26:01.757,T1,20260501_132503,5464,0.9,0,3.157,-62.6,-91,-28.4,98.72,112,15273,11057,9120,38546,1521,TRUE,1,2.257,1.5139019675868564,25.342537804076265,1937
2026-05-01T13:26:01.847,T1,20260501_132503,5465,0.9,0,4.057,-62.8,-92.3,-29.5,90.65,116,10802,10515,7665,33688,1431,TRUE,1,3.1570000000000005,1.1883388338833882,23.54157931516422,2850
2026-05-01T13:26:02.447,T1,20260501_132503,5470,0.9,0,3.302,-63.2,-92.7,-29.5,86.37,112,10684,9673,6048,30754,1389,TRUE,1,2.402,1.3592010686343108,22.141108711303097,3625
2026-05-01T13:26:02.565,T1,20260501_132503,5471,0.9,0,3.157,-62.3,-91.2,-29,112.45,92,11765,10345,8238,29902,1324,TRUE,1,2.257,1.2662110531130604,22.584592145015105,2107
2026-05-01T13:26:02.865,T1,20260501_132503,5474,0.9,0,4.334,-69.1,-93.9,-24.9,119,28,2891,3332,2822,3018,532,TRUE,1,3.4339999999999997,0.9395515112122197,5.672932330827067,510
2026-05-01T13:26:02.986,T1,20260501_132503,5475,0.9,0,3.302,-63,-93.6,-30.6,96.82,96,8073,9295,5552,28293,1320,TRUE,1,2.402,1.087492422711659,21.43409090909091,3743
2026-05-01T13:26:03.556,T1,20260501_132503,5480,0.9,0,3.959,-63.7,-92.6,-28.9,125.4,84,9627,10534,7130,29785,1389,TRUE,1,3.059,1.0900135869565217,21.44348452,3404
2026-05-01T13:26:11.655,T1,20260501_132503,5554,0.9,0,2.941,-63,-91.9,-28.9,88.54,108,10707,9562,7863,28307,1324,TRUE,1,2.041,1.2289239598278336,21.379909365558913,1699
2026-05-01T13:26:11.747,T1,20260501_132503,5555,0.9,0,3.002,-62.7,-91.7,-29,79.82,108,10944,8621,7928,26381,1263,TRUE,1,2.102,1.322617680826636,20.88756927949327,693
2026-05-01T13:26:12.134,T1,20260501_132503,5558,0.9,0,3.185,-62.5,-90.6,-28.1,84.62,120,14258,10154,9610,32114,1386,TRUE,1,2.285,1.4428253390002024,23.17027417027417,544
2026-05-01T13:26:12.317,T1,20260501_132503,5560,0.9,0,4.006,-88.3,-97.7,-9.4,42.42,12,747,509,473,69,161,TRUE,1,3.1060000000000003,1.5213849287169043,0.42857142857142855,36
2026-05-01T13:26:12.436,T1,20260501_132503,5561,0.9,0,3.813,-62.9,-91,-28,86.83,120,12791,10420,9749,31289,1387,TRUE,1,2.9130000000000003,1.2683821706579403,22.558759913482337,671
2026-05-01T13:26:12.887,T1,20260501_132503,5565,0.9,0,4.296,-62.7,-92.4,-29.7,89.29,108,10701,9643,6174,29589,1337,TRUE,1,3.3960000000000004,1.3531010937598786,22.130890052356023,3469
2026-05-01T13:26:13.095,T1,20260501_132503,5567,0.9,0,4.17,-69.8,-94.5,-24.8,65.42,36,3049,2355,1861,2205,466,TRUE,1,3.27,1.4463946869070208,4.731759657,494
2026-05-01T13:26:13.184,T1,20260501_132503,5568,0.9,0,3.241,-62.6,-92.6,-30.1,87.24,112,9784,9771,6215,29575,1331,TRUE,1,2.341,1.224071062179407,22.220135236664163,3556
2026-05-01T13:26:13.427,T1,20260501_132503,5570,0.9,0,3.166,-62.8,-93.3,-30.5,99.7,116,10384,11565,6982,42815,1612,TRUE,1,2.266,1.1197498247695046,26.56017369727047,4583
2026-05-01T13:26:13.545,T1,20260501_132503,5571,0.9,0,3.241,-62.6,-92.5,-30,98.51,104,10201,10245,7667,33541,1418,TRUE,1,2.341,1.1390129522108083,23.65373765867419,2578
2026-05-01T13:26:21.707,T1,20260501_132503,5646,0.9,0,3.11,-64.2,-91.1,-27,97.73,116,14337,11337,10010,35470,1541,TRUE,1,2.21,1.343233241204853,23.017521090201168,1327
2026-05-01T13:26:21.915,T1,20260501_132503,5648,0.9,0,4.278,-63.7,-92.4,-28.7,104.47,96,10654,10029,8087,31317,1424,TRUE,1,3.3779999999999997,1.1761978361669243,21.992275280898877,1942
2026-05-01T13:26:22.004,T1,20260501_132503,5649,0.9,0,3.114,-63.4,-91.5,-28.1,95.07,120,14917,11409,9433,41674,1627,TRUE,1,2.214,1.4314365224066787,25.61401352,1976
2026-05-01T13:26:22.125,T1,20260501_132503,5650,0.9,0,3.166,-63.9,-92.3,-28.3,89.98,124,11775,11157,8701,36433,1548,TRUE,1,2.266,1.1859200322288246,23.535529715762273,2456
2026-05-01T13:26:22.227,T1,20260501_132503,5651,0.9,0,3.832,-63.8,-91.5,-27.7,112.92,100,13881,11292,9960,38442,1583,TRUE,1,2.932,1.3063241106719368,24.284270372710044,1332
2026-05-01T13:26:22.337,T1,20260501_132503,5652,0.9,0,3.25,-63.7,-92,-28.3,97.07,100,12082,9707,9730,34199,1490,TRUE,1,2.35,1.2431959664557288,22.95234899328859,23
2026-05-01T13:26:22.456,T1,20260501_132503,5653,0.9,0,3.232,-64.2,-93.3,-29.1,93.32,104,10424,9705,6475,32696,1483,TRUE,1,2.3320000000000003,1.288504326328801,22.04720162,3230
2026-05-01T13:26:22.514,T1,20260501_132503,5654,0.9,0,3.255,-63.1,-91.8,-28.7,76.45,124,11185,9480,7605,27679,1311,TRUE,1,2.355,1.3093356745683349,21.112890922959572,1875
2026-05-01T13:26:22.635,T1,20260501_132503,5655,0.9,0,3.204,-63.6,-92.7,-29.2,107,92,10405,9844,5653,29092,1367,TRUE,1,2.3040000000000003,1.3428405497838292,21.281638624725677,4191
2026-05-01T13:26:22.725,T1,20260501_132503,5656,0.9,0,3.185,-62.8,-92.8,-30,92.41,96,9169,8871,8788,31309,1379,TRUE,1,2.285,1.0384506483945863,22.704133430021756,83
2026-05-01T13:26:22.846,T1,20260501_132503,5657,0.9,0,3.963,-61.8,-89.5,-27.7,105.99,104,17454,11023,9708,34219,1395,TRUE,1,3.063,1.683855096232695,24.529749103942653,1315
2026-05-01T13:26:22.935,T1,20260501_132503,5658,0.9,0,3.264,-63.2,-92.4,-29.2,85.25,100,8921,8525,8568,26216,1281,TRUE,1,2.364,1.0438191072368805,20.465261514441842,43
2026-05-01T13:26:23.507,T1,20260501_132503,5663,0.9,0,3.114,-64.8,-92.8,-28.1,101.67,116,9852,11794,9297,37366,1615,TRUE,1,2.214,0.9342373524252051,23.13684210526316,2497
2026-05-01T13:26:23.626,T1,20260501_132503,5664,0.9,0,3.171,-63,-92.7,-29.7,70.59,128,11758,9036,5931,32085,1405,TRUE,1,2.271,1.5711899512260306,22.83629893238434,3105
2026-05-01T13:26:23.834,T1,20260501_132503,5666,0.9,0,3.194,-63.3,-91.8,-28.4,95.36,112,13675,10680,8847,37743,1545,TRUE,1,2.294,1.400624775951247,24.429126213592234,1833
2026-05-01T13:26:24.675,T1,20260501_132503,5673,0.9,0,3.236,-63.5,-93,-29.5,112.29,112,12272,12577,7119,47195,1736,TRUE,1,2.3360000000000003,1.2461413484971569,27.18605991,5458
2026-05-01T13:26:24.885,T1,20260501_132503,5675,0.9,0,4.301,-67.6,-94.5,-26.9,80.69,48,3928,3873,2264,5010,652,TRUE,1,3.401,1.2801042854815057,7.684049079754601,1609
2026-05-01T13:26:25.095,T1,20260501_132503,5677,0.9,0,4.188,-72.6,-94.8,-22.2,93,20,1934,1860,1443,979,343,TRUE,1,3.288,1.1710566151983046,2.8542274052478134,417
2026-05-01T13:26:25.306,T1,20260501_132503,5679,0.9,0,4.348,-66.3,-93,-26.7,105.9,52,5422,5507,4325,8388,806,TRUE,1,3.448,1.1029292107404394,10.40694789081886,1182
2026-05-01T13:26:25.545,T1,20260501_132503,5681,0.9,0,3.218,-63.2,-92.9,-29.7,92.91,100,8996,9291,5613,25886,1272,TRUE,1,2.318,1.2071926999463232,20.35062893081761,3678
2026-05-01T13:26:25.636,T1,20260501_132503,5682,0.9,0,3.143,-66.9,-92.3,-25.4,72.28,148,11182,10697,7872,26456,1464,TRUE,1,2.243,1.20437288,18.07103825136612,2825
2026-05-01T13:26:25.725,T1,20260501_132503,5683,0.9,0,3.18,-63.1,-92,-28.9,98.16,108,11044,10601,9933,35473,1486,TRUE,1,2.28,1.075679361059706,23.871467025572006,668
2026-05-01T13:26:34.094,T1,20260501_132503,5759,0.9,0,3.096,-62.8,-93.1,-30.4,90.91,108,9778,9818,7166,34586,1449,TRUE,1,2.196,1.1514366462552992,23.868875086266392,2652
2026-05-01T13:26:34.171,T1,20260501_132503,5760,0.9,0,3.991,-62.7,-93.6,-30.8,79.19,108,8908,8553,5042,28099,1305,TRUE,1,3.091,1.3104817947774918,21.531800766283524,3511
2026-05-01T13:26:34.396,T1,20260501_132503,5762,0.9,0,4.235,-64.7,-92.9,-28.2,108.38,92,8148,9971,7823,26724,1361,TRUE,1,3.3350000000000004,0.9158143194335169,19.635562086700954,2148
2026-05-01T13:27:44.686,T1,20260501_132744,147,0.5,0,3.307,-59.9,-76.4,-16.5,156.69,112,16630,17549,14438,18859,970,TRUE,1,2.807,1.039797417700941,19.442268041237114,3111
2026-05-01T13:27:44.806,T1,20260501_132744,148,0.5,0,2.8,-60,-76.3,-16.3,172.52,100,14203,17252,15248,17168,928,TRUE,1,2.3,0.8740307692307693,18.5,2004
2026-05-01T13:27:44.863,T1,20260501_132744,149,0.5,0,3.161,-60,-76.9,-16.9,139.81,124,17132,17336,11631,17913,947,TRUE,1,2.661,1.1828632581903546,18.915522703273496,5705
2026-05-01T13:27:44.953,T1,20260501_132744,150,0.5,0,2.81,-60,-77.6,-17.6,146.47,116,17409,16990,9761,17714,943,TRUE,1,2.31,1.3015588202310193,18.784729586426298,7229
2026-05-01T13:27:45.073,T1,20260501_132744,151,0.5,0,4.085,-59.9,-77.7,-17.8,137.98,124,15502,17110,11801,17565,936,TRUE,1,3.585,1.0723945902943517,18.766025641025642,5309
2026-05-01T13:27:45.165,T1,20260501_132744,152,0.5,0,3.086,-60,-75.8,-15.8,168.83,100,14987,16883,14841,16579,912,TRUE,1,2.586,0.9448367166813769,18.17872807017544,2042
2026-05-01T13:27:45.493,T1,20260501_132744,155,0.5,0,3.602,-75.2,-88.4,-13.2,126.1,20,2134,2522,2359,331,218,TRUE,1,3.102,0.8744109813562795,1.518348623853211,163
2026-05-01T13:27:45.854,T1,20260501_132744,158,0.5,0,2.833,-59.7,-76.9,-17.2,150.21,112,16546,16823,12883,18067,943,TRUE,1,2.333,1.1139837069952199,19.159066808059386,3940
2026-05-01T13:27:45.949,T1,20260501_132744,159,0.5,0,2.819,-59.3,-76.2,-17,100.77,172,16967,17332,17864,22331,1033,TRUE,1,2.319,0.9641436526878054,21.61761858664085,532
2026-05-01T13:27:46.275,T1,20260501_132744,162,0.5,0,2.861,-59.5,-78.6,-19.1,140.55,128,16616,17990,10986,20587,999,TRUE,1,2.361,1.1468801766979568,20.60760760760761,7004
2026-05-01T13:27:46.394,T1,20260501_132744,163,0.5,0,2.964,-59.3,-76,-16.7,130.24,136,16688,17713,17641,21866,1023,TRUE,1,2.464,0.9440515924647848,21.374389051808407,72
2026-05-01T13:27:46.483,T1,20260501_132744,164,0.5,0,3.227,-88.8,-77.1,11.7,101.53,160,17352,16245,15557,2423,1004,FALSE,1,2.727,1.0912521225080183,2.4133466135458166,688
2026-05-01T13:27:46.573,T1,20260501_132744,165,0.5,0,3.325,-59.7,-76.2,-16.5,142.67,124,15212,17691,14712,18175,946,TRUE,1,2.825,0.9389254081412215,19.212473572938688,2979
2026-05-01T13:27:46.813,T1,20260501_132744,167,0.5,0,2.842,-60,-77,-17,147.47,116,15436,17106,12823,17175,927,TRUE,1,2.342,1.0315079020348157,18.527508090614887,4283
2026-05-01T13:27:47.053,T1,20260501_132744,169,0.5,0,3.668,-66.1,-81.4,-15.3,167.59,44,6730,7374,6677,3175,492,TRUE,1,3.168,0.9579389367304818,6.453252032520325,697
2026-05-01T13:27:47.265,T1,20260501_132744,171,0.5,0,2.899,-59.4,-78.1,-18.7,170.44,108,18795,18408,11983,23176,1056,TRUE,1,2.399,1.2368793392780757,21.946969696969695,6425
2026-05-01T13:27:47.354,T1,20260501_132744,172,0.5,0,3.007,-69,-78,-9,159.83,112,18580,17901,11964,11482,1037,TRUE,1,2.507,1.2442658630503933,11.072324011571842,5937
2026-05-01T13:27:47.803,T1,20260501_132744,176,0.5,0,4.043,-59.5,-76,-16.4,152.5,120,17080,18300,15234,20384,995,TRUE,1,3.543,1.0186676209220493,20.48643216080402,3066
2026-05-01T13:27:47.923,T1,20260501_132744,177,0.5,0,2.899,-60,-76.5,-16.5,101.41,164,16692,16631,14108,17969,950,TRUE,1,2.399,1.0860470412179968,18.914736842105263,2523
2026-05-01T13:27:48.013,T1,20260501_132744,178,0.5,0,3.682,-64,-79.1,-15.1,171.57,76,11075,13039,11664,9296,783,TRUE,1,3.182,0.8966522284742744,11.872286079182631,1375
2026-05-01T13:27:48.345,T1,20260501_132744,181,0.5,0,3.612,-60,-75.9,-15.8,162.33,104,14740,16882,15091,16611,914,TRUE,1,3.112,0.9220279610921716,18.173960612691467,1791
2026-05-01T13:27:48.463,T1,20260501_132744,182,0.5,0,3.039,-59.8,-75.8,-16,135.21,124,14739,16766,14845,16507,904,TRUE,1,2.539,0.9325234886590111,18.259955752212388,1921
2026-05-01T13:27:48.672,T1,20260501_132744,184,0.5,0,4.343,-59.8,-77.6,-17.8,167.65,100,16074,16765,10720,17127,920,TRUE,1,3.843,1.1696561760960524,18.616304347826087,6045
2026-05-01T13:27:48.885,T1,20260501_132744,186,0.5,0,2.913,-60,-77,-17.1,130.16,140,16930,18223,13503,19859,997,TRUE,1,2.413,1.0672634432326797,19.91875626880642,4720
2026-05-01T13:27:57.135,T1,20260501_132744,262,0.5,0,3.616,-61.5,-77.5,-16,144.16,104,14122,14993,14004,14287,891,TRUE,1,3.116,0.9740317963927303,16.03479237,989
2026-05-01T13:27:57.247,T1,20260501_132744,263,0.5,0,3.499,-67.5,-80.9,-13.4,163.77,48,7612,7861,5989,2997,503,TRUE,1,2.999,1.0992057761732852,5.958250497017892,1872
2026-05-01T13:27:57.436,T1,20260501_132744,265,0.5,0,4.062,-59.9,-74.6,-14.8,179.65,92,17055,16528,13998,16082,894,TRUE,1,3.5620000000000003,1.117408111118391,17.988814317673377,2530
2026-05-01T13:27:57.644,T1,20260501_132744,267,0.5,0,3.818,-74.5,-90.1,-15.6,108.8,20,1515,2176,1623,304,204,TRUE,1,3.318,0.7975783100816004,1.4901960784313726,553
2026-05-01T13:27:57.765,T1,20260501_132744,268,0.5,0,4.006,-59.7,-74.2,-14.5,121.97,148,16672,18051,16929,18462,953,TRUE,1,3.506,0.9532304173813608,19.372507869884576,1122
2026-05-01T13:27:57.975,T1,20260501_132744,270,0.5,0,3.56,-64.1,-79.6,-15.5,127.86,96,14699,12275,10185,10454,834,TRUE,1,3.06,1.3089047195013357,12.534772182254196,2090
2026-05-01T13:27:58.093,T1,20260501_132744,271,0.5,0,2.861,-60.4,-76.3,-15.9,133.65,136,17426,18176,14911,19608,1007,TRUE,1,2.361,1.0533442137395352,19.471698113207548,3265
2026-05-01T13:27:58.183,T1,20260501_132744,272,0.5,0,2.777,-59,-76.7,-17.7,132.05,124,17191,16374,9937,17216,897,TRUE,1,2.277,1.3067538291969139,19.192865105908584,6437
2026-05-01T13:27:58.666,T1,20260501_132744,276,0.5,0,3.33,-59.6,-77.1,-17.5,165.43,88,16834,14558,11373,15916,882,TRUE,1,2.83,1.2983687478307817,18.045351473922903,3185
2026-05-01T13:27:58.874,T1,20260501_132744,278,0.5,0,2.927,-58.6,-76.6,-18,137.22,104,16813,14271,11258,16249,861,TRUE,1,2.427,1.3171687100944025,18.872241579558654,3013
2026-05-01T13:27:58.963,T1,20260501_132744,279,0.5,0,4.151,-58.3,-75.9,-17.6,133.24,128,17860,17055,12488,19687,938,TRUE,1,3.651,1.209085062451342,20.98827292110874,4567
2026-05-01T13:27:59.173,T1,20260501_132744,281,0.5,0,3.79,-88.6,-92.6,-4,85.58,12,1010,1027,560,46,135,FALSE,1,3.29,1.2728418399495904,0.34074074074074073,467
2026-05-01T13:27:59.294,T1,20260501_132744,282,0.5,0,3.973,-63.2,-78.8,-15.6,109.53,88,10642,9639,8815,6350,631,TRUE,1,3.473,1.1533542863335862,10.063391442155309,824
2026-05-01T13:27:59.385,T1,20260501_132744,283,0.5,0,3.926,-63,-77,-13.9,139.42,72,9866,10038,8872,5525,585,TRUE,1,3.426,1.0434690639873083,9.444444444444445,1166
2026-05-01T13:27:59.535,T1,20260501_132744,284,0.5,0,2.936,-58.2,-76.3,-18.2,133.95,128,18784,17146,14017,22553,999,TRUE,1,2.436,1.205532201649392,22.575575575575577,3129
2026-05-01T13:27:59.593,T1,20260501_132744,285,0.5,0,3.522,-59,-75.8,-16.8,141.92,132,17910,18734,15968,22601,1028,TRUE,1,3.022,1.0322171632758919,21.985408560311285,2766
2026-05-01T13:27:59.685,T1,20260501_132744,286,0.5,0,3.537,-63,-78.2,-15.1,169.73,88,15750,14936,12597,13674,920,TRUE,1,3.037,1.1440816474775723,14.86304347826087,2339
2026-05-01T13:27:59.834,T1,20260501_132744,287,0.5,0,3.644,-59.1,-76.6,-17.6,136.4,108,17064,14731,12487,17044,896,TRUE,1,3.144,1.2538761113968697,19.022321428571427,2244
2026-05-01T13:28:00.134,T1,20260501_132744,290,0.5,0,3.053,-60,-81.3,-21.4,89.94,180,10526,16189,14794,19752,994,TRUE,1,2.553,0.6794693864377239,19.87122736418511,1395
2026-05-01T13:28:00.222,T1,20260501_132744,291,0.5,0,3.949,-63.8,-76.8,-12.9,161.07,88,13876,14174,13070,10511,829,TRUE,1,3.449,1.0186463074438408,12.67913148371532,1104
2026-05-01T13:28:00.315,T1,20260501_132744,292,0.5,0,3.738,-62.5,-78.9,-16.4,141.27,88,11836,12432,11887,10359,785,TRUE,1,3.238,0.9733952876351823,13.196178343949045,545
2026-05-01T13:28:00.434,T1,20260501_132744,293,0.5,0,2.852,-59.1,-76,-16.9,151,120,15711,18120,15379,19907,968,TRUE,1,2.352,0.9379981491984836,20.56508264,2741
2026-05-01T13:28:01.153,T1,20260501_132744,299,0.5,0,3.321,-58.8,-76.9,-18.1,125.41,140,14869,17558,13756,19079,939,TRUE,1,2.821,0.9496710736411829,20.31842385516507,3802
2026-05-01T13:28:01.244,T1,20260501_132744,300,0.5,0,3.044,-58.9,-76.4,-17.5,130.64,132,17062,17244,12057,18774,934,TRUE,1,2.544,1.1646018907204532,20.100642398286936,5187
2026-05-01T13:28:01.334,T1,20260501_132744,301,0.5,0,3.485,-60.7,-77.8,-17.2,130.58,132,16378,17237,10795,17016,946,TRUE,1,2.985,1.1685216894977168,17.987315010570825,6442
2026-05-01T13:28:01.544,T1,20260501_132744,303,0.5,0,3.053,-58.5,-77.1,-18.6,157.39,108,16873,16998,10937,19105,929,TRUE,1,2.553,1.2080186146411311,20.56512378902045,6061
2026-05-01T13:28:01.784,T1,20260501_132744,305,0.5,0,4.54,-60.7,-76.3,-15.6,158.84,104,15560,16519,13776,15829,913,TRUE,1,4.04,1.0272322165373824,17.337349397590362,2743
2026-05-01T13:28:01.904,T1,20260501_132744,306,0.5,0,2.988,-60.1,-76.2,-16.1,126.67,120,16955,15200,15230,17434,939,TRUE,1,2.488,1.1143608281301347,18.566560170394037,30
2026-05-01T13:28:02.682,T1,20260501_132744,313,0.5,0,2.922,-61,-75.7,-14.8,135.52,128,14190,17347,15687,15860,922,TRUE,1,2.422,0.859114851,17.20173535791757,1660
2026-05-01T13:28:02.805,T1,20260501_132744,314,0.5,0,2.875,-60.1,-77.9,-17.8,112.65,140,17634,15771,12345,18627,970,TRUE,1,2.375,1.2543747332479727,19.203092783505156,3426
2026-05-01T13:28:02.924,T1,20260501_132744,315,0.5,0,2.88,-59.9,-75.5,-15.6,119.57,148,17266,17697,13931,18074,949,TRUE,1,2.38,1.0918173770077146,19.045310853530033,3766
2026-05-01T13:28:03.014,T1,20260501_132744,316,0.5,0,3.124,-59.8,-75.7,-15.9,206.6,84,16344,17354,13879,17404,927,TRUE,1,2.624,1.0465853424262799,18.774541531823086,3475
2026-05-01T13:28:03.103,T1,20260501_132744,317,0.5,0,2.992,-61.9,-76.2,-14.4,184.52,92,16010,16976,13129,14761,918,TRUE,1,2.492,1.0636106958976914,16.079520697167755,3847
2026-05-01T13:28:03.192,T1,20260501_132744,318,0.5,0,4.442,-60,-77,-17,172.99,92,16470,15915,11018,15956,895,TRUE,1,3.942,1.2230349385512196,17.827932960893854,4897
2026-05-01T13:28:03.313,T1,20260501_132744,319,0.5,0,2.946,-60,-75.4,-15.4,149.96,112,13909,16795,16243,16303,905,TRUE,1,2.446,0.8420001210727042,18.01436464088398,552
2026-05-01T13:28:03.763,T1,20260501_132744,323,0.5,0,3.86,-58.2,-76.3,-18.1,139.89,120,17424,16787,11618,19189,923,TRUE,1,3.36,1.2268262629818694,20.78981581798483,5169
2026-05-01T13:28:03.852,T1,20260501_132744,324,0.5,0,4.343,-59.4,-78.9,-19.5,137.92,124,15109,17102,10466,18554,945,TRUE,1,3.843,1.0961259431224608,19.633862433862433,6636
2026-05-01T13:28:03.942,T1,20260501_132744,325,0.5,0,3.349,-59.9,-77.3,-17.4,173.89,96,11929,16693,15730,17008,920,TRUE,1,2.849,0.7358356722080005,18.48695652173913,963
2026-05-01T13:28:04.095,T1,20260501_132744,326,0.5,0,3.241,-58.9,-77.2,-18.3,133.32,136,15375,18131,17186,23302,1040,TRUE,1,2.741,0.8706855055638928,22.40576923076923,945
2026-05-01T13:28:04.423,T1,20260501_132744,329,0.5,0,2.955,-59.6,-77,-17.5,177.27,96,12582,17018,15427,17503,923,TRUE,1,2.455,0.7755894590846047,18.963163596966414,1591
2026-05-01T13:28:04.482,T1,20260501_132744,330,0.5,0,3.433,-59.7,-75.8,-16.2,152.44,116,15974,17683,14923,18431,951,TRUE,1,2.933,0.9798196650923143,19.380651945320714,2760
2026-05-01T13:28:04.872,T1,20260501_132744,333,0.5,0,4.067,-59,-76.8,-17.7,168.4,96,14594,16166,17538,20317,976,TRUE,1,3.567,0.8660099691431284,20.81659836065574,1372
2026-05-01T13:28:04.964,T1,20260501_132744,334,0.5,0,3.344,-59.6,-77.9,-18.3,167.02,92,17316,15366,10882,17698,930,TRUE,1,2.844,1.3194148125571472,19.03010752688172,4484
2026-05-01T13:28:05.024,T1,20260501_132744,335,0.5,0,3.56,-59.7,-76.3,-16.6,181.82,92,15432,16727,13429,16739,907,TRUE,1,3.06,1.0234779148428172,18.45534729878721,3298
2026-05-01T13:28:05.144,T1,20260501_132744,336,0.5,0,3.035,-58.8,-75.9,-17.1,122.26,144,17073,17606,17448,22542,1019,TRUE,1,2.535,0.9740971073201347,22.121687929342492,158
2026-05-01T13:28:05.264,T1,20260501_132744,337,0.5,0,2.936,-59.2,-76.3,-17.1,154.36,104,16017,16053,17647,20519,988,TRUE,1,2.436,0.9505637982195846,20.768218623481783,1594
2026-05-01T13:28:05.322,T1,20260501_132744,338,0.5,0,2.96,-59,-76.6,-17.6,153.74,104,15753,15989,17676,21052,993,TRUE,1,2.46,0.9358681122827863,21.200402819738166,1687
2026-05-01T13:28:05.443,T1,20260501_132744,339,0.5,0,3.002,-59.3,-76,-16.6,138.93,124,16535,17227,13407,18055,930,TRUE,1,2.502,1.079519488150421,19.413978494623656,3820
2026-05-01T13:28:05.534,T1,20260501_132744,340,0.5,0,3.734,-60,-77.8,-17.8,164.54,104,15658,17112,11660,17577,938,TRUE,1,3.234,1.088419296538301,18.738805970149254,5452
2026-05-01T13:28:05.984,T1,20260501_132744,344,0.5,0,3.053,-58.3,-78.7,-20.3,118.66,152,16301,18036,10835,22028,993,TRUE,1,2.553,1.129230023206678,22.183282980866064,7201
2026-05-01T13:28:06.105,T1,20260501_132744,345,0.5,0,4.038,-65.7,-81.2,-15.5,136.98,60,8383,8219,6917,4143,555,TRUE,1,3.5380000000000003,1.1076902748414377,7.464864864864865,1302
2026-05-01T13:28:06.194,T1,20260501_132744,346,0.5,0,3.011,-59.1,-77.6,-18.5,152.21,112,17456,17048,9792,18975,945,TRUE,1,2.511,1.3007451564828614,20.07936507936508,7256
2026-05-01T13:28:06.704,T1,20260501_132744,350,0.5,0,4.55,-59.7,-76.5,-16.8,190.7,88,15674,16782,12539,16660,904,TRUE,1,4.05,1.0691313393131203,18.42920353982301,4243
2026-05-01T13:28:06.765,T1,20260501_132744,351,0.5,0,3.063,-60.3,-77.2,-16.9,210.46,80,17056,16837,10228,16631,922,TRUE,1,2.563,1.2603731756881582,18.037960954446856,6609
2026-05-01T13:28:06.852,T1,20260501_132744,352,0.5,0,3.03,-59.4,-79,-19.7,154.66,108,18099,16703,9759,20838,1000,TRUE,1,2.53,1.3679238152822917,20.838,6944
2026-05-01T13:28:06.972,T1,20260501_132744,353,0.5,0,4.287,-58.8,-76.5,-17.7,143.28,128,17536,18340,13899,21627,1001,TRUE,1,3.787,1.0878749340860447,21.605394605394604,4441
2026-05-01T13:28:07.094,T1,20260501_132744,354,0.5,0,3.096,-59.3,-76.9,-17.6,126.9,140,18411,17766,14005,21847,1023,TRUE,1,2.596,1.158981461,21.35581622678397,3761
2026-05-01T13:28:07.573,T1,20260501_132744,358,0.5,0,3.663,-59.2,-75.4,-16.3,171.83,96,15258,16496,14985,17130,901,TRUE,1,3.163,0.9693465900066707,19.012208657047726,1511
2026-05-01T13:28:07.664,T1,20260501_132744,359,0.5,0,3.096,-59.1,-75.7,-16.6,172.16,100,15406,17216,15036,18271,927,TRUE,1,2.596,0.9553516061019471,19.709816612729234,2180
2026-05-01T13:28:07.753,T1,20260501_132744,360,0.5,0,3.823,-58.9,-75.7,-16.8,141.01,124,16882,17485,13397,18772,934,TRUE,1,3.323,1.0933229713101482,20.09850107066381,4088
2026-05-01T13:28:07.843,T1,20260501_132744,361,0.5,0,3.039,-58.7,-77.3,-18.6,141.75,120,15912,17010,11380,18536,922,TRUE,1,2.539,1.1209580838323354,20.10412147505423,5630
2026-05-01T13:28:08.174,T1,20260501_132744,364,0.5,0,4.521,-59.3,-75.3,-16,135.19,124,16158,16763,17097,19218,958,TRUE,1,4.021,0.9544004725339634,20.06054279749478,334
2026-05-01T13:28:08.775,T1,20260501_132744,369,0.5,0,3.021,-59.9,-78.9,-18.9,141.43,124,15636,17537,10707,18783,969,TRUE,1,2.521,1.107208610678374,19.38390092879257,6830
2026-05-01T13:28:08.862,T1,20260501_132744,370,0.5,0,3.738,-60,-78.4,-18.4,111.08,156,18499,17329,11514,21115,1029,TRUE,1,3.238,1.282737579308671,20.519922254616134,5815
2026-05-01T13:28:09.073,T1,20260501_132744,372,0.5,0,4.371,-59.9,-78.2,-18.3,187.01,96,16170,17953,11861,19521,986,TRUE,1,3.871,1.0847252968404106,19.79817444219067,6092
2026-05-01T13:28:09.194,T1,20260501_132744,373,0.5,0,3.128,-60.2,-77.5,-17.3,189.39,88,16120,16666,10967,16610,920,TRUE,1,2.628,1.1667209495892592,18.054347826086957,5699
2026-05-01T13:28:09.284,T1,20260501_132744,374,0.5,0,3.813,-60.4,-76.5,-16.2,180.28,88,16626,15865,13235,16407,919,TRUE,1,3.313,1.142680412371134,17.85310119695321,2630
2026-05-01T13:28:09.372,T1,20260501_132744,375,0.5,0,3.931,-57.8,-74.9,-17.1,226.79,76,16961,17236,13921,19296,912,TRUE,1,3.431,1.088744102448888,21.157894736842106,3315
2026-05-01T13:28:09.493,T1,20260501_132744,376,0.5,0,3.128,-59.6,-77.6,-18,136.64,132,16475,18036,12346,19816,983,TRUE,1,2.628,1.0845237311566058,20.158697863682605,5690
2026-05-01T13:28:09.824,T1,20260501_132744,379,0.5,0,3.893,-58,-75,-17,223.65,80,15740,17892,16242,20513,946,TRUE,1,3.393,0.9222476123513212,21.683932346723044,1650
2026-05-01T13:28:10.033,T1,20260501_132744,381,0.5,0,3.424,-60.3,-76.1,-15.8,132.95,128,14548,17017,15045,16576,920,TRUE,1,2.924,0.907491735,18.017391304347825,1972
2026-05-01T13:28:10.184,T1,20260501_132744,382,0.5,0,3.527,-59.3,-75.6,-16.3,164.52,108,16962,17768,15198,19577,968,TRUE,1,3.027,1.0290602438876417,20.22417355371901,2570
2026-05-01T13:28:10.602,T1,20260501_132744,386,0.5,0,3.813,-64.9,-80.4,-15.5,117.27,88,9474,10320,8853,6109,655,TRUE,1,3.313,0.9882647473008919,9.326717557251909,1467
2026-05-01T13:28:10.692,T1,20260501_132744,387,0.5,0,3.832,-90.2,-92.8,-2.6,74.33,12,920,892,707,30,131,FALSE,1,3.332,1.1507191994996873,0.22900763358778625,185
2026-05-01T13:28:10.813,T1,20260501_132744,388,0.5,0,4.165,-59.2,-78.8,-19.6,123.39,148,17455,18261,10456,22099,1023,TRUE,1,3.665,1.2156562315005048,21.602150537634408,7805
2026-05-01T13:28:11.053,T1,20260501_132744,390,0.5,0,4.531,-59.5,-78.6,-19.1,118.44,132,17188,15634,10200,18379,943,TRUE,1,4.031,1.3306495316249902,19.489925768822907,5434
2026-05-01T13:28:11.113,T1,20260501_132744,391,0.5,0,3.119,-59.9,-78.4,-18.5,91.04,168,17602,15295,12540,19179,977,TRUE,1,2.619,1.264738638404886,19.63050153531218,2755
2026-05-01T13:28:11.264,T1,20260501_132744,392,0.5,0,3.794,-66.7,-82.1,-15.4,144.9,52,6993,7535,6310,3214,507,TRUE,1,3.294,1.010184182015168,6.339250493096647,1225
2026-05-01T13:28:11.563,T1,20260501_132744,395,0.5,0,3.846,-59.8,-77.2,-17.5,173.46,96,16785,16652,10120,16860,913,TRUE,1,3.346,1.2539220080681308,18.46659364731654,6532
2026-05-01T13:28:19.723,T1,20260501_132744,470,0.5,0,3.279,-59.3,-75.4,-16.1,188.89,88,14642,16622,15618,17010,903,TRUE,1,2.779,0.9083126550868487,18.837209302325583,1004
2026-05-01T13:28:20.202,T1,20260501_132744,474,0.5,0,3.701,-63.6,-79.6,-16,185.06,68,10344,12584,10782,8817,753,TRUE,1,3.201,0.8853890267910639,11.709163346613545,1802
2026-05-01T13:28:20.293,T1,20260501_132744,475,0.5,0,2.894,-59.6,-77.6,-18,198.68,80,16743,15894,11152,17337,920,TRUE,1,2.394,1.2381128447829624,18.844565217391306,4742
2026-05-01T13:28:20.652,T1,20260501_132744,478,0.5,0,2.856,-58.7,-76.6,-17.9,165.69,112,16241,18557,18007,24538,1061,TRUE,1,2.356,0.8883601356525545,23.127238454288406,550
2026-05-01T13:28:20.982,T1,20260501_132744,481,0.5,0,3.954,-66.4,-84.3,-18,123.55,44,4162,5436,5595,2064,401,TRUE,1,3.454,0.7546006708367329,5.14713217,159
2026-05-01T13:28:21.253,T1,20260501_132744,483,0.5,0,4.151,-60,-76,-16,128.33,140,16721,17966,16034,19785,996,TRUE,1,3.651,0.9835882352941177,19.86445783,1932
2026-05-01T13:28:21.314,T1,20260501_132744,484,0.5,0,3.64,-67.5,-83.7,-16.2,164.65,40,6191,6586,4510,2389,448,TRUE,1,3.14,1.1158976207642393,5.332589285714286,2076
2026-05-01T13:28:21.522,T1,20260501_132744,486,0.5,0,4.16,-59.2,-76.3,-17,157.83,108,16346,17046,17463,21357,1008,TRUE,1,3.66,0.9473470688805818,21.1875,417
2026-05-01T13:28:21.613,T1,20260501_132744,487,0.5,0,2.856,-59.3,-78.5,-19.2,139.7,124,15836,17323,10438,18961,952,TRUE,1,2.356,1.1408810921796766,19.91701680672269,6885
2026-05-01T13:28:21.734,T1,20260501_132744,488,0.5,0,3.86,-59.1,-76.8,-17.7,110.57,160,17898,17691,17543,24333,1073,TRUE,1,3.36,1.0159505023556792,22.67753960857409,148
2026-05-01T13:28:21.852,T1,20260501_132744,489,0.5,0,3.391,-60,-76.2,-16.2,127.83,136,16496,17385,13617,17781,943,TRUE,1,2.891,1.0641894071350235,18.85577942735949,3768
2026-05-01T13:28:21.943,T1,20260501_132744,490,0.5,0,2.992,-59.9,-75.9,-16,180.11,92,15953,16570,13402,16381,902,TRUE,1,2.492,1.0645268917656479,18.160753880266075,3168
2026-05-01T13:28:22.154,T1,20260501_132744,492,0.5,0,4.437,-59.4,-77.6,-18.2,162.67,104,17204,16918,9696,18103,933,TRUE,1,3.937,1.2928533854362365,19.40300107181136,7222
2026-05-01T13:28:22.242,T1,20260501_132744,493,0.5,0,3.025,-59.3,-76.3,-17,181.76,96,17084,17449,12189,18423,938,TRUE,1,2.525,1.1528443214791821,19.640724946695094,5260
2026-05-01T13:28:22.362,T1,20260501_132744,494,0.5,0,2.917,-59.4,-76.3,-16.9,111.34,160,18065,17814,17312,23169,1056,TRUE,1,2.417,1.028582816147583,21.94034090909091,502
2026-05-01T13:28:22.453,T1,20260501_132744,495,0.5,0,3.053,-59.6,-76.1,-16.6,129.7,132,16875,17121,12176,17416,921,TRUE,1,2.553,1.1519950848209715,18.909880564603693,4945
2026-05-01T13:28:22.572,T1,20260501_132744,496,0.5,0,2.889,-59.6,-76.8,-17.3,128.47,144,16808,18499,15935,22088,1037,TRUE,1,2.389,0.9762444095951676,21.299903567984572,2564
2026-05-01T13:28:22.693,T1,20260501_132744,497,0.5,0,2.983,-59.1,-76.4,-17.3,160.94,108,14190,17381,14946,18298,930,TRUE,1,2.483,0.8779039193244037,19.67526882,2435
2026-05-01T13:28:23.532,T1,20260501_132744,504,0.5,0,3.508,-59.4,-76.1,-16.7,176.11,100,16434,17611,14082,18861,953,TRUE,1,3.008,1.0370744328400594,19.79118572927597,3529
2026-05-01T13:28:23.629,T1,20260501_132744,505,0.5,0,4.503,-59.2,-78.1,-18.9,126.76,132,16424,16732,10092,18355,934,TRUE,1,4.003,1.2245750074560096,19.65203426124197,6640
2026-05-01T13:28:23.682,T1,20260501_132744,506,0.5,0,2.856,-59.5,-77.8,-18.3,117.66,140,18030,16472,12782,20565,998,TRUE,1,2.356,1.232651945033158,20.606212424849698,3690
2026-05-01T13:28:23.802,T1,20260501_132744,507,0.5,0,3.565,-60.1,-76.1,-15.9,169.32,100,13876,16932,15327,16386,911,TRUE,1,3.065,0.8602870516755015,17.986827661909988,1605
2026-05-01T13:28:23.892,T1,20260501_132744,508,0.5,0,4.47,-59.6,-76.5,-16.9,154.26,112,16370,17277,15417,19695,982,TRUE,1,3.97,1.0014069859913133,20.05600814663951,1860
2026-05-01T13:28:23.982,T1,20260501_132744,509,0.5,0,3.213,-59.5,-76.5,-17,134.85,128,17075,17261,11606,17849,931,TRUE,1,2.713,1.1830117435133543,19.17185822,5655
2026-05-01T13:28:24.132,T1,20260501_132744,510,0.5,0,3.813,-60,-75.9,-15.9,134.08,124,14957,16626,14475,16232,902,TRUE,1,3.313,0.9618340246294331,17.995565410199557,2151
2026-05-01T13:28:24.192,T1,20260501_132744,511,0.5,0,2.917,-60,-76.4,-16.4,134.27,124,13099,16650,15775,16556,910,TRUE,1,2.417,0.8079568234387047,18.193406593406593,875
2026-05-01T13:28:24.404,T1,20260501_132744,513,0.5,0,3.011,-60.1,-76,-16,135.69,124,15074,16825,14896,16812,921,TRUE,1,2.511,0.9504113993884178,18.254071661237784,1929
2026-05-01T13:28:24.642,T1,20260501_132744,515,0.5,0,3.776,-59.8,-76.1,-16.3,175,96,15915,16800,13827,17087,921,TRUE,1,3.276,1.039279067,18.552660152008688,2973
2026-05-01T13:28:24.762,T1,20260501_132744,516,0.5,0,3.002,-59.8,-76.6,-16.8,114.85,160,16829,18376,15164,20650,1012,TRUE,1,2.502,1.0035181872391175,20.40513833992095,3212
2026-05-01T13:28:24.882,T1,20260501_132744,517,0.5,0,3.841,-59.6,-76.1,-16.5,162.65,108,16600,17566,14729,19083,966,TRUE,1,3.341,1.0280229137637404,19.75465838509317,2837
2026-05-01T13:28:24.974,T1,20260501_132744,518,0.5,0,3.846,-59.7,-76.8,-17.1,135.97,128,17208,17404,11376,18065,942,TRUE,1,3.346,1.1958304378040305,19.17728237791932,6028
2026-05-01T13:28:25.782,T1,20260501_132744,525,0.5,0,3.105,-59.6,-76.1,-16.6,166.81,108,16808,18016,14332,19455,974,TRUE,1,2.605,1.0391987139854086,19.974332648870636,3684
2026-05-01T13:28:25.874,T1,20260501_132744,526,0.5,0,3.476,-59.8,-76.2,-16.4,193.95,92,17052,17843,13092,18445,957,TRUE,1,2.976,1.102440601260708,19.273772204806686,4751
2026-05-01T13:28:26.024,T1,20260501_132744,527,0.5,0,3.147,-59.6,-76.6,-17,124.38,140,16736,17413,16313,20898,1011,TRUE,1,2.647,0.9924687184961157,20.670623145400594,1100
2026-05-01T13:28:26.233,T1,20260501_132744,529,0.5,0,2.946,-60,-76.4,-16.4,142.52,120,16728,17102,12280,17095,926,TRUE,1,2.446,1.1386563201960385,18.46112311015119,4822
2026-05-01T13:28:26.683,T1,20260501_132744,533,0.5,0,3.719,-59.5,-76,-16.5,134.85,124,15363,16722,17083,19284,966,TRUE,1,3.219,0.9089187989942317,19.96273291925466,361
2026-05-01T13:28:26.863,T1,20260501_132744,535,0.5,0,2.969,-60.1,-76.2,-16.1,140.96,120,16327,16915,13199,16877,922,TRUE,1,2.469,1.084346151291758,18.30477223427332,3716
2026-05-01T13:28:27.222,T1,20260501_132744,538,0.5,0,2.988,-59.7,-76.3,-16.6,184.93,96,14982,17753,14944,18367,950,TRUE,1,2.488,0.9164143499403615,19.333684210526314,2809
2026-05-01T13:28:27.341,T1,20260501_132744,539,0.5,0,4.034,-63.3,-80,-16.7,175.79,72,11862,12657,9394,9436,771,TRUE,1,3.534,1.0758695750759604,12.238651102464331,3263
2026-05-01T13:28:27.643,T1,20260501_132744,542,0.5,0,2.983,-59.4,-76,-16.6,164.56,108,17311,17772,17285,22023,1028,TRUE,1,2.483,0.9875916364777363,21.423151750972764,487
2026-05-01T13:28:27.763,T1,20260501_132744,543,0.5,0,3.03,-59.3,-76.8,-17.5,155.77,104,17422,16200,15808,20796,998,TRUE,1,2.53,1.088602849287678,20.837675350701403,392
2026-05-01T13:28:27.852,T1,20260501_132744,544,0.5,0,3.748,-59.2,-75.9,-16.7,152.34,120,16629,18281,15589,20678,990,TRUE,1,3.248,0.9819309123117803,20.886868686868688,2692
2026-05-01T13:28:28.332,T1,20260501_132744,548,0.5,0,3.021,-60.1,-77.8,-17.8,129.69,128,16475,16600,10957,17370,936,TRUE,1,2.521,1.1957034510287767,18.557692307692307,5643
2026-05-01T13:28:28.422,T1,20260501_132744,549,0.5,0,3.035,-59.8,-76.5,-16.7,133.63,128,16905,17105,11605,17294,924,TRUE,1,2.535,1.1776384535005224,18.716450216450216,5500
2026-05-01T13:28:28.512,T1,20260501_132744,550,0.5,0,3.016,-59.9,-78.6,-18.7,152.87,100,17073,15287,9503,17093,923,TRUE,1,2.516,1.3774102460669624,18.51895991332611,5784
2026-05-01T13:28:28.632,T1,20260501_132744,551,0.5,0,3.11,-59.3,-76,-16.6,138.59,120,14347,16631,15594,17456,915,TRUE,1,2.61,0.8904266873545384,19.07759563,1037
2026-05-01T13:28:28.722,T1,20260501_132744,552,0.5,0,3.138,-59.4,-76.6,-17.2,128.21,136,17804,17436,17333,23095,1053,TRUE,1,2.638,1.0241306911329058,21.932573599240264,103
2026-05-01T13:28:28.932,T1,20260501_132744,554,0.5,0,3.021,-59.2,-77.1,-17.9,139.96,120,15750,16795,11769,17525,913,TRUE,1,2.521,1.1027867245483827,19.194961664841184,5026
2026-05-01T13:28:29.174,T1,20260501_132744,556,0.5,0,4.334,-59.3,-77.1,-17.8,143.72,116,15940,16672,12116,17666,919,TRUE,1,3.834,1.1074058635542587,19.223068552774755,4556
2026-05-01T13:28:29.654,T1,20260501_132744,560,0.5,0,3.072,-59.7,-75.8,-16.1,127.45,136,16149,17333,14307,17761,935,TRUE,1,2.572,1.0207964601769912,18.99572192513369,3026
2026-05-01T13:28:29.833,T1,20260501_132744,562,0.5,0,3.776,-65.5,-82.1,-16.6,134.82,56,6636,7550,7026,3623,515,TRUE,1,3.276,0.9105378704720087,7.034951456310679,524
2026-05-01T13:28:30.043,T1,20260501_132744,564,0.5,0,3.021,-59.5,-78,-18.5,119.45,132,17786,15768,12980,20112,987,TRUE,1,2.521,1.2373730346458884,20.376899696048632,2788
2026-05-01T13:28:30.284,T1,20260501_132744,566,0.5,0,3.199,-59.4,-76,-16.5,137.47,124,16048,17046,13803,17646,923,TRUE,1,2.699,1.0404227041395182,19.118093174431202,3243
2026-05-01T13:28:30.762,T1,20260501_132744,570,0.5,0,3.11,-59.1,-76.2,-17.1,159.54,108,13298,17230,16674,18742,940,TRUE,1,2.61,0.7844502123643228,19.938297872340424,556
2026-05-01T13:28:30.853,T1,20260501_132744,571,0.5,0,3.682,-58.9,-76.2,-17.4,124.99,132,16136,16499,12678,17542,903,TRUE,1,3.182,1.1060767042533501,19.426356589147286,3821
2026-05-01T13:28:30.942,T1,20260501_132744,572,0.5,0,3.119,-58.8,-75.6,-16.9,126.46,136,14793,17199,16491,19262,942,TRUE,1,2.619,0.8781834372217275,20.447983014861997,708
2026-05-01T13:28:31.032,T1,20260501_132744,573,0.5,0,3.466,-59.2,-75.9,-16.6,130.73,128,15285,16734,14910,17707,918,TRUE,1,2.966,0.966059917,19.28867102396514,1824
2026-05-01T13:28:31.154,T1,20260501_132744,574,0.5,0,3.771,-58.7,-76.4,-17.7,152.48,104,15014,15858,17533,20257,964,TRUE,1,3.271,0.8992842382677967,21.013485477178424,1675
2026-05-01T13:28:31.724,T1,20260501_132744,579,0.5,0,3.039,-59.5,-79.4,-19.9,106.96,168,16144,17969,10439,20838,1006,TRUE,1,2.539,1.1365812447197972,20.71371769383698,7530
2026-05-01T13:28:32.082,T1,20260501_132744,582,0.5,0,3.016,-59.4,-76.9,-17.5,147.38,112,16475,16506,17770,21922,1027,TRUE,1,2.516,0.9613140389777104,21.345666991236612,1264
2026-05-01T13:28:32.173,T1,20260501_132744,583,0.5,0,3.813,-59.1,-76.8,-17.7,166.19,108,15467,17948,14502,19969,970,TRUE,1,3.313,0.9532819722650231,20.58659793814433,3446
2026-05-01T13:28:32.262,T1,20260501_132744,584,0.5,0,3.039,-59.5,-77.1,-17.6,120.62,136,16447,16405,11390,17212,913,TRUE,1,2.539,1.1834502608382802,18.852135815991236,5015
2026-05-01T13:28:32.384,T1,20260501_132744,585,0.5,0,3.213,-59,-79.2,-20.2,123.38,144,18675,17766,10122,23688,1053,TRUE,1,2.713,1.3392857142857142,22.495726495726494,7644
2026-05-01T13:28:32.473,T1,20260501_132744,586,0.5,0,3.082,-59.3,-78.3,-18.9,164.25,100,17104,16425,9454,18401,939,TRUE,1,2.582,1.3218439661501604,19.596379126730564,6971
2026-05-01T13:28:32.562,T1,20260501_132744,587,0.5,0,2.988,-59.8,-75.7,-15.9,121.23,140,16279,16972,13712,17012,916,TRUE,1,2.488,1.0610741754660409,18.572052401746724,3260
2026-05-01T13:28:32.772,T1,20260501_132744,589,0.5,0,3.79,-60.3,-76.4,-16.1,189.68,92,16962,17451,12518,17325,943,TRUE,1,3.29,1.1319697020254262,18.37221633085896,4933
2026-05-01T13:28:32.894,T1,20260501_132744,590,0.5,0,2.983,-59.3,-78.9,-19.6,149.49,112,18388,16743,10037,21187,1007,TRUE,1,2.483,1.3732636295743093,21.039721946375373,6706
2026-05-01T13:28:32.982,T1,20260501_132744,591,0.5,0,3.208,-59.7,-76.4,-16.7,116.83,148,16885,17291,12941,18174,946,TRUE,1,2.708,1.1170283143688806,19.211416490486258,4350
2026-05-01T13:28:33.102,T1,20260501_132744,592,0.5,0,3.039,-59.3,-75.8,-16.5,128.47,132,16380,16958,13370,17496,915,TRUE,1,2.539,1.0801899235030334,19.121311475409836,3588
2026-05-01T13:28:33.343,T1,20260501_132744,594,0.5,0,3.11,-59.4,-76.7,-17.3,122.97,132,17131,16232,15421,20035,981,TRUE,1,2.61,1.0824250465990586,20.42303772,811
2026-05-01T13:28:33.404,T1,20260501_132744,595,0.5,0,3.171,-59.4,-76.7,-17.3,137.24,124,16493,17018,13735,18869,954,TRUE,1,2.671,1.0726108021981595,19.77882599580713,3283
2026-05-01T13:28:33.522,T1,20260501_132744,596,0.5,0,3.982,-60.7,-77.6,-16.9,124.61,128,16701,15950,10553,15789,912,TRUE,1,3.482,1.2603101535675207,17.3125,5397
2026-05-01T13:28:33.612,T1,20260501_132744,597,0.5,0,3.067,-58.9,-77.9,-18.9,122.01,152,18083,18545,12210,23149,1038,TRUE,1,2.567,1.1759388717281742,22.301541425818883,6335
2026-05-01T13:28:33.732,T1,20260501_132744,598,0.5,0,3.855,-59.1,-77.2,-18.1,167.29,96,16797,16060,10784,17441,908,TRUE,1,3.355,1.251452838623156,19.20814977973568,5276
2026-05-01T13:28:33.822,T1,20260501_132744,599,0.5,0,3.002,-60.1,-78.6,-18.5,172.9,104,17319,17982,10406,20010,1007,TRUE,1,2.502,1.2201634493447935,19.87090367428004,7576
2026-05-01T13:28:33.914,T1,20260501_132744,600,0.5,0,4.104,-60.2,-75.5,-15.3,181.79,96,16898,17452,13506,16999,929,TRUE,1,3.604,1.0916725886685186,18.298170075349837,3946
2026-05-01T13:28:34.153,T1,20260501_132744,602,0.5,0,4.582,-60.8,-75.4,-14.6,174.11,96,14712,16715,15318,15299,900,TRUE,1,4.082,0.9185527424843131,16.99888888888889,1397
2026-05-01T13:28:34.363,T1,20260501_132744,604,0.5,0,4.029,-59.9,-75.7,-15.8,156.06,108,15029,16855,14461,16363,902,TRUE,1,3.529,0.9598288414867799,18.14079822616408,2394
2026-05-01T13:28:34.454,T1,20260501_132744,605,0.5,0,3.082,-59.1,-76,-16.9,142.38,124,15635,17655,16949,20658,988,TRUE,1,2.582,0.903652757,20.908906882591094,706
2026-05-01T13:28:34.572,T1,20260501_132744,606,0.5,0,3.255,-59.5,-76.5,-17,111.84,152,14731,17000,14458,17672,925,TRUE,1,2.755,0.9365503210630046,19.104864864864865,2542
2026-05-01T13:28:34.722,T1,20260501_132744,607,0.5,0,3.049,-57.4,-77.5,-20.2,132.39,120,16968,15887,9740,19522,904,TRUE,1,2.549,1.3242283529090413,21.595132743362832,6147
2026-05-01T13:28:34.992,T1,20260501_132744,610,0.5,0,3.096,-59.8,-75.6,-15.9,159.69,104,14492,16608,15865,16829,912,TRUE,1,2.596,0.8925568934191482,18.452850877192983,743
2026-05-01T13:28:35.112,T1,20260501_132744,611,0.5,0,3.204,-59.9,-75.3,-15.3,164.77,100,14964,16477,15824,16420,905,TRUE,1,2.704,0.9265347822048853,18.14364640883978,653
2026-05-01T13:28:35.202,T1,20260501_132744,612,0.5,0,3.053,-58.9,-76.8,-17.8,147.16,120,14533,17659,14735,19363,950,TRUE,1,2.553,0.8972649256035068,20.382105263157897,2924
2026-05-01T13:28:35.292,T1,20260501_132744,613,0.5,0,3.227,-59.6,-75.2,-15.6,135.2,128,16603,17305,16963,19348,971,TRUE,1,2.727,0.9690089879771215,19.925849639546858,342
2026-05-01T13:28:35.412,T1,20260501_132744,614,0.5,0,3.035,-59.6,-78.6,-18.9,148.52,108,18100,16040,10242,19455,976,TRUE,1,2.535,1.3773685412069097,19.93340163934426,5798
2026-05-01T13:28:35.772,T1,20260501_132744,617,0.5,0,4.024,-59.3,-76.7,-17.5,132.98,124,16228,16489,11577,17050,902,TRUE,1,3.524,1.1564170170312833,18.902439024390244,4912
2026-05-01T13:28:35.862,T1,20260501_132744,618,0.5,0,3.991,-58.8,-78.8,-19.9,149.86,104,17886,15585,10353,20268,968,TRUE,1,3.491,1.3791348600508906,20.93801652892562,5232
2026-05-01T13:28:35.953,T1,20260501_132744,619,0.5,0,3.546,-59.2,-76.8,-17.6,97.9,168,16583,16447,14427,19337,958,TRUE,1,3.046,1.0742372222582108,20.184759916492695,2020
2026-05-01T13:28:36.073,T1,20260501_132744,620,0.5,0,3.18,-58.5,-76.2,-17.7,139.62,128,16579,17872,16625,22520,1011,TRUE,1,2.68,0.9611850305823695,22.274975272007914,1247
2026-05-01T13:28:36.282,T1,20260501_132744,622,0.5,0,4.02,-60.4,-79.9,-19.5,150.97,92,14241,13889,8919,13952,847,TRUE,1,3.5199999999999996,1.2487723605752368,16.472255017709564,4970
2026-05-01T13:28:36.492,T1,20260501_132744,624,0.5,0,3.354,-59.3,-76.1,-16.8,144.42,124,16779,17908,17278,21922,1023,TRUE,1,2.854,0.9537315977945774,21.42913000977517,630
2026-05-01T13:28:36.582,T1,20260501_132744,625,0.5,0,3.002,-59.3,-77.4,-18.1,159.67,116,18717,18522,13579,23310,1057,TRUE,1,2.502,1.1661318962026106,22.05298013245033,4943
2026-05-01T13:28:36.702,T1,20260501_132744,626,0.5,0,3.194,-59.3,-76.3,-17,136.83,124,15711,16967,13204,17561,915,TRUE,1,2.694,1.0414636571542208,19.192349726775955,3763
2026-05-01T13:28:36.912,T1,20260501_132744,628,0.5,0,3.935,-59.3,-76.1,-16.8,147.4,116,17547,17098,17518,22142,1028,TRUE,1,3.435,1.0138086434018951,21.538910505836576,420
2026-05-01T13:28:37.242,T1,20260501_132744,631,0.5,0,3.447,-59.2,-76.2,-17,195.05,88,14831,17164,14196,17666,917,TRUE,1,2.947,0.9458545918367347,19.264994547437297,2968
2026-05-01T13:28:37.392,T1,20260501_132744,632,0.5,0,3.171,-80,-77.7,2.4,181.51,84,17141,15247,10175,4078,904,FALSE,1,2.671,1.3485170324915428,4.511061946902655,5072
2026-05-01T13:28:37.454,T1,20260501_132744,633,0.5,0,3.208,-60.4,-77.1,-16.7,125.52,132,16724,16568,11168,16373,920,TRUE,1,2.708,1.2059417363715028,17.796739130434784,5400
2026-05-01T13:28:37.542,T1,20260501_132744,634,0.5,0,3.128,-59.8,-75.6,-15.8,138.95,128,16410,17786,14280,17970,943,TRUE,1,2.628,1.0235140023701117,19.056203605514316,3506
2026-05-01T13:37:17.682,T1,20260501_133717,5379,0.05,0,4.878,-59.8,-76.1,-16.3,151.15,120,16836,18138,15764,20269,1002,TRUE,1,4.828,0.9932157394843962,20.22854291417166,2374
2026-05-01T13:37:17.829,T1,20260501_133717,5380,0.05,0,4.639,-59.8,-76.3,-16.5,158.91,112,17244,17798,12920,18632,960,TRUE,1,4.589,1.1227293443583566,19.408333333333335,4878
2026-05-01T13:37:17.920,T1,20260501_133717,5381,0.05,0,3.518,-59.8,-76.3,-16.5,171.75,100,17041,17175,11601,17179,923,TRUE,1,3.468,1.1843897692521546,18.612134344528712,5574
2026-05-01T13:37:17.980,T1,20260501_133717,5382,0.05,0,3.199,-57.8,-76.9,-19.1,204.88,80,16741,16390,10426,18733,900,TRUE,1,3.149,1.248582935560859,20.814444444444444,5964
2026-05-01T13:37:18.099,T1,20260501_133717,5383,0.05,0,3.921,-67,-83.9,-16.9,178.73,40,6594,7149,4417,2805,477,TRUE,1,3.871,1.140238630468615,5.880503144654088,2732
2026-05-01T13:37:18.430,T1,20260501_133717,5386,0.05,0,3.935,-58.2,-75.2,-17.1,160.78,112,16140,18007,16720,21419,974,TRUE,1,3.8850000000000002,0.9295360958332134,21.99075975359343,1287
2026-05-01T13:37:19.272,T1,20260501_133717,5393,0.05,0,4.151,-59.7,-77,-17.3,207.99,84,14774,17471,13144,17546,930,TRUE,1,4.101,0.9651478033643639,18.866666666666667,4327
2026-05-01T13:37:19.360,T1,20260501_133717,5394,0.05,0,3.255,-59.3,-75.6,-16.2,164.38,108,16465,17753,14259,18506,942,TRUE,1,3.205,1.0286767462201674,19.64543524416136,3494
2026-05-01T13:37:43.449,T1,20260501_133743,5613,0.5,0,4.128,-64.5,-80.6,-16.2,162.92,60,8440,9775,8465,5554,616,TRUE,1,3.628,0.9254385964912281,9.016233766233766,1310
2026-05-01T13:37:43.811,T1,20260501_133743,5616,0.5,0,4.081,-68.4,-83.5,-15.1,170.89,28,4322,4785,4084,1259,336,TRUE,1,3.5810000000000004,0.9746307362724095,3.7470238095238093,701
2026-05-01T13:37:44.050,T1,20260501_133743,5618,0.5,0,3.274,-59.6,-75.6,-15.9,148.07,112,14743,16584,15211,16596,901,TRUE,1,2.774,0.9273785186350055,18.41953385127636,1373
2026-05-01T13:37:44.229,T1,20260501_133743,5620,0.5,0,3.823,-69.2,-84.5,-15.3,159.14,28,4343,4456,4359,1271,347,TRUE,1,3.323,0.9853658536585366,3.6628242074927955,97
2026-05-01T13:37:44.320,T1,20260501_133743,5621,0.5,0,3.138,-60.1,-76.2,-16.1,139.48,120,16976,16737,16400,19458,992,TRUE,1,2.638,1.0245948637474727,19.614919354838708,337
2026-05-01T13:37:44.560,T1,20260501_133743,5623,0.5,0,4.203,-69.5,-88.2,-18.7,119.54,24,3233,2869,2142,669,254,TRUE,1,3.7030000000000003,1.2903612053482338,2.6338582677165356,727
2026-05-01T13:37:44.649,T1,20260501_133743,5624,0.5,0,3.096,-59.1,-76.2,-17,183.99,100,17304,18399,14753,21188,1000,TRUE,1,2.596,1.0439189189189189,21.188,3646
2026-05-01T13:37:44.740,T1,20260501_133743,5625,0.5,0,3.147,-59.3,-77.2,-17.9,183.91,96,15282,17655,12376,18356,937,TRUE,1,2.647,1.0177483267290466,19.590181430096052,5279
2026-05-01T13:37:44.861,T1,20260501_133743,5626,0.5,0,3.316,-59.3,-75.5,-16.2,189.36,88,13846,16664,15603,16664,892,TRUE,1,2.816,0.858214275,18.681614349775785,1061
2026-05-01T13:37:44.951,T1,20260501_133743,5627,0.5,0,3.274,-59.4,-76.1,-16.7,141.68,124,16846,17568,13203,18597,946,TRUE,1,2.774,1.0949270416951025,19.658562367864693,4365
2026-05-01T13:37:45.039,T1,20260501_133743,5628,0.5,0,3.893,-59.1,-76.1,-16.9,141.98,128,16353,18173,15240,20406,982,TRUE,1,3.393,0.9788405710352258,20.780040733197556,2933
2026-05-01T13:37:45.280,T1,20260501_133743,5630,0.5,0,3.166,-58.8,-75.8,-17,201.35,84,15144,16913,14748,18088,915,TRUE,1,2.666,0.9566343450933324,19.768306010928963,2165
2026-05-01T13:37:45.491,T1,20260501_133743,5632,0.5,0,3.185,-59.2,-76,-16.8,142.96,124,16680,17727,13624,18918,948,TRUE,1,2.685,1.0640808905617045,19.955696202531644,4103
2026-05-01T13:37:45.609,T1,20260501_133743,5633,0.5,0,3.138,-58.9,-75.6,-16.7,202.25,88,14914,17798,16414,19496,953,TRUE,1,2.638,0.8718578276628084,20.457502623294857,1384
2026-05-01T13:37:45.700,T1,20260501_133743,5634,0.5,0,3.227,-57.5,-77.7,-20.1,215.55,76,17565,16382,9648,20549,932,TRUE,1,2.727,1.3495966192854398,22.048283261802574,6734
2026-05-01T13:37:45.821,T1,20260501_133743,5635,0.5,0,3.94,-77,-88.4,-11.5,162,16,2364,2592,2269,315,226,TRUE,1,3.44,0.9726393746142769,1.3938053097345133,323
2026-05-01T13:37:46.031,T1,20260501_133743,5637,0.5,0,3.926,-59.2,-77.4,-18.2,161.8,104,16112,16827,10823,17722,918,TRUE,1,3.426,1.1654249547920434,19.305010893246187,6004
2026-05-01T13:37:46.871,T1,20260501_133743,5644,0.5,0,4.188,-69.4,-84.1,-14.6,159.46,28,4473,4465,3328,1070,321,TRUE,1,3.6879999999999997,1.1479532914153727,3.3333333333333335,1137
2026-05-01T13:37:46.961,T1,20260501_133743,5645,0.5,0,3.316,-59.4,-75.6,-16.2,194.81,84,15832,16364,13683,16467,891,TRUE,1,2.816,1.0538156887542849,18.48148148148148,2681
2026-05-01T13:37:47.319,T1,20260501_133743,5648,0.5,0,3.832,-86.8,-91.2,-4.4,149.75,8,1127,1198,1034,65,144,FALSE,1,3.332,1.0098566308243728,0.4513888888888889,164
2026-05-01T13:37:47.415,T1,20260501_133743,5649,0.5,0,3.452,-59,-75.9,-16.9,220.78,76,15624,16779,14104,17826,913,TRUE,1,2.952,1.0118187999870478,19.524644030668128,2675
2026-05-01T13:37:47.471,T1,20260501_133743,5650,0.5,0,3.363,-60.3,-76.4,-16.1,170.98,92,17550,15730,14901,17990,960,TRUE,1,2.863,1.1458979465247625,18.739583333333332,829
2026-05-01T13:37:47.591,T1,20260501_133743,5651,0.5,0,3.189,-57.4,-76.5,-19.1,161.38,104,16851,16784,11411,19864,912,TRUE,1,2.689,1.195318319,21.780701754385966,5373
2026-05-01T13:37:47.769,T1,20260501_133743,5652,0.5,0,3.283,-59.6,-77.1,-17.5,180.43,96,15456,17321,12425,17739,930,TRUE,1,2.783,1.039198547703893,19.074193548387097,4896
2026-05-01T13:37:47.919,T1,20260501_133743,5654,0.5,0,4.24,-74.6,-88.1,-13.4,129,20,2703,2580,2572,401,235,TRUE,1,3.74,1.0493012422360248,1.7063829787234042,8
2026-05-01T13:37:48.249,T1,20260501_133743,5657,0.5,0,3.053,-59.2,-75.8,-16.6,165.72,108,16078,17898,14650,19053,952,TRUE,1,2.553,0.9879562492319036,20.013655462184875,3248
2026-05-01T13:37:48.341,T1,20260501_133743,5658,0.5,0,3.297,-58,-78.7,-20.7,147.49,108,17759,15929,10271,21439,969,TRUE,1,2.797,1.355648854961832,22.12487100103199,5658
2026-05-01T13:37:48.460,T1,20260501_133743,5659,0.5,0,3.279,-59.3,-76,-16.7,149.53,116,13815,17345,15981,18091,930,TRUE,1,2.779,0.8290823981275881,19.45268817204301,1364
2026-05-01T13:37:48.940,T1,20260501_133743,5663,0.5,0,4.081,-59.6,-76.4,-16.8,142.33,120,16812,17080,17442,21337,1021,TRUE,1,3.5810000000000004,0.9739876021088002,20.898139079333987,362
2026-05-01T13:37:49.362,T1,20260501_133743,5667,0.5,0,4.184,-66.4,-83.7,-17.2,164.93,28,4408,4618,3661,1358,326,TRUE,1,3.684,1.0648629061480854,4.1656441717791415,957
2026-05-01T13:37:49.494,T1,20260501_133743,5668,0.5,0,3.879,-59.3,-75.4,-16.1,145.98,120,16052,17517,14665,18111,930,TRUE,1,3.379,0.9975762848797465,19.474193548387095,2852
2026-05-01T13:37:49.571,T1,20260501_133743,5669,0.5,0,4.198,-59.1,-75.4,-16.3,169.09,104,16739,17585,13697,18236,927,TRUE,1,3.6980000000000004,1.0702001150821558,19.672060409924487,3888
2026-05-01T13:37:49.691,T1,20260501_133743,5670,0.5,0,4.207,-58.7,-75.5,-16.8,190.97,92,15303,17569,16750,20026,958,TRUE,1,3.707,0.8918092018998223,20.903966597077243,819
2026-05-01T13:37:49.780,T1,20260501_133743,5671,0.5,0,3.255,-58.6,-75.6,-17.1,156.43,112,13745,17520,16009,18649,921,TRUE,1,2.755,0.8198872617733902,20.248642779587406,1511
2026-05-01T13:37:49.870,T1,20260501_133743,5672,0.5,0,4.198,-58.7,-75.7,-17,158.98,112,14765,17806,16603,20053,959,TRUE,1,3.6980000000000004,0.8582057019965706,20.910323253388945,1203
2026-05-01T13:37:50.079,T1,20260501_133743,5674,0.5,0,4.09,-59.7,-76.2,-16.5,145.09,116,13448,16830,15551,16894,911,TRUE,1,3.59,0.8306105432197893,18.544456641053788,1279
2026-05-01T13:37:50.560,T1,20260501_133743,5678,0.5,0,4.268,-67,-83.1,-16,145.73,40,5437,5829,4521,1940,398,TRUE,1,3.768,1.0506280193236714,4.874371859296482,1308
2026-05-01T13:37:50.651,T1,20260501_133743,5679,0.5,0,3.715,-59.8,-76,-16.3,143.55,120,15664,17226,16978,19496,981,TRUE,1,3.215,0.9159162671032628,19.873598369011212,248
2026-05-01T13:37:50.769,T1,20260501_133743,5680,0.5,0,3.269,-59.2,-78.1,-19,146.17,104,17668,15202,11179,18884,946,TRUE,1,2.769,1.3394488457602063,19.961945031712474,4023
2026-05-01T13:37:50.859,T1,20260501_133743,5681,0.5,0,4.582,-59.2,-77.8,-18.6,147.94,116,15741,17161,11132,18336,933,TRUE,1,4.082,1.1127133920050896,19.65273311897106,6029
2026-05-01T13:37:51.191,T1,20260501_133743,5684,0.5,0,3.466,-59,-77.3,-18.3,188.67,88,17052,16603,9478,17758,912,TRUE,1,2.966,1.3076185729074805,19.471491228070175,7125
2026-05-01T13:37:51.399,T1,20260501_133743,5686,0.5,0,3.171,-56.7,-75.6,-18.9,236.18,72,16073,17005,13998,20942,914,TRUE,1,2.671,1.0368673999290392,22.91247264770241,3007
2026-05-01T13:37:51.999,T1,20260501_133743,5691,0.5,0,3.152,-59.7,-77.3,-17.6,201.31,80,16812,16105,11465,17342,924,TRUE,1,2.652,1.2195865070729053,18.76839826839827,4640
2026-05-01T13:37:52.090,T1,20260501_133743,5692,0.5,0,4.113,-93.1,-78.5,14.5,203.62,76,17343,15475,10863,816,952,FALSE,1,3.6130000000000004,1.3169564887235174,0.8571428571428571,4612
2026-05-01T13:37:52.539,T1,20260501_133743,5696,0.5,0,3.264,-58.1,-75.6,-17.5,231.96,80,18740,18557,16044,24364,1035,TRUE,1,2.764,1.0832056876968874,23.540096618357488,2513
2026-05-01T13:37:52.691,T1,20260501_133743,5697,0.5,0,3.307,-59.7,-75.9,-16.2,148.56,124,16348,18422,16288,20360,1002,TRUE,1,2.807,0.9419763756842409,20.31936127744511,2134
2026-05-01T13:37:52.869,T1,20260501_133743,5699,0.5,0,3.799,-59.8,-76,-16.2,146.35,116,17399,16977,17581,21051,1019,TRUE,1,3.299,1.0069448463452746,20.658488714425907,604
2026-05-01T13:37:53.079,T1,20260501_133743,5701,0.5,0,3.086,-59.8,-76.9,-17.1,170.04,92,17169,15644,13790,18176,949,TRUE,1,2.586,1.1666100428076374,19.152792413066386,1854
2026-05-01T13:37:53.199,T1,20260501_133743,5702,0.5,0,3.232,-73,-78.1,-5.1,139.07,112,17295,15576,11621,7340,950,FALSE,1,2.732,1.2718314519983822,7.726315789473684,3955
2026-05-01T13:37:53.289,T1,20260501_133743,5703,0.5,0,3.325,-57.4,-78.4,-21,150.47,116,16931,17455,9859,22473,970,TRUE,1,2.825,1.2397305411144468,23.168041237113403,7596
2026-05-01T13:37:53.499,T1,20260501_133743,5705,0.5,0,3.874,-73.8,-87.4,-13.7,152.7,20,2710,3054,2627,462,245,TRUE,1,3.374,0.954057384,1.8857142857142857,427
2026-05-01T13:37:53.741,T1,20260501_133743,5707,0.5,0,4.217,-65.1,-83.6,-18.4,229,24,5753,5496,3272,2018,380,TRUE,1,3.7169999999999996,1.312271897810219,5.310526315789474,2224
2026-05-01T13:37:53.829,T1,20260501_133743,5708,0.5,0,4.418,-59.5,-76.6,-17,203.23,84,15144,17071,12870,16960,908,TRUE,1,3.918,1.0115894592698975,18.6784141,4201
2026-05-01T13:37:54.281,T1,20260501_133743,5712,0.5,0,3.71,-88.6,-92,-3.4,78.83,12,1085,946,942,49,140,FALSE,1,3.21,1.1493644067796611,0.35,4
2026-05-01T13:37:54.639,T1,20260501_133743,5715,0.5,0,3.485,-59.6,-79.7,-20.1,175.62,84,17846,14752,8347,18470,951,TRUE,1,2.985,1.545175115805879,19.42166140904311,6405
2026-05-01T13:37:54.729,T1,20260501_133743,5716,0.5,0,3.344,-59.9,-76.5,-16.6,172.93,100,14067,17293,14422,16936,918,TRUE,1,2.844,0.8870881286457513,18.44880174291939,2871
2026-05-01T13:37:54.849,T1,20260501_133743,5717,0.5,0,4.217,-59.3,-75.7,-16.4,198.89,88,13628,17502,16386,18001,927,TRUE,1,3.7169999999999996,0.804296506,19.418554476806904,1116
2026-05-01T13:37:54.941,T1,20260501_133743,5718,0.5,0,4.217,-59.3,-77.3,-18,197.23,84,16927,16567,9342,17132,904,TRUE,1,3.7169999999999996,1.3066501987726273,18.951327433628318,7225
2026-05-01T13:37:55.390,T1,20260501_133743,5722,0.5,0,3.171,-59.3,-76.2,-16.9,175.21,100,17352,17521,11650,18272,935,TRUE,1,2.671,1.1896746769051456,19.542245989304813,5871
2026-05-01T13:37:55.481,T1,20260501_133743,5723,0.5,0,3.438,-59.4,-75.2,-15.8,217.12,76,14408,16501,15697,16557,892,TRUE,1,2.938,0.8949624200260886,18.56165919282511,804
2026-05-01T13:37:55.599,T1,20260501_133743,5724,0.5,0,4.92,-57.3,-75.7,-18.4,187.34,88,18151,16486,15692,23062,979,TRUE,1,4.42,1.1281620983280503,23.556690500510726,794
2026-05-01T13:37:56.170,T1,20260501_133743,5729,0.5,0,4.803,-60,-75.8,-15.8,145.71,116,14726,16902,16947,17966,949,TRUE,1,4.303,0.8700995598097433,18.931506849315067,45
2026-05-01T13:37:56.259,T1,20260501_133743,5730,0.5,0,4.554,-60.4,-76,-15.6,195.27,88,16487,17184,16275,18647,980,TRUE,1,4.054,0.9855046474790041,19.027551020408165,909
2026-05-01T13:37:56.382,T1,20260501_133743,5731,0.5,0,4.221,-58.4,-75.2,-16.9,173.62,100,14589,17362,15414,18374,908,TRUE,1,3.721,0.8902245545521112,20.23568281938326,1948
2026-05-01T13:37:56.442,T1,20260501_133743,5732,0.5,0,3.419,-59.7,-76.2,-16.6,217.99,76,16265,16567,12419,16627,903,TRUE,1,2.919,1.122265921479335,18.413067552602435,4148
2026-05-01T13:37:56.799,T1,20260501_133743,5735,0.5,0,4.798,-59.8,-77.4,-17.7,206.9,80,16809,16552,9162,16554,904,TRUE,1,4.298,1.307381193124368,18.311946902654867,7390
2026-05-01T13:37:56.919,T1,20260501_133743,5736,0.5,0,4.301,-59.9,-76.1,-16.1,198.61,84,17393,16683,17208,20415,1009,TRUE,1,3.801,1.026408190965153,20.232903865213082,525
2026-05-01T13:37:57.040,T1,20260501_133743,5737,0.5,0,4.892,-59.9,-75.9,-16,172.39,100,16560,17239,14184,17790,942,TRUE,1,4.392,1.0540050281640836,18.88535031847134,3055
2026-05-01T13:37:57.100,T1,20260501_133743,5738,0.5,0,4.113,-59.3,-76.8,-17.5,182.66,92,15900,16805,11620,17139,904,TRUE,1,3.6130000000000004,1.1187335092348285,18.95907079646018,5185
2026-05-01T13:37:57.431,T1,20260501_133743,5741,0.5,0,3.208,-59.3,-75.4,-16.1,173.82,104,15543,18077,16430,19489,964,TRUE,1,2.708,0.9008606949314631,20.216804979253112,1647
2026-05-01T13:37:57.551,T1,20260501_133743,5742,0.5,0,3.34,-59.1,-75.2,-16.1,156.99,108,15688,16955,14776,17504,908,TRUE,1,2.84,0.9888122025779207,19.277533039647576,2179
2026-05-01T13:37:57.760,T1,20260501_133743,5744,0.5,0,3.236,-59.2,-75.6,-16.4,150.03,112,15345,16803,16897,19010,950,TRUE,1,2.736,0.9106824925816024,20.010526315789473,94
2026-05-01T13:37:57.879,T1,20260501_133743,5745,0.5,0,4.667,-58.7,-76.5,-17.8,180.08,96,16843,17288,17016,22783,1022,TRUE,1,4.167,0.9819846082089553,22.292563600782778,272
2026-05-01T13:37:58.061,T1,20260501_133743,5747,0.5,0,3.316,-59.7,-77.7,-18,206.05,84,15722,17308,10977,17632,932,TRUE,1,2.816,1.1116846385009722,18.918454935622318,6331
2026-05-01T13:37:58.540,T1,20260501_133743,5751,0.5,0,3.405,-59.6,-75.3,-15.7,176.16,96,14152,16911,15324,16326,892,TRUE,1,2.905,0.878051807,18.30269058295964,1587
2026-05-01T13:37:58.654,T1,20260501_133743,5752,0.5,0,3.677,-59.1,-76.5,-17.4,126.61,140,16652,17726,14620,20467,981,TRUE,1,3.177,1.0296172633401348,20.863404689092764,3106
2026-05-01T13:37:58.749,T1,20260501_133743,5753,0.5,0,4.259,-63.2,-79.8,-16.6,180,68,11433,12240,9027,8666,737,TRUE,1,3.7590000000000003,1.0751869092960926,11.758480325644506,3213
2026-05-01T13:37:58.961,T1,20260501_133743,5755,0.5,0,3.293,-59.2,-76.1,-16.9,186.38,92,16296,17147,13314,18118,926,TRUE,1,2.793,1.0699583073438166,19.565874730021598,3833
2026-05-01T13:37:59.051,T1,20260501_133743,5756,0.5,0,3.386,-59.4,-75.6,-16.2,212.07,84,16828,17814,14680,19043,959,TRUE,1,2.886,1.035760448082723,19.857142857142858,3134
2026-05-01T13:37:59.169,T1,20260501_133743,5757,0.5,0,3.49,-59.9,-76.9,-16.9,200.26,84,14486,16822,13508,16570,910,TRUE,1,2.99,0.955225849,18.208791208791208,3314
2026-05-01T13:37:59.379,T1,20260501_133743,5759,0.5,0,3.457,-59.3,-75.3,-16,158.29,108,16426,17095,13930,17390,912,TRUE,1,2.957,1.0588879935535858,19.06798245614035,3165
2026-05-01T13:37:59.710,T1,20260501_133743,5762,0.5,0,4.174,-79.9,-76.6,3.2,176.32,92,16357,16221,16872,4972,992,FALSE,1,3.6740000000000004,0.9885474269482972,5.012096774193548,651
2026-05-01T13:37:59.950,T1,20260501_133743,5764,0.5,0,4.174,-60.3,-76.1,-15.7,205.87,84,14612,17293,14826,16574,922,TRUE,1,3.6740000000000004,0.9098664341978269,17.976138828633406,2467
2026-05-01T13:38:00.040,T1,20260501_133743,5765,0.5,0,3.485,-60.2,-75.6,-15.4,159.47,104,14886,16585,15474,16300,911,TRUE,1,2.985,0.9286627780030569,17.892425905598245,1111
2026-05-01T13:38:00.249,T1,20260501_133743,5767,0.5,0,3.34,-60.3,-78.7,-18.4,183.96,100,17596,18396,11148,21051,1038,TRUE,1,2.84,1.1911724884917412,20.28034682080925,7248
2026-05-01T13:38:00.701,T1,20260501_133743,5771,0.5,0,3.189,-60.3,-77.7,-17.4,137.46,116,17924,15945,12517,18627,976,TRUE,1,2.689,1.2595038999367578,19.085040983606557,3428
2026-05-01T13:38:00.848,T1,20260501_133743,5772,0.5,0,3.386,-59.7,-77.7,-18,147.59,112,16867,16530,10042,17415,926,TRUE,1,2.886,1.2695318380249887,18.80669546436285,6488
2026-05-01T13:38:00.910,T1,20260501_133743,5773,0.5,0,4.174,-60.8,-78.2,-17.5,198.21,84,17027,16650,9413,16711,941,TRUE,1,3.6740000000000004,1.3066032306334652,17.75876726886291,7237
2026-05-01T13:38:01.030,T1,20260501_133743,5774,0.5,0,4.292,-57.7,-74.6,-17,236.1,72,17045,16999,13838,19021,901,TRUE,1,3.792,1.1054901579271654,21.110987791342954,3161
2026-05-01T13:38:01.120,T1,20260501_133743,5775,0.5,0,3.189,-59.8,-75.5,-15.7,192.71,92,17113,17729,16829,20092,998,TRUE,1,2.689,0.9903929625557034,20.132264529058116,900
2026-05-01T13:38:01.211,T1,20260501_133743,5776,0.5,0,4.343,-60,-75.2,-15.2,211.66,80,14404,16933,15978,16330,906,TRUE,1,3.843,0.8753304366321291,18.024282560706403,955
2026-05-01T13:38:01.779,T1,20260501_133743,5781,0.5,0,4.981,-59.1,-78,-18.9,201.83,76,17509,15339,11739,19126,951,TRUE,1,4.481,1.2932269739271733,20.111461619348056,3600
2026-05-01T13:38:01.899,T1,20260501_133743,5782,0.5,0,3.396,-58.5,-75.8,-17.2,190.12,96,15666,18252,16169,21075,977,TRUE,1,2.896,0.910258273,21.571136131013304,2083
2026-05-01T13:38:01.989,T1,20260501_133743,5783,0.5,0,4.662,-59.9,-76.3,-16.4,130.77,132,16901,17261,18194,21648,1040,TRUE,1,4.162,0.9533775208010153,20.815384615384616,933
2026-05-01T13:38:02.319,T1,20260501_133743,5786,0.5,0,3.25,-58.2,-75.8,-17.7,211.94,80,17374,16955,11946,18940,915,TRUE,1,2.75,1.202311338708003,20.69945355191257,5009
2026-05-01T13:38:02.800,T1,20260501_133743,5790,0.5,0,4.137,-59.8,-76,-16.2,149.91,120,17268,17989,13462,18713,962,TRUE,1,3.6369999999999996,1.098089090966901,19.45218295218295,4527
2026-05-01T13:38:03.009,T1,20260501_133743,5792,0.5,0,3.25,-59.5,-77.5,-18.1,184.68,88,17876,16252,12372,19580,973,TRUE,1,2.75,1.2490217998882056,20.12332990750257,3880
2026-05-01T13:38:03.341,T1,20260501_133743,5795,0.5,0,4.371,-70.3,-84.2,-13.9,137.07,40,3409,5483,5436,1419,381,TRUE,1,3.8710000000000004,0.6244161553255793,3.7244094488188977,47
2026-05-01T13:38:03.671,T1,20260501_133743,5798,0.5,0,3.204,-59.7,-76.5,-16.8,153.32,112,16397,17172,12681,17643,931,TRUE,1,2.704,1.0985160620373162,18.950590762620838,4491
2026-05-01T13:38:03.909,T1,20260501_133743,5800,0.5,0,3.147,-57.6,-77,-19.4,212.77,88,18349,18724,13720,25553,1041,TRUE,1,2.647,1.131118234496363,24.546589817483188,5004
2026-05-01T13:38:03.999,T1,20260501_133743,5801,0.5,0,3.368,-59.3,-75.8,-16.5,173.32,100,16101,17332,17121,20325,987,TRUE,1,2.868,0.9346646155632311,20.592705167173253,211
2026-05-01T13:38:04.268,T1,20260501_133743,5803,0.5,0,3.461,-77.7,-76,1.8,211.1,80,17199,16888,11788,4864,911,FALSE,1,2.961,1.1995396847538011,5.339187705817783,5100
2026-05-01T13:38:04.449,T1,20260501_133743,5805,0.5,0,4.156,-87.4,-92.1,-4.7,141.38,8,1175,1131,693,64,146,FALSE,1,3.6559999999999997,1.2883771929824561,0.4383561643835616,438
2026-05-01T13:38:04.539,T1,20260501_133743,5806,0.5,0,4.132,-59.8,-75.7,-15.9,202.43,80,16584,16194,17067,18957,970,TRUE,1,3.6319999999999997,0.997203933,19.543298969072165,873
2026-05-01T13:38:04.749,T1,20260501_133743,5808,0.5,0,3.222,-59.2,-75.7,-16.4,137.27,120,17200,16473,17591,20785,995,TRUE,1,2.722,1.0098637858149366,20.889447236180903,1118
2026-05-01T13:38:05.229,T1,20260501_133743,5812,0.5,0,3.269,-58.3,-78.8,-20.6,132.57,112,17763,14848,9439,19727,937,TRUE,1,2.769,1.462757853995965,21.05336179295624,5409
2026-05-01T13:38:05.319,T1,20260501_133743,5813,0.5,0,4.498,-59.5,-77.1,-17.6,222.26,72,16399,16003,11058,16623,899,TRUE,1,3.998,1.2120025128413585,18.490545050055616,4945
2026-05-01T13:38:05.441,T1,20260501_133743,5814,0.5,0,4.324,-57.1,-74.6,-17.5,167.61,100,15782,16761,15559,19734,901,TRUE,1,3.824,0.9766089108910891,21.90233074,1202
2026-05-01T13:38:05.529,T1,20260501_133743,5815,0.5,0,3.363,-59.3,-75.9,-16.6,146.51,112,16489,16409,15812,19027,954,TRUE,1,2.863,1.0234939945997952,19.944444444444443,597
2026-05-01T13:38:05.741,T1,20260501_133743,5817,0.5,0,4.634,-58.7,-75.8,-17.1,184.6,92,16722,16983,17320,21613,994,TRUE,1,4.134,0.9749584584438679,21.743460764587525,337
2026-05-01T13:38:05.889,T1,20260501_133743,5818,0.5,0,3.33,-58.2,-75.8,-17.6,137.26,116,17430,15922,15991,20906,964,TRUE,1,2.83,1.0923448124588726,21.686721991701244,69
2026-05-01T13:38:05.951,T1,20260501_133743,5819,0.5,0,3.48,-60.4,-78.7,-18.3,202.07,76,17454,15357,10267,17486,950,TRUE,1,2.98,1.362316578,18.406315789473684,5090
2026-05-01T13:38:06.190,T1,20260501_133743,5821,0.5,0,4.221,-59.2,-76,-16.7,198.12,84,16504,16642,17478,20721,993,TRUE,1,3.721,0.9674091441969519,20.867069486404834,836
2026-05-01T13:38:06.280,T1,20260501_133743,5822,0.5,0,3.401,-61.8,-75.7,-13.9,146.84,116,17119,17034,17426,17629,1001,TRUE,1,2.901,0.9935577481137551,17.611388611388612,392
2026-05-01T13:38:06.371,T1,20260501_133743,5823,0.5,0,5.141,-58.9,-79,-20.1,144.71,124,17072,17944,10021,21859,1009,TRUE,1,4.641,1.2209547648846772,21.66402378592666,7923
2026-05-01T13:38:06.461,T1,20260501_133743,5824,0.5,0,3.401,-58.5,-75.8,-17.3,201.36,84,16714,16914,14835,19799,948,TRUE,1,2.901,1.0528835553875713,20.885021097046412,2079
2026-05-01T13:38:06.699,T1,20260501_133743,5826,0.5,0,3.302,-59.5,-76.9,-17.5,198.9,84,16642,16708,11769,17695,925,TRUE,1,2.802,1.1688028935632264,19.12972972972973,4939
2026-05-01T13:38:06.911,T1,20260501_133743,5828,0.5,0,3.279,-60,-77.3,-17.2,215.62,76,16107,16387,11288,16432,909,TRUE,1,2.779,1.164010840108401,18.07700770077008,5099
2026-05-01T13:38:07.239,T1,20260501_133743,5831,0.5,0,3.208,-59.5,-78.6,-19.1,200.15,84,18433,16813,9958,20642,999,TRUE,1,2.708,1.3770871465391654,20.66266266266266,6855
2026-05-01T13:38:07.841,T1,20260501_133743,5836,0.5,0,3.246,-59.9,-78.6,-18.7,199.86,88,15329,17588,10835,18391,956,TRUE,1,2.746,1.0786335010378918,19.23744769874477,6753
2026-05-01T13:38:07.931,T1,20260501_133743,5837,0.5,0,3.34,-59.8,-77.8,-18,134.82,120,17906,16178,11353,18873,966,TRUE,1,2.84,1.300788202390033,19.53726708074534,4825
2026-05-01T13:38:08.051,T1,20260501_133743,5838,0.5,0,3.335,-59.5,-76.1,-16.5,172.04,104,17181,17892,13439,18997,961,TRUE,1,2.835,1.096741246688583,19.767950052029136,4453
2026-05-01T13:38:08.199,T1,20260501_133743,5839,0.5,0,4.385,-59.4,-76.7,-17.4,209.97,76,16586,15958,12723,17493,917,TRUE,1,3.885,1.1565844984484501,19.076335877862597,3235
2026-05-01T13:38:08.229,T1,20260501_133743,5840,0.5,0,3.555,-59.2,-76.9,-17.7,222.51,76,17103,16911,10028,17629,914,TRUE,1,3.055,1.2697576005048443,19.287746170678336,6883
2026-05-01T13:38:08.350,T1,20260501_133743,5841,0.5,0,3.377,-58.9,-75.5,-16.6,186.06,96,17289,17862,15300,20462,976,TRUE,1,2.877,1.0426994753030576,20.96516393442623,2562
2026-05-01T13:38:08.561,T1,20260501_133743,5843,0.5,0,3.954,-59.1,-76.1,-17,136.87,124,16656,16972,17473,21542,1008,TRUE,1,3.454,0.9671069821454492,21.371031746031747,501
2026-05-01T13:38:08.710,T1,20260501_133743,5844,0.5,0,4.339,-57.6,-75.7,-18.1,161.53,116,18586,18738,15769,25140,1035,TRUE,1,3.8390000000000004,1.0772307068131104,24.28985507246377,2969
2026-05-01T13:38:08.769,T1,20260501_133743,5845,0.5,0,4.137,-59.7,-75.6,-15.9,180.71,96,16477,17348,13203,17117,918,TRUE,1,3.6369999999999996,1.0786553631632352,18.645969498910674,4145
2026-05-01T13:38:08.863,T1,20260501_133743,5846,0.5,0,4.376,-59.6,-76.4,-16.8,145.44,124,16926,18034,16379,21452,1024,TRUE,1,3.8760000000000003,0.9836980210966786,20.94921875,1655
2026-05-01T13:38:08.950,T1,20260501_133743,5847,0.5,0,3.574,-59.3,-76,-16.7,144.59,120,16583,17351,12788,17913,924,TRUE,1,3.074,1.1004346527754736,19.386363636363637,4563
2026-05-01T13:38:09.071,T1,20260501_133743,5848,0.5,0,3.438,-58.9,-76.1,-17.2,182.25,92,14897,16767,14476,17806,911,TRUE,1,2.938,0.9536216112409179,19.54555433589462,2291
2026-05-01T13:38:09.279,T1,20260501_133743,5850,0.5,0,4.254,-59.4,-77.8,-18.4,134.64,116,17796,15618,11758,19051,958,TRUE,1,3.7539999999999996,1.3001168907071887,19.886221294363256,3860
2026-05-01T13:38:09.639,T1,20260501_133743,5853,0.5,0,3.34,-59,-75.2,-16.2,208.14,80,14815,16651,15263,17009,893,TRUE,1,2.84,0.9284326627812245,19.04703247480403,1388
2026-05-01T13:38:09.849,T1,20260501_133743,5855,0.5,0,4.573,-59.3,-75.5,-16.2,167.16,108,17215,18053,15284,20018,978,TRUE,1,4.073,1.0327863934967154,20.468302658486706,2769
2026-05-01T13:38:18.638,T1,20260501_133743,5935,0.5,0,3.096,-57.7,-75.3,-17.6,194.16,88,17473,17086,12707,19553,914,TRUE,1,2.596,1.1729600912966134,21.39277899343545,4379
2026-05-01T13:38:18.879,T1,20260501_133743,5937,0.5,0,3.241,-58.8,-76.4,-17.5,176.39,108,17887,19050,16519,24440,1064,TRUE,1,2.741,1.0057634456970959,22.969924812030076,2531
2026-05-01T13:38:18.970,T1,20260501_133743,5938,0.5,0,3.264,-59.6,-77.8,-18.3,200.79,84,16335,16866,10380,17776,930,TRUE,1,2.764,1.1990750935917198,19.113978494623655,6486
2026-05-01T13:38:19.361,T1,20260501_133743,5941,0.5,0,3.888,-59.9,-75.9,-16,209.29,80,14568,16743,15424,16846,917,TRUE,1,3.388,0.9057729971710138,18.370774263904035,1319
2026-05-01T13:38:19.540,T1,20260501_133743,5943,0.5,0,3.11,-59.8,-75.9,-16.1,185.11,92,16468,17030,14812,18063,946,TRUE,1,2.61,1.0343571383707053,19.094080338266384,2218
2026-05-01T13:38:19.628,T1,20260501_133743,5944,0.5,0,3.152,-59.7,-77.3,-17.6,190.42,88,17512,16757,9746,17567,929,TRUE,1,2.652,1.3215107723653925,18.909580193756728,7011
2026-05-01T13:38:19.719,T1,20260501_133743,5945,0.5,0,3.926,-59.4,-76.4,-17,138.78,128,13006,17764,17154,19249,962,TRUE,1,3.426,0.7449453004181225,20.009355509355508,610
2026-05-01T13:38:19.960,T1,20260501_133743,5947,0.5,0,4.615,-60,-76.3,-16.3,139.01,128,17262,17793,13282,18611,966,TRUE,1,4.115,1.1109895414320192,19.266045548654244,4511
2026-05-01T13:38:20.049,T1,20260501_133743,5948,0.5,0,3.865,-69.6,-84.6,-15,135.12,32,3817,4324,4573,1167,337,TRUE,1,3.365,0.8580420366415645,3.462908011869436,249
2026-05-01T13:38:20.859,T1,20260501_133743,5955,0.5,0,3.016,-59.8,-78.4,-18.6,131.17,120,16670,15740,8921,16690,910,TRUE,1,2.516,1.3519322006406878,18.34065934065934,6819
2026-05-01T13:38:20.980,T1,20260501_133743,5956,0.5,0,3.18,-59.8,-78.1,-18.3,200.12,88,15372,17611,11282,18251,950,TRUE,1,2.68,1.064063960128751,19.21157894736842,6329
2026-05-01T13:38:21.189,T1,20260501_133743,5958,0.5,0,3.354,-60.3,-75.6,-15.3,188.35,92,14867,17328,16351,17301,941,TRUE,1,2.854,0.8828646931322189,18.38575982996812,977
2026-05-01T13:38:21.519,T1,20260501_133743,5961,0.5,0,4.521,-59.8,-75.4,-15.6,181.91,92,15634,16736,17109,18379,953,TRUE,1,4.021,0.9238587679125425,19.28541448058762,373
2026-05-01T13:38:21.759,T1,20260501_133743,5963,0.5,0,4.878,-59.9,-75.9,-16,148.97,120,17201,17876,14086,18788,967,TRUE,1,4.378,1.0763406545272511,19.42916235780765,3790
2026-05-01T13:38:21.849,T1,20260501_133743,5964,0.5,0,3.138,-60.3,-76.6,-16.3,169.59,92,17215,15602,15793,18545,974,TRUE,1,2.638,1.0966714444975314,19.040041067761805,191
2026-05-01T13:38:22.092,T1,20260501_133743,5966,0.5,0,3.161,-59.1,-77.3,-18.2,212.58,76,16575,16156,9581,16806,891,TRUE,1,2.661,1.2880289077981117,18.86195286195286,6575
2026-05-01T13:38:22.419,T1,20260501_133743,5969,0.5,0,3.114,-59.9,-76.9,-17,184.99,88,16481,16279,12276,16919,919,TRUE,1,2.614,1.1543337419015933,18.410228509249183,4003
2026-05-01T13:38:22.510,T1,20260501_133743,5970,0.5,0,3.898,-58.9,-75.6,-16.7,160.66,108,17221,17351,17325,21736,1005,TRUE,1,3.398,0.9932518168185489,21.627860696517413,26
2026-05-01T13:38:22.629,T1,20260501_133743,5971,0.5,0,4.601,-59,-77.4,-18.4,149.62,112,16178,16758,11441,18286,926,TRUE,1,4.101,1.1474165750558531,19.747300215982722,5317
2026-05-01T13:38:22.720,T1,20260501_133743,5972,0.5,0,3.401,-59.6,-76.1,-16.5,195.47,92,15887,17983,14944,19115,966,TRUE,1,2.901,0.9649831445318432,19.787784679089025,3039
2026-05-01T13:38:23.049,T1,20260501_133743,5975,0.5,0,4.001,-62.3,-79.1,-16.8,145.5,96,10665,13968,13476,11909,837,TRUE,1,3.5010000000000003,0.7772190642763446,14.228195937873357,492
2026-05-01T13:38:23.620,T1,20260501_133743,5980,0.5,0,4.198,-72.5,-86.1,-13.6,127.21,24,2992,3053,3249,562,259,TRUE,1,3.6980000000000004,0.9495398286258331,2.16988417,196
2026-05-01T13:38:23.889,T1,20260501_133743,5982,0.5,0,4.831,-58.2,-76.5,-18.3,176.93,88,17081,15570,12880,18958,915,TRUE,1,4.331,1.2007732864674867,20.71912568306011,2690
2026-05-01T13:38:24.069,T1,20260501_133743,5984,0.5,0,3.016,-60.3,-78,-17.7,176.61,104,17866,18367,11864,20710,1029,TRUE,1,2.516,1.1819655320697298,20.12633624878523,6503
2026-05-01T13:38:24.189,T1,20260501_133743,5985,0.5,0,4.625,-59.5,-76.5,-17,153.19,112,17360,17157,11396,17952,933,TRUE,1,4.125,1.2159843098798726,19.241157556270096,5761
2026-05-01T13:38:24.309,T1,20260501_133743,5986,0.5,0,3.194,-59,-76.5,-17.4,155.16,104,17092,16137,15420,20118,972,TRUE,1,2.694,1.0832461894349907,20.69753086419753,717
2026-05-01T13:38:24.369,T1,20260501_133743,5987,0.5,0,4.057,-57.7,-75.6,-18,137.08,120,17498,16450,17456,23264,997,TRUE,1,3.5570000000000004,1.0321477024715389,23.334002006018054,1006
2026-05-01T13:38:24.489,T1,20260501_133743,5988,0.5,0,4.958,-57.4,-76.2,-18.8,206.87,84,18446,17377,14392,23794,999,TRUE,1,4.458,1.161257829960024,23.81781781781782,2985
2026-05-01T13:38:24.617,T1,20260501_133743,5989,0.5,0,3.888,-69.9,-84.7,-14.8,169.96,28,3930,4759,4151,1173,341,TRUE,1,3.388,0.8821548821548821,3.439882697947214,608
2026-05-01T13:38:24.670,T1,20260501_133743,5990,0.5,0,3.396,-60,-76.5,-16.5,138.51,120,15936,16621,13220,16852,919,TRUE,1,2.896,1.0680607218256761,18.337323177366702,3401
2026-05-01T13:38:25.029,T1,20260501_133743,5993,0.5,0,3.11,-59.8,-76.8,-17,150.92,108,17184,16299,15922,20053,996,TRUE,1,2.61,1.0666335619626952,20.133534136546185,377
2026-05-01T13:38:25.269,T1,20260501_133743,5995,0.5,0,3.279,-59.2,-75.9,-16.7,154.55,112,14403,17310,16524,18845,947,TRUE,1,2.779,0.8513920907962405,19.899683210137276,786
2026-05-01T13:38:25.330,T1,20260501_133743,5996,0.5,0,3.996,-59.9,-76.3,-16.4,141.98,128,16215,18174,15370,19684,991,TRUE,1,3.496,0.9667898879084188,19.86276488,2804
2026-05-01T13:38:25.449,T1,20260501_133743,5997,0.5,0,3.279,-59.7,-76.4,-16.8,170.98,92,17005,15730,14391,18046,941,TRUE,1,2.779,1.1291125792636367,19.177470775770455,1339
2026-05-01T13:38:26.259,T1,20260501_133743,6004,0.5,0,4.681,-57.5,-77.5,-19.9,212.39,72,17200,15292,10205,19148,900,TRUE,1,4.181,1.3491783347060438,21.275555555555556,5087
2026-05-01T13:38:26.379,T1,20260501_133743,6005,0.5,0,3.447,-59.6,-75,-15.4,183.59,92,15436,16890,16744,17829,932,TRUE,1,2.947,0.9178807159422013,19.129828326180256,146
2026-05-01T13:38:26.530,T1,20260501_133743,6006,0.5,0,3.358,-60.2,-77,-16.7,205.36,80,16501,16429,10839,15987,903,TRUE,1,2.858,1.2102831157400615,17.704318936877076,5590
2026-05-01T13:38:26.680,T1,20260501_133743,6008,0.5,0,3.143,-60,-75.9,-15.9,132.9,124,13969,16480,15652,16267,904,TRUE,1,2.643,0.8694759118635628,17.99446902654867,828
2026-05-01T13:38:26.800,T1,20260501_133743,6009,0.5,0,4.207,-65.2,-81.7,-16.5,159.64,64,8671,10217,7224,5526,630,TRUE,1,3.707,0.9943237199701852,8.771428571428572,2993
2026-05-01T13:38:26.918,T1,20260501_133743,6010,0.5,0,3.321,-59.9,-76.4,-16.5,156.15,112,17193,17489,12238,17940,946,TRUE,1,2.821,1.1567262084973258,18.964059196617335,5251
2026-05-01T13:38:27.280,T1,20260501_133743,6013,0.5,0,4.958,-57.3,-78.9,-21.6,184.06,80,17697,14725,8734,20554,924,TRUE,1,4.458,1.508759964192847,22.244588744588743,5991
2026-05-01T13:38:27.579,T1,20260501_133743,6016,0.5,0,3.222,-59.2,-75.8,-16.6,181.65,92,16783,16712,17314,20628,989,TRUE,1,2.722,0.9864809263504379,20.85743174924166,602
2026-05-01T13:38:27.699,T1,20260501_133743,6017,0.5,0,4.264,-59.3,-76,-16.7,217.29,76,16056,16514,13130,17023,902,TRUE,1,3.7640000000000002,1.0832546215085683,18.87250554323725,3384
2026-05-01T13:38:28.149,T1,20260501_133743,6021,0.5,0,3.143,-59.4,-75.8,-16.3,190.92,92,15637,17565,14479,17984,932,TRUE,1,2.643,0.9759705405068031,19.296137339055793,3086
2026-05-01T13:38:28.599,T1,20260501_133743,6025,0.5,0,3.321,-59.6,-76.4,-16.8,165.24,100,16871,16524,16588,20276,994,TRUE,1,2.821,1.0190263348634936,20.398390342052313,64
2026-05-01T13:38:28.809,T1,20260501_133743,6027,0.5,0,4.643,-59.9,-76.3,-16.4,200.68,88,15116,17660,14540,17855,943,TRUE,1,4.143,0.9388819875776397,18.93425238600212,3120
2026-05-01T13:38:28.900,T1,20260501_133743,6028,0.5,0,4.203,-79.7,-88.9,-9.2,134.5,16,1665,2152,2068,193,194,TRUE,1,3.7030000000000003,0.7890995260663507,0.9948453608247423,84
2026-05-01T13:38:29.019,T1,20260501_133743,6029,0.5,0,3.255,-59.3,-78.5,-19.2,225.86,76,16362,17165,9840,18887,951,TRUE,1,2.755,1.211775597111646,19.860147213459516,7325
2026-05-01T13:38:29.138,T1,20260501_133743,6030,0.5,0,4.067,-60.3,-77.3,-17,134.78,116,17306,15634,13473,17897,958,TRUE,1,3.567,1.1891297626000619,18.681628392484342,2161
2026-05-01T13:38:29.199,T1,20260501_133743,6031,0.5,0,4.249,-64.2,-79.7,-15.6,192.46,56,8786,10778,9819,6477,658,TRUE,1,3.7489999999999997,0.8531339515463418,9.843465045592705,959
2026-05-01T13:38:29.680,T1,20260501_133743,6035,0.5,0,3.161,-57.7,-76.2,-18.5,223.14,80,15049,17851,15050,21175,951,TRUE,1,2.661,0.914805021,22.266035751840167,2801
2026-05-01T13:38:29.769,T1,20260501_133743,6036,0.5,0,4.02,-59.9,-76.7,-16.7,134.66,128,18078,17237,15401,20858,1021,TRUE,1,3.5199999999999996,1.1077884674306024,20.428991185112636,1836
2026-05-01T13:38:30.100,T1,20260501_133743,6039,0.5,0,4.071,-63.4,-79.4,-16,141.19,80,10589,11295,9628,7654,697,TRUE,1,3.5709999999999997,1.012187545,10.981348637015781,1667
2026-05-01T13:38:30.461,T1,20260501_133743,6042,0.5,0,3.166,-57.3,-75,-17.7,157.23,108,16569,16981,14576,20079,915,TRUE,1,2.666,1.0500998193744653,21.944262295081966,2405
2026-05-01T13:38:30.669,T1,20260501_133743,6044,0.5,0,4.029,-57.6,-75.3,-17.8,225.99,76,17255,17175,13476,20173,925,TRUE,1,3.529,1.1259012756516917,21.80864864864865,3699
2026-05-01T13:38:31.029,T1,20260501_133743,6047,0.5,0,4.095,-57.7,-76.6,-18.9,219.09,76,17096,16651,10637,19267,908,TRUE,1,3.5949999999999998,1.2530049838756963,21.219162995594715,6014
2026-05-01T13:38:31.124,T1,20260501_133743,6048,0.5,0,4.071,-59.3,-75.9,-16.6,199.36,88,13959,17544,16084,18268,934,TRUE,1,3.5709999999999997,0.8302010229570596,19.558886509635975,1460
2026-05-01T13:38:31.329,T1,20260501_133743,6050,0.5,0,3.161,-58.7,-77.1,-18.3,211.8,80,17569,16944,10321,19014,935,TRUE,1,2.661,1.2887584815697781,20.335828877005348,6623
2026-05-01T13:38:31.449,T1,20260501_133743,6051,0.5,0,3.288,-57.3,-75.5,-18.2,201.74,88,16951,17753,14104,21502,947,TRUE,1,2.788,1.0641931129736009,22.705385427666315,3649
2026-05-01T13:38:31.539,T1,20260501_133743,6052,0.5,0,3.959,-59.3,-75.9,-16.7,177.59,104,16600,18469,17601,22336,1033,TRUE,1,3.459,0.9204324923759357,21.62245885769603,868
2026-05-01T13:38:31.630,T1,20260501_133743,6053,0.5,0,3.344,-58.9,-75.8,-16.9,147.71,120,14681,17725,16108,19335,947,TRUE,1,2.844,0.8678509147873378,20.41710665258712,1617
2026-05-01T13:38:31.778,T1,20260501_133743,6054,0.5,0,3.311,-59.2,-75.8,-16.6,144.15,124,15198,17875,15873,19205,956,TRUE,1,2.811,0.9006755955908499,20.088912133891213,2002
2026-05-01T13:38:31.839,T1,20260501_133743,6055,0.5,0,3.105,-57.5,-78.2,-20.7,205.64,88,16189,18096,11860,23303,992,TRUE,1,2.605,1.0808519161436774,23.49092741935484,6236
2026-05-01T13:38:32.439,T1,20260501_133743,6060,0.5,0,4.151,-59.6,-76.5,-16.9,194.23,96,17611,18646,14941,21551,1026,TRUE,1,3.651,1.0486795486348885,21.00487329434698,3705
2026-05-01T13:38:32.498,T1,20260501_133743,6061,0.5,0,3.579,-60.1,-76.2,-16.1,147.94,124,17009,18345,15302,19922,1005,TRUE,1,3.079,1.0110262430528725,19.822885572139302,3043
2026-05-01T13:38:32.649,T1,20260501_133743,6062,0.5,0,4.615,-58.8,-78,-19.3,188.91,88,16930,16624,9330,18761,930,TRUE,1,4.115,1.3046158588271557,20.17311827956989,7294
2026-05-01T13:38:32.828,T1,20260501_133743,6064,0.5,0,3.987,-69.6,-84.7,-15.1,182.54,24,3564,4381,3850,1011,314,TRUE,1,3.487,0.8659944113716438,3.2197452229299364,531
2026-05-01T13:38:33.009,T1,20260501_133743,6065,0.5,0,3.372,-59.1,-75.9,-16.8,178.97,100,16233,17897,14498,19359,954,TRUE,1,2.872,1.0021916962494213,20.29245283018868,3399
2026-05-01T13:38:33.069,T1,20260501_133743,6066,0.5,0,3.363,-59,-75.9,-16.9,163.7,104,16671,17025,16502,20534,981,TRUE,1,2.863,0.9944820592358398,20.93170234454638,523