timestamp,device,tag_id,seq,rx_power,fp_power,fp_rx_ratio,quality,std_noise,fp_ampl1,fp_ampl2,fp_ampl3,cir_power,rxpacc,reply_delay,flags
2026-03-26T13:40:42.361,A1,1,1495,-56.4,-73.7,-17.3,94.26,184,17694,17343,12447,19350,871,638994267,1
2026-03-26T13:40:42.871,A1,1,1496,-57.4,-73.2,-15.9,99.03,180,17926,17826,13241,18595,882,638993965,1
2026-03-26T13:40:43.381,A1,1,1497,-56.7,-74.8,-18.1,87.7,200,17936,17540,12139,20741,910,638994073,1
2026-03-26T13:40:43.890,A1,1,1498,-56.0,-72.1,-16.1,97.51,176,17260,17161,14566,18662,844,638994056,1
2026-03-26T13:40:44.370,A1,1,1499,-55.9,-74.0,-18.1,54.07,312,17078,16870,11070,18601,840,638994077,1
2026-03-26T13:40:44.882,A1,1,1500,-57.3,-75.9,-18.7,87.48,204,18328,17846,12531,22484,966,638994074,1
2026-03-26T13:40:45.391,A1,1,1501,-55.9,-73.2,-17.3,52.35,332,17681,17380,14522,20737,886,638994143,1
2026-03-26T13:40:45.869,A1,1,1502,-56.5,-72.4,-15.8,93.76,180,17023,16877,13886,17475,831,638994046,1
2026-03-26T13:40:46.379,A1,1,1503,-56.3,-71.7,-15.4,54.9,316,17562,17347,16231,19322,866,638993873,1
2026-03-26T13:40:46.919,A1,1,1504,-57.6,-74.0,-16.4,88.77,200,18200,17754,15948,21285,951,638994199,1
2026-03-26T13:40:47.368,A1,1,1505,-56.4,-72.1,-15.7,103.39,164,16998,16956,14335,17681,832,638994103,1
2026-03-26T13:40:47.880,A1,1,1506,-56.1,-74.8,-18.7,56.65,296,17111,16767,9594,18485,841,638993901,1
2026-03-26T13:40:48.389,A1,1,1507,-57.2,-72.6,-15.4,105.03,172,18065,18065,14942,19325,894,638994149,1
2026-03-26T13:40:48.870,A1,1,1508,-58.4,-75.8,-17.3,102.43,176,18476,18028,14792,22378,1004,638994045,1
2026-03-26T13:40:49.380,A1,1,1509,-59.3,-74.7,-15.4,124.96,160,19358,19994,18975,25102,1095,638993997,1
2026-03-26T13:40:49.891,A1,1,1510,-56.4,-72.0,-15.7,121.31,140,17039,16984,14396,17682,831,638994160,1
2026-03-26T13:40:50.400,A1,1,1511,-57.0,-74.7,-17.7,101.5,176,18244,17864,13172,21322,934,638994140,1
2026-03-26T13:40:50.880,A1,1,1512,-56.9,-71.5,-14.6,100.96,164,16790,16558,15948,17008,830,638994262,1
2026-03-26T13:40:51.422,A1,1,1513,-58.1,-76.4,-18.2,105.05,172,18578,18069,14181,23470,1018,638993912,1
2026-03-26T13:40:51.905,A1,1,1514,-58.7,-75.5,-16.8,63.41,316,19524,20037,18486,27417,1121,638994141,1
2026-03-26T13:40:52.382,A1,1,1515,-55.6,-72.5,-16.9,67.4,248,16611,16716,14501,18768,834,638994043,1
2026-03-26T13:40:52.893,A1,1,1516,-57.0,-73.4,-16.5,112.4,164,18457,18433,14311,21066,926,638994143,1
2026-03-26T13:40:53.399,A1,1,1517,-56.4,-74.1,-17.8,99.43,176,17855,17499,11893,19986,883,638994175,1
2026-03-26T13:40:53.878,A1,1,1518,-56.0,-73.1,-17.2,48.11,352,17055,16933,12521,18361,835,638994189,1
2026-03-26T13:40:54.394,A1,1,1519,-56.2,-71.5,-15.3,120.19,144,17323,17307,15420,18377,843,638993981,1
2026-03-26T13:40:54.901,A1,1,1520,-56.6,-72.1,-15.6,113.89,144,16647,16400,14868,17145,824,638994304,1
2026-03-26T13:40:55.379,A1,1,1521,-57.3,-74.8,-17.5,90.94,192,17837,17460,13588,20580,927,638994040,1
2026-03-26T13:40:55.889,A1,1,1522,-56.2,-74.2,-18.0,53.53,324,17633,17345,11847,19898,877,638993848,1
2026-03-26T13:40:56.401,A1,1,1523,-58.4,-75.7,-17.4,97.91,180,18169,17623,15197,22051,994,638993857,1
2026-03-26T13:40:56.911,A1,1,1524,-57.7,-76.2,-18.5,87.53,208,18692,18207,13114,23362,1001,638994307,1
2026-03-26T13:40:57.389,A1,1,1525,-56.6,-73.6,-17.1,93.35,188,17834,17550,13307,19903,888,638993918,1
2026-03-26T13:40:57.900,A1,1,1526,-57.6,-74.3,-16.8,108.33,168,18631,18200,16509,23083,990,638994183,1
2026-03-26T13:40:58.438,A1,1,1527,-57.9,-75.9,-18.0,88.2,208,18765,18345,14922,24078,1022,638994171,1
2026-03-26T13:40:58.889,A1,1,1528,-58.0,-73.9,-15.9,110.41,172,18820,18990,15428,21787,976,638993900,1
2026-03-26T13:40:59.400,A1,1,1529,-56.4,-72.7,-16.3,99.22,176,17688,17462,14694,19606,877,638994110,1
2026-03-26T13:40:59.881,A1,1,1530,-56.9,-74.1,-17.2,56.51,316,18259,17857,15880,22653,959,638994176,1
2026-03-26T13:41:00.389,A1,1,1531,-56.6,-72.7,-16.1,108.8,156,17014,16973,13574,17619,837,638993907,1
2026-03-26T13:41:00.899,A1,1,1532,-56.6,-71.8,-15.2,119.74,140,16942,16763,15457,17581,836,638994132,1
2026-03-26T13:41:01.408,A1,1,1533,-58.7,-73.1,-14.5,94.41,204,18841,19259,18039,21791,999,638994326,1
2026-03-26T13:41:01.888,A1,1,1534,-56.7,-75.1,-18.4,92.33,192,18132,17728,11604,21095,919,638993949,1
2026-03-26T13:41:02.399,A1,1,1535,-57.9,-73.4,-15.5,99.69,188,18570,18742,15836,21035,956,638993863,1
2026-03-26T13:41:02.909,A1,1,1536,-56.6,-72.1,-15.5,116.31,148,17286,17214,14711,18068,846,638993969,1
2026-03-26T13:41:03.388,A1,1,1537,-56.3,-71.5,-15.2,59.64,288,17214,17177,16040,18471,847,638993976,1
2026-03-26T13:41:03.960,A1,1,1538,-56.6,-74.6,-18.0,118.44,144,17500,17055,10196,18514,857,638994208,1
2026-03-26T13:41:04.411,A1,1,1539,-58.0,-73.2,-15.2,112.38,160,18380,17980,17183,20839,954,638994137,1
2026-03-26T13:41:04.891,A1,1,1540,-56.2,-71.3,-15.1,56.05,304,17139,17039,15862,18109,836,638994320,1
2026-03-26T13:41:05.399,A1,1,1541,-57.7,-73.0,-15.3,107.43,168,18367,18048,16827,20728,943,638993998,1
2026-03-26T13:41:05.909,A1,1,1542,-55.8,-71.6,-15.8,56.94,304,17372,17310,15771,19309,852,638994178,1
2026-03-26T13:41:06.390,A1,1,1543,-57.7,-75.5,-17.8,111.68,164,18718,18316,10480,20799,942,638994006,1
2026-03-26T13:41:06.898,A1,1,1544,-57.4,-73.4,-16.0,114.28,156,18173,17828,15672,20651,930,638993932,1
2026-03-26T13:41:07.410,A1,1,1545,-58.0,-77.5,-19.5,94.36,196,19009,18494,12879,25482,1054,638994289,1
2026-03-26T13:41:07.920,A1,1,1546,-58.8,-77.7,-18.9,51.92,384,19849,19939,13036,27036,1117,638993964,1
2026-03-26T13:41:08.402,A1,1,1547,-56.9,-72.6,-15.7,114.33,144,16536,16464,14301,16955,828,638994107,1
2026-03-26T13:41:08.909,A1,1,1548,-57.8,-76.3,-18.5,102.85,184,18986,18925,12917,24290,1024,638994095,1
2026-03-26T13:41:09.419,A1,1,1549,-58.0,-73.9,-15.9,111.33,176,19053,19594,18865,25308,1050,638993984,1
2026-03-26T13:41:09.899,A1,1,1550,-57.4,-73.6,-16.2,124.05,152,18792,18855,15247,21922,960,638994155,1
2026-03-26T13:41:10.410,A1,1,1551,-56.9,-75.3,-18.4,119.03,144,17648,17141,9454,18843,875,638994275,1
2026-03-26T13:41:10.890,A1,1,1552,-56.9,-73.4,-16.5,116.08,152,17910,17644,14328,19968,899,638994291,1
2026-03-26T13:41:11.429,A1,1,1553,-56.6,-74.3,-17.7,115.43,152,17884,17546,11638,19791,886,638994270,1
2026-03-26T13:41:11.940,A1,1,1554,-57.1,-73.1,-16.0,119.61,148,18010,17702,15878,20454,917,638994247,1
2026-03-26T13:41:12.391,A1,1,1555,-56.7,-71.9,-15.3,108.99,164,17857,17875,15253,19076,872,638994295,1
2026-03-26T13:41:12.959,A1,1,1556,-57.1,-72.0,-15.0,108.92,152,16490,16556,15399,16815,830,638994335,1
2026-03-26T13:41:13.439,A1,1,1557,-56.3,-72.7,-16.4,51.13,344,17785,17590,15178,20318,889,638994075,1
2026-03-26T13:41:13.919,A1,1,1558,-56.5,-73.6,-17.1,94.58,184,17725,17402,13079,19569,879,638994277,1
2026-03-26T13:41:14.400,A1,1,1559,-59.1,-77.9,-18.8,103.62,188,19921,19481,10864,24922,1084,638994140,1
2026-03-26T13:41:14.909,A1,1,1560,-56.2,-72.4,-16.2,114.88,148,17064,17002,13995,18107,836,638993852,1
2026-03-26T13:41:15.419,A1,1,1561,-56.4,-71.8,-15.4,104.2,164,17145,17088,15225,18039,840,638993861,1
2026-03-26T13:41:15.898,A1,1,1562,-58.8,-78.3,-19.5,93.94,188,18191,17660,11050,22481,1018,638994274,1
2026-03-26T13:41:16.440,A1,1,1563,-55.4,-73.3,-17.9,55.24,312,17425,17234,12670,20045,855,638993900,1
2026-03-26T13:41:16.920,A1,1,1564,-58.3,-73.7,-15.4,108.59,164,18203,17808,16940,20681,959,638994063,1
2026-03-26T13:41:17.429,A1,1,1565,-56.6,-73.1,-16.5,99.38,176,17745,17491,14089,19474,880,638994251,1
2026-03-26T13:41:17.908,A1,1,1566,-58.9,-75.0,-16.0,102.02,188,18653,19180,18343,24269,1064,638994131,1
2026-03-26T13:41:18.418,A1,1,1567,-58.0,-74.6,-16.5,101.82,176,18344,17921,15897,21768,976,638994117,1
2026-03-26T13:41:18.928,A1,1,1568,-57.8,-76.6,-18.8,99.27,176,17930,17471,11042,20922,951,638993963,1
2026-03-26T13:41:19.409,A1,1,1569,-56.9,-71.8,-14.9,106.87,156,16492,16671,15454,16898,827,638993934,1
2026-03-26T13:41:19.918,A1,1,1570,-56.2,-73.2,-17.1,57.74,304,17812,17553,14218,20536,889,638994316,1
2026-03-26T13:41:20.428,A1,1,1571,-56.7,-73.3,-16.6,106.28,164,17725,17430,14315,19769,888,638993852,1
2026-03-26T13:41:20.908,A1,1,1572,-58.7,-76.0,-17.3,54.75,360,19244,19709,16797,26203,1096,638993913,1
2026-03-26T13:41:21.420,A1,1,1573,-57.8,-78.1,-20.3,50.93,336,17788,17113,9243,21561,963,638994313,1
2026-03-26T13:41:21.930,A1,1,1574,-56.2,-73.1,-16.9,62.31,280,17637,17446,13713,19751,873,638993825,1
2026-03-26T13:41:22.408,A1,1,1575,-55.8,-72.1,-16.3,58.78,288,17075,16928,14862,18759,840,638994309,1
2026-03-26T13:41:22.918,A1,1,1576,-57.7,-76.1,-18.4,102.8,168,17667,17271,12870,21053,950,638993893,1
2026-03-26T13:41:23.430,A1,1,1577,-55.5,-71.4,-15.9,59.17,288,17054,17042,15676,18963,835,638993941,1
2026-03-26T13:41:23.944,A1,1,1578,-57.7,-75.6,-17.9,100.77,176,18162,17736,13171,21433,958,638993829,1
2026-03-26T13:41:24.421,A1,1,1579,-56.3,-72.2,-15.9,102.87,164,16806,16871,14265,17644,828,638993864,1
2026-03-26T13:41:24.927,A1,1,1580,-58.0,-75.0,-17.0,60.43,300,18604,18128,15909,22953,1000,638993902,1
2026-03-26T13:41:25.441,A1,1,1581,-58.8,-78.1,-19.3,84.01,220,19040,18482,12315,24767,1069,638994198,1
2026-03-26T13:41:25.920,A1,1,1582,-58.3,-75.8,-17.5,49.1,376,18802,18463,15912,24254,1039,638993906,1
2026-03-26T13:41:26.429,A1,1,1583,-56.4,-72.1,-15.8,111.78,156,17591,17438,14807,18893,859,638994111,1
2026-03-26T13:41:26.939,A1,1,1584,-56.9,-74.0,-17.1,104.72,164,17468,17174,11656,18353,861,638993959,1
2026-03-26T13:41:27.450,A1,1,1585,-57.0,-75.0,-17.9,104.73,160,17349,16757,8912,17414,844,638993881,1
2026-03-26T13:41:27.934,A1,1,1586,-56.6,-73.1,-16.5,103.74,172,18042,17844,14326,20200,896,638994234,1
2026-03-26T13:41:28.470,A1,1,1587,-55.6,-71.6,-16.0,52.23,324,17047,16924,15373,18804,834,638994323,1
2026-03-26T13:41:28.921,A1,1,1588,-58.6,-71.7,-13.2,103.13,180,18270,18564,17907,18941,928,638993955,1
2026-03-26T13:41:29.429,A1,1,1589,-56.5,-72.3,-15.8,103.43,168,17524,17376,14421,18531,854,638994133,1
2026-03-26T13:41:29.940,A1,1,1590,-57.6,-76.3,-18.7,98.59,180,18367,17747,9820,20788,939,638993940,1
2026-03-26T13:41:30.419,A1,1,1591,-57.0,-71.3,-14.3,67.03,268,18059,17965,17247,19352,888,638994075,1
2026-03-26T13:41:30.928,A1,1,1592,-56.0,-73.5,-17.5,128.12,144,18447,18449,15027,23167,940,638994035,1
2026-03-26T13:41:31.439,A1,1,1593,-56.5,-71.3,-14.7,94.58,192,17919,18160,17550,20245,894,638994309,1
2026-03-26T13:41:31.920,A1,1,1594,-56.3,-71.5,-15.2,110.94,156,17335,17306,16672,19122,861,638994022,1
2026-03-26T13:41:32.458,A1,1,1595,-56.1,-71.8,-15.7,116.49,148,17273,17240,15359,18824,849,638994293,1
2026-03-26T13:41:32.938,A1,1,1596,-58.1,-73.5,-15.4,154.79,100,17262,15479,15922,17482,876,638994005,1
2026-03-26T13:41:33.418,A1,1,1597,-58.3,-93.5,-35.2,81.39,88,4625,7162,4537,19808,940,638993979,1
2026-03-26T13:41:33.929,A1,1,1598,-59.6,-77.3,-17.7,156.26,108,18202,16876,9462,18251,945,638993852,1
2026-03-26T13:41:34.438,A1,1,1599,-59.1,-73.7,-14.6,161.31,104,17334,16776,14588,16639,885,638994106,1
2026-03-26T13:41:34.981,A1,1,1600,-58.9,-78.0,-19.1,122.8,136,18220,16701,11843,21494,1000,638994276,1
2026-03-26T13:41:35.427,A1,1,1601,-60.3,-75.6,-15.3,128.54,140,15126,17996,15641,17485,948,638993841,1
2026-03-26T13:41:35.938,A1,1,1602,-59.2,-78.4,-19.2,140.75,136,15532,19142,19391,28251,1159,638993961,1
2026-03-26T13:41:36.449,A1,1,1603,-62.5,-80.0,-17.6,167.7,80,18189,13416,10036,15688,966,638993885,1
2026-03-26T13:41:36.957,A1,1,1604,-60.2,-78.3,-18.0,208.71,80,17476,16697,13827,20580,1024,638994026,1
2026-03-26T13:41:37.444,A1,1,1605,-59.2,-77.0,-17.8,130.11,144,18101,18736,13471,22468,1034,638994275,1
2026-03-26T13:41:37.949,A1,1,1606,-57.8,-71.9,-14.0,128.27,136,17251,17445,16402,17509,870,638994081,1
2026-03-26T13:41:38.459,A1,1,1607,-61.4,-77.3,-15.8,172.36,116,18019,19994,17717,23669,1144,638993973,1
2026-03-26T13:41:38.939,A1,1,1608,-60.2,-76.2,-15.9,157.87,104,17279,16418,9610,15141,879,638994212,1
2026-03-26T13:41:39.449,A1,1,1609,-59.8,-77.4,-17.7,176.81,104,16113,18388,15832,21956,1041,638994300,1
2026-03-26T13:41:39.869,A1,1,1610,-59.6,-78.5,-19.0,173.94,100,16469,17394,11670,20095,989,638994287,1
2026-03-26T13:41:39.927,A1,1,1611,-60.0,-80.6,-20.7,164.03,112,17312,18371,11048,24124,1100,638993974,1
2026-03-26T13:41:39.957,A1,1,1612,-59.5,-78.6,-19.1,168.11,96,16803,16139,10025,18367,942,638994088,1
2026-03-26T13:41:40.018,A1,1,1613,-60.3,-77.5,-17.2,170.13,104,15555,17694,17276,21336,1046,638994227,1
2026-03-26T13:41:40.078,A1,1,1614,-59.4,-77.2,-17.8,184.54,92,14871,16978,14896,19101,958,638994011,1
2026-03-26T13:41:40.107,A1,1,1615,-60.4,-78.6,-18.3,192.44,88,16320,16935,15094,21028,1040,638993935,1
2026-03-26T13:41:40.167,A1,1,1616,-60.3,-78.8,-18.5,189.64,88,15004,16688,12892,18396,970,638993973,1
2026-03-26T13:41:40.227,A1,1,1617,-59.9,-78.0,-18.1,182.99,96,15714,17567,17099,22583,1060,638993859,1
2026-03-26T13:41:40.289,A1,1,1618,-60.6,-80.4,-19.9,202.82,88,15409,17848,12053,21093,1049,638994255,1
2026-03-26T13:41:40.318,A1,1,1619,-60.3,-79.4,-19.1,178.55,88,15833,15712,15369,20931,1036,638994010,1
2026-03-26T13:41:40.378,A1,1,1620,-58.9,-78.9,-19.9,169.95,108,16797,18355,13757,24431,1067,638993953,1
2026-03-26T13:41:40.439,A1,1,1621,-58.5,-79.4,-20.8,176.41,96,16869,16935,10552,21949,998,638993848,1
2026-03-26T13:41:40.469,A1,1,1622,-59.6,-79.8,-20.3,152.43,100,13487,15243,16240,20957,1010,638994130,1
2026-03-26T13:41:40.529,A1,1,1623,-60.3,-81.7,-21.4,166.13,104,12273,17278,15268,22818,1081,638994198,1
2026-03-26T13:41:40.588,A1,1,1624,-60.4,-80.9,-20.5,171.81,96,14759,16494,10635,19023,990,638994027,1
2026-03-26T13:41:40.617,A1,1,1625,-59.4,-80.4,-21.0,171.96,96,9959,16508,15396,19748,976,638993881,1
2026-03-26T13:41:40.677,A1,1,1626,-60.0,-79.5,-19.4,169.49,104,11478,17627,16440,20831,1024,638994211,1
2026-03-26T13:41:40.737,A1,1,1627,-60.5,-80.6,-20.0,179.23,96,11798,17206,13556,18852,990,638994185,1
2026-03-26T13:41:40.798,A1,1,1628,-60.6,-81.9,-21.3,152.83,108,12278,16506,13068,19732,1016,638993916,1
2026-03-26T13:41:40.829,A1,1,1629,-60.5,-80.3,-19.8,172.45,100,15175,17245,13509,21268,1052,638993845,1
2026-03-26T13:41:40.919,A1,1,1630,-59.8,-77.1,-17.2,165.59,100,15976,16559,13212,17652,936,638994297,1
2026-03-26T13:41:40.919,A1,1,1631,-59.5,-77.5,-18.0,159.69,108,14392,17247,15093,19310,969,638993880,1
2026-03-26T13:41:40.979,A1,1,1632,-60.8,-79.8,-19.0,178.38,104,15961,18552,15919,24170,1133,638994046,1
2026-03-26T13:41:41.039,A1,1,1633,-60.6,-77.6,-17.0,206.29,84,14767,17328,14144,17779,963,638994175,1
2026-03-26T13:41:41.099,A1,1,1634,-59.8,-80.1,-20.3,143.55,116,18285,16652,11363,22994,1067,638994096,1
2026-03-26T13:41:41.129,A1,1,1635,-61.2,-81.5,-20.3,166.16,100,14172,16616,14739,21529,1083,638994028,1
2026-03-26T13:41:41.216,A1,1,1636,-59.4,-78.0,-18.6,160.08,104,11302,16648,15597,17916,928,638993973,1
2026-03-26T13:41:41.278,A1,1,1637,-60.6,-80.8,-20.1,165.09,112,16857,18490,12069,23646,1114,638994109,1
2026-03-26T13:41:41.278,A1,1,1638,-59.7,-81.8,-22.1,176.66,96,9397,16959,17911,24388,1095,638993892,1
2026-03-26T13:41:41.339,A1,1,1639,-58.5,-76.8,-18.3,153.27,116,17944,17779,17707,25682,1079,638994280,1
2026-03-26T13:41:41.397,A1,1,1640,-59.6,-80.4,-20.8,164.11,96,9288,15755,15303,18246,944,638993947,1
2026-03-26T13:41:41.459,A1,1,1641,-59.7,-79.4,-19.8,164.79,100,11046,16479,15107,18619,955,638994021,1
2026-03-26T13:41:41.489,A1,1,1642,-59.6,-78.4,-18.8,180.85,88,13713,15915,15374,18920,960,638994263,1
2026-03-26T13:41:41.549,A1,1,1643,-58.4,-76.9,-18.5,155.18,108,18092,16759,15317,23020,1017,638994141,1
2026-03-26T13:41:41.608,A1,1,1644,-58.6,-80.7,-22.1,161.92,92,18040,14897,9030,22033,1003,638994231,1
2026-03-26T13:41:41.698,A1,1,1645,-57.8,-76.6,-18.8,166.29,108,18403,17959,15454,25216,1043,638993869,1
2026-03-26T13:41:41.698,A1,1,1646,-59.4,-77.0,-17.6,181.23,92,15490,16673,14627,18834,953,638994239,1
2026-03-26T13:41:41.757,A1,1,1647,-59.0,-80.9,-21.9,143.94,104,16837,14970,8716,20219,974,638993882,1
2026-03-26T13:41:41.787,A1,1,1648,-65.8,-78.2,-12.4,137.02,124,15292,16990,14514,13192,993,638994267,1
2026-03-26T13:41:41.849,A1,1,1649,-58.9,-78.8,-20.0,131.86,132,15406,17405,13981,22303,1017,638994085,1
2026-03-26T13:41:41.907,A1,1,1650,-60.0,-78.6,-18.6,175.41,96,16668,16839,13335,20346,1010,638993938,1
2026-03-26T13:41:41.967,A1,1,1651,-59.4,-76.3,-16.9,174.74,96,16611,16775,14081,18482,944,638994053,1
2026-03-26T13:41:42.027,A1,1,1652,-59.8,-78.3,-18.5,147.44,112,16789,16513,12286,19318,977,638993953,1
2026-03-26T13:41:42.057,A1,1,1653,-59.3,-79.7,-20.4,139.36,124,13931,17281,14436,21860,1024,638994157,1
2026-03-26T13:41:42.119,A1,1,1654,-60.2,-83.1,-22.9,117.9,120,18248,14148,8899,22773,1077,638993888,1
2026-03-26T13:41:42.148,A1,1,1655,-60.6,-79.5,-18.9,168.88,100,17376,16888,11937,20582,1037,638994221,1
2026-03-26T13:41:42.209,A1,1,1656,-59.8,-83.3,-23.5,129.01,112,17273,14449,9123,22858,1062,638994295,1
2026-03-26T13:41:42.298,A1,1,1657,-61.0,-82.7,-21.7,154.32,108,12960,16667,14205,22106,1091,638993845,1
2026-03-26T13:41:42.298,A1,1,1658,-60.4,-84.4,-24.0,145.43,96,10670,13961,11222,17391,946,638993857,1
2026-03-26T13:41:42.357,A1,1,1659,-61.6,-85.8,-24.2,175.7,92,11241,16164,14115,23822,1156,638994171,1
2026-03-26T13:41:42.417,A1,1,1660,-60.3,-84.8,-24.5,154.64,96,16262,14845,8909,23342,1094,638993867,1
2026-03-26T13:41:42.447,A1,1,1661,-60.7,-84.8,-24.1,155.83,100,9112,15583,16081,23641,1115,638993853,1
2026-03-26T13:41:42.537,A1,1,1662,-60.6,-83.3,-22.8,143.88,116,17355,16690,9788,24863,1139,638993984,1
2026-03-26T13:41:42.598,A1,1,1663,-60.8,-83.7,-22.9,151.32,96,11332,14527,13646,19514,1018,638993997,1
2026-03-26T13:41:42.598,A1,1,1664,-60.5,-82.7,-22.2,163.78,100,11875,16378,15007,22492,1080,638994319,1
2026-03-26T13:41:42.688,A1,1,1665,-60.2,-83.7,-23.5,142.11,112,16614,15916,11363,25537,1138,638993958,1
2026-03-26T13:41:42.688,A1,1,1666,-60.9,-84.5,-23.5,149.12,112,15916,16701,10915,25234,1162,638994082,1
2026-03-26T13:41:42.747,A1,1,1667,-59.4,-82.4,-23.0,125.09,120,17565,15011,10582,24149,1078,638994019,1
2026-03-26T13:41:42.808,A1,1,1668,-60.4,-81.8,-21.4,132.66,112,16529,14858,13969,23040,1089,638994295,1
2026-03-26T13:41:42.868,A1,1,1669,-60.5,-84.0,-23.5,119.52,116,16728,13864,8091,20847,1039,638993920,1
2026-03-26T13:41:42.897,A1,1,1670,-59.9,-83.4,-23.4,143.14,108,15182,15459,10119,22026,1049,638993892,1
2026-03-26T13:41:42.957,A1,1,1671,-58.9,-82.9,-24.0,126.26,120,15957,15151,10074,23403,1045,638993973,1
2026-03-26T13:41:42.988,A1,1,1672,-60.6,-86.2,-25.7,136.08,104,14334,14152,9090,21957,1070,638994082,1
2026-03-26T13:41:43.047,A1,1,1673,-61.6,-84.8,-23.2,134.51,120,15561,16141,12398,24872,1179,638994116,1
2026-03-26T13:41:43.108,A1,1,1674,-59.4,-82.7,-23.3,151.9,104,16665,15798,10485,24273,1081,638994277,1
2026-03-26T13:41:43.138,A1,1,1675,-59.7,-77.3,-17.6,175.47,104,17425,18249,16413,23299,1071,638994020,1
2026-03-26T13:41:43.197,A1,1,1676,-59.8,-78.2,-18.4,143.9,108,17694,15541,13039,19638,987,638994114,1
2026-03-26T13:41:43.257,A1,1,1677,-59.2,-77.3,-18.1,173.78,92,16582,15988,12941,18621,941,638993861,1
2026-03-26T13:41:43.317,A1,1,1678,-57.9,-76.0,-18.1,160.33,100,16666,16033,12521,18485,895,638993888,1
2026-03-26T13:41:43.347,A1,1,1679,-59.2,-78.6,-19.5,187.12,92,16525,17215,11811,20743,992,638994281,1
2026-03-26T13:41:43.407,A1,1,1680,-59.9,-77.5,-17.6,158.61,112,17002,17764,15327,21574,1037,638993863,1
2026-03-26T13:41:43.467,A1,1,1681,-59.0,-78.6,-19.6,139.56,108,17351,15073,12190,19992,967,638994049,1
2026-03-26T13:41:43.497,A1,1,1682,-59.3,-79.0,-19.7,195.82,80,16828,15666,9035,18141,932,638994201,1
2026-03-26T13:41:43.558,A1,1,1683,-60.0,-78.8,-18.8,167.15,108,17056,18052,13325,22175,1055,638993881,1
2026-03-26T13:41:43.589,A1,1,1684,-61.2,-80.3,-19.1,183.85,96,15046,17650,13202,20366,1052,638994210,1
2026-03-26T13:41:43.648,A1,1,1685,-60.9,-79.9,-19.1,211.61,80,16697,16929,11578,19899,1030,638994072,1
2026-03-26T13:41:43.707,A1,1,1686,-60.2,-78.1,-18.0,205.52,84,16769,17264,13437,20059,1009,638994303,1
2026-03-26T13:41:43.769,A1,1,1687,-60.3,-79.2,-19.0,179.82,96,16497,17263,11696,20007,1011,638994255,1
2026-03-26T13:41:43.799,A1,1,1688,-59.5,-77.4,-17.8,193.74,88,17112,17049,13257,19832,982,638993903,1
2026-03-26T13:41:43.857,A1,1,1689,-60.2,-80.8,-20.6,166.96,96,16596,16028,9209,19493,997,638994127,1
2026-03-26T13:41:43.917,A1,1,1690,-60.5,-80.4,-19.9,168.32,108,15011,18179,13759,22430,1079,638993907,1
2026-03-26T13:41:43.977,A1,1,1691,-60.5,-80.3,-19.7,197.02,84,13530,16550,13805,19317,1003,638994237,1
2026-03-26T13:41:44.008,A1,1,1692,-60.6,-81.0,-20.4,163.49,104,13374,17003,12342,19336,1005,638994302,1
2026-03-26T13:41:44.067,A1,1,1693,-60.7,-82.7,-22.0,178.62,100,12353,17862,14220,23574,1114,638993983,1
2026-03-26T13:41:44.158,A1,1,1694,-61.0,-85.2,-24.3,180.23,80,7868,14418,10850,15800,921,638994297,1
2026-03-26T13:41:44.160,A1,1,1695,-60.7,-84.3,-23.6,177.54,100,11424,17754,15018,26164,1173,638993925,1
2026-03-26T13:41:44.219,A1,1,1696,-59.8,-82.3,-22.5,164.93,92,10746,15174,11403,17217,922,638994047,1
2026-03-26T13:41:44.279,A1,1,1697,-60.1,-82.3,-22.2,140.71,112,11029,15760,17189,23596,1091,638993986,1
2026-03-26T13:41:44.308,A1,1,1698,-60.0,-81.2,-21.3,151.04,112,16841,16916,15406,26730,1157,638993906,1
2026-03-26T13:41:44.368,A1,1,1699,-59.3,-80.7,-21.4,175.13,92,15707,16112,10009,20232,985,638993943,1
2026-03-26T13:41:44.398,A1,1,1700,-59.3,-80.4,-21.1,182.19,84,12806,15304,13019,18601,943,638994288,1
2026-03-26T13:41:44.459,A1,1,1701,-59.9,-81.9,-22.0,147.3,120,18364,17676,10947,26788,1157,638994112,1
2026-03-26T13:41:44.517,A1,1,1702,-59.5,-80.2,-20.7,182.37,100,16943,18237,13500,25562,1115,638993929,1
2026-03-26T13:41:44.578,A1,1,1703,-59.0,-77.9,-18.8,181.5,96,14242,17424,16584,21908,1014,638993948,1
2026-03-26T13:41:44.609,A1,1,1704,-58.3,-76.9,-18.6,152.95,112,14920,17130,15105,20579,958,638994257,1
2026-03-26T13:41:44.667,A1,1,1705,-59.2,-78.4,-19.2,158.89,100,16562,15889,11771,19097,953,638993859,1
2026-03-26T13:41:44.728,A1,1,1706,-59.9,-79.8,-19.9,151.88,108,16857,16403,10377,19903,996,638994136,1
2026-03-26T13:41:44.757,A1,1,1707,-60.6,-81.4,-20.8,156.09,108,15034,16858,10819,20077,1025,638994075,1
2026-03-26T13:41:44.818,A1,1,1708,-60.8,-81.3,-20.6,151.02,108,14181,16310,12622,19779,1023,638994149,1
2026-03-26T13:41:44.878,A1,1,1709,-61.7,-82.2,-20.5,140.99,132,16414,18611,18238,29726,1296,638993928,1
2026-03-26T13:41:44.938,A1,1,1710,-60.9,-81.3,-20.3,156.99,124,16173,19467,18233,30230,1272,638994043,1
2026-03-26T13:41:44.970,A1,1,1711,-60.5,-81.6,-21.1,150.45,116,16304,17452,12801,24056,1117,638994048,1
2026-03-26T13:41:45.027,A1,1,1712,-59.5,-80.2,-20.7,166.37,100,15010,16637,11973,20597,998,638994013,1
2026-03-26T13:41:45.088,A1,1,1713,-59.8,-79.9,-20.1,151.53,112,13372,16971,17325,23396,1077,638993853,1
2026-03-26T13:41:45.118,A1,1,1714,-60.3,-82.0,-21.7,160.1,116,18487,18572,11149,27613,1190,638994142,1
2026-03-26T13:41:45.178,A1,1,1715,-89.6,-94.7,-5.1,118.38,8,664,947,966,56,168,638993977,1
2026-03-26T13:41:45.239,A1,1,1716,-58.7,-79.4,-20.7,146.03,120,14844,17524,16681,25702,1084,638993925,1
2026-03-26T13:41:45.268,A1,1,1717,-60.2,-82.8,-22.6,146.4,112,15230,16397,14397,25740,1143,638993894,1
2026-03-26T13:41:45.327,A1,1,1718,-59.9,-82.0,-22.1,153.18,120,15394,18381,17554,31045,1244,638994109,1
2026-03-26T13:41:45.386,A1,1,1719,-59.6,-81.4,-21.8,152.26,108,12162,16444,15256,22455,1046,638994222,1
2026-03-26T13:41:45.447,A1,1,1720,-59.1,-82.7,-23.6,151.26,104,13202,15731,14049,24061,1066,638993919,1
2026-03-26T13:41:45.478,A1,1,1721,-59.2,-82.6,-23.4,144.24,112,10841,16155,16878,25413,1100,638993992,1
2026-03-26T13:41:45.538,A1,1,1722,-59.8,-84.5,-24.7,146.42,92,9575,13471,14790,20601,1011,638993914,1
2026-03-26T13:41:45.597,A1,1,1723,-59.9,-84.9,-25.0,124.53,104,9366,12951,17391,23997,1094,638993974,1
2026-03-26T13:41:45.659,A1,1,1724,-59.3,-84.0,-24.7,142.97,116,9532,16584,16305,26591,1126,638993972,1
2026-03-26T13:41:45.689,A1,1,1725,-59.5,-84.4,-24.9,142.36,104,8269,14805,14544,21213,1015,638993952,1
2026-03-26T13:41:45.747,A1,1,1726,-59.2,-85.5,-26.3,138.66,96,12055,13311,9444,19376,959,638994315,1
2026-03-26T13:41:45.778,A1,1,1727,-59.7,-85.7,-25.9,136.27,100,8889,13627,12958,19757,987,638993997,1
2026-03-26T13:41:45.839,A1,1,1728,-59.0,-85.0,-26.0,122.12,116,9880,14166,12839,21232,997,638994296,1
2026-03-26T13:41:45.899,A1,1,1729,-59.2,-84.1,-25.0,138.58,104,9911,14412,15400,23227,1049,638993956,1
2026-03-26T13:41:45.957,A1,1,1730,-58.9,-83.3,-24.4,138.79,112,11166,15545,16682,26504,1111,638994046,1
2026-03-26T13:41:46.018,A1,1,1731,-59.1,-82.6,-23.4,123.57,120,11873,14829,15776,23496,1054,638994109,1
2026-03-26T13:41:46.049,A1,1,1732,-58.7,-84.6,-25.9,141.2,100,14487,14120,8973,22336,1011,638994043,1
2026-03-26T13:41:46.108,A1,1,1733,-58.5,-79.9,-21.4,155.72,104,15354,16195,15956,25228,1067,638994180,1
2026-03-26T13:41:46.169,A1,1,1734,-58.3,-83.2,-24.9,136.32,120,12886,16358,11620,24262,1040,638994140,1
2026-03-26T13:41:46.227,A1,1,1735,-59.4,-83.5,-24.1,144.74,100,10661,14474,13061,19868,978,638994105,1
2026-03-26T13:41:46.259,A1,1,1736,-59.2,-82.4,-23.3,138.44,108,13229,14951,15094,23838,1063,638994268,1
2026-03-26T13:41:46.319,A1,1,1737,-58.4,-82.2,-23.8,132.51,108,13283,14311,11254,20102,949,638993829,1
2026-03-26T13:41:46.349,A1,1,1738,-58.6,-82.2,-23.7,140.0,104,13281,14560,13841,22723,1016,638993853,1
2026-03-26T13:41:46.409,A1,1,1739,-59.0,-81.7,-22.7,146.1,120,15302,17532,15997,29214,1168,638994116,1
2026-03-26T13:41:46.470,A1,1,1740,-58.4,-80.1,-21.8,143.27,96,14606,13754,15077,21591,984,638994252,1
2026-03-26T13:41:46.527,A1,1,1741,-59.0,-83.8,-24.8,143.78,100,14150,14378,10012,21448,1003,638994162,1
2026-03-26T13:41:46.587,A1,1,1742,-58.7,-83.2,-24.5,168.67,96,13379,16192,12315,24561,1060,638994273,1
2026-03-26T13:41:46.618,A1,1,1743,-59.2,-81.2,-22.0,149.56,108,16070,16153,15416,26303,1118,638993908,1
2026-03-26T13:41:46.679,A1,1,1744,-58.2,-80.2,-22.0,156.39,100,14742,15639,14758,23629,1025,638994080,1
2026-03-26T13:41:46.710,A1,1,1745,-59.0,-82.9,-23.9,134.32,108,14865,14507,12686,23532,1051,638994061,1
2026-03-26T13:41:46.767,A1,1,1746,-58.6,-82.3,-23.7,170.67,96,13550,16384,11921,23267,1029,638993966,1
2026-03-26T13:41:46.829,A1,1,1747,-57.6,-81.9,-24.3,153.95,100,14764,15395,9065,21951,966,638994107,1
2026-03-26T13:41:46.889,A1,1,1748,-59.0,-82.1,-23.2,148.6,100,13278,14860,13402,21799,1009,638994165,1
2026-03-26T13:41:46.919,A1,1,1749,-59.1,-81.5,-22.4,135.69,116,15042,15740,15635,25828,1103,638994286,1
2026-03-26T13:41:46.980,A1,1,1750,-59.4,-81.2,-21.9,138.96,120,14110,16675,16892,26323,1125,638993877,1
2026-03-26T13:41:47.008,A1,1,1751,-60.0,-82.7,-22.8,151.84,104,12002,15791,16122,24006,1097,638993998,1
2026-03-26T13:41:47.068,A1,1,1752,-60.2,-83.7,-23.5,181.47,88,12405,15969,10425,20021,1008,638994052,1
2026-03-26T13:41:47.127,A1,1,1753,-60.0,-82.4,-22.4,152.32,112,13127,17060,13962,23556,1088,638994033,1
2026-03-26T13:41:47.187,A1,1,1754,-60.6,-83.4,-22.8,159.17,108,12016,17190,11371,20916,1046,638994317,1
2026-03-26T13:41:47.248,A1,1,1755,-61.2,-83.0,-21.9,146.95,128,13366,18810,15262,26418,1200,638993961,1
2026-03-26T13:41:47.280,A1,1,1756,-60.0,-82.2,-22.2,155.39,108,12372,16782,12567,20957,1024,638994321,1
2026-03-26T13:41:47.339,A1,1,1757,-60.3,-84.4,-24.1,157.39,108,16853,16998,9635,26795,1172,638994120,1
2026-03-26T13:41:47.369,A1,1,1758,-60.3,-80.7,-20.4,172.96,104,14770,17988,15201,24202,1113,638994177,1
2026-03-26T13:41:47.427,A1,1,1759,-58.9,-79.9,-21.0,163.06,104,14485,16958,13711,22276,1019,638993986,1
2026-03-26T13:41:47.488,A1,1,1760,-59.3,-78.0,-18.7,177.6,92,15232,16339,14811,19932,975,638994240,1
2026-03-26T13:41:47.547,A1,1,1761,-59.8,-79.9,-20.1,156.58,96,17109,15032,9166,18429,954,638994206,1
2026-03-26T13:41:47.577,A1,1,1762,-60.3,-77.4,-17.1,177.56,96,13631,17046,16009,18208,966,638994177,1
2026-03-26T13:41:47.609,A1,1,1763,-58.2,-77.5,-19.3,151.56,104,16665,15762,11775,19213,922,638993893,1
2026-03-26T13:41:47.668,A1,1,1764,-59.7,-76.8,-17.1,168.23,108,15157,18169,16509,20639,1007,638994007,1
2026-03-26T13:41:47.727,A1,1,1765,-58.4,-78.3,-19.9,157.01,104,16325,16329,12109,20448,960,638993864,1
2026-03-26T13:41:47.788,A1,1,1766,-58.3,-76.8,-18.5,173.11,104,17749,18003,17715,26072,1079,638993977,1
2026-03-26T13:41:47.817,A1,1,1767,-61.7,-81.7,-20.0,188.36,92,17276,17329,9675,20999,1090,638993927,1
2026-03-26T13:41:47.879,A1,1,1768,-60.5,-78.8,-18.3,169.19,100,14713,16919,14260,19119,996,638994097,1
2026-03-26T13:41:47.939,A1,1,1769,-59.2,-78.6,-19.4,165.77,100,17634,16577,10681,20359,983,638994075,1
2026-03-26T13:41:47.999,A1,1,1770,-60.6,-80.6,-20.1,196.27,84,13180,16487,12091,18083,971,638994215,1
2026-03-26T13:41:48.029,A1,1,1771,-59.0,-78.8,-19.8,158.3,100,17582,15830,14616,23134,1040,638993891,1
2026-03-26T13:41:48.087,A1,1,1772,-59.6,-75.6,-16.0,177.59,100,16216,17759,15842,19164,966,638993916,1
2026-03-26T13:41:48.118,A1,1,1773,-60.4,-79.8,-19.3,149.03,124,15149,18480,16507,24472,1125,638994076,1
2026-03-26T13:41:48.208,A1,1,1774,-58.8,-78.3,-19.5,194.91,80,14281,15593,12496,17684,905,638993978,1
2026-03-26T13:41:48.267,A1,1,1775,-58.1,-77.6,-19.5,142.61,120,15310,17113,14445,21611,974,638994235,1
2026-03-26T13:41:48.299,A1,1,1776,-60.2,-76.0,-15.9,171.18,96,15733,16433,15266,17127,933,638994305,1
2026-03-26T13:41:48.328,A1,1,1777,-62.1,-80.0,-17.9,179.89,104,15359,18709,16630,22623,1147,638994011,1
2026-03-26T13:41:48.389,A1,1,1778,-61.1,-78.6,-17.5,185.95,100,17610,18595,13561,21494,1078,638994278,1
2026-03-26T13:41:48.449,A1,1,1779,-60.9,-80.6,-19.7,175.66,100,15487,17566,15640,23513,1121,638994073,1
2026-03-26T13:41:48.479,A1,1,1780,-59.1,-78.7,-19.6,187.81,96,17148,18030,13089,23287,1048,638994015,1
2026-03-26T13:41:48.539,A1,1,1781,-58.9,-76.7,-17.8,176.55,96,17116,16949,13376,19816,959,638993856,1
2026-03-26T13:41:48.569,A1,1,1782,-60.7,-82.5,-21.8,172.11,80,16064,13769,7815,17454,959,638994178,1
2026-03-26T13:41:48.628,A1,1,1783,-60.8,-79.9,-19.1,200.48,84,13848,16840,12755,18210,984,638994322,1
2026-03-26T13:41:48.688,A1,1,1784,-60.8,-82.5,-21.7,187.32,84,14083,15735,8833,17906,973,638994176,1
2026-03-26T13:41:48.747,A1,1,1785,-61.0,-80.4,-19.3,209.57,84,16592,17604,10984,20488,1050,638994328,1
2026-03-26T13:41:48.809,A1,1,1786,-60.3,-78.3,-18.1,174.48,100,16202,17448,16558,22333,1069,638994082,1
2026-03-26T13:41:48.841,A1,1,1787,-59.5,-81.3,-21.8,174.93,88,15623,15394,9269,19436,971,638994262,1
2026-03-26T13:41:48.897,A1,1,1788,-59.1,-78.3,-19.2,218.12,76,15778,16577,13536,20305,980,638994227,1
2026-03-26T13:41:48.927,A1,1,1789,-58.9,-78.1,-19.2,217.64,72,14403,15670,12682,17661,906,638993934,1
2026-03-26T13:41:48.987,A1,1,1790,-59.4,-81.1,-21.7,189.42,88,15613,16669,9636,21008,1005,638993883,1
2026-03-26T13:41:49.047,A1,1,1791,-59.5,-78.9,-19.4,171.52,80,13978,13722,14341,17199,912,638994316,1
2026-03-26T13:41:49.079,A1,1,1792,-59.6,-78.9,-19.4,195.27,92,15122,17965,14813,22394,1045,638994281,1
2026-03-26T13:41:49.137,A1,1,1793,-58.8,-77.7,-18.9,190.03,76,15352,14442,14817,18675,929,638994290,1
2026-03-26T13:41:49.199,A1,1,1794,-59.2,-79.5,-20.3,194.52,84,16701,16340,10401,20291,983,638994178,1
2026-03-26T13:41:49.227,A1,1,1795,-59.8,-78.2,-18.4,181.04,100,14120,18104,16815,22015,1044,638994189,1
2026-03-26T13:41:49.287,A1,1,1796,-59.5,-76.7,-17.2,179.54,92,15307,16518,15006,18389,943,638993915,1
2026-03-26T13:41:49.347,A1,1,1797,-59.4,-78.1,-18.7,183.83,92,16583,16912,12232,19736,974,638994134,1
2026-03-26T13:41:49.408,A1,1,1798,-59.9,-77.7,-17.8,183.92,96,14380,17656,16807,20887,1020,638994302,1
2026-03-26T13:41:49.439,A1,1,1799,-60.2,-79.7,-19.4,186.61,88,17464,16422,9663,19519,997,638994252,1
2026-03-26T13:41:49.499,A1,1,1800,-59.7,-78.2,-18.5,194.18,84,14031,16311,13709,17818,935,638993848,1
2026-03-26T13:41:49.529,A1,1,1801,-59.1,-77.1,-18.0,178.91,92,15476,16460,14662,19221,952,638994055,1
2026-03-26T13:41:49.587,A1,1,1802,-59.3,-77.8,-18.5,191.88,92,14461,17653,15944,21151,1006,638994127,1
2026-03-26T13:41:49.647,A1,1,1803,-59.7,-80.3,-20.6,178.99,80,16240,14319,10755,18562,954,638993825,1
2026-03-26T13:41:49.677,A1,1,1804,-59.6,-77.8,-18.2,203.54,84,15642,17097,13896,19543,977,638993918,1
2026-03-26T13:41:49.738,A1,1,1805,-59.5,-76.9,-17.3,209.64,80,14270,16771,15726,18490,948,638994170,1
2026-03-26T13:41:49.797,A1,1,1806,-60.8,-78.0,-17.2,203.6,84,16044,17102,12952,17902,975,638993971,1
2026-03-26T13:41:49.828,A1,1,1807,-61.8,-79.8,-18.0,186.45,100,17081,18645,13246,21572,1106,638994140,1
2026-03-26T13:41:49.888,A1,1,1808,-60.5,-79.0,-18.5,214.54,80,13407,17163,14721,18922,990,638994093,1
2026-03-26T13:41:49.947,A1,1,1809,-61.4,-78.6,-17.2,195.58,92,14900,17993,17255,21159,1082,638994261,1
2026-03-26T13:41:50.007,A1,1,1810,-60.5,-77.9,-17.4,196.25,88,16986,17270,12058,18628,983,638994234,1
2026-03-26T13:41:50.039,A1,1,1811,-59.6,-80.1,-20.5,196.18,88,15796,17264,10812,20835,1009,638994145,1
2026-03-26T13:41:50.099,A1,1,1812,-59.6,-78.0,-18.5,209.57,80,16211,16766,13104,19539,975,638993950,1
2026-03-26T13:41:50.157,A1,1,1813,-58.7,-77.3,-18.6,186.6,92,16335,17167,13649,20576,971,638993890,1
2026-03-26T13:41:50.219,A1,1,1814,-58.7,-77.6,-18.9,167.8,100,16146,16780,16941,23281,1035,638994061,1
2026-03-26T13:41:50.249,A1,1,1815,-58.4,-80.1,-21.7,164.39,104,17266,17097,9654,23312,1024,638993825,1
2026-03-26T13:41:50.307,A1,1,1816,-57.6,-78.2,-20.5,179.75,96,16969,17256,11090,22330,975,638993907,1
2026-03-26T13:41:50.369,A1,1,1817,-59.6,-79.3,-19.7,195.23,80,15536,15618,9779,17308,918,638994249,1
2026-03-26T13:41:50.399,A1,1,1818,-60.1,-79.6,-19.4,171.94,88,16992,15131,11548,18988,981,638994027,1
2026-03-26T13:41:50.459,A1,1,1819,-61.1,-80.5,-19.5,162.24,96,18079,15575,9447,19301,1021,638993918,1
2026-03-26T13:41:50.519,A1,1,1820,-60.7,-81.0,-20.4,157.78,96,17232,15147,10290,19675,1017,638993928,1
2026-03-26T13:41:50.549,A1,1,1821,-61.1,-81.3,-20.2,164.74,100,13013,16474,13321,19010,1015,638994231,1
2026-03-26T13:41:50.609,A1,1,1822,-60.1,-80.8,-20.6,180.64,88,16942,15896,8817,19595,996,638994135,1
2026-03-26T13:41:50.668,A1,1,1823,-59.7,-76.9,-17.2,187.3,92,15375,17232,15024,18988,965,638994051,1
2026-03-26T13:41:50.727,A1,1,1824,-59.6,-77.8,-18.2,182.74,92,16741,16812,11356,18615,953,638993959,1
2026-03-26T13:41:50.758,A1,1,1825,-60.3,-79.6,-19.2,176.11,88,15779,15498,13284,19189,993,638994192,1
2026-03-26T13:41:50.817,A1,1,1826,-59.6,-79.0,-19.3,198.78,88,14815,17493,13963,20896,1011,638994118,1
2026-03-26T13:41:50.879,A1,1,1827,-59.8,-79.6,-19.8,192.26,88,14625,16919,11982,19272,977,638994276,1
2026-03-26T13:41:50.909,A1,1,1828,-59.6,-79.5,-19.9,164.28,88,15419,14457,11931,17801,931,638994163,1
2026-03-26T13:41:50.969,A1,1,1829,-60.1,-79.2,-19.1,175.1,88,15237,15409,11698,17295,936,638994302,1
2026-03-26T13:41:51.029,A1,1,1830,-60.0,-78.4,-18.3,212.19,80,15873,16975,12978,19176,982,638994220,1
2026-03-26T13:41:51.059,A1,1,1831,-60.1,-79.2,-19.1,175.27,92,14861,16125,11693,17585,943,638994291,1
2026-03-26T13:41:51.119,A1,1,1832,-59.7,-79.2,-19.5,182.91,88,14458,16096,11468,17576,929,638994252,1
2026-03-26T13:41:51.179,A1,1,1833,-60.2,-78.9,-18.7,173.9,96,15524,16694,12009,18439,968,638994189,1
2026-03-26T13:41:51.207,A1,1,1834,-60.8,-82.0,-21.3,177.81,88,14821,15647,8639,17866,972,638993919,1
2026-03-26T13:41:51.268,A1,1,1835,-60.3,-80.1,-19.8,186.07,92,17362,17118,9735,20607,1027,638993849,1
2026-03-26T13:41:51.327,A1,1,1836,-60.6,-80.7,-20.2,183.04,96,15275,17572,10750,20222,1027,638993999,1
2026-03-26T13:41:51.358,A1,1,1837,-60.7,-80.8,-20.1,200.23,88,12154,17620,13761,19757,1020,638993864,1
2026-03-26T13:41:51.417,A1,1,1838,-60.5,-80.9,-20.4,170.59,92,16666,15694,10168,19540,1009,638994244,1
2026-03-26T13:41:51.479,A1,1,1839,-61.0,-81.2,-20.3,168.06,100,16866,16806,9963,20629,1052,638994124,1
2026-03-26T13:41:51.539,A1,1,1840,-60.5,-80.2,-19.7,179.17,92,13758,16484,11838,17909,964,638994005,1
2026-03-26T13:41:51.569,A1,1,1841,-61.0,-80.6,-19.7,160.1,108,15053,17291,14068,21462,1073,638994098,1
2026-03-26T13:41:51.629,A1,1,1842,-60.0,-81.3,-21.3,167.92,88,14836,14777,8660,17051,924,638993843,1
2026-03-26T13:41:51.689,A1,1,1843,-59.8,-80.6,-20.8,161.67,92,14167,14874,9088,16231,895,638994174,1
2026-03-26T13:41:51.718,A1,1,1844,-60.3,-81.2,-20.9,173.15,104,13850,18008,12517,21729,1056,638994258,1
2026-03-26T13:41:51.777,A1,1,1845,-60.2,-80.8,-20.6,172.12,104,11506,17900,16628,23010,1083,638994280,1
2026-03-26T13:41:51.867,A1,1,1846,-60.3,-80.5,-20.2,177.27,100,9579,17727,16690,21132,1041,638994026,1
2026-03-26T13:41:51.897,A1,1,1847,-60.3,-80.4,-20.2,176.58,92,15137,16245,10125,18284,967,638993991,1
2026-03-26T13:41:51.929,A1,1,1848,-60.2,-78.6,-18.4,200.33,84,14273,16828,13173,17982,957,638994159,1
2026-03-26T13:41:51.989,A1,1,1849,-61.0,-80.8,-19.8,169.15,92,16052,15562,11930,19177,1016,638994195,1
2026-03-26T13:41:52.048,A1,1,1850,-60.9,-80.2,-19.3,187.52,92,14328,17252,11982,18690,999,638994186,1
2026-03-26T13:41:52.079,A1,1,1851,-60.3,-79.6,-19.3,195.88,84,13773,16454,11991,17462,946,638994070,1
2026-03-26T13:41:52.139,A1,1,1852,-60.8,-81.7,-20.9,170.22,92,11854,15660,13664,18466,989,638993840,1
2026-03-26T13:41:52.169,A1,1,1853,-59.3,-81.8,-22.5,165.45,84,13875,13898,9089,16916,899,638994252,1
2026-03-26T13:41:52.257,A1,1,1854,-60.8,-83.5,-22.7,164.6,88,13936,14485,10663,18940,1001,638994287,1
2026-03-26T13:41:52.287,A1,1,1855,-60.5,-81.9,-21.4,153.93,116,12460,17856,16314,24747,1135,638994092,1
2026-03-26T13:41:52.318,A1,1,1856,-59.5,-82.3,-22.7,173.4,96,15455,16646,9362,22142,1037,638993864,1
2026-03-26T13:41:52.377,A1,1,1857,-60.4,-82.0,-21.7,170.67,96,10859,16384,15287,21110,1043,638994246,1
2026-03-26T13:41:52.437,A1,1,1858,-59.7,-80.9,-21.2,207.06,80,9811,16565,15906,20643,1006,638994053,1
2026-03-26T13:41:52.499,A1,1,1859,-60.1,-79.7,-19.6,200.01,84,12964,16801,14236,19340,987,638993968,1
2026-03-26T13:41:52.527,A1,1,1860,-59.4,-79.2,-19.8,161.59,100,15211,16159,10521,18078,933,638994180,1
2026-03-26T13:41:52.589,A1,1,1861,-58.9,-78.2,-19.3,183.47,92,12909,16879,15758,20271,971,638993831,1
2026-03-26T13:41:52.649,A1,1,1862,-59.7,-79.0,-19.3,179.93,92,11619,16554,15777,19055,968,638993983,1
2026-03-26T13:41:52.679,A1,1,1863,-59.9,-79.9,-20.0,157.24,92,15578,14466,9184,16275,901,638994049,1
2026-03-26T13:41:52.739,A1,1,1864,-60.1,-82.0,-21.9,153.12,88,14677,13475,7590,15798,892,638994305,1
2026-03-26T13:41:52.767,A1,1,1865,-60.2,-79.6,-19.4,178.61,92,13373,16432,13424,18313,965,638993883,1
2026-03-26T13:41:52.827,A1,1,1866,-59.2,-80.2,-21.0,204.0,88,15669,17952,11550,22800,1042,638994114,1
2026-03-26T13:41:53.337,A1,1,1867,-59.6,-80.5,-20.8,190.18,92,16720,17497,10586,22459,1048,638994158,1
2026-03-26T13:41:53.848,A1,1,1868,-59.7,-81.5,-21.8,175.42,96,10741,16840,13951,20412,1000,638994324,1
2026-03-26T13:41:54.357,A1,1,1869,-60.3,-78.6,-18.4,169.98,100,16917,16998,11227,19003,985,638994253,1
2026-03-26T13:41:54.839,A1,1,1870,-60.3,-81.7,-21.4,170.29,100,14018,17029,11473,20680,1028,638994191,1
2026-03-26T13:41:55.348,A1,1,1871,-59.6,-78.4,-18.8,177.41,96,16327,17031,11220,19086,964,638994317,1
2026-03-26T13:41:55.833,A1,1,1872,-60.0,-81.4,-21.4,180.76,80,16581,14461,8188,18385,962,638994081,1
2026-03-26T13:41:56.339,A1,1,1873,-59.8,-79.4,-19.5,180.38,88,11761,15873,15214,18296,952,638993981,1
2026-03-26T13:41:56.849,A1,1,1874,-60.6,-80.3,-19.6,164.38,108,15503,17753,12182,20856,1046,638994137,1
2026-03-26T13:41:57.327,A1,1,1875,-59.5,-80.8,-21.3,161.98,96,16332,15550,9837,20111,989,638993946,1
2026-03-26T13:41:57.838,A1,1,1876,-59.6,-80.6,-20.9,151.45,92,15761,13933,11468,18617,954,638993994,1
2026-03-26T13:41:58.348,A1,1,1877,-60.2,-80.8,-20.6,175.61,92,15822,16156,10658,19767,1003,638993965,1
2026-03-26T13:41:58.827,A1,1,1878,-60.3,-80.1,-19.7,190.09,92,15197,17488,12126,20388,1023,638994298,1
2026-03-26T13:41:59.339,A1,1,1879,-60.0,-80.9,-21.0,182.17,88,16744,16031,10047,20708,1019,638994273,1
2026-03-26T13:41:59.847,A1,1,1880,-60.3,-79.1,-18.9,178.08,96,14233,17096,12925,18581,975,638993828,1
2026-03-26T13:42:00.360,A1,1,1881,-59.8,-79.1,-19.3,178.23,92,10234,16397,15473,17752,936,638993928,1
2026-03-26T13:42:00.837,A1,1,1882,-59.3,-76.4,-17.1,184.02,92,14788,16930,14938,18107,929,638994234,1
2026-03-26T13:42:01.347,A1,1,1883,-59.9,-79.0,-19.1,220.29,80,11264,17623,16023,19771,993,638994114,1
2026-03-26T13:42:01.857,A1,1,1884,-60.6,-81.6,-20.9,163.81,104,15874,17036,10901,21416,1060,638993994,1
2026-03-26T13:42:02.367,A1,1,1885,-60.3,-81.4,-21.1,168.64,92,17254,15515,9803,20750,1031,638994074,1
2026-03-26T13:42:02.848,A1,1,1886,-58.3,-77.5,-19.1,165.62,104,15033,17225,14760,21208,973,638993873,1
2026-03-26T13:42:03.356,A1,1,1887,-58.9,-78.7,-19.8,150.75,104,17922,15678,13839,22699,1028,638993953,1
2026-03-26T13:42:03.868,A1,1,1888,-60.1,-77.0,-16.9,186.47,88,15292,16409,14589,17553,941,638994192,1
2026-03-26T13:42:04.346,A1,1,1889,-58.8,-79.5,-20.8,176.13,92,16618,16204,9920,20383,969,638993878,1
2026-03-26T13:42:04.859,A1,1,1890,-60.0,-77.3,-17.3,201.64,84,15547,16938,14165,18359,959,638994249,1
2026-03-26T13:42:05.397,A1,1,1891,-62.7,-80.2,-17.5,120.27,168,19289,20206,16172,26561,1267,638994050,1
2026-03-26T13:42:05.849,A1,1,1892,-61.9,-78.7,-16.8,216.13,76,14900,16426,11863,15417,938,638993895,1
2026-03-26T13:42:06.357,A1,1,1893,-62.9,-78.9,-16.1,196.8,96,15211,18893,15688,19301,1087,638993866,1
2026-03-26T13:42:06.867,A1,1,1894,-59.9,-79.5,-19.6,174.64,96,16857,16765,9248,19279,980,638993831,1
2026-03-26T13:42:07.348,A1,1,1895,-61.8,-77.9,-16.0,212.31,80,13768,16985,13284,15118,928,638994239,1
2026-03-26T13:42:07.857,A1,1,1896,-61.3,-76.9,-15.5,214.05,80,14600,17124,14014,15687,929,638994046,1
2026-03-26T13:42:08.367,A1,1,1897,-61.7,-77.7,-15.9,190.44,88,14838,16759,12497,15085,924,638993961,1
2026-03-26T13:42:08.878,A1,1,1898,-60.8,-79.5,-18.7,163.46,112,13325,18308,15269,20740,1049,638994062,1
2026-03-26T13:42:09.359,A1,1,1899,-60.0,-78.7,-18.7,194.1,92,17637,17857,10895,20832,1023,638994207,1
2026-03-26T13:42:09.867,A1,1,1900,-58.9,-77.3,-18.5,183.31,96,17533,17598,11839,20714,980,638994223,1
2026-03-26T13:42:10.378,A1,1,1901,-60.2,-76.9,-16.7,214.05,80,14705,17124,13448,16665,922,638993849,1
2026-03-26T13:42:10.887,A1,1,1902,-60.2,-75.9,-15.7,181.69,96,14742,17442,14809,16744,923,638993858,1
2026-03-26T13:42:11.368,A1,1,1903,-59.4,-79.0,-19.6,242.32,68,10991,16478,13983,17367,913,638994298,1
2026-03-26T13:42:11.879,A1,1,1904,-58.3,-77.8,-19.5,213.94,80,17033,17115,11051,20690,960,638994204,1
2026-03-26T13:42:12.388,A1,1,1905,-58.6,-77.8,-19.2,198.13,84,15477,16643,12136,19092,932,638994207,1
2026-03-26T13:42:12.867,A1,1,1906,-59.6,-79.3,-19.7,181.24,100,12252,18124,15484,21435,1022,638994100,1
2026-03-26T13:42:13.377,A1,1,1907,-59.2,-77.1,-17.8,183.03,92,15542,16839,12869,18064,927,638993974,1
2026-03-26T13:42:13.888,A1,1,1908,-60.9,-80.4,-19.5,211.46,92,13966,19454,17116,25508,1167,638994012,1
2026-03-26T13:42:14.398,A1,1,1909,-61.8,-77.1,-15.3,215.59,80,13254,17247,15027,15367,934,638994200,1
2026-03-26T13:42:14.878,A1,1,1910,-63.0,-78.4,-15.4,177.82,108,15096,19205,16860,19420,1096,638994250,1
2026-03-26T13:42:15.386,A1,1,1911,-61.4,-81.6,-20.2,156.74,112,11179,17555,15657,20931,1075,638994265,1
2026-03-26T13:42:15.897,A1,1,1912,-59.8,-77.0,-17.2,177.51,100,17058,17751,12483,19137,973,638994331,1
2026-03-26T13:42:16.407,A1,1,1913,-61.4,-77.9,-16.5,196.33,96,17811,18848,13805,20589,1065,638994224,1
2026-03-26T13:42:16.916,A1,1,1914,-61.1,-77.5,-16.5,209.42,88,17934,18429,13116,19837,1035,638994293,1
2026-03-26T13:42:17.397,A1,1,1915,-61.8,-79.9,-18.1,178.8,104,13030,18595,16545,21050,1094,638993937,1
2026-03-26T13:42:17.877,A1,1,1916,-61.6,-79.9,-18.2,166.4,108,13824,17971,14951,19801,1055,638993983,1
2026-03-26T13:42:18.386,A1,1,1917,-60.9,-77.2,-16.3,184.32,96,17892,17695,11670,18083,983,638993878,1
2026-03-26T13:42:18.928,A1,1,1918,-61.3,-77.6,-16.2,197.27,84,12150,16571,14660,14935,907,638994202,1
2026-03-26T13:42:19.407,A1,1,1919,-61.4,-81.8,-20.3,167.26,96,15707,16057,11184,19578,1041,638994283,1
2026-03-26T13:42:19.890,A1,1,1920,-59.8,-83.0,-23.2,184.46,80,11752,14757,11172,18245,950,638994099,1
2026-03-26T13:42:20.400,A1,1,1921,-60.8,-77.1,-16.3,164.97,104,17734,17157,10553,16938,947,638994224,1
2026-03-26T13:42:20.909,A1,1,1922,-58.5,-77.7,-19.2,196.14,84,14150,16476,13295,18650,917,638993916,1
2026-03-26T13:42:21.389,A1,1,1923,-58.3,-76.3,-17.9,135.28,116,14367,15692,13916,17004,872,638993865,1
2026-03-26T13:42:21.899,A1,1,1924,-71.3,-77.5,-6.3,143.04,116,17040,16593,11070,8093,940,638993991,1
2026-03-26T13:42:22.409,A1,1,1925,-61.8,-76.6,-14.8,173.76,100,15460,17376,14278,15791,947,638994047,1
2026-03-26T13:42:22.917,A1,1,1926,-61.6,-82.6,-20.9,144.89,120,9711,17387,15076,20180,1065,638994328,1
2026-03-26T13:42:23.399,A1,1,1927,-62.2,-80.8,-18.5,187.39,100,13492,18739,15173,20963,1107,638994173,1
2026-03-26T13:42:23.907,A1,1,1928,-62.0,-78.9,-16.9,185.09,100,14669,18509,15001,19134,1051,638993869,1
2026-03-26T13:42:24.417,A1,1,1929,-61.7,-79.7,-18.0,219.33,84,14379,18424,14035,19605,1053,638993917,1
2026-03-26T13:42:24.935,A1,1,1930,-61.1,-81.2,-20.1,175.38,100,13218,17538,12015,19136,1018,638994289,1
2026-03-26T13:42:25.409,A1,1,1931,-61.4,-81.5,-20.1,146.95,112,11689,16458,16062,20313,1060,638994191,1
2026-03-26T13:42:25.919,A1,1,1932,-61.1,-82.6,-21.5,133.37,108,14326,14404,9532,16942,957,638994262,1
2026-03-26T13:42:26.399,A1,1,1933,-61.0,-79.3,-18.3,183.47,92,13983,16879,11928,16874,951,638993916,1
2026-03-26T13:42:26.907,A1,1,1934,-60.6,-80.3,-19.7,144.38,112,16003,16170,11144,19090,999,638994138,1
2026-03-26T13:42:27.430,A1,1,1935,-60.1,-78.4,-18.3,151.8,108,14418,16394,14025,18217,959,638994145,1
2026-03-26T13:42:27.897,A1,1,1936,-60.3,-78.9,-18.7,171.74,100,14151,17174,12584,18102,962,638993968,1
2026-03-26T13:42:28.408,A1,1,1937,-60.2,-79.3,-19.1,156.15,108,13781,16864,12173,17761,950,638993846,1
2026-03-26T13:42:28.949,A1,1,1938,-60.2,-78.4,-18.2,146.81,112,15333,16443,11418,17091,933,638994154,1
2026-03-26T13:42:29.399,A1,1,1939,-59.2,-77.3,-18.0,149.75,116,14558,17371,14466,19170,955,638994002,1
2026-03-26T13:42:29.908,A1,1,1940,-60.7,-76.3,-15.6,178.74,96,13647,17159,15528,16180,922,638993873,1
2026-03-26T13:42:30.416,A1,1,1941,-61.0,-78.2,-17.2,168.79,96,17058,16204,9059,15888,925,638994335,1
2026-03-26T13:42:30.899,A1,1,1942,-62.1,-78.1,-16.0,182.85,92,16019,16822,11625,15515,949,638993938,1
2026-03-26T13:42:31.411,A1,1,1943,-59.9,-75.3,-15.4,142.73,116,16941,16557,12788,16071,894,638994229,1
2026-03-26T13:42:31.917,A1,1,1944,-61.4,-78.8,-17.3,146.67,128,16622,18774,15057,21623,1094,638994044,1
2026-03-26T13:42:32.429,A1,1,1945,-61.8,-77.4,-15.6,196.23,84,13987,16483,14830,15398,936,638994260,1
2026-03-26T13:42:32.938,A1,1,1946,-62.1,-79.6,-17.5,204.07,84,15790,17142,10935,16970,992,638993954,1
2026-03-26T13:42:33.416,A1,1,1947,-60.9,-82.4,-21.5,136.09,112,14726,15242,8547,17604,968,638977496,1
2026-03-26T13:42:33.897,A1,1,1948,-60.7,-78.0,-17.2,107.47,172,16833,18485,14202,20724,1046,638977599,1
2026-03-26T13:42:34.407,A1,1,1949,-61.5,-78.7,-17.2,184.95,96,12419,17755,14676,17127,976,638977503,1
2026-03-26T13:42:34.917,A1,1,1950,-61.4,-78.6,-17.1,192.04,92,16026,17668,11710,17574,987,638977198,1
2026-03-26T13:42:35.426,A1,1,1951,-60.8,-78.1,-17.3,164.07,108,12262,17720,15424,17670,969,638977431,1
2026-03-26T13:42:35.906,A1,1,1952,-74.9,-79.8,-4.8,143.63,128,12711,18385,18255,8855,1117,638977292,1
2026-03-26T13:42:36.418,A1,1,1953,-61.9,-79.2,-17.3,166.08,108,18218,17937,11746,19951,1069,638977333,1
2026-03-26T13:42:36.928,A1,1,1954,-61.4,-77.3,-15.9,201.0,84,14694,16884,13142,15371,922,638977424,1
2026-03-26T13:42:37.407,A1,1,1955,-61.0,-77.7,-16.7,187.86,92,16238,17283,11663,16900,953,638977391,1
2026-03-26T13:42:37.947,A1,1,1956,-60.4,-77.6,-17.1,162.97,112,15729,18253,14153,19435,1003,638977607,1
2026-03-26T13:42:38.426,A1,1,1957,-61.2,-78.3,-17.1,205.23,88,15460,18060,13300,18439,1002,638977208,1
2026-03-26T13:42:38.937,A1,1,1958,-61.6,-77.8,-16.2,182.32,100,17066,18232,12998,18560,1019,638977277,1
2026-03-26T13:42:39.419,A1,1,1959,-60.5,-76.7,-16.2,181.41,92,14655,16690,13798,16022,912,638977626,1
2026-03-26T13:42:39.928,A1,1,1960,-61.1,-78.0,-16.9,165.09,100,16034,16509,11722,16406,942,638977189,1
2026-03-26T13:42:40.438,A1,1,1961,-61.8,-81.2,-19.4,162.43,100,10581,16243,16266,18619,1028,638977251,1
2026-03-26T13:42:40.918,A1,1,1962,-61.3,-78.3,-17.0,170.81,96,16891,16398,9330,15865,933,638977442,1
2026-03-26T13:42:41.427,A1,1,1963,-61.0,-77.4,-16.4,146.57,120,17508,17588,11294,17614,973,638977443,1
2026-03-26T13:42:41.909,A1,1,1964,-61.2,-77.4,-16.2,176.77,96,14347,16970,13758,15920,933,638977429,1
2026-03-26T13:42:42.418,A1,1,1965,-61.0,-77.8,-16.8,151.01,116,15574,17517,13129,17580,972,638977139,1
2026-03-26T13:42:42.934,A1,1,1966,-61.1,-78.1,-16.9,143.96,128,13304,18427,16534,19409,1026,638977248,1
2026-03-26T13:42:43.436,A1,1,1967,-88.4,-79.9,8.5,152.06,112,13012,17031,14062,2641,997,638997491,1
2026-03-26T13:42:43.919,A1,1,1968,-63.1,-79.9,-16.7,179.69,108,18812,19407,14259,22623,1187,638997444,1
2026-03-26T13:42:44.427,A1,1,1969,-62.3,-81.0,-18.7,131.49,132,17464,17357,12203,20981,1109,638997500,1
2026-03-26T13:42:44.938,A1,1,1970,-61.3,-77.7,-16.3,198.96,84,15847,16713,11865,15837,933,638997373,1
2026-03-26T13:42:45.448,A1,1,1971,-61.5,-78.0,-16.6,157.32,104,16948,16361,9660,15557,929,638997548,1
2026-03-26T13:42:45.926,A1,1,1972,-62.2,-80.0,-17.8,114.54,148,18667,16952,10057,19235,1061,638997508,1
2026-03-26T13:42:46.436,A1,1,1973,-62.1,-76.8,-14.7,160.24,108,16410,17306,12504,15254,941,638997486,1
2026-03-26T13:42:46.947,A1,1,1974,-62.0,-77.3,-15.3,150.05,124,14247,18606,16724,18189,1024,638997160,1
2026-03-26T13:42:47.428,A1,1,1975,-61.3,-78.8,-17.5,154.12,124,14292,19111,16657,21681,1091,638997329,1
2026-03-26T13:42:47.995,A1,1,1976,-62.7,-79.6,-16.9,133.66,148,17869,19781,15369,23254,1185,638997301,1
2026-03-26T13:42:48.451,A1,1,1977,-61.0,-79.0,-18.1,134.05,140,15618,18767,13833,20946,1060,638997439,1
2026-03-26T13:42:48.927,A1,1,1978,-61.9,-76.4,-14.6,193.1,88,15075,16993,13587,14607,914,638997131,1
2026-03-26T13:42:49.435,A1,1,1979,-62.4,-79.5,-17.1,183.01,104,16226,19033,14015,20487,1100,638997431,1
2026-03-26T13:42:49.976,A1,1,1980,-61.6,-77.8,-16.3,125.84,140,17930,17617,10553,17473,988,638997621,1
2026-03-26T13:42:50.427,A1,1,1981,-61.5,-76.5,-15.0,131.1,128,16068,16781,12932,15155,920,638997191,1
2026-03-26T13:42:50.937,A1,1,1982,-62.0,-77.5,-15.5,152.21,112,16953,17047,10717,15415,944,638997473,1
2026-03-26T13:42:51.456,A1,1,1983,-61.6,-76.9,-15.3,140.72,128,16778,18012,13773,17494,989,638997324,1
2026-03-26T13:42:51.928,A1,1,1984,-61.9,-76.5,-14.5,143.02,124,14119,17735,15503,15697,949,638997408,1
2026-03-26T13:42:52.439,A1,1,1985,-62.9,-80.1,-17.2,148.89,132,19231,19654,13003,23188,1193,638997318,1
2026-03-26T13:42:52.947,A1,1,1986,-61.4,-77.3,-15.8,181.09,92,15874,16660,12393,15530,928,638997441,1
2026-03-26T13:42:53.456,A1,1,1987,-61.7,-76.2,-14.4,142.6,116,15759,16542,13158,14375,902,638997184,1
2026-03-26T13:42:53.966,A1,1,1988,-61.8,-78.4,-16.7,134.65,132,18362,17774,9825,18077,1013,638997536,1
2026-03-26T13:42:54.448,A1,1,1989,-61.8,-77.4,-15.6,120.97,156,18383,18871,13779,19818,1061,638997303,1
2026-03-26T13:42:54.928,A1,1,1990,-62.8,-77.9,-15.2,138.29,140,18810,19360,15730,21228,1136,638997517,1
2026-03-26T13:42:55.439,A1,1,1991,-62.1,-75.2,-13.1,137.43,124,16919,17041,13240,14182,908,638997519,1
2026-03-26T13:42:55.959,A1,1,1992,-61.7,-78.0,-16.3,111.6,144,17008,16071,9139,14879,915,638997434,1
2026-03-26T13:42:56.456,A1,1,1993,-60.9,-76.3,-15.3,130.28,128,17281,16676,11193,15459,910,638997295,1
2026-03-26T13:42:56.936,A1,1,1994,-61.8,-76.8,-15.0,137.51,140,16682,19252,17794,20825,1088,638997592,1
2026-03-26T13:42:57.445,A1,1,1995,-61.3,-76.7,-15.4,154.0,112,17703,17248,11561,16436,949,638997487,1
2026-03-26T13:42:57.956,A1,1,1996,-61.1,-77.3,-16.2,133.56,120,16511,16027,9836,14658,890,638997423,1
2026-03-26T13:42:58.437,A1,1,1997,-62.5,-78.7,-16.2,171.22,116,19402,19862,16521,24408,1207,638997262,1
2026-03-26T13:42:58.946,A1,1,1998,-60.7,-75.9,-15.2,139.56,120,14857,16747,14777,15663,908,638997596,1
2026-03-26T13:42:59.459,A1,1,1999,-61.8,-76.9,-15.1,145.14,132,18251,19159,16059,20795,1087,638997345,1
2026-03-26T13:42:59.967,A1,1,2000,-61.1,-76.6,-15.5,135.25,132,18263,17853,13417,18491,1001,638997250,1
2026-03-26T13:43:00.448,A1,1,2001,-62.0,-76.2,-14.3,137.17,120,16214,16460,12710,14202,903,638997510,1
2026-03-26T13:43:00.956,A1,1,2002,-60.8,-75.8,-15.0,129.56,132,17032,17102,12975,16135,925,638997259,1
2026-03-26T13:43:01.465,A1,1,2003,-61.7,-75.3,-13.6,111.8,152,16668,16994,13994,14880,915,638997392,1
2026-03-26T13:43:01.948,A1,1,2004,-59.6,-75.0,-15.5,104.95,168,18072,17631,14178,18614,952,638997526,1
2026-03-26T13:43:02.457,A1,1,2005,-58.9,-74.4,-15.5,129.26,136,16988,17580,14851,18181,920,638997185,1
2026-03-26T13:43:02.966,A1,1,2006,-58.8,-79.6,-20.8,111.95,132,15147,14777,10300,17763,906,638997298,1
2026-03-26T13:43:03.446,A1,1,2007,-59.1,-76.1,-17.0,110.93,144,14547,15974,13677,16185,873,638997634,1
2026-03-26T13:43:03.958,A1,1,2008,-60.6,-76.6,-16.0,170.88,104,17265,17771,12355,17689,961,638997426,1
2026-03-26T13:43:04.469,A1,1,2009,-59.4,-75.9,-16.6,142.34,120,16644,17081,12559,17411,914,638997182,1
2026-03-26T13:43:04.978,A1,1,2010,-59.5,-75.7,-16.1,153.62,116,14793,17820,15570,18123,938,638997222,1
2026-03-26T13:43:05.458,A1,1,2011,-60.0,-77.7,-17.7,139.62,112,15077,15638,13410,16916,922,638997382,1
2026-03-26T13:43:05.967,A1,1,2012,-59.6,-76.0,-16.4,158.02,108,15279,17066,13725,16834,907,638997378,1
2026-03-26T13:43:06.477,A1,1,2013,-59.2,-74.7,-15.5,151.69,112,14560,16989,15428,16401,883,638997541,1
2026-03-26T13:43:06.957,A1,1,2014,-59.5,-76.2,-16.7,146.19,116,12415,16958,15446,16453,894,638997421,1
2026-03-26T13:43:07.465,A1,1,2015,-60.2,-79.1,-18.9,124.53,128,15309,15940,13038,18501,970,638997188,1
2026-03-26T13:43:07.976,A1,1,2016,-59.6,-78.0,-18.4,124.09,128,14055,15883,14703,18135,941,638997215,1
2026-03-26T13:43:08.488,A1,1,2017,-59.3,-75.6,-16.3,179.66,96,13583,17247,15353,16881,897,638997146,1
2026-03-26T13:43:08.995,A1,1,2018,-59.2,-75.8,-16.6,140.23,124,16690,17388,12802,17883,921,638997303,1
2026-03-26T13:43:09.476,A1,1,2019,-58.9,-76.0,-17.1,141.4,124,14742,17534,15096,18724,932,638997125,1
2026-03-26T13:43:09.986,A1,1,2020,-58.5,-77.2,-18.7,174.2,108,15375,18814,15922,23450,1030,638997513,1
2026-03-26T13:43:10.498,A1,1,2021,-59.3,-76.7,-17.4,194.2,92,17855,17866,11837,19685,971,638997542,1
2026-03-26T13:43:10.977,A1,1,2022,-60.0,-75.9,-15.9,181.71,92,15288,16717,13309,15825,890,638997362,1
2026-03-26T13:43:11.486,A1,1,2023,-58.6,-77.2,-18.5,160.35,108,11242,17318,15560,18362,915,638997404,1
2026-03-26T13:43:11.966,A1,1,2024,-58.4,-76.5,-18.1,135.48,132,15955,17884,13899,20505,960,638997565,1
2026-03-26T13:43:12.504,A1,1,2025,-59.4,-78.2,-18.8,161.03,112,17069,18035,13319,22235,1033,638997568,1
2026-03-26T13:43:13.014,A1,1,2026,-59.1,-75.8,-16.6,171.19,100,15444,17119,13661,17274,904,638997313,1
2026-03-26T13:43:13.497,A1,1,2027,-59.0,-76.4,-17.4,153.39,116,17310,17793,12454,19542,958,638997547,1
2026-03-26T13:43:13.977,A1,1,2028,-58.4,-74.8,-16.5,150.03,116,15021,17404,15497,18317,906,638997594,1
2026-03-26T13:43:14.487,A1,1,2029,-59.3,-77.4,-18.1,142.16,116,13148,16490,14968,17769,923,638997356,1
2026-03-26T13:43:15.026,A1,1,2030,-59.5,-76.5,-17.0,138.16,120,16527,16579,11827,16950,908,638997620,1
2026-03-26T13:43:15.476,A1,1,2031,-59.1,-76.1,-17.0,174.89,100,16974,17489,12531,18579,935,638997300,1
2026-03-26T13:43:15.985,A1,1,2032,-58.9,-76.1,-17.2,174.94,96,15745,16794,12562,17180,895,638997504,1
2026-03-26T13:43:16.496,A1,1,2033,-58.9,-79.0,-20.0,153.4,96,12498,14726,13172,16632,881,638997481,1
2026-03-26T13:43:16.975,A1,1,2034,-58.0,-75.9,-17.9,189.53,92,15250,17437,14078,19314,919,638997507,1
2026-03-26T13:43:17.487,A1,1,2035,-58.6,-77.7,-19.0,121.2,132,17075,15998,9035,17872,903,638997545,1
2026-03-26T13:43:17.997,A1,1,2036,-59.0,-75.9,-16.9,166.11,108,17543,17940,12993,19561,956,638997285,1
2026-03-26T13:43:18.476,A1,1,2037,-58.1,-76.0,-17.9,125.35,144,17863,18051,15667,23396,1013,638997564,1
2026-03-26T13:43:18.987,A1,1,2038,-58.4,-77.4,-19.1,132.34,120,16653,15881,9253,17525,886,638997229,1
2026-03-26T13:43:19.496,A1,1,2039,-60.2,-76.2,-16.0,183.01,104,17722,19033,16050,21574,1047,638997266,1
2026-03-26T13:43:19.976,A1,1,2040,-59.6,-78.5,-18.9,143.53,116,14410,16650,12008,17755,931,638997125,1
2026-03-26T13:43:20.485,A1,1,2041,-59.4,-77.9,-18.5,121.47,144,18512,17491,10731,20940,1005,638997424,1
2026-03-26T13:43:20.995,A1,1,2042,-59.0,-76.8,-17.8,138.22,120,15485,16586,12734,17662,910,638997179,1
2026-03-26T13:43:21.509,A1,1,2043,-58.6,-77.8,-19.2,147.24,112,10959,16491,14580,17368,890,638997192,1
2026-03-26T13:43:21.988,A1,1,2044,-58.6,-78.0,-19.5,151.15,120,16698,18138,12992,22779,1017,638997349,1
2026-03-26T13:43:22.496,A1,1,2045,-59.7,-78.3,-18.7,159.13,104,15742,16550,11323,18001,940,638997360,1
2026-03-26T13:43:23.006,A1,1,2046,-61.7,-78.2,-16.5,118.31,164,17173,19403,15345,21691,1106,638997378,1
2026-03-26T13:43:23.486,A1,1,2047,-61.7,-80.5,-18.8,130.5,124,15401,16182,12044,18008,1008,638997177,1
2026-03-26T13:43:23.995,A1,1,2048,-59.8,-77.3,-17.5,186.09,92,13111,17120,14461,17205,923,638997394,1
2026-03-26T13:43:24.508,A1,1,2049,-60.1,-76.9,-16.8,160.16,116,13930,18579,16769,19948,1005,638997340,1
2026-03-26T13:43:25.015,A1,1,2050,-59.7,-79.4,-19.7,156.46,112,14475,17524,14216,21397,1026,638997131,1
2026-03-26T13:43:25.496,A1,1,2051,-59.1,-77.4,-18.3,190.68,92,17070,17543,11957,20085,972,638997608,1
2026-03-26T13:43:26.006,A1,1,2052,-58.8,-76.8,-18.0,154.97,108,17559,16737,9897,18203,917,638997157,1
2026-03-26T13:43:26.515,A1,1,2053,-58.9,-77.7,-18.9,180.27,104,15034,18748,15303,22781,1029,638997397,1
2026-03-26T13:43:26.996,A1,1,2054,-59.9,-77.8,-17.8,173.68,104,18445,18063,11144,20699,1016,638997216,1
2026-03-26T13:43:27.505,A1,1,2055,-60.4,-80.4,-19.9,147.82,120,16642,17739,12854,22895,1088,638997246,1
2026-03-26T13:43:28.018,A1,1,2056,-60.0,-77.7,-17.8,150.26,128,16606,19233,15614,23149,1076,638997321,1
2026-03-26T13:43:28.524,A1,1,2057,-58.5,-77.3,-18.8,140.98,116,17092,16354,9666,18282,909,638997420,1
2026-03-26T13:43:29.008,A1,1,2058,-59.8,-77.0,-17.2,157.87,116,14683,18313,15161,19561,985,638997191,1
2026-03-26T13:43:29.515,A1,1,2059,-59.6,-76.0,-16.4,160.79,108,17286,17365,12060,17703,928,638997354,1
2026-03-26T13:43:29.997,A1,1,2060,-59.9,-77.1,-17.2,173.95,96,11277,16699,15033,15787,887,638997210,1
2026-03-26T13:43:30.506,A1,1,2061,-60.3,-76.3,-16.1,171.86,100,15605,17186,12884,16324,913,638997561,1
2026-03-26T13:43:31.015,A1,1,2062,-59.6,-75.8,-16.1,156.85,112,16904,17567,13139,17827,934,638997618,1
2026-03-26T13:43:31.525,A1,1,2063,-60.3,-77.6,-17.4,168.44,108,11134,18191,16374,18308,967,638997348,1
2026-03-26T13:43:32.035,A1,1,2064,-60.2,-79.3,-19.1,138.86,140,18204,19440,14234,26045,1152,638997247,1
2026-03-26T13:43:32.515,A1,1,2065,-60.4,-79.1,-18.6,135.74,128,14813,17375,13570,19517,1005,638997335,1
2026-03-26T13:43:33.025,A1,1,2066,-59.8,-76.8,-17.0,170.66,104,14002,17749,14534,17787,938,638997518,1
2026-03-26T13:43:33.505,A1,1,2067,-59.1,-75.8,-16.7,156.48,116,15832,18152,15266,19725,963,638997531,1
2026-03-26T13:43:34.016,A1,1,2068,-59.6,-76.5,-16.9,178.2,96,13811,17107,13828,16561,898,638997541,1
2026-03-26T13:43:34.525,A1,1,2069,-59.8,-77.4,-17.6,165.59,100,12115,16559,14180,15968,889,638997324,1
2026-03-26T13:43:35.007,A1,1,2070,-59.7,-76.9,-17.2,187.61,96,16115,18011,13484,19179,971,638997441,1
2026-03-26T13:43:35.516,A1,1,2071,-59.5,-76.5,-17.0,137.47,128,16995,17596,12212,18430,945,638997617,1
2026-03-26T13:43:36.026,A1,1,2072,-59.8,-77.0,-17.3,157.96,112,17656,17692,11336,18944,967,638997555,1
2026-03-26T13:43:36.506,A1,1,2073,-59.5,-77.4,-18.0,150.3,120,17756,18036,11707,20505,996,638997284,1
2026-03-26T13:43:37.016,A1,1,2074,-60.3,-79.3,-19.0,159.04,124,16144,19721,16388,26030,1154,638997334,1
2026-03-26T13:43:37.524,A1,1,2075,-59.4,-77.4,-18.0,184.96,92,9950,17016,15674,16747,899,638997600,1
2026-03-26T13:43:38.066,A1,1,2076,-60.2,-77.1,-16.9,186.07,88,12160,16374,14302,15189,879,638997279,1
2026-03-26T13:43:38.516,A1,1,2077,-60.3,-76.7,-16.4,148.23,120,16887,17787,12569,17972,961,638997227,1
2026-03-26T13:43:39.024,A1,1,2078,-59.3,-75.9,-16.6,171.81,104,13957,17868,16004,18545,941,638997532,1
2026-03-26T13:43:39.534,A1,1,2079,-59.5,-78.2,-18.8,158.24,116,17503,18356,12820,22516,1044,638997370,1
2026-03-26T13:43:40.015,A1,1,2080,-60.6,-80.0,-19.5,156.23,124,19251,19373,12531,26419,1175,638997347,1
2026-03-26T13:43:40.524,A1,1,2081,-60.2,-76.8,-16.7,171.48,108,16580,18520,16111,21192,1037,638997261,1
2026-03-26T13:43:41.036,A1,1,2082,-59.6,-76.0,-16.4,183.62,92,15562,16893,12943,16432,896,638997180,1
2026-03-26T13:43:41.545,A1,1,2083,-59.3,-76.5,-17.2,165.66,100,15768,16566,12680,17127,905,638997173,1
2026-03-26T13:43:42.056,A1,1,2084,-60.1,-76.5,-16.4,191.87,92,16276,17652,12975,17664,945,638997431,1
2026-03-26T13:43:42.538,A1,1,2085,-59.6,-76.2,-16.6,179.1,96,15571,17194,13242,17187,915,638997196,1
2026-03-26T13:43:43.045,A1,1,2086,-59.6,-76.9,-17.2,167.69,108,17304,18110,12920,19932,987,638997172,1
2026-03-26T13:43:43.525,A1,1,2087,-60.0,-79.0,-19.0,149.1,128,17556,19085,14393,24869,1117,638997579,1
2026-03-26T13:43:44.036,A1,1,2088,-60.1,-81.2,-21.1,141.45,136,19541,19237,11897,29256,1217,638997560,1
2026-03-26T13:43:44.515,A1,1,2089,-61.0,-80.3,-19.3,136.91,140,14338,19168,17086,25044,1159,638997247,1
2026-03-26T13:43:45.026,A1,1,2090,-59.4,-76.6,-17.3,186.52,92,16595,17160,11915,17905,927,638997234,1
2026-03-26T13:43:45.535,A1,1,2091,-59.7,-77.2,-17.5,142.4,124,10801,17657,16056,17585,930,638997334,1
2026-03-26T13:43:46.045,A1,1,2092,-60.2,-78.6,-18.4,131.95,144,19273,19001,12474,24128,1109,638997436,1
2026-03-26T13:43:46.527,A1,1,2093,-59.6,-76.7,-17.0,150.2,120,16576,18024,13320,19225,970,638997248,1
2026-03-26T13:43:47.036,A1,1,2094,-59.3,-75.3,-16.1,153.54,112,15850,17197,14113,17267,908,638997629,1
2026-03-26T13:43:47.545,A1,1,2095,-59.9,-76.3,-16.4,152.89,112,14401,17124,13976,16459,906,638997261,1
2026-03-26T13:43:48.027,A1,1,2096,-59.5,-76.4,-17.0,158.99,108,14700,17171,13883,17341,916,638997203,1
2026-03-26T13:43:48.535,A1,1,2097,-60.2,-80.4,-20.2,125.03,148,15799,18504,14479,24604,1120,638997303,1
2026-03-26T13:43:49.046,A1,1,2098,-59.6,-78.0,-18.4,190.06,88,8943,16725,15591,16398,894,638997419,1
2026-03-26T13:43:49.555,A1,1,2099,-58.6,-76.7,-18.1,158.47,112,13367,17749,15121,19222,936,638997274,1
2026-03-26T13:43:50.035,A1,1,2100,-61.2,-79.8,-18.6,134.67,132,14300,17776,15211,20758,1063,638997251,1
2026-03-26T13:43:50.545,A1,1,2101,-60.0,-76.4,-16.4,159.38,112,16229,17851,13664,18226,955,638997260,1
2026-03-26T13:43:51.056,A1,1,2102,-59.8,-76.9,-17.1,160.31,116,16429,18596,14764,20764,1012,638997336,1
2026-03-26T13:43:51.536,A1,1,2103,-60.6,-76.8,-16.1,144.01,128,16717,18433,14454,19260,1005,638997319,1
2026-03-26T13:43:52.049,A1,1,2104,-58.9,-74.9,-16.0,145.17,116,14850,16840,15276,16971,888,638997595,1
2026-03-26T13:43:52.556,A1,1,2105,-60.9,-74.5,-13.6,205.77,84,16007,17285,14549,14984,895,638997209,1
2026-03-26T13:43:53.069,A1,1,2106,-60.7,-78.0,-17.3,140.34,120,15868,16841,13186,17935,971,638997455,1
2026-03-26T13:43:53.544,A1,1,2107,-61.2,-75.9,-14.7,188.58,88,15392,16595,13340,14547,889,638997186,1
2026-03-26T13:43:54.026,A1,1,2108,-61.2,-81.6,-20.4,116.44,140,17270,16301,8894,20075,1046,638997415,1
2026-03-26T13:43:54.535,A1,1,2109,-60.7,-77.9,-17.3,173.88,100,17122,17388,11184,18110,976,638997307,1
2026-03-26T13:43:55.046,A1,1,2110,-59.6,-76.2,-16.6,130.76,132,17308,17260,11785,17686,930,638997536,1
2026-03-26T13:43:55.559,A1,1,2111,-59.8,-75.6,-15.8,198.74,88,14989,17489,14508,16851,913,638997151,1
2026-03-26T13:43:56.033,A1,1,2112,-60.0,-78.8,-18.8,140.37,120,16825,16844,13247,20694,1020,638997575,1
2026-03-26T13:43:56.545,A1,1,2113,-60.1,-80.5,-20.5,139.23,120,8766,16708,15230,18425,964,638997346,1
2026-03-26T13:43:57.055,A1,1,2114,-60.2,-76.6,-16.4,155.67,112,12242,17435,15580,16510,916,638997538,1
2026-03-26T13:43:57.536,A1,1,2115,-60.1,-77.7,-17.6,147.05,124,15671,18234,14402,20241,1011,638997256,1
2026-03-26T13:43:58.046,A1,1,2116,-59.6,-75.7,-16.0,146.37,116,15950,16979,13355,16648,903,638997130,1
2026-03-26T13:43:58.556,A1,1,2117,-61.2,-78.7,-17.5,134.73,136,15928,18323,14713,20656,1060,638997130,1
2026-03-26T13:43:59.037,A1,1,2118,-60.9,-76.9,-16.0,148.03,112,15908,16579,12104,15538,910,638997494,1
2026-03-26T13:43:59.546,A1,1,2119,-59.5,-79.1,-19.6,132.88,140,9264,18603,17619,21891,1030,638997347,1
2026-03-26T13:44:00.055,A1,1,2120,-61.0,-77.3,-16.3,136.12,120,17010,16335,9432,15204,903,638997347,1
2026-03-26T13:44:00.565,A1,1,2121,-60.3,-80.3,-20.0,151.34,112,11671,16950,14528,19291,995,638997205,1
2026-03-26T13:44:01.048,A1,1,2122,-60.0,-77.0,-17.0,148.19,128,16164,18968,16163,21816,1046,638997137,1
2026-03-26T13:44:01.555,A1,1,2123,-60.7,-75.8,-15.2,158.72,108,15300,17142,13607,15510,903,638997594,1
2026-03-26T13:44:02.064,A1,1,2124,-59.7,-77.0,-17.3,170.83,104,17686,17766,11391,19157,969,638997291,1
2026-03-26T13:44:02.545,A1,1,2125,-60.9,-77.4,-16.6,142.85,120,18071,17142,9895,17208,958,638997363,1
2026-03-26T13:44:03.056,A1,1,2126,-60.6,-76.1,-15.5,177.93,100,13317,17793,15750,16485,930,638997544,1
2026-03-26T13:44:03.567,A1,1,2127,-59.8,-75.6,-15.8,186.19,96,15425,17874,15053,17823,938,638997337,1
2026-03-26T13:44:04.077,A1,1,2128,-60.4,-79.9,-19.5,137.89,132,14141,18202,15111,22233,1071,638997260,1
2026-03-26T13:44:04.554,A1,1,2129,-60.0,-76.8,-16.8,161.76,112,16184,18117,13883,19119,979,638997131,1
2026-03-26T13:44:05.065,A1,1,2130,-60.3,-77.5,-17.2,159.17,104,16046,16554,10923,16279,913,638997413,1
2026-03-26T13:44:05.604,A1,1,2131,-60.0,-75.6,-15.6,161.55,112,15220,18094,15841,18176,955,638997345,1
2026-03-26T13:44:06.054,A1,1,2132,-60.5,-75.9,-15.3,120.78,148,17999,17876,12790,17762,962,638997189,1
2026-03-26T13:44:06.566,A1,1,2133,-61.0,-79.0,-18.0,161.08,120,19465,19330,12596,24138,1138,638997284,1
2026-03-26T13:44:07.074,A1,1,2134,-61.0,-79.7,-18.7,107.17,180,18583,19290,13579,24995,1160,638997291,1
2026-03-26T13:44:07.553,A1,1,2135,-60.7,-76.5,-15.9,164.62,100,12990,16462,14303,14716,879,638997358,1
2026-03-26T13:44:08.063,A1,1,2136,-60.3,-76.0,-15.7,175.95,96,14622,16891,13935,15679,896,638997334,1
2026-03-26T13:44:08.574,A1,1,2137,-59.3,-75.4,-16.1,145.62,120,15856,17474,14480,17796,922,638997127,1
2026-03-26T13:44:09.053,A1,1,2138,-60.4,-76.6,-16.1,234.53,76,16529,17824,13265,17848,960,638997441,1
2026-03-26T13:44:09.566,A1,1,2139,-61.1,-77.3,-16.2,122.78,156,17477,19154,15583,21321,1074,638997133,1
2026-03-26T13:44:10.073,A1,1,2140,-61.0,-79.5,-18.6,132.53,148,13264,19615,17466,23798,1130,638997540,1
2026-03-26T13:44:10.554,A1,1,2141,-61.1,-81.2,-20.1,132.77,140,19336,18588,10771,25529,1176,638997355,1
2026-03-26T13:44:11.063,A1,1,2142,-60.5,-77.2,-16.7,135.51,140,16880,18971,15404,21286,1051,638997396,1
2026-03-26T13:44:11.575,A1,1,2143,-60.8,-78.5,-17.8,142.86,136,18842,19429,13664,23945,1125,638997235,1
2026-03-26T13:44:12.085,A1,1,2144,-60.0,-75.8,-15.8,141.67,128,14669,18134,16277,18334,960,638997283,1
2026-03-26T13:44:12.564,A1,1,2145,-60.5,-77.1,-16.5,148.69,124,18234,18437,12431,19789,1014,638997607,1
2026-03-26T13:44:13.105,A1,1,2146,-61.7,-79.9,-18.3,142.26,136,17575,19348,15798,25137,1189,638997205,1
2026-03-26T13:44:13.583,A1,1,2147,-60.8,-77.3,-16.5,132.32,140,18565,18525,12410,20067,1033,638997167,1
2026-03-26T13:44:14.063,A1,1,2148,-60.4,-75.7,-15.4,169.89,104,16966,17669,13294,17150,939,638997634,1
2026-03-26T13:44:14.578,A1,1,2149,-60.3,-76.3,-16.0,130.8,140,16720,18312,14482,18983,985,638997209,1
2026-03-26T13:44:15.088,A1,1,2150,-60.6,-76.1,-15.5,148.08,116,15492,17177,13644,16037,916,638997514,1
2026-03-26T13:44:15.564,A1,1,2151,-60.6,-76.2,-15.6,150.57,116,13744,17466,15050,16127,919,638997550,1
2026-03-26T13:44:16.074,A1,1,2152,-61.0,-77.9,-16.9,193.24,100,14261,19324,17790,21948,1085,638997236,1
2026-03-26T13:44:16.583,A1,1,2153,-60.4,-76.3,-15.9,138.48,128,13385,17725,15626,16859,933,638997529,1
2026-03-26T13:44:17.063,A1,1,2154,-60.3,-75.2,-14.9,126.36,140,16398,17691,14738,17094,936,638997385,1
2026-03-26T13:44:17.574,A1,1,2155,-61.1,-79.6,-18.6,136.51,132,19391,18019,9853,21979,1089,638997239,1
2026-03-26T13:44:18.084,A1,1,2156,-61.5,-80.1,-18.6,186.5,100,19709,18650,10661,23456,1141,638997290,1
2026-03-26T13:44:18.594,A1,1,2157,-60.5,-75.7,-15.3,145.6,124,14274,18054,16430,17505,953,638997544,1
2026-03-26T13:44:19.073,A1,1,2158,-60.7,-76.2,-15.5,161.88,104,11820,16836,15392,14680,880,638997297,1
2026-03-26T13:44:19.613,A1,1,2159,-58.9,-75.2,-16.3,191.93,92,14550,17658,15808,18209,921,638997221,1
2026-03-26T13:44:20.094,A1,1,2160,-60.6,-77.3,-16.8,158.76,104,12163,16511,14471,15292,894,638997536,1
2026-03-26T13:44:20.605,A1,1,2161,-59.4,-77.3,-17.9,162.76,100,17461,16276,9288,17226,910,638997361,1
2026-03-26T13:44:21.085,A1,1,2162,-60.3,-78.1,-17.8,145.66,116,18017,16896,9358,18216,966,638997616,1
2026-03-26T13:44:21.595,A1,1,2163,-60.7,-75.9,-15.2,180.98,100,15391,18098,15230,17376,957,638997465,1
2026-03-26T13:44:22.104,A1,1,2164,-75.7,-75.0,0.6,201.77,88,14609,17756,16017,5745,922,638997263,1
2026-03-26T13:44:22.586,A1,1,2165,-60.7,-76.9,-16.1,201.2,80,16768,16096,9550,14661,880,638997533,1
2026-03-26T13:44:23.101,A1,1,2166,-61.5,-78.8,-17.3,149.87,120,18977,17984,9849,19740,1048,638997167,1
2026-03-26T13:44:23.603,A1,1,2167,-60.5,-75.9,-15.4,170.56,96,16185,16374,12488,15135,888,638997172,1
2026-03-26T13:44:24.115,A1,1,2168,-60.1,-75.1,-15.0,162.62,104,15470,16913,14435,15822,894,638997450,1
2026-03-26T13:44:24.593,A1,1,2169,-60.6,-74.9,-14.4,207.43,84,15635,17424,14942,15864,910,638997267,1
2026-03-26T13:44:25.103,A1,1,2170,-60.5,-76.0,-15.6,197.98,92,15309,18214,15428,17970,965,638997353,1
2026-03-26T13:44:25.585,A1,1,2171,-60.1,-75.3,-15.3,179.78,96,16354,17259,13239,16212,904,638997636,1
2026-03-26T13:44:26.094,A1,1,2172,-60.8,-77.2,-16.4,176.55,108,16217,19067,16308,21115,1057,638997146,1
2026-03-26T13:44:26.605,A1,1,2173,-60.4,-76.1,-15.7,166.12,112,16854,18605,15123,19329,1000,638997323,1
2026-03-26T13:44:27.084,A1,1,2174,-60.3,-75.9,-15.6,202.8,88,13574,17846,15873,16949,931,638997227,1
2026-03-26T13:44:27.596,A1,1,2175,-60.3,-74.9,-14.7,172.35,104,15828,17924,15932,17378,942,638997336,1
2026-03-26T13:44:28.105,A1,1,2176,-60.6,-76.1,-15.5,175.9,100,12924,17590,15969,16239,922,638997613,1
2026-03-26T13:44:28.585,A1,1,2177,-60.9,-77.9,-17.0,153.23,124,13893,19000,16983,20788,1053,638997219,1
2026-03-26T13:44:29.126,A1,1,2178,-61.1,-76.3,-15.2,164.11,112,17327,18380,14245,18381,996,638997444,1
2026-03-26T13:44:29.603,A1,1,2179,-61.9,-79.0,-17.1,135.3,148,17879,20024,18050,26056,1220,638997605,1
2026-03-26T13:44:30.115,A1,1,2180,-61.6,-78.6,-17.0,122.32,164,17536,20061,17501,25059,1187,638997271,1
2026-03-26T13:44:30.594,A1,1,2181,-61.3,-75.6,-14.3,171.8,100,15549,17180,13849,14910,906,638997395,1
2026-03-26T13:44:31.103,A1,1,2182,-61.0,-76.8,-15.8,144.77,128,17994,18531,13356,19259,1018,638997429,1
2026-03-26T13:44:31.583,A1,1,2183,-61.4,-75.8,-14.4,159.61,104,14556,16599,13990,14117,883,638997585,1
2026-03-26T13:44:32.093,A1,1,2184,-61.8,-79.8,-17.9,117.34,172,19204,20183,16171,27318,1247,638997442,1
2026-03-26T13:44:32.604,A1,1,2185,-60.8,-76.2,-15.5,169.93,104,12053,17673,16582,16262,928,638997542,1
2026-03-26T13:44:33.114,A1,1,2186,-60.8,-77.2,-16.4,174.67,108,18508,18864,14082,21236,1060,638997576,1
2026-03-26T13:44:33.627,A1,1,2187,-61.0,-78.7,-17.8,169.83,116,19303,19700,13820,24763,1153,638997635,1
2026-03-26T13:44:34.105,A1,1,2188,-60.6,-77.1,-16.5,191.09,92,18162,17580,10813,17965,970,638997240,1
2026-03-26T13:44:34.616,A1,1,2189,-59.8,-76.0,-16.2,156.55,116,17187,18160,14195,19310,976,638997431,1
2026-03-26T13:44:35.125,A1,1,2190,-61.5,-80.0,-18.6,138.35,132,16648,18262,14143,22293,1113,638997125,1
2026-03-26T13:44:35.605,A1,1,2191,-61.4,-80.3,-18.8,142.24,140,13522,19913,18107,25446,1187,638997365,1
2026-03-26T13:44:36.116,A1,1,2192,-59.8,-77.0,-17.2,151.19,112,17770,16933,9852,17550,932,638997555,1
2026-03-26T13:44:36.623,A1,1,2193,-61.2,-79.4,-18.2,134.89,148,17323,19963,16929,26515,1202,638997271,1
2026-03-26T13:44:37.135,A1,1,2194,-60.6,-76.0,-15.5,147.42,120,16898,17690,13130,17112,945,638997168,1
2026-03-26T13:44:37.615,A1,1,2195,-60.4,-77.2,-16.8,151.82,124,13878,18826,16922,20300,1023,638997473,1
2026-03-26T13:44:38.134,A1,1,2196,-61.4,-81.5,-20.1,125.39,152,20055,19059,10775,26941,1221,638997601,1
2026-03-26T13:44:38.603,A1,1,2197,-60.7,-76.9,-16.3,150.7,116,17601,17481,11292,17443,957,638997427,1
2026-03-26T13:44:39.114,A1,1,2198,-60.7,-76.4,-15.7,189.57,96,17213,18199,13664,18406,983,638997561,1
2026-03-26T13:44:39.625,A1,1,2199,-60.5,-76.5,-16.0,152.6,120,15938,18312,14905,18729,987,638997604,1
2026-03-26T13:44:40.105,A1,1,2200,-60.9,-77.5,-16.6,147.95,128,14550,18937,16956,20620,1048,638997489,1
2026-03-26T13:44:40.613,A1,1,2201,-60.3,-78.1,-17.8,146.77,120,18553,17613,9991,19612,1003,638997161,1
2026-03-26T13:44:41.124,A1,1,2202,-60.5,-76.2,-15.7,150.36,116,14146,17442,14601,16197,916,638997392,1
2026-03-26T13:44:41.633,A1,1,2203,-61.0,-78.7,-17.7,156.2,128,19397,19994,16101,26763,1200,638997505,1
2026-03-26T13:44:42.143,A1,1,2204,-60.6,-76.6,-16.0,161.0,112,17805,18032,12177,18153,976,638997431,1
2026-03-26T13:44:42.623,A1,1,2205,-61.5,-80.2,-18.6,154.48,128,19006,19774,14318,26446,1215,638997126,1
2026-03-26T13:44:43.134,A1,1,2206,-60.8,-76.9,-16.1,150.21,124,17541,18626,13859,19643,1021,638997360,1
2026-03-26T13:44:43.643,A1,1,2207,-61.0,-78.4,-17.5,129.41,152,18645,19671,15333,24744,1152,638997630,1
2026-03-26T13:44:44.124,A1,1,2208,-61.0,-79.4,-18.4,140.71,136,13677,19136,17422,23259,1119,638997176,1
2026-03-26T13:44:44.635,A1,1,2209,-61.0,-77.8,-16.8,128.48,132,18006,16960,9283,17009,956,638997239,1
2026-03-26T13:44:45.144,A1,1,2210,-59.8,-77.6,-17.8,190.92,92,17989,17565,10671,19460,982,638997303,1
2026-03-26T13:44:45.627,A1,1,2211,-59.6,-77.9,-18.3,151.39,112,9227,16956,15797,16857,906,638997146,1
2026-03-26T13:44:46.137,A1,1,2212,-61.1,-76.4,-15.3,140.48,132,14704,18544,16845,18534,1003,638997548,1
2026-03-26T13:44:46.644,A1,1,2213,-60.8,-78.9,-18.2,151.83,124,19018,18827,11366,22610,1094,638997502,1
2026-03-26T13:44:47.125,A1,1,2214,-60.2,-75.2,-15.0,156.46,116,17575,18149,14567,18306,964,638997444,1
2026-03-26T13:44:47.644,A1,1,2215,-60.0,-77.0,-17.0,142.78,116,16387,16562,11240,16572,911,638997560,1
2026-03-26T13:44:48.144,A1,1,2216,-59.6,-75.1,-15.5,148.53,116,16076,17229,14146,16810,906,638997262,1
2026-03-26T13:44:48.625,A1,1,2217,-60.1,-76.2,-16.1,175.9,104,13876,18294,16442,18520,967,638997220,1
2026-03-26T13:44:49.134,A1,1,2218,-60.5,-79.3,-18.8,129.61,152,19788,19701,13751,27059,1187,638997186,1
2026-03-26T13:44:49.643,A1,1,2219,-60.4,-76.0,-15.6,151.01,120,17315,18121,13676,18282,972,638997323,1
2026-03-26T13:44:50.123,A1,1,2220,-60.6,-76.3,-15.6,166.24,108,13144,17954,16101,16957,943,638997412,1
2026-03-26T13:44:50.634,A1,1,2221,-60.6,-78.1,-17.5,158.49,120,19098,19019,12714,22676,1088,638997230,1
2026-03-26T13:44:51.146,A1,1,2222,-60.8,-77.5,-16.6,156.49,108,17773,16901,9816,16793,945,638997172,1
2026-03-26T13:44:51.654,A1,1,2223,-60.3,-75.9,-15.6,177.36,100,16825,17736,13410,17406,944,638997507,1
2026-03-26T13:44:52.139,A1,1,2224,-59.9,-75.9,-15.9,145.28,116,15004,16852,13698,15964,893,638997324,1
2026-03-26T13:44:52.643,A1,1,2225,-60.0,-76.1,-16.0,194.58,92,16287,17901,13963,18032,952,638997134,1
2026-03-26T13:44:53.153,A1,1,2226,-60.8,-80.4,-19.6,144.35,124,17758,17900,11998,22960,1105,638997623,1
2026-03-26T13:44:53.635,A1,1,2227,-60.1,-75.4,-15.2,164.16,100,13723,16416,15270,15086,874,638997235,1
2026-03-26T13:44:54.143,A1,1,2228,-61.4,-80.3,-18.9,153.84,120,18106,18461,12571,23281,1135,638997496,1
2026-03-26T13:44:54.653,A1,1,2229,-60.5,-79.8,-19.3,147.59,128,18450,18891,13000,25023,1141,638997633,1
2026-03-26T13:44:55.134,A1,1,2230,-60.4,-76.6,-16.2,151.44,128,18424,19384,16944,23397,1098,638997214,1
2026-03-26T13:44:55.645,A1,1,2231,-60.3,-77.6,-17.3,138.85,136,15956,18883,15660,21634,1051,638997216,1
2026-03-26T13:44:56.154,A1,1,2232,-59.9,-75.9,-16.1,157.08,112,14599,17593,14862,17216,925,638997530,1
2026-03-26T13:44:56.635,A1,1,2233,-59.6,-75.3,-15.7,138.54,128,16391,17733,14593,17961,936,638997399,1
2026-03-26T13:44:57.145,A1,1,2234,-60.1,-76.9,-16.8,152.53,116,17422,17694,11962,18530,966,638997503,1
2026-03-26T13:44:57.655,A1,1,2235,-60.5,-76.4,-16.0,154.33,112,12586,17285,15312,15915,908,638997474,1
2026-03-26T13:44:58.135,A1,1,2236,-60.6,-76.9,-16.3,146.59,128,15908,18763,15890,20117,1026,638997546,1
2026-03-26T13:44:58.643,A1,1,2237,-60.5,-76.2,-15.7,137.51,124,15634,17051,12948,15861,907,638997387,1
2026-03-26T13:44:59.153,A1,1,2238,-60.7,-77.0,-16.4,134.85,136,18081,18339,12627,19453,1011,638997233,1
2026-03-26T13:44:59.635,A1,1,2239,-60.3,-76.4,-16.1,136.31,124,16773,16903,11731,16340,914,638997498,1
2026-03-26T13:45:00.144,A1,1,2240,-60.5,-76.9,-16.3,135.48,128,12237,17342,15478,16286,921,638997283,1
2026-03-26T13:45:00.658,A1,1,2241,-59.9,-75.6,-15.7,137.59,128,16704,17612,13698,17525,936,638997583,1
2026-03-26T13:45:01.163,A1,1,2242,-61.2,-79.1,-17.9,119.71,148,15609,17717,13930,19710,1038,638997200,1
2026-03-26T13:45:01.644,A1,1,2243,-60.4,-77.3,-16.9,143.72,124,11276,17821,16403,17542,950,638997616,1
2026-03-26T13:45:02.156,A1,1,2244,-60.7,-76.7,-16.0,154.08,108,12892,16641,14419,14983,889,638997494,1
2026-03-26T13:45:02.665,A1,1,2245,-60.6,-76.5,-15.9,156.72,112,13317,17553,15414,16528,929,638997288,1
2026-03-26T13:45:03.144,A1,1,2246,-60.3,-76.7,-16.4,152.58,112,13525,17089,14412,16157,911,638997417,1
2026-03-26T13:45:03.653,A1,1,2247,-60.2,-76.4,-16.1,127.3,136,15307,17313,13661,16743,924,638997584,1
2026-03-26T13:45:04.166,A1,1,2248,-60.3,-77.1,-16.8,121.96,136,14953,16586,13003,16218,913,638997591,1
2026-03-26T13:45:04.703,A1,1,2249,-61.0,-80.0,-19.0,130.48,152,13127,19833,18617,25859,1178,638997546,1
2026-03-26T13:45:05.155,A1,1,2250,-60.2,-76.3,-16.1,148.01,116,15675,17169,13112,16525,918,638997396,1
2026-03-26T13:45:05.664,A1,1,2251,-60.9,-77.6,-16.7,142.53,116,16496,16533,10862,16096,927,638997293,1
2026-03-26T13:45:06.175,A1,1,2252,-60.5,-76.3,-15.9,119.03,156,17641,18569,14311,19644,1009,638997397,1
2026-03-26T13:45:06.652,A1,1,2253,-60.5,-77.2,-16.7,131.47,140,17282,18406,13451,19730,1013,638997463,1
2026-03-26T13:45:07.164,A1,1,2254,-60.9,-79.6,-18.7,114.79,168,16808,19284,15960,25294,1162,638997284,1
2026-03-26T13:45:07.673,A1,1,2255,-60.3,-77.6,-17.3,125.78,148,12978,18615,17221,20486,1025,638997167,1
2026-03-26T13:45:08.154,A1,1,2256,-60.5,-78.8,-18.3,139.62,136,12124,18989,17294,21769,1063,638997550,1
2026-03-26T13:45:08.665,A1,1,2257,-60.3,-76.9,-16.5,136.25,120,15264,16350,12295,15584,894,638997514,1
2026-03-26T13:45:09.173,A1,1,2258,-60.0,-75.6,-15.6,149.59,120,16638,17951,14521,18134,953,638997452,1
2026-03-26T13:45:09.655,A1,1,2259,-60.4,-77.1,-16.7,139.27,132,18130,18384,12570,20003,1016,638997577,1
2026-03-26T13:45:10.165,A1,1,2260,-60.3,-77.6,-17.3,170.65,108,11650,18430,17233,19439,998,638997546,1
2026-03-26T13:45:10.733,A1,1,2261,-61.2,-79.5,-18.3,118.81,168,14725,19960,18346,25673,1182,638997243,1
2026-03-26T13:45:11.152,A1,1,2262,-61.4,-79.2,-17.8,106.93,188,18518,20102,16616,26667,1216,638997142,1
2026-03-26T13:45:11.662,A1,1,2263,-60.5,-75.4,-14.9,149.01,120,16200,17881,14912,17212,944,638997273,1
2026-03-26T13:45:12.175,A1,1,2264,-61.7,-78.9,-17.2,131.91,148,15752,19523,16588,22672,1130,638997299,1
2026-03-26T13:45:12.653,A1,1,2265,-60.6,-76.3,-15.8,119.19,144,15127,17164,13701,16120,917,638997394,1
2026-03-26T13:45:13.167,A1,1,2266,-60.4,-76.6,-16.3,143.95,124,17474,17850,12414,18261,969,638997442,1
2026-03-26T13:45:13.704,A1,1,2267,-59.2,-76.0,-16.7,139.61,128,17049,17870,13635,19299,958,638997404,1
2026-03-26T13:45:14.153,A1,1,2268,-59.9,-76.0,-16.2,165.08,104,14630,17168,14088,16487,905,638997271,1
2026-03-26T13:45:14.663,A1,1,2269,-60.7,-78.2,-17.5,136.05,140,13793,19047,16797,21416,1061,638997289,1
2026-03-26T13:45:15.172,A1,1,2270,-60.3,-76.3,-16.0,172.65,104,17007,17956,13360,18177,965,638997320,1
2026-03-26T13:45:15.652,A1,1,2271,-60.6,-76.5,-15.9,156.47,116,18088,18150,12608,18699,988,638997194,1
2026-03-26T13:45:16.164,A1,1,2272,-61.5,-79.0,-17.5,118.14,164,19346,19375,13551,23864,1152,638997458,1
2026-03-26T13:45:16.673,A1,1,2273,-61.2,-78.9,-17.7,131.42,152,17966,19976,16571,25784,1186,638997329,1
2026-03-26T13:45:17.183,A1,1,2274,-60.0,-78.5,-18.5,175.91,104,9182,18295,17276,19644,993,638997277,1
2026-03-26T13:45:17.664,A1,1,2275,-61.4,-80.0,-18.6,161.52,112,13746,18090,16699,21902,1102,638997558,1
2026-03-26T13:45:18.174,A1,1,2276,-60.4,-76.5,-16.1,138.45,132,17005,18275,14021,19030,992,638997148,1
2026-03-26T13:45:18.682,A1,1,2277,-60.2,-75.2,-15.0,177.73,100,16392,17773,14663,17165,935,638997584,1
2026-03-26T13:45:19.168,A1,1,2278,-61.5,-79.2,-17.7,124.05,152,16081,18856,17417,23779,1150,638997246,1
2026-03-26T13:45:19.675,A1,1,2279,-61.2,-78.8,-17.6,130.44,152,14918,19827,18332,24534,1156,638997621,1
2026-03-26T13:45:20.184,A1,1,2280,-61.3,-78.7,-17.4,122.45,160,16143,19592,17121,23793,1143,638997300,1
2026-03-26T13:45:20.664,A1,1,2281,-61.3,-77.4,-16.1,149.02,124,13709,18479,15826,18105,998,638997364,1
2026-03-26T13:45:21.172,A1,1,2282,-61.2,-78.0,-16.9,162.7,104,13549,16921,12518,15317,913,638997408,1
2026-03-26T13:45:21.683,A1,1,2283,-60.5,-75.7,-15.2,159.97,108,14765,17277,14479,15807,907,638997289,1
2026-03-26T13:45:22.167,A1,1,2284,-59.8,-75.9,-16.1,134.69,128,17110,17240,12106,17095,919,638997323,1
2026-03-26T13:45:22.672,A1,1,2285,-59.4,-77.2,-17.8,183.69,96,10868,17634,16176,18073,933,638997225,1
2026-03-26T13:45:23.181,A1,1,2286,-61.2,-79.3,-18.2,128.9,156,18097,20109,16309,26723,1205,638997196,1
2026-03-26T13:45:23.664,A1,1,2287,-61.2,-76.3,-15.1,134.85,128,15353,17261,13758,15672,923,638997522,1
2026-03-26T13:45:24.173,A1,1,2288,-60.4,-77.7,-17.4,145.98,128,18843,18686,12627,21885,1061,638997127,1
2026-03-26T13:45:24.683,A1,1,2289,-60.3,-76.9,-16.6,162.49,112,18159,18199,12316,19494,999,638997183,1
2026-03-26T13:45:25.194,A1,1,2290,-60.2,-76.4,-16.2,167.02,100,14074,16702,13913,15671,893,638997287,1
2026-03-26T13:45:25.672,A1,1,2291,-60.3,-76.5,-16.2,145.22,124,17458,18007,12649,18421,972,638997179,1
2026-03-26T13:45:26.182,A1,1,2292,-60.2,-77.2,-17.0,144.75,116,16959,16791,10393,16740,924,638997424,1
2026-03-26T13:45:26.721,A1,1,2293,-59.8,-76.6,-16.8,182.07,96,17340,17479,11586,18003,944,638997614,1
2026-03-26T13:45:27.173,A1,1,2294,-59.8,-75.6,-15.9,165.93,108,17011,17920,13780,18279,950,638997132,1
2026-03-26T13:45:27.682,A1,1,2295,-60.3,-76.1,-15.7,155.53,116,14174,18042,15745,17521,949,638997238,1
2026-03-26T13:45:28.193,A1,1,2296,-61.1,-79.7,-18.6,147.6,136,14329,20074,18359,26111,1188,638997173,1
2026-03-26T13:45:28.674,A1,1,2297,-60.4,-76.9,-16.5,164.01,100,13434,16401,13599,15133,884,638997479,1
2026-03-26T13:45:29.184,A1,1,2298,-60.9,-79.1,-18.3,142.47,124,15223,17666,13944,19886,1030,638997600,1
2026-03-26T13:45:29.694,A1,1,2299,-60.5,-76.9,-16.4,146.46,112,13865,16404,13381,15176,888,638997229,1
2026-03-26T13:45:30.173,A1,1,2300,-59.5,-76.0,-16.5,164.87,100,13266,16487,14708,15842,877,638997611,1
2026-03-26T13:45:30.683,A1,1,2301,-59.4,-74.9,-15.5,169.91,100,14759,16991,15039,16278,886,638997160,1
2026-03-26T13:45:31.193,A1,1,2302,-60.8,-76.8,-16.1,187.74,88,15307,16521,12494,15342,901,638997130,1
2026-03-26T13:45:31.703,A1,1,2303,-60.0,-76.9,-16.9,196.32,84,17121,16491,9864,16277,903,638997286,1
2026-03-26T13:45:32.183,A1,1,2304,-60.1,-77.2,-17.1,181.22,92,16397,16672,11339,16745,920,638997376,1
2026-03-26T13:45:32.721,A1,1,2305,-60.8,-75.6,-14.8,192.15,92,16855,17678,13229,16315,930,638997577,1
2026-03-26T13:45:33.202,A1,1,2306,-61.1,-78.1,-17.0,185.74,92,15815,17088,10886,16361,940,638997627,1
2026-03-26T13:45:33.682,A1,1,2307,-59.7,-75.8,-16.1,161.14,104,13347,16759,14840,15704,879,638997290,1
2026-03-26T13:45:34.192,A1,1,2308,-58.9,-76.0,-17.0,167.97,100,16489,16797,12805,17751,910,638997619,1
2026-03-26T13:45:34.701,A1,1,2309,-60.9,-77.6,-16.6,154.3,124,14856,19133,17165,21210,1065,638997625,1
2026-03-26T13:45:35.183,A1,1,2310,-60.4,-77.1,-16.7,104.18,164,18670,17085,13803,20108,1017,638997265,1
2026-03-26T13:45:35.692,A1,1,2311,-59.1,-75.5,-16.4,140.55,128,17167,17991,14107,19404,957,638997253,1
2026-03-26T13:45:36.202,A1,1,2312,-60.3,-80.0,-19.7,146.9,112,11392,16453,12355,16451,917,638997210,1
2026-03-26T13:45:36.681,A1,1,2313,-60.9,-82.0,-21.1,134.27,124,16152,16650,10562,21294,1068,638997386,1
2026-03-26T13:45:37.192,A1,1,2314,-61.7,-79.1,-17.4,139.21,128,17882,17819,12520,20218,1067,638997130,1
2026-03-26T13:45:37.702,A1,1,2315,-60.0,-75.6,-15.6,136.08,132,15700,17963,15305,18067,951,638997547,1
2026-03-26T13:45:38.183,A1,1,2316,-59.9,-76.0,-16.2,117.72,144,17685,16952,11795,17211,925,638997626,1
2026-03-26T13:45:38.723,A1,1,2317,-61.0,-74.8,-13.9,111.39,160,16724,17822,14928,16310,935,638997129,1
2026-03-26T13:45:39.233,A1,1,2318,-61.4,-77.8,-16.3,101.6,196,20017,19913,16953,25571,1190,638997272,1
2026-03-26T13:45:39.682,A1,1,2319,-59.8,-77.2,-17.4,111.62,140,16953,15627,8831,15501,875,638997617,1
2026-03-26T13:45:40.192,A1,1,2320,-60.7,-75.2,-14.4,106.0,164,17942,17384,13053,16430,931,638997194,1
2026-03-26T13:45:40.703,A1,1,2321,-60.3,-77.7,-17.5,124.06,132,17909,16376,8905,17023,933,638997376,1
2026-03-26T13:45:41.183,A1,1,2322,-59.4,-75.8,-16.4,126.26,140,17959,17676,12132,18525,943,638997625,1
2026-03-26T13:45:41.691,A1,1,2323,-59.8,-75.0,-15.2,132.22,136,15682,17982,15753,17807,939,638997152,1
2026-03-26T13:45:42.203,A1,1,2324,-60.2,-75.8,-15.6,141.8,132,15917,18718,16765,19848,1005,638997626,1
2026-03-26T13:45:42.684,A1,1,2325,-61.1,-77.6,-16.5,124.96,148,19138,18494,14309,21769,1086,638997263,1
2026-03-26T13:45:43.191,A1,1,2326,-60.4,-75.4,-15.0,147.27,124,17387,18262,14398,18151,966,638997520,1
2026-03-26T13:45:43.701,A1,1,2327,-60.4,-75.4,-14.9,134.02,124,16353,16618,13319,15416,893,638997251,1
2026-03-26T13:45:44.243,A1,1,2328,-61.0,-76.9,-15.9,123.5,156,17466,19266,16504,21644,1080,638997466,1
2026-03-26T13:45:44.692,A1,1,2329,-61.1,-78.0,-17.0,125.54,160,18317,20086,17263,25550,1175,638997560,1
2026-03-26T13:45:45.201,A1,1,2330,-59.7,-76.5,-16.8,127.48,148,15279,18867,16696,21092,1019,638997297,1
2026-03-26T13:45:45.711,A1,1,2331,-59.8,-76.9,-17.1,122.95,136,17979,16721,10079,17532,930,638997238,1
2026-03-26T13:45:46.193,A1,1,2332,-58.8,-76.3,-17.5,113.97,144,17502,16411,10058,17299,894,638997615,1
2026-03-26T13:45:46.703,A1,1,2333,-60.4,-74.6,-14.2,151.59,116,16243,17585,14835,16111,911,638997546,1
2026-03-26T13:45:47.212,A1,1,2334,-60.8,-75.0,-14.2,153.23,108,15976,16549,13587,14550,878,638997525,1
2026-03-26T13:45:47.721,A1,1,2335,-61.2,-77.2,-16.0,99.49,196,19472,19501,16904,24022,1145,638997592,1
2026-03-26T13:45:48.201,A1,1,2336,-60.5,-75.3,-14.9,124.33,132,16299,16412,12944,14971,881,638997320,1
2026-03-26T13:45:48.741,A1,1,2337,-60.6,-75.5,-14.9,136.05,136,15213,18503,16729,18212,975,638997427,1
2026-03-26T13:45:49.192,A1,1,2338,-60.4,-79.1,-18.7,112.53,152,19013,17105,9770,20781,1036,638997370,1
2026-03-26T13:45:49.702,A1,1,2339,-60.4,-77.8,-17.4,105.8,164,18809,17352,11208,19803,1010,638997259,1
2026-03-26T13:45:50.213,A1,1,2340,-60.3,-74.7,-14.4,118.65,156,17697,18509,15966,18751,980,638997144,1
2026-03-26T13:45:50.694,A1,1,2341,-60.8,-74.9,-14.1,126.73,140,17225,17742,14038,16338,932,638997440,1
2026-03-26T13:45:51.203,A1,1,2342,-61.0,-74.7,-13.8,154.15,116,17491,17881,14346,16416,939,638997267,1
2026-03-26T13:45:51.711,A1,1,2343,-90.6,-78.4,12.2,112.17,156,17802,17498,14806,1832,1071,638997471,1
2026-03-26T13:45:52.223,A1,1,2344,-59.9,-74.7,-14.8,125.16,148,17342,18523,16406,19331,981,638997286,1
2026-03-26T13:45:52.702,A1,1,2345,-59.3,-76.5,-17.2,118.68,140,17687,16615,10434,17484,914,638997449,1
2026-03-26T13:45:53.212,A1,1,2346,-59.9,-77.5,-17.6,95.14,184,18816,17506,12780,21250,1029,638997455,1
2026-03-26T13:45:53.721,A1,1,2347,-59.4,-75.4,-16.0,124.06,140,17218,17368,12930,17649,921,638997177,1
2026-03-26T13:45:54.202,A1,1,2348,-59.2,-74.5,-15.3,112.78,156,17596,17594,14389,18143,929,638997591,1
2026-03-26T13:45:54.714,A1,1,2349,-59.7,-74.6,-14.9,135.41,136,16914,18416,16460,19098,970,638997482,1
2026-03-26T13:45:55.234,A1,1,2350,-60.1,-75.6,-15.6,142.1,116,16885,16484,11109,15199,875,638997263,1
2026-03-26T13:45:55.700,A1,1,2351,-59.9,-78.2,-18.3,131.88,128,18611,16881,9891,19757,991,638997515,1
2026-03-26T13:45:56.211,A1,1,2352,-60.0,-76.7,-16.7,119.68,136,17080,16277,9779,15817,890,638997374,1
2026-03-26T13:45:56.721,A1,1,2353,-59.6,-74.9,-15.3,128.64,140,17034,18010,14551,18163,941,638997203,1
2026-03-26T13:45:57.233,A1,1,2354,-59.7,-74.7,-15.0,128.53,136,16661,17480,14306,16954,913,638997149,1
2026-03-26T13:45:57.719,A1,1,2355,-60.2,-76.5,-16.2,136.76,132,18388,18052,14252,20310,1018,638997394,1
2026-03-26T13:45:58.222,A1,1,2356,-60.3,-76.1,-15.8,135.8,120,16862,16296,10526,15012,876,638997636,1
2026-03-26T13:45:58.731,A1,1,2357,-60.7,-76.4,-15.7,105.89,172,18283,18213,12309,18464,987,638997447,1
2026-03-26T13:45:59.210,A1,1,2358,-60.4,-75.8,-15.4,114.58,156,17849,17874,13911,18369,973,638997384,1
2026-03-26T13:45:59.749,A1,1,2359,-60.0,-75.8,-15.8,127.26,144,14272,18325,16783,18659,968,638997623,1
2026-03-26T13:46:00.231,A1,1,2360,-60.0,-75.4,-15.4,131.06,140,16404,18349,15389,18664,967,638997209,1
2026-03-26T13:46:00.712,A1,1,2361,-60.9,-78.0,-17.1,113.45,164,17242,18605,14576,21339,1067,638997630,1
2026-03-26T13:46:01.220,A1,1,2362,-60.3,-74.8,-14.6,142.71,116,15582,16554,14038,14924,873,638997155,1
2026-03-26T13:46:01.732,A1,1,2363,-59.9,-74.8,-15.0,133.47,132,15762,17618,15064,16856,916,638997605,1
2026-03-26T13:46:02.212,A1,1,2364,-60.2,-75.0,-14.8,132.23,128,15924,16926,13735,15414,886,638997541,1
2026-03-26T13:46:02.723,A1,1,2365,-61.2,-77.2,-15.9,99.47,196,19670,19496,18065,25065,1170,638997467,1
2026-03-26T13:46:03.231,A1,1,2366,-60.6,-74.7,-14.1,138.1,124,15710,17125,14478,15147,891,638997419,1
2026-03-26T13:46:03.711,A1,1,2367,-60.9,-74.7,-13.8,117.54,148,15695,17396,14895,15280,902,638997478,1
2026-03-26T13:46:04.221,A1,1,2368,-60.0,-74.1,-14.0,112.93,152,15315,17165,15649,15555,885,638997538,1
2026-03-26T13:46:04.731,A1,1,2369,-61.3,-79.4,-18.1,89.2,204,19809,18196,12328,23241,1131,638997431,1
2026-03-26T13:46:05.241,A1,1,2370,-61.5,-77.6,-16.1,104.18,188,18311,19585,16541,22986,1132,638997336,1
2026-03-26T13:46:05.722,A1,1,2371,-60.7,-78.1,-17.4,98.79,168,18421,16597,9210,17723,966,638997176,1
2026-03-26T13:46:06.231,A1,1,2372,-60.3,-74.5,-14.1,107.97,164,17482,17707,14235,16661,925,638997515,1
2026-03-26T13:46:06.740,A1,1,2373,-60.9,-75.6,-14.7,110.58,152,17440,16808,11796,15288,905,638997195,1
2026-03-26T13:46:07.252,A1,1,2374,-60.9,-77.3,-16.4,111.98,144,17493,16125,8842,15261,903,638997495,1
2026-03-26T13:46:07.731,A1,1,2375,-60.9,-74.9,-14.1,118.57,156,16930,18497,16001,17848,975,638997616,1
2026-03-26T13:46:08.241,A1,1,2376,-61.4,-75.4,-14.0,132.26,140,18142,18516,15395,18182,1004,638997466,1
2026-03-26T13:46:08.720,A1,1,2377,-60.7,-74.8,-14.1,136.98,128,14446,17533,15853,15552,904,638997425,1
2026-03-26T13:46:09.231,A1,1,2378,-61.9,-78.0,-16.1,102.52,188,19781,19273,15000,22911,1146,638997133,1
2026-03-26T13:46:09.740,A1,1,2379,-62.6,-79.5,-16.8,91.03,192,19407,17478,11146,19697,1088,638997442,1
2026-03-26T13:46:10.251,A1,1,2380,-62.1,-77.5,-15.3,119.83,156,19525,18694,15820,21608,1121,638997159,1
2026-03-26T13:46:10.762,A1,1,2381,-61.3,-74.6,-13.3,114.65,156,16387,17885,15405,15740,931,638997349,1
2026-03-26T13:46:11.242,A1,1,2382,-62.4,-77.1,-14.7,100.38,172,18489,17266,11615,16334,984,638997399,1
2026-03-26T13:46:11.809,A1,1,2383,-61.5,-74.3,-12.8,113.09,160,16881,18094,15804,15908,940,638997601,1
2026-03-26T13:46:12.231,A1,1,2384,-61.1,-76.5,-15.4,159.37,112,18384,17849,11362,17324,968,638997259,1
2026-03-26T13:46:12.744,A1,1,2385,-61.6,-76.8,-15.3,123.46,148,19250,18272,13446,19368,1041,638997279,1
2026-03-26T13:46:13.252,A1,1,2386,-62.1,-77.2,-15.1,135.87,144,15839,19565,18826,21363,1114,638997556,1
2026-03-26T13:46:13.765,A1,1,2387,-61.0,-74.5,-13.5,129.4,128,14728,16563,15258,14084,869,638997233,1
2026-03-26T13:46:14.243,A1,1,2388,-60.8,-74.4,-13.6,147.22,120,15439,17666,15938,15671,911,638997412,1
2026-03-26T13:46:14.752,A1,1,2389,-61.3,-76.8,-15.6,113.71,172,18364,19558,17642,23029,1124,638997534,1
2026-03-26T13:46:15.231,A1,1,2390,-61.1,-74.9,-13.8,137.08,128,15101,17546,15774,15492,916,638997558,1
2026-03-26T13:46:15.741,A1,1,2391,-61.8,-75.5,-13.7,150.46,112,16923,16851,12840,14458,905,638997395,1
2026-03-26T13:46:16.253,A1,1,2392,-62.0,-77.2,-15.2,117.13,164,18784,19210,16400,21548,1114,638997480,1
2026-03-26T13:46:16.762,A1,1,2393,-61.9,-74.7,-12.8,152.94,116,16571,17741,14967,15020,928,638997514,1
2026-03-26T13:46:17.240,A1,1,2394,-61.6,-75.6,-14.0,153.84,116,16829,17845,14074,16069,948,638997399,1
2026-03-26T13:46:17.751,A1,1,2395,-61.6,-75.2,-13.6,128.91,144,17059,18563,16216,17532,990,638997530,1
2026-03-26T13:46:18.291,A1,1,2396,-62.0,-75.6,-13.6,145.14,128,16974,18578,15778,17236,996,638997585,1
2026-03-26T13:46:18.740,A1,1,2397,-59.9,-74.7,-14.8,141.72,128,17297,18140,15036,18160,951,638997125,1
2026-03-26T13:46:19.250,A1,1,2398,-62.3,-80.9,-18.6,111.84,164,19923,18342,10276,23114,1168,638997425,1
2026-03-26T13:46:19.761,A1,1,2399,-62.0,-76.3,-14.3,117.57,152,18378,17870,13509,17193,994,638997571,1
2026-03-26T13:46:20.242,A1,1,2400,-62.0,-74.6,-12.5,138.71,120,17154,16645,12674,13264,875,638997475,1
2026-03-26T13:46:20.757,A1,1,2401,-62.2,-74.6,-12.4,137.26,128,17486,17569,14169,14654,925,638997340,1
2026-03-26T13:46:21.260,A1,1,2402,-61.4,-74.6,-13.2,135.6,124,16536,16814,13339,13923,877,638997576,1
2026-03-26T13:46:21.770,A1,1,2403,-61.9,-76.7,-14.8,123.26,132,17488,16270,9338,13967,894,638997234,1
2026-03-26T13:46:22.251,A1,1,2404,-62.0,-75.0,-13.0,104.51,164,17723,17139,13337,14726,920,638997295,1
2026-03-26T13:46:22.762,A1,1,2405,-61.9,-76.2,-14.3,125.6,132,17657,16579,10683,14372,906,638997299,1
2026-03-26T13:46:23.241,A1,1,2406,-62.3,-76.5,-14.2,108.06,164,18336,17722,11120,15738,961,638997633,1
2026-03-26T13:46:23.753,A1,1,2407,-61.6,-74.0,-12.5,130.98,132,16363,17289,14809,14200,891,638997525,1
2026-03-26T13:46:24.260,A1,1,2408,-62.0,-75.9,-13.9,93.0,204,16761,18971,16853,18458,1031,638997543,1
2026-03-26T13:46:24.741,A1,1,2409,-60.0,-77.1,-17.0,122.95,132,17290,16230,9194,15982,897,638997562,1
2026-03-26T13:46:25.251,A1,1,2410,-60.7,-74.8,-14.1,124.68,144,15264,17954,16127,16483,933,638997371,1
2026-03-26T13:46:25.766,A1,1,2411,-61.0,-74.9,-13.9,138.47,124,17408,17170,12735,15184,903,638997576,1
2026-03-26T13:46:26.270,A1,1,2412,-59.7,-76.1,-16.4,112.09,148,17440,16589,10850,16516,901,638997261,1
2026-03-26T13:46:26.750,A1,1,2413,-61.7,-77.3,-15.7,119.13,164,18611,19538,18704,24278,1169,638997304,1
2026-03-26T13:46:27.261,A1,1,2414,-61.3,-75.1,-13.8,105.84,160,17394,16935,12525,14738,901,638997136,1
2026-03-26T13:46:27.772,A1,1,2415,-61.5,-75.4,-13.9,125.83,148,17007,18623,16177,17919,998,638997603,1
2026-03-26T13:46:28.280,A1,1,2416,-61.2,-75.1,-13.8,133.94,132,17812,17680,14197,16493,949,638997459,1
2026-03-26T13:46:28.760,A1,1,2417,-60.6,-74.1,-13.5,126.06,136,14815,17144,15634,14731,877,638997170,1
2026-03-26T13:46:29.270,A1,1,2418,-60.8,-74.6,-13.8,113.87,152,15076,17308,15467,15153,897,638997485,1
2026-03-26T13:46:29.780,A1,1,2419,-61.3,-76.1,-14.9,101.98,172,18441,17540,13367,17591,981,638997516,1
2026-03-26T13:46:30.260,A1,1,2420,-60.9,-74.7,-13.7,112.97,148,16761,16720,12692,14213,872,638997275,1
2026-03-26T13:46:30.770,A1,1,2421,-61.8,-77.3,-15.5,108.13,156,18371,16869,10588,16326,963,638997489,1
2026-03-26T13:46:31.280,A1,1,2422,-61.1,-75.5,-14.5,127.63,128,17125,16337,11277,14233,877,638997633,1
2026-03-26T13:46:31.760,A1,1,2423,-61.9,-77.0,-15.1,101.38,200,19329,20276,19190,25024,1196,638997431,1
2026-03-26T13:46:32.270,A1,1,2424,-61.5,-75.0,-13.4,101.97,172,17765,17539,13841,15700,936,638997409,1
2026-03-26T13:46:32.780,A1,1,2425,-61.5,-75.7,-14.3,112.73,168,16124,18939,17342,18809,1022,638997357,1
2026-03-26T13:46:33.262,A1,1,2426,-61.9,-77.2,-15.4,91.47,204,19283,18659,16861,22175,1125,638997209,1
2026-03-26T13:46:33.771,A1,1,2427,-61.5,-76.9,-15.4,102.9,184,17652,18933,16360,20797,1075,638997265,1
2026-03-26T13:46:34.281,A1,1,2428,-60.6,-74.4,-13.8,111.43,156,16887,17383,14256,15683,905,638997278,1
2026-03-26T13:46:34.762,A1,1,2429,-61.9,-75.8,-13.9,106.65,152,17088,16211,11919,13880,892,638997127,1
2026-03-26T13:46:35.271,A1,1,2430,-60.5,-75.9,-15.4,105.43,168,18124,17713,13651,18289,975,638997325,1
2026-03-26T13:46:35.782,A1,1,2431,-59.4,-76.9,-17.6,108.38,156,17711,16907,12449,19398,965,638997311,1
2026-03-26T13:46:36.262,A1,1,2432,-60.0,-74.9,-14.9,136.28,120,16483,16354,13199,15228,873,638997585,1
2026-03-26T13:46:36.771,A1,1,2433,-60.4,-74.5,-14.1,126.15,136,16334,17156,14362,15495,893,638997320,1
2026-03-26T13:46:37.280,A1,1,2434,-60.1,-75.2,-15.0,138.94,120,16109,16673,13322,15385,883,638997265,1
2026-03-26T13:46:37.760,A1,1,2435,-59.5,-75.2,-15.8,138.16,132,15499,18237,16073,18845,955,638997167,1
2026-03-26T13:46:38.270,A1,1,2436,-60.5,-78.4,-17.9,117.59,140,15746,16463,11466,17143,943,638997434,1
2026-03-26T13:46:38.750,A1,1,2437,-60.2,-74.5,-14.3,140.62,128,16760,17999,15284,17234,935,638997333,1
2026-03-26T13:46:39.260,A1,1,2438,-59.9,-75.1,-15.2,121.95,152,17337,18537,15757,19524,986,638997282,1
2026-03-26T13:46:39.770,A1,1,2439,-59.7,-75.0,-15.3,128.07,132,17217,16905,12523,16226,894,638997328,1
2026-03-26T13:46:40.250,A1,1,2440,-60.2,-74.8,-14.7,149.11,112,15486,16700,14504,15340,882,638997295,1
2026-03-26T13:46:40.760,A1,1,2441,-59.7,-74.9,-15.3,126.46,132,16708,16693,12556,15696,877,638997330,1
2026-03-26T13:46:41.272,A1,1,2442,-59.5,-76.2,-16.7,165.72,104,17890,17235,10723,17737,927,638997441,1
2026-03-26T13:46:41.780,A1,1,2443,-60.1,-77.3,-17.2,156.12,120,18082,18735,15736,23224,1082,638997477,1
2026-03-26T13:46:42.259,A1,1,2444,-59.1,-74.7,-15.6,146.04,124,17192,18109,15113,19055,948,638997584,1
2026-03-26T13:46:42.770,A1,1,2445,-59.7,-77.4,-17.7,144.94,124,13767,17973,16764,20561,1004,638997615,1
2026-03-26T13:46:43.283,A1,1,2446,-59.4,-75.0,-15.6,129.92,132,15848,17150,14185,16714,896,638997216,1
2026-03-26T13:46:43.759,A1,1,2447,-59.8,-78.2,-18.3,148.05,116,13872,17174,16863,20876,1018,639007254,1
2026-03-26T13:46:44.273,A1,1,2448,-60.4,-75.7,-15.2,202.76,92,18123,18654,15427,19984,1016,639007537,1
2026-03-26T13:46:44.781,A1,1,2449,-59.1,-74.6,-15.4,139.77,132,16681,18450,16517,19743,966,639007162,1
2026-03-26T13:46:45.261,A1,1,2450,-59.8,-76.2,-16.4,139.43,128,17887,17847,12255,18665,962,639007321,1
2026-03-26T13:46:45.770,A1,1,2451,-59.6,-75.7,-16.1,186.26,100,17609,18626,15337,20663,1005,639007608,1
2026-03-26T13:46:46.280,A1,1,2452,-59.7,-74.8,-15.1,194.5,92,15202,17894,15763,17314,923,639007313,1
2026-03-26T13:46:46.761,A1,1,2453,-59.7,-74.6,-14.9,163.48,108,15711,17656,15325,16947,913,639007480,1
2026-03-26T13:46:47.270,A1,1,2454,-59.3,-74.9,-15.5,165.32,100,15155,16532,15055,16290,883,639007438,1
2026-03-26T13:46:47.782,A1,1,2455,-59.3,-74.6,-15.2,179.56,100,17446,17956,14936,18574,943,639007489,1
2026-03-26T13:46:48.291,A1,1,2456,-60.1,-75.2,-15.1,153.5,112,17444,17192,12432,16283,907,639007398,1
2026-03-26T13:46:48.770,A1,1,2457,-59.7,-75.0,-15.2,154.07,116,15049,17872,16187,17673,933,639007388,1
2026-03-26T13:46:49.281,A1,1,2458,-59.8,-77.5,-17.7,142.03,128,18318,18180,15326,23342,1074,639007398,1
2026-03-26T13:46:49.792,A1,1,2459,-59.7,-75.4,-15.7,143.24,120,16413,17189,14459,17485,926,639007565,1
2026-03-26T13:46:50.270,A1,1,2460,-59.7,-76.9,-17.1,180.28,96,15180,17307,12836,17303,923,639007192,1
2026-03-26T13:46:50.781,A1,1,2461,-59.0,-78.3,-19.3,153.94,100,15052,15394,11655,17383,902,639007577,1
2026-03-26T13:46:51.326,A1,1,2462,-60.5,-79.2,-18.6,127.86,136,17344,17389,12219,20795,1041,639002459,1
2026-03-26T13:46:51.770,A1,1,2463,-58.1,-74.2,-16.1,164.95,108,18114,17815,14999,20213,943,639002244,1
2026-03-26T13:46:52.281,A1,1,2464,-59.4,-73.2,-13.9,168.95,104,16663,17571,15967,16724,896,639002423,1
2026-03-26T13:46:52.793,A1,1,2465,-61.2,-76.8,-15.6,112.15,148,18594,16598,13826,18264,997,639002229,1
2026-03-26T13:46:53.273,A1,1,2466,-60.8,-74.5,-13.8,180.05,96,17292,17285,13377,15356,901,639002198,1
2026-03-26T13:46:53.779,A1,1,2467,-60.1,-74.3,-14.3,166.95,104,15287,17363,15423,15787,892,639002362,1
2026-03-26T13:46:54.293,A1,1,2468,-59.7,-74.6,-14.9,141.53,120,17241,16984,13427,16311,896,639002537,1
2026-03-26T13:46:54.800,A1,1,2469,-59.9,-75.5,-15.6,142.58,128,18406,18250,14870,19947,998,639002533,1
2026-03-26T13:46:55.281,A1,1,2470,-60.2,-76.1,-15.9,216.12,80,14933,17290,14188,16550,918,639002607,1
2026-03-26T13:46:55.790,A1,1,2471,-60.6,-78.1,-17.5,223.23,84,15821,18751,14777,20947,1048,639002280,1
2026-03-26T13:46:56.269,A1,1,2472,-59.9,-77.4,-17.4,201.03,92,16926,18495,14775,21528,1037,639002329,1
2026-03-26T13:46:56.779,A1,1,2473,-59.7,-78.3,-18.6,181.74,100,18899,18174,11524,22616,1054,639002186,1
2026-03-26T13:46:57.291,A1,1,2474,-59.6,-77.1,-17.5,200.24,84,12741,16820,14560,16798,906,639002293,1
2026-03-26T13:46:57.802,A1,1,2475,-59.7,-77.5,-17.8,191.33,96,15636,18368,14176,20394,1002,639002286,1
2026-03-26T13:46:58.311,A1,1,2476,-60.2,-78.0,-17.8,223.85,84,13089,18803,16718,20949,1034,638998264,1
2026-03-26T13:46:58.792,A1,1,2477,-60.1,-77.6,-17.5,212.98,84,17853,17890,11178,19528,993,638998208,1
2026-03-26T13:46:59.269,A1,1,2478,-59.8,-78.8,-19.0,191.33,92,12161,17602,16132,20414,1005,638998154,1
2026-03-26T13:46:59.781,A1,1,2479,-60.0,-77.0,-17.0,232.18,76,16813,17646,12066,18252,956,638998417,1
2026-03-26T13:47:00.293,A1,1,2480,-60.4,-79.3,-18.9,174.61,100,15060,17461,14076,20579,1029,638998436,1
2026-03-26T13:47:00.774,A1,1,2481,-60.8,-77.5,-16.7,207.14,80,16514,16571,11028,16191,927,638998350,1
2026-03-26T13:47:01.280,A1,1,2482,-59.3,-76.7,-17.4,219.33,76,12571,16669,14649,16499,887,638998568,1
2026-03-26T13:47:01.789,A1,1,2483,-59.8,-76.6,-16.8,184.4,92,13524,16965,14279,16444,901,638998377,1
2026-03-26T13:47:02.300,A1,1,2484,-60.7,-76.4,-15.7,194.6,92,17500,17903,12414,17623,964,638998466,1
2026-03-26T13:47:02.779,A1,1,2485,-60.1,-76.8,-16.7,213.69,84,13149,17950,15949,18116,957,638998258,1
2026-03-26T13:47:03.290,A1,1,2486,-60.0,-76.7,-16.7,170.68,100,13811,17068,14207,16531,911,638998455,1
2026-03-26T13:47:03.800,A1,1,2487,-59.9,-77.3,-17.4,172.79,104,17692,17970,11766,19661,991,638998389,1
2026-03-26T13:47:04.281,A1,1,2488,-60.4,-78.5,-18.1,150.52,120,18704,18063,11578,21540,1055,638998531,1
2026-03-26T13:47:04.789,A1,1,2489,-59.7,-77.6,-17.9,164.52,100,17306,16452,9566,17373,924,638998219,1
2026-03-26T13:47:05.299,A1,1,2490,-59.8,-77.0,-17.3,196.62,92,17965,18089,12637,20343,1002,638998547,1
2026-03-26T13:47:05.781,A1,1,2491,-60.5,-76.0,-15.5,206.1,84,15821,17312,13228,16121,916,638998564,1
2026-03-26T13:47:06.291,A1,1,2492,-60.9,-78.9,-18.0,152.17,112,16561,17043,13944,20112,1035,639001173,1
2026-03-26T13:47:06.800,A1,1,2493,-59.5,-75.8,-16.3,176.58,100,16460,17658,13768,18184,940,639001151,1
2026-03-26T13:47:07.281,A1,1,2494,-59.8,-76.8,-17.0,232.53,72,15932,16742,11974,16744,910,639001549,1
2026-03-26T13:47:07.819,A1,1,2495,-60.0,-76.4,-16.4,178.29,104,16514,18542,15792,20568,1016,639001532,1
2026-03-26T13:47:08.302,A1,1,2496,-60.4,-76.8,-16.3,166.13,108,16570,17942,13500,18370,975,639001419,1
2026-03-26T13:47:08.783,A1,1,2497,-60.7,-79.0,-18.2,179.01,100,15711,17901,13595,20218,1033,639001428,1
2026-03-26T13:47:09.292,A1,1,2498,-60.6,-76.7,-16.1,174.96,104,14366,18196,15832,18317,979,639001264,1
2026-03-26T13:47:09.799,A1,1,2499,-60.8,-78.2,-17.4,148.87,120,17124,17864,16923,22762,1098,639001571,1
2026-03-26T13:47:10.311,A1,1,2500,-60.1,-78.3,-18.1,181.04,104,14131,18828,16017,21666,1048,639001242,1
