timestamp,device,anchor_id,seq,distance_m,rx_power,fp_power,fp_rx_ratio,quality,round_trip,reply_delay,std_noise,fp_ampl1,fp_ampl2,fp_ampl3,cir_power,rxpacc,flags,anchor_count,nlos_suspect
2026-03-26T13:54:39.127,T1,1,207,44.324,-58.0,-74.2,-16.2,196.38,638996537,638977636,80,17565,15710,14845,18182,890,3,1,True
2026-03-26T13:54:39.608,T1,1,208,44.61,-58.7,-74.3,-15.6,124.67,638996658,638977636,144,16073,17953,16595,19219,938,3,1,True
2026-03-26T13:54:40.117,T1,1,209,44.127,-57.7,-75.5,-17.8,173.33,638996453,638977636,100,16328,17333,12393,18807,897,3,1,True
2026-03-26T13:54:40.628,T1,1,210,44.464,-58.0,-74.6,-16.6,159.52,638996596,638977636,108,17401,17228,16279,20730,952,3,1,True
2026-03-26T13:54:41.136,T1,1,211,44.765,-59.8,-73.8,-14.0,179.84,638996724,638977636,92,16845,16545,13779,14993,862,3,1,True
2026-03-26T13:54:41.616,T1,1,212,43.977,-58.8,-73.7,-14.8,153.67,638996388,638977636,112,14965,17211,16313,16723,880,3,1,True
2026-03-26T13:54:42.126,T1,1,213,45.06,-58.0,-74.7,-16.7,142.22,638996851,638977636,128,17259,18204,16470,21704,974,3,1,True
2026-03-26T13:54:42.637,T1,1,214,44.352,-57.4,-74.8,-17.4,136.2,638996549,638977636,120,16606,16344,11491,17158,847,3,1,True
2026-03-26T13:54:43.118,T1,1,215,44.296,-58.8,-75.3,-16.5,176.61,638996525,638977636,96,14576,16955,15161,17362,897,3,1,True
2026-03-26T13:54:43.625,T1,1,216,44.652,-58.4,-76.1,-17.7,152.75,638996677,638977636,104,17813,15886,12980,19105,927,3,1,True
2026-03-26T13:54:44.136,T1,1,217,45.055,-59.0,-75.2,-16.2,146.36,638996849,638977636,112,16894,16392,13219,17062,894,3,1,True
2026-03-26T13:54:44.647,T1,1,218,44.01,-58.8,-74.2,-15.4,207.43,638996403,638977636,80,16920,16594,13675,16499,873,3,1,True
2026-03-26T13:54:45.129,T1,1,219,44.455,-58.6,-78.1,-19.5,147.62,638996592,638977636,116,17751,17124,9758,20632,971,3,1,True
2026-03-26T13:54:45.640,T1,1,220,44.549,-58.4,-75.3,-16.9,143.59,638996633,638977636,116,17484,16656,12133,17947,897,3,1,True
2026-03-26T13:54:46.122,T1,1,221,44.962,-58.5,-75.1,-16.6,229.75,638996809,638977636,76,16424,17461,13753,18356,910,3,1,True
2026-03-26T13:54:46.628,T1,1,222,44.019,-58.8,-75.8,-17.1,156.38,638996406,638977636,100,16662,15638,13592,17524,899,3,1,True
2026-03-26T13:54:47.138,T1,1,223,45.37,-60.0,-76.9,-16.9,173.11,638996982,638977636,80,16054,13849,12200,14685,858,3,1,True
2026-03-26T13:54:47.617,T1,1,224,44.737,-58.8,-79.0,-20.2,174.72,638996712,638977636,76,16899,13279,7747,16108,862,3,1,True
2026-03-26T13:54:48.127,T1,1,225,44.849,-58.0,-74.5,-16.5,111.38,638996761,638977636,148,17268,16484,15895,19579,925,3,1,True
2026-03-26T13:54:48.636,T1,1,226,44.929,-58.9,-75.4,-16.4,161.42,638996795,638977636,96,16516,15496,12416,15848,860,3,1,True
2026-03-26T13:54:49.147,T1,1,227,43.873,-59.4,-74.1,-14.7,182.45,638996344,638977636,92,17037,16785,13338,15774,871,3,1,True
2026-03-26T13:54:49.626,T1,1,228,44.699,-58.2,-78.1,-19.9,171.98,638996696,638977636,84,16848,14446,9110,17311,876,3,1,True
2026-03-26T13:54:50.136,T1,1,229,44.563,-57.9,-78.6,-20.7,162.76,638996639,638977636,88,17177,14323,9087,18549,898,3,1,True
2026-03-26T13:54:50.645,T1,1,230,45.084,-58.9,-74.9,-16.1,167.47,638996860,638977636,104,14922,17417,15361,17651,905,3,1,True
2026-03-26T13:54:51.129,T1,1,231,44.103,-58.1,-78.1,-20.0,134.31,638996442,638977636,108,17203,14506,9795,18250,897,3,1,True
2026-03-26T13:54:51.636,T1,1,232,44.019,-59.0,-75.1,-16.1,144.15,638996406,638977636,112,16549,16145,14293,17164,896,3,1,True
2026-03-26T13:54:52.148,T1,1,233,44.91,-58.7,-74.8,-16.2,168.92,638996786,638977636,100,16205,16892,14168,17437,894,3,1,True
2026-03-26T13:54:52.626,T1,1,234,44.464,-58.4,-79.2,-20.8,158.67,638996597,638977636,92,17483,14598,8693,19115,927,3,1,True
2026-03-26T13:54:53.139,T1,1,235,44.366,-58.3,-74.2,-15.9,131.67,638996555,638977636,124,16805,16327,14035,17066,873,3,1,True
2026-03-26T13:54:53.675,T1,1,236,44.657,-59.5,-77.3,-17.8,197.02,638996679,638977636,80,16613,15762,10102,16386,891,3,1,True
2026-03-26T13:54:54.158,T1,1,237,44.99,-58.4,-75.8,-17.4,218.16,638996820,638977636,80,17583,17453,11341,18855,919,3,1,True
2026-03-26T13:54:54.637,T1,1,238,43.873,-58.5,-75.6,-17.1,190.75,638996345,638977636,88,16364,16786,13121,17952,900,3,1,True
2026-03-26T13:54:55.146,T1,1,239,44.207,-58.5,-77.8,-19.3,190.39,638996486,638977636,88,18133,16754,11769,21714,991,3,1,True
2026-03-26T13:54:55.656,T1,1,240,43.911,-59.0,-75.4,-16.5,148.66,638996360,638977636,116,16285,17245,13783,17904,915,3,1,True
2026-03-26T13:54:56.166,T1,1,241,43.925,-59.4,-76.5,-17.1,133.92,638996366,638977636,128,15365,17142,13436,17701,922,3,1,True
2026-03-26T13:54:56.645,T1,1,242,44.375,-58.9,-76.2,-17.4,170.73,638996559,638977636,96,17515,16390,10483,17341,897,3,1,True
2026-03-26T13:54:57.155,T1,1,243,44.572,-59.3,-74.4,-15.2,186.72,638996643,638977636,96,15953,17925,15889,17999,927,3,1,True
2026-03-26T13:54:57.665,T1,1,244,44.685,-58.7,-75.6,-16.9,163.51,638996691,638977636,100,16877,16351,10907,16452,870,3,1,True
2026-03-26T13:54:58.146,T1,1,245,44.056,-59.1,-77.5,-18.4,160.4,638996422,638977636,100,18397,16040,12222,20229,977,3,1,True
2026-03-26T13:54:58.656,T1,1,246,44.718,-59.3,-79.4,-20.1,157.27,638996704,638977636,100,16539,15727,8941,18401,938,3,1,True
2026-03-26T13:54:59.168,T1,1,247,45.027,-59.0,-73.9,-14.9,170.64,638996837,638977636,100,15707,17064,15308,16535,879,3,1,True
2026-03-26T13:54:59.647,T1,1,248,44.263,-59.5,-75.8,-16.3,205.29,638996511,638977636,80,16419,16423,10860,15446,866,3,1,True
2026-03-26T13:55:00.161,T1,1,249,44.647,-59.1,-73.8,-14.7,190.16,638996675,638977636,88,16177,16734,14915,16052,871,3,1,True
2026-03-26T13:55:00.672,T1,1,250,44.976,-59.1,-77.0,-17.9,133.6,638996815,638977636,116,17323,15498,9911,16724,888,3,1,True
2026-03-26T13:55:01.146,T1,1,251,44.286,-58.8,-75.5,-16.7,156.09,638996521,638977636,104,17916,16233,14930,19509,949,3,1,True
2026-03-26T13:55:01.655,T1,1,252,45.149,-59.2,-79.8,-20.7,130.01,638996888,638977636,104,17427,13521,7645,17328,906,3,1,True
2026-03-26T13:55:02.165,T1,1,253,44.807,-59.0,-74.9,-15.9,196.49,638996742,638977636,88,16857,17291,13129,17297,900,3,1,True
2026-03-26T13:55:02.675,T1,1,254,44.915,-59.7,-75.2,-15.5,133.05,638996789,638977636,132,17795,17563,16020,19572,982,3,1,True
2026-03-26T13:55:03.160,T1,1,255,44.582,-59.0,-75.9,-16.9,182.39,638996646,638977636,96,14456,17509,16214,19090,947,3,1,True
2026-03-26T13:55:03.666,T1,1,256,44.615,-59.1,-74.4,-15.4,186.84,638996660,638977636,92,16052,17189,14383,16767,888,3,1,True
2026-03-26T13:55:04.175,T1,1,257,44.127,-59.5,-74.1,-14.6,165.38,638996452,638977636,100,15122,16538,15410,15479,867,3,1,True
2026-03-26T13:55:04.656,T1,1,258,44.868,-59.2,-79.6,-20.5,145.91,638996768,638977636,96,17908,14007,8043,18271,930,3,1,True
2026-03-26T13:55:05.167,T1,1,259,44.619,-59.8,-74.9,-15.1,164.92,638996662,638977636,104,17521,17152,16139,18645,962,3,1,True
2026-03-26T13:55:05.677,T1,1,260,45.084,-59.4,-75.1,-15.8,165.32,638996860,638977636,100,18038,16532,14211,18165,934,3,1,True
2026-03-26T13:55:06.157,T1,1,261,43.883,-58.7,-75.3,-16.7,111.88,638996348,638977636,136,17444,15216,13520,17331,891,3,1,True
2026-03-26T13:55:06.665,T1,1,262,44.094,-58.7,-74.1,-15.4,151.14,638996438,638977636,104,16876,15719,14741,16606,873,3,1,True
2026-03-26T13:55:07.236,T1,1,263,44.042,-58.8,-76.0,-17.2,168.15,638996417,638977636,92,16248,15470,12774,16713,878,3,1,True
2026-03-26T13:55:07.687,T1,1,264,43.873,-59.1,-75.0,-15.8,133.65,638996345,638977636,124,16956,16573,12893,16565,885,3,1,True
2026-03-26T13:55:08.170,T1,1,265,44.441,-58.7,-76.6,-17.9,113.68,638996586,638977636,148,17517,16825,11308,18864,929,3,1,True
2026-03-26T13:55:08.675,T1,1,266,44.685,-58.9,-76.6,-17.7,120.01,638996690,638977636,120,16808,14401,11224,15928,861,3,1,True
2026-03-26T13:55:09.185,T1,1,267,43.906,-59.6,-78.8,-19.2,181.27,638996358,638977636,80,17311,14502,11050,18211,942,3,1,True
2026-03-26T13:55:09.665,T1,1,268,44.422,-59.5,-78.0,-18.5,185.05,638996579,638977636,88,16664,16284,10857,18141,937,3,1,True
2026-03-26T13:55:10.178,T1,1,269,43.93,-58.3,-77.0,-18.7,186.33,638996368,638977636,88,15141,16397,12304,18036,896,3,1,True
2026-03-26T13:55:10.685,T1,1,270,44.624,-58.9,-76.5,-17.6,149.45,638996665,638977636,112,17674,16738,10290,17945,914,3,1,True
2026-03-26T13:55:11.166,T1,1,271,44.558,-58.9,-78.1,-19.2,143.57,638996637,638977636,100,17238,14357,9286,16953,888,3,1,True
2026-03-26T13:55:11.676,T1,1,272,44.568,-58.3,-79.1,-20.8,122.62,638996640,638977636,116,17441,14224,8275,18443,908,3,1,True
2026-03-26T13:55:12.185,T1,1,273,45.435,-58.8,-76.7,-17.8,148.96,638997010,638977636,112,15153,16684,12223,17196,892,3,1,True
2026-03-26T13:55:12.668,T1,1,274,44.737,-58.6,-76.8,-18.2,161.78,638996712,638977636,96,16274,15531,10694,16678,871,3,1,True
2026-03-26T13:55:13.182,T1,1,275,43.878,-58.9,-75.2,-16.3,136.23,638996347,638977636,116,16523,15803,13519,16566,879,3,1,True
2026-03-26T13:55:13.687,T1,1,276,45.403,-58.7,-77.0,-18.3,141.0,638996996,638977636,100,17217,14100,11810,17098,886,3,1,True
2026-03-26T13:55:14.167,T1,1,277,44.403,-58.2,-75.7,-17.5,150.88,638996570,638977636,112,17496,16899,12135,18928,916,3,1,True
2026-03-26T13:55:14.676,T1,1,278,44.718,-59.2,-78.8,-19.6,163.49,638996704,638977636,96,14528,15695,9878,16391,882,3,1,True
2026-03-26T13:55:15.215,T1,1,279,44.624,-57.7,-74.9,-17.1,167.97,638996664,638977636,100,16794,16797,15182,19813,922,3,1,True
2026-03-26T13:55:15.666,T1,1,280,44.751,-58.4,-79.1,-20.7,135.74,638996719,638977636,104,16517,14117,8348,17307,882,3,1,True
2026-03-26T13:55:16.175,T1,1,281,44.657,-57.9,-75.6,-17.7,168.02,638996678,638977636,96,16931,16130,13709,19084,909,3,1,True
2026-03-26T13:55:16.686,T1,1,282,45.267,-58.5,-76.3,-17.9,170.31,638996939,638977636,96,15575,16350,13003,17805,896,3,1,True
2026-03-26T13:55:17.168,T1,1,283,44.446,-58.3,-75.7,-17.4,166.87,638996588,638977636,84,15620,14017,14780,16714,864,3,1,True
2026-03-26T13:55:17.678,T1,1,284,44.502,-58.8,-75.5,-16.7,165.64,638996612,638977636,104,15156,17227,14861,18034,913,3,1,True
2026-03-26T13:55:18.185,T1,1,285,45.351,-59.4,-77.3,-18.0,156.23,638996975,638977636,104,17438,16248,9948,17629,920,3,1,True
2026-03-26T13:55:18.665,T1,1,286,44.427,-58.4,-78.2,-19.8,151.97,638996581,638977636,96,16446,14589,8805,16819,868,3,1,True
2026-03-26T13:55:19.175,T1,1,287,44.98,-59.8,-77.1,-17.3,150.31,638996817,638977636,112,15086,16835,12429,16747,910,3,1,True
2026-03-26T13:55:19.685,T1,1,288,44.399,-58.8,-75.5,-16.8,147.56,638996568,638977636,112,17187,16527,12097,17362,895,3,1,True
2026-03-26T13:55:20.195,T1,1,289,44.507,-59.6,-77.0,-17.4,150.15,638996614,638977636,100,16703,15015,12222,16541,900,3,1,True
2026-03-26T13:55:20.675,T1,1,290,44.873,-58.9,-78.3,-19.5,138.74,638996771,638977636,116,16872,16094,9890,18765,934,3,1,True
2026-03-26T13:55:21.186,T1,1,291,44.783,-58.9,-76.3,-17.4,124.06,638996733,638977636,120,16743,14887,12035,16470,874,3,1,True
2026-03-26T13:55:21.696,T1,1,292,44.291,-58.9,-77.3,-18.4,131.01,638996522,638977636,128,17613,16769,10561,19070,942,3,1,True
2026-03-26T13:55:22.176,T1,1,293,44.333,-58.7,-75.2,-16.5,133.47,638996540,638977636,116,16485,15482,14023,16913,880,3,1,True
2026-03-26T13:55:22.714,T1,1,294,45.351,-59.0,-75.9,-16.9,168.23,638996974,638977636,84,16381,14131,13458,15866,862,3,1,True
2026-03-26T13:55:23.196,T1,1,295,44.207,-59.0,-75.1,-16.1,141.17,638996487,638977636,120,17177,16940,12842,17317,900,3,1,True
2026-03-26T13:55:23.675,T1,1,296,43.995,-58.9,-76.4,-17.5,133.43,638996397,638977636,108,17121,14410,12881,16988,890,3,1,True
2026-03-26T13:55:24.185,T1,1,297,45.14,-58.7,-77.3,-18.7,117.22,638996884,638977636,128,16519,15004,9215,16178,860,3,1,True
2026-03-26T13:55:24.696,T1,1,298,45.337,-59.5,-74.9,-15.4,130.82,638996969,638977636,132,14993,17268,15476,16898,905,3,1,True
2026-03-26T13:55:25.179,T1,1,299,44.694,-59.1,-76.0,-16.9,142.17,638996695,638977636,120,15801,17060,13541,17758,916,3,1,True
2026-03-26T13:55:25.685,T1,1,300,44.783,-58.6,-75.6,-17.0,124.26,638996732,638977636,124,16256,15408,12424,16207,858,3,1,True
2026-03-26T13:55:26.195,T1,1,301,44.544,-58.4,-78.2,-19.8,117.12,638996630,638977636,120,17182,14054,9911,17649,891,3,1,True
2026-03-26T13:55:26.675,T1,1,302,45.126,-58.7,-76.8,-18.1,158.24,638996878,638977636,100,16213,15824,11193,16963,882,3,1,True
2026-03-26T13:55:27.185,T1,1,303,44.624,-58.3,-75.9,-17.5,130.51,638996664,638977636,116,16665,15139,12833,17181,877,3,1,True
2026-03-26T13:55:27.697,T1,1,304,44.282,-58.5,-75.2,-16.7,133.48,638996518,638977636,124,15806,16552,14408,17656,893,3,1,True
2026-03-26T13:55:28.206,T1,1,305,44.699,-58.6,-77.1,-18.5,129.33,638996696,638977636,128,16918,16554,11430,18968,928,3,1,True
2026-03-26T13:55:28.688,T1,1,306,44.952,-59.0,-76.1,-17.1,130.03,638996805,638977636,128,15387,16644,12913,16910,889,3,1,True
2026-03-26T13:55:29.194,T1,1,307,44.563,-85.0,-76.2,8.8,147.41,638996639,638977636,112,15653,16510,12549,2811,890,1,1,False
2026-03-26T13:55:29.677,T1,1,308,45.149,-58.7,-78.1,-19.3,138.57,638996889,638977636,112,15618,15520,9679,16761,878,3,1,True
2026-03-26T13:55:30.215,T1,1,309,44.924,-58.7,-74.9,-16.2,132.9,638996792,638977636,112,17348,14885,14807,17341,892,3,1,True
2026-03-26T13:55:30.696,T1,1,310,44.821,-58.9,-74.6,-15.7,142.94,638996748,638977636,120,16367,17153,15004,17782,908,3,1,True
2026-03-26T13:55:31.174,T1,1,311,41.908,-59.1,-73.8,-14.8,145.43,638995507,638977636,120,17368,17451,16371,18503,933,3,1,True
2026-03-26T13:55:31.686,T1,1,312,42.021,-58.6,-78.4,-19.8,130.69,638995554,638977636,108,16734,14115,8643,16639,870,3,1,True
2026-03-26T13:55:32.195,T1,1,313,43.193,-58.7,-76.7,-18.0,130.13,638996055,638977636,116,16970,15095,11248,17018,884,3,1,True
2026-03-26T13:55:32.676,T1,1,314,43.193,-58.8,-76.4,-17.6,174.58,638996055,638977636,92,16137,16061,11974,17012,886,3,1,True
2026-03-26T13:55:33.184,T1,1,315,42.72,-59.3,-76.6,-17.4,184.58,638995852,638977636,84,16400,15505,11760,16389,884,3,1,True
2026-03-26T13:55:33.694,T1,1,316,42.556,-58.7,-77.3,-18.5,134.55,638995783,638977636,108,17497,14531,11691,17957,908,3,1,True
2026-03-26T13:55:34.204,T1,1,317,43.015,-58.9,-76.8,-18.0,133.31,638995978,638977636,124,16746,16531,11964,18410,924,3,1,True
2026-03-26T13:55:34.686,T1,1,318,43.001,-58.5,-75.0,-16.5,144.45,638995972,638977636,112,16569,16178,14861,18018,904,3,1,True
2026-03-26T13:55:35.194,T1,1,319,43.165,-58.3,-75.0,-16.7,191.06,638996042,638977636,88,16913,16813,13580,18176,900,3,1,True
2026-03-26T13:55:35.704,T1,1,320,42.64,-58.8,-77.3,-18.5,177.9,638995819,638977636,92,16766,16367,10988,18335,921,3,1,True
2026-03-26T13:55:36.184,T1,1,321,42.218,-58.8,-76.1,-17.2,153.27,638995638,638977636,112,17581,17166,11568,18514,926,3,1,True
2026-03-26T13:55:36.694,T1,1,322,43.451,-58.4,-75.1,-16.7,157.81,638996165,638977636,104,16788,16412,12593,17159,878,3,1,True
2026-03-26T13:55:37.204,T1,1,323,41.969,-58.7,-75.6,-16.9,129.57,638995533,638977636,136,16040,17622,14346,19018,933,3,1,True
2026-03-26T13:55:37.684,T1,1,324,42.429,-59.1,-74.7,-15.5,191.53,638995729,638977636,88,16297,16855,13864,16560,885,3,1,True
2026-03-26T13:55:38.196,T1,1,325,42.359,-58.3,-74.4,-16.1,160.73,638995699,638977636,104,16382,16716,12580,16334,854,3,1,True
2026-03-26T13:55:38.705,T1,1,326,42.424,-59.1,-78.4,-19.4,77.54,638995727,638977636,184,17540,14267,10016,17777,914,3,1,True
2026-03-26T13:55:39.215,T1,1,327,41.908,-59.5,-74.8,-15.3,145.72,638995507,638977636,108,16320,15738,16078,17011,908,3,1,True
2026-03-26T13:55:39.694,T1,1,328,42.476,-58.7,-73.2,-14.5,88.26,638995749,638977636,196,16380,17299,15934,17086,886,3,1,True
2026-03-26T13:55:40.205,T1,1,329,42.199,-59.0,-77.8,-18.8,102.31,638995631,638977636,144,16998,14733,10220,17013,893,3,1,True
2026-03-26T13:55:40.719,T1,1,330,43.343,-58.3,-75.3,-17.0,171.7,638996118,638977636,96,16548,16483,11883,16958,870,3,1,True
2026-03-26T13:55:41.195,T1,1,331,41.969,-58.1,-75.1,-17.0,139.2,638995533,638977636,116,16797,16147,11892,16898,862,3,1,True
2026-03-26T13:55:41.706,T1,1,332,42.579,-58.3,-75.1,-16.8,136.97,638995793,638977636,116,16817,15888,12035,16592,860,3,1,True
2026-03-26T13:55:42.216,T1,1,333,43.006,-58.8,-74.4,-15.6,118.41,638995974,638977636,152,15741,17999,16362,18774,932,3,1,True
2026-03-26T13:55:42.693,T1,1,334,42.377,-58.4,-77.1,-18.7,109.35,638995706,638977636,152,17855,16621,10336,19469,936,3,1,True
2026-03-26T13:55:43.205,T1,1,335,42.921,-58.3,-75.9,-17.6,126.1,638995939,638977636,136,16483,17149,13145,18966,921,3,1,True
2026-03-26T13:55:43.744,T1,1,336,42.429,-58.8,-75.7,-16.9,150.16,638995728,638977636,112,17044,16818,13896,18764,931,3,1,True
2026-03-26T13:55:44.194,T1,1,337,42.813,-59.4,-73.8,-14.4,139.71,638995893,638977636,124,16049,17324,15778,16614,894,3,1,True
2026-03-26T13:55:44.705,T1,1,338,42.673,-58.9,-74.4,-15.5,136.04,638995832,638977636,132,15595,17957,16299,18547,929,3,1,True
2026-03-26T13:55:45.215,T1,1,339,42.434,-58.7,-75.0,-16.3,144.91,638995730,638977636,120,16923,17389,14909,19110,935,3,1,True
2026-03-26T13:55:45.724,T1,1,340,41.955,-58.4,-75.4,-17.1,125.96,638995526,638977636,124,17641,15619,13507,18309,906,3,1,True
2026-03-26T13:55:46.205,T1,1,341,42.044,-58.8,-75.1,-16.3,124.66,638995565,638977636,128,17993,15957,15186,19070,938,3,1,True
2026-03-26T13:55:46.717,T1,1,342,42.889,-58.7,-74.9,-16.3,135.26,638995925,638977636,124,17300,16772,12333,17182,887,3,1,True
2026-03-26T13:55:47.194,T1,1,343,42.199,-58.9,-75.8,-16.8,127.88,638995630,638977636,128,16837,16369,10861,16340,873,3,1,True
2026-03-26T13:55:47.705,T1,1,344,43.01,-58.6,-74.1,-15.5,143.91,638995977,638977636,116,17164,16693,13075,16582,869,3,1,True
2026-03-26T13:55:48.214,T1,1,345,41.875,-58.8,-75.9,-17.1,143.34,638995493,638977636,116,17671,16627,11645,18025,911,3,1,True
2026-03-26T13:55:48.724,T1,1,346,42.64,-58.6,-76.1,-17.5,135.57,638995819,638977636,128,16820,17353,13886,19806,950,3,1,True
2026-03-26T13:55:49.205,T1,1,347,43.109,-58.1,-74.0,-15.9,135.73,638996019,638977636,124,17009,16830,14166,17693,882,3,1,True
2026-03-26T13:55:49.714,T1,1,348,42.274,-58.9,-74.2,-15.4,153.29,638995663,638977636,108,16961,16555,14052,16735,881,3,1,True
2026-03-26T13:55:50.224,T1,1,349,43.057,-58.4,-75.4,-17.0,162.58,638995997,638977636,100,16580,16258,11380,16513,862,3,1,True
2026-03-26T13:55:50.704,T1,1,350,43.465,-58.5,-74.7,-16.2,148.55,638996171,638977636,120,15924,17826,15488,18886,925,3,1,True
2026-03-26T13:55:51.214,T1,1,351,42.64,-57.9,-77.8,-19.9,149.51,638995819,638977636,100,16917,14951,9983,18386,892,3,1,True
2026-03-26T13:55:51.724,T1,1,352,42.448,-58.0,-76.0,-18.0,166.98,638995736,638977636,108,16136,18034,14307,20851,956,3,1,True
2026-03-26T13:55:52.205,T1,1,353,42.176,-58.0,-78.5,-20.5,132.57,638995621,638977636,128,16251,16969,10163,20598,949,3,1,True
2026-03-26T13:55:52.714,T1,1,354,42.992,-58.2,-74.2,-16.0,180.51,638995968,638977636,92,15874,16607,14499,17030,869,3,1,True
2026-03-26T13:55:53.224,T1,1,355,43.517,-58.5,-76.9,-18.3,133.47,638996193,638977636,116,16821,15483,11352,17655,894,3,1,True
2026-03-26T13:55:53.704,T1,1,356,42.462,-58.0,-76.5,-18.5,107.25,638995743,638977636,140,17735,15015,12192,18913,908,3,1,True
2026-03-26T13:55:54.215,T1,1,357,41.899,-58.0,-77.1,-19.1,129.91,638995502,638977636,128,18110,16629,9837,19949,934,3,1,True
2026-03-26T13:55:54.724,T1,1,358,42.598,-59.2,-76.0,-16.8,123.94,638995801,638977636,144,15993,17847,14201,18929,947,3,1,True
2026-03-26T13:55:55.203,T1,1,359,42.556,-58.3,-75.3,-17.0,151.73,638995782,638977636,108,16562,16387,11854,16907,868,3,1,True
2026-03-26T13:55:55.715,T1,1,360,42.527,-58.8,-75.1,-16.4,134.95,638995771,638977636,116,16869,15654,12653,16288,866,3,1,True
2026-03-26T13:55:56.224,T1,1,361,41.969,-58.7,-75.9,-17.2,123.1,638995532,638977636,128,17172,15757,12893,17742,902,3,1,True
2026-03-26T13:55:56.734,T1,1,362,42.401,-59.5,-74.0,-14.5,179.2,638995716,638977636,92,16463,16486,14443,15565,870,3,1,True
2026-03-26T13:55:57.214,T1,1,363,42.068,-58.4,-78.2,-19.7,135.51,638995575,638977636,104,16752,14093,8902,16663,866,3,1,True
2026-03-26T13:55:57.723,T1,1,364,42.213,-58.3,-79.3,-21.0,111.15,638995636,638977636,120,17103,13338,7928,17347,879,3,1,True
2026-03-26T13:55:58.234,T1,1,365,42.964,-57.9,-76.8,-18.9,151.7,638995957,638977636,112,16862,16990,10972,19490,921,3,1,True
2026-03-26T13:55:58.743,T1,1,366,42.002,-59.0,-75.6,-16.6,133.02,638995547,638977636,124,17140,16494,11866,17000,891,3,1,True
2026-03-26T13:55:59.223,T1,1,367,42.011,-59.0,-75.4,-16.4,158.27,638995551,638977636,104,17238,16460,12113,16981,891,3,1,True
2026-03-26T13:55:59.733,T1,1,368,42.462,-58.7,-75.2,-16.5,140.52,638995743,638977636,120,17503,16863,11694,17393,892,3,1,True
2026-03-26T13:56:00.245,T1,1,369,42.738,-58.7,-74.9,-16.2,161.19,638995860,638977636,104,16937,16764,11656,16436,868,3,1,True
2026-03-26T13:56:00.724,T1,1,370,42.64,-58.9,-79.0,-20.1,106.09,638995819,638977636,128,16740,13579,8259,16287,870,3,1,True
2026-03-26T13:56:01.262,T1,1,371,42.199,-58.4,-76.3,-17.8,148.75,638995631,638977636,104,16564,15470,10666,16406,860,3,1,True
2026-03-26T13:56:01.723,T1,1,372,42.574,-59.2,-74.4,-15.1,167.93,638995791,638977636,104,15649,17465,15781,17334,908,3,1,True
2026-03-26T13:56:02.224,T1,1,373,42.054,-58.2,-78.2,-20.0,146.07,638995568,638977636,96,17265,14023,8817,17383,879,3,1,True
2026-03-26T13:56:02.734,T1,1,374,41.857,-58.1,-76.6,-18.6,136.76,638995484,638977636,112,17977,15317,12680,19773,932,3,1,True
2026-03-26T13:56:03.215,T1,1,375,42.288,-58.7,-74.8,-16.1,142.02,638995668,638977636,128,15995,18179,16159,19679,949,3,1,True
2026-03-26T13:56:03.723,T1,1,376,42.208,-58.3,-76.3,-18.0,146.76,638995634,638977636,112,17333,16437,11067,18309,904,3,1,True
2026-03-26T13:56:04.234,T1,1,377,42.011,-58.7,-74.6,-15.9,140.5,638995550,638977636,124,16052,17422,14912,17921,907,3,1,True
2026-03-26T13:56:04.743,T1,1,378,41.913,-58.4,-73.7,-15.3,149.06,638995509,638977636,112,15699,16695,15417,16733,866,3,1,True
2026-03-26T13:56:05.223,T1,1,379,42.677,-59.1,-74.0,-15.0,166.95,638995834,638977636,104,15496,17363,15965,17113,897,3,1,True
2026-03-26T13:56:05.766,T1,1,380,42.771,-59.1,-78.0,-18.9,116.88,638995875,638977636,128,16398,14961,9176,16221,875,3,1,True
2026-03-26T13:56:06.243,T1,1,381,43.123,-90.8,-94.8,-4.0,77.62,638996024,638977636,8,774,621,399,22,121,1,1,False
2026-03-26T13:56:06.723,T1,1,382,42.208,-59.0,-78.2,-19.2,114.77,638995634,638977636,124,16673,14231,8769,16003,866,3,1,True
2026-03-26T13:56:07.233,T1,1,383,42.279,-58.8,-75.0,-16.2,114.69,638995664,638977636,140,16827,16056,12911,16545,873,3,1,True
2026-03-26T13:56:07.743,T1,1,384,42.842,-59.2,-74.4,-15.2,135.35,638995905,638977636,132,15179,17866,16501,17942,922,3,1,True
2026-03-26T13:56:08.223,T1,1,385,42.11,-59.0,-74.6,-15.6,143.13,638995592,638977636,124,15523,17748,15911,18114,921,3,1,True
2026-03-26T13:56:08.735,T1,1,386,41.843,-58.5,-77.2,-18.7,125.48,638995478,638977636,116,17536,14556,11041,17778,896,3,1,True
2026-03-26T13:56:09.243,T1,1,387,42.48,-59.7,-74.6,-14.9,145.86,638995751,638977636,120,15005,17503,15822,16734,907,3,1,True
2026-03-26T13:56:09.753,T1,1,388,42.743,-58.4,-76.0,-17.6,152.7,638995863,638977636,100,17061,15270,11357,16752,869,3,1,True
2026-03-26T13:56:10.233,T1,1,389,42.368,-58.7,-77.4,-18.7,145.07,638995702,638977636,104,16466,15087,9085,16180,861,3,1,True
2026-03-26T13:56:10.743,T1,1,390,42.616,-58.9,-77.2,-18.4,154.81,638995808,638977636,100,18043,15481,11562,18973,938,3,1,True
2026-03-26T13:56:11.253,T1,1,391,42.044,-58.4,-77.6,-19.1,177.28,638995565,638977636,96,16976,17019,11083,20053,950,3,1,True
2026-03-26T13:56:11.734,T1,1,392,42.18,-58.7,-77.3,-18.7,155.33,638995622,638977636,108,15586,16776,11777,18359,917,3,1,True
2026-03-26T13:56:12.243,T1,1,393,42.166,-59.2,-75.5,-16.3,154.34,638995616,638977636,108,18011,16669,12718,17967,923,3,1,True
2026-03-26T13:56:12.753,T1,1,394,41.866,-59.2,-78.2,-18.9,157.76,638995489,638977636,88,17309,13883,9345,16360,882,3,1,True
2026-03-26T13:56:13.264,T1,1,395,41.918,-59.5,-77.2,-17.7,205.49,638995511,638977636,76,17050,15617,9366,16112,883,3,1,True
2026-03-26T13:56:13.744,T1,1,396,42.813,-59.9,-76.7,-16.9,202.45,638995893,638977636,84,16712,17006,12066,17471,932,3,1,True
2026-03-26T13:56:14.253,T1,1,397,42.762,-58.7,-77.5,-18.8,137.65,638995871,638977636,116,18208,15967,10192,19351,941,3,1,True
2026-03-26T13:56:14.764,T1,1,398,42.696,-58.7,-77.8,-19.1,251.16,638995843,638977636,64,13021,16074,12838,16913,881,3,1,True
2026-03-26T13:56:15.273,T1,1,399,42.105,-57.9,-77.1,-19.1,183.24,638995590,638977636,92,16925,16858,11166,19910,930,3,1,True
2026-03-26T13:56:15.753,T1,1,400,42.462,-59.8,-77.0,-17.2,133.48,638995742,638977636,128,18666,17085,12919,20190,1001,3,1,True
2026-03-26T13:56:16.263,T1,1,401,42.504,-59.1,-77.3,-18.2,138.81,638995761,638977636,120,17858,16657,10414,18963,945,3,1,True
2026-03-26T13:56:16.743,T1,1,402,42.574,-58.6,-75.7,-17.2,128.96,638995791,638977636,140,18825,18055,15519,23018,1023,3,1,True
2026-03-26T13:56:17.253,T1,1,403,42.218,-59.0,-77.5,-18.4,125.9,638995638,638977636,124,17942,15611,11000,18708,937,3,1,True
2026-03-26T13:56:17.793,T1,1,404,42.269,-58.9,-75.5,-16.6,197.39,638995660,638977636,92,16337,18160,15449,20009,966,3,1,True
2026-03-26T13:56:18.243,T1,1,405,42.917,-58.7,-76.8,-18.1,197.2,638995936,638977636,92,18902,18142,13408,23070,1029,3,1,True
2026-03-26T13:56:18.754,T1,1,406,43.034,-58.9,-75.9,-17.0,163.11,638995987,638977636,100,18034,16311,14673,19966,962,3,1,True
2026-03-26T13:56:19.264,T1,1,407,43.095,-59.4,-75.4,-16.0,208.26,638996012,638977636,84,17365,17494,12266,17419,916,3,1,True
2026-03-26T13:56:19.742,T1,1,408,42.635,-59.7,-77.6,-17.9,180.29,638995816,638977636,92,16848,16587,11308,18014,941,3,1,True
2026-03-26T13:56:20.253,T1,1,409,42.072,-59.7,-77.7,-18.0,164.45,638995576,638977636,108,17432,17761,11177,19717,985,3,1,True
2026-03-26T13:56:20.764,T1,1,410,43.428,-59.8,-76.5,-16.7,182.76,638996155,638977636,96,17480,17545,11672,18091,947,3,1,True
2026-03-26T13:56:21.753,T1,1,412,42.804,-58.8,-79.2,-20.5,152.06,638995889,638977636,88,16916,13381,7696,16437,870,3,1,True
2026-03-26T13:56:22.292,T1,1,413,42.537,-60.3,-75.1,-14.8,178.67,638995774,638977636,92,16472,16438,13159,15191,882,3,1,True
2026-03-26T13:56:22.773,T1,1,414,41.96,-58.9,-75.5,-16.5,180.32,638995528,638977636,96,16032,17311,13920,17945,915,3,1,True
2026-03-26T13:56:23.253,T1,1,415,42.269,-58.8,-74.8,-16.0,145.97,638995660,638977636,120,15827,17516,14697,17834,908,3,1,True
2026-03-26T13:56:23.764,T1,1,416,42.204,-58.6,-78.4,-19.8,156.95,638995633,638977636,92,16372,14439,8979,16678,871,3,1,True
2026-03-26T13:56:24.272,T1,1,417,42.101,-59.0,-75.7,-16.7,200.2,638995588,638977636,88,14214,17618,15316,18025,920,3,1,True
2026-03-26T13:56:24.786,T1,1,418,42.668,-60.6,-81.4,-20.9,182.8,638995831,638977636,84,15666,15355,9212,18264,976,3,1,True
2026-03-26T13:56:25.263,T1,1,419,42.56,-60.1,-73.7,-13.6,157.26,638995785,638977636,104,16958,16355,13237,14254,849,3,1,True
2026-03-26T13:56:25.779,T1,1,420,42.298,-59.8,-75.4,-15.6,215.95,638995673,638977636,80,16288,17276,13694,16860,912,3,1,True
2026-03-26T13:56:26.282,T1,1,421,42.152,-58.4,-76.1,-17.7,191.95,638995611,638977636,80,17442,15356,11883,17666,892,3,1,True
2026-03-26T13:56:26.762,T1,1,422,42.874,-60.2,-76.1,-15.9,152.12,638995918,638977636,96,17448,14604,12608,15515,889,3,1,True
2026-03-26T13:56:27.274,T1,1,423,42.607,-59.6,-76.2,-16.6,153.87,638995805,638977636,104,16504,16002,11205,15730,875,3,1,True
2026-03-26T13:56:27.783,T1,1,424,42.56,-60.1,-73.6,-13.5,195.24,638995784,638977636,92,16106,17962,16688,16688,918,3,1,True
2026-03-26T13:56:28.292,T1,1,425,42.663,-60.8,-89.4,-28.6,93.46,638995828,638977636,80,13130,7477,4559,17223,956,3,1,True
2026-03-26T13:56:28.774,T1,1,426,42.959,-58.9,-76.1,-17.2,167.1,638995955,638977636,100,17634,16710,9900,17284,896,3,1,True
2026-03-26T13:56:29.283,T1,1,427,42.246,-60.0,-77.2,-17.2,152.22,638995651,638977636,96,16243,14613,13433,16452,909,3,1,True
2026-03-26T13:56:29.763,T1,1,428,43.01,-58.8,-73.7,-14.9,169.18,638995976,638977636,96,18461,16241,16734,18923,935,3,1,True
2026-03-26T13:56:30.275,T1,1,429,42.959,-58.1,-76.7,-18.6,172.68,638995954,638977636,96,16916,16577,12023,19396,925,3,1,True
2026-03-26T13:56:30.811,T1,1,430,41.763,-58.8,-73.6,-14.9,191.74,638995444,638977636,88,16802,16873,13603,16023,859,3,1,True
2026-03-26T13:56:31.293,T1,1,431,42.879,-59.1,-73.3,-14.2,188.88,638995920,638977636,88,16688,16621,15015,15871,865,3,1,True
2026-03-26T13:56:31.773,T1,1,432,42.335,-58.8,-76.6,-17.8,167.91,638995689,638977636,100,15716,16791,12333,17791,907,3,1,True
2026-03-26T13:56:32.284,T1,1,433,42.34,-58.7,-76.5,-17.8,180.47,638995690,638977636,92,17860,16603,11199,18773,928,3,1,True
2026-03-26T13:56:32.793,T1,1,434,43.292,-59.0,-74.6,-15.6,181.57,638996096,638977636,84,17438,15252,15622,17442,904,3,1,True
2026-03-26T13:56:33.273,T1,1,435,43.409,-59.6,-77.7,-18.1,188.2,638996147,638977636,84,14614,15809,11415,15836,880,3,1,True
2026-03-26T13:56:33.783,T1,1,436,42.682,-59.8,-76.2,-16.5,187.71,638995836,638977636,92,17506,17269,14933,19702,986,3,1,True
2026-03-26T13:56:34.294,T1,1,437,43.123,-58.1,-75.3,-17.3,243.68,638996024,638977636,68,17615,16570,11411,17963,889,3,1,True
2026-03-26T13:56:34.805,T1,1,438,42.598,-58.9,-75.8,-16.9,235.65,638995800,638977636,68,15016,16024,13912,16567,879,3,1,True
2026-03-26T13:56:35.283,T1,1,439,43.264,-58.5,-73.9,-15.3,183.42,638996084,638977636,88,17843,16141,16774,18919,926,3,1,True
2026-03-26T13:56:35.793,T1,1,440,42.762,-59.6,-76.3,-16.6,193.3,638995871,638977636,92,16319,17784,13277,18235,945,3,1,True
2026-03-26T13:56:36.272,T1,1,441,41.922,-60.0,-78.9,-18.9,221.64,638995513,638977636,80,16884,17731,10264,19826,997,3,1,True
2026-03-26T13:56:36.783,T1,1,442,42.598,-58.9,-76.3,-17.4,148.78,638995801,638977636,112,16623,16663,12303,17899,913,3,1,True
2026-03-26T13:56:37.292,T1,1,443,41.969,-58.5,-76.1,-17.6,201.64,638995532,638977636,80,18536,16131,14963,21225,980,3,1,True
2026-03-26T13:56:37.804,T1,1,444,42.874,-58.4,-78.2,-19.8,164.6,638995918,638977636,96,16290,15802,9425,18047,902,3,1,True
2026-03-26T13:56:38.283,T1,1,445,42.307,-58.4,-74.3,-16.0,148.85,638995677,638977636,112,17554,16671,12632,17172,877,3,1,True
2026-03-26T13:56:38.792,T1,1,446,41.857,-59.1,-74.2,-15.0,156.34,638995485,638977636,104,16691,16259,12237,14924,840,3,1,True
2026-03-26T13:56:39.332,T1,1,447,43.1,-58.5,-73.3,-14.7,221.93,638996014,638977636,80,17341,17754,14783,17628,894,3,1,True
2026-03-26T13:56:39.784,T1,1,448,42.602,-58.6,-74.5,-16.0,189.39,638995802,638977636,88,16244,16666,13086,16385,863,3,1,True
2026-03-26T13:56:40.292,T1,1,449,43.442,-59.8,-76.8,-17.0,118.12,638996161,638977636,128,17532,15120,10301,15848,885,3,1,True
2026-03-26T13:56:40.804,T1,1,450,41.8,-59.2,-74.3,-15.2,148.49,638995461,638977636,108,18127,16037,16581,18734,942,3,1,True
2026-03-26T13:56:41.283,T1,1,451,43.311,-59.0,-78.8,-19.8,136.34,638996104,638977636,108,16716,14725,9043,17258,899,3,1,True
2026-03-26T13:56:41.792,T1,1,452,42.396,-60.6,-85.0,-24.4,142.58,638995715,638977636,100,12686,14258,8518,17936,969,3,1,True
2026-03-26T13:56:42.305,T1,1,453,42.424,-59.3,-73.3,-14.0,157.45,638995726,638977636,112,14906,17634,16718,16278,882,3,1,True
2026-03-26T13:56:42.813,T1,1,454,42.874,-59.3,-80.3,-21.1,146.34,638995919,638977636,108,10688,15805,14491,18756,946,3,1,True
2026-03-26T13:56:43.292,T1,1,455,42.959,-58.9,-77.3,-18.4,121.64,638995955,638977636,136,16032,16543,9966,17188,894,3,1,True
2026-03-26T13:56:43.802,T1,1,456,42.265,-59.3,-73.8,-14.5,174.77,638995659,638977636,96,15435,16778,15922,16073,877,3,1,True
2026-03-26T13:56:44.284,T1,1,457,42.391,-58.1,-77.8,-19.7,132.08,638995713,638977636,120,17075,15850,8804,18415,901,3,1,True
2026-03-26T13:56:44.792,T1,1,458,42.523,-58.7,-77.9,-19.2,179.73,638995768,638977636,80,17017,14378,9874,17110,886,3,1,True
2026-03-26T13:56:45.302,T1,1,459,43.62,-58.2,-74.5,-16.3,152.32,638996237,638977636,120,16768,18278,16419,20853,960,3,1,True
2026-03-26T13:56:45.783,T1,1,460,42.701,-60.4,-76.2,-15.8,195.38,638995844,638977636,84,17153,16412,10844,15500,894,3,1,True
2026-03-26T13:56:46.292,T1,1,461,42.04,-58.6,-76.6,-18.0,168.8,638995563,638977636,96,16561,16205,9485,16568,868,3,1,True
2026-03-26T13:56:46.802,T1,1,462,43.067,-58.9,-73.2,-14.4,158.35,638996000,638977636,100,17559,15835,16516,17105,891,3,1,True
2026-03-26T13:56:47.283,T1,1,463,41.871,-57.1,-72.8,-15.7,167.15,638995491,638977636,100,16722,16715,13571,16748,830,3,1,True
2026-03-26T13:56:47.794,T1,1,464,42.157,-58.6,-74.2,-15.6,177.62,638995612,638977636,92,16829,16341,12625,15899,850,3,1,True
2026-03-26T13:56:48.307,T1,1,465,42.865,-60.5,-72.2,-11.7,189.34,638995914,638977636,88,16844,16662,15730,13817,847,3,1,True
2026-03-26T13:56:48.811,T1,1,466,41.913,-59.2,-74.3,-15.1,207.27,638995509,638977636,80,16480,16582,11780,14827,839,3,1,True
2026-03-26T13:56:49.321,T1,1,467,42.706,-58.7,-76.0,-17.4,163.78,638995846,638977636,96,14918,15723,16115,18462,919,3,1,True
2026-03-26T13:56:49.803,T1,1,468,41.772,-58.5,-75.0,-16.5,176.66,638995448,638977636,92,16890,16253,9866,15432,836,3,1,True
2026-03-26T13:56:50.282,T1,1,469,42.222,-59.8,-76.9,-17.1,149.66,638995640,638977636,100,16682,14966,11369,15656,881,3,1,True
2026-03-26T13:56:50.792,T1,1,470,43.062,-57.7,-72.9,-15.1,163.09,638995998,638977636,108,16037,17614,16036,17896,876,3,1,True
2026-03-26T13:56:51.302,T1,1,471,42.781,-59.9,-77.5,-17.6,152.36,638995879,638977636,92,16487,14017,9669,14463,848,3,1,True
2026-03-26T13:56:51.843,T1,1,472,42.452,-59.4,-73.8,-14.4,140.86,638995739,638977636,124,16756,17467,14464,16384,889,3,1,True
2026-03-26T13:56:52.294,T1,1,473,42.002,-59.8,-73.9,-14.1,116.84,638995546,638977636,144,16770,16825,12915,14781,855,3,1,True
2026-03-26T13:56:52.803,T1,1,474,43.128,-58.6,-75.8,-17.2,197.68,638996027,638977636,84,16279,16605,12323,17308,889,3,1,True
2026-03-26T13:56:53.312,T1,1,475,43.118,-59.4,-75.9,-16.5,170.86,638996022,638977636,96,17229,16403,10732,16215,884,3,1,True
2026-03-26T13:56:53.791,T1,1,476,43.029,-59.1,-98.6,-39.4,30.18,638995984,638977636,100,3933,3018,1648,17428,907,3,1,True
2026-03-26T13:56:54.302,T1,1,477,42.115,-58.9,-73.9,-14.9,184.42,638995594,638977636,92,16288,16967,14646,16440,875,3,1,True
2026-03-26T13:56:54.812,T1,1,478,42.307,-59.0,-75.6,-16.5,192.48,638995676,638977636,88,16468,16938,12124,16830,889,3,1,True
2026-03-26T13:56:55.352,T1,1,479,42.551,-60.7,-82.9,-22.2,213.53,638995780,638977636,64,9823,13666,13107,16128,922,3,1,True
2026-03-26T13:56:55.802,T1,1,480,42.64,-60.1,-79.3,-19.1,187.95,638995818,638977636,76,16564,14284,10328,16755,921,3,1,True
2026-03-26T13:56:56.312,T1,1,481,42.34,-58.4,-75.9,-17.5,187.55,638995691,638977636,92,16591,17255,11439,18010,899,3,1,True
2026-03-26T13:56:56.822,T1,1,482,42.208,-60.8,-95.0,-34.2,50.19,638995635,638977636,100,5181,5019,3362,15984,921,3,1,True
2026-03-26T13:56:57.301,T1,1,483,42.987,-60.4,-72.4,-12.0,193.38,638995966,638977636,88,15711,17017,16350,14071,852,3,1,True
2026-03-26T13:56:57.812,T1,1,484,42.457,-59.6,-72.9,-13.3,222.63,638995740,638977636,76,16539,16920,14645,14796,849,3,1,True
2026-03-26T13:56:58.321,T1,1,485,42.734,-62.5,-95.0,-32.6,63.88,638995858,638977636,76,5063,4855,3852,14371,925,3,1,True
2026-03-26T13:56:58.801,T1,1,486,42.917,-59.6,-75.1,-15.5,160.95,638995936,638977636,96,17299,15451,13759,16231,889,3,1,True
2026-03-26T13:56:59.311,T1,1,487,42.401,-58.5,-77.6,-19.1,163.24,638995717,638977636,92,16350,15018,8837,16325,860,3,1,True
2026-03-26T13:56:59.823,T1,1,488,41.885,-59.8,-76.8,-17.0,192.69,638995496,638977636,88,15977,16957,11613,16785,910,3,1,True
2026-03-26T13:57:00.301,T1,1,489,43.325,-61.0,-74.2,-13.2,188.25,638996110,638977636,92,15792,17319,15281,14897,894,3,1,True
2026-03-26T13:57:00.812,T1,1,490,42.602,-59.8,-76.1,-16.3,219.99,638995803,638977636,76,15063,16719,14757,17031,917,3,1,True
2026-03-26T13:57:01.352,T1,1,491,43.071,-58.9,-74.4,-15.5,148.07,638996002,638977636,116,17153,17176,12692,16692,881,3,1,True
2026-03-26T13:57:01.802,T1,1,492,42.889,-60.9,-79.4,-18.5,189.79,638995925,638977636,92,40,17461,18123,17371,962,3,1,True
2026-03-26T13:57:02.313,T1,1,493,43.025,-59.1,-82.0,-22.9,141.96,638995982,638977636,100,14366,14196,10459,19260,953,3,1,True
2026-03-26T13:57:02.821,T1,1,494,42.903,-58.8,-72.5,-13.7,177.82,638995930,638977636,92,16273,16359,16064,15579,847,3,1,True
2026-03-26T13:57:03.332,T1,1,495,42.917,-58.7,-73.9,-15.2,204.18,638995936,638977636,84,16561,17151,13837,16576,871,3,1,True
2026-03-26T13:57:03.811,T1,1,496,42.025,-61.0,-97.2,-36.1,42.94,638995556,638977636,88,4067,3779,3263,16790,951,3,1,True
2026-03-26T13:57:04.321,T1,1,497,42.809,-61.5,-76.3,-14.8,149.02,638995891,638977636,120,18103,17883,10139,15884,941,3,1,True
2026-03-26T13:57:04.804,T1,1,498,42.579,-59.5,-75.3,-15.8,213.76,638995793,638977636,84,14585,17956,16411,18318,941,3,1,True
2026-03-26T13:57:05.311,T1,1,499,41.918,-58.3,-74.7,-16.5,128.8,638995511,638977636,128,17189,16487,11394,16593,859,3,1,True
2026-03-26T13:57:05.823,T1,1,500,42.246,-59.4,-72.2,-12.7,175.38,638995651,638977636,96,16824,16836,15085,14598,839,3,1,True
2026-03-26T13:57:06.331,T1,1,501,42.795,-60.2,-78.4,-18.2,178.14,638995884,638977636,84,15217,14964,11719,15940,899,3,1,True
2026-03-26T13:57:06.842,T1,1,502,42.18,-59.3,-77.9,-18.6,163.6,638995622,638977636,92,16915,15051,9718,16684,894,3,1,True
2026-03-26T13:57:07.323,T1,1,503,43.034,-59.3,-73.2,-13.9,177.05,638995987,638977636,96,16809,16997,14727,15704,867,3,1,True
2026-03-26T13:57:07.832,T1,1,504,42.541,-58.2,-75.2,-16.9,152.24,638995776,638977636,100,16507,15224,14183,17311,877,3,1,True
2026-03-26T13:57:08.311,T1,1,505,42.832,-58.1,-74.2,-16.1,154.78,638995900,638977636,108,16866,16716,12680,16788,859,3,1,True
2026-03-26T13:57:08.822,T1,1,506,42.813,-58.8,-75.3,-16.5,130.06,638995893,638977636,124,16623,16127,10156,15252,840,3,1,True
2026-03-26T13:57:09.331,T1,1,507,42.692,-58.2,-75.1,-16.9,131.77,638995841,638977636,124,16199,16340,15091,18563,908,3,1,True
2026-03-26T13:57:09.811,T1,1,508,42.654,-58.0,-75.6,-17.6,138.68,638995825,638977636,116,17053,16087,10215,16823,858,3,1,True
2026-03-26T13:57:10.323,T1,1,509,42.513,-58.6,-76.3,-17.7,132.58,638995765,638977636,128,16913,16970,11089,18084,907,3,1,True
2026-03-26T13:57:10.833,T1,1,510,42.265,-58.5,-73.9,-15.4,131.05,638995659,638977636,136,16106,17823,16394,18726,920,3,1,True
2026-03-26T13:57:11.313,T1,1,511,43.071,-58.5,-76.0,-17.5,124.19,638996002,638977636,140,16100,17387,12804,18506,916,3,1,True
2026-03-26T13:57:11.851,T1,1,512,42.663,-58.7,-75.5,-16.9,151.86,638995828,638977636,108,16854,16401,10523,16249,862,3,1,True
2026-03-26T13:57:12.331,T1,1,513,42.949,-58.7,-77.4,-18.7,134.52,638995951,638977636,128,17216,17218,10185,19359,941,3,1,True
2026-03-26T13:57:12.812,T1,1,514,42.767,-58.4,-75.3,-17.0,177.32,638995872,638977636,96,17136,17023,11824,17801,893,3,1,True
2026-03-26T13:57:13.321,T1,1,515,41.796,-58.8,-73.3,-14.5,138.02,638995459,638977636,120,17295,16563,14066,16028,859,3,1,True
2026-03-26T13:57:13.831,T1,1,516,42.921,-59.1,-74.7,-15.6,143.75,638995938,638977636,116,17142,16675,11561,15799,863,3,1,True
2026-03-26T13:57:14.313,T1,1,517,42.837,-59.0,-73.1,-14.2,132.3,638995903,638977636,124,16937,16405,14268,15429,849,3,1,True
2026-03-26T13:57:14.821,T1,1,518,42.255,-58.5,-74.5,-16.0,117.4,638995654,638977636,136,17482,15967,15300,18359,910,3,1,True
2026-03-26T13:57:15.333,T1,1,519,42.556,-58.5,-72.0,-13.5,135.19,638995783,638977636,124,16617,16764,15806,15633,842,3,1,True
2026-03-26T13:57:15.812,T1,1,520,43.278,-59.0,-72.6,-13.5,145.28,638996091,638977636,116,16678,16853,15797,15740,860,3,1,True
2026-03-26T13:57:16.321,T1,1,521,41.861,-60.8,-88.2,-27.4,165.21,638995486,638977636,80,10731,13217,9196,19392,1014,3,1,True
2026-03-26T13:57:16.831,T1,1,522,42.72,-58.6,-75.9,-17.3,151.36,638995853,638977636,100,16620,15136,11344,15966,852,3,1,True
2026-03-26T13:57:17.341,T1,1,523,42.954,-58.7,-78.7,-20.0,161.81,638995953,638977636,84,17535,13592,9200,17570,898,3,1,True
2026-03-26T13:57:17.821,T1,1,524,42.133,-58.3,-75.5,-17.2,201.42,638995602,638977636,76,16375,15308,12184,16315,854,3,1,True
2026-03-26T13:57:18.331,T1,1,525,42.415,-58.0,-75.0,-17.0,146.64,638995723,638977636,116,15719,17010,15432,19107,915,3,1,True
2026-03-26T13:57:18.842,T1,1,526,43.306,-58.5,-76.5,-17.9,168.85,638996103,638977636,108,16364,18236,13725,20739,970,3,1,True
2026-03-26T13:57:19.351,T1,1,527,42.973,-58.4,-75.7,-17.3,218.93,638995960,638977636,72,16789,15763,10023,15942,845,3,1,True
2026-03-26T13:57:19.831,T1,1,528,42.33,-58.7,-77.0,-18.2,142.7,638995687,638977636,100,17219,14270,10691,16530,872,3,1,True
2026-03-26T13:57:20.401,T1,1,529,41.791,-58.9,-74.3,-15.3,221.96,638995456,638977636,76,15386,16869,15096,16500,877,3,1,True
2026-03-26T13:57:20.880,T1,1,530,42.959,-60.4,-87.9,-27.5,179.79,638995954,638977636,84,7393,15102,9214,18808,984,3,1,True
2026-03-26T13:57:21.331,T1,1,531,42.612,-58.3,-74.1,-15.8,173.61,638995806,638977636,96,16534,16667,12543,16089,847,3,1,True
2026-03-26T13:57:21.842,T1,1,532,43.034,-58.7,-77.2,-18.4,126.91,638995986,638977636,116,14676,14721,13234,16563,873,3,1,True
2026-03-26T13:57:22.351,T1,1,533,41.843,-59.7,-73.3,-13.6,184.09,638995479,638977636,96,17180,17673,14499,15923,885,3,1,True
2026-03-26T13:57:22.831,T1,1,534,43.161,-58.4,-73.0,-14.7,209.88,638996041,638977636,84,15987,17630,16101,17341,882,3,1,True
2026-03-26T13:57:23.342,T1,1,535,42.832,-60.2,-74.9,-14.7,186.75,638995901,638977636,96,19042,17928,17297,20708,1028,3,1,True
2026-03-26T13:57:23.853,T1,1,536,43.01,-58.9,-73.2,-14.3,142.07,638995976,638977636,120,15750,17048,15786,16112,866,3,1,True
2026-03-26T13:57:24.364,T1,1,537,42.832,-59.2,-74.1,-14.9,181.19,638995901,638977636,88,17016,15945,15509,16710,892,3,1,True
2026-03-26T13:57:24.871,T1,1,538,41.875,-58.7,-76.2,-17.6,171.71,638995492,638977636,96,15137,16484,12631,16936,881,3,1,True
2026-03-26T13:57:25.351,T1,1,539,42.213,-58.9,-77.5,-18.6,136.78,638995637,638977636,108,16859,14772,8762,15935,862,3,1,True
2026-03-26T13:57:25.832,T1,1,540,42.157,-59.3,-75.1,-15.8,212.0,638995613,638977636,88,17600,18656,16036,20813,996,3,1,True
2026-03-26T13:57:26.342,T1,1,541,42.809,-59.1,-76.0,-16.9,133.54,638995890,638977636,116,17006,15491,10410,15590,858,3,1,True
2026-03-26T13:57:26.851,T1,1,542,42.537,-58.7,-73.8,-15.1,145.5,638995775,638977636,112,17784,16296,15250,17579,898,3,1,True
2026-03-26T13:57:27.333,T1,1,543,42.668,-59.9,-73.1,-13.1,219.82,638995831,638977636,80,15643,17586,16560,15664,885,3,1,True
2026-03-26T13:57:27.841,T1,1,544,42.964,-60.1,-75.7,-15.6,201.74,638995957,638977636,84,13568,16946,15586,16018,900,3,1,True
2026-03-26T13:57:28.352,T1,1,545,42.546,-58.4,-74.7,-16.3,114.63,638995779,638977636,132,16883,15131,15401,17650,890,3,1,True
2026-03-26T13:57:28.860,T1,1,546,41.73,-59.3,-77.5,-18.2,129.47,638995431,638977636,116,16409,15019,9667,15798,869,3,1,True
2026-03-26T13:57:29.370,T1,1,547,42.419,-60.5,-74.7,-14.2,156.27,638995725,638977636,116,15693,18127,16275,17141,943,3,1,True
2026-03-26T13:57:29.850,T1,1,548,42.968,-58.6,-76.4,-17.8,166.09,638995959,638977636,96,16007,15945,11140,16574,868,3,1,True
2026-03-26T13:57:30.331,T1,1,549,42.429,-59.1,-75.0,-15.9,190.96,638995729,638977636,92,14952,17568,15341,17600,911,3,1,True
2026-03-26T13:57:30.840,T1,1,550,42.86,-59.4,-74.1,-14.7,164.57,638995912,638977636,104,17005,17115,13292,16019,878,3,1,True
2026-03-26T13:57:31.350,T1,1,551,43.175,-59.8,-74.7,-14.9,140.1,638996047,638977636,128,15935,17933,15661,17508,932,3,1,True
2026-03-26T13:57:31.832,T1,1,552,42.48,-60.1,-76.0,-15.9,176.82,638995751,638977636,104,16199,18389,14973,18812,975,3,1,True
2026-03-26T13:57:32.342,T1,1,553,43.02,-60.0,-76.5,-16.5,133.23,638995980,638977636,120,18523,15988,13353,18507,964,3,1,True
2026-03-26T13:57:32.851,T1,1,554,42.968,-59.6,-78.8,-19.2,172.0,638995959,638977636,104,17268,17888,10378,20833,1008,3,1,True
2026-03-26T13:57:33.361,T1,1,555,42.748,-58.7,-74.0,-15.2,159.94,638995865,638977636,108,16597,17273,14537,17165,888,3,1,True
2026-03-26T13:57:33.872,T1,1,556,42.396,-60.1,-73.5,-13.3,165.64,638995714,638977636,100,16669,16564,14698,14713,863,3,1,True
2026-03-26T13:57:34.350,T1,1,557,42.659,-59.6,-75.0,-15.4,167.83,638995827,638977636,108,18200,18126,17069,21039,1012,3,1,True
2026-03-26T13:57:34.862,T1,1,558,42.382,-59.6,-77.9,-18.4,139.43,638995709,638977636,124,16178,17289,11271,18638,953,3,1,True
2026-03-26T13:57:35.341,T1,1,559,43.259,-59.3,-76.8,-17.5,122.23,638996082,638977636,124,17256,15156,10195,16114,878,3,1,True
2026-03-26T13:57:35.851,T1,1,560,42.274,-59.1,-75.7,-16.6,163.63,638995662,638977636,112,17342,18327,15339,21000,994,3,1,True
2026-03-26T13:57:36.361,T1,1,561,42.593,-58.6,-75.0,-16.4,114.33,638995799,638977636,156,16139,17835,15398,19322,939,3,1,True
2026-03-26T13:57:36.841,T1,1,562,42.87,-58.5,-76.4,-18.0,196.16,638995917,638977636,76,15156,14908,13310,16595,866,3,1,True
2026-03-26T13:57:37.350,T1,1,563,42.842,-58.3,-75.4,-17.1,196.88,638995904,638977636,80,16771,15750,14748,18517,910,3,1,True
2026-03-26T13:57:37.860,T1,1,564,42.237,-58.3,-74.5,-16.2,136.15,638995647,638977636,116,17469,15793,13966,17460,883,3,1,True
2026-03-26T13:57:38.370,T1,1,565,42.438,-58.8,-76.1,-17.3,137.91,638995732,638977636,116,16781,15997,12161,17312,894,3,1,True
2026-03-26T13:57:38.851,T1,1,566,42.635,-59.9,-74.7,-14.8,117.53,638995817,638977636,140,17082,16454,12181,15069,868,3,1,True
2026-03-26T13:57:39.360,T1,1,567,42.654,-59.4,-74.4,-14.9,120.66,638995824,638977636,148,16440,17857,15211,17575,921,3,1,True
2026-03-26T13:57:39.842,T1,1,568,43.198,-59.4,-74.1,-14.7,161.98,638996057,638977636,104,17410,16846,12740,15749,872,3,1,True
2026-03-26T13:57:40.351,T1,1,569,42.33,-59.1,-76.0,-16.9,151.22,638995686,638977636,116,16160,17541,13172,18226,927,3,1,True
2026-03-26T13:57:40.861,T1,1,570,42.302,-58.8,-73.4,-14.5,138.01,638995675,638977636,124,17243,17113,14309,16538,875,3,1,True
2026-03-26T13:57:41.341,T1,1,571,42.851,-59.0,-74.4,-15.3,122.27,638995908,638977636,132,17689,16140,13815,16830,889,3,1,True
2026-03-26T13:57:41.851,T1,1,572,41.899,-59.1,-77.2,-18.1,130.34,638995503,638977636,128,16791,16684,11483,18387,931,3,1,True
2026-03-26T13:57:42.391,T1,1,573,42.044,-58.7,-74.5,-15.8,156.71,638995564,638977636,104,16897,16298,11591,15545,844,3,1,True
2026-03-26T13:57:42.872,T1,1,574,42.326,-58.6,-74.2,-15.5,171.34,638995685,638977636,96,16910,16449,12344,15808,850,3,1,True
2026-03-26T13:57:43.351,T1,1,575,43.193,-58.8,-74.8,-16.1,127.88,638996054,638977636,128,16186,16368,15424,17793,905,3,1,True
2026-03-26T13:57:43.861,T1,1,576,42.795,-58.8,-74.4,-15.6,132.46,638995884,638977636,124,17390,16425,12711,16433,872,3,1,True
2026-03-26T13:57:44.371,T1,1,577,42.082,-58.7,-78.6,-19.9,126.33,638995581,638977636,128,16877,16170,9550,19190,938,3,1,True
2026-03-26T13:57:44.851,T1,1,578,43.165,-58.9,-73.2,-14.2,140.7,638996042,638977636,120,16968,16884,14462,15931,862,3,1,True
2026-03-26T13:57:45.360,T1,1,579,42.645,-58.8,-77.5,-18.7,164.84,638995821,638977636,88,16748,14506,10315,16572,876,3,1,True
2026-03-26T13:57:45.901,T1,1,580,42.982,-59.0,-74.4,-15.4,151.96,638995964,638977636,104,18009,15804,16485,18709,935,3,1,True
2026-03-26T13:57:46.380,T1,1,581,42.49,-59.0,-76.6,-17.6,130.69,638995755,638977636,132,16721,17251,11496,18251,923,3,1,True
2026-03-26T13:57:46.861,T1,1,582,42.556,-59.0,-73.8,-14.8,146.07,638995782,638977636,120,16422,17528,15085,17068,895,3,1,True
2026-03-26T13:57:47.371,T1,1,583,42.677,-59.3,-76.7,-17.5,127.18,638995835,638977636,120,16847,15262,9341,15388,857,3,1,True
2026-03-26T13:57:47.881,T1,1,584,42.227,-58.8,-74.0,-15.2,116.39,638995643,638977636,140,18250,16294,16296,18864,933,3,1,True
2026-03-26T13:57:48.360,T1,1,585,43.057,-59.1,-74.1,-15.0,151.76,638995997,638977636,108,16957,16390,12643,15401,851,3,1,True
2026-03-26T13:57:48.880,T1,1,586,42.523,-58.8,-75.2,-16.4,128.11,638995768,638977636,136,16795,17423,13053,17908,910,3,1,True
2026-03-26T13:57:49.382,T1,1,587,42.706,-58.3,-76.6,-18.2,172.51,638995847,638977636,100,17173,17251,10913,19115,925,3,1,True
2026-03-26T13:57:49.862,T1,1,588,43.067,-59.3,-74.7,-15.4,148.75,638996000,638977636,108,16397,16065,11987,14808,841,3,1,True
2026-03-26T13:57:50.371,T1,1,589,42.466,-59.9,-75.0,-15.2,141.61,638995744,638977636,112,16369,15860,12098,14492,849,3,1,True
2026-03-26T13:57:50.883,T1,1,590,42.429,-59.4,-73.3,-13.9,136.36,638995728,638977636,124,16166,16909,14996,15350,860,3,1,True
2026-03-26T13:57:51.360,T1,1,591,42.982,-60.1,-76.1,-16.0,127.25,638995964,638977636,124,16844,15779,10502,14851,866,3,1,True
2026-03-26T13:57:51.874,T1,1,592,43.198,-59.8,-74.3,-14.5,143.35,638996056,638977636,116,16981,16629,12260,14855,858,3,1,True
2026-03-26T13:57:52.413,T1,1,593,42.964,-60.1,-77.5,-17.4,157.59,638995957,638977636,96,16929,15129,9248,15223,877,3,1,True
2026-03-26T13:57:52.863,T1,1,594,43.25,-60.4,-78.4,-18.0,135.42,638996078,638977636,120,14870,16250,11915,16581,925,3,1,True
2026-03-26T13:57:53.372,T1,1,595,42.513,-59.6,-78.9,-19.2,162.46,638995764,638977636,112,17720,18195,12156,22859,1058,3,1,True
2026-03-26T13:57:53.884,T1,1,596,43.24,-59.1,-77.4,-18.3,164.88,638996074,638977636,100,15871,16488,13125,18833,942,3,1,True
2026-03-26T13:57:54.363,T1,1,597,42.18,-59.2,-76.9,-17.7,136.19,638995622,638977636,108,16933,14709,10318,15783,867,3,1,True
2026-03-26T13:57:54.872,T1,1,598,42.499,-58.7,-73.4,-14.7,157.78,638995759,638977636,108,17381,17040,13927,16568,872,3,1,True
2026-03-26T13:57:55.381,T1,1,599,42.237,-58.1,-74.8,-16.7,134.83,638995647,638977636,120,18252,16180,16131,20628,954,3,1,True
2026-03-26T13:57:55.890,T1,1,600,41.838,-58.9,-76.2,-17.4,140.33,638995477,638977636,128,16515,17962,13749,19867,960,3,1,True
2026-03-26T13:57:56.400,T1,1,601,42.086,-59.2,-74.4,-15.2,176.12,638995582,638977636,96,15209,16908,15079,16249,877,3,1,True
2026-03-26T13:57:56.882,T1,1,602,42.832,-59.1,-79.0,-19.9,149.88,638995900,638977636,96,17196,14388,8637,17436,907,3,1,True
2026-03-26T13:57:57.363,T1,1,603,43.034,-58.1,-74.4,-16.3,163.23,638995987,638977636,104,17160,16976,13118,17745,883,3,1,True
2026-03-26T13:57:57.873,T1,1,604,42.659,-59.1,-76.6,-17.5,178.34,638995826,638977636,96,15726,17121,12547,17895,918,3,1,True
2026-03-26T13:57:58.388,T1,1,605,42.391,-58.3,-74.5,-16.2,167.98,638995713,638977636,108,16964,18142,16527,20787,962,3,1,True
2026-03-26T13:57:58.891,T1,1,606,41.96,-58.8,-75.8,-17.0,157.72,638995528,638977636,96,16205,15141,12620,16118,863,3,1,True
2026-03-26T13:57:59.372,T1,1,607,42.663,-59.2,-76.3,-17.0,189.93,638995829,638977636,84,16469,15954,10609,15792,867,3,1,True
2026-03-26T13:57:59.880,T1,1,608,42.335,-59.1,-75.5,-16.4,212.02,638995688,638977636,80,16522,16962,12517,16962,894,3,1,True
2026-03-26T13:58:00.392,T1,1,609,42.682,-59.5,-76.1,-16.7,188.63,638995837,638977636,84,16652,15845,9895,15123,855,3,1,True
2026-03-26T13:58:00.872,T1,1,610,43.104,-59.5,-75.8,-16.4,183.73,638996017,638977636,88,16336,16168,10492,15073,854,3,1,True
2026-03-26T13:58:01.381,T1,1,611,42.71,-58.6,-74.9,-16.3,152.33,638995849,638977636,112,15432,17061,15453,18052,907,3,1,True
2026-03-26T13:58:01.862,T1,1,612,43.278,-58.5,-78.4,-19.8,155.24,638996090,638977636,96,17491,14903,9268,18421,914,3,1,True
2026-03-26T13:58:02.372,T1,1,613,42.48,-59.0,-76.9,-17.9,174.22,638995751,638977636,96,17822,16725,10086,18426,929,3,1,True
2026-03-26T13:58:02.883,T1,1,614,42.889,-59.8,-75.2,-15.4,154.91,638995925,638977636,112,15470,17350,14823,16828,912,3,1,True
2026-03-26T13:58:03.390,T1,1,615,42.321,-59.2,-77.2,-18.0,157.62,638995683,638977636,104,17136,16393,11813,18527,939,3,1,True
2026-03-26T13:58:03.873,T1,1,616,41.95,-59.2,-79.5,-20.3,180.88,638995524,638977636,84,16937,15194,9265,18768,943,3,1,True
2026-03-26T13:58:04.381,T1,1,617,42.57,-59.2,-76.6,-17.4,191.58,638995789,638977636,84,13644,16093,14827,16892,895,3,1,True
2026-03-26T13:58:04.890,T1,1,618,42.133,-59.4,-77.3,-17.9,172.98,638995603,638977636,80,14733,13838,13909,15823,874,3,1,True
2026-03-26T13:58:05.401,T1,1,619,42.56,-58.7,-75.4,-16.7,193.61,638995785,638977636,80,15709,15489,14178,16603,874,3,1,True
2026-03-26T13:58:05.912,T1,1,620,42.246,-59.9,-75.9,-16.0,168.4,638995651,638977636,100,14991,16840,14699,16710,912,3,1,True
2026-03-26T13:58:06.452,T1,1,621,42.105,-59.0,-79.9,-20.8,160.76,638995591,638977636,88,16741,14147,8242,17657,910,3,1,True
2026-03-26T13:58:06.930,T1,1,622,42.959,-58.7,-77.3,-18.5,229.5,638995955,638977636,68,15896,15606,11218,17070,886,3,1,True
2026-03-26T13:58:07.380,T1,1,623,42.696,-59.9,-74.8,-14.9,224.99,638995843,638977636,76,16743,17099,17212,18553,962,3,1,True
2026-03-26T13:58:07.891,T1,1,624,43.114,-58.8,-77.9,-19.2,151.35,638996021,638977636,96,16204,14530,11125,17131,889,3,1,True
2026-03-26T13:58:08.400,T1,1,625,42.401,-58.2,-79.2,-20.9,177.12,638995717,638977636,84,15107,14878,8891,17135,872,3,1,True
2026-03-26T13:58:08.880,T1,1,626,42.011,-59.4,-77.5,-18.1,182.96,638995550,638977636,92,15383,16832,12285,17857,928,3,1,True
2026-03-26T13:58:09.390,T1,1,627,42.068,-59.3,-78.2,-19.0,201.65,638995574,638977636,84,14679,16939,12784,18836,948,3,1,True
2026-03-26T13:58:09.929,T1,1,628,42.237,-59.8,-79.7,-20.0,145.34,638995646,638977636,108,15792,15697,9256,17608,933,3,1,True
2026-03-26T13:58:10.412,T1,1,629,42.532,-59.2,-77.6,-18.4,160.39,638995772,638977636,104,17519,16681,11099,19290,956,3,1,True
2026-03-26T13:58:10.892,T1,1,630,42.002,-58.6,-74.4,-15.8,150.9,638995547,638977636,108,16505,16297,12272,15627,844,3,1,True
2026-03-26T13:58:11.399,T1,1,631,42.274,-59.6,-73.2,-13.6,111.36,638995662,638977636,148,16674,16482,14697,14993,855,3,1,True
2026-03-26T13:58:11.910,T1,1,632,43.17,-59.7,-80.5,-20.8,140.88,638996044,638977636,96,14748,13524,12361,17739,935,3,1,True
2026-03-26T13:58:12.393,T1,1,633,42.879,-59.1,-77.9,-18.7,158.07,638995921,638977636,112,17186,17704,10450,19986,972,3,1,True
2026-03-26T13:58:12.903,T1,1,634,43.184,-59.5,-75.3,-15.9,166.75,638996051,638977636,100,17462,16675,14224,17926,931,3,1,True
2026-03-26T13:58:13.411,T1,1,635,42.799,-59.1,-76.4,-17.2,172.12,638995886,638977636,88,17404,15147,10638,16194,875,3,1,True
2026-03-26T13:58:13.892,T1,1,636,42.921,-58.7,-72.4,-13.7,239.89,638995938,638977636,72,16581,17272,15927,16225,863,3,1,True
2026-03-26T13:58:14.399,T1,1,637,42.462,-59.6,-74.5,-14.9,184.68,638995742,638977636,88,17867,16252,14050,16714,902,3,1,True
2026-03-26T13:58:14.940,T1,1,638,41.904,-58.7,-78.4,-19.7,145.93,638995505,638977636,92,16677,13426,8286,15682,847,3,1,True
2026-03-26T13:58:15.390,T1,1,639,42.283,-58.2,-72.9,-14.7,220.55,638995666,638977636,76,16821,16762,14185,16089,844,3,1,True
2026-03-26T13:58:15.901,T1,1,640,42.405,-58.6,-77.1,-18.4,202.9,638995718,638977636,80,16492,16232,10518,17626,897,3,1,True
2026-03-26T13:58:16.411,T1,1,641,42.105,-60.3,-78.6,-18.4,145.57,638995591,638977636,96,16735,13975,8157,14715,867,3,1,True
2026-03-26T13:58:16.892,T1,1,642,43.278,-57.5,-77.6,-20.1,182.71,638996091,638977636,84,16816,15348,9397,18570,884,3,1,True
2026-03-26T13:58:17.400,T1,1,643,43.287,-58.7,-75.2,-16.5,188.65,638996095,638977636,88,17674,16601,11532,17155,887,3,1,True
2026-03-26T13:58:17.911,T1,1,644,42.996,-59.9,-74.1,-14.2,167.5,638995971,638977636,100,18680,16750,17629,19096,976,3,1,True
2026-03-26T13:58:18.390,T1,1,645,43.287,-58.4,-78.0,-19.7,138.13,638996095,638977636,104,16830,14366,9130,16988,873,3,1,True
2026-03-26T13:58:18.901,T1,1,646,43.264,-59.5,-74.5,-15.0,180.12,638996084,638977636,92,16701,16571,11301,14652,844,3,1,True
2026-03-26T13:58:19.413,T1,1,647,43.193,-59.5,-73.4,-13.9,183.55,638996054,638977636,92,17243,16887,13894,15441,865,3,1,True
2026-03-26T13:58:19.891,T1,1,648,42.949,-59.5,-76.9,-17.4,186.7,638995950,638977636,96,16747,17923,11478,18640,950,3,1,True
2026-03-26T13:58:20.400,T1,1,649,42.889,-58.2,-73.0,-14.7,183.21,638995925,638977636,92,17027,16855,14680,16640,860,3,1,True
2026-03-26T13:58:20.912,T1,1,650,42.518,-58.9,-75.3,-16.4,194.25,638995767,638977636,92,15977,17871,14532,18606,931,3,1,True
2026-03-26T13:58:21.393,T1,1,651,42.973,-58.8,-75.0,-16.2,162.87,638995961,638977636,100,16748,16287,11185,15664,851,3,1,True
2026-03-26T13:58:21.900,T1,1,652,43.029,-59.2,-72.2,-13.0,160.7,638995984,638977636,104,16485,16713,15961,15105,847,3,1,True
2026-03-26T13:58:22.410,T1,1,653,42.874,-58.8,-74.1,-15.3,173.53,638995919,638977636,104,16030,18047,16891,18997,938,3,1,True
2026-03-26T13:58:22.951,T1,1,654,41.997,-59.3,-74.4,-15.1,164.11,638995545,638977636,100,17020,16411,12388,15374,858,3,1,True
2026-03-26T13:58:23.400,T1,1,655,43.146,-59.7,-72.4,-12.7,139.95,638996034,638977636,124,16219,17354,16294,15210,864,3,1,True
2026-03-26T13:58:23.910,T1,1,656,42.593,-59.2,-73.5,-14.3,155.14,638995799,638977636,116,16550,17996,16121,17544,914,3,1,True
2026-03-26T13:58:24.421,T1,1,657,42.668,-58.8,-76.8,-18.0,164.37,638995830,638977636,108,16698,17752,11498,19252,942,3,1,True
2026-03-26T13:58:24.900,T1,1,658,42.898,-58.9,-74.8,-15.9,144.56,638995928,638977636,108,17512,15613,15074,17814,911,3,1,True
2026-03-26T13:58:25.414,T1,1,659,42.541,-59.1,-76.2,-17.1,142.71,638995777,638977636,108,17323,15413,10487,16071,872,3,1,True
2026-03-26T13:58:25.920,T1,1,660,42.476,-59.1,-74.0,-14.9,188.45,638995748,638977636,88,16740,16584,12512,15210,847,3,1,True
2026-03-26T13:58:26.401,T1,1,661,42.71,-59.1,-76.8,-17.7,153.97,638995849,638977636,112,13722,17245,15456,18774,942,3,1,True
2026-03-26T13:58:26.941,T1,1,662,42.917,-58.7,-75.7,-16.9,143.29,638995937,638977636,116,17058,16622,14108,18839,931,3,1,True
2026-03-26T13:58:27.455,T1,1,663,42.391,-59.3,-76.7,-17.4,153.02,638995712,638977636,108,17987,16526,10384,17885,924,3,1,True
2026-03-26T13:58:27.900,T1,1,664,42.588,-59.0,-74.4,-15.4,177.93,638995796,638977636,96,15997,17081,14875,16992,891,3,1,True
2026-03-26T13:58:28.411,T1,1,665,43.165,-58.5,-79.0,-20.5,166.89,638996042,638977636,88,16775,14686,9118,18261,909,3,1,True
2026-03-26T13:58:28.948,T1,1,666,43.165,-58.7,-77.9,-19.2,187.8,638996043,638977636,80,16818,15024,9280,17145,886,3,1,True
2026-03-26T13:58:29.401,T1,1,667,42.274,-58.9,-76.6,-17.7,166.32,638995663,638977636,92,17172,15301,14490,19151,945,3,1,True
2026-03-26T13:58:29.909,T1,1,668,43.006,-59.0,-78.2,-19.2,180.67,638995974,638977636,84,16801,15176,9129,17123,896,3,1,True
2026-03-26T13:58:30.421,T1,1,669,42.959,-58.7,-77.3,-18.6,172.19,638995954,638977636,96,16660,16530,12019,19165,938,3,1,True
2026-03-26T13:58:30.929,T1,1,670,41.983,-58.5,-75.3,-16.8,185.22,638995538,638977636,88,16553,16299,14638,18305,911,3,1,True
2026-03-26T13:58:31.412,T1,1,671,42.856,-58.5,-79.8,-21.3,152.93,638995911,638977636,96,17721,14681,8552,20066,953,3,1,True
2026-03-26T13:58:31.920,T1,1,672,43.343,-58.6,-76.7,-18.1,176.12,638996119,638977636,88,16528,15499,13183,18263,912,3,1,True
2026-03-26T13:58:32.400,T1,1,673,42.41,-59.2,-76.2,-17.0,198.89,638995720,638977636,84,15131,16707,13870,17286,907,3,1,True
2026-03-26T13:58:32.909,T1,1,674,43.043,-58.6,-76.3,-17.7,165.11,638995991,638977636,92,16187,15190,13598,17556,893,3,1,True
2026-03-26T13:58:33.421,T1,1,675,43.456,-71.6,-74.8,-3.2,197.61,638996167,638977636,92,18151,18180,16803,8984,1002,1,1,False
2026-03-26T13:58:33.900,T1,1,676,42.607,-59.2,-76.2,-17.0,173.51,638995804,638977636,100,16773,17351,12754,18381,935,3,1,True
2026-03-26T13:58:34.410,T1,1,677,42.49,-58.6,-77.2,-18.6,174.31,638995754,638977636,100,15108,17431,13458,19667,948,3,1,True
2026-03-26T13:58:34.920,T1,1,678,42.959,-58.7,-78.8,-20.1,154.52,638995955,638977636,92,17179,14216,10269,18372,919,3,1,True
2026-03-26T13:58:35.400,T1,1,679,43.423,-58.0,-78.4,-20.5,157.05,638996152,638977636,100,16194,15705,9959,19096,912,3,1,True
2026-03-26T13:58:35.909,T1,1,680,41.932,-58.9,-77.0,-18.2,210.26,638995516,638977636,84,17351,17662,11844,20170,967,3,1,True
2026-03-26T13:58:36.419,T1,1,681,42.973,-58.8,-77.4,-18.6,178.61,638995960,638977636,88,16344,15718,10792,17379,897,3,1,True
2026-03-26T13:58:36.930,T1,1,682,42.781,-58.3,-78.3,-19.9,154.12,638995879,638977636,96,17652,14796,12178,20539,958,3,1,True
2026-03-26T13:58:37.411,T1,1,683,43.207,-58.1,-76.3,-18.3,179.95,638996061,638977636,96,16366,17275,14103,20598,951,3,1,True
2026-03-26T13:58:37.920,T1,1,684,43.226,-58.5,-77.1,-18.6,162.38,638996068,638977636,104,15355,16887,13191,19105,930,3,1,True
2026-03-26T13:58:38.431,T1,1,685,42.283,-59.0,-75.9,-16.9,168.07,638995667,638977636,100,15451,16807,14201,17711,912,3,1,True
2026-03-26T13:58:38.911,T1,1,686,43.01,-58.4,-78.3,-20.0,151.31,638995977,638977636,100,16913,15131,10297,18808,918,3,1,True
2026-03-26T13:58:39.450,T1,1,687,42.541,-58.0,-78.7,-20.7,157.51,638995777,638977636,96,17918,15121,10288,20906,957,3,1,True
2026-03-26T13:58:39.929,T1,1,688,42.865,-58.5,-77.5,-19.0,160.62,638995915,638977636,104,17694,16704,10261,19774,947,3,1,True
2026-03-26T13:58:40.411,T1,1,689,43.17,-58.4,-76.6,-18.2,169.43,638996044,638977636,104,16059,17621,14731,21004,972,3,1,True
2026-03-26T13:58:40.923,T1,1,690,43.081,-58.6,-76.5,-17.8,165.09,638996007,638977636,104,16756,17169,12578,19188,936,3,1,True
2026-03-26T13:58:41.431,T1,1,691,42.917,-58.3,-76.6,-18.3,157.55,638995937,638977636,112,15493,17646,14621,20638,959,3,1,True
2026-03-26T13:58:41.911,T1,1,692,43.479,-58.4,-77.5,-19.1,161.53,638996177,638977636,92,14392,14861,14720,18392,909,3,1,True
2026-03-26T13:58:42.421,T1,1,693,42.251,-59.1,-76.8,-17.8,169.39,638995653,638977636,100,13294,16939,15445,18272,927,3,1,True
2026-03-26T13:58:42.931,T1,1,694,42.434,-58.7,-75.7,-16.9,198.41,638995730,638977636,88,13291,17460,16388,18442,921,3,1,True
2026-03-26T13:58:43.440,T1,1,695,43.015,-58.6,-76.0,-17.4,172.48,638995979,638977636,96,17366,16558,10933,17647,897,3,1,True
2026-03-26T13:58:43.921,T1,1,696,42.781,-57.8,-78.4,-20.6,175.07,638995879,638977636,92,16385,16106,10144,19958,927,3,1,True
2026-03-26T13:58:44.431,T1,1,697,42.086,-58.8,-76.2,-17.3,172.86,638995582,638977636,96,16445,16595,11542,17158,891,3,1,True
2026-03-26T13:58:44.939,T1,1,698,42.874,-58.3,-76.1,-17.8,186.99,638995919,638977636,96,16697,17951,14654,21241,973,3,1,True
2026-03-26T13:58:45.420,T1,1,699,42.912,-58.5,-76.6,-18.1,155.63,638995934,638977636,92,15051,14318,14987,17506,890,3,1,True
2026-03-26T13:58:45.930,T1,1,700,42.696,-58.8,-78.2,-19.4,176.02,638995843,638977636,96,17594,16898,10506,20534,975,3,1,True
2026-03-26T13:58:46.445,T1,1,701,43.268,-58.4,-76.7,-18.3,187.89,638996087,638977636,92,17088,17286,11986,19843,944,3,1,True
2026-03-26T13:58:46.951,T1,1,702,42.152,-59.1,-76.4,-17.3,169.5,638995611,638977636,92,16192,15594,13734,17493,907,3,1,True
2026-03-26T13:58:47.429,T1,1,703,42.147,-58.4,-78.3,-19.9,157.67,638995609,638977636,96,17065,15136,11091,19347,933,3,1,True
2026-03-26T13:58:47.982,T1,1,704,43.297,-58.4,-78.1,-19.7,158.86,638996098,638977636,100,15594,15886,10677,18189,904,3,1,True
2026-03-26T13:58:48.421,T1,1,705,42.893,-58.5,-76.0,-17.5,171.4,638995927,638977636,88,15309,15083,14668,17302,886,3,1,True
2026-03-26T13:58:48.930,T1,1,706,42.541,-58.4,-79.4,-21.0,172.48,638995776,638977636,88,14059,15178,9558,16905,872,3,1,True
2026-03-26T13:58:49.442,T1,1,707,43.39,-58.6,-78.3,-19.7,161.31,638996138,638977636,100,16456,16131,10886,19304,937,3,1,True
2026-03-26T13:58:49.949,T1,1,708,42.434,-58.7,-76.4,-17.7,186.56,638995730,638977636,96,17345,17910,13636,20892,979,3,1,True
2026-03-26T13:58:50.429,T1,1,709,42.673,-58.9,-78.6,-19.6,177.6,638995832,638977636,88,14153,15629,10699,16519,878,3,1,True
2026-03-26T13:58:50.969,T1,1,710,42.349,-58.7,-80.7,-22.0,132.42,638995695,638977636,104,17916,13772,7936,19952,957,3,1,True
2026-03-26T13:58:51.448,T1,1,711,42.612,-59.1,-76.6,-17.5,188.68,638995807,638977636,92,17526,17359,12041,19239,952,3,1,True
2026-03-26T13:58:51.960,T1,1,712,42.696,-59.0,-78.3,-19.3,159.44,638995842,638977636,100,14541,15944,10776,16850,888,3,1,True
2026-03-26T13:58:52.440,T1,1,713,42.903,-58.5,-76.5,-18.0,172.03,638995931,638977636,96,14723,16515,14149,18295,909,3,1,True
2026-03-26T13:58:52.951,T1,1,714,42.551,-58.5,-81.1,-22.6,129.25,638995781,638977636,104,17559,13442,8026,20172,955,3,1,True
2026-03-26T13:58:53.431,T1,1,715,43.451,-58.8,-79.0,-20.2,160.0,638996164,638977636,96,15096,15360,9273,16913,883,3,1,True
2026-03-26T13:58:53.942,T1,1,716,42.579,-58.7,-75.7,-17.0,174.95,638995793,638977636,100,13813,17495,16015,18571,923,3,1,True
2026-03-26T13:58:54.455,T1,1,717,42.631,-58.4,-77.3,-18.8,174.27,638995814,638977636,92,16570,16033,11306,18479,912,3,1,True
2026-03-26T13:58:54.931,T1,1,718,43.053,-58.7,-76.3,-17.6,164.45,638995994,638977636,96,17824,15787,13676,19337,943,3,1,True
2026-03-26T13:58:55.438,T1,1,719,42.631,-58.8,-72.9,-14.2,209.59,638995815,638977636,80,16691,16767,15188,16050,860,3,1,True
2026-03-26T13:58:55.952,T1,1,720,42.068,-58.8,-77.3,-18.4,164.88,638995575,638977636,100,15724,16488,10418,17124,890,3,1,True
2026-03-26T13:58:56.459,T1,1,721,42.687,-59.1,-74.3,-15.3,180.86,638995839,638977636,92,15288,16639,15500,16459,880,3,1,True
2026-03-26T13:58:56.939,T1,1,722,42.274,-58.9,-75.4,-16.5,161.75,638995662,638977636,100,16217,16175,14126,17320,897,3,1,True
2026-03-26T13:58:57.456,T1,1,723,42.696,-58.5,-74.7,-16.2,138.4,638995843,638977636,112,17652,15501,15429,18484,914,3,1,True
2026-03-26T13:58:57.960,T1,1,724,42.659,-58.8,-75.0,-16.2,201.38,638995826,638977636,84,16949,16916,12378,17006,886,3,1,True
2026-03-26T13:58:58.439,T1,1,725,42.602,-58.9,-74.1,-15.2,172.26,638995803,638977636,96,16500,16537,12289,15213,840,3,1,True
2026-03-26T13:58:58.949,T1,1,726,42.251,-59.5,-75.7,-16.2,177.2,638995652,638977636,92,16829,16302,10190,15243,861,3,1,True
2026-03-26T13:58:59.459,T1,1,727,43.207,-59.6,-73.3,-13.7,175.85,638996060,638977636,96,16987,16882,14089,15130,860,3,1,True
2026-03-26T13:58:59.940,T1,1,728,42.551,-59.4,-77.7,-18.3,172.17,638995781,638977636,96,16254,16528,9682,17068,905,3,1,True
2026-03-26T13:59:00.450,T1,1,729,43.053,-58.9,-75.2,-16.2,160.44,638995995,638977636,100,17388,16044,14707,18190,920,3,1,True
2026-03-26T13:59:00.959,T1,1,730,42.054,-58.2,-76.1,-17.9,199.8,638995568,638977636,84,16091,16783,11409,17619,885,3,1,True
2026-03-26T13:59:01.469,T1,1,731,43.437,-59.4,-78.4,-19.0,131.22,638996158,638977636,104,16708,13647,8611,15335,859,3,1,True
2026-03-26T13:59:01.948,T1,1,732,42.654,-59.0,-75.0,-16.1,197.18,638995825,638977636,84,16336,16563,12317,16021,866,3,1,True
2026-03-26T13:59:02.459,T1,1,733,43.067,-59.8,-74.6,-14.8,179.39,638996000,638977636,92,16746,16504,12081,14834,856,3,1,True
2026-03-26T13:59:02.938,T1,1,734,43.648,-58.6,-73.7,-15.1,201.62,638996248,638977636,84,16836,16936,13389,16249,861,3,1,True
2026-03-26T13:59:03.451,T1,1,735,42.063,-59.0,-75.1,-16.1,173.56,638995573,638977636,96,17328,16662,11852,16610,883,3,1,True
2026-03-26T13:59:03.960,T1,1,736,42.72,-59.1,-74.3,-15.2,150.64,638995852,638977636,116,17988,17474,16676,19777,965,3,1,True
2026-03-26T13:59:04.473,T1,1,737,43.442,-58.3,-77.3,-19.0,166.24,638996160,638977636,100,16040,16624,10263,18149,899,3,1,True
2026-03-26T13:59:04.948,T1,1,738,42.082,-59.7,-77.0,-17.3,206.74,638995580,638977636,84,16510,17366,11331,17752,933,3,1,True
2026-03-26T13:59:05.459,T1,1,739,42.574,-59.5,-73.2,-13.7,199.16,638995791,638977636,88,16190,17526,15919,16173,885,3,1,True
2026-03-26T13:59:05.968,T1,1,740,42.232,-58.4,-75.9,-17.5,184.03,638995644,638977636,88,17213,16195,9817,16742,868,3,1,True
2026-03-26T13:59:06.450,T1,1,741,42.208,-58.6,-76.0,-17.4,155.81,638995634,638977636,100,17996,15581,13633,19050,932,3,1,True
2026-03-26T13:59:06.959,T1,1,742,42.274,-58.8,-72.6,-13.8,188.73,638995663,638977636,88,16394,16608,15735,15695,851,3,1,True
2026-03-26T13:59:07.470,T1,1,743,43.142,-58.3,-76.7,-18.5,165.39,638996033,638977636,96,16317,15877,9755,16781,864,3,1,True
2026-03-26T13:59:07.949,T1,1,744,43.414,-58.1,-75.5,-17.4,171.82,638996148,638977636,92,17393,15807,11199,17149,869,3,1,True
2026-03-26T13:59:08.460,T1,1,745,42.443,-58.1,-75.0,-17.0,156.63,638995734,638977636,104,17544,16290,12771,18136,892,3,1,True
2026-03-26T13:59:08.997,T1,1,746,43.034,-58.1,-76.3,-18.2,178.84,638995986,638977636,88,17200,15738,12513,18781,908,3,1,True
2026-03-26T13:59:09.479,T1,1,747,43.292,-58.7,-77.8,-19.2,162.94,638996097,638977636,88,17187,14339,8841,16594,872,3,1,True
2026-03-26T13:59:09.959,T1,1,748,42.856,-59.1,-75.4,-16.4,161.24,638995911,638977636,100,18414,16124,14518,19154,949,3,1,True
2026-03-26T13:59:10.470,T1,1,749,42.982,-59.8,-78.1,-18.3,164.34,638995965,638977636,92,16841,15119,9738,16400,901,3,1,True
2026-03-26T13:59:10.985,T1,1,750,42.668,-60.2,-78.4,-18.2,124.69,638995830,638977636,112,17047,13965,7997,14722,866,3,1,True
2026-03-26T13:59:11.459,T1,1,751,42.176,-58.9,-76.2,-17.3,171.8,638995620,638977636,96,15480,16493,13268,17345,897,3,1,True
2026-03-26T13:59:11.969,T1,1,752,42.973,-58.3,-76.9,-18.6,166.28,638995960,638977636,96,15223,15963,11731,17195,876,3,1,True
2026-03-26T13:59:12.478,T1,1,753,42.523,-60.0,-75.0,-15.0,186.7,638995769,638977636,88,16865,16430,10689,14410,849,3,1,True
2026-03-26T13:59:12.990,T1,1,754,42.621,-59.9,-75.6,-15.7,205.45,638995810,638977636,84,15614,17258,14010,16639,911,3,1,True
2026-03-26T13:59:13.470,T1,1,755,42.912,-59.2,-75.9,-16.7,177.7,638995934,638977636,92,16758,16348,12417,16959,898,3,1,True
2026-03-26T13:59:13.979,T1,1,756,42.302,-59.0,-76.4,-17.4,147.43,638995675,638977636,100,17398,14743,12230,17032,893,3,1,True
2026-03-26T13:59:14.490,T1,1,757,43.245,-58.6,-75.3,-16.7,172.25,638996077,638977636,96,17438,16536,10856,16797,876,3,1,True
2026-03-26T13:59:14.968,T1,1,758,43.02,-58.7,-74.5,-15.9,153.86,638995981,638977636,100,16572,15386,15572,17207,887,3,1,True
2026-03-26T13:59:15.479,T1,1,759,42.405,-58.7,-75.6,-17.0,180.62,638995719,638977636,92,17592,16617,10863,17341,891,3,1,True
2026-03-26T13:59:15.989,T1,1,760,42.359,-58.8,-76.3,-17.5,150.3,638995699,638977636,112,17877,16834,10835,18423,922,3,1,True
2026-03-26T13:59:16.469,T1,1,761,42.616,-57.9,-76.3,-18.4,195.78,638995809,638977636,76,17430,14879,11635,17933,883,3,1,True
2026-03-26T13:59:16.981,T1,1,762,42.738,-58.5,-73.8,-15.3,192.57,638995861,638977636,84,17070,16176,14047,16429,862,3,1,True
2026-03-26T13:59:17.490,T1,1,763,43.212,-58.2,-73.8,-15.6,218.52,638996062,638977636,80,16530,17482,15234,18142,896,3,1,True
2026-03-26T13:59:17.969,T1,1,764,42.926,-58.6,-74.9,-16.3,168.86,638995941,638977636,96,16917,16211,12087,16397,863,3,1,True
2026-03-26T13:59:18.480,T1,1,765,42.87,-58.6,-74.6,-16.0,216.92,638995916,638977636,76,14573,16486,14354,15938,851,3,1,True
2026-03-26T13:59:18.996,T1,1,766,42.851,-58.7,-74.6,-15.8,178.31,638995908,638977636,88,17775,15691,14024,17257,891,3,1,True
2026-03-26T13:59:19.468,T1,1,767,42.57,-57.7,-75.5,-17.7,170.89,638995789,638977636,92,17929,15722,14321,20117,928,3,1,True
2026-03-26T13:59:19.979,T1,1,768,42.748,-58.5,-74.1,-15.5,210.1,638995865,638977636,80,16852,16808,13012,16414,863,3,1,True
2026-03-26T13:59:20.489,T1,1,769,43.01,-58.6,-76.9,-18.3,197.52,638995976,638977636,80,17259,15802,9111,17031,880,3,1,True
2026-03-26T13:59:20.968,T1,1,770,42.222,-58.5,-74.3,-15.8,197.17,638995641,638977636,84,16700,16562,12003,15847,848,3,1,True
2026-03-26T13:59:21.477,T1,1,771,43.705,-59.3,-74.9,-15.6,202.7,638996273,638977636,84,15862,17027,13610,16296,883,3,1,True
2026-03-26T13:59:21.988,T1,1,772,42.621,-58.3,-75.1,-16.8,162.05,638995810,638977636,100,17503,16205,14527,19049,921,3,1,True
2026-03-26T13:59:22.469,T1,1,773,42.818,-59.4,-76.1,-16.7,165.37,638995895,638977636,104,16664,17198,11965,17353,914,3,1,True
2026-03-26T13:59:22.978,T1,1,774,42.241,-57.1,-76.5,-19.5,188.91,638995648,638977636,88,17298,16624,10356,20002,905,3,1,True
2026-03-26T13:59:23.489,T1,1,775,43.348,-59.1,-75.1,-16.0,164.83,638996120,638977636,96,18220,15824,15149,18653,938,3,1,True
2026-03-26T13:59:23.970,T1,1,776,42.307,-59.0,-76.2,-17.2,186.12,638995677,638977636,92,15332,17123,12991,17430,904,3,1,True
2026-03-26T13:59:24.480,T1,1,777,42.701,-57.7,-76.9,-19.2,187.36,638995845,638977636,84,16084,15738,11171,18082,881,3,1,True
2026-03-26T13:59:24.988,T1,1,778,43.648,-58.1,-73.9,-15.8,227.76,638996248,638977636,72,16398,16399,14287,16843,861,3,1,True
2026-03-26T13:59:25.470,T1,1,779,42.41,-57.3,-74.3,-17.0,200.86,638995720,638977636,76,17018,15265,15507,18845,886,3,1,True
2026-03-26T13:59:25.980,T1,1,780,42.405,-57.6,-78.3,-20.7,185.86,638995719,638977636,80,17087,14869,9408,19129,903,3,1,True
2026-03-26T13:59:26.489,T1,1,781,42.307,-57.5,-74.5,-17.0,219.69,638995676,638977636,80,15417,17575,15167,19195,900,3,1,True
2026-03-26T13:59:27.026,T1,1,782,42.499,-57.8,-74.3,-16.5,204.36,638995758,638977636,80,16814,16349,13245,17357,865,3,1,True
2026-03-26T13:59:27.479,T1,1,783,42.889,-58.3,-75.2,-16.9,158.58,638995924,638977636,100,18270,15858,14765,19725,938,3,1,True
2026-03-26T13:59:27.989,T1,1,784,42.476,-57.4,-76.1,-18.6,142.74,638995748,638977636,108,17525,15416,11943,19009,894,3,1,True
2026-03-26T13:59:28.498,T1,1,785,42.612,-60.1,-79.6,-19.5,209.64,638995806,638977636,80,12348,16771,14567,18954,977,3,1,True
2026-03-26T13:59:28.979,T1,1,786,42.846,-59.4,-75.4,-16.0,133.51,638995907,638977636,124,17499,16555,11240,16324,885,3,1,True
2026-03-26T13:59:29.518,T1,1,787,41.782,-58.1,-71.6,-13.5,141.56,638995452,638977636,120,16759,16987,16030,16044,839,3,1,True
2026-03-26T13:59:30.027,T1,1,788,42.565,-59.6,-73.7,-14.1,193.41,638995786,638977636,92,15484,17794,16578,16803,905,3,1,True
2026-03-26T13:59:30.478,T1,1,789,41.997,-57.9,-73.2,-15.3,211.06,638995545,638977636,80,16469,16885,14181,16573,849,3,1,True
2026-03-26T13:59:30.988,T1,1,790,42.701,-59.1,-74.1,-15.1,219.09,638995844,638977636,76,15906,16651,14285,15877,864,3,1,True
2026-03-26T13:59:31.498,T1,1,791,42.326,-58.4,-76.3,-17.9,187.88,638995684,638977636,96,16422,18036,13125,20199,953,3,1,True
2026-03-26T13:59:32.007,T1,1,792,42.354,-59.3,-77.2,-17.9,248.53,638995696,638977636,72,16987,17894,11144,19295,959,3,1,True
2026-03-26T13:59:32.547,T1,1,793,42.706,-59.1,-73.9,-14.7,160.53,638995847,638977636,100,17445,16053,13782,15892,866,3,1,True
2026-03-26T13:59:32.999,T1,1,794,42.382,-59.1,-74.5,-15.4,165.74,638995708,638977636,100,17371,16574,11817,15848,865,3,1,True
2026-03-26T13:59:33.510,T1,1,795,42.86,-59.7,-77.9,-18.2,155.65,638995913,638977636,88,16645,13697,7688,14090,832,3,1,True
2026-03-26T13:59:33.987,T1,1,796,42.495,-58.5,-75.5,-17.0,170.75,638995756,638977636,96,17305,16392,10842,16918,874,3,1,True
2026-03-26T13:59:34.500,T1,1,797,42.401,-58.4,-75.4,-17.0,187.02,638995717,638977636,88,17371,16458,10678,16952,872,3,1,True
2026-03-26T13:59:35.008,T1,1,798,42.054,-58.6,-75.4,-16.8,186.33,638995569,638977636,88,17486,16397,11091,17031,881,3,1,True
2026-03-26T13:59:35.490,T1,1,799,43.081,-58.9,-74.1,-15.3,232.85,638996007,638977636,72,17175,16765,13688,16715,881,3,1,True
2026-03-26T13:59:35.999,T1,1,800,42.48,-59.2,-74.9,-15.8,198.68,638995750,638977636,84,17419,16689,12628,16815,892,3,1,True
2026-03-26T13:59:36.508,T1,1,801,42.495,-58.8,-74.5,-15.7,152.02,638995756,638977636,108,17339,16418,11782,15979,860,3,1,True
2026-03-26T13:59:36.990,T1,1,802,42.79,-59.4,-75.1,-15.7,179.78,638995882,638977636,96,16936,17259,12712,16844,900,3,1,True
2026-03-26T13:59:37.500,T1,1,803,42.11,-59.0,-79.0,-20.0,162.21,638995592,638977636,92,17452,14923,8855,18367,928,3,1,True
2026-03-26T13:59:38.009,T1,1,804,42.743,-59.6,-76.9,-17.3,187.1,638995863,638977636,92,17577,17213,13067,19519,977,3,1,True
2026-03-26T13:59:38.488,T1,1,805,42.743,-62.8,-89.7,-26.9,41.3,638995862,638977636,64,13387,2643,2370,12307,866,3,1,True
2026-03-26T13:59:38.997,T1,1,806,42.312,-59.6,-73.1,-13.5,222.5,638995678,638977636,76,16432,16910,14146,14631,845,3,1,True
2026-03-26T13:59:39.511,T1,1,807,42.846,-60.3,-93.0,-32.8,28.71,638995906,638977636,92,10157,2641,5094,22493,1073,3,1,True
2026-03-26T13:59:40.021,T1,1,808,42.302,-59.1,-76.4,-17.3,137.4,638995675,638977636,124,16983,17037,13662,19240,954,3,1,True
2026-03-26T13:59:40.497,T1,1,809,42.227,-58.9,-75.8,-16.9,209.01,638995642,638977636,80,17532,16721,11219,17443,901,3,1,True
2026-03-26T13:59:41.014,T1,1,810,42.865,-58.6,-72.1,-13.5,199.18,638995915,638977636,84,16318,16731,16396,15747,847,3,1,True
2026-03-26T13:59:41.517,T1,1,811,42.668,-58.7,-77.5,-18.8,144.17,638995831,638977636,108,16914,15570,10825,18017,909,3,1,True
2026-03-26T13:59:41.997,T1,1,812,42.968,-58.4,-73.7,-15.4,199.09,638995959,638977636,88,17006,17520,14010,17471,885,3,1,True
2026-03-26T13:59:42.508,T1,1,813,43.175,-57.8,-76.1,-18.3,190.96,638996046,638977636,92,17614,17568,10354,19632,920,3,1,True
2026-03-26T13:59:43.020,T1,1,814,42.471,-58.1,-74.0,-15.9,209.24,638995747,638977636,80,17573,16739,12949,17304,874,3,1,True
2026-03-26T13:59:43.499,T1,1,815,43.081,-58.4,-73.5,-15.1,184.88,638996007,638977636,92,17278,17009,13787,16856,869,3,1,True
2026-03-26T13:59:44.007,T1,1,816,42.11,-57.6,-73.6,-16.0,214.73,638995593,638977636,84,17077,18037,15302,19610,913,3,1,True
2026-03-26T13:59:44.518,T1,1,817,42.889,-57.3,-75.9,-18.6,214.9,638995924,638977636,80,17840,17192,10027,19673,905,3,1,True
2026-03-26T13:59:44.998,T1,1,818,42.419,-58.0,-72.4,-14.4,223.46,638995724,638977636,76,16451,16983,15614,16525,850,3,1,True
2026-03-26T13:59:45.509,T1,1,819,42.602,-57.9,-72.8,-14.9,220.46,638995802,638977636,76,16590,16755,14542,16348,842,3,1,True
2026-03-26T13:59:46.018,T1,1,820,42.79,-57.9,-73.0,-15.1,221.01,638995883,638977636,76,16881,16797,14325,16748,852,3,1,True
2026-03-26T13:59:46.499,T1,1,821,42.373,-55.9,-75.1,-19.1,206.83,638995705,638977636,72,16748,14892,13279,19409,858,3,1,True
2026-03-26T13:59:47.038,T1,1,822,43.104,-56.0,-77.0,-21.0,200.5,638996016,638977636,84,16283,16842,11601,22309,920,3,1,True
2026-03-26T13:59:47.519,T1,1,823,42.996,-56.1,-73.5,-17.4,196.38,638995971,638977636,84,17912,16496,15198,20902,896,3,1,True
2026-03-26T13:59:47.997,T1,1,824,42.893,-57.7,-72.1,-14.4,206.2,638995926,638977636,80,16848,16496,15613,16516,841,3,1,True
2026-03-26T13:59:48.507,T1,1,825,43.132,-56.8,-75.1,-18.3,212.11,638996029,638977636,76,17200,16120,10505,17982,850,3,1,True
2026-03-26T13:59:49.017,T1,1,826,42.631,-57.0,-76.5,-19.5,188.3,638995814,638977636,80,17029,15064,9663,17908,854,3,1,True
2026-03-26T13:59:49.497,T1,1,827,42.265,-57.0,-75.5,-18.5,227.65,638995659,638977636,72,16994,16391,9854,17914,854,3,1,True
2026-03-26T13:59:50.007,T1,1,828,42.419,-57.0,-75.1,-18.1,195.49,638995725,638977636,92,16938,17985,12826,20668,918,3,1,True
2026-03-26T13:59:50.546,T1,1,829,41.843,-58.0,-72.7,-14.7,174.41,638995479,638977636,96,16443,16743,14147,15850,831,3,1,True
2026-03-26T13:59:50.997,T1,1,830,42.363,-57.8,-74.2,-16.4,212.71,638995701,638977636,72,17156,15315,15365,18111,884,3,1,True
2026-03-26T13:59:51.506,T1,1,831,42.532,-57.6,-72.8,-15.2,209.5,638995773,638977636,80,16564,16760,14325,16636,840,3,1,True
2026-03-26T13:59:52.017,T1,1,832,42.856,-57.4,-72.5,-15.1,201.52,638995910,638977636,84,16980,16928,14795,17190,849,3,1,True
2026-03-26T13:59:52.513,T1,1,833,43.456,-57.5,-74.8,-17.3,195.38,638996167,638977636,84,16012,16412,14898,18892,893,3,1,True
2026-03-26T13:59:53.007,T1,1,834,42.537,-57.5,-75.9,-18.4,168.65,638995775,638977636,100,15787,16865,12911,19034,896,3,1,True
2026-03-26T13:59:53.518,T1,1,835,43.198,-57.1,-74.6,-17.5,206.66,638996056,638977636,80,17471,16533,11466,18162,863,3,1,True
2026-03-26T13:59:54.029,T1,1,836,42.434,-57.3,-74.8,-17.5,192.51,638995731,638977636,88,17198,16941,11174,18037,867,3,1,True
2026-03-26T13:59:54.506,T1,1,837,42.574,-57.9,-75.8,-17.9,182.29,638995790,638977636,80,16743,14583,12556,17099,862,3,1,True
2026-03-26T13:59:55.016,T1,1,838,42.265,-57.2,-74.6,-17.4,179.72,638995658,638977636,92,16887,16534,11095,17264,845,3,1,True
2026-03-26T13:59:55.499,T1,1,839,42.34,-57.3,-73.9,-16.7,194.33,638995690,638977636,92,16753,17878,14358,19444,899,3,1,True
2026-03-26T13:59:56.007,T1,1,840,42.251,-56.8,-73.4,-16.5,179.47,638995652,638977636,92,18217,16511,16486,20947,919,3,1,True
2026-03-26T13:59:56.518,T1,1,841,42.396,-57.7,-76.3,-18.6,181.2,638995714,638977636,84,16923,15221,9198,16600,843,3,1,True
2026-03-26T13:59:57.029,T1,1,842,42.269,-57.7,-72.0,-14.4,193.4,638995661,638977636,88,16862,17019,15408,16682,845,3,1,True
2026-03-26T13:59:57.507,T1,1,843,42.659,-57.5,-73.5,-16.0,174.75,638995826,638977636,96,16965,16776,13451,17264,854,3,1,True
2026-03-26T13:59:58.018,T1,1,844,42.044,-57.5,-74.8,-17.3,208.94,638995565,638977636,84,15962,17551,14678,19569,909,3,1,True
2026-03-26T13:59:58.529,T1,1,845,42.724,-57.1,-74.1,-17.0,204.56,638995855,638977636,88,16857,18001,14497,20243,912,3,1,True
2026-03-26T13:59:59.007,T1,1,846,42.499,-57.7,-73.2,-15.5,187.47,638995758,638977636,88,17186,16497,13918,16923,851,3,1,True
2026-03-26T13:59:59.517,T1,1,847,42.537,-57.6,-74.5,-16.8,218.43,638995774,638977636,76,16584,16601,11675,16783,845,3,1,True
2026-03-26T14:00:00.026,T1,1,848,43.02,-57.6,-73.8,-16.3,197.71,638995980,638977636,84,17765,16608,14274,18663,890,3,1,True
2026-03-26T14:00:00.506,T1,1,849,43.025,-57.7,-73.6,-16.0,202.29,638995982,638977636,80,17490,16183,14378,17797,872,3,1,True
2026-03-26T14:00:01.018,T1,1,850,43.114,-59.0,-73.9,-14.9,230.57,638996020,638977636,72,17108,16601,13452,16034,866,3,1,True
2026-03-26T14:00:01.530,T1,1,851,42.903,-58.1,-74.0,-15.9,188.32,638995931,638977636,88,17034,16572,12813,16711,858,3,1,True
2026-03-26T14:00:02.007,T1,1,852,42.968,-59.7,-77.5,-17.8,217.14,638995959,638977636,80,17153,17371,12043,19316,976,3,1,True
2026-03-26T14:00:02.516,T1,1,853,42.34,-56.6,-75.1,-18.6,200.35,638995691,638977636,80,17696,16028,13942,21015,912,3,1,True
2026-03-26T14:00:03.028,T1,1,854,42.147,-58.1,-74.4,-16.3,201.57,638995609,638977636,84,16622,16932,14502,18156,894,3,1,True
2026-03-26T14:00:03.537,T1,1,855,42.133,-58.4,-73.9,-15.5,193.23,638995602,638977636,88,16163,17004,16018,17939,898,3,1,True
2026-03-26T14:00:04.018,T1,1,856,42.837,-59.8,-78.8,-19.1,210.64,638995903,638977636,64,16531,13481,7814,14718,852,3,1,True
2026-03-26T14:00:04.528,T1,1,857,43.09,-61.9,-92.1,-30.2,46.42,638996010,638977636,92,12476,4271,2533,21324,1105,3,1,True
2026-03-26T14:00:05.036,T1,1,858,43.156,-60.2,-90.4,-30.2,47.41,638996038,638977636,88,13224,4172,2467,17983,956,3,1,True
2026-03-26T14:00:05.519,T1,1,859,42.584,-57.9,-75.3,-17.4,218.14,638995794,638977636,76,17396,16579,10233,17314,866,3,1,True
2026-03-26T14:00:06.028,T1,1,860,42.255,-58.3,-75.4,-17.1,198.51,638995654,638977636,84,17275,16675,10656,17191,875,3,1,True
2026-03-26T14:00:06.537,T1,1,861,42.959,-59.0,-75.4,-16.4,227.97,638995955,638977636,72,16103,16414,13091,16616,881,3,1,True
2026-03-26T14:00:07.019,T1,1,862,43.236,-89.4,-74.3,15.1,231.51,638996072,638977636,76,17174,17595,12352,1629,883,1,1,False
2026-03-26T14:00:07.528,T1,1,863,42.162,-59.1,-75.8,-16.7,156.68,638995615,638977636,96,16964,15041,11371,15519,856,3,1,True
2026-03-26T14:00:08.039,T1,1,864,41.979,-59.5,-73.6,-14.1,230.68,638995537,638977636,72,16567,16609,13082,14583,841,3,1,True
2026-03-26T14:00:08.517,T1,1,865,42.523,-58.4,-74.7,-16.3,165.16,638995769,638977636,100,17168,16516,11245,16303,856,3,1,True
2026-03-26T14:00:09.028,T1,1,866,42.021,-59.4,-76.5,-17.2,219.68,638995555,638977636,76,13762,16696,15336,17561,919,3,1,True
2026-03-26T14:00:09.537,T1,1,867,42.649,-58.6,-73.6,-15.1,199.18,638995823,638977636,84,17229,16731,13005,16099,855,3,1,True
2026-03-26T14:00:10.017,T1,1,868,43.297,-59.5,-74.2,-14.7,205.82,638996099,638977636,80,16412,16466,11955,14434,836,3,1,True
2026-03-26T14:00:10.526,T1,1,869,42.162,-59.5,-86.1,-26.5,109.11,638995615,638977636,96,13436,10475,10487,19096,963,3,1,True
2026-03-26T14:00:11.037,T1,1,870,42.752,-60.1,-74.0,-13.9,172.95,638995866,638977636,96,17197,16603,12607,14505,857,3,1,True
2026-03-26T14:00:11.576,T1,1,871,42.283,-59.4,-76.3,-16.8,158.6,638995667,638977636,112,17265,17763,10511,17637,923,3,1,True
2026-03-26T14:00:12.028,T1,1,872,42.007,-58.1,-72.6,-14.5,203.02,638995549,638977636,84,17052,17054,14931,16768,859,3,1,True
2026-03-26T14:00:12.538,T1,1,873,43.564,-59.9,-73.8,-13.9,187.7,638996212,638977636,92,17471,17268,12570,15183,870,3,1,True
2026-03-26T14:00:13.048,T1,1,874,43.32,-58.4,-74.7,-16.2,182.28,638996109,638977636,92,16502,16770,12891,16867,872,3,1,True
2026-03-26T14:00:13.557,T1,1,875,42.72,-58.6,-75.4,-16.8,164.37,638995852,638977636,100,16648,16437,10668,16116,857,3,1,True
2026-03-26T14:00:14.036,T1,1,876,42.18,-61.5,-77.5,-15.9,153.05,638995623,638977636,124,18594,18978,13470,20309,1065,3,1,True
2026-03-26T14:00:14.546,T1,1,877,42.743,-58.9,-73.8,-14.9,227.64,638995863,638977636,72,17373,16390,14017,16394,872,3,1,True
2026-03-26T14:00:15.085,T1,1,878,42.11,-60.2,-78.4,-18.3,226.5,638995592,638977636,72,18112,16308,9283,18315,965,3,1,True
2026-03-26T14:00:15.567,T1,1,879,42.715,-63.4,-86.9,-23.5,193.26,638995850,638977636,80,3353,15461,15387,18831,1093,3,1,True
2026-03-26T14:00:16.077,T1,1,880,43.01,-62.5,-89.4,-27.0,150.18,638995977,638977636,88,9750,13216,8224,20819,1113,3,1,True
2026-03-26T14:00:16.646,T1,1,881,42.776,-59.1,-75.8,-16.7,179.83,638995877,638977636,96,15228,17264,13376,17167,899,3,1,True
2026-03-26T14:00:17.037,T1,1,882,42.115,-63.6,-90.2,-26.6,19.43,638995594,638977636,68,14892,1321,4034,16367,1027,3,1,True
2026-03-26T14:00:17.549,T1,1,883,42.584,-58.4,-74.6,-16.2,226.83,638995794,638977636,72,17421,16332,11874,16600,865,3,1,True
2026-03-26T14:00:18.059,T1,1,884,43.02,-58.3,-75.1,-16.7,228.97,638995981,638977636,76,13380,17402,16706,18456,908,3,1,True
2026-03-26T14:00:18.537,T1,1,885,43.048,-58.2,-74.1,-15.9,163.65,638995993,638977636,100,18069,16365,15735,19290,925,3,1,True
2026-03-26T14:00:19.078,T1,1,886,42.898,-59.0,-77.9,-18.9,155.62,638995928,638977636,92,16803,14317,9790,16402,877,3,1,True
2026-03-26T14:00:19.558,T1,1,887,43.423,-59.0,-74.8,-15.7,194.95,638996152,638977636,84,17200,16376,11925,15973,866,3,1,True
2026-03-26T14:00:20.037,T1,1,888,42.973,-58.6,-75.5,-16.9,194.3,638995960,638977636,84,16636,16321,11237,16447,866,3,1,True
2026-03-26T14:00:20.548,T1,1,889,42.41,-58.4,-76.0,-17.7,184.29,638995720,638977636,84,17886,15480,14620,19988,947,3,1,True
2026-03-26T14:00:21.062,T1,1,890,42.663,-58.1,-79.2,-21.1,166.39,638995829,638977636,84,17526,13977,10607,20138,941,3,1,True
2026-03-26T14:00:21.536,T1,1,891,42.856,-57.9,-76.1,-18.2,194.86,638995910,638977636,80,16270,15589,14307,19059,911,3,1,True
2026-03-26T14:00:22.046,T1,1,892,42.856,-57.8,-75.7,-17.9,249.93,638995910,638977636,72,15301,17995,16010,21442,960,3,1,True
2026-03-26T14:00:22.556,T1,1,893,41.927,-58.9,-74.5,-15.7,206.08,638995515,638977636,84,17479,17311,12688,17234,894,3,1,True
2026-03-26T14:00:23.065,T1,1,894,42.208,-56.7,-76.4,-19.7,223.26,638995634,638977636,76,16472,16968,11391,20489,904,3,1,True
2026-03-26T14:00:23.576,T1,1,895,42.382,-57.7,-76.0,-18.3,219.87,638995708,638977636,76,16961,16710,11903,19135,905,3,1,True
2026-03-26T14:00:24.060,T1,1,896,43.071,-57.6,-73.3,-15.7,224.04,638996003,638977636,76,17179,17027,13889,17578,863,3,1,True
2026-03-26T14:00:24.574,T1,1,897,42.072,-57.5,-77.4,-19.9,197.65,638995577,638977636,80,15545,15812,10616,18211,878,3,1,True
2026-03-26T14:00:25.046,T1,1,898,43.578,-57.4,-76.1,-18.7,178.42,638996219,638977636,92,17146,16415,10975,18964,892,3,1,True
2026-03-26T14:00:25.556,T1,1,899,42.204,-58.0,-76.1,-18.1,199.24,638995632,638977636,84,17409,16736,11523,19125,913,3,1,True
2026-03-26T14:00:26.066,T1,1,900,42.79,-58.9,-74.7,-15.8,142.58,638995882,638977636,112,16936,15969,15090,17437,901,3,1,True
2026-03-26T14:00:26.548,T1,1,901,42.49,-58.1,-73.8,-15.7,206.79,638995754,638977636,80,17097,16543,13846,17066,866,3,1,True
2026-03-26T14:00:27.093,T1,1,902,42.64,-57.9,-77.1,-19.2,171.82,638995818,638977636,96,15668,16495,11047,18363,892,3,1,True
2026-03-26T14:00:27.566,T1,1,903,42.03,-57.8,-76.0,-18.2,163.44,638995558,638977636,104,16236,16998,13960,20085,930,3,1,True
2026-03-26T14:00:28.048,T1,1,904,42.443,-59.4,-77.7,-18.4,168.68,638995734,638977636,88,17579,14844,12697,18719,948,3,1,True
2026-03-26T14:00:28.568,T1,1,905,42.495,-58.2,-74.5,-16.4,220.82,638995757,638977636,76,16831,16782,12928,17304,875,3,1,True
2026-03-26T14:00:29.067,T1,1,906,43.437,-59.0,-79.4,-20.4,180.4,638996158,638977636,92,16164,16597,11701,21037,994,3,1,True
2026-03-26T14:00:29.575,T1,1,907,42.621,-57.2,-73.1,-15.9,211.68,638995811,638977636,80,16804,16934,14472,17765,857,3,1,True
2026-03-26T14:00:30.085,T1,1,908,42.443,-57.0,-73.8,-16.9,211.02,638995734,638977636,84,16254,17726,15612,20117,905,3,1,True
2026-03-26T14:00:30.568,T1,1,909,42.523,-57.1,-76.1,-19.0,164.58,638995768,638977636,92,16947,15141,10388,17651,852,3,1,True
2026-03-26T14:00:31.077,T1,1,910,42.354,-57.5,-76.7,-19.2,193.16,638995696,638977636,88,15468,16998,11634,19007,897,3,1,True
2026-03-26T14:00:31.587,T1,1,911,43.104,-56.8,-74.2,-17.3,227.19,638996017,638977636,72,17217,16358,11973,17867,849,3,1,True
2026-03-26T14:00:32.066,T1,1,912,42.33,-61.3,-94.8,-33.5,85.93,638995686,638977636,68,4542,5843,4930,18131,997,3,1,True
2026-03-26T14:00:32.575,T1,1,913,41.997,-62.3,-86.6,-24.3,149.82,638995545,638977636,92,9679,13783,14259,19898,1082,3,1,True
2026-03-26T14:00:33.117,T1,1,914,42.171,-57.7,-74.4,-16.7,195.89,638995619,638977636,88,17949,17238,16264,21374,955,3,1,True
2026-03-26T14:00:33.595,T1,1,915,42.626,-57.8,-75.0,-17.2,215.05,638995812,638977636,80,15721,17204,13369,18068,883,3,1,True
2026-03-26T14:00:34.076,T1,1,916,42.265,-58.0,-77.1,-19.1,167.45,638995658,638977636,96,16373,16075,10735,18285,895,3,1,True
2026-03-26T14:00:34.585,T1,1,917,42.485,-56.7,-76.0,-19.4,191.75,638995752,638977636,88,17034,16874,14593,22901,955,3,1,True
2026-03-26T14:00:35.065,T1,1,918,42.668,-59.0,-85.1,-26.1,133.86,638995831,638977636,96,12986,12851,8155,18549,933,3,1,True
2026-03-26T14:00:35.579,T1,1,919,42.945,-57.8,-78.0,-20.2,187.28,638995948,638977636,92,16157,17230,10177,20378,936,3,1,True
2026-03-26T14:00:36.086,T1,1,920,43.104,-58.9,-76.9,-18.0,193.64,638996016,638977636,80,17386,15491,10636,17371,898,3,1,True
2026-03-26T14:00:36.595,T1,1,921,43.128,-60.0,-77.6,-17.6,199.33,638996026,638977636,84,17937,16744,11380,18798,971,3,1,True
2026-03-26T14:00:37.106,T1,1,922,42.462,-59.4,-76.9,-17.5,193.27,638995743,638977636,80,17983,15462,12583,18430,941,3,1,True
2026-03-26T14:00:37.587,T1,1,923,42.752,-57.7,-74.4,-16.6,189.1,638995866,638977636,96,17944,18154,16807,22493,982,3,1,True
2026-03-26T14:00:38.067,T1,1,924,42.495,-57.5,-74.1,-16.6,230.0,638995757,638977636,76,16665,17480,14371,18963,894,3,1,True
2026-03-26T14:00:38.576,T1,1,925,42.795,-57.9,-73.9,-16.0,221.12,638995884,638977636,80,15558,17690,15885,18541,898,3,1,True
2026-03-26T14:00:39.088,T1,1,926,42.832,-57.1,-76.6,-19.5,171.72,638995901,638977636,88,17360,15111,9895,18393,870,3,1,True
2026-03-26T14:00:39.567,T1,1,927,42.495,-58.4,-75.0,-16.6,204.74,638995756,638977636,80,16571,16379,11654,16271,855,3,1,True
2026-03-26T14:00:40.078,T1,1,928,42.007,-58.5,-78.0,-19.4,197.75,638995548,638977636,84,16078,16611,12475,20147,956,3,1,True
2026-03-26T14:00:40.594,T1,1,929,42.208,-58.5,-75.7,-17.2,176.93,638995634,638977636,100,18102,17693,15232,21896,994,3,1,True
2026-03-26T14:00:41.097,T1,1,930,42.982,-57.2,-75.3,-18.1,180.02,638995964,638977636,92,16479,16562,10698,17623,854,3,1,True
2026-03-26T14:00:41.575,T1,1,931,42.635,-58.2,-83.2,-25.0,91.51,638995817,638977636,100,16975,9151,10865,21032,964,3,1,True
2026-03-26T14:00:42.087,T1,1,932,42.776,-56.6,-73.9,-17.3,151.41,638995877,638977636,108,18274,16352,16992,22453,945,3,1,True
2026-03-26T14:00:42.567,T1,1,933,43.095,-58.1,-73.5,-15.4,231.71,638996013,638977636,72,16640,16683,13825,16497,853,3,1,True
2026-03-26T14:00:43.077,T1,1,934,43.128,-58.4,-74.0,-15.7,188.42,638996027,638977636,92,17301,17335,13737,17756,892,3,1,True
2026-03-26T14:00:43.586,T1,1,935,42.274,-63.8,-91.7,-27.9,115.39,638995663,638977636,72,1360,8308,8418,13377,934,3,1,True
2026-03-26T14:00:44.098,T1,1,936,42.162,-56.7,-75.3,-18.6,198.93,638995614,638977636,84,16148,16710,13497,19939,893,3,1,True
2026-03-26T14:00:44.575,T1,1,937,42.917,-57.5,-77.2,-19.7,202.07,638995936,638977636,80,15053,16166,11082,18187,875,3,1,True
2026-03-26T14:00:45.086,T1,1,938,42.56,-57.2,-77.7,-20.5,226.18,638995784,638977636,72,15712,16285,10220,19336,895,3,1,True
2026-03-26T14:00:45.595,T1,1,939,42.668,-58.1,-78.1,-20.1,165.9,638995831,638977636,88,16544,14599,10742,18366,898,3,1,True
2026-03-26T14:00:46.077,T1,1,940,42.373,-58.0,-78.3,-20.3,198.14,638995705,638977636,72,16675,14266,8919,17427,872,3,1,True
2026-03-26T14:00:46.585,T1,1,941,42.541,-57.9,-75.2,-17.3,199.51,638995776,638977636,88,14474,17557,15569,19195,912,3,1,True
2026-03-26T14:00:47.096,T1,1,942,43.381,-57.6,-75.1,-17.5,173.58,638996135,638977636,100,15713,17358,15246,19912,921,3,1,True
2026-03-26T14:00:47.575,T1,1,943,42.903,-58.2,-77.1,-18.9,177.14,638995931,638977636,92,17441,16297,9920,18815,913,3,1,True
2026-03-26T14:00:48.085,T1,1,944,42.818,-58.3,-87.6,-29.3,107.79,638995895,638977636,96,14383,10348,6596,20625,959,3,1,True
2026-03-26T14:00:48.598,T1,1,945,42.668,-60.1,-78.3,-18.2,186.5,638995830,638977636,92,19098,17158,11585,21300,1036,3,1,True
2026-03-26T14:00:49.135,T1,1,946,43.043,-56.8,-73.1,-16.2,217.22,638995991,638977636,76,16799,16509,15004,18262,858,3,1,True
2026-03-26T14:00:49.586,T1,1,947,42.316,-57.9,-75.2,-17.3,158.8,638995681,638977636,104,16084,16515,15177,19243,914,3,1,True
2026-03-26T14:00:50.098,T1,1,948,43.681,-59.6,-73.4,-13.8,195.88,638996263,638977636,84,15853,16454,14963,14733,848,3,1,True
2026-03-26T14:00:50.608,T1,1,949,42.363,-58.5,-75.8,-17.3,225.33,638995701,638977636,76,17480,17125,12101,18783,921,3,1,True
2026-03-26T14:00:51.090,T1,1,950,42.982,-57.0,-74.7,-17.7,217.83,638995965,638977636,76,17061,16555,11798,18271,864,3,1,True
2026-03-26T14:00:51.597,T1,1,951,42.063,-60.1,-94.4,-34.2,27.47,638995573,638977636,88,10453,2417,2204,27089,1171,3,1,True
2026-03-26T14:00:52.076,T1,1,952,43.043,-58.4,-75.4,-17.0,166.68,638995990,638977636,92,16315,15335,13061,16620,864,3,1,True
2026-03-26T14:00:52.585,T1,1,953,42.724,-57.5,-72.0,-14.6,197.27,638995855,638977636,84,16985,16571,15481,16733,840,3,1,True
2026-03-26T14:00:53.126,T1,1,954,43.494,-61.6,-74.9,-13.4,186.53,638996182,638977636,100,17690,18653,15519,17305,984,3,1,True
2026-03-26T14:00:53.609,T1,1,955,42.813,-59.9,-92.2,-32.3,43.79,638995893,638977636,72,9970,3153,2812,16329,903,3,1,True
2026-03-26T14:00:54.087,T1,1,956,43.067,-57.4,-72.6,-15.2,199.48,638996000,638977636,88,16564,17554,16182,18396,879,3,1,True
2026-03-26T14:00:54.595,T1,1,957,42.438,-62.1,-87.0,-24.9,148.69,638995733,638977636,68,15197,10111,7966,16908,989,3,1,True
2026-03-26T14:00:55.105,T1,1,958,42.377,-59.9,-74.5,-14.6,195.38,638995707,638977636,88,17389,17193,11683,15311,874,3,1,True
2026-03-26T14:00:55.585,T1,1,959,42.176,-57.4,-73.9,-16.6,177.45,638995620,638977636,100,15424,17745,16081,19445,902,3,1,True
2026-03-26T14:00:56.096,T1,1,960,42.767,-61.1,-90.9,-29.8,26.72,638995872,638977636,72,12573,1924,5019,17842,983,3,1,True
2026-03-26T14:00:56.604,T1,1,961,43.081,-58.5,-76.0,-17.5,229.6,638996006,638977636,68,17836,15613,14010,19360,935,3,1,True
2026-03-26T14:00:57.085,T1,1,962,42.612,-59.3,-74.6,-15.3,197.27,638995806,638977636,80,18183,15782,15916,18230,935,3,1,True
2026-03-26T14:00:57.595,T1,1,963,42.992,-58.3,-75.6,-17.3,170.15,638995968,638977636,96,17276,16334,10352,16990,871,3,1,True
2026-03-26T14:00:58.105,T1,1,964,43.273,-57.9,-76.3,-18.4,168.39,638996089,638977636,100,16347,16839,12687,19313,916,3,1,True
2026-03-26T14:00:58.643,T1,1,965,41.782,-57.4,-76.0,-18.6,201.77,638995452,638977636,80,17166,16142,9145,17603,860,3,1,True
2026-03-26T14:00:59.124,T1,1,966,42.035,-56.8,-75.1,-18.3,241.94,638995560,638977636,72,14914,17420,15013,20254,903,3,1,True
2026-03-26T14:00:59.607,T1,1,967,42.79,-59.3,-78.6,-19.3,143.18,638995882,638977636,100,16359,14318,11188,17323,910,3,1,True
2026-03-26T14:01:00.116,T1,1,968,42.016,-57.2,-74.3,-17.1,129.38,638995553,638977636,136,16797,17595,14450,19904,906,3,1,True
2026-03-26T14:01:00.631,T1,1,969,42.03,-57.4,-75.4,-18.0,171.6,638995559,638977636,88,16788,15101,13986,18630,884,3,1,True
2026-03-26T14:01:01.105,T1,1,970,43.151,-56.7,-78.0,-21.3,168.68,638996036,638977636,96,16664,16193,9707,21029,918,3,1,True
2026-03-26T14:01:01.646,T1,1,971,42.954,-57.8,-74.3,-16.5,160.32,638995953,638977636,104,17273,16673,12261,17312,865,3,1,True
2026-03-26T14:01:02.127,T1,1,972,43.297,-57.3,-74.5,-17.2,144.59,638996098,638977636,124,14379,17929,17666,21084,937,3,1,True
2026-03-26T14:01:02.608,T1,1,973,42.162,-57.0,-73.6,-16.6,154.06,638995614,638977636,108,17082,16639,12933,17645,848,3,1,True
2026-03-26T14:01:03.115,T1,1,974,42.579,-57.8,-78.7,-20.8,155.62,638995793,638977636,104,15330,16185,10130,19272,913,3,1,True
2026-03-26T14:01:03.626,T1,1,975,43.334,-57.7,-73.5,-15.8,186.23,638996115,638977636,96,16359,17878,16652,19584,916,3,1,True
2026-03-26T14:01:04.106,T1,1,976,42.485,-58.0,-75.5,-17.5,175.98,638995752,638977636,88,16832,15486,13139,17721,881,3,1,True
2026-03-26T14:01:04.616,T1,1,977,42.598,-57.9,-75.7,-17.8,214.35,638995801,638977636,80,17853,17148,9279,18228,890,3,1,True
2026-03-26T14:01:05.125,T1,1,978,42.626,-58.3,-72.9,-14.7,206.07,638995813,638977636,80,15949,16486,15668,16222,850,3,1,True
2026-03-26T14:01:05.608,T1,1,979,43.465,-58.3,-73.7,-15.4,232.21,638996170,638977636,76,17614,17648,18203,21127,971,3,1,True
2026-03-26T14:01:06.146,T1,1,980,42.377,-58.4,-78.0,-19.6,213.7,638995707,638977636,84,16809,17951,10561,21188,974,3,1,True
2026-03-26T14:01:06.628,T1,1,981,42.635,-57.0,-74.3,-17.2,154.25,638995816,638977636,112,16969,17276,12900,18882,879,3,1,True
2026-03-26T14:01:07.104,T1,1,982,42.626,-57.8,-78.0,-20.2,181.18,638995813,638977636,88,17743,15944,11262,21457,962,3,1,True
2026-03-26T14:01:07.615,T1,1,983,43.048,-57.2,-74.9,-17.7,222.92,638995993,638977636,76,15933,16942,14284,19263,892,3,1,True
2026-03-26T14:01:08.125,T1,1,984,42.832,-57.1,-75.6,-18.6,180.36,638995900,638977636,88,16902,15872,10464,17798,854,3,1,True
2026-03-26T14:01:08.636,T1,1,985,42.049,-57.9,-74.2,-16.3,209.3,638995566,638977636,80,16559,16744,13186,17081,861,3,1,True
2026-03-26T14:01:09.118,T1,1,986,42.56,-60.7,-78.5,-17.8,231.16,638995784,638977636,64,13666,14794,13369,15219,896,3,1,True
2026-03-26T14:01:09.625,T1,1,987,42.884,-59.7,-74.7,-15.0,178.14,638995922,638977636,96,17023,17101,18119,19631,981,3,1,True
2026-03-26T14:01:10.134,T1,1,988,42.19,-58.2,-74.3,-16.1,202.67,638995626,638977636,84,17224,17024,13350,17697,886,3,1,True
2026-03-26T14:01:10.614,T1,1,989,42.401,-59.0,-76.9,-18.0,177.69,638995716,638977636,96,15952,17058,10999,17579,906,3,1,True
2026-03-26T14:01:11.124,T1,1,990,42.04,-59.2,-76.1,-16.9,183.84,638995563,638977636,96,15519,17649,14358,18569,939,3,1,True
2026-03-26T14:01:11.635,T1,1,991,42.438,-56.8,-74.1,-17.3,217.11,638995733,638977636,80,17087,17369,14075,19967,897,3,1,True
2026-03-26T14:01:12.116,T1,1,992,42.584,-57.4,-74.5,-17.1,194.74,638995795,638977636,88,15824,17137,14926,19032,893,3,1,True
2026-03-26T14:01:12.625,T1,1,993,42.607,-58.7,-75.1,-16.5,157.24,638995804,638977636,96,17375,15095,14055,17319,890,3,1,True
2026-03-26T14:01:13.134,T1,1,994,43.494,-58.5,-75.3,-16.8,218.24,638996182,638977636,80,14428,17459,16322,18957,926,3,1,True
2026-03-26T14:01:13.616,T1,1,995,42.283,-58.0,-74.8,-16.8,150.36,638995667,638977636,108,17126,16239,15306,19238,917,3,1,True
2026-03-26T14:01:14.125,T1,1,996,42.176,-58.2,-75.4,-17.3,209.37,638995620,638977636,84,14593,17587,15498,19206,921,3,1,True
2026-03-26T14:01:14.641,T1,1,997,43.142,-57.4,-75.6,-18.1,203.23,638996032,638977636,80,16565,16258,11134,17708,862,3,1,True
2026-03-26T14:01:15.174,T1,1,998,42.874,-57.8,-77.6,-19.8,199.3,638995919,638977636,80,15349,15944,10047,17683,874,3,1,True
2026-03-26T14:01:15.626,T1,1,999,42.18,-57.5,-76.5,-19.0,146.18,638995623,638977636,108,16366,15787,12402,19051,897,3,1,True
2026-03-26T14:01:16.144,T1,1,1000,42.673,-56.7,-76.7,-20.0,180.42,638995832,638977636,84,17038,15155,10375,19051,873,3,1,True
2026-03-26T14:01:16.646,T1,1,1001,42.846,-58.3,-76.0,-17.7,169.72,638995907,638977636,100,17029,16972,12215,18816,916,3,1,True
2026-03-26T14:01:17.128,T1,1,1002,43.146,-58.6,-74.6,-16.1,184.03,638996035,638977636,96,14430,17667,16542,18373,914,3,1,True
2026-03-26T14:01:17.635,T1,1,1003,42.359,-57.8,-77.5,-19.7,154.02,638995699,638977636,104,16725,16018,9741,18842,901,3,1,True
2026-03-26T14:01:18.146,T1,1,1004,42.898,-57.9,-74.7,-16.8,199.86,638995928,638977636,84,16589,16788,13800,18160,888,3,1,True
2026-03-26T14:01:18.653,T1,1,1005,43.043,-57.4,-74.7,-17.3,203.45,638995990,638977636,88,15745,17904,15884,20662,931,3,1,True
2026-03-26T14:01:19.165,T1,1,1006,43.128,-57.9,-77.5,-19.6,158.72,638996026,638977636,100,15470,15872,10710,17851,881,3,1,True
2026-03-26T14:01:19.645,T1,1,1007,42.546,-57.2,-74.3,-17.1,164.01,638995778,638977636,108,16027,17713,16118,20692,924,3,1,True
2026-03-26T14:01:20.125,T1,1,1008,42.799,-57.1,-75.5,-18.3,221.62,638995886,638977636,76,16092,16843,12712,19077,886,3,1,True
2026-03-26T14:01:20.635,T1,1,1009,42.176,-58.3,-75.3,-17.0,166.14,638995621,638977636,100,16565,16614,12469,17451,883,3,1,True
2026-03-26T14:01:21.144,T1,1,1010,42.57,-57.4,-76.0,-18.6,157.05,638995789,638977636,96,17502,15077,12350,18957,891,3,1,True
2026-03-26T14:01:21.660,T1,1,1011,42.124,-58.0,-75.0,-17.1,173.11,638995598,638977636,92,17423,15926,14919,19340,918,3,1,True
2026-03-26T14:01:22.134,T1,1,1012,43.25,-58.2,-76.6,-18.4,148.18,638996079,638977636,104,16441,15411,9870,16486,855,3,1,True
2026-03-26T14:01:22.649,T1,1,1013,41.988,-58.0,-74.8,-16.8,174.74,638995540,638977636,92,16728,16076,13235,17377,870,3,1,True
2026-03-26T14:01:23.155,T1,1,1014,43.325,-57.2,-74.9,-17.6,193.15,638996110,638977636,88,16608,16997,15638,20894,930,3,1,True
2026-03-26T14:01:23.635,T1,1,1015,42.945,-57.3,-76.4,-19.1,160.58,638995949,638977636,100,16207,16058,12074,19040,889,3,1,True
2026-03-26T14:01:24.173,T1,1,1016,43.01,-58.5,-74.1,-15.6,183.3,638995977,638977636,92,16553,16864,14486,17244,883,3,1,True
2026-03-26T14:01:24.657,T1,1,1017,43.292,-56.9,-79.2,-22.3,133.14,638996097,638977636,104,16839,13847,7921,19106,880,3,1,True
2026-03-26T14:01:25.135,T1,1,1018,43.395,-57.6,-76.2,-18.7,155.4,638996141,638977636,104,15884,16162,12205,18354,882,3,1,True
2026-03-26T14:01:25.645,T1,1,1019,42.495,-57.9,-77.5,-19.6,133.1,638995756,638977636,112,17376,14907,10636,18865,905,3,1,True
2026-03-26T14:01:26.164,T1,1,1020,42.185,-57.2,-76.7,-19.5,136.83,638995625,638977636,116,15972,15872,11610,18871,883,3,1,True
2026-03-26T14:01:26.636,T1,1,1021,43.161,-57.3,-78.4,-21.1,144.7,638996041,638977636,108,16405,15628,9675,19867,909,3,1,True
2026-03-26T14:01:27.146,T1,1,1022,43.184,-57.4,-74.1,-16.8,177.39,638996050,638977636,96,14158,17029,16348,18440,878,3,1,True
2026-03-26T14:01:27.660,T1,1,1023,42.537,-57.5,-75.5,-18.0,173.42,638995774,638977636,96,16942,16648,11074,18157,877,3,1,True
2026-03-26T14:01:28.136,T1,1,1024,43.362,-57.6,-75.8,-18.1,145.32,638996126,638977636,108,17407,15695,13741,19722,917,3,1,True
2026-03-26T14:01:28.644,T1,1,1025,42.438,-57.5,-74.0,-16.5,167.36,638995733,638977636,100,16201,16736,14529,17953,870,3,1,True
2026-03-26T14:01:29.153,T1,1,1026,42.823,-57.6,-77.2,-19.6,154.94,638995897,638977636,108,15404,16733,11431,19179,903,3,1,True
2026-03-26T14:01:29.664,T1,1,1027,42.598,-57.4,-75.5,-18.1,210.89,638995800,638977636,80,16169,16871,13938,19757,910,3,1,True
2026-03-26T14:01:30.145,T1,1,1028,42.616,-57.7,-77.2,-19.6,144.97,638995809,638977636,104,17312,15077,11174,19238,906,3,1,True
2026-03-26T14:01:30.654,T1,1,1029,42.527,-57.4,-76.8,-19.4,155.08,638995770,638977636,108,17915,16749,10409,20648,931,3,1,True
2026-03-26T14:01:31.168,T1,1,1030,42.335,-57.2,-75.1,-17.9,163.05,638995689,638977636,112,16605,18262,15743,22590,965,3,1,True
2026-03-26T14:01:31.644,T1,1,1031,43.123,-58.2,-76.5,-18.3,161.46,638996024,638977636,112,16412,18083,13354,20965,963,3,1,True
2026-03-26T14:01:32.183,T1,1,1032,42.349,-57.5,-76.2,-18.7,167.98,638995695,638977636,92,16737,15454,10647,17550,861,3,1,True
2026-03-26T14:01:32.664,T1,1,1033,42.546,-58.2,-73.8,-15.7,204.74,638995778,638977636,80,15645,16379,15137,16711,860,3,1,True
2026-03-26T14:01:33.146,T1,1,1034,43.057,-57.7,-74.7,-16.9,177.86,638995996,638977636,92,16777,16363,13408,17925,877,3,1,True
2026-03-26T14:01:33.653,T1,1,1035,42.959,-57.5,-77.0,-19.5,166.03,638995955,638977636,92,18120,15275,11993,20708,935,3,1,True
2026-03-26T14:01:34.167,T1,1,1036,42.898,-58.6,-73.9,-15.4,195.2,638995928,638977636,84,16063,16397,14806,16475,865,3,1,True
2026-03-26T14:01:34.676,T1,1,1037,43.17,-57.7,-78.8,-21.2,163.48,638996045,638977636,96,14862,15694,9386,18267,883,3,1,True
2026-03-26T14:01:35.156,T1,1,1038,42.823,-58.0,-76.6,-18.6,174.4,638995897,638977636,88,16684,15347,10464,17200,866,3,1,True
2026-03-26T14:01:35.665,T1,1,1039,42.41,-58.2,-78.8,-20.6,169.35,638995721,638977636,92,15502,15580,8878,17752,888,3,1,True
2026-03-26T14:01:36.174,T1,1,1040,43.071,-57.9,-77.1,-19.2,149.49,638996002,638977636,104,18208,15547,12270,20806,949,3,1,True
2026-03-26T14:01:36.654,T1,1,1041,42.692,-58.9,-78.6,-19.7,132.96,638995841,638977636,108,17318,14360,8900,17468,901,3,1,True
2026-03-26T14:01:37.168,T1,1,1042,42.996,-57.4,-77.6,-20.2,173.41,638995971,638977636,92,17223,15954,10617,20486,927,3,1,True
2026-03-26T14:01:37.679,T1,1,1043,42.335,-58.2,-75.2,-17.0,179.65,638995688,638977636,100,16074,17965,15012,19920,940,3,1,True
2026-03-26T14:01:38.183,T1,1,1044,43.053,-58.8,-74.9,-16.1,191.64,638995995,638977636,92,15388,17631,15293,18135,915,3,1,True
2026-03-26T14:01:38.666,T1,1,1045,42.401,-58.5,-75.2,-16.7,163.39,638995717,638977636,96,17417,15685,15069,18745,922,3,1,True
2026-03-26T14:01:39.176,T1,1,1046,42.992,-58.6,-78.5,-19.9,152.88,638995969,638977636,92,17239,14065,8857,17250,887,3,1,True
2026-03-26T14:01:39.689,T1,1,1047,42.298,-57.6,-75.9,-18.3,166.92,638995672,638977636,100,16557,16692,13006,19453,910,3,1,True
2026-03-26T14:01:40.192,T1,1,1048,42.978,-57.3,-78.6,-21.3,155.49,638995962,638977636,92,17770,14305,9626,20377,920,3,1,True
2026-03-26T14:01:40.674,T1,1,1049,43.175,-57.6,-77.8,-20.2,183.31,638996046,638977636,88,16301,16131,9364,18914,897,3,1,True
2026-03-26T14:01:41.155,T1,1,1050,43.189,-57.7,-74.9,-17.2,170.81,638996053,638977636,100,16518,17081,14539,19403,911,3,1,True
2026-03-26T14:01:41.664,T1,1,1051,42.762,-56.8,-74.6,-17.8,172.92,638995871,638977636,96,16583,16600,14438,19821,893,3,1,True
2026-03-26T14:01:42.175,T1,1,1052,42.523,-57.4,-76.8,-19.3,181.55,638995769,638977636,92,16044,16703,11385,19324,901,3,1,True
2026-03-26T14:01:42.686,T1,1,1053,42.776,-57.4,-74.8,-17.3,166.74,638995876,638977636,104,16478,17341,15479,20531,929,3,1,True
2026-03-26T14:01:43.166,T1,1,1054,42.556,-57.6,-79.4,-21.8,120.15,638995783,638977636,116,17531,13937,8041,19541,911,3,1,True
2026-03-26T14:01:43.674,T1,1,1055,42.584,-57.5,-74.4,-16.9,181.09,638995795,638977636,88,17310,15936,15211,19267,902,3,1,True
2026-03-26T14:01:44.155,T1,1,1056,43.409,-57.8,-75.5,-17.7,168.91,638996146,638977636,100,17464,16891,11487,18691,897,3,1,True
2026-03-26T14:01:44.662,T1,1,1057,42.091,-58.0,-77.9,-19.9,162.02,638995584,638977636,96,16939,15554,9004,18445,897,3,1,True
2026-03-26T14:01:45.173,T1,1,1058,42.992,-58.0,-77.1,-19.1,144.63,638995968,638977636,108,16585,15620,9869,17639,878,3,1,True
2026-03-26T14:01:45.685,T1,1,1059,43.034,-57.3,-75.7,-18.4,150.03,638995986,638977636,104,17483,15603,13093,19561,902,3,1,True
2026-03-26T14:01:46.164,T1,1,1060,42.166,-57.5,-77.0,-19.5,186.4,638995616,638977636,80,17350,14912,11129,19009,895,3,1,True
2026-03-26T14:01:46.679,T1,1,1061,42.842,-56.8,-78.3,-21.5,144.61,638995904,638977636,104,18028,15039,10314,22186,945,3,1,True
2026-03-26T14:01:47.184,T1,1,1062,42.316,-57.2,-75.7,-18.5,143.15,638995681,638977636,108,18024,15460,14860,21448,942,3,1,True
2026-03-26T14:01:47.694,T1,1,1063,42.626,-57.8,-76.2,-18.4,174.53,638995813,638977636,92,16375,16057,11317,17799,877,3,1,True
2026-03-26T14:01:48.175,T1,1,1064,43.137,-57.1,-78.2,-21.2,140.09,638996030,638977636,108,16851,15130,9689,20009,905,3,1,True
2026-03-26T14:01:48.684,T1,1,1065,42.096,-57.4,-75.8,-18.3,157.73,638995586,638977636,104,16807,16404,11901,18765,888,3,1,True
2026-03-26T14:01:49.194,T1,1,1066,42.218,-57.7,-77.3,-19.6,153.59,638995639,638977636,104,16228,15973,10040,18285,886,3,1,True
2026-03-26T14:01:49.681,T1,1,1067,43.17,-57.8,-73.9,-16.2,175.26,638996045,638977636,96,15279,16825,15814,17892,877,3,1,True
2026-03-26T14:01:50.185,T1,1,1068,42.752,-58.1,-74.7,-16.6,191.03,638995867,638977636,88,16964,16811,13759,18252,895,3,1,True
2026-03-26T14:01:50.694,T1,1,1069,42.237,-58.2,-76.8,-18.6,183.16,638995647,638977636,92,15397,16851,11715,18123,897,3,1,True
2026-03-26T14:01:51.203,T1,1,1070,41.941,-58.0,-77.6,-19.7,146.43,638995521,638977636,108,15206,15814,10696,17661,878,3,1,True
2026-03-26T14:01:51.684,T1,1,1071,43.1,-58.8,-77.2,-18.4,173.9,638996014,638977636,100,15534,17390,13083,19386,946,3,1,True
2026-03-26T14:01:52.193,T1,1,1072,42.86,-58.0,-75.5,-17.4,190.51,638995912,638977636,92,16500,17527,15961,21228,964,3,1,True
2026-03-26T14:01:52.733,T1,1,1073,42.663,-57.8,-76.0,-18.3,186.05,638995829,638977636,92,15750,17117,13117,19199,909,3,1,True
2026-03-26T14:01:53.183,T1,1,1074,43.259,-57.8,-76.8,-19.1,142.85,638996083,638977636,108,16862,15428,10351,17921,878,3,1,True
2026-03-26T14:01:53.694,T1,1,1075,42.344,-57.7,-75.2,-17.5,187.98,638995692,638977636,88,16516,16542,13266,18514,889,3,1,True
2026-03-26T14:01:54.202,T1,1,1076,42.443,-57.6,-74.6,-17.0,196.82,638995735,638977636,88,15525,17320,14892,18770,894,3,1,True
2026-03-26T14:01:54.683,T1,1,1077,43.264,-58.1,-78.0,-19.9,161.08,638996084,638977636,100,15475,16108,10505,18374,898,3,1,True
2026-03-26T14:01:55.193,T1,1,1078,43.104,-58.3,-77.3,-18.9,178.0,638996017,638977636,92,15994,16376,11094,18258,904,3,1,True
2026-03-26T14:01:55.709,T1,1,1079,42.898,-58.2,-75.9,-17.8,160.4,638995928,638977636,100,16984,16040,13479,18925,915,3,1,True
2026-03-26T14:01:56.212,T1,1,1080,42.654,-57.2,-78.4,-21.1,160.54,638995824,638977636,96,18152,15412,9757,21776,950,3,1,True
2026-03-26T14:01:56.693,T1,1,1081,42.18,-58.3,-76.8,-18.5,158.02,638995622,638977636,100,16785,15802,11060,17916,895,3,1,True
2026-03-26T14:01:57.236,T1,1,1082,42.94,-58.3,-75.3,-17.0,169.66,638995947,638977636,100,16847,16966,13070,18376,905,3,1,True
2026-03-26T14:01:57.714,T1,1,1083,42.767,-58.1,-76.3,-18.1,135.09,638995873,638977636,124,15978,16751,13069,18886,913,3,1,True
2026-03-26T14:01:58.194,T1,1,1084,43.193,-58.0,-74.7,-16.7,180.84,638996055,638977636,92,15187,16637,14786,17556,877,3,1,True
2026-03-26T14:01:58.702,T1,1,1085,42.865,-58.8,-74.3,-15.5,172.01,638995914,638977636,96,15823,16513,14872,16620,875,3,1,True
2026-03-26T14:01:59.212,T1,1,1086,42.438,-87.4,-78.9,8.5,139.7,638995732,638977636,100,17202,13970,8844,2420,897,1,1,False
2026-03-26T14:01:59.694,T1,1,1087,42.208,-57.9,-77.3,-19.4,171.01,638995634,638977636,92,15954,15733,11338,18346,892,3,1,True
2026-03-26T14:02:00.203,T1,1,1088,42.391,-57.9,-78.9,-21.0,162.92,638995712,638977636,96,15808,15640,9063,18811,904,3,1,True
2026-03-26T14:02:00.713,T1,1,1089,41.922,-58.3,-78.8,-20.5,146.99,638995513,638977636,100,17327,14699,9116,18818,916,3,1,True
2026-03-26T14:02:01.223,T1,1,1090,42.368,-58.6,-77.7,-19.1,152.19,638995702,638977636,96,17435,14610,10211,17686,898,3,1,True
2026-03-26T14:02:01.704,T1,1,1091,42.377,-58.6,-78.0,-19.4,147.02,638995706,638977636,100,17883,14702,10743,18952,929,3,1,True
2026-03-26T14:02:02.214,T1,1,1092,42.71,-58.5,-75.4,-16.9,167.81,638995849,638977636,104,16407,17452,14965,19613,941,3,1,True
2026-03-26T14:02:02.727,T1,1,1093,42.457,-58.2,-74.7,-16.5,160.45,638995740,638977636,104,16376,16687,13599,17500,880,3,1,True
2026-03-26T14:02:03.202,T1,1,1094,42.715,-58.8,-75.5,-16.6,189.48,638995850,638977636,88,16007,16674,14319,17811,908,3,1,True
2026-03-26T14:02:03.712,T1,1,1095,43.123,-58.8,-76.1,-17.4,171.73,638996024,638977636,92,16505,15799,10891,16204,865,3,1,True
2026-03-26T14:02:04.224,T1,1,1096,42.513,-59.0,-78.8,-19.8,144.81,638995765,638977636,96,17227,13902,8237,16738,886,3,1,True
2026-03-26T14:02:04.704,T1,1,1097,43.226,-58.1,-77.3,-19.1,146.47,638996068,638977636,100,17630,14647,11392,18752,909,3,1,True
2026-03-26T14:02:05.212,T1,1,1098,43.489,-58.5,-75.5,-17.0,193.84,638996180,638977636,88,15860,17058,13947,18218,907,3,1,True
2026-03-26T14:02:05.724,T1,1,1099,42.762,-57.6,-76.8,-19.3,157.96,638995871,638977636,96,17658,15164,12211,19974,920,3,1,True
2026-03-26T14:02:06.233,T1,1,1100,42.57,-57.7,-75.4,-17.7,188.47,638995788,638977636,88,15780,16585,15503,19811,921,3,1,True
2026-03-26T14:02:06.712,T1,1,1101,42.274,-58.4,-75.3,-16.9,183.21,638995662,638977636,92,13329,16855,15940,17589,888,3,1,True
2026-03-26T14:02:07.226,T1,1,1102,43.029,-57.4,-75.1,-17.7,148.67,638995984,638977636,112,16366,16651,12647,18312,876,3,1,True
2026-03-26T14:02:07.734,T1,1,1103,42.696,-58.2,-74.5,-16.3,160.63,638995843,638977636,104,16884,16706,14845,18445,904,3,1,True
2026-03-26T14:02:08.214,T1,1,1104,42.162,-58.1,-76.1,-18.0,143.55,638995614,638977636,120,18346,17226,14866,22605,997,3,1,True
2026-03-26T14:02:08.723,T1,1,1105,42.673,-59.4,-78.0,-18.6,171.27,638995833,638977636,104,16126,17812,12050,19961,979,3,1,True
2026-03-26T14:02:09.232,T1,1,1106,42.532,-58.2,-75.4,-17.2,161.22,638995773,638977636,104,18376,16767,16193,22024,988,3,1,True
2026-03-26T14:02:09.712,T1,1,1107,42.762,-58.3,-76.9,-18.6,146.7,638995871,638977636,108,18191,15844,13877,21284,975,3,1,True
2026-03-26T14:02:10.224,T1,1,1108,42.509,-58.1,-74.7,-16.6,171.32,638995762,638977636,104,16368,17817,16845,20929,960,3,1,True
2026-03-26T14:02:10.733,T1,1,1109,42.898,-57.9,-76.3,-18.4,162.37,638995928,638977636,104,17924,16886,14184,21956,976,3,1,True
2026-03-26T14:02:11.212,T1,1,1110,42.931,-57.7,-76.3,-18.6,158.53,638995943,638977636,104,16857,16487,10479,18394,886,3,1,True
2026-03-26T14:02:11.731,T1,1,1111,42.776,-57.5,-75.5,-18.0,173.41,638995877,638977636,96,17257,16647,11738,18896,893,3,1,True
2026-03-26T14:02:12.232,T1,1,1112,42.879,-57.7,-75.7,-18.0,173.55,638995920,638977636,104,15666,18049,14919,21004,947,3,1,True
2026-03-26T14:02:12.712,T1,1,1113,42.959,-58.7,-76.7,-18.0,173.53,638995954,638977636,96,16994,16659,11140,18274,916,3,1,True
2026-03-26T14:02:13.253,T1,1,1114,42.434,-59.1,-75.1,-15.9,179.99,638995731,638977636,100,15167,17999,16182,18683,940,3,1,True
2026-03-26T14:02:13.734,T1,1,1115,42.715,-58.5,-75.2,-16.7,157.63,638995850,638977636,116,18557,18285,17159,23606,1033,3,1,True
2026-03-26T14:02:14.213,T1,1,1116,43.648,-58.1,-74.4,-16.3,154.89,638996248,638977636,108,15722,16728,14706,17449,877,3,1,True
2026-03-26T14:02:14.724,T1,1,1117,42.649,-57.4,-75.5,-18.1,158.4,638995822,638977636,104,16766,16474,12286,18684,886,3,1,True
2026-03-26T14:02:15.233,T1,1,1118,42.466,-58.7,-76.5,-17.8,112.36,638995744,638977636,132,17598,14831,12866,18118,912,3,1,True
2026-03-26T14:02:15.744,T1,1,1119,42.387,-58.7,-79.5,-20.8,140.12,638995710,638977636,100,17486,14012,8160,18283,916,3,1,True
2026-03-26T14:02:16.223,T1,1,1120,42.828,-57.7,-77.9,-20.2,168.51,638995899,638977636,88,16900,14829,8998,18065,879,3,1,True
2026-03-26T14:02:16.740,T1,1,1121,43.151,-57.6,-75.4,-17.8,166.66,638996036,638977636,92,17511,15333,15330,20217,927,3,1,True
2026-03-26T14:02:17.244,T1,1,1122,42.837,-58.4,-79.0,-20.6,158.67,638995902,638977636,88,17162,13963,8202,17610,891,3,1,True
2026-03-26T14:02:17.727,T1,1,1123,42.757,-59.3,-75.5,-16.3,182.12,638995869,638977636,96,16927,17484,13110,17956,925,3,1,True
2026-03-26T14:02:18.232,T1,1,1124,42.368,-58.0,-75.7,-17.7,187.49,638995703,638977636,88,16484,16499,12074,17927,885,3,1,True
2026-03-26T14:02:18.772,T1,1,1125,42.466,-58.7,-75.3,-16.6,192.51,638995745,638977636,92,17218,17711,13083,18794,928,3,1,True
2026-03-26T14:02:19.223,T1,1,1126,43.118,-58.3,-78.3,-20.0,147.29,638996022,638977636,96,17620,14140,9890,18484,907,3,1,True
2026-03-26T14:02:19.732,T1,1,1127,42.903,-58.9,-74.9,-16.1,186.6,638995931,638977636,92,16670,17167,13348,17382,898,3,1,True
2026-03-26T14:02:20.243,T1,1,1128,43.043,-58.6,-75.1,-16.6,173.73,638995990,638977636,96,15482,16678,14576,17484,892,3,1,True
2026-03-26T14:02:20.723,T1,1,1129,42.907,-57.9,-74.5,-16.7,195.26,638995933,638977636,88,15702,17183,15045,18516,895,3,1,True
2026-03-26T14:02:21.232,T1,1,1130,43.184,-57.6,-75.2,-17.6,180.98,638996050,638977636,96,16744,17374,14803,20639,937,3,1,True
2026-03-26T14:02:21.743,T1,1,1131,42.771,-57.9,-76.1,-18.2,177.84,638995875,638977636,100,15071,17784,14755,20428,941,3,1,True
2026-03-26T14:02:22.252,T1,1,1132,42.874,-58.4,-74.4,-16.0,170.75,638995918,638977636,100,14117,17075,16153,17369,883,3,1,True
2026-03-26T14:02:22.736,T1,1,1133,43.09,-58.6,-75.2,-16.6,163.45,638996010,638977636,104,16940,16999,12615,17614,896,3,1,True
2026-03-26T14:02:23.242,T1,1,1134,42.668,-57.8,-79.0,-21.2,137.02,638995830,638977636,104,17531,14250,9100,19587,920,3,1,True
2026-03-26T14:02:23.722,T1,1,1135,42.424,-57.9,-75.0,-17.1,189.26,638995727,638977636,88,15468,16655,15180,18561,898,3,1,True
2026-03-26T14:02:24.233,T1,1,1136,42.607,-57.7,-74.1,-16.4,161.06,638995805,638977636,104,15623,16750,15146,17824,873,3,1,True
2026-03-26T14:02:24.773,T1,1,1137,43.423,-58.3,-77.3,-19.0,154.34,638996153,638977636,100,16534,15434,9708,17159,875,3,1,True
2026-03-26T14:02:25.281,T1,1,1138,43.053,-58.3,-75.2,-16.8,170.69,638995994,638977636,100,16991,17069,12554,18009,897,3,1,True
2026-03-26T14:02:25.736,T1,1,1139,42.926,-57.8,-76.2,-18.4,158.86,638995940,638977636,112,15634,17792,14586,21022,951,3,1,True
2026-03-26T14:02:26.245,T1,1,1140,42.748,-58.0,-75.1,-17.1,185.83,638995864,638977636,92,15361,17096,14495,18357,895,3,1,True
2026-03-26T14:02:26.752,T1,1,1141,42.593,-58.2,-74.6,-16.4,167.38,638995799,638977636,96,16896,16068,14130,17630,884,3,1,True
2026-03-26T14:02:27.233,T1,1,1142,42.246,-58.1,-73.8,-15.7,174.77,638995650,638977636,96,16056,16778,14770,17111,867,3,1,True
2026-03-26T14:02:27.746,T1,1,1143,43.433,-57.4,-76.3,-18.8,159.32,638996157,638977636,104,17583,16569,10893,19689,909,3,1,True
2026-03-26T14:02:28.253,T1,1,1144,42.64,-58.2,-76.3,-18.1,156.81,638995819,638977636,104,17134,16308,12414,18956,918,3,1,True
2026-03-26T14:02:28.733,T1,1,1145,42.56,-59.2,-75.1,-15.8,202.42,638995784,638977636,88,16925,17813,17149,20450,986,3,1,True
2026-03-26T14:02:29.242,T1,1,1146,42.767,-57.5,-75.9,-18.4,161.09,638995873,638977636,96,18134,15465,13481,20415,928,3,1,True
2026-03-26T14:02:29.754,T1,1,1147,42.832,-58.5,-76.2,-17.7,165.73,638995901,638977636,104,15138,17236,13202,18113,905,3,1,True
2026-03-26T14:02:30.262,T1,1,1148,42.302,-58.3,-74.9,-16.6,175.17,638995674,638977636,100,17539,17517,15713,20721,960,3,1,True
2026-03-26T14:02:30.743,T1,1,1149,42.541,-59.0,-75.2,-16.2,122.21,638995777,638977636,136,17513,16620,11424,16651,882,3,1,True
2026-03-26T14:02:31.253,T1,1,1150,43.029,-58.7,-75.8,-17.1,200.62,638995985,638977636,92,16935,18457,14353,20729,974,3,1,True
2026-03-26T14:02:31.762,T1,1,1151,42.199,-57.6,-75.1,-17.5,189.08,638995630,638977636,92,16868,17395,13033,19318,906,3,1,True
2026-03-26T14:02:32.241,T1,1,1152,42.466,-58.4,-77.1,-18.6,128.23,638995744,638977636,124,18141,15901,13830,21376,981,3,1,True
2026-03-26T14:02:32.753,T1,1,1153,42.551,-58.8,-86.7,-27.8,79.17,638995780,638977636,120,14528,9500,6702,18077,915,3,1,True
2026-03-26T14:02:33.235,T1,1,1154,42.659,-58.8,-74.1,-15.3,175.0,638995826,638977636,104,16354,18200,16508,19163,940,3,1,True
2026-03-26T14:02:33.741,T1,1,1155,42.462,-57.8,-73.0,-15.1,218.24,638995743,638977636,76,16606,16586,13778,16056,833,3,1,True
2026-03-26T14:02:34.251,T1,1,1156,42.157,-57.7,-74.3,-16.6,178.54,638995613,638977636,96,15782,17140,16138,19283,909,3,1,True
2026-03-26T14:02:34.764,T1,1,1157,43.287,-57.3,-76.0,-18.7,187.44,638996095,638977636,84,17225,15745,13085,19905,909,3,1,True
2026-03-26T14:02:35.270,T1,1,1158,43.358,-57.7,-74.1,-16.4,169.9,638996125,638977636,92,17308,15631,13863,17454,863,3,1,True
2026-03-26T14:02:35.754,T1,1,1159,43.54,-57.7,-74.7,-17.0,177.4,638996202,638977636,88,17992,15611,15387,19862,923,3,1,True
2026-03-26T14:02:36.263,T1,1,1160,43.053,-56.8,-75.5,-18.7,185.77,638995994,638977636,88,17273,16348,16154,22928,961,3,1,True
2026-03-26T14:02:36.742,T1,1,1161,42.551,-56.1,-77.2,-21.1,194.96,638995780,638977636,84,17434,16377,9585,21745,914,3,1,True
2026-03-26T14:02:37.253,T1,1,1162,42.996,-59.5,-91.8,-32.3,126.72,638995970,638977636,76,3711,9631,6450,19377,969,3,1,True
2026-03-26T14:02:37.734,T1,1,1163,43.301,-57.8,-79.6,-21.8,103.99,638996101,638977636,128,17281,13311,7965,18551,894,3,1,True
2026-03-26T14:02:38.243,T1,1,1164,42.438,-57.0,-74.6,-17.6,194.74,638995733,638977636,80,17531,15579,13739,19034,881,3,1,True
2026-03-26T14:02:38.809,T1,1,1165,42.105,-57.9,-78.9,-21.0,144.5,638995590,638977636,96,17306,13872,8770,18575,897,3,1,True
2026-03-26T14:02:39.235,T1,1,1166,43.24,-57.9,-75.9,-17.9,251.47,638996075,638977636,68,16262,17100,13027,19133,912,3,1,True
2026-03-26T14:02:39.744,T1,1,1167,42.011,-56.3,-75.4,-19.1,181.03,638995550,638977636,92,15803,16655,12998,19932,880,3,1,True
2026-03-26T14:02:40.252,T1,1,1168,42.298,-56.7,-74.9,-18.1,134.53,638995673,638977636,112,17075,15067,14285,19303,879,3,1,True
2026-03-26T14:02:40.766,T1,1,1169,43.175,-57.4,-80.0,-22.6,152.35,638996046,638977636,108,15483,16454,11324,23159,986,3,1,True
2026-03-26T14:02:41.275,T1,1,1170,42.635,-57.1,-74.3,-17.2,177.12,638995816,638977636,96,16849,17004,13627,18929,883,3,1,True
2026-03-26T14:02:41.753,T1,1,1171,42.86,-57.2,-73.0,-15.9,221.28,638995913,638977636,76,16981,16817,14719,17987,861,3,1,True
2026-03-26T14:02:42.261,T1,1,1172,42.692,-57.3,-78.0,-20.7,176.23,638995840,638977636,88,14490,15508,14547,21079,937,3,1,True
2026-03-26T14:02:42.771,T1,1,1173,42.471,-58.8,-76.6,-17.9,165.12,638995747,638977636,104,11846,17173,17308,19249,942,3,1,True
2026-03-26T14:02:43.251,T1,1,1174,42.307,-57.1,-73.0,-15.9,172.09,638995676,638977636,96,17019,16521,14987,17976,859,3,1,True
2026-03-26T14:02:43.762,T1,1,1175,42.804,-57.3,-76.1,-18.8,286.28,638995889,638977636,60,16701,17177,12026,20104,914,3,1,True
2026-03-26T14:02:44.240,T1,1,1176,43.564,-58.9,-76.5,-17.5,196.22,638996212,638977636,88,17935,17267,15363,21936,1011,3,1,True
2026-03-26T14:02:44.753,T1,1,1177,42.527,-58.3,-74.6,-16.3,183.64,638995771,638977636,92,17489,16895,15615,19634,936,3,1,True
2026-03-26T14:02:45.261,T1,1,1178,42.279,-58.0,-78.8,-20.9,209.44,638995665,638977636,72,18197,15080,9479,20897,955,3,1,True
2026-03-26T14:02:45.742,T1,1,1179,43.77,-58.2,-79.2,-21.1,237.7,638996301,638977636,76,18020,18065,10074,24582,1042,3,1,True
2026-03-26T14:02:46.252,T1,1,1180,43.086,-56.4,-75.0,-18.6,199.98,638996008,638977636,88,15418,17598,15159,21411,915,3,1,True
2026-03-26T14:02:46.767,T1,1,1181,41.833,-60.1,-93.5,-33.4,72.08,638995475,638977636,104,2352,7496,6823,20248,1012,3,1,True
2026-03-26T14:02:47.272,T1,1,1182,43.015,-57.6,-74.5,-16.9,155.06,638995979,638977636,108,17475,16747,17209,21565,958,3,1,True
2026-03-26T14:02:47.751,T1,1,1183,42.26,-57.8,-77.6,-19.7,164.51,638995657,638977636,104,16903,17109,11654,21266,959,3,1,True
2026-03-26T14:02:48.261,T1,1,1184,43.207,-58.4,-74.8,-16.3,190.95,638996061,638977636,88,16352,16804,13539,17291,882,3,1,True
2026-03-26T14:02:48.772,T1,1,1185,42.64,-57.7,-75.8,-18.0,178.12,638995818,638977636,96,15813,17100,13269,19028,904,3,1,True
2026-03-26T14:02:49.254,T1,1,1186,42.565,-57.6,-76.3,-18.7,146.67,638995786,638977636,116,17850,17014,10826,20117,926,3,1,True
2026-03-26T14:02:49.762,T1,1,1187,42.021,-57.4,-75.9,-18.5,179.79,638995555,638977636,96,16945,17260,12439,20237,922,3,1,True
2026-03-26T14:02:50.272,T1,1,1188,42.912,-58.2,-76.0,-17.8,168.75,638995935,638977636,96,16608,16200,13382,18768,911,3,1,True
2026-03-26T14:02:50.752,T1,1,1189,42.354,-57.3,-77.5,-20.1,172.51,638995696,638977636,92,16943,15871,10826,20125,916,3,1,True
2026-03-26T14:02:51.262,T1,1,1190,42.584,-58.4,-74.8,-16.3,165.01,638995794,638977636,100,16042,16501,13802,16996,875,3,1,True
2026-03-26T14:02:51.775,T1,1,1191,42.485,-57.7,-76.6,-18.9,161.13,638995753,638977636,100,16592,16113,10992,18447,890,3,1,True
2026-03-26T14:02:52.261,T1,1,1192,42.086,-58.0,-76.4,-18.3,155.66,638995582,638977636,104,16968,16189,9850,17516,876,3,1,True
2026-03-26T14:02:52.763,T1,1,1193,42.828,-57.3,-77.6,-20.3,148.73,638995898,638977636,108,16714,16063,9792,19679,904,3,1,True
2026-03-26T14:02:53.272,T1,1,1194,41.993,-57.5,-75.5,-18.0,152.3,638995543,638977636,112,15476,17058,14339,19485,906,3,1,True
2026-03-26T14:02:53.751,T1,1,1195,42.701,-57.2,-76.0,-18.8,159.2,638995844,638977636,96,17579,15283,13851,20571,921,3,1,True
2026-03-26T14:02:54.263,T1,1,1196,42.152,-57.9,-74.8,-17.0,156.67,638995610,638977636,108,15664,16920,14839,18499,895,3,1,True
2026-03-26T14:02:54.770,T1,1,1197,43.451,-57.6,-74.5,-16.9,163.52,638996165,638977636,100,15303,16352,14988,17847,871,3,1,True
2026-03-26T14:02:55.289,T1,1,1198,43.039,-57.3,-76.2,-19.0,158.33,638995989,638977636,96,17469,15200,13665,20428,921,3,1,True
2026-03-26T14:02:55.766,T1,1,1199,42.072,-58.1,-78.3,-20.2,157.79,638995577,638977636,92,17901,14517,9870,19397,924,3,1,True
2026-03-26T14:02:56.276,T1,1,1200,42.49,-57.3,-77.1,-19.9,132.96,638995754,638977636,112,17455,14892,10803,19335,896,3,1,True
2026-03-26T14:02:56.751,T1,1,1201,43.25,-57.7,-76.8,-19.1,178.26,638996078,638977636,100,15794,17826,13603,21503,960,3,1,True
2026-03-26T14:02:57.291,T1,1,1202,42.068,-57.9,-75.7,-17.8,166.16,638995575,638977636,100,16743,16616,11462,17885,882,3,1,True
2026-03-26T14:02:57.772,T1,1,1203,43.086,-58.1,-75.4,-17.4,165.14,638996008,638977636,104,17243,17175,12320,18857,910,3,1,True
2026-03-26T14:02:58.287,T1,1,1204,42.344,-57.8,-74.9,-17.1,163.47,638995693,638977636,104,17170,17001,12798,18581,895,3,1,True
2026-03-26T14:02:58.790,T1,1,1205,42.124,-57.1,-78.1,-21.0,178.95,638995599,638977636,88,14917,15748,9918,18496,872,3,1,True
2026-03-26T14:02:59.271,T1,1,1206,42.368,-58.0,-77.9,-19.9,169.09,638995702,638977636,88,17374,14880,9595,18596,901,3,1,True
2026-03-26T14:02:59.791,T1,1,1207,43.081,-58.4,-76.4,-17.9,179.09,638996006,638977636,100,17244,17909,14700,21940,994,3,1,True
2026-03-26T14:03:00.322,T1,1,1208,42.715,-58.1,-78.4,-20.3,165.97,638995851,638977636,104,56,17261,17212,18410,901,3,1,True
2026-03-26T14:03:00.773,T1,1,1209,42.677,-57.0,-73.3,-16.3,192.75,638995834,638977636,88,17230,16962,13419,17981,856,3,1,True
2026-03-26T14:03:01.282,T1,1,1210,42.335,-58.7,-79.7,-21.0,223.85,638995688,638977636,72,11804,16117,13005,18523,921,3,1,True
2026-03-26T14:03:01.763,T1,1,1211,42.33,-57.2,-76.5,-19.3,171.36,638995687,638977636,100,13359,17136,14926,20053,912,3,1,True
2026-03-26T14:03:02.273,T1,1,1212,43.226,-57.9,-75.5,-17.6,170.18,638996069,638977636,104,15994,17699,14362,19976,932,3,1,True
2026-03-26T14:03:02.783,T1,1,1213,42.471,-57.1,-74.7,-17.6,179.24,638995746,638977636,96,16842,17207,13265,19449,895,3,1,True
2026-03-26T14:03:03.292,T1,1,1214,43.17,-58.5,-77.5,-19.0,175.54,638996045,638977636,96,15557,16852,10874,18305,909,3,1,True
2026-03-26T14:03:03.771,T1,1,1215,43.048,-58.5,-74.8,-16.3,143.06,638995992,638977636,124,15298,17740,16041,18926,926,3,1,True
2026-03-26T14:03:04.281,T1,1,1216,42.785,-58.6,-74.4,-15.8,160.95,638995881,638977636,104,16356,16739,14504,17215,885,3,1,True
2026-03-26T14:03:04.792,T1,1,1217,42.143,-57.7,-74.7,-17.0,199.34,638995606,638977636,88,17154,17542,16039,21273,953,3,1,True
2026-03-26T14:03:05.271,T1,1,1218,43.114,-58.5,-76.9,-18.4,177.8,638996021,638977636,92,15301,16358,12145,17710,894,3,1,True
2026-03-26T14:03:05.780,T1,1,1219,42.851,-57.3,-73.3,-16.0,196.3,638995909,638977636,88,16240,17274,15614,18612,880,3,1,True
2026-03-26T14:03:06.293,T1,1,1220,43.329,-58.1,-72.8,-14.7,157.22,638996112,638977636,112,17445,17609,15156,17801,885,3,1,True
2026-03-26T14:03:06.772,T1,1,1221,42.959,-58.5,-73.6,-15.2,279.47,638995955,638977636,64,16688,17886,15173,18041,902,3,1,True
2026-03-26T14:03:07.280,T1,1,1222,42.673,-57.8,-75.6,-17.8,201.19,638995833,638977636,80,16929,16095,9826,16790,850,3,1,True
2026-03-26T14:03:07.790,T1,1,1223,42.523,-57.8,-75.9,-18.2,232.79,638995769,638977636,72,17059,16761,12295,19328,912,3,1,True
2026-03-26T14:03:08.270,T1,1,1224,43.212,-57.9,-74.6,-16.7,131.04,638996063,638977636,128,17385,16773,12864,18135,886,3,1,True
2026-03-26T14:03:08.781,T1,1,1225,42.518,-57.9,-74.7,-16.8,181.72,638995767,638977636,92,17129,16718,11717,17292,865,3,1,True
2026-03-26T14:03:09.292,T1,1,1226,42.706,-58.0,-78.2,-20.3,166.82,638995847,638977636,104,17855,17349,9900,22197,984,3,1,True
2026-03-26T14:03:09.802,T1,1,1227,43.043,-57.9,-73.4,-15.5,176.83,638995990,638977636,100,16661,17683,16904,19507,920,3,1,True
2026-03-26T14:03:10.280,T1,1,1228,42.893,-57.4,-76.9,-19.4,176.06,638995926,638977636,88,17140,15493,9006,17979,869,3,1,True
2026-03-26T14:03:10.791,T1,1,1229,42.41,-58.1,-74.7,-16.6,224.38,638995720,638977636,76,15390,17053,15717,18567,905,3,1,True
2026-03-26T14:03:11.302,T1,1,1230,42.729,-57.2,-76.6,-19.3,200.54,638995857,638977636,80,15763,16043,13868,20224,916,3,1,True
2026-03-26T14:03:11.781,T1,1,1231,42.537,-57.6,-75.1,-17.5,205.5,638995774,638977636,84,16709,17262,13117,19179,902,3,1,True
2026-03-26T14:03:12.290,T1,1,1232,42.33,-57.6,-76.6,-19.0,226.5,638995686,638977636,76,14890,17214,13059,19541,911,3,1,True
2026-03-26T14:03:12.802,T1,1,1233,42.734,-57.4,-76.4,-19.0,222.89,638995859,638977636,76,10455,16940,16148,18672,885,3,1,True
2026-03-26T14:03:13.282,T1,1,1234,43.114,-57.3,-77.7,-20.4,203.6,638996021,638977636,80,18356,16288,11471,22952,977,3,1,True
2026-03-26T14:03:13.821,T1,1,1235,42.79,-57.7,-76.8,-19.1,222.9,638995882,638977636,68,17120,15157,10229,17940,876,3,1,True
2026-03-26T14:03:14.299,T1,1,1236,42.091,-57.7,-76.6,-18.9,154.51,638995585,638977636,104,16985,16069,8992,17678,869,3,1,True
2026-03-26T14:03:14.780,T1,1,1237,43.039,-59.8,-85.3,-25.5,152.51,638995988,638977636,104,6507,15861,16303,24828,1110,3,1,True
2026-03-26T14:03:15.294,T1,1,1238,42.377,-58.3,-75.7,-17.4,146.5,638995706,638977636,120,15922,17580,17949,22388,1000,3,1,True
2026-03-26T14:03:15.800,T1,1,1239,43.151,-57.7,-77.4,-19.7,180.15,638996036,638977636,92,15815,16574,10919,19198,906,3,1,True
2026-03-26T14:03:16.309,T1,1,1240,43.742,-59.2,-76.4,-17.1,127.28,638996288,638977636,128,16208,16292,11740,16596,889,3,1,True
2026-03-26T14:03:16.791,T1,1,1241,42.513,-58.4,-76.4,-18.0,193.26,638995765,638977636,88,16232,17007,11050,17829,895,3,1,True
2026-03-26T14:03:17.300,T1,1,1242,43.47,-58.5,-78.9,-20.4,173.33,638996172,638977636,92,15191,15946,13520,20910,972,3,1,True
2026-03-26T14:03:17.820,T1,1,1243,43.217,-58.2,-76.6,-18.4,161.25,638996065,638977636,96,15706,15480,13454,18105,897,3,1,True
2026-03-26T14:03:18.289,T1,1,1244,42.124,-58.1,-73.0,-14.8,175.39,638995599,638977636,96,16895,16837,13766,16111,843,3,1,True
2026-03-26T14:03:18.799,T1,1,1245,42.434,-56.9,-74.9,-18.0,163.94,638995731,638977636,88,16143,14427,14843,18256,859,3,1,True
2026-03-26T14:03:19.310,T1,1,1246,43.175,-58.2,-78.9,-20.7,195.07,638996046,638977636,88,11603,17166,13688,19628,933,3,1,True
2026-03-26T14:03:19.820,T1,1,1247,42.452,-58.2,-75.8,-17.5,138.05,638995738,638977636,128,16850,17671,12947,19586,932,3,1,True
2026-03-26T14:03:20.305,T1,1,1248,42.729,-57.8,-73.9,-16.1,148.08,638995857,638977636,108,17309,15993,14660,17870,878,3,1,True
2026-03-26T14:03:20.813,T1,1,1249,43.442,-57.5,-76.4,-18.8,226.44,638996161,638977636,72,16719,16304,10189,18167,877,3,1,True
2026-03-26T14:03:21.293,T1,1,1250,42.828,-56.8,-79.1,-22.3,133.38,638995899,638977636,104,17460,13872,9258,20763,913,3,1,True
2026-03-26T14:03:21.808,T1,1,1251,43.048,-59.5,-80.1,-20.6,212.08,638995992,638977636,84,16400,17815,11221,22499,1044,3,1,True
2026-03-26T14:03:22.310,T1,1,1252,42.138,-57.5,-77.6,-20.1,150.26,638995605,638977636,116,17053,17430,10330,21446,951,3,1,True
2026-03-26T14:03:22.791,T1,1,1253,42.429,-59.1,-74.0,-14.9,159.03,638995728,638977636,112,15568,17811,16593,17808,916,3,1,True
2026-03-26T14:03:23.303,T1,1,1254,42.598,-57.4,-73.8,-16.3,209.36,638995801,638977636,80,15557,16749,15257,17826,865,3,1,True
2026-03-26T14:03:23.811,T1,1,1255,43.151,-57.3,-79.1,-21.8,199.64,638996037,638977636,84,15147,16770,10308,21224,941,3,1,True
2026-03-26T14:03:24.320,T1,1,1256,42.077,-58.1,-77.9,-19.7,210.14,638995579,638977636,80,15298,16811,12074,19719,933,3,1,True
2026-03-26T14:03:24.831,T1,1,1257,43.63,-57.0,-77.2,-20.2,210.84,638996241,638977636,76,17705,16024,9311,20250,909,3,1,True
2026-03-26T14:03:25.341,T1,1,1258,42.57,-57.0,-74.3,-17.3,226.48,638995789,638977636,80,15703,18118,16704,21509,938,3,1,True
2026-03-26T14:03:25.820,T1,1,1259,42.49,-57.1,-76.6,-19.5,165.11,638995755,638977636,104,16273,17171,12487,20968,929,3,1,True
2026-03-26T14:03:26.330,T1,1,1260,42.415,-56.9,-76.8,-19.8,176.36,638995723,638977636,88,16985,15520,9450,18554,868,3,1,True
2026-03-26T14:03:26.813,T1,1,1261,43.081,-57.2,-76.4,-19.2,148.91,638996007,638977636,104,16793,15487,12632,19621,900,3,1,True
2026-03-26T14:03:27.320,T1,1,1262,42.401,-57.6,-76.9,-19.3,153.37,638995716,638977636,104,17396,15950,9539,18699,893,3,1,True
2026-03-26T14:03:27.834,T1,1,1263,42.668,-56.9,-75.2,-18.3,166.88,638995830,638977636,104,16994,17355,13183,20574,914,3,1,True
2026-03-26T14:03:28.311,T1,1,1264,42.143,-57.3,-75.3,-18.0,224.3,638995606,638977636,76,16836,17047,14153,20522,923,3,1,True
2026-03-26T14:03:28.820,T1,1,1265,43.057,-57.4,-74.0,-16.6,217.37,638995996,638977636,76,16142,16520,14714,18024,868,3,1,True
2026-03-26T14:03:29.360,T1,1,1266,42.335,-57.3,-74.4,-17.0,223.88,638995689,638977636,76,16314,17015,14025,18619,882,3,1,True
2026-03-26T14:03:29.840,T1,1,1267,42.837,-57.6,-75.4,-17.8,212.26,638995903,638977636,80,16852,16981,11776,18546,889,3,1,True
2026-03-26T14:03:30.319,T1,1,1268,42.921,-57.9,-75.0,-17.1,196.13,638995939,638977636,84,16017,16475,13938,18016,883,3,1,True
2026-03-26T14:03:30.830,T1,1,1269,42.368,-57.6,-77.8,-20.2,204.0,638995702,638977636,80,14778,16320,12462,19642,915,3,1,True
2026-03-26T14:03:31.340,T1,1,1270,43.048,-57.7,-77.3,-19.6,167.32,638995992,638977636,92,16191,15393,13892,20503,936,3,1,True
2026-03-26T14:03:31.823,T1,1,1271,42.518,-57.4,-78.3,-20.9,179.67,638995766,638977636,84,16396,15092,11582,20341,925,3,1,True
2026-03-26T14:03:32.330,T1,1,1272,42.616,-58.0,-77.2,-19.2,172.34,638995809,638977636,100,18344,17234,13864,23684,1017,3,1,True
2026-03-26T14:03:32.842,T1,1,1273,43.025,-57.8,-75.4,-17.5,212.85,638995983,638977636,80,15191,17028,14234,18526,895,3,1,True
2026-03-26T14:03:33.320,T1,1,1274,42.044,-57.4,-75.7,-18.3,199.25,638995565,638977636,88,16054,17534,13388,20143,919,3,1,True
2026-03-26T14:03:33.830,T1,1,1275,43.001,-58.0,-76.6,-18.7,196.05,638995973,638977636,92,15103,18037,14283,20959,957,3,1,True
2026-03-26T14:03:34.372,T1,1,1276,42.11,-58.0,-76.6,-18.5,186.61,638995592,638977636,92,12656,17168,15895,19392,922,3,1,True
2026-03-26T14:03:34.821,T1,1,1277,42.616,-58.9,-75.4,-16.5,169.18,638995808,638977636,104,16339,17595,13704,18275,921,3,1,True
2026-03-26T14:03:35.331,T1,1,1278,42.743,-58.3,-76.0,-17.6,143.36,638995863,638977636,104,15190,14909,14963,17457,884,3,1,True
2026-03-26T14:03:35.842,T1,1,1279,42.452,-58.7,-76.7,-18.1,136.82,638995738,638977636,104,16770,14229,11975,16662,873,3,1,True
2026-03-26T14:03:36.352,T1,1,1280,42.828,-57.7,-75.2,-17.6,188.01,638995899,638977636,88,16990,16545,11146,17631,868,3,1,True
2026-03-26T14:03:36.832,T1,1,1281,43.146,-58.1,-79.0,-20.9,192.26,638996035,638977636,88,16215,16919,10147,21145,963,3,1,True
2026-03-26T14:03:37.372,T1,1,1282,42.307,-57.3,-73.7,-16.5,248.37,638995676,638977636,68,16847,16889,14262,18362,874,3,1,True
2026-03-26T14:03:37.881,T1,1,1283,42.551,-57.6,-76.7,-19.0,231.87,638995781,638977636,68,16812,15767,9490,17654,867,3,1,True
2026-03-26T14:03:38.330,T1,1,1284,42.518,-57.5,-78.1,-20.6,171.61,638995767,638977636,88,17115,15102,9629,19410,906,3,1,True
2026-03-26T14:03:38.839,T1,1,1285,43.578,-58.3,-75.1,-16.7,182.5,638996219,638977636,92,15529,16790,16631,19385,931,3,1,True
2026-03-26T14:03:39.350,T1,1,1286,42.574,-58.3,-76.3,-18.1,196.37,638995791,638977636,92,15063,18066,14848,20576,957,3,1,True
2026-03-26T14:03:39.832,T1,1,1287,42.879,-56.8,-74.5,-17.7,131.48,638995920,638977636,124,16243,16304,14661,19266,880,3,1,True
2026-03-26T14:03:40.341,T1,1,1288,42.222,-58.0,-78.4,-20.5,183.58,638995641,638977636,84,18292,15421,10467,21386,966,3,1,True
2026-03-26T14:03:40.879,T1,1,1289,42.996,-58.3,-73.7,-15.3,149.77,638995971,638977636,112,17132,16774,13521,16662,863,3,1,True
2026-03-26T14:03:41.400,T1,1,1290,42.612,-58.9,-75.1,-16.2,159.8,638995806,638977636,108,17275,17258,15735,19709,958,3,1,True
2026-03-26T14:03:41.869,T1,1,1291,42.499,-58.1,-78.6,-20.5,132.97,638995758,638977636,104,17386,13829,8782,17903,889,3,1,True
2026-03-26T14:03:42.380,T1,1,1292,42.068,-58.2,-78.4,-20.2,164.43,638995574,638977636,96,16802,15785,9260,19033,919,3,1,True
2026-03-26T14:03:42.859,T1,1,1293,42.119,-58.5,-74.7,-16.2,149.57,638995596,638977636,120,17165,17948,16652,20896,973,3,1,True
2026-03-26T14:03:43.339,T1,1,1294,43.128,-58.2,-74.8,-16.6,161.54,638996026,638977636,112,16242,18093,16514,20726,959,3,1,True
2026-03-26T14:03:43.849,T1,1,1295,43.034,-58.0,-73.9,-15.9,208.29,638995986,638977636,80,16595,16663,14183,17227,867,3,1,True
2026-03-26T14:03:44.331,T1,1,1296,43.254,-58.2,-76.2,-18.0,154.77,638996080,638977636,116,15852,17953,14213,20486,952,3,1,True
2026-03-26T14:03:44.841,T1,1,1297,42.738,-57.7,-75.1,-17.4,192.37,638995860,638977636,84,16604,16159,12566,17613,869,3,1,True
2026-03-26T14:03:45.351,T1,1,1298,42.166,-58.0,-75.3,-17.3,161.0,638995616,638977636,104,16617,16744,12622,18062,888,3,1,True
2026-03-26T14:03:45.829,T1,1,1299,42.298,-58.5,-74.9,-16.4,151.22,638995673,638977636,116,14822,17541,15737,18342,911,3,1,True
2026-03-26T14:03:46.339,T1,1,1300,43.184,-58.7,-74.5,-15.8,164.32,638996051,638977636,104,17029,17089,13202,17141,887,3,1,True
2026-03-26T14:03:46.849,T1,1,1301,42.926,-58.1,-75.0,-16.9,136.36,638995941,638977636,124,15980,16909,13816,17947,889,3,1,True
2026-03-26T14:03:47.365,T1,1,1302,42.471,-58.4,-75.3,-16.9,153.97,638995747,638977636,112,16870,17245,12583,18164,903,3,1,True
2026-03-26T14:03:47.839,T1,1,1303,42.321,-57.8,-77.1,-19.3,149.12,638995682,638977636,108,17763,16105,11751,20588,942,3,1,True
2026-03-26T14:03:48.351,T1,1,1304,42.903,-57.8,-75.2,-17.4,172.53,638995931,638977636,100,17522,17253,15024,21128,954,3,1,True
2026-03-26T14:03:48.861,T1,1,1305,43.489,-57.8,-74.4,-16.7,160.03,638996181,638977636,108,17178,17283,13372,18640,895,3,1,True
2026-03-26T14:03:49.341,T1,1,1306,43.02,-58.0,-75.4,-17.3,192.03,638995980,638977636,92,14733,17667,15426,19394,921,3,1,True
2026-03-26T14:03:49.851,T1,1,1307,42.401,-57.8,-74.6,-16.9,183.45,638995716,638977636,96,16606,17611,16425,20933,949,3,1,True
2026-03-26T14:03:50.360,T1,1,1308,42.828,-58.0,-78.6,-20.7,127.57,638995898,638977636,116,17971,14798,9961,20380,943,3,1,True
2026-03-26T14:03:50.869,T1,1,1309,42.593,-57.8,-76.2,-18.3,130.97,638995799,638977636,116,17933,15192,13570,19935,928,3,1,True
2026-03-26T14:03:51.353,T1,1,1310,42.537,-57.9,-74.8,-16.9,160.38,638995774,638977636,112,15262,17962,15988,19850,929,3,1,True
2026-03-26T14:03:51.860,T1,1,1311,42.424,-58.1,-75.0,-16.9,133.77,638995726,638977636,128,17139,17122,15551,20298,945,3,1,True
2026-03-26T14:03:52.369,T1,1,1312,42.907,-58.3,-74.3,-16.0,147.87,638995932,638977636,112,16400,16561,14240,17189,875,3,1,True
2026-03-26T14:03:52.851,T1,1,1313,43.24,-58.2,-75.0,-16.8,140.97,638996075,638977636,120,16977,16916,11910,17433,880,3,1,True
2026-03-26T14:03:53.361,T1,1,1314,43.17,-58.0,-74.6,-16.6,176.25,638996044,638977636,96,16714,16920,12829,17478,874,3,1,True
2026-03-26T14:03:53.870,T1,1,1315,42.04,-58.6,-76.6,-18.0,216.14,638995562,638977636,84,15835,18156,14095,20617,968,3,1,True
2026-03-26T14:03:54.349,T1,1,1316,42.565,-58.8,-77.3,-18.5,189.3,638995786,638977636,88,10492,16658,15893,17500,899,3,1,True
2026-03-26T14:03:54.862,T1,1,1317,42.086,-58.0,-77.5,-19.5,162.4,638995582,638977636,100,15868,16240,10353,18233,893,3,1,True
2026-03-26T14:03:55.370,T1,1,1318,42.34,-58.4,-76.9,-18.5,183.3,638995691,638977636,92,15225,16864,12257,18210,906,3,1,True
2026-03-26T14:03:55.851,T1,1,1319,42.054,-58.8,-77.5,-18.8,175.73,638995568,638977636,92,14684,16167,11098,16723,878,3,1,True
2026-03-26T14:03:56.359,T1,1,1320,42.424,-58.6,-77.0,-18.4,220.91,638995726,638977636,76,12407,16789,14751,17782,900,3,1,True
2026-03-26T14:03:56.870,T1,1,1321,42.893,-58.5,-75.9,-17.4,189.25,638995927,638977636,88,15725,16654,12799,17473,890,3,1,True
2026-03-26T14:03:57.354,T1,1,1322,43.137,-58.9,-79.6,-20.7,162.76,638996030,638977636,84,17611,13672,7960,17851,912,3,1,True
2026-03-26T14:03:57.859,T1,1,1323,43.179,-59.1,-75.8,-16.7,195.14,638996048,638977636,88,16930,17172,15756,20005,972,3,1,True
2026-03-26T14:03:58.370,T1,1,1324,43.207,-58.7,-75.8,-17.0,202.51,638996061,638977636,80,17709,16201,14172,19203,940,3,1,True
2026-03-26T14:03:58.850,T1,1,1325,43.54,-58.7,-77.2,-18.5,193.75,638996202,638977636,88,17753,17050,12455,20895,979,3,1,True
2026-03-26T14:03:59.361,T1,1,1326,43.287,-58.4,-76.4,-18.0,186.69,638996094,638977636,88,16621,16429,10148,17189,878,3,1,True
2026-03-26T14:03:59.869,T1,1,1327,43.067,-58.7,-76.0,-17.3,247.71,638996000,638977636,72,15966,17835,14174,19549,947,3,1,True
2026-03-26T14:04:00.349,T1,1,1328,43.456,-58.5,-77.0,-18.5,184.41,638996167,638977636,92,17075,16966,10729,19014,929,3,1,True
2026-03-26T14:04:00.858,T1,1,1329,42.818,-58.8,-77.1,-18.3,218.4,638995894,638977636,84,16247,18346,14341,21748,1002,3,1,True
2026-03-26T14:04:01.371,T1,1,1330,42.476,-59.0,-76.3,-17.3,194.45,638995748,638977636,84,16135,16334,12339,17181,897,3,1,True
2026-03-26T14:04:01.851,T1,1,1331,43.207,-58.7,-74.2,-15.6,229.43,638996061,638977636,80,16778,18354,16412,19845,953,3,1,True
2026-03-26T14:04:02.390,T1,1,1332,42.621,-59.5,-74.1,-14.7,219.39,638995810,638977636,76,16861,16674,14294,16092,883,3,1,True
2026-03-26T14:04:02.901,T1,1,1333,43.39,-58.9,-75.9,-17.0,162.65,638996139,638977636,100,16007,16265,12483,16667,880,3,1,True
2026-03-26T14:04:03.350,T1,1,1334,42.171,-57.7,-75.6,-17.9,185.4,638995618,638977636,84,17524,15574,12109,18331,886,3,1,True
2026-03-26T14:04:03.861,T1,1,1335,43.161,-58.1,-77.6,-19.5,199.67,638996040,638977636,84,16728,16772,10483,19746,932,3,1,True
2026-03-26T14:04:04.370,T1,1,1336,42.884,-58.3,-74.1,-15.8,184.4,638995923,638977636,88,16555,16227,13660,16417,856,3,1,True
2026-03-26T14:04:04.849,T1,1,1337,42.307,-58.2,-74.9,-16.6,207.41,638995677,638977636,80,16857,16593,12003,16938,867,3,1,True
2026-03-26T14:04:05.359,T1,1,1338,42.776,-58.0,-74.8,-16.7,175.71,638995877,638977636,100,15954,17571,15144,19215,917,3,1,True
2026-03-26T14:04:05.871,T1,1,1339,42.949,-57.7,-75.9,-18.3,198.96,638995951,638977636,80,16546,15917,11674,17855,873,3,1,True
2026-03-26T14:04:06.379,T1,1,1340,42.307,-58.9,-74.5,-15.6,218.83,638995676,638977636,76,16568,16631,13870,16655,879,3,1,True
2026-03-26T14:04:06.861,T1,1,1341,42.063,-57.6,-77.3,-19.7,144.27,638995573,638977636,104,16777,15004,9752,17908,872,3,1,True
2026-03-26T14:04:07.376,T1,1,1342,42.813,-57.9,-79.2,-21.3,163.86,638995893,638977636,84,17310,13764,8238,18447,896,3,1,True
2026-03-26T14:04:07.879,T1,1,1343,43.109,-58.2,-75.1,-16.9,188.32,638996019,638977636,88,17046,16572,13200,18128,895,3,1,True
2026-03-26T14:04:08.388,T1,1,1344,42.035,-58.5,-74.8,-16.2,232.54,638995561,638977636,72,17130,16743,11545,16567,866,3,1,True
2026-03-26T14:04:08.869,T1,1,1345,42.499,-58.3,-75.3,-17.0,178.26,638995759,638977636,96,16109,17113,13614,18184,900,3,1,True
2026-03-26T14:04:09.378,T1,1,1346,43.198,-57.8,-74.1,-16.3,209.09,638996057,638977636,80,16276,16727,14868,17955,881,3,1,True
2026-03-26T14:04:09.889,T1,1,1347,43.569,-57.0,-77.4,-20.3,169.28,638996214,638977636,88,16638,14897,9642,18411,868,3,1,True
2026-03-26T14:04:10.368,T1,1,1348,42.532,-58.4,-76.9,-18.6,188.83,638995773,638977636,84,16257,15862,11192,17639,889,3,1,True
2026-03-26T14:04:10.879,T1,1,1349,42.274,-57.8,-73.6,-15.9,236.42,638995663,638977636,72,16018,17022,15170,17708,873,3,1,True
2026-03-26T14:04:11.389,T1,1,1350,42.696,-58.2,-73.6,-15.4,204.48,638995843,638977636,84,14846,17176,16336,17291,874,3,1,True
2026-03-26T14:04:11.872,T1,1,1351,42.86,-58.1,-74.2,-16.1,183.75,638995913,638977636,88,16820,16170,14114,17195,871,3,1,True
2026-03-26T14:04:12.378,T1,1,1352,42.954,-58.1,-75.4,-17.3,211.68,638995952,638977636,84,16208,17781,14319,19809,933,3,1,True
2026-03-26T14:04:12.924,T1,1,1353,42.485,-57.9,-75.8,-18.0,192.81,638995752,638977636,88,16334,16967,13374,19357,916,3,1,True
2026-03-26T14:04:13.367,T1,1,1354,43.278,-57.8,-74.3,-16.5,205.05,638996090,638977636,80,16893,16404,13952,17927,879,3,1,True
2026-03-26T14:04:13.878,T1,1,1355,41.974,-57.7,-78.6,-20.9,203.92,638995535,638977636,84,16484,17129,9867,21393,958,3,1,True
2026-03-26T14:04:14.388,T1,1,1356,42.828,-57.7,-74.4,-16.8,186.17,638995899,638977636,84,18020,15638,16402,20378,933,3,1,True
2026-03-26T14:04:14.898,T1,1,1357,42.692,-57.8,-75.9,-18.0,183.32,638995841,638977636,88,16764,16132,10406,17229,863,3,1,True
2026-03-26T14:04:15.378,T1,1,1358,42.771,-58.1,-75.3,-17.3,202.2,638995874,638977636,88,16102,17794,14692,19932,935,3,1,True
2026-03-26T14:04:15.887,T1,1,1359,42.354,-57.5,-76.3,-18.8,197.18,638995696,638977636,76,17325,14986,11141,18104,874,3,1,True
2026-03-26T14:04:16.399,T1,1,1360,42.274,-57.9,-74.8,-16.9,157.53,638995663,638977636,100,17946,15753,14904,19388,918,3,1,True
2026-03-26T14:04:16.878,T1,1,1361,42.302,-58.7,-75.5,-16.8,185.08,638995674,638977636,96,17843,17768,14668,20743,974,3,1,True
2026-03-26T14:04:17.389,T1,1,1362,42.443,-58.6,-74.7,-16.1,171.51,638995734,638977636,96,16883,16465,13143,16904,878,3,1,True
2026-03-26T14:04:17.898,T1,1,1363,43.01,-58.3,-74.2,-15.9,164.19,638995977,638977636,96,17360,15762,14901,17654,889,3,1,True
2026-03-26T14:04:18.379,T1,1,1364,42.602,-58.5,-75.3,-16.8,178.89,638995802,638977636,100,15751,17889,14895,19241,934,3,1,True
2026-03-26T14:04:18.886,T1,1,1365,42.574,-58.4,-73.5,-15.0,196.08,638995790,638977636,88,15557,17255,16038,17169,879,3,1,True
2026-03-26T14:04:19.398,T1,1,1366,43.189,-58.0,-75.1,-17.1,177.72,638996052,638977636,104,17646,18483,15731,22327,988,3,1,True
2026-03-26T14:04:19.880,T1,1,1367,42.973,-57.9,-77.5,-19.6,205.9,638995960,638977636,84,16926,17296,10825,20720,948,3,1,True
2026-03-26T14:04:20.389,T1,1,1368,42.795,-57.8,-76.7,-18.9,186.62,638995885,638977636,80,17082,14930,11431,18190,884,3,1,True
2026-03-26T14:04:20.898,T1,1,1369,42.307,-57.8,-75.5,-17.7,179.36,638995676,638977636,88,16931,15784,11967,17548,871,3,1,True
2026-03-26T14:04:21.407,T1,1,1370,42.71,-57.8,-77.7,-19.9,166.08,638995849,638977636,104,16940,17272,10699,21045,954,3,1,True
2026-03-26T14:04:21.891,T1,1,1371,43.001,-57.6,-78.3,-20.7,166.05,638995973,638977636,104,16544,17269,10143,21545,956,3,1,True
2026-03-26T14:04:22.397,T1,1,1372,42.499,-58.4,-75.4,-16.9,199.52,638995759,638977636,80,17057,15962,11777,16828,870,3,1,True
2026-03-26T14:04:22.878,T1,1,1373,43.207,-57.9,-75.7,-17.7,182.54,638996061,638977636,92,18750,16794,15282,22523,990,3,1,True
2026-03-26T14:04:23.417,T1,1,1374,43.043,-57.4,-75.7,-18.2,197.06,638995990,638977636,80,18153,15765,14302,21013,940,3,1,True
2026-03-26T14:04:23.927,T1,1,1375,42.391,-58.5,-77.3,-18.8,202.87,638995712,638977636,76,16929,15418,9021,16930,874,3,1,True
2026-03-26T14:04:24.377,T1,1,1376,42.579,-58.1,-74.8,-16.7,179.12,638995792,638977636,88,16938,15763,15572,18777,910,3,1,True
2026-03-26T14:04:24.889,T1,1,1377,42.523,-57.9,-77.1,-19.1,234.39,638995768,638977636,72,15262,16876,11563,18619,900,3,1,True
2026-03-26T14:04:25.397,T1,1,1378,42.405,-58.0,-77.2,-19.2,202.97,638995718,638977636,76,16922,15426,9091,17457,874,3,1,True
2026-03-26T14:04:25.908,T1,1,1379,42.082,-58.2,-75.4,-17.3,192.73,638995580,638977636,88,17448,16960,12234,18632,908,3,1,True
2026-03-26T14:04:26.387,T1,1,1380,43.057,-58.0,-75.9,-17.8,215.45,638995997,638977636,76,15932,16374,13286,18275,894,3,1,True
2026-03-26T14:04:26.898,T1,1,1381,42.588,-57.8,-73.1,-15.3,219.58,638995796,638977636,76,15649,16688,16009,17088,859,3,1,True
2026-03-26T14:04:27.378,T1,1,1382,43.297,-58.0,-74.8,-16.8,182.98,638996099,638977636,84,16874,15370,15951,18838,907,3,1,True
2026-03-26T14:04:27.890,T1,1,1383,42.298,-58.2,-74.7,-16.5,208.38,638995673,638977636,80,16925,16670,13656,17937,891,3,1,True
2026-03-26T14:04:28.397,T1,1,1384,42.771,-57.9,-77.7,-19.9,174.73,638995875,638977636,84,17858,14677,10631,19502,919,3,1,True
2026-03-26T14:04:28.937,T1,1,1385,42.86,-57.2,-74.7,-17.5,192.88,638995913,638977636,84,17770,16202,15962,21219,938,3,1,True
2026-03-26T14:04:29.387,T1,1,1386,43.071,-57.9,-74.5,-16.6,209.59,638996003,638977636,80,16758,16767,13499,17838,880,3,1,True
2026-03-26T14:04:29.896,T1,1,1387,42.565,-58.4,-73.7,-15.3,190.68,638995786,638977636,88,15090,16780,15724,16584,864,3,1,True
2026-03-26T14:04:30.407,T1,1,1388,42.452,-58.3,-74.5,-16.3,192.7,638995739,638977636,84,17225,16187,13343,17282,877,3,1,True
2026-03-26T14:04:30.888,T1,1,1389,42.579,-58.6,-73.5,-15.0,219.82,638995792,638977636,76,16936,16706,14211,16473,865,3,1,True
2026-03-26T14:04:31.399,T1,1,1390,42.194,-58.1,-77.8,-19.7,172.56,638995628,638977636,88,17987,15185,10834,19975,939,3,1,True
2026-03-26T14:04:31.908,T1,1,1391,42.405,-58.5,-74.7,-16.2,160.68,638995718,638977636,108,16931,17353,16577,20143,955,3,1,True
2026-03-26T14:04:32.389,T1,1,1392,43.381,-58.6,-75.3,-16.8,197.61,638996135,638977636,84,16394,16599,11517,16443,865,3,1,True
2026-03-26T14:04:32.898,T1,1,1393,42.344,-57.8,-77.1,-19.3,231.21,638995692,638977636,72,16374,16647,11824,19833,924,3,1,True
2026-03-26T14:04:33.408,T1,1,1394,43.489,-58.5,-74.9,-16.4,190.82,638996180,638977636,96,15987,18319,16123,20188,956,3,1,True
2026-03-26T14:04:33.888,T1,1,1395,42.776,-58.4,-76.5,-18.1,172.62,638995877,638977636,92,16769,15881,12049,18115,902,3,1,True
2026-03-26T14:04:34.397,T1,1,1396,42.495,-58.7,-77.1,-18.4,190.71,638995757,638977636,80,17599,15257,11672,18398,920,3,1,True
2026-03-26T14:04:34.909,T1,1,1397,43.029,-58.9,-73.4,-14.5,217.57,638995985,638977636,76,16875,16535,14384,15888,860,3,1,True
2026-03-26T14:04:35.388,T1,1,1398,42.626,-59.0,-75.8,-16.9,185.77,638995812,638977636,96,16102,17834,14390,19197,947,3,1,True
2026-03-26T14:04:35.897,T1,1,1399,42.185,-58.1,-76.2,-18.1,187.77,638995625,638977636,84,17208,15773,12419,18684,906,3,1,True
2026-03-26T14:04:36.409,T1,1,1400,42.265,-58.1,-75.2,-17.1,153.65,638995658,638977636,104,18066,15980,14545,19702,932,3,1,True
2026-03-26T14:04:36.917,T1,1,1401,42.227,-58.0,-75.8,-17.8,168.85,638995643,638977636,92,17301,15534,11181,17379,872,3,1,True
2026-03-26T14:04:37.397,T1,1,1402,43.32,-58.2,-73.7,-15.5,185.27,638996108,638977636,92,17068,17045,14363,17553,881,3,1,True
2026-03-26T14:04:37.907,T1,1,1403,42.673,-58.4,-75.3,-16.9,173.48,638995832,638977636,96,16857,16654,11444,16953,873,3,1,True
2026-03-26T14:04:38.418,T1,1,1404,42.016,-58.4,-74.0,-15.6,185.41,638995552,638977636,92,16671,17058,13924,17061,875,3,1,True
2026-03-26T14:04:38.927,T1,1,1405,43.001,-58.2,-74.3,-16.2,172.15,638995972,638977636,96,17841,16526,16204,19919,938,3,1,True
2026-03-26T14:04:39.437,T1,1,1406,42.677,-58.4,-75.6,-17.2,214.3,638995834,638977636,76,16471,16287,10675,16259,854,3,1,True
2026-03-26T14:04:39.917,T1,1,1407,42.48,-58.3,-76.8,-18.5,184.0,638995750,638977636,92,18218,16928,12796,21356,977,3,1,True
2026-03-26T14:04:40.399,T1,1,1408,43.057,-58.2,-74.7,-16.5,208.55,638995997,638977636,84,16333,17518,14183,18530,905,3,1,True
2026-03-26T14:04:40.910,T1,1,1409,42.485,-58.8,-76.2,-17.5,175.75,638995753,638977636,100,16165,17575,13509,19196,940,3,1,True
2026-03-26T14:04:41.418,T1,1,1410,42.269,-58.6,-75.1,-16.5,178.57,638995660,638977636,92,18460,16428,16245,20891,974,3,1,True
2026-03-26T14:04:41.927,T1,1,1411,42.237,-58.4,-73.9,-15.5,194.51,638995647,638977636,88,15031,17117,16080,17332,882,3,1,True
2026-03-26T14:04:42.409,T1,1,1412,42.185,-58.4,-75.0,-16.6,191.06,638995625,638977636,84,16808,16049,11555,16149,853,3,1,True
2026-03-26T14:04:42.917,T1,1,1413,42.419,-58.2,-73.8,-15.6,205.05,638995724,638977636,80,17352,16404,14886,17775,886,3,1,True
2026-03-26T14:04:43.427,T1,1,1414,43.198,-58.3,-75.1,-16.8,156.9,638996057,638977636,100,18163,15690,14830,19448,930,3,1,True
2026-03-26T14:04:43.906,T1,1,1415,43.283,-58.1,-74.8,-16.7,187.9,638996093,638977636,88,16897,16535,11556,16754,858,3,1,True
2026-03-26T14:04:44.418,T1,1,1416,42.499,-57.5,-76.6,-19.0,182.93,638995758,638977636,84,17766,15366,11681,19564,910,3,1,True
2026-03-26T14:04:44.956,T1,1,1417,42.124,-57.6,-75.6,-18.0,183.73,638995598,638977636,88,18017,16168,14388,21007,944,3,1,True
2026-03-26T14:04:45.436,T1,1,1418,42.541,-57.8,-77.1,-19.3,204.67,638995777,638977636,84,16143,17192,11646,20044,929,3,1,True
2026-03-26T14:04:45.918,T1,1,1419,42.354,-58.1,-75.5,-17.5,186.0,638995696,638977636,88,17528,16368,11324,17928,887,3,1,True
2026-03-26T14:04:46.428,T1,1,1420,43.057,-58.8,-75.5,-16.7,185.03,638995997,638977636,100,16937,18503,15741,21248,989,3,1,True
2026-03-26T14:04:46.907,T1,1,1421,43.311,-58.4,-76.3,-17.8,195.67,638996104,638977636,88,17717,17219,10803,18994,925,3,1,True
2026-03-26T14:04:47.417,T1,1,1422,42.715,-58.4,-76.2,-17.7,210.83,638995850,638977636,76,17244,16023,9973,16949,874,3,1,True
2026-03-26T14:04:47.928,T1,1,1423,42.781,-58.1,-76.7,-18.6,178.94,638995879,638977636,88,18235,15747,12827,20574,951,3,1,True
2026-03-26T14:04:48.438,T1,1,1424,42.476,-58.1,-74.7,-16.6,248.29,638995748,638977636,72,16620,17877,14415,19359,923,3,1,True
2026-03-26T14:04:48.917,T1,1,1425,42.265,-58.2,-75.8,-17.6,211.09,638995659,638977636,76,16922,16043,9924,16552,857,3,1,True
2026-03-26T14:04:49.426,T1,1,1426,42.405,-57.8,-79.4,-21.6,192.82,638995718,638977636,72,17150,13883,8083,18694,898,3,1,True
2026-03-26T14:04:49.936,T1,1,1427,42.884,-58.1,-75.4,-17.3,212.76,638995922,638977636,76,17885,16170,13466,19276,921,3,1,True
2026-03-26T14:04:50.417,T1,1,1428,42.086,-58.0,-76.2,-18.2,233.62,638995583,638977636,68,17602,15886,11030,18355,896,3,1,True
2026-03-26T14:04:50.958,T1,1,1429,43.034,-58.1,-72.8,-14.6,248.01,638995986,638977636,68,15944,16865,15865,16574,855,3,1,True
2026-03-26T14:04:51.437,T1,1,1430,42.368,-58.4,-75.4,-17.0,212.34,638995702,638977636,76,16841,16138,10536,16225,853,3,1,True
2026-03-26T14:04:51.917,T1,1,1431,43.522,-58.3,-74.3,-16.0,234.65,638996194,638977636,72,17185,16895,13315,17423,882,3,1,True
2026-03-26T14:04:52.427,T1,1,1432,42.56,-58.7,-75.0,-16.3,215.15,638995784,638977636,80,18003,17212,16974,21355,990,3,1,True
2026-03-26T14:04:52.936,T1,1,1433,42.889,-57.9,-73.7,-15.8,214.21,638995924,638977636,80,16733,17137,13716,17315,868,3,1,True
2026-03-26T14:04:53.416,T1,1,1434,42.799,-58.1,-75.0,-16.8,220.11,638995887,638977636,76,17625,16728,12610,18307,899,3,1,True
2026-03-26T14:04:53.927,T1,1,1435,42.133,-57.9,-74.2,-16.3,218.28,638995602,638977636,76,17473,16589,13906,18168,889,3,1,True
2026-03-26T14:04:54.437,T1,1,1436,42.335,-58.2,-76.1,-17.8,247.22,638995688,638977636,72,16324,17800,13342,19881,940,3,1,True
2026-03-26T14:04:54.916,T1,1,1437,42.546,-58.1,-78.0,-20.0,193.35,638995779,638977636,80,17821,15468,10271,20073,939,3,1,True
2026-03-26T14:04:55.427,T1,1,1438,42.724,-57.7,-76.7,-19.0,204.88,638995854,638977636,76,16705,15571,9464,17346,861,3,1,True
2026-03-26T14:04:55.938,T1,1,1439,43.146,-58.7,-74.3,-15.6,188.11,638996034,638977636,88,15822,16554,15078,16886,879,3,1,True
2026-03-26T14:04:56.418,T1,1,1440,42.523,-59.2,-78.0,-18.8,217.51,638995769,638977636,68,16973,14791,9371,16604,889,3,1,True
2026-03-26T14:04:56.929,T1,1,1441,42.762,-58.5,-74.8,-16.3,179.04,638995871,638977636,96,15707,17188,14636,17798,898,3,1,True
2026-03-26T14:04:57.437,T1,1,1442,43.479,-57.5,-74.4,-16.9,188.74,638996177,638977636,88,16317,16609,13973,18100,875,3,1,True
2026-03-26T14:04:57.917,T1,1,1443,42.349,-57.4,-77.7,-20.3,194.3,638995694,638977636,84,15388,16321,10533,19063,895,3,1,True
2026-03-26T14:04:58.431,T1,1,1444,42.523,-57.5,-77.4,-19.9,205.57,638995769,638977636,80,15140,16446,11229,18881,893,3,1,True
2026-03-26T14:04:58.936,T1,1,1445,42.405,-57.7,-76.3,-18.6,182.97,638995718,638977636,88,16678,16101,10165,17691,870,3,1,True
2026-03-26T14:04:59.418,T1,1,1446,42.57,-57.4,-74.6,-17.2,197.94,638995788,638977636,84,16160,16627,14008,18356,878,3,1,True
2026-03-26T14:04:59.928,T1,1,1447,42.363,-57.4,-75.1,-17.7,164.71,638995701,638977636,92,17392,15153,14413,19113,896,3,1,True
2026-03-26T14:05:00.437,T1,1,1448,43.09,-57.2,-74.4,-17.3,219.01,638996010,638977636,76,17240,16645,12569,18440,872,3,1,True
2026-03-26T14:05:00.947,T1,1,1449,43.128,-57.9,-73.8,-15.9,203.1,638996026,638977636,84,17084,17060,14413,18115,887,3,1,True
2026-03-26T14:05:01.456,T1,1,1450,42.818,-58.0,-75.7,-17.7,199.17,638995894,638977636,84,16367,16730,12671,18369,897,3,1,True
2026-03-26T14:05:01.936,T1,1,1451,42.119,-57.2,-77.5,-20.3,220.81,638995596,638977636,68,17466,15015,9859,19472,898,3,1,True
2026-03-26T14:05:02.447,T1,1,1452,42.232,-57.3,-79.1,-21.8,170.15,638995644,638977636,80,16609,13612,8094,18081,867,3,1,True
2026-03-26T14:05:02.928,T1,1,1453,42.232,-58.3,-75.2,-16.9,207.61,638995645,638977636,80,17404,16609,12706,18112,899,3,1,True
2026-03-26T14:05:03.440,T1,1,1454,42.133,-58.2,-74.8,-16.6,199.0,638995602,638977636,76,17191,15124,15690,18520,905,3,1,True
2026-03-26T14:05:03.946,T1,1,1455,42.091,-58.2,-78.0,-19.8,187.6,638995584,638977636,84,16337,15758,9952,18397,903,3,1,True
2026-03-26T14:05:04.427,T1,1,1456,42.903,-57.5,-75.0,-17.4,170.52,638995930,638977636,92,16677,15688,14444,18638,888,3,1,True
2026-03-26T14:05:04.939,T1,1,1457,43.667,-59.0,-74.0,-15.0,139.56,638996256,638977636,124,16073,17306,15612,17291,899,3,1,True
2026-03-26T14:05:05.448,T1,1,1458,43.268,-59.9,-80.9,-21.0,151.99,638996086,638977636,88,16961,13375,7932,17244,926,3,1,True
2026-03-26T14:05:05.926,T1,1,1459,43.578,-57.4,-74.1,-16.7,186.2,638996218,638977636,88,17220,16386,13030,17737,863,3,1,True
2026-03-26T14:05:06.441,T1,1,1460,43.165,-59.3,-75.8,-16.5,196.32,638996043,638977636,88,14058,17276,14982,17199,906,3,1,True
2026-03-26T14:05:06.947,T1,1,1461,42.837,-58.4,-79.1,-20.8,139.06,638995903,638977636,96,16898,13350,7677,16733,866,3,1,True
2026-03-26T14:05:07.458,T1,1,1462,42.931,-58.3,-74.2,-15.9,200.11,638995942,638977636,84,16877,16809,13590,17182,877,3,1,True
2026-03-26T14:05:07.936,T1,1,1463,42.743,-58.7,-77.4,-18.7,220.24,638995862,638977636,68,15123,14976,14254,18195,915,3,1,True
2026-03-26T14:05:08.446,T1,1,1464,43.095,-58.9,-80.9,-22.0,213.7,638996012,638977636,64,15599,13677,9681,18298,922,3,1,True
2026-03-26T14:05:08.955,T1,1,1465,42.302,-59.4,-79.2,-19.8,307.69,638995674,638977636,52,12629,16000,13293,17737,924,3,1,True
2026-03-26T14:05:09.466,T1,1,1466,42.34,-58.9,-76.9,-18.1,207.68,638995690,638977636,72,15970,14953,13360,17465,900,3,1,True
2026-03-26T14:05:09.946,T1,1,1467,41.936,-58.5,-75.9,-17.4,254.48,638995519,638977636,64,16921,16287,10428,16772,872,3,1,True
2026-03-26T14:05:10.426,T1,1,1468,42.185,-58.0,-77.5,-19.5,184.82,638995625,638977636,88,16961,16264,10936,19740,928,3,1,True
2026-03-26T14:05:10.935,T1,1,1469,42.307,-59.0,-76.8,-17.9,159.48,638995676,638977636,104,15201,16586,11794,16933,889,3,1,True
2026-03-26T14:05:11.445,T1,1,1470,42.762,-58.4,-74.1,-15.7,163.61,638995870,638977636,100,17850,16361,13957,17687,891,3,1,True
2026-03-26T14:05:11.926,T1,1,1471,42.832,-58.4,-75.2,-16.7,152.59,638995901,638977636,108,17355,16480,10757,16686,867,3,1,True
2026-03-26T14:05:12.435,T1,1,1472,42.682,-58.9,-76.4,-17.6,137.77,638995836,638977636,120,17696,16532,9941,17579,903,3,1,True
2026-03-26T14:05:12.946,T1,1,1473,42.903,-58.3,-73.9,-15.6,141.06,638995931,638977636,116,17641,16363,14030,17352,880,3,1,True
2026-03-26T14:05:13.425,T1,1,1474,42.973,-58.7,-76.7,-18.0,135.31,638995960,638977636,112,17185,15155,9561,16340,865,3,1,True
2026-03-26T14:05:13.965,T1,1,1475,42.931,-58.6,-74.2,-15.6,162.0,638995943,638977636,104,16955,16848,12520,16319,861,3,1,True
2026-03-26T14:05:14.447,T1,1,1476,42.813,-59.0,-76.2,-17.2,151.67,638995892,638977636,108,16369,16380,11724,16887,890,3,1,True
2026-03-26T14:05:14.957,T1,1,1477,42.021,-59.1,-75.0,-15.9,155.78,638995554,638977636,112,15577,17447,14372,17297,903,3,1,True
2026-03-26T14:05:15.436,T1,1,1478,42.616,-59.0,-73.7,-14.7,135.02,638995808,638977636,124,16928,16742,13029,15538,853,3,1,True
2026-03-26T14:05:15.947,T1,1,1479,43.142,-58.5,-77.1,-18.6,146.65,638996032,638977636,116,16042,17011,10606,18126,907,3,1,True
2026-03-26T14:05:16.457,T1,1,1480,42.438,-58.5,-75.7,-17.1,162.36,638995733,638977636,104,15313,16885,13487,17475,890,3,1,True
2026-03-26T14:05:16.937,T1,1,1481,42.462,-58.8,-74.0,-15.2,128.89,638995742,638977636,128,17545,16498,16116,18266,920,3,1,True
2026-03-26T14:05:17.447,T1,1,1482,42.133,-59.2,-72.7,-13.5,147.67,638995602,638977636,116,15717,17130,16170,15536,860,3,1,True
2026-03-26T14:05:17.957,T1,1,1483,42.527,-58.7,-75.8,-17.1,138.42,638995770,638977636,124,16775,17164,11633,17661,901,3,1,True
2026-03-26T14:05:18.467,T1,1,1484,43.437,-58.8,-75.1,-16.3,166.68,638996158,638977636,100,17409,16668,11716,16850,883,3,1,True
2026-03-26T14:05:18.975,T1,1,1485,42.344,-58.4,-75.6,-17.2,192.02,638995693,638977636,88,15580,16898,12816,17311,883,3,1,True
2026-03-26T14:05:19.458,T1,1,1486,42.898,-58.7,-73.2,-14.5,217.58,638995928,638977636,76,17226,16536,14358,16117,861,3,1,True
2026-03-26T14:05:19.965,T1,1,1487,42.729,-58.6,-76.2,-17.6,235.37,638995857,638977636,68,16673,16005,9199,15966,853,3,1,True
2026-03-26T14:05:20.445,T1,1,1488,42.457,-58.9,-75.5,-16.6,206.99,638995741,638977636,76,17581,15731,14584,18444,926,3,1,True
2026-03-26T14:05:20.956,T1,1,1489,42.03,-58.3,-74.1,-15.8,220.75,638995559,638977636,76,17471,16777,12760,17027,872,3,1,True
2026-03-26T14:05:21.437,T1,1,1490,42.452,-59.0,-72.2,-13.1,174.85,638995738,638977636,96,16908,16786,15921,15536,854,3,1,True
2026-03-26T14:05:21.947,T1,1,1491,42.443,-58.9,-73.9,-15.0,167.17,638995734,638977636,100,17480,16717,13155,16314,871,3,1,True
2026-03-26T14:05:22.457,T1,1,1492,42.64,-58.1,-75.4,-17.3,238.38,638995819,638977636,72,16955,17163,11462,17998,889,3,1,True
2026-03-26T14:05:22.965,T1,1,1493,42.312,-58.7,-73.9,-15.1,218.14,638995678,638977636,76,16964,16579,12389,15555,846,3,1,True
2026-03-26T14:05:23.475,T1,1,1494,42.795,-58.3,-76.0,-17.7,171.32,638995884,638977636,100,16415,17132,13376,19236,927,3,1,True
2026-03-26T14:05:23.955,T1,1,1495,42.457,-58.9,-73.8,-15.0,179.51,638995741,638977636,92,17534,16515,13336,16248,869,3,1,True
2026-03-26T14:05:24.465,T1,1,1496,41.885,-58.4,-76.7,-18.3,169.39,638995496,638977636,96,16769,16261,12229,18794,918,3,1,True
2026-03-26T14:05:24.947,T1,1,1497,43.057,-58.5,-74.5,-16.0,178.68,638995996,638977636,96,16190,17153,14046,17409,886,3,1,True
2026-03-26T14:05:25.456,T1,1,1498,43.118,-58.0,-74.1,-16.1,145.71,638996023,638977636,116,17408,16902,12746,17470,873,3,1,True
2026-03-26T14:05:25.965,T1,1,1499,42.818,-58.3,-76.6,-18.2,151.09,638995895,638977636,112,15872,16922,11707,18160,901,3,1,True
2026-03-26T14:05:26.446,T1,1,1500,42.87,-58.2,-74.6,-16.4,169.54,638995917,638977636,96,18157,16276,16246,20374,950,3,1,True
2026-03-26T14:05:26.955,T1,1,1501,42.443,-58.8,-73.6,-14.8,180.89,638995735,638977636,92,17076,16642,12809,15565,848,3,1,True
2026-03-26T14:05:27.496,T1,1,1502,42.602,-58.8,-75.8,-17.0,180.75,638995803,638977636,84,17055,15183,13195,17224,891,3,1,True
2026-03-26T14:05:27.946,T1,1,1503,42.438,-59.3,-75.0,-15.8,167.46,638995732,638977636,96,17894,16076,14625,17965,926,3,1,True
2026-03-26T14:05:28.456,T1,1,1504,42.645,-59.1,-77.5,-18.3,183.67,638995821,638977636,92,16306,16898,10926,18170,927,3,1,True
2026-03-26T14:05:28.967,T1,1,1505,43.301,-58.6,-77.1,-18.5,187.38,638996100,638977636,80,17194,14990,8957,16452,866,3,1,True
2026-03-26T14:05:29.447,T1,1,1506,42.931,-58.0,-74.0,-16.0,197.17,638995943,638977636,84,17000,16562,12516,16553,852,3,1,True
2026-03-26T14:05:29.956,T1,1,1507,42.748,-58.4,-73.9,-15.6,188.07,638995864,638977636,88,16364,16550,12641,15669,838,3,1,True
2026-03-26T14:05:30.465,T1,1,1508,42.565,-58.2,-74.7,-16.5,167.61,638995786,638977636,96,17894,16091,15104,19282,924,3,1,True
2026-03-26T14:05:31.004,T1,1,1509,43.367,-58.5,-73.8,-15.3,246.15,638996129,638977636,68,17017,16738,13287,16369,861,3,1,True
2026-03-26T14:05:31.456,T1,1,1510,43.076,-58.6,-75.9,-17.3,292.33,638996005,638977636,60,15918,17540,14334,19297,937,3,1,True
2026-03-26T14:05:31.965,T1,1,1511,42.443,-58.9,-74.1,-15.1,195.49,638995734,638977636,92,18169,17985,16501,20080,968,3,1,True
2026-03-26T14:05:32.476,T1,1,1512,42.48,-57.6,-75.1,-17.5,199.55,638995750,638977636,84,15492,16762,14444,18650,891,3,1,True
2026-03-26T14:05:32.957,T1,1,1513,42.495,-58.5,-76.4,-17.9,153.61,638995756,638977636,96,17307,14747,11989,17358,887,3,1,True
2026-03-26T14:05:33.465,T1,1,1514,42.682,-59.0,-75.5,-16.5,191.98,638995836,638977636,88,17648,16894,11581,17471,903,3,1,True
2026-03-26T14:05:33.974,T1,1,1515,43.118,-58.7,-76.4,-17.7,192.94,638996023,638977636,88,17286,16979,11910,18827,930,3,1,True
2026-03-26T14:05:34.455,T1,1,1516,43.489,-58.6,-73.9,-15.4,188.49,638996180,638977636,96,17574,18095,16701,20192,958,3,1,True
2026-03-26T14:05:34.966,T1,1,1517,43.287,-58.3,-78.5,-20.2,178.23,638996094,638977636,80,16477,14258,8721,17019,870,3,1,True
2026-03-26T14:05:35.475,T1,1,1518,42.18,-58.3,-75.2,-16.9,242.06,638995623,638977636,68,16653,16460,12487,17257,878,3,1,True
2026-03-26T14:05:35.986,T1,1,1519,42.007,-58.8,-81.1,-22.4,207.83,638995548,638977636,72,14120,14964,11230,19644,952,3,1,True
2026-03-26T14:05:36.467,T1,1,1520,42.785,-57.9,-75.5,-17.5,200.97,638995881,638977636,88,16532,17685,13122,19416,919,3,1,True
2026-03-26T14:05:36.977,T1,1,1521,43.329,-57.9,-74.6,-16.6,176.96,638996112,638977636,92,16077,16280,14829,17887,882,3,1,True
2026-03-26T14:05:37.456,T1,1,1522,42.945,-57.9,-77.2,-19.3,142.39,638995949,638977636,108,16921,15378,10837,18519,898,3,1,True
2026-03-26T14:05:37.965,T1,1,1523,42.274,-58.1,-74.0,-15.9,189.07,638995663,638977636,88,16753,16638,13000,16668,855,3,1,True
2026-03-26T14:05:38.475,T1,1,1524,42.443,-58.9,-78.2,-19.2,217.53,638995734,638977636,72,16172,15662,15109,21177,994,3,1,True
2026-03-26T14:05:38.984,T1,1,1525,43.053,-58.4,-75.4,-17.0,248.86,638995995,638977636,72,17387,17918,15968,21704,987,3,1,True
2026-03-26T14:05:39.466,T1,1,1526,42.579,-58.6,-78.2,-19.6,220.43,638995793,638977636,72,15346,15871,14264,20425,964,3,1,True
2026-03-26T14:05:39.977,T1,1,1527,43.526,-59.0,-79.7,-20.7,235.0,638996196,638977636,60,15506,14100,12460,18955,941,3,1,True
2026-03-26T14:05:40.515,T1,1,1528,42.434,-58.9,-78.0,-19.1,224.19,638995731,638977636,80,15849,17935,16632,24183,1061,3,1,True
2026-03-26T14:05:40.997,T1,1,1529,42.293,-58.5,-74.6,-16.1,222.61,638995671,638977636,80,15983,17809,15625,18900,926,3,1,True
2026-03-26T14:05:41.480,T1,1,1530,43.325,-58.5,-77.2,-18.7,185.07,638996110,638977636,84,16616,15546,10100,17196,883,3,1,True
2026-03-26T14:05:41.986,T1,1,1531,42.607,-58.5,-75.9,-17.4,172.92,638995805,638977636,88,18059,15217,13742,18955,925,3,1,True
2026-03-26T14:05:42.467,T1,1,1532,42.687,-58.8,-78.6,-19.8,164.64,638995839,638977636,84,16809,13830,8220,16163,865,3,1,True
2026-03-26T14:05:42.976,T1,1,1533,42.316,-58.9,-78.4,-19.5,154.17,638995680,638977636,96,16390,14800,8644,16454,875,3,1,True
2026-03-26T14:05:43.485,T1,1,1534,42.523,-58.8,-76.6,-17.8,152.71,638995768,638977636,100,16957,15271,11346,16931,885,3,1,True
2026-03-26T14:05:43.995,T1,1,1535,42.738,-59.4,-76.1,-16.7,212.2,638995861,638977636,80,15900,16976,12914,17124,907,3,1,True
2026-03-26T14:05:44.477,T1,1,1536,-5.394,-58.6,-78.7,-20.2,173.64,638975335,638977636,80,17194,13891,8890,17427,890,3,1,True
2026-03-26T14:05:44.984,T1,1,1537,-5.225,-58.5,-74.6,-16.2,210.36,638975407,638977636,80,17254,16829,12704,17317,884,3,1,True
2026-03-26T14:05:45.495,T1,1,1538,-5.727,-58.9,-77.1,-18.1,188.0,638975193,638977636,84,17680,15792,11745,18698,933,3,1,True
2026-03-26T14:05:45.975,T1,1,1539,-5.07,-59.2,-76.1,-16.9,178.23,638975474,638977636,96,15349,17110,13681,17552,913,3,1,True
2026-03-26T14:05:46.485,T1,1,1540,-5.445,-59.9,-76.1,-16.3,172.17,638975313,638977636,100,16324,17217,13608,17562,934,3,1,True
2026-03-26T14:05:46.994,T1,1,1541,-5.605,-59.2,-78.2,-19.0,164.22,638975245,638977636,88,17421,14451,10246,17498,913,3,1,True
2026-03-26T14:05:47.506,T1,1,1542,-4.7,-59.7,-76.6,-16.9,187.33,638975632,638977636,88,16449,16485,12524,17087,918,3,1,True
2026-03-26T14:05:47.986,T1,1,1543,-5.708,-59.0,-77.9,-18.9,189.74,638975202,638977636,88,16715,16697,12018,19829,963,3,1,True
2026-03-26T14:05:48.495,T1,1,1544,-5.239,-58.9,-76.1,-17.2,194.49,638975402,638977636,92,18386,17893,15265,22298,1018,3,1,True
2026-03-26T14:05:49.005,T1,1,1545,-4.878,-58.3,-75.1,-16.8,177.62,638975556,638977636,96,17472,17052,12759,18458,907,3,1,True
2026-03-26T14:05:49.516,T1,1,1546,-5.567,-59.1,-73.1,-14.0,141.98,638975261,638977636,120,15878,17037,15695,15881,865,3,1,True
2026-03-26T14:05:49.997,T1,1,1547,-5.066,-58.7,-74.8,-16.1,167.69,638975475,638977636,96,17579,16098,16204,19326,941,3,1,True
2026-03-26T14:05:50.508,T1,1,1548,-5.399,-58.6,-78.0,-19.5,238.35,638975333,638977636,72,16404,17161,10299,19586,943,3,1,True
2026-03-26T14:05:51.015,T1,1,1549,-4.911,-58.9,-73.9,-15.1,212.25,638975541,638977636,80,15806,16980,15095,16542,876,3,1,True
2026-03-26T14:05:51.495,T1,1,1550,-4.953,-58.1,-76.7,-18.6,228.62,638975524,638977636,72,17707,16461,9794,18738,908,3,1,True
2026-03-26T14:05:52.004,T1,1,1551,-5.342,-58.3,-75.1,-16.8,191.93,638975357,638977636,88,17308,16890,15189,19870,941,3,1,True
2026-03-26T14:05:52.485,T1,1,1552,-5.324,-57.9,-75.7,-17.8,172.88,638975366,638977636,92,17107,15905,13065,18733,902,3,1,True
2026-03-26T14:05:52.995,T1,1,1553,-4.794,-59.1,-73.6,-14.5,218.51,638975591,638977636,80,15097,17481,16527,16705,889,3,1,True
2026-03-26T14:05:53.506,T1,1,1554,-5.689,-58.9,-73.2,-14.4,209.86,638975210,638977636,80,16563,16789,15232,16208,868,3,1,True
2026-03-26T14:05:54.014,T1,1,1555,-4.479,-58.5,-73.4,-14.9,176.49,638975725,638977636,96,17241,16943,13896,16611,868,3,1,True
2026-03-26T14:05:54.496,T1,1,1556,-5.089,-58.8,-74.1,-15.3,203.52,638975466,638977636,88,17668,17910,16585,19890,960,3,1,True
2026-03-26T14:05:55.005,T1,1,1557,-4.4,-58.9,-75.6,-16.7,190.72,638975759,638977636,88,16553,16783,13317,17723,909,3,1,True
2026-03-26T14:05:55.516,T1,1,1558,-4.69,-58.9,-75.5,-16.6,198.65,638975635,638977636,88,16830,17481,14155,18896,938,3,1,True
2026-03-26T14:05:56.024,T1,1,1559,-4.803,-58.9,-77.0,-18.1,210.21,638975588,638977636,80,16094,16817,11555,18050,915,3,1,True
2026-03-26T14:05:56.505,T1,1,1560,-5.68,-58.7,-75.2,-16.6,187.22,638975213,638977636,88,15925,16475,13499,16941,881,3,1,True
2026-03-26T14:05:57.017,T1,1,1561,-5.234,-58.8,-76.0,-17.2,169.04,638975404,638977636,92,16805,15552,15738,19335,945,3,1,True
2026-03-26T14:05:57.524,T1,1,1562,-4.808,-57.6,-78.4,-20.8,158.1,638975585,638977636,100,16962,15810,10930,21135,948,3,1,True
2026-03-26T14:05:58.009,T1,1,1563,-5.661,-58.2,-75.4,-17.2,169.29,638975221,638977636,96,17429,16252,15029,19896,939,3,1,True
2026-03-26T14:05:58.516,T1,1,1564,-4.733,-57.7,-73.9,-16.2,186.85,638975617,638977636,96,17895,17938,16929,21664,964,3,1,True
2026-03-26T14:05:58.994,T1,1,1565,-4.353,-58.6,-77.3,-18.7,194.27,638975780,638977636,80,17942,15542,11197,19136,934,3,1,True
2026-03-26T14:05:59.505,T1,1,1566,-5.666,-58.5,-75.8,-17.3,191.9,638975220,638977636,88,15281,16887,13966,18032,902,3,1,True
2026-03-26T14:06:00.015,T1,1,1567,-4.747,-57.9,-75.3,-17.4,183.97,638975611,638977636,96,17246,17661,15279,21331,962,3,1,True
2026-03-26T14:06:00.525,T1,1,1568,-5.145,-58.5,-79.7,-21.2,170.41,638975442,638977636,80,16565,13633,9189,17948,902,3,1,True
2026-03-26T14:06:01.009,T1,1,1569,-5.248,-58.0,-76.7,-18.7,219.2,638975397,638977636,76,17514,16659,10890,19472,923,3,1,True
2026-03-26T14:06:01.514,T1,1,1570,-5.08,-58.3,-74.8,-16.5,231.74,638975470,638977636,76,15970,17612,15507,19187,926,3,1,True
2026-03-26T14:06:01.995,T1,1,1571,-4.461,-58.6,-74.6,-16.0,210.76,638975733,638977636,88,17807,18547,16666,21595,993,3,1,True
2026-03-26T14:06:02.506,T1,1,1572,-5.155,-58.5,-76.1,-17.6,206.06,638975438,638977636,80,17928,16485,14280,20482,963,3,1,True
2026-03-26T14:06:03.017,T1,1,1573,-4.859,-58.3,-74.8,-16.6,166.39,638975564,638977636,104,15304,17305,14796,18032,896,3,1,True
2026-03-26T14:06:03.537,T1,1,1574,-5.333,-58.4,-76.0,-17.6,192.05,638975361,638977636,84,18599,16132,14218,20830,968,3,1,True
2026-03-26T14:06:04.005,T1,1,1575,-5.286,-58.7,-75.1,-16.4,213.95,638975381,638977636,76,17352,16260,12028,16820,877,3,1,True
2026-03-26T14:06:04.515,T1,1,1576,-4.747,-58.7,-73.0,-14.3,188.12,638975611,638977636,88,16708,16555,14797,15807,852,3,1,True
2026-03-26T14:06:05.056,T1,1,1577,-4.686,-58.5,-75.5,-17.0,216.57,638975637,638977636,76,17444,16459,10778,17097,879,3,1,True
2026-03-26T14:06:05.536,T1,1,1578,-5.596,-58.5,-74.7,-16.2,193.44,638975250,638977636,84,16963,16249,11662,16099,853,3,1,True
2026-03-26T14:06:06.014,T1,1,1579,-5.305,-58.4,-74.8,-16.4,197.49,638975373,638977636,84,17110,16589,11788,16741,867,3,1,True
2026-03-26T14:06:06.524,T1,1,1580,-5.671,-58.7,-75.1,-16.4,145.49,638975217,638977636,112,18335,16295,15739,20065,960,3,1,True
2026-03-26T14:06:07.035,T1,1,1581,-4.864,-58.9,-74.6,-15.6,154.23,638975561,638977636,108,17352,16657,12088,16294,871,3,1,True
2026-03-26T14:06:07.517,T1,1,1582,-4.756,-59.2,-74.2,-15.0,161.83,638975607,638977636,112,16542,18125,16402,18749,942,3,1,True
2026-03-26T14:06:08.029,T1,1,1583,-1.13,-58.9,-77.3,-18.4,197.29,638977154,638977636,72,17114,14205,10308,16332,873,3,1,True
2026-03-26T14:06:08.537,T1,1,1584,-1.595,-58.4,-76.7,-18.4,186.3,638976956,638977636,80,17464,14904,10687,17394,883,3,1,True
2026-03-26T14:06:09.015,T1,1,1585,-1.126,-59.1,-75.7,-16.6,198.87,638977155,638977636,84,17366,16705,12014,17410,905,3,1,True
2026-03-26T14:06:09.525,T1,1,1586,-1.074,-58.4,-78.3,-19.9,172.86,638977177,638977636,84,16332,14520,8356,16501,862,3,1,True
2026-03-26T14:06:10.067,T1,1,1587,-1.618,-58.8,-73.7,-15.0,151.85,638976945,638977636,116,15943,17615,15678,17401,895,3,1,True
2026-03-26T14:06:10.516,T1,1,1588,-1.646,-58.2,-74.5,-16.3,151.71,638976934,638977636,104,17448,15778,13597,17361,877,3,1,True
2026-03-26T14:06:11.024,T1,1,1589,-1.796,-58.9,-73.9,-14.9,148.84,638976870,638977636,112,17115,16670,13409,16061,865,3,1,True
2026-03-26T14:06:11.539,T1,1,1590,-1.346,-58.5,-75.4,-16.8,142.13,638977062,638977636,108,17826,15350,13573,18010,903,3,1,True
2026-03-26T14:06:12.046,T1,1,1591,-2.106,-58.2,-75.0,-16.9,143.0,638976737,638977636,108,17610,15444,13109,17652,883,3,1,True
2026-03-26T14:06:12.526,T1,1,1592,-1.346,-58.7,-75.3,-16.6,155.73,638977062,638977636,100,16430,15573,13342,16630,873,3,1,True
2026-03-26T14:06:13.034,T1,1,1593,-1.144,-59.1,-74.8,-15.7,166.64,638977148,638977636,100,17014,16664,12702,16425,879,3,1,True
2026-03-26T14:06:13.545,T1,1,1594,-2.176,-58.6,-76.5,-17.9,152.45,638976707,638977636,100,16778,15245,11010,16686,873,3,1,True
2026-03-26T14:06:14.025,T1,1,1595,-1.332,-58.8,-73.9,-15.2,166.56,638977067,638977636,104,16385,17322,14641,17031,886,3,1,True
2026-03-26T14:06:14.538,T1,1,1596,-1.093,-59.1,-75.5,-16.4,155.07,638977169,638977636,108,17731,16748,11423,17171,900,3,1,True
2026-03-26T14:06:15.044,T1,1,1597,-2.186,-58.6,-75.9,-17.3,141.65,638976704,638977636,120,17226,16998,11670,18211,910,3,1,True
2026-03-26T14:06:15.525,T1,1,1598,-0.84,-58.4,-75.9,-17.5,172.86,638977278,638977636,100,16872,17286,12133,18644,916,3,1,True
2026-03-26T14:06:16.035,T1,1,1599,-1.951,-58.7,-72.6,-13.8,187.83,638976804,638977636,88,16545,16529,15563,15669,849,3,1,True
2026-03-26T14:06:16.574,T1,1,1600,-1.59,-58.4,-74.9,-16.5,193.88,638976958,638977636,84,17897,16286,13064,17995,900,3,1,True
2026-03-26T14:06:17.027,T1,1,1601,-1.271,-58.6,-77.1,-18.5,179.19,638977094,638977636,84,17626,15052,10553,17804,901,3,1,True
2026-03-26T14:06:17.535,T1,1,1602,-1.266,-58.6,-77.2,-18.6,208.05,638977095,638977636,80,15106,16644,12353,18131,908,3,1,True
2026-03-26T14:06:18.045,T1,1,1603,-1.712,-58.6,-78.9,-20.3,199.24,638976906,638977636,84,16199,16736,10357,20132,957,3,1,True
2026-03-26T14:06:18.555,T1,1,1604,-1.759,-58.0,-74.6,-16.6,213.5,638976885,638977636,80,16334,17080,13603,17856,883,3,1,True
2026-03-26T14:06:19.036,T1,1,1605,-2.007,-59.2,-78.9,-19.8,211.53,638976779,638977636,68,17517,14384,8616,17575,912,3,1,True
2026-03-26T14:06:19.545,T1,1,1606,1.923,-58.7,-74.1,-15.3,189.12,638978456,638977636,88,16794,16643,13016,16015,858,3,1,True
2026-03-26T14:06:20.060,T1,1,1607,2.458,-58.1,-73.8,-15.7,175.39,638978685,638977636,100,15726,17539,16157,18431,901,3,1,True
2026-03-26T14:06:20.536,T1,1,1608,1.66,-58.1,-74.7,-16.6,182.82,638978345,638977636,92,16837,16819,12487,17399,875,3,1,True
2026-03-26T14:06:21.046,T1,1,1609,1.67,-58.3,-74.6,-16.3,195.21,638978348,638977636,84,16904,16398,11674,16304,853,3,1,True
2026-03-26T14:06:21.525,T1,1,1610,2.397,-58.5,-74.9,-16.4,197.83,638978659,638977636,84,16557,16618,11773,16314,860,3,1,True
2026-03-26T14:06:22.037,T1,1,1611,2.275,-58.3,-75.3,-17.0,229.49,638978607,638977636,72,17499,16523,11421,17536,884,3,1,True
2026-03-26T14:06:22.545,T1,1,1612,1.21,-58.5,-74.8,-16.3,198.26,638978152,638977636,84,17504,16654,12429,17313,886,3,1,True
2026-03-26T14:06:23.058,T1,1,1613,2.162,-58.6,-74.7,-16.2,201.88,638978559,638977636,80,16308,16150,15335,17749,898,3,1,True
2026-03-26T14:06:23.536,T1,1,1614,2.209,-58.4,-74.4,-16.0,172.2,638978579,638977636,100,16237,17220,13876,17378,883,3,1,True
2026-03-26T14:06:24.043,T1,1,1615,1.993,-58.4,-75.1,-16.7,190.72,638978486,638977636,88,16179,16783,12680,17055,874,3,1,True
2026-03-26T14:06:24.559,T1,1,1616,1.276,-57.9,-74.8,-16.9,180.45,638978180,638977636,88,16233,15880,16488,19353,917,3,1,True
2026-03-26T14:06:25.033,T1,1,1617,1.867,-57.7,-76.3,-18.6,191.47,638978433,638977636,88,17973,16849,10320,19692,918,3,1,True
2026-03-26T14:06:25.546,T1,1,1618,2.345,-57.3,-73.9,-16.6,277.98,638978636,638977636,60,15514,16679,15447,18205,870,3,1,True
2026-03-26T14:06:26.054,T1,1,1619,2.331,-57.2,-73.6,-16.5,195.8,638978631,638977636,84,17389,16447,15226,19127,889,3,1,True
2026-03-26T14:06:26.563,T1,1,1620,2.139,-57.9,-75.7,-17.8,204.21,638978549,638977636,80,17723,16337,10505,18002,885,3,1,True
2026-03-26T14:06:27.073,T1,1,1621,2.284,-57.6,-77.0,-19.4,193.07,638978610,638977636,88,16857,16990,10338,19815,919,3,1,True
2026-03-26T14:06:27.554,T1,1,1622,1.928,-57.6,-75.1,-17.5,160.73,638978459,638977636,100,16963,16073,14857,19612,913,3,1,True
2026-03-26T14:06:28.036,T1,1,1623,2.683,-58.5,-74.2,-15.7,180.5,638978780,638977636,100,15662,18050,16371,18889,925,3,1,True
2026-03-26T14:06:28.546,T1,1,1624,2.139,-57.8,-76.1,-18.3,233.61,638978548,638977636,72,17730,16820,11134,19459,915,3,1,True
2026-03-26T14:06:29.056,T1,1,1625,1.754,-58.9,-84.8,-25.9,140.85,638978385,638977636,96,12454,13522,11517,21492,999,3,1,True
2026-03-26T14:06:29.563,T1,1,1626,1.51,-57.8,-76.4,-18.6,184.07,638978281,638977636,80,16925,14726,11572,17630,871,3,1,True
2026-03-26T14:06:30.044,T1,1,1627,2.369,-57.3,-74.0,-16.7,168.24,638978647,638977636,100,16983,16824,13719,18414,875,3,1,True
2026-03-26T14:06:30.555,T1,1,1628,2.72,-57.3,-76.0,-18.7,205.4,638978797,638977636,80,14921,16432,12466,17996,866,3,1,True
2026-03-26T14:06:31.068,T1,1,1629,9.432,-57.8,-72.6,-14.9,210.55,638981658,638977636,80,15693,16844,16183,16854,852,3,1,True
2026-03-26T14:06:31.573,T1,1,1630,9.414,-57.5,-76.9,-19.4,209.41,638981651,638977636,80,17540,16753,10497,20415,927,3,1,True
2026-03-26T14:06:32.056,T1,1,1631,9.479,-58.1,-74.6,-16.5,189.2,638981679,638977636,88,16906,16650,11907,16777,859,3,1,True
2026-03-26T14:06:32.566,T1,1,1632,9.141,-58.1,-75.0,-17.0,181.9,638981534,638977636,84,17335,15280,13136,17389,874,3,1,True
2026-03-26T14:06:33.074,T1,1,1633,8.888,-58.7,-74.5,-15.8,193.75,638981427,638977636,88,15998,17050,14856,17444,893,3,1,True
2026-03-26T14:06:33.556,T1,1,1634,9.31,-58.1,-74.7,-16.6,199.3,638981606,638977636,84,16732,16741,13237,17684,882,3,1,True
2026-03-26T14:06:34.065,T1,1,1635,9.076,-58.4,-76.5,-18.0,204.07,638981507,638977636,84,16541,17142,11714,18666,917,3,1,True
2026-03-26T14:06:34.576,T1,1,1636,8.649,-58.0,-77.0,-18.9,181.3,638981325,638977636,84,16827,15229,9521,17104,865,3,1,True
2026-03-26T14:06:35.083,T1,1,1637,8.508,-58.6,-80.1,-21.5,172.95,638981264,638977636,76,16651,13144,7966,17353,889,3,1,True
2026-03-26T14:06:35.566,T1,1,1638,8.874,-58.6,-75.0,-16.4,234.32,638981420,638977636,72,17107,16871,13932,18240,913,3,1,True
2026-03-26T14:06:36.076,T1,1,1639,9.54,-58.4,-77.4,-19.0,190.18,638981704,638977636,84,17340,15975,10098,18675,916,3,1,True
2026-03-26T14:06:36.554,T1,1,1640,9.146,-58.3,-74.5,-16.2,222.47,638981537,638977636,76,17924,16908,13788,18597,912,3,1,True
2026-03-26T14:06:37.071,T1,1,1641,8.616,-57.6,-75.2,-17.6,169.18,638981310,638977636,96,17282,16241,11391,17820,870,3,1,True
2026-03-26T14:06:37.574,T1,1,1642,9.503,-58.6,-78.9,-20.4,195.44,638981689,638977636,84,14261,16417,12748,19776,948,3,1,True
2026-03-26T14:06:38.084,T1,1,1643,8.382,-59.1,-78.0,-19.0,218.81,638981210,638977636,68,16879,14879,15592,21170,998,3,1,True
2026-03-26T14:06:38.593,T1,1,1644,9.381,-57.5,-76.2,-18.6,242.81,638981637,638977636,68,17491,16511,11158,19428,907,3,1,True
2026-03-26T14:06:39.073,T1,1,1645,8.611,-58.2,-79.4,-21.2,206.28,638981309,638977636,64,16330,13202,9868,17785,888,3,1,True
2026-03-26T14:06:39.584,T1,1,1646,9.423,-58.7,-74.7,-16.0,208.84,638981655,638977636,80,17624,16707,15912,19382,943,3,1,True
2026-03-26T14:06:40.065,T1,1,1647,9.414,-58.8,-75.0,-16.2,192.73,638981650,638977636,84,17275,16189,16211,19187,941,3,1,True
2026-03-26T14:06:40.574,T1,1,1648,5.699,-57.5,-79.3,-21.7,205.15,638980066,638977636,68,16810,13950,8792,18994,897,3,1,True
2026-03-26T14:06:41.083,T1,1,1649,5.9,-58.2,-76.5,-18.3,192.06,638980153,638977636,88,15786,16901,13694,19451,929,3,1,True
2026-03-26T14:06:41.565,T1,1,1650,5.741,-58.9,-77.4,-18.6,239.13,638980085,638977636,68,15741,16261,12347,18290,921,3,1,True
2026-03-26T14:06:42.075,T1,1,1651,5.305,-57.9,-78.1,-20.2,230.1,638979899,638977636,68,16079,15647,13139,20772,949,3,1,True
2026-03-26T14:06:42.586,T1,1,1652,5.338,-58.2,-80.3,-22.1,251.25,638979912,638977636,64,17687,16080,11001,24320,1039,3,1,True
2026-03-26T14:06:43.065,T1,1,1653,5.619,-58.8,-80.7,-21.9,257.88,638980033,638977636,60,14283,15473,11552,20006,962,3,1,True
2026-03-26T14:06:43.575,T1,1,1654,6.36,-58.2,-78.2,-20.0,187.75,638980349,638977636,76,16395,14269,11852,18664,908,3,1,True
2026-03-26T14:06:44.085,T1,1,1655,5.103,-58.4,-79.9,-21.6,215.24,638979812,638977636,72,14924,15497,10208,19179,928,3,1,True
2026-03-26T14:06:44.566,T1,1,1656,5.877,-58.8,-76.2,-17.4,214.35,638980142,638977636,72,16981,15433,15336,19342,944,3,1,True
2026-03-26T14:06:45.073,T1,1,1657,5.422,-59.1,-76.6,-17.5,179.8,638979948,638977636,84,16601,15103,14930,18589,935,3,1,True
2026-03-26T14:06:45.583,T1,1,1658,4.822,-58.8,-76.0,-17.2,173.89,638979692,638977636,92,17190,15998,15435,19738,955,3,1,True
2026-03-26T14:06:46.093,T1,1,1659,4.911,-58.4,-78.4,-19.9,220.61,638979731,638977636,80,18013,17649,12966,24270,1046,3,1,True
2026-03-26T14:06:46.573,T1,1,1660,5.854,-58.2,-74.3,-16.1,217.66,638980132,638977636,80,17356,17413,16202,20077,943,3,1,True
2026-03-26T14:06:47.084,T1,1,1661,5.605,-58.8,-74.3,-15.6,232.64,638980027,638977636,76,17684,17681,15900,19615,951,3,1,True
2026-03-26T14:06:47.593,T1,1,1662,5.445,-58.6,-76.2,-17.6,174.89,638979959,638977636,92,16447,16090,12120,17438,890,3,1,True
2026-03-26T14:06:48.105,T1,1,1663,5.155,-59.6,-75.3,-15.7,174.31,638979835,638977636,96,16064,16734,13562,16314,891,3,1,True
2026-03-26T14:06:48.585,T1,1,1664,5.019,-58.0,-74.4,-16.5,191.27,638979777,638977636,84,16553,16067,12688,16494,848,3,1,True
2026-03-26T14:06:49.093,T1,1,1665,5.211,-58.0,-75.0,-17.0,208.34,638979859,638977636,80,16757,16667,11239,16908,861,3,1,True
2026-03-26T14:06:49.603,T1,1,1666,4.986,-58.2,-74.0,-15.8,218.41,638979762,638977636,76,16562,16599,12436,15985,842,3,1,True
2026-03-26T14:06:50.112,T1,1,1667,5.929,-58.0,-72.8,-14.8,203.43,638980165,638977636,84,16800,17088,15196,17055,864,3,1,True
2026-03-26T14:06:50.595,T1,1,1668,6.022,-58.7,-74.1,-15.4,182.45,638980204,638977636,100,16928,18245,16788,19988,956,3,1,True
2026-03-26T14:06:51.073,T1,1,1669,6.004,-58.8,-81.6,-22.8,152.74,638980196,638977636,88,15225,13441,8282,17763,906,3,1,True
2026-03-26T14:06:51.584,T1,1,1670,5.816,-58.9,-81.4,-22.5,144.72,638980117,638977636,104,16174,15051,10000,21196,994,3,1,True
2026-03-26T14:06:52.094,T1,1,1671,5.886,-58.5,-78.9,-20.5,144.88,638980147,638977636,96,16111,13908,12642,19205,931,3,1,True
2026-03-26T14:06:52.606,T1,1,1672,5.68,-58.1,-78.7,-20.6,178.45,638980058,638977636,88,16714,15704,10424,20078,940,3,1,True
2026-03-26T14:06:53.088,T1,1,1673,5.83,-58.8,-82.9,-24.0,157.51,638980123,638977636,80,14549,12601,9001,18119,916,3,1,True
2026-03-26T14:06:53.594,T1,1,1674,6.074,-58.5,-81.6,-23.1,206.32,638980226,638977636,68,11862,14030,11761,17848,900,3,1,True
2026-03-26T14:06:54.104,T1,1,1675,5.497,-59.4,-83.3,-24.0,167.13,638979981,638977636,104,13934,17382,11666,25242,1101,3,1,True
2026-03-26T14:06:54.614,T1,1,1676,5.708,-59.4,-83.2,-23.7,180.21,638980071,638977636,80,14822,14417,8414,19609,973,3,1,True
2026-03-26T14:06:55.123,T1,1,1677,5.825,-59.1,-84.5,-25.4,154.89,638980121,638977636,88,14052,13630,10092,21428,1006,3,1,True
2026-03-26T14:06:55.604,T1,1,1678,5.558,-58.7,-82.0,-23.3,164.23,638980006,638977636,80,12320,13138,12741,18578,922,3,1,True
2026-03-26T14:06:56.084,T1,1,1679,5.352,-59.5,-83.2,-23.7,187.21,638979918,638977636,92,13195,17223,12009,24069,1081,3,1,True
2026-03-26T14:06:56.593,T1,1,1680,5.68,-59.2,-82.5,-23.3,247.37,638980059,638977636,60,11859,14842,9911,17512,912,3,1,True
2026-03-26T14:06:57.105,T1,1,1681,5.056,-59.3,-80.1,-20.8,269.05,638979793,638977636,60,13723,16143,11829,18880,950,3,1,True
2026-03-26T14:06:57.613,T1,1,1682,5.455,-59.2,-81.7,-22.5,227.48,638979962,638977636,64,8614,14559,13601,16950,898,3,1,True
2026-03-26T14:06:58.093,T1,1,1683,5.361,-60.6,-82.6,-22.0,195.72,638979922,638977636,88,13151,17223,11729,21146,1051,3,1,True
2026-03-26T14:06:58.604,T1,1,1684,5.281,-59.5,-80.1,-20.6,171.51,638979889,638977636,80,13737,13721,12837,17103,911,3,1,True
2026-03-26T14:06:59.114,T1,1,1685,5.718,-59.5,-80.5,-21.0,181.1,638980075,638977636,68,14225,12315,12176,16298,889,3,1,True
2026-03-26T14:06:59.624,T1,1,1686,4.822,-59.5,-83.4,-24.0,202.05,638979692,638977636,64,9741,12931,12948,17157,911,3,1,True
2026-03-26T14:07:00.103,T1,1,1687,4.944,-58.7,-78.2,-19.4,230.76,638979744,638977636,72,17465,16615,11091,20585,972,3,1,True
2026-03-26T14:07:00.615,T1,1,1688,5.591,-58.3,-75.5,-17.1,161.11,638980021,638977636,92,17360,14822,13097,17222,878,3,1,True
2026-03-26T14:07:01.123,T1,1,1689,5.506,-58.5,-75.3,-16.8,209.93,638979984,638977636,80,17324,16794,12433,17953,900,3,1,True
2026-03-26T14:07:01.604,T1,1,1690,-8.583,-58.4,-78.3,-19.9,189.45,638973975,638977636,84,15238,15914,11366,18502,913,3,1,True
2026-03-26T14:07:02.113,T1,1,1691,-8.672,-58.0,-76.5,-18.5,198.9,638973938,638977636,84,17529,16708,12782,20481,946,3,1,True
2026-03-26T14:07:02.624,T1,1,1692,-8.171,-58.6,-77.3,-18.7,228.74,638974151,638977636,72,15760,16469,11466,18057,907,3,1,True
2026-03-26T14:07:03.102,T1,1,1693,-7.519,-58.5,-74.8,-16.3,259.0,638974430,638977636,68,16576,17612,15414,19294,934,3,1,True
2026-03-26T14:07:03.612,T1,1,1694,-8.611,-58.3,-78.5,-20.2,169.8,638973964,638977636,84,16907,14263,8753,17408,882,3,1,True
2026-03-26T14:07:04.121,T1,1,1695,-8.006,-58.8,-78.4,-19.6,186.8,638974222,638977636,84,15710,15691,9817,17403,897,3,1,True
2026-03-26T14:07:04.605,T1,1,1696,-7.72,-58.1,-79.4,-21.3,153.88,638974343,638977636,88,16775,13541,8737,17948,890,3,1,True
2026-03-26T14:07:05.113,T1,1,1697,-7.861,-58.5,-78.3,-19.9,202.51,638974284,638977636,80,15368,16201,10257,18153,906,3,1,True
2026-03-26T14:07:05.622,T1,1,1698,-8.668,-57.9,-76.2,-18.3,186.76,638973939,638977636,84,16865,15688,11245,17767,879,3,1,True
2026-03-26T14:07:06.132,T1,1,1699,-8.677,-57.9,-76.7,-18.8,186.21,638973936,638977636,80,16912,14897,10979,17543,872,3,1,True
2026-03-26T14:07:06.614,T1,1,1700,-8.039,-58.3,-77.5,-19.2,168.5,638974208,638977636,100,16874,16850,10364,19435,930,3,1,True
2026-03-26T14:07:07.124,T1,1,1701,-8.977,-57.9,-75.3,-17.4,220.32,638973807,638977636,76,16526,16744,13302,18516,896,3,1,True
2026-03-26T14:07:07.636,T1,1,1702,-8.138,-58.3,-74.4,-16.0,173.78,638974165,638977636,96,17766,16683,16296,19854,942,3,1,True
2026-03-26T14:07:08.113,T1,1,1703,-8.607,-58.9,-75.9,-17.0,185.01,638973966,638977636,88,17348,16281,10375,16670,880,3,1,True
2026-03-26T14:07:08.623,T1,1,1704,-8.55,-58.3,-74.1,-15.8,175.4,638973989,638977636,100,15328,17540,15549,17831,893,3,1,True
2026-03-26T14:07:09.133,T1,1,1705,-8.71,-58.8,-76.4,-17.6,180.67,638973921,638977636,88,17526,15899,12940,18737,931,3,1,True
2026-03-26T14:07:09.614,T1,1,1706,-8.762,-57.7,-73.5,-15.8,197.18,638973900,638977636,92,16872,18141,17287,20736,943,3,1,True
2026-03-26T14:07:10.124,T1,1,1707,-8.344,-59.3,-82.6,-23.3,180.59,638974078,638977636,80,17782,14447,8490,22792,1043,3,1,True
2026-03-26T14:07:10.636,T1,1,1708,-8.776,-58.9,-75.5,-16.7,242.06,638973894,638977636,72,13891,17428,15798,18007,914,3,1,True
2026-03-26T14:07:11.112,T1,1,1709,-8.733,-59.0,-78.4,-19.4,214.73,638973911,638977636,84,15783,18037,15022,23292,1044,3,1,True
2026-03-26T14:07:11.622,T1,1,1710,-8.841,-58.6,-78.9,-20.3,204.93,638973865,638977636,72,14424,14755,12191,17849,902,3,1,True
2026-03-26T14:07:12.133,T1,1,1711,-8.002,-58.6,-79.2,-20.6,206.22,638974223,638977636,72,15366,14848,9408,17259,888,3,1,True
2026-03-26T14:07:12.643,T1,1,1712,-9.179,-58.9,-79.0,-20.1,187.01,638973722,638977636,80,13156,14961,13439,17657,906,3,1,True
2026-03-26T14:07:13.154,T1,1,1713,-7.725,-58.7,-80.7,-22.0,175.96,638974341,638977636,84,14171,14781,9663,17836,905,3,1,True
2026-03-26T14:07:13.635,T1,1,1714,-8.687,-58.5,-78.0,-19.5,216.86,638973932,638977636,76,16300,16481,11747,19835,948,3,1,True
2026-03-26T14:07:14.143,T1,1,1715,-8.246,-59.1,-81.9,-22.7,143.09,638974119,638977636,88,16466,12592,8719,18561,937,3,1,True
2026-03-26T14:07:14.623,T1,1,1716,-8.119,-57.6,-72.3,-14.8,198.24,638974174,638977636,84,16452,16652,16026,17014,850,3,1,True
2026-03-26T14:07:15.136,T1,1,1717,-8.616,-58.1,-74.2,-16.1,220.93,638973962,638977636,76,15786,16791,15377,17804,884,3,1,True
2026-03-26T14:07:15.645,T1,1,1718,-9.052,-60.0,-75.4,-15.4,191.25,638973775,638977636,92,16065,17595,16240,18435,961,3,1,True
2026-03-26T14:07:16.123,T1,1,1719,-9.245,-60.4,-79.2,-18.8,217.13,638973693,638977636,76,17133,16502,10929,19128,994,3,1,True
2026-03-26T14:07:16.634,T1,1,1720,-8.382,-59.2,-83.8,-24.6,163.74,638974061,638977636,84,14442,13754,10262,21031,999,3,1,True
2026-03-26T14:07:17.143,T1,1,1721,-8.963,-58.9,-77.9,-19.1,228.72,638973814,638977636,72,16431,16468,11491,19163,943,3,1,True
2026-03-26T14:07:17.624,T1,1,1722,-7.772,-58.8,-75.3,-16.6,191.12,638974322,638977636,88,15940,16819,13951,17511,898,3,1,True
2026-03-26T14:07:18.134,T1,1,1723,-8.147,-57.8,-73.9,-16.1,198.39,638974162,638977636,84,16908,16665,12907,16970,855,3,1,True
2026-03-26T14:07:18.643,T1,1,1724,-8.813,-58.1,-78.2,-20.1,148.59,638973878,638977636,96,16770,14265,9982,17927,888,3,1,True
2026-03-26T14:07:19.122,T1,1,1725,-8.128,-58.5,-76.4,-17.9,184.94,638974170,638977636,80,15506,14795,14440,17578,891,3,1,True
2026-03-26T14:07:19.633,T1,1,1726,-8.898,-58.3,-76.5,-18.2,193.68,638973842,638977636,80,17760,15494,13370,19656,938,3,1,True
2026-03-26T14:07:20.142,T1,1,1727,-8.41,-59.8,-74.6,-14.9,180.89,638974050,638977636,92,16462,16642,12305,14892,858,3,1,True
2026-03-26T14:07:20.652,T1,1,1728,-8.499,-58.1,-75.3,-17.2,203.74,638974011,638977636,80,16552,16299,10926,16452,851,3,1,True
2026-03-26T14:07:21.137,T1,1,1729,-8.391,-57.6,-74.2,-16.6,203.01,638974057,638977636,88,15548,17865,16537,19992,923,3,1,True
2026-03-26T14:07:21.644,T1,1,1730,-9.132,-57.1,-74.9,-17.8,190.85,638973741,638977636,92,16557,17558,13461,19985,905,3,1,True
2026-03-26T14:07:22.154,T1,1,1731,-8.672,-59.0,-76.8,-17.9,177.17,638973938,638977636,96,18751,17008,14672,22429,1024,3,1,True
2026-03-26T14:07:22.633,T1,1,1732,-8.832,-58.0,-77.3,-19.3,191.55,638973869,638977636,84,18366,16090,12433,21793,976,3,1,True
2026-03-26T14:07:23.142,T1,1,1733,-8.302,-57.9,-77.5,-19.7,224.14,638974095,638977636,80,13580,17931,14193,20997,953,3,1,True
2026-03-26T14:07:23.683,T1,1,1734,-8.926,-57.9,-77.3,-19.3,211.71,638973830,638977636,72,17310,15243,9777,18199,890,3,1,True
2026-03-26T14:07:24.132,T1,1,1735,-9.104,-57.3,-75.3,-18.0,215.91,638973754,638977636,80,16951,17273,12745,19796,909,3,1,True
2026-03-26T14:07:24.642,T1,1,1736,-8.157,-58.5,-78.3,-19.8,213.54,638974157,638977636,76,15145,16229,10550,18045,904,3,1,True
2026-03-26T14:07:25.153,T1,1,1737,-8.321,-58.1,-76.5,-18.4,197.54,638974088,638977636,80,14824,15803,15646,19363,924,3,1,True
2026-03-26T14:07:25.632,T1,1,1738,-8.128,-58.8,-75.4,-16.6,178.32,638974170,638977636,96,17168,17119,16606,20784,980,3,1,True
2026-03-26T14:07:26.142,T1,1,1739,-8.747,-58.4,-74.2,-15.8,194.86,638973906,638977636,92,15836,17927,15767,18615,914,3,1,True
2026-03-26T14:07:26.684,T1,1,1740,6.299,-59.2,-77.7,-18.5,179.26,638980323,638977636,96,16251,17209,11459,18960,948,3,1,True
2026-03-26T14:07:27.135,T1,1,1741,5.642,-58.6,-75.3,-16.6,216.29,638980042,638977636,80,16948,17303,12734,18000,907,3,1,True
2026-03-26T14:07:27.642,T1,1,1742,5.975,-58.4,-76.3,-17.9,191.79,638980184,638977636,84,17316,16110,10198,17381,885,3,1,True
2026-03-26T14:07:28.153,T1,1,1743,5.647,-58.0,-75.2,-17.2,186.36,638980044,638977636,88,17144,16400,11799,17522,875,3,1,True
2026-03-26T14:07:28.662,T1,1,1744,5.746,-58.9,-76.4,-17.5,191.86,638980086,638977636,88,16456,16884,13575,18926,937,3,1,True
2026-03-26T14:07:29.141,T1,1,1745,6.032,-58.9,-75.8,-16.9,217.71,638980209,638977636,84,16131,18288,15477,20426,975,3,1,True
2026-03-26T14:07:29.655,T1,1,1746,6.187,-59.2,-75.8,-16.6,168.37,638980274,638977636,100,18156,16837,15133,20293,981,3,1,True
2026-03-26T14:07:30.164,T1,1,1747,5.652,-58.7,-75.5,-16.8,179.02,638980046,638977636,92,17195,16470,11529,17094,884,3,1,True
2026-03-26T14:07:30.647,T1,1,1748,4.883,-58.7,-75.7,-17.0,210.09,638979718,638977636,80,17371,16807,11875,17898,907,3,1,True
2026-03-26T14:07:31.152,T1,1,1749,5.169,-59.2,-74.9,-15.8,223.28,638979840,638977636,76,16758,16969,12936,16674,889,3,1,True
2026-03-26T14:07:31.662,T1,1,1750,6.187,-59.0,-74.7,-15.7,171.02,638980274,638977636,100,15409,17102,14914,16982,893,3,1,True
2026-03-26T14:07:32.141,T1,1,1751,5.141,-59.0,-75.8,-16.8,219.26,638979829,638977636,80,16122,17541,14125,18701,936,3,1,True
2026-03-26T14:07:32.655,T1,1,1752,6.074,-59.2,-75.5,-16.3,190.38,638980226,638977636,88,17270,16753,12195,17116,900,3,1,True
2026-03-26T14:07:33.164,T1,1,1753,5.596,-59.2,-75.3,-16.1,176.6,638980023,638977636,92,17685,16247,13686,17733,918,3,1,True
2026-03-26T14:07:33.642,T1,1,1754,5.089,-59.4,-74.6,-15.2,236.65,638979806,638977636,72,17139,17039,13569,16789,899,3,1,True
2026-03-26T14:07:34.152,T1,1,1755,5.272,-59.0,-73.0,-14.0,195.64,638979884,638977636,84,16397,16434,15472,15622,856,3,1,True
2026-03-26T14:07:34.662,T1,1,1756,5.821,-58.9,-77.0,-18.1,196.58,638980119,638977636,84,16095,16513,10457,17078,892,3,1,True
2026-03-26T14:07:35.144,T1,1,1757,5.131,-59.2,-74.8,-15.6,177.64,638979824,638977636,92,17126,16343,16363,18549,938,3,1,True
2026-03-26T14:07:35.654,T1,1,1758,6.459,-59.1,-74.7,-15.5,166.9,638980390,638977636,96,17363,16022,16391,18447,934,3,1,True
2026-03-26T14:07:36.163,T1,1,1759,5.028,-58.6,-75.6,-16.9,200.81,638979780,638977636,84,16333,16868,12063,17096,884,3,1,True
2026-03-26T14:07:36.671,T1,1,1760,4.151,-58.5,-74.8,-16.3,210.55,638979407,638977636,80,16392,16844,13012,17011,876,3,1,True
2026-03-26T14:07:37.183,T1,1,1761,3.809,-59.1,-76.0,-16.8,214.57,638979260,638977636,80,15621,17166,14590,18330,931,3,1,True
2026-03-26T14:07:37.663,T1,1,1762,3.597,-58.8,-76.8,-18.0,182.32,638979170,638977636,88,17217,16044,9518,17040,888,3,1,True
2026-03-26T14:07:38.173,T1,1,1763,3.264,-58.5,-73.7,-15.2,186.46,638979028,638977636,92,16144,17154,15107,17069,880,3,1,True
2026-03-26T14:07:38.653,T1,1,1764,3.33,-59.3,-75.4,-16.1,184.78,638979056,638977636,88,15297,16261,16432,17807,924,3,1,True
2026-03-26T14:07:39.193,T1,1,1765,3.794,-58.8,-75.5,-16.6,198.57,638979255,638977636,84,14895,16680,15604,17870,910,3,1,True
2026-03-26T14:07:39.674,T1,1,1766,3.64,-58.9,-76.4,-17.6,178.05,638979188,638977636,92,17932,16381,14481,20511,976,3,1,True
2026-03-26T14:07:40.151,T1,1,1767,3.954,-59.1,-75.8,-16.7,151.94,638979323,638977636,108,18765,16410,14813,20392,980,3,1,True
2026-03-26T14:07:40.663,T1,1,1768,4.123,-59.7,-74.2,-14.6,159.44,638979395,638977636,104,16403,16582,12462,14600,846,3,1,True
2026-03-26T14:07:41.142,T1,1,1769,3.274,-59.6,-75.9,-16.2,162.35,638979032,638977636,96,17025,15586,11117,15364,867,3,1,True
2026-03-26T14:07:41.652,T1,1,1770,3.48,-60.1,-72.8,-12.7,186.02,638979120,638977636,88,16563,16370,15374,14309,850,3,1,True
2026-03-26T14:07:42.161,T1,1,1771,3.452,-59.7,-77.2,-17.6,130.97,638979109,638977636,116,17214,15192,10461,16344,895,3,1,True
2026-03-26T14:07:42.672,T1,1,1772,3.715,-59.3,-77.4,-18.1,144.41,638979220,638977636,100,17437,14441,10758,16688,893,3,1,True
2026-03-26T14:07:43.153,T1,1,1773,4.179,-59.9,-76.3,-16.4,153.47,638979418,638977636,112,16223,17189,12140,16702,913,3,1,True
2026-03-26T14:07:43.663,T1,1,1774,3.715,-59.5,-76.2,-16.7,144.34,638979220,638977636,116,17076,16743,11630,17119,910,3,1,True
2026-03-26T14:07:44.174,T1,1,1775,-0.145,-59.4,-75.9,-16.6,181.25,638977574,638977636,88,16884,15950,12433,16622,894,3,1,True
2026-03-26T14:07:44.652,T1,1,1776,-0.469,-59.6,-74.9,-15.3,175.27,638977436,638977636,92,17831,16125,13577,16711,903,3,1,True
2026-03-26T14:07:45.161,T1,1,1777,-0.047,-59.8,-74.6,-14.8,165.12,638977616,638977636,104,17343,17172,17184,18885,966,3,1,True
2026-03-26T14:07:45.701,T1,1,1778,0.844,-59.1,-76.8,-17.7,189.83,638977996,638977636,84,17420,15946,9195,16635,885,3,1,True
2026-03-26T14:07:46.152,T1,1,1779,0.038,-59.2,-75.4,-16.2,170.6,638977652,638977636,96,17128,16378,11338,16136,876,3,1,True
2026-03-26T14:07:46.662,T1,1,1780,0.755,-59.5,-76.7,-17.2,178.7,638977959,638977636,100,19089,17870,13967,22005,1034,3,1,True
2026-03-26T14:07:47.173,T1,1,1781,0.408,-83.4,-76.8,6.6,210.74,638977810,638977636,76,17332,16016,9265,3105,887,1,1,False
2026-03-26T14:07:47.653,T1,1,1782,0.23,-60.0,-78.1,-18.1,165.08,638977734,638977636,96,17919,15848,10555,18262,956,3,1,True
2026-03-26T14:07:48.164,T1,1,1783,-0.342,-59.6,-74.8,-15.2,161.04,638977490,638977636,100,18280,16104,15659,18328,945,3,1,True
2026-03-26T14:07:48.674,T1,1,1784,0.253,-59.9,-74.5,-14.6,174.58,638977744,638977636,104,15950,18156,16933,18222,953,3,1,True
2026-03-26T14:07:49.182,T1,1,1785,-0.08,-59.7,-78.3,-18.6,172.17,638977601,638977636,84,16848,14462,9319,15938,885,3,1,True
2026-03-26T14:07:49.664,T1,1,1786,0.281,-59.5,-75.6,-16.1,174.15,638977757,638977636,100,16216,17415,14390,17930,932,3,1,True
2026-03-26T14:07:50.173,T1,1,1787,0.999,-59.3,-73.5,-14.2,205.63,638978063,638977636,84,16478,17273,15594,16519,888,3,1,True
2026-03-26T14:07:50.683,T1,1,1788,0.432,-58.9,-73.8,-14.9,184.18,638977821,638977636,96,16221,17681,15669,17580,904,3,1,True
2026-03-26T14:07:51.163,T1,1,1789,0.657,-59.5,-76.9,-17.4,176.42,638977917,638977636,96,16760,16936,10477,17174,914,3,1,True
2026-03-26T14:07:51.672,T1,1,1790,0.145,-58.7,-74.3,-15.5,189.65,638977699,638977636,92,16409,17448,14762,17680,902,3,1,True
2026-03-26T14:07:52.184,T1,1,1791,-0.319,-59.0,-75.6,-16.6,191.95,638977499,638977636,84,18016,16124,13035,18067,920,3,1,True
2026-03-26T14:07:52.693,T1,1,1792,0.033,-59.2,-76.2,-17.0,223.71,638977650,638977636,76,15744,17002,13435,17687,916,3,1,True
2026-03-26T14:07:53.173,T1,1,1793,-0.178,-59.7,-73.9,-14.2,185.37,638977559,638977636,92,16442,17054,14148,15501,872,3,1,True
2026-03-26T14:07:53.681,T1,1,1794,0.174,-59.3,-76.5,-17.2,169.28,638977711,638977636,92,18183,15574,12200,18110,931,3,1,True
2026-03-26T14:07:54.192,T1,1,1795,-0.432,-58.7,-76.0,-17.3,199.41,638977451,638977636,88,15780,17548,13698,18763,927,3,1,True
2026-03-26T14:07:54.674,T1,1,1796,-0.286,-59.7,-76.1,-16.4,200.8,638977513,638977636,80,17460,16064,11251,16378,896,3,1,True
2026-03-26T14:07:55.185,T1,1,1797,0.366,-59.2,-75.4,-16.1,218.79,638977793,638977636,76,17100,16628,11749,16421,884,3,1,True
2026-03-26T14:07:55.691,T1,1,1798,0.816,-60.1,-74.8,-14.7,183.98,638977985,638977636,96,16083,17662,14593,16537,914,3,1,True
2026-03-26T14:07:56.201,T1,1,1799,0.009,-59.1,-74.0,-14.9,198.92,638977641,638977636,84,16565,16709,14431,16227,875,3,1,True
2026-03-26T14:07:56.681,T1,1,1800,-0.488,-59.6,-75.4,-15.7,195.09,638977428,638977636,92,15832,17948,16706,19276,971,3,1,True
2026-03-26T14:07:57.193,T1,1,1801,-0.272,-58.7,-75.2,-16.6,205.88,638977519,638977636,84,16479,17294,13177,17817,903,3,1,True
2026-03-26T14:07:57.702,T1,1,1802,-0.427,-59.5,-78.6,-19.2,173.88,638977454,638977636,104,18020,18083,11075,22209,1036,3,1,True
2026-03-26T14:07:58.213,T1,1,1803,-0.356,-59.8,-78.7,-19.0,181.86,638977483,638977636,92,17906,16731,10633,20171,998,3,1,True
2026-03-26T14:07:58.694,T1,1,1804,-0.052,-59.8,-75.6,-15.8,168.83,638977614,638977636,104,18346,17558,18268,22216,1048,3,1,True
2026-03-26T14:07:59.203,T1,1,1805,0.061,-59.5,-77.7,-18.2,162.65,638977662,638977636,108,16952,17566,10818,19124,963,3,1,True
2026-03-26T14:07:59.711,T1,1,1806,0.305,-59.4,-76.6,-17.2,182.71,638977766,638977636,96,18904,17540,13902,21464,1018,3,1,True
2026-03-26T14:08:00.192,T1,1,1807,0.568,-59.4,-74.1,-14.7,171.99,638977879,638977636,92,17532,15823,14865,16419,889,3,1,True
2026-03-26T14:08:00.702,T1,1,1808,0.244,-59.4,-74.3,-14.9,147.16,638977741,638977636,108,17498,15893,14109,16200,884,3,1,True
2026-03-26T14:08:01.213,T1,1,1809,0.591,-59.5,-73.8,-14.3,192.11,638977889,638977636,88,17108,16906,13831,15736,873,3,1,True
2026-03-26T14:08:01.694,T1,1,1810,0.263,-59.2,-74.6,-15.4,174.63,638977748,638977636,100,18936,17463,17636,21587,1012,3,1,True
2026-03-26T14:08:02.203,T1,1,1811,-0.3,-59.2,-75.1,-16.0,170.03,638977507,638977636,96,17627,16323,12679,16963,896,3,1,True
2026-03-26T14:08:02.712,T1,1,1812,-0.159,-58.8,-74.1,-15.2,208.26,638977568,638977636,80,17183,16661,13498,16487,874,3,1,True
2026-03-26T14:08:03.192,T1,1,1813,-0.038,-59.1,-76.1,-17.1,201.16,638977619,638977636,80,17383,16093,10400,16594,884,3,1,True
2026-03-26T14:08:03.704,T1,1,1814,0.075,-59.2,-79.8,-20.6,179.61,638977668,638977636,88,18188,15806,9005,21017,999,3,1,True
2026-03-26T14:08:04.212,T1,1,1815,0.502,-58.6,-76.0,-17.4,173.31,638977850,638977636,100,17589,17331,11200,18709,922,3,1,True
2026-03-26T14:08:04.691,T1,1,1816,0.568,-57.8,-73.4,-15.6,217.26,638977879,638977636,76,16804,16512,14259,16955,856,3,1,True
2026-03-26T14:08:05.201,T1,1,1817,-0.089,-58.9,-76.9,-18.0,201.69,638977597,638977636,72,17271,14522,10722,16564,877,3,1,True
2026-03-26T14:08:05.713,T1,1,1818,-0.361,-58.5,-76.0,-17.5,138.88,638977481,638977636,120,17643,16665,10333,17790,898,3,1,True
2026-03-26T14:08:06.222,T1,1,1819,0.661,-57.4,-73.6,-16.1,197.72,638977918,638977636,88,16899,17399,16839,20249,923,3,1,True
2026-03-26T14:08:06.701,T1,1,1820,0.774,-58.6,-76.0,-17.3,164.76,638977966,638977636,96,17807,15817,13496,18921,930,3,1,True
2026-03-26T14:08:07.211,T1,1,1821,0.539,-58.5,-77.0,-18.5,177.62,638977866,638977636,96,17340,17052,9971,18922,926,3,1,True
2026-03-26T14:08:07.721,T1,1,1822,-0.436,-58.3,-74.1,-15.8,185.95,638977450,638977636,96,16687,17851,15188,18760,916,3,1,True
2026-03-26T14:08:08.200,T1,1,1823,-0.023,-58.4,-73.1,-14.7,214.54,638977625,638977636,80,16548,17163,15709,17162,879,3,1,True
2026-03-26T14:08:08.712,T1,1,1824,0.811,-59.0,-74.3,-15.4,178.9,638977983,638977636,92,18376,16459,17386,20090,969,3,1,True
2026-03-26T14:08:09.221,T1,1,1825,0.385,-59.2,-74.2,-15.0,181.6,638977800,638977636,92,18535,16707,17204,19765,969,3,1,True
2026-03-26T14:08:09.702,T1,1,1826,0.338,-59.0,-74.9,-15.9,194.51,638977781,638977636,84,16872,16339,11108,15435,851,3,1,True
2026-03-26T14:08:10.212,T1,1,1827,0.328,-58.9,-73.8,-14.9,208.39,638977776,638977636,80,16631,16671,12648,15262,843,3,1,True
2026-03-26T14:08:10.720,T1,1,1828,0.028,-58.7,-75.8,-17.2,206.08,638977649,638977636,84,15980,17311,13073,18119,911,3,1,True
2026-03-26T14:08:11.201,T1,1,1829,0.023,-58.3,-74.6,-16.3,191.42,638977646,638977636,84,17491,16079,13069,17345,879,3,1,True
2026-03-26T14:08:11.711,T1,1,1830,0.919,-58.3,-73.7,-15.4,183.11,638978029,638977636,92,16884,16846,14378,17192,875,3,1,True
2026-03-26T14:08:12.222,T1,1,1831,0.38,-58.5,-74.7,-16.2,192.7,638977799,638977636,88,16275,16958,15993,18869,923,3,1,True
2026-03-26T14:08:12.731,T1,1,1832,-0.324,-58.1,-74.7,-16.6,173.79,638977498,638977636,100,16601,17379,15898,19976,937,3,1,True
2026-03-26T14:08:13.212,T1,1,1833,0.516,-58.4,-76.5,-18.0,216.65,638977856,638977636,80,16979,17332,11322,19027,926,3,1,True
2026-03-26T14:08:13.722,T1,1,1834,0.708,-58.3,-73.0,-14.7,202.5,638977939,638977636,84,16279,17010,15529,16801,866,3,1,True
2026-03-26T14:08:14.231,T1,1,1835,0.178,-58.4,-74.7,-16.3,216.16,638977712,638977636,76,16992,16428,11664,16388,857,3,1,True
2026-03-26T14:08:14.712,T1,1,1836,0.235,-58.6,-75.6,-17.0,211.55,638977736,638977636,76,16886,16078,9914,15870,850,3,1,True
2026-03-26T14:08:15.221,T1,1,1837,0.446,-58.1,-72.8,-14.6,180.74,638977826,638977636,96,16778,17351,16003,17596,881,3,1,True
2026-03-26T14:08:15.731,T1,1,1838,-0.206,-57.9,-74.3,-16.4,177.84,638977548,638977636,92,17755,16361,14873,19082,910,3,1,True
2026-03-26T14:08:16.240,T1,1,1839,-0.305,-58.1,-75.7,-17.6,168.66,638977506,638977636,92,17933,15517,13842,19338,923,3,1,True
2026-03-26T14:08:16.723,T1,1,1840,0.901,-59.0,-74.3,-15.3,148.19,638978020,638977636,120,15247,17783,15968,17631,910,3,1,True
2026-03-26T14:08:17.290,T1,1,1841,-0.169,-58.2,-73.5,-15.2,206.67,638977563,638977636,84,16023,17360,15357,17368,878,3,1,True
2026-03-26T14:08:17.742,T1,1,1842,0.539,-57.9,-73.3,-15.4,205.67,638977866,638977636,84,16220,17276,15683,17896,880,3,1,True
2026-03-26T14:08:18.220,T1,1,1843,0.966,-58.1,-78.5,-20.4,166.73,638978048,638977636,104,16643,17340,10377,21344,969,3,1,True
2026-03-26T14:08:18.730,T1,1,1844,0.08,-58.0,-75.3,-17.3,210.12,638977671,638977636,80,16910,16810,12083,17957,887,3,1,True
2026-03-26T14:08:19.241,T1,1,1845,0.094,-58.8,-76.8,-18.0,195.7,638977676,638977636,80,16224,15656,15002,19420,946,3,1,True
2026-03-26T14:08:19.722,T1,1,1846,0.235,-58.6,-74.7,-16.1,218.84,638977737,638977636,76,15237,16632,14449,16680,872,3,1,True
2026-03-26T14:08:20.232,T1,1,1847,0.389,-57.9,-74.7,-16.8,200.3,638977802,638977636,84,13770,16825,15506,17336,868,3,1,True
2026-03-26T14:08:20.742,T1,1,1848,-0.08,-58.3,-76.7,-18.4,182.45,638977602,638977636,88,17298,16056,9643,17713,889,3,1,True
2026-03-26T14:08:21.252,T1,1,1849,0.689,-58.8,-75.1,-16.3,196.13,638977931,638977636,84,15467,16475,15973,17984,912,3,1,True
2026-03-26T14:08:21.733,T1,1,1850,0.295,-58.5,-77.2,-18.8,213.76,638977763,638977636,80,18952,17101,12903,22822,1015,3,1,True
2026-03-26T14:08:22.240,T1,1,1851,-0.22,-58.6,-78.6,-19.9,174.45,638977542,638977636,92,17075,16049,9828,19532,944,3,1,True
2026-03-26T14:08:22.722,T1,1,1852,0.286,-58.2,-75.1,-16.9,158.19,638977758,638977636,108,18485,17084,15110,21184,969,3,1,True
2026-03-26T14:08:23.232,T1,1,1853,0.98,-58.4,-75.8,-17.4,216.36,638978054,638977636,76,16803,16443,10349,16788,868,3,1,True
2026-03-26T14:08:23.742,T1,1,1854,0.643,-58.5,-75.3,-16.7,221.49,638977911,638977636,76,16774,16833,11963,17155,882,3,1,True
2026-03-26T14:08:24.252,T1,1,1855,0.915,-58.6,-75.5,-16.9,220.91,638978026,638977636,76,15885,16789,13630,17647,896,3,1,True
2026-03-26T14:08:24.732,T1,1,1856,0.089,-58.5,-75.1,-16.6,202.18,638977674,638977636,84,14152,16983,15045,17119,881,3,1,True
2026-03-26T14:08:25.242,T1,1,1857,0.6,-58.4,-77.5,-19.1,218.45,638977893,638977636,76,14805,16602,13018,18944,922,3,1,True
2026-03-26T14:08:25.752,T1,1,1858,0.704,-58.0,-76.8,-18.7,214.38,638977936,638977636,80,12198,17150,15804,19263,919,3,1,True
2026-03-26T14:08:26.233,T1,1,1859,-0.192,-58.4,-78.1,-19.7,219.99,638977553,638977636,76,17005,16719,9835,19799,944,3,1,True
2026-03-26T14:08:26.740,T1,1,1860,0.816,-58.4,-77.2,-18.8,198.81,638977985,638977636,80,17335,15905,9387,17918,897,3,1,True
2026-03-26T14:08:27.250,T1,1,1861,0.868,-59.0,-76.1,-17.1,141.82,638978006,638977636,104,15933,14749,15201,17462,905,3,1,True
2026-03-26T14:08:27.735,T1,1,1862,-0.403,-58.3,-75.6,-17.3,164.29,638977463,638977636,100,17640,16429,10974,17622,887,3,1,True
2026-03-26T14:08:28.240,T1,1,1863,-0.436,-58.1,-75.6,-17.5,168.69,638977449,638977636,104,16728,17544,13398,19591,929,3,1,True
2026-03-26T14:08:28.752,T1,1,1864,0.206,-59.7,-75.3,-15.6,112.15,638977725,638977636,156,18073,17496,17606,21074,1018,3,1,True
2026-03-26T14:08:29.234,T1,1,1865,0.005,-59.1,-74.7,-15.6,200.81,638977639,638977636,84,16742,16868,15466,18029,923,3,1,True
2026-03-26T14:08:29.744,T1,1,1866,-0.084,-58.0,-76.9,-18.8,218.04,638977599,638977636,76,15811,16571,11125,18153,892,3,1,True
2026-03-26T14:08:30.250,T1,1,1867,-0.281,-57.2,-77.5,-20.3,238.36,638977515,638977636,64,16885,15255,11525,20123,912,3,1,True
2026-03-26T14:08:30.732,T1,1,1868,0.765,-58.1,-76.1,-18.0,210.19,638977962,638977636,72,17368,15134,11304,17424,876,3,1,True
2026-03-26T14:08:31.240,T1,1,1869,0.521,-57.6,-76.7,-19.1,150.53,638977859,638977636,104,16599,15655,11023,18380,884,3,1,True
2026-03-26T14:08:31.752,T1,1,1870,-0.244,-58.5,-76.1,-17.6,214.15,638977532,638977636,84,17057,17989,13587,20603,964,3,1,True
2026-03-26T14:08:32.234,T1,1,1871,0.413,-58.0,-73.1,-15.1,177.82,638977812,638977636,100,15854,17782,16427,18124,890,3,1,True
2026-03-26T14:08:32.741,T1,1,1872,0.657,-58.0,-76.4,-18.5,179.78,638977916,638977636,96,17190,17259,10782,19381,919,3,1,True
2026-03-26T14:08:33.250,T1,1,1873,0.07,-57.8,-77.0,-19.2,165.35,638977666,638977636,104,17360,17196,10141,20063,930,3,1,True
2026-03-26T14:08:33.761,T1,1,1874,-0.028,-58.0,-73.6,-15.6,150.47,638977623,638977636,108,17860,16251,16191,18944,909,3,1,True
2026-03-26T14:08:34.242,T1,1,1875,0.591,-57.9,-74.8,-16.9,166.7,638977889,638977636,96,18054,16003,14104,19099,912,3,1,True
2026-03-26T14:08:34.752,T1,1,1876,-0.07,-59.2,-75.5,-16.3,187.19,638977605,638977636,88,17422,16473,10565,16119,875,3,1,True
2026-03-26T14:08:35.264,T1,1,1877,0.539,-58.4,-76.1,-17.7,180.62,638977866,638977636,96,17197,17340,11106,18634,916,3,1,True
2026-03-26T14:08:35.741,T1,1,1878,0.131,-59.2,-73.3,-14.2,196.6,638977692,638977636,84,16936,16514,14726,15776,864,3,1,True
2026-03-26T14:08:36.254,T1,1,1879,0.464,-58.6,-75.5,-16.9,179.9,638977834,638977636,96,16430,17270,13928,18750,924,3,1,True
2026-03-26T14:08:36.762,T1,1,1880,0.722,-58.5,-74.2,-15.7,161.83,638977945,638977636,100,18279,16183,16726,19798,945,3,1,True
2026-03-26T14:08:37.240,T1,1,1881,0.023,-59.1,-76.6,-17.5,168.46,638977646,638977636,96,17202,16172,12722,18439,931,3,1,True
2026-03-26T14:08:37.750,T1,1,1882,0.582,-58.4,-76.0,-17.6,223.24,638977885,638977636,76,14811,16966,13816,17995,898,3,1,True
2026-03-26T14:08:38.260,T1,1,1883,-0.511,-58.8,-78.0,-19.2,243.77,638977417,638977636,64,14690,15601,10167,16152,863,3,1,True
2026-03-26T14:08:38.741,T1,1,1884,0.586,-59.0,-72.2,-13.2,229.35,638977887,638977636,72,16614,16513,16144,15353,849,3,1,True
2026-03-26T14:08:39.253,T1,1,1885,0.019,-58.7,-75.1,-16.4,217.83,638977644,638977636,76,16578,16555,11436,16114,859,3,1,True
2026-03-26T14:08:39.761,T1,1,1886,0.253,-63.2,-90.7,-27.5,74.2,638977745,638977636,92,11285,6826,7131,17741,1054,3,1,True
2026-03-26T14:08:40.274,T1,1,1887,0.807,-58.1,-74.3,-16.2,198.76,638977981,638977636,84,17206,16696,11502,16565,854,3,1,True
2026-03-26T14:08:40.750,T1,1,1888,0.056,-58.1,-77.8,-19.7,226.21,638977661,638977636,76,18023,17192,11626,22445,994,3,1,True
2026-03-26T14:08:41.262,T1,1,1889,0.629,-59.2,-81.2,-22.0,163.68,638977904,638977636,80,14687,13094,9908,16899,895,3,1,True
2026-03-26T14:08:41.770,T1,1,1890,0.652,-58.4,-80.9,-22.4,197.99,638977914,638977636,68,16689,13463,8332,18997,925,3,1,True
2026-03-26T14:08:42.281,T1,1,1891,-0.253,-59.1,-75.2,-16.1,167.19,638977528,638977636,108,17431,18056,12951,18447,933,3,1,True
2026-03-26T14:08:42.762,T1,1,1892,0.816,-58.6,-74.7,-16.1,195.54,638977985,638977636,92,17924,17990,18024,22489,1011,3,1,True
2026-03-26T14:08:43.272,T1,1,1893,0.558,-61.1,-72.8,-11.6,222.7,638977875,638977636,80,17084,17816,16128,14825,897,3,1,True
2026-03-26T14:08:43.782,T1,1,1894,0.722,-62.2,-88.8,-26.6,44.41,638977945,638977636,88,14381,3908,3454,12795,865,3,1,True
2026-03-26T14:08:44.291,T1,1,1895,0.727,-59.7,-73.8,-14.1,207.35,638977947,638977636,80,17123,16588,13232,15036,859,3,1,True
2026-03-26T14:08:44.772,T1,1,1896,0.76,-59.3,-74.2,-14.9,173.3,638977960,638977636,96,17315,16637,12936,15921,872,3,1,True
2026-03-26T14:08:45.281,T1,1,1897,0.108,-59.3,-75.7,-16.4,177.0,638977682,638977636,92,17454,16284,10583,16180,880,3,1,True
2026-03-26T14:08:45.761,T1,1,1898,-0.394,-59.7,-75.3,-15.6,166.43,638977467,638977636,96,17292,15977,11898,15555,874,3,1,True
2026-03-26T14:08:46.271,T1,1,1899,-0.718,-60.3,-86.9,-26.6,88.35,638977330,638977636,84,17628,7421,6262,19374,996,3,1,True
2026-03-26T14:08:46.782,T1,1,1900,-0.08,-60.6,-93.4,-32.8,115.75,638977602,638977636,72,3706,8334,5266,19473,1009,3,1,True
2026-03-26T14:08:47.261,T1,1,1901,0.206,-61.9,-92.6,-30.7,79.4,638977724,638977636,88,5639,6987,9051,21846,1118,3,1,True
2026-03-26T14:08:47.772,T1,1,1902,-0.239,-59.7,-77.6,-17.9,182.6,638977534,638977636,88,16464,16069,10826,16993,915,3,1,True
2026-03-26T14:08:48.281,T1,1,1903,0.6,-60.0,-75.5,-15.5,174.23,638977893,638977636,88,17049,15332,12374,15129,872,3,1,True
2026-03-26T14:08:48.791,T1,1,1904,0.277,-62.9,-91.6,-28.8,96.99,638977755,638977636,92,5867,8923,10409,22310,1168,3,1,True
2026-03-26T14:08:49.275,T1,1,1905,0.286,-60.3,-73.0,-12.7,223.93,638977758,638977636,76,16312,17019,15679,14702,867,3,1,True
2026-03-26T14:08:49.783,T1,1,1906,0.103,-61.2,-95.5,-34.3,66.36,638977681,638977636,88,2687,5840,3417,14485,890,3,1,True
2026-03-26T14:08:50.290,T1,1,1907,0.858,-61.6,-78.7,-17.1,206.64,638978002,638977636,84,55,17358,17469,15080,918,3,1,True
2026-03-26T14:08:50.771,T1,1,1908,0.159,-58.8,-74.1,-15.3,200.39,638977704,638977636,84,16526,16833,13023,15907,857,3,1,True
2026-03-26T14:08:51.283,T1,1,1909,-0.417,-59.1,-74.8,-15.7,242.1,638977458,638977636,68,16346,16463,11530,15122,845,3,1,True
2026-03-26T14:08:51.790,T1,1,1910,-0.122,-59.7,-75.9,-16.3,194.21,638977584,638977636,92,17436,17867,11689,17836,935,3,1,True
2026-03-26T14:08:52.271,T1,1,1911,0.938,-60.1,-74.6,-14.5,188.35,638978037,638977636,96,17256,18082,13663,16806,922,3,1,True
2026-03-26T14:08:52.841,T1,1,1912,-0.042,-59.0,-73.2,-14.3,203.77,638977617,638977636,88,16389,17932,17292,18181,922,3,1,True
2026-03-26T14:08:53.291,T1,1,1913,0.356,-59.5,-76.5,-17.1,197.75,638977788,638977636,92,18080,18193,11338,19515,971,3,1,True
2026-03-26T14:08:53.773,T1,1,1914,0.563,-60.6,-72.9,-12.3,212.32,638977876,638977636,80,17020,16986,14729,14142,861,3,1,True
2026-03-26T14:08:54.279,T1,1,1915,0.174,-59.5,-73.9,-14.5,214.8,638977711,638977636,80,17316,17184,13518,16118,883,3,1,True
2026-03-26T14:08:54.791,T1,1,1916,0.938,-59.0,-75.3,-16.3,215.31,638978037,638977636,84,16069,18086,14993,18999,944,3,1,True
2026-03-26T14:08:55.269,T1,1,1917,0.291,-61.9,-91.2,-29.2,53.31,638977760,638977636,80,12589,4265,4423,18858,1040,3,1,True
2026-03-26T14:08:55.783,T1,1,1918,-0.253,-59.6,-86.4,-26.8,101.33,638977528,638977636,72,17250,7296,5088,18360,946,3,1,True
2026-03-26T14:08:56.289,T1,1,1919,-0.408,-58.0,-74.5,-16.5,179.18,638977461,638977636,92,17430,16485,11984,17191,867,3,1,True
2026-03-26T14:08:56.800,T1,1,1920,-0.286,-61.2,-85.2,-24.0,164.02,638977514,638977636,88,12016,14434,9476,17764,984,3,1,True
2026-03-26T14:08:57.279,T1,1,1921,1.013,-59.4,-78.9,-19.5,226.93,638978068,638977636,60,17244,13616,10418,17333,915,3,1,True
2026-03-26T14:08:57.790,T1,1,1922,0.657,-58.7,-75.3,-16.5,179.15,638977917,638977636,92,17249,16482,11197,16615,874,3,1,True
2026-03-26T14:08:58.301,T1,1,1923,-0.464,-60.4,-73.1,-12.7,180.63,638977438,638977636,100,17138,18063,16039,16089,911,3,1,True
2026-03-26T14:08:58.780,T1,1,1924,0.539,-59.1,-77.5,-18.4,183.86,638977866,638977636,88,17240,16180,9606,17731,915,3,1,True
2026-03-26T14:08:59.291,T1,1,1925,-0.169,-58.4,-76.9,-18.4,131.27,638977563,638977636,124,17856,16278,9330,18273,907,3,1,True
2026-03-26T14:08:59.801,T1,1,1926,0.197,-58.5,-75.1,-16.6,190.24,638977721,638977636,92,16726,17502,12559,17863,898,3,1,True
2026-03-26T14:09:00.279,T1,1,1927,0.136,-61.2,-75.0,-13.8,179.23,638977695,638977636,104,17567,18640,16215,18179,997,3,1,True
2026-03-26T14:09:00.789,T1,1,1928,0.033,-59.9,-82.2,-22.3,191.44,638977651,638977636,84,10534,16081,12671,18867,969,3,1,True
2026-03-26T14:09:01.271,T1,1,1929,0.338,-58.0,-77.8,-19.8,197.22,638977780,638977636,76,17411,14989,11276,19639,927,3,1,True
2026-03-26T14:09:01.781,T1,1,1930,0.478,-58.7,-75.9,-17.2,158.13,638977840,638977636,112,16727,17711,14519,20141,962,3,1,True
2026-03-26T14:09:02.289,T1,1,1931,0.075,-59.3,-77.2,-17.9,158.05,638977668,638977636,108,17278,17069,11722,19111,957,3,1,True
2026-03-26T14:09:02.800,T1,1,1932,0.441,-58.7,-75.4,-16.6,214.32,638977824,638977636,80,14558,17146,14833,17487,897,3,1,True
2026-03-26T14:09:03.279,T1,1,1933,0.483,-58.4,-78.9,-20.4,194.48,638977842,638977636,80,18230,15558,9876,21045,973,3,1,True
2026-03-26T14:09:03.789,T1,1,1934,0.483,-59.1,-78.4,-19.3,184.52,638977842,638977636,88,18216,16238,10502,20427,980,3,1,True
2026-03-26T14:09:04.300,T1,1,1935,0.159,-58.5,-77.2,-18.7,180.16,638977704,638977636,92,15665,16575,12482,18704,921,3,1,True
2026-03-26T14:09:04.780,T1,1,1936,0.389,-58.3,-77.0,-18.7,184.55,638977803,638977636,88,17299,16240,10472,18683,914,3,1,True
2026-03-26T14:09:05.290,T1,1,1937,0.605,-59.0,-76.9,-18.0,164.54,638977894,638977636,92,16675,15138,11786,17051,893,3,1,True
2026-03-26T14:09:05.799,T1,1,1938,-0.047,-59.4,-79.4,-19.9,142.24,638977615,638977636,104,16504,14793,9035,17312,914,3,1,True
2026-03-26T14:09:06.281,T1,1,1939,0.915,-58.7,-77.4,-18.7,212.19,638978027,638977636,80,14681,16975,13587,19047,935,3,1,True
2026-03-26T14:09:06.820,T1,1,1940,-0.488,-59.5,-76.9,-17.5,201.56,638977428,638977636,88,15613,17737,14181,19384,968,3,1,True
2026-03-26T14:09:07.299,T1,1,1941,0.291,-59.5,-78.4,-18.9,179.73,638977760,638977636,84,17180,15097,12655,19270,966,3,1,True
2026-03-26T14:09:07.780,T1,1,1942,0.122,-59.1,-77.3,-18.2,217.69,638977689,638977636,80,12613,17415,15222,18665,937,3,1,True
2026-03-26T14:09:08.290,T1,1,1943,0.844,-59.5,-76.9,-17.5,188.71,638977997,638977636,92,15023,17361,15351,19461,970,3,1,True
2026-03-26T14:09:08.800,T1,1,1944,-0.22,-59.0,-78.7,-19.7,173.1,638977541,638977636,92,16379,15925,9917,18474,931,3,1,True
2026-03-26T14:09:09.281,T1,1,1945,0.061,-59.1,-78.4,-19.3,197.89,638977662,638977636,84,15347,16623,11143,18361,931,3,1,True
2026-03-26T14:09:09.790,T1,1,1946,-0.052,-59.1,-78.5,-19.4,186.31,638977613,638977636,88,15685,16395,10191,18006,921,3,1,True
2026-03-26T14:09:10.299,T1,1,1947,0.324,-58.9,-76.5,-17.6,195.1,638977775,638977636,88,15326,17169,13504,18269,923,3,1,True
2026-03-26T14:09:10.779,T1,1,1948,0.605,-60.3,-76.8,-16.5,235.58,638977895,638977636,72,15017,16962,13043,16326,915,3,1,True
2026-03-26T14:09:11.289,T1,1,1949,0.342,-60.2,-78.2,-18.0,207.22,638977783,638977636,72,17429,14920,10725,17011,929,3,1,True
2026-03-26T14:09:11.798,T1,1,1950,0.525,-59.9,-79.3,-19.4,222.9,638977860,638977636,72,15776,16049,9229,17183,926,3,1,True
2026-03-26T14:09:12.279,T1,1,1951,0.117,-59.9,-77.0,-17.1,201.39,638977686,638977636,80,13725,16111,14707,16497,907,3,1,True
2026-03-26T14:09:12.790,T1,1,1952,0.08,-59.9,-76.9,-17.0,234.91,638977671,638977636,76,15134,17853,13897,18301,955,3,1,True
2026-03-26T14:09:13.300,T1,1,1953,0.474,-59.7,-77.7,-18.0,225.9,638977839,638977636,72,15592,16265,12315,17490,926,3,1,True
2026-03-26T14:09:13.779,T1,1,1954,0.253,-59.9,-77.1,-17.2,178.64,638977745,638977636,92,13650,16435,16116,17875,945,3,1,True
2026-03-26T14:09:14.288,T1,1,1955,-0.042,-59.9,-78.1,-18.2,219.58,638977617,638977636,72,16614,15810,9652,16558,909,3,1,True
2026-03-26T14:09:14.829,T1,1,1956,0.624,-60.3,-76.7,-16.4,202.96,638977903,638977636,80,16926,16237,12363,16626,924,3,1,True
2026-03-26T14:09:15.309,T1,1,1957,0.671,-60.4,-76.6,-16.2,210.06,638977922,638977636,80,13891,16805,14144,15761,902,3,1,True
2026-03-26T14:09:15.790,T1,1,1958,-0.319,-60.3,-77.4,-17.1,195.0,638977499,638977636,84,17826,16380,14026,19491,998,3,1,True
2026-03-26T14:09:16.299,T1,1,1959,0.572,-59.9,-77.0,-17.1,209.93,638977881,638977636,76,17624,15955,14367,19221,979,3,1,True
2026-03-26T14:09:16.810,T1,1,1960,-0.005,-60.2,-77.2,-17.1,228.34,638977633,638977636,76,14248,17354,13922,17315,937,3,1,True
2026-03-26T14:09:17.320,T1,1,1961,0.164,-59.8,-77.1,-17.2,223.32,638977707,638977636,72,17024,16079,12848,17909,942,3,1,True
2026-03-26T14:09:17.801,T1,1,1962,0.497,-59.2,-77.2,-18.0,208.76,638977849,638977636,80,15734,16701,11842,17618,914,3,1,True
2026-03-26T14:09:18.309,T1,1,1963,0.253,-59.2,-77.2,-17.9,199.93,638977744,638977636,88,14347,17594,13941,18709,943,3,1,True
2026-03-26T14:09:18.819,T1,1,1964,0.291,-59.7,-77.4,-17.8,202.88,638977760,638977636,84,13588,17042,14408,17766,933,3,1,True
2026-03-26T14:09:19.300,T1,1,1965,1.088,-59.7,-78.6,-19.0,221.41,638978101,638977636,76,15097,16827,11346,18073,942,3,1,True
2026-03-26T14:09:19.809,T1,1,1966,0.582,-59.6,-77.8,-18.2,197.57,638977884,638977636,80,14595,15806,16173,19463,975,3,1,True
2026-03-26T14:09:20.319,T1,1,1967,0.432,-59.6,-77.4,-17.7,205.66,638977821,638977636,80,15470,16453,16435,20258,996,3,1,True
2026-03-26T14:09:20.799,T1,1,1968,0.333,-59.6,-78.2,-18.5,182.86,638977779,638977636,92,15076,16823,11623,17701,931,3,1,True
2026-03-26T14:09:21.308,T1,1,1969,0.525,-58.7,-78.0,-19.3,220.92,638977861,638977636,76,16149,16790,11427,19431,944,3,1,True
2026-03-26T14:09:21.821,T1,1,1970,0.68,-59.0,-79.2,-20.2,207.15,638977927,638977636,80,11509,16572,15108,19602,958,3,1,True
2026-03-26T14:09:22.330,T1,1,1971,0.084,-59.2,-78.3,-19.1,198.79,638977673,638977636,84,16365,16698,11017,19052,950,3,1,True
2026-03-26T14:09:22.809,T1,1,1972,-0.169,-59.2,-77.7,-18.5,207.3,638977564,638977636,84,11811,17413,16465,19572,964,3,1,True
2026-03-26T14:09:23.318,T1,1,1973,0.375,-59.3,-77.7,-18.4,193.94,638977796,638977636,88,16609,17067,10955,18697,944,3,1,True
2026-03-26T14:09:23.828,T1,1,1974,0.197,-59.6,-77.7,-18.1,234.91,638977720,638977636,76,16956,17853,13282,20897,1009,3,1,True
2026-03-26T14:09:24.308,T1,1,1975,0.586,-59.3,-76.8,-17.6,234.96,638977887,638977636,72,13539,16917,14487,17456,912,3,1,True
2026-03-26T14:09:24.820,T1,1,1976,0.131,-59.4,-78.1,-18.7,175.82,638977693,638977636,88,15058,15472,14669,18855,953,3,1,True
2026-03-26T14:09:25.329,T1,1,1977,-0.15,-59.6,-77.6,-17.9,193.65,638977571,638977636,84,15136,16267,14036,18205,944,3,1,True
2026-03-26T14:09:25.839,T1,1,1978,1.149,-59.9,-77.1,-17.2,218.23,638978127,638977636,80,10747,17458,16253,17112,925,3,1,True
2026-03-26T14:09:26.320,T1,1,1979,0.563,-59.8,-77.7,-17.9,204.45,638977876,638977636,76,15223,15538,14760,18182,949,3,1,True
2026-03-26T14:09:26.831,T1,1,1980,0.108,-58.7,-78.1,-19.4,218.78,638977682,638977636,76,10389,16627,15054,17804,904,3,1,True
2026-03-26T14:09:27.309,T1,1,1981,0.872,-58.9,-79.6,-20.7,200.29,638978008,638977636,84,6636,16824,16362,18952,940,3,1,True
2026-03-26T14:09:27.819,T1,1,1982,-0.127,-59.1,-80.0,-21.0,196.84,638977582,638977636,76,18341,14960,9972,21394,1004,3,1,True
2026-03-26T14:09:28.330,T1,1,1983,0.422,-59.6,-77.6,-18.1,195.44,638977817,638977636,88,12747,17199,15538,18631,952,3,1,True
2026-03-26T14:09:28.840,T1,1,1984,-0.009,-59.7,-77.4,-17.7,223.1,638977632,638977636,80,14267,17848,14861,19216,973,3,1,True
2026-03-26T14:09:29.318,T1,1,1985,-0.371,-59.1,-78.9,-19.8,206.6,638977477,638977636,72,17150,14875,8597,17670,912,3,1,True
2026-03-26T14:09:29.859,T1,1,1986,-0.169,-59.2,-78.0,-18.8,211.03,638977563,638977636,76,15273,16038,15620,20587,989,3,1,True
2026-03-26T14:09:30.338,T1,1,1987,0.915,-59.8,-78.1,-18.3,240.54,638978027,638977636,72,14112,17319,12996,18067,946,3,1,True
2026-03-26T14:09:30.819,T1,1,1988,0.99,-59.1,-78.2,-19.1,209.95,638978059,638977636,80,11421,16796,16323,19371,955,3,1,True
2026-03-26T14:09:31.328,T1,1,1989,-0.497,-58.4,-76.1,-17.6,203.95,638977424,638977636,84,13144,17132,15354,18113,903,3,1,True
2026-03-26T14:09:31.838,T1,1,1990,-0.122,-58.0,-76.6,-18.6,179.6,638977583,638977636,96,15438,17242,12959,19450,921,3,1,True
2026-03-26T14:09:32.319,T1,1,1991,0.886,-58.5,-78.0,-19.5,200.91,638978015,638977636,88,17507,17680,13630,23572,1033,3,1,True
2026-03-26T14:09:32.829,T1,1,1992,0.591,-58.9,-77.6,-18.7,186.14,638977888,638977636,88,15552,16380,14084,19655,956,3,1,True
2026-03-26T14:09:33.338,T1,1,1993,0.718,-58.5,-76.8,-18.2,171.08,638977943,638977636,96,13247,16424,14505,17641,894,3,1,True
2026-03-26T14:09:33.848,T1,1,1994,0.371,-58.8,-79.6,-20.8,157.05,638977794,638977636,96,18206,15077,9710,20988,984,3,1,True
2026-03-26T14:09:34.328,T1,1,1995,-0.253,-58.7,-79.2,-20.6,186.28,638977527,638977636,92,15247,17138,11426,20736,974,3,1,True
2026-03-26T14:09:34.837,T1,1,1996,-0.07,-58.2,-77.6,-19.3,190.9,638977605,638977636,88,16998,16799,11381,20328,950,3,1,True
2026-03-26T14:09:35.377,T1,1,1997,0.155,-58.7,-78.7,-20.0,191.06,638977702,638977636,84,15797,16049,12623,20222,963,3,1,True
2026-03-26T14:09:35.828,T1,1,1998,-0.352,-58.2,-77.3,-19.2,179.61,638977486,638977636,92,17453,16524,10131,19507,929,3,1,True
2026-03-26T14:09:36.338,T1,1,1999,0.375,-58.6,-78.4,-19.8,206.48,638977796,638977636,84,16571,17344,10468,20460,966,3,1,True
2026-03-26T14:09:36.879,T1,1,2000,0.427,-58.2,-78.2,-20.0,195.22,638977819,638977636,92,13807,17960,14980,22476,997,3,1,True
2026-03-26T14:09:37.329,T1,1,2001,0.164,-58.4,-78.1,-19.7,204.17,638977707,638977636,84,14356,17150,14594,21201,976,3,1,True
2026-03-26T14:09:37.839,T1,1,2002,0.704,-58.2,-77.1,-18.8,193.17,638977936,638977636,88,16588,16999,11249,19367,927,3,1,True
2026-03-26T14:09:38.347,T1,1,2003,1.107,-58.8,-78.4,-19.6,189.74,638978109,638977636,88,14983,16697,11312,18654,927,3,1,True
2026-03-26T14:09:38.859,T1,1,2004,-0.488,-59.2,-75.7,-16.5,198.95,638977428,638977636,88,14594,17508,15090,17775,920,3,1,True
2026-03-26T14:09:39.339,T1,1,2005,-0.141,-59.4,-75.9,-16.5,184.58,638977576,638977636,92,15496,16981,14067,17292,913,3,1,True
2026-03-26T14:09:39.849,T1,1,2006,0.314,-59.2,-76.9,-17.7,209.1,638977770,638977636,84,17519,17564,13560,20680,991,3,1,True
2026-03-26T14:09:40.329,T1,1,2007,-0.277,-58.3,-76.0,-17.7,254.16,638977517,638977636,68,16049,17283,13486,19150,923,3,1,True
2026-03-26T14:09:40.840,T1,1,2008,0.3,-59.5,-76.5,-17.0,180.58,638977764,638977636,92,15910,16613,14206,18077,935,3,1,True
2026-03-26T14:09:41.349,T1,1,2009,0.066,-59.0,-77.5,-18.5,171.92,638977664,638977636,92,17396,15817,11248,18646,934,3,1,True
2026-03-26T14:09:41.830,T1,1,2010,-0.023,-57.9,-76.1,-18.3,219.76,638977625,638977636,76,14020,16702,14303,18317,891,3,1,True
2026-03-26T14:09:42.338,T1,1,2011,-0.446,-58.8,-77.5,-18.7,193.52,638977445,638977636,84,15952,16256,13793,19693,955,3,1,True
2026-03-26T14:09:42.848,T1,1,2012,-0.169,-58.0,-75.3,-17.3,145.34,638977563,638977636,116,18170,16859,15329,21359,966,3,1,True
2026-03-26T14:09:43.359,T1,1,2013,0.647,-58.0,-77.4,-19.4,161.17,638977912,638977636,92,17495,14828,10588,18563,901,3,1,True
2026-03-26T14:09:43.840,T1,1,2014,0.568,-58.1,-73.4,-15.3,187.89,638977879,638977636,92,15715,17286,15763,17465,877,3,1,True
2026-03-26T14:09:44.348,T1,1,2015,0.399,-58.3,-75.9,-17.6,194.8,638977806,638977636,88,17542,17142,11485,18857,918,3,1,True
2026-03-26T14:09:44.863,T1,1,2016,0.507,-58.1,-75.0,-16.9,194.54,638977852,638977636,84,17260,16341,11318,17043,865,3,1,True
2026-03-26T14:09:45.338,T1,1,2017,0.23,-58.3,-76.8,-18.5,211.45,638977734,638977636,84,16749,17762,12598,20619,960,3,1,True
2026-03-26T14:09:45.849,T1,1,2018,-0.014,-57.4,-75.5,-18.1,170.03,638977629,638977636,100,15101,17003,14399,19290,899,3,1,True
2026-03-26T14:09:46.358,T1,1,2019,-0.122,-57.9,-76.2,-18.3,204.75,638977583,638977636,80,16101,16380,12836,18690,900,3,1,True
2026-03-26T14:09:46.839,T1,1,2020,0.014,-58.7,-74.7,-16.0,205.51,638977642,638977636,80,16685,16441,11474,15699,849,3,1,True
2026-03-26T14:09:47.350,T1,1,2021,0.216,-57.9,-74.6,-16.7,178.26,638977729,638977636,92,17106,16400,11577,16831,855,3,1,True
2026-03-26T14:09:47.858,T1,1,2022,-0.066,-58.2,-79.8,-21.6,184.04,638977607,638977636,76,17617,13987,8528,19566,932,3,1,True
2026-03-26T14:09:48.369,T1,1,2023,0.488,-58.5,-76.2,-17.7,206.65,638977845,638977636,80,16774,16532,12057,18089,906,3,1,True
2026-03-26T14:09:48.850,T1,1,2024,0.502,-58.2,-76.7,-18.5,189.32,638977851,638977636,84,17104,15903,11039,18327,900,3,1,True
2026-03-26T14:09:49.362,T1,1,2025,0.052,-58.0,-76.4,-18.4,167.58,638977658,638977636,100,16375,16758,11810,18708,905,3,1,True
2026-03-26T14:09:49.840,T1,1,2026,0.661,-58.5,-78.5,-20.0,188.8,638977919,638977636,84,14493,15859,10637,17410,888,3,1,True
2026-03-26T14:09:50.350,T1,1,2027,0.427,-58.7,-76.4,-17.7,207.75,638977819,638977636,76,12795,15789,15084,16543,872,3,1,True
2026-03-26T14:09:50.858,T1,1,2028,0.22,-58.3,-79.5,-21.2,183.95,638977731,638977636,84,14050,15452,10012,17753,890,3,1,True
2026-03-26T14:09:51.370,T1,1,2029,-0.455,-58.2,-76.9,-18.7,225.11,638977441,638977636,72,14054,16208,13201,17603,884,3,1,True
2026-03-26T14:09:51.850,T1,1,2030,0.066,-58.4,-77.2,-18.7,195.55,638977665,638977636,80,13465,15644,16267,19218,930,3,1,True
2026-03-26T14:09:52.358,T1,1,2031,0.084,-58.7,-76.0,-17.3,131.25,638977673,638977636,112,16374,14700,13902,17066,886,3,1,True
2026-03-26T14:09:52.869,T1,1,2032,0.075,-59.2,-78.9,-19.7,162.5,638977669,638977636,92,17864,14950,9570,18834,946,3,1,True
2026-03-26T14:09:53.349,T1,1,2033,0.202,-59.7,-78.5,-18.8,142.37,638977722,638977636,100,16689,14237,10026,16225,894,3,1,True
2026-03-26T14:09:53.859,T1,1,2034,1.083,-58.6,-76.6,-18.0,165.85,638978098,638977636,100,15648,16585,11717,17444,890,3,1,True
2026-03-26T14:09:54.368,T1,1,2035,0.572,-59.7,-74.8,-15.1,182.48,638977880,638977636,100,16939,18248,15843,18829,962,3,1,True
2026-03-26T14:09:54.849,T1,1,2036,0.553,-59.4,-76.7,-17.3,178.66,638977872,638977636,92,15696,16437,12452,16899,902,3,1,True
2026-03-26T14:09:55.358,T1,1,2037,-0.432,-58.7,-76.6,-17.8,170.74,638977451,638977636,92,15624,15708,12068,16643,875,3,1,True
2026-03-26T14:09:55.868,T1,1,2038,-0.061,-59.3,-73.9,-14.6,186.46,638977610,638977636,92,16762,17154,16433,17722,920,3,1,True
2026-03-26T14:09:56.348,T1,1,2039,-0.216,-59.7,-78.3,-18.6,156.37,638977543,638977636,100,17485,15637,9778,17841,937,3,1,True
2026-03-26T14:09:56.860,T1,1,2040,-0.399,-58.2,-78.0,-19.8,183.05,638977466,638977636,80,17027,14644,9566,17841,889,3,1,True
2026-03-26T14:09:57.368,T1,1,2041,0.361,-57.5,-75.1,-17.6,158.35,638977790,638977636,92,17166,14568,14528,18429,882,3,1,True
2026-03-26T14:09:57.849,T1,1,2042,-0.136,-58.2,-78.7,-20.6,159.22,638977577,638977636,88,17481,14011,9879,18954,915,3,1,True
2026-03-26T14:09:58.357,T1,1,2043,1.083,-59.1,-76.2,-17.2,198.19,638978099,638977636,84,16771,16648,12160,17651,911,3,1,True
2026-03-26T14:09:58.870,T1,1,2044,0.769,-58.3,-75.0,-16.7,196.56,638977965,638977636,84,16800,16511,12949,17524,883,3,1,True
2026-03-26T14:09:59.378,T1,1,2045,0.211,-58.8,-78.3,-19.5,144.82,638977727,638977636,100,16890,14482,8969,16916,884,3,1,True
2026-03-26T14:09:59.871,T1,1,2046,-0.07,-58.9,-78.5,-19.6,214.15,638977605,638977636,80,17215,17132,10840,20969,986,3,1,True
2026-03-26T14:10:00.369,T1,1,2047,0.267,-59.3,-76.4,-17.1,192.85,638977751,638977636,92,16852,17742,16934,21941,1025,3,1,True
2026-03-26T14:10:00.879,T1,1,2048,0.474,-59.2,-79.2,-20.0,198.14,638977838,638977636,80,14601,15851,11425,18085,927,3,1,True
2026-03-26T14:10:01.358,T1,1,2049,0.084,-57.7,-74.5,-16.8,126.55,638977673,638977636,124,16369,15692,14464,17589,867,3,1,True
2026-03-26T14:10:01.869,T1,1,2050,0.469,-58.2,-77.0,-18.8,195.18,638977837,638977636,76,17318,14834,10940,17897,890,3,1,True
2026-03-26T14:10:02.407,T1,1,2051,0.324,-58.3,-77.7,-19.4,175.16,638977774,638977636,92,14631,16115,10944,17285,877,3,1,True
2026-03-26T14:10:02.888,T1,1,2052,0.704,-57.5,-75.2,-17.7,201.89,638977936,638977636,80,16088,16151,15732,19831,916,3,1,True
2026-03-26T14:10:03.369,T1,1,2053,0.924,-58.6,-75.5,-16.9,194.7,638978031,638977636,84,17374,16355,11866,17387,890,3,1,True
2026-03-26T14:10:03.880,T1,1,2054,0.633,-58.9,-76.8,-17.9,142.65,638977907,638977636,104,16588,14836,11006,16181,868,3,1,True
2026-03-26T14:10:04.388,T1,1,2055,0.521,-58.4,-79.0,-20.6,175.2,638977859,638977636,84,16714,14717,8722,18129,902,3,1,True
2026-03-26T14:10:04.869,T1,1,2056,0.211,-58.5,-78.1,-19.6,221.58,638977727,638977636,76,15096,16840,13079,20180,956,3,1,True
2026-03-26T14:10:05.379,T1,1,2057,0.249,-58.3,-77.0,-18.6,182.49,638977742,638977636,80,16394,14599,15458,19925,944,3,1,True
2026-03-26T14:10:05.860,T1,1,2058,0.938,-58.2,-81.1,-22.9,124.96,638978036,638977636,104,15990,12996,8916,18651,909,3,1,True
2026-03-26T14:10:06.368,T1,1,2059,0.619,-57.9,-76.8,-18.8,157.11,638977900,638977636,100,17239,15711,10874,18556,898,3,1,True
2026-03-26T14:10:06.881,T1,1,2060,0.727,-57.4,-75.2,-17.8,165.62,638977946,638977636,96,16680,15900,13518,18566,883,3,1,True
2026-03-26T14:10:07.390,T1,1,2061,-0.249,-58.7,-76.6,-18.0,142.13,638977529,638977636,120,16915,17056,13850,20319,964,3,1,True
2026-03-26T14:10:07.868,T1,1,2062,0.821,-57.7,-79.0,-21.3,139.02,638977987,638977636,116,16576,16126,11223,21983,969,3,1,True
2026-03-26T14:10:08.379,T1,1,2063,0.206,-57.3,-77.3,-20.0,138.83,638977724,638977636,112,16499,15549,10186,18741,884,3,1,True
2026-03-26T14:10:08.896,T1,1,2064,0.0,-58.6,-76.3,-17.7,136.05,638977635,638977636,104,16794,14149,14275,17761,899,3,1,True
2026-03-26T14:10:09.397,T1,1,2065,0.267,-58.1,-75.4,-17.3,171.59,638977750,638977636,104,17295,17845,16851,22740,1000,3,1,True
2026-03-26T14:10:09.878,T1,1,2066,-0.127,-58.0,-79.1,-21.1,175.58,638977582,638977636,84,15504,14749,10736,18735,905,3,1,True
2026-03-26T14:10:10.389,T1,1,2067,0.549,-58.8,-78.3,-19.4,217.72,638977870,638977636,76,15343,16547,12656,19518,951,3,1,True
2026-03-26T14:10:10.869,T1,1,2068,0.07,-58.7,-80.3,-21.6,181.6,638977667,638977636,80,16079,14528,9233,18778,929,3,1,True
2026-03-26T14:10:11.380,T1,1,2069,0.849,-57.9,-73.5,-15.5,223.0,638977999,638977636,80,16406,17840,15928,18764,904,3,1,True
2026-03-26T14:10:11.889,T1,1,2070,-0.408,-59.4,-76.4,-17.0,196.06,638977462,638977636,84,16761,16469,11831,17033,907,3,1,True
2026-03-26T14:10:12.398,T1,1,2071,-0.235,-58.3,-76.5,-18.3,161.6,638977536,638977636,108,17865,17453,10510,19761,939,3,1,True
2026-03-26T14:10:12.939,T1,1,2072,0.211,-57.7,-75.4,-17.7,174.99,638977726,638977636,96,17379,16799,11987,18869,899,3,1,True
2026-03-26T14:10:13.416,T1,1,2073,0.422,-58.9,-74.2,-15.4,200.32,638977817,638977636,88,14918,17628,16229,17551,903,3,1,True
2026-03-26T14:10:13.870,T1,1,2074,0.005,-57.7,-77.0,-19.3,152.86,638977638,638977636,100,16156,15286,13296,19448,912,3,1,True
2026-03-26T14:10:14.379,T1,1,2075,-0.46,-58.9,-77.8,-18.9,165.45,638977439,638977636,104,15336,17207,13357,19997,964,3,1,True
2026-03-26T14:10:14.887,T1,1,2076,0.0,-59.0,-77.1,-18.2,152.3,638977637,638977636,112,16963,17058,12384,19575,957,3,1,True
2026-03-26T14:10:15.398,T1,1,2077,0.507,-59.2,-78.1,-19.0,146.06,638977852,638977636,116,16385,16943,11094,19176,953,3,1,True
2026-03-26T14:10:15.879,T1,1,2078,0.643,-58.6,-78.4,-19.8,149.2,638977911,638977636,96,17725,14323,10349,18747,923,3,1,True
2026-03-26T14:10:16.390,T1,1,2079,0.704,-59.4,-75.3,-15.9,194.54,638977936,638977636,84,17760,16341,16781,19758,974,3,1,True
2026-03-26T14:10:16.899,T1,1,2080,0.502,-58.5,-78.3,-19.8,170.48,638977850,638977636,84,17713,14320,10073,18577,916,3,1,True
2026-03-26T14:10:17.380,T1,1,2081,0.239,-58.9,-79.8,-20.9,156.21,638977738,638977636,108,15865,16871,11071,21258,994,3,1,True
2026-03-26T14:10:17.889,T1,1,2082,0.793,-59.2,-75.7,-16.5,198.84,638977975,638977636,88,16767,17498,13718,18541,937,3,1,True
2026-03-26T14:10:18.400,T1,1,2083,-0.019,-58.7,-79.4,-20.7,128.46,638977628,638977636,120,15246,15415,14527,21646,997,3,1,True
2026-03-26T14:10:18.879,T1,1,2084,0.718,-57.3,-75.3,-18.0,145.09,638977942,638977636,108,17785,15670,14894,20686,928,3,1,True
2026-03-26T14:10:19.448,T1,1,2085,0.08,-58.8,-78.7,-19.9,201.14,638977671,638977636,80,15995,16091,9794,18395,922,3,1,True
2026-03-26T14:10:19.898,T1,1,2086,0.385,-59.4,-79.9,-20.5,183.18,638977801,638977636,80,16287,14654,9619,17943,931,3,1,True
2026-03-26T14:10:20.408,T1,1,2087,0.319,-58.9,-77.4,-18.6,148.3,638977772,638977636,96,17595,14237,11384,17660,905,3,1,True
2026-03-26T14:10:20.887,T1,1,2088,0.793,-59.4,-79.8,-20.4,182.69,638977975,638977636,84,17950,15346,9474,20189,986,3,1,True
2026-03-26T14:10:21.398,T1,1,2089,-0.145,-58.6,-78.2,-19.6,179.43,638977574,638977636,80,14841,14354,13807,18218,912,3,1,True
2026-03-26T14:10:21.908,T1,1,2090,-0.061,-58.7,-80.6,-21.8,179.69,638977610,638977636,80,15031,14375,8470,17364,894,3,1,True
2026-03-26T14:10:22.418,T1,1,2091,0.3,-59.1,-79.3,-20.2,213.49,638977765,638977636,76,12158,16225,13020,17848,917,3,1,True
2026-03-26T14:10:22.903,T1,1,2092,0.342,-59.7,-79.8,-20.2,165.2,638977782,638977636,88,15448,14538,10551,17238,920,3,1,True
2026-03-26T14:10:23.407,T1,1,2093,0.432,-58.5,-80.7,-22.2,211.75,638977821,638977636,68,9301,14399,13983,17307,885,3,1,True
2026-03-26T14:10:23.917,T1,1,2094,-0.441,-59.2,-79.7,-20.4,200.8,638977448,638977636,84,11023,16867,14303,19109,954,3,1,True
2026-03-26T14:10:24.427,T1,1,2095,0.113,-58.2,-79.9,-21.7,181.64,638977685,638977636,80,12000,14531,13539,18381,904,3,1,True
2026-03-26T14:10:24.907,T1,1,2096,0.295,-59.6,-79.8,-20.2,220.6,638977763,638977636,68,15073,15001,11889,18260,943,3,1,True
2026-03-26T14:10:25.418,T1,1,2097,-0.45,-58.2,-78.4,-20.2,249.15,638977443,638977636,68,14769,16942,12710,20557,953,3,1,True
2026-03-26T14:10:25.900,T1,1,2098,0.253,-59.0,-80.9,-21.9,252.38,638977744,638977636,64,15326,16152,9970,20608,982,3,1,True
2026-03-26T14:10:26.410,T1,1,2099,0.164,-58.7,-79.6,-20.9,208.47,638977707,638977636,76,12302,15844,11656,17383,892,3,1,True
2026-03-26T14:10:26.919,T1,1,2100,-0.169,-59.0,-79.6,-20.6,184.8,638977564,638977636,80,15268,14784,8540,16642,883,3,1,True
2026-03-26T14:10:27.399,T1,1,2101,-0.239,-58.5,-79.7,-21.2,207.57,638977534,638977636,76,13792,15775,11456,18784,922,3,1,True
2026-03-26T14:10:27.909,T1,1,2102,0.441,-58.5,-79.6,-21.1,215.66,638977824,638977636,68,13739,14665,12116,18073,903,3,1,True
2026-03-26T14:10:28.419,T1,1,2103,0.009,-58.5,-78.8,-20.4,223.4,638977640,638977636,68,13353,15191,12472,17581,891,3,1,True
2026-03-26T14:10:28.898,T1,1,2104,0.244,-59.0,-79.4,-20.4,210.47,638977740,638977636,76,14876,15996,10113,18084,921,3,1,True
2026-03-26T14:10:29.407,T1,1,2105,0.539,-59.5,-77.2,-17.7,216.32,638977867,638977636,84,14786,18171,14483,19705,977,3,1,True
2026-03-26T14:10:29.919,T1,1,2106,-0.267,-58.9,-79.3,-20.3,169.43,638977522,638977636,84,16394,14232,10002,17765,910,3,1,True
2026-03-26T14:10:30.429,T1,1,2107,-0.009,-59.1,-76.4,-17.3,172.36,638977632,638977636,96,16907,16547,13592,18771,941,3,1,True
2026-03-26T14:10:30.907,T1,1,2108,-0.174,-58.5,-74.6,-16.1,199.31,638977561,638977636,84,15892,16742,13781,16754,871,3,1,True
2026-03-26T14:10:31.420,T1,1,2109,0.596,-58.2,-74.9,-16.7,229.53,638977890,638977636,72,15416,16526,13713,16882,865,3,1,True
2026-03-26T14:10:31.928,T1,1,2110,0.511,-58.4,-76.3,-17.8,197.57,638977855,638977636,84,16117,16596,11919,17722,893,3,1,True
2026-03-26T14:10:32.407,T1,1,2111,-0.216,-58.3,-75.9,-17.6,237.93,638977543,638977636,72,12427,17131,16025,18076,898,3,1,True
2026-03-26T14:10:32.917,T1,1,2112,1.008,-58.1,-75.7,-17.6,244.68,638978067,638977636,68,14324,16638,15029,18217,895,3,1,True
2026-03-26T14:10:33.427,T1,1,2113,0.699,-58.2,-75.7,-17.4,217.22,638977935,638977636,76,13898,16509,15285,17789,889,3,1,True
2026-03-26T14:10:33.909,T1,1,2114,0.178,-58.3,-77.5,-19.2,205.38,638977712,638977636,80,15210,16430,11688,18349,905,3,1,True
2026-03-26T14:10:34.417,T1,1,2115,0.835,-59.2,-77.5,-18.3,175.05,638977992,638977636,88,13614,15404,14542,17164,902,3,1,True
2026-03-26T14:10:34.928,T1,1,2116,-0.45,-58.1,-75.8,-17.7,212.71,638977444,638977636,76,14829,16166,13515,17210,871,3,1,True
2026-03-26T14:10:35.413,T1,1,2117,0.342,-58.4,-75.1,-16.7,199.06,638977782,638977636,84,16392,16721,12758,17209,879,3,1,True
2026-03-26T14:10:35.920,T1,1,2118,0.164,-58.9,-74.8,-15.9,204.4,638977707,638977636,88,17188,17987,14469,18975,938,3,1,True
2026-03-26T14:10:36.457,T1,1,2119,0.178,-58.4,-74.5,-16.1,222.63,638977713,638977636,76,16012,16920,13978,17118,876,3,1,True
2026-03-26T14:10:36.937,T1,1,2120,0.544,-58.9,-78.5,-19.6,210.64,638977868,638977636,76,16154,16009,9035,17703,908,3,1,True
2026-03-26T14:10:37.417,T1,1,2121,0.586,-58.2,-74.2,-16.0,213.32,638977886,638977636,80,16081,17066,14860,17778,887,3,1,True
2026-03-26T14:10:37.930,T1,1,2122,-0.361,-58.7,-75.7,-17.0,179.3,638977482,638977636,88,14797,15778,15420,17442,895,3,1,True
2026-03-26T14:10:38.440,T1,1,2123,0.868,-58.4,-74.5,-16.1,192.68,638978006,638977636,92,17485,17727,14318,19102,926,3,1,True
2026-03-26T14:10:38.917,T1,1,2124,-0.446,-59.3,-80.5,-21.3,191.14,638977445,638977636,84,12902,16056,11803,18693,944,3,1,True
2026-03-26T14:10:39.429,T1,1,2125,-0.08,-59.3,-79.2,-19.8,184.71,638977602,638977636,84,14582,15516,10318,16806,897,3,1,True
2026-03-26T14:10:39.938,T1,1,2126,-0.291,-58.1,-77.1,-19.0,177.28,638977511,638977636,92,17856,16310,12544,20987,961,3,1,True
2026-03-26T14:10:40.419,T1,1,2127,0.342,-58.9,-78.7,-19.8,169.71,638977783,638977636,96,17136,16292,10968,20338,972,3,1,True
2026-03-26T14:10:40.928,T1,1,2128,0.281,-58.3,-77.9,-19.6,170.93,638977757,638977636,88,15785,15042,14802,20506,958,3,1,True
2026-03-26T14:10:41.439,T1,1,2129,0.492,-59.0,-78.8,-19.7,208.0,638977846,638977636,80,15104,16640,13046,20106,972,3,1,True
2026-03-26T14:10:41.917,T1,1,2130,0.563,-58.7,-79.3,-20.6,230.18,638977876,638977636,72,14331,16573,12690,20281,965,3,1,True
2026-03-26T14:10:42.428,T1,1,2131,0.497,-59.2,-79.1,-19.9,202.25,638977848,638977636,76,14248,15371,11820,17458,912,3,1,True
2026-03-26T14:10:42.937,T1,1,2132,0.539,-59.2,-76.5,-17.3,197.21,638977866,638977636,76,16732,14988,14419,17918,922,3,1,True
2026-03-26T14:10:43.417,T1,1,2133,1.154,-58.9,-75.7,-16.8,186.46,638978129,638977636,92,17077,17154,13398,18601,931,3,1,True
2026-03-26T14:10:43.927,T1,1,2134,0.957,-59.1,-76.1,-17.1,167.36,638978045,638977636,96,17215,16067,10985,16747,888,3,1,True
2026-03-26T14:10:44.437,T1,1,2135,-0.441,-60.2,-77.8,-17.5,208.68,638977448,638977636,80,16089,16694,12135,17548,946,3,1,True
2026-03-26T14:10:44.918,T1,1,2136,-0.089,-59.1,-81.2,-22.1,177.45,638977597,638977636,76,17221,13486,8402,19322,954,3,1,True
2026-03-26T14:10:45.427,T1,1,2137,0.047,-58.4,-78.3,-19.8,222.24,638977657,638977636,68,15812,15112,10595,17736,894,3,1,True
2026-03-26T14:10:45.936,T1,1,2138,-0.159,-59.8,-77.5,-17.8,173.21,638977567,638977636,100,16938,17321,13483,20031,994,3,1,True
2026-03-26T14:10:46.448,T1,1,2139,0.127,-58.9,-77.0,-18.1,203.99,638977690,638977636,84,16628,17135,13657,20189,968,3,1,True
2026-03-26T14:10:46.931,T1,1,2140,0.455,-58.9,-74.4,-15.5,192.33,638977831,638977636,88,16557,16925,13231,16401,873,3,1,True
2026-03-26T14:10:47.437,T1,1,2141,0.816,-58.5,-78.5,-20.0,187.7,638977985,638977636,84,16296,15767,9336,18322,910,3,1,True
2026-03-26T14:10:47.918,T1,1,2142,0.68,-58.5,-80.5,-22.0,163.41,638977927,638977636,100,12832,16341,10973,19297,933,3,1,True
2026-03-26T14:10:48.429,T1,1,2143,0.835,-58.5,-76.1,-17.6,174.17,638977993,638977636,104,16666,18114,14842,21231,980,3,1,True
2026-03-26T14:10:48.939,T1,1,2144,0.145,-57.7,-75.5,-17.8,161.9,638977699,638977636,96,17978,15542,13649,19610,917,3,1,True
2026-03-26T14:10:49.420,T1,1,2145,1.126,-58.2,-75.6,-17.4,195.83,638978117,638977636,88,13696,17233,15899,18654,910,3,1,True
2026-03-26T14:10:49.927,T1,1,2146,0.169,-58.0,-73.3,-15.4,168.18,638977708,638977636,100,16513,16818,15021,17255,867,3,1,True
2026-03-26T14:10:50.439,T1,1,2147,-0.188,-58.9,-79.6,-20.8,162.44,638977556,638977636,100,15348,16244,9311,18768,933,3,1,True
2026-03-26T14:10:50.946,T1,1,2148,-0.174,-59.2,-88.5,-29.3,80.76,638977562,638977636,124,9767,10014,9116,17315,906,3,1,True
2026-03-26T14:10:51.428,T1,1,2149,0.577,-58.4,-73.6,-15.3,154.69,638977883,638977636,108,16504,16706,13322,15967,846,3,1,True
2026-03-26T14:10:51.936,T1,1,2150,0.657,-58.5,-78.9,-20.5,152.05,638977916,638977636,100,17869,15205,9478,20086,952,3,1,True
2026-03-26T14:10:52.448,T1,1,2151,-0.07,-59.8,-81.5,-21.7,241.15,638977605,638977636,68,16616,16398,9537,21704,1036,3,1,True
2026-03-26T14:10:52.929,T1,1,2152,0.441,-60.2,-73.9,-13.7,232.54,638977824,638977636,68,17300,15813,15783,15737,894,3,1,True
2026-03-26T14:10:53.436,T1,1,2153,0.657,-58.0,-75.7,-17.6,196.58,638977916,638977636,84,16311,16513,12302,17782,883,3,1,True
2026-03-26T14:10:53.946,T1,1,2154,0.699,-58.1,-75.5,-17.4,134.78,638977935,638977636,108,15803,14556,14902,17350,874,3,1,True
2026-03-26T14:10:54.427,T1,1,2155,0.042,-58.1,-75.6,-17.5,163.75,638977655,638977636,88,16637,14410,14247,17562,880,3,1,True
2026-03-26T14:10:54.936,T1,1,2156,0.084,-56.7,-74.4,-17.7,180.35,638977672,638977636,92,15333,16592,15137,19142,876,3,1,True
2026-03-26T14:10:55.448,T1,1,2157,0.131,-58.3,-77.8,-19.5,164.69,638977692,638977636,100,14388,16469,12732,18747,915,3,1,True
2026-03-26T14:10:55.926,T1,1,2158,0.647,-58.5,-77.8,-19.3,108.92,638977913,638977636,128,17177,13942,9856,16960,875,3,1,True
2026-03-26T14:10:56.437,T1,1,2159,0.614,-58.7,-73.8,-15.1,234.6,638977899,638977636,72,16434,16891,13584,16041,858,3,1,True
2026-03-26T14:10:56.946,T1,1,2160,0.61,-59.4,-76.7,-17.3,188.54,638977896,638977636,76,16600,14329,13556,16710,898,3,1,True
2026-03-26T14:10:57.427,T1,1,2161,-0.211,-60.4,-83.3,-22.8,203.18,638977545,638977636,84,2388,17067,15819,20231,1022,3,1,True
2026-03-26T14:10:57.938,T1,1,2162,0.089,-60.0,-74.0,-13.9,155.25,638977674,638977636,116,16755,18009,16397,17457,937,3,1,True
2026-03-26T14:10:58.448,T1,1,2163,0.816,-58.2,-77.3,-19.1,170.67,638977984,638977636,96,18244,16384,10009,20040,943,3,1,True
2026-03-26T14:10:58.929,T1,1,2164,0.441,-58.9,-76.2,-17.3,192.43,638977824,638977636,88,14547,16934,15976,19055,940,3,1,True
2026-03-26T14:10:59.439,T1,1,2165,0.779,-59.1,-75.3,-16.2,176.14,638977968,638977636,96,17861,16909,13866,18621,937,3,1,True
2026-03-26T14:10:59.946,T1,1,2166,0.277,-59.1,-77.8,-18.7,204.29,638977755,638977636,76,16295,15526,13754,19320,954,3,1,True
2026-03-26T14:11:00.457,T1,1,2167,-0.38,-58.8,-77.4,-18.7,222.62,638977473,638977636,76,18022,16919,10085,19734,954,3,1,True
2026-03-26T14:11:00.939,T1,1,2168,-0.375,-58.3,-77.4,-19.1,180.03,638977476,638977636,88,16784,15843,9171,17573,885,3,1,True
2026-03-26T14:11:01.448,T1,1,2169,0.042,-58.9,-77.6,-18.7,206.55,638977655,638977636,76,15704,15698,12294,17904,913,3,1,True
2026-03-26T14:11:01.957,T1,1,2170,0.324,-58.0,-73.4,-15.5,231.53,638977775,638977636,72,16703,16670,13477,16410,846,3,1,True
2026-03-26T14:11:02.468,T1,1,2171,0.624,-57.9,-75.0,-17.1,223.4,638977902,638977636,80,18084,17872,12921,20189,936,3,1,True
2026-03-26T14:11:02.977,T1,1,2172,0.46,-58.4,-74.0,-15.6,226.44,638977832,638977636,72,16530,16304,13506,16171,851,3,1,True
2026-03-26T14:11:03.461,T1,1,2173,0.76,-58.6,-76.6,-18.0,192.21,638977960,638977636,84,16497,16146,14691,19809,949,3,1,True
2026-03-26T14:11:03.937,T1,1,2174,-0.446,-57.9,-74.0,-16.1,187.25,638977445,638977636,96,17709,17976,15868,20679,947,3,1,True
2026-03-26T14:11:04.448,T1,1,2175,0.732,-58.4,-72.9,-14.5,186.31,638977948,638977636,88,16138,16395,15488,15968,847,3,1,True
2026-03-26T14:11:04.957,T1,1,2176,-0.098,-57.8,-74.9,-17.1,192.69,638977594,638977636,88,17754,16957,11963,18542,895,3,1,True
2026-03-26T14:11:05.467,T1,1,2177,-0.408,-58.6,-74.4,-15.9,192.13,638977461,638977636,92,17270,17676,15898,19695,946,3,1,True
2026-03-26T14:11:05.946,T1,1,2178,0.464,-57.7,-74.3,-16.6,219.68,638977835,638977636,80,17946,17574,13082,19202,907,3,1,True
2026-03-26T14:11:06.458,T1,1,2179,0.216,-57.8,-75.1,-17.3,175.71,638977729,638977636,96,17654,16868,11230,18222,886,3,1,True
2026-03-26T14:11:06.969,T1,1,2180,0.197,-58.0,-75.6,-17.6,191.5,638977721,638977636,88,18003,16852,11862,19278,918,3,1,True
2026-03-26T14:11:07.446,T1,1,2181,0.338,-57.9,-73.9,-16.0,188.77,638977781,638977636,88,17036,16612,12800,16806,854,3,1,True
2026-03-26T14:11:07.958,T1,1,2182,-0.399,-57.3,-74.7,-17.5,169.77,638977465,638977636,96,17065,16298,11662,17665,857,3,1,True
2026-03-26T14:11:08.466,T1,1,2183,-0.047,-57.6,-77.5,-19.9,162.14,638977615,638977636,92,17653,14917,8959,18529,889,3,1,True
2026-03-26T14:11:08.947,T1,1,2184,0.342,-58.7,-77.9,-19.2,225.96,638977783,638977636,68,15835,15365,11155,17579,897,3,1,True
2026-03-26T14:11:09.457,T1,1,2185,-0.239,-59.0,-76.7,-17.7,162.7,638977534,638977636,112,17436,18222,13331,21096,995,3,1,True
2026-03-26T14:11:09.967,T1,1,2186,-0.014,-58.5,-76.5,-18.0,174.2,638977630,638977636,96,14789,16723,13157,17762,895,3,1,True
2026-03-26T14:11:10.448,T1,1,2187,0.99,-58.5,-77.1,-18.6,174.44,638978058,638977636,88,14532,15351,13912,17626,894,3,1,True
2026-03-26T14:11:10.958,T1,1,2188,0.366,-58.0,-73.8,-15.8,171.4,638977792,638977636,96,16959,16454,14496,17437,873,3,1,True
2026-03-26T14:11:11.467,T1,1,2189,0.75,-58.5,-77.5,-19.0,217.38,638977957,638977636,68,13650,14782,12583,15991,851,3,1,True
2026-03-26T14:11:11.977,T1,1,2190,0.558,-59.2,-76.9,-17.7,195.23,638977874,638977636,84,17323,16399,10814,17773,919,3,1,True
2026-03-26T14:11:12.459,T1,1,2191,1.159,-58.5,-75.4,-16.9,213.25,638978131,638977636,76,16430,16207,10534,15775,844,3,1,True
2026-03-26T14:11:12.968,T1,1,2192,-0.267,-58.9,-79.3,-20.4,169.74,638977522,638977636,76,15377,12900,9655,15537,850,3,1,True
2026-03-26T14:11:13.477,T1,1,2193,-0.216,-59.0,-79.3,-20.2,194.83,638977543,638977636,72,11385,14028,13101,15362,849,3,1,True
2026-03-26T14:11:13.957,T1,1,2194,0.389,-58.9,-80.4,-21.5,216.44,638977802,638977636,68,8594,14718,14556,16959,888,3,1,True
2026-03-26T14:11:14.468,T1,1,2195,0.324,-59.9,-79.6,-19.7,254.18,638977774,638977636,72,16677,18301,13222,23448,1080,3,1,True
2026-03-26T14:11:14.978,T1,1,2196,0.075,-59.4,-80.7,-21.3,201.5,638977669,638977636,84,14012,16926,10556,19769,975,3,1,True
2026-03-26T14:11:15.485,T1,1,2197,0.375,-59.4,-80.8,-21.3,164.18,638977796,638977636,100,17918,16418,9412,22643,1045,3,1,True
2026-03-26T14:11:15.966,T1,1,2198,0.169,-59.1,-75.8,-16.7,231.87,638977709,638977636,76,15987,17622,14110,18456,934,3,1,True
2026-03-26T14:11:16.475,T1,1,2199,0.361,-59.0,-77.8,-18.8,211.44,638977790,638977636,72,15010,15224,10266,15736,857,3,1,True
2026-03-26T14:11:16.985,T1,1,2200,0.511,-59.1,-79.8,-20.7,194.58,638977854,638977636,84,10042,16345,12748,16902,894,3,1,True
2026-03-26T14:11:17.495,T1,1,2201,0.089,-58.0,-78.5,-20.5,243.95,638977674,638977636,64,15182,15613,10245,18240,893,3,1,True
2026-03-26T14:11:17.974,T1,1,2202,0.582,-57.2,-81.1,-23.9,189.99,638977884,638977636,80,102,15199,15212,18438,873,3,1,True
2026-03-26T14:11:18.487,T1,1,2203,0.544,-57.5,-77.7,-20.1,203.28,638977868,638977636,76,15202,15449,9805,17343,857,3,1,True
2026-03-26T14:11:18.998,T1,1,2204,-0.103,-59.1,-76.7,-17.6,217.0,638977592,638977636,76,15972,16492,11772,17150,898,3,1,True
2026-03-26T14:11:19.475,T1,1,2205,0.028,-59.5,-78.4,-18.9,235.53,638977648,638977636,76,15775,17900,12671,20488,998,3,1,True
2026-03-26T14:11:20.016,T1,1,2206,0.952,-58.9,-77.8,-19.0,214.28,638978042,638977636,76,14985,16285,11386,17506,902,3,1,True
2026-03-26T14:11:20.525,T1,1,2207,1.126,-59.1,-78.0,-18.9,214.12,638978116,638977636,76,16233,16273,10331,17916,919,3,1,True
2026-03-26T14:11:20.974,T1,1,2208,-0.403,-60.2,-78.9,-18.7,210.8,638977463,638977636,84,15961,17707,11783,19603,998,3,1,True
2026-03-26T14:11:21.487,T1,1,2209,0.127,-59.9,-79.2,-19.3,210.06,638977691,638977636,80,16289,16805,9885,18663,964,3,1,True
2026-03-26T14:11:21.996,T1,1,2210,0.38,-59.0,-78.3,-19.3,197.74,638977799,638977636,76,15073,15028,9970,16001,865,3,1,True
2026-03-26T14:11:22.475,T1,1,2211,0.005,-58.9,-78.0,-19.1,195.9,638977639,638977636,88,13497,17239,13026,18496,929,3,1,True
2026-03-26T14:11:22.987,T1,1,2212,0.971,-59.4,-78.8,-19.5,176.34,638978051,638977636,88,16113,15518,10009,17599,919,3,1,True
2026-03-26T14:11:23.498,T1,1,2213,0.145,-58.7,-79.6,-20.9,207.97,638977699,638977636,76,6274,15806,14345,16034,857,3,1,True
2026-03-26T14:11:24.037,T1,1,2214,0.915,-60.0,-78.8,-18.8,176.99,638978026,638977636,104,18198,18407,12915,23464,1085,3,1,True
2026-03-26T14:11:24.547,T1,1,2215,0.047,-58.7,-75.3,-16.6,202.62,638977656,638977636,80,17047,16210,11671,16571,872,3,1,True
2026-03-26T14:11:24.995,T1,1,2216,0.427,-59.0,-73.9,-14.9,215.49,638977818,638977636,80,16121,17239,15094,16743,886,3,1,True
2026-03-26T14:11:25.507,T1,1,2217,-0.492,-59.8,-76.3,-16.5,216.05,638977426,638977636,80,17433,17284,14101,19089,973,3,1,True
2026-03-26T14:11:25.986,T1,1,2218,0.347,-58.5,-77.0,-18.5,242.44,638977785,638977636,64,16813,15516,9175,16659,869,3,1,True
2026-03-26T14:11:26.496,T1,1,2219,-0.225,-58.1,-78.4,-20.3,223.04,638977540,638977636,72,16215,16059,9309,18823,909,3,1,True
2026-03-26T14:11:27.006,T1,1,2220,-0.019,-59.4,-78.0,-18.6,232.14,638977627,638977636,76,10411,17643,15530,18218,937,3,1,True
2026-03-26T14:11:27.517,T1,1,2221,-0.347,-58.9,-77.2,-18.4,185.41,638977488,638977636,88,9975,16316,15708,16606,878,3,1,True
2026-03-26T14:11:27.995,T1,1,2222,-0.46,-58.9,-76.4,-17.5,262.06,638977439,638977636,64,16421,16772,12675,18161,920,3,1,True
2026-03-26T14:11:28.507,T1,1,2223,0.689,-58.4,-74.9,-16.6,222.86,638977931,638977636,76,14828,16937,14454,17135,876,3,1,True
2026-03-26T14:11:28.986,T1,1,2224,0.539,-58.4,-77.1,-18.8,191.15,638977867,638977636,92,18469,17586,10175,21010,971,3,1,True
2026-03-26T14:11:29.497,T1,1,2225,0.385,-59.4,-75.8,-16.4,201.68,638977801,638977636,88,16758,17748,16703,20696,998,3,1,True
2026-03-26T14:11:30.005,T1,1,2226,0.239,-58.6,-75.8,-17.2,251.37,638977739,638977636,68,12939,17093,15257,17289,888,3,1,True
2026-03-26T14:11:30.516,T1,1,2227,0.277,-58.1,-73.4,-15.3,204.1,638977755,638977636,84,16251,17144,15104,17251,872,3,1,True
2026-03-26T14:11:30.995,T1,1,2228,-0.023,-59.7,-77.3,-17.6,205.88,638977626,638977636,72,15691,14823,13243,16529,900,3,1,True
2026-03-26T14:11:31.535,T1,1,2229,0.399,-59.2,-75.9,-16.8,237.36,638977807,638977636,72,17560,17090,11350,17712,916,3,1,True
2026-03-26T14:11:31.986,T1,1,2230,0.582,-58.8,-76.0,-17.2,193.02,638977885,638977636,96,14775,18530,17126,21440,995,3,1,True
2026-03-26T14:11:32.496,T1,1,2231,0.098,-58.9,-75.8,-16.9,230.65,638977679,638977636,72,13327,16607,14300,16181,866,3,1,True
2026-03-26T14:11:33.005,T1,1,2232,0.319,-58.1,-74.2,-16.1,224.22,638977772,638977636,76,17112,17041,12821,17325,873,3,1,True
2026-03-26T14:11:33.516,T1,1,2233,0.103,-59.2,-75.5,-16.3,223.97,638977680,638977636,76,15554,17022,13379,16669,891,3,1,True
2026-03-26T14:11:33.996,T1,1,2234,0.052,-58.5,-76.5,-18.0,190.81,638977659,638977636,84,17403,16028,10217,17578,893,3,1,True
2026-03-26T14:11:34.507,T1,1,2235,-0.131,-58.3,-75.6,-17.4,200.67,638977579,638977636,92,18353,18462,13590,21820,986,3,1,True
2026-03-26T14:11:35.016,T1,1,2236,-0.235,-59.5,-78.7,-19.2,159.12,638977536,638977636,96,18411,15276,9285,18940,957,3,1,True
2026-03-26T14:11:35.495,T1,1,2237,0.202,-58.2,-76.9,-18.6,166.96,638977723,638977636,100,17995,16696,9685,19255,925,3,1,True
2026-03-26T14:11:36.005,T1,1,2238,0.539,-58.9,-76.7,-17.8,192.36,638977866,638977636,88,17266,16928,14608,20825,985,3,1,True
2026-03-26T14:11:36.518,T1,1,2239,0.882,-58.4,-74.0,-15.6,204.08,638978013,638977636,84,16416,17143,14661,17476,886,3,1,True
2026-03-26T14:11:36.996,T1,1,2240,0.596,-59.4,-76.9,-17.5,178.46,638977890,638977636,96,17278,17132,16210,21871,1025,3,1,True
2026-03-26T14:11:37.505,T1,1,2241,0.225,-58.9,-74.7,-15.9,202.79,638977732,638977636,84,14092,17034,15071,16340,871,3,1,True
2026-03-26T14:11:38.016,T1,1,2242,1.051,-59.0,-76.7,-17.7,202.41,638978084,638977636,92,18244,18622,14539,23062,1041,3,1,True
2026-03-26T14:11:38.495,T1,1,2243,0.629,-60.1,-78.0,-17.9,175.17,638977905,638977636,96,18963,16816,12820,21203,1036,3,1,True
2026-03-26T14:11:39.005,T1,1,2244,0.689,-58.7,-73.7,-15.0,237.79,638977930,638977636,72,15223,17121,15605,16508,870,3,1,True
2026-03-26T14:11:39.515,T1,1,2245,0.033,-59.0,-77.3,-18.4,179.19,638977650,638977636,96,18841,17202,13966,22932,1035,3,1,True
2026-03-26T14:11:39.995,T1,1,2246,-0.019,-58.9,-75.7,-16.8,203.65,638977628,638977636,84,16214,17107,13116,17672,907,3,1,True
2026-03-26T14:11:40.505,T1,1,2247,0.314,-59.0,-76.2,-17.2,159.01,638977770,638977636,120,18285,19081,16296,24098,1064,3,1,True
2026-03-26T14:11:41.016,T1,1,2248,0.328,-58.7,-76.0,-17.3,170.08,638977776,638977636,104,18140,17688,11921,19769,952,3,1,True
2026-03-26T14:11:41.494,T1,1,2249,-0.094,-58.4,-76.3,-17.8,190.01,638977595,638977636,92,17923,17481,11174,19644,941,3,1,True
2026-03-26T14:11:42.005,T1,1,2250,-0.295,-59.8,-77.0,-17.2,194.42,638977509,638977636,100,18385,19442,16387,24683,1104,3,1,True
2026-03-26T14:11:42.544,T1,1,2251,0.596,-59.6,-78.8,-19.3,175.81,638977890,638977636,100,15211,17581,13150,20634,1002,3,1,True
2026-03-26T14:11:42.996,T1,1,2252,-0.009,-59.0,-77.3,-18.3,168.38,638977632,638977636,112,17930,18859,14293,23844,1056,3,1,True
2026-03-26T14:11:43.506,T1,1,2253,-0.042,-58.8,-77.5,-18.8,184.26,638977617,638977636,88,12560,16215,12582,16160,863,3,1,True
2026-03-26T14:11:44.045,T1,1,2254,0.117,-58.9,-78.5,-19.7,169.75,638977686,638977636,112,12152,19012,18147,24922,1075,3,1,True
2026-03-26T14:11:44.524,T1,1,2255,0.108,-58.7,-76.8,-18.1,189.89,638977683,638977636,96,13531,18229,15918,20465,968,3,1,True
2026-03-26T14:11:45.035,T1,1,2256,1.004,-58.5,-76.2,-17.7,187.83,638978064,638977636,88,12031,16529,14373,16184,855,3,1,True
2026-03-26T14:11:45.518,T1,1,2257,0.732,-58.3,-75.8,-17.5,191.43,638977948,638977636,88,12831,16846,15239,17426,882,3,1,True
2026-03-26T14:11:46.025,T1,1,2258,0.46,-58.9,-75.5,-16.6,204.96,638977832,638977636,84,15493,17217,13761,17385,899,3,1,True
2026-03-26T14:11:46.506,T1,1,2259,-0.019,-58.4,-76.9,-18.5,204.14,638977628,638977636,80,12752,16331,14012,17114,876,3,1,True
2026-03-26T14:11:47.016,T1,1,2260,-0.652,-58.4,-76.0,-17.6,204.76,638977357,638977636,80,13219,16381,14658,16925,873,3,1,True
2026-03-26T14:11:47.526,T1,1,2261,0.568,-58.5,-76.5,-18.0,185.02,638977878,638977636,100,12595,18502,17524,21417,983,3,1,True
2026-03-26T14:11:48.036,T1,1,2262,0.413,-58.6,-75.1,-16.6,211.14,638977813,638977636,84,14714,17736,15678,18613,920,3,1,True
2026-03-26T14:11:48.516,T1,1,2263,0.966,-59.0,-76.4,-17.3,183.55,638978048,638977636,88,16365,16152,11628,16751,887,3,1,True
2026-03-26T14:11:49.027,T1,1,2264,0.68,-58.5,-76.8,-18.3,182.72,638977926,638977636,88,16572,16079,10858,17546,892,3,1,True
2026-03-26T14:11:49.535,T1,1,2265,0.375,-59.4,-79.1,-19.8,173.95,638977796,638977636,88,16504,15308,10448,18399,940,3,1,True
2026-03-26T14:11:50.076,T1,1,2266,0.206,-59.1,-79.6,-20.4,154.81,638977725,638977636,100,16660,15481,10477,19638,963,3,1,True
2026-03-26T14:11:50.525,T1,1,2267,0.169,-59.9,-80.1,-20.2,167.95,638977709,638977636,108,15838,18139,15272,25036,1117,3,1,True
2026-03-26T14:11:51.035,T1,1,2268,0.849,-59.1,-81.2,-22.1,178.48,638977998,638977636,84,4282,14992,14479,15931,866,3,1,True
2026-03-26T14:11:51.516,T1,1,2269,0.647,-60.1,-79.9,-19.8,193.21,638977913,638977636,84,17152,16230,12316,21223,1037,3,1,True
2026-03-26T14:11:52.026,T1,1,2270,1.083,-60.1,-79.8,-19.7,183.96,638978098,638977636,100,16526,18396,12784,23037,1078,3,1,True
2026-03-26T14:11:52.535,T1,1,2271,0.113,-58.8,-78.8,-20.0,206.39,638977684,638977636,72,15415,14860,8689,16180,865,3,1,True
2026-03-26T14:11:53.014,T1,1,2272,0.999,-59.1,-78.5,-19.4,184.61,638978063,638977636,92,16694,16984,10267,19649,961,3,1,True
2026-03-26T14:11:53.555,T1,1,2273,0.267,-59.0,-80.8,-21.8,231.11,638977751,638977636,64,2165,14791,15586,16062,866,3,1,True
2026-03-26T14:11:54.036,T1,1,2274,0.183,-59.8,-79.4,-19.6,223.99,638977714,638977636,68,9265,15231,12849,14246,840,3,1,True
2026-03-26T14:11:54.514,T1,1,2275,0.502,-58.8,-78.5,-19.8,227.24,638977850,638977636,76,16079,17270,11151,20382,969,3,1,True
2026-03-26T14:11:55.026,T1,1,2276,-0.019,-59.5,-80.3,-20.8,235.72,638977627,638977636,76,7511,17915,17479,21909,1032,3,1,True
2026-03-26T14:11:55.534,T1,1,2277,0.422,-58.7,-79.9,-21.2,233.12,638977817,638977636,72,11543,16785,15787,21967,1003,3,1,True
2026-03-26T14:11:56.017,T1,1,2278,0.61,-60.2,-80.6,-20.4,171.95,638977897,638977636,92,17093,15819,12172,21592,1048,3,1,True
2026-03-26T14:11:56.524,T1,1,2279,0.891,-58.8,-80.3,-21.5,216.93,638978016,638977636,76,5818,16487,15211,18084,913,3,1,True
2026-03-26T14:11:57.035,T1,1,2280,0.366,-60.3,-79.8,-19.5,200.76,638977792,638977636,92,15886,18470,12239,21851,1058,3,1,True
2026-03-26T14:11:57.515,T1,1,2281,0.202,-59.1,-77.5,-18.4,219.5,638977722,638977636,76,17585,16682,11663,19701,963,3,1,True
2026-03-26T14:11:58.025,T1,1,2282,-0.038,-59.1,-77.5,-18.5,211.59,638977620,638977636,80,14138,16927,13040,17930,918,3,1,True
2026-03-26T14:11:58.535,T1,1,2283,0.014,-58.7,-76.1,-17.4,226.37,638977643,638977636,76,15370,17204,13353,18002,910,3,1,True
2026-03-26T14:11:59.014,T1,1,2284,0.253,-59.0,-78.8,-19.8,202.07,638977744,638977636,84,12083,16974,13016,18072,919,3,1,True
2026-03-26T14:11:59.523,T1,1,2285,0.6,-59.5,-80.0,-20.6,200.05,638977892,638977636,84,10949,16804,12316,17487,920,3,1,True
2026-03-26T14:12:00.034,T1,1,2286,0.141,-59.6,-79.3,-19.6,199.11,638977697,638977636,88,14881,17522,13870,21348,1022,3,1,True
2026-03-26T14:12:00.545,T1,1,2287,0.286,-58.9,-78.3,-19.5,190.59,638977758,638977636,76,13881,14485,14701,18130,917,3,1,True
2026-03-26T14:12:01.025,T1,1,2288,1.06,-58.6,-79.0,-20.4,263.04,638978088,638977636,56,9569,14730,14327,16002,855,3,1,True
2026-03-26T14:12:01.533,T1,1,2289,0.141,-59.2,-81.7,-22.5,200.68,638977696,638977636,72,6437,14449,15111,17334,907,3,1,True
2026-03-26T14:12:02.044,T1,1,2290,0.38,-58.6,-79.7,-21.0,198.12,638977799,638977636,76,13098,15057,10031,16289,862,3,1,True
2026-03-26T14:12:02.525,T1,1,2291,0.483,-59.2,-80.1,-20.9,186.36,638977842,638977636,80,9861,14909,12087,15066,846,3,1,True
2026-03-26T14:12:03.034,T1,1,2292,-0.066,-60.3,-80.6,-20.2,183.91,638977607,638977636,96,15330,17655,10972,20598,1029,3,1,True
2026-03-26T14:12:03.544,T1,1,2293,0.53,-57.7,-76.5,-18.7,179.83,638977863,638977636,76,15807,13667,13530,17258,861,3,1,True
2026-03-26T14:12:04.023,T1,1,2294,0.23,-57.7,-76.5,-18.7,204.66,638977734,638977636,68,15743,13917,14026,17752,873,3,1,True
2026-03-26T14:12:04.534,T1,1,2295,0.314,-57.9,-79.4,-21.5,180.02,638977770,638977636,80,11752,14402,11760,16265,840,3,1,True
2026-03-26T14:12:05.044,T1,1,2296,0.68,-58.5,-81.0,-22.5,178.38,638977926,638977636,92,12696,16411,10719,19721,943,3,1,True
2026-03-26T14:12:05.554,T1,1,2297,0.366,-59.0,-81.1,-22.1,157.49,638977792,638977636,96,16588,15119,10733,21679,1008,3,1,True
2026-03-26T14:12:06.063,T1,1,2298,0.492,-57.8,-76.5,-18.7,200.18,638977847,638977636,72,16142,14413,11686,16844,851,3,1,True
2026-03-26T14:12:06.543,T1,1,2299,-0.094,-57.9,-76.4,-18.5,196.3,638977595,638977636,76,16658,14919,11695,17446,869,3,1,True
2026-03-26T14:12:07.055,T1,1,2300,0.915,-57.6,-78.0,-20.3,191.97,638978026,638977636,72,16248,13822,10387,17505,863,3,1,True
2026-03-26T14:12:07.534,T1,1,2301,0.0,-57.7,-74.8,-17.1,186.96,638977637,638977636,84,17000,15705,15315,19151,906,3,1,True
2026-03-26T14:12:08.045,T1,1,2302,-0.253,-57.8,-78.5,-20.8,184.35,638977528,638977636,72,15745,13273,10129,16875,852,3,1,True
2026-03-26T14:12:08.554,T1,1,2303,-0.019,-57.6,-74.6,-17.0,205.24,638977627,638977636,76,16841,15598,15415,18878,896,3,1,True
2026-03-26T14:12:09.034,T1,1,2304,-0.263,-57.8,-76.3,-18.5,203.53,638977523,638977636,76,16593,15468,11930,17990,880,3,1,True
2026-03-26T14:12:09.545,T1,1,2305,0.741,-57.6,-76.2,-18.7,200.93,638977952,638977636,80,16745,16074,11971,18887,895,3,1,True
2026-03-26T14:12:10.053,T1,1,2306,1.051,-58.7,-77.1,-18.4,210.25,638978084,638977636,76,14390,15979,12660,16917,880,3,1,True
2026-03-26T14:12:10.534,T1,1,2307,0.014,-57.8,-78.9,-21.1,197.35,638977642,638977636,80,15324,15788,9983,19085,907,3,1,True
2026-03-26T14:12:11.045,T1,1,2308,0.507,-57.1,-76.6,-19.5,192.26,638977853,638977636,80,15857,15381,11324,18046,862,3,1,True
2026-03-26T14:12:11.553,T1,1,2309,0.263,-58.5,-79.3,-20.9,187.85,638977749,638977636,72,16145,13525,9196,17044,877,3,1,True
2026-03-26T14:12:12.034,T1,1,2310,-0.061,-58.0,-75.0,-17.0,170.66,638977609,638977636,88,15829,15018,13453,16195,842,3,1,True
2026-03-26T14:12:12.574,T1,1,2311,-0.38,-58.2,-77.8,-19.6,206.84,638977473,638977636,76,14995,15720,10981,17549,881,3,1,True
2026-03-26T14:12:13.084,T1,1,2312,-0.385,-57.9,-77.4,-19.5,205.03,638977471,638977636,76,15235,15582,11155,17547,874,3,1,True
2026-03-26T14:12:13.563,T1,1,2313,0.089,-57.9,-78.9,-21.0,190.39,638977675,638977636,76,15123,14470,8424,16604,849,3,1,True
2026-03-26T14:12:14.044,T1,1,2314,0.155,-58.4,-77.3,-18.9,190.57,638977703,638977636,76,16234,14483,11066,16758,869,3,1,True
2026-03-26T14:12:14.554,T1,1,2315,0.319,-58.6,-78.8,-20.1,170.2,638977772,638977636,76,15813,12935,10268,16000,855,3,1,True
2026-03-26T14:12:15.066,T1,1,2316,0.76,-57.9,-76.6,-18.7,193.05,638977960,638977636,76,16040,14672,11257,16643,849,3,1,True
2026-03-26T14:12:15.574,T1,1,2317,0.22,-57.7,-77.5,-19.8,200.29,638977730,638977636,72,16118,14421,10128,17061,856,3,1,True
2026-03-26T14:12:16.084,T1,1,2318,-0.056,-58.5,-77.4,-18.9,205.38,638977612,638977636,80,15966,16430,11004,18175,907,3,1,True
2026-03-26T14:12:16.565,T1,1,2319,0.066,-58.8,-79.0,-20.2,161.29,638977664,638977636,80,15726,12903,9816,15724,853,3,1,True
2026-03-26T14:12:17.075,T1,1,2320,-0.056,-58.1,-79.4,-21.3,187.68,638977611,638977636,72,16254,13513,8683,17402,875,3,1,True
2026-03-26T14:12:17.555,T1,1,2321,0.619,-58.9,-77.7,-18.8,220.47,638977901,638977636,72,14359,15874,12175,16927,888,3,1,True
2026-03-26T14:12:18.064,T1,1,2322,0.253,-57.6,-75.0,-17.4,216.6,638977745,638977636,68,15802,14729,13932,16739,845,3,1,True
2026-03-26T14:12:18.543,T1,1,2323,1.074,-58.8,-78.7,-19.9,198.59,638978094,638977636,68,15901,13504,9808,16026,859,3,1,True
2026-03-26T14:12:19.058,T1,1,2324,0.263,-57.9,-79.4,-21.4,216.95,638977748,638977636,64,12698,13885,12653,17255,866,3,1,True
2026-03-26T14:12:19.565,T1,1,2325,0.38,-57.6,-79.3,-21.7,182.25,638977798,638977636,80,12724,14580,10683,16641,841,3,1,True
2026-03-26T14:12:20.073,T1,1,2326,0.174,-58.2,-77.6,-19.4,181.64,638977710,638977636,80,16008,14531,12008,17799,888,3,1,True
2026-03-26T14:12:20.555,T1,1,2327,0.0,-57.2,-76.1,-18.9,215.17,638977637,638977636,72,15565,15492,12744,18192,866,3,1,True
2026-03-26T14:12:21.063,T1,1,2328,0.591,-58.6,-76.6,-18.0,216.76,638977889,638977636,76,15848,16474,12558,18041,906,3,1,True
2026-03-26T14:12:21.574,T1,1,2329,-0.356,-58.4,-81.4,-23.0,163.92,638977484,638977636,76,16231,12458,7135,17537,888,3,1,True
2026-03-26T14:12:22.057,T1,1,2330,0.539,-57.1,-80.9,-23.8,134.7,638977867,638977636,96,15645,12931,8928,19394,894,3,1,True
2026-03-26T14:12:22.564,T1,1,2331,0.61,-58.1,-77.1,-19.0,190.53,638977897,638977636,72,16104,13718,12240,16988,864,3,1,True
2026-03-26T14:12:23.073,T1,1,2332,0.46,-58.0,-77.0,-19.0,211.14,638977833,638977636,76,14747,16047,12781,18131,890,3,1,True
2026-03-26T14:12:23.553,T1,1,2333,0.047,-57.8,-77.6,-19.8,222.84,638977656,638977636,68,15347,15153,10802,17397,867,3,1,True
2026-03-26T14:12:24.063,T1,1,2334,-0.178,-58.8,-75.5,-16.6,202.62,638977560,638977636,84,16743,17020,15877,19801,957,3,1,True
2026-03-26T14:12:24.573,T1,1,2335,0.591,-58.0,-76.4,-18.4,231.93,638977889,638977636,68,14062,15771,13481,17072,864,3,1,True
2026-03-26T14:12:25.055,T1,1,2336,1.135,-58.4,-80.4,-22.0,228.58,638978121,638977636,64,13570,14629,9026,16731,868,3,1,True
2026-03-26T14:12:25.563,T1,1,2337,0.235,-59.0,-81.3,-22.3,160.77,638977736,638977636,80,16096,12862,8430,17589,909,3,1,True
2026-03-26T14:12:26.073,T1,1,2338,0.619,-58.9,-75.4,-16.5,204.95,638977901,638977636,84,17206,17216,16136,20335,971,3,1,True
2026-03-26T14:12:26.554,T1,1,2339,0.436,-59.6,-78.2,-18.5,219.3,638977823,638977636,76,15129,16667,12830,18433,950,3,1,True
2026-03-26T14:12:27.123,T1,1,2340,0.136,-58.6,-75.4,-16.9,219.3,638977695,638977636,76,16515,16667,15459,19320,937,3,1,True
2026-03-26T14:12:27.573,T1,1,2341,0.671,-59.0,-79.2,-20.1,210.89,638977923,638977636,76,17384,16028,10285,20368,978,3,1,True
2026-03-26T14:12:28.085,T1,1,2342,-0.291,-58.6,-78.3,-19.7,186.46,638977511,638977636,80,16385,14917,12259,19054,932,3,1,True
2026-03-26T14:12:28.564,T1,1,2343,0.31,-59.3,-78.2,-18.9,200.16,638977768,638977636,80,16816,16013,12088,19246,960,3,1,True
2026-03-26T14:12:29.073,T1,1,2344,0.891,-58.6,-75.6,-17.1,203.24,638978016,638977636,76,15171,15446,15012,17247,885,3,1,True
2026-03-26T14:12:29.583,T1,1,2345,0.31,-58.7,-76.3,-17.6,247.6,638977769,638977636,60,14856,14856,13255,15928,854,3,1,True
2026-03-26T14:12:30.093,T1,1,2346,-0.366,-58.8,-78.8,-20.0,238.15,638977479,638977636,60,15281,14289,9491,16014,860,3,1,True
2026-03-26T14:12:30.573,T1,1,2347,0.699,-58.5,-75.9,-17.4,224.31,638977934,638977636,64,15341,14356,15135,16998,878,3,1,True
2026-03-26T14:12:31.083,T1,1,2348,-0.389,-59.0,-79.4,-20.4,202.55,638977469,638977636,76,17077,15394,9621,19333,952,3,1,True
2026-03-26T14:12:31.593,T1,1,2349,-0.338,-58.5,-75.7,-17.1,208.62,638977491,638977636,72,15246,15021,15196,17136,882,3,1,True
2026-03-26T14:12:32.073,T1,1,2350,0.291,-59.2,-77.8,-18.6,216.26,638977761,638977636,76,17023,16436,11554,19179,953,3,1,True
2026-03-26T14:12:32.585,T1,1,2351,0.633,-57.9,-78.3,-20.4,204.18,638977907,638977636,76,16826,15518,11457,20418,942,3,1,True
2026-03-26T14:12:33.093,T1,1,2352,0.91,-58.4,-78.4,-20.0,196.46,638978024,638977636,72,15747,14145,11491,17579,889,3,1,True
2026-03-26T14:12:33.574,T1,1,2353,-0.281,-57.6,-77.5,-19.9,221.37,638977515,638977636,60,14940,13282,12567,16859,847,3,1,True
2026-03-26T14:12:34.084,T1,1,2354,-0.338,-56.8,-79.2,-22.4,221.39,638977491,638977636,64,15046,14169,8265,17740,846,3,1,True
2026-03-26T14:12:34.593,T1,1,2355,-0.272,-57.2,-77.7,-20.5,205.32,638977520,638977636,68,14112,13962,12179,17042,840,3,1,True
2026-03-26T14:12:35.073,T1,1,2356,-0.141,-58.7,-78.4,-19.6,208.51,638977575,638977636,80,16055,16681,11216,19604,949,3,1,True
2026-03-26T14:12:35.583,T1,1,2357,0.765,-57.9,-78.7,-20.8,185.54,638977962,638977636,72,14533,13359,11619,16794,855,3,1,True
2026-03-26T14:12:36.092,T1,1,2358,-0.347,-58.3,-79.8,-21.5,182.7,638977488,638977636,80,16741,14616,9656,19808,940,3,1,True
2026-03-26T14:12:36.573,T1,1,2359,0.286,-58.5,-75.4,-16.9,199.02,638977759,638977636,88,17000,17514,15481,20476,964,3,1,True
2026-03-26T14:12:37.084,T1,1,2360,0.356,-58.2,-77.2,-19.0,195.94,638977789,638977636,72,15903,14108,11650,16675,859,3,1,True
2026-03-26T14:12:37.593,T1,1,2361,0.38,-59.6,-79.1,-19.5,207.21,638977799,638977636,76,14694,15748,10624,16928,909,3,1,True
2026-03-26T14:12:38.133,T1,1,2362,0.244,-57.4,-78.4,-21.0,225.69,638977740,638977636,64,15021,14444,9185,16884,842,3,1,True
2026-03-26T14:12:38.583,T1,1,2363,-0.136,-58.6,-78.6,-20.0,207.94,638977578,638977636,68,16050,14140,11291,17795,900,3,1,True
2026-03-26T14:12:39.092,T1,1,2364,-0.22,-59.5,-81.2,-21.6,172.89,638977542,638977636,80,16554,13831,9217,18715,954,3,1,True
2026-03-26T14:12:39.602,T1,1,2365,0.741,-58.9,-78.3,-19.4,217.51,638977952,638977636,76,15161,16531,13970,20349,972,3,1,True
2026-03-26T14:12:40.083,T1,1,2366,0.624,-58.5,-78.3,-19.7,206.48,638977902,638977636,80,14914,16518,13364,20076,954,3,1,True
2026-03-26T14:12:40.593,T1,1,2367,0.521,-58.8,-79.1,-20.2,206.31,638977859,638977636,84,14893,17330,11972,20559,975,3,1,True
2026-03-26T14:12:41.103,T1,1,2368,1.163,-57.9,-77.8,-19.9,165.6,638978132,638977636,80,14123,13248,13497,16780,854,3,1,True
2026-03-26T14:12:41.613,T1,1,2369,0.422,-58.1,-76.3,-18.2,184.14,638977817,638977636,76,15027,13995,13912,16454,851,3,1,True
2026-03-26T14:12:42.123,T1,1,2370,-0.052,-59.0,-78.8,-19.8,198.09,638977614,638977636,76,18111,15055,9251,19215,949,3,1,True
2026-03-26T14:12:42.603,T1,1,2371,0.652,-57.1,-77.3,-20.3,142.4,638977915,638977636,100,16957,14240,9919,18206,864,3,1,True
2026-03-26T14:12:43.114,T1,1,2372,-0.089,-57.1,-76.0,-18.8,191.84,638977597,638977636,80,16209,15347,12118,18087,863,3,1,True
2026-03-26T14:12:43.594,T1,1,2373,0.502,-57.3,-74.0,-16.7,146.91,638977850,638977636,108,16894,15866,14731,18175,870,3,1,True
2026-03-26T14:12:44.133,T1,1,2374,0.582,-57.8,-76.5,-18.7,148.08,638977884,638977636,112,18115,16585,10447,19773,923,3,1,True
2026-03-26T14:12:44.642,T1,1,2375,0.042,-57.3,-75.6,-18.3,190.33,638977654,638977636,76,16419,14465,13487,17883,862,3,1,True
2026-03-26T14:12:45.092,T1,1,2376,0.84,-57.6,-75.6,-18.0,197.18,638977995,638977636,88,16408,17352,13142,19690,915,3,1,True
2026-03-26T14:12:45.603,T1,1,2377,0.272,-57.6,-76.8,-19.2,194.85,638977752,638977636,88,17727,17147,10199,20472,932,3,1,True
2026-03-26T14:12:46.113,T1,1,2378,0.826,-57.3,-76.6,-19.3,212.85,638977989,638977636,72,15161,15325,12176,17775,860,3,1,True
2026-03-26T14:12:46.594,T1,1,2379,1.032,-56.8,-74.5,-17.7,223.17,638978076,638977636,72,16922,16068,13141,18527,864,3,1,True
2026-03-26T14:12:47.103,T1,1,2380,0.811,-57.8,-74.7,-16.9,202.65,638977982,638977636,84,17477,17023,12553,18463,891,3,1,True
2026-03-26T14:12:47.613,T1,1,2381,0.206,-57.3,-73.7,-16.4,207.27,638977724,638977636,84,16937,17411,14811,19148,892,3,1,True
2026-03-26T14:12:48.124,T1,1,2382,-0.216,-57.3,-75.1,-17.8,180.76,638977544,638977636,92,17029,16630,11259,18068,867,3,1,True
2026-03-26T14:12:48.602,T1,1,2383,1.037,-57.7,-76.5,-18.9,172.43,638978079,638977636,100,17042,17243,11521,20222,929,3,1,True
2026-03-26T14:12:49.142,T1,1,2384,0.291,-57.2,-78.8,-21.5,163.65,638977760,638977636,88,16835,14401,8640,19111,890,3,1,True
2026-03-26T14:12:49.623,T1,1,2385,0.023,-57.3,-77.2,-19.9,192.86,638977646,638977636,76,13438,14657,12555,16682,833,3,1,True
2026-03-26T14:12:50.102,T1,1,2386,0.872,-57.9,-77.3,-19.4,198.13,638978009,638977636,84,15027,16643,11829,18743,901,3,1,True
2026-03-26T14:12:50.612,T1,1,2387,1.018,-58.0,-74.9,-16.9,211.86,638978071,638977636,80,17171,16949,12531,18100,890,3,1,True
2026-03-26T14:12:51.123,T1,1,2388,0.352,-58.8,-73.7,-14.9,164.08,638977786,638977636,108,15464,17721,16553,17676,903,3,1,True
2026-03-26T14:12:51.602,T1,1,2389,0.056,-58.0,-74.3,-16.3,219.12,638977660,638977636,76,16897,16653,13001,17228,867,3,1,True
2026-03-26T14:12:52.117,T1,1,2390,0.216,-57.4,-76.6,-19.2,174.3,638977729,638977636,96,15117,16733,11935,18655,885,3,1,True
2026-03-26T14:12:52.622,T1,1,2391,0.868,-58.1,-73.4,-15.3,218.18,638978006,638977636,80,15373,17454,16140,17577,880,3,1,True
2026-03-26T14:12:53.104,T1,1,2392,0.605,-57.7,-73.4,-15.8,214.59,638977895,638977636,80,16047,17167,15360,17860,873,3,1,True
2026-03-26T14:12:53.613,T1,1,2393,0.952,-57.7,-76.2,-18.6,244.24,638978043,638977636,68,16200,16608,11635,18515,889,3,1,True
2026-03-26T14:12:54.125,T1,1,2394,0.014,-57.6,-74.4,-16.9,214.88,638977643,638977636,76,16579,16331,12286,16931,848,3,1,True
2026-03-26T14:12:54.605,T1,1,2395,0.643,-58.4,-74.8,-16.4,219.38,638977910,638977636,76,17147,16673,11418,16669,864,3,1,True
2026-03-26T14:12:55.115,T1,1,2396,0.169,-57.8,-75.6,-17.8,216.68,638977708,638977636,76,14879,16468,13259,17454,867,3,1,True
2026-03-26T14:12:55.624,T1,1,2397,0.417,-57.3,-73.4,-16.1,217.91,638977815,638977636,76,16667,16561,14733,17822,862,3,1,True
2026-03-26T14:12:56.132,T1,1,2398,0.328,-57.8,-73.4,-15.6,188.1,638977777,638977636,92,15915,17305,15631,17836,877,3,1,True
2026-03-26T14:12:56.612,T1,1,2399,0.474,-57.2,-76.7,-19.5,179.39,638977839,638977636,92,17460,16504,10228,20058,910,3,1,True
2026-03-26T14:12:57.122,T1,1,2400,0.704,-57.6,-75.3,-17.7,218.08,638977937,638977636,72,15896,15702,12554,16973,850,3,1,True
2026-03-26T14:12:57.632,T1,1,2401,0.502,-57.1,-77.8,-20.7,182.19,638977850,638977636,80,16774,14575,8530,18062,862,3,1,True
2026-03-26T14:12:58.142,T1,1,2402,1.004,-57.1,-73.8,-16.6,191.58,638978064,638977636,84,16726,16093,13998,17679,853,3,1,True
2026-03-26T14:12:58.651,T1,1,2403,-0.427,-57.5,-73.5,-16.0,213.95,638977454,638977636,80,16047,17116,15661,18292,880,3,1,True
2026-03-26T14:12:59.131,T1,1,2404,0.872,-56.8,-75.4,-18.7,179.91,638978008,638977636,80,17013,14393,13171,18548,863,3,1,True
2026-03-26T14:12:59.642,T1,1,2405,-0.023,-58.3,-74.0,-15.6,170.98,638977626,638977636,104,15094,17782,16499,18350,906,3,1,True
2026-03-26T14:13:00.122,T1,1,2406,0.643,-57.4,-75.5,-18.1,181.69,638977911,638977636,84,17002,15262,11687,17590,858,3,1,True
2026-03-26T14:13:00.663,T1,1,2407,0.005,-58.1,-75.9,-17.8,205.27,638977639,638977636,80,14689,16422,12893,17050,865,3,1,True
2026-03-26T14:13:01.143,T1,1,2408,-0.291,-57.4,-76.9,-19.5,182.46,638977512,638977636,80,16685,14597,10445,17580,860,3,1,True
2026-03-26T14:13:01.624,T1,1,2409,-0.239,-57.7,-75.9,-18.1,198.65,638977534,638977636,84,17729,16687,11280,19243,909,3,1,True
2026-03-26T14:13:02.135,T1,1,2410,0.525,-57.5,-72.9,-15.3,191.75,638977861,638977636,88,16009,16874,15563,17219,854,3,1,True
2026-03-26T14:13:02.642,T1,1,2411,-0.371,-57.4,-74.7,-17.3,239.92,638977477,638977636,60,16789,14395,14571,17735,861,3,1,True
2026-03-26T14:13:03.124,T1,1,2412,0.371,-57.2,-74.9,-17.7,191.0,638977795,638977636,84,16098,16044,13479,18138,865,3,1,True
2026-03-26T14:13:03.632,T1,1,2413,0.722,-56.5,-75.9,-19.4,181.75,638977944,638977636,84,16915,15267,10887,18560,856,3,1,True
2026-03-26T14:13:04.142,T1,1,2414,-0.478,-57.9,-73.5,-15.5,187.48,638977431,638977636,88,16745,16498,14257,16825,856,3,1,True
2026-03-26T14:13:04.651,T1,1,2415,-0.047,-58.0,-75.3,-17.3,190.39,638977615,638977636,88,17545,16754,11898,18445,898,3,1,True
2026-03-26T14:13:05.161,T1,1,2416,0.23,-58.0,-73.7,-15.7,182.86,638977734,638977636,92,16521,16823,14845,17524,874,3,1,True
2026-03-26T14:13:05.643,T1,1,2417,0.427,-58.1,-75.7,-17.6,199.65,638977818,638977636,84,17628,16771,10540,18121,892,3,1,True
2026-03-26T14:13:06.123,T1,1,2418,0.342,-57.1,-74.9,-17.8,190.53,638977783,638977636,92,16329,17529,13837,20012,907,3,1,True
2026-03-26T14:13:06.632,T1,1,2419,-0.3,-58.3,-76.2,-18.0,236.76,638977507,638977636,72,14720,17047,13424,18170,899,3,1,True
2026-03-26T14:13:07.141,T1,1,2420,-0.117,-58.2,-76.1,-18.0,204.04,638977586,638977636,76,17601,15507,10858,17639,883,3,1,True
2026-03-26T14:13:07.651,T1,1,2421,-0.502,-57.9,-75.6,-17.7,181.68,638977421,638977636,80,16541,14534,13571,17322,866,3,1,True
2026-03-26T14:13:08.132,T1,1,2422,0.324,-57.6,-74.2,-16.6,230.19,638977775,638977636,72,16868,16574,12232,17058,851,3,1,True
2026-03-26T14:13:08.643,T1,1,2423,-0.267,-57.5,-78.8,-21.3,175.47,638977522,638977636,76,16535,13336,7838,17027,849,3,1,True
2026-03-26T14:13:09.152,T1,1,2424,0.31,-57.3,-74.1,-16.8,213.13,638977769,638977636,76,16895,16198,13080,17464,854,3,1,True
2026-03-26T14:13:09.636,T1,1,2425,0.192,-57.2,-75.1,-17.9,172.7,638977718,638977636,92,16604,15888,12137,17749,858,3,1,True
2026-03-26T14:13:10.142,T1,1,2426,0.042,-58.0,-74.8,-16.9,202.23,638977654,638977636,84,17464,16987,11772,17905,884,3,1,True
2026-03-26T14:13:10.652,T1,1,2427,0.08,-58.1,-75.2,-17.1,232.22,638977670,638977636,72,17420,16720,11996,18068,891,3,1,True
2026-03-26T14:13:11.163,T1,1,2428,0.417,-57.8,-74.4,-16.5,194.95,638977815,638977636,84,16780,16376,13485,17462,869,3,1,True
2026-03-26T14:13:11.641,T1,1,2429,0.286,-58.1,-73.4,-15.3,228.71,638977758,638977636,76,15491,17382,15994,17557,879,3,1,True
2026-03-26T14:13:12.151,T1,1,2430,0.389,-57.0,-74.0,-17.0,169.24,638977802,638977636,88,17086,14893,15144,18388,865,3,1,True
2026-03-26T14:13:12.632,T1,1,2431,-0.108,-57.1,-77.5,-20.5,176.35,638977589,638977636,84,16584,14813,9423,18303,866,3,1,True
2026-03-26T14:13:13.141,T1,1,2432,0.464,-57.7,-73.7,-16.0,205.29,638977835,638977636,84,15844,17244,15435,18138,880,3,1,True
2026-03-26T14:13:13.652,T1,1,2433,0.483,-57.5,-75.5,-17.9,177.22,638977843,638977636,96,16784,17013,12634,19250,902,3,1,True
2026-03-26T14:13:14.133,T1,1,2434,0.924,-57.9,-74.5,-16.6,241.15,638978031,638977636,72,15556,17363,15163,18516,897,3,1,True
2026-03-26T14:13:14.672,T1,1,2435,0.056,-57.4,-74.0,-16.6,239.86,638977661,638977636,72,17541,17270,12980,18580,882,3,1,True
2026-03-26T14:13:15.153,T1,1,2436,-0.08,-57.4,-73.7,-16.3,223.88,638977602,638977636,76,16324,17015,14963,18366,877,3,1,True
2026-03-26T14:13:15.661,T1,1,2437,0.464,-57.4,-75.4,-18.0,206.11,638977834,638977636,76,16458,15664,11656,17204,849,3,1,True
2026-03-26T14:13:16.143,T1,1,2438,-0.033,-57.1,-75.6,-18.4,200.57,638977621,638977636,84,15589,16848,13525,19315,892,3,1,True
2026-03-26T14:13:16.682,T1,1,2439,0.403,-57.6,-75.4,-17.8,238.99,638977809,638977636,72,15399,17207,14197,19219,903,3,1,True
2026-03-26T14:13:17.136,T1,1,2440,0.708,-57.6,-73.6,-16.0,226.26,638977939,638977636,76,15906,17196,15713,18391,884,3,1,True
2026-03-26T14:13:17.641,T1,1,2441,-0.202,-57.6,-73.4,-15.8,214.75,638977550,638977636,80,15795,17180,15738,17958,875,3,1,True
2026-03-26T14:13:18.151,T1,1,2442,0.483,-57.4,-79.4,-22.1,180.39,638977843,638977636,72,16872,12988,7646,17931,866,3,1,True
2026-03-26T14:13:18.662,T1,1,2443,0.629,-57.8,-74.5,-16.8,188.41,638977905,638977636,88,16819,16580,13115,17709,873,3,1,True
2026-03-26T14:13:19.141,T1,1,2444,-0.122,-58.6,-75.0,-16.4,235.19,638977583,638977636,72,17642,16934,12017,17563,894,3,1,True
2026-03-26T14:13:19.652,T1,1,2445,0.633,-57.6,-76.8,-19.2,208.25,638977906,638977636,72,16457,14994,10535,17375,860,3,1,True
2026-03-26T14:13:20.161,T1,1,2446,1.144,-57.6,-77.6,-20.0,207.86,638978125,638977636,76,16919,15797,9378,18941,898,3,1,True
2026-03-26T14:13:20.642,T1,1,2447,-0.239,-58.1,-73.9,-15.8,190.16,638977534,638977636,88,17175,16734,14044,17519,878,3,1,True
2026-03-26T14:13:21.182,T1,1,2448,0.197,-57.7,-74.4,-16.7,209.29,638977721,638977636,76,16795,15906,14530,18044,879,3,1,True
2026-03-26T14:13:21.689,T1,1,2449,-0.202,-57.6,-75.5,-17.9,196.92,638977550,638977636,72,16760,14178,12904,17043,852,3,1,True
2026-03-26T14:13:22.141,T1,1,2450,0.497,-57.5,-73.9,-16.5,185.61,638977848,638977636,84,17179,15591,14350,17720,864,3,1,True
2026-03-26T14:13:22.681,T1,1,2451,-0.483,-58.1,-74.8,-16.7,224.71,638977430,638977636,76,17628,17078,12122,18114,893,3,1,True
2026-03-26T14:13:23.161,T1,1,2452,0.549,-57.6,-75.5,-17.8,162.36,638977871,638977636,88,16710,14288,12833,16940,850,3,1,True
2026-03-26T14:13:23.671,T1,1,2453,0.108,-57.8,-74.3,-16.5,236.19,638977682,638977636,68,16567,16061,13366,16901,855,3,1,True
2026-03-26T14:13:24.152,T1,1,2454,0.563,-57.1,-76.0,-18.8,167.05,638977876,638977636,84,16725,14032,12023,17416,846,3,1,True
2026-03-26T14:13:24.661,T1,1,2455,-0.08,-57.6,-73.5,-15.9,174.86,638977601,638977636,96,17082,16787,15623,18664,892,3,1,True
2026-03-26T14:13:25.171,T1,1,2456,0.788,-56.9,-76.3,-19.5,170.03,638977972,638977636,92,16831,15643,10194,18477,864,3,1,True
2026-03-26T14:13:25.682,T1,1,2457,0.38,-57.2,-75.7,-18.6,181.03,638977799,638977636,92,17220,16655,11415,19374,894,3,1,True
2026-03-26T14:13:26.189,T1,1,2458,0.188,-57.1,-76.8,-19.6,148.83,638977716,638977636,112,15626,16669,11537,19403,894,3,1,True
2026-03-26T14:13:26.672,T1,1,2459,0.638,-57.0,-74.5,-17.5,235.35,638977908,638977636,68,16554,16004,13356,18100,858,3,1,True
2026-03-26T14:13:27.152,T1,1,2460,0.066,-57.0,-76.4,-19.4,166.24,638977664,638977636,92,16627,15294,10952,18408,867,3,1,True
2026-03-26T14:13:27.666,T1,1,2461,-0.492,-57.4,-77.5,-20.1,164.33,638977426,638977636,84,16495,13804,9677,17029,845,3,1,True
2026-03-26T14:13:28.171,T1,1,2462,0.019,-57.9,-75.0,-17.0,184.99,638977644,638977636,88,16103,16279,13085,17226,865,3,1,True
2026-03-26T14:13:28.652,T1,1,2463,0.633,-58.1,-76.1,-18.0,175.6,638977907,638977636,96,15235,16858,13058,18225,895,3,1,True
2026-03-26T14:13:29.163,T1,1,2464,-0.188,-57.1,-76.8,-19.7,214.74,638977555,638977636,68,16490,14602,10873,17932,859,3,1,True
2026-03-26T14:13:29.671,T1,1,2465,-0.206,-57.8,-74.5,-16.7,234.17,638977548,638977636,72,15163,16860,14781,17685,874,3,1,True
2026-03-26T14:13:30.151,T1,1,2466,0.22,-57.7,-73.8,-16.1,201.82,638977730,638977636,84,15349,16953,15441,17710,870,3,1,True
2026-03-26T14:13:30.661,T1,1,2467,0.455,-57.7,-77.1,-19.3,208.68,638977830,638977636,68,16588,14190,10277,16884,851,3,1,True
2026-03-26T14:13:31.171,T1,1,2468,0.174,-57.7,-79.2,-21.5,189.04,638977710,638977636,72,16739,13611,8534,18089,881,3,1,True
2026-03-26T14:13:31.685,T1,1,2469,-0.305,-58.2,-76.8,-18.6,221.25,638977506,638977636,72,15477,15930,11207,17026,869,3,1,True
2026-03-26T14:13:32.161,T1,1,2470,0.403,-57.7,-74.5,-16.8,191.67,638977809,638977636,88,15592,16867,14238,17812,873,3,1,True
2026-03-26T14:13:32.671,T1,1,2471,0.403,-57.4,-75.3,-17.9,176.33,638977808,638977636,84,16424,14812,12798,17144,847,3,1,True
2026-03-26T14:13:33.182,T1,1,2472,0.263,-58.3,-73.9,-15.6,203.69,638977748,638977636,84,16076,17110,15526,17787,890,3,1,True
2026-03-26T14:13:33.661,T1,1,2473,-0.08,-58.3,-73.7,-15.4,201.21,638977602,638977636,80,16455,16097,14303,16258,851,3,1,True
2026-03-26T14:13:34.171,T1,1,2474,0.295,-58.4,-76.7,-18.4,188.47,638977762,638977636,72,16557,13570,11852,16232,853,3,1,True
2026-03-26T14:13:34.680,T1,1,2475,-0.178,-58.2,-76.1,-17.9,188.21,638977559,638977636,80,16606,15057,12252,17112,872,3,1,True
2026-03-26T14:13:35.160,T1,1,2476,0.694,-58.1,-77.6,-19.5,185.82,638977932,638977636,80,16488,14866,9480,17068,866,3,1,True
2026-03-26T14:13:35.670,T1,1,2477,0.169,-58.0,-77.6,-19.6,206.84,638977708,638977636,64,16546,13238,10533,16515,849,3,1,True
2026-03-26T14:13:36.182,T1,1,2478,0.408,-57.6,-75.3,-17.8,197.68,638977811,638977636,72,16624,14233,13206,17010,849,3,1,True
2026-03-26T14:13:36.691,T1,1,2479,0.488,-57.8,-75.9,-18.1,231.81,638977845,638977636,68,16954,15763,11356,17710,873,3,1,True
2026-03-26T14:13:37.171,T1,1,2480,0.643,-57.8,-74.8,-16.9,227.49,638977911,638977636,72,16443,16379,13597,17750,876,3,1,True
2026-03-26T14:13:37.681,T1,1,2481,-0.319,-57.6,-75.1,-17.5,214.72,638977499,638977636,76,16749,16319,11808,17584,864,3,1,True
2026-03-26T14:13:38.223,T1,1,2482,0.014,-58.2,-74.6,-16.3,239.16,638977642,638977636,68,16933,16263,13119,17067,871,3,1,True
2026-03-26T14:13:38.672,T1,1,2483,0.722,-57.9,-74.6,-16.7,189.19,638977945,638977636,84,17655,15892,14865,18993,907,3,1,True
2026-03-26T14:13:39.182,T1,1,2484,0.877,-58.2,-74.6,-16.3,212.92,638978011,638977636,76,16754,16182,12566,16524,856,3,1,True
2026-03-26T14:13:39.693,T1,1,2485,0.718,-59.6,-74.4,-14.8,188.83,638977943,638977636,88,15761,16617,14470,15616,872,3,1,True
2026-03-26T14:13:40.170,T1,1,2486,0.432,-58.7,-77.7,-19.0,156.56,638977821,638977636,104,16734,16282,10496,18561,923,3,1,True
2026-03-26T14:13:40.681,T1,1,2487,0.356,-59.0,-75.7,-16.8,256.92,638977788,638977636,64,16808,16443,12102,16997,891,3,1,True
2026-03-26T14:13:41.191,T1,1,2488,0.483,-58.0,-75.9,-17.9,203.36,638977843,638977636,84,15224,17082,13416,18464,898,3,1,True
2026-03-26T14:13:41.671,T1,1,2489,-0.492,-58.2,-74.3,-16.0,211.89,638977425,638977636,80,15758,16951,14867,17474,881,3,1,True
2026-03-26T14:13:42.181,T1,1,2490,-0.478,-58.6,-74.7,-16.1,246.1,638977431,638977636,68,16194,16735,14155,17235,887,3,1,True
2026-03-26T14:13:42.692,T1,1,2491,0.427,-58.3,-74.0,-15.7,197.67,638977818,638977636,84,17423,16604,15150,18252,904,3,1,True
2026-03-26T14:13:43.173,T1,1,2492,0.342,-58.0,-75.6,-17.5,216.42,638977782,638977636,76,17253,16448,10750,17523,876,3,1,True
2026-03-26T14:13:43.681,T1,1,2493,0.492,-58.1,-75.4,-17.2,195.69,638977847,638977636,84,15951,16438,12764,17234,872,3,1,True
2026-03-26T14:13:44.190,T1,1,2494,-0.188,-57.7,-75.0,-17.3,222.86,638977556,638977636,72,16532,16046,12828,17485,866,3,1,True
2026-03-26T14:13:44.730,T1,1,2495,0.793,-58.3,-75.4,-17.2,173.73,638977975,638977636,96,16826,16678,12465,17919,893,3,1,True
2026-03-26T14:13:45.182,T1,1,2496,0.103,-58.5,-74.0,-15.5,172.24,638977680,638977636,100,15293,17224,15618,17234,883,3,1,True
2026-03-26T14:13:45.691,T1,1,2497,0.178,-57.7,-77.7,-20.0,186.17,638977713,638977636,76,16986,14149,9957,17840,874,3,1,True
2026-03-26T14:13:46.202,T1,1,2498,0.619,-58.6,-76.7,-18.0,188.76,638977901,638977636,88,15035,16611,12260,17294,889,3,1,True
2026-03-26T14:13:46.682,T1,1,2499,-0.366,-58.2,-74.9,-16.7,224.04,638977479,638977636,76,16044,17027,14148,18033,894,3,1,True
2026-03-26T14:13:47.192,T1,1,2500,-0.131,-58.1,-76.6,-18.5,196.61,638977579,638977636,76,16255,14942,10385,16264,847,3,1,True
2026-03-26T14:13:47.702,T1,1,2501,-0.399,-58.2,-74.9,-16.7,201.9,638977465,638977636,84,17389,16960,11975,17764,888,3,1,True
2026-03-26T14:13:48.181,T1,1,2502,-0.038,-58.7,-73.3,-14.7,178.92,638977620,638977636,96,16175,17176,16141,17162,886,3,1,True
2026-03-26T14:13:48.691,T1,1,2503,0.511,-57.7,-76.5,-18.8,208.29,638977855,638977636,72,16729,14997,10743,17361,863,3,1,True
2026-03-26T14:13:49.202,T1,1,2504,-0.314,-57.7,-76.1,-18.4,173.33,638977501,638977636,92,15987,15946,11804,17666,870,3,1,True
2026-03-26T14:13:49.681,T1,1,2505,-0.338,-57.7,-73.7,-16.0,257.75,638977492,638977636,64,16769,16496,13681,17020,854,3,1,True
2026-03-26T14:13:50.190,T1,1,2506,-0.192,-58.3,-77.0,-18.7,158.88,638977554,638977636,96,16721,15252,9407,16725,864,3,1,True
2026-03-26T14:13:50.700,T1,1,2507,0.765,-58.4,-77.3,-18.9,156.77,638977962,638977636,88,16643,13796,10320,16171,851,3,1,True
2026-03-26T14:13:51.210,T1,1,2508,-0.07,-58.0,-74.7,-16.6,255.28,638977606,638977636,64,16071,16338,13656,17129,866,3,1,True
2026-03-26T14:13:51.720,T1,1,2509,0.103,-58.2,-74.6,-16.4,162.79,638977680,638977636,104,15948,16930,14088,17492,880,3,1,True
2026-03-26T14:13:52.200,T1,1,2510,0.568,-57.7,-73.8,-16.1,226.21,638977879,638977636,72,16564,16287,14242,17183,859,3,1,True
2026-03-26T14:13:52.710,T1,1,2511,0.084,-58.7,-73.2,-14.6,165.43,638977673,638977636,104,16114,17205,16236,17101,885,3,1,True
2026-03-26T14:13:53.190,T1,1,2512,-0.333,-58.3,-74.6,-16.3,251.72,638977493,638977636,68,14854,17117,15015,17382,881,3,1,True
2026-03-26T14:13:53.700,T1,1,2513,-0.333,-57.9,-74.5,-16.6,188.35,638977494,638977636,88,16659,16575,13841,17837,880,3,1,True
2026-03-26T14:13:54.209,T1,1,2514,-0.155,-57.8,-74.5,-16.7,214.43,638977569,638977636,76,16429,16297,14300,17896,877,3,1,True
2026-03-26T14:13:54.690,T1,1,2515,-0.464,-57.6,-76.1,-18.5,168.34,638977438,638977636,100,17524,16834,10955,19468,911,3,1,True
2026-03-26T14:13:55.200,T1,1,2516,0.432,-57.3,-75.1,-17.8,187.9,638977820,638977636,92,15306,17287,14402,19368,897,3,1,True
2026-03-26T14:13:55.710,T1,1,2517,0.3,-57.5,-74.9,-17.4,221.47,638977764,638977636,72,16698,15946,13401,18043,874,3,1,True
2026-03-26T14:13:56.190,T1,1,2518,0.422,-57.9,-73.9,-16.0,170.34,638977817,638977636,100,16023,17034,15113,17863,882,3,1,True
2026-03-26T14:13:56.700,T1,1,2519,0.558,-57.6,-74.4,-16.8,208.87,638977874,638977636,76,16801,15874,14412,18037,875,3,1,True
2026-03-26T14:13:57.210,T1,1,2520,0.539,-57.9,-74.3,-16.3,187.05,638977866,638977636,92,15661,17209,15014,18097,887,3,1,True
2026-03-26T14:13:57.691,T1,1,2521,0.826,-58.2,-74.7,-16.5,179.67,638977989,638977636,96,15740,17248,14835,18255,900,3,1,True
2026-03-26T14:13:58.201,T1,1,2522,0.872,-57.6,-73.9,-16.2,197.05,638978009,638977636,84,17097,16552,15105,18593,890,3,1,True
2026-03-26T14:13:58.710,T1,1,2523,0.863,-57.9,-75.6,-17.7,206.46,638978005,638977636,72,16333,14865,12402,16571,848,3,1,True
2026-03-26T14:13:59.190,T1,1,2524,0.971,-58.0,-77.3,-19.3,166.26,638978050,638977636,92,15568,15296,9967,16691,853,3,1,True
2026-03-26T14:13:59.703,T1,1,2525,0.563,-57.8,-76.3,-18.5,228.49,638977876,638977636,68,16773,15537,10062,17071,857,3,1,True
2026-03-26T14:14:00.210,T1,1,2526,0.342,-58.4,-73.8,-15.4,188.11,638977782,638977636,92,14790,17306,16291,17372,882,3,1,True
2026-03-26T14:14:00.691,T1,1,2527,0.732,-57.7,-73.4,-15.7,167.31,638977948,638977636,104,16905,17400,16421,19382,912,3,1,True
2026-03-26T14:14:01.201,T1,1,2528,-0.131,-58.1,-74.9,-16.8,223.0,638977580,638977636,72,16800,16056,12370,16906,862,3,1,True
2026-03-26T14:14:01.710,T1,1,2529,-0.056,-58.6,-76.2,-17.7,193.24,638977611,638977636,84,17406,16232,9983,17200,885,3,1,True
2026-03-26T14:14:02.193,T1,1,2530,0.544,-57.3,-77.1,-19.9,226.2,638977869,638977636,64,16591,14477,9805,17482,852,3,1,True
2026-03-26T14:14:02.701,T1,1,2531,0.553,-57.9,-76.8,-18.9,198.08,638977872,638977636,84,17137,16639,11187,19644,923,3,1,True
2026-03-26T14:14:03.210,T1,1,2532,-0.113,-57.9,-77.5,-19.6,249.28,638977587,638977636,60,15983,14957,9606,16895,856,3,1,True
2026-03-26T14:14:03.690,T1,1,2533,-0.033,-58.2,-74.6,-16.4,256.17,638977621,638977636,64,16941,16395,12785,17060,868,3,1,True
2026-03-26T14:14:04.201,T1,1,2534,0.469,-58.0,-74.3,-16.3,253.37,638977836,638977636,68,15452,17229,15051,17907,886,3,1,True
2026-03-26T14:14:04.713,T1,1,2535,0.291,-57.8,-74.8,-17.0,250.83,638977761,638977636,64,16742,16053,12598,17180,861,3,1,True
2026-03-26T14:14:05.192,T1,1,2536,-0.061,-58.4,-75.9,-17.4,210.62,638977609,638977636,80,17590,16850,10902,18136,903,3,1,True
2026-03-26T14:14:05.705,T1,1,2537,-0.038,-58.6,-74.0,-15.4,224.99,638977620,638977636,76,15243,17099,15377,16851,876,3,1,True
2026-03-26T14:14:06.210,T1,1,2538,0.324,-57.9,-78.0,-20.1,201.96,638977775,638977636,76,15535,15349,9344,17274,866,3,1,True
2026-03-26T14:14:06.690,T1,1,2539,0.098,-57.9,-73.6,-15.6,220.12,638977679,638977636,76,17754,16729,16073,19183,913,3,1,True
2026-03-26T14:14:07.199,T1,1,2540,0.816,-58.2,-74.9,-16.6,211.44,638977985,638977636,80,17357,16915,11976,17578,884,3,1,True
2026-03-26T14:14:07.710,T1,1,2541,0.136,-58.0,-76.7,-18.7,192.52,638977694,638977636,80,16365,15402,10499,17069,863,3,1,True
2026-03-26T14:14:08.189,T1,1,2542,0.788,-58.4,-76.0,-17.7,191.48,638977973,638977636,80,16427,15318,11279,16358,856,3,1,True
2026-03-26T14:14:08.699,T1,1,2543,0.577,-57.3,-77.7,-20.3,208.51,638977883,638977636,80,16817,16681,10083,20566,927,3,1,True
2026-03-26T14:14:09.210,T1,1,2544,-0.178,-57.7,-75.3,-17.5,185.04,638977559,638977636,84,16493,15543,12630,17256,860,3,1,True
2026-03-26T14:14:09.690,T1,1,2545,0.446,-56.9,-74.6,-17.7,172.23,638977827,638977636,88,17197,15156,14123,18759,873,3,1,True
2026-03-26T14:14:10.199,T1,1,2546,0.267,-57.2,-78.9,-21.8,191.01,638977750,638977636,68,16832,12989,8001,17704,855,3,1,True
2026-03-26T14:14:10.746,T1,1,2547,0.549,-56.9,-75.0,-18.1,194.27,638977871,638977636,80,16466,15542,12491,17807,848,3,1,True
2026-03-26T14:14:11.220,T1,1,2548,0.46,-57.9,-75.0,-17.1,211.01,638977833,638977636,76,16368,16037,13076,17256,866,3,1,True
2026-03-26T14:14:11.700,T1,1,2549,0.225,-57.7,-75.5,-17.8,183.81,638977732,638977636,88,17052,16175,11277,17779,872,3,1,True
2026-03-26T14:14:12.240,T1,1,2550,0.624,-57.2,-78.0,-20.8,211.66,638977903,638977636,76,15205,16086,10059,18937,886,3,1,True
2026-03-26T14:14:12.691,T1,1,2551,0.572,-58.0,-73.0,-15.0,239.4,638977880,638977636,72,15768,17237,16465,17602,876,3,1,True
2026-03-26T14:14:13.201,T1,1,2552,-0.066,-58.3,-75.5,-17.2,231.36,638977607,638977636,72,14972,16658,14160,17619,886,3,1,True
2026-03-26T14:14:13.710,T1,1,2553,0.929,-58.0,-77.3,-19.3,210.0,638978032,638977636,72,16173,15120,10037,17127,866,3,1,True
2026-03-26T14:14:14.221,T1,1,2554,-0.488,-57.9,-78.8,-20.9,178.3,638977428,638977636,84,15134,14977,8695,17062,860,3,1,True
2026-03-26T14:14:14.731,T1,1,2555,0.183,-57.5,-76.6,-19.0,179.77,638977715,638977636,92,16692,16539,12072,19830,916,3,1,True
2026-03-26T14:14:15.209,T1,1,2556,0.563,-59.1,-81.8,-22.7,198.75,638977876,638977636,72,7085,14310,13023,15574,856,3,1,True
2026-03-26T14:14:15.720,T1,1,2557,0.389,-60.2,-80.7,-20.5,209.77,638977802,638977636,88,10037,18460,14918,20926,1031,3,1,True
2026-03-26T14:14:16.229,T1,1,2558,0.075,-58.8,-80.0,-21.2,193.07,638977669,638977636,76,10473,14673,15128,18269,919,3,1,True
2026-03-26T14:14:16.710,T1,1,2559,0.586,-59.9,-79.1,-19.3,183.37,638977886,638977636,84,17887,15403,11249,19723,990,3,1,True
2026-03-26T14:14:17.221,T1,1,2560,0.267,-58.3,-78.5,-20.1,208.82,638977750,638977636,72,15094,15035,13931,19871,943,3,1,True
2026-03-26T14:14:17.730,T1,1,2561,-0.31,-59.7,-78.6,-18.9,226.93,638977503,638977636,84,16687,19062,15222,24559,1099,3,1,True
2026-03-26T14:14:18.211,T1,1,2562,1.083,-58.8,-77.9,-19.1,235.87,638978099,638977636,68,13960,16039,11841,16896,883,3,1,True
2026-03-26T14:14:18.719,T1,1,2563,1.004,-59.0,-78.0,-19.0,192.86,638978064,638977636,96,14717,18515,15987,23087,1039,3,1,True
2026-03-26T14:14:19.229,T1,1,2564,0.558,-59.3,-79.4,-20.1,212.98,638977875,638977636,80,10978,17038,16008,20340,987,3,1,True
2026-03-26T14:14:19.710,T1,1,2565,0.389,-59.2,-78.1,-18.9,201.86,638977803,638977636,88,13518,17764,13528,19170,954,3,1,True
2026-03-26T14:14:20.220,T1,1,2566,1.037,-58.5,-78.1,-19.6,221.11,638978078,638977636,72,9325,15920,14467,16191,857,3,1,True
2026-03-26T14:14:20.729,T1,1,2567,0.113,-58.4,-75.6,-17.3,213.26,638977685,638977636,80,17110,17061,11641,18073,900,3,1,True
2026-03-26T14:14:21.239,T1,1,2568,-0.324,-58.7,-77.6,-18.9,217.29,638977498,638977636,76,10865,16514,13915,16478,868,3,1,True
2026-03-26T14:14:21.720,T1,1,2569,-0.356,-59.0,-78.5,-19.5,205.62,638977484,638977636,76,14547,15627,9527,16018,866,3,1,True
2026-03-26T14:14:22.229,T1,1,2570,-0.399,-60.0,-78.4,-18.3,193.32,638977465,638977636,96,18551,18559,14168,24088,1100,3,1,True
2026-03-26T14:14:22.710,T1,1,2571,0.708,-59.2,-76.5,-17.3,172.87,638977938,638977636,100,15770,17287,13827,18630,941,3,1,True
2026-03-26T14:14:23.249,T1,1,2572,-0.075,-58.3,-75.3,-17.0,210.66,638977604,638977636,80,16276,16853,12458,17399,880,3,1,True
2026-03-26T14:14:23.731,T1,1,2573,0.094,-58.7,-75.8,-17.1,196.0,638977676,638977636,88,12961,17248,16012,17959,907,3,1,True
2026-03-26T14:14:24.240,T1,1,2574,-0.558,-60.2,-79.0,-18.8,202.41,638977397,638977636,88,16448,17812,11194,19946,1006,3,1,True
2026-03-26T14:14:24.721,T1,1,2575,-0.474,-59.1,-77.4,-18.3,191.74,638977433,638977636,92,12962,17640,14210,18382,932,3,1,True
2026-03-26T14:14:25.229,T1,1,2576,-0.408,-58.8,-77.1,-18.3,218.79,638977462,638977636,72,15003,15753,10654,15899,857,3,1,True
2026-03-26T14:14:25.741,T1,1,2577,0.558,-58.5,-77.0,-18.4,213.61,638977874,638977636,80,12462,17089,14243,17729,896,3,1,True
2026-03-26T14:14:26.251,T1,1,2578,0.553,-60.1,-80.0,-19.9,205.71,638977873,638977636,84,10857,17280,17147,21448,1042,3,1,True
2026-03-26T14:14:26.731,T1,1,2579,0.22,-59.6,-78.7,-19.1,234.3,638977731,638977636,76,16300,17807,11533,20363,998,3,1,True
2026-03-26T14:14:27.239,T1,1,2580,0.793,-60.7,-79.1,-18.3,198.01,638977974,638977636,80,18065,15841,11580,19275,1009,3,1,True
2026-03-26T14:14:27.751,T1,1,2581,-0.197,-59.0,-78.4,-19.4,204.58,638977552,638977636,76,16979,15548,9568,18083,920,3,1,True
2026-03-26T14:14:28.229,T1,1,2582,0.657,-59.4,-79.1,-19.7,187.18,638977917,638977636,100,15639,18718,13708,23307,1059,3,1,True
2026-03-26T14:14:28.769,T1,1,2583,0.286,-59.1,-78.5,-19.4,238.11,638977758,638977636,76,14126,18096,14844,21795,1013,3,1,True
2026-03-26T14:14:29.220,T1,1,2584,0.492,-59.7,-77.8,-18.1,230.3,638977846,638977636,76,14945,17503,12836,18546,954,3,1,True
2026-03-26T14:14:29.730,T1,1,2585,0.732,-58.6,-78.3,-19.7,201.44,638977948,638977636,84,10114,16921,14171,17520,894,3,1,True
2026-03-26T14:14:30.239,T1,1,2586,0.999,-60.2,-80.1,-19.9,200.31,638978063,638977636,88,9085,17627,18368,21977,1058,3,1,True
2026-03-26T14:14:30.760,T1,1,2587,0.558,-59.7,-77.8,-18.1,217.6,638977874,638977636,84,13402,18278,15176,19817,988,3,1,True
2026-03-26T14:14:31.229,T1,1,2588,0.666,-59.8,-78.4,-18.6,209.96,638977920,638977636,76,16943,15957,9912,17612,934,3,1,True
2026-03-26T14:14:31.742,T1,1,2589,0.183,-58.7,-76.7,-18.0,222.79,638977714,638977636,72,14597,16041,12261,16408,869,3,1,True
2026-03-26T14:14:32.249,T1,1,2590,0.474,-60.5,-79.9,-19.4,200.83,638977839,638977636,88,17216,17673,13823,23253,1099,3,1,True
2026-03-26T14:14:32.760,T1,1,2591,0.23,-59.4,-81.2,-21.8,201.67,638977735,638977636,76,12077,15327,9782,16385,887,3,1,True
2026-03-26T14:14:33.239,T1,1,2592,-0.366,-59.3,-79.2,-19.9,178.84,638977479,638977636,88,15080,15738,10650,17706,920,3,1,True
2026-03-26T14:14:33.749,T1,1,2593,-0.394,-57.8,-74.7,-16.9,162.09,638977467,638977636,100,16552,16209,11749,16542,843,3,1,True
2026-03-26T14:14:34.228,T1,1,2594,0.68,-58.0,-74.9,-16.9,204.61,638977926,638977636,80,13637,16369,15788,17242,867,3,1,True
2026-03-26T14:14:34.739,T1,1,2595,0.858,-57.5,-75.0,-17.5,152.04,638978002,638977636,100,16669,15204,14849,18662,887,3,1,True
2026-03-26T14:14:35.249,T1,1,2596,0.0,-57.4,-75.8,-18.4,270.27,638977635,638977636,56,17546,15135,13354,19406,902,3,1,True
2026-03-26T14:14:35.731,T1,1,2597,-0.108,-57.3,-75.7,-18.4,197.27,638977590,638977636,80,16910,15782,10665,17693,858,3,1,True
2026-03-26T14:14:36.240,T1,1,2598,-0.314,-57.1,-74.6,-17.5,178.3,638977501,638977636,88,17668,15690,14375,19527,895,3,1,True
2026-03-26T14:14:36.749,T1,1,2599,0.169,-58.2,-74.7,-16.5,232.7,638977708,638977636,76,16909,17685,14174,19079,918,3,1,True
2026-03-26T14:14:37.287,T1,1,2600,-0.188,-58.2,-75.8,-17.7,201.39,638977556,638977636,80,16632,16111,9887,16382,851,3,1,True
2026-03-26T14:14:37.739,T1,1,2601,-0.014,-57.5,-74.1,-16.6,194.33,638977630,638977636,84,17393,16324,13726,18186,875,3,1,True
2026-03-26T14:14:38.249,T1,1,2602,0.933,-57.6,-73.9,-16.4,223.99,638978034,638977636,80,16261,17919,15677,19624,913,3,1,True
2026-03-26T14:14:38.759,T1,1,2603,0.483,-57.6,-75.8,-18.2,237.25,638977843,638977636,72,16641,17082,11897,19076,901,3,1,True
2026-03-26T14:14:39.298,T1,1,2604,-0.375,-58.2,-75.6,-17.4,195.39,638977476,638977636,84,17575,16413,11239,17864,891,3,1,True
2026-03-26T14:14:39.751,T1,1,2605,0.164,-57.0,-74.7,-17.6,217.67,638977707,638977636,76,16416,16543,11945,17696,850,3,1,True
2026-03-26T14:14:40.259,T1,1,2606,0.403,-56.9,-76.8,-19.9,200.43,638977808,638977636,76,16848,15233,9197,18096,857,3,1,True
2026-03-26T14:14:40.770,T1,1,2607,0.366,-56.5,-76.0,-19.5,199.51,638977793,638977636,76,17382,15163,10748,18973,865,3,1,True
2026-03-26T14:14:41.250,T1,1,2608,-0.206,-57.2,-74.3,-17.1,216.18,638977547,638977636,72,15741,15565,14955,17765,856,3,1,True
2026-03-26T14:14:41.759,T1,1,2609,0.014,-57.4,-76.5,-19.2,194.59,638977643,638977636,76,16332,14789,11116,17443,855,3,1,True
2026-03-26T14:14:42.268,T1,1,2610,0.009,-57.6,-73.4,-15.9,206.33,638977641,638977636,84,16592,17332,15048,18309,881,3,1,True
2026-03-26T14:14:42.750,T1,1,2611,0.272,-56.8,-74.4,-17.5,237.28,638977753,638977636,64,17175,15186,14338,18717,869,3,1,True
2026-03-26T14:14:43.259,T1,1,2612,0.347,-57.8,-77.8,-20.0,167.11,638977784,638977636,88,16087,14706,8818,16758,851,3,1,True
2026-03-26T14:14:43.770,T1,1,2613,0.633,-57.5,-76.9,-19.4,177.41,638977907,638977636,92,15284,16322,11344,18286,880,3,1,True
2026-03-26T14:14:44.249,T1,1,2614,0.675,-57.4,-77.8,-20.4,179.02,638977924,638977636,84,16251,15038,8649,17600,860,3,1,True
2026-03-26T14:14:44.759,T1,1,2615,0.319,-57.6,-75.8,-18.2,192.73,638977772,638977636,80,16387,15418,12086,17473,863,3,1,True
2026-03-26T14:14:45.268,T1,1,2616,-0.291,-58.2,-73.9,-15.7,210.15,638977511,638977636,80,17135,16812,14019,17386,878,3,1,True
2026-03-26T14:14:45.779,T1,1,2617,-0.389,-57.8,-75.8,-18.0,217.28,638977470,638977636,72,16771,15644,11379,17332,865,3,1,True
2026-03-26T14:14:46.259,T1,1,2618,-0.159,-58.2,-74.3,-16.1,203.55,638977567,638977636,88,15502,17912,16323,19154,921,3,1,True
2026-03-26T14:14:46.768,T1,1,2619,0.905,-58.1,-75.8,-17.7,203.36,638978022,638977636,80,15054,16269,12807,16947,864,3,1,True
2026-03-26T14:14:47.278,T1,1,2620,0.694,-58.5,-76.6,-18.1,176.73,638977932,638977636,88,16781,15552,9954,16593,865,3,1,True
2026-03-26T14:14:47.760,T1,1,2621,0.413,-58.4,-79.7,-21.3,155.24,638977813,638977636,84,17169,13040,7522,17373,882,3,1,True
2026-03-26T14:14:48.270,T1,1,2622,-0.422,-58.7,-76.5,-17.8,223.72,638977455,638977636,72,16063,16108,11714,17098,885,3,1,True
2026-03-26T14:14:48.750,T1,1,2623,0.347,-58.6,-76.8,-18.2,173.61,638977784,638977636,84,16381,14583,10458,15821,849,3,1,True
2026-03-26T14:14:49.317,T1,1,2624,0.408,-58.6,-73.8,-15.3,176.04,638977811,638977636,100,17242,17604,16233,19065,931,3,1,True
2026-03-26T14:14:49.798,T1,1,2625,0.765,-58.3,-75.3,-17.0,201.05,638977962,638977636,80,16763,16084,12474,17172,874,3,1,True
2026-03-26T14:14:50.278,T1,1,2626,0.779,-57.8,-75.9,-18.1,167.9,638977969,638977636,88,16869,14775,12015,17258,862,3,1,True
2026-03-26T14:14:50.760,T1,1,2627,-0.15,-58.5,-75.9,-17.4,191.58,638977572,638977636,88,14996,16859,13407,17432,888,3,1,True
2026-03-26T14:14:51.268,T1,1,2628,0.127,-58.5,-76.2,-17.7,158.32,638977691,638977636,104,16949,16465,11539,17886,900,3,1,True
2026-03-26T14:14:51.780,T1,1,2629,0.685,-58.5,-75.5,-17.1,182.51,638977928,638977636,88,16865,16061,11375,16672,867,3,1,True
2026-03-26T14:14:52.258,T1,1,2630,0.155,-57.8,-74.1,-16.3,155.73,638977703,638977636,108,17124,16819,15385,19124,907,3,1,True
2026-03-26T14:14:52.770,T1,1,2631,0.005,-58.0,-76.8,-18.8,146.73,638977638,638977636,92,16576,13499,11517,16472,849,3,1,True
2026-03-26T14:14:53.279,T1,1,2632,0.216,-57.9,-74.0,-16.1,150.29,638977729,638977636,104,16762,15630,14865,17266,866,3,1,True
2026-03-26T14:14:53.789,T1,1,2633,-0.047,-58.4,-76.7,-18.4,158.95,638977615,638977636,100,17146,15895,10057,17560,887,3,1,True
2026-03-26T14:14:54.269,T1,1,2634,0.624,-58.2,-74.9,-16.7,196.94,638977902,638977636,84,17089,16543,12430,17357,878,3,1,True
2026-03-26T14:14:54.780,T1,1,2635,0.028,-57.5,-75.1,-17.6,173.53,638977649,638977636,92,16604,15965,12424,17651,863,3,1,True
2026-03-26T14:14:55.288,T1,1,2636,0.061,-57.8,-74.9,-17.2,171.35,638977663,638977636,96,16981,16450,12187,17666,872,3,1,True
2026-03-26T14:14:55.768,T1,1,2637,0.338,-57.4,-77.3,-19.9,167.24,638977780,638977636,84,16933,14048,10448,17893,867,3,1,True
2026-03-26T14:14:56.278,T1,1,2638,0.38,-57.5,-76.8,-19.3,139.31,638977798,638977636,104,16839,14488,10527,17520,860,3,1,True
2026-03-26T14:14:56.791,T1,1,2639,0.718,-58.0,-73.4,-15.4,200.34,638977942,638977636,88,16700,17630,16580,19162,915,3,1,True
2026-03-26T14:14:57.268,T1,1,2640,-0.192,-57.7,-73.9,-16.2,167.36,638977554,638977636,104,18012,17405,16397,20951,948,3,1,True
2026-03-26T14:14:57.778,T1,1,2641,0.295,-57.8,-76.4,-18.7,170.85,638977762,638977636,84,16809,14351,11539,17236,861,3,1,True
2026-03-26T14:14:58.289,T1,1,2642,0.605,-58.0,-73.9,-16.0,156.18,638977894,638977636,104,16497,16243,14297,17003,861,3,1,True
2026-03-26T14:14:58.770,T1,1,2643,0.436,-58.3,-73.7,-15.4,174.43,638977822,638977636,100,16167,17443,16203,18333,905,3,1,True
2026-03-26T14:14:59.278,T1,1,2644,-0.075,-57.4,-76.8,-19.5,137.58,638977604,638977636,104,16680,14308,10622,17424,854,3,1,True
2026-03-26T14:14:59.788,T1,1,2645,-0.075,-57.7,-78.1,-20.4,155.88,638977603,638977636,88,16995,13717,9528,17727,870,3,1,True
2026-03-26T14:15:00.268,T1,1,2646,0.769,-58.1,-76.3,-18.2,173.54,638977964,638977636,84,16722,14577,11530,16742,859,3,1,True
2026-03-26T14:15:00.779,T1,1,2647,-0.305,-58.5,-74.8,-16.3,195.4,638977506,638977636,84,16424,16414,13365,16912,874,3,1,True
2026-03-26T14:15:01.288,T1,1,2648,-0.178,-58.5,-75.3,-16.9,174.33,638977560,638977636,88,16801,15341,13362,17044,877,3,1,True
2026-03-26T14:15:01.798,T1,1,2649,0.113,-58.5,-75.9,-17.4,145.84,638977685,638977636,116,15923,16918,13058,18006,903,3,1,True
2026-03-26T14:15:02.279,T1,1,2650,0.441,-58.7,-76.0,-17.3,193.61,638977825,638977636,88,15056,17038,13663,17741,901,3,1,True
2026-03-26T14:15:02.789,T1,1,2651,-0.206,-58.2,-75.1,-16.9,121.24,638977547,638977636,140,15092,16973,14584,17804,889,3,1,True
