timestamp,device,tag_id,seq,rx_power,fp_power,fp_rx_ratio,quality,std_noise,fp_ampl1,fp_ampl2,fp_ampl3,cir_power,rxpacc,reply_delay,flags
2026-05-01T13:37:05.523,A1,1,4159,-58.9,-78.9,-20.0,175.54,96,17173,16852,9123,20155,968,740470335,1
2026-05-01T13:37:05.615,A1,1,4160,-58.9,-78.6,-19.7,159.73,96,17853,15334,10080,19465,952,495510117,1
2026-05-01T13:37:05.704,A1,1,4161,-58.6,-76.7,-18.1,134.66,124,15841,16698,12813,18488,919,449154019,1
2026-05-01T13:37:05.823,A1,1,4162,-59.2,-76.6,-17.4,158.73,108,16746,17143,12667,18610,941,390171285,1
2026-05-01T13:37:05.943,A1,1,4163,-59.0,-77.4,-18.4,136.98,112,17298,15342,13256,19368,951,420797157,1
2026-05-01T13:37:06.063,A1,1,4164,-59.6,-76.5,-17.0,133.0,136,16685,18088,13993,19780,981,463571658,1
2026-05-01T13:37:06.153,A1,1,4165,-59.2,-76.1,-16.9,169.92,100,16466,16992,16189,20197,979,392060671,1
2026-05-01T13:37:06.303,A1,1,4166,-59.5,-78.1,-18.6,123.69,132,16531,16327,9674,17437,920,511850307,1
2026-05-01T13:37:06.362,A1,1,4167,-58.6,-75.6,-17.0,166.02,112,17704,18594,16803,23238,1030,390471199,1
2026-05-01T13:37:06.452,A1,1,4168,-59.4,-77.1,-17.7,120.31,136,16611,16362,12829,18352,939,391763153,1
2026-05-01T13:37:06.573,A1,1,4169,-59.1,-76.7,-17.6,153.26,104,17480,15939,14317,19699,963,421578408,1
2026-05-01T13:37:06.693,A1,1,4170,-59.3,-76.6,-17.2,180.85,96,16918,17362,12362,18589,943,482112671,1
2026-05-01T13:37:06.813,A1,1,4171,-58.9,-75.4,-16.5,143.17,124,14813,17753,16491,19187,945,529276337,1
2026-05-01T13:37:06.933,A1,1,4172,-59.3,-76.2,-16.9,186.62,96,17083,17916,14055,19876,974,432349950,1
2026-05-01T13:37:07.022,A1,1,4173,-58.6,-75.7,-17.1,126.35,144,16145,18195,16536,21448,990,452894519,1
2026-05-01T13:37:07.114,A1,1,4174,-59.1,-75.8,-16.7,192.22,92,16426,17684,13966,18815,942,710997823,1
2026-05-01T13:37:07.235,A1,1,4175,-59.4,-76.2,-16.8,133.42,132,14747,17611,15513,18708,949,712002896,1
2026-05-01T13:37:07.353,A1,1,4176,-59.3,-76.6,-17.3,127.46,132,16615,16825,15787,20341,986,456763187,1
2026-05-01T13:37:07.444,A1,1,4177,-58.9,-76.0,-17.0,154.35,108,15959,16670,13260,17543,904,409553777,1
2026-05-01T13:37:07.565,A1,1,4178,-59.2,-77.2,-18.0,133.44,128,17046,17080,10851,18460,937,713503882,1
2026-05-01T13:37:07.653,A1,1,4179,-59.2,-76.9,-17.7,105.01,156,16638,16381,17897,22401,1031,447025747,1
2026-05-01T13:37:07.744,A1,1,4180,-58.9,-76.9,-18.0,137.54,120,16251,16505,12604,18420,924,455205851,1
2026-05-01T13:37:07.833,A1,1,4181,-58.7,-75.8,-17.1,133.3,128,17201,17063,17483,22165,1008,436542384,1
2026-05-01T13:37:07.954,A1,1,4182,-59.1,-76.6,-17.5,110.11,148,17384,16296,16222,21267,1000,459221153,1
2026-05-01T13:37:08.072,A1,1,4183,-59.1,-77.7,-18.6,183.72,92,18207,16902,11890,20939,994,431201538,1
2026-05-01T13:37:08.194,A1,1,4184,-59.4,-78.0,-18.6,116.63,132,17257,15395,11346,18335,939,449457831,1
2026-05-01T13:37:08.283,A1,1,4185,-58.5,-75.7,-17.2,157.23,108,16057,16981,14133,18704,919,439048126,1
2026-05-01T13:37:08.404,A1,1,4186,-58.8,-76.0,-17.2,146.85,120,16919,17622,13458,19453,948,443671598,1
2026-05-01T13:37:08.523,A1,1,4187,-59.2,-75.9,-16.7,162.63,112,16896,18215,15389,20706,990,463477284,1
2026-05-01T13:37:08.614,A1,1,4188,-58.6,-75.6,-17.0,176.6,96,15449,16954,16716,19913,951,389734524,1
2026-05-01T13:37:08.734,A1,1,4189,-59.1,-76.1,-17.1,130.56,140,16596,18279,15638,21174,998,418392004,1
2026-05-01T13:37:08.824,A1,1,4190,-58.4,-75.6,-17.2,198.66,88,16639,17482,13447,19133,926,711810855,1
2026-05-01T13:37:08.943,A1,1,4191,-58.9,-76.1,-17.2,184.23,96,16462,17686,16524,21434,1000,454151236,1
2026-05-01T13:37:09.064,A1,1,4192,-59.1,-76.2,-17.1,129.12,128,13797,16528,15724,17666,914,740901517,1
2026-05-01T13:37:09.152,A1,1,4193,-58.8,-75.8,-17.1,132.87,132,17604,17539,17388,22815,1025,536656132,1
2026-05-01T13:37:09.274,A1,1,4194,-58.9,-75.7,-16.8,136.42,136,18207,18553,16773,23329,1041,753762341,1
2026-05-01T13:37:09.363,A1,1,4195,-58.7,-77.7,-19.0,124.81,136,17333,16974,10150,19568,948,438207198,1
2026-05-01T13:37:09.483,A1,1,4196,-58.8,-76.2,-17.4,112.72,152,17887,17133,15910,21999,1009,516962277,1
2026-05-01T13:37:09.633,A1,1,4197,-58.8,-76.1,-17.3,123.43,152,18073,18762,15950,23458,1042,421407537,1
2026-05-01T13:37:09.692,A1,1,4198,-58.5,-75.8,-17.3,126.17,140,16742,17664,16977,22240,1002,462091902,1
2026-05-01T13:37:09.845,A1,1,4199,-59.1,-75.8,-16.7,184.91,96,16510,17751,14012,18964,947,480849346,1
2026-05-01T13:37:09.934,A1,1,4200,-58.9,-76.2,-17.2,163.91,100,12953,16391,15758,17189,895,419499393,1
2026-05-01T13:37:10.023,A1,1,4201,-58.5,-76.9,-18.4,176.41,96,16933,16935,10704,18747,921,752318529,1
2026-05-01T13:37:10.142,A1,1,4202,-58.4,-75.9,-17.5,159.12,112,17135,17821,13356,20213,952,389663749,1
2026-05-01T13:37:10.262,A1,1,4203,-59.6,-76.3,-16.7,117.36,152,16685,17838,16965,21446,1022,432070732,1
2026-05-01T13:37:10.383,A1,1,4204,-58.5,-78.3,-19.8,119.7,140,16384,16758,10455,19728,945,477049641,1
2026-05-01T13:37:10.503,A1,1,4205,-58.9,-76.8,-17.9,168.15,100,16684,16815,11261,18068,917,647245319,1
2026-05-01T13:37:10.594,A1,1,4206,-59.2,-77.6,-18.3,131.66,128,16914,16852,10208,18238,932,474122358,1
2026-05-01T13:37:10.713,A1,1,4207,-58.7,-77.9,-19.2,165.77,100,16435,16577,10194,18708,926,438130304,1
2026-05-01T13:37:10.802,A1,1,4208,-58.4,-76.1,-17.7,181.4,96,16495,17414,15981,21487,983,520855301,1
2026-05-01T13:37:10.925,A1,1,4209,-59.1,-78.5,-19.5,126.6,140,18701,17724,11397,23226,1045,437244523,1
2026-05-01T13:37:11.043,A1,1,4210,-58.6,-78.4,-19.8,147.27,116,15926,17083,10277,19473,942,713794230,1
2026-05-01T13:37:11.134,A1,1,4211,-58.7,-76.2,-17.5,167.67,100,16767,16767,16132,21009,982,392704900,1
2026-05-01T13:37:11.253,A1,1,4212,-59.4,-79.6,-20.2,163.69,108,18237,17678,9572,22662,1045,496784263,1
2026-05-01T13:37:11.374,A1,1,4213,-59.1,-76.0,-16.9,128.62,140,14990,18007,16642,20313,978,437175976,1
2026-05-01T13:37:11.551,A1,1,4214,-59.0,-75.7,-16.7,177.6,96,16810,17050,12752,17768,912,440948401,1
2026-05-01T13:37:11.584,A1,1,4215,-58.8,-76.4,-17.6,158.11,104,15879,16443,12940,17724,906,398255285,1
2026-05-01T13:37:11.704,A1,1,4216,-58.8,-79.0,-20.2,92.44,160,17846,14791,9990,19587,951,428917975,1
2026-05-01T13:37:11.822,A1,1,4217,-69.4,-77.6,-8.3,121.63,140,17310,17028,10021,9317,945,744346329,1
2026-05-01T13:37:11.942,A1,1,4218,-58.5,-77.3,-18.8,155.38,108,17510,16781,11987,20521,963,482102908,1
2026-05-01T13:37:12.063,A1,1,4219,-59.3,-76.7,-17.4,118.26,152,17103,17975,13385,20160,983,433504502,1
2026-05-01T13:37:12.182,A1,1,4220,-59.6,-76.8,-17.2,135.1,124,13706,16752,15404,17676,930,419011687,1
2026-05-01T13:37:12.273,A1,1,4221,-59.5,-75.7,-16.3,113.09,164,17746,18546,16592,21904,1029,758028633,1
2026-05-01T13:37:12.392,A1,1,4222,-59.8,-78.1,-18.3,174.24,92,17896,16030,11489,19125,973,452549357,1
2026-05-01T13:37:12.514,A1,1,4223,-58.4,-77.9,-19.5,141.32,112,16383,15828,8958,17570,890,736847439,1
2026-05-01T13:37:12.602,A1,1,4224,-59.5,-76.7,-17.3,172.86,108,18677,18669,14287,22686,1047,391345067,1
2026-05-01T13:37:12.722,A1,1,4225,-59.4,-77.3,-17.9,125.43,136,15335,17059,12039,17648,922,494436371,1
2026-05-01T13:37:12.842,A1,1,4226,-59.2,-79.4,-20.2,112.89,132,17991,14902,9386,19540,962,722780570,1
2026-05-01T13:37:12.933,A1,1,4227,-59.4,-74.9,-15.5,202.52,84,15624,17012,14997,16860,900,495136209,1
2026-05-01T13:37:13.023,A1,1,4228,-58.8,-75.5,-16.6,106.29,160,16678,17006,16766,20411,972,629622730,1
2026-05-01T13:37:13.142,A1,1,4229,-59.7,-76.5,-16.8,155.86,108,12158,16833,16056,16782,909,396639953,1
2026-05-01T13:37:13.292,A1,1,4230,-59.0,-76.0,-17.1,139.35,120,14842,16722,14990,17978,916,431578920,1
2026-05-01T13:37:13.383,A1,1,4231,-59.2,-76.0,-16.8,180.88,100,16274,18088,15297,20151,977,475327619,1
2026-05-01T13:37:13.504,A1,1,4232,-58.7,-75.9,-17.1,212.46,84,17243,17847,13701,19993,959,730452980,1
2026-05-01T13:37:13.624,A1,1,4233,-58.5,-77.7,-19.2,144.22,124,16030,17883,12519,21046,976,453073179,1
2026-05-01T13:37:13.742,A1,1,4234,-59.4,-77.4,-18.0,145.53,116,17032,16882,10389,18030,932,396124111,1
2026-05-01T13:37:13.862,A1,1,4235,-59.1,-75.6,-16.5,167.39,112,18372,18748,16714,23056,1042,486058948,1
2026-05-01T13:37:13.983,A1,1,4236,-59.3,-76.4,-17.0,133.48,124,13253,16552,16162,17587,918,410167378,1
2026-05-01T13:37:14.103,A1,1,4237,-58.8,-75.6,-16.8,170.4,104,15346,17722,16420,19950,959,398608826,1
2026-05-01T13:37:14.223,A1,1,4238,-59.2,-77.4,-18.2,199.75,80,16586,15980,10942,17446,911,493859105,1
2026-05-01T13:37:14.344,A1,1,4239,-59.0,-77.0,-18.0,182.15,92,15406,16758,12919,18079,921,722894517,1
2026-05-01T13:37:14.463,A1,1,4240,-58.9,-77.1,-18.2,178.23,92,16242,16397,11698,18005,914,427907797,1
2026-05-01T13:37:14.582,A1,1,4241,-58.1,-78.9,-20.7,130.48,124,17625,16179,9929,21451,972,491069416,1
2026-05-01T13:37:14.673,A1,1,4242,-58.9,-75.6,-16.7,171.95,96,14876,16507,14662,17163,892,435149589,1
2026-05-01T13:37:14.793,A1,1,4243,-59.5,-77.0,-17.6,130.45,132,17292,17220,10975,18361,943,461497442,1
2026-05-01T13:37:14.884,A1,1,4244,-58.8,-76.2,-17.4,160.19,104,15970,16660,17441,21302,992,450017420,1
2026-05-01T13:37:15.005,A1,1,4245,-59.1,-77.3,-18.3,177.15,96,15566,17006,11667,17990,920,758815217,1
2026-05-01T13:37:15.093,A1,1,4246,-59.0,-75.8,-16.8,177.24,96,13170,17015,15985,17499,905,750686623,1
2026-05-01T13:37:15.213,A1,1,4247,-58.9,-76.5,-17.6,186.76,100,18543,18676,14589,23284,1042,511370046,1
2026-05-01T13:37:15.363,A1,1,4248,-58.9,-76.2,-17.3,133.91,124,14602,16605,14790,17849,910,433286990,1
2026-05-01T13:37:15.503,A1,1,4249,-59.1,-79.3,-20.1,152.41,120,18269,18289,10208,23705,1059,507627049,1
2026-05-01T13:37:15.544,A1,1,4250,-58.7,-77.3,-18.6,140.72,120,15669,16886,11550,18290,915,397385273,1
2026-05-01T13:37:15.633,A1,1,4251,-58.9,-77.2,-18.3,132.7,132,18386,17517,13352,22175,1016,454069298,1
2026-05-01T13:37:15.753,A1,1,4252,-58.5,-76.7,-18.1,137.52,120,15592,16502,12588,17982,903,452833410,1
2026-05-01T13:37:15.873,A1,1,4253,-59.0,-76.7,-17.7,143.91,116,12183,16694,16181,17867,914,422896461,1
2026-05-01T13:37:15.963,A1,1,4254,-59.0,-76.4,-17.4,171.62,96,16744,16476,16329,20809,986,406501068,1
2026-05-01T13:37:16.052,A1,1,4255,-59.0,-76.0,-17.0,132.33,124,13711,16409,15394,17108,896,436450564,1
2026-05-01T13:37:16.203,A1,1,4256,-59.1,-75.8,-16.7,147.3,120,14777,17676,16033,19097,949,731419348,1
2026-05-01T13:37:16.293,A1,1,4257,-59.2,-78.8,-19.6,118.75,152,16531,18050,11316,21496,1011,404750801,1
2026-05-01T13:37:16.412,A1,1,4258,-58.8,-76.4,-17.6,155.95,104,17123,16219,16967,21724,1002,486230551,1
2026-05-01T13:37:16.533,A1,1,4259,-59.0,-79.8,-20.9,159.05,100,18349,15905,8657,21433,1001,488778456,1
2026-05-01T13:37:16.652,A1,1,4260,-58.7,-75.9,-17.2,117.55,148,17667,17397,17233,22822,1023,424592691,1
2026-05-01T13:37:16.774,A1,1,4261,-58.8,-76.0,-17.2,147.88,112,15429,16563,13581,17426,898,433889461,1
2026-05-01T13:37:16.862,A1,1,4262,-58.7,-77.2,-18.5,174.27,104,18546,18124,12911,22962,1026,474630260,1
2026-05-01T13:37:16.952,A1,1,4263,-58.9,-78.3,-19.4,167.42,92,16941,15403,9497,17886,911,454316184,1
2026-05-01T13:37:17.073,A1,1,4264,-59.2,-76.4,-17.3,116.05,148,16870,17175,18029,22729,1038,462997900,1
2026-05-01T13:37:17.193,A1,1,4265,-59.0,-77.7,-18.8,179.92,100,18550,17992,12381,22948,1035,483939617,1
2026-05-01T13:37:17.313,A1,1,4266,-58.7,-75.9,-17.2,172.43,104,14714,17933,16652,20362,968,432861377,1
2026-05-01T13:37:17.463,A1,1,4267,-58.7,-75.7,-16.9,185.95,92,15070,17107,14720,18095,912,487421003,1
2026-05-01T13:37:17.554,A1,1,4268,-59.1,-77.6,-18.5,154.92,100,16953,15492,11824,18286,927,474117227,1
2026-05-01T13:37:17.704,A1,1,4269,-59.3,-77.4,-18.1,164.22,96,16776,15765,11795,17830,922,726298890,1
2026-05-01T13:37:17.792,A1,1,4270,-59.0,-76.5,-17.5,123.14,136,13215,16747,15762,17928,917,710167363,1
2026-05-01T13:37:17.913,A1,1,4271,-59.0,-76.1,-17.1,180.95,100,16621,18095,14805,20404,979,493413523,1
2026-05-01T13:37:17.973,A1,1,4272,-57.4,-75.7,-18.3,127.8,132,16663,16870,12938,19715,908,386314746,1
2026-05-01T13:37:18.133,A1,1,4273,-59.0,-79.1,-20.0,104.51,140,17498,14632,9942,18864,941,404184704,1
2026-05-01T13:37:18.184,A1,1,4274,-58.7,-76.3,-17.6,125.22,132,15599,16529,17290,20944,981,419206294,1
2026-05-01T13:37:18.303,A1,1,4275,-59.2,-76.4,-17.2,142.73,120,14419,17127,14791,18047,925,425251795,1
2026-05-01T13:37:18.423,A1,1,4276,-58.8,-76.9,-18.1,126.75,136,17260,17238,11181,19189,941,423014212,1
2026-05-01T13:37:18.544,A1,1,4277,-58.6,-75.5,-16.9,181.61,96,16165,17435,14134,18796,925,453468052,1
2026-05-01T13:37:18.664,A1,1,4278,-59.1,-76.5,-17.4,110.97,152,16630,16867,15995,20769,989,507113052,1
2026-05-01T13:37:18.754,A1,1,4279,-58.6,-75.4,-16.7,180.53,96,15376,17331,16471,19578,946,436218348,1
2026-05-01T13:37:18.903,A1,1,4280,-59.2,-77.0,-17.8,146.96,112,16605,16460,13574,19014,951,478274063,1
2026-05-01T13:37:19.024,A1,1,4281,-59.1,-76.3,-17.2,143.45,124,17007,17788,13601,19817,967,477842045,1
2026-05-01T13:37:19.142,A1,1,4282,-58.6,-76.5,-17.9,135.46,124,15225,16797,13767,18516,919,489431035,1
2026-05-01T13:37:19.263,A1,1,4283,-58.8,-76.3,-17.5,196.64,88,17052,17304,12100,18865,932,737870300,1
2026-05-01T13:37:19.352,A1,1,4284,-58.7,-77.8,-19.1,159.79,96,17580,15340,12042,19670,949,437862524,1
2026-05-01T13:37:21.313,A1,1,4285,-58.6,-76.3,-17.7,125.8,132,13048,16605,16020,18209,911,471146825,1
2026-05-01T13:37:21.313,A1,1,4286,-58.9,-76.6,-17.7,130.14,132,16796,17178,17410,22811,1030,489580634,1
2026-05-01T13:37:21.314,A1,1,4287,-58.7,-75.8,-17.0,175.63,104,18049,18266,16503,23052,1030,466780892,1
2026-05-01T13:37:21.314,A1,1,4288,-58.8,-77.8,-19.0,128.71,136,18518,17505,12038,22449,1020,433793489,1
2026-05-01T13:37:21.314,A1,1,4289,-58.9,-77.1,-18.2,124.44,124,17484,15430,13684,19662,955,390185327,1
2026-05-01T13:37:21.314,A1,1,4290,-59.0,-78.3,-19.3,195.07,92,16176,17946,11222,20536,979,461682281,1
2026-05-01T13:37:21.314,A1,1,4291,-59.3,-78.9,-19.5,124.1,144,16275,17870,11012,20741,997,719378088,1
2026-05-01T13:37:21.314,A1,1,4292,-58.8,-77.7,-18.8,142.82,120,15427,17139,11369,18514,926,756273694,1
2026-05-01T13:37:21.315,A1,1,4293,-58.9,-76.9,-18.0,118.22,136,17622,16078,14461,20612,980,462435648,1
2026-05-01T13:37:21.315,A1,1,4294,-59.1,-76.7,-17.6,191.76,88,16673,16875,12009,18162,926,407190758,1
2026-05-01T13:37:21.315,A1,1,4295,-59.2,-77.2,-18.1,172.68,92,16690,15887,11599,17686,915,477844247,1
2026-05-01T13:37:21.316,A1,1,4296,-58.8,-78.8,-19.9,177.94,100,16218,17794,10622,20941,984,436688102,1
2026-05-01T13:37:21.316,A1,1,4297,-58.8,-78.5,-19.7,142.59,116,16751,16541,9452,19129,940,390807771,1
2026-05-01T13:37:21.317,A1,1,4298,-58.9,-75.8,-16.9,126.4,140,15896,17696,16674,20694,980,723859770,1
2026-05-01T13:37:21.317,A1,1,4299,-58.4,-75.5,-17.2,115.55,152,16899,17563,17119,22132,996,435098037,1
2026-05-01T13:37:21.317,A1,1,4300,-59.2,-76.0,-16.8,161.52,108,16666,17444,14884,19614,964,767548818,1
2026-05-01T13:37:21.317,A1,1,4301,-59.0,-76.1,-17.1,170.84,96,13539,16401,15461,17221,897,454957901,1
2026-05-01T13:37:21.317,A1,1,4302,-58.4,-77.6,-19.2,136.66,120,16365,16399,10794,18773,918,455179957,1
2026-05-01T13:37:21.422,A1,1,4303,-58.9,-76.5,-17.6,120.68,140,14007,16895,15111,18295,923,483821765,1
2026-05-01T13:37:21.548,A1,1,4304,-59.3,-76.1,-16.8,120.63,148,17035,17853,14645,20017,978,473493479,1
2026-05-01T13:37:21.632,A1,1,4305,-58.6,-75.4,-16.9,187.64,92,16581,17263,13347,18383,914,408524102,1
2026-05-01T13:37:21.753,A1,1,4306,-59.3,-76.2,-16.9,155.83,108,17082,16830,17609,21655,1017,447066319,1
2026-05-01T13:37:21.873,A1,1,4307,-58.8,-76.1,-17.3,172.82,96,13080,16591,15862,17616,901,484101488,1
2026-05-01T13:37:21.992,A1,1,4308,-59.0,-76.9,-17.9,190.92,88,16739,16801,10890,17935,916,476908923,1
2026-05-01T13:37:22.113,A1,1,4309,-58.4,-76.1,-17.7,153.84,112,14598,17230,14947,18955,924,430267015,1
2026-05-01T13:37:22.202,A1,1,4310,-58.8,-76.0,-17.2,165.44,100,13391,16544,15718,17498,900,404446790,1
2026-05-01T13:37:22.322,A1,1,4311,-59.0,-75.9,-17.0,175.71,104,17003,18274,15317,21155,994,468785822,1
2026-05-01T13:37:22.473,A1,1,4312,-58.8,-75.6,-16.8,164.12,104,15402,17068,14541,18060,913,495518221,1
2026-05-01T13:37:22.533,A1,1,4313,-58.8,-78.0,-19.2,177.97,104,18294,18509,11989,23674,1045,415126684,1
2026-05-01T13:37:22.682,A1,1,4314,-59.0,-76.3,-17.3,175.89,96,16517,16885,16147,20632,982,427945269,1
2026-05-01T13:37:22.804,A1,1,4315,-59.2,-78.7,-19.5,173.0,88,17039,15224,8634,17479,912,744380266,1
2026-05-01T13:37:22.894,A1,1,4316,-59.0,-76.1,-17.1,178.84,96,16733,17169,14453,19435,955,405950517,1
2026-05-01T13:37:22.983,A1,1,4317,-59.0,-78.3,-19.3,190.48,92,15527,17524,11152,19510,955,451906851,1
2026-05-01T13:37:23.102,A1,1,4318,-59.5,-76.3,-16.8,176.18,100,15046,17618,14474,18141,939,387270293,1
2026-05-01T13:37:23.223,A1,1,4319,-59.2,-76.8,-17.6,139.62,120,15294,16755,12349,17224,903,731185320,1
2026-05-01T13:37:23.343,A1,1,4320,-58.9,-76.7,-17.8,120.74,148,16843,17870,15221,21800,1006,499888264,1
2026-05-01T13:37:23.462,A1,1,4321,-58.8,-76.4,-17.7,123.05,148,17051,18211,15093,21964,1006,477263496,1
2026-05-01T13:37:23.583,A1,1,4322,-59.1,-77.2,-18.2,128.81,128,16241,16488,11773,18043,921,680220444,1
2026-05-01T13:37:23.702,A1,1,4323,-59.3,-77.0,-17.7,192.09,88,17253,16904,9910,17701,919,459796484,1
2026-05-01T13:37:23.792,A1,1,4324,-59.0,-77.0,-17.9,133.71,124,15812,16580,11889,17558,907,444583157,1
2026-05-01T13:37:23.884,A1,1,4325,-59.5,-76.2,-16.7,184.98,92,12518,17018,16411,17285,915,396998212,1
2026-05-01T13:37:24.003,A1,1,4326,-59.3,-76.4,-17.1,124.95,144,17112,17993,14065,20270,984,711865610,1
2026-05-01T13:37:24.122,A1,1,4327,-58.7,-75.9,-17.2,152.22,112,16355,17049,12861,18093,912,388172035,1
2026-05-01T13:37:24.212,A1,1,4328,-58.9,-77.7,-18.9,152.69,112,16015,17101,11178,18934,937,465703381,1
2026-05-01T13:37:24.334,A1,1,4329,-58.7,-76.1,-17.4,166.5,100,15939,16650,13415,18051,909,408878122,1
2026-05-01T13:37:24.483,A1,1,4330,-59.3,-78.0,-18.7,182.45,88,16389,16056,9676,17222,908,439711325,1
2026-05-01T13:37:24.544,A1,1,4331,-58.7,-75.9,-17.2,130.84,132,16188,17271,13824,18834,930,459513011,1
2026-05-01T13:37:24.633,A1,1,4332,-58.7,-75.8,-17.1,185.98,96,16957,17854,14588,20344,967,441631941,1
2026-05-01T13:37:24.752,A1,1,4333,-58.9,-75.9,-17.0,189.18,92,16674,17405,14867,19818,961,490609529,1
2026-05-01T13:37:24.874,A1,1,4334,-58.9,-78.4,-19.5,180.65,92,17293,16620,9605,19551,955,421580283,1
2026-05-01T13:37:24.993,A1,1,4335,-58.7,-77.1,-18.4,180.99,92,17033,16651,9638,18004,909,496601483,1
2026-05-01T13:37:25.082,A1,1,4336,-58.7,-75.7,-16.9,172.11,96,15559,16523,14106,17552,898,387106840,1
2026-05-01T13:37:25.202,A1,1,4337,-58.6,-75.7,-17.1,135.89,128,16458,17394,13722,18897,928,752342153,1
2026-05-01T13:37:25.292,A1,1,4338,-58.9,-77.6,-18.7,186.78,96,16367,17931,12389,20617,978,500109258,1
2026-05-01T13:37:25.416,A1,1,4339,-58.7,-76.9,-18.2,133.68,136,16757,18180,13664,21422,992,492819954,1
2026-05-01T13:37:25.504,A1,1,4340,-58.6,-76.0,-17.4,169.3,100,14661,16930,14083,17818,901,709278198,1
2026-05-01T13:37:25.622,A1,1,4341,-58.5,-78.2,-19.6,185.33,96,16000,17792,11475,20869,973,492432692,1
2026-05-01T13:37:25.712,A1,1,4342,-58.4,-76.4,-18.0,148.95,112,12996,16682,16062,18650,916,626562642,1
2026-05-01T13:37:25.832,A1,1,4343,-58.3,-75.8,-17.4,144.64,128,18197,18514,16647,24180,1040,557995948,1
2026-05-01T13:37:25.954,A1,1,4344,-58.8,-75.6,-16.8,135.53,132,15432,17890,16089,19882,959,443677339,1
2026-05-01T13:37:26.045,A1,1,4345,-57.9,-76.0,-18.1,138.74,120,15387,16649,17124,21526,965,450492245,1
2026-05-01T13:37:26.163,A1,1,4346,-58.8,-76.9,-18.1,161.91,112,18503,18134,14039,23150,1034,452834140,1
2026-05-01T13:37:26.254,A1,1,4347,-59.1,-80.2,-21.1,149.11,96,17773,14315,7822,19099,948,451498217,1
2026-05-01T13:37:26.342,A1,1,4348,-58.6,-75.8,-17.2,134.57,124,15795,16687,13497,17735,899,387495194,1
2026-05-01T13:37:26.464,A1,1,4349,-58.9,-76.1,-17.2,134.19,124,13287,16639,15598,17499,901,757606413,1
2026-05-01T13:37:26.553,A1,1,4350,-59.2,-76.9,-17.7,120.36,140,11900,16851,16345,17950,922,697436821,1
2026-05-01T13:37:26.644,A1,1,4351,-58.7,-76.3,-17.5,145.12,124,16871,17995,13940,20534,972,451378266,1
2026-05-01T13:37:26.762,A1,1,4352,-58.8,-76.5,-17.7,146.13,112,16594,16367,15456,20223,966,400611626,1
2026-05-01T13:37:26.882,A1,1,4353,-58.4,-75.8,-17.3,146.48,120,16839,17578,13540,19585,939,444366833,1
2026-05-01T13:37:26.973,A1,1,4354,-58.7,-78.7,-20.0,167.09,112,18982,18714,11095,25283,1076,654071933,1
2026-05-01T13:37:27.064,A1,1,4355,-58.9,-78.0,-19.0,101.61,152,17667,15444,11435,19355,950,517545935,1
2026-05-01T13:37:27.182,A1,1,4356,-58.3,-77.6,-19.2,167.69,100,17463,16769,9590,19556,935,609625507,1
2026-05-01T13:37:27.302,A1,1,4357,-58.6,-76.4,-17.7,116.27,160,18472,18603,15760,24324,1054,401422342,1
2026-05-01T13:37:27.422,A1,1,4358,-58.8,-76.9,-18.1,141.12,120,15025,16935,12815,18011,913,423273915,1
2026-05-01T13:37:27.512,A1,1,4359,-58.7,-79.1,-20.4,172.65,100,18600,17265,10106,23295,1033,388891348,1
2026-05-01T13:37:27.634,A1,1,4360,-58.5,-75.4,-17.0,141.25,124,16350,17515,16800,21070,975,426394503,1
2026-05-01T13:37:27.752,A1,1,4361,-59.1,-76.6,-17.4,176.04,96,14573,16900,13888,17545,911,471085716,1
2026-05-01T13:37:27.874,A1,1,4362,-59.3,-76.8,-17.5,133.18,120,16920,15982,14178,19016,953,485617674,1
2026-05-01T13:37:27.995,A1,1,4363,-59.0,-76.1,-17.1,115.35,144,15482,16610,14091,17784,912,631438287,1
2026-05-01T13:37:28.084,A1,1,4364,-58.9,-76.1,-17.2,130.17,140,16892,18224,14987,21104,990,509784006,1
2026-05-01T13:37:28.204,A1,1,4365,-59.3,-77.0,-17.7,126.18,136,14481,17161,13422,17761,921,435810047,1
2026-05-01T13:37:28.322,A1,1,4366,-58.9,-77.7,-18.7,168.31,100,15780,16831,11871,18700,934,408729779,1
2026-05-01T13:37:28.443,A1,1,4367,-59.0,-77.2,-18.2,177.72,104,18168,18483,13050,22601,1030,410078299,1
2026-05-01T13:37:28.563,A1,1,4368,-58.5,-75.9,-17.4,137.48,124,16374,17048,13388,18689,920,428814214,1
2026-05-01T13:37:28.654,A1,1,4369,-58.9,-76.0,-17.2,133.79,136,16268,18196,16592,21754,1005,492270293,1
2026-05-01T13:37:28.743,A1,1,4370,-59.0,-77.0,-18.1,109.9,160,14998,17584,13633,19121,945,404301702,1
2026-05-01T13:37:28.892,A1,1,4371,-59.1,-76.6,-17.5,121.47,144,16594,17491,15644,21167,998,464112777,1
2026-05-01T13:37:28.982,A1,1,4372,-58.7,-76.4,-17.7,109.48,168,16491,18392,15738,22223,1010,388743899,1
2026-05-01T13:37:29.102,A1,1,4373,-58.6,-76.5,-17.9,132.35,136,17258,17999,13109,20827,975,767900346,1
2026-05-01T13:37:29.223,A1,1,4374,-58.8,-76.1,-17.3,173.61,96,13508,16667,15607,17785,906,414666132,1
2026-05-01T13:37:29.313,A1,1,4375,-59.0,-78.7,-19.7,152.14,100,17694,15214,10668,19572,957,429554306,1
2026-05-01T13:37:29.462,A1,1,4376,-58.8,-76.6,-17.8,116.67,144,12426,16801,16147,18184,918,735940753,1
2026-05-01T13:37:29.553,A1,1,4377,-58.6,-76.5,-17.9,170.52,96,17175,16370,16829,22271,1006,386652348,1
2026-05-01T13:37:29.644,A1,1,4378,-58.6,-77.3,-18.7,112.15,168,18655,18842,13751,24835,1062,494536758,1
2026-05-01T13:37:29.764,A1,1,4379,-59.1,-76.9,-17.9,126.82,136,16774,17248,16967,22692,1034,386855655,1
2026-05-01T13:37:29.882,A1,1,4380,-59.0,-76.6,-17.6,136.72,128,16770,17500,14729,20731,986,394929798,1
2026-05-01T13:37:30.002,A1,1,4381,-58.6,-76.4,-17.7,173.94,96,16517,16698,15232,20355,964,423542833,1
2026-05-01T13:37:30.093,A1,1,4382,-59.0,-76.9,-18.0,158.31,108,16978,17098,11162,18623,933,450912652,1
2026-05-01T13:37:30.212,A1,1,4383,-58.9,-76.2,-17.3,123.85,148,16753,18330,15223,21399,998,389824792,1
2026-05-01T13:37:30.303,A1,1,4384,-58.6,-76.6,-18.0,141.86,112,17275,15888,16018,21342,987,716286273,1
2026-05-01T13:37:30.423,A1,1,4385,-58.6,-77.6,-19.0,127.71,120,17519,15325,13000,20088,958,446515060,1
2026-05-01T13:37:30.513,A1,1,4386,-58.7,-76.2,-17.4,137.09,132,16867,18096,15130,21384,992,389544650,1
2026-05-01T13:37:30.633,A1,1,4387,-59.2,-76.3,-17.1,170.03,104,16344,17683,17426,21984,1021,427443590,1
2026-05-01T13:37:30.753,A1,1,4388,-59.3,-77.5,-18.2,153.69,108,16652,16599,11068,18090,930,598978894,1
2026-05-01T13:37:30.872,A1,1,4389,-58.9,-76.2,-17.3,170.7,96,13835,16387,15173,17365,899,406499522,1
2026-05-01T13:37:30.993,A1,1,4390,-59.0,-76.6,-17.6,171.07,100,14783,17107,13405,17752,911,387117000,1
2026-05-01T13:37:31.112,A1,1,4391,-59.1,-76.2,-17.1,136.4,124,14266,16914,15202,17966,919,414372438,1
2026-05-01T13:37:31.232,A1,1,4392,-59.2,-76.4,-17.2,172.45,104,17130,17935,13257,19818,971,420478088,1
2026-05-01T13:37:31.323,A1,1,4393,-58.9,-76.4,-17.4,143.33,120,12772,17200,16637,18735,934,762290725,1
2026-05-01T13:37:31.472,A1,1,4394,-59.3,-76.8,-17.4,124.01,140,16830,17362,13275,19363,963,677534233,1
2026-05-01T13:37:31.533,A1,1,4395,-58.6,-78.3,-19.6,147.93,112,16909,16568,9298,19167,936,388396657,1
2026-05-01T13:37:31.652,A1,1,4396,-58.7,-76.6,-17.9,119.36,140,15066,16711,13694,18225,915,408647859,1
2026-05-01T13:37:31.774,A1,1,4397,-58.8,-78.0,-19.2,159.25,104,17219,16562,9526,19045,938,493662299,1
2026-05-01T13:37:31.892,A1,1,4398,-59.0,-76.3,-17.3,154.76,112,14349,17333,14372,17979,917,414920078,1
2026-05-01T13:37:32.013,A1,1,4399,-59.3,-77.8,-18.5,103.9,148,17264,15377,12950,19233,959,469751547,1
2026-05-01T13:37:32.132,A1,1,4400,-59.2,-76.1,-17.0,173.53,96,13799,16659,15322,17296,906,408193305,1
2026-05-01T13:37:32.252,A1,1,4401,-59.3,-76.7,-17.4,175.4,100,15077,17540,13766,18345,937,452916039,1
2026-05-01T13:37:32.403,A1,1,4402,-59.5,-76.6,-17.2,128.44,136,14462,17468,14583,18168,937,436062679,1
2026-05-01T13:37:32.462,A1,1,4403,-58.9,-78.7,-19.7,156.47,100,16924,15647,9106,18317,924,427638436,1
2026-05-01T13:37:32.554,A1,1,4404,-58.9,-76.0,-17.1,119.71,148,16992,17717,13558,19547,952,450483791,1
2026-05-01T13:37:32.672,A1,1,4405,-58.9,-75.7,-16.8,173.17,100,15956,17317,13998,18234,922,720936647,1
2026-05-01T13:37:32.794,A1,1,4406,-58.9,-76.8,-17.9,123.33,136,15285,16773,13528,18309,924,756257537,1
2026-05-01T13:37:32.943,A1,1,4407,-59.1,-75.8,-16.7,186.6,96,17172,17914,13529,19337,955,392549356,1
2026-05-01T13:37:33.035,A1,1,4408,-58.7,-75.9,-17.2,181.0,96,16925,17376,12668,18808,928,487304222,1
2026-05-01T13:37:33.152,A1,1,4409,-58.9,-75.9,-17.0,150.9,120,15833,18108,16160,20749,982,482036290,1
2026-05-01T13:37:33.273,A1,1,4410,-59.4,-76.6,-17.2,145.41,124,17106,18031,13463,19997,981,416633019,1
2026-05-01T13:37:33.364,A1,1,4411,-59.1,-76.3,-17.2,138.77,120,13688,16653,15610,17762,915,436015781,1
2026-05-01T13:37:33.454,A1,1,4412,-59.1,-79.7,-20.5,170.28,104,15958,17709,9804,20930,995,401169759,1
2026-05-01T13:37:33.573,A1,1,4413,-58.7,-75.4,-16.7,158.03,108,15457,17067,16774,19595,949,416077692,1
2026-05-01T13:37:33.692,A1,1,4414,-59.2,-76.4,-17.2,159.47,100,16840,15947,14983,19148,953,468747902,1
2026-05-01T13:37:33.813,A1,1,4415,-58.9,-76.0,-17.0,123.47,148,16172,18274,16280,21268,996,420585043,1
2026-05-01T13:37:33.932,A1,1,4416,-59.1,-76.5,-17.4,121.66,148,17117,18005,13757,20433,983,421362853,1
2026-05-01T13:37:34.052,A1,1,4417,-58.8,-76.5,-17.7,133.06,128,16172,17032,17380,22075,1011,727709969,1
2026-05-01T13:37:34.143,A1,1,4418,-58.4,-76.2,-17.7,178.92,92,14976,16461,13979,17939,899,401944198,1
2026-05-01T13:37:34.293,A1,1,4419,-58.4,-76.6,-18.2,129.21,128,17270,16539,17455,23498,1028,754714701,1
2026-05-01T13:37:34.354,A1,1,4420,-58.5,-76.4,-17.9,114.64,152,16492,17426,16202,22008,999,483461055,1
2026-05-01T13:37:34.474,A1,1,4421,-58.5,-76.0,-17.6,167.38,104,14452,17408,14895,18818,922,769399154,1
2026-05-01T13:37:34.562,A1,1,4422,-58.4,-76.1,-17.7,133.74,140,18158,18723,15580,23974,1038,697665068,1
2026-05-01T13:37:34.652,A1,1,4423,-58.5,-76.1,-17.6,158.41,104,14489,16475,14631,17915,899,481474876,1
2026-05-01T13:37:34.773,A1,1,4424,-58.5,-75.7,-17.2,161.49,108,14224,17441,15862,19023,927,387064275,1
2026-05-01T13:37:34.862,A1,1,4425,-58.7,-76.0,-17.3,117.33,144,15383,16895,14413,18435,918,427271633,1
2026-05-01T13:37:34.982,A1,1,4426,-58.9,-76.3,-17.4,129.32,128,12917,16553,15549,17376,899,413532357,1
2026-05-01T13:37:35.102,A1,1,4427,-58.2,-76.0,-17.8,157.95,104,15129,16427,17046,20629,956,715600981,1
2026-05-01T13:37:35.222,A1,1,4428,-58.8,-78.3,-19.6,170.85,92,16916,15718,9803,18587,925,671690521,1
2026-05-01T13:37:35.314,A1,1,4429,-58.7,-76.2,-17.5,180.38,96,14682,17316,15153,18975,933,465000462,1
2026-05-01T13:37:43.442,A1,1,4430,-58.7,-76.1,-17.3,127.73,132,15871,16860,13602,18235,915,472298899,1
2026-05-01T13:37:43.533,A1,1,4431,-59.1,-76.5,-17.4,106.02,156,16975,16539,16750,21399,1005,559316341,1
2026-05-01T13:37:43.652,A1,1,4432,-59.2,-76.5,-17.3,168.63,104,16384,17538,16334,21211,1003,519887014,1
2026-05-01T13:37:43.773,A1,1,4433,-59.1,-76.3,-17.2,180.92,100,15975,18092,15099,20304,978,454152387,1
2026-05-01T13:37:43.864,A1,1,4434,-58.7,-78.6,-19.9,137.41,124,16548,17039,9829,19904,956,400652091,1
2026-05-01T13:37:44.011,A1,1,4435,-58.7,-75.6,-16.8,182.1,96,16456,17482,16908,21052,984,484812333,1
2026-05-01T13:37:44.103,A1,1,4436,-58.8,-77.1,-18.4,158.98,100,16855,15898,13255,19315,943,760004236,1
2026-05-01T13:37:44.254,A1,1,4437,-58.8,-76.2,-17.4,148.14,116,16315,17184,13392,18764,931,407520886,1
2026-05-01T13:37:44.312,A1,1,4438,-59.0,-76.4,-17.4,126.58,132,15722,16709,13699,18090,921,441061483,1
2026-05-01T13:37:44.433,A1,1,4439,-58.6,-76.0,-17.5,161.24,104,15930,16769,13154,18035,905,450388583,1
2026-05-01T13:37:44.552,A1,1,4440,-59.1,-76.2,-17.1,152.16,120,16937,18259,14767,20827,991,460962787,1
2026-05-01T13:37:44.643,A1,1,4441,-58.4,-75.9,-17.5,174.19,100,16882,17419,12580,19083,926,387270934,1
2026-05-01T13:37:44.800,A1,1,4442,-58.4,-78.5,-20.2,176.75,104,17937,18382,10967,23971,1036,427072910,1
2026-05-01T13:37:44.854,A1,1,4443,-59.1,-76.9,-17.8,104.56,160,17053,16730,17235,22675,1035,495772373,1
2026-05-01T13:37:44.944,A1,1,4444,-58.4,-75.7,-17.3,136.79,128,16714,17509,13278,19240,929,457404285,1
2026-05-01T13:37:45.091,A1,1,4445,-59.0,-76.8,-17.9,141.92,124,16695,17598,15080,21417,1000,708758799,1
2026-05-01T13:37:45.152,A1,1,4446,-59.7,-76.6,-16.9,180.32,92,16363,16589,13171,17577,929,402844636,1
2026-05-01T13:37:45.272,A1,1,4447,-58.1,-76.5,-18.3,119.84,148,17772,17736,16833,24710,1044,416628902,1
2026-05-01T13:37:45.392,A1,1,4448,-58.7,-76.8,-18.1,202.18,84,14686,16983,13393,18159,913,495911159,1
2026-05-01T13:37:45.483,A1,1,4449,-58.2,-76.1,-17.9,145.12,124,15207,17995,15991,21321,973,423315121,1
2026-05-01T13:37:45.602,A1,1,4450,-58.4,-76.7,-18.3,112.18,156,16476,17500,15726,22263,1001,409678511,1
2026-05-01T13:37:45.693,A1,1,4451,-58.8,-76.1,-17.2,133.34,140,17863,18668,15416,22737,1025,434093557,1
2026-05-01T13:37:45.814,A1,1,4452,-58.8,-76.3,-17.5,171.25,100,16751,17125,17136,22150,1011,400721455,1
2026-05-01T13:37:45.951,A1,1,4453,-58.7,-76.3,-17.6,145.5,124,16320,18042,14575,20670,973,714499196,1
2026-05-01T13:37:46.024,A1,1,4454,-59.0,-76.1,-17.1,165.14,104,13381,17175,15630,17860,916,676902594,1
2026-05-01T13:37:46.233,A1,1,4455,-58.5,-76.0,-17.5,172.05,96,15074,16517,14054,17880,898,418576048,1
2026-05-01T13:37:46.234,A1,1,4456,-59.1,-76.2,-17.1,141.33,116,17295,16394,17518,21728,1012,469126255,1
2026-05-01T13:37:46.354,A1,1,4457,-58.4,-75.8,-17.4,177.07,100,14338,17707,16260,19909,946,470626620,1
2026-05-01T13:37:46.473,A1,1,4458,-58.5,-76.0,-17.5,145.46,120,16711,17455,13412,19470,940,426009870,1
2026-05-01T13:37:46.591,A1,1,4459,-58.2,-78.3,-20.0,172.49,96,16869,16559,10096,20118,945,483309407,1
2026-05-01T13:37:46.713,A1,1,4460,-59.0,-76.5,-17.5,145.59,116,16600,16888,12438,18250,926,423412631,1
2026-05-01T13:37:46.833,A1,1,4461,-59.1,-75.8,-16.8,134.4,128,17125,17203,12668,18201,925,453320170,1
2026-05-01T13:37:46.984,A1,1,4462,-58.7,-79.3,-20.6,175.45,92,18239,16141,9363,21617,995,449668788,1
2026-05-01T13:37:47.044,A1,1,4463,-58.4,-76.3,-17.9,175.29,100,15586,17529,13751,19433,935,758570488,1
2026-05-01T13:37:47.194,A1,1,4464,-58.3,-76.9,-18.6,171.92,100,17016,17192,17276,24384,1044,424641462,1
2026-05-01T13:37:47.283,A1,1,4465,-58.6,-77.0,-18.4,181.58,92,14003,16705,14689,18757,924,395044920,1
2026-05-01T13:37:47.382,A1,1,4466,-58.3,-76.4,-18.1,191.82,92,16708,17647,16075,22608,1006,467011580,1
2026-05-01T13:37:47.463,A1,1,4467,-59.7,-78.0,-18.2,113.9,144,16964,16401,10061,17650,933,448982704,1
2026-05-01T13:37:47.584,A1,1,4468,-58.6,-76.6,-17.9,163.28,112,15611,18287,16009,21980,1002,406312639,1
2026-05-01T13:37:47.673,A1,1,4469,-58.5,-76.4,-17.9,138.66,128,17370,17748,12492,20328,958,444817315,1
2026-05-01T13:37:47.821,A1,1,4470,-59.1,-77.3,-18.2,180.51,92,16578,16607,11895,18511,934,705483502,1
2026-05-01T13:37:47.912,A1,1,4471,-58.9,-77.3,-18.4,184.11,96,15242,17675,13143,19493,953,459090601,1
2026-05-01T13:37:48.001,A1,1,4472,-58.1,-80.1,-21.9,154.84,96,17987,14865,8051,21144,966,577490639,1
2026-05-01T13:37:48.122,A1,1,4473,-59.1,-78.7,-19.6,167.38,88,17680,14729,9969,18604,936,588779439,1
2026-05-01T13:37:48.242,A1,1,4474,-58.5,-75.6,-17.1,143.02,120,16100,17162,13946,18605,918,395161980,1
2026-05-01T13:37:48.408,A1,1,4475,-58.9,-77.8,-18.9,143.41,116,17211,16635,9123,18497,928,447459903,1
2026-05-01T13:37:48.452,A1,1,4476,-58.4,-76.0,-17.6,148.62,116,16222,17240,13464,19071,926,440356920,1
2026-05-01T13:37:48.603,A1,1,4477,-59.0,-76.5,-17.4,116.69,144,14021,16803,15180,18027,920,433453719,1
2026-05-01T13:37:48.691,A1,1,4478,-58.5,-75.6,-17.1,193.42,88,15957,17021,13807,18258,910,403013828,1
2026-05-01T13:37:48.813,A1,1,4479,-59.2,-76.0,-16.8,181.23,92,13695,16673,15485,17146,902,441068299,1
2026-05-01T13:37:48.932,A1,1,4480,-59.1,-77.6,-18.5,132.17,136,16251,17975,12789,20561,983,722143772,1
2026-05-01T13:37:49.023,A1,1,4481,-58.6,-76.6,-18.0,163.58,108,17161,17667,12497,20127,959,402791590,1
2026-05-01T13:37:49.143,A1,1,4482,-59.2,-76.3,-17.1,148.69,108,16941,16059,16357,20226,979,488817014,1
2026-05-01T13:37:49.292,A1,1,4483,-59.1,-75.9,-16.8,172.73,100,16686,17273,14089,18869,944,429967269,1
2026-05-01T13:37:49.482,A1,1,4484,-58.8,-77.4,-18.7,168.23,100,17408,16823,9294,18616,926,453548839,1
2026-05-01T13:37:49.489,A1,1,4485,-58.8,-75.6,-16.8,152.6,108,14886,16481,14823,17308,895,650285926,1
2026-05-01T13:37:49.607,A1,1,4486,-58.5,-75.8,-17.3,140.58,128,15298,17994,16154,20683,967,749037373,1
2026-05-01T13:37:49.683,A1,1,4487,-58.4,-76.3,-17.9,144.42,124,17246,17908,13147,20747,966,747042916,1
2026-05-01T13:37:49.771,A1,1,4488,-58.5,-76.5,-18.0,117.85,152,16848,17913,13287,20652,968,430166200,1
2026-05-01T13:37:49.861,A1,1,4489,-58.5,-76.8,-18.3,180.8,92,11516,16634,16177,18172,906,748089564,1
2026-05-01T13:37:49.984,A1,1,4490,-58.6,-76.2,-17.6,131.83,136,16780,17929,15306,21489,991,462407118,1
2026-05-01T13:37:50.131,A1,1,4491,-58.6,-76.1,-17.5,118.88,152,16935,18069,16987,23096,1025,727460429,1
2026-05-01T13:37:50.191,A1,1,4492,-58.6,-75.9,-17.3,173.15,100,14878,17315,14660,18558,918,399497634,1
2026-05-01T13:37:50.341,A1,1,4493,-58.5,-76.6,-18.0,180.2,96,13136,17299,16121,19387,938,440602702,1
2026-05-01T13:37:50.462,A1,1,4494,-58.4,-76.7,-18.2,127.04,132,16370,16769,12688,19083,927,482910156,1
2026-05-01T13:37:50.552,A1,1,4495,-58.7,-76.9,-18.2,114.37,152,12663,17384,16516,19691,950,457142995,1
2026-05-01T13:37:50.643,A1,1,4496,-67.6,-76.4,-8.8,175.03,100,16751,17503,13468,10743,956,402293592,1
2026-05-01T13:37:50.734,A1,1,4497,-58.8,-76.9,-18.0,119.07,148,16479,17623,16367,22520,1021,448034015,1
2026-05-01T13:37:50.851,A1,1,4498,-58.5,-76.0,-17.5,173.48,104,16654,18042,16038,22044,997,712291202,1
2026-05-01T13:37:50.972,A1,1,4499,-58.5,-77.9,-19.4,109.73,140,17618,15362,12460,20454,963,432787015,1
2026-05-01T13:37:51.063,A1,1,4500,-58.2,-77.1,-18.9,180.65,92,16686,16620,11055,19092,920,410293862,1
2026-05-01T13:37:51.184,A1,1,4501,-58.3,-75.9,-17.6,180.41,100,15871,18041,15736,21202,974,444178456,1
2026-05-01T13:37:51.301,A1,1,4502,-58.4,-76.4,-18.1,185.29,100,16643,18529,15889,23225,1020,526436571,1
2026-05-01T13:37:51.422,A1,1,4503,-58.3,-76.2,-18.0,121.66,148,15464,18006,16079,21671,982,398370289,1
2026-05-01T13:37:51.513,A1,1,4504,-58.2,-77.4,-19.2,196.33,88,15016,17277,12411,19492,928,494521301,1
2026-05-01T13:37:51.634,A1,1,4505,-58.7,-78.0,-19.3,133.56,116,17201,15493,11428,19256,941,388766679,1
2026-05-01T13:37:51.754,A1,1,4506,-58.9,-79.7,-20.9,169.72,88,17527,14935,8859,19607,954,435626654,1
2026-05-01T13:37:51.871,A1,1,4507,-58.6,-75.7,-17.1,193.55,88,15126,17032,14684,18287,913,425526406,1
2026-05-01T13:37:51.992,A1,1,4508,-58.3,-75.8,-17.5,188.84,92,17164,17373,12378,19157,925,395542404,1
2026-05-01T13:37:52.111,A1,1,4509,-58.5,-76.4,-17.9,129.51,136,17337,17614,11954,19856,948,751360216,1
2026-05-01T13:37:52.202,A1,1,4510,-58.6,-75.3,-16.6,179.27,100,16598,17927,16562,20940,978,445625220,1
2026-05-01T13:37:52.323,A1,1,4511,-59.4,-76.8,-17.4,198.78,88,15022,17493,13624,18260,936,387186942,1
2026-05-01T13:37:52.441,A1,1,4512,-59.3,-78.8,-19.5,180.45,84,16964,15158,8420,17240,909,440935528,1
2026-05-01T13:37:52.562,A1,1,4513,-59.3,-76.7,-17.3,184.48,92,15092,16972,13172,17418,914,470064710,1
2026-05-01T13:37:52.651,A1,1,4514,-58.8,-75.9,-17.0,129.93,140,16383,18190,15813,21014,986,434787263,1
2026-05-01T13:37:52.744,A1,1,4515,-58.9,-75.6,-16.8,187.57,88,14174,16506,15190,17095,891,490212177,1
2026-05-01T13:37:52.861,A1,1,4516,-59.2,-76.5,-17.2,129.58,128,13354,16586,15827,17657,917,487287897,1
2026-05-01T13:37:52.982,A1,1,4517,-59.1,-76.2,-17.1,161.91,104,17225,16839,17526,22015,1019,450349639,1
2026-05-01T13:37:53.102,A1,1,4518,-59.0,-76.0,-16.9,164.81,100,13876,16481,15443,17284,901,403157388,1
2026-05-01T13:37:53.191,A1,1,4519,-58.8,-78.8,-20.0,163.74,92,17733,15064,10237,19620,951,430315320,1
2026-05-01T13:37:53.281,A1,1,4520,-58.6,-76.2,-17.6,117.73,156,16216,18366,16561,22438,1011,446024333,1
2026-05-01T13:37:53.403,A1,1,4521,-58.6,-78.4,-19.8,125.42,132,16939,16556,9363,19435,940,450874418,1
2026-05-01T13:37:53.522,A1,1,4522,-68.5,-76.5,-8.0,152.26,104,17098,15835,15970,10586,977,388738188,1
2026-05-01T13:37:53.612,A1,1,4523,-59.1,-75.4,-16.3,197.15,84,13632,16561,15849,16711,889,448292817,1
2026-05-01T13:37:53.733,A1,1,4524,-59.3,-76.9,-17.6,187.5,84,16851,15750,12603,17818,922,456375368,1
2026-05-01T13:37:53.821,A1,1,4525,-58.5,-76.3,-17.7,171.12,104,17089,17797,13015,20204,957,649910451,1
2026-05-01T13:37:53.941,A1,1,4526,-59.0,-76.2,-17.1,138.63,124,16757,17190,17253,21800,1011,444143075,1
2026-05-01T13:37:54.061,A1,1,4527,-58.8,-75.9,-17.1,194.82,92,17157,17923,13520,19842,958,468471355,1
2026-05-01T13:37:54.151,A1,1,4528,-58.7,-76.0,-17.3,191.2,88,16096,16826,13053,17990,907,419134134,1
2026-05-01T13:37:54.273,A1,1,4529,-83.6,-75.5,8.2,182.84,92,15607,16821,14397,3184,904,389349421,1
2026-05-01T13:37:54.391,A1,1,4530,-58.6,-75.9,-17.4,173.38,96,14521,16644,15309,18312,912,462729969,1
2026-05-01T13:37:54.541,A1,1,4531,-59.3,-76.5,-17.1,112.71,148,17016,16681,17431,21722,1020,421878879,1
2026-05-01T13:37:54.602,A1,1,4532,-59.0,-76.2,-17.2,126.62,136,13246,17220,16241,18385,928,439015239,1
2026-05-01T13:37:54.721,A1,1,4533,-59.0,-78.0,-19.0,174.58,88,17085,15363,10417,18050,920,445538664,1
2026-05-01T13:37:54.813,A1,1,4534,-58.7,-76.8,-18.1,178.42,92,16345,16415,11645,17920,906,752067996,1
2026-05-01T13:37:54.933,A1,1,4535,-58.5,-79.4,-20.9,117.36,128,17437,15022,8420,19358,937,735173593,1
2026-05-01T13:37:55.022,A1,1,4536,-58.8,-75.8,-17.0,182.5,96,16572,17520,15949,20659,977,399383945,1
2026-05-01T13:37:55.142,A1,1,4537,-58.9,-75.5,-16.6,189.84,92,14256,17465,16056,18433,925,487444940,1
2026-05-01T13:37:55.264,A1,1,4538,-58.7,-75.5,-16.8,141.77,116,15181,16445,14469,17272,891,488175603,1
2026-05-01T13:37:55.384,A1,1,4539,-58.6,-75.6,-17.0,149.83,116,16499,17380,13798,18842,928,412572746,1
2026-05-01T13:37:55.547,A1,1,4540,-58.9,-76.0,-17.2,121.12,136,16452,16472,17619,21266,994,487937523,1
2026-05-01T13:37:55.591,A1,1,4541,-58.9,-76.8,-17.9,145.49,116,15370,16877,12489,17827,911,769282928,1
2026-05-01T13:37:55.704,A1,1,4542,-58.6,-78.2,-19.6,195.78,92,16667,18012,11050,21401,988,447083488,1
2026-05-01T13:37:55.801,A1,1,4543,-58.9,-75.4,-16.5,143.48,124,16071,17791,16501,20196,970,433073629,1
2026-05-01T13:37:55.925,A1,1,4544,-58.9,-75.8,-17.0,189.82,88,15032,16704,14754,17800,909,439650386,1
2026-05-01T13:37:56.042,A1,1,4545,-58.9,-75.9,-17.0,133.68,124,14965,16576,14953,17789,910,431967109,1
2026-05-01T13:37:56.162,A1,1,4546,-59.0,-76.8,-17.8,184.47,92,15314,16971,12898,17928,917,716144954,1
2026-05-01T13:37:56.251,A1,1,4547,-59.1,-76.5,-17.4,139.63,120,16339,16756,12212,17683,912,706295654,1
2026-05-01T13:37:56.343,A1,1,4548,-59.1,-76.2,-17.1,128.98,132,14787,17025,14177,17599,912,765225941,1
2026-05-01T13:37:56.510,A1,1,4549,-59.3,-76.5,-17.2,110.85,152,16886,16849,18020,22435,1036,474096756,1
2026-05-01T13:37:56.551,A1,1,4550,-58.8,-76.5,-17.6,129.04,128,15935,16517,12986,17951,912,461774813,1
2026-05-01T13:37:56.672,A1,1,4551,-59.0,-77.8,-18.8,199.3,88,15175,17538,11876,19024,944,724328176,1
2026-05-01T13:37:56.791,A1,1,4552,-59.2,-77.1,-17.9,171.04,92,16917,15736,13013,18431,937,743344818,1
2026-05-01T13:37:56.912,A1,1,4553,-58.9,-75.6,-16.7,132.56,132,15353,17498,16472,19656,955,764811977,1
2026-05-01T13:37:57.002,A1,1,4554,-59.2,-76.6,-17.4,133.67,128,14120,17110,14558,17880,922,768237328,1
2026-05-01T13:37:57.092,A1,1,4555,-58.6,-75.7,-17.1,171.3,100,16331,17130,13152,18268,911,695779573,1
2026-05-01T13:37:57.182,A1,1,4556,-58.9,-77.5,-18.6,120.76,140,16932,16907,10976,19096,944,399917380,1
2026-05-01T13:37:57.302,A1,1,4557,-58.8,-76.9,-18.1,123.06,136,15406,16736,12967,18245,918,428323068,1
2026-05-01T13:37:57.424,A1,1,4558,-58.4,-76.1,-17.7,139.19,128,17465,17816,12796,20412,958,410838621,1
2026-05-01T13:37:57.542,A1,1,4559,-58.5,-77.1,-18.6,147.3,116,15343,17087,12563,18888,923,443492143,1
2026-05-01T13:37:57.631,A1,1,4560,-58.5,-77.0,-18.5,136.55,124,15437,16932,12788,18900,924,460738826,1
2026-05-01T13:37:57.752,A1,1,4561,-58.7,-76.9,-18.2,121.89,148,16117,18039,14214,21094,983,426492984,1
2026-05-01T13:37:57.872,A1,1,4562,-57.8,-77.0,-19.2,165.59,112,17612,18546,14140,24483,1029,772742772,1
2026-05-01T13:37:57.963,A1,1,4563,-58.2,-76.4,-18.2,165.04,100,17509,16504,15568,22054,987,466760732,1
2026-05-01T13:37:58.052,A1,1,4564,-58.8,-76.1,-17.4,173.1,104,15935,18002,14986,20319,968,421692504,1
2026-05-01T13:37:58.172,A1,1,4565,-58.6,-75.2,-16.6,175.88,100,14535,17588,17006,19473,941,446754958,1
2026-05-01T13:37:58.292,A1,1,4566,-58.9,-78.6,-19.7,188.26,92,15531,17320,10523,19347,950,411378535,1
2026-05-01T13:37:58.443,A1,1,4567,-58.7,-76.7,-18.0,182.5,92,13385,16790,15510,18544,922,472379693,1
2026-05-01T13:37:58.534,A1,1,4568,-58.9,-76.1,-17.2,134.74,120,17197,16169,16710,20882,987,483313724,1
2026-05-01T13:37:58.657,A1,1,4569,-58.5,-78.0,-19.5,184.04,92,14888,16932,12325,19430,936,400409014,1
2026-05-01T13:37:58.742,A1,1,4570,-59.0,-77.7,-18.7,134.49,128,17112,17215,15795,23278,1044,463721629,1
2026-05-01T13:37:58.832,A1,1,4571,-58.8,-76.2,-17.4,131.6,128,14658,16845,14653,18158,916,707168210,1
2026-05-01T13:37:58.984,A1,1,4572,-58.9,-77.1,-18.2,169.41,108,15883,18296,14451,21366,996,422919910,1
2026-05-01T13:37:59.120,A1,1,4573,-58.5,-76.8,-18.3,164.35,104,16812,17092,12172,19517,941,442929422,1
2026-05-01T13:37:59.161,A1,1,4574,-59.4,-78.0,-18.5,157.6,104,14783,16390,16719,21050,1008,459309262,1
2026-05-01T13:37:59.252,A1,1,4575,-58.6,-77.7,-19.1,174.9,96,16883,16790,10255,19188,934,493644648,1
2026-05-01T13:37:59.372,A1,1,4576,-58.9,-76.5,-17.6,187.82,96,17399,18031,13242,20665,981,475292732,1
2026-05-01T13:37:59.493,A1,1,4577,-59.1,-76.9,-17.7,138.29,128,15950,17701,13083,19173,952,384740977,1
2026-05-01T13:37:59.613,A1,1,4578,-59.2,-76.5,-17.4,117.82,128,17391,15081,14679,18910,946,411480837,1
2026-05-01T13:37:59.702,A1,1,4579,-58.8,-77.3,-18.5,114.49,156,17297,17860,15508,23553,1042,611740334,1
2026-05-01T13:37:59.821,A1,1,4580,-59.6,-76.5,-17.0,177.71,92,17974,16349,13876,19271,969,399224508,1
2026-05-01T13:37:59.942,A1,1,4581,-58.0,-79.2,-21.2,111.05,132,17907,14658,9463,20556,948,724592524,1
2026-05-01T13:38:00.032,A1,1,4582,-59.3,-78.8,-19.4,186.13,92,16303,17124,9642,19013,955,486636832,1
2026-05-01T13:38:00.122,A1,1,4583,-58.5,-78.7,-20.2,172.92,100,16271,17292,9974,20356,961,446862884,1
2026-05-01T13:38:00.242,A1,1,4584,-59.6,-79.6,-20.0,184.78,100,18070,18478,10568,23737,1076,424598858,1
2026-05-01T13:38:00.361,A1,1,4585,-58.9,-76.1,-17.2,158.38,112,17116,17738,13025,19462,952,487104065,1
2026-05-01T13:38:00.452,A1,1,4586,-59.5,-76.7,-17.1,162.18,104,16656,16867,17996,22082,1036,439204635,1
2026-05-01T13:38:00.603,A1,1,4587,-59.8,-77.4,-17.6,148.8,108,16869,16070,13401,18560,960,433249908,1
2026-05-01T13:38:00.694,A1,1,4588,-59.5,-78.0,-18.6,124.71,136,16053,16960,10932,18323,941,419295468,1
2026-05-01T13:38:00.811,A1,1,4589,-59.7,-76.6,-16.9,138.53,128,17202,17732,12999,19127,968,440878652,1
2026-05-01T13:38:00.901,A1,1,4590,-58.1,-74.3,-16.2,187.21,92,17097,17223,14367,18582,904,447913986,1
2026-05-01T13:38:01.053,A1,1,4591,-58.8,-74.8,-16.0,188.66,88,15538,16602,15356,17289,895,742334356,1
2026-05-01T13:38:01.112,A1,1,4592,-58.6,-76.6,-18.0,191.43,88,16332,16846,11891,18241,912,397849587,1
2026-05-01T13:38:01.204,A1,1,4593,-58.8,-75.0,-16.2,181.93,96,18003,17465,16594,21115,989,594872199,1
2026-05-01T13:38:01.322,A1,1,4594,-58.7,-77.3,-18.6,122.14,144,17381,17588,11044,20238,963,461643802,1
2026-05-01T13:38:01.412,A1,1,4595,-58.7,-76.4,-17.7,127.51,136,16593,17341,13968,20042,958,434215808,1
2026-05-01T13:38:01.533,A1,1,4596,-58.6,-76.1,-17.5,143.53,120,14019,17224,15325,18563,920,413381509,1
2026-05-01T13:38:01.654,A1,1,4597,-58.7,-76.4,-17.8,167.49,100,15095,16749,13810,18215,913,420249603,1
2026-05-01T13:38:01.773,A1,1,4598,-58.7,-77.1,-18.4,178.42,100,16278,17842,18167,24887,1067,735937889,1
2026-05-01T13:38:01.891,A1,1,4599,-58.8,-77.1,-18.3,144.55,128,16814,18502,14462,22537,1021,443297928,1
2026-05-01T13:38:01.983,A1,1,4600,-59.0,-79.8,-20.8,164.91,100,18452,16491,9028,22298,1021,769527657,1
2026-05-01T13:38:02.071,A1,1,4601,-59.0,-77.8,-18.8,172.86,96,16456,16595,10371,18220,925,430682337,1
2026-05-01T13:38:02.222,A1,1,4602,-59.0,-76.5,-17.5,180.24,100,16528,18024,13901,20160,973,460197852,1
2026-05-01T13:38:02.312,A1,1,4603,-59.2,-77.1,-17.9,141.04,120,15392,16925,12869,18064,927,403951722,1
2026-05-01T13:38:02.462,A1,1,4604,-58.9,-76.4,-17.6,164.01,112,17069,18369,14609,21660,1002,463518000,1
2026-05-01T13:38:02.552,A1,1,4605,-59.0,-75.6,-16.6,163.6,108,17822,17669,17069,22133,1019,490170825,1
2026-05-01T13:38:02.674,A1,1,4606,-58.9,-78.0,-19.1,138.51,132,18737,18283,12216,23855,1053,436524831,1
2026-05-01T13:38:02.793,A1,1,4607,-59.0,-75.8,-16.7,126.3,132,15808,16671,13832,17429,905,732939733,1
2026-05-01T13:38:02.882,A1,1,4608,-58.5,-78.4,-19.9,195.25,88,16206,17182,10165,19904,950,500707270,1
2026-05-01T13:38:03.001,A1,1,4609,-58.8,-76.6,-17.7,181.55,96,16832,17429,13458,19950,961,416549083,1
2026-05-01T13:38:03.091,A1,1,4610,-58.5,-76.9,-18.4,165.32,100,17315,16532,17077,23481,1030,431674875,1
2026-05-01T13:38:03.212,A1,1,4611,-59.0,-76.7,-17.7,180.44,100,16425,18044,14094,20511,980,417892950,1
2026-05-01T13:38:03.333,A1,1,4612,-58.6,-76.3,-17.7,126.73,148,16999,18756,16758,23856,1042,466989838,1
2026-05-01T13:38:03.422,A1,1,4613,-59.0,-79.5,-20.5,106.36,144,18025,15316,9382,20385,978,397431416,1
2026-05-01T13:38:03.571,A1,1,4614,-58.6,-77.7,-19.0,132.3,128,18366,16934,11892,21746,997,477997298,1
2026-05-01T13:38:03.714,A1,1,4615,-58.6,-76.1,-17.5,159.66,112,17227,17882,17372,23499,1034,403508602,1
2026-05-01T13:38:03.782,A1,1,4616,-58.5,-75.5,-17.0,185.95,88,15093,16364,14645,17570,891,399521221,1
2026-05-01T13:38:03.901,A1,1,4617,-59.0,-75.4,-16.4,182.58,92,14542,16797,15309,17206,898,395982201,1
2026-05-01T13:38:03.991,A1,1,4618,-58.7,-76.3,-17.6,121.07,152,16574,18402,15439,21910,1004,450903838,1
2026-05-01T13:38:04.112,A1,1,4619,-58.4,-76.7,-18.3,117.44,148,17419,17381,11627,19997,948,447918927,1
2026-05-01T13:38:04.233,A1,1,4620,-59.2,-76.8,-17.6,179.84,100,18538,17984,13742,22067,1024,486943938,1
2026-05-01T13:38:04.323,A1,1,4621,-59.1,-75.5,-16.3,181.01,100,16609,18101,15315,19768,966,492305386,1
2026-05-01T13:38:04.442,A1,1,4622,-58.8,-75.5,-16.7,174.77,92,16544,16079,15718,18828,933,452089157,1
2026-05-01T13:38:04.531,A1,1,4623,-58.6,-77.7,-19.1,190.31,88,18106,16747,11601,21133,982,446951721,1
2026-05-01T13:38:04.651,A1,1,4624,-58.3,-76.0,-17.7,164.93,112,18484,18472,15134,23613,1026,445852105,1
2026-05-01T13:38:04.743,A1,1,4625,-58.7,-78.0,-19.3,124.41,140,14855,17418,12300,19577,946,406833371,1
2026-05-01T13:38:04.862,A1,1,4626,-58.8,-76.9,-18.1,129.55,132,14634,17100,13684,18464,923,464431383,1
2026-05-01T13:38:04.981,A1,1,4627,-58.7,-75.0,-16.3,181.7,96,16787,17443,14110,18502,921,733103623,1
2026-05-01T13:38:05.102,A1,1,4628,-58.6,-79.0,-20.4,170.53,96,17565,16371,8965,20473,965,420768456,1
2026-05-01T13:38:05.222,A1,1,4629,-58.7,-78.9,-20.2,186.51,88,17412,16413,9348,20314,964,434565659,1
2026-05-01T13:38:05.312,A1,1,4630,-58.4,-76.1,-17.7,191.38,88,15047,16841,14501,18667,915,639630479,1
2026-05-01T13:38:05.433,A1,1,4631,-58.5,-76.7,-18.2,140.0,132,17855,18480,13925,22882,1018,750673730,1
2026-05-01T13:38:05.521,A1,1,4632,-58.4,-76.0,-17.6,179.03,100,17550,17903,13382,20809,966,429367788,1
2026-05-01T13:38:05.611,A1,1,4633,-58.4,-78.8,-20.4,166.11,108,16641,17940,10525,22142,998,511286677,1
2026-05-01T13:38:05.732,A1,1,4634,-58.3,-76.2,-17.9,191.6,88,15647,16861,13290,18497,909,579971966,1
2026-05-01T13:38:05.823,A1,1,4635,-58.8,-76.8,-18.1,187.59,88,15874,16508,12071,17798,906,443948086,1
2026-05-01T13:38:05.943,A1,1,4636,-59.0,-76.8,-17.8,180.52,96,14264,17330,14210,18404,928,449612797,1
2026-05-01T13:38:06.061,A1,1,4637,-59.0,-75.8,-16.8,141.72,132,18058,18707,16567,23135,1040,444706269,1
2026-05-01T13:38:06.181,A1,1,4638,-58.6,-76.7,-18.2,193.1,88,16327,16993,12397,18974,929,729971302,1
2026-05-01T13:38:06.272,A1,1,4639,-58.4,-75.7,-17.4,171.35,100,17588,17135,15940,21703,986,437622893,1
2026-05-01T13:38:06.363,A1,1,4640,-58.0,-79.1,-21.1,156.59,112,18201,17538,9703,24011,1026,768110032,1
2026-05-01T13:38:06.483,A1,1,4641,-58.4,-76.2,-17.8,173.96,104,16782,18092,14437,21281,979,443633488,1
2026-05-01T13:38:06.571,A1,1,4642,-58.2,-77.1,-18.9,109.26,148,16570,16171,16086,22392,996,397010616,1
2026-05-01T13:38:06.691,A1,1,4643,-58.6,-75.9,-17.3,132.06,132,15709,17432,16515,20725,972,398986491,1
2026-05-01T13:38:06.813,A1,1,4644,-58.6,-77.2,-18.6,172.34,96,16164,16545,11085,18078,908,488365335,1
2026-05-01T13:38:06.903,A1,1,4645,-59.0,-78.5,-19.6,127.08,132,17517,16775,9198,19855,963,400517576,1
2026-05-01T13:38:07.023,A1,1,4646,-58.8,-75.7,-17.0,191.88,92,17194,17653,14952,20446,971,397732170,1
2026-05-01T13:38:07.171,A1,1,4647,-59.1,-76.5,-17.3,208.71,80,13768,16697,15601,17971,922,416829620,1
2026-05-01T13:38:07.231,A1,1,4648,-58.5,-75.4,-16.9,177.47,100,17138,17747,13498,19383,937,401485233,1
2026-05-01T13:38:07.353,A1,1,4649,-59.8,-78.6,-18.9,120.02,132,16677,15843,9430,17377,926,766440732,1
2026-05-01T13:38:07.472,A1,1,4650,-58.8,-75.6,-16.7,194.28,88,15233,17097,14781,18000,913,478414375,1
2026-05-01T13:38:07.593,A1,1,4651,-58.7,-75.6,-16.9,187.37,92,16194,17238,13747,18354,917,475454338,1
2026-05-01T13:38:07.712,A1,1,4652,-59.2,-79.1,-19.9,155.14,116,16693,17996,10435,21449,1008,475676964,1
2026-05-01T13:38:07.834,A1,1,4653,-58.7,-75.8,-17.1,180.44,104,18150,18766,16206,23550,1039,407382016,1
2026-05-01T13:38:07.953,A1,1,4654,-58.7,-76.4,-17.7,176.32,104,17349,18337,14738,22114,1007,444052604,1
2026-05-01T13:38:08.043,A1,1,4655,-58.7,-75.4,-16.6,157.9,112,17265,17685,17100,21760,1000,428767682,1
2026-05-01T13:38:08.191,A1,1,4656,-59.1,-76.3,-17.2,144.63,112,17339,16199,15065,19791,967,573489546,1
2026-05-01T13:38:08.286,A1,1,4657,-58.7,-75.4,-16.7,127.18,136,15685,17296,16665,19904,955,485700550,1
2026-05-01T13:38:08.342,A1,1,4658,-58.6,-76.5,-17.9,182.62,96,15357,17532,13742,19186,936,446026503,1
2026-05-01T13:38:08.432,A1,1,4659,-58.7,-76.6,-17.9,152.19,116,15705,17654,14286,20027,957,447909138,1
2026-05-01T13:38:08.553,A1,1,4660,-58.7,-76.7,-18.0,106.45,152,16591,16180,17254,22086,1006,507089991,1
2026-05-01T13:38:08.672,A1,1,4661,-58.7,-77.4,-18.7,195.73,88,14598,17224,12708,18641,925,752401583,1
2026-05-01T13:38:08.761,A1,1,4662,-58.5,-76.1,-17.6,181.25,96,17045,17400,13030,19604,941,445752815,1
2026-05-01T13:38:08.892,A1,1,4663,-58.2,-76.3,-18.1,166.37,100,15294,16637,13418,18382,904,751586953,1
2026-05-01T13:38:08.975,A1,1,4664,-58.5,-77.1,-18.6,114.42,144,15438,16477,12856,18651,917,487457732,1
2026-05-01T13:38:09.063,A1,1,4665,-58.6,-76.2,-17.6,154.48,104,16856,16066,17082,21512,989,446185879,1
2026-05-01T13:38:09.152,A1,1,4666,-58.4,-76.1,-17.6,152.94,108,17627,16517,15069,20897,970,444901842,1
2026-05-01T13:38:09.271,A1,1,4667,-58.8,-76.6,-17.8,131.15,136,15805,17837,14337,20178,965,722531898,1
2026-05-01T13:38:09.422,A1,1,4668,-58.6,-76.1,-17.5,164.81,100,16414,16481,15837,20293,960,492231509,1
2026-05-01T13:38:09.513,A1,1,4669,-58.8,-76.6,-17.7,129.73,128,13312,16605,15962,18353,922,402335340,1
2026-05-01T13:38:09.633,A1,1,4670,-58.6,-77.1,-18.5,158.58,100,16929,15858,13765,19872,953,428631727,1
2026-05-01T13:38:09.721,A1,1,4671,-58.8,-78.1,-19.3,182.49,88,16405,16059,9199,17698,904,427203633,1
2026-05-01T13:38:09.842,A1,1,4672,-58.9,-76.4,-17.4,134.34,124,14114,16658,15206,18015,916,742723663,1
2026-05-01T13:38:09.963,A1,1,4673,-58.6,-76.4,-17.8,165.24,100,16493,16524,12726,18450,916,447236982,1
2026-05-01T13:38:10.082,A1,1,4674,-58.8,-76.2,-17.5,178.39,92,15556,16412,13334,17571,900,471346177,1
2026-05-01T13:38:10.172,A1,1,4675,-58.7,-76.8,-18.2,152.39,112,15600,17068,17552,22536,1016,424692444,1
2026-05-01T13:38:18.271,A1,1,4676,-59.0,-76.2,-17.2,130.21,140,17617,18230,17174,23517,1050,436471918,1
2026-05-01T13:38:18.393,A1,1,4677,-58.6,-76.9,-18.3,165.34,104,18174,17195,13092,21486,990,453711674,1
2026-05-01T13:38:18.544,A1,1,4678,-58.0,-76.8,-18.8,149.65,116,13038,17359,15460,19858,933,481801567,1
2026-05-01T13:38:18.664,A1,1,4679,-59.0,-75.5,-16.5,142.27,116,16006,16503,14061,17288,901,409900071,1
2026-05-01T13:38:18.752,A1,1,4680,-57.9,-76.6,-18.7,149.17,120,15076,17900,16774,23081,1000,491119475,1
2026-05-01T13:38:18.871,A1,1,4681,-58.1,-76.6,-18.4,133.78,140,16954,18729,16490,24798,1046,478047243,1
2026-05-01T13:38:18.963,A1,1,4682,-58.5,-76.4,-17.9,116.58,156,16909,18186,14765,21862,996,456084760,1
2026-05-01T13:38:19.082,A1,1,4683,-58.7,-75.9,-17.2,167.27,100,15130,16727,14037,17617,899,395564471,1
2026-05-01T13:38:19.201,A1,1,4684,-59.0,-76.1,-17.1,175.99,96,14222,16895,14855,17580,908,464717284,1
2026-05-01T13:38:19.322,A1,1,4685,-59.4,-76.5,-17.1,119.67,140,16575,16754,15167,19573,971,717482449,1
2026-05-01T13:38:19.414,A1,1,4686,-58.8,-75.7,-16.9,168.2,104,16477,17493,14059,18970,936,490089312,1
2026-05-01T13:38:19.533,A1,1,4687,-59.1,-77.5,-18.5,180.55,92,16994,16611,9303,17809,915,421754616,1
2026-05-01T13:38:19.652,A1,1,4688,-58.9,-75.8,-16.8,167.85,104,14050,17456,16126,18601,931,440206597,1
2026-05-01T13:38:19.742,A1,1,4689,-58.3,-76.3,-18.0,144.76,128,18391,18529,16157,24936,1055,460384783,1
2026-05-01T13:38:19.832,A1,1,4690,-59.0,-76.5,-17.5,165.14,100,12521,16514,16018,17497,905,573464330,1
2026-05-01T13:38:19.951,A1,1,4691,-59.3,-78.0,-18.7,144.04,104,17260,14980,12677,18944,953,645520068,1
2026-05-01T13:38:20.043,A1,1,4692,-58.2,-77.2,-19.0,164.4,104,17191,17098,11124,20148,946,397573012,1
2026-05-01T13:38:20.162,A1,1,4693,-58.4,-76.7,-18.2,183.29,100,18431,18329,14107,23528,1029,444228235,1
2026-05-01T13:38:20.282,A1,1,4694,-58.8,-76.8,-18.0,154.06,104,17202,16022,15966,21375,993,419854632,1
2026-05-01T13:38:20.372,A1,1,4695,-58.6,-76.2,-17.6,115.73,156,17259,18054,17128,23537,1036,457139312,1
2026-05-01T13:38:20.493,A1,1,4696,-59.0,-76.8,-17.8,181.21,92,12842,16671,15547,17834,915,462849745,1
2026-05-01T13:38:20.613,A1,1,4697,-58.7,-76.4,-17.8,159.93,104,14674,16633,16901,20231,962,417518203,1
2026-05-01T13:38:20.731,A1,1,4698,-58.8,-76.3,-17.5,167.85,100,13825,16785,15035,17886,909,399678590,1
2026-05-01T13:38:20.883,A1,1,4699,-58.9,-76.1,-17.2,182.08,92,14401,16751,15393,18186,920,399557705,1
2026-05-01T13:38:21.032,A1,1,4700,-58.8,-75.4,-16.5,188.49,92,16078,17341,14522,18393,923,438149617,1
2026-05-01T13:38:21.063,A1,1,4701,-59.1,-77.0,-17.9,173.41,100,14821,17341,13840,18745,939,471103113,1
2026-05-01T13:38:21.182,A1,1,4702,-59.3,-75.8,-16.4,192.13,92,17294,17676,13307,18721,947,487947667,1
2026-05-01T13:38:21.342,A1,1,4703,-59.6,-76.6,-17.0,176.08,96,16995,16904,11062,17169,915,466859517,1
2026-05-01T13:38:21.391,A1,1,4704,-58.2,-75.3,-17.0,155.5,100,17177,15550,15680,19343,927,415613727,1
2026-05-01T13:38:21.542,A1,1,4705,-59.8,-76.0,-16.2,174.17,100,17270,17417,12159,17497,931,720878026,1
2026-05-01T13:38:21.631,A1,1,4706,-59.4,-76.4,-17.0,134.83,128,14178,17258,14846,17803,925,742812530,1
2026-05-01T13:38:21.751,A1,1,4707,-59.2,-78.6,-19.5,177.53,96,16541,17043,9878,19355,958,742392379,1
2026-05-01T13:38:21.842,A1,1,4708,-59.5,-76.5,-17.1,152.34,104,16989,15843,15891,19655,975,438023802,1
2026-05-01T13:38:21.961,A1,1,4709,-59.3,-76.4,-17.1,152.54,108,16839,16474,15314,19629,970,395961249,1
2026-05-01T13:38:22.052,A1,1,4710,-59.1,-75.5,-16.5,198.07,92,17119,18222,16843,21660,1009,398400874,1
2026-05-01T13:38:22.173,A1,1,4711,-58.8,-76.3,-17.5,160.69,104,17687,16712,15913,21637,1000,490398933,1
2026-05-01T13:38:22.292,A1,1,4712,-58.8,-75.7,-16.9,194.46,92,15663,17890,15840,19959,961,414152439,1
2026-05-01T13:38:22.411,A1,1,4713,-59.1,-76.6,-17.6,171.17,100,16221,17117,18030,22606,1032,405421669,1
2026-05-01T13:38:22.503,A1,1,4714,-59.0,-76.2,-17.1,178.55,92,14310,16427,15084,17513,907,508051488,1
2026-05-01T13:38:22.623,A1,1,4715,-58.9,-76.3,-17.4,182.71,92,13259,16809,15400,17641,906,767001429,1
2026-05-01T13:38:22.713,A1,1,4716,-58.5,-77.2,-18.8,170.12,100,17309,17012,10111,19290,933,490327828,1
2026-05-01T13:38:22.801,A1,1,4717,-59.1,-76.3,-17.2,178.67,92,13348,16438,15522,17255,902,573124925,1
2026-05-01T13:38:22.922,A1,1,4718,-59.0,-77.9,-18.9,173.18,96,16983,16625,9341,18320,926,415857040,1
2026-05-01T13:38:23.078,A1,1,4719,-59.2,-79.3,-20.1,173.81,104,16619,18076,10552,21848,1017,441643163,1
2026-05-01T13:38:23.163,A1,1,4720,-58.5,-76.9,-18.4,182.41,100,16803,18241,13931,22026,998,445730971,1
2026-05-01T13:38:23.281,A1,1,4721,-58.7,-76.6,-17.8,162.04,100,17275,16204,16412,21685,999,476847682,1
2026-05-01T13:38:23.401,A1,1,4722,-58.9,-76.4,-17.5,113.52,156,17699,17709,17319,23694,1048,404391729,1
2026-05-01T13:38:23.521,A1,1,4723,-59.2,-77.7,-18.5,164.92,104,17590,17152,10035,19286,957,475433148,1
2026-05-01T13:38:23.644,A1,1,4724,-59.5,-76.0,-16.5,170.36,100,16129,17036,13862,17713,926,458874682,1
2026-05-01T13:38:23.762,A1,1,4725,-59.2,-76.1,-16.9,148.94,108,16841,16086,16576,20018,974,394508320,1
2026-05-01T13:38:23.852,A1,1,4726,-59.2,-76.0,-16.8,174.26,100,15631,17426,14645,18627,940,736750294,1
2026-05-01T13:38:23.945,A1,1,4727,-59.2,-76.2,-16.9,135.37,128,18025,17327,15000,20907,997,618638077,1
2026-05-01T13:38:24.061,A1,1,4728,-59.7,-76.9,-17.2,130.1,128,15738,16653,13062,17431,925,411573494,1
2026-05-01T13:38:24.181,A1,1,4729,-58.9,-79.6,-20.7,118.45,132,18198,15635,9268,21141,991,765583462,1
2026-05-01T13:38:24.271,A1,1,4730,-58.2,-77.0,-18.8,173.74,96,16312,16679,12298,19378,928,427788375,1
2026-05-01T13:38:24.361,A1,1,4731,-58.6,-76.2,-17.6,172.09,104,16888,17897,13733,20495,966,741845568,1
2026-05-01T13:38:24.481,A1,1,4732,-58.4,-75.9,-17.5,127.28,136,16850,17310,13287,19422,934,769155483,1
2026-05-01T13:38:24.617,A1,1,4733,-58.8,-76.2,-17.4,162.11,104,13821,16859,15235,17929,910,395689759,1
2026-05-01T13:38:24.707,A1,1,4734,-59.5,-79.4,-19.9,104.71,144,17361,15078,9283,18513,947,484349144,1
2026-05-01T13:38:24.783,A1,1,4735,-58.6,-76.0,-17.4,118.83,144,16659,17111,13156,18917,927,444411165,1
2026-05-01T13:38:24.901,A1,1,4736,-59.2,-76.8,-17.6,115.81,144,16600,16676,14941,20023,975,392003222,1
2026-05-01T13:38:25.021,A1,1,4737,-59.0,-75.6,-16.7,128.92,136,14743,17533,15598,18557,931,409489873,1
2026-05-01T13:38:25.111,A1,1,4738,-58.3,-77.5,-19.2,175.82,96,17507,16879,9455,19616,934,447614993,1
2026-05-01T13:38:25.232,A1,1,4739,-58.6,-77.4,-18.8,178.92,92,16666,16461,10686,18570,919,425869628,1
2026-05-01T13:38:25.321,A1,1,4740,-58.8,-76.1,-17.4,150.92,116,17206,17507,12551,19269,942,522600534,1
2026-05-01T13:38:25.441,A1,1,4741,-58.8,-76.0,-17.3,155.49,104,17357,16171,16551,21073,985,438042581,1
2026-05-01T13:38:25.531,A1,1,4742,-58.6,-76.3,-17.7,119.63,144,14815,17227,15029,19179,936,425839838,1
2026-05-01T13:38:25.653,A1,1,4743,-59.3,-76.9,-17.7,185.72,96,15917,17829,13515,19489,964,400910939,1
2026-05-01T13:38:25.773,A1,1,4744,-59.3,-76.7,-17.4,174.06,100,16622,17406,17331,22338,1034,415918271,1
2026-05-01T13:38:25.892,A1,1,4745,-59.3,-76.5,-17.2,146.47,116,16707,16990,16425,20962,1000,419839236,1
2026-05-01T13:38:26.011,A1,1,4746,-59.0,-75.7,-16.7,160.28,112,15511,17951,16101,19887,965,401528066,1
2026-05-01T13:38:26.220,A1,1,4747,-58.9,-78.2,-19.3,167.62,104,15209,17433,11280,19174,945,420345188,1
2026-05-01T13:38:26.252,A1,1,4748,-59.2,-76.4,-17.2,113.83,148,16668,16847,16576,20887,996,640303110,1
2026-05-01T13:38:26.372,A1,1,4749,-59.1,-75.5,-16.4,135.45,128,16582,17337,14066,18318,930,489540005,1
2026-05-01T13:38:26.461,A1,1,4750,-59.4,-76.3,-16.9,175.99,96,16650,16895,12292,17466,917,442193425,1
2026-05-01T13:38:26.551,A1,1,4751,-59.2,-76.1,-16.9,164.81,100,13146,16481,15785,17013,900,485893264,1
2026-05-01T13:38:26.733,A1,1,4752,-59.3,-76.7,-17.4,131.52,132,14868,17360,13660,18016,927,402549735,1
2026-05-01T13:38:26.793,A1,1,4753,-59.2,-76.3,-17.0,126.92,132,13482,16754,15855,17673,917,457172181,1
2026-05-01T13:38:26.883,A1,1,4754,-59.5,-77.2,-17.7,180.5,92,16572,16606,11576,17791,928,420089291,1
2026-05-01T13:38:27.001,A1,1,4755,-59.1,-76.7,-17.6,106.41,152,17139,16175,16642,21428,1006,490250900,1
2026-05-01T13:38:27.122,A1,1,4756,-58.4,-78.4,-20.0,158.9,104,17392,16526,8999,19975,948,401121263,1
2026-05-01T13:38:27.241,A1,1,4757,-58.9,-76.0,-17.1,173.98,96,14293,16702,15148,17760,909,736780569,1
2026-05-01T13:38:27.399,A1,1,4758,-58.8,-76.4,-17.7,121.41,148,16808,17968,13861,20593,974,460623042,1
2026-05-01T13:38:27.481,A1,1,4759,-58.7,-78.1,-19.4,179.23,96,15982,17206,10987,19556,948,428062635,1
2026-05-01T13:38:27.571,A1,1,4760,-58.8,-76.3,-17.5,168.23,100,16624,16823,17263,21931,1006,428245248,1
2026-05-01T13:38:27.691,A1,1,4761,-58.8,-76.4,-17.6,119.49,144,16675,17206,14703,20308,969,765712694,1
2026-05-01T13:38:27.782,A1,1,4762,-58.4,-75.7,-17.4,118.34,144,15513,17041,16837,20629,962,445996974,1
2026-05-01T13:38:27.901,A1,1,4763,-59.0,-76.4,-17.4,188.86,92,16961,17375,12650,19028,943,403205964,1
2026-05-01T13:38:28.022,A1,1,4764,-58.9,-79.4,-20.5,161.38,112,17090,18075,10032,22657,1025,476702888,1
2026-05-01T13:38:28.142,A1,1,4765,-58.8,-77.8,-19.1,172.65,100,18338,17265,11949,22109,1010,411291105,1
2026-05-01T13:38:28.261,A1,1,4766,-58.9,-76.8,-17.9,106.39,156,16757,16597,16425,21714,1004,449723653,1
2026-05-01T13:38:28.353,A1,1,4767,-59.3,-80.1,-20.8,108.56,168,17307,18238,9973,23419,1059,435218704,1
2026-05-01T13:38:28.473,A1,1,4768,-58.5,-76.5,-18.0,118.1,144,16468,17007,12513,18983,927,467490087,1
2026-05-01T13:38:28.591,A1,1,4769,-58.7,-76.0,-17.3,124.01,140,16714,17362,13337,19171,938,468156261,1
2026-05-01T13:38:28.741,A1,1,4770,-58.8,-76.6,-17.8,159.93,96,17269,15353,14929,19747,954,420994022,1
2026-05-01T13:38:28.803,A1,1,4771,-58.9,-76.6,-17.7,152.43,108,17513,16462,15814,21441,999,711382798,1
2026-05-01T13:38:28.924,A1,1,4772,-58.8,-76.1,-17.3,177.03,96,16571,16995,16490,21118,986,442881062,1
2026-05-01T13:38:29.013,A1,1,4773,-58.8,-76.3,-17.4,168.69,108,16847,18219,16414,22538,1022,446544354,1
2026-05-01T13:38:29.131,A1,1,4774,-58.8,-76.8,-18.0,114.05,148,16594,16879,13373,19596,951,460365019,1
2026-05-01T13:38:29.249,A1,1,4775,-58.5,-76.3,-17.8,175.9,96,14744,16886,14530,18591,918,458801720,1
2026-05-01T13:38:29.313,A1,1,4776,-58.6,-76.1,-17.5,115.37,156,15625,17997,16555,21479,990,394099839,1
2026-05-01T13:38:29.433,A1,1,4777,-58.8,-76.3,-17.5,172.86,96,14797,16595,14904,18303,920,400433284,1
2026-05-01T13:38:29.582,A1,1,4778,-58.9,-75.8,-16.9,179.01,92,15327,16469,14180,17360,898,427074033,1
2026-05-01T13:38:29.731,A1,1,4779,-58.9,-75.7,-16.8,166.45,100,15283,16645,14224,17394,898,407684144,1
2026-05-01T13:38:29.761,A1,1,4780,-58.8,-77.7,-18.9,175.49,96,15884,16847,10956,18452,924,463324972,1
2026-05-01T13:38:29.883,A1,1,4781,-59.0,-76.2,-17.2,168.38,104,14316,17511,15738,18951,942,740006433,1
2026-05-01T13:38:30.002,A1,1,4782,-59.2,-76.2,-17.1,175.21,96,13846,16820,15171,17494,910,481456797,1
2026-05-01T13:38:30.122,A1,1,4783,-59.1,-76.1,-17.0,174.36,104,16735,18133,14883,20441,983,434919494,1
2026-05-01T13:38:30.241,A1,1,4784,-59.1,-76.2,-17.1,121.03,148,17047,17913,14245,20296,978,394023475,1
2026-05-01T13:38:30.332,A1,1,4785,-58.9,-77.6,-18.7,154.46,100,17548,15446,12726,19646,957,478535008,1
2026-05-01T13:38:30.451,A1,1,4786,-59.2,-76.7,-17.6,125.72,140,14934,17601,14785,19274,956,421454174,1
2026-05-01T13:38:30.543,A1,1,4787,-58.8,-76.0,-17.2,183.57,92,14157,16888,15182,17878,910,510584997,1
2026-05-01T13:38:30.661,A1,1,4788,-59.0,-76.7,-17.7,158.67,96,17325,15232,14079,18876,941,720210930,1
2026-05-01T13:38:30.782,A1,1,4789,-58.9,-76.4,-17.5,161.32,104,16355,16777,14476,19446,951,456169196,1
2026-05-01T13:38:30.901,A1,1,4790,-58.7,-78.1,-19.4,118.4,140,17132,16576,9674,19252,940,473868876,1
2026-05-01T13:38:31.022,A1,1,4791,-59.0,-76.2,-17.2,186.72,92,16674,17178,13165,18623,935,726989739,1
2026-05-01T13:38:31.123,A1,1,4792,-58.8,-76.6,-17.8,108.62,156,17641,16944,16330,22587,1022,688449174,1
2026-05-01T13:38:31.262,A1,1,4793,-58.3,-77.1,-18.8,121.68,136,16267,16548,11941,19038,923,441963533,1
2026-05-01T13:38:31.320,A1,1,4794,-58.9,-75.9,-17.0,178.04,96,13146,17092,15924,17769,908,414622843,1
2026-05-01T13:38:31.442,A1,1,4795,-58.8,-77.1,-18.4,154.52,104,16889,16070,12790,19173,940,454979416,1
2026-05-01T13:38:31.533,A1,1,4796,-58.4,-76.4,-18.1,129.73,128,15615,16606,13621,18738,917,462442227,1
2026-05-01T13:38:31.708,A1,1,4797,-59.0,-77.6,-18.6,120.99,136,16473,16454,11701,18742,936,456233821,1
2026-05-01T13:38:31.743,A1,1,4798,-58.3,-76.2,-17.9,163.96,100,15802,16396,13003,18051,899,457924982,1
2026-05-01T13:38:31.831,A1,1,4799,-58.8,-76.0,-17.3,157.22,104,13738,16351,15672,17665,902,393063830,1
2026-05-01T13:38:31.922,A1,1,4800,-58.8,-76.5,-17.8,163.19,108,17089,17624,13105,20177,964,458560878,1
2026-05-01T13:38:32.043,A1,1,4801,-59.1,-77.8,-18.7,125.82,128,16736,16105,10685,18141,926,406448006,1
2026-05-01T13:38:32.162,A1,1,4802,-58.6,-76.3,-17.6,166.25,104,14212,17290,14652,18461,918,486562920,1
2026-05-01T13:38:32.281,A1,1,4803,-58.6,-76.6,-17.9,116.33,144,16804,16751,16631,22119,1005,413116469,1
2026-05-01T13:38:32.431,A1,1,4804,-58.8,-76.4,-17.6,159.48,104,16780,16586,16467,21347,992,723252796,1
2026-05-01T13:38:32.523,A1,1,4805,-58.8,-77.1,-18.3,114.86,136,17130,15621,13713,19568,952,393249719,1
2026-05-01T13:38:32.613,A1,1,4806,-58.5,-76.3,-17.7,127.99,136,16594,17407,15326,21118,979,712962087,1
2026-05-01T13:38:32.702,A1,1,4807,-58.8,-78.2,-19.4,181.52,88,16809,15974,10164,18656,929,424919370,1
2026-05-01T13:38:32.822,A1,1,4808,-58.6,-76.2,-17.5,150.33,108,17243,16236,16806,21611,993,398740468,1
2026-05-01T13:38:32.962,A1,1,4809,-58.4,-76.5,-18.2,135.12,120,17093,16214,16334,22002,993,485459018,1
2026-05-01T13:38:33.058,A1,1,4810,-58.4,-78.0,-19.6,141.84,108,17575,15319,11797,20196,953,444642522,1
2026-05-01T13:38:34.585,A1,1,4811,-58.5,-76.3,-17.8,127.49,140,17231,17849,13081,20546,963,420200299,1
2026-05-01T13:38:34.585,A1,1,4812,-58.4,-76.1,-17.7,127.76,140,18008,17886,15987,23317,1025,457399969,1
2026-05-01T13:38:34.585,A1,1,4813,-58.8,-76.1,-17.3,171.2,96,14392,16435,14776,17550,899,421093628,1
2026-05-01T13:38:34.585,A1,1,4814,-58.8,-79.2,-20.4,171.13,104,18606,17798,10024,23877,1051,461923289,1
2026-05-01T13:38:34.585,A1,1,4815,-58.9,-78.9,-20.0,178.83,104,18964,18598,11129,25214,1083,713810038,1
2026-05-01T13:38:34.585,A1,1,4816,-58.5,-75.7,-17.2,178.61,96,14976,17147,16598,19873,949,393958684,1
2026-05-01T13:38:34.585,A1,1,4817,-58.8,-75.9,-17.1,127.64,132,14247,16849,15312,17964,910,436763278,1
2026-05-01T13:38:34.586,A1,1,4818,-58.8,-76.8,-17.9,118.31,140,15766,16563,17599,21901,1007,458043570,1
2026-05-01T13:38:34.586,A1,1,4819,-58.5,-76.2,-17.7,117.51,148,17980,17392,16065,22845,1018,441592220,1
2026-05-01T13:38:34.586,A1,1,4820,-58.8,-77.4,-18.6,130.59,128,16643,16716,10794,18615,927,451861395,1
2026-05-01T13:38:34.586,A1,1,4821,-58.3,-75.8,-17.5,172.1,100,16176,17210,14080,19329,928,479024772,1
2026-05-01T13:38:34.586,A1,1,4822,-58.6,-76.0,-17.4,166.81,104,16757,17348,17357,22365,1009,402798340,1
2026-05-01T13:38:34.586,A1,1,4823,-58.8,-75.7,-16.8,181.32,100,15838,18132,16702,20946,985,460551776,1
2026-05-01T13:38:34.586,A1,1,4824,-58.5,-78.3,-19.9,156.55,112,15107,17534,11460,20100,952,482502261,1
2026-05-01T13:38:34.681,A1,1,4825,-58.2,-76.2,-18.0,178.03,96,16594,17091,12420,19105,921,456130767,1
2026-05-01T13:38:34.772,A1,1,4826,-58.7,-76.2,-17.5,124.05,140,14131,17367,15646,19035,934,770551360,1
2026-05-01T13:38:34.861,A1,1,4827,-58.7,-78.7,-20.1,172.67,88,17049,15195,9097,18461,919,483978406,1
2026-05-01T13:38:34.982,A1,1,4828,-58.1,-75.8,-17.7,177.17,96,15859,17008,14242,19206,920,766714175,1
2026-05-01T13:38:35.072,A1,1,4829,-58.7,-76.0,-17.3,178.44,96,13315,17130,15914,18308,915,434490004,1
2026-05-01T13:38:35.161,A1,1,4830,-58.7,-79.4,-20.7,107.71,168,18812,18096,10233,25123,1072,436348482,1
2026-05-01T13:38:35.312,A1,1,4831,-58.1,-77.4,-19.3,177.65,96,17278,17054,10732,20409,947,490951274,1
2026-05-01T13:38:35.431,A1,1,4832,-58.6,-75.7,-17.1,185.58,96,14958,17816,16233,20038,954,721592068,1
2026-05-01T13:38:35.492,A1,1,4833,-58.6,-77.9,-19.4,159.58,100,16883,15958,10726,19049,930,441252983,1
2026-05-01T13:38:35.641,A1,1,4834,-58.4,-75.9,-17.5,174.19,100,16583,17419,13215,19224,929,396847796,1
2026-05-01T13:38:35.701,A1,1,4835,-58.5,-75.8,-17.3,166.04,100,14987,16604,14375,17873,898,421741977,1
2026-05-01T13:38:35.844,A1,1,4836,-58.4,-78.6,-20.2,180.5,100,16533,18050,11193,22248,1001,482490793,1
2026-05-01T13:38:35.911,A1,1,4837,-58.8,-76.7,-18.0,113.68,148,16489,16824,14214,19973,959,393739001,1
2026-05-01T13:38:36.034,A1,1,4838,-58.8,-76.3,-17.5,127.26,140,17062,17817,13758,20436,970,728800373,1
2026-05-01T13:38:36.181,A1,1,4839,-58.6,-77.0,-18.5,175.87,104,16951,18290,13300,21849,996,410199094,1
2026-05-01T13:38:36.273,A1,1,4840,-58.8,-77.0,-18.1,181.61,96,14857,17435,13637,18990,938,408154094,1
2026-05-01T13:38:36.360,A1,1,4841,-58.7,-76.1,-17.5,139.89,128,15666,17906,15203,20314,965,434769457,1
2026-05-01T13:38:36.481,A1,1,4842,-58.1,-75.5,-17.4,173.45,96,15788,16651,17098,20712,955,442814875,1
2026-05-01T13:38:36.601,A1,1,4843,-58.7,-76.1,-17.4,130.77,136,17216,17785,13416,20178,961,718411181,1
2026-05-01T13:38:36.690,A1,1,4844,-58.6,-76.0,-17.4,172.21,104,16978,17910,14046,20496,965,459309768,1
2026-05-01T13:38:36.783,A1,1,4845,-58.7,-77.4,-18.7,177.15,96,17041,17006,10561,19137,937,763814040,1
2026-05-01T13:38:36.901,A1,1,4846,-58.1,-75.9,-17.7,152.28,112,16827,17055,17308,22704,1001,746632534,1
2026-05-01T13:38:36.991,A1,1,4847,-58.5,-76.3,-17.8,169.82,104,17153,17661,13229,20396,961,393218808,1
2026-05-01T13:38:37.111,A1,1,4848,-58.7,-76.2,-17.5,178.87,100,16705,17887,14052,20403,967,733515027,1
2026-05-01T13:38:37.201,A1,1,4849,-58.3,-75.6,-17.3,168.92,100,15727,16892,14581,18818,917,457831834,1
2026-05-01T13:38:37.292,A1,1,4850,-58.7,-76.5,-17.7,154.78,104,16811,16097,15580,20396,968,393533746,1
2026-05-01T13:38:37.412,A1,1,4851,-58.3,-75.7,-17.4,158.59,104,14891,16493,14505,17840,892,430132562,1
2026-05-01T13:38:37.531,A1,1,4852,-58.7,-77.6,-18.9,125.33,132,16757,16544,9763,18330,916,437969964,1
2026-05-01T13:38:37.650,A1,1,4853,-58.6,-76.6,-18.0,152.16,104,17107,15825,16314,21379,988,398792452,1
2026-05-01T13:38:37.741,A1,1,4854,-58.5,-75.8,-17.3,160.94,108,16688,17382,13327,19125,929,457352454,1
2026-05-01T13:38:37.831,A1,1,4855,-58.1,-75.3,-17.2,169.5,100,15816,16950,14349,18577,904,765168017,1
2026-05-01T13:38:37.920,A1,1,4856,-58.3,-75.4,-17.1,143.93,124,15412,17847,16429,20524,957,764966681,1
2026-05-01T13:38:38.041,A1,1,4857,-58.2,-75.7,-17.4,135.55,124,15934,16808,14312,18866,915,394991512,1
2026-05-01T13:38:38.160,A1,1,4858,-58.6,-75.7,-17.1,172.04,96,14171,16516,15578,17747,900,422071316,1
2026-05-01T13:38:38.283,A1,1,4859,-58.5,-76.3,-17.8,146.62,112,17095,16422,16387,21659,990,475525188,1
2026-05-01T13:38:38.432,A1,1,4860,-58.8,-79.2,-20.4,155.35,112,16181,17399,9589,20446,972,408887327,1
2026-05-01T13:38:38.492,A1,1,4861,-58.6,-76.1,-17.5,141.1,124,15984,17496,16909,21619,993,441664721,1
2026-05-01T13:38:38.613,A1,1,4862,-58.4,-76.2,-17.8,181.57,92,16446,16704,12475,18375,909,766217177,1
2026-05-01T13:38:38.701,A1,1,4863,-58.5,-76.3,-17.8,134.33,124,16639,16657,14195,19692,944,740971435,1
2026-05-01T13:38:38.820,A1,1,4864,-58.8,-76.6,-17.7,118.42,136,17030,16105,14954,20070,964,775870438,1
2026-05-01T13:38:38.911,A1,1,4865,-59.0,-78.0,-19.0,175.46,92,16405,16142,10068,17927,916,545794736,1
2026-05-01T13:38:39.031,A1,1,4866,-58.6,-76.0,-17.4,163.95,104,16509,17051,16637,21338,986,396876824,1
2026-05-01T13:38:39.151,A1,1,4867,-58.9,-76.2,-17.2,168.22,108,16843,18168,15344,21307,996,467693219,1
2026-05-01T13:38:39.241,A1,1,4868,-58.1,-75.4,-17.2,163.03,108,16424,17607,16895,21729,979,440930629,1
2026-05-01T13:38:39.333,A1,1,4869,-58.3,-75.2,-16.9,173.04,100,16304,17304,16911,20942,966,393392519,1
2026-05-01T13:38:39.451,A1,1,4870,-58.5,-75.7,-17.2,179.71,92,15039,16533,14545,17788,898,403140315,1
2026-05-01T13:38:39.572,A1,1,4871,-58.8,-76.3,-17.5,170.48,100,16555,17048,15220,20357,968,431997551,1
2026-05-01T13:38:39.721,A1,1,4872,-58.7,-75.6,-16.9,133.3,132,14254,17595,16397,19191,938,737629127,1
2026-05-01T13:38:39.811,A1,1,4873,-58.6,-76.2,-17.6,154.32,104,17265,16049,16765,21534,991,395993102,1
2026-05-01T13:38:39.932,A1,1,4874,-58.9,-76.6,-17.7,119.82,144,16709,17254,16749,22206,1016,417682016,1
2026-05-01T13:38:40.020,A1,1,4875,-58.3,-75.8,-17.5,162.52,108,17539,17552,17340,23411,1021,441526003,1
2026-05-01T13:38:40.111,A1,1,4876,-58.5,-76.6,-18.0,137.72,124,13709,17077,15351,18976,927,460165862,1
2026-05-01T13:38:40.261,A1,1,4877,-58.6,-76.6,-18.0,170.31,104,17324,17712,12537,20349,964,397745957,1
2026-05-01T13:38:40.353,A1,1,4878,-82.9,-77.3,5.6,171.0,100,17561,17100,9995,3634,941,499815789,1
2026-05-01T13:38:40.443,A1,1,4879,-58.7,-76.1,-17.3,165.73,108,16686,17899,13904,20009,959,440844358,1
2026-05-01T13:38:40.532,A1,1,4880,-58.8,-77.1,-18.3,175.36,96,16661,16835,11166,18487,925,391158430,1
2026-05-01T13:38:40.651,A1,1,4881,-58.5,-76.2,-17.7,151.41,108,17222,16352,17030,22115,1001,415418182,1
2026-05-01T13:38:40.771,A1,1,4882,-58.9,-79.7,-20.9,153.15,108,18468,16540,9143,22510,1022,457604833,1
2026-05-01T13:38:40.863,A1,1,4883,-58.5,-76.2,-17.7,150.46,112,16275,16852,17348,22064,998,449527519,1
2026-05-01T13:38:41.040,A1,1,4884,-58.8,-76.3,-17.5,136.98,124,13885,16985,15494,18489,924,473572452,1
2026-05-01T13:38:41.073,A1,1,4885,-58.5,-78.3,-19.8,121.51,136,17022,16526,9809,19756,946,487141174,1
2026-05-01T13:38:41.192,A1,1,4886,-58.8,-77.7,-18.9,134.46,128,17664,17211,9893,19822,958,398710187,1
2026-05-01T13:38:41.311,A1,1,4887,-58.7,-76.3,-17.6,149.14,108,15892,16107,17653,21253,987,393576862,1
2026-05-01T13:38:41.431,A1,1,4888,-58.8,-76.3,-17.5,166.18,100,15031,16618,13813,17726,904,393033533,1
2026-05-01T13:38:41.521,A1,1,4889,-58.8,-76.3,-17.5,125.34,132,15278,16545,14374,18250,918,394369296,1
2026-05-01T13:38:41.640,A1,1,4890,-58.7,-76.5,-17.8,111.84,144,17476,16105,16044,21390,991,411313513,1
2026-05-01T13:38:41.731,A1,1,4891,-58.6,-76.2,-17.6,141.41,128,16269,18100,14974,20967,978,393000792,1
2026-05-01T13:38:41.851,A1,1,4892,-58.6,-77.9,-19.3,163.78,96,16748,15723,9952,18118,908,454999674,1
2026-05-01T13:38:42.001,A1,1,4893,-58.3,-75.4,-17.1,178.76,96,15934,17161,14130,18568,911,474615470,1
2026-05-01T13:38:42.091,A1,1,4894,-58.5,-75.9,-17.4,162.48,104,16561,16898,16016,20750,969,496326733,1
2026-05-01T13:38:42.182,A1,1,4895,-58.8,-76.5,-17.6,129.34,128,17342,16555,16728,22067,1011,411186443,1
2026-05-01T13:38:42.301,A1,1,4896,-58.9,-76.6,-17.7,131.92,132,14181,17413,15081,18938,939,472835259,1
2026-05-01T13:38:42.423,A1,1,4897,-58.7,-76.4,-17.7,171.96,104,17171,17884,13518,20680,974,747328107,1
2026-05-01T13:38:42.512,A1,1,4898,-58.5,-75.7,-17.2,126.33,144,16329,18192,16546,21845,993,395427916,1
2026-05-01T13:38:42.633,A1,1,4899,-58.7,-78.1,-19.4,125.84,132,17098,16611,10005,19435,945,392480439,1
2026-05-01T13:38:42.722,A1,1,4900,-58.8,-76.0,-17.2,130.8,128,13656,16743,15842,18007,912,440928829,1
2026-05-01T13:38:42.840,A1,1,4901,-58.5,-77.5,-19.0,175.49,96,15810,16847,11114,18687,919,405485174,1
2026-05-01T13:38:42.930,A1,1,4902,-58.4,-76.1,-17.8,135.15,132,18161,17840,15414,23036,1016,425679326,1
2026-05-01T13:38:43.021,A1,1,4903,-58.5,-77.6,-19.1,126.57,132,16328,16707,11298,19246,933,393892399,1
2026-05-01T13:38:43.170,A1,1,4904,-68.0,-76.9,-8.9,169.24,104,18603,17601,13193,11698,1010,734233155,1
2026-05-01T13:38:43.261,A1,1,4905,-58.6,-76.0,-17.4,168.16,104,14572,17489,15027,18851,928,441813251,1
2026-05-01T13:38:43.381,A1,1,4906,-59.1,-76.9,-17.8,124.06,140,16983,17369,11893,19138,950,450347225,1
2026-05-01T13:38:43.472,A1,1,4907,-58.9,-78.2,-19.3,123.06,128,16993,15752,10599,18748,935,463735751,1
2026-05-01T13:38:43.591,A1,1,4908,-58.8,-76.2,-17.5,138.97,128,17163,17788,13161,19980,960,436670880,1
2026-05-01T13:38:43.712,A1,1,4909,-59.0,-76.0,-17.0,168.01,100,14667,16801,14597,17551,907,389858299,1
2026-05-01T13:38:43.801,A1,1,4910,-58.5,-76.5,-18.0,109.85,152,16981,16697,17111,22683,1013,392763736,1
2026-05-01T13:38:43.921,A1,1,4911,-59.0,-76.7,-17.7,132.62,132,17092,17506,12516,19570,957,409328175,1
2026-05-01T13:38:44.011,A1,1,4912,-58.6,-77.0,-18.4,160.9,96,17184,15446,13459,19462,941,391986223,1
2026-05-01T13:38:44.132,A1,1,4913,-58.7,-75.9,-17.3,130.66,128,13871,16725,15908,18221,913,394863582,1
2026-05-01T13:38:44.252,A1,1,4914,-58.7,-76.2,-17.5,133.03,124,13838,16496,15747,18186,914,425354484,1
2026-05-01T13:38:44.371,A1,1,4915,-59.1,-76.7,-17.6,118.54,136,16958,16121,14794,19660,963,396576678,1
2026-05-01T13:38:44.552,A1,1,4916,-58.5,-75.5,-17.0,177.55,96,15831,17045,14180,18312,909,484642063,1
2026-05-01T13:38:44.581,A1,1,4917,-58.5,-79.2,-20.7,170.72,108,18106,18438,10261,24578,1056,405064361,1
2026-05-01T13:38:44.702,A1,1,4918,-58.9,-76.5,-17.6,148.43,116,16875,17218,12699,19148,944,478668788,1
2026-05-01T13:38:44.822,A1,1,4919,-58.6,-76.1,-17.4,123.96,148,16609,18346,15876,22009,1003,461635157,1
2026-05-01T13:38:44.941,A1,1,4920,-58.6,-75.8,-17.2,172.17,96,15081,16528,14278,17630,895,747885625,1
2026-05-01T13:38:45.061,A1,1,4921,-58.8,-76.3,-17.5,135.62,128,14155,17360,15403,18894,934,434635190,1
2026-05-01T13:38:45.122,A1,1,4922,-58.4,-75.6,-17.2,180.75,96,16807,17352,13220,18972,923,441929276,1
2026-05-01T13:38:53.251,A1,1,4923,-58.8,-79.4,-20.6,174.31,100,18557,17431,10033,23652,1045,665717444,1
2026-05-01T13:38:53.341,A1,1,4924,-59.0,-76.4,-17.4,166.08,104,16754,17272,13204,19092,945,763969419,1
2026-05-01T13:38:53.460,A1,1,4925,-58.7,-75.8,-17.0,129.09,136,16367,17556,14209,19239,941,417584504,1
2026-05-01T13:38:53.523,A1,1,4926,-58.9,-78.0,-19.1,183.34,88,16691,16134,10449,18484,928,519218612,1
2026-05-01T13:38:53.610,A1,1,4927,-58.9,-76.2,-17.3,171.34,100,16656,17134,13606,19080,943,453718928,1
2026-05-01T13:38:53.731,A1,1,4928,-58.8,-76.7,-18.0,175.38,100,15158,17538,13780,19218,941,434159720,1
2026-05-01T13:38:53.821,A1,1,4929,-58.7,-76.1,-17.4,164.34,100,14557,16434,14720,17792,902,460891260,1
2026-05-01T13:38:53.972,A1,1,4930,-58.8,-75.8,-17.0,174.53,100,15163,17453,16391,19847,958,419800186,1
2026-05-01T13:38:54.032,A1,1,4931,-58.4,-75.8,-17.4,113.92,152,17435,17316,17475,23103,1019,743406445,1
2026-05-01T13:38:54.152,A1,1,4932,-58.7,-76.0,-17.3,155.15,112,16591,17377,15353,20497,969,447008579,1
2026-05-01T13:38:54.241,A1,1,4933,-58.8,-76.5,-17.7,173.33,100,17124,17333,11750,18908,936,441252128,1
2026-05-01T13:38:54.331,A1,1,4934,-58.7,-76.1,-17.4,169.68,100,16358,16968,15819,20498,970,762290637,1
2026-05-01T13:38:54.481,A1,1,4935,-58.9,-76.5,-17.6,147.73,108,16999,15955,17112,21561,1001,398697919,1
2026-05-01T13:38:54.602,A1,1,4936,-58.7,-75.9,-17.2,178.42,100,17041,17842,13842,20066,958,482347051,1
2026-05-01T13:38:54.692,A1,1,4937,-59.5,-77.8,-18.2,191.26,88,17060,16831,9656,17961,934,419256066,1
2026-05-01T13:38:54.811,A1,1,4938,-59.0,-75.8,-16.8,128.9,140,15517,18046,16463,20370,978,709581093,1
2026-05-01T13:38:54.961,A1,1,4939,-58.9,-76.0,-17.1,115.45,156,17142,18010,14594,20703,981,417963511,1
2026-05-01T13:38:55.021,A1,1,4940,-58.6,-78.6,-20.0,171.74,108,18453,18548,11313,24702,1059,504629800,1
2026-05-01T13:38:55.142,A1,1,4941,-58.5,-75.8,-17.2,173.12,96,14640,16620,14998,17931,902,451075703,1
2026-05-01T13:38:55.261,A1,1,4942,-58.9,-76.6,-17.7,174.54,100,17037,17454,13247,19913,962,485973380,1
2026-05-01T13:38:55.351,A1,1,4943,-58.7,-76.0,-17.4,124.3,144,17245,17899,13360,20159,960,487073389,1
2026-05-01T13:38:55.471,A1,1,4944,-58.8,-76.1,-17.3,129.48,128,15149,16574,14547,18056,914,413954562,1
2026-05-01T13:38:55.562,A1,1,4945,-58.6,-75.9,-17.4,130.14,132,16223,17178,13801,18943,928,422450394,1
2026-05-01T13:38:55.741,A1,1,4946,-58.7,-75.7,-17.0,174.88,100,16188,17488,14269,19008,935,458803279,1
2026-05-01T13:38:55.801,A1,1,4947,-58.7,-75.7,-17.0,169.72,104,14108,17651,16959,19754,952,412924597,1
2026-05-01T13:38:55.921,A1,1,4948,-58.5,-76.3,-17.8,160.72,104,16869,16715,16997,22258,1005,410591486,1
2026-05-01T13:38:56.070,A1,1,4949,-58.7,-75.8,-17.2,176.93,100,16763,17693,16983,22013,1004,411125987,1
2026-05-01T13:38:56.162,A1,1,4950,-58.7,-77.0,-18.2,181.16,92,15905,16667,12375,18400,919,394468432,1
2026-05-01T13:38:56.341,A1,1,4951,-58.7,-76.6,-17.9,129.39,128,16118,16562,12679,18302,916,392262483,1
2026-05-01T13:38:56.401,A1,1,4952,-58.8,-76.3,-17.4,181.68,100,16561,18168,14530,20762,980,463243307,1
2026-05-01T13:38:56.490,A1,1,4953,-58.9,-76.3,-17.4,189.66,92,14763,17449,14635,18695,931,500217711,1
2026-05-01T13:38:56.611,A1,1,4954,-58.9,-75.9,-17.0,171.94,100,13211,17194,16495,18324,924,486941314,1
2026-05-01T13:38:56.733,A1,1,4955,-58.7,-76.5,-17.8,110.79,152,16843,16840,17272,22597,1019,452966969,1
2026-05-01T13:38:56.857,A1,1,4956,-58.8,-75.6,-16.8,171.93,100,15103,17193,16544,19461,948,724401964,1
2026-05-01T13:38:56.943,A1,1,4957,-58.5,-76.0,-17.4,173.32,96,15265,16639,14642,18443,915,422118146,1
2026-05-01T13:38:57.030,A1,1,4958,-58.4,-78.8,-20.4,119.22,144,16517,17168,9509,20483,960,504040528,1
2026-05-01T13:38:57.151,A1,1,4959,-58.5,-75.9,-17.4,187.21,92,16546,17223,13644,19139,931,431259145,1
2026-05-01T13:38:57.242,A1,1,4960,-58.6,-78.0,-19.5,166.91,112,18756,18694,12051,24762,1061,455143340,1
2026-05-01T13:38:57.362,A1,1,4961,-58.8,-77.2,-18.4,177.88,92,16249,16365,11466,18071,913,387834979,1
2026-05-01T13:38:57.451,A1,1,4962,-58.7,-76.0,-17.3,117.53,148,16623,17394,15872,20929,981,484953024,1
2026-05-01T13:38:57.572,A1,1,4963,-58.5,-76.3,-17.8,112.34,152,16633,17076,16989,22300,1005,464950778,1
2026-05-01T13:38:57.661,A1,1,4964,-58.5,-76.1,-17.5,180.68,92,15846,16623,13273,18029,904,442660520,1
2026-05-01T13:38:57.783,A1,1,4965,-58.6,-76.7,-18.1,201.87,84,16687,16957,12052,18905,929,401925796,1
2026-05-01T13:39:05.941,A1,1,4966,-59.4,-76.5,-17.1,171.09,100,16494,17109,14360,19213,961,420829909,1
2026-05-01T13:39:06.060,A1,1,4967,-59.0,-75.9,-16.9,182.46,100,16519,18246,15920,21033,992,407310484,1
2026-05-01T13:39:06.152,A1,1,4968,-59.0,-76.7,-17.7,176.3,104,17091,18335,14070,21335,1001,736407771,1
2026-05-01T13:39:06.271,A1,1,4969,-58.6,-79.0,-20.4,156.54,108,18506,16906,9982,22708,1018,390577670,1
2026-05-01T13:39:06.421,A1,1,4970,-58.7,-76.0,-17.3,184.97,100,17616,18497,15309,22429,1014,409886452,1
2026-05-01T13:39:06.510,A1,1,4971,-58.6,-75.4,-16.8,183.88,92,15613,16917,14465,17983,905,423359890,1
2026-05-01T13:39:06.632,A1,1,4972,-58.5,-75.9,-17.4,175.06,108,18079,18906,16959,24668,1056,483685460,1
2026-05-01T13:39:06.753,A1,1,4973,-58.6,-76.5,-17.9,151.35,116,16683,17557,17295,23219,1029,389751471,1
2026-05-01T13:39:06.870,A1,1,4974,-59.1,-75.8,-16.8,181.26,92,14593,16676,14891,17304,903,458100733,1
2026-05-01T13:39:06.990,A1,1,4975,-59.1,-78.0,-18.9,142.51,124,15250,17671,12365,19634,961,704200083,1
2026-05-01T13:39:07.143,A1,1,4976,-58.6,-76.4,-17.7,118.16,152,16567,17961,16963,22967,1024,744952875,1
2026-05-01T13:39:07.202,A1,1,4977,-58.9,-76.1,-17.2,135.7,128,15309,17370,14875,18904,939,494309683,1
2026-05-01T13:39:07.292,A1,1,4978,-59.2,-76.1,-16.9,188.37,92,16651,17330,14223,19072,952,484235718,1
2026-05-01T13:39:07.441,A1,1,4979,-58.8,-76.3,-17.5,164.61,104,15141,17119,16905,20648,975,729876187,1
2026-05-01T13:39:07.531,A1,1,4980,-58.9,-76.8,-17.9,179.79,100,16309,17979,13574,20290,972,437544482,1
2026-05-01T13:39:07.624,A1,1,4981,-58.8,-76.9,-18.1,137.63,128,17404,17617,11961,20126,963,389384264,1
2026-05-01T13:39:07.713,A1,1,4982,-58.6,-76.0,-17.4,125.6,140,16935,17584,13433,19665,947,736100940,1
2026-05-01T13:39:07.832,A1,1,4983,-58.9,-76.2,-17.3,178.94,96,12446,17178,16614,18305,924,416424510,1
2026-05-01T13:39:07.923,A1,1,4984,-59.1,-76.9,-17.8,136.06,128,14459,17416,14404,18769,942,439792629,1
2026-05-01T13:39:08.041,A1,1,4985,-58.8,-75.8,-17.0,190.97,92,15668,17569,14554,18935,934,471448968,1
2026-05-01T13:39:08.163,A1,1,4986,-58.7,-78.1,-19.4,120.86,132,17910,15954,12120,20986,981,469343448,1
2026-05-01T13:39:08.281,A1,1,4987,-57.4,-77.1,-19.7,136.62,120,16552,16395,10630,19490,904,415331955,1
2026-05-01T13:39:08.371,A1,1,4988,-59.0,-76.5,-17.5,128.65,136,16919,17496,13437,19784,961,487091290,1
2026-05-01T13:39:08.460,A1,1,4989,-58.5,-78.0,-19.5,188.22,88,16408,16563,10114,18968,925,436837536,1
2026-05-01T13:39:08.581,A1,1,4990,-58.5,-76.0,-17.5,190.14,96,16417,18253,15429,21530,986,408685825,1
2026-05-01T13:39:08.702,A1,1,4991,-58.8,-78.1,-19.3,132.22,132,15273,17453,11824,19561,952,432141856,1
2026-05-01T13:39:08.793,A1,1,4992,-58.9,-76.6,-17.7,120.14,140,16580,16819,17552,22434,1021,571611904,1
2026-05-01T13:39:08.941,A1,1,4993,-58.7,-76.1,-17.4,164.73,108,15389,17791,15456,20061,959,479413908,1
2026-05-01T13:39:09.030,A1,1,4994,-58.9,-78.5,-19.6,118.29,140,16937,16561,10102,19599,955,742629240,1
2026-05-01T13:39:09.120,A1,1,4995,-58.5,-78.7,-20.1,148.82,108,18164,16073,10226,21262,982,413545299,1
2026-05-01T13:39:09.241,A1,1,4996,-58.5,-77.3,-18.8,131.87,128,17043,16879,11135,19546,940,389650797,1
2026-05-01T13:39:09.330,A1,1,4997,-58.8,-76.9,-18.1,169.75,100,16858,16975,11069,18527,926,388902028,1
2026-05-01T13:39:09.451,A1,1,4998,-59.0,-76.3,-17.2,133.23,124,16982,16520,17635,21903,1013,431579650,1
2026-05-01T13:39:09.540,A1,1,4999,-57.2,-76.6,-19.4,183.21,96,15249,17588,13490,21087,935,389213845,1
2026-05-01T13:39:09.661,A1,1,5000,-58.9,-75.7,-16.8,180.9,100,15687,18090,16414,20537,977,431865004,1
2026-05-01T13:39:09.783,A1,1,5001,-58.8,-76.3,-17.5,171.43,96,17497,16457,15470,20818,982,724286741,1
2026-05-01T13:39:09.901,A1,1,5002,-58.9,-76.2,-17.2,136.22,132,17031,17981,14906,20984,989,612424538,1
2026-05-01T13:39:09.992,A1,1,5003,-59.0,-76.1,-17.1,131.46,128,13503,16827,15947,17917,916,483090823,1
2026-05-01T13:39:10.110,A1,1,5004,-59.0,-76.0,-17.1,143.71,120,16137,17245,13858,18602,932,716035203,1
2026-05-01T13:39:10.200,A1,1,5005,-58.7,-76.3,-17.7,181.73,96,16967,17446,12547,19380,942,414481816,1
2026-05-01T13:39:10.291,A1,1,5006,-59.0,-76.5,-17.5,137.7,124,12594,17075,16393,18348,927,759453953,1
2026-05-01T13:39:10.412,A1,1,5007,-58.9,-76.3,-17.4,140.06,124,16858,17367,13694,19581,954,434190758,1
2026-05-01T13:39:10.501,A1,1,5008,-59.1,-76.6,-17.5,129.77,132,16643,17130,13268,19066,948,452903033,1
2026-05-01T13:39:10.620,A1,1,5009,-59.0,-77.0,-18.0,110.21,148,15624,16311,17642,21700,1008,388944724,1
2026-05-01T13:39:10.772,A1,1,5010,-58.9,-76.0,-17.1,171.2,104,16934,17805,13541,19558,955,387251113,1
2026-05-01T13:39:10.830,A1,1,5011,-58.6,-78.6,-19.9,173.97,96,16778,16701,9172,19457,943,413130952,1
2026-05-01T13:39:10.950,A1,1,5012,-59.3,-76.3,-17.0,181.82,96,13886,17455,15743,18416,937,386717361,1
2026-05-01T13:39:11.101,A1,1,5013,-59.0,-78.4,-19.4,183.91,96,18582,17655,11222,22787,1034,761961562,1
2026-05-01T13:39:11.191,A1,1,5014,-58.5,-76.1,-17.6,189.84,88,16162,16706,13314,18438,913,455891360,1
2026-05-01T13:39:19.381,A1,1,5015,-58.8,-77.5,-18.7,171.58,88,17312,15099,12605,19046,939,583572154,1
2026-05-01T13:39:19.471,A1,1,5016,-58.7,-76.3,-17.6,176.14,104,16981,18319,16268,22804,1024,454645871,1
2026-05-01T13:39:19.590,A1,1,5017,-59.0,-76.4,-17.4,186.38,96,17022,17892,13343,19954,967,725725375,1
2026-05-01T13:39:19.681,A1,1,5018,-58.6,-76.7,-18.1,153.44,104,17142,15958,14630,20362,963,743007300,1
2026-05-01T13:39:19.802,A1,1,5019,-58.8,-77.8,-19.0,120.01,152,16922,18241,12214,21789,1002,710446727,1
2026-05-01T13:39:19.890,A1,1,5020,-58.6,-79.0,-20.5,170.93,100,18599,17093,10289,23310,1029,435594871,1
2026-05-01T13:39:20.011,A1,1,5021,-58.8,-77.4,-18.6,123.57,136,16855,16805,10869,18892,933,522502908,1
2026-05-01T13:39:20.101,A1,1,5022,-58.8,-78.5,-19.7,182.95,96,15338,17563,10898,19641,954,451698633,1
2026-05-01T13:39:20.250,A1,1,5023,-59.5,-76.6,-17.0,193.14,88,16681,16996,12621,17976,934,411366798,1
2026-05-01T13:39:20.372,A1,1,5024,-59.0,-78.4,-19.4,121.83,140,16107,17056,10383,19237,949,479125183,1
2026-05-01T13:39:20.521,A1,1,5025,-59.3,-76.6,-17.3,114.22,148,16535,16904,15188,19924,975,398338433,1
2026-05-01T13:39:20.581,A1,1,5026,-58.8,-78.4,-19.6,125.49,144,18870,18070,11370,23972,1051,423773554,1
2026-05-01T13:39:20.700,A1,1,5027,-59.6,-77.7,-18.1,185.69,88,16524,16341,9521,16814,907,714046625,1
2026-05-01T13:39:20.821,A1,1,5028,-59.0,-76.3,-17.3,115.07,152,16549,17491,16264,21260,997,436885992,1
2026-05-01T13:39:20.941,A1,1,5029,-59.2,-76.8,-17.6,154.25,108,16861,16659,15772,20852,994,428974736,1
2026-05-01T13:39:21.061,A1,1,5030,-59.0,-77.8,-18.9,115.39,144,16429,16616,11038,18747,936,403869478,1
2026-05-01T13:39:21.180,A1,1,5031,-59.1,-76.9,-17.9,169.42,100,15102,16942,12795,17777,915,413523787,1
2026-05-01T13:39:21.271,A1,1,5032,-59.0,-76.6,-17.6,140.04,132,16701,18485,17520,23914,1058,406901883,1
2026-05-01T13:39:21.390,A1,1,5033,-58.5,-76.0,-17.5,157.97,116,18268,18324,16585,24161,1044,732497355,1
2026-05-01T13:39:21.511,A1,1,5034,-58.8,-77.0,-18.2,120.63,132,17249,15923,16178,21744,1002,429421649,1
2026-05-01T13:39:21.600,A1,1,5035,-58.8,-76.6,-17.8,162.06,108,14843,17503,13795,18740,930,437071897,1
2026-05-01T13:39:21.750,A1,1,5036,-59.2,-76.2,-17.0,145.39,120,15133,17447,14832,18540,939,401513389,1
2026-05-01T13:39:21.812,A1,1,5037,-59.0,-79.5,-20.5,166.45,100,18533,16645,9325,22180,1019,451255306,1
2026-05-01T13:39:21.932,A1,1,5038,-58.9,-76.4,-17.5,176.07,104,17358,18311,14187,21445,999,512289101,1
2026-05-01T13:39:22.050,A1,1,5039,-58.7,-75.4,-16.7,184.47,96,14655,17709,16669,19450,946,388178491,1
2026-05-01T13:39:22.170,A1,1,5040,-58.7,-75.8,-17.1,174.92,96,15782,16792,13391,17622,900,462294809,1
2026-05-01T13:39:22.290,A1,1,5041,-59.2,-77.7,-18.6,169.47,92,17639,15591,12165,19306,956,390593188,1
2026-05-01T13:39:22.410,A1,1,5042,-58.7,-75.7,-17.0,146.59,124,15719,18177,16526,20990,980,427803934,1
2026-05-01T13:39:22.471,A1,1,5043,-58.7,-78.4,-19.8,135.5,124,16507,16802,9455,19240,938,514127089,1
2026-05-01T13:39:22.620,A1,1,5044,-59.0,-76.7,-17.8,166.36,96,17395,15971,15082,20417,977,758776076,1
2026-05-01T13:39:22.680,A1,1,5045,-58.6,-75.6,-17.0,163.64,108,15210,17673,16429,20039,957,642124642,1
2026-05-01T13:39:22.771,A1,1,5046,-58.6,-78.0,-19.4,184.92,92,15999,17013,10585,19130,934,564640129,1
2026-05-01T13:39:22.921,A1,1,5047,-59.1,-76.0,-17.0,141.41,116,14913,16403,14278,17119,898,453421362,1
2026-05-01T13:39:23.010,A1,1,5048,-59.1,-76.1,-17.0,179.58,96,16603,17240,14771,19593,960,709944176,1
2026-05-01T13:39:23.101,A1,1,5049,-58.5,-75.9,-17.4,124.99,144,16411,17999,16775,22176,1001,416346165,1
2026-05-01T13:39:23.190,A1,1,5050,-59.0,-76.0,-17.1,115.57,152,13662,17566,16766,19254,949,448831556,1
2026-05-01T13:39:23.311,A1,1,5051,-59.0,-76.7,-17.7,130.19,136,17156,17706,12519,19854,963,388127806,1
2026-05-01T13:39:23.432,A1,1,5052,-59.0,-77.6,-18.6,171.6,100,15028,17160,12122,18388,928,430410916,1
2026-05-01T13:39:23.521,A1,1,5053,-58.9,-75.9,-17.0,176.52,104,16745,18358,15882,21478,999,461911988,1
2026-05-01T13:39:23.670,A1,1,5054,-58.7,-76.1,-17.5,129.18,140,15771,18085,15849,21076,982,444385000,1
2026-05-01T13:39:23.729,A1,1,5055,-58.3,-78.0,-19.7,133.93,124,16616,16607,10370,19651,936,416520385,1
2026-05-01T13:39:23.851,A1,1,5056,-58.6,-76.1,-17.5,118.78,144,16487,17105,13245,18865,927,476450334,1
2026-05-01T13:39:23.941,A1,1,5057,-58.7,-76.3,-17.6,125.11,140,14576,17515,15215,19319,940,641318900,1
2026-05-01T13:39:24.060,A1,1,5058,-58.5,-76.2,-17.8,142.22,124,15692,17635,14505,20004,950,433798140,1
2026-05-01T13:39:24.180,A1,1,5059,-58.6,-75.8,-17.2,151.86,124,18234,18831,16932,24366,1055,397132395,1
2026-05-01T13:39:24.301,A1,1,5060,-58.8,-78.8,-20.0,151.13,100,17557,15113,10355,19559,951,463189432,1
2026-05-01T13:39:24.421,A1,1,5061,-58.7,-75.9,-17.3,126.68,132,14523,16722,15161,18099,910,391321007,1
2026-05-01T13:39:24.512,A1,1,5062,-58.9,-77.1,-18.3,155.27,104,16567,16148,12134,18400,924,394289275,1
2026-05-01T13:39:24.602,A1,1,5063,-58.8,-76.2,-17.4,180.78,92,13888,16632,15121,17758,905,740235467,1
2026-05-01T13:39:24.720,A1,1,5064,-58.8,-76.6,-17.8,173.3,100,17326,17330,11521,19072,939,435276102,1
2026-05-01T13:39:24.840,A1,1,5065,-59.0,-79.1,-20.1,152.03,100,17322,15203,8695,18543,932,445239715,1
2026-05-01T13:39:24.963,A1,1,5066,-58.9,-78.6,-19.7,117.76,140,17404,16486,9086,19522,952,770691896,1
2026-05-01T13:39:25.050,A1,1,5067,-58.8,-75.7,-16.9,143.65,124,14919,17813,16439,19873,957,420061567,1
2026-05-01T13:39:25.170,A1,1,5068,-84.7,-78.2,6.4,152.25,108,16631,16443,9843,3152,932,452662979,1
2026-05-01T13:39:25.230,A1,1,5069,-58.8,-76.9,-18.0,182.49,92,16850,16789,10588,17990,913,452701105,1
2026-05-01T13:39:25.380,A1,1,5070,-59.0,-76.2,-17.2,154.96,112,16562,17356,17544,22076,1016,405964213,1
2026-05-01T13:39:25.472,A1,1,5071,-58.9,-75.9,-16.9,133.39,132,14291,17608,16291,19180,945,450522742,1
2026-05-01T13:39:25.592,A1,1,5072,-58.7,-76.2,-17.5,110.72,160,16567,17715,16627,22172,1008,390115184,1
2026-05-01T13:39:25.680,A1,1,5073,-58.6,-76.0,-17.4,119.11,148,14459,17628,15922,19588,946,435228483,1
2026-05-01T13:39:25.800,A1,1,5074,-58.6,-76.3,-17.7,144.03,124,17106,17860,13395,20482,966,413038710,1
2026-05-01T13:39:25.890,A1,1,5075,-59.0,-77.3,-18.3,164.51,96,16663,15793,11227,17602,909,435636164,1
2026-05-01T13:39:26.040,A1,1,5076,-58.8,-77.5,-18.7,170.5,100,15528,17050,12175,18858,933,715869252,1
2026-05-01T13:39:26.191,A1,1,5077,-58.7,-76.4,-17.6,180.76,100,16316,18076,14813,20920,981,430467157,1
2026-05-01T13:39:26.250,A1,1,5078,-59.1,-76.9,-17.8,119.36,140,15544,16710,13069,18040,922,392152166,1
2026-05-01T13:39:26.340,A1,1,5079,-59.3,-77.5,-18.2,157.81,104,16502,16412,11699,18207,933,603705925,1
2026-05-01T13:39:26.461,A1,1,5080,-58.8,-76.8,-18.1,131.55,128,16501,16839,11929,18542,925,390691443,1
2026-05-01T13:39:26.581,A1,1,5081,-58.7,-76.1,-17.4,154.04,108,16356,16636,17492,21574,995,436009332,1
2026-05-01T13:39:26.670,A1,1,5082,-58.6,-76.1,-17.5,166.72,104,16882,17339,12909,19202,935,482177073,1
2026-05-01T13:39:26.761,A1,1,5083,-58.8,-78.3,-19.5,168.96,108,17533,18248,11474,22652,1022,564095506,1
2026-05-01T13:39:26.910,A1,1,5084,-59.0,-76.7,-17.7,122.21,148,16471,18087,13982,20623,983,732622552,1
2026-05-01T13:39:27.000,A1,1,5085,-58.8,-76.1,-17.3,133.85,124,15516,16597,14292,18112,916,402971561,1
2026-05-01T13:39:27.121,A1,1,5086,-58.8,-79.1,-20.3,154.62,108,18388,16699,9897,22145,1011,409664590,1
2026-05-01T13:39:27.240,A1,1,5087,-58.8,-75.8,-17.1,169.74,100,15475,16974,14179,18053,913,736291576,1
2026-05-01T13:39:27.330,A1,1,5088,-58.7,-76.4,-17.7,158.45,104,14975,16479,13812,17839,904,453467837,1
2026-05-01T13:39:27.419,A1,1,5089,-58.5,-75.3,-16.8,172.36,100,16507,17236,13666,18448,914,436944384,1
2026-05-01T13:39:27.542,A1,1,5090,-58.7,-78.5,-19.8,131.1,136,18784,17829,11238,23834,1045,473236434,1
2026-05-01T13:39:27.632,A1,1,5091,-58.9,-78.0,-19.2,190.39,96,17019,18277,12065,22074,1012,434927662,1
2026-05-01T13:39:27.722,A1,1,5092,-58.5,-75.9,-17.5,167.47,100,16099,16747,13107,18126,905,474702454,1
2026-05-01T13:39:27.840,A1,1,5093,-58.8,-75.9,-17.1,172.02,104,17255,17890,13482,19842,958,417192479,1
2026-05-01T13:39:27.930,A1,1,5094,-58.6,-79.0,-20.3,163.38,104,18511,16992,9950,22723,1019,448692389,1
2026-05-01T13:39:28.081,A1,1,5095,-58.9,-78.6,-19.7,178.99,96,15888,17183,10010,19260,946,442765004,1
2026-05-01T13:39:28.142,A1,1,5096,-59.3,-77.2,-18.0,171.45,96,16382,16459,11938,17985,926,493585032,1
2026-05-01T13:39:28.262,A1,1,5097,-58.9,-75.7,-16.9,134.96,132,15150,17815,16227,19811,959,472261589,1
2026-05-01T13:39:28.350,A1,1,5098,-58.4,-75.9,-17.6,114.5,152,17895,17404,15743,22354,1001,441492586,1
2026-05-01T13:39:28.439,A1,1,5099,-58.7,-78.2,-19.5,106.09,152,18083,16126,11273,20982,980,433867322,1
2026-05-01T13:39:28.594,A1,1,5100,-58.7,-76.3,-17.7,180.37,92,15089,16594,13640,17815,903,452279995,1
2026-05-01T13:39:28.652,A1,1,5101,-58.7,-77.0,-18.3,120.68,136,16093,16413,11599,17949,906,453520155,1
2026-05-01T13:39:28.739,A1,1,5102,-58.8,-76.1,-17.3,162.58,104,14656,16908,14301,17738,906,450806727,1
2026-05-01T13:39:28.860,A1,1,5103,-58.5,-76.4,-17.9,154.21,112,18095,17271,14315,21866,995,433113018,1
2026-05-01T13:39:28.950,A1,1,5104,-58.7,-77.7,-19.0,127.72,132,15996,16859,10938,18704,927,385878420,1
2026-05-01T13:39:29.070,A1,1,5105,-58.8,-77.5,-18.7,119.19,140,15803,16687,11396,18276,919,427445992,1
2026-05-01T13:39:29.162,A1,1,5106,-59.2,-77.0,-17.8,117.07,152,15646,17794,13706,19497,962,515223301,1
2026-05-01T13:39:29.279,A1,1,5107,-58.5,-76.9,-18.4,148.42,116,17431,17217,10636,19346,937,439668033,1
2026-05-01T13:39:29.370,A1,1,5108,-58.7,-78.6,-20.0,148.63,104,17925,15458,10321,20235,962,439282670,1
2026-05-01T13:39:29.490,A1,1,5109,-58.9,-76.5,-17.6,121.99,136,16500,16591,15636,20318,973,434551946,1
2026-05-01T13:39:29.580,A1,1,5110,-58.5,-77.6,-19.1,127.81,120,17405,15337,12645,19903,950,433283745,1
2026-05-01T13:39:29.671,A1,1,5111,-59.0,-78.3,-19.3,106.52,168,15986,17896,11860,20664,984,441241694,1
2026-05-01T13:39:29.789,A1,1,5112,-58.5,-76.4,-17.9,124.9,136,16558,16986,12925,19120,930,417533307,1
2026-05-01T13:39:29.910,A1,1,5113,-58.7,-76.2,-17.5,128.11,132,15743,16911,13953,18608,923,766951117,1
2026-05-01T13:39:30.000,A1,1,5114,-58.9,-78.0,-19.1,116.68,156,17230,18202,12098,22104,1013,477470134,1
2026-05-01T13:39:30.121,A1,1,5115,-59.1,-78.1,-19.0,119.61,148,15653,17703,11816,19797,965,742026718,1
2026-05-01T13:39:30.211,A1,1,5116,-59.1,-77.2,-18.1,126.48,132,16569,16696,12862,19170,950,753234592,1
2026-05-01T13:39:30.332,A1,1,5117,-58.8,-77.0,-18.2,124.99,124,17263,15499,14038,19726,956,427345218,1
2026-05-01T13:39:30.451,A1,1,5118,-58.8,-75.9,-17.1,166.31,100,14417,16631,14980,17623,901,732646680,1
2026-05-01T13:39:30.540,A1,1,5119,-59.0,-77.4,-18.4,127.43,136,14852,17330,13135,18889,940,499918962,1
2026-05-01T13:39:30.660,A1,1,5120,-58.7,-75.8,-17.1,169.53,108,17155,18309,15336,21470,994,418353536,1
2026-05-01T13:39:30.751,A1,1,5121,-58.7,-76.0,-17.3,170.36,108,16735,18399,15893,21983,1004,433538715,1
2026-05-01T13:39:30.899,A1,1,5122,-58.6,-78.8,-20.2,162.67,104,16979,16918,9203,20320,963,460878399,1
2026-05-01T13:39:30.991,A1,1,5123,-58.9,-79.7,-20.9,147.13,100,17600,14713,8211,19125,942,430503058,1
2026-05-01T13:39:31.113,A1,1,5124,-58.4,-77.1,-18.7,171.04,100,17444,17104,10061,19378,932,456049925,1
2026-05-01T13:39:31.262,A1,1,5125,-58.9,-77.8,-18.9,112.26,148,16722,16614,10675,18795,935,673472131,1
2026-05-01T13:39:31.352,A1,1,5126,-58.9,-76.2,-17.3,125.32,136,16403,17043,13162,18494,927,425995365,1
2026-05-01T13:39:31.440,A1,1,5127,-58.9,-75.8,-16.9,178.87,100,17372,17887,13497,19766,958,418529263,1
2026-05-01T13:39:31.531,A1,1,5128,-59.1,-76.2,-17.1,127.94,140,17416,17911,13160,19818,968,434334227,1
2026-05-01T13:39:31.623,A1,1,5129,-58.9,-75.9,-17.1,154.44,108,16617,16680,16350,20376,972,452774784,1
2026-05-01T13:39:31.771,A1,1,5130,-58.7,-75.4,-16.7,178.15,100,14741,17815,16776,19757,953,405570357,1
2026-05-01T13:39:31.860,A1,1,5131,-59.1,-78.2,-19.1,154.0,104,16721,16016,9760,18049,923,415895207,1
2026-05-01T13:39:31.950,A1,1,5132,-58.6,-76.5,-17.8,172.04,100,18029,17204,14348,21617,994,434143979,1
2026-05-01T13:39:32.071,A1,1,5133,-59.0,-79.6,-20.5,100.23,148,17468,14834,8091,18629,935,436650328,1
2026-05-01T13:39:32.190,A1,1,5134,-59.0,-76.6,-17.6,170.05,100,15009,17005,13149,17667,909,466853821,1
2026-05-01T13:39:32.312,A1,1,5135,-58.9,-77.6,-18.8,118.78,140,17053,16629,9801,18500,927,456018077,1
2026-05-01T13:39:32.402,A1,1,5136,-58.8,-76.0,-17.2,175.44,104,17088,18246,14743,21073,987,420275163,1
2026-05-01T13:39:32.520,A1,1,5137,-58.8,-76.3,-17.5,159.69,108,16505,17246,17094,21988,1009,412962561,1
2026-05-01T13:39:32.640,A1,1,5138,-58.8,-76.6,-17.8,156.71,116,16871,18178,13955,21147,989,447099684,1
2026-05-01T13:39:32.760,A1,1,5139,-58.8,-76.0,-17.2,138.63,124,15215,17190,14684,18590,928,389570870,1
2026-05-01T13:39:32.880,A1,1,5140,-59.1,-76.4,-17.3,161.15,108,16968,17404,12717,18931,945,447457644,1
2026-05-01T13:39:33.000,A1,1,5141,-59.0,-75.8,-16.9,121.41,144,16026,17483,14365,18797,937,486063045,1
2026-05-01T13:39:41.191,A1,1,5142,-58.9,-78.5,-19.6,195.68,88,15982,17220,10348,19450,950,412888942,1
2026-05-01T13:39:41.341,A1,1,5143,-59.1,-78.2,-19.1,121.33,132,16669,16016,10128,18175,925,769068058,1
2026-05-01T13:39:41.399,A1,1,5144,-59.3,-76.7,-17.4,129.06,128,16319,16520,13199,18125,930,456140557,1
2026-05-01T13:39:41.490,A1,1,5145,-59.0,-76.3,-17.3,167.88,104,16822,17459,14410,20045,970,447800270,1
2026-05-01T13:39:41.610,A1,1,5146,-59.1,-77.1,-18.0,188.82,92,14652,17371,13289,18319,931,403634661,1
2026-05-01T13:39:41.731,A1,1,5147,-59.1,-78.4,-19.3,160.49,96,16884,15407,9365,17705,914,400479470,1
2026-05-01T13:39:41.851,A1,1,5148,-58.8,-77.7,-19.0,188.89,88,16324,16622,10763,18607,926,388058924,1
2026-05-01T13:39:41.970,A1,1,5149,-58.7,-77.9,-19.3,184.73,96,18536,17734,12005,23205,1030,409248159,1
2026-05-01T13:39:42.090,A1,1,5150,-58.5,-75.9,-17.5,181.49,100,15583,18149,16714,21731,990,440756969,1
2026-05-01T13:39:42.209,A1,1,5151,-58.9,-76.3,-17.3,172.24,96,13782,16535,15325,17632,907,411399196,1
2026-05-01T13:39:42.362,A1,1,5152,-58.6,-76.8,-18.1,153.33,116,18285,17786,13897,22501,1014,445547853,1
2026-05-01T13:39:42.450,A1,1,5153,-58.9,-76.5,-17.6,121.58,136,16748,16535,17065,21686,1004,399337370,1
2026-05-01T13:39:42.570,A1,1,5154,-58.7,-77.9,-19.2,181.83,92,16229,16728,10454,18735,928,474735641,1
2026-05-01T13:39:42.689,A1,1,5155,-58.7,-75.7,-17.0,170.33,104,14506,17714,16441,19647,949,428889368,1
2026-05-01T13:39:42.811,A1,1,5156,-58.5,-75.9,-17.4,132.08,128,15833,16906,14185,18692,919,399791055,1
2026-05-01T13:39:42.901,A1,1,5157,-58.5,-76.3,-17.8,177.26,96,16570,17017,12839,18954,927,452304762,1
2026-05-01T13:39:43.022,A1,1,5158,-59.1,-78.9,-19.9,130.58,136,15677,17759,10874,20459,981,447012999,1
2026-05-01T13:39:43.170,A1,1,5159,-58.7,-78.4,-19.8,120.01,152,18844,18242,11668,24620,1062,460003235,1
2026-05-01T13:39:43.260,A1,1,5160,-58.8,-76.4,-17.6,184.73,92,17012,16995,11468,18300,920,390778279,1
2026-05-01T13:39:43.382,A1,1,5161,-58.5,-76.1,-17.6,163.75,108,18181,17685,15780,22931,1020,386239497,1
2026-05-01T13:39:43.470,A1,1,5162,-59.3,-77.3,-18.0,186.92,96,16360,17944,12667,19805,973,438689507,1
2026-05-01T13:39:43.590,A1,1,5163,-59.1,-76.5,-17.4,131.35,128,14147,16813,15059,17957,920,399175926,1
2026-05-01T13:39:43.710,A1,1,5164,-58.9,-76.2,-17.4,102.88,156,17305,16050,16730,21208,992,477959533,1
2026-05-01T13:39:43.862,A1,1,5165,-59.2,-76.2,-17.0,185.12,96,15966,17772,14170,19073,951,396565644,1
2026-05-01T13:39:43.952,A1,1,5166,-59.5,-77.1,-17.7,143.52,120,14415,17222,13559,17801,928,719110752,1
2026-05-01T13:39:44.040,A1,1,5167,-58.8,-75.9,-17.1,128.74,132,17376,16994,17085,21986,1008,449146091,1
2026-05-01T13:39:44.161,A1,1,5168,-58.9,-76.0,-17.1,178.5,96,14396,17136,14871,17976,915,710182529,1
2026-05-01T13:39:44.280,A1,1,5169,-59.4,-78.0,-18.7,123.69,144,16022,17812,11585,19604,971,479232204,1
2026-05-01T13:39:44.402,A1,1,5170,-59.1,-76.1,-17.0,128.97,132,14161,17024,15204,17812,916,418872727,1
2026-05-01T13:39:44.520,A1,1,5171,-59.3,-76.1,-16.9,196.23,88,14705,17268,14833,17996,926,414280077,1
2026-05-01T13:39:44.640,A1,1,5172,-59.3,-76.3,-17.0,174.38,96,16437,16740,15367,19416,962,425736580,1
2026-05-01T13:39:44.759,A1,1,5173,-78.1,-77.0,1.1,179.02,100,15751,17902,13333,5294,962,454306347,1
2026-05-01T13:39:44.881,A1,1,5174,-59.1,-75.8,-16.7,165.49,100,13729,16549,15550,17029,897,441775748,1
2026-05-01T13:39:45.001,A1,1,5175,-59.1,-77.7,-18.6,176.28,96,17406,16923,10057,19042,946,531387629,1
2026-05-01T13:39:45.061,A1,1,5176,-59.1,-76.0,-16.9,182.65,100,16438,18265,15771,20894,992,447927623,1
2026-05-01T13:39:45.210,A1,1,5177,-58.9,-77.9,-19.0,177.69,96,16029,17058,10966,18919,939,459680499,1
2026-05-01T13:39:45.333,A1,1,5178,-59.1,-75.8,-16.7,180.89,96,16516,17365,15718,19889,969,460154768,1
2026-05-01T13:39:45.451,A1,1,5179,-59.1,-75.8,-16.7,180.14,96,15900,17293,14187,18173,926,443412672,1
2026-05-01T13:39:45.571,A1,1,5180,-59.3,-78.2,-19.0,174.62,100,15225,17462,11355,18809,948,395572852,1
2026-05-01T13:39:45.690,A1,1,5181,-59.1,-76.1,-17.0,180.49,96,14850,17327,14748,18202,926,729236685,1
2026-05-01T13:39:45.780,A1,1,5182,-58.6,-76.1,-17.4,177.84,96,16007,17073,13774,18760,926,453241491,1
2026-05-01T13:39:45.870,A1,1,5183,-59.2,-76.5,-17.3,124.96,140,17071,17494,12421,18915,948,479094192,1
2026-05-01T13:39:45.992,A1,1,5184,-58.8,-75.7,-16.9,125.75,132,15683,16599,13890,17573,901,431788446,1
2026-05-01T13:39:46.081,A1,1,5185,-58.9,-78.5,-19.6,170.04,108,18932,18364,11081,24184,1061,431870367,1
2026-05-01T13:39:46.200,A1,1,5186,-59.1,-76.4,-17.3,161.74,104,16709,16821,16732,21219,1002,391162510,1
2026-05-01T13:39:46.290,A1,1,5187,-57.5,-74.6,-17.2,196.68,88,17093,17308,13939,19638,909,390609631,1
2026-05-01T13:39:46.411,A1,1,5188,-59.4,-78.6,-19.2,168.43,92,17122,15496,9331,17869,928,405237814,1
2026-05-01T13:39:46.562,A1,1,5189,-58.6,-75.5,-16.9,170.91,100,16127,17091,13559,18050,908,413552417,1
2026-05-01T13:39:46.650,A1,1,5190,-59.1,-78.7,-19.6,112.73,152,16271,17135,10040,19444,959,463155845,1
2026-05-01T13:39:46.770,A1,1,5191,-58.9,-76.1,-17.2,167.02,104,17110,17370,12614,18928,938,739066297,1
2026-05-01T13:39:46.890,A1,1,5192,-58.7,-75.5,-16.8,176.86,96,15401,16979,14537,17904,906,410577772,1
2026-05-01T13:39:47.010,A1,1,5193,-58.8,-78.8,-20.0,178.64,96,16532,17149,9864,20124,964,386714931,1
2026-05-01T13:39:47.100,A1,1,5194,-58.5,-77.0,-18.5,149.79,112,15759,16776,11872,18403,912,437180355,1
2026-05-01T13:39:47.220,A1,1,5195,-59.1,-77.3,-18.2,154.39,112,14459,17292,13469,18445,933,463832158,1
2026-05-01T13:39:47.340,A1,1,5196,-58.7,-76.1,-17.4,120.72,152,16188,18350,16189,21878,1002,416762520,1
2026-05-01T13:39:47.460,A1,1,5197,-58.6,-76.4,-17.8,117.33,148,13164,17365,16323,19280,938,476437288,1
2026-05-01T13:39:47.581,A1,1,5198,-58.4,-75.7,-17.3,173.62,100,15613,17362,16850,20882,969,405969300,1
2026-05-01T13:39:47.730,A1,1,5199,-58.7,-76.8,-18.1,116.41,160,17798,18625,14460,23321,1034,396240492,1
2026-05-01T13:39:47.790,A1,1,5200,-58.7,-76.2,-17.5,117.2,144,14324,16877,15204,18373,919,429333566,1
2026-05-01T13:39:47.940,A1,1,5201,-59.1,-76.7,-17.6,117.79,152,15878,17904,14311,20019,971,652198145,1
2026-05-01T13:39:48.030,A1,1,5202,-58.8,-76.5,-17.7,119.06,140,15511,16668,13818,18441,922,738948309,1
2026-05-01T13:39:48.120,A1,1,5203,-58.9,-78.5,-19.5,97.64,156,17706,15232,11334,19802,961,497498966,1
2026-05-01T13:39:48.240,A1,1,5204,-58.6,-76.0,-17.3,182.67,92,14014,16806,15725,18354,915,389411828,1
2026-05-01T13:39:48.330,A1,1,5205,-58.8,-76.1,-17.3,182.7,92,13598,16808,15564,17911,908,497004389,1
2026-05-01T13:39:48.450,A1,1,5206,-58.8,-76.1,-17.3,192.47,92,17058,17707,12992,19512,950,454755408,1
2026-05-01T13:39:48.571,A1,1,5207,-58.5,-75.9,-17.4,118.46,156,17126,18480,16774,23288,1025,756892272,1
2026-05-01T13:39:48.660,A1,1,5208,-58.6,-76.0,-17.4,120.08,140,15166,16811,14747,18510,918,433565804,1
2026-05-01T13:39:48.810,A1,1,5209,-58.6,-77.6,-19.0,178.99,92,16837,16467,10232,18710,924,406911457,1
2026-05-01T13:39:48.899,A1,1,5210,-59.1,-76.4,-17.3,121.54,136,13603,16530,15735,17851,916,459702390,1
2026-05-01T13:39:49.019,A1,1,5211,-58.8,-76.0,-17.2,127.04,140,17166,17786,13408,19799,955,428763589,1
2026-05-01T13:39:49.142,A1,1,5212,-58.6,-76.2,-17.7,194.31,88,16751,17099,12223,18657,921,461338805,1
2026-05-01T13:39:49.232,A1,1,5213,-58.6,-75.8,-17.2,181.78,92,15790,16724,13745,18017,906,415454293,1
2026-05-01T13:39:49.351,A1,1,5214,-59.1,-76.1,-17.0,116.07,152,16646,17642,15863,20798,989,450097111,1
2026-05-01T13:39:49.501,A1,1,5215,-58.7,-75.4,-16.7,178.89,96,16012,17173,14304,18258,915,399709097,1
2026-05-01T13:39:49.652,A1,1,5216,-58.8,-77.7,-18.9,176.54,104,17279,18360,12108,22023,1009,472207893,1
2026-05-01T13:39:49.710,A1,1,5217,-58.9,-75.9,-17.0,118.63,144,15709,17083,16948,20449,974,387598813,1
2026-05-01T13:39:49.800,A1,1,5218,-59.1,-76.4,-17.3,182.99,96,17047,17567,12541,19012,948,433839352,1
2026-05-01T13:39:49.921,A1,1,5219,-59.2,-76.8,-17.5,180.6,96,17039,17338,12049,18870,948,389130084,1
2026-05-01T13:39:50.010,A1,1,5220,-58.7,-75.9,-17.3,166.23,104,16752,17288,17354,22128,1006,429143631,1
2026-05-01T13:39:50.131,A1,1,5221,-59.0,-76.6,-17.6,171.46,100,16716,17146,16664,21874,1012,707947174,1
2026-05-01T13:39:50.250,A1,1,5222,-58.6,-75.9,-17.2,169.19,104,16881,17596,13287,19334,940,469843990,1
2026-05-01T13:39:50.368,A1,1,5223,-58.9,-78.2,-19.3,109.49,152,17141,16643,10066,19454,950,499470631,1
2026-05-01T13:39:50.460,A1,1,5224,-59.0,-76.3,-17.4,115.23,152,17147,17515,12731,19333,950,394470318,1
2026-05-01T13:39:50.581,A1,1,5225,-58.6,-76.2,-17.6,166.25,108,16543,17955,16648,22399,1010,392739701,1
2026-05-01T13:39:50.701,A1,1,5226,-58.6,-78.9,-20.3,166.0,104,16391,17264,9743,20536,967,414119610,1
2026-05-01T13:39:50.821,A1,1,5227,-59.1,-77.8,-18.7,162.06,96,17144,15558,12304,19074,948,398455390,1
2026-05-01T13:39:50.909,A1,1,5228,-59.0,-76.3,-17.3,153.35,108,16917,16562,17183,21580,1004,447946225,1
2026-05-01T13:39:51.089,A1,1,5229,-58.9,-76.4,-17.5,140.55,120,15008,16866,13449,17642,906,748045721,1
2026-05-01T13:39:51.122,A1,1,5230,-58.5,-75.7,-17.2,143.8,120,17794,17256,16471,22187,1003,752968159,1
2026-05-01T13:39:51.212,A1,1,5231,-58.7,-76.3,-17.6,172.98,100,13721,17298,15384,18643,926,497061040,1
2026-05-01T13:39:51.332,A1,1,5232,-58.8,-76.0,-17.2,142.51,124,14722,17671,15850,19535,950,406482170,1
2026-05-01T13:39:51.450,A1,1,5233,-58.6,-76.9,-18.4,140.9,116,17749,16344,14537,21537,989,478499943,1
2026-05-01T13:39:51.540,A1,1,5234,-58.7,-76.8,-18.1,144.85,108,17397,15644,14529,20174,963,433630306,1
2026-05-01T13:39:51.662,A1,1,5235,-58.6,-76.1,-17.5,176.1,100,17100,17610,13068,19794,949,406117953,1
2026-05-01T13:39:51.752,A1,1,5236,-58.7,-76.7,-17.9,137.21,132,16708,18112,13968,21091,985,429373581,1
2026-05-01T13:39:51.871,A1,1,5237,-59.2,-77.9,-18.7,165.68,100,16688,16568,9841,18068,927,387260531,1
2026-05-01T13:39:51.990,A1,1,5238,-58.7,-78.2,-19.5,158.88,104,17436,16523,8928,19316,941,495153415,1
2026-05-01T13:39:52.110,A1,1,5239,-59.3,-76.7,-17.3,161.5,100,16678,16150,13718,18377,938,412577825,1
2026-05-01T13:39:52.261,A1,1,5240,-59.1,-79.2,-20.1,155.77,104,18393,16200,9788,21279,1002,390009903,1
2026-05-01T13:39:52.352,A1,1,5241,-59.3,-76.5,-17.2,172.06,100,13304,17206,15914,18158,931,394637053,1
2026-05-01T13:39:52.470,A1,1,5242,-59.0,-78.1,-19.1,119.29,140,17232,16700,10047,19333,952,449546214,1
2026-05-01T13:39:52.530,A1,1,5243,-58.9,-77.6,-18.7,177.19,96,15814,17010,11135,18444,926,439716229,1
2026-05-01T13:39:52.680,A1,1,5244,-59.1,-76.3,-17.2,124.55,136,13905,16939,15449,18027,921,392754961,1
2026-05-01T13:39:52.801,A1,1,5245,-59.2,-76.4,-17.2,165.59,104,16371,17221,15833,20384,985,467274476,1
2026-05-01T13:39:52.891,A1,1,5246,-58.4,-75.8,-17.4,165.8,104,16447,17243,13611,19093,927,430491945,1
2026-05-01T13:39:52.980,A1,1,5247,-58.8,-76.3,-17.5,173.59,104,17179,18053,14028,20843,981,413049553,1
2026-05-01T13:39:53.100,A1,1,5248,-58.4,-75.6,-17.3,127.17,132,15779,16787,14264,18451,910,447508480,1
2026-05-01T13:39:53.220,A1,1,5249,-81.1,-76.5,4.6,181.37,92,16296,16686,12734,3912,919,445789132,1
2026-05-01T13:39:53.341,A1,1,5250,-59.0,-76.4,-17.3,165.04,96,16882,15844,14052,18550,933,733114763,1
2026-05-01T13:39:53.401,A1,1,5251,-58.6,-75.7,-17.1,173.14,96,14845,16621,14433,17551,895,510103603,1
2026-05-01T13:39:53.550,A1,1,5252,-58.3,-76.0,-17.6,143.32,120,16864,17198,12080,18726,915,423417851,1
2026-05-01T13:39:53.670,A1,1,5253,-58.7,-78.5,-19.8,169.5,108,17334,18306,11103,22713,1021,434039023,1
2026-05-01T13:39:53.731,A1,1,5254,-58.8,-75.9,-17.1,193.5,92,17007,17802,13352,19489,949,483990295,1
2026-05-01T13:39:53.880,A1,1,5255,-58.7,-77.6,-18.9,132.19,128,17313,16920,9982,19243,940,455747589,1
2026-05-01T13:39:54.030,A1,1,5256,-59.2,-76.2,-16.9,164.7,104,12918,17129,16133,17723,918,452607568,1
2026-05-01T13:39:54.090,A1,1,5257,-57.1,-77.4,-20.3,162.2,112,17897,18166,12346,24819,1010,395531080,1
2026-05-01T13:39:54.240,A1,1,5258,-59.0,-76.4,-17.4,159.01,104,16966,16537,17669,22219,1020,394335746,1
2026-05-01T13:39:54.330,A1,1,5259,-59.0,-76.0,-17.0,179.1,100,17110,17910,13266,19536,956,498302606,1
2026-05-01T13:39:54.450,A1,1,5260,-59.3,-76.7,-17.4,162.25,100,16961,16225,16284,20684,995,395499203,1
2026-05-01T13:39:54.540,A1,1,5261,-58.8,-75.5,-16.7,165.14,108,16072,17835,16564,20579,975,407030415,1
2026-05-01T13:39:54.659,A1,1,5262,-59.4,-76.3,-16.9,197.38,84,12792,16580,16043,17036,905,492736556,1
2026-05-01T13:39:54.781,A1,1,5263,-58.9,-75.9,-17.0,155.65,108,17263,16810,17555,21922,1010,754110472,1
2026-05-01T13:39:54.930,A1,1,5264,-58.9,-78.6,-19.7,163.52,112,17683,18314,11156,22982,1034,447901232,1
2026-05-01T13:39:54.991,A1,1,5265,-58.8,-77.0,-18.2,191.13,92,17606,17584,11198,20007,960,397209330,1
2026-05-01T13:39:55.080,A1,1,5266,-58.8,-76.4,-17.6,163.29,108,17057,17635,12790,19719,953,496280675,1
2026-05-01T13:39:55.200,A1,1,5267,-58.7,-76.3,-17.6,111.38,148,16797,16484,15868,20737,976,461598060,1
2026-05-01T13:39:55.290,A1,1,5268,-58.7,-75.8,-17.1,125.77,140,16719,17608,13890,19416,944,445877805,1
2026-05-01T13:39:55.411,A1,1,5269,-58.7,-75.6,-16.9,181.97,92,15668,16741,14072,17783,902,474503528,1
2026-05-01T13:39:55.530,A1,1,5270,-59.2,-77.5,-18.3,177.86,92,16550,16363,9888,17283,907,412638461,1
2026-05-01T13:39:55.650,A1,1,5271,-59.1,-77.4,-18.3,128.0,132,15786,16896,12010,18305,929,438220812,1
2026-05-01T13:39:55.770,A1,1,5272,-58.7,-76.7,-18.0,173.23,96,15949,16630,12899,18456,919,424221829,1
2026-05-01T13:39:55.891,A1,1,5273,-58.4,-75.5,-17.1,161.2,108,17839,17410,16415,22165,997,393706958,1
2026-05-01T13:39:55.982,A1,1,5274,-58.6,-75.6,-17.0,177.21,96,15319,17012,16706,19837,949,446364205,1
2026-05-01T13:39:56.160,A1,1,5275,-59.1,-76.3,-17.3,188.36,88,14045,16576,15582,17989,920,416403701,1
2026-05-01T13:39:56.191,A1,1,5276,-58.8,-79.3,-20.6,137.54,108,17710,14854,9376,19654,952,496673314,1
2026-05-01T13:39:56.310,A1,1,5277,-58.8,-75.7,-16.9,168.99,108,16359,18251,15947,20920,983,448218735,1
2026-05-01T13:39:56.432,A1,1,5278,-58.7,-76.4,-17.7,136.22,128,16953,17436,12579,19454,945,417331781,1
2026-05-01T13:39:56.552,A1,1,5279,-58.5,-76.0,-17.5,171.63,100,16803,17163,12474,18741,920,472274934,1
2026-05-01T13:39:56.700,A1,1,5280,-58.3,-75.8,-17.4,161.73,104,16399,16820,12816,18223,903,421151178,1
2026-05-01T13:39:56.760,A1,1,5281,-58.3,-75.7,-17.4,185.27,92,16594,17045,12961,18584,911,411165139,1
2026-05-01T13:39:56.850,A1,1,5282,-58.5,-77.8,-19.3,163.79,100,16731,16379,9098,18239,908,736444169,1
2026-05-01T13:39:56.971,A1,1,5283,-58.3,-76.6,-18.3,174.77,96,16728,16778,11599,18819,916,496060866,1
2026-05-01T13:39:57.061,A1,1,5284,-58.6,-78.4,-19.8,171.48,96,17218,16462,9285,19602,944,509125690,1
2026-05-01T13:39:57.240,A1,1,5285,-59.0,-76.3,-17.3,131.36,132,14046,17339,15408,18525,932,593225487,1
2026-05-01T13:39:57.330,A1,1,5286,-58.6,-76.0,-17.3,134.06,128,16095,17160,14059,18972,931,737479758,1
2026-05-01T13:39:57.390,A1,1,5287,-58.6,-76.7,-18.0,178.76,100,15732,17876,13769,20060,957,454228870,1
2026-05-01T13:39:57.512,A1,1,5288,-59.0,-78.8,-19.8,100.61,152,17849,15293,10724,19960,967,515852226,1
2026-05-01T13:39:57.601,A1,1,5289,-58.7,-76.1,-17.4,188.73,92,13203,17363,16618,19097,935,390848429,1
2026-05-01T13:39:57.749,A1,1,5290,-58.6,-77.0,-18.5,165.59,92,17263,15234,12973,19092,931,495172141,1
2026-05-01T13:39:57.839,A1,1,5291,-58.5,-75.6,-17.1,173.1,96,15615,16618,14142,17876,900,514089449,1
2026-05-01T13:39:57.960,A1,1,5292,-58.4,-75.4,-16.9,162.42,108,17083,17541,17090,21926,993,671811556,1
2026-05-01T13:39:58.081,A1,1,5293,-58.3,-77.1,-18.8,176.7,96,17235,16963,10408,19425,931,412849360,1
2026-05-01T13:39:58.171,A1,1,5294,-58.3,-76.8,-18.5,126.46,136,17311,17198,11290,19751,939,480370621,1
2026-05-01T13:39:58.290,A1,1,5295,-58.4,-76.3,-17.9,152.0,120,18406,18240,15127,23660,1030,468988635,1
2026-05-01T13:39:58.410,A1,1,5296,-58.6,-78.2,-19.6,165.45,100,16836,16545,9567,19163,934,736885308,1
2026-05-01T13:39:58.504,A1,1,5297,-58.3,-75.4,-17.2,167.83,104,16519,17454,16943,21595,980,472779750,1
2026-05-01T13:39:58.620,A1,1,5298,-58.4,-76.8,-18.4,127.09,132,15641,16776,12755,18677,916,413281635,1
2026-05-01T13:39:58.709,A1,1,5299,-59.0,-76.8,-17.9,121.74,136,17390,16557,16657,22363,1023,494932317,1
2026-05-01T13:39:58.829,A1,1,5300,-58.4,-76.3,-17.9,177.44,96,16541,17034,16741,22231,998,467699449,1
2026-05-01T13:39:58.950,A1,1,5301,-58.7,-75.7,-17.0,189.42,92,16467,17427,13718,18820,928,728572245,1
2026-05-01T13:39:59.042,A1,1,5302,-59.0,-75.9,-16.9,172.47,104,16810,17937,13771,19493,955,414745895,1
2026-05-01T13:39:59.162,A1,1,5303,-58.9,-75.8,-16.9,190.52,92,16559,17528,15731,20305,973,409953721,1
2026-05-01T13:39:59.310,A1,1,5304,-58.7,-77.8,-19.1,129.69,128,16638,16600,10982,19151,938,445395389,1
2026-05-01T13:39:59.399,A1,1,5305,-58.8,-76.0,-17.1,161.86,108,16689,17481,15662,20640,978,708659647,1
2026-05-01T13:40:07.560,A1,1,5306,-59.3,-76.2,-16.9,113.93,156,16787,17773,13733,19324,960,402629966,1
2026-05-01T13:40:07.680,A1,1,5307,-58.8,-76.6,-17.8,111.38,148,16728,16484,17709,22583,1022,758205002,1
2026-05-01T13:40:07.770,A1,1,5308,-59.1,-76.2,-17.1,135.4,124,14614,16790,14157,17333,903,735004497,1
2026-05-01T13:40:07.890,A1,1,5309,-58.5,-76.0,-17.5,145.17,124,17847,18001,17277,24029,1042,469636759,1
2026-05-01T13:40:07.980,A1,1,5310,-58.8,-75.5,-16.6,155.68,108,15689,16813,14330,17656,904,435481129,1
2026-05-01T13:40:08.100,A1,1,5311,-58.7,-79.4,-20.6,135.93,116,18190,15768,9087,21018,983,623414260,1
2026-05-01T13:40:08.160,A1,1,5312,-58.6,-77.4,-18.9,158.49,100,17682,15849,12583,20274,960,421105318,1
2026-05-01T13:40:08.279,A1,1,5313,-58.8,-76.5,-17.8,100.43,172,16493,17274,16224,21687,1000,476054701,1
2026-05-01T13:40:08.369,A1,1,5314,-59.0,-75.7,-16.6,187.78,88,14443,16525,15036,17050,895,493696376,1
2026-05-01T13:40:08.491,A1,1,5315,-58.7,-78.2,-19.5,173.8,100,15631,17380,10673,19381,944,447632327,1
2026-05-01T13:40:08.582,A1,1,5316,-58.7,-76.4,-17.7,160.88,100,16959,16088,16200,20947,979,445262707,1
2026-05-01T13:40:08.701,A1,1,5317,-59.2,-79.1,-19.9,177.79,100,15722,17779,10461,20293,980,408648269,1
2026-05-01T13:40:08.819,A1,1,5318,-58.7,-76.5,-17.7,165.77,108,15997,17903,14065,20081,961,492643305,1
2026-05-01T13:40:08.940,A1,1,5319,-58.8,-78.2,-19.3,179.7,104,18923,18689,11653,24445,1064,442027801,1
2026-05-01T13:40:09.061,A1,1,5320,-58.8,-75.9,-17.1,122.16,140,16063,17103,13840,18401,923,405621491,1
2026-05-01T13:40:09.152,A1,1,5321,-58.4,-76.3,-17.9,145.44,116,17739,16871,15980,22454,1005,500106822,1
2026-05-01T13:40:09.269,A1,1,5322,-59.1,-77.0,-17.9,128.49,140,16185,17989,13506,20108,974,412674842,1
2026-05-01T13:40:09.360,A1,1,5323,-58.5,-76.6,-18.0,148.7,112,15192,16654,13120,18043,905,751009392,1
2026-05-01T13:40:09.480,A1,1,5324,-58.5,-75.9,-17.3,152.68,120,18000,18321,17125,24057,1045,493828912,1
2026-05-01T13:40:09.602,A1,1,5325,-59.1,-76.1,-17.0,184.17,96,16557,17680,13750,19096,949,417287208,1
2026-05-01T13:40:09.719,A1,1,5326,-59.0,-76.2,-17.2,159.85,104,14079,16624,14808,17412,902,726673085,1
2026-05-01T13:40:09.810,A1,1,5327,-58.6,-75.6,-17.0,162.4,108,17161,17539,17179,22102,1004,512794485,1
2026-05-01T13:40:09.899,A1,1,5328,-66.1,-76.5,-10.3,129.14,136,14952,17563,14798,11687,947,426995248,1
2026-05-01T13:40:10.020,A1,1,5329,-59.4,-78.1,-18.7,113.94,140,16773,15952,10307,17800,926,450763963,1
2026-05-01T13:40:10.139,A1,1,5330,-58.9,-75.7,-16.9,173.13,100,16712,17313,13004,18289,921,466510347,1
2026-05-01T13:40:10.320,A1,1,5331,-59.4,-76.5,-17.1,180.41,100,16216,18041,14503,19876,978,441685186,1
2026-05-01T13:40:10.438,A1,1,5332,-59.5,-77.0,-17.5,124.4,140,14378,17416,14030,18008,935,434675499,1
2026-05-01T13:40:10.530,A1,1,5333,-59.2,-76.3,-17.1,177.78,100,16979,17778,13467,19595,964,398013839,1
2026-05-01T13:40:10.652,A1,1,5334,-58.8,-77.6,-18.8,115.44,156,18625,18009,12555,23147,1035,472940618,1
2026-05-01T13:40:10.771,A1,1,5335,-59.3,-77.0,-17.8,121.36,140,16612,16991,12885,19031,953,386175232,1
2026-05-01T13:40:10.889,A1,1,5336,-59.2,-76.3,-17.1,173.22,96,12727,16629,15906,17219,904,409724818,1
2026-05-01T13:40:11.010,A1,1,5337,-59.0,-76.0,-17.0,119.92,152,15653,18228,16621,21064,994,398670072,1
2026-05-01T13:40:11.105,A1,1,5338,-58.8,-78.5,-19.7,122.76,144,18656,17677,11181,23367,1038,406451642,1
2026-05-01T13:40:11.220,A1,1,5339,-58.9,-78.8,-19.9,148.86,100,17404,14886,9674,18699,932,489107964,1
2026-05-01T13:40:11.339,A1,1,5340,-58.5,-77.4,-18.9,116.22,152,18440,17666,12918,23009,1020,388309326,1
2026-05-01T13:40:11.430,A1,1,5341,-58.8,-78.0,-19.2,115.75,132,17433,15279,11787,19407,947,494780283,1
2026-05-01T13:40:11.580,A1,1,5342,-59.2,-78.1,-18.9,173.88,92,16434,15997,9336,17217,904,721826883,1
2026-05-01T13:40:11.671,A1,1,5343,-59.3,-76.4,-17.1,129.48,128,14878,16573,14412,17457,914,473309466,1
2026-05-01T13:40:11.790,A1,1,5344,-59.6,-76.7,-17.1,145.36,120,14557,17443,14583,18145,940,466608503,1
2026-05-01T13:40:11.910,A1,1,5345,-57.4,-79.3,-21.9,158.62,108,16224,17131,9383,22320,969,455197335,1
2026-05-01T13:40:12.029,A1,1,5346,-59.2,-80.1,-20.9,121.88,124,18075,15113,8548,20364,982,450372827,1
2026-05-01T13:40:12.121,A1,1,5347,-59.0,-76.3,-17.3,178.42,92,13337,16415,15542,17418,903,602717861,1
2026-05-01T13:40:12.271,A1,1,5348,-59.2,-76.7,-17.5,137.62,128,15049,17616,14241,18844,947,761033891,1
2026-05-01T13:40:12.359,A1,1,5349,-59.1,-76.2,-17.1,130.64,136,17343,17767,12827,19470,957,404864407,1
2026-05-01T13:40:12.449,A1,1,5350,-59.2,-76.9,-17.6,166.72,100,16346,16672,13470,18720,944,495073559,1
2026-05-01T13:40:12.569,A1,1,5351,-58.7,-76.0,-17.2,174.48,96,16330,16750,12709,17773,904,422990715,1
2026-05-01T13:40:12.659,A1,1,5352,-58.8,-78.9,-20.1,105.81,160,18478,16929,10446,22552,1021,729385033,1
2026-05-01T13:40:12.782,A1,1,5353,-59.1,-76.0,-16.9,184.75,92,13307,16997,15653,17395,907,402509372,1
2026-05-01T13:40:12.870,A1,1,5354,-59.0,-76.3,-17.3,153.29,112,16511,17169,15725,20529,981,443421747,1
2026-05-01T13:40:12.990,A1,1,5355,-58.4,-75.9,-17.5,155.85,112,18000,17455,15473,22155,997,424310329,1
2026-05-01T13:40:13.080,A1,1,5356,-58.5,-79.5,-21.0,143.73,112,18311,16098,9126,22048,998,753946714,1
2026-05-01T13:40:13.202,A1,1,5357,-58.6,-79.2,-20.6,117.18,148,16289,17343,9675,20874,974,750154817,1
2026-05-01T13:40:13.320,A1,1,5358,-58.6,-75.9,-17.3,130.18,136,14862,17705,16058,19955,953,428501508,1
2026-05-01T13:40:21.419,A1,1,5359,-59.4,-76.0,-16.6,122.71,144,14205,17670,16583,18975,955,469624617,1
2026-05-01T13:40:21.538,A1,1,5360,-59.4,-79.5,-20.2,161.26,92,17276,14836,8124,17949,928,404217608,1
2026-05-01T13:40:21.630,A1,1,5361,-59.1,-76.1,-17.0,115.94,144,17268,16695,17367,21659,1012,453765134,1
2026-05-01T13:40:21.779,A1,1,5362,-59.3,-76.3,-17.0,152.83,116,16730,17728,15973,20947,1002,390006820,1
2026-05-01T13:40:21.900,A1,1,5363,-59.6,-77.7,-18.1,146.31,108,16662,15801,10698,17080,913,445712288,1
2026-05-01T13:40:21.990,A1,1,5364,-59.5,-76.9,-17.4,132.97,136,16550,18084,13629,19979,984,395680474,1
2026-05-01T13:40:22.141,A1,1,5365,-59.6,-76.7,-17.2,171.94,100,16895,17194,11870,18034,937,390080483,1
2026-05-01T13:40:22.230,A1,1,5366,-59.1,-76.3,-17.2,112.97,148,14003,16720,15331,17794,916,732935792,1
2026-05-01T13:40:22.380,A1,1,5367,-59.4,-76.1,-16.7,177.1,100,16814,17710,14925,19743,976,403352530,1
2026-05-01T13:40:22.468,A1,1,5368,-59.2,-78.1,-18.9,112.11,148,16456,16593,10394,18458,936,390584802,1
2026-05-01T13:40:22.559,A1,1,5369,-59.2,-76.6,-17.4,178.39,92,12570,16412,15791,17138,903,409775643,1
2026-05-01T13:40:22.680,A1,1,5370,-59.2,-76.2,-17.1,124.72,148,17007,18459,15660,21714,1014,405045048,1
2026-05-01T13:40:22.768,A1,1,5371,-58.6,-78.2,-19.5,124.61,132,16628,16448,9877,18960,930,538344686,1
2026-05-01T13:40:22.890,A1,1,5372,-58.8,-78.1,-19.2,172.53,96,16488,16563,10313,18806,933,635854617,1
2026-05-01T13:40:23.010,A1,1,5373,-59.2,-76.3,-17.1,125.75,144,17035,18108,14808,20802,994,406467086,1
2026-05-01T13:40:23.129,A1,1,5374,-58.9,-75.6,-16.8,159.51,108,16005,17227,13969,18182,918,492251231,1
2026-05-01T13:40:23.250,A1,1,5375,-59.0,-76.5,-17.5,141.92,124,17231,17598,12420,19411,954,519997668,1
2026-05-01T13:40:23.429,A1,1,5376,-59.7,-78.0,-18.2,137.24,120,16660,16469,9963,17415,926,398156653,1
2026-05-01T13:40:23.459,A1,1,5377,-59.0,-76.1,-17.2,143.11,124,17426,17746,12625,19456,953,492734966,1
2026-05-01T13:40:23.549,A1,1,5378,-58.8,-76.4,-17.6,128.8,132,17339,17001,17082,22665,1024,490608844,1
2026-05-01T13:40:23.670,A1,1,5379,-59.0,-77.6,-18.6,183.33,96,15066,17600,12518,19110,946,447177213,1
2026-05-01T13:40:23.880,A1,1,5380,-59.2,-76.4,-17.2,124.58,140,16833,17441,13867,19496,963,770557198,1
2026-05-01T13:40:23.911,A1,1,5381,-58.8,-75.6,-16.8,129.96,136,14617,17675,16294,19262,944,405869407,1
2026-05-01T13:40:23.999,A1,1,5382,-59.1,-77.0,-17.9,120.73,144,17209,17385,11466,19176,952,630573805,1
2026-05-01T13:40:24.088,A1,1,5383,-58.6,-75.9,-17.3,113.4,156,18073,17690,16436,22951,1022,491683269,1
2026-05-01T13:40:24.210,A1,1,5384,-59.0,-77.4,-18.4,183.88,92,17358,16917,10095,18737,937,468272630,1
2026-05-01T13:40:24.335,A1,1,5385,-58.9,-76.9,-17.9,114.52,164,18397,18782,14656,23816,1054,470808053,1
2026-05-01T13:40:24.479,A1,1,5386,-59.0,-76.3,-17.3,175.45,100,17236,17545,12244,19024,944,421829379,1
2026-05-01T13:40:24.568,A1,1,5387,-58.8,-76.6,-17.8,124.42,140,17309,17419,11797,19318,945,732879344,1
2026-05-01T13:40:24.628,A1,1,5388,-58.7,-75.5,-16.8,166.03,104,15926,17267,14242,18357,918,428522361,1
2026-05-01T13:40:24.751,A1,1,5389,-58.6,-75.9,-17.3,136.4,124,16332,16913,12813,18064,908,427993475,1
2026-05-01T13:40:24.873,A1,1,5390,-58.9,-78.0,-19.1,108.37,156,18277,16906,12167,21952,1011,471052164,1
2026-05-01T13:40:24.959,A1,1,5391,-77.6,-77.6,-0.0,122.86,140,17541,17200,10330,5420,958,482445270,1
2026-05-01T13:40:25.080,A1,1,5392,-59.0,-78.1,-19.1,143.71,120,15335,17245,11175,18795,939,410051804,1
2026-05-01T13:40:25.171,A1,1,5393,-58.7,-77.5,-18.8,143.25,116,17128,16617,9990,18677,925,440963974,1
2026-05-01T13:40:25.291,A1,1,5394,-58.6,-75.9,-17.4,117.69,148,16095,17418,16966,21539,989,445295200,1
2026-05-01T13:40:25.381,A1,1,5395,-59.4,-77.5,-18.1,127.44,140,15673,17841,13160,19646,971,521807881,1
2026-05-01T13:40:25.529,A1,1,5396,-58.9,-77.0,-18.1,186.45,92,17237,17153,10658,18787,934,440285888,1
2026-05-01T13:40:25.619,A1,1,5397,-59.0,-76.4,-17.4,122.45,148,16162,18122,15247,20874,987,441477851,1
2026-05-01T13:40:25.739,A1,1,5398,-59.1,-78.8,-19.7,131.92,140,18069,18469,11202,23532,1055,387603935,1
2026-05-01T13:40:25.831,A1,1,5399,-58.7,-75.8,-17.1,119.46,152,16796,18158,16686,22166,1008,602928305,1
2026-05-01T13:40:25.950,A1,1,5400,-59.0,-76.1,-17.1,139.13,120,14650,16696,14942,17846,914,462569461,1
2026-05-01T13:40:26.069,A1,1,5401,-58.7,-75.9,-17.1,128.78,140,14970,18029,16836,20754,977,449349809,1
2026-05-01T13:40:26.189,A1,1,5402,-59.1,-77.5,-18.4,158.6,108,15034,17129,12244,18192,926,395332165,1
2026-05-01T13:40:26.311,A1,1,5403,-58.8,-75.9,-17.1,138.73,124,15662,17202,14029,18295,919,491627185,1
2026-05-01T13:40:26.430,A1,1,5404,-59.4,-76.8,-17.4,171.98,96,12455,16510,15788,17191,909,396603723,1
2026-05-01T13:40:26.579,A1,1,5405,-59.1,-79.4,-20.3,104.42,144,17382,15036,8284,18496,933,459977088,1
2026-05-01T13:40:26.639,A1,1,5406,-58.8,-76.1,-17.3,121.93,144,15913,17558,14334,19314,944,491951927,1
2026-05-01T13:40:26.728,A1,1,5407,-58.5,-76.1,-17.6,108.64,152,15687,16513,17210,20916,974,426894066,1
2026-05-01T13:40:26.879,A1,1,5408,-59.0,-76.0,-17.0,157.05,112,14285,17590,15920,18890,942,454764700,1
2026-05-01T13:40:26.971,A1,1,5409,-59.0,-76.0,-17.0,173.48,96,13962,16654,15218,17326,902,454432604,1
2026-05-01T13:40:27.120,A1,1,5410,-59.8,-77.2,-17.5,134.15,124,16479,16634,11727,17467,929,703639229,1
2026-05-01T13:40:27.208,A1,1,5411,-59.3,-78.2,-18.9,174.62,92,16360,16065,9331,17202,907,425939650,1
2026-05-01T13:40:27.301,A1,1,5412,-59.1,-78.4,-19.3,170.01,104,15745,17681,11041,19788,966,467122945,1
2026-05-01T13:40:27.421,A1,1,5413,-58.9,-77.7,-18.7,125.02,136,15862,17003,11727,18874,938,426262961,1
2026-05-01T13:40:27.539,A1,1,5414,-58.9,-79.6,-20.7,137.3,132,17057,18123,9919,22821,1032,496873327,1
2026-05-01T13:40:27.659,A1,1,5415,-59.4,-77.4,-18.0,149.96,112,17035,16795,9911,17769,924,403749389,1
2026-05-01T13:40:27.750,A1,1,5416,-58.8,-76.7,-17.9,187.7,92,17345,17268,11093,18992,935,409362419,1
2026-05-01T13:40:27.839,A1,1,5417,-58.9,-77.4,-18.5,126.86,144,18593,18268,13110,23346,1042,425902060,1
2026-05-01T13:40:27.960,A1,1,5418,-59.0,-76.1,-17.1,143.78,124,17043,17829,13431,19641,959,463365407,1
2026-05-01T13:40:28.080,A1,1,5419,-58.9,-75.7,-16.9,174.96,104,16416,18196,16034,20998,987,424202872,1
2026-05-01T13:40:28.169,A1,1,5420,-58.7,-76.2,-17.5,110.18,156,17857,17188,15731,21974,1005,751262939,1
2026-05-01T13:40:28.290,A1,1,5421,-59.1,-76.0,-16.9,119.38,152,16125,18146,15807,20556,986,402378696,1
2026-05-01T13:40:28.381,A1,1,5422,-59.0,-76.6,-17.6,142.13,124,17409,17624,11977,19538,956,416154808,1
2026-05-01T13:40:28.501,A1,1,5423,-59.0,-76.8,-17.9,148.81,124,17825,18452,13752,22209,1019,484917800,1
2026-05-01T13:40:36.599,A1,1,5424,-59.4,-76.0,-16.6,135.26,132,14721,17854,16453,19363,964,442761544,1
2026-05-01T13:40:36.719,A1,1,5425,-58.9,-76.3,-17.4,117.04,156,16541,18258,17906,23562,1048,460959565,1
2026-05-01T13:40:36.840,A1,1,5426,-59.3,-76.9,-17.6,109.37,148,16038,16187,17899,21675,1018,394297805,1
2026-05-01T13:40:36.989,A1,1,5427,-59.6,-76.6,-17.0,134.77,128,12857,17251,16350,18020,937,492574864,1
2026-05-01T13:40:37.138,A1,1,5428,-59.3,-76.0,-16.8,132.96,136,15742,18082,15681,19936,975,522394196,1
2026-05-01T13:40:37.230,A1,1,5429,-59.5,-75.9,-16.5,149.11,116,16584,17297,13362,17930,931,452709237,1
2026-05-01T13:40:37.350,A1,1,5430,-59.1,-76.0,-16.8,126.38,140,18017,17693,15945,21781,1015,707770611,1
2026-05-01T13:40:37.440,A1,1,5431,-59.4,-78.5,-19.1,107.79,140,17573,15090,11778,19246,962,471791932,1
2026-05-01T13:40:37.528,A1,1,5432,-58.9,-76.0,-17.2,137.4,128,16895,17587,13237,19221,945,729619189,1
2026-05-01T13:40:37.649,A1,1,5433,-59.2,-77.7,-18.5,124.29,140,15016,17400,12555,18734,943,493048910,1
2026-05-01T13:40:37.740,A1,1,5434,-58.8,-76.6,-17.8,158.08,104,16946,16440,17330,22397,1016,471501999,1
2026-05-01T13:40:37.860,A1,1,5435,-59.2,-77.3,-18.0,107.92,144,17218,15540,14153,19593,965,438949554,1
2026-05-01T13:40:38.009,A1,1,5436,-59.4,-75.7,-16.3,189.54,92,14126,17438,16032,17877,928,405525046,1
2026-05-01T13:40:38.069,A1,1,5437,-59.2,-76.6,-17.4,111.26,144,17290,16022,16335,20876,995,617262419,1
2026-05-01T13:40:38.158,A1,1,5438,-59.4,-76.2,-16.8,120.56,144,14019,17361,15671,18166,934,443056681,1
2026-05-01T13:40:38.279,A1,1,5439,-58.9,-77.9,-19.1,167.41,100,17707,16741,9186,19330,947,443839639,1
2026-05-01T13:40:38.400,A1,1,5440,-58.7,-76.1,-17.4,160.89,108,18008,17376,14795,21440,991,387676740,1
2026-05-01T13:40:38.520,A1,1,5441,-59.0,-75.6,-16.6,157.41,108,16098,17000,13615,17616,909,444125699,1
2026-05-01T13:40:38.699,A1,1,5442,-59.7,-76.2,-16.5,161.85,104,12631,16832,16172,16828,908,769713612,1
2026-05-01T13:40:38.758,A1,1,5443,-58.9,-75.8,-16.8,164.1,104,16071,17066,13614,17943,915,466642179,1
2026-05-01T13:40:38.850,A1,1,5444,-59.4,-76.0,-16.6,173.99,104,16613,18095,14809,19789,976,420478755,1
2026-05-01T13:40:38.969,A1,1,5445,-58.9,-77.1,-18.2,180.43,96,14731,17321,12945,18407,925,434546146,1
2026-05-01T13:40:39.059,A1,1,5446,-59.2,-76.4,-17.2,125.99,140,16614,17638,16393,21427,1010,506979848,1
2026-05-01T13:40:39.179,A1,1,5447,-59.8,-76.6,-16.8,114.76,156,17034,17902,14073,19723,987,388725497,1
2026-05-01T13:40:39.299,A1,1,5448,-59.3,-78.5,-19.2,121.33,132,16783,16015,9423,18012,928,731212276,1
2026-05-01T13:40:39.421,A1,1,5449,-58.7,-75.6,-17.0,195.72,88,16403,17223,13576,18459,919,489303865,1
2026-05-01T13:40:39.479,A1,1,5450,-58.7,-79.3,-20.6,129.46,136,15974,17607,9935,20988,982,415974937,1
2026-05-01T13:40:39.571,A1,1,5451,-58.3,-75.9,-17.6,172.86,96,15634,16595,17187,20988,968,418856115,1
2026-05-01T13:40:39.688,A1,1,5452,-59.0,-76.8,-17.8,136.25,132,17219,17985,13074,20641,982,467456141,1
2026-05-01T13:40:39.778,A1,1,5453,-59.1,-79.0,-19.9,178.23,100,16186,17823,10308,20711,988,408109060,1
2026-05-01T13:40:39.900,A1,1,5454,-58.4,-77.4,-18.9,173.35,96,16790,16642,10488,18868,922,440730770,1
2026-05-01T13:40:40.019,A1,1,5455,-59.3,-76.6,-17.3,185.52,92,16859,17068,11690,17958,926,436161898,1
2026-05-01T13:40:40.108,A1,1,5456,-59.0,-77.8,-18.8,187.24,92,14922,17226,12125,18645,934,394284699,1
2026-05-01T13:40:40.259,A1,1,5457,-58.9,-76.4,-17.5,163.05,108,17055,17609,12595,19454,950,448101501,1
2026-05-01T13:40:40.349,A1,1,5458,-58.9,-75.6,-16.7,187.0,92,16410,17204,13728,18227,920,490275683,1
2026-05-01T13:40:40.440,A1,1,5459,-58.3,-75.6,-17.3,186.18,92,16536,17129,13148,18630,911,488920389,1
2026-05-01T13:40:40.561,A1,1,5460,-58.9,-78.5,-19.6,127.65,132,16936,16850,9489,19585,953,466191218,1
2026-05-01T13:40:40.679,A1,1,5461,-59.2,-78.5,-19.3,185.0,92,16238,17020,9870,18783,945,431412275,1
2026-05-01T13:40:40.739,A1,1,5462,-59.2,-76.0,-16.8,184.46,92,12981,16970,16010,17313,908,531925376,1
2026-05-01T13:40:40.859,A1,1,5463,-59.0,-76.6,-17.6,121.8,136,13250,16565,15841,18010,918,402850910,1
2026-05-01T13:40:40.950,A1,1,5464,-58.8,-75.8,-17.0,187.84,92,16434,17281,15417,19957,960,477488604,1
2026-05-01T13:40:41.070,A1,1,5465,-59.2,-76.3,-17.0,184.66,96,17070,17727,12958,19132,954,707641950,1
2026-05-01T13:40:41.159,A1,1,5466,-59.2,-76.3,-17.2,142.91,116,14902,16578,13793,17184,902,424719150,1
2026-05-01T13:40:41.309,A1,1,5467,-59.0,-78.1,-19.2,192.17,88,18264,16911,11304,21446,1001,393932062,1
2026-05-01T13:40:41.399,A1,1,5468,-59.2,-76.7,-17.5,181.46,96,14667,17420,13582,17982,923,401885223,1
2026-05-01T13:40:41.488,A1,1,5469,-59.1,-79.4,-20.3,142.2,128,17626,18202,9850,22974,1040,682057143,1
2026-05-01T13:40:41.580,A1,1,5470,-59.2,-76.2,-17.0,184.32,92,13312,16957,15683,17529,912,441845379,1
2026-05-01T13:40:41.698,A1,1,5471,-58.9,-79.2,-20.2,164.68,112,18420,18444,10339,24300,1064,446621385,1
2026-05-01T13:40:41.849,A1,1,5472,-58.9,-76.2,-17.3,139.26,128,16749,17825,15833,21412,998,466927141,1
2026-05-01T13:40:41.908,A1,1,5473,-59.0,-75.6,-16.6,186.78,96,15631,17931,16417,20062,969,498142609,1
2026-05-01T13:40:42.030,A1,1,5474,-59.1,-76.6,-17.6,172.75,96,16958,16584,16875,21740,1012,385846893,1
2026-05-01T13:40:42.149,A1,1,5475,-59.0,-75.6,-16.5,201.58,84,15259,16933,14561,17502,906,419040835,1
2026-05-01T13:40:42.298,A1,1,5476,-59.1,-77.0,-18.0,135.06,124,15952,16747,12453,18225,926,466995136,1
2026-05-01T13:40:42.358,A1,1,5477,-59.2,-76.5,-17.3,171.42,96,12503,16456,15954,17218,903,465779158,1
2026-05-01T13:40:42.479,A1,1,5478,-58.9,-76.4,-17.5,130.07,128,15123,16649,14093,17964,915,464967799,1
2026-05-01T13:40:42.598,A1,1,5479,-59.3,-76.0,-16.7,171.37,100,16355,17137,15772,19542,966,435362735,1
2026-05-01T13:40:42.719,A1,1,5480,-59.0,-79.1,-20.1,116.49,148,18694,17241,10223,23013,1038,525813126,1
2026-05-01T13:40:42.868,A1,1,5481,-58.8,-77.9,-19.1,175.07,96,17378,16807,9465,19232,942,444795009,1
2026-05-01T13:40:42.959,A1,1,5482,-59.0,-76.3,-17.3,128.4,132,16513,16949,16305,20857,987,489752839,1
2026-05-01T13:40:43.049,A1,1,5483,-59.2,-78.7,-19.4,114.4,132,17499,15101,10475,18826,947,412302737,1
2026-05-01T13:40:43.138,A1,1,5484,-82.8,-78.9,3.8,124.79,132,18242,16472,10351,4168,1004,415460042,1
2026-05-01T13:40:43.289,A1,1,5485,-59.1,-75.8,-16.7,199.32,92,16793,18337,15792,20929,995,754450491,1
2026-05-01T13:40:43.378,A1,1,5486,-58.8,-77.2,-18.3,187.32,88,16754,16484,10773,18105,916,425884085,1
2026-05-01T13:40:43.498,A1,1,5487,-59.3,-76.6,-17.2,132.02,132,16423,17426,17144,21741,1021,406159634,1
2026-05-01T13:40:43.618,A1,1,5488,-59.0,-77.2,-18.2,190.0,88,16989,16720,9714,17776,913,511142667,1
2026-05-01T13:40:43.769,A1,1,5489,-59.2,-76.1,-16.8,170.15,104,16818,17696,14307,19549,965,392381389,1
2026-05-01T13:40:43.859,A1,1,5490,-58.8,-76.1,-17.2,180.32,92,14535,16589,14763,17652,904,460810470,1
2026-05-01T13:40:43.948,A1,1,5491,-58.8,-76.3,-17.5,192.82,92,17432,17739,12603,19903,959,728286733,1
2026-05-01T13:40:44.068,A1,1,5492,-58.6,-75.7,-17.1,142.31,124,17914,17646,15865,21952,999,748065547,1
2026-05-01T13:40:44.161,A1,1,5493,-58.9,-76.0,-17.1,124.58,140,15885,17441,14250,18922,937,423984322,1
2026-05-01T13:40:44.280,A1,1,5494,-58.7,-79.7,-21.0,188.88,96,17046,18132,9983,23405,1036,761524984,1
2026-05-01T13:40:44.428,A1,1,5495,-58.7,-76.3,-17.6,193.45,88,12566,17024,16367,18444,919,422856117,1
2026-05-01T13:40:44.458,A1,1,5496,-58.5,-78.1,-19.5,155.49,100,17778,15549,11279,20161,956,472506333,1
2026-05-01T13:40:44.578,A1,1,5497,-58.7,-78.3,-19.6,172.2,96,16826,16531,9739,19240,940,404298036,1
2026-05-01T13:40:44.670,A1,1,5498,-58.5,-79.0,-20.5,136.45,128,16084,17465,9926,20761,969,489215890,1
2026-05-01T13:40:44.790,A1,1,5499,-59.0,-76.4,-17.4,114.03,156,16605,17788,16556,21987,1015,448907423,1
2026-05-01T13:40:44.910,A1,1,5500,-58.8,-76.6,-17.8,105.23,160,16802,16837,17344,22590,1022,386998553,1
2026-05-01T13:40:45.029,A1,1,5501,-58.7,-79.7,-21.0,152.88,100,18108,15288,9069,20916,979,713824654,1
2026-05-01T13:40:45.120,A1,1,5502,-59.0,-77.0,-18.0,141.42,120,16736,16970,12889,19402,954,399886599,1
2026-05-01T13:40:45.241,A1,1,5503,-58.3,-75.9,-17.5,171.07,96,13995,16423,15238,17864,894,482755321,1
2026-05-01T13:40:45.329,A1,1,5504,-58.5,-75.9,-17.4,180.73,100,17100,18073,13987,20653,967,418832506,1
2026-05-01T13:40:45.449,A1,1,5505,-58.6,-76.3,-17.7,169.89,100,16754,16989,17811,22993,1022,407469131,1
2026-05-01T13:40:45.538,A1,1,5506,-58.4,-75.6,-17.2,196.36,88,15136,17280,14734,18635,914,470896658,1
2026-05-01T13:40:45.630,A1,1,5507,-58.9,-77.9,-19.0,116.74,140,16507,16343,9637,17982,914,407029227,1
2026-05-01T13:40:45.748,A1,1,5508,-58.2,-75.6,-17.4,187.66,92,15608,17265,14520,19076,920,482470336,1
2026-05-01T13:40:45.839,A1,1,5509,-57.9,-75.5,-17.6,169.55,100,16195,16955,13442,18842,904,501981040,1
2026-05-01T13:40:45.958,A1,1,5510,-58.3,-75.7,-17.5,131.44,140,18200,18401,16917,24366,1042,456109981,1
2026-05-01T13:40:46.078,A1,1,5511,-58.4,-76.9,-18.5,121.83,136,16149,16569,12391,18851,921,730080073,1
2026-05-01T13:40:46.170,A1,1,5512,-83.4,-76.2,7.2,155.58,112,16996,17425,12441,3471,935,439584769,1
2026-05-01T13:40:46.261,A1,1,5513,-58.8,-79.6,-20.8,115.72,156,16695,18053,10226,22725,1024,413453154,1
2026-05-01T13:40:46.379,A1,1,5514,-58.7,-75.8,-17.2,159.67,104,13862,16606,15378,17584,897,401234485,1
2026-05-01T13:40:46.499,A1,1,5515,-59.1,-76.5,-17.3,137.39,120,15297,16487,14050,17782,916,391936183,1
2026-05-01T13:40:46.619,A1,1,5516,-58.5,-76.5,-17.9,173.96,100,17039,17396,11834,19265,935,442151048,1
2026-05-01T13:40:46.709,A1,1,5517,-59.0,-75.6,-16.7,177.7,100,17082,17770,13245,18882,939,457338206,1
2026-05-01T13:40:46.860,A1,1,5518,-59.2,-78.1,-19.0,182.62,92,16235,16801,10306,18431,935,442836464,1
2026-05-01T13:40:46.978,A1,1,5519,-58.9,-79.2,-20.3,124.73,144,16327,17961,10409,21672,1004,436186796,1
2026-05-01T13:40:47.099,A1,1,5520,-58.7,-76.4,-17.7,158.35,112,17926,17735,15982,23162,1030,450515067,1
2026-05-01T13:40:47.219,A1,1,5521,-59.0,-76.2,-17.2,188.81,88,12324,16615,16047,17138,897,708974859,1
2026-05-01T13:40:47.310,A1,1,5522,-58.9,-76.1,-17.2,180.25,92,12710,16583,15974,17331,898,470559978,1
2026-05-01T13:40:47.430,A1,1,5523,-59.2,-76.1,-17.0,140.17,124,16570,17381,15207,19889,971,388878915,1
2026-05-01T13:40:47.549,A1,1,5524,-57.3,-75.5,-18.2,123.56,140,17033,17298,13077,20425,922,406891561,1
2026-05-01T13:40:47.670,A1,1,5525,-59.2,-80.0,-20.8,116.96,128,17956,14971,8581,19929,973,435744539,1
2026-05-01T13:40:47.759,A1,1,5526,-59.3,-76.9,-17.6,185.82,92,16819,17095,11602,18268,934,424312432,1
2026-05-01T13:40:47.880,A1,1,5527,-59.5,-77.1,-17.6,178.27,92,16341,16401,12597,17908,931,489070736,1
2026-05-01T13:40:47.969,A1,1,5528,-59.1,-75.9,-16.8,118.67,140,14457,16614,15281,17461,908,648291194,1
2026-05-01T13:40:48.088,A1,1,5529,-58.9,-77.7,-18.8,129.5,132,15630,17094,11586,18702,934,487403808,1
2026-05-01T13:40:48.178,A1,1,5530,-58.6,-75.6,-17.1,205.54,84,16582,17265,13153,18490,917,423473941,1
2026-05-01T13:40:48.300,A1,1,5531,-58.7,-78.3,-19.6,194.31,88,16066,17099,10138,19265,940,456947773,1
2026-05-01T13:40:48.449,A1,1,5532,-58.8,-77.4,-18.6,113.85,144,17910,16395,13000,20910,984,765682885,1
2026-05-01T13:40:48.539,A1,1,5533,-58.9,-76.2,-17.3,121.97,128,17211,15612,15915,20004,964,402404275,1
2026-05-01T13:40:48.629,A1,1,5534,-58.5,-77.2,-18.7,203.86,84,17553,17124,10064,19567,941,500919868,1
2026-05-01T13:40:48.749,A1,1,5535,-58.9,-76.1,-17.2,193.91,88,13127,17064,16194,18171,918,385660857,1
2026-05-01T13:40:48.870,A1,1,5536,-58.9,-77.3,-18.4,175.48,88,17052,15442,12415,18577,930,471300496,1
2026-05-01T13:40:48.959,A1,1,5537,-58.5,-76.6,-18.1,105.14,156,17343,16402,16698,22587,1011,423878387,1
2026-05-01T13:40:49.049,A1,1,5538,-58.8,-77.1,-18.3,112.15,140,17100,15701,13491,19508,949,425865695,1
2026-05-01T13:40:49.169,A1,1,5539,-58.7,-76.4,-17.7,124.61,144,16295,17944,14100,20356,967,488119640,1
2026-05-01T13:40:49.259,A1,1,5540,-58.4,-76.1,-17.8,115.4,144,15606,16617,13969,18590,913,447741998,1
2026-05-01T13:40:49.350,A1,1,5541,-58.9,-76.8,-17.9,109.84,152,16517,16695,14285,19794,960,423628011,1
2026-05-01T13:40:49.470,A1,1,5542,-58.6,-76.2,-17.6,124.47,144,17302,17924,13264,20503,966,415550324,1
2026-05-01T13:40:49.558,A1,1,5543,-58.6,-76.8,-18.2,107.67,148,17010,15935,13814,19622,947,424058769,1
2026-05-01T13:40:49.649,A1,1,5544,-58.7,-75.9,-17.3,121.72,144,14062,17528,16198,19291,940,473253734,1
2026-05-01T13:40:49.769,A1,1,5545,-58.5,-76.2,-17.7,115.29,164,18387,18907,16475,24976,1063,766246265,1
2026-05-01T13:40:49.888,A1,1,5546,-58.4,-76.2,-17.7,197.08,88,17259,17343,11761,19157,928,442477032,1
2026-05-01T13:40:50.009,A1,1,5547,-59.2,-76.5,-17.3,125.14,140,14414,17519,15242,18828,945,476597940,1
2026-05-01T13:40:50.098,A1,1,5548,-59.2,-76.5,-17.3,188.47,88,16378,16585,13849,18559,938,488150136,1
2026-05-01T13:40:50.220,A1,1,5549,-59.2,-75.8,-16.6,179.58,96,13318,17240,16334,17842,921,451164618,1
2026-05-01T13:40:50.308,A1,1,5550,-58.7,-76.1,-17.4,148.38,120,18170,17805,15435,22455,1014,568929559,1
2026-05-01T13:40:50.431,A1,1,5551,-58.9,-78.6,-19.7,193.71,92,16133,17821,10917,20782,983,747560528,1
2026-05-01T13:40:50.521,A1,1,5552,-58.9,-76.8,-17.9,125.47,132,12628,16562,15967,18063,917,440660116,1
2026-05-01T13:40:50.639,A1,1,5553,-58.9,-79.8,-20.9,103.07,156,18475,16079,8739,21852,1009,433555272,1
2026-05-01T13:40:50.760,A1,1,5554,-58.9,-76.3,-17.4,127.23,128,17118,16285,17113,21602,1003,465678310,1
2026-05-01T13:40:50.849,A1,1,5555,-58.8,-78.2,-19.4,164.13,92,17306,15100,10883,18791,931,487310228,1
2026-05-01T13:40:50.969,A1,1,5556,-58.8,-76.6,-17.7,166.58,96,16902,15992,14887,19822,958,402092686,1
2026-05-01T13:40:51.061,A1,1,5557,-58.3,-75.8,-17.5,130.66,132,16215,17247,13817,19219,926,424163634,1
2026-05-01T13:40:51.178,A1,1,5558,-58.6,-76.6,-18.0,136.95,124,16497,16982,15089,20842,976,724714703,1
2026-05-01T13:40:51.270,A1,1,5559,-58.8,-77.1,-18.3,130.14,132,17004,17178,11462,19321,944,465884479,1
2026-05-01T13:40:51.358,A1,1,5560,-58.4,-77.7,-19.3,126.28,132,17190,16669,9287,19116,927,429808512,1
2026-05-01T13:40:51.449,A1,1,5561,-58.3,-75.8,-17.4,125.21,136,16395,17029,17141,21710,985,746209847,1
2026-05-01T13:40:51.571,A1,1,5562,-58.2,-75.9,-17.7,116.89,148,16772,17300,13262,19610,932,442975284,1
2026-05-01T13:40:59.728,A1,1,5563,-59.4,-76.6,-17.1,161.51,104,14414,16797,13952,17069,907,467201673,1
2026-05-01T13:40:59.850,A1,1,5564,-58.9,-75.8,-16.8,179.21,96,15996,17204,13881,18181,921,745188967,1
2026-05-01T13:40:59.970,A1,1,5565,-58.8,-76.1,-17.3,132.7,128,16074,16986,17074,21160,987,488547905,1
2026-05-01T13:41:00.028,A1,1,5566,-59.3,-76.3,-17.0,127.78,140,17280,17889,12819,19393,962,438374087,1
2026-05-01T13:41:00.160,A1,1,5567,-58.9,-78.4,-19.6,167.18,100,16764,16718,9521,19226,944,414346722,1
2026-05-01T13:41:00.238,A1,1,5568,-59.3,-77.0,-17.7,121.59,136,12592,16536,15938,17791,923,486676754,1
2026-05-01T13:41:00.360,A1,1,5569,-59.5,-76.4,-17.0,155.55,112,16961,17422,12397,18331,942,412307824,1
2026-05-01T13:41:00.480,A1,1,5570,-59.5,-78.7,-19.2,164.53,112,17748,18427,11387,22581,1046,456867736,1
2026-05-01T13:41:00.568,A1,1,5571,-59.0,-76.1,-17.1,129.63,132,16440,17111,13130,18290,926,430523805,1
2026-05-01T13:41:00.689,A1,1,5572,-58.8,-76.4,-17.6,132.84,128,16438,17003,12630,18480,924,404563673,1
2026-05-01T13:41:00.778,A1,1,5573,-58.7,-76.0,-17.3,140.4,124,16751,17410,13459,19279,939,493302663,1
2026-05-01T13:41:00.900,A1,1,5574,-59.3,-76.6,-17.3,158.44,104,16570,16478,15012,19436,965,448126152,1
2026-05-01T13:41:01.020,A1,1,5575,-58.9,-76.4,-17.5,126.76,144,16707,18254,14895,21355,996,522450318,1
2026-05-01T13:41:01.172,A1,1,5576,-58.8,-78.5,-19.7,125.14,136,16550,17019,9882,19656,954,405066075,1
2026-05-01T13:41:01.258,A1,1,5577,-59.2,-76.2,-17.1,109.47,160,16659,17516,17723,22325,1028,406155740,1
2026-05-01T13:41:01.378,A1,1,5578,-59.2,-76.3,-17.1,113.49,152,16509,17251,16350,20859,995,721007663,1
2026-05-01T13:41:01.470,A1,1,5579,-58.8,-76.7,-17.9,173.85,96,16426,16690,11978,18217,917,746229317,1
2026-05-01T13:41:01.560,A1,1,5580,-58.6,-76.2,-17.5,155.32,116,18200,18017,16081,23445,1034,422264082,1
2026-05-01T13:41:01.679,A1,1,5581,-58.8,-75.4,-16.6,170.53,100,15625,17053,14517,17966,910,744536060,1
2026-05-01T13:41:01.768,A1,1,5582,-59.1,-76.2,-17.1,136.48,128,16723,17469,12863,18643,939,421600889,1
2026-05-01T13:41:01.858,A1,1,5583,-67.2,-77.8,-10.6,113.29,156,18385,17674,11877,12594,1019,467724647,1
2026-05-01T13:41:01.978,A1,1,5584,-58.8,-76.7,-17.9,175.21,100,14647,17521,14547,19242,942,459799399,1
2026-05-01T13:41:02.078,A1,1,5585,-58.8,-76.3,-17.5,110.68,160,16607,17708,16814,22348,1016,752163898,1
2026-05-01T13:41:02.157,A1,1,5586,-58.6,-78.8,-20.2,111.86,152,16418,17003,9805,20139,957,486699724,1
2026-05-01T13:41:02.309,A1,1,5587,-59.1,-76.3,-17.2,126.54,140,15072,17715,15047,19200,951,447142619,1
2026-05-01T13:41:02.428,A1,1,5588,-58.9,-78.3,-19.4,117.85,140,17005,16499,9842,19238,945,764991118,1
2026-05-01T13:41:02.518,A1,1,5589,-58.6,-77.5,-18.9,168.47,100,17342,16847,10021,19317,938,480254973,1
2026-05-01T13:41:02.609,A1,1,5590,-58.8,-75.9,-17.2,163.86,104,14510,17041,14826,17994,911,660595004,1
2026-05-01T13:41:02.728,A1,1,5591,-58.9,-76.0,-17.1,171.99,104,16769,17887,13585,19557,953,647726586,1
2026-05-01T13:41:02.848,A1,1,5592,-58.6,-75.8,-17.2,162.33,104,15633,16882,13972,18174,910,405278335,1
2026-05-01T13:41:02.938,A1,1,5593,-58.8,-77.5,-18.7,169.99,100,15756,16999,12222,19025,937,427252613,1
2026-05-01T13:41:03.028,A1,1,5594,-59.2,-76.5,-17.4,116.49,140,17020,16309,15949,20514,986,424231332,1
2026-05-01T13:41:03.150,A1,1,5595,-58.9,-80.0,-21.1,110.2,132,17730,14546,8350,19571,953,441970132,1
2026-05-01T13:41:03.268,A1,1,5596,-58.8,-76.9,-18.1,169.16,100,15138,16916,13477,18584,926,450072809,1
2026-05-01T13:41:03.389,A1,1,5597,-59.4,-78.1,-18.7,115.68,140,16530,16195,10103,17688,924,392364904,1
2026-05-01T13:41:03.510,A1,1,5598,-58.7,-76.2,-17.5,168.49,104,13333,17523,16630,19441,944,394409285,1
2026-05-01T13:41:03.629,A1,1,5599,-58.8,-77.3,-18.5,157.81,104,16511,16412,11144,18240,917,702625136,1
2026-05-01T13:41:03.748,A1,1,5600,-58.9,-77.9,-19.0,119.74,140,17219,16764,10124,19304,948,462829567,1
2026-05-01T13:41:03.838,A1,1,5601,-59.0,-77.1,-18.1,134.31,128,14873,17192,13132,18303,926,413758421,1
2026-05-01T13:41:03.958,A1,1,5602,-58.9,-75.8,-16.8,125.86,140,16136,17621,14359,18984,941,436547951,1
2026-05-01T13:41:04.077,A1,1,5603,-59.5,-77.0,-17.4,162.81,108,17052,17584,12649,19350,970,497118321,1
2026-05-01T13:41:04.170,A1,1,5604,-59.3,-78.2,-18.9,173.04,92,16538,15920,9076,17125,905,421709752,1
2026-05-01T13:41:04.259,A1,1,5605,-59.1,-75.9,-16.9,111.88,160,17975,17901,17130,22894,1039,433899977,1
2026-05-01T13:41:04.377,A1,1,5606,-59.5,-77.3,-17.8,105.98,148,17220,15685,14297,19513,973,388776162,1
2026-05-01T13:41:04.498,A1,1,5607,-59.3,-76.2,-16.9,153.89,116,17048,17851,13286,19302,960,418801179,1
2026-05-01T13:41:04.620,A1,1,5608,-59.1,-76.7,-17.6,172.25,96,16120,16536,12072,17470,909,718008079,1
2026-05-01T13:41:04.710,A1,1,5609,-59.2,-79.6,-20.4,151.56,100,17924,15156,9088,19718,969,677423262,1
2026-05-01T13:41:04.828,A1,1,5610,-59.3,-76.3,-17.0,157.44,108,17415,17003,16913,21727,1018,481883836,1
2026-05-01T13:41:04.948,A1,1,5611,-59.4,-76.1,-16.7,165.55,100,14253,16555,14827,16850,900,404391678,1
2026-05-01T13:41:05.038,A1,1,5612,-59.1,-76.3,-17.2,137.61,120,16102,16513,12338,17118,899,461056001,1
2026-05-01T13:41:05.160,A1,1,5613,-59.1,-76.3,-17.2,165.23,100,15920,16523,13521,17760,915,392928715,1
2026-05-01T13:41:05.277,A1,1,5614,-59.4,-79.6,-20.2,152.77,104,18207,15888,9385,20637,997,415356677,1
2026-05-01T13:41:05.398,A1,1,5615,-57.5,-75.0,-17.6,138.06,124,14691,17119,15641,19348,903,486476470,1
2026-05-01T13:41:05.518,A1,1,5616,-59.4,-76.9,-17.4,171.66,100,14747,17166,13344,17565,920,392778279,1
2026-05-01T13:41:05.640,A1,1,5617,-59.2,-75.9,-16.7,121.43,148,15390,17971,16658,20313,982,455417579,1
2026-05-01T13:41:05.760,A1,1,5618,-59.9,-77.1,-17.2,120.64,140,16611,16890,12999,18217,953,389702242,1
2026-05-01T13:41:05.848,A1,1,5619,-59.2,-76.1,-16.9,149.09,116,17765,17295,16883,21996,1022,439463891,1
2026-05-01T13:41:05.968,A1,1,5620,-59.1,-77.3,-18.2,157.21,104,17848,16350,12790,20074,974,397934677,1
2026-05-01T13:41:06.058,A1,1,5621,-59.4,-76.7,-17.3,101.02,160,17209,16163,16835,21169,1009,595503285,1
2026-05-01T13:41:06.178,A1,1,5622,-59.0,-76.5,-17.4,153.59,108,17726,16588,14678,20451,980,397491296,1
2026-05-01T13:41:06.268,A1,1,5623,-59.1,-75.9,-16.8,165.16,104,16094,17177,17021,20511,983,484302041,1
2026-05-01T13:41:06.417,A1,1,5624,-59.2,-76.0,-16.8,169.43,104,16960,17621,13232,18807,944,458219532,1
2026-05-01T13:41:06.477,A1,1,5625,-59.2,-76.0,-16.9,128.43,136,16635,17466,13374,18615,939,597808742,1
2026-05-01T13:41:06.599,A1,1,5626,-59.3,-75.8,-16.5,176.4,100,15901,17640,14277,18318,935,485156255,1
2026-05-01T13:41:06.718,A1,1,5627,-59.5,-76.7,-17.2,130.55,132,16837,17232,12640,18541,949,486096460,1
2026-05-01T13:41:06.780,A1,1,5628,-59.0,-77.2,-18.1,120.5,140,15438,16870,12681,18256,926,487153306,1
2026-05-01T13:41:06.897,A1,1,5629,-59.1,-76.0,-16.9,173.94,100,16685,17394,13002,18329,930,722900250,1
2026-05-01T13:41:06.987,A1,1,5630,-59.2,-76.3,-17.1,120.19,140,14049,16826,15443,17922,922,404701293,1
2026-05-01T13:41:07.077,A1,1,5631,-59.1,-76.7,-17.7,120.7,152,17078,18347,14069,21355,1002,420709789,1
2026-05-01T13:41:07.228,A1,1,5632,-59.1,-75.9,-16.8,161.55,104,14083,16801,15073,17273,903,765186812,1
2026-05-01T13:41:07.319,A1,1,5633,-59.1,-76.1,-17.1,159.52,104,13695,16590,15748,17653,911,485618246,1
2026-05-01T13:41:07.408,A1,1,5634,-59.1,-76.2,-17.2,107.06,160,17561,17129,17374,22561,1030,467473886,1
2026-05-01T13:41:07.497,A1,1,5635,-58.7,-77.3,-18.6,167.12,104,18344,17380,13372,22529,1018,387324899,1
2026-05-01T13:41:07.617,A1,1,5636,-59.1,-75.9,-16.8,117.96,160,18265,18874,16981,23833,1059,504695782,1
2026-05-01T13:41:07.739,A1,1,5637,-59.1,-76.3,-17.3,179.0,92,15045,16468,13595,17140,898,418585885,1
2026-05-01T13:41:07.858,A1,1,5638,-59.1,-77.4,-18.3,178.76,92,16471,16446,11117,17953,920,439770888,1
2026-05-01T13:41:07.978,A1,1,5639,-58.9,-76.7,-17.8,178.45,96,17193,17131,11274,18671,933,744943437,1
2026-05-01T13:41:08.074,A1,1,5640,-59.3,-77.6,-18.2,124.62,136,15729,16949,12204,18364,938,434447893,1
2026-05-01T13:41:08.188,A1,1,5641,-59.3,-78.3,-19.0,172.45,108,18255,18625,12034,23333,1058,476440540,1
2026-05-01T13:41:08.310,A1,1,5642,-59.0,-77.3,-18.3,136.35,124,17153,16908,10409,18591,934,413408960,1
2026-05-01T13:41:08.399,A1,1,5643,-59.0,-78.7,-19.7,165.62,104,16145,17224,9722,19425,953,469717937,1
2026-05-01T13:41:08.548,A1,1,5644,-59.5,-76.9,-17.3,111.64,152,16491,16970,14526,19497,973,769798861,1
2026-05-01T13:41:08.668,A1,1,5645,-59.3,-76.8,-17.5,123.86,132,12496,16350,15818,17201,906,419651849,1
2026-05-01T13:41:08.728,A1,1,5646,-59.0,-77.9,-18.9,172.02,100,15331,17202,11480,18669,936,685035102,1
2026-05-01T13:41:08.850,A1,1,5647,-58.8,-76.3,-17.5,130.51,140,16990,18271,14585,21309,993,467522714,1
2026-05-01T13:41:08.938,A1,1,5648,-59.0,-77.7,-18.8,128.58,132,15363,16973,11540,18321,925,718425312,1
2026-05-01T13:41:09.028,A1,1,5649,-58.8,-75.8,-17.0,124.96,136,16039,16995,14091,18430,922,437726214,1
2026-05-01T13:41:09.148,A1,1,5650,-59.0,-79.9,-20.9,147.2,108,18343,15898,8758,21471,1003,420563920,1
2026-05-01T13:41:09.299,A1,1,5651,-58.8,-77.2,-18.4,115.15,148,17207,17042,10805,19131,940,395196474,1
2026-05-01T13:41:09.389,A1,1,5652,-59.1,-76.6,-17.5,121.99,136,15322,16590,13801,17960,920,706711461,1
2026-05-01T13:41:09.478,A1,1,5653,-59.0,-77.1,-18.1,108.71,148,16994,16089,14399,20123,971,486044323,1
2026-05-01T13:41:09.567,A1,1,5654,-59.4,-76.6,-17.2,141.18,120,13554,16942,15043,17458,916,421373759,1
2026-05-01T13:41:09.730,A1,1,5655,-59.1,-76.3,-17.2,118.67,152,15789,18038,15591,20463,984,431041126,1
2026-05-01T13:41:09.808,A1,1,5656,-59.6,-76.8,-17.3,117.88,140,12537,16503,16201,17409,921,466655228,1
2026-05-01T13:41:09.930,A1,1,5657,-59.2,-75.9,-16.8,180.05,92,14905,16565,14345,17057,899,454350826,1
2026-05-01T13:41:10.049,A1,1,5658,-59.6,-77.6,-18.0,168.16,96,16475,16143,10491,16965,910,396878100,1
2026-05-01T13:41:10.168,A1,1,5659,-59.3,-76.4,-17.1,169.67,104,16971,17646,14128,19857,974,398720996,1
2026-05-01T13:41:10.257,A1,1,5660,-58.9,-75.8,-17.0,159.88,104,16734,16627,16826,20659,980,467080649,1
2026-05-01T13:41:10.378,A1,1,5661,-58.8,-75.9,-17.1,145.39,120,17931,17447,16018,21919,1006,421747948,1
2026-05-01T13:41:10.498,A1,1,5662,-59.6,-78.4,-18.8,111.2,152,16247,16902,10535,18451,948,417366297,1
2026-05-01T13:41:10.618,A1,1,5663,-59.3,-75.9,-16.6,156.34,108,16386,16885,17244,20369,987,451534992,1
2026-05-01T13:41:10.709,A1,1,5664,-59.5,-75.7,-16.2,172.67,96,15165,16576,14365,16581,896,452045763,1
2026-05-01T13:41:10.858,A1,1,5665,-59.2,-77.3,-18.1,165.78,104,17488,17241,10631,19044,952,424412936,1
2026-05-01T13:41:10.949,A1,1,5666,-59.4,-75.9,-16.5,121.85,148,15908,18034,15774,19693,973,449000943,1
2026-05-01T13:41:11.068,A1,1,5667,-59.6,-75.8,-16.2,160.52,104,13987,16694,15382,16553,899,440728965,1
2026-05-01T13:41:11.191,A1,1,5668,-59.2,-75.6,-16.5,166.93,108,15800,18028,16047,19799,969,430475386,1
2026-05-01T13:41:11.278,A1,1,5669,-59.8,-76.4,-16.7,156.85,108,16695,16940,12156,17198,922,494183360,1
2026-05-01T13:41:11.401,A1,1,5670,-59.7,-79.0,-19.4,170.81,108,17941,18447,10921,22706,1056,462937301,1
2026-05-01T13:41:11.520,A1,1,5671,-59.0,-75.8,-16.8,160.62,104,17427,16704,16876,21113,994,521259587,1
2026-05-01T13:41:11.700,A1,1,5672,-59.8,-77.6,-17.8,178.03,92,16749,16379,9291,16545,906,767742418,1
2026-05-01T13:41:11.730,A1,1,5673,-59.0,-75.3,-16.3,171.41,100,15616,17141,16707,19236,950,421425125,1
2026-05-01T13:41:11.878,A1,1,5674,-59.5,-76.4,-16.9,105.59,160,16780,16894,17077,21092,1011,638787050,1
2026-05-01T13:41:11.971,A1,1,5675,-59.6,-76.2,-16.6,168.79,108,17286,18229,14278,20009,989,410712991,1
2026-05-01T13:41:12.090,A1,1,5676,-59.8,-77.2,-17.4,116.46,144,16683,16770,11301,17407,928,399868272,1
2026-05-01T13:41:12.178,A1,1,5677,-59.0,-76.9,-17.9,174.11,96,15537,16715,12188,17618,909,748382423,1
2026-05-01T13:41:12.269,A1,1,5678,-58.8,-75.5,-16.7,160.5,112,17551,17976,17075,22307,1014,437300162,1
2026-05-01T13:41:12.388,A1,1,5679,-59.4,-76.5,-17.1,140.26,128,16001,17953,14239,19361,967,397250882,1
2026-05-01T13:41:12.478,A1,1,5680,-59.1,-75.8,-16.7,171.85,96,14500,16498,14810,16986,895,744514253,1
2026-05-01T13:41:12.598,A1,1,5681,-59.2,-77.0,-17.8,138.38,112,17315,15499,13662,18982,948,486507479,1
2026-05-01T13:41:12.690,A1,1,5682,-59.3,-75.7,-16.4,132.34,132,16586,17469,13854,18345,936,397090164,1
2026-05-01T13:41:12.808,A1,1,5683,-59.5,-76.9,-17.4,169.65,100,15456,16965,12392,17271,914,440172503,1
2026-05-01T13:41:12.928,A1,1,5684,-59.5,-76.1,-16.6,135.48,132,16993,17884,13810,19211,965,742065312,1
2026-05-01T13:41:13.018,A1,1,5685,-59.2,-79.2,-20.0,115.62,144,18399,16649,9879,21628,1013,434142606,1
2026-05-01T13:41:13.138,A1,1,5686,-59.3,-75.4,-16.1,180.33,96,16612,17312,13394,17494,916,444556814,1
2026-05-01T13:41:13.258,A1,1,5687,-59.6,-76.1,-16.5,159.0,112,17147,17808,13067,18648,954,433238242,1
2026-05-01T13:41:13.348,A1,1,5688,-59.1,-75.9,-16.8,113.64,148,15929,16819,13758,17672,914,420185204,1
2026-05-01T13:41:13.468,A1,1,5689,-59.3,-76.8,-17.5,98.9,164,17141,16219,16826,21412,1013,498194126,1
2026-05-01T13:41:13.557,A1,1,5690,-59.7,-78.0,-18.2,111.22,148,16782,16460,9449,17250,922,453477386,1
2026-05-01T13:41:13.679,A1,1,5691,-59.4,-76.2,-16.8,129.42,136,16576,17601,13759,18826,951,420891828,1
2026-05-01T13:41:13.798,A1,1,5692,-59.1,-76.7,-17.5,130.61,128,16237,16718,12672,18012,923,448163395,1
2026-05-01T13:41:13.918,A1,1,5693,-59.5,-76.6,-17.1,172.43,96,16389,16553,13227,17857,931,767677204,1
2026-05-01T13:41:14.009,A1,1,5694,-59.3,-78.1,-18.9,140.56,124,15406,17429,11786,19119,955,516119480,1
2026-05-01T13:41:14.158,A1,1,5695,-59.6,-76.6,-17.1,135.05,132,17319,17826,12774,19357,971,479301832,1
2026-05-01T13:41:14.248,A1,1,5696,-59.3,-76.9,-17.6,166.19,104,14356,17284,13779,17844,923,433597505,1
2026-05-01T13:41:14.338,A1,1,5697,-59.5,-78.9,-19.3,118.16,128,17358,15124,9933,18251,942,482983765,1
2026-05-01T13:41:14.458,A1,1,5698,-59.6,-78.1,-18.5,103.23,148,17601,15278,12106,18861,960,455874725,1
2026-05-01T13:41:14.578,A1,1,5699,-59.2,-77.6,-18.4,126.03,144,16704,18148,12370,20710,993,735762832,1
2026-05-01T13:41:14.670,A1,1,5700,-59.2,-75.6,-16.3,160.33,112,16582,17957,16719,20680,992,724491468,1
2026-05-01T13:41:14.758,A1,1,5701,-59.4,-77.2,-17.8,123.54,140,17446,17296,10731,18759,950,404323593,1
2026-05-01T13:41:14.878,A1,1,5702,-59.2,-76.3,-17.1,125.43,136,14409,17058,14918,17956,924,419477476,1
2026-05-01T13:41:14.968,A1,1,5703,-59.0,-75.8,-16.8,127.76,132,15328,16864,14792,17940,918,464064068,1
2026-05-01T13:41:15.059,A1,1,5704,-58.8,-75.8,-17.0,167.18,100,16104,16718,12977,17453,899,401849710,1
2026-05-01T13:41:15.148,A1,1,5705,-58.9,-77.7,-18.8,172.74,96,16248,16583,10562,18166,919,466962723,1
2026-05-01T13:41:15.268,A1,1,5706,-58.7,-76.1,-17.4,155.69,120,18333,18683,15461,23414,1037,484196412,1
2026-05-01T13:41:15.357,A1,1,5707,-59.2,-76.9,-17.8,157.91,108,17156,17054,10474,18080,925,420652815,1
2026-05-01T13:41:15.478,A1,1,5708,-58.9,-76.0,-17.2,129.78,128,16214,16612,12969,17640,905,404300742,1
2026-05-01T13:41:15.570,A1,1,5709,-58.9,-76.5,-17.5,121.77,136,15695,16561,13354,17883,913,435637089,1
2026-05-01T13:41:15.690,A1,1,5710,-59.4,-76.4,-16.9,106.26,156,16661,16576,14660,18861,954,431007646,1
2026-05-01T13:41:15.807,A1,1,5711,-59.2,-76.4,-17.2,115.99,140,17325,16239,16043,20533,989,453011081,1
2026-05-01T13:41:15.897,A1,1,5712,-59.2,-76.5,-17.4,116.41,148,14694,17228,14300,18143,928,419562486,1
2026-05-01T13:41:16.019,A1,1,5713,-59.1,-77.3,-18.2,111.46,140,17173,15604,13117,19017,948,486278372,1
2026-05-01T13:41:16.139,A1,1,5714,-59.3,-76.3,-17.0,123.01,140,16573,17221,15004,19686,970,714989695,1
2026-05-01T13:41:16.230,A1,1,5715,-59.2,-76.4,-17.3,150.45,108,17244,16249,16704,21157,1001,724839509,1
2026-05-01T13:41:16.318,A1,1,5716,-59.3,-77.5,-18.3,150.76,104,17178,15679,12651,18884,949,740764513,1
2026-05-01T13:41:16.438,A1,1,5717,-59.4,-75.9,-16.6,155.86,112,16921,17456,13604,18580,945,437517817,1
2026-05-01T13:41:16.529,A1,1,5718,-59.3,-76.3,-17.0,144.77,124,16186,17952,14707,19830,973,409588327,1
2026-05-01T13:41:16.648,A1,1,5719,-59.0,-78.6,-19.5,150.95,120,17052,18114,11173,21837,1013,466302416,1
2026-05-01T13:41:16.768,A1,1,5720,-59.5,-76.2,-16.7,126.93,140,16769,17770,13644,18879,958,526804162,1
2026-05-01T13:41:16.858,A1,1,5721,-58.0,-76.6,-18.6,165.23,100,16969,16523,10218,18362,896,513037880,1
2026-05-01T13:41:16.977,A1,1,5722,-59.4,-76.2,-16.8,121.1,148,17391,17923,13288,19475,968,391555941,1
2026-05-01T13:41:17.099,A1,1,5723,-59.0,-76.3,-17.2,159.93,104,15968,16633,12972,17546,908,396909222,1
2026-05-01T13:41:17.189,A1,1,5724,-58.9,-75.7,-16.9,152.31,112,17436,17059,17206,21775,1005,419894468,1
2026-05-01T13:41:17.309,A1,1,5725,-59.1,-76.7,-17.6,101.43,160,17283,16229,16747,21632,1010,421865109,1
2026-05-01T13:41:17.398,A1,1,5726,-59.3,-77.0,-17.7,138.72,112,17268,15537,14533,19510,965,460906276,1
2026-05-01T13:41:17.518,A1,1,5727,-59.1,-75.9,-16.8,171.14,108,16605,18483,16588,21794,1014,397131973,1
2026-05-01T13:41:17.640,A1,1,5728,-59.3,-76.2,-16.9,119.17,156,17798,18590,15295,22044,1025,416420653,1
2026-05-01T13:41:17.790,A1,1,5729,-59.5,-79.1,-19.7,172.3,108,18393,18608,10768,23751,1072,391556435,1
2026-05-01T13:41:17.877,A1,1,5730,-59.2,-76.4,-17.2,168.88,100,16464,16888,13565,18541,939,402102712,1
2026-05-01T13:41:17.998,A1,1,5731,-58.9,-75.6,-16.7,168.44,108,18023,18191,17089,22978,1034,514717121,1
2026-05-01T13:41:18.150,A1,1,5732,-58.8,-78.8,-20.0,166.73,104,16157,17340,9730,19977,960,754686273,1
2026-05-01T13:41:18.240,A1,1,5733,-59.0,-76.4,-17.4,124.95,136,13468,16993,15579,18085,919,435086026,1
2026-05-01T13:41:18.329,A1,1,5734,-58.9,-78.5,-19.6,154.44,108,16745,16679,9408,19130,942,422811641,1
2026-05-01T13:41:18.447,A1,1,5735,-59.1,-77.8,-18.7,141.2,112,16684,15814,10309,17611,912,483560092,1
2026-05-01T13:41:18.537,A1,1,5736,-59.1,-75.5,-16.4,144.72,116,15700,16787,16955,19384,956,476434949,1
2026-05-01T13:41:18.689,A1,1,5737,-58.8,-78.8,-20.0,116.74,148,16413,17277,9771,20091,964,761736010,1
2026-05-01T13:41:18.778,A1,1,5738,-58.8,-75.9,-17.0,149.52,116,13777,17344,15948,18441,924,433593564,1
2026-05-01T13:41:18.868,A1,1,5739,-58.8,-76.7,-17.9,165.14,100,15777,16514,12291,17693,903,468147001,1
2026-05-01T13:41:18.989,A1,1,5740,-59.2,-76.6,-17.4,119.39,152,16496,18147,14355,20495,985,754502066,1
2026-05-01T13:41:19.108,A1,1,5741,-58.6,-77.2,-18.6,133.65,124,16181,16573,12154,18865,926,735650727,1
2026-05-01T13:41:19.198,A1,1,5742,-59.4,-80.3,-20.9,97.79,148,17806,14473,7790,18993,955,433183007,1
2026-05-01T13:41:19.320,A1,1,5743,-59.9,-77.1,-17.2,119.03,144,16832,17140,12333,18280,953,437423816,1
2026-05-01T13:41:19.410,A1,1,5744,-59.8,-76.8,-17.1,175.35,96,16624,16834,11701,17277,924,529892876,1
2026-05-01T13:41:19.528,A1,1,5745,-57.2,-78.2,-21.0,121.51,136,17906,16525,10633,23048,975,419376452,1
2026-05-01T13:41:19.620,A1,1,5746,-59.4,-76.3,-16.9,121.57,148,17119,17992,14204,20059,984,483467388,1
2026-05-01T13:41:19.739,A1,1,5747,-59.2,-75.9,-16.8,124.81,140,13493,17473,16509,18468,935,390591546,1
2026-05-01T13:41:19.859,A1,1,5748,-59.1,-76.1,-17.0,119.95,140,14315,16793,15286,17808,915,418136338,1
2026-05-01T13:41:19.978,A1,1,5749,-59.2,-75.7,-16.5,152.42,112,14721,17071,14955,17491,910,525451232,1
2026-05-01T13:41:20.098,A1,1,5750,-59.1,-76.8,-17.7,122.14,132,16952,16123,14171,19383,956,448023106,1
2026-05-01T13:41:20.188,A1,1,5751,-58.6,-76.6,-18.0,146.45,108,17511,15817,15301,20978,977,421196334,1
2026-05-01T13:41:20.310,A1,1,5752,-57.2,-75.0,-17.8,171.96,96,16064,16508,14967,19643,901,388408256,1
2026-05-01T13:41:20.399,A1,1,5753,-58.6,-76.1,-17.5,118.36,144,16456,17044,12906,18600,920,433490091,1
2026-05-01T13:41:20.518,A1,1,5754,-59.1,-75.9,-16.8,181.17,96,16209,17392,13863,18478,932,484002575,1
2026-05-01T13:41:20.638,A1,1,5755,-58.9,-77.6,-18.7,135.29,124,16057,16776,11009,18367,923,489969117,1
2026-05-01T13:41:20.759,A1,1,5756,-59.5,-76.3,-16.8,124.29,144,17226,17898,13336,19399,970,760532443,1
2026-05-01T13:41:20.848,A1,1,5757,-59.5,-77.1,-17.6,184.49,88,16502,16235,11947,17486,921,749740426,1
2026-05-01T13:41:20.970,A1,1,5758,-58.9,-76.3,-17.4,116.93,152,16551,17774,16883,22134,1016,725947970,1
2026-05-01T13:41:21.058,A1,1,5759,-58.9,-76.3,-17.4,113.53,148,16677,16802,16022,20696,981,419693526,1
2026-05-01T13:41:21.149,A1,1,5760,-59.1,-76.4,-17.4,120.39,144,14071,17336,15063,18354,930,682282188,1
2026-05-01T13:41:21.239,A1,1,5761,-58.9,-77.7,-18.7,175.15,104,16913,18216,12332,21406,999,433396352,1
2026-05-01T13:41:21.358,A1,1,5762,-59.0,-77.4,-18.4,157.58,108,17544,17019,9939,18936,941,390260732,1
2026-05-01T13:41:21.510,A1,1,5763,-59.2,-77.3,-18.1,125.72,136,17291,17098,10145,18458,937,396565773,1
2026-05-01T13:41:21.599,A1,1,5764,-59.0,-78.5,-19.5,170.88,100,16118,17088,9990,19162,947,420237468,1
2026-05-01T13:41:21.718,A1,1,5765,-59.0,-76.7,-17.7,105.38,152,17492,16017,15365,20739,985,491785814,1
2026-05-01T13:41:21.840,A1,1,5766,-58.8,-75.5,-16.7,170.74,104,14973,17757,16672,19762,956,414396026,1
2026-05-01T13:41:21.927,A1,1,5767,-59.5,-76.9,-17.3,177.55,92,16524,16335,13026,17908,933,460329180,1
2026-05-01T13:41:22.047,A1,1,5768,-58.7,-75.4,-16.6,167.0,104,16503,17368,13500,18204,915,499209009,1
2026-05-01T13:41:22.168,A1,1,5769,-59.1,-76.2,-17.1,112.97,152,17183,17172,17610,22408,1028,458182439,1
2026-05-01T13:41:22.259,A1,1,5770,-58.8,-78.2,-19.4,158.36,104,17442,16469,9183,19263,943,419451281,1
2026-05-01T13:41:22.348,A1,1,5771,-59.2,-76.4,-17.2,119.52,144,16648,17211,14132,19408,960,415530682,1
2026-05-01T13:41:22.468,A1,1,5772,-59.1,-76.1,-17.0,172.51,104,16917,17941,13563,19588,961,412082313,1
2026-05-01T13:41:22.558,A1,1,5773,-59.2,-76.7,-17.5,162.14,104,16563,16863,13394,18841,947,683160637,1
2026-05-01T13:41:22.678,A1,1,5774,-59.0,-76.1,-17.1,126.31,140,15289,17683,14689,18970,943,731420472,1
2026-05-01T13:41:22.768,A1,1,5775,-58.9,-77.8,-18.9,166.4,104,18322,17306,12050,21924,1011,434576170,1
2026-05-01T13:41:22.888,A1,1,5776,-59.3,-77.6,-18.2,138.07,124,15390,17121,12260,18290,936,490346733,1
2026-05-01T13:41:22.980,A1,1,5777,-59.5,-76.4,-16.8,120.34,148,17056,17810,13756,19480,973,470268231,1
2026-05-01T13:41:23.070,A1,1,5778,-59.1,-76.3,-17.2,134.97,128,16868,17276,12036,18274,927,482850475,1
2026-05-01T13:41:23.217,A1,1,5779,-59.5,-80.2,-20.7,100.83,144,17814,14520,8534,19128,964,392095661,1
2026-05-01T13:41:23.307,A1,1,5780,-59.8,-77.3,-17.5,118.56,140,11700,16599,16294,17302,926,393808117,1
2026-05-01T13:41:23.430,A1,1,5781,-59.5,-76.3,-16.8,171.13,100,16519,17113,14547,18870,957,759970887,1
2026-05-01T13:41:23.549,A1,1,5782,-59.1,-75.5,-16.4,176.7,104,16866,18377,16581,21258,1000,720604620,1
2026-05-01T13:41:23.638,A1,1,5783,-59.0,-75.4,-16.5,140.84,124,16387,17464,13808,18170,922,419223495,1
2026-05-01T13:41:23.758,A1,1,5784,-59.2,-77.5,-18.3,123.29,136,15914,16767,11738,18206,930,448962715,1
2026-05-01T13:41:23.879,A1,1,5785,-59.4,-76.0,-16.6,172.18,96,15128,16529,14231,16947,902,444896050,1
2026-05-01T13:41:23.999,A1,1,5786,-59.4,-76.4,-17.0,168.14,104,16555,17487,17614,22046,1030,413253835,1
2026-05-01T13:41:24.119,A1,1,5787,-59.4,-75.9,-16.5,161.75,108,13779,17469,16411,18270,938,392802456,1
2026-05-01T13:41:24.268,A1,1,5788,-59.4,-76.9,-17.5,109.7,156,16741,17113,17158,22105,1033,462589584,1
2026-05-01T13:41:24.418,A1,1,5789,-59.4,-75.9,-16.5,178.15,96,13129,17102,15988,17175,908,448754639,1
2026-05-01T13:41:24.449,A1,1,5790,-59.3,-76.4,-17.1,124.64,132,15855,16452,17499,20637,992,432047437,1
2026-05-01T13:41:24.569,A1,1,5791,-59.3,-76.0,-16.7,117.89,140,14089,16505,15627,17321,910,740805573,1
2026-05-01T13:41:24.660,A1,1,5792,-59.7,-76.4,-16.7,170.82,100,16812,17082,12377,17584,930,489475498,1
2026-05-01T13:41:24.778,A1,1,5793,-59.1,-76.6,-17.5,140.49,120,15094,16859,13549,17723,914,466351922,1
2026-05-01T13:41:24.898,A1,1,5794,-59.3,-76.8,-17.5,103.84,160,16260,16615,17724,21797,1021,482994907,1
2026-05-01T13:41:24.988,A1,1,5795,-58.9,-75.9,-17.0,158.27,104,16103,16460,17448,20597,980,437358412,1
2026-05-01T13:41:25.110,A1,1,5796,-58.9,-75.8,-16.8,171.99,100,16591,17199,13344,18294,923,390229974,1
2026-05-01T13:41:25.198,A1,1,5797,-59.3,-76.2,-16.9,165.31,100,13488,16531,15482,17095,903,683951885,1
2026-05-01T13:41:25.318,A1,1,5798,-59.7,-78.1,-18.5,120.85,136,16603,16436,9829,17563,928,721752132,1
2026-05-01T13:41:25.438,A1,1,5799,-59.2,-76.9,-17.7,130.57,132,17365,17235,10804,18523,939,759051561,1
2026-05-01T13:41:25.530,A1,1,5800,-59.0,-76.4,-17.5,128.0,132,16250,16896,12924,18249,923,724596900,1
2026-05-01T13:41:25.617,A1,1,5801,-58.9,-76.2,-17.3,115.71,148,16522,17125,15771,20504,978,434940538,1
2026-05-01T13:41:25.738,A1,1,5802,-59.0,-76.1,-17.1,144.9,124,16019,17968,14865,19936,965,418013816,1
2026-05-01T13:41:25.858,A1,1,5803,-59.2,-79.9,-20.7,132.91,108,17652,14354,8141,18624,940,451387226,1
2026-05-01T13:41:25.948,A1,1,5804,-58.8,-76.1,-17.3,125.73,140,18010,17602,15909,22434,1018,432667235,1
2026-05-01T13:41:26.068,A1,1,5805,-59.0,-76.2,-17.2,121.26,152,17105,18431,15205,21641,1007,696167087,1
2026-05-01T13:41:26.160,A1,1,5806,-59.1,-78.5,-19.3,125.95,148,18562,18641,11733,24078,1067,479865026,1
2026-05-01T13:41:26.338,A1,1,5807,-59.0,-76.1,-17.1,182.67,92,16165,16806,12895,17677,909,762609957,1
2026-05-01T13:41:26.398,A1,1,5808,-59.3,-76.2,-16.9,114.99,156,16829,17938,15530,20748,996,744173405,1
2026-05-01T13:41:26.488,A1,1,5809,-58.8,-75.4,-16.6,170.97,104,15036,17781,16212,19272,944,487100798,1
2026-05-01T13:41:26.610,A1,1,5810,-59.3,-76.5,-17.1,127.79,136,16731,17380,14554,19750,973,444767868,1
2026-05-01T13:41:26.729,A1,1,5811,-59.1,-76.8,-17.7,108.07,148,17530,15995,14987,20391,982,390389868,1
2026-05-01T13:41:26.879,A1,1,5812,-59.0,-76.5,-17.5,113.7,164,17953,18647,14986,22934,1035,414073826,1
2026-05-01T13:41:26.968,A1,1,5813,-59.1,-76.2,-17.1,167.71,112,17937,18783,15901,23087,1043,491784385,1
2026-05-01T13:41:27.059,A1,1,5814,-58.8,-76.1,-17.3,166.48,100,15537,16648,14301,18245,917,396974657,1
2026-05-01T13:41:27.150,A1,1,5815,-59.1,-77.4,-18.4,168.02,100,17074,16802,10103,18323,929,402335678,1
2026-05-01T13:41:27.268,A1,1,5816,-58.7,-76.5,-17.8,160.29,116,18463,18594,15102,23844,1046,458902106,1
2026-05-01T13:41:27.388,A1,1,5817,-58.7,-75.8,-17.1,163.15,108,17647,17620,17138,22744,1022,419495252,1
2026-05-01T13:41:27.478,A1,1,5818,-57.1,-76.4,-19.3,124.77,136,17536,16969,10871,20619,920,722566091,1
2026-05-01T13:41:27.568,A1,1,5819,-59.0,-76.9,-17.9,118.74,156,17656,18524,14156,22540,1027,417705612,1
2026-05-01T13:41:27.659,A1,1,5820,-58.8,-76.0,-17.3,164.52,104,16757,17110,12375,18283,918,740932390,1
2026-05-01T13:41:27.779,A1,1,5821,-58.8,-77.8,-19.0,114.39,148,16219,16930,10980,18972,937,461236252,1
2026-05-01T13:41:27.868,A1,1,5822,-58.7,-76.4,-17.6,119.86,144,16910,17260,12409,19003,935,420715629,1
2026-05-01T13:41:27.988,A1,1,5823,-59.0,-75.5,-16.6,165.62,100,15363,16562,14301,17111,895,394240914,1
2026-05-01T13:41:28.108,A1,1,5824,-59.3,-77.1,-17.9,164.34,108,15460,17749,13291,19141,955,753331442,1
2026-05-01T13:41:28.228,A1,1,5825,-59.0,-75.8,-16.8,118.81,156,18282,18535,17025,23562,1050,452485575,1
2026-05-01T13:41:28.317,A1,1,5826,-59.1,-76.6,-17.5,184.67,92,17047,16990,11034,17878,919,420084180,1
2026-05-01T13:41:28.438,A1,1,5827,-59.2,-76.6,-17.4,157.96,104,17001,16428,17337,21805,1017,412064472,1
2026-05-01T13:41:28.558,A1,1,5828,-59.0,-78.7,-19.7,121.81,136,17542,16566,9257,19888,964,396361041,1
2026-05-01T13:41:28.679,A1,1,5829,-59.0,-76.0,-17.0,164.03,112,16816,18371,16387,21882,1014,430313550,1
2026-05-01T13:41:28.798,A1,1,5830,-59.2,-76.3,-17.1,176.48,100,16477,17648,16524,21227,1004,486981715,1
2026-05-01T13:41:28.917,A1,1,5831,-59.1,-76.3,-17.2,119.85,140,16631,16779,15505,20049,971,420007570,1
2026-05-01T13:41:29.038,A1,1,5832,-59.4,-76.3,-16.9,152.38,108,13209,16457,15438,16784,898,387707582,1
2026-05-01T13:41:29.129,A1,1,5833,-59.2,-76.1,-16.9,159.19,104,13584,16556,15449,17088,901,489038109,1
2026-05-01T13:41:29.249,A1,1,5834,-59.0,-77.3,-18.3,181.04,92,16873,16656,10715,18262,925,401014347,1
2026-05-01T13:41:29.369,A1,1,5835,-59.1,-76.0,-16.9,119.18,148,17848,17638,16689,22250,1023,416079441,1
2026-05-01T13:41:29.517,A1,1,5836,-58.9,-76.0,-17.0,120.32,140,15941,16845,13902,18103,919,418829189,1
2026-05-01T13:41:29.547,A1,1,5837,-59.0,-75.8,-16.9,164.74,112,16986,18451,16401,21979,1013,609105624,1
2026-05-01T13:41:29.668,A1,1,5838,-76.8,-77.8,-1.0,123.01,124,17517,15253,12852,5750,961,430431186,1
2026-05-01T13:41:29.789,A1,1,5839,-58.8,-75.8,-17.0,167.99,100,16019,16799,13353,17667,903,437346625,1
2026-05-01T13:41:29.879,A1,1,5840,-58.8,-76.3,-17.5,165.93,100,15297,16593,13962,18029,911,407216959,1
2026-05-01T13:41:29.998,A1,1,5841,-59.0,-76.1,-17.1,122.99,140,17794,17218,15957,21596,1004,740027517,1
2026-05-01T13:41:30.088,A1,1,5842,-59.0,-75.8,-16.9,174.0,104,16379,18096,15333,20319,974,483298957,1
2026-05-01T13:41:30.209,A1,1,5843,-58.9,-77.5,-18.6,116.04,148,17435,17174,10308,19508,952,443721862,1
2026-05-01T13:41:30.328,A1,1,5844,-58.8,-75.8,-16.9,171.56,100,16537,17156,12808,17998,913,389012762,1
2026-05-01T13:41:30.447,A1,1,5845,-58.9,-76.4,-17.5,160.22,108,17321,17304,11334,18544,930,387446165,1
2026-05-01T13:41:30.567,A1,1,5846,-59.0,-76.3,-17.3,121.24,140,17856,16974,14979,20967,990,446897505,1
2026-05-01T13:41:30.689,A1,1,5847,-59.1,-75.6,-16.5,128.77,132,15209,16998,14891,17733,915,444197327,1
2026-05-01T13:41:30.807,A1,1,5848,-59.5,-77.0,-17.5,113.01,148,12629,16725,15862,17607,925,761545869,1
2026-05-01T13:41:30.899,A1,1,5849,-59.3,-76.5,-17.2,168.37,100,16517,16837,13636,18532,942,419673841,1
2026-05-01T13:41:31.017,A1,1,5850,-59.2,-76.9,-17.7,121.69,152,17518,18497,14287,22172,1026,752158878,1
2026-05-01T13:41:31.109,A1,1,5851,-59.2,-76.1,-16.9,165.86,104,16342,17249,16365,20437,985,412419465,1
2026-05-01T13:41:31.229,A1,1,5852,-59.2,-77.3,-18.1,180.45,92,16939,16601,9565,17417,910,417632930,1
2026-05-01T13:41:31.347,A1,1,5853,-59.3,-77.8,-18.5,134.51,120,16621,16141,10560,17770,921,410705669,1
2026-05-01T13:41:31.439,A1,1,5854,-59.4,-76.0,-16.6,179.58,100,17172,17958,13391,19096,959,428009036,1
2026-05-01T13:41:31.589,A1,1,5855,-59.4,-78.6,-19.2,109.41,140,17388,15317,10646,18634,947,385648842,1
2026-05-01T13:41:31.677,A1,1,5856,-59.0,-77.2,-18.2,164.67,112,17783,18443,13316,22407,1024,391438965,1
2026-05-01T13:41:31.797,A1,1,5857,-59.2,-75.8,-16.7,180.45,92,15347,16601,13976,17030,898,448846160,1
2026-05-01T13:41:31.919,A1,1,5858,-58.8,-76.4,-17.6,113.05,152,16478,17183,15676,20908,983,431212534,1
2026-05-01T13:41:32.007,A1,1,5859,-59.2,-76.8,-17.6,104.09,164,16829,17070,17384,22558,1034,414964074,1
2026-05-01T13:41:32.097,A1,1,5860,-59.0,-75.9,-16.9,158.35,104,14297,16468,15017,17164,898,417327001,1
2026-05-01T13:41:32.217,A1,1,5861,-58.9,-76.3,-17.4,160.93,116,18266,18668,15105,23099,1035,407705883,1
2026-05-01T13:41:32.349,A1,1,5862,-59.2,-76.4,-17.3,159.52,108,16971,17228,12070,18394,933,415311221,1
2026-05-01T13:41:32.487,A1,1,5863,-59.1,-76.2,-17.1,166.5,108,17011,17982,13466,19805,965,433983824,1
2026-05-01T13:41:32.547,A1,1,5864,-59.4,-76.9,-17.4,122.05,148,16143,18063,14009,19935,981,772370881,1
2026-05-01T13:41:32.727,A1,1,5865,-59.0,-76.2,-17.2,177.94,104,17237,18506,15611,22126,1018,406929137,1
2026-05-01T13:41:32.789,A1,1,5866,-58.8,-76.2,-17.4,131.14,132,16676,17311,13092,19008,938,437978811,1
2026-05-01T13:41:32.879,A1,1,5867,-59.1,-77.9,-18.8,181.35,100,17143,18135,12079,21519,1007,432345822,1
2026-05-01T13:41:33.001,A1,1,5868,-58.4,-75.9,-17.5,120.13,144,16802,17299,12998,19132,927,481532970,1
2026-05-01T13:41:33.118,A1,1,5869,-58.4,-75.4,-17.0,161.26,104,15089,16771,14697,17851,897,449571725,1
2026-05-01T13:41:33.238,A1,1,5870,-58.4,-76.4,-17.9,173.19,96,15740,16626,13321,18486,912,445253809,1
2026-05-01T13:41:33.329,A1,1,5871,-58.7,-76.4,-17.7,156.29,112,17086,17505,12447,19561,946,464756519,1
2026-05-01T13:41:33.418,A1,1,5872,-58.3,-78.0,-19.7,159.33,104,16826,16570,10111,19617,936,399687632,1
2026-05-01T13:41:33.539,A1,1,5873,-58.7,-75.6,-17.0,175.26,100,16716,17526,13447,18888,930,498111547,1
2026-05-01T13:41:33.689,A1,1,5874,-58.4,-76.1,-17.6,105.15,156,16114,16403,17429,21438,983,428235188,1
2026-05-01T13:41:33.748,A1,1,5875,-58.3,-76.5,-18.2,173.72,100,17310,17372,11312,19601,934,749257373,1
2026-05-01T13:41:33.868,A1,1,5876,-58.1,-77.9,-19.8,171.5,96,17042,16464,9833,19668,930,724933950,1
2026-05-01T13:41:33.958,A1,1,5877,-58.2,-76.0,-17.8,143.23,116,15638,16615,14093,18728,912,499801991,1
2026-05-01T13:41:34.079,A1,1,5878,-59.0,-76.4,-17.4,148.27,120,17143,17793,12979,19751,963,445376643,1
2026-05-01T13:41:34.227,A1,1,5879,-58.4,-76.9,-18.5,134.39,128,16923,17202,11846,19726,942,425136265,1
2026-05-01T13:41:34.331,A1,1,5880,-58.6,-76.4,-17.8,167.23,108,17330,18061,13196,20893,977,486472868,1
2026-05-01T13:41:34.409,A1,1,5881,-58.2,-78.3,-20.0,165.92,104,15871,17256,10394,20009,943,420496870,1
2026-05-01T13:41:34.529,A1,1,5882,-58.4,-76.3,-17.9,130.43,132,13872,17217,15090,18786,920,398976829,1
2026-05-01T13:41:34.618,A1,1,5883,-58.4,-76.3,-17.9,162.4,108,16959,17539,13024,20042,950,417972703,1
2026-05-01T13:41:34.737,A1,1,5884,-59.0,-76.7,-17.7,106.97,160,16574,17115,14801,20426,978,392609397,1
2026-05-01T13:41:34.857,A1,1,5885,-58.5,-75.8,-17.3,161.77,116,17910,18765,16855,24111,1046,388367117,1
2026-05-01T13:41:34.979,A1,1,5886,-58.8,-76.5,-17.6,137.4,136,16863,18687,16409,23253,1038,526384323,1
2026-05-01T13:41:35.097,A1,1,5887,-58.9,-78.2,-19.4,120.84,152,18764,18367,11958,24184,1060,447570516,1
2026-05-01T13:41:35.217,A1,1,5888,-58.9,-76.3,-17.4,128.19,140,17682,17947,17314,23744,1052,409585297,1
2026-05-01T13:41:35.338,A1,1,5889,-58.6,-75.9,-17.2,165.82,104,16812,17245,12680,18578,921,415605624,1
2026-05-01T13:41:35.429,A1,1,5890,-58.7,-76.2,-17.6,127.57,136,14059,17350,15390,18867,929,723799742,1
2026-05-01T13:41:35.517,A1,1,5891,-59.1,-79.5,-20.5,152.72,116,15764,17716,10217,20927,992,415033691,1
2026-05-01T13:41:35.638,A1,1,5892,-58.4,-78.3,-19.8,147.88,112,17366,16563,9310,19906,947,436223370,1
2026-05-01T13:41:35.757,A1,1,5893,-58.5,-75.9,-17.5,108.64,168,16024,18251,16415,21928,995,411636828,1
2026-05-01T13:41:35.847,A1,1,5894,-58.4,-76.8,-18.5,159.69,108,17386,17247,10824,19593,937,481597737,1
2026-05-01T13:41:35.938,A1,1,5895,-58.4,-76.7,-18.3,112.89,148,16197,16708,12734,18958,924,435055226,1
2026-05-01T13:41:36.058,A1,1,5896,-58.9,-76.5,-17.6,110.02,164,16639,18043,16652,22568,1026,438469234,1
2026-05-01T13:41:36.208,A1,1,5897,-58.5,-75.6,-17.2,142.36,120,16332,17083,13239,18316,910,436866670,1
2026-05-01T13:41:36.297,A1,1,5898,-58.5,-75.6,-17.1,153.06,112,16562,17143,13214,18522,915,414496814,1
2026-05-01T13:41:36.418,A1,1,5899,-59.0,-79.8,-20.8,157.8,96,18024,15149,8824,20282,974,449180197,1
2026-05-01T13:41:36.508,A1,1,5900,-58.9,-76.0,-17.1,123.07,136,15469,16737,14258,18005,914,438239041,1
2026-05-01T13:41:36.629,A1,1,5901,-58.9,-76.3,-17.4,166.6,100,15143,16660,13765,17629,907,442686949,1
2026-05-01T13:41:36.778,A1,1,5902,-59.4,-76.8,-17.4,120.52,144,17106,17355,11752,18603,945,487837696,1
2026-05-01T13:41:36.868,A1,1,5903,-58.5,-76.6,-18.2,163.52,104,17058,17006,11093,18808,922,408025293,1
2026-05-01T13:41:36.988,A1,1,5904,-58.7,-75.9,-17.2,172.82,104,17108,17973,14175,20374,968,410890727,1
2026-05-01T13:41:37.079,A1,1,5905,-58.8,-75.7,-16.9,130.14,132,15509,17178,14702,18428,924,475552687,1
2026-05-01T13:41:37.200,A1,1,5906,-58.8,-76.1,-17.3,115.24,144,14197,16595,15394,17990,913,426944316,1
2026-05-01T13:41:37.288,A1,1,5907,-58.7,-79.6,-21.0,140.81,108,18112,15208,8747,20632,972,435613083,1
2026-05-01T13:41:37.407,A1,1,5908,-59.0,-76.6,-17.6,107.83,160,16639,17253,14463,20147,973,759392086,1
2026-05-01T13:41:37.498,A1,1,5909,-85.4,-75.8,9.6,125.38,140,13778,17553,16623,3042,939,662941125,1
2026-05-01T13:41:37.618,A1,1,5910,-59.0,-76.6,-17.6,124.3,140,16939,17402,13539,19873,964,720690286,1
2026-05-01T13:41:37.707,A1,1,5911,-58.6,-76.4,-17.8,139.07,120,16955,16688,17233,22532,1012,434979385,1
2026-05-01T13:41:37.827,A1,1,5912,-58.7,-76.9,-18.2,145.54,116,15489,16883,12721,18479,920,446616298,1
2026-05-01T13:41:37.948,A1,1,5913,-58.7,-76.3,-17.5,164.02,104,16505,17058,14589,19873,956,453385527,1
2026-05-01T13:41:38.037,A1,1,5914,-58.7,-77.0,-18.3,173.4,100,14697,17340,13235,18651,926,468622261,1
2026-05-01T13:41:38.129,A1,1,5915,-59.0,-76.0,-17.0,169.1,100,13475,16910,15506,17483,906,409942819,1
2026-05-01T13:41:38.279,A1,1,5916,-59.0,-75.7,-16.7,156.46,112,16606,17524,13440,18469,930,498694833,1
2026-05-01T13:41:38.367,A1,1,5917,-58.8,-75.9,-17.0,139.64,124,16812,17315,13529,18931,936,398482432,1
2026-05-01T13:41:38.487,A1,1,5918,-58.9,-76.7,-17.8,97.97,164,17305,16067,16212,21467,998,738785450,1
2026-05-01T13:41:38.579,A1,1,5919,-58.8,-75.9,-17.1,110.41,152,17334,16782,17491,22135,1011,409464313,1
2026-05-01T13:41:38.668,A1,1,5920,-59.4,-76.1,-16.7,121.7,144,16345,17525,13898,18560,945,433455768,1
2026-05-01T13:41:38.759,A1,1,5921,-59.2,-76.5,-17.3,123.15,144,17221,17733,12734,19510,963,464891497,1
2026-05-01T13:41:38.877,A1,1,5922,-59.0,-76.2,-17.2,128.58,132,14261,16972,14978,17909,916,413068054,1
2026-05-01T13:41:38.997,A1,1,5923,-59.2,-76.7,-17.5,108.42,160,16843,17347,18042,23260,1050,419480300,1
2026-05-01T13:41:39.088,A1,1,5924,-59.0,-76.3,-17.3,127.3,124,16957,15785,15848,19834,964,731532612,1
2026-05-01T13:41:39.179,A1,1,5925,-59.1,-76.4,-17.3,145.81,112,16492,16331,13915,18461,933,409939763,1
2026-05-01T13:41:39.269,A1,1,5926,-58.8,-75.8,-17.1,149.36,112,16229,16728,13033,17683,903,417010031,1
2026-05-01T13:41:39.387,A1,1,5927,-59.4,-76.9,-17.5,106.99,156,17103,16691,17724,22546,1042,409053425,1
2026-05-01T13:41:39.478,A1,1,5928,-59.3,-78.0,-18.7,98.25,156,17308,15327,11413,18418,938,457381352,1
2026-05-01T13:41:39.567,A1,1,5929,-58.8,-75.8,-17.0,162.85,108,14851,17588,15604,19038,939,431297104,1
2026-05-01T13:41:39.688,A1,1,5930,-59.3,-76.5,-17.2,167.04,104,16918,17372,12414,18542,943,423956064,1
2026-05-01T13:41:39.809,A1,1,5931,-59.3,-77.1,-17.8,114.43,160,17087,18308,13635,21230,1007,397921386,1
2026-05-01T13:41:39.928,A1,1,5932,-58.9,-77.4,-18.5,146.72,116,17475,17019,10089,19082,943,389262549,1
2026-05-01T13:41:40.078,A1,1,5933,-59.3,-76.4,-17.1,167.73,108,16763,18115,16241,21703,1017,766930354,1
2026-05-01T13:41:40.169,A1,1,5934,-58.4,-75.4,-17.0,181.57,100,15857,18157,16445,20995,972,456347344,1
2026-05-01T13:41:40.258,A1,1,5935,-58.7,-76.5,-17.8,159.35,108,17220,17210,11421,18833,930,494714934,1
2026-05-01T13:41:40.379,A1,1,5936,-58.6,-78.7,-20.0,143.95,120,16257,17274,10133,20257,962,522801460,1
2026-05-01T13:41:40.498,A1,1,5937,-58.9,-76.7,-17.7,148.51,120,17213,17821,12783,20163,970,444562218,1
2026-05-01T13:41:40.619,A1,1,5938,-58.6,-75.9,-17.3,185.58,96,14613,17816,16339,20104,956,444154063,1
2026-05-01T13:41:40.739,A1,1,5939,-59.0,-76.6,-17.6,116.15,144,12976,16726,15973,18079,920,438226248,1
2026-05-01T13:41:40.859,A1,1,5940,-58.4,-78.6,-20.1,114.27,148,16674,16912,9893,20295,956,451248964,1
2026-05-01T13:41:40.978,A1,1,5941,-58.5,-75.7,-17.1,182.02,92,13944,16746,15372,17732,897,430016537,1
2026-05-01T13:41:41.068,A1,1,5942,-58.5,-76.2,-17.7,157.36,104,16818,16365,16442,21204,980,425394758,1
2026-05-01T13:41:41.187,A1,1,5943,-59.4,-76.9,-17.4,122.97,148,16262,18199,14747,20662,999,696038643,1
2026-05-01T13:41:41.310,A1,1,5944,-58.8,-77.9,-19.2,173.59,96,17071,16665,9258,18785,930,406170904,1
2026-05-01T13:41:41.427,A1,1,5945,-58.4,-76.7,-18.3,123.78,136,15620,16834,12927,18711,918,482027012,1
2026-05-01T13:41:49.468,A1,1,5946,-59.4,-76.5,-17.1,131.5,132,16833,17358,12632,18527,944,711073527,1
2026-05-01T13:41:49.587,A1,1,5947,-59.3,-76.5,-17.2,108.84,148,17070,16108,15487,19741,973,455905690,1
2026-05-01T13:41:49.677,A1,1,5948,-59.1,-76.6,-17.5,106.7,156,17304,16645,17703,22807,1037,404075001,1
2026-05-01T13:41:49.798,A1,1,5949,-59.0,-76.6,-17.6,131.49,128,15162,16831,13614,18018,917,735727323,1
2026-05-01T13:41:49.888,A1,1,5950,-58.9,-75.8,-16.9,130.72,132,16559,17255,13290,18415,925,481834101,1
2026-05-01T13:41:50.008,A1,1,5951,-59.7,-78.1,-18.5,115.18,140,16660,16125,10281,17562,928,745114026,1
2026-05-01T13:41:50.127,A1,1,5952,-58.7,-75.4,-16.7,163.0,108,16666,17604,16917,21058,983,394919838,1
2026-05-01T13:41:50.249,A1,1,5953,-59.3,-76.8,-17.4,130.77,128,13357,16738,15624,17855,925,420774258,1
2026-05-01T13:41:50.369,A1,1,5954,-59.2,-77.6,-18.4,121.77,132,16837,16073,12269,18838,946,441663629,1
2026-05-01T13:41:50.457,A1,1,5955,-59.1,-77.1,-18.0,170.78,104,15701,17761,12975,19346,954,398781864,1
2026-05-01T13:41:50.547,A1,1,5956,-58.9,-75.7,-16.7,170.56,108,16953,18421,16664,21906,1011,456599178,1
2026-05-01T13:41:50.670,A1,1,5957,-59.0,-76.5,-17.5,158.84,104,16605,16519,14804,19631,959,415303775,1
2026-05-01T13:41:50.789,A1,1,5958,-59.3,-76.7,-17.4,131.62,128,16475,16848,12364,17994,926,394141247,1
2026-05-01T13:41:50.909,A1,1,5959,-59.2,-76.7,-17.5,138.27,124,14707,17146,14129,18098,928,392913846,1
2026-05-01T13:41:50.997,A1,1,5960,-59.0,-76.0,-17.0,172.68,100,13898,17268,15410,17995,917,391454528,1
2026-05-01T13:41:51.117,A1,1,5961,-59.2,-76.3,-17.2,130.42,128,16650,16694,16246,20464,985,413909071,1
2026-05-01T13:41:51.239,A1,1,5962,-59.1,-75.8,-16.7,168.81,104,16528,17556,13843,18663,939,766313344,1
2026-05-01T13:41:51.329,A1,1,5963,-58.8,-75.7,-16.9,123.87,136,15682,16846,14359,18021,912,428514817,1
2026-05-01T13:41:51.447,A1,1,5964,-58.9,-76.5,-17.6,173.27,96,15406,16634,12999,17591,905,453022631,1
2026-05-01T13:41:51.568,A1,1,5965,-59.4,-76.3,-16.9,176.23,96,12827,16918,15893,17295,911,385913911,1
2026-05-01T13:41:51.658,A1,1,5966,-59.2,-77.1,-18.0,136.98,128,14973,17534,13444,18817,944,456074709,1
2026-05-01T13:41:51.779,A1,1,5967,-58.8,-77.5,-18.7,135.27,124,15641,16774,11486,18307,919,495358113,1
2026-05-01T13:41:51.904,A1,1,5968,-59.2,-76.5,-17.3,167.18,104,16803,17387,13047,19015,949,432454361,1
2026-05-01T13:41:51.993,A1,1,5969,-58.5,-78.5,-20.0,164.17,100,17347,16417,9009,19824,946,434408952,1
2026-05-01T13:41:52.077,A1,1,5970,-58.6,-78.6,-19.9,138.71,132,18882,18310,11641,25009,1069,736458019,1
2026-05-01T13:41:52.167,A1,1,5971,-59.0,-76.1,-17.1,133.41,132,16817,17610,13248,19157,947,429102381,1
2026-05-01T13:41:52.319,A1,1,5972,-59.3,-76.8,-17.5,153.83,116,17176,17844,12638,19704,971,518126223,1
2026-05-01T13:41:52.409,A1,1,5973,-59.2,-76.9,-17.8,178.95,92,12032,16463,16034,17509,911,416591037,1
2026-05-01T13:41:52.557,A1,1,5974,-58.7,-75.9,-17.2,126.98,132,15265,16762,14432,18095,910,719342274,1
2026-05-01T13:41:52.617,A1,1,5975,-59.0,-76.6,-17.6,105.79,156,17047,16504,17018,21870,1012,478296198,1
2026-05-01T13:41:52.738,A1,1,5976,-58.9,-76.2,-17.3,121.15,132,17268,15992,16147,20576,978,420443178,1
2026-05-01T13:41:52.798,A1,1,5977,-59.3,-76.5,-17.2,123.57,136,12863,16805,15930,17555,916,408248000,1
2026-05-01T13:41:52.917,A1,1,5978,-58.8,-76.5,-17.7,174.17,96,15522,16720,13342,18052,913,446929056,1
2026-05-01T13:41:53.067,A1,1,5979,-59.1,-76.3,-17.2,181.16,100,16834,18116,14241,20434,981,484759695,1
2026-05-01T13:41:53.187,A1,1,5980,-58.9,-75.8,-16.9,168.88,108,16182,18239,16310,21108,992,454479628,1
2026-05-01T13:41:53.307,A1,1,5981,-59.0,-76.6,-17.6,125.68,144,17206,18098,13557,20803,987,393313060,1
2026-05-01T13:41:53.399,A1,1,5982,-58.8,-79.5,-20.7,134.56,108,17603,14533,9147,19247,943,415399722,1
2026-05-01T13:41:53.517,A1,1,5983,-59.0,-76.7,-17.7,107.78,152,17174,16383,17393,22457,1025,515099136,1
2026-05-01T13:41:53.637,A1,1,5984,-58.8,-77.4,-18.6,154.15,100,17109,15415,12185,18740,931,443653166,1
2026-05-01T13:41:53.758,A1,1,5985,-58.5,-76.0,-17.5,144.4,120,17745,17328,16130,22387,1006,445633197,1
2026-05-01T13:41:53.878,A1,1,5986,-58.8,-76.2,-17.5,156.85,112,16626,17567,15068,20708,977,492205169,1
2026-05-01T13:41:53.999,A1,1,5987,-58.6,-75.9,-17.3,158.41,116,16875,18375,16079,22267,1006,442855678,1
2026-05-01T13:41:54.117,A1,1,5988,-58.7,-77.4,-18.6,132.89,132,14935,17541,13460,19671,951,431516285,1
2026-05-01T13:41:54.238,A1,1,5989,-58.5,-76.0,-17.6,129.94,132,15990,17152,13768,18963,926,756341363,1
2026-05-01T13:41:54.328,A1,1,5990,-58.8,-76.0,-17.1,123.03,144,17154,17717,17203,22543,1021,715560709,1
2026-05-01T13:41:54.419,A1,1,5991,-59.0,-78.3,-19.3,154.1,100,16924,15410,9698,17929,916,430624921,1
2026-05-01T13:41:54.507,A1,1,5992,-58.8,-76.9,-18.1,126.94,136,17390,17264,10898,19158,942,399073674,1
2026-05-01T13:41:54.657,A1,1,5993,-59.2,-76.0,-16.8,170.78,104,15175,17761,15492,19128,952,452071543,1
2026-05-01T13:41:54.747,A1,1,5994,-59.3,-79.8,-20.5,135.35,132,16384,17866,9804,21501,1013,405777823,1
2026-05-01T13:41:54.867,A1,1,5995,-59.4,-80.6,-21.2,94.1,152,17904,14303,7938,19410,966,450225569,1
2026-05-01T13:41:55.019,A1,1,5996,-59.0,-78.1,-19.1,149.77,100,17468,14977,11769,19093,945,714578724,1
2026-05-01T13:41:55.077,A1,1,5997,-59.0,-76.5,-17.5,111.3,160,16589,17808,16880,22404,1023,737627443,1
2026-05-01T13:41:55.167,A1,1,5998,-58.7,-75.7,-17.0,165.32,100,14084,16532,15272,17357,893,473286212,1
2026-05-01T13:41:55.287,A1,1,5999,-58.7,-76.1,-17.5,128.92,136,16847,17533,13304,19605,947,398440237,1
2026-05-01T13:41:55.380,A1,1,6000,-58.8,-77.5,-18.7,174.71,104,16726,18170,12743,21400,994,461948155,1
2026-05-01T13:41:55.501,A1,1,6001,-58.8,-76.5,-17.7,106.22,156,16884,16570,16433,21509,998,428551989,1
2026-05-01T13:41:55.589,A1,1,6002,-58.7,-76.1,-17.4,171.88,96,15672,16500,13578,17775,904,388108332,1
2026-05-01T13:41:55.737,A1,1,6003,-58.6,-76.0,-17.3,118.56,156,17042,18496,16376,22745,1019,434934567,1
2026-05-01T13:41:55.798,A1,1,6004,-58.5,-75.7,-17.2,126.0,136,16172,17136,13977,18768,922,430328764,1
2026-05-01T13:41:55.917,A1,1,6005,-59.1,-76.2,-17.1,110.51,156,16631,17239,14947,19800,967,720655849,1
2026-05-01T13:41:56.007,A1,1,6006,-58.7,-76.0,-17.3,160.88,104,16517,16731,15910,20339,966,396555125,1
2026-05-01T13:41:56.097,A1,1,6007,-58.7,-77.0,-18.3,178.41,92,16182,16414,11747,18077,912,460837924,1
2026-05-01T13:41:56.217,A1,1,6008,-59.1,-76.5,-17.4,159.22,104,16723,16559,16349,20882,991,389320015,1
2026-05-01T13:41:56.337,A1,1,6009,-58.9,-76.1,-17.2,112.49,152,16361,17098,17288,21553,1001,499011153,1
2026-05-01T13:41:56.459,A1,1,6010,-59.2,-76.5,-17.3,118.81,144,12994,17109,16018,18100,928,428000030,1
2026-05-01T13:41:56.578,A1,1,6011,-59.3,-76.5,-17.2,126.02,132,12641,16634,16199,17537,915,441621516,1
2026-05-01T13:41:56.698,A1,1,6012,-58.9,-76.2,-17.3,180.52,96,14714,17330,15147,18814,935,436153365,1
2026-05-01T13:41:56.847,A1,1,6013,-59.0,-77.4,-18.5,179.69,100,16412,17969,12386,20393,976,497789729,1
2026-05-01T13:41:56.967,A1,1,6014,-59.3,-76.6,-17.3,120.44,152,17148,18307,14402,21104,1003,443004662,1
2026-05-01T13:41:57.059,A1,1,6015,-59.2,-76.4,-17.2,178.03,96,16365,17091,14797,19536,962,414280752,1
2026-05-01T13:41:57.149,A1,1,6016,-58.8,-77.4,-18.7,133.37,124,16201,16538,11064,18231,917,406347615,1
2026-05-01T13:41:57.268,A1,1,6017,-59.2,-77.1,-17.9,125.55,144,16467,18079,13314,20404,983,457287288,1
2026-05-01T13:41:57.357,A1,1,6018,-59.1,-77.0,-17.9,109.97,148,16134,16275,17809,22093,1021,413611804,1
2026-05-01T13:41:57.477,A1,1,6019,-59.2,-76.9,-17.6,183.17,92,16924,16852,10399,17512,913,428112328,1
2026-05-01T13:41:57.568,A1,1,6020,-58.7,-75.9,-17.2,112.45,152,16559,17093,17442,21861,1000,735703377,1
2026-05-01T13:41:57.687,A1,1,6021,-58.7,-75.8,-17.1,121.48,144,16717,17493,13734,19297,940,415568834,1
2026-05-01T13:41:57.807,A1,1,6022,-59.0,-78.8,-19.8,114.09,160,18901,18254,11188,24394,1070,447999632,1
2026-05-01T13:41:57.929,A1,1,6023,-59.3,-76.7,-17.4,129.38,136,16914,17595,13639,19903,975,754478229,1
2026-05-01T13:41:58.018,A1,1,6024,-58.8,-75.8,-17.0,178.64,96,15405,17149,14459,18242,919,413648542,1
2026-05-01T13:41:58.139,A1,1,6025,-58.9,-76.1,-17.2,123.95,148,16780,18345,15590,21563,1000,424102819,1
2026-05-01T13:41:58.229,A1,1,6026,-58.6,-76.1,-17.5,128.39,132,16248,16947,13332,18614,922,413490232,1
2026-05-01T13:41:58.347,A1,1,6027,-58.9,-76.2,-17.3,171.91,104,16996,17879,13607,19936,963,490529315,1
2026-05-01T13:41:58.499,A1,1,6028,-58.7,-77.6,-18.9,123.25,136,15915,16762,11154,18540,922,386567006,1
2026-05-01T13:41:58.559,A1,1,6029,-58.9,-76.8,-17.9,157.73,100,16891,15773,13171,18616,931,477798149,1
2026-05-01T13:41:58.649,A1,1,6030,-59.1,-77.9,-18.8,175.52,104,17379,18254,12237,21931,1016,412420863,1
2026-05-01T13:41:58.768,A1,1,6031,-58.6,-76.6,-18.0,102.98,160,17505,16477,16093,22105,1004,386501800,1
2026-05-01T13:41:58.887,A1,1,6032,-58.9,-76.3,-17.4,115.39,144,13397,16616,15928,18063,916,414826064,1
2026-05-01T13:41:59.008,A1,1,6033,-58.9,-77.1,-18.2,108.38,144,17264,15607,13668,19514,954,457022511,1
2026-05-01T13:41:59.099,A1,1,6034,-58.7,-75.8,-17.0,122.65,144,16904,17662,13699,19448,946,396709362,1
2026-05-01T13:41:59.189,A1,1,6035,-58.8,-76.1,-17.3,129.98,128,14708,16638,15233,18334,919,415133257,1
2026-05-01T13:41:59.308,A1,1,6036,-58.6,-76.0,-17.4,171.72,104,15682,17859,15165,20139,959,416481843,1
2026-05-01T13:41:59.427,A1,1,6037,-59.5,-77.2,-17.6,112.65,148,16527,16672,12002,17938,933,504387175,1
2026-05-01T13:41:59.517,A1,1,6038,-59.0,-79.4,-20.4,110.46,144,18235,15906,9705,21287,997,390775424,1
2026-05-01T13:41:59.609,A1,1,6039,-58.9,-78.8,-19.9,156.52,120,18887,18782,11467,25403,1086,405314288,1
2026-05-01T13:41:59.726,A1,1,6040,-58.5,-76.6,-18.1,115.26,144,15345,16598,13733,18625,918,404400907,1
2026-05-01T13:41:59.817,A1,1,6041,-58.7,-76.2,-17.5,115.09,144,16332,16573,17509,21705,998,736221644,1
2026-05-01T13:41:59.938,A1,1,6042,-59.0,-76.3,-17.3,147.32,116,14146,17089,14717,17892,914,415040467,1
2026-05-01T13:42:00.057,A1,1,6043,-59.0,-76.4,-17.4,142.58,120,14345,17110,14319,17845,913,411129864,1
2026-05-01T13:42:00.179,A1,1,6044,-58.8,-76.4,-17.6,118.3,152,16423,17981,14037,20297,969,406712223,1
2026-05-01T13:42:00.299,A1,1,6045,-58.8,-76.0,-17.2,180.34,100,16322,18034,14462,20104,963,386440554,1
2026-05-01T13:42:00.447,A1,1,6046,-58.8,-76.5,-17.7,115.53,152,18037,17561,15675,22820,1027,423787721,1
2026-05-01T13:42:00.538,A1,1,6047,-59.1,-79.5,-20.5,153.66,100,18016,15366,9034,20150,974,394085997,1
2026-05-01T13:42:00.717,A1,1,6048,-58.8,-76.1,-17.3,123.61,152,18212,18789,16009,23657,1046,487455703,1
2026-05-01T13:42:00.749,A1,1,6049,-59.0,-76.2,-17.2,129.85,132,16637,17140,16539,21111,996,434606527,1
2026-05-01T13:42:00.898,A1,1,6050,-59.1,-77.2,-18.1,109.94,144,16980,15832,12316,18426,931,385415030,1
2026-05-01T13:42:00.987,A1,1,6051,-58.8,-78.7,-19.8,115.81,144,16975,16676,9482,19705,955,514379347,1
2026-05-01T13:42:01.077,A1,1,6052,-59.4,-76.8,-17.5,147.07,108,16755,15884,12791,17754,924,454263282,1
2026-05-01T13:42:01.259,A1,1,6053,-59.3,-76.9,-17.7,158.19,108,14604,17085,13270,17604,916,424179014,1
2026-05-01T13:42:01.349,A1,1,6054,-59.1,-77.8,-18.6,174.45,100,14901,17445,12194,18676,940,464293482,1
2026-05-01T13:42:01.497,A1,1,6055,-59.0,-76.0,-17.0,138.06,128,16999,17672,13513,19401,952,454372824,1
2026-05-01T13:42:01.587,A1,1,6056,-58.9,-77.7,-18.8,179.85,96,17734,17266,10042,19932,962,755244636,1
2026-05-01T13:42:01.709,A1,1,6057,-59.1,-77.8,-18.7,165.93,104,15293,17257,11629,18491,935,463020015,1
2026-05-01T13:42:01.800,A1,1,6058,-58.9,-77.4,-18.5,160.82,96,17673,15439,12903,19641,956,654782442,1
2026-05-01T13:42:01.888,A1,1,6059,-59.1,-76.5,-17.4,121.03,148,17230,17912,13136,20068,974,407469726,1
2026-05-01T13:42:02.007,A1,1,6060,-59.2,-76.5,-17.3,140.3,120,14823,16836,13614,17296,907,391143227,1
2026-05-01T13:42:02.158,A1,1,6061,-59.3,-76.2,-16.9,155.33,108,13162,16776,15716,17162,907,494915796,1
2026-05-01T13:42:02.277,A1,1,6062,-59.3,-76.0,-16.8,196.52,84,13219,16508,15611,16785,895,446892425,1
2026-05-01T13:42:02.397,A1,1,6063,-67.4,-76.1,-8.7,152.26,116,18009,17662,16024,12395,1019,754816636,1
2026-05-01T13:42:02.488,A1,1,6064,-59.1,-76.2,-17.0,130.73,132,13098,17256,16603,18450,934,413047676,1
2026-05-01T13:42:02.577,A1,1,6065,-59.0,-79.9,-20.9,130.53,112,17852,14619,8425,19495,957,477150644,1
2026-05-01T13:42:02.728,A1,1,6066,-59.5,-76.8,-17.2,121.12,144,16921,17442,12699,18882,958,757008162,1
2026-05-01T13:42:02.788,A1,1,6067,-58.7,-78.0,-19.3,183.18,92,16309,16853,10002,18797,930,408179206,1
2026-05-01T13:42:02.911,A1,1,6068,-59.0,-79.7,-20.6,105.41,140,17654,14758,9106,19421,955,404031593,1
2026-05-01T13:42:02.997,A1,1,6069,-59.0,-78.7,-19.7,178.35,104,18877,18548,10982,24491,1070,415008301,1
2026-05-01T13:42:03.147,A1,1,6070,-59.1,-79.3,-20.3,113.23,132,17437,14946,8450,18556,934,755356578,1
2026-05-01T13:42:03.238,A1,1,6071,-58.7,-78.3,-19.6,130.28,116,17506,15112,11229,19563,948,427341718,1
2026-05-01T13:42:03.329,A1,1,6072,-59.3,-77.8,-18.5,151.62,100,17171,15162,11316,17841,923,498805239,1
2026-05-01T13:42:03.448,A1,1,6073,-59.1,-78.3,-19.2,157.29,96,17207,15100,10239,18069,922,498772584,1
2026-05-01T13:42:03.568,A1,1,6074,-58.9,-76.2,-17.4,173.15,104,15917,18008,15083,20416,973,389075960,1
2026-05-01T13:42:03.718,A1,1,6075,-58.6,-75.6,-17.0,152.65,116,17155,17707,16997,22155,1003,719510908,1
2026-05-01T13:42:03.779,A1,1,6076,-59.0,-76.6,-17.6,165.26,100,12455,16526,15923,17552,906,471331483,1
2026-05-01T13:42:03.867,A1,1,6077,-58.4,-75.5,-17.1,174.57,104,16986,18155,16740,22344,1001,398398307,1
2026-05-01T13:42:03.988,A1,1,6078,-58.5,-76.4,-17.8,152.67,116,16479,17710,16673,22578,1012,428791163,1
2026-05-01T13:42:04.077,A1,1,6079,-58.3,-75.8,-17.5,162.75,104,16347,16926,13212,18601,911,460315135,1
2026-05-01T13:42:04.198,A1,1,6080,-58.5,-76.2,-17.7,117.97,140,15348,16516,14216,18429,914,735782377,1
2026-05-01T13:42:04.287,A1,1,6081,-58.2,-76.2,-18.0,117.43,148,17977,17380,15312,22723,1005,496357225,1
2026-05-01T13:42:04.409,A1,1,6082,-58.8,-76.1,-17.4,155.93,112,17644,17464,16931,22911,1027,754817106,1
2026-05-01T13:42:04.498,A1,1,6083,-58.5,-77.8,-19.2,123.99,136,15851,16862,11112,18993,928,741995877,1
2026-05-01T13:42:04.587,A1,1,6084,-58.9,-76.4,-17.5,126.89,136,16634,17257,14626,20212,968,455594438,1
2026-05-01T13:42:04.707,A1,1,6085,-58.5,-76.2,-17.7,166.02,100,16017,16602,13154,18286,909,496231392,1
2026-05-01T13:42:04.857,A1,1,6086,-59.0,-76.4,-17.4,118.01,144,13065,16993,15899,18061,921,438499686,1
2026-05-01T13:42:04.949,A1,1,6087,-58.8,-77.2,-18.4,166.04,100,15715,16604,11799,17950,911,437612132,1
2026-05-01T13:42:05.038,A1,1,6088,-58.9,-76.0,-17.1,110.24,156,15907,17197,17016,20816,985,402780297,1
2026-05-01T13:42:05.187,A1,1,6089,-59.4,-77.1,-17.7,169.48,104,14980,17626,13738,18736,950,429148414,1
2026-05-01T13:42:05.307,A1,1,6090,-59.1,-77.4,-18.3,119.47,140,15801,16726,12015,18180,925,490281261,1
2026-05-01T13:42:05.397,A1,1,6091,-58.8,-75.8,-17.0,173.36,100,16166,17336,13764,18514,925,411414267,1
2026-05-01T13:42:05.488,A1,1,6092,-59.1,-76.2,-17.1,115.13,160,16891,18421,15464,21467,1005,424311104,1
2026-05-01T13:42:05.607,A1,1,6093,-58.6,-75.7,-17.2,132.81,128,15917,17000,14187,18557,919,478514631,1
2026-05-01T13:42:05.727,A1,1,6094,-58.9,-75.9,-17.0,169.28,108,16358,18282,15771,20981,989,484348447,1
2026-05-01T13:42:05.848,A1,1,6095,-59.1,-76.7,-17.5,122.16,140,16689,17102,16477,21571,1010,427262117,1
2026-05-01T13:42:05.939,A1,1,6096,-59.1,-76.1,-17.0,140.69,120,14539,16883,14890,17717,913,763281796,1
2026-05-01T13:42:06.059,A1,1,6097,-59.0,-75.8,-16.8,128.37,140,15276,17972,16298,20051,968,441569532,1
2026-05-01T13:42:06.177,A1,1,6098,-59.0,-75.9,-16.9,164.3,100,15002,16430,14262,17153,896,478029577,1
2026-05-01T13:42:06.268,A1,1,6099,-59.2,-77.2,-18.0,169.37,108,17117,18292,13036,21110,1000,412509236,1
2026-05-01T13:42:06.387,A1,1,6100,-59.5,-77.3,-17.7,122.79,144,15297,17682,13184,18726,953,469377137,1
2026-05-01T13:42:06.509,A1,1,6101,-59.1,-75.8,-16.6,147.19,120,14766,17663,16538,19336,956,390004589,1
2026-05-01T13:42:06.627,A1,1,6102,-58.6,-76.0,-17.4,137.02,124,16398,16991,12792,18266,913,709917946,1
2026-05-01T13:42:06.717,A1,1,6103,-58.8,-79.3,-20.5,120.1,144,16515,17295,9340,20743,978,735271079,1
2026-05-01T13:42:06.808,A1,1,6104,-59.0,-76.7,-17.7,102.96,156,17335,16061,16056,21079,995,476129082,1
2026-05-01T13:42:06.928,A1,1,6105,-59.0,-77.5,-18.5,177.85,100,18484,17785,12530,22266,1021,461679083,1
2026-05-01T13:42:07.048,A1,1,6106,-58.9,-76.8,-17.9,183.47,92,15697,16879,12815,18292,922,760749442,1
2026-05-01T13:42:07.137,A1,1,6107,-59.0,-76.2,-17.2,161.02,108,16945,17390,13488,19277,950,725979500,1
2026-05-01T13:42:07.258,A1,1,6108,-59.0,-78.5,-19.5,163.16,96,17981,15663,10349,19887,964,399543253,1
2026-05-01T13:42:07.378,A1,1,6109,-59.5,-76.1,-16.6,151.34,108,13508,16345,15635,16618,899,429877831,1
2026-05-01T13:42:07.469,A1,1,6110,-59.1,-77.7,-18.6,127.59,132,15905,16842,10904,18017,922,522814540,1
2026-05-01T13:42:07.559,A1,1,6111,-58.9,-75.4,-16.5,161.71,108,14362,17465,16025,18338,924,407274500,1
2026-05-01T13:42:07.677,A1,1,6112,-59.4,-76.8,-17.4,125.21,128,16908,16027,13457,18403,941,477671685,1
2026-05-01T13:42:07.797,A1,1,6113,-59.2,-75.7,-16.5,160.97,108,14225,17385,15685,17890,922,463381905,1
2026-05-01T13:42:07.918,A1,1,6114,-59.0,-76.0,-17.0,157.86,104,13998,16417,15321,17300,900,479174794,1
2026-05-01T13:42:08.007,A1,1,6115,-59.4,-75.9,-16.5,178.96,96,14990,17180,14708,17599,919,474368679,1
2026-05-01T13:42:08.099,A1,1,6116,-59.0,-76.0,-17.0,130.91,132,16419,17280,13556,18559,932,404305095,1
2026-05-01T13:42:08.217,A1,1,6117,-59.1,-75.9,-16.9,128.27,136,15427,17445,16582,19974,970,465786133,1
2026-05-01T13:42:08.367,A1,1,6118,-59.4,-79.1,-19.7,157.35,100,18075,15735,9533,19728,976,495425192,1
2026-05-01T13:42:08.489,A1,1,6119,-59.4,-75.9,-16.6,112.63,156,17500,17570,17393,22023,1028,488954636,1
2026-05-01T13:42:08.579,A1,1,6120,-59.6,-76.0,-16.4,172.39,96,12938,16549,15955,16510,898,432948099,1
2026-05-01T13:42:08.727,A1,1,6121,-59.0,-75.3,-16.3,174.96,100,15690,17496,16503,19338,952,453549899,1
2026-05-01T13:42:08.847,A1,1,6122,-59.7,-76.3,-16.6,102.77,156,17129,16032,16854,20084,992,760224646,1
2026-05-01T13:42:08.937,A1,1,6123,-59.6,-76.8,-17.3,118.34,140,12460,16567,16102,17319,918,727203078,1
2026-05-01T13:42:09.059,A1,1,6124,-59.6,-78.6,-19.0,109.86,136,17595,14941,10871,18494,949,400471781,1
2026-05-01T13:42:09.149,A1,1,6125,-59.2,-78.4,-19.2,167.37,104,15507,17406,10688,18913,948,453041208,1
2026-05-01T13:42:09.267,A1,1,6126,-58.8,-75.5,-16.7,175.68,96,16319,16865,13404,17692,904,429968825,1
2026-05-01T13:42:09.357,A1,1,6127,-59.3,-76.1,-16.7,126.81,128,16828,16232,16902,20193,984,413864537,1
2026-05-01T13:42:09.477,A1,1,6128,-59.3,-75.8,-16.6,112.99,148,17418,16722,16972,20848,998,445140982,1
2026-05-01T13:42:09.599,A1,1,6129,-59.2,-78.2,-19.0,118.06,144,16325,17000,10396,18763,945,387333456,1
2026-05-01T13:42:09.718,A1,1,6130,-59.4,-76.0,-16.6,122.79,140,14067,17191,15272,17464,917,499368846,1
2026-05-01T13:42:09.836,A1,1,6131,-59.2,-77.0,-17.8,175.86,100,18394,17586,13685,21855,1018,388689988,1
2026-05-01T13:42:09.956,A1,1,6132,-59.1,-76.0,-16.8,177.15,100,17131,17715,13062,18972,947,448006442,1
2026-05-01T13:42:10.079,A1,1,6133,-59.0,-75.6,-16.7,171.13,100,17515,17113,17135,21570,1004,707428212,1
2026-05-01T13:42:10.169,A1,1,6134,-59.2,-77.2,-18.0,135.67,116,17682,15738,13678,19747,969,424101381,1
2026-05-01T13:42:10.287,A1,1,6135,-59.6,-77.4,-17.8,122.78,144,15194,17680,13425,18936,960,412866244,1
2026-05-01T13:42:10.407,A1,1,6136,-59.5,-77.8,-18.3,163.34,92,17312,15027,12269,18228,940,710263976,1
2026-05-01T13:42:10.498,A1,1,6137,-59.0,-76.0,-17.0,119.52,148,16256,17689,14241,19249,951,410955078,1
2026-05-01T13:42:10.588,A1,1,6138,-59.4,-80.0,-20.6,120.71,148,16167,17865,9641,21320,1013,390586271,1
2026-05-01T13:42:10.708,A1,1,6139,-59.0,-77.4,-18.4,171.88,100,15340,17188,11868,18292,924,477800377,1
2026-05-01T13:42:10.828,A1,1,6140,-58.9,-76.4,-17.5,134.69,132,16416,17779,14066,19960,965,412343456,1
2026-05-01T13:42:10.916,A1,1,6141,-59.3,-79.0,-19.8,119.65,128,17859,15315,9882,19475,964,412888124,1
2026-05-01T13:42:11.038,A1,1,6142,-59.3,-75.7,-16.4,162.62,108,16701,17563,13574,18312,936,421960267,1
2026-05-01T13:42:11.157,A1,1,6143,-59.4,-77.0,-17.6,115.2,140,16882,16128,13049,18437,943,412598627,1
2026-05-01T13:42:11.249,A1,1,6144,-58.8,-75.7,-16.9,176.12,104,17077,18316,15618,21321,993,404972930,1
2026-05-01T13:42:11.337,A1,1,6145,-59.0,-77.4,-18.4,147.19,104,17422,15308,12990,19199,948,461847283,1
2026-05-01T13:42:11.427,A1,1,6146,-58.6,-76.4,-17.8,146.9,108,16939,15865,15429,20295,962,427516665,1
2026-05-01T13:42:11.548,A1,1,6147,-58.8,-75.4,-16.6,178.91,100,16756,17891,16732,21155,990,676106718,1
2026-05-01T13:42:11.669,A1,1,6148,-58.8,-77.9,-19.0,116.93,144,17226,16838,10242,19485,949,475974815,1
2026-05-01T13:42:11.759,A1,1,6149,-58.8,-75.8,-17.0,105.36,168,17995,17701,16811,22698,1023,411684792,1
2026-05-01T13:42:11.878,A1,1,6150,-59.4,-76.5,-17.1,117.96,144,12423,16986,16497,17788,925,387842454,1
2026-05-01T13:42:11.967,A1,1,6151,-58.8,-76.8,-17.9,100.9,156,17389,15740,15108,20477,974,431715117,1
2026-05-01T13:42:12.087,A1,1,6152,-58.5,-76.5,-18.0,107.78,160,18063,17244,14846,22318,1006,387699838,1
2026-05-01T13:42:12.179,A1,1,6153,-59.1,-76.1,-17.1,112.35,148,14700,16628,14932,17732,914,523527782,1
2026-05-01T13:42:12.268,A1,1,6154,-59.0,-75.8,-16.8,128.56,140,16119,17998,16477,20826,989,426418290,1
2026-05-01T13:42:12.386,A1,1,6155,-59.2,-78.6,-19.5,162.44,108,15354,17544,11051,19475,961,476687146,1
2026-05-01T13:42:12.507,A1,1,6156,-59.3,-76.1,-16.8,118.95,152,17071,18081,14549,20219,984,489094470,1
2026-05-01T13:42:12.627,A1,1,6157,-59.0,-76.7,-17.7,104.6,164,18051,17155,14184,21298,997,425866946,1
2026-05-01T13:42:12.717,A1,1,6158,-58.8,-75.4,-16.6,166.46,108,17750,17978,17091,22292,1015,476592106,1
2026-05-01T13:42:12.839,A1,1,6159,-59.6,-76.1,-16.5,115.65,156,16977,18042,15234,20209,992,447944978,1
2026-05-01T13:42:12.957,A1,1,6160,-59.5,-76.1,-16.7,116.06,156,17247,18105,13908,19752,977,470063681,1
2026-05-01T13:42:13.077,A1,1,6161,-59.0,-78.5,-19.4,138.31,116,18108,16044,10815,20491,981,428628151,1
2026-05-01T13:42:13.166,A1,1,6162,-59.0,-78.7,-19.6,113.57,164,19089,18626,11258,24844,1080,389087279,1
2026-05-01T13:42:13.287,A1,1,6163,-59.2,-78.8,-19.6,122.13,144,18726,17587,10957,23073,1046,400907809,1
2026-05-01T13:42:13.407,A1,1,6164,-58.8,-78.0,-19.2,124.89,132,16754,16485,10528,19003,938,397636203,1
2026-05-01T13:42:13.527,A1,1,6165,-59.0,-77.8,-18.8,120.93,132,17926,15963,12024,20211,973,392247736,1
2026-05-01T13:42:13.617,A1,1,6166,-59.2,-76.1,-16.9,123.45,144,17040,17777,14291,19815,971,451682806,1
2026-05-01T13:42:13.737,A1,1,6167,-59.2,-76.8,-17.6,129.93,136,16633,17671,17759,23302,1051,389577426,1
2026-05-01T13:42:13.856,A1,1,6168,-58.7,-75.9,-17.2,125.95,132,14918,16626,14779,17962,909,476303884,1
2026-05-01T13:42:13.979,A1,1,6169,-58.8,-75.4,-16.6,169.14,108,16498,18267,16264,20937,983,435085131,1
2026-05-01T13:42:14.096,A1,1,6170,-59.3,-76.2,-16.8,182.83,96,17325,17552,12258,18501,942,457388579,1
2026-05-01T13:42:14.186,A1,1,6171,-59.4,-76.1,-16.7,123.51,144,16708,17786,13870,19116,959,454095511,1
2026-05-01T13:42:14.278,A1,1,6172,-59.0,-76.5,-17.5,128.01,140,16113,17921,13852,19691,960,425287935,1
2026-05-01T13:42:14.429,A1,1,6173,-59.0,-77.6,-18.7,121.47,140,15846,17006,11607,18681,935,456472944,1
2026-05-01T13:42:14.577,A1,1,6174,-59.0,-76.4,-17.4,169.79,96,16328,16300,17562,21328,998,424085083,1
2026-05-01T13:42:14.668,A1,1,6175,-58.8,-77.4,-18.6,133.25,116,17249,15457,12696,19197,943,412385849,1
2026-05-01T13:42:14.758,A1,1,6176,-58.9,-76.8,-17.9,149.62,112,15311,16757,12821,17814,911,441490172,1
2026-05-01T13:42:14.877,A1,1,6177,-58.9,-76.2,-17.3,152.81,108,14894,16503,14166,17504,902,747090568,1
2026-05-01T13:42:14.967,A1,1,6178,-58.9,-77.3,-18.4,122.26,152,17892,18584,13311,22921,1033,475468988,1
2026-05-01T13:42:15.088,A1,1,6179,-58.9,-77.6,-18.7,118.04,156,17859,18415,12399,22548,1023,450596647,1
2026-05-01T13:42:15.176,A1,1,6180,-58.7,-75.6,-16.9,170.08,104,14358,17688,16521,19407,945,475654424,1
2026-05-01T13:42:15.299,A1,1,6181,-59.3,-76.2,-17.0,168.67,104,17139,17542,12453,18615,943,476131558,1
2026-05-01T13:42:15.420,A1,1,6182,-59.0,-77.7,-18.7,168.15,100,18208,16815,12055,21092,995,408336300,1
2026-05-01T13:42:15.537,A1,1,6183,-59.0,-76.0,-17.0,133.31,128,16627,17064,16339,20603,983,496709559,1
2026-05-01T13:42:15.629,A1,1,6184,-59.3,-76.4,-17.1,144.8,120,16830,17376,14057,19512,966,494483762,1
2026-05-01T13:42:15.717,A1,1,6185,-59.0,-76.4,-17.5,115.1,144,16843,16575,16364,21084,992,492201166,1
2026-05-01T13:42:15.867,A1,1,6186,-58.9,-75.5,-16.6,165.48,104,16406,17210,13540,18010,916,449688609,1
2026-05-01T13:42:15.987,A1,1,6187,-59.1,-76.1,-17.0,119.98,148,16942,17757,13446,19342,955,446645031,1
2026-05-01T13:42:16.077,A1,1,6188,-58.9,-76.2,-17.3,164.53,100,16700,16453,16118,20419,974,497994174,1
2026-05-01T13:42:16.198,A1,1,6189,-58.7,-77.8,-19.0,122.57,136,17030,16669,10428,19231,940,769185289,1
2026-05-01T13:42:16.317,A1,1,6190,-58.7,-76.2,-17.5,127.13,124,16908,15764,15030,19458,944,710929352,1
2026-05-01T13:42:16.447,A1,1,6191,-59.2,-76.2,-17.0,129.04,140,16548,18065,14497,20016,976,454576668,1
2026-05-01T13:42:16.558,A1,1,6192,-59.3,-76.8,-17.5,120.05,140,16579,16807,14069,19362,962,425211130,1
2026-05-01T13:42:16.677,A1,1,6193,-58.9,-79.0,-20.1,143.9,108,17953,15541,9935,20227,971,430932091,1
2026-05-01T13:42:16.767,A1,1,6194,-58.8,-79.1,-20.3,157.74,104,18402,16405,9750,21793,1005,402824550,1
2026-05-01T13:42:16.887,A1,1,6195,-58.5,-77.4,-18.8,135.43,124,15831,16793,11187,18415,914,716598038,1
2026-05-01T13:42:16.979,A1,1,6196,-58.6,-77.4,-18.8,128.78,120,17577,15454,13551,20397,965,409161702,1
2026-05-01T13:42:17.097,A1,1,6197,-58.9,-78.3,-19.3,144.31,108,17116,15586,10924,19008,941,718738082,1
2026-05-01T13:42:17.188,A1,1,6198,-58.5,-76.6,-18.2,136.07,124,17928,16873,14721,22029,997,429233967,1
2026-05-01T13:42:17.307,A1,1,6199,-58.5,-75.8,-17.3,120.39,148,18066,17818,16470,23031,1022,494432117,1
2026-05-01T13:42:17.399,A1,1,6200,-58.9,-76.7,-17.8,120.7,152,16513,18346,18048,24321,1065,401495277,1
2026-05-01T13:42:17.519,A1,1,6201,-58.7,-75.9,-17.2,119.87,152,16629,18220,15525,21283,987,452683197,1
2026-05-01T13:42:17.609,A1,1,6202,-58.7,-77.6,-18.9,153.8,112,18229,17226,12291,21960,1003,447989404,1
2026-05-01T13:42:17.757,A1,1,6203,-59.4,-77.2,-17.8,139.44,120,16624,16733,11352,17820,927,709496529,1
2026-05-01T13:42:17.847,A1,1,6204,-58.7,-75.9,-17.2,126.93,148,18349,18786,16800,24369,1057,735580780,1
2026-05-01T13:42:17.937,A1,1,6205,-58.8,-76.4,-17.6,151.61,104,17060,15767,16145,20581,976,395029517,1
2026-05-01T13:42:18.057,A1,1,6206,-58.9,-76.7,-17.8,133.77,128,17050,17122,10993,18349,925,475877675,1
2026-05-01T13:42:18.177,A1,1,6207,-59.3,-76.5,-17.1,116.62,156,16933,18193,14129,20349,988,443649215,1
2026-05-01T13:42:18.267,A1,1,6208,-59.0,-78.5,-19.5,144.02,128,17674,18434,11612,23161,1041,481322994,1
2026-05-01T13:42:18.387,A1,1,6209,-58.7,-75.8,-17.0,124.81,140,16697,17474,13818,19186,939,728774498,1
2026-05-01T13:42:18.477,A1,1,6210,-59.0,-76.7,-17.7,117.33,140,17137,16426,17536,22508,1027,411606881,1
2026-05-01T13:42:18.627,A1,1,6211,-58.7,-76.5,-17.8,117.88,136,17595,16032,14215,20122,960,765497264,1
2026-05-01T13:42:18.687,A1,1,6212,-58.9,-76.0,-17.2,120.34,140,14888,16847,14951,18221,919,587409248,1
2026-05-01T13:42:18.807,A1,1,6213,-58.8,-75.8,-17.0,171.11,96,15143,16427,14358,17458,897,591127115,1
2026-05-01T13:42:18.927,A1,1,6214,-59.2,-76.6,-17.3,174.5,100,14782,17450,14091,18244,931,410291165,1
2026-05-01T13:42:19.047,A1,1,6215,-59.1,-76.5,-17.3,122.04,148,16009,18062,14919,20353,981,475748129,1
2026-05-01T13:42:19.109,A1,1,6216,-59.2,-76.5,-17.3,123.44,140,13903,17282,15472,18397,934,474168856,1
2026-05-01T13:42:19.226,A1,1,6217,-59.1,-76.2,-17.1,140.64,124,14504,17439,14882,18328,929,438178059,1
2026-05-01T13:42:19.347,A1,1,6218,-59.5,-77.1,-17.6,132.52,132,14656,17493,13998,18424,945,454594587,1
2026-05-01T13:42:19.468,A1,1,6219,-58.7,-77.4,-18.7,166.12,104,17646,17277,10350,19926,956,437995750,1
2026-05-01T13:42:19.558,A1,1,6220,-59.0,-78.4,-19.4,108.26,140,17745,15157,10640,19173,948,411564002,1
2026-05-01T13:42:19.678,A1,1,6221,-59.0,-77.3,-18.3,152.51,100,17202,15251,13102,18908,941,715888397,1
2026-05-01T13:42:19.767,A1,1,6222,-58.6,-75.6,-17.0,113.81,152,16949,17299,17287,21815,997,475429304,1
2026-05-01T13:42:19.887,A1,1,6223,-59.2,-76.2,-17.0,135.81,128,14339,17384,15092,18104,927,390066070,1
2026-05-01T13:42:20.007,A1,1,6224,-58.7,-78.0,-19.2,175.24,96,16440,16823,10149,18881,932,491143118,1
2026-05-01T13:42:20.127,A1,1,6225,-59.3,-77.3,-18.0,165.48,96,16689,15886,11417,17502,914,756635550,1
2026-05-01T13:42:20.246,A1,1,6226,-59.4,-76.6,-17.2,123.74,144,17203,17819,13110,19662,972,445091177,1
2026-05-01T13:42:20.368,A1,1,6227,-58.9,-75.7,-16.8,175.84,100,15418,17584,16416,19841,962,448557332,1
2026-05-01T13:42:20.487,A1,1,6228,-59.0,-75.9,-16.9,161.09,108,16705,17398,12970,18450,929,481982674,1
2026-05-01T13:42:20.579,A1,1,6229,-59.2,-76.2,-17.0,118.43,152,17395,18002,13528,19955,974,423095307,1
2026-05-01T13:42:20.669,A1,1,6230,-59.3,-76.9,-17.6,121.88,140,16801,17063,12556,18833,950,393720475,1
2026-05-01T13:42:20.787,A1,1,6231,-59.0,-76.0,-17.0,125.03,132,15544,16504,14103,17629,909,388364736,1
2026-05-01T13:42:20.907,A1,1,6232,-59.1,-76.0,-17.0,162.1,104,13376,16858,15655,17434,906,404401363,1
2026-05-01T13:42:20.997,A1,1,6233,-59.0,-78.8,-19.8,116.17,144,17761,16728,8999,20293,975,594685231,1
2026-05-01T13:42:21.086,A1,1,6234,-58.6,-76.7,-18.1,153.71,112,18188,17215,14139,22001,1002,493326337,1
2026-05-01T13:42:21.207,A1,1,6235,-58.7,-75.3,-16.6,161.19,108,16961,17409,17009,21206,986,475241990,1
2026-05-01T13:42:21.298,A1,1,6236,-59.3,-75.9,-16.7,166.2,108,16949,17950,13927,19384,962,404425170,1
2026-05-01T13:42:21.422,A1,1,6237,-59.0,-77.9,-18.9,114.92,144,16793,16549,10757,18929,940,733966348,1
2026-05-01T13:42:21.507,A1,1,6238,-58.9,-77.5,-18.5,172.33,96,16800,16544,10530,18319,924,402441531,1
2026-05-01T13:42:21.599,A1,1,6239,-58.6,-77.5,-18.9,118.76,140,17050,16626,10082,18816,927,585008943,1
2026-05-01T13:42:21.718,A1,1,6240,-59.4,-76.2,-16.8,173.35,104,17131,18028,13954,19853,976,458051909,1
2026-05-01T13:42:21.838,A1,1,6241,-59.4,-78.3,-18.9,100.78,156,17890,15722,11375,19647,972,441586509,1
2026-05-01T13:42:21.958,A1,1,6242,-59.6,-76.4,-16.8,116.51,152,17083,17710,13893,19414,974,445659004,1
2026-05-01T13:42:22.077,A1,1,6243,-59.2,-76.6,-17.4,180.4,96,14442,17318,14615,18309,933,449039912,1
2026-05-01T13:42:22.168,A1,1,6244,-59.1,-76.1,-17.0,118.72,140,15198,16621,14445,17671,912,425392034,1
2026-05-01T13:42:22.258,A1,1,6245,-59.1,-75.8,-16.8,169.94,104,16732,17674,13884,19068,947,733111261,1
2026-05-01T13:42:22.377,A1,1,6246,-59.4,-76.7,-17.3,101.54,164,16844,16652,17584,21978,1028,412468442,1
2026-05-01T13:42:22.497,A1,1,6247,-59.6,-77.8,-18.2,180.57,96,14884,17335,12141,17943,936,403802307,1
2026-05-01T13:42:22.588,A1,1,6248,-59.4,-75.9,-16.5,119.16,140,14772,16682,15277,17388,914,411715570,1
2026-05-01T13:42:22.709,A1,1,6249,-59.1,-77.2,-18.1,117.19,148,17549,17344,10673,19209,953,445437520,1
2026-05-01T13:42:22.829,A1,1,6250,-59.6,-76.6,-17.0,174.66,104,16497,18165,14451,20055,990,404026979,1
2026-05-01T13:42:22.917,A1,1,6251,-58.8,-75.9,-17.1,115.0,164,18483,18860,16440,24026,1055,408601769,1
2026-05-01T13:42:23.038,A1,1,6252,-59.2,-79.1,-19.9,143.12,104,17320,14885,8821,18084,927,457025581,1
2026-05-01T13:42:23.128,A1,1,6253,-59.3,-76.1,-16.9,108.7,152,16773,16523,15870,19746,970,732668949,1
2026-05-01T13:42:23.219,A1,1,6254,-59.6,-77.6,-18.0,121.51,144,14775,17497,12934,18247,944,457129232,1
2026-05-01T13:42:23.337,A1,1,6255,-59.1,-76.5,-17.4,120.57,140,16567,16880,12472,18170,926,446262176,1
2026-05-01T13:42:23.456,A1,1,6256,-59.1,-77.2,-18.1,155.52,100,17551,15552,13032,19123,951,435806450,1
2026-05-01T13:42:23.578,A1,1,6257,-59.2,-76.1,-16.9,118.58,144,16101,17076,13756,18188,929,386768650,1
2026-05-01T13:42:23.698,A1,1,6258,-59.6,-79.2,-19.7,122.37,144,15671,17621,10516,19778,982,392119526,1
2026-05-01T13:42:23.819,A1,1,6259,-59.3,-76.1,-16.8,179.48,100,16741,17948,13663,19181,958,616031426,1
2026-05-01T13:42:23.937,A1,1,6260,-59.0,-75.9,-16.9,170.75,100,16451,17075,13052,17991,917,412608788,1
2026-05-01T13:42:24.057,A1,1,6261,-59.3,-77.6,-18.3,166.27,96,17735,15962,12335,19469,964,418929858,1
2026-05-01T13:42:24.177,A1,1,6262,-58.9,-75.8,-17.0,162.09,108,17911,17506,16307,21991,1010,480190965,1
2026-05-01T13:42:24.269,A1,1,6263,-59.3,-78.0,-18.7,144.92,128,17800,18550,12664,22790,1044,713990816,1
2026-05-01T13:42:24.388,A1,1,6264,-59.0,-76.2,-17.2,107.67,168,18251,18089,16288,23147,1040,386878403,1
2026-05-01T13:42:24.477,A1,1,6265,-59.1,-75.7,-16.5,137.24,128,16872,17567,13394,18442,934,414124951,1
2026-05-01T13:42:24.567,A1,1,6266,-58.9,-76.1,-17.2,107.15,164,17946,17572,16260,22422,1021,426079940,1
2026-05-01T13:42:24.719,A1,1,6267,-59.3,-78.4,-19.0,154.1,100,16941,15410,9688,17570,917,440939170,1
2026-05-01T13:42:24.807,A1,1,6268,-59.3,-77.2,-17.9,169.53,104,15092,17631,13460,18934,951,429732420,1
2026-05-01T13:42:24.927,A1,1,6269,-59.3,-77.6,-18.3,124.14,132,16802,16386,9111,17104,904,403448680,1
2026-05-01T13:42:25.018,A1,1,6270,-59.3,-76.4,-17.1,129.69,136,17101,17638,13063,19295,959,430092014,1
2026-05-01T13:42:25.107,A1,1,6271,-58.9,-75.8,-16.8,109.47,160,17577,17515,17465,22435,1023,412782045,1
2026-05-01T13:42:25.227,A1,1,6272,-59.6,-77.7,-18.1,115.94,144,16754,16695,10050,17583,926,443616413,1
2026-05-01T13:42:25.377,A1,1,6273,-59.1,-76.6,-17.6,116.72,144,16234,16808,12643,18106,923,426047145,1
2026-05-01T13:42:25.438,A1,1,6274,-58.9,-75.6,-16.7,153.51,116,17029,17807,17135,21791,1008,731893469,1
2026-05-01T13:42:25.527,A1,1,6275,-59.4,-76.1,-16.7,167.31,108,16641,18069,14469,19607,972,392652591,1
2026-05-01T13:42:25.648,A1,1,6276,-59.0,-77.0,-18.0,109.25,164,18487,17917,13837,22522,1027,732169163,1
2026-05-01T13:42:25.737,A1,1,6277,-59.2,-76.1,-16.9,114.76,144,14269,16526,15515,17620,914,540594084,1
2026-05-01T13:42:25.859,A1,1,6278,-59.0,-76.3,-17.3,112.12,152,16488,17042,13052,18429,929,422170316,1
2026-05-01T13:42:25.949,A1,1,6279,-59.0,-75.9,-16.9,127.28,144,17021,18328,15683,21358,1000,409733258,1
2026-05-01T13:42:26.067,A1,1,6280,-59.0,-75.5,-16.6,169.71,104,16763,17650,16938,21054,992,398949702,1
2026-05-01T13:42:26.187,A1,1,6281,-59.1,-77.9,-18.8,120.74,152,18788,18352,12487,23686,1057,503408616,1
2026-05-01T13:42:26.307,A1,1,6282,-58.9,-75.7,-16.8,120.94,144,16661,17415,13467,18611,929,714512830,1
2026-05-01T13:42:26.428,A1,1,6283,-59.1,-75.7,-16.6,165.6,108,17303,17885,17025,21815,1014,439618067,1
2026-05-01T13:42:26.518,A1,1,6284,-58.7,-76.7,-18.0,122.49,140,17043,17148,11968,19254,939,391832474,1
2026-05-01T13:42:26.637,A1,1,6285,-59.2,-76.7,-17.4,115.53,144,13531,16636,15543,17847,922,387493605,1
2026-05-01T13:42:26.756,A1,1,6286,-58.7,-75.9,-17.2,127.89,132,16087,16882,13206,17954,908,541555535,1
2026-05-01T13:42:26.847,A1,1,6287,-59.3,-76.7,-17.3,157.47,108,16578,17007,13536,18861,951,455485743,1
2026-05-01T13:42:26.966,A1,1,6288,-59.1,-76.0,-16.9,120.81,140,14939,16913,15071,18056,923,437241880,1
2026-05-01T13:42:27.088,A1,1,6289,-59.3,-76.5,-17.3,125.71,136,16616,17096,14401,19509,965,412304204,1
2026-05-01T13:42:27.206,A1,1,6290,-59.3,-76.5,-17.1,132.07,128,12076,16905,16427,17490,916,419759206,1
2026-05-01T13:42:27.327,A1,1,6291,-59.0,-75.6,-16.6,172.25,104,15219,17914,16447,19805,963,398060945,1
2026-05-01T13:42:27.417,A1,1,6292,-58.9,-75.4,-16.6,164.1,108,16531,17723,16765,20837,983,496269784,1
2026-05-01T13:42:27.538,A1,1,6293,-59.1,-76.1,-17.0,140.3,120,15853,16836,13973,18028,921,426445397,1
2026-05-01T13:42:27.658,A1,1,6294,-59.4,-79.1,-19.7,174.01,100,15875,17401,10008,19456,968,445086450,1
2026-05-01T13:42:27.748,A1,1,6295,-59.2,-79.8,-20.5,134.89,108,17539,14568,8126,18462,937,408579449,1
2026-05-01T13:42:27.869,A1,1,6296,-59.2,-77.9,-18.7,102.21,148,17461,15127,12839,19382,959,428838515,1
2026-05-01T13:42:28.018,A1,1,6297,-59.2,-76.3,-17.1,158.53,104,16412,16487,14135,18413,934,452389893,1
2026-05-01T13:42:28.079,A1,1,6298,-59.0,-75.6,-16.5,167.88,104,14239,17460,16044,18285,926,732158894,1
2026-05-01T13:42:28.197,A1,1,6299,-58.8,-76.0,-17.2,119.17,152,18240,18114,15997,22949,1029,474315521,1
2026-05-01T13:42:28.287,A1,1,6300,-59.0,-78.3,-19.3,112.39,148,16880,16633,10026,19189,948,447094303,1
2026-05-01T13:42:28.406,A1,1,6301,-59.0,-76.1,-17.1,118.6,144,16521,17078,13055,18240,925,439513732,1
2026-05-01T13:42:28.528,A1,1,6302,-59.2,-76.8,-17.6,130.89,132,14230,17277,14579,18334,934,389248776,1
2026-05-01T13:42:28.617,A1,1,6303,-59.2,-76.2,-17.0,127.76,140,16623,17887,13961,19524,963,733943907,1
2026-05-01T13:42:28.737,A1,1,6304,-59.2,-76.1,-16.9,126.5,140,14907,17710,15629,19191,953,393425697,1
2026-05-01T13:42:28.828,A1,1,6305,-59.1,-75.9,-16.8,155.81,112,17112,17451,12586,18391,932,393594864,1
2026-05-01T13:42:28.947,A1,1,6306,-59.1,-75.8,-16.7,122.1,148,15426,18071,16544,20315,979,732763928,1
2026-05-01T13:42:29.039,A1,1,6307,-58.9,-76.0,-17.2,122.32,136,16002,16635,13756,18051,915,470187548,1
2026-05-01T13:42:29.129,A1,1,6308,-59.0,-76.2,-17.2,114.88,144,17585,16543,15706,20728,985,427115895,1
2026-05-01T13:42:29.246,A1,1,6309,-59.2,-76.3,-17.1,156.53,108,16448,16905,15937,20109,977,466244390,1
2026-05-01T13:42:29.367,A1,1,6310,-59.4,-79.5,-20.1,161.16,104,18266,16761,9294,21453,1015,389167073,1
2026-05-01T13:42:29.457,A1,1,6311,-59.3,-76.0,-16.7,175.33,100,15764,17533,14231,18317,937,731523315,1
2026-05-01T13:42:29.579,A1,1,6312,-59.3,-76.4,-17.1,166.65,100,13040,16665,15642,17196,906,733027125,1
2026-05-01T13:42:29.668,A1,1,6313,-58.9,-76.1,-17.2,112.94,152,16567,17167,13050,18541,929,426893131,1
2026-05-01T13:42:29.788,A1,1,6314,-69.6,-77.5,-7.9,127.98,132,17508,16893,9672,9028,939,712904624,1
2026-05-01T13:42:29.877,A1,1,6315,-59.0,-75.9,-16.9,151.83,112,16428,17005,15840,19896,965,473962374,1
2026-05-01T13:42:29.998,A1,1,6316,-59.1,-76.2,-17.1,108.24,156,17608,16885,16925,21914,1017,429154276,1
2026-05-01T13:42:30.118,A1,1,6317,-59.0,-76.3,-17.4,118.36,140,15515,16571,13971,18009,917,717764422,1
2026-05-01T13:42:30.297,A1,1,6318,-59.3,-76.1,-16.8,162.12,112,16632,18157,15026,20222,984,444957383,1
2026-05-01T13:42:30.357,A1,1,6319,-59.2,-76.5,-17.3,118.77,144,12505,17103,16434,18096,926,485511891,1
2026-05-01T13:42:30.447,A1,1,6320,-59.0,-76.2,-17.2,157.38,104,15307,16368,13903,17387,902,539055383,1
2026-05-01T13:42:30.569,A1,1,6321,-59.3,-76.8,-17.5,117.97,156,17303,18404,14480,21637,1018,609329801,1
2026-05-01T13:42:30.657,A1,1,6322,-59.0,-75.9,-16.9,159.49,104,15339,16587,14205,17502,904,428626594,1
2026-05-01T13:42:30.837,A1,1,6323,-59.2,-76.3,-17.1,120.35,152,17098,18293,14869,21109,1002,707310141,1
2026-05-01T13:42:30.897,A1,1,6324,-58.9,-76.7,-17.8,120.31,140,15557,16844,13162,18244,921,404178950,1
2026-05-01T13:42:30.988,A1,1,6325,-59.3,-76.4,-17.1,111.15,160,16198,17784,14117,19322,961,456437482,1
2026-05-01T13:42:31.107,A1,1,6326,-58.7,-77.4,-18.7,164.53,100,16735,16453,10666,18508,921,490456876,1
2026-05-01T13:42:31.197,A1,1,6327,-58.9,-76.1,-17.2,120.56,148,17384,17843,13367,19951,964,455455217,1
2026-05-01T13:42:31.347,A1,1,6328,-58.7,-75.8,-17.1,156.87,108,16402,16942,13116,18138,912,386349582,1
2026-05-01T13:42:39.508,A1,1,6329,-58.8,-76.0,-17.2,164.19,104,16558,17076,12553,18087,914,492777656,1
2026-05-01T13:42:39.597,A1,1,6330,-59.1,-77.2,-18.0,162.17,104,17285,16866,9866,18054,924,460569092,1
2026-05-01T13:42:39.717,A1,1,6331,-60.0,-76.8,-16.7,134.39,124,12732,16664,15884,16739,918,386973936,1
2026-05-01T13:42:39.867,A1,1,6332,-59.7,-76.8,-17.1,166.89,100,16540,16689,11769,17139,918,475273662,1
2026-05-01T13:42:39.927,A1,1,6333,-59.4,-76.6,-17.2,152.46,108,16502,16466,13671,18306,938,432097881,1
2026-05-01T13:42:40.046,A1,1,6334,-58.7,-76.0,-17.3,103.87,164,17581,17034,17284,22618,1020,395474484,1
2026-05-01T13:42:40.138,A1,1,6335,-58.8,-76.2,-17.4,113.88,152,17988,17310,15274,21780,1003,426319152,1
2026-05-01T13:42:40.257,A1,1,6336,-59.6,-77.0,-17.4,121.39,140,11816,16994,16516,17796,932,493311102,1
2026-05-01T13:42:40.377,A1,1,6337,-59.1,-75.9,-16.9,143.09,116,15579,16599,13837,17345,904,429887038,1
2026-05-01T13:42:40.468,A1,1,6338,-59.8,-76.9,-17.2,118.24,148,17028,17499,12529,18796,963,441914873,1
2026-05-01T13:42:40.558,A1,1,6339,-59.3,-76.3,-17.0,125.21,136,14295,17029,14985,17733,922,460587148,1
2026-05-01T13:42:40.707,A1,1,6340,-59.1,-78.5,-19.4,116.48,160,19062,18637,11793,24817,1082,452187482,1
2026-05-01T13:42:40.797,A1,1,6341,-58.9,-75.3,-16.5,161.46,112,17275,18083,16852,21645,1002,473422811,1
2026-05-01T13:42:40.917,A1,1,6342,-59.2,-76.3,-17.1,135.91,132,17077,17940,13586,19773,970,440690977,1
2026-05-01T13:42:41.011,A1,1,6343,-59.2,-76.3,-17.1,117.21,144,14015,16878,15319,17847,919,390693589,1
2026-05-01T13:42:41.097,A1,1,6344,-59.1,-75.6,-16.5,149.77,120,15547,17973,16360,19876,968,459947927,1
2026-05-01T13:42:41.217,A1,1,6345,-59.2,-79.4,-20.2,106.95,164,18538,17540,10040,23155,1048,413536147,1
2026-05-01T13:42:41.309,A1,1,6346,-58.9,-78.6,-19.7,144.47,116,16851,16759,9300,19428,949,714738937,1
2026-05-01T13:42:41.428,A1,1,6347,-58.8,-76.7,-17.9,123.56,136,16349,16804,12323,18444,923,469031567,1
2026-05-01T13:42:41.523,A1,1,6348,-59.2,-76.1,-16.9,164.19,108,17047,17733,13330,19248,955,392592740,1
2026-05-01T13:42:41.607,A1,1,6349,-58.8,-75.8,-17.0,133.05,124,15153,16498,14348,17449,898,410805586,1
2026-05-01T13:42:41.726,A1,1,6350,-58.9,-76.0,-17.1,112.09,152,15986,17037,17145,20904,985,442593539,1
2026-05-01T13:42:41.847,A1,1,6351,-59.2,-75.9,-16.7,155.46,112,14022,17412,15977,18200,930,491302653,1
2026-05-01T13:42:41.968,A1,1,6352,-59.3,-76.4,-17.1,164.05,104,14594,17061,14113,17491,913,445754942,1
2026-05-01T13:42:42.087,A1,1,6353,-59.2,-76.7,-17.6,172.01,96,16215,16513,17759,21854,1017,419872020,1
2026-05-01T13:42:42.209,A1,1,6354,-58.9,-75.8,-16.9,123.52,140,16284,17293,13910,18543,928,462035533,1
2026-05-01T13:42:42.358,A1,1,6355,-59.2,-76.4,-17.2,132.42,136,16957,18009,13692,19996,975,494961284,1
2026-05-01T13:42:42.477,A1,1,6356,-58.9,-75.7,-16.8,172.65,104,15589,17956,15710,19754,958,390628200,1
2026-05-01T13:42:42.628,A1,1,6357,-57.7,-77.5,-19.8,119.87,140,17767,16782,9483,20608,940,440343754,1
2026-05-01T13:42:42.717,A1,1,6358,-57.5,-74.9,-17.4,125.42,132,14874,16556,15912,18982,896,488057829,1
2026-05-01T13:42:42.837,A1,1,6359,-59.0,-77.4,-18.4,125.39,132,16374,16552,11551,18390,928,489702538,1
2026-05-01T13:42:42.957,A1,1,6360,-59.3,-75.8,-16.6,172.5,96,13824,16560,15515,16917,898,436938695,1
2026-05-01T13:42:43.047,A1,1,6361,-59.2,-78.1,-18.9,124.19,148,18695,18380,12336,23563,1059,408231031,1
2026-05-01T13:42:43.167,A1,1,6362,-59.2,-76.6,-17.4,122.83,136,15773,16705,13340,17887,922,484020376,1
2026-05-01T13:42:43.286,A1,1,6363,-59.0,-76.6,-17.7,181.35,92,15784,16684,12191,17484,904,448798766,1
2026-05-01T13:42:43.377,A1,1,6364,-59.1,-76.2,-17.2,160.43,112,16167,17968,14537,19887,967,450561909,1
2026-05-01T13:42:43.467,A1,1,6365,-59.1,-76.3,-17.2,129.29,136,16733,17583,15462,20757,990,734950790,1
2026-05-01T13:42:43.557,A1,1,6366,-59.2,-79.2,-20.0,122.03,148,16618,18061,10590,21691,1016,406896365,1
2026-05-01T13:42:43.678,A1,1,6367,-59.0,-75.6,-16.7,169.02,104,16829,17578,13584,18727,936,730837435,1
2026-05-01T13:42:43.767,A1,1,6368,-59.3,-76.0,-16.7,133.52,132,14528,17624,16084,18873,949,729869093,1
2026-05-01T13:42:43.857,A1,1,6369,-58.7,-75.9,-17.1,159.92,104,15480,16632,13766,17604,899,443743485,1
2026-05-01T13:42:43.978,A1,1,6370,-58.6,-76.2,-17.6,174.93,96,16382,16793,12847,18432,916,482736060,1
2026-05-01T13:42:44.098,A1,1,6371,-59.2,-78.9,-19.6,111.33,156,15922,17368,10483,19688,968,428139239,1
2026-05-01T13:42:44.217,A1,1,6372,-58.9,-79.2,-20.3,144.17,108,18057,15570,9631,20465,976,391475753,1
2026-05-01T13:42:44.307,A1,1,6373,-58.8,-78.0,-19.2,122.74,140,15745,17184,10911,18992,937,423514026,1
2026-05-01T13:42:44.396,A1,1,6374,-59.2,-76.5,-17.3,147.82,116,16392,17147,15684,20321,983,495253204,1
2026-05-01T13:42:44.518,A1,1,6375,-59.0,-77.8,-18.8,152.4,100,17209,15240,12567,19125,947,708336832,1
2026-05-01T13:42:44.609,A1,1,6376,-58.9,-75.8,-17.0,165.6,104,15257,17222,14712,18367,923,420801030,1
2026-05-01T13:42:44.728,A1,1,6377,-58.7,-77.8,-19.1,171.46,96,16750,16460,9888,18550,923,442013743,1
2026-05-01T13:42:44.817,A1,1,6378,-59.1,-77.9,-18.8,122.27,136,17243,16629,9181,18419,932,409133537,1
2026-05-01T13:42:44.936,A1,1,6379,-59.2,-76.4,-17.2,121.27,148,17194,17948,13781,20258,981,483705071,1
2026-05-01T13:42:45.086,A1,1,6380,-59.0,-77.4,-18.4,128.34,128,16691,16427,10683,18033,919,491699100,1
2026-05-01T13:42:45.177,A1,1,6381,-58.9,-75.7,-16.9,122.77,136,15523,16697,14402,17780,909,443583937,1
2026-05-01T13:42:45.296,A1,1,6382,-59.0,-76.7,-17.7,164.48,100,15882,16448,12246,17374,902,515719464,1
2026-05-01T13:42:45.416,A1,1,6383,-59.5,-76.2,-16.7,112.92,164,17048,18519,15762,21388,1017,429241472,1
2026-05-01T13:42:45.567,A1,1,6384,-59.2,-76.2,-17.0,176.72,96,14945,16965,13713,17244,905,389285322,1
2026-05-01T13:42:45.657,A1,1,6385,-58.7,-75.5,-16.8,161.73,104,16112,16820,13483,17667,900,449590217,1
2026-05-01T13:42:45.749,A1,1,6386,-59.0,-75.9,-16.9,160.33,108,17084,17316,17278,21780,1011,423701790,1
2026-05-01T13:42:45.868,A1,1,6387,-59.2,-76.6,-17.5,122.23,140,14754,17112,14031,18016,924,489755085,1
2026-05-01T13:42:45.988,A1,1,6388,-59.1,-75.8,-16.8,168.82,104,16681,17557,13651,18765,940,511000036,1
2026-05-01T13:42:46.107,A1,1,6389,-59.5,-76.8,-17.4,169.25,96,16521,16248,12388,17501,920,702794702,1
2026-05-01T13:42:46.197,A1,1,6390,-58.9,-79.2,-20.3,150.79,116,15635,17492,10058,20187,969,409328810,1
2026-05-01T13:42:46.319,A1,1,6391,-58.8,-76.3,-17.6,158.46,104,15863,16480,12972,17755,905,439839591,1
2026-05-01T13:42:46.437,A1,1,6392,-58.7,-76.2,-17.5,146.3,124,16741,18141,16626,22573,1019,450907651,1
2026-05-01T13:42:46.528,A1,1,6393,-58.7,-75.6,-16.9,167.31,108,16194,18069,15671,20442,970,423701368,1
2026-05-01T13:42:46.648,A1,1,6394,-59.3,-76.0,-16.7,120.97,144,13859,17419,16075,18268,935,491212255,1
2026-05-01T13:42:46.738,A1,1,6395,-58.7,-76.6,-17.8,123.87,136,15266,16846,13729,18430,921,426606123,1
2026-05-01T13:42:46.858,A1,1,6396,-59.2,-76.8,-17.7,148.88,108,16935,16079,13724,18962,948,715609520,1
2026-05-01T13:42:46.949,A1,1,6397,-59.0,-77.4,-18.4,120.26,140,17215,16836,9778,18314,927,405270500,1
2026-05-01T13:42:47.068,A1,1,6398,-58.8,-75.9,-17.1,145.68,120,17170,17482,12747,18925,935,464537055,1
2026-05-01T13:42:47.156,A1,1,6399,-58.8,-78.5,-19.7,113.52,148,17760,16801,9092,20173,966,599034831,1
2026-05-01T13:42:47.247,A1,1,6400,-58.7,-76.1,-17.4,123.59,140,16736,17302,13211,19124,936,462264100,1
2026-05-01T13:42:47.368,A1,1,6401,-59.2,-76.1,-16.9,159.04,112,16541,17812,16518,21176,1002,401551651,1
2026-05-01T13:42:47.458,A1,1,6402,-59.1,-79.4,-20.3,122.61,144,18174,17656,9784,22922,1040,471665193,1
2026-05-01T13:42:47.577,A1,1,6403,-59.3,-77.1,-17.8,127.22,140,15771,17811,13383,19441,964,441369011,1
2026-05-01T13:42:47.697,A1,1,6404,-58.5,-77.6,-19.1,112.82,152,17676,17148,10097,20252,957,434617821,1
2026-05-01T13:42:47.788,A1,1,6405,-58.9,-76.0,-17.1,163.56,112,16905,18319,15894,21700,1004,385535625,1
2026-05-01T13:42:47.879,A1,1,6406,-58.7,-79.0,-20.3,143.4,120,16301,17208,9547,20217,964,462189856,1
2026-05-01T13:42:47.997,A1,1,6407,-58.9,-76.4,-17.5,155.2,112,17054,17382,12183,18949,939,465310821,1
2026-05-01T13:42:48.087,A1,1,6408,-59.0,-76.9,-17.9,105.97,160,16963,16955,17944,23567,1050,422174371,1
2026-05-01T13:42:48.207,A1,1,6409,-58.8,-76.1,-17.2,120.56,144,16582,17361,13362,18956,936,418399493,1
2026-05-01T13:42:48.296,A1,1,6410,-59.0,-76.3,-17.3,109.44,156,16496,17072,15419,20138,972,406365234,1
2026-05-01T13:42:48.418,A1,1,6411,-59.3,-77.6,-18.3,138.46,120,16722,16615,10404,17912,927,423571336,1
2026-05-01T13:42:48.538,A1,1,6412,-58.7,-75.8,-17.1,166.23,100,15318,16623,14239,17739,903,460646657,1
2026-05-01T13:42:48.627,A1,1,6413,-58.6,-76.4,-17.9,110.15,168,17960,18505,14228,22750,1017,406856021,1
2026-05-01T13:42:48.748,A1,1,6414,-59.0,-79.4,-20.4,157.09,112,15804,17594,9858,20499,979,454402129,1
2026-05-01T13:42:48.867,A1,1,6415,-58.8,-77.1,-18.3,134.41,116,17194,15592,14129,19893,960,585262395,1
2026-05-01T13:42:48.989,A1,1,6416,-59.2,-76.1,-16.9,176.49,100,17025,17649,13046,18888,948,608571778,1
2026-05-01T13:42:49.109,A1,1,6417,-59.4,-76.4,-16.9,121.16,148,15848,17931,14823,19483,970,440285656,1
2026-05-01T13:42:49.228,A1,1,6418,-58.8,-78.0,-19.1,123.59,136,16162,16808,10483,18710,930,401281905,1
2026-05-01T13:42:49.316,A1,1,6419,-59.0,-78.1,-19.1,128.26,136,15134,17444,12046,19399,952,729532529,1
2026-05-01T13:42:49.408,A1,1,6420,-59.0,-76.2,-17.2,127.29,132,15155,16802,14297,17964,916,407488456,1
2026-05-01T13:42:49.559,A1,1,6421,-59.1,-77.3,-18.2,125.51,144,18614,18073,13236,22773,1037,433860942,1
2026-05-01T13:42:49.649,A1,1,6422,-59.3,-76.8,-17.5,154.98,100,17151,15498,13710,18462,939,747623945,1
2026-05-01T13:42:49.767,A1,1,6423,-59.0,-75.7,-16.7,135.87,132,15393,17935,16213,19903,965,422824085,1
2026-05-01T13:42:49.857,A1,1,6424,-59.1,-80.2,-21.1,96.78,156,18208,15098,8121,20425,982,414718992,1
2026-05-01T13:42:49.979,A1,1,6425,-59.2,-76.4,-17.2,153.79,108,16769,16609,16883,21059,999,453555984,1
2026-05-01T13:42:50.098,A1,1,6426,-59.0,-77.1,-18.1,120.07,140,15476,16810,12925,18364,926,406493364,1
2026-05-01T13:42:50.217,A1,1,6427,-58.8,-75.9,-17.1,163.37,112,18150,18297,16213,23002,1031,760028267,1
2026-05-01T13:42:50.307,A1,1,6428,-58.5,-75.5,-17.0,158.01,116,16881,18329,16068,21759,991,432988023,1
2026-05-01T13:42:50.399,A1,1,6429,-59.0,-78.0,-19.0,110.55,140,17194,15477,11377,18827,940,672521854,1
2026-05-01T13:42:50.519,A1,1,6430,-58.7,-75.7,-17.1,166.37,104,16706,17302,13233,18675,925,714795909,1
2026-05-01T13:42:50.608,A1,1,6431,-59.1,-76.7,-17.6,111.69,148,13182,16530,15835,17948,920,402582728,1
2026-05-01T13:42:50.696,A1,1,6432,-59.1,-76.2,-17.2,149.95,112,12540,16794,16090,17418,906,415025369,1
2026-05-01T13:42:50.816,A1,1,6433,-59.1,-78.9,-19.9,112.84,152,16510,17152,9583,19836,966,390571810,1
2026-05-01T13:42:50.906,A1,1,6434,-59.0,-77.1,-18.0,132.99,120,17666,15959,14170,20330,977,455789439,1
2026-05-01T13:42:51.028,A1,1,6435,-59.4,-76.1,-16.7,154.02,112,13776,17250,15668,17716,923,427566170,1
2026-05-01T13:42:51.149,A1,1,6436,-58.8,-76.0,-17.2,167.05,104,17193,17373,12358,18729,930,408906148,1
2026-05-01T13:42:51.296,A1,1,6437,-59.5,-76.2,-16.7,168.14,104,16963,17487,12726,18267,941,501148652,1
2026-05-01T13:42:51.358,A1,1,6438,-59.4,-78.9,-19.5,176.01,100,15436,17601,10679,19406,966,490531639,1
2026-05-01T13:42:51.479,A1,1,6439,-59.2,-79.4,-20.2,122.11,152,18573,18560,10306,24485,1077,464647345,1
2026-05-01T13:42:51.567,A1,1,6440,-59.5,-76.2,-16.7,111.59,164,17121,18300,14844,20578,998,422130754,1
2026-05-01T13:42:51.688,A1,1,6441,-59.4,-78.0,-18.6,114.13,140,17786,15978,12176,19865,979,471006872,1
2026-05-01T13:42:51.806,A1,1,6442,-59.5,-76.4,-16.9,160.29,108,16876,17311,12448,18152,939,444193041,1
2026-05-01T13:42:51.896,A1,1,6443,-58.8,-78.1,-19.3,163.88,100,16990,16388,9685,18821,933,459270765,1
2026-05-01T13:42:51.989,A1,1,6444,-59.1,-76.3,-17.2,142.41,112,17102,15950,16819,20811,990,470954590,1
2026-05-01T13:42:52.109,A1,1,6445,-59.1,-76.0,-16.8,129.55,132,14637,17101,15179,18005,923,447247921,1
2026-05-01T13:42:52.258,A1,1,6446,-59.2,-77.6,-18.4,164.15,92,17393,15102,12583,18748,944,763063473,1
2026-05-01T13:42:52.348,A1,1,6447,-59.2,-79.4,-20.2,161.68,112,18620,18108,10256,23983,1066,390736682,1
2026-05-01T13:42:52.466,A1,1,6448,-59.2,-76.0,-16.8,168.75,100,14218,16875,15352,17587,913,771282924,1
2026-05-01T13:42:52.557,A1,1,6449,-58.9,-76.5,-17.6,128.23,124,17583,15900,14992,20284,971,488759811,1
2026-05-01T13:42:52.679,A1,1,6450,-59.1,-75.8,-16.7,124.28,144,14949,17896,16775,19950,969,439141978,1
2026-05-01T13:42:52.798,A1,1,6451,-58.8,-75.6,-16.8,154.83,108,15819,16722,14032,17648,904,726282270,1
2026-05-01T13:42:52.886,A1,1,6452,-59.0,-75.8,-16.8,119.97,144,16613,17275,17150,21165,996,728105793,1
2026-05-01T13:42:53.007,A1,1,6453,-59.1,-76.0,-16.9,118.57,148,17710,17548,16836,22154,1022,707749616,1
2026-05-01T13:42:53.100,A1,1,6454,-59.2,-80.0,-20.8,120.89,148,16187,17891,9639,21638,1013,479223263,1
2026-05-01T13:42:53.219,A1,1,6455,-59.0,-75.9,-16.9,126.18,136,16579,17160,13313,18334,926,446579062,1
2026-05-01T13:42:53.396,A1,1,6456,-59.1,-76.9,-17.8,186.4,92,15138,17149,12519,17749,914,454633343,1
2026-05-01T13:42:53.426,A1,1,6457,-59.0,-75.7,-16.7,115.75,156,16519,18057,16726,21249,997,409343750,1
2026-05-01T13:42:53.547,A1,1,6458,-59.6,-77.0,-17.4,113.47,144,16683,16340,12501,17768,932,463321118,1
2026-05-01T13:42:53.667,A1,1,6459,-59.5,-76.5,-16.9,125.43,136,12536,17059,16299,17552,923,449770325,1
2026-05-01T13:42:53.787,A1,1,6460,-59.3,-77.8,-18.6,112.41,168,18863,18885,13143,24367,1078,447433329,1
2026-05-01T13:42:53.906,A1,1,6461,-59.1,-75.7,-16.7,108.97,160,17765,17435,16626,21621,1009,463700727,1
2026-05-01T13:42:53.996,A1,1,6462,-59.2,-76.4,-17.1,180.57,92,12787,16612,15634,17043,901,409274100,1
2026-05-01T13:42:54.117,A1,1,6463,-59.3,-76.1,-16.8,124.34,140,16053,17407,14225,18570,942,421587803,1
2026-05-01T13:42:54.206,A1,1,6464,-59.3,-77.4,-18.0,102.04,152,17253,15510,13190,18903,952,471034164,1
2026-05-01T13:42:54.297,A1,1,6465,-59.3,-80.0,-20.6,96.48,152,17628,14665,8407,18894,952,413377652,1
2026-05-01T13:42:54.417,A1,1,6466,-59.0,-76.4,-17.4,124.03,148,17018,18356,14740,21378,1001,589705155,1
2026-05-01T13:42:54.536,A1,1,6467,-59.2,-76.2,-17.0,145.28,116,12933,16852,16049,17477,910,580231689,1
2026-05-01T13:42:54.658,A1,1,6468,-58.3,-75.9,-17.6,148.32,112,15847,16612,13481,18255,903,470130754,1
2026-05-01T13:42:54.747,A1,1,6469,-59.0,-77.9,-18.9,123.89,132,16727,16354,9004,17638,910,422724783,1
2026-05-01T13:42:54.866,A1,1,6470,-59.1,-76.3,-17.2,100.21,160,16989,16033,15008,19321,955,445263438,1
2026-05-01T13:42:54.956,A1,1,6471,-59.1,-79.8,-20.7,106.18,136,17691,14441,8611,18930,946,424986175,1
2026-05-01T13:42:55.139,A1,1,6472,-59.1,-78.7,-19.7,110.32,168,19009,18534,11142,24625,1076,465035838,1
2026-05-01T13:42:55.175,A1,1,6473,-59.0,-75.7,-16.8,165.01,100,14964,16501,14552,17183,896,421032220,1
2026-05-01T13:42:55.258,A1,1,6474,-59.1,-76.2,-17.1,161.73,108,17012,17467,12617,18683,940,424025930,1
2026-05-01T13:42:55.377,A1,1,6475,-59.4,-76.4,-17.0,138.73,128,15549,17758,14835,19221,961,386544215,1
2026-05-01T13:42:55.466,A1,1,6476,-58.9,-75.3,-16.4,170.47,100,15875,17047,16843,19622,955,420115796,1
2026-05-01T13:42:55.586,A1,1,6477,-59.0,-78.4,-19.3,117.94,140,17063,16511,9906,19207,950,396708887,1
2026-05-01T13:42:55.677,A1,1,6478,-58.7,-76.1,-17.3,130.29,132,16426,17198,13442,18873,932,728265879,1
2026-05-01T13:42:55.798,A1,1,6479,-58.9,-77.9,-19.0,111.73,148,16821,16536,10628,18934,939,408713756,1
2026-05-01T13:42:55.886,A1,1,6480,-59.1,-76.0,-16.9,164.21,100,13953,16421,15474,17271,902,458512862,1
2026-05-01T13:42:56.037,A1,1,6481,-59.1,-76.5,-17.4,101.34,160,16988,16214,16256,20680,987,755738509,1
2026-05-01T13:42:56.126,A1,1,6482,-58.4,-75.5,-17.1,149.34,112,15875,16726,13869,17950,898,422524876,1
2026-05-01T13:42:56.216,A1,1,6483,-58.9,-76.0,-17.1,110.55,168,16933,18572,16684,22624,1025,413552866,1
2026-05-01T13:42:56.338,A1,1,6484,-58.8,-76.0,-17.2,110.55,168,17352,18572,16291,22756,1026,470163884,1
2026-05-01T13:42:56.426,A1,1,6485,-59.0,-75.9,-16.8,136.62,120,14737,16394,14624,17089,895,406485772,1
2026-05-01T13:42:56.547,A1,1,6486,-59.3,-79.2,-20.0,103.69,180,19120,18665,10833,25192,1096,454012988,1
2026-05-01T13:42:56.667,A1,1,6487,-59.1,-76.3,-17.2,127.03,140,17450,17784,12628,19523,960,748826045,1
2026-05-01T13:42:56.799,A1,1,6488,-59.2,-75.9,-16.7,142.05,116,14730,16478,14409,16862,895,404517714,1
2026-05-01T13:42:56.877,A1,1,6489,-59.3,-76.1,-16.8,109.96,164,16719,18034,16725,21507,1013,400419788,1
2026-05-01T13:42:57.026,A1,1,6490,-59.3,-76.2,-16.9,106.94,160,16573,17111,16535,20664,993,398046719,1
2026-05-01T13:42:57.116,A1,1,6491,-59.1,-77.2,-18.1,123.11,140,17393,17235,10699,19051,947,393982625,1
2026-05-01T13:42:57.209,A1,1,6492,-59.3,-76.4,-17.1,180.38,96,16951,17316,11963,18149,933,455601435,1
2026-05-01T13:42:57.358,A1,1,6493,-59.1,-76.2,-17.1,150.31,112,16185,16835,13053,17831,916,471295237,1
2026-05-01T13:42:57.477,A1,1,6494,-59.6,-76.3,-16.7,177.08,96,13090,17000,16128,17401,921,422381328,1
2026-05-01T13:42:57.596,A1,1,6495,-59.1,-75.9,-16.9,109.19,156,16497,17034,17246,21019,994,422144907,1
2026-05-01T13:42:57.686,A1,1,6496,-59.2,-76.2,-17.1,103.85,160,17822,16616,15317,20562,987,449412019,1
2026-05-01T13:42:57.837,A1,1,6497,-59.4,-76.1,-16.7,169.13,108,16884,18266,15525,20794,1000,434423379,1
2026-05-01T13:42:57.928,A1,1,6498,-59.1,-78.0,-18.9,115.53,148,15969,17098,10919,18783,942,446946531,1
2026-05-01T13:42:58.076,A1,1,6499,-59.4,-77.0,-17.6,147.11,104,17191,15299,14030,18742,949,484908722,1
2026-05-01T13:42:58.197,A1,1,6500,-59.3,-76.2,-17.0,155.68,108,16509,16813,16336,20274,983,491940671,1
2026-05-01T13:42:58.316,A1,1,6501,-57.5,-74.7,-17.2,179.98,92,15871,16558,15354,19067,898,394145539,1
2026-05-01T13:42:58.406,A1,1,6502,-59.1,-76.5,-17.4,121.22,136,15548,16486,13668,17797,917,392012468,1
2026-05-01T13:42:58.527,A1,1,6503,-59.9,-77.0,-17.1,125.18,132,16323,16524,12966,17591,935,433680482,1
2026-05-01T13:42:58.646,A1,1,6504,-59.2,-75.9,-16.7,121.1,144,16556,17439,13507,18453,935,440381111,1
2026-05-01T13:42:58.767,A1,1,6505,-59.1,-75.5,-16.5,177.13,100,17246,17713,13321,18802,940,510439390,1
2026-05-01T13:42:58.886,A1,1,6506,-59.2,-76.2,-17.1,101.27,164,17435,16608,16722,21302,1004,424297268,1
2026-05-01T13:42:59.006,A1,1,6507,-58.8,-75.9,-17.1,109.22,156,15750,17039,16977,20485,974,769668220,1
2026-05-01T13:42:59.127,A1,1,6508,-59.3,-75.7,-16.4,137.18,124,14974,17010,14883,17414,911,446889298,1
2026-05-01T13:42:59.251,A1,1,6509,-59.2,-75.9,-16.6,138.86,128,16434,17774,14345,19027,952,455998412,1
2026-05-01T13:42:59.338,A1,1,6510,-59.2,-76.3,-17.0,174.36,100,17028,17436,12495,18571,940,469254888,1
2026-05-01T13:42:59.458,A1,1,6511,-59.4,-76.0,-16.7,154.28,108,13672,16662,15553,17028,905,430156419,1
2026-05-01T13:42:59.577,A1,1,6512,-58.8,-75.9,-17.1,129.27,128,15795,16547,13256,17403,896,405243008,1
2026-05-01T13:42:59.696,A1,1,6513,-59.6,-76.2,-16.7,112.29,164,16921,18415,15391,20841,1007,441512144,1
2026-05-01T13:42:59.787,A1,1,6514,-58.0,-76.8,-18.8,184.77,88,16625,16260,9924,17874,884,449750143,1
2026-05-01T13:42:59.909,A1,1,6515,-58.8,-76.1,-17.2,152.62,112,17540,17094,17602,22846,1028,440268870,1
2026-05-01T13:43:00.028,A1,1,6516,-59.0,-76.3,-17.3,154.86,108,16749,16725,16451,20972,990,747203391,1
2026-05-01T13:43:00.147,A1,1,6517,-59.3,-78.1,-18.8,98.2,176,18434,17283,12029,21935,1024,446827834,1
2026-05-01T13:43:00.236,A1,1,6518,-58.5,-75.3,-16.8,160.43,108,15636,17326,16592,20016,951,412233490,1
2026-05-01T13:43:00.358,A1,1,6519,-58.7,-76.0,-17.2,140.65,124,18098,17440,15625,21998,1006,451066273,1
2026-05-01T13:43:00.478,A1,1,6520,-59.0,-75.7,-16.8,187.33,92,16665,17234,13050,18096,919,392439635,1
2026-05-01T13:43:00.568,A1,1,6521,-59.1,-75.9,-16.8,158.8,108,16362,17150,16400,20243,976,387977098,1
2026-05-01T13:43:00.717,A1,1,6522,-59.3,-76.3,-17.0,154.55,108,12438,16691,16269,17244,909,405087829,1
2026-05-01T13:43:00.806,A1,1,6523,-59.4,-76.6,-17.2,118.55,140,12488,16597,16125,17256,913,432842426,1
2026-05-01T13:43:00.927,A1,1,6524,-59.4,-76.2,-16.8,151.56,112,16590,16975,15446,19481,969,421799339,1
2026-05-01T13:43:01.016,A1,1,6525,-59.5,-76.2,-16.7,165.72,104,16848,17235,12791,18035,935,468386735,1
2026-05-01T13:43:01.108,A1,1,6526,-59.2,-78.5,-19.2,173.43,100,15591,17343,10567,18865,948,712236335,1
2026-05-01T13:43:01.227,A1,1,6527,-59.1,-76.0,-16.9,160.16,104,13979,16657,15733,17606,912,396449893,1
2026-05-01T13:43:01.317,A1,1,6528,-59.4,-76.3,-16.9,115.47,148,13288,17089,16026,17780,925,425472806,1
2026-05-01T13:43:01.407,A1,1,6529,-59.3,-76.6,-17.3,176.68,96,16776,16961,11587,17712,921,727809554,1
2026-05-01T13:43:01.528,A1,1,6530,-59.4,-76.5,-17.1,118.84,148,17001,17588,13609,19468,968,398261015,1
2026-05-01T13:43:01.618,A1,1,6531,-58.8,-75.7,-16.9,108.51,160,17168,17362,17327,22041,1009,428130862,1
2026-05-01T13:43:01.737,A1,1,6532,-84.0,-78.1,5.9,144.11,112,18029,16140,11112,3598,975,400962140,1
2026-05-01T13:43:01.857,A1,1,6533,-59.2,-76.1,-16.8,174.66,104,16840,18165,14934,20432,986,487206910,1
2026-05-01T13:43:01.977,A1,1,6534,-58.9,-75.7,-16.8,164.15,108,16302,17728,16798,21003,988,772874872,1
2026-05-01T13:43:02.067,A1,1,6535,-59.4,-77.2,-17.8,175.44,96,16761,16842,11576,18244,936,388841682,1
2026-05-01T13:43:02.215,A1,1,6536,-58.8,-77.5,-18.7,117.62,144,15905,16938,11432,18621,927,405980855,1
2026-05-01T13:43:02.276,A1,1,6537,-59.3,-76.1,-16.7,108.78,164,17046,17840,13554,19187,959,393576049,1
2026-05-01T13:43:02.426,A1,1,6538,-58.9,-75.8,-16.9,168.99,100,15849,16899,17132,20413,974,457660989,1
2026-05-01T13:43:02.517,A1,1,6539,-59.3,-76.3,-17.0,102.47,172,16772,17625,15436,20522,989,452672131,1
2026-05-01T13:43:02.668,A1,1,6540,-59.1,-76.9,-17.8,111.99,152,15276,17022,13146,18171,925,425251381,1
2026-05-01T13:43:02.757,A1,1,6541,-59.1,-76.2,-17.1,169.69,104,16944,17648,13360,19290,954,427551021,1
2026-05-01T13:43:02.876,A1,1,6542,-59.1,-76.0,-16.9,119.47,148,17101,17682,13472,19276,953,767279056,1
2026-05-01T13:43:02.996,A1,1,6543,-59.1,-77.0,-17.9,136.79,116,17056,15868,13792,19317,954,462770799,1
2026-05-01T13:43:03.118,A1,1,6544,-59.3,-77.1,-17.8,169.08,92,17056,15555,13001,18351,936,434783556,1
2026-05-01T13:43:03.237,A1,1,6545,-59.2,-76.1,-16.9,117.33,144,13501,16896,15740,17522,913,734876245,1
2026-05-01T13:43:03.356,A1,1,6546,-59.1,-79.2,-20.1,117.71,140,18352,16480,9784,21586,1008,726871390,1
2026-05-01T13:43:03.446,A1,1,6547,-58.9,-77.1,-18.1,164.0,104,15512,17056,12747,18523,929,466087881,1
2026-05-01T13:43:03.598,A1,1,6548,-59.0,-79.8,-20.8,143.6,120,18687,17232,9351,23471,1049,747938344,1
2026-05-01T13:43:03.659,A1,1,6549,-58.9,-76.1,-17.2,112.93,164,17436,18521,15626,22383,1020,405422984,1
2026-05-01T13:43:03.806,A1,1,6550,-58.9,-75.7,-16.8,130.76,128,15517,16737,16966,19645,957,446584766,1
2026-05-01T13:43:03.866,A1,1,6551,-58.7,-77.8,-19.1,118.4,140,16937,16576,10334,19143,936,486094409,1
2026-05-01T13:43:03.987,A1,1,6552,-58.8,-76.0,-17.2,147.19,108,17085,15897,16663,20515,975,729741848,1
2026-05-01T13:43:04.076,A1,1,6553,-59.2,-79.9,-20.7,149.0,108,18448,16092,9238,21816,1017,467844148,1
2026-05-01T13:43:04.198,A1,1,6554,-59.3,-77.4,-18.1,171.43,100,15168,17143,12064,17830,922,430651651,1
2026-05-01T13:43:04.316,A1,1,6555,-59.3,-77.1,-17.8,95.84,160,17437,15334,14126,19260,961,488673250,1
2026-05-01T13:43:04.406,A1,1,6556,-58.6,-75.7,-17.1,176.61,100,17113,17661,13039,19279,936,476111290,1
2026-05-01T13:43:04.527,A1,1,6557,-59.2,-76.2,-17.0,116.81,156,17242,18222,14260,20532,989,462828284,1
2026-05-01T13:43:04.678,A1,1,6558,-59.0,-75.9,-16.8,127.61,140,14584,17865,16875,19937,967,393471270,1
2026-05-01T13:43:04.856,A1,1,6559,-59.2,-77.2,-18.0,149.36,104,16999,15533,13523,18807,946,460465343,1
2026-05-01T13:43:04.887,A1,1,6560,-59.4,-76.2,-16.8,181.14,96,16830,17389,13791,18914,953,452995587,1
2026-05-01T13:43:04.976,A1,1,6561,-59.4,-76.8,-17.3,105.97,160,16539,16956,15500,20259,988,453420315,1
2026-05-01T13:43:05.067,A1,1,6562,-59.1,-76.3,-17.2,106.68,156,16662,16642,15759,20140,973,461793285,1
2026-05-01T13:43:05.219,A1,1,6563,-59.0,-75.4,-16.4,170.25,104,14857,17706,16317,18932,942,400347096,1
2026-05-01T13:43:05.308,A1,1,6564,-59.0,-75.8,-16.8,165.86,112,16944,18576,16618,22157,1018,708242666,1
2026-05-01T13:43:05.395,A1,1,6565,-59.0,-75.8,-16.8,155.63,108,14071,16808,15186,17337,902,726990240,1
2026-05-01T13:43:05.486,A1,1,6566,-59.0,-77.2,-18.2,168.63,100,17205,16863,9958,18227,923,597517085,1
2026-05-01T13:43:05.608,A1,1,6567,-59.2,-76.7,-17.5,113.31,152,13984,17223,15134,18382,934,722968724,1
2026-05-01T13:43:05.698,A1,1,6568,-59.0,-76.6,-17.6,98.98,164,17490,16233,15737,21078,993,776552638,1
2026-05-01T13:43:05.817,A1,1,6569,-59.1,-75.8,-16.7,169.38,108,16715,18293,16071,21137,998,769794664,1
2026-05-01T13:43:05.905,A1,1,6570,-59.0,-76.7,-17.7,121.2,128,16971,15514,13408,18386,928,470801366,1
2026-05-01T13:43:06.026,A1,1,6571,-58.7,-75.6,-16.9,166.38,100,15379,16638,14459,17737,902,402943963,1
2026-05-01T13:43:06.147,A1,1,6572,-58.8,-77.0,-18.2,100.49,164,17947,16481,13545,20815,982,611841545,1
2026-05-01T13:43:06.237,A1,1,6573,-59.2,-76.4,-17.2,116.98,148,13914,17313,15342,18246,930,462448599,1
2026-05-01T13:43:06.358,A1,1,6574,-59.1,-76.1,-17.0,122.15,144,14281,17589,16121,19070,948,405262958,1
2026-05-01T13:43:06.476,A1,1,6575,-58.7,-75.7,-16.9,126.42,136,16174,17193,14106,18600,925,425876550,1
2026-05-01T13:43:06.596,A1,1,6576,-59.2,-77.6,-18.5,176.74,100,15286,17674,12817,19421,959,490304447,1
2026-05-01T13:43:06.717,A1,1,6577,-59.1,-76.1,-17.0,183.08,100,16711,18308,15013,20736,990,438027101,1
2026-05-01T13:43:06.836,A1,1,6578,-59.2,-76.2,-17.0,131.16,136,17216,17838,13011,19306,957,488509691,1
2026-05-01T13:43:06.957,A1,1,6579,-59.3,-78.5,-19.2,115.2,140,16582,16128,9436,17904,926,499319515,1
2026-05-01T13:43:07.077,A1,1,6580,-59.2,-78.5,-19.3,171.56,104,16115,17842,10991,20254,981,429471136,1
2026-05-01T13:43:07.166,A1,1,6581,-58.8,-77.3,-18.4,130.02,128,16606,16642,11351,18592,928,512692496,1
2026-05-01T13:43:07.289,A1,1,6582,-58.8,-75.7,-16.9,151.3,116,17590,17551,17361,22588,1020,398701763,1
2026-05-01T13:43:07.379,A1,1,6583,-59.0,-76.3,-17.4,105.18,160,17461,16828,16909,22132,1017,406179668,1
2026-05-01T13:43:07.497,A1,1,6584,-59.1,-76.0,-16.9,136.92,128,16437,17526,13954,18971,945,421789776,1
2026-05-01T13:43:07.617,A1,1,6585,-58.6,-75.8,-17.2,120.53,148,15685,17839,16524,20927,977,404359946,1
2026-05-01T13:43:07.738,A1,1,6586,-82.0,-76.0,6.0,151.56,124,18325,18793,16299,4804,1051,440469166,1
2026-05-01T13:43:07.828,A1,1,6587,-58.8,-76.1,-17.3,174.73,100,17190,17473,12270,18919,935,403731355,1
2026-05-01T13:43:07.946,A1,1,6588,-59.2,-76.6,-17.4,119.65,140,13323,16751,15588,17830,920,761431760,1
2026-05-01T13:43:08.066,A1,1,6589,-59.1,-76.0,-16.9,122.15,140,15868,17101,14255,18305,928,418301528,1
2026-05-01T13:43:08.186,A1,1,6590,-58.8,-75.7,-16.9,125.67,148,17959,18599,16929,23435,1041,426184446,1
2026-05-01T13:43:08.308,A1,1,6591,-58.9,-75.7,-16.8,134.17,128,16617,17174,13069,18037,916,448159675,1
2026-05-01T13:43:08.396,A1,1,6592,-59.1,-79.2,-20.1,122.05,148,17007,18063,10379,22121,1023,727257187,1
2026-05-01T13:43:08.486,A1,1,6593,-59.0,-79.0,-20.0,149.28,108,18202,16122,9954,20899,991,467700537,1
2026-05-01T13:43:08.607,A1,1,6594,-59.5,-76.7,-17.1,127.54,136,16933,17345,12723,18684,952,764786204,1
2026-05-01T13:43:08.756,A1,1,6595,-58.9,-75.9,-17.0,156.65,108,14679,16918,14415,17563,903,418256928,1
2026-05-01T13:43:08.847,A1,1,6596,-58.9,-75.7,-16.8,142.45,124,15097,17664,15660,19137,944,488024001,1
2026-05-01T13:43:08.938,A1,1,6597,-59.2,-76.3,-17.1,159.9,108,16928,17269,12186,18202,929,405414806,1
2026-05-01T13:43:09.056,A1,1,6598,-59.0,-76.9,-17.9,128.27,132,15095,16931,13544,18337,926,460999433,1
2026-05-01T13:43:09.146,A1,1,6599,-59.2,-77.6,-18.4,119.31,140,16888,16704,9800,17904,922,470034340,1
2026-05-01T13:43:09.236,A1,1,6600,-59.1,-77.0,-17.9,104.03,160,16471,16644,18010,23000,1040,664128740,1
2026-05-01T13:43:09.358,A1,1,6601,-59.0,-78.8,-19.8,146.31,104,17833,15216,10160,19547,957,395849222,1
2026-05-01T13:43:09.447,A1,1,6602,-59.2,-76.7,-17.5,155.18,108,16520,16759,13701,18964,950,450455544,1
2026-05-01T13:43:09.535,A1,1,6603,-59.1,-76.5,-17.5,113.5,148,12633,16798,16323,18042,922,419795020,1
2026-05-01T13:43:09.656,A1,1,6604,-59.0,-77.6,-18.6,170.38,96,16800,16356,8939,17368,903,458691159,1
2026-05-01T13:43:09.776,A1,1,6605,-59.0,-76.5,-17.6,116.06,140,16796,16248,14558,19488,954,726023997,1
2026-05-01T13:43:09.868,A1,1,6606,-58.4,-78.3,-19.9,159.16,104,16999,16553,9193,19474,937,410880081,1
2026-05-01T13:43:09.988,A1,1,6607,-58.6,-76.9,-18.3,173.45,96,15986,16651,12302,18453,917,429981375,1
2026-05-01T13:43:10.076,A1,1,6608,-58.6,-76.0,-17.5,169.79,100,16201,16979,13457,18671,921,401860368,1
2026-05-01T13:43:10.196,A1,1,6609,-58.3,-76.6,-18.3,171.98,100,17309,17198,11208,19471,932,467652429,1
2026-05-01T13:43:10.316,A1,1,6610,-59.2,-76.8,-17.6,126.15,136,14635,17157,14076,18237,929,746795284,1
2026-05-01T13:43:10.408,A1,1,6611,-58.6,-78.3,-19.7,159.58,104,17389,16596,9589,19929,952,732392420,1
2026-05-01T13:43:10.498,A1,1,6612,-59.1,-76.3,-17.2,128.34,140,16306,17967,14212,19813,967,388008109,1
2026-05-01T13:43:10.617,A1,1,6613,-58.6,-77.0,-18.4,132.32,124,16170,16408,11577,18069,907,766904827,1
2026-05-01T13:43:10.706,A1,1,6614,-58.9,-75.9,-16.9,163.31,108,17126,17638,13017,19036,942,468031420,1
2026-05-01T13:43:10.796,A1,1,6615,-58.6,-75.4,-16.8,163.93,104,16315,17049,13720,18117,910,467625955,1
2026-05-01T13:43:10.918,A1,1,6616,-59.2,-76.4,-17.2,108.07,164,16671,17723,16351,21578,1011,425944200,1
2026-05-01T13:43:11.068,A1,1,6617,-58.7,-77.3,-18.6,171.26,96,16598,16441,10763,18218,914,765724981,1
2026-05-01T13:43:11.125,A1,1,6618,-59.1,-77.0,-18.0,145.89,104,17289,15173,14011,19131,949,417534794,1
2026-05-01T13:43:11.305,A1,1,6619,-58.8,-76.0,-17.2,173.44,96,15998,16650,13202,17673,905,448584256,1
2026-05-01T13:43:11.365,A1,1,6620,-59.2,-76.4,-17.1,163.63,112,16617,18327,17033,22457,1034,419540678,1
2026-05-01T13:43:11.488,A1,1,6621,-59.3,-76.4,-17.1,121.24,144,15130,17459,14724,18623,943,442327349,1
2026-05-01T13:43:11.608,A1,1,6622,-59.0,-75.7,-16.7,162.01,104,13580,16849,15784,17307,901,418649622,1
2026-05-01T13:43:11.697,A1,1,6623,-59.0,-76.2,-17.1,154.59,112,16434,17314,16102,20656,985,700166985,1
2026-05-01T13:43:11.817,A1,1,6624,-59.0,-79.2,-20.2,168.49,104,16197,17523,9950,20616,982,401225042,1
2026-05-01T13:43:11.908,A1,1,6625,-59.2,-76.4,-17.3,119.22,140,13514,16691,15738,17830,919,449081688,1
2026-05-01T13:43:12.028,A1,1,6626,-59.0,-75.8,-16.8,170.84,96,15293,16401,14363,17243,900,435374610,1
2026-05-01T13:43:12.146,A1,1,6627,-58.9,-75.8,-16.9,126.96,140,15957,17775,16576,20747,981,446806249,1
2026-05-01T13:43:12.237,A1,1,6628,-58.9,-76.3,-17.4,122.06,136,15808,16600,13507,17997,915,488654218,1
2026-05-01T13:43:12.356,A1,1,6629,-58.9,-78.7,-19.8,114.34,148,16452,16923,9518,19363,950,526806874,1
2026-05-01T13:43:12.446,A1,1,6630,-58.9,-77.8,-18.8,121.04,136,16621,16461,10469,18406,926,446445867,1
2026-05-01T13:43:12.536,A1,1,6631,-59.0,-78.3,-19.3,166.75,112,18445,18676,11988,24049,1061,526215243,1
2026-05-01T13:43:12.687,A1,1,6632,-58.9,-75.8,-16.9,160.73,108,16850,17359,12892,18415,925,418347369,1
2026-05-01T13:43:12.806,A1,1,6633,-59.1,-76.5,-17.3,104.1,152,17366,15823,15496,20004,972,423514431,1
2026-05-01T13:43:12.926,A1,1,6634,-59.4,-76.7,-17.3,173.63,100,16948,17363,13169,19268,962,432247552,1
2026-05-01T13:43:13.048,A1,1,6635,-58.8,-75.8,-17.0,118.75,148,15007,17575,16675,20019,962,431911501,1
2026-05-01T13:43:13.167,A1,1,6636,-59.0,-75.7,-16.8,175.92,104,16538,18296,16372,21273,997,444582226,1
2026-05-01T13:43:13.288,A1,1,6637,-59.3,-76.4,-17.1,133.31,128,16541,17064,14831,19538,965,429381773,1
2026-05-01T13:43:13.406,A1,1,6638,-59.4,-76.7,-17.3,114.64,144,16633,16508,14011,18787,951,428143089,1
2026-05-01T13:43:13.496,A1,1,6639,-58.7,-75.6,-16.9,137.38,120,14251,16485,15343,17367,893,412030556,1
2026-05-01T13:43:13.589,A1,1,6640,-59.2,-78.8,-19.6,108.34,148,18129,16034,10826,20827,993,403902087,1
2026-05-01T13:43:13.708,A1,1,6641,-59.2,-75.9,-16.8,132.57,132,14721,17499,15119,18256,930,441732565,1
2026-05-01T13:43:13.827,A1,1,6642,-59.2,-76.0,-16.8,155.84,108,16536,16831,16421,20155,978,571363762,1
2026-05-01T13:43:13.946,A1,1,6643,-59.0,-76.1,-17.2,120.61,140,14543,16885,14759,17844,913,400740003,1
2026-05-01T13:43:14.068,A1,1,6644,-59.3,-76.0,-16.7,118.55,152,15408,18020,16370,20088,981,487551653,1
2026-05-01T13:43:14.158,A1,1,6645,-58.9,-75.4,-16.5,180.78,96,16015,17355,14226,18159,919,439072862,1
2026-05-01T13:43:14.336,A1,1,6646,-59.1,-78.8,-19.8,112.03,148,17554,16580,9124,19896,967,413716800,1
2026-05-01T13:43:14.426,A1,1,6647,-59.1,-78.4,-19.3,165.41,104,16189,17203,10447,19343,954,740207119,1
2026-05-01T13:43:14.517,A1,1,6648,-59.1,-76.1,-17.0,123.65,144,17099,17806,13496,19543,960,462579337,1
2026-05-01T13:43:14.606,A1,1,6649,-59.3,-77.4,-18.1,162.05,100,16374,16205,10234,16957,900,427621865,1
2026-05-01T13:43:14.698,A1,1,6650,-59.0,-76.7,-17.7,170.17,100,15206,17017,12777,17740,911,467711425,1
2026-05-01T13:43:14.846,A1,1,6651,-59.3,-79.0,-19.8,155.63,100,18041,15563,9742,19783,972,761646505,1
2026-05-01T13:43:14.936,A1,1,6652,-59.0,-76.2,-17.2,101.93,160,17355,16308,16926,21433,1002,462046214,1
2026-05-01T13:43:15.026,A1,1,6653,-58.9,-78.0,-19.1,114.2,148,17599,16902,9688,19651,957,474236307,1
2026-05-01T13:43:15.148,A1,1,6654,-59.2,-75.9,-16.7,119.2,148,14878,17641,15608,18831,944,459555863,1
2026-05-01T13:43:15.268,A1,1,6655,-59.3,-78.6,-19.3,175.78,100,15344,17578,11136,19354,961,486260474,1
2026-05-01T13:43:15.386,A1,1,6656,-58.6,-76.0,-17.4,126.32,132,16047,16674,13530,18182,910,487468538,1
2026-05-01T13:43:15.476,A1,1,6657,-58.5,-75.6,-17.1,152.48,112,17640,17078,16718,21975,996,751182409,1
2026-05-01T13:43:15.566,A1,1,6658,-59.1,-76.8,-17.7,158.81,104,12731,16516,16068,17949,919,468162950,1
2026-05-01T13:43:15.686,A1,1,6659,-58.8,-75.8,-17.0,143.6,116,14950,16658,14224,17408,896,441290256,1
2026-05-01T13:43:15.777,A1,1,6660,-59.1,-77.9,-18.8,110.97,148,16971,16423,8929,17835,918,467182615,1
2026-05-01T13:43:15.896,A1,1,6661,-58.8,-77.3,-18.5,114.94,144,16357,16552,11692,18573,925,443857883,1
2026-05-01T13:43:16.017,A1,1,6662,-59.0,-75.5,-16.5,150.6,116,14028,17470,16503,18513,930,431220745,1
2026-05-01T13:43:16.105,A1,1,6663,-58.8,-78.2,-19.4,164.37,104,16484,17094,10191,19437,948,470460382,1
2026-05-01T13:43:16.228,A1,1,6664,-59.6,-76.6,-17.0,118.46,144,12790,17058,16160,17636,928,757135008,1
2026-05-01T13:43:16.318,A1,1,6665,-59.1,-76.7,-17.6,125.32,140,17345,17545,12009,19403,955,401280625,1
2026-05-01T13:43:16.435,A1,1,6666,-58.8,-75.8,-17.0,118.62,144,15891,17081,14198,18403,921,456046687,1
2026-05-01T13:43:16.526,A1,1,6667,-58.6,-77.2,-18.7,168.81,100,15937,16881,12006,18926,927,405277308,1
2026-05-01T13:43:16.616,A1,1,6668,-59.1,-78.7,-19.6,176.93,100,15630,17693,10973,20016,972,467831152,1
2026-05-01T13:43:16.737,A1,1,6669,-59.3,-76.6,-17.3,120.71,140,12148,16899,16413,17763,920,725298998,1
2026-05-01T13:43:16.843,A1,1,6670,-58.8,-75.4,-16.7,157.58,108,16013,17019,14073,17951,910,412084303,1
2026-05-01T13:43:16.946,A1,1,6671,-59.2,-76.1,-16.9,124.04,144,17261,17862,13242,19388,959,492390284,1
2026-05-01T13:43:17.066,A1,1,6672,-59.4,-76.1,-16.7,176.98,96,12938,16990,15944,17165,909,485848230,1
2026-05-01T13:43:17.188,A1,1,6673,-59.3,-76.3,-17.0,125.79,136,14510,17107,15010,18007,927,416458470,1
2026-05-01T13:43:17.308,A1,1,6674,-59.2,-77.7,-18.6,179.82,92,18109,16543,11871,20448,984,396045268,1
2026-05-01T13:43:17.396,A1,1,6675,-59.2,-76.2,-17.1,123.51,144,17161,17785,13238,19500,961,716460156,1
2026-05-01T13:43:17.547,A1,1,6676,-58.9,-76.1,-17.1,109.1,156,15409,17019,16943,20307,972,714075325,1
2026-05-01T13:43:17.607,A1,1,6677,-58.6,-75.6,-17.0,132.31,124,15323,16406,14323,17532,894,402900498,1
2026-05-01T13:43:17.728,A1,1,6678,-59.1,-76.3,-17.2,105.63,164,17652,17324,17095,22670,1034,467934883,1
2026-05-01T13:43:17.817,A1,1,6679,-58.9,-76.0,-17.1,164.51,112,18220,18425,16147,23115,1037,473292001,1
2026-05-01T13:43:17.906,A1,1,6680,-59.0,-76.6,-17.6,136.63,112,17232,15303,14852,19400,953,467471798,1
2026-05-01T13:43:18.025,A1,1,6681,-59.2,-76.4,-17.3,110.42,156,16501,17226,15922,20708,990,467186348,1
2026-05-01T13:43:18.116,A1,1,6682,-59.4,-76.3,-16.9,167.35,104,16831,17404,13462,18818,951,444781893,1
2026-05-01T13:43:18.239,A1,1,6683,-59.2,-76.0,-16.8,134.62,128,13574,17231,15924,17906,921,442699030,1
2026-05-01T13:43:18.328,A1,1,6684,-59.1,-76.5,-17.4,135.71,136,17061,18457,15266,21980,1019,449657046,1
2026-05-01T13:43:18.446,A1,1,6685,-59.3,-79.0,-19.7,100.42,164,18372,16469,10285,21239,1008,434404817,1
2026-05-01T13:43:18.567,A1,1,6686,-58.9,-77.0,-18.1,125.25,136,17132,17034,11194,18938,937,422766061,1
2026-05-01T13:43:18.685,A1,1,6687,-59.1,-78.5,-19.4,162.53,92,17341,14953,9794,18125,923,732477869,1
2026-05-01T13:43:18.838,A1,1,6688,-58.8,-77.7,-18.9,172.81,96,17079,16590,10371,18990,937,450645978,1
2026-05-01T13:43:18.925,A1,1,6689,-59.2,-76.6,-17.4,116.32,156,16873,18146,14051,20561,989,441102845,1
2026-05-01T13:43:19.015,A1,1,6690,-59.6,-76.5,-16.9,121.49,144,16825,17495,14581,19685,980,449280150,1
2026-05-01T13:43:19.135,A1,1,6691,-59.2,-76.1,-16.9,157.36,112,15216,17624,14700,18588,941,443052360,1
2026-05-01T13:43:19.256,A1,1,6692,-59.1,-76.0,-16.8,164.02,108,17022,17714,13214,18993,947,416409292,1
2026-05-01T13:43:19.348,A1,1,6693,-59.0,-76.1,-17.1,165.31,104,13848,17192,15204,17885,916,398655182,1
2026-05-01T13:43:19.437,A1,1,6694,-59.4,-77.1,-17.7,135.84,128,14904,17388,13319,18139,936,467898364,1
2026-05-01T13:43:19.586,A1,1,6695,-59.2,-76.0,-16.8,130.62,128,15191,16719,14703,17651,916,500381028,1
2026-05-01T13:43:19.646,A1,1,6696,-59.3,-76.1,-16.8,128.8,132,14577,17001,15315,17908,926,403203641,1
2026-05-01T13:43:19.766,A1,1,6697,-59.2,-75.5,-16.3,143.31,124,14716,17771,16717,19085,952,421341274,1
2026-05-01T13:43:19.886,A1,1,6698,-59.3,-76.3,-17.0,114.24,156,17241,17821,13112,19415,963,765283033,1
2026-05-01T13:43:20.035,A1,1,6699,-59.4,-78.5,-19.1,165.02,92,17141,15182,9921,17784,924,415351405,1
2026-05-01T13:43:20.126,A1,1,6700,-59.0,-77.3,-18.3,148.22,104,17362,15415,13513,19546,957,386049662,1
2026-05-01T13:43:20.247,A1,1,6701,-58.9,-76.8,-17.8,136.25,120,15956,16350,12312,17608,906,421399945,1
2026-05-01T13:43:20.336,A1,1,6702,-58.8,-75.9,-17.1,154.41,104,17459,16059,15845,20169,966,467091888,1
2026-05-01T13:43:20.487,A1,1,6703,-59.6,-76.3,-16.6,151.53,112,16505,16971,14033,18220,944,746502026,1
2026-05-01T13:43:20.578,A1,1,6704,-59.1,-76.5,-17.4,101.15,160,17638,16184,15344,20476,982,718720460,1
2026-05-01T13:43:20.696,A1,1,6705,-59.4,-78.3,-19.0,173.91,104,18674,18087,11675,22970,1050,479559780,1
2026-05-01T13:43:20.786,A1,1,6706,-59.2,-76.2,-17.0,117.99,140,14374,16518,15374,17679,917,404526761,1
2026-05-01T13:43:20.937,A1,1,6707,-59.6,-76.3,-16.7,175.54,96,12322,16852,16195,16901,908,770868508,1
2026-05-01T13:43:21.027,A1,1,6708,-59.7,-76.5,-16.8,129.69,128,16478,16600,12473,17110,916,401656317,1
2026-05-01T13:43:21.146,A1,1,6709,-59.2,-75.5,-16.2,120.19,148,16404,17788,16651,20221,980,427058262,1
2026-05-01T13:43:21.266,A1,1,6710,-59.5,-78.2,-18.7,112.84,152,15898,17152,10937,18535,948,423970099,1
2026-05-01T13:43:21.387,A1,1,6711,-59.6,-76.5,-16.9,129.15,136,14884,17565,14874,18421,948,421433433,1
2026-05-01T13:43:21.476,A1,1,6712,-59.2,-76.0,-16.8,113.05,156,17710,17636,16927,22197,1026,403008730,1
2026-05-01T13:43:21.567,A1,1,6713,-58.9,-75.8,-17.0,122.74,140,16444,17184,13464,18386,924,402879103,1
2026-05-01T13:43:21.716,A1,1,6714,-59.5,-77.4,-17.9,126.51,140,15604,17711,12811,19009,959,764372670,1
2026-05-01T13:43:21.806,A1,1,6715,-59.0,-75.8,-16.8,124.67,144,17280,17953,16983,22213,1020,404441779,1
2026-05-01T13:43:21.927,A1,1,6716,-57.5,-76.0,-18.5,162.27,96,16949,15578,13089,19214,901,498588922,1
2026-05-01T13:43:22.046,A1,1,6717,-59.2,-76.7,-17.5,178.96,96,14792,17180,13189,17528,913,532178829,1
2026-05-01T13:43:22.166,A1,1,6718,-59.4,-77.9,-18.5,159.02,100,16607,15902,9883,17138,909,443276824,1
2026-05-01T13:43:22.286,A1,1,6719,-59.4,-76.9,-17.5,100.37,156,17169,15657,14223,18980,955,515076603,1
2026-05-01T13:43:22.407,A1,1,6720,-59.5,-76.1,-16.6,111.2,164,17207,18237,14475,20164,989,497063953,1
2026-05-01T13:43:22.527,A1,1,6721,-58.7,-76.0,-17.3,135.9,124,17642,16851,16291,21723,997,420480832,1
2026-05-01T13:43:22.646,A1,1,6722,-59.4,-78.5,-19.1,183.5,96,15482,17616,11151,19239,963,427832546,1
2026-05-01T13:43:30.777,A1,1,6723,-59.3,-80.7,-21.3,113.77,132,18209,15018,8078,20734,997,398760335,1
2026-05-01T13:43:30.868,A1,1,6724,-58.7,-75.9,-17.2,129.61,132,16012,17109,17006,20991,982,723532401,1
2026-05-01T13:43:31.016,A1,1,6725,-59.1,-76.5,-17.4,166.94,104,17165,17362,12087,18835,942,453225836,1
2026-05-01T13:43:31.136,A1,1,6726,-59.2,-76.1,-16.9,163.21,112,16605,18280,15676,20974,997,493764094,1
2026-05-01T13:43:31.226,A1,1,6727,-59.3,-77.3,-18.0,102.61,152,17130,15597,13213,18836,948,445617118,1
2026-05-01T13:43:31.347,A1,1,6728,-59.1,-76.0,-16.9,162.22,104,15733,16871,13676,17655,913,486219428,1
2026-05-01T13:43:31.466,A1,1,6729,-59.5,-76.9,-17.4,127.48,140,15814,17847,14030,19417,969,485775345,1
2026-05-01T13:43:31.586,A1,1,6730,-59.2,-76.1,-16.8,179.4,96,14683,17222,14873,17903,923,392492933,1
2026-05-01T13:43:31.707,A1,1,6731,-59.0,-76.5,-17.5,129.9,124,17173,16107,16507,21173,995,481396070,1
2026-05-01T13:43:31.798,A1,1,6732,-59.1,-78.2,-19.0,101.85,152,17097,15481,10290,18140,926,418499470,1
2026-05-01T13:43:31.917,A1,1,6733,-59.2,-76.4,-17.2,144.18,124,17152,17878,13066,19635,966,749726366,1
2026-05-01T13:43:32.005,A1,1,6734,-58.8,-76.2,-17.4,105.27,164,17638,17264,17032,22869,1028,417266931,1
2026-05-01T13:43:32.126,A1,1,6735,-59.2,-75.7,-16.5,168.4,108,15431,18187,16808,20353,983,447202100,1
2026-05-01T13:43:32.246,A1,1,6736,-59.0,-76.0,-17.0,158.22,104,15568,16455,13861,17425,903,465618920,1
2026-05-01T13:43:32.366,A1,1,6737,-59.5,-76.6,-17.1,112.42,152,12577,17088,16421,17906,931,429024844,1
2026-05-01T13:43:32.457,A1,1,6738,-59.2,-76.2,-17.0,133.95,128,13964,17145,15507,17992,925,465974721,1
2026-05-01T13:43:32.547,A1,1,6739,-59.0,-76.9,-17.9,154.11,100,17176,15411,14477,19551,957,400677653,1
2026-05-01T13:43:32.667,A1,1,6740,-59.1,-76.8,-17.6,164.58,108,15510,17775,13917,19366,957,415033089,1
2026-05-01T13:43:32.817,A1,1,6741,-59.1,-76.6,-17.5,102.19,164,16673,16759,15874,20714,990,444609131,1
2026-05-01T13:43:32.877,A1,1,6742,-59.3,-77.8,-18.5,103.46,152,17011,15726,11232,18166,933,465262380,1
2026-05-01T13:43:32.997,A1,1,6743,-59.2,-76.4,-17.2,108.56,152,14883,16501,14452,17634,915,482314035,1
2026-05-01T13:43:33.116,A1,1,6744,-59.4,-76.1,-16.7,160.6,112,16558,17987,14334,19445,966,428647232,1
2026-05-01T13:43:33.206,A1,1,6745,-59.4,-76.4,-16.9,133.86,132,16644,17670,16311,21010,1007,418765731,1
2026-05-01T13:43:33.356,A1,1,6746,-58.9,-75.7,-16.8,143.04,120,16426,17165,13314,18000,915,440061822,1
2026-05-01T13:43:33.477,A1,1,6747,-59.2,-76.2,-16.9,160.25,112,16334,17948,14230,19466,963,455951633,1
2026-05-01T13:43:33.567,A1,1,6748,-80.3,-79.1,1.2,117.21,124,17431,14534,8320,4110,915,430431602,1
2026-05-01T13:43:33.691,A1,1,6749,-58.7,-75.7,-17.0,138.19,128,14362,17688,16683,19643,950,401393077,1
2026-05-01T13:43:33.810,A1,1,6750,-59.5,-76.7,-17.1,112.65,144,16804,16222,16329,20250,992,485972733,1
2026-05-01T13:43:33.897,A1,1,6751,-58.8,-76.2,-17.3,131.44,128,16300,16824,13257,18321,921,407620591,1
2026-05-01T13:43:34.017,A1,1,6752,-59.3,-76.5,-17.2,117.87,144,12584,16973,16214,17762,922,678556225,1
2026-05-01T13:43:34.136,A1,1,6753,-58.6,-75.5,-16.9,118.38,152,15328,17993,16512,20389,965,724820334,1
2026-05-01T13:43:34.290,A1,1,6754,-58.9,-75.9,-17.0,112.2,156,16740,17503,15306,20298,971,465631212,1
2026-05-01T13:43:34.347,A1,1,6755,-59.1,-76.1,-17.0,156.72,104,16332,16299,17585,20766,990,428550156,1
2026-05-01T13:43:34.466,A1,1,6756,-59.3,-75.8,-16.6,144.39,116,13967,16749,15360,17044,902,743063546,1
2026-05-01T13:43:34.556,A1,1,6757,-58.9,-77.5,-18.6,127.62,132,16011,16846,11052,18251,921,470128077,1
2026-05-01T13:43:34.679,A1,1,6758,-59.2,-76.0,-16.9,142.79,120,13782,17135,15250,17498,910,394000271,1
2026-05-01T13:43:34.766,A1,1,6759,-59.0,-77.9,-19.0,154.87,112,18436,17345,11857,22100,1016,457340336,1
2026-05-01T13:43:34.857,A1,1,6760,-58.8,-75.7,-16.9,156.15,112,16899,17489,13553,19034,938,418645047,1
2026-05-01T13:43:34.975,A1,1,6761,-58.9,-75.8,-16.9,158.71,112,15184,17775,15683,19439,952,452763927,1
2026-05-01T13:43:35.066,A1,1,6762,-59.1,-80.1,-21.0,126.55,116,17954,14680,8147,19674,962,454218794,1
2026-05-01T13:43:35.155,A1,1,6763,-59.1,-76.1,-16.9,154.06,108,16542,16639,15708,19571,962,399808421,1
2026-05-01T13:43:35.307,A1,1,6764,-58.8,-75.6,-16.7,152.14,120,17147,18257,16895,22139,1012,759714035,1
2026-05-01T13:43:35.396,A1,1,6765,-58.9,-77.2,-18.3,119.38,140,16666,16713,11584,18623,931,462413833,1
2026-05-01T13:43:35.485,A1,1,6766,-59.4,-76.7,-17.3,146.27,112,16449,16382,13649,18254,937,453062800,1
2026-05-01T13:43:35.577,A1,1,6767,-58.8,-77.2,-18.3,171.16,96,16321,16431,11115,17871,910,464123031,1
2026-05-01T13:43:35.699,A1,1,6768,-59.1,-78.6,-19.5,158.2,108,16316,17086,9793,19148,950,449501963,1
2026-05-01T13:43:35.817,A1,1,6769,-59.1,-76.1,-17.0,155.59,108,16805,16804,17621,21551,1008,484397442,1
2026-05-01T13:43:35.936,A1,1,6770,-59.5,-77.4,-17.9,100.58,156,17159,15691,13194,18777,953,487127821,1
2026-05-01T13:43:36.057,A1,1,6771,-59.6,-78.0,-18.4,111.81,144,16651,16101,10449,17571,926,428394052,1
2026-05-01T13:43:36.177,A1,1,6772,-59.4,-76.3,-16.9,114.52,148,16835,16949,17256,21326,1012,475224475,1
2026-05-01T13:43:36.296,A1,1,6773,-58.8,-75.4,-16.6,144.69,120,17696,17363,17020,21738,1001,473641514,1
2026-05-01T13:43:36.387,A1,1,6774,-59.4,-78.5,-19.1,127.61,136,15602,17355,10642,18805,950,754856928,1
2026-05-01T13:43:36.476,A1,1,6775,-59.2,-77.7,-18.5,100.66,152,17547,15301,12809,19323,958,414650050,1
2026-05-01T13:43:36.598,A1,1,6776,-59.1,-76.0,-16.9,120.81,144,16709,17396,13476,18686,938,762306119,1
2026-05-01T13:43:36.717,A1,1,6777,-58.7,-77.7,-18.9,116.22,148,17668,17201,10130,20054,960,454897869,1
2026-05-01T13:43:36.806,A1,1,6778,-58.9,-75.8,-16.9,146.34,116,16568,16975,17342,21134,993,406853714,1
2026-05-01T13:43:36.926,A1,1,6779,-59.5,-76.7,-17.3,103.32,160,16892,16532,16551,20947,1006,449272663,1
2026-05-01T13:43:37.016,A1,1,6780,-59.2,-76.4,-17.2,149.27,112,16395,16718,14353,18818,946,418592500,1
2026-05-01T13:43:37.198,A1,1,6781,-58.9,-75.8,-16.8,118.57,144,17547,17074,17388,22001,1013,487433077,1
2026-05-01T13:43:37.257,A1,1,6782,-59.2,-77.1,-17.8,166.93,100,16846,16693,10460,17586,914,412121041,1
2026-05-01T13:43:37.406,A1,1,6783,-59.3,-76.2,-16.9,151.74,112,16528,16995,14459,18909,951,426153455,1
2026-05-01T13:43:37.526,A1,1,6784,-59.0,-75.6,-16.7,128.67,140,15714,18014,16214,20107,969,428329420,1
2026-05-01T13:43:37.616,A1,1,6785,-59.1,-77.3,-18.1,160.56,104,16692,16698,11342,18290,930,446909209,1
2026-05-01T13:43:37.737,A1,1,6786,-58.7,-76.6,-17.9,126.98,132,15318,16761,13703,18417,920,463352955,1
2026-05-01T13:43:37.829,A1,1,6787,-59.0,-75.9,-16.9,120.05,148,15219,17767,15561,19358,951,418554886,1
2026-05-01T13:43:37.947,A1,1,6788,-59.2,-76.3,-17.1,122.32,140,12640,17125,16518,18035,925,475239334,1
2026-05-01T13:43:38.036,A1,1,6789,-58.9,-76.0,-17.2,158.54,112,17267,17757,12890,19453,951,507770464,1
2026-05-01T13:43:38.190,A1,1,6790,-59.1,-76.5,-17.4,165.19,112,17514,18501,14712,21919,1016,424112449,1
2026-05-01T13:43:38.308,A1,1,6791,-59.4,-76.3,-17.0,149.79,112,16536,16777,16015,19978,980,388604574,1
2026-05-01T13:43:38.456,A1,1,6792,-59.0,-76.0,-17.0,152.79,108,17396,16501,16715,21018,993,439633916,1
2026-05-01T13:43:38.546,A1,1,6793,-59.1,-76.3,-17.1,139.39,128,17253,17842,13206,19698,965,489381404,1
2026-05-01T13:43:38.665,A1,1,6794,-58.9,-76.3,-17.4,120.06,156,18142,18729,15498,23398,1043,465187669,1
2026-05-01T13:43:38.788,A1,1,6795,-59.2,-76.5,-17.3,124.48,136,16671,16929,16096,20770,994,416956579,1
2026-05-01T13:43:38.907,A1,1,6796,-58.8,-76.2,-17.4,129.48,132,16468,17092,13199,18735,930,479858797,1
2026-05-01T13:43:39.025,A1,1,6797,-59.0,-77.3,-18.3,130.59,128,16880,16716,11308,18747,937,749819855,1
2026-05-01T13:43:39.116,A1,1,6798,-58.9,-77.0,-18.0,129.0,144,18171,18576,13946,23080,1037,401838009,1
2026-05-01T13:43:39.215,A1,1,6799,-58.9,-78.3,-19.4,132.36,132,15296,17471,11193,19322,949,468587867,1
2026-05-01T13:43:39.329,A1,1,6800,-59.0,-77.4,-18.5,125.33,148,18213,18549,13087,23128,1040,464425011,1
2026-05-01T13:43:39.446,A1,1,6801,-59.1,-75.9,-16.8,152.28,108,13826,16446,15493,17107,897,759246279,1
2026-05-01T13:43:39.565,A1,1,6802,-58.6,-75.5,-16.8,152.55,116,17757,17696,17290,22631,1017,769711476,1
2026-05-01T13:43:39.626,A1,1,6803,-58.7,-75.6,-16.9,116.17,148,15899,17193,16772,20364,967,392208138,1
2026-05-01T13:43:39.805,A1,1,6804,-58.9,-76.0,-17.1,164.28,104,15807,17085,14110,18412,926,430674126,1
2026-05-01T13:43:39.866,A1,1,6805,-58.6,-76.2,-17.6,128.91,132,16654,17016,12259,18478,917,399773926,1
2026-05-01T13:43:39.986,A1,1,6806,-59.3,-77.2,-18.0,129.92,132,14922,17149,13383,18350,936,493706510,1
2026-05-01T13:43:40.075,A1,1,6807,-59.2,-75.9,-16.7,150.65,116,16897,17475,13622,18791,944,462985627,1
2026-05-01T13:43:40.197,A1,1,6808,-59.4,-76.1,-16.7,161.59,108,16898,17452,13229,18507,945,428971478,1
2026-05-01T13:43:40.288,A1,1,6809,-59.2,-77.9,-18.7,120.66,132,16463,15927,9642,17194,903,442228566,1
2026-05-01T13:43:40.409,A1,1,6810,-58.6,-76.4,-17.8,159.89,104,15851,16629,13243,18320,915,421863896,1
2026-05-01T13:43:40.556,A1,1,6811,-59.1,-76.3,-17.3,121.17,140,13068,16964,16096,18046,921,399969608,1
2026-05-01T13:43:40.645,A1,1,6812,-59.1,-76.6,-17.5,112.13,144,17149,16147,17085,21633,1010,498175047,1
2026-05-01T13:43:40.766,A1,1,6813,-58.9,-77.4,-18.5,109.0,164,18487,17876,13130,22774,1029,743711478,1
2026-05-01T13:43:40.888,A1,1,6814,-59.1,-77.1,-18.0,173.4,96,16894,16646,10023,17569,910,445430110,1
2026-05-01T13:43:41.006,A1,1,6815,-59.0,-76.3,-17.3,164.98,100,17230,16498,16769,21455,1001,452278981,1
2026-05-01T13:43:41.096,A1,1,6816,-59.0,-76.0,-17.0,132.21,140,17560,18510,15413,21904,1013,463853568,1
2026-05-01T13:43:41.216,A1,1,6817,-58.7,-76.4,-17.7,172.04,100,16831,17204,12370,18994,933,721981645,1
2026-05-01T13:43:41.309,A1,1,6818,-58.7,-78.5,-19.8,128.06,128,17397,16392,8977,19508,946,463566944,1
2026-05-01T13:43:41.428,A1,1,6819,-58.9,-75.4,-16.5,155.84,116,18011,18078,16959,22417,1021,727757736,1
2026-05-01T13:43:41.546,A1,1,6820,-59.0,-77.0,-18.0,159.36,104,16482,16573,11418,17953,917,494196329,1
2026-05-01T13:43:41.666,A1,1,6821,-59.6,-76.6,-17.0,162.53,104,16497,16903,13905,18574,952,743171355,1
2026-05-01T13:43:41.756,A1,1,6822,-58.7,-78.6,-19.9,158.84,108,16263,17155,9630,19648,948,470280129,1
2026-05-01T13:43:41.878,A1,1,6823,-59.1,-76.2,-17.1,126.95,132,13951,16758,15409,17709,914,439764705,1
2026-05-01T13:43:41.997,A1,1,6824,-59.2,-76.2,-17.1,149.54,108,17070,16150,17138,20965,997,431273360,1
2026-05-01T13:43:42.116,A1,1,6825,-59.4,-79.8,-20.5,133.12,136,17242,18105,9775,22615,1042,496543951,1
2026-05-01T13:43:42.239,A1,1,6826,-59.0,-75.8,-16.9,159.12,104,15331,16549,14003,17265,898,454826239,1
2026-05-01T13:43:42.388,A1,1,6827,-59.2,-76.6,-17.4,116.29,140,16977,16281,16158,20615,991,442236173,1
2026-05-01T13:43:42.447,A1,1,6828,-59.0,-77.7,-18.6,109.99,156,17580,17158,10119,19503,957,464059501,1
2026-05-01T13:43:42.537,A1,1,6829,-58.9,-76.9,-18.0,109.97,156,18106,17155,14201,21726,1005,466237778,1
2026-05-01T13:43:42.657,A1,1,6830,-58.9,-76.1,-17.2,167.31,100,15997,16731,13078,17646,906,417375398,1
2026-05-01T13:43:42.747,A1,1,6831,-59.1,-78.1,-19.0,114.54,148,16199,16952,11029,19018,946,414754276,1
2026-05-01T13:43:42.865,A1,1,6832,-58.9,-75.9,-17.0,132.23,136,16851,17983,16043,21302,996,421472258,1
2026-05-01T13:43:42.957,A1,1,6833,-59.0,-75.9,-16.9,111.57,148,14396,16512,15462,17628,910,528846804,1
2026-05-01T13:43:43.077,A1,1,6834,-58.8,-76.6,-17.8,121.46,136,15736,16519,13447,18325,919,721351297,1
2026-05-01T13:43:43.165,A1,1,6835,-59.2,-76.1,-16.9,110.61,160,16976,17698,14315,19756,968,462769212,1
2026-05-01T13:43:43.255,A1,1,6836,-58.8,-75.6,-16.8,165.44,108,15328,17867,16210,19850,959,416900756,1
2026-05-01T13:43:43.377,A1,1,6837,-69.1,-75.9,-6.8,169.53,104,17134,17631,13025,9435,943,423654342,1
2026-05-01T13:43:43.465,A1,1,6838,-58.8,-75.6,-16.7,169.4,108,16828,18295,16174,21340,994,720906328,1
2026-05-01T13:43:43.588,A1,1,6839,-58.8,-76.6,-17.8,127.69,132,15003,16855,13125,17735,906,396477182,1
2026-05-01T13:43:43.706,A1,1,6840,-58.6,-76.3,-17.7,130.59,128,15493,16715,13780,18324,915,721585220,1
2026-05-01T13:43:43.796,A1,1,6841,-58.7,-77.3,-18.6,161.02,104,15971,16746,11313,18243,915,458381671,1
2026-05-01T13:43:43.886,A1,1,6842,-58.8,-75.9,-17.2,125.25,136,14747,17034,15197,18459,922,423711326,1
2026-05-01T13:43:43.977,A1,1,6843,-58.7,-75.5,-16.8,151.95,120,16494,18234,16021,20924,981,463582033,1
2026-05-01T13:43:44.097,A1,1,6844,-58.8,-75.7,-16.8,168.52,100,14229,16852,15187,17507,900,415741040,1
2026-05-01T13:43:44.217,A1,1,6845,-59.2,-76.1,-16.9,160.58,104,13406,16700,15562,17149,903,728657701,1
2026-05-01T13:43:44.306,A1,1,6846,-59.1,-75.9,-16.8,141.55,116,16768,16420,16429,20047,971,394316703,1
2026-05-01T13:43:44.399,A1,1,6847,-58.8,-75.5,-16.7,126.1,144,17792,18158,17103,22629,1024,639760017,1
2026-05-01T13:43:44.517,A1,1,6848,-59.1,-79.4,-20.3,146.35,100,17702,14635,9264,19059,948,445155130,1
2026-05-01T13:43:44.637,A1,1,6849,-59.1,-77.1,-18.0,119.03,144,14994,17141,13238,18293,930,467596558,1
2026-05-01T13:43:44.696,A1,1,6850,-59.4,-77.0,-17.7,160.1,108,14404,17291,13768,18027,930,704900882,1
2026-05-01T13:43:44.816,A1,1,6851,-59.0,-76.0,-16.9,156.13,116,16947,18111,15130,20758,987,400423767,1
2026-05-01T13:43:44.935,A1,1,6852,-59.2,-79.5,-20.3,107.11,164,15974,17566,9639,20302,983,408066456,1
2026-05-01T13:43:45.025,A1,1,6853,-58.8,-75.7,-16.9,151.68,112,15380,16988,16729,19797,956,495624836,1
2026-05-01T13:43:45.147,A1,1,6854,-59.3,-76.6,-17.3,119.57,140,16935,16740,16949,21540,1014,602025119,1
2026-05-01T13:43:45.235,A1,1,6855,-59.0,-76.1,-17.1,119.8,148,15003,17731,15485,19330,953,481736414,1
2026-05-01T13:43:45.357,A1,1,6856,-59.0,-76.2,-17.3,133.04,124,15376,16497,13506,17376,901,441576396,1
2026-05-01T13:43:45.507,A1,1,6857,-58.8,-78.6,-19.7,148.21,112,17499,16599,9206,19889,959,485907977,1
2026-05-01T13:43:45.627,A1,1,6858,-58.9,-76.4,-17.5,152.94,108,15422,16518,14003,18110,918,417864975,1
2026-05-01T13:43:45.715,A1,1,6859,-59.2,-76.1,-16.9,138.27,120,16674,16593,16234,20071,976,438820784,1
2026-05-01T13:43:45.807,A1,1,6860,-59.2,-76.2,-16.9,101.86,176,16900,17928,15753,21011,1000,529034129,1
2026-05-01T13:43:45.925,A1,1,6861,-59.1,-76.9,-17.8,113.21,164,17825,18567,14185,22519,1030,474944555,1
2026-05-01T13:43:46.016,A1,1,6862,-59.2,-80.4,-21.2,133.4,112,18111,14941,8387,20541,987,398193986,1
2026-05-01T13:43:46.167,A1,1,6863,-59.2,-76.2,-17.0,109.59,152,16583,16658,16652,20532,987,467904906,1
2026-05-01T13:43:46.286,A1,1,6864,-59.1,-76.1,-17.0,114.49,156,15466,17861,15559,19779,965,496814158,1
2026-05-01T13:43:46.407,A1,1,6865,-59.2,-77.3,-18.1,114.69,132,17307,15139,13068,18678,942,419912117,1
2026-05-01T13:43:46.525,A1,1,6866,-65.2,-76.7,-11.5,172.1,100,14597,17210,13780,11771,921,488400903,1
2026-05-01T13:43:46.646,A1,1,6867,-59.2,-79.2,-20.0,100.42,176,18852,17674,10180,23464,1055,454750923,1
2026-05-01T13:43:46.736,A1,1,6868,-59.3,-76.5,-17.2,103.48,160,17439,16557,16947,21703,1017,527954382,1
2026-05-01T13:43:46.855,A1,1,6869,-58.9,-78.0,-19.1,166.08,104,15924,17272,11088,19297,948,470649683,1
2026-05-01T13:43:46.975,A1,1,6870,-58.9,-76.0,-17.2,147.56,112,14436,16527,15362,17899,911,443235939,1
2026-05-01T13:43:47.066,A1,1,6871,-58.8,-75.6,-16.9,156.38,112,14829,17515,15327,18636,927,455861703,1
2026-05-01T13:43:47.157,A1,1,6872,-59.0,-78.7,-19.8,106.4,176,18760,18727,11588,25036,1081,398995225,1
2026-05-01T13:43:47.275,A1,1,6873,-59.0,-78.9,-19.9,145.79,104,16994,15162,8635,17944,916,526763707,1
2026-05-01T13:43:47.397,A1,1,6874,-59.1,-76.2,-17.1,153.61,108,16653,16590,16299,20385,980,424327567,1
2026-05-01T13:43:47.486,A1,1,6875,-59.0,-75.8,-16.9,115.55,148,15704,17101,14533,18337,926,399404963,1
2026-05-01T13:43:47.577,A1,1,6876,-59.2,-77.7,-18.5,154.67,104,16663,16086,11076,18044,927,444083921,1
2026-05-01T13:43:47.697,A1,1,6877,-59.1,-76.8,-17.6,171.26,100,14666,17126,14205,18334,931,433871517,1
2026-05-01T13:43:47.816,A1,1,6878,-59.0,-76.4,-17.3,166.93,104,13198,17361,16584,18924,943,767692980,1
2026-05-01T13:43:47.936,A1,1,6879,-58.9,-79.0,-20.1,131.3,132,15870,17331,9891,19849,960,387431522,1
2026-05-01T13:43:48.085,A1,1,6880,-58.8,-76.0,-17.2,117.31,144,17642,16892,16111,21376,995,516962159,1
2026-05-01T13:43:48.177,A1,1,6881,-59.1,-76.3,-17.2,122.51,148,16116,18131,15569,20789,990,730594014,1
2026-05-01T13:43:48.297,A1,1,6882,-58.6,-75.3,-16.7,165.78,104,16291,17241,13928,18327,914,747965301,1
2026-05-01T13:43:48.417,A1,1,6883,-59.3,-76.5,-17.2,117.22,152,15649,17818,14685,19431,964,476005511,1
2026-05-01T13:43:48.536,A1,1,6884,-59.0,-78.4,-19.4,112.54,152,16081,17106,10711,19449,954,441280289,1
2026-05-01T13:43:48.627,A1,1,6885,-59.0,-79.1,-20.1,142.67,104,17663,14838,9785,19205,947,398151605,1
2026-05-01T13:43:48.747,A1,1,6886,-58.5,-76.0,-17.5,133.27,124,15576,16525,13575,17863,899,399847237,1
2026-05-01T13:43:48.866,A1,1,6887,-59.3,-76.7,-17.4,106.66,164,16521,17493,17190,22196,1030,450811925,1
2026-05-01T13:43:48.987,A1,1,6888,-59.1,-76.5,-17.5,117.22,144,16464,16880,16167,20826,990,438938784,1
2026-05-01T13:43:49.105,A1,1,6889,-59.1,-78.1,-18.9,118.16,128,17576,15125,11357,18815,943,731172416,1
2026-05-01T13:43:49.197,A1,1,6890,-58.8,-76.2,-17.5,158.53,104,13412,16487,15600,17749,904,455054478,1
2026-05-01T13:43:49.286,A1,1,6891,-59.2,-78.9,-19.7,156.27,96,17288,15002,9055,18034,924,455791022,1
2026-05-01T13:43:49.406,A1,1,6892,-59.0,-76.2,-17.1,112.34,160,17192,17975,13361,19866,966,441192576,1
2026-05-01T13:43:49.497,A1,1,6893,-58.5,-75.8,-17.3,143.46,116,16465,16641,17306,21336,983,394637260,1
2026-05-01T13:43:49.585,A1,1,6894,-59.2,-76.4,-17.2,122.43,140,13824,17140,15506,18124,928,525425561,1
2026-05-01T13:43:49.707,A1,1,6895,-58.9,-79.6,-20.7,118.17,124,17323,14653,8294,18625,931,399466090,1
2026-05-01T13:43:49.796,A1,1,6896,-59.4,-77.5,-18.1,116.27,152,15274,17673,12815,18889,954,462335039,1
2026-05-01T13:43:49.885,A1,1,6897,-58.5,-76.3,-17.8,117.99,144,16568,16991,12980,19039,929,766611524,1
2026-05-01T13:43:50.005,A1,1,6898,-58.9,-79.5,-20.6,117.54,148,16282,17396,9808,20979,989,462618409,1
2026-05-01T13:43:50.125,A1,1,6899,-58.6,-75.9,-17.3,159.03,104,15370,16539,13868,17643,898,471431359,1
2026-05-01T13:43:50.215,A1,1,6900,-59.1,-77.7,-18.6,109.01,148,16683,16134,10876,18096,923,415164199,1
2026-05-01T13:43:50.338,A1,1,6901,-58.9,-76.2,-17.3,142.27,124,17164,17641,12802,19352,950,388965361,1
2026-05-01T13:43:50.457,A1,1,6902,-59.2,-76.7,-17.5,141.76,116,16835,16444,16521,21120,1003,409767190,1
2026-05-01T13:43:50.547,A1,1,6903,-58.9,-76.3,-17.4,108.49,172,17869,18661,15642,23132,1037,460555735,1
2026-05-01T13:43:50.667,A1,1,6904,-59.1,-76.3,-17.1,158.11,104,16619,16443,15492,19611,963,482219594,1
2026-05-01T13:43:50.787,A1,1,6905,-59.0,-76.1,-17.1,124.17,132,15012,16390,14151,17238,899,742041424,1
2026-05-01T13:43:50.907,A1,1,6906,-59.1,-79.5,-20.4,158.39,100,18189,15839,9231,20839,992,416103460,1
2026-05-01T13:43:51.025,A1,1,6907,-58.8,-76.1,-17.3,124.61,136,14517,16947,15110,18338,919,418451146,1
2026-05-01T13:43:51.146,A1,1,6908,-58.6,-76.1,-17.4,124.51,136,15938,16934,13874,18638,923,435182860,1
2026-05-01T13:43:51.237,A1,1,6909,-59.0,-76.6,-17.5,98.19,164,17362,16103,16482,21319,1000,468691411,1
2026-05-01T13:43:51.358,A1,1,6910,-59.1,-79.2,-20.1,167.67,108,17241,18108,10259,22321,1027,390292954,1
2026-05-01T13:43:51.477,A1,1,6911,-59.2,-76.3,-17.1,152.17,116,16890,17652,13756,19546,962,475279624,1
2026-05-01T13:43:51.595,A1,1,6912,-59.5,-77.0,-17.5,96.26,172,16576,16556,13756,18825,955,426556776,1
2026-05-01T13:43:51.717,A1,1,6913,-58.4,-76.7,-18.3,114.6,144,15971,16502,12797,18666,917,460120325,1
2026-05-01T13:43:51.837,A1,1,6914,-58.9,-75.9,-16.9,150.58,116,14465,17467,15778,18740,935,746758651,1
2026-05-01T13:43:51.927,A1,1,6915,-68.4,-76.0,-7.6,159.38,108,16862,17213,12884,9644,930,444889606,1
2026-05-01T13:43:52.017,A1,1,6916,-58.4,-77.6,-19.2,124.96,136,17503,16995,10202,20130,951,526025182,1
2026-05-01T13:43:52.105,A1,1,6917,-59.0,-78.1,-19.1,165.93,108,16367,17920,11521,20640,982,440333259,1
2026-05-01T13:43:52.226,A1,1,6918,-59.0,-78.3,-19.3,96.6,156,17480,15069,11697,19357,952,415786674,1
2026-05-01T13:43:52.348,A1,1,6919,-59.0,-76.2,-17.2,155.66,116,17035,18057,14477,20652,983,766246667,1
2026-05-01T13:43:52.467,A1,1,6920,-59.3,-79.8,-20.5,105.05,172,16815,18068,10061,22360,1034,629253225,1
2026-05-01T13:43:52.557,A1,1,6921,-58.9,-78.4,-19.5,110.05,164,18771,18048,11582,23788,1051,460781883,1
2026-05-01T13:43:52.646,A1,1,6922,-59.0,-77.4,-18.4,106.46,176,18555,18737,13456,23831,1055,463052061,1
2026-05-01T13:43:52.737,A1,1,6923,-58.9,-75.7,-16.8,113.03,152,16314,17181,13872,18410,924,392192019,1
2026-05-01T13:43:52.828,A1,1,6924,-58.7,-76.0,-17.3,133.36,124,17546,16537,15823,20934,981,396263038,1
2026-05-01T13:43:52.946,A1,1,6925,-58.9,-75.7,-16.8,126.69,144,17016,18243,16748,21987,1011,445354794,1
2026-05-01T13:43:53.036,A1,1,6926,-58.5,-75.9,-17.4,118.4,140,15997,16576,13236,17937,901,462013952,1
2026-05-01T13:43:53.156,A1,1,6927,-59.0,-76.5,-17.5,156.58,108,12116,16911,16303,17868,914,399240861,1
2026-05-01T13:43:53.246,A1,1,6928,-58.8,-76.2,-17.4,152.96,108,14846,16520,14356,17786,905,398328146,1
2026-05-01T13:43:53.367,A1,1,6929,-59.0,-76.0,-17.0,142.78,120,13252,17134,15902,17846,914,454676966,1
2026-05-01T13:43:53.488,A1,1,6930,-59.0,-75.8,-16.8,127.21,136,16035,17301,13933,18314,926,493330071,1
2026-05-01T13:43:53.605,A1,1,6931,-59.1,-76.4,-17.4,159.92,108,13730,17271,15442,18361,930,434251984,1
2026-05-01T13:43:53.726,A1,1,6932,-59.0,-76.1,-17.1,160.34,112,16977,17958,13918,19983,968,439131084,1
2026-05-01T13:43:53.816,A1,1,6933,-59.0,-77.7,-18.7,96.88,160,17675,15500,12941,19959,968,399685082,1
2026-05-01T13:43:53.936,A1,1,6934,-59.3,-76.7,-17.4,109.51,148,16757,16207,15658,19982,979,418541282,1
2026-05-01T13:43:54.058,A1,1,6935,-59.2,-78.3,-19.1,101.37,156,16891,15814,9594,17937,922,461929886,1
2026-05-01T13:43:54.145,A1,1,6936,-59.3,-78.1,-18.9,94.68,164,17220,15528,11211,18650,943,397043429,1
2026-05-01T13:43:54.235,A1,1,6937,-59.1,-78.3,-19.2,146.52,104,17126,15238,10278,18085,924,399158311,1
2026-05-01T13:43:54.356,A1,1,6938,-59.0,-76.2,-17.1,162.74,108,17305,17576,12164,18847,940,431621826,1
2026-05-01T13:43:54.477,A1,1,6939,-58.9,-77.2,-18.3,153.81,108,16353,16612,12014,18583,929,482555182,1
2026-05-01T13:43:54.596,A1,1,6940,-59.3,-76.4,-17.1,116.11,148,13213,17184,16124,18121,931,418732831,1
2026-05-01T13:43:54.716,A1,1,6941,-58.9,-76.2,-17.3,122.49,144,17118,17638,13043,19467,953,414861570,1
2026-05-01T13:43:54.836,A1,1,6942,-59.0,-76.5,-17.5,124.17,140,14965,17384,14433,18760,937,456146221,1
2026-05-01T13:43:54.927,A1,1,6943,-58.9,-77.7,-18.8,106.51,172,17613,18319,12692,22501,1023,650855561,1
2026-05-01T13:43:55.017,A1,1,6944,-58.7,-76.6,-17.9,136.98,128,17237,17533,12411,19903,956,397428614,1
2026-05-01T13:43:55.135,A1,1,6945,-59.2,-76.4,-17.2,115.91,160,17048,18546,16027,22264,1028,725416531,1
2026-05-01T13:43:55.255,A1,1,6946,-59.1,-77.5,-18.4,120.39,140,17056,16855,10121,18467,933,462465749,1
2026-05-01T13:43:55.377,A1,1,6947,-58.8,-77.5,-18.7,149.66,112,17172,16762,10210,18871,933,433355567,1
2026-05-01T13:43:55.497,A1,1,6948,-58.9,-76.5,-17.5,126.71,140,15492,17739,14302,19468,953,498226046,1
2026-05-01T13:43:55.617,A1,1,6949,-58.9,-77.1,-18.2,142.13,108,17200,15350,13009,18804,936,419224581,1
2026-05-01T13:43:55.736,A1,1,6950,-59.1,-77.0,-17.9,113.86,152,17005,17306,11807,19174,951,452430369,1
2026-05-01T13:43:55.855,A1,1,6951,-59.0,-79.8,-20.8,114.86,156,16514,17918,9757,22050,1016,492030415,1
2026-05-01T13:43:56.007,A1,1,6952,-58.9,-79.5,-20.6,105.94,164,16321,17374,9706,20945,986,427521177,1
2026-05-01T13:43:56.067,A1,1,6953,-58.6,-76.5,-17.9,120.04,140,12596,16805,16220,18477,919,416285021,1
2026-05-01T13:43:56.185,A1,1,6954,-58.9,-76.4,-17.5,147.02,116,16671,17054,13299,19072,942,422790125,1
2026-05-01T13:43:56.275,A1,1,6955,-58.4,-76.3,-17.9,127.11,140,17128,17796,13263,20630,963,524353197,1
2026-05-01T13:43:56.396,A1,1,6956,-58.6,-76.3,-17.7,162.36,104,13835,16885,15189,18340,913,753496287,1
2026-05-01T13:43:56.517,A1,1,6957,-58.7,-76.7,-18.0,172.03,100,17045,17203,11322,18900,932,416220757,1
2026-05-01T13:43:56.668,A1,1,6958,-58.2,-75.7,-17.5,169.38,100,14677,16938,14845,18504,906,397305682,1
2026-05-01T13:43:56.755,A1,1,6959,-58.6,-79.4,-20.8,140.04,104,17618,14564,8926,19375,939,434129968,1
2026-05-01T13:43:56.877,A1,1,6960,-58.7,-76.3,-17.5,114.49,160,16632,18318,15576,21912,1004,455842213,1
2026-05-01T13:43:57.008,A1,1,6961,-59.2,-78.0,-18.8,115.68,136,17010,15733,11764,18924,947,465864937,1
2026-05-01T13:43:57.099,A1,1,6962,-58.4,-78.9,-20.5,105.18,160,17043,16828,9166,20729,965,710249607,1
2026-05-01T13:43:57.177,A1,1,6963,-58.7,-76.3,-17.5,112.58,156,18034,17563,15309,22254,1012,445828736,1
2026-05-01T13:43:57.327,A1,1,6964,-58.9,-76.7,-17.8,123.5,136,15338,16796,12876,17821,910,388507012,1
2026-05-01T13:43:57.385,A1,1,6965,-59.2,-79.2,-20.0,106.34,164,16132,17440,10011,20194,979,456080211,1
2026-05-01T13:43:57.507,A1,1,6966,-59.1,-76.4,-17.3,109.49,168,17158,18394,15082,21697,1012,524707782,1
2026-05-01T13:43:57.625,A1,1,6967,-59.1,-76.4,-17.3,120.24,136,17640,16352,14804,20080,973,404571521,1
2026-05-01T13:43:57.747,A1,1,6968,-59.3,-76.7,-17.4,130.69,140,17034,18296,14461,21150,1007,426770562,1
2026-05-01T13:43:57.866,A1,1,6969,-58.8,-76.6,-17.8,109.35,172,18463,18809,15057,24001,1053,507354745,1
2026-05-01T13:43:57.955,A1,1,6970,-59.0,-75.8,-16.8,110.1,168,16951,18497,16635,22052,1016,722103629,1
2026-05-01T13:43:58.045,A1,1,6971,-58.8,-76.8,-18.0,147.57,112,16050,16528,12132,17919,911,392179695,1
2026-05-01T13:43:58.166,A1,1,6972,-59.1,-76.1,-17.0,115.94,152,14568,17623,15994,19275,953,720318709,1
2026-05-01T13:43:58.257,A1,1,6973,-58.6,-76.2,-17.5,106.15,160,14545,16984,14769,18397,916,487223196,1
2026-05-01T13:43:58.377,A1,1,6974,-58.7,-75.9,-17.3,158.35,108,14897,17102,14887,18510,920,404583409,1
2026-05-01T13:43:58.495,A1,1,6975,-58.8,-76.1,-17.2,146.99,112,15312,16463,13891,17531,901,416522839,1
2026-05-01T13:43:58.585,A1,1,6976,-58.9,-76.1,-17.2,154.74,112,15017,17331,14996,18837,936,451791860,1
2026-05-01T13:43:58.706,A1,1,6977,-58.5,-76.7,-18.2,151.76,108,15933,16390,12591,18326,910,438287740,1
2026-05-01T13:43:58.796,A1,1,6978,-58.8,-76.0,-17.2,129.47,136,14656,17608,15910,19418,948,445106340,1
2026-05-01T13:43:58.916,A1,1,6979,-58.6,-76.6,-18.0,156.03,108,16779,16851,11458,18462,917,428672176,1
2026-05-01T13:43:59.006,A1,1,6980,-58.4,-76.1,-17.7,108.55,156,16524,16934,13108,18951,923,399312813,1
2026-05-01T13:43:59.125,A1,1,6981,-59.0,-76.3,-17.3,154.8,108,14466,16718,14969,18005,918,436248934,1
2026-05-01T13:43:59.246,A1,1,6982,-58.6,-78.9,-20.3,106.77,156,17821,16656,8922,20989,977,415248215,1
2026-05-01T13:43:59.365,A1,1,6983,-59.1,-79.6,-20.5,130.86,136,16152,17797,10062,21348,1002,495790049,1
2026-05-01T13:43:59.486,A1,1,6984,-59.2,-77.8,-18.6,146.4,104,17127,15226,12005,18483,936,418689214,1
2026-05-01T13:43:59.606,A1,1,6985,-58.9,-76.0,-17.1,171.41,104,17220,17827,13221,19607,954,424271158,1
2026-05-01T13:43:59.697,A1,1,6986,-58.9,-75.6,-16.7,161.79,108,15052,17473,16489,19392,950,468290774,1
2026-05-01T13:43:59.817,A1,1,6987,-58.5,-77.4,-18.9,160.68,104,15756,16711,11566,18619,918,439987321,1
2026-05-01T13:43:59.906,A1,1,6988,-58.7,-78.2,-19.5,119.98,128,17731,15357,11758,20182,962,462393857,1
2026-05-01T13:44:00.025,A1,1,6989,-58.9,-76.2,-17.3,149.08,116,16812,17293,13392,19154,943,397512086,1
2026-05-01T13:44:00.147,A1,1,6990,-58.2,-78.0,-19.7,153.72,108,17410,16602,9368,19839,939,494622746,1
2026-05-01T13:44:00.266,A1,1,6991,-58.9,-76.4,-17.5,114.84,152,17667,17455,17033,23198,1037,404327697,1
2026-05-01T13:44:00.385,A1,1,6992,-59.1,-76.3,-17.2,127.99,128,16578,16383,15401,19587,961,449601690,1
2026-05-01T13:44:00.475,A1,1,6993,-58.9,-75.6,-16.7,131.13,136,15987,17834,16392,20376,972,410486361,1
2026-05-01T13:44:00.595,A1,1,6994,-58.1,-76.9,-18.8,165.61,104,15290,17223,13054,19597,928,397516675,1
2026-05-01T13:44:00.686,A1,1,6995,-58.7,-80.3,-21.6,104.86,140,17863,14681,8908,20777,976,391089840,1
2026-05-01T13:44:00.807,A1,1,6996,-58.2,-76.2,-18.0,160.03,104,15312,16643,14136,18780,912,446375246,1
2026-05-01T13:44:00.866,A1,1,6997,-58.4,-75.5,-17.1,135.43,132,16796,17877,16850,22029,996,399708076,1
2026-05-01T13:44:00.986,A1,1,6998,-58.9,-76.8,-17.9,133.94,124,11877,16608,16060,17748,907,498964123,1
2026-05-01T13:44:01.136,A1,1,6999,-58.5,-76.6,-18.0,117.99,140,13797,16518,15478,18639,919,421523139,1
2026-05-01T13:44:01.258,A1,1,7000,-58.2,-76.3,-18.2,116.59,152,17261,17721,12775,20779,958,473406758,1
2026-05-01T13:44:01.377,A1,1,7001,-58.1,-76.2,-18.1,153.55,108,16010,16583,13046,18630,907,480346559,1
2026-05-01T13:44:01.466,A1,1,7002,-58.2,-77.2,-19.0,122.94,124,17448,15245,13834,20667,957,418263937,1
2026-05-01T13:44:01.585,A1,1,7003,-58.3,-77.2,-18.9,121.75,136,16496,16558,11858,19343,930,427408220,1
2026-05-01T13:44:01.675,A1,1,7004,-58.4,-75.9,-17.5,114.53,160,17386,18325,16982,23712,1032,410134346,1
2026-05-01T13:44:01.768,A1,1,7005,-58.4,-76.1,-17.7,115.14,152,16926,17501,13014,19689,942,461173625,1
2026-05-01T13:44:01.886,A1,1,7006,-58.8,-75.9,-17.1,170.0,104,17011,17680,13239,19288,944,496025221,1
2026-05-01T13:44:02.006,A1,1,7007,-58.4,-77.9,-19.5,114.97,144,16335,16555,10644,19186,930,733199396,1
2026-05-01T13:44:02.156,A1,1,7008,-84.6,-79.7,4.8,159.29,108,16015,17203,9773,3545,985,391731240,1
2026-05-01T13:44:02.247,A1,1,7009,-59.0,-77.5,-18.5,113.79,152,18355,17296,12978,22074,1015,447811976,1
2026-05-01T13:44:02.367,A1,1,7010,-59.1,-76.0,-16.9,163.61,108,16494,17670,13768,19025,947,448367442,1
2026-05-01T13:44:02.457,A1,1,7011,-58.9,-76.1,-17.2,154.79,112,16772,17337,13830,19385,949,445692731,1
2026-05-01T13:44:02.576,A1,1,7012,-58.9,-76.5,-17.6,123.31,144,16562,17757,13784,20012,966,462152480,1
2026-05-01T13:44:02.664,A1,1,7013,-58.6,-76.4,-17.8,150.7,112,17744,16878,15366,21773,997,413648819,1
2026-05-01T13:44:02.787,A1,1,7014,-58.7,-76.2,-17.5,159.59,104,15041,16597,13926,17789,904,433036671,1
2026-05-01T13:44:02.878,A1,1,7015,-58.7,-77.1,-18.4,114.45,152,17311,17396,11252,19818,955,395630835,1
2026-05-01T13:44:02.995,A1,1,7016,-58.6,-77.5,-18.9,157.67,108,17529,17028,9881,19509,944,453148068,1
2026-05-01T13:44:03.085,A1,1,7017,-59.0,-77.6,-18.5,153.52,104,16844,15966,11350,18300,927,397021028,1
2026-05-01T13:44:03.268,A1,1,7018,-59.2,-76.4,-17.3,147.31,108,16928,15910,15491,19618,964,418529834,1
2026-05-01T13:44:03.356,A1,1,7019,-58.7,-78.4,-19.7,117.17,156,18837,18279,11714,24569,1062,750047931,1
2026-05-01T13:44:03.447,A1,1,7020,-58.9,-78.0,-19.1,117.56,140,16670,16458,10164,18592,930,620274911,1
2026-05-01T13:44:03.507,A1,1,7021,-59.0,-80.7,-21.7,128.52,112,17854,14394,7860,20059,968,396332745,1
2026-05-01T13:44:03.625,A1,1,7022,-58.7,-78.5,-19.8,110.04,156,18447,17167,11466,22884,1025,762713534,1
2026-05-01T13:44:03.715,A1,1,7023,-58.3,-75.8,-17.5,154.03,108,15447,16635,17004,20562,958,396420438,1
2026-05-01T13:44:03.835,A1,1,7024,-58.5,-77.2,-18.6,173.25,96,16068,16632,11272,18296,911,722723328,1
2026-05-01T13:44:03.986,A1,1,7025,-58.4,-76.8,-18.3,152.37,108,17793,16456,13637,20945,971,718176386,1
2026-05-01T13:44:04.075,A1,1,7026,-58.7,-75.8,-17.1,166.07,108,16784,17936,16024,21448,992,452884956,1
2026-05-01T13:44:04.165,A1,1,7027,-58.6,-75.9,-17.3,130.52,132,15751,17228,14382,18906,928,443661421,1
2026-05-01T13:44:04.285,A1,1,7028,-59.0,-77.3,-18.3,149.02,116,14480,17286,13194,18430,928,482629965,1
2026-05-01T13:44:04.377,A1,1,7029,-58.9,-76.1,-17.2,126.81,140,16630,17753,16043,21224,993,417949026,1
2026-05-01T13:44:04.500,A1,1,7030,-59.1,-79.0,-19.9,99.78,152,17833,15167,10495,19896,967,441429449,1
2026-05-01T13:44:04.585,A1,1,7031,-58.8,-76.2,-17.4,130.85,136,17090,17796,13300,19988,961,636042581,1
2026-05-01T13:44:04.705,A1,1,7032,-58.5,-76.8,-18.3,121.43,136,16041,16514,12753,18702,920,396413572,1
2026-05-01T13:44:04.797,A1,1,7033,-58.2,-75.9,-17.6,129.53,132,16686,17098,13165,19202,924,473253812,1
2026-05-01T13:44:04.917,A1,1,7034,-58.6,-75.8,-17.2,138.69,124,16186,17198,13730,18658,921,434415259,1
2026-05-01T13:44:05.037,A1,1,7035,-58.9,-76.8,-17.8,98.47,168,17084,16543,17574,22886,1032,412580528,1
2026-05-01T13:44:05.155,A1,1,7036,-58.9,-76.1,-17.1,117.61,152,15316,17877,15954,20134,969,432962321,1
2026-05-01T13:44:05.245,A1,1,7037,-58.8,-79.1,-20.4,148.86,100,17205,14886,8499,18368,920,507005059,1
2026-05-01T13:44:05.367,A1,1,7038,-59.0,-78.7,-19.6,100.74,152,17249,15312,9980,18685,937,430527324,1
2026-05-01T13:44:05.487,A1,1,7039,-58.9,-76.2,-17.3,114.69,156,17259,17891,13417,20150,967,429867070,1
2026-05-01T13:44:05.605,A1,1,7040,-58.9,-77.7,-18.8,171.14,96,16861,16429,9154,17830,910,388619889,1
2026-05-01T13:44:05.725,A1,1,7041,-58.8,-76.1,-17.3,121.11,148,17413,17925,13373,20275,967,413705607,1
2026-05-01T13:44:05.816,A1,1,7042,-58.6,-76.7,-18.1,173.22,96,16353,16629,12070,18334,915,494583022,1
2026-05-01T13:44:05.905,A1,1,7043,-58.5,-76.7,-18.2,164.58,100,16053,16458,12189,18122,907,391155383,1
2026-05-01T13:44:06.026,A1,1,7044,-58.8,-77.0,-18.2,123.44,140,17330,17282,11031,19270,944,765687003,1
2026-05-01T13:44:06.117,A1,1,7045,-58.6,-75.6,-16.9,168.55,100,14695,16855,15450,18164,911,446785564,1
2026-05-01T13:44:06.235,A1,1,7046,-59.2,-76.1,-16.9,163.69,100,13621,16369,15492,17050,900,679186735,1
2026-05-01T13:44:06.325,A1,1,7047,-59.0,-75.6,-16.6,165.42,104,16590,17204,13507,18119,920,720271448,1
2026-05-01T13:44:06.446,A1,1,7048,-58.7,-77.1,-18.4,163.26,104,17246,16979,10393,18831,931,437252055,1
2026-05-01T13:44:06.537,A1,1,7049,-58.7,-75.8,-17.1,147.85,112,15512,16559,14100,17752,903,396926496,1
2026-05-01T13:44:06.657,A1,1,7050,-58.6,-79.6,-20.9,145.19,100,17475,14519,8064,18802,927,444020729,1
2026-05-01T13:44:06.775,A1,1,7051,-59.1,-78.4,-19.3,119.14,148,15455,17632,11454,19711,964,413573060,1
2026-05-01T13:44:06.894,A1,1,7052,-58.7,-76.2,-17.5,128.21,136,16798,17436,13094,19325,942,499407106,1
2026-05-01T13:44:06.985,A1,1,7053,-59.0,-76.8,-17.8,112.84,144,17097,16249,16870,22003,1015,408037542,1
2026-05-01T13:44:07.106,A1,1,7054,-58.5,-75.5,-17.0,155.52,112,16367,17418,16880,21190,978,395407633,1
2026-05-01T13:44:07.285,A1,1,7055,-58.8,-75.9,-17.1,164.92,100,15526,16492,14072,17667,903,439184992,1
2026-05-01T13:44:07.348,A1,1,7056,-59.2,-76.5,-17.3,109.18,168,16543,18342,15372,21381,1006,411089642,1
2026-05-01T13:44:07.436,A1,1,7057,-76.8,-76.5,0.3,158.36,104,16220,16469,12316,5121,905,410975142,1
2026-05-01T13:44:07.527,A1,1,7058,-58.9,-79.2,-20.2,127.93,136,16349,17399,9885,20629,980,393917338,1
2026-05-01T13:44:07.615,A1,1,7059,-58.7,-75.8,-17.2,126.59,140,16609,17723,14107,19705,950,457860137,1
2026-05-01T13:44:07.735,A1,1,7060,-59.2,-76.6,-17.4,122.21,136,16489,16621,15575,20128,977,398141715,1
2026-05-01T13:44:07.825,A1,1,7061,-58.8,-76.1,-17.3,130.87,128,14160,16751,15504,18237,918,395551784,1
2026-05-01T13:44:07.946,A1,1,7062,-59.4,-76.6,-17.2,141.51,112,17141,15849,16106,20132,983,754661595,1
2026-05-01T13:44:08.065,A1,1,7063,-58.8,-75.8,-17.0,145.6,120,16881,17472,13049,18838,932,454745275,1
2026-05-01T13:44:08.155,A1,1,7064,-58.6,-76.1,-17.5,128.97,128,15437,16508,14186,18178,910,395937808,1
2026-05-01T13:44:08.276,A1,1,7065,-58.6,-75.6,-16.9,124.48,140,16098,17427,16731,20689,972,459757459,1
2026-05-01T13:44:08.366,A1,1,7066,-59.4,-76.7,-17.3,109.63,156,16603,17102,16291,20956,1005,430275870,1
2026-05-01T13:44:08.485,A1,1,7067,-58.6,-76.2,-17.6,114.95,148,16376,17013,13084,18747,923,394862909,1
2026-05-01T13:44:08.605,A1,1,7068,-59.5,-77.6,-18.0,123.98,132,16519,16365,11756,18016,936,504649582,1
2026-05-01T13:44:08.754,A1,1,7069,-59.0,-76.1,-17.0,164.07,104,12474,17063,16437,17758,912,392697509,1
2026-05-01T13:44:08.844,A1,1,7070,-58.8,-78.4,-19.6,114.96,148,16302,17014,10272,19549,950,447204886,1
2026-05-01T13:44:08.965,A1,1,7071,-59.3,-80.4,-21.1,92.88,168,18378,15603,8403,21420,1011,453431999,1
2026-05-01T13:44:09.085,A1,1,7072,-59.2,-76.8,-17.6,118.73,144,16783,17097,12582,18854,945,425404459,1
2026-05-01T13:44:09.174,A1,1,7073,-58.8,-75.7,-17.0,138.79,132,16763,18320,16192,21644,999,495563153,1
2026-05-01T13:44:09.296,A1,1,7074,-59.2,-76.9,-17.8,106.35,152,17300,16165,16169,21376,1006,479887515,1
2026-05-01T13:44:09.417,A1,1,7075,-59.1,-76.4,-17.3,159.77,108,16340,17255,16111,20715,989,497315096,1
2026-05-01T13:44:09.567,A1,1,7076,-59.0,-76.5,-17.5,145.28,112,15873,16271,17593,21169,995,731513702,1
2026-05-01T13:44:09.657,A1,1,7077,-58.6,-75.9,-17.3,120.59,144,16897,17365,13377,19286,938,395551750,1
2026-05-01T13:44:09.776,A1,1,7078,-59.3,-76.5,-17.2,124.27,144,16374,17895,14150,19754,972,437336052,1
2026-05-01T13:44:09.865,A1,1,7079,-58.7,-75.8,-17.1,111.17,168,18407,18676,16707,24018,1050,413264310,1
2026-05-01T13:44:09.985,A1,1,7080,-59.1,-76.1,-17.0,119.87,148,15250,17741,15439,19357,955,438506998,1
2026-05-01T13:44:10.075,A1,1,7081,-59.1,-76.5,-17.4,154.77,108,13572,16715,15633,18021,922,396105338,1
2026-05-01T13:44:10.194,A1,1,7082,-58.9,-77.6,-18.7,125.57,132,15967,16575,11362,18281,923,480588993,1
2026-05-01T13:44:10.317,A1,1,7083,-58.8,-76.7,-17.9,113.0,148,16137,16724,12761,18453,924,491802355,1
2026-05-01T13:44:10.436,A1,1,7084,-59.1,-76.0,-16.9,160.79,108,16460,17365,15805,20139,975,432752600,1
2026-05-01T13:44:10.556,A1,1,7085,-59.2,-76.7,-17.4,132.3,132,14579,17463,14806,18725,944,600138955,1
2026-05-01T13:44:10.707,A1,1,7086,-58.9,-76.3,-17.4,162.17,104,16457,16866,16040,20555,978,472766535,1
2026-05-01T13:44:10.797,A1,1,7087,-58.9,-78.9,-20.0,128.71,136,15789,17504,10570,20276,972,718522151,1
2026-05-01T13:44:10.885,A1,1,7088,-59.0,-76.6,-17.6,125.68,136,12484,17092,16322,18324,927,463042253,1
2026-05-01T13:44:10.975,A1,1,7089,-58.8,-78.7,-19.9,125.24,136,16127,17033,10122,19695,953,588770477,1
2026-05-01T13:44:11.095,A1,1,7090,-58.9,-76.1,-17.2,155.02,112,13604,17362,16208,18758,935,459867000,1
2026-05-01T13:44:11.215,A1,1,7091,-58.8,-76.2,-17.4,120.16,144,16772,17303,13072,19110,940,420058659,1
2026-05-01T13:44:11.305,A1,1,7092,-59.1,-78.2,-19.2,120.13,132,16706,15857,9948,18048,922,403091993,1
2026-05-01T13:44:11.428,A1,1,7093,-58.7,-77.6,-19.0,130.37,128,17303,16687,9995,19148,937,428417934,1
2026-05-01T13:44:11.546,A1,1,7094,-58.8,-76.5,-17.7,116.03,140,17489,16244,15160,20657,978,460180148,1
2026-05-01T13:44:11.634,A1,1,7095,-58.9,-76.4,-17.5,107.57,148,17167,15920,16408,20876,986,479096933,1
2026-05-01T13:44:11.727,A1,1,7096,-59.0,-76.1,-17.1,172.88,104,17140,17979,13920,20185,972,713705481,1
2026-05-01T13:44:11.847,A1,1,7097,-58.6,-76.1,-17.5,119.54,144,16604,17214,13344,19198,936,458557006,1
2026-05-01T13:44:11.937,A1,1,7098,-59.0,-76.5,-17.5,113.47,148,12887,16794,16137,18137,921,412694059,1
2026-05-01T13:44:12.025,A1,1,7099,-58.7,-75.8,-17.1,163.55,104,15094,17009,14597,18144,912,395451183,1
2026-05-01T13:44:12.115,A1,1,7100,-58.8,-77.5,-18.7,156.94,108,17170,16949,10242,19090,940,397054622,1
2026-05-01T13:44:12.265,A1,1,7101,-58.9,-75.9,-17.0,175.34,100,15855,17534,14309,18815,935,444318641,1
2026-05-01T13:44:12.357,A1,1,7102,-58.8,-79.0,-20.3,123.87,148,17914,18333,10610,23795,1047,460135108,1
2026-05-01T13:44:12.475,A1,1,7103,-58.9,-76.7,-17.8,102.49,160,17489,16399,16112,21797,1006,422187712,1
2026-05-01T13:44:12.654,A1,1,7104,-58.8,-76.0,-17.2,163.15,104,14394,16968,15048,18039,912,433852016,1
2026-05-01T13:44:12.715,A1,1,7105,-59.2,-79.3,-20.1,134.19,132,15871,17713,10382,20620,989,485955740,1
2026-05-01T13:44:12.804,A1,1,7106,-58.9,-76.6,-17.7,159.27,108,14199,17201,14319,18164,919,444232471,1
2026-05-01T13:44:12.957,A1,1,7107,-58.8,-76.1,-17.3,123.42,140,14975,17279,14765,18624,928,498339000,1
2026-05-01T13:44:13.017,A1,1,7108,-59.0,-76.7,-17.7,129.05,132,16687,17035,13752,19670,959,439077040,1
2026-05-01T13:44:13.136,A1,1,7109,-58.9,-76.1,-17.2,172.0,100,13837,17200,15594,18319,923,462728619,1
2026-05-01T13:44:13.225,A1,1,7110,-58.9,-76.5,-17.6,125.09,132,15153,16512,14153,18022,917,459879648,1
2026-05-01T13:44:13.347,A1,1,7111,-58.9,-77.5,-18.6,127.3,132,15625,16803,11712,18341,923,481156818,1
2026-05-01T13:44:13.495,A1,1,7112,-59.1,-77.1,-18.0,159.58,100,16692,15958,11839,17798,917,453718458,1
2026-05-01T13:44:13.586,A1,1,7113,-59.0,-77.7,-18.8,164.92,104,15365,17152,11640,18566,931,411461384,1
2026-05-01T13:44:13.676,A1,1,7114,-59.0,-77.3,-18.3,107.66,172,18639,18517,13922,23899,1058,736302280,1
2026-05-01T13:44:13.795,A1,1,7115,-58.8,-75.8,-17.0,112.84,156,15858,17603,16688,20784,980,449051604,1
2026-05-01T13:44:13.915,A1,1,7116,-58.7,-75.9,-17.2,156.1,120,18410,18732,15878,23579,1039,429369254,1
2026-05-01T13:44:14.038,A1,1,7117,-58.7,-75.7,-16.9,126.6,144,16966,18231,16708,22122,1009,406480980,1
2026-05-01T13:44:14.156,A1,1,7118,-58.6,-78.5,-19.8,123.01,152,18988,18697,12028,25684,1082,458863236,1
2026-05-01T13:44:14.245,A1,1,7119,-58.4,-75.7,-17.3,171.95,100,16596,17195,12896,18584,913,405576426,1
2026-05-01T13:44:14.366,A1,1,7120,-59.0,-78.2,-19.2,100.23,152,17385,15235,11481,19108,947,459084489,1
2026-05-01T13:44:14.487,A1,1,7121,-58.8,-75.7,-17.0,157.62,112,14510,17654,16262,19385,945,498700438,1
2026-05-01T13:44:14.634,A1,1,7122,-59.0,-76.2,-17.2,150.7,112,13366,16878,15483,17598,907,724440795,1
2026-05-01T13:44:14.695,A1,1,7123,-58.9,-78.3,-19.4,157.31,100,16589,15731,9023,17652,906,463969106,1
2026-05-01T13:44:14.785,A1,1,7124,-58.6,-76.7,-18.1,116.36,144,16223,16756,12693,18739,924,460772579,1
2026-05-01T13:44:14.905,A1,1,7125,-58.8,-76.1,-17.4,157.63,104,14970,16394,14238,17617,901,435061403,1
2026-05-01T13:44:15.025,A1,1,7126,-59.2,-76.5,-17.3,120.53,136,16952,16392,15729,20289,980,433315723,1
2026-05-01T13:44:15.145,A1,1,7127,-58.9,-76.2,-17.3,163.75,108,17093,17685,12881,19400,949,463842172,1
2026-05-01T13:44:15.265,A1,1,7128,-58.9,-76.4,-17.5,118.14,140,17501,16540,15860,21229,993,395358359,1
2026-05-01T13:44:15.387,A1,1,7129,-58.9,-79.1,-20.2,141.53,104,17393,14719,8879,18469,927,404698607,1
2026-05-01T13:44:15.477,A1,1,7130,-58.6,-76.2,-17.6,152.43,112,17910,17072,15116,21679,993,475734889,1
2026-05-01T13:44:15.596,A1,1,7131,-58.9,-75.6,-16.7,158.29,112,16098,17728,16611,20521,978,461547946,1
2026-05-01T13:44:15.686,A1,1,7132,-59.0,-77.7,-18.7,148.78,124,17981,18449,12434,22759,1031,471698559,1
2026-05-01T13:44:15.835,A1,1,7133,-59.0,-76.0,-17.0,158.8,104,14269,16515,14976,17267,899,422121322,1
2026-05-01T13:44:15.926,A1,1,7134,-59.4,-76.9,-17.5,123.48,136,16496,16793,13155,18631,946,457845802,1
2026-05-01T13:44:16.047,A1,1,7135,-59.3,-77.0,-17.7,112.26,148,16645,16615,17751,22538,1037,436854946,1
2026-05-01T13:44:16.135,A1,1,7136,-58.9,-75.9,-17.0,159.93,108,13748,17272,15762,18103,918,724598900,1
2026-05-01T13:44:16.256,A1,1,7137,-58.7,-75.9,-17.2,118.91,148,16220,17599,14147,19285,942,719165285,1
2026-05-01T13:44:16.344,A1,1,7138,-58.9,-76.4,-17.4,107.3,176,18281,18885,16826,24775,1075,414202540,1
2026-05-01T13:44:16.465,A1,1,7139,-58.2,-76.1,-17.8,163.0,108,15231,17604,16653,21429,976,443674216,1
2026-05-01T13:44:16.585,A1,1,7140,-58.0,-76.0,-18.0,165.59,104,17212,17221,11927,19475,923,396376401,1
2026-05-01T13:44:16.735,A1,1,7141,-58.7,-76.0,-17.3,184.7,96,17457,17731,12550,19592,949,390217565,1
2026-05-01T13:44:16.825,A1,1,7142,-58.8,-78.0,-19.2,119.56,140,15716,16738,11445,18943,934,495392288,1
2026-05-01T13:44:16.945,A1,1,7143,-59.1,-76.2,-17.2,122.59,136,15960,16672,17516,20944,993,488035227,1
2026-05-01T13:44:17.035,A1,1,7144,-58.6,-75.5,-16.9,173.36,104,16158,18029,15442,20161,959,449843133,1
2026-05-01T13:44:17.132,A1,1,7145,-58.7,-76.0,-17.3,173.59,108,18511,18748,15853,23823,1044,716879862,1
2026-05-01T13:44:17.244,A1,1,7146,-58.5,-75.7,-17.2,160.3,108,16658,17312,13601,19047,929,394871208,1
2026-05-01T13:44:17.364,A1,1,7147,-58.9,-75.6,-16.8,167.89,104,15903,17461,14226,18494,926,493759453,1
2026-05-01T13:44:17.485,A1,1,7148,-59.1,-76.8,-17.8,118.84,156,16513,18539,18168,24631,1077,471841726,1
2026-05-01T13:44:17.575,A1,1,7149,-58.9,-77.8,-19.0,166.66,112,18688,18666,13135,24599,1068,459503851,1
2026-05-01T13:44:17.694,A1,1,7150,-58.9,-76.4,-17.5,139.26,120,16824,16711,17736,22397,1021,763169841,1
2026-05-01T13:44:17.815,A1,1,7151,-65.2,-77.5,-12.3,175.24,100,14672,17524,13491,12605,952,394169418,1
2026-05-01T13:44:17.875,A1,1,7152,-59.2,-78.0,-18.9,143.02,124,15786,17734,11746,19692,966,449402302,1
2026-05-01T13:44:17.965,A1,1,7153,-59.2,-78.1,-18.9,139.12,124,15037,17251,11569,18547,939,394959735,1
2026-05-01T13:44:18.085,A1,1,7154,-59.1,-76.2,-17.1,114.08,148,15543,16884,17259,20563,984,403769260,1
2026-05-01T13:44:18.205,A1,1,7155,-59.2,-78.1,-18.9,166.89,104,15053,17357,12130,18956,950,415888875,1
2026-05-01T13:44:18.324,A1,1,7156,-58.6,-76.4,-17.8,178.74,100,17406,17874,13316,20891,976,461378506,1
2026-05-01T13:44:18.416,A1,1,7157,-58.7,-76.2,-17.6,172.02,104,17304,17890,13053,20261,963,455221702,1
2026-05-01T13:44:18.505,A1,1,7158,-56.8,-77.6,-20.8,172.54,104,16076,17944,12243,23474,971,716971225,1
2026-05-01T13:44:18.625,A1,1,7159,-59.0,-76.8,-17.8,121.26,136,16729,16492,16053,21103,993,478577548,1
2026-05-01T13:44:18.775,A1,1,7160,-58.5,-78.1,-19.6,173.3,96,16170,16637,10397,19148,930,429084193,1
2026-05-01T13:44:18.865,A1,1,7161,-59.0,-78.3,-19.4,170.01,108,17633,18361,11764,22909,1034,718337651,1
2026-05-01T13:44:18.955,A1,1,7162,-59.0,-76.2,-17.2,157.22,108,13368,16980,15704,17916,916,463888282,1
2026-05-01T13:44:19.084,A1,1,7163,-59.1,-79.4,-20.3,127.12,136,16216,17289,9540,20193,977,419818912,1
2026-05-01T13:44:19.225,A1,1,7164,-58.6,-76.3,-17.7,168.74,104,17033,17549,13935,20555,966,458418839,1
2026-05-01T13:44:19.285,A1,1,7165,-59.2,-78.5,-19.3,159.52,112,16130,17866,11528,20586,989,573725291,1
2026-05-01T13:44:19.407,A1,1,7166,-58.8,-78.4,-19.6,149.65,104,16693,15564,9807,18215,917,394439473,1
2026-05-01T13:44:19.496,A1,1,7167,-58.9,-76.7,-17.8,174.66,100,14630,17466,14706,19207,946,457312480,1
2026-05-01T13:44:19.587,A1,1,7168,-58.5,-76.0,-17.4,170.84,100,16351,17084,13137,18633,919,412298757,1
2026-05-01T13:44:19.705,A1,1,7169,-58.8,-76.3,-17.6,174.19,104,16858,18116,14463,21078,985,477525119,1
2026-05-01T13:44:19.855,A1,1,7170,-58.7,-76.9,-18.2,165.38,100,14961,16538,13423,18114,913,737178378,1
2026-05-01T13:44:19.945,A1,1,7171,-59.0,-77.7,-18.7,141.08,124,15496,17494,12168,19252,949,450721346,1
2026-05-01T13:44:20.036,A1,1,7172,-58.9,-77.1,-18.2,155.87,108,16778,16834,13035,19741,958,457212752,1
2026-05-01T13:44:20.155,A1,1,7173,-58.2,-76.6,-18.4,162.95,104,16463,16947,11983,19022,919,435872875,1
2026-05-01T13:44:20.244,A1,1,7174,-58.5,-77.3,-18.8,158.3,104,15814,16463,11884,18554,916,593672365,1
2026-05-01T13:44:20.335,A1,1,7175,-58.7,-79.5,-20.8,120.78,124,17036,14977,8421,18755,928,585684074,1
2026-05-01T13:44:20.456,A1,1,7176,-59.0,-76.8,-17.8,130.94,136,16078,17808,14126,20249,973,441126570,1
2026-05-01T13:44:20.545,A1,1,7177,-58.8,-77.0,-18.2,158.18,108,14555,17083,13952,18711,930,659744860,1
2026-05-01T13:44:20.634,A1,1,7178,-59.1,-78.5,-19.4,119.28,152,17474,18130,11279,22127,1021,459089913,1
2026-05-01T13:44:20.755,A1,1,7179,-58.3,-77.8,-19.4,126.77,132,16605,16734,10864,19701,938,388129508,1
2026-05-01T13:44:20.847,A1,1,7180,-58.3,-78.3,-19.9,130.77,132,17796,17262,9433,21277,976,394033824,1
2026-05-01T13:44:20.965,A1,1,7181,-58.5,-75.8,-17.2,167.28,108,17080,18066,15063,21215,981,477336034,1
2026-05-01T13:44:21.086,A1,1,7182,-58.9,-76.6,-17.7,127.14,132,15380,16783,13730,18370,923,433465628,1
2026-05-01T13:44:21.175,A1,1,7183,-59.0,-76.6,-17.6,117.27,140,17449,16418,15150,20668,983,442113796,1
2026-05-01T13:44:21.294,A1,1,7184,-58.9,-79.3,-20.4,130.73,128,16472,16734,9190,19844,960,415595752,1
2026-05-01T13:44:21.446,A1,1,7185,-59.5,-79.3,-19.8,118.98,148,16041,17609,10193,20157,987,436863235,1
2026-05-01T13:44:21.505,A1,1,7186,-58.7,-76.9,-18.3,129.49,128,15472,16575,13245,18588,922,466864920,1
2026-05-01T13:44:21.655,A1,1,7187,-59.0,-78.4,-19.3,134.16,128,15208,17173,11504,19106,947,683947439,1
2026-05-01T13:44:21.745,A1,1,7188,-58.3,-77.8,-19.5,154.82,108,16803,16721,10297,19545,934,707379488,1
2026-05-01T13:44:21.837,A1,1,7189,-59.0,-76.2,-17.2,153.98,104,17038,16014,16404,20436,979,396030445,1
2026-05-01T13:44:21.955,A1,1,7190,-58.7,-76.3,-17.6,123.7,148,17357,18308,15215,22315,1011,435406092,1
2026-05-01T13:44:22.045,A1,1,7191,-58.8,-76.1,-17.3,177.46,96,15369,17036,13951,18141,916,400664300,1
2026-05-01T13:44:22.166,A1,1,7192,-58.7,-76.2,-17.5,171.05,104,16264,17789,14338,20120,961,518268676,1
2026-05-01T13:44:22.285,A1,1,7193,-58.6,-76.5,-17.9,129.7,132,16351,17121,12722,18987,930,476331337,1
2026-05-01T13:44:22.405,A1,1,7194,-58.6,-76.4,-17.8,165.11,104,16271,17171,13233,19150,934,483914493,1
2026-05-01T13:44:22.555,A1,1,7195,-58.9,-77.3,-18.4,143.12,108,16925,15457,14130,19730,959,426789555,1
2026-05-01T13:44:22.618,A1,1,7196,-58.3,-77.8,-19.5,165.47,104,17592,17209,10209,20859,964,407682541,1
2026-05-01T13:44:22.735,A1,1,7197,-58.8,-76.8,-18.0,160.08,104,16782,16648,13121,19284,944,444338563,1
2026-05-01T13:44:22.826,A1,1,7198,-58.6,-76.3,-17.6,176.02,100,17005,17602,12969,19807,951,394483675,1
2026-05-01T13:44:22.952,A1,1,7199,-58.8,-75.7,-16.9,177.62,96,15824,17052,13965,18042,914,395855904,1
2026-05-01T13:44:23.066,A1,1,7200,-58.8,-76.8,-18.0,163.5,100,16591,16350,12356,18396,922,402688365,1
2026-05-01T13:44:23.214,A1,1,7201,-57.2,-75.1,-18.0,134.56,136,17700,18300,16448,24253,1000,496281118,1
2026-05-01T13:44:23.304,A1,1,7202,-58.7,-78.6,-19.9,166.54,100,16371,16654,9756,19308,941,415245548,1
2026-05-01T13:44:23.395,A1,1,7203,-58.9,-78.1,-19.2,156.08,100,16817,15608,11100,18669,932,701237284,1
2026-05-01T13:44:23.575,A1,1,7204,-59.1,-76.4,-17.4,112.34,144,17236,16177,15937,20588,984,392055961,1
2026-05-01T13:44:23.605,A1,1,7205,-58.5,-76.9,-18.4,163.28,104,16574,16981,11793,19107,929,773632746,1
2026-05-01T13:44:23.725,A1,1,7206,-59.0,-78.5,-19.5,112.83,132,17332,14894,11780,19344,952,435511116,1
2026-05-01T13:44:23.845,A1,1,7207,-59.2,-76.8,-17.6,133.85,136,17173,18204,13808,21043,999,419711997,1
2026-05-01T13:44:23.936,A1,1,7208,-58.8,-76.6,-17.8,152.83,104,17393,15894,14834,20220,966,451510724,1
2026-05-01T13:44:24.056,A1,1,7209,-59.0,-76.3,-17.3,174.53,100,15342,17453,14639,19042,943,413211425,1
2026-05-01T13:44:24.175,A1,1,7210,-58.6,-76.2,-17.7,171.74,104,16983,17861,13532,20438,964,394707418,1
2026-05-01T13:44:24.295,A1,1,7211,-58.6,-78.3,-19.7,132.85,124,16475,16473,9951,19126,934,413424087,1
2026-05-01T13:44:24.386,A1,1,7212,-58.6,-75.8,-17.2,157.04,116,17878,18217,16615,23206,1027,391440978,1
2026-05-01T13:44:24.536,A1,1,7213,-58.2,-78.0,-19.8,164.79,104,17744,17138,9438,20906,962,716668520,1
2026-05-01T13:44:24.655,A1,1,7214,-58.7,-76.4,-17.7,140.62,112,17270,15750,14758,19828,954,457223156,1
2026-05-01T13:44:24.685,A1,1,7215,-58.7,-76.4,-17.7,148.82,116,14846,17263,14265,18688,925,476142999,1
2026-05-01T13:44:24.806,A1,1,7216,-59.0,-76.8,-17.9,111.06,140,17199,15548,15116,20085,969,459392470,1
2026-05-01T13:44:24.896,A1,1,7217,-58.6,-76.0,-17.4,181.12,96,15801,17388,14025,18997,929,473367470,1
2026-05-01T13:44:25.016,A1,1,7218,-58.9,-76.5,-17.7,129.15,136,16692,17564,13113,19621,954,732686478,1
2026-05-01T13:44:25.135,A1,1,7219,-58.6,-76.5,-18.0,176.56,96,16225,16950,12603,18705,922,387041025,1
2026-05-01T13:44:25.255,A1,1,7220,-59.0,-76.7,-17.6,158.36,100,16563,15836,14233,18768,939,485801916,1
2026-05-01T13:44:25.377,A1,1,7221,-58.9,-77.7,-18.8,177.65,96,14604,17054,12365,18421,925,484031630,1
2026-05-01T13:44:25.468,A1,1,7222,-58.9,-77.0,-18.1,168.99,104,15659,17575,13483,19577,955,762470486,1
2026-05-01T13:44:25.587,A1,1,7223,-58.6,-75.8,-17.2,174.99,100,15224,17499,15180,19257,935,456915813,1
2026-05-01T13:44:25.705,A1,1,7224,-58.5,-78.0,-19.4,158.52,104,16462,16486,10310,18952,927,413165273,1
2026-05-01T13:44:25.795,A1,1,7225,-58.4,-79.3,-20.8,123.15,136,16682,16748,9232,20708,966,459497040,1
2026-05-01T13:44:25.915,A1,1,7226,-58.9,-77.6,-18.7,151.06,100,16948,15106,12743,18757,934,478849731,1
2026-05-01T13:44:26.006,A1,1,7227,-58.9,-76.4,-17.5,117.91,148,17890,17450,15292,21965,1011,504087274,1
2026-05-01T13:44:26.126,A1,1,7228,-58.7,-78.8,-20.1,159.57,104,16660,16595,9345,19627,949,482820545,1
2026-05-01T13:44:26.244,A1,1,7229,-58.7,-77.9,-19.3,133.15,124,15864,16510,10888,18567,922,395937973,1
2026-05-01T13:44:26.366,A1,1,7230,-58.8,-77.3,-18.5,149.32,112,14937,16724,12465,17985,911,486040904,1
2026-05-01T13:44:26.487,A1,1,7231,-59.0,-76.0,-17.0,181.06,96,14678,17382,15937,19067,944,433935795,1
2026-05-01T13:44:26.605,A1,1,7232,-59.1,-76.7,-17.6,179.33,100,16428,17933,13997,20269,977,411315400,1
2026-05-01T13:44:26.694,A1,1,7233,-58.3,-77.9,-19.6,151.11,112,17112,16924,10496,20344,954,457515473,1
2026-05-01T13:44:26.815,A1,1,7234,-59.2,-79.1,-19.9,128.65,136,15365,17497,10769,19814,971,504509936,1
2026-05-01T13:44:26.906,A1,1,7235,-58.6,-77.2,-18.6,150.07,100,16937,15007,13238,18926,929,395339518,1
2026-05-01T13:44:27.059,A1,1,7236,-58.8,-77.1,-18.3,175.47,96,17889,16845,12959,20860,980,420997883,1
2026-05-01T13:44:27.145,A1,1,7237,-58.8,-76.6,-17.8,130.68,136,17324,17772,13763,21076,986,742659731,1
2026-05-01T13:44:27.236,A1,1,7238,-58.7,-76.3,-17.6,130.91,140,16760,18327,15849,22314,1011,761914742,1
2026-05-01T13:44:27.355,A1,1,7239,-58.4,-77.7,-19.3,149.88,112,16930,16786,10153,19418,935,392130919,1
2026-05-01T13:44:27.447,A1,1,7240,-58.6,-78.8,-20.2,115.85,160,18843,18536,11208,25389,1076,388211399,1
2026-05-01T13:44:27.567,A1,1,7241,-58.7,-75.8,-17.2,167.94,104,15118,17466,15465,19282,940,456251870,1
2026-05-01T13:44:27.655,A1,1,7242,-58.5,-75.8,-17.3,137.48,128,15774,17597,16761,21165,979,435203302,1
2026-05-01T13:44:27.745,A1,1,7243,-58.6,-76.1,-17.5,146.06,124,16724,18112,15654,21788,995,456079667,1
2026-05-01T13:44:27.834,A1,1,7244,-58.9,-77.0,-18.0,143.13,116,14811,16603,13186,17708,909,717162263,1
2026-05-01T13:44:27.956,A1,1,7245,-58.7,-76.2,-17.5,154.2,108,16266,16654,17090,21271,989,458827556,1
2026-05-01T13:44:28.077,A1,1,7246,-59.0,-76.3,-17.3,122.6,148,16982,18145,15006,21283,998,470432862,1
2026-05-01T13:44:28.165,A1,1,7247,-58.7,-77.2,-18.5,126.2,148,18624,18678,13819,24238,1055,457846735,1
2026-05-01T13:44:28.317,A1,1,7248,-58.8,-76.3,-17.5,167.51,108,16782,18091,14698,21151,988,428964581,1
2026-05-01T13:44:28.405,A1,1,7249,-58.5,-77.8,-19.3,172.17,96,15813,16528,11201,18777,923,754128000,1
2026-05-01T13:44:28.495,A1,1,7250,-59.1,-77.0,-17.9,133.76,132,15763,17656,13472,19552,960,454590988,1
2026-05-01T13:44:28.586,A1,1,7251,-58.7,-77.1,-18.4,163.48,104,14852,17002,13486,18781,929,395100751,1
2026-05-01T13:44:28.705,A1,1,7252,-58.7,-78.2,-19.6,165.31,100,16218,16531,10292,18910,930,423862769,1
2026-05-01T13:44:28.795,A1,1,7253,-59.3,-76.5,-17.2,171.76,96,14298,16489,14802,17432,912,562409639,1
2026-05-01T13:44:28.917,A1,1,7254,-58.8,-79.0,-20.2,128.94,128,16725,16504,9206,19624,952,470632993,1
2026-05-01T13:44:29.006,A1,1,7255,-58.8,-76.2,-17.4,122.04,144,17205,17574,14931,20937,985,410798993,1
2026-05-01T13:44:29.156,A1,1,7256,-58.9,-76.1,-17.2,126.28,144,17165,18184,15084,21304,996,481393608,1
2026-05-01T13:44:29.244,A1,1,7257,-59.0,-76.9,-17.8,159.69,108,17249,17247,12235,19482,956,437144358,1
2026-05-01T13:44:29.365,A1,1,7258,-58.9,-78.2,-19.3,118.31,144,18255,17036,11278,21716,1005,734190214,1
2026-05-01T13:44:29.486,A1,1,7259,-59.6,-76.3,-16.7,182.09,92,13041,16752,15882,17016,910,714575857,1
2026-05-01T13:44:29.605,A1,1,7260,-59.2,-76.7,-17.5,116.74,136,17085,15876,16038,20460,986,627258194,1
2026-05-01T13:44:29.696,A1,1,7261,-58.9,-77.2,-18.3,147.66,108,16619,15947,13309,19120,942,451338508,1
2026-05-01T13:44:29.785,A1,1,7262,-58.7,-78.5,-19.8,121.55,136,16227,16531,10544,19467,944,386931891,1
2026-05-01T13:44:29.875,A1,1,7263,-71.9,-75.6,-3.7,160.53,112,17982,17979,16452,9022,1016,393770496,1
2026-05-01T13:44:29.995,A1,1,7264,-58.7,-76.0,-17.3,171.61,100,16953,17161,14022,19635,949,477631241,1
2026-05-01T13:44:30.117,A1,1,7265,-59.3,-76.5,-17.2,112.93,140,16114,15810,17515,20449,988,736203158,1
2026-05-01T13:44:30.236,A1,1,7266,-59.0,-75.9,-16.9,177.56,96,13714,17046,16005,17978,919,457405687,1
2026-05-01T13:44:30.324,A1,1,7267,-59.1,-76.2,-17.0,170.32,100,15292,17032,14138,17888,920,456381240,1
2026-05-01T13:44:30.446,A1,1,7268,-59.1,-76.1,-17.0,142.39,124,16961,17656,16582,21569,1009,429635626,1
2026-05-01T13:44:30.538,A1,1,7269,-58.9,-76.6,-17.7,172.62,104,16661,17952,14276,20873,984,408811174,1
2026-05-01T13:44:30.656,A1,1,7270,-58.3,-75.3,-17.0,176.88,100,15580,17688,16318,20243,952,496779924,1
2026-05-01T13:44:30.744,A1,1,7271,-59.0,-76.5,-17.5,128.66,140,16768,18012,14607,20928,989,395185326,1
2026-05-01T13:44:30.865,A1,1,7272,-58.9,-77.5,-18.5,165.62,108,16430,17887,12426,20424,976,686053234,1
2026-05-01T13:44:31.015,A1,1,7273,-59.3,-76.5,-17.1,115.16,148,16627,17044,16950,21279,1010,441768817,1
2026-05-01T13:44:31.105,A1,1,7274,-58.8,-76.1,-17.4,124.55,148,17051,18433,16185,22605,1021,761832676,1
2026-05-01T13:44:31.196,A1,1,7275,-58.8,-76.0,-17.2,129.39,140,17265,18115,16216,22290,1013,457863342,1
2026-05-01T13:44:31.285,A1,1,7276,-58.9,-76.7,-17.8,125.21,136,16999,17029,13922,20159,967,396444415,1
2026-05-01T13:44:31.375,A1,1,7277,-59.0,-76.4,-17.4,118.6,144,16685,17079,16781,21615,1007,408738480,1
2026-05-01T13:44:31.495,A1,1,7278,-58.8,-76.2,-17.4,166.32,108,17331,17963,14329,21075,986,430243532,1
2026-05-01T13:44:31.615,A1,1,7279,-59.2,-77.1,-17.9,130.69,128,15026,16728,13605,18094,927,478425043,1
2026-05-01T13:44:31.736,A1,1,7280,-58.9,-76.2,-17.3,177.51,100,16682,17751,14044,19956,964,430225510,1
2026-05-01T13:44:31.855,A1,1,7281,-59.2,-77.5,-18.3,141.26,124,15580,17516,12677,19120,953,722226055,1
2026-05-01T13:44:31.975,A1,1,7282,-58.9,-75.9,-17.0,125.5,140,15218,17570,16005,19630,957,697652626,1
2026-05-01T13:44:32.066,A1,1,7283,-59.1,-76.3,-17.2,174.67,96,14475,16768,14701,17668,913,450184378,1
2026-05-01T13:44:32.187,A1,1,7284,-59.0,-77.8,-18.8,169.45,100,14786,16945,12145,18259,926,392515780,1
2026-05-01T13:44:32.306,A1,1,7285,-58.9,-77.9,-19.0,169.66,104,18286,17645,12232,22586,1025,477155457,1
2026-05-01T13:44:32.425,A1,1,7286,-59.0,-76.5,-17.6,169.91,104,15707,17671,14329,19619,957,427026997,1
2026-05-01T13:44:32.516,A1,1,7287,-58.6,-76.5,-17.9,161.91,104,15934,16839,13501,18872,927,407500746,1
2026-05-01T13:44:32.639,A1,1,7288,-59.3,-76.2,-16.9,122.1,140,13477,17094,16620,18402,938,436760854,1
2026-05-01T13:44:32.786,A1,1,7289,-58.3,-75.4,-17.1,182.57,96,16968,17527,13659,19402,932,586574243,1
2026-05-01T13:44:32.846,A1,1,7290,-58.7,-78.6,-19.9,172.75,104,17646,17966,10830,22594,1018,457192287,1
2026-05-01T13:44:32.966,A1,1,7291,-58.5,-75.6,-17.1,181.78,92,14883,16724,14805,17875,900,411213465,1
2026-05-01T13:44:33.085,A1,1,7292,-58.9,-75.4,-16.5,178.71,92,14247,16441,15630,17172,893,478022059,1
2026-05-01T13:44:33.205,A1,1,7293,-58.3,-75.6,-17.4,157.78,104,16012,16409,13216,17722,888,490569049,1
2026-05-01T13:44:33.325,A1,1,7294,-58.7,-76.9,-18.2,173.06,104,16138,17998,13019,20262,964,432821190,1
2026-05-01T13:44:33.445,A1,1,7295,-58.4,-74.0,-15.7,194.06,88,15329,17077,15729,17447,884,715570335,1
2026-05-01T13:44:33.535,A1,1,7296,-59.0,-77.0,-18.0,185.85,100,16324,18585,14382,21698,1007,497378701,1
2026-05-01T13:44:33.624,A1,1,7297,-59.2,-76.7,-17.6,178.23,96,18458,17110,15763,22674,1036,440843885,1
2026-05-01T13:44:33.745,A1,1,7298,-58.4,-76.6,-18.2,121.38,136,16893,16508,9750,17518,886,393969237,1
2026-05-01T13:44:33.866,A1,1,7299,-58.6,-77.7,-19.1,115.32,148,17548,17067,9318,19538,944,434344040,1
2026-05-01T13:44:34.015,A1,1,7300,-58.5,-75.4,-16.9,183.2,100,16002,18320,15672,20523,965,386982968,1
2026-05-01T13:44:34.076,A1,1,7301,-58.2,-76.5,-18.3,185.16,100,18703,18516,13805,23847,1029,498473984,1
2026-05-01T13:44:34.165,A1,1,7302,-58.3,-75.2,-16.9,164.76,96,17129,15817,15084,18931,920,434003619,1
2026-05-01T13:44:34.285,A1,1,7303,-58.5,-75.4,-16.9,171.64,96,15668,16477,14205,17640,894,492556832,1
2026-05-01T13:44:34.404,A1,1,7304,-58.9,-75.5,-16.6,114.89,136,17268,15625,17246,20179,969,472499805,1
2026-05-01T13:44:34.556,A1,1,7305,-58.4,-79.2,-20.9,148.89,100,17882,14889,8824,19964,946,737673078,1
2026-05-01T13:44:34.645,A1,1,7306,-58.5,-78.7,-20.1,172.29,96,16639,16540,9342,19568,942,434774138,1
2026-05-01T13:44:34.736,A1,1,7307,-58.4,-79.2,-20.7,114.55,152,15828,17412,10028,20916,971,452798995,1
2026-05-01T13:44:34.886,A1,1,7308,-58.1,-76.9,-18.8,153.71,108,16430,16601,11475,18986,914,454705913,1
2026-05-01T13:44:34.946,A1,1,7309,-58.4,-75.5,-17.1,173.77,104,17573,18072,14786,21274,976,761726186,1
2026-05-01T13:44:35.066,A1,1,7310,-58.3,-77.7,-19.5,168.03,100,18240,16803,11793,22063,991,763573386,1
2026-05-01T13:44:35.187,A1,1,7311,-58.8,-78.2,-19.4,115.86,152,17554,17611,10950,21504,997,456940481,1
2026-05-01T13:44:35.274,A1,1,7312,-58.5,-79.0,-20.5,165.57,88,16981,14570,7990,17716,895,757480816,1
2026-05-01T13:44:35.366,A1,1,7313,-58.8,-76.4,-17.6,167.53,100,17182,16753,10461,17676,902,462712121,1
2026-05-01T13:44:35.487,A1,1,7314,-58.2,-78.2,-20.0,142.43,104,17579,14813,10915,19697,934,442292862,1
2026-05-01T13:44:35.574,A1,1,7315,-58.2,-76.1,-17.9,120.09,140,16486,16812,12991,18986,918,407459012,1
2026-05-01T13:44:35.694,A1,1,7316,-58.4,-78.2,-19.8,151.52,96,17136,14546,10402,18435,910,448414859,1
2026-05-01T13:44:35.787,A1,1,7317,-58.4,-75.6,-17.2,176.27,96,15530,16922,14842,18688,916,463141026,1
2026-05-01T13:44:35.907,A1,1,7318,-58.9,-75.1,-16.2,167.77,96,16621,16106,16518,18918,938,428197349,1
2026-05-01T13:44:35.996,A1,1,7319,-58.2,-76.5,-18.3,165.43,104,17239,17205,11731,19789,936,454308680,1
2026-05-01T13:44:36.115,A1,1,7320,-58.6,-76.6,-18.0,164.16,104,14786,17073,13441,18302,912,754932944,1
2026-05-01T13:44:36.235,A1,1,7321,-58.0,-77.8,-19.8,165.42,100,17118,16542,9779,19788,931,459430365,1
2026-05-01T13:44:36.357,A1,1,7322,-58.9,-76.9,-18.1,166.3,100,17046,16630,10655,18070,916,398827506,1
2026-05-01T13:44:36.477,A1,1,7323,-58.5,-76.2,-17.7,167.24,100,15229,16724,13393,17947,900,400771554,1
2026-05-01T13:44:36.595,A1,1,7324,-58.4,-75.3,-16.9,174.12,100,17108,17412,14503,19775,944,429432603,1
2026-05-01T13:44:36.684,A1,1,7325,-58.5,-75.5,-17.0,171.31,96,16511,16446,15148,19125,930,392836791,1
2026-05-01T13:44:36.805,A1,1,7326,-58.3,-75.4,-17.1,118.25,156,17792,18447,16219,22884,1010,391541441,1
2026-05-01T13:44:36.897,A1,1,7327,-58.6,-75.6,-16.9,124.2,144,17577,17885,13905,20162,960,414899689,1
2026-05-01T13:44:37.017,A1,1,7328,-58.5,-75.5,-17.0,155.22,108,17586,16764,16956,21660,990,715498713,1
2026-05-01T13:44:37.136,A1,1,7329,-58.0,-78.2,-20.1,165.78,100,17129,16578,9561,20236,942,701375787,1
2026-05-01T13:44:37.215,A1,1,7330,-58.7,-76.5,-17.8,184.33,92,17145,16958,11391,18528,923,407294151,1
2026-05-01T13:44:37.345,A1,1,7331,-58.4,-77.1,-18.7,165.65,104,15102,17228,13072,19335,932,429681435,1
2026-05-01T13:44:37.467,A1,1,7332,-58.4,-78.2,-19.9,150.2,96,17297,14419,11040,18910,921,421993465,1
2026-05-01T13:44:37.587,A1,1,7333,-58.4,-75.4,-17.0,135.53,132,17223,17890,15737,21321,980,721419501,1
2026-05-01T13:44:37.675,A1,1,7334,-58.1,-76.8,-18.7,118.65,140,16491,16611,12075,19300,922,455807982,1
2026-05-01T13:44:37.764,A1,1,7335,-58.4,-77.1,-18.7,132.53,128,15215,16964,12677,18826,920,759729681,1
2026-05-01T13:44:37.886,A1,1,7336,-58.5,-75.7,-17.2,125.31,128,16658,16040,15569,19424,938,391495980,1
2026-05-01T13:44:37.975,A1,1,7337,-58.5,-75.7,-17.1,149.3,104,17022,15527,16067,19644,944,427397381,1
2026-05-01T13:44:38.126,A1,1,7338,-58.4,-76.5,-18.1,155.3,112,15334,17394,13421,19125,928,472959686,1
2026-05-01T13:44:38.245,A1,1,7339,-58.8,-76.3,-17.6,177.39,100,16006,17739,14293,19916,958,430295596,1
2026-05-01T13:44:38.335,A1,1,7340,-58.3,-75.3,-17.0,173.61,100,16837,17361,13706,19024,922,714173535,1
2026-05-01T13:44:38.424,A1,1,7341,-58.4,-75.8,-17.4,164.32,104,16802,17089,13355,19097,926,648477289,1
2026-05-01T13:44:38.547,A1,1,7342,-58.6,-77.9,-19.3,158.77,112,16246,17782,11897,20888,974,401073591,1
2026-05-01T13:44:38.636,A1,1,7343,-58.2,-75.2,-17.0,167.76,104,17909,17447,16554,22161,992,413121567,1
2026-05-01T13:44:38.754,A1,1,7344,-58.3,-75.7,-17.4,166.19,100,16816,16619,14205,19286,928,714163791,1
2026-05-01T13:44:38.845,A1,1,7345,-58.0,-78.2,-20.1,159.01,104,17288,16537,9566,20368,945,387502476,1
2026-05-01T13:44:38.936,A1,1,7346,-58.5,-75.4,-16.9,149.18,112,16644,16708,15181,19301,933,390903038,1
2026-05-01T13:44:39.056,A1,1,7347,-58.4,-76.3,-17.9,152.69,100,16945,15269,14830,19468,935,390892888,1
2026-05-01T13:44:39.146,A1,1,7348,-58.4,-75.7,-17.3,162.36,112,18311,18184,15135,22610,1007,458486583,1
2026-05-01T13:44:39.265,A1,1,7349,-58.6,-75.6,-16.9,155.65,100,16703,15565,15285,18567,920,719087219,1
2026-05-01T13:44:39.385,A1,1,7350,-58.5,-75.6,-17.1,166.07,100,16806,16607,12944,18084,903,509223477,1
2026-05-01T13:44:39.505,A1,1,7351,-58.5,-75.3,-16.8,117.83,144,15834,16967,14800,18420,912,406067178,1
2026-05-01T13:44:39.595,A1,1,7352,-58.5,-77.1,-18.6,114.09,152,18312,17341,12995,22138,1002,444172448,1
2026-05-01T13:44:39.715,A1,1,7353,-58.4,-77.8,-19.4,168.65,104,15673,17540,11823,20212,953,451370287,1
2026-05-01T13:44:39.836,A1,1,7354,-58.2,-75.1,-16.9,175.97,100,15761,17597,15420,19509,930,489309030,1
2026-05-01T13:44:39.925,A1,1,7355,-57.9,-78.3,-20.4,149.36,104,17858,15533,10033,20599,947,498244476,1
2026-05-01T13:44:40.015,A1,1,7356,-58.4,-77.8,-19.4,160.11,96,16515,15371,10157,17837,896,437531957,1
2026-05-01T13:44:40.167,A1,1,7357,-58.7,-75.6,-17.0,130.35,136,17353,17727,13660,19731,951,484076522,1
2026-05-01T13:44:40.254,A1,1,7358,-58.3,-75.5,-17.3,177.09,96,15671,17001,14751,18903,917,437773043,1
2026-05-01T13:44:40.375,A1,1,7359,-58.8,-78.0,-19.2,185.57,84,16389,15588,9567,17358,896,424621767,1
2026-05-01T13:44:40.465,A1,1,7360,-58.4,-77.1,-18.7,188.85,88,17340,16619,9512,18528,913,455150978,1
2026-05-01T13:44:40.586,A1,1,7361,-58.1,-77.2,-19.1,163.77,104,17322,17032,10899,20230,945,736797507,1
2026-05-01T13:44:40.676,A1,1,7362,-58.4,-77.3,-18.9,122.47,148,18700,18125,12497,23419,1027,584448393,1
2026-05-01T13:44:40.794,A1,1,7363,-58.1,-76.8,-18.8,164.78,100,16125,16478,11955,18839,909,523869245,1
2026-05-01T13:44:40.915,A1,1,7364,-58.5,-77.4,-18.9,121.24,144,18429,17458,12363,22452,1007,409276291,1
2026-05-01T13:44:41.096,A1,1,7365,-58.6,-78.8,-20.3,117.74,144,17233,16955,9436,20815,973,545125545,1
2026-05-01T13:44:41.155,A1,1,7366,-58.6,-76.2,-17.6,163.83,100,16766,16383,12883,18423,917,457496794,1
2026-05-01T13:44:41.245,A1,1,7367,-58.6,-76.1,-17.4,163.55,112,17991,18318,14327,21994,1002,703031904,1
2026-05-01T13:44:41.364,A1,1,7368,-58.3,-75.0,-16.7,172.15,104,15556,17904,16916,20521,956,386938093,1
2026-05-01T13:44:41.454,A1,1,7369,-58.4,-76.1,-17.8,160.87,104,15230,16730,13715,18225,904,411386140,1
2026-05-01T13:44:41.574,A1,1,7370,-58.3,-77.3,-19.0,150.23,100,16762,15023,11055,17774,891,495646351,1
2026-05-01T13:44:41.696,A1,1,7371,-58.6,-78.5,-19.9,162.58,104,17399,16908,9970,20798,972,419324205,1
2026-05-01T13:44:41.814,A1,1,7372,-58.4,-78.7,-20.3,137.9,104,17287,14342,10154,18790,919,413764299,1
2026-05-01T13:44:41.935,A1,1,7373,-58.8,-77.6,-18.8,159.37,100,16565,15937,9895,17493,900,715082424,1
2026-05-01T13:44:42.025,A1,1,7374,-58.7,-75.7,-17.0,136.6,124,14813,16938,15276,18297,915,394016431,1
2026-05-01T13:44:42.116,A1,1,7375,-58.5,-79.4,-20.9,150.55,96,17080,14453,8170,18396,911,452060794,1
2026-05-01T13:44:42.267,A1,1,7376,-58.3,-77.7,-19.4,157.91,108,18331,17054,11737,22325,997,391864969,1
2026-05-01T13:44:42.417,A1,1,7377,-58.9,-75.6,-16.7,157.1,100,17061,15710,17077,20009,965,738466630,1
2026-05-01T13:44:42.476,A1,1,7378,-58.5,-77.2,-18.8,171.57,104,18493,17843,12416,22694,1013,389078586,1
2026-05-01T13:44:42.565,A1,1,7379,-58.2,-76.4,-18.3,122.15,140,17103,17101,12043,19664,933,392398987,1
2026-05-01T13:44:42.716,A1,1,7380,-58.6,-78.5,-19.9,155.1,112,15333,17371,10976,19776,949,436011058,1
2026-05-01T13:44:42.776,A1,1,7381,-58.6,-77.4,-18.8,165.73,104,14966,17236,12431,18900,927,454970318,1
2026-05-01T13:44:42.864,A1,1,7382,-58.8,-75.5,-16.7,153.93,100,16924,15393,16374,19185,940,452081336,1
2026-05-01T13:44:42.985,A1,1,7383,-58.4,-75.9,-17.5,166.5,104,17111,17316,12898,19380,933,417943370,1
2026-05-01T13:44:43.105,A1,1,7384,-58.4,-75.1,-16.7,172.28,104,18191,17917,16105,21999,994,412886935,1
2026-05-01T13:44:43.225,A1,1,7385,-58.5,-78.1,-19.5,107.15,144,16750,15429,10139,18244,910,715267573,1
2026-05-01T13:44:43.314,A1,1,7386,-58.7,-76.1,-17.4,129.1,132,17162,17041,11875,18431,920,407612180,1
2026-05-01T13:44:43.465,A1,1,7387,-58.6,-76.9,-18.3,175.62,100,15782,17562,12801,19433,942,403334607,1
2026-05-01T13:44:43.555,A1,1,7388,-58.2,-76.3,-18.1,172.34,100,17360,17234,11980,19825,936,525093874,1
2026-05-01T13:44:43.705,A1,1,7389,-58.5,-75.6,-17.1,169.74,100,16796,16974,12952,18397,911,448185420,1
2026-05-01T13:44:43.795,A1,1,7390,-58.4,-77.9,-19.5,121.44,140,15849,17002,11282,19602,938,758859814,1
2026-05-01T13:44:51.955,A1,1,7391,-58.7,-79.6,-20.9,161.96,92,17902,14900,8242,19764,952,418369760,1
2026-05-01T13:44:52.045,A1,1,7392,-58.5,-77.5,-19.0,175.16,96,15747,16815,11184,18598,918,408037022,1
2026-05-01T13:44:52.165,A1,1,7393,-58.8,-75.3,-16.4,184.36,92,15841,16961,14665,17878,910,428204102,1
2026-05-01T13:44:52.284,A1,1,7394,-59.5,-77.7,-18.2,173.88,92,16695,15997,9160,16581,897,423950216,1
2026-05-01T13:44:52.404,A1,1,7395,-59.0,-75.3,-16.3,164.3,100,15193,16430,15005,17031,894,430129978,1
2026-05-01T13:44:52.494,A1,1,7396,-58.8,-75.3,-16.5,174.21,100,15250,17421,15264,18340,919,389588366,1
2026-05-01T13:44:52.616,A1,1,7397,-58.5,-76.6,-18.1,127.27,132,16518,16800,12343,18808,924,425893519,1
2026-05-01T13:44:52.736,A1,1,7398,-59.1,-77.9,-18.8,165.77,108,16894,17903,11523,20629,986,425294043,1
2026-05-01T13:44:52.885,A1,1,7399,-58.5,-76.9,-18.3,180.1,92,17633,16569,9386,18246,910,424838329,1
2026-05-01T13:44:52.974,A1,1,7400,-58.3,-74.6,-16.3,176.96,96,17518,16988,14843,19163,925,486841776,1
2026-05-01T13:44:53.095,A1,1,7401,-59.6,-78.1,-18.5,178.44,100,15996,17844,11645,19418,975,432387125,1
2026-05-01T13:44:53.186,A1,1,7402,-57.9,-76.7,-18.8,151.29,112,13556,16945,15157,19643,923,458654849,1
2026-05-01T13:44:53.306,A1,1,7403,-59.8,-79.9,-20.0,157.05,116,15560,18218,12380,22124,1048,433387537,1
2026-05-01T13:44:53.423,A1,1,7404,-59.9,-80.8,-20.9,162.05,120,15289,19446,15002,27008,1160,409923225,1
2026-05-01T13:44:53.518,A1,1,7405,-59.0,-75.9,-16.9,162.48,108,17893,17548,13709,20044,968,495082085,1
2026-05-01T13:44:53.635,A1,1,7406,-58.4,-78.2,-19.8,167.92,112,18167,18807,11658,24618,1052,411563177,1
2026-05-01T13:44:53.757,A1,1,7407,-58.6,-77.5,-18.9,116.45,132,16959,15372,9719,17347,890,430707218,1
2026-05-01T13:44:53.905,A1,1,7408,-58.5,-75.9,-17.4,160.33,108,15121,17316,13866,18284,911,752933314,1
2026-05-01T13:44:53.994,A1,1,7409,-58.5,-76.8,-18.3,167.18,100,16123,16718,11764,18292,911,711186259,1
2026-05-01T13:44:54.084,A1,1,7410,-59.0,-76.0,-17.0,169.37,100,17370,16937,10845,17452,905,460172378,1
2026-05-01T13:44:54.174,A1,1,7411,-58.2,-77.0,-18.8,156.78,96,17435,15051,11126,18258,900,405837615,1
2026-05-01T13:44:54.294,A1,1,7412,-58.7,-74.0,-15.3,122.15,136,15898,16612,15681,16965,882,407237807,1
2026-05-01T13:44:54.384,A1,1,7413,-58.3,-74.8,-16.6,127.29,128,16709,16293,15624,18905,917,593032896,1
2026-05-01T13:44:54.504,A1,1,7414,-59.0,-77.5,-18.5,106.8,164,17508,17516,12811,21287,999,498975593,1
2026-05-01T13:44:54.625,A1,1,7415,-59.7,-78.7,-19.0,162.27,104,11714,16876,14267,17782,935,436431016,1
2026-05-01T13:44:54.716,A1,1,7416,-58.9,-77.8,-18.9,156.17,112,16880,17491,11138,20116,966,389184922,1
2026-05-01T13:44:54.836,A1,1,7417,-59.0,-76.4,-17.3,190.1,92,15116,17489,13714,18260,926,408513177,1
2026-05-01T13:44:54.954,A1,1,7418,-59.2,-78.7,-19.5,186.32,92,8798,17141,16988,19355,958,431806155,1
2026-05-01T13:44:55.044,A1,1,7419,-58.8,-76.5,-17.7,187.16,92,15146,17219,13519,18417,922,453844464,1
2026-05-01T13:44:55.167,A1,1,7420,-58.9,-78.3,-19.5,120.82,140,17105,16915,9595,19627,955,431973778,1
2026-05-01T13:44:55.258,A1,1,7421,-58.8,-77.4,-18.6,144.67,112,17038,16203,15505,21868,1004,433554109,1
2026-05-01T13:44:55.435,A1,1,7422,-58.7,-76.1,-17.4,179.58,104,17712,18676,17035,24114,1052,485231478,1
2026-05-01T13:44:55.555,A1,1,7423,-58.8,-76.0,-17.2,174.35,104,15648,18132,15909,20650,978,416999810,1
2026-05-01T13:44:55.646,A1,1,7424,-59.1,-77.1,-18.0,161.44,104,16504,16790,14052,19905,969,414423328,1
2026-05-01T13:44:55.765,A1,1,7425,-58.9,-76.0,-17.1,193.2,88,16186,17002,12792,17749,908,485716402,1
2026-05-01T13:44:55.856,A1,1,7426,-59.5,-77.0,-17.6,121.94,144,16850,17559,12531,19269,965,750590248,1
2026-05-01T13:44:55.975,A1,1,7427,-59.2,-76.9,-17.7,103.18,168,17310,17334,17884,23872,1064,404257382,1
2026-05-01T13:44:56.095,A1,1,7428,-59.0,-76.1,-17.1,195.33,88,13655,17189,15603,18085,919,471479747,1
2026-05-01T13:44:56.245,A1,1,7429,-59.0,-76.0,-17.0,186.72,92,13604,17178,15302,17606,909,478048264,1
2026-05-01T13:44:56.366,A1,1,7430,-59.2,-76.5,-17.3,179.62,96,14479,17244,13817,17610,915,435883643,1
2026-05-01T13:44:56.456,A1,1,7431,-59.1,-76.4,-17.3,123.01,140,16918,17222,12309,18464,934,489049933,1
2026-05-01T13:44:56.544,A1,1,7432,-59.0,-76.1,-17.1,124.89,140,17564,17484,16848,22373,1023,468576441,1
2026-05-01T13:44:56.666,A1,1,7433,-59.3,-76.4,-17.1,186.23,96,16683,17878,13312,19312,961,423228681,1
2026-05-01T13:44:56.786,A1,1,7434,-59.3,-76.3,-17.0,124.26,136,15882,16900,13452,17708,921,597696441,1
2026-05-01T13:44:56.904,A1,1,7435,-59.2,-77.8,-18.6,113.1,136,17411,15381,13140,19644,966,442240156,1
2026-05-01T13:44:57.024,A1,1,7436,-59.2,-76.3,-17.0,183.95,96,15471,17659,14027,18507,938,488700803,1
2026-05-01T13:44:57.114,A1,1,7437,-59.3,-76.4,-17.1,180.11,92,14619,16570,14687,17444,914,480330181,1
2026-05-01T13:44:57.235,A1,1,7438,-59.3,-77.7,-18.3,180.14,100,16111,18014,12869,20275,986,437154781,1
2026-05-01T13:44:57.356,A1,1,7439,-59.8,-77.5,-17.7,119.23,144,16910,17169,10932,18137,948,427466250,1
2026-05-01T13:44:57.446,A1,1,7440,-59.0,-76.4,-17.4,168.99,100,15891,16899,12740,17758,911,390835378,1
2026-05-01T13:44:57.595,A1,1,7441,-59.5,-76.9,-17.5,126.01,144,15980,18146,14284,20086,986,495814289,1
2026-05-01T13:44:57.715,A1,1,7442,-59.6,-75.9,-16.3,121.71,136,15369,16553,13833,16532,898,430586813,1
2026-05-01T13:44:57.833,A1,1,7443,-59.0,-76.3,-17.3,194.28,88,16941,17097,11688,18057,919,468173209,1
2026-05-01T13:44:57.954,A1,1,7444,-59.5,-76.5,-17.0,170.9,100,13467,17090,14827,17098,910,436567860,1
2026-05-01T13:44:58.045,A1,1,7445,-59.2,-76.2,-16.9,184.17,96,17191,17680,12632,18826,947,429481438,1
2026-05-01T13:44:58.165,A1,1,7446,-58.9,-79.3,-20.4,181.63,84,18024,15257,9232,20021,965,564809639,1
2026-05-01T13:44:58.256,A1,1,7447,-58.8,-76.5,-17.7,161.48,112,16239,18086,14382,20684,976,403068803,1
2026-05-01T13:44:58.376,A1,1,7448,-59.2,-79.6,-20.4,108.7,140,17989,15218,9182,20027,974,723696791,1
2026-05-01T13:44:58.496,A1,1,7449,-59.5,-79.2,-19.8,164.12,108,16073,17725,10302,20306,991,389927051,1
2026-05-01T13:44:58.646,A1,1,7450,-59.1,-79.1,-20.1,168.32,92,16959,15485,8660,18390,930,465182089,1
2026-05-01T13:44:58.735,A1,1,7451,-58.7,-76.0,-17.3,114.26,148,16752,16910,12865,18394,920,737979162,1
2026-05-01T13:44:58.824,A1,1,7452,-58.2,-78.5,-20.4,156.45,108,16331,16897,9542,20037,941,389916122,1
2026-05-01T13:44:58.944,A1,1,7453,-58.4,-76.9,-18.5,180.87,84,17866,15193,12063,19084,926,397437820,1
2026-05-01T13:44:59.034,A1,1,7454,-58.3,-74.5,-16.2,132.73,132,14676,17521,16304,18395,905,453047076,1
2026-05-01T13:44:59.215,A1,1,7455,-58.2,-75.0,-16.8,180.32,92,16707,16589,13678,18102,895,423518259,1
2026-05-01T13:44:59.274,A1,1,7456,-58.4,-77.5,-19.1,127.75,132,17558,16863,9275,19361,934,479148288,1
2026-05-01T13:44:59.394,A1,1,7457,-59.2,-77.7,-18.5,120.05,148,15672,17768,12135,19415,961,465413320,1
2026-05-01T13:44:59.485,A1,1,7458,-59.3,-76.4,-17.1,164.97,96,16648,15837,13068,17402,912,421786925,1
2026-05-01T13:44:59.608,A1,1,7459,-59.2,-79.2,-19.9,157.28,92,17567,14470,9195,18210,931,437956850,1
2026-05-01T13:44:59.815,A1,1,7460,-59.1,-77.6,-18.6,130.34,128,16917,16683,10481,18536,934,472967810,1
2026-05-01T13:44:59.874,A1,1,7461,-58.9,-76.3,-17.4,105.07,152,17674,15971,14319,19593,955,472672048,1
2026-05-01T13:44:59.993,A1,1,7462,-59.1,-75.4,-16.4,124.61,132,17045,16448,17400,20413,980,389411523,1
2026-05-01T13:45:00.085,A1,1,7463,-59.0,-79.3,-20.3,133.5,108,17559,14418,8933,18478,930,408983969,1
2026-05-01T13:45:00.234,A1,1,7464,-59.0,-76.9,-18.0,179.99,92,16617,16559,11024,17730,910,414654342,1
2026-05-01T13:45:00.324,A1,1,7465,-59.0,-76.4,-17.3,130.23,128,15819,16670,13127,17684,911,418758518,1
2026-05-01T13:45:00.415,A1,1,7466,-59.2,-79.4,-20.2,172.04,104,16787,17892,10041,21679,1015,392966034,1
2026-05-01T13:45:00.536,A1,1,7467,-58.9,-75.3,-16.4,176.49,100,14682,17649,16883,19254,947,711691982,1
2026-05-01T13:45:00.626,A1,1,7468,-58.8,-76.9,-18.1,180.58,96,17619,17336,10854,19357,946,494734729,1
2026-05-01T13:45:00.775,A1,1,7469,-58.8,-75.5,-16.7,188.76,92,15388,17366,15092,18472,924,482110489,1
2026-05-01T13:45:00.864,A1,1,7470,-59.0,-76.9,-17.8,125.64,136,17238,17087,10843,18492,932,479123010,1
2026-05-01T13:45:00.956,A1,1,7471,-59.0,-76.2,-17.3,157.19,112,17392,17605,12287,19186,947,702354074,1
2026-05-01T13:45:01.076,A1,1,7472,-59.2,-77.2,-17.9,185.39,96,15627,17797,12662,18999,951,464174692,1
2026-05-01T13:45:01.166,A1,1,7473,-58.8,-76.3,-17.5,175.24,96,17059,16823,11230,17868,910,385267543,1
2026-05-01T13:45:01.315,A1,1,7474,-58.9,-76.0,-17.1,186.17,92,16591,17128,13482,18715,932,453867823,1
2026-05-01T13:45:01.374,A1,1,7475,-58.8,-75.6,-16.8,125.06,136,16825,17008,16402,20542,973,447303578,1
2026-05-01T13:45:01.464,A1,1,7476,-58.7,-77.8,-19.1,174.06,96,17149,16710,9158,18773,927,389715143,1
2026-05-01T13:45:01.585,A1,1,7477,-58.5,-75.6,-17.2,182.95,92,16808,16831,15616,20206,955,760229702,1
2026-05-01T13:45:01.676,A1,1,7478,-58.7,-74.7,-16.1,187.92,92,15452,17289,15230,17818,903,392291796,1
2026-05-01T13:45:01.824,A1,1,7479,-58.8,-77.0,-18.2,125.18,136,16637,17025,11174,18497,924,442672093,1
2026-05-01T13:45:01.884,A1,1,7480,-58.6,-75.6,-17.0,161.55,100,17309,16155,17161,21129,982,770032004,1
2026-05-01T13:45:01.975,A1,1,7481,-59.1,-77.2,-18.1,172.97,96,17469,16605,9401,17839,917,457860258,1
2026-05-01T13:45:02.095,A1,1,7482,-58.7,-76.8,-18.1,172.92,96,18252,16600,13394,20978,982,455310800,1
2026-05-01T13:45:02.216,A1,1,7483,-59.1,-75.1,-16.0,188.68,88,14210,16604,15638,16662,886,460214438,1
2026-05-01T13:45:02.335,A1,1,7484,-58.8,-77.9,-19.2,160.25,104,18425,16666,11852,21705,1000,414877635,1
2026-05-01T13:45:02.425,A1,1,7485,-58.6,-76.2,-17.6,163.15,100,17866,16315,15035,20844,975,486310404,1
2026-05-01T13:45:02.544,A1,1,7486,-58.8,-77.4,-18.6,119.03,132,17476,15712,12031,19224,942,418147955,1
2026-05-01T13:45:02.636,A1,1,7487,-58.9,-76.7,-17.7,176.5,96,17078,16944,10796,18064,918,390290459,1
2026-05-01T13:45:02.756,A1,1,7488,-58.6,-74.9,-16.3,178.44,96,16352,17130,14020,17801,902,492144998,1
2026-05-01T13:45:02.845,A1,1,7489,-58.8,-76.2,-17.3,172.38,100,14935,17238,13500,17763,906,717365112,1
2026-05-01T13:45:02.934,A1,1,7490,-58.6,-78.8,-20.2,183.72,96,16270,17637,9965,20836,974,454106193,1
2026-05-01T13:45:03.054,A1,1,7491,-58.9,-76.2,-17.3,163.71,104,16815,17026,17825,22436,1020,510890698,1
2026-05-01T13:45:03.176,A1,1,7492,-59.4,-76.1,-16.7,130.78,136,17090,17786,13046,18882,953,511884083,1
2026-05-01T13:45:03.324,A1,1,7493,-59.0,-79.4,-20.4,177.68,100,16272,17768,9758,21078,993,455397024,1
2026-05-01T13:45:03.414,A1,1,7494,-59.0,-77.5,-18.5,166.52,92,17604,15320,12324,19065,946,420680592,1
2026-05-01T13:45:03.535,A1,1,7495,-58.9,-75.9,-17.0,176.71,96,17639,16964,17489,22331,1020,729164799,1
2026-05-01T13:45:03.625,A1,1,7496,-59.2,-76.2,-17.0,187.67,88,15657,16515,13030,17012,898,454431431,1
2026-05-01T13:45:03.715,A1,1,7497,-58.6,-77.9,-19.3,154.56,108,18391,16692,12176,22103,1005,453212021,1
2026-05-01T13:45:03.835,A1,1,7498,-59.0,-79.4,-20.4,161.24,104,18587,16769,9907,22640,1029,710692509,1
2026-05-01T13:45:03.924,A1,1,7499,-59.1,-78.5,-19.4,116.38,144,17352,16759,9460,19518,961,451674929,1
2026-05-01T13:45:04.014,A1,1,7500,-59.1,-75.2,-16.1,123.54,136,15368,16801,15145,17320,904,389808096,1
2026-05-01T13:45:04.136,A1,1,7501,-59.2,-75.4,-16.2,127.93,136,16413,17398,14227,18105,926,444467773,1
2026-05-01T13:45:04.256,A1,1,7502,-59.0,-76.2,-17.2,181.55,96,16351,17429,15517,20340,977,682788631,1
2026-05-01T13:45:04.345,A1,1,7503,-58.8,-75.5,-16.7,170.97,104,16791,17781,14298,19374,946,453072448,1
2026-05-01T13:45:04.464,A1,1,7504,-59.0,-75.7,-16.7,160.57,104,14776,16699,15071,17519,906,416441926,1
2026-05-01T13:45:04.584,A1,1,7505,-59.0,-76.5,-17.6,180.68,96,17452,17345,11238,18770,937,408701980,1
2026-05-01T13:45:04.706,A1,1,7506,-59.2,-78.9,-19.8,180.58,100,16116,18058,10918,21071,999,708542143,1
2026-05-01T13:45:04.798,A1,1,7507,-59.0,-77.6,-18.7,120.88,144,15717,17407,11550,18947,941,394912422,1
2026-05-01T13:45:04.915,A1,1,7508,-58.6,-78.0,-19.4,145.38,112,18275,16283,11785,21534,990,713642557,1
2026-05-01T13:45:05.004,A1,1,7509,-59.0,-75.2,-16.2,137.6,124,15922,17063,14601,17723,911,451889563,1
2026-05-01T13:45:05.094,A1,1,7510,-59.0,-75.8,-16.8,161.25,104,14433,16770,15356,17601,908,393185954,1
2026-05-01T13:45:05.216,A1,1,7511,-59.0,-76.8,-17.8,169.69,100,15858,16969,12441,18134,920,733263135,1
2026-05-01T13:45:05.337,A1,1,7512,-58.9,-76.0,-17.1,161.78,100,17191,16178,17136,21217,992,690046857,1
2026-05-01T13:45:05.483,A1,1,7513,-59.0,-76.1,-17.1,166.63,104,14058,17330,15187,18167,922,491651782,1
2026-05-01T13:45:05.552,A1,1,7514,-58.9,-76.3,-17.4,149.63,112,16881,16759,18062,22607,1025,388903262,1
2026-05-01T13:45:05.664,A1,1,7515,-59.0,-76.1,-17.1,133.57,136,16641,18166,14641,20486,979,430464010,1
2026-05-01T13:45:05.790,A1,1,7516,-59.0,-75.3,-16.3,174.15,96,14775,16718,14996,17041,892,411888872,1
2026-05-01T13:45:05.905,A1,1,7517,-59.1,-75.8,-16.8,121.47,148,16575,17978,14531,19655,962,491320331,1
2026-05-01T13:45:06.026,A1,1,7518,-58.9,-76.6,-17.7,108.03,156,16888,16852,18087,23243,1039,448421060,1
2026-05-01T13:45:06.145,A1,1,7519,-59.1,-75.7,-16.6,118.65,148,15680,17560,16955,20192,975,421691666,1
2026-05-01T13:45:06.235,A1,1,7520,-58.8,-77.4,-18.5,184.41,96,18583,17703,12791,22593,1022,445329773,1
2026-05-01T13:45:06.386,A1,1,7521,-59.2,-76.3,-17.0,115.37,156,16695,17997,15350,20717,993,491534469,1
2026-05-01T13:45:06.534,A1,1,7522,-59.1,-78.7,-19.6,117.33,156,19001,18303,11243,24220,1069,477484880,1
2026-05-01T13:45:06.653,A1,1,7523,-59.0,-76.4,-17.4,165.21,100,16942,16521,14289,19394,954,425360179,1
2026-05-01T13:45:06.744,A1,1,7524,-59.1,-79.8,-20.7,158.61,96,18158,15227,8820,20316,979,420855004,1
2026-05-01T13:45:06.864,A1,1,7525,-59.2,-75.7,-16.5,172.26,104,16771,17915,17127,21324,1006,727848644,1
2026-05-01T13:45:06.955,A1,1,7526,-59.0,-75.8,-16.8,177.77,100,15806,17777,14575,18958,941,492520655,1
2026-05-01T13:45:07.044,A1,1,7527,-59.0,-75.4,-16.4,166.24,104,15906,17289,17059,19964,967,387264152,1
2026-05-01T13:45:07.164,A1,1,7528,-59.3,-77.3,-18.0,168.39,100,16499,16839,11433,18210,932,451259465,1
2026-05-01T13:45:07.255,A1,1,7529,-59.0,-77.6,-18.5,176.59,96,17658,16953,9495,18898,942,387819609,1
2026-05-01T13:45:07.344,A1,1,7530,-58.9,-77.3,-18.4,166.92,100,16683,16692,10997,18387,926,451894565,1
2026-05-01T13:45:07.464,A1,1,7531,-58.9,-77.6,-18.7,118.34,156,18832,18461,13168,24095,1060,446824628,1
2026-05-01T13:45:07.586,A1,1,7532,-58.8,-75.4,-16.7,167.33,104,15445,17402,16940,19978,960,404463269,1
2026-05-01T13:45:07.674,A1,1,7533,-59.1,-76.4,-17.4,179.51,92,16678,16515,11450,17273,901,431559186,1
2026-05-01T13:45:07.764,A1,1,7534,-58.9,-79.0,-20.1,164.82,104,18280,17141,10037,22283,1019,405458389,1
2026-05-01T13:45:07.885,A1,1,7535,-58.9,-75.7,-16.8,173.74,96,16076,16679,13058,17179,894,410274607,1
2026-05-01T13:45:08.004,A1,1,7536,-59.0,-76.1,-17.1,130.91,128,15760,16756,13265,17538,906,442896896,1
2026-05-01T13:45:08.125,A1,1,7537,-59.1,-77.9,-18.8,124.66,140,15774,17453,11302,18985,947,387696300,1
2026-05-01T13:45:08.245,A1,1,7538,-58.9,-77.1,-18.2,162.71,100,18006,16271,12899,20310,972,730875854,1
2026-05-01T13:45:08.334,A1,1,7539,-58.9,-75.8,-16.9,166.67,100,16243,16667,12776,17313,897,711102229,1
2026-05-01T13:45:08.423,A1,1,7540,-58.7,-79.1,-20.4,181.23,100,16754,18123,10575,22448,1015,404839948,1
2026-05-01T13:45:08.574,A1,1,7541,-59.3,-77.5,-18.2,120.56,140,17448,16879,9900,18448,939,406908036,1
2026-05-01T13:45:08.665,A1,1,7542,-59.3,-75.6,-16.3,176.84,96,13985,16977,15763,17235,908,405857213,1
2026-05-01T13:45:08.785,A1,1,7543,-59.0,-78.1,-19.1,180.62,104,18356,18785,12426,24100,1061,449229413,1
2026-05-01T13:45:08.873,A1,1,7544,-59.0,-76.1,-17.1,174.45,100,16656,17445,13606,19035,944,386551681,1
2026-05-01T13:45:08.994,A1,1,7545,-59.0,-75.5,-16.5,131.05,128,14831,16774,15207,17497,906,750900577,1
2026-05-01T13:45:09.084,A1,1,7546,-58.9,-80.2,-21.3,102.1,144,18173,14702,8189,20428,975,387071441,1
2026-05-01T13:45:09.204,A1,1,7547,-58.9,-76.0,-17.1,122.69,144,16540,17668,16190,21138,991,477968975,1
2026-05-01T13:45:09.326,A1,1,7548,-59.2,-76.0,-16.8,167.74,108,15935,18116,15037,19708,967,747807056,1
2026-05-01T13:45:09.416,A1,1,7549,-59.4,-76.8,-17.4,128.53,136,14507,17480,13522,17753,924,578564943,1
2026-05-01T13:45:09.504,A1,1,7550,-59.2,-77.3,-18.1,169.58,104,14998,17636,12561,18506,938,444294845,1
2026-05-01T13:45:09.626,A1,1,7551,-58.7,-76.2,-17.4,177.01,96,16873,16993,12052,18288,917,393621620,1
2026-05-01T13:45:09.747,A1,1,7552,-59.2,-76.1,-16.9,166.36,100,12544,16636,16080,16949,898,401012468,1
2026-05-01T13:45:09.834,A1,1,7553,-58.8,-75.7,-16.9,166.11,100,16056,16611,13135,17357,895,430682895,1
2026-05-01T13:45:09.925,A1,1,7554,-59.1,-78.3,-19.2,121.15,148,15616,17930,11926,20326,979,388464806,1
2026-05-01T13:45:10.045,A1,1,7555,-58.6,-76.1,-17.5,160.25,104,16911,16666,17134,21862,998,420296794,1
2026-05-01T13:45:10.164,A1,1,7556,-58.6,-75.6,-16.9,172.4,100,16823,17240,13024,18442,917,434008435,1
2026-05-01T13:45:10.255,A1,1,7557,-58.9,-78.0,-19.1,177.14,96,16911,17005,9999,19332,948,493089053,1
2026-05-01T13:45:10.374,A1,1,7558,-59.2,-76.8,-17.5,173.7,96,17044,16675,10028,17136,903,447142350,1
2026-05-01T13:45:10.494,A1,1,7559,-58.7,-74.8,-16.1,187.2,92,16380,17222,14063,17665,900,494145022,1
2026-05-01T13:45:10.584,A1,1,7560,-58.8,-75.6,-16.8,132.85,124,16223,16474,12970,17130,890,391934959,1
2026-05-01T13:45:10.734,A1,1,7561,-58.7,-76.8,-18.1,174.53,96,17061,16755,11131,18496,921,713140966,1
2026-05-01T13:45:10.794,A1,1,7562,-58.8,-79.0,-20.2,173.04,104,16349,17996,10443,21494,997,452514932,1
2026-05-01T13:45:10.884,A1,1,7563,-59.1,-75.6,-16.5,134.81,136,16457,18334,16927,21309,1001,428065563,1
2026-05-01T13:45:11.035,A1,1,7564,-58.9,-76.2,-17.3,168.02,108,16574,18146,14629,20649,980,443590861,1
2026-05-01T13:45:11.094,A1,1,7565,-58.7,-75.1,-16.3,183.12,96,16615,17580,14016,18429,921,387003205,1
2026-05-01T13:45:11.215,A1,1,7566,-58.9,-75.6,-16.7,172.39,104,15185,17929,16570,19922,964,473407769,1
2026-05-01T13:45:11.364,A1,1,7567,-58.9,-75.2,-16.3,180.32,92,14127,16589,15483,16862,885,470771493,1
2026-05-01T13:45:11.454,A1,1,7568,-59.0,-79.1,-20.2,114.27,132,17951,15083,9307,19547,956,408655008,1
2026-05-01T13:45:11.575,A1,1,7569,-58.8,-75.2,-16.5,181.39,92,15212,16688,14778,17336,894,428121980,1
2026-05-01T13:45:11.665,A1,1,7570,-58.7,-78.2,-19.4,124.92,140,16398,17489,10289,19857,956,468259668,1
2026-05-01T13:45:11.785,A1,1,7571,-59.0,-77.3,-18.2,185.96,100,18007,18596,13079,22605,1030,431090683,1
2026-05-01T13:45:11.904,A1,1,7572,-59.2,-76.5,-17.4,183.78,92,16423,16908,11941,17669,915,424983702,1
2026-05-01T13:45:12.024,A1,1,7573,-59.1,-77.2,-18.2,123.77,152,18812,18813,13957,24177,1066,725659976,1
2026-05-01T13:45:12.143,A1,1,7574,-59.5,-77.0,-17.5,173.47,96,17085,16653,9626,16898,905,671666075,1
2026-05-01T13:45:12.264,A1,1,7575,-58.8,-76.7,-17.9,167.3,100,17989,16730,13943,20999,985,462555732,1
2026-05-01T13:45:12.354,A1,1,7576,-58.9,-75.4,-16.5,177.12,100,16715,17712,13715,18676,932,427933962,1
2026-05-01T13:45:12.444,A1,1,7577,-58.9,-75.9,-16.9,166.38,100,14036,16638,15555,17553,905,392588516,1
2026-05-01T13:45:12.534,A1,1,7578,-58.9,-75.9,-17.0,135.49,132,17049,17885,13539,19661,956,448364919,1
2026-05-01T13:45:12.654,A1,1,7579,-59.0,-76.0,-17.0,176.87,100,16874,17687,13165,19061,945,436827385,1
2026-05-01T13:45:12.773,A1,1,7580,-58.9,-77.5,-18.6,184.87,100,18804,18487,12811,23657,1050,446587058,1
2026-05-01T13:45:12.894,A1,1,7581,-59.0,-75.5,-16.6,185.0,92,14877,17020,14662,17390,902,421195587,1
2026-05-01T13:45:13.013,A1,1,7582,-58.8,-78.5,-19.7,111.93,136,17902,15223,10572,19763,955,708140617,1
2026-05-01T13:45:13.138,A1,1,7583,-58.8,-75.3,-16.5,151.46,112,16646,16964,12926,17496,898,387781492,1
2026-05-01T13:45:13.194,A1,1,7584,-58.8,-75.1,-16.2,186.77,96,16160,17930,16806,20267,968,388714384,1
2026-05-01T13:45:13.314,A1,1,7585,-58.8,-76.4,-17.6,172.46,104,18362,17936,15063,22775,1025,485130893,1
2026-05-01T13:45:13.403,A1,1,7586,-58.7,-75.2,-16.5,193.84,88,14368,17058,15495,17558,897,469913523,1
2026-05-01T13:45:13.555,A1,1,7587,-58.8,-76.0,-17.2,123.43,148,16722,18268,14360,20471,974,719787286,1
2026-05-01T13:45:13.644,A1,1,7588,-58.9,-76.0,-17.2,170.89,100,16380,17089,13677,18694,931,712049524,1
2026-05-01T13:45:13.734,A1,1,7589,-58.7,-76.2,-17.6,162.07,104,17145,16855,17863,23011,1027,454201893,1
2026-05-01T13:45:13.854,A1,1,7590,-59.2,-75.9,-16.7,185.79,92,16630,17093,12334,17442,909,409217497,1
2026-05-01T13:45:13.973,A1,1,7591,-58.8,-76.3,-17.4,157.85,112,16533,17679,15530,21019,987,429362846,1
2026-05-01T13:45:14.063,A1,1,7592,-58.7,-76.1,-17.4,156.59,108,16987,16912,16124,21179,986,434089888,1
2026-05-01T13:45:14.185,A1,1,7593,-58.8,-77.7,-18.8,126.66,136,16148,17226,10564,18768,932,432150111,1
2026-05-01T13:45:14.274,A1,1,7594,-58.6,-75.9,-17.3,167.77,100,16984,16777,16925,21544,991,402683932,1
2026-05-01T13:45:14.364,A1,1,7595,-58.7,-75.3,-16.6,167.63,104,16686,17434,13837,18565,924,450457346,1
2026-05-01T13:45:14.486,A1,1,7596,-58.6,-75.1,-16.6,186.7,92,14642,17176,15309,17822,900,449644974,1
2026-05-01T13:45:14.604,A1,1,7597,-59.2,-75.6,-16.4,122.41,136,14510,16648,15516,17286,905,489228964,1
2026-05-01T13:45:14.725,A1,1,7598,-58.9,-79.8,-20.9,146.08,100,18060,14608,8275,19683,957,420259362,1
2026-05-01T13:45:14.814,A1,1,7599,-58.9,-75.1,-16.2,152.18,112,15317,17044,14878,17449,902,386020007,1
2026-05-01T13:45:14.904,A1,1,7600,-58.9,-75.3,-16.4,174.08,96,14088,16712,15567,17070,890,435726176,1
2026-05-01T13:45:15.024,A1,1,7601,-59.2,-77.3,-18.1,177.17,92,16487,16300,9501,16746,892,450959859,1
2026-05-01T13:45:15.115,A1,1,7602,-57.2,-78.9,-21.7,160.66,96,16826,15423,8788,20397,920,418276218,1
2026-05-01T13:45:15.239,A1,1,7603,-58.6,-76.8,-18.3,167.46,96,17171,16076,12130,18872,926,428565699,1
2026-05-01T13:45:15.355,A1,1,7604,-58.9,-77.7,-18.8,133.55,132,15559,17629,11449,19171,944,491366516,1
2026-05-01T13:45:15.444,A1,1,7605,-58.9,-75.3,-16.4,184.14,92,15954,16941,14300,17715,908,468790592,1
2026-05-01T13:45:15.564,A1,1,7606,-59.1,-76.3,-17.2,138.82,124,15137,17214,13236,17479,908,469529349,1
2026-05-01T13:45:15.689,A1,1,7607,-58.8,-75.4,-16.5,171.11,104,16954,17795,14083,19165,942,452422541,1
2026-05-01T13:45:15.773,A1,1,7608,-59.1,-75.7,-16.6,128.36,132,14850,16944,14652,17377,905,387013339,1
2026-05-01T13:45:15.925,A1,1,7609,-58.9,-75.2,-16.3,177.59,96,15844,17049,14685,17815,909,509626692,1
2026-05-01T13:45:15.985,A1,1,7610,-58.9,-75.3,-16.4,176.34,104,16703,18339,16081,20707,980,386930454,1
2026-05-01T13:45:16.105,A1,1,7611,-58.9,-75.7,-16.7,189.22,92,14349,17408,15309,17981,916,427540374,1
2026-05-01T13:45:16.256,A1,1,7612,-59.3,-77.7,-18.5,121.84,152,17471,18519,12662,22123,1027,729198881,1
2026-05-01T13:45:16.315,A1,1,7613,-58.8,-75.4,-16.6,169.46,104,16167,17624,14537,18791,931,498188388,1
2026-05-01T13:45:16.405,A1,1,7614,-57.2,-74.1,-16.8,167.19,100,15765,16719,15661,18849,884,468262136,1
2026-05-01T13:45:16.555,A1,1,7615,-58.7,-76.1,-17.4,190.33,88,16864,16749,12246,18165,913,492777454,1
2026-05-01T13:45:16.644,A1,1,7616,-58.7,-75.8,-17.1,172.37,104,16432,17926,15926,21022,983,419495067,1
2026-05-01T13:45:16.765,A1,1,7617,-59.4,-76.0,-16.6,188.21,92,16951,17315,11916,17524,919,469817506,1
2026-05-01T13:45:16.884,A1,1,7618,-59.1,-75.6,-16.5,131.92,136,15254,17941,15622,19057,948,470172425,1
2026-05-01T13:45:17.004,A1,1,7619,-59.1,-78.1,-19.0,122.12,144,16096,17585,10992,19489,960,727562025,1
2026-05-01T13:45:17.124,A1,1,7620,-59.2,-76.5,-17.3,129.67,132,16506,17116,12628,18263,931,708930669,1
2026-05-01T13:45:17.214,A1,1,7621,-59.2,-76.9,-17.7,158.72,104,16847,16507,9770,16906,896,455340077,1
2026-05-01T13:45:17.334,A1,1,7622,-59.2,-75.5,-16.2,132.04,136,16038,17957,16912,20291,983,483901598,1
2026-05-01T13:45:17.455,A1,1,7623,-59.0,-79.4,-20.4,160.38,92,17810,14755,8640,18982,943,471397036,1
2026-05-01T13:45:17.574,A1,1,7624,-59.1,-75.7,-16.5,193.77,88,12691,17052,16376,17207,902,495625302,1
2026-05-01T13:45:17.694,A1,1,7625,-58.5,-76.0,-17.5,154.39,104,17186,16057,16272,20942,973,472042638,1
2026-05-01T13:45:17.814,A1,1,7626,-58.5,-77.1,-18.6,189.33,88,17360,16661,9930,18619,919,432466125,1
2026-05-01T13:45:17.904,A1,1,7627,-58.7,-75.8,-17.2,180.49,100,15753,18049,15119,20047,958,707630108,1
2026-05-01T13:45:18.024,A1,1,7628,-59.0,-75.9,-16.9,169.93,104,17019,17673,13171,19049,944,385426047,1
2026-05-01T13:45:18.144,A1,1,7629,-59.0,-75.8,-16.8,128.26,136,17261,17443,12103,18198,924,426012394,1
2026-05-01T13:45:18.237,A1,1,7630,-58.4,-76.2,-17.8,149.28,108,17655,16122,15811,21424,981,449113656,1
2026-05-01T13:45:18.324,A1,1,7631,-58.5,-76.1,-17.6,163.75,100,16098,16375,12590,17658,893,450777149,1
2026-05-01T13:45:18.443,A1,1,7632,-59.1,-76.1,-17.0,188.58,92,17226,17349,11467,18008,921,391714926,1
2026-05-01T13:45:18.569,A1,1,7633,-58.6,-76.3,-17.7,163.86,104,16377,17041,14934,20284,962,481989256,1
2026-05-01T13:45:18.685,A1,1,7634,-58.5,-75.7,-17.1,162.78,104,14831,16929,16807,19674,944,408518941,1
2026-05-01T13:45:26.875,A1,1,7635,-59.4,-78.4,-19.0,175.44,100,18479,17544,14125,24048,1076,738191176,1
2026-05-01T13:45:26.964,A1,1,7636,-59.1,-79.0,-19.9,136.01,140,17808,19041,12442,25255,1090,489508869,1
2026-05-01T13:45:27.053,A1,1,7637,-59.3,-76.9,-17.7,138.75,120,16542,16650,11372,17574,916,403809144,1
2026-05-01T13:45:27.173,A1,1,7638,-59.5,-78.3,-18.8,147.83,128,12809,18922,17523,23134,1059,467206385,1
2026-05-01T13:45:27.294,A1,1,7639,-59.6,-79.0,-19.4,156.73,124,14151,19435,17484,25751,1122,681785672,1
2026-05-01T13:45:27.414,A1,1,7640,-59.3,-78.8,-19.5,135.49,136,16246,18427,12148,21983,1025,446665669,1
2026-05-01T13:45:27.534,A1,1,7641,-59.4,-78.0,-18.7,191.79,96,11909,18412,17495,21787,1023,400167693,1
2026-05-01T13:45:27.623,A1,1,7642,-59.6,-77.8,-18.2,181.07,100,13650,18107,14569,19421,974,458989222,1
2026-05-01T13:45:27.776,A1,1,7643,-57.5,-76.7,-19.2,197.33,84,17211,16576,10476,19587,910,432861970,1
2026-05-01T13:45:27.896,A1,1,7644,-59.8,-78.1,-18.3,183.41,104,16730,19075,14799,23322,1074,464461613,1
2026-05-01T13:45:27.984,A1,1,7645,-59.1,-78.0,-18.9,137.5,144,17413,19800,17687,28280,1156,738165235,1
2026-05-01T13:45:28.074,A1,1,7646,-59.2,-77.2,-18.0,148.57,116,12219,17234,15216,17932,923,430561856,1
2026-05-01T13:45:28.195,A1,1,7647,-59.5,-76.8,-17.3,148.46,112,15954,16627,12062,17055,910,396072775,1
2026-05-01T13:45:28.284,A1,1,7648,-59.6,-77.3,-17.7,180.91,100,16617,18091,12320,19520,976,450080400,1
2026-05-01T13:45:28.405,A1,1,7649,-59.8,-77.4,-17.5,159.53,112,13283,17867,14741,18267,952,609639448,1
2026-05-01T13:45:28.584,A1,1,7650,-59.2,-76.7,-17.4,184.75,92,15670,16997,12165,17368,909,448133005,1
2026-05-01T13:45:28.615,A1,1,7651,-58.8,-77.6,-18.9,170.5,116,18085,19778,17252,28580,1147,494944097,1
2026-05-01T13:45:28.734,A1,1,7652,-59.4,-78.8,-19.4,129.66,136,10901,17634,18043,22037,1031,452028428,1
2026-05-01T13:45:28.824,A1,1,7653,-59.0,-77.7,-18.8,141.93,136,16769,19303,16344,25700,1096,449646559,1
2026-05-01T13:45:28.974,A1,1,7654,-59.5,-77.8,-18.3,188.86,100,16589,18886,14603,22846,1052,532752358,1
2026-05-01T13:45:29.064,A1,1,7655,-57.4,-75.8,-18.4,172.08,96,16558,16520,12162,18846,890,441401240,1
2026-05-01T13:45:29.155,A1,1,7656,-59.7,-79.0,-19.3,139.57,136,13672,18981,15717,22931,1062,471027040,1
2026-05-01T13:45:29.246,A1,1,7657,-57.3,-77.3,-20.1,166.23,112,16274,18618,13828,24471,1008,496425120,1
2026-05-01T13:45:29.367,A1,1,7658,-59.0,-78.9,-19.9,147.79,128,17791,18917,12364,24983,1082,433073141,1
2026-05-01T13:45:29.455,A1,1,7659,-59.5,-77.9,-18.4,180.13,92,16401,16572,9441,17206,912,433102938,1
2026-05-01T13:45:29.545,A1,1,7660,-59.2,-77.2,-17.9,143.23,116,11395,16615,15779,17254,906,577130061,1
2026-05-01T13:45:29.635,A1,1,7661,-59.3,-77.9,-18.6,181.07,92,16574,16658,9313,17666,918,404006553,1
2026-05-01T13:45:29.755,A1,1,7662,-59.2,-76.3,-17.1,178.89,96,14735,17173,13391,17186,902,455061759,1
2026-05-01T13:45:29.846,A1,1,7663,-57.6,-76.5,-18.9,173.47,104,17872,18041,14380,23984,1010,479892832,1
2026-05-01T13:45:29.965,A1,1,7664,-59.0,-78.3,-19.3,124.94,156,17959,19490,15482,27185,1128,385889839,1
2026-05-01T13:45:30.085,A1,1,7665,-59.5,-79.1,-19.5,176.47,92,18115,16235,10084,20415,995,417386721,1
2026-05-01T13:45:30.176,A1,1,7666,-59.1,-78.8,-19.6,144.42,132,18128,19063,12991,25455,1097,453207032,1
2026-05-01T13:45:30.295,A1,1,7667,-59.2,-76.5,-17.3,175.7,96,14366,16867,13591,16993,899,411141755,1
2026-05-01T13:45:30.416,A1,1,7668,-58.9,-78.2,-19.3,161.72,116,17023,18759,13011,23508,1044,708561810,1
2026-05-01T13:45:30.504,A1,1,7669,-59.0,-77.4,-18.3,135.73,124,10683,16830,16187,17817,915,707158546,1
2026-05-01T13:45:30.594,A1,1,7670,-58.9,-76.0,-17.1,161.07,104,14597,16751,13781,16970,888,624640957,1
2026-05-01T13:45:30.714,A1,1,7671,-59.0,-77.8,-18.8,141.16,128,15724,18068,12478,20404,978,430954081,1
2026-05-01T13:45:30.804,A1,1,7672,-59.0,-76.4,-17.4,190.78,88,14819,16789,13189,17106,896,448148511,1
2026-05-01T13:45:30.924,A1,1,7673,-59.1,-77.5,-18.4,142.48,132,14217,18807,16594,22618,1033,753679260,1
2026-05-01T13:45:31.014,A1,1,7674,-58.7,-77.7,-18.9,172.52,112,15551,19322,17776,26242,1099,402073870,1
2026-05-01T13:45:31.105,A1,1,7675,-59.0,-77.2,-18.3,187.2,92,15865,17222,11270,18195,922,468797133,1
2026-05-01T13:45:31.224,A1,1,7676,-59.0,-76.6,-17.6,186.97,88,13331,16453,14379,16820,888,498916490,1
2026-05-01T13:45:31.346,A1,1,7677,-59.6,-77.3,-17.7,146.08,124,14102,18114,14649,19281,970,407973430,1
2026-05-01T13:45:31.465,A1,1,7678,-58.8,-79.0,-20.2,174.51,108,17735,18847,11830,24907,1072,430575393,1
2026-05-01T13:45:31.556,A1,1,7679,-59.5,-76.6,-17.1,141.7,124,14917,17571,13635,17837,930,418246886,1
2026-05-01T13:45:31.704,A1,1,7680,-58.9,-76.1,-17.2,165.99,100,15012,16599,13263,16961,888,392549825,1
2026-05-01T13:45:31.766,A1,1,7681,-59.1,-76.8,-17.7,172.93,96,15762,16601,11740,17140,900,408331004,1
2026-05-01T13:45:31.884,A1,1,7682,-59.2,-77.0,-17.7,148.15,112,12053,16593,15472,17125,903,407863771,1
2026-05-01T13:45:32.005,A1,1,7683,-59.3,-77.7,-18.4,172.99,108,17709,18683,14861,23993,1072,628540123,1
2026-05-01T13:45:32.094,A1,1,7684,-59.2,-77.1,-17.9,178.32,100,14671,17832,13776,19029,949,448611101,1
2026-05-01T13:45:32.213,A1,1,7685,-59.2,-76.5,-17.3,167.0,100,13420,16700,14393,16820,894,411818059,1
2026-05-01T13:45:32.335,A1,1,7686,-59.0,-77.1,-18.1,173.72,104,13480,18067,15390,19797,964,490433079,1
2026-05-01T13:45:32.425,A1,1,7687,-59.2,-76.6,-17.4,144.5,116,15733,16762,12608,17499,910,445659058,1
2026-05-01T13:45:32.576,A1,1,7688,-59.7,-78.4,-18.7,123.85,152,14478,18825,14982,21912,1036,526471594,1
2026-05-01T13:45:32.665,A1,1,7689,-59.3,-77.0,-17.7,130.67,132,12936,17249,14702,17624,917,726381716,1
2026-05-01T13:45:32.754,A1,1,7690,-59.5,-77.8,-18.3,147.73,120,16378,17727,11219,19121,962,448502298,1
2026-05-01T13:45:32.903,A1,1,7691,-59.6,-77.1,-17.6,151.08,116,14160,17525,13828,17958,935,458853506,1
2026-05-01T13:45:32.964,A1,1,7692,-57.6,-77.0,-19.4,157.9,116,18873,18316,15716,27383,1080,655124416,1
2026-05-01T13:45:33.083,A1,1,7693,-58.1,-75.9,-17.8,138.98,124,15983,17234,13260,19045,915,425712216,1
2026-05-01T13:45:33.204,A1,1,7694,-59.5,-78.2,-18.7,143.87,128,13974,18415,17948,23743,1072,434773580,1
2026-05-01T13:45:33.324,A1,1,7695,-59.8,-77.5,-17.7,147.98,116,16594,17166,10771,17739,938,401211265,1
2026-05-01T13:45:33.415,A1,1,7696,-59.3,-76.4,-17.1,181.12,92,12949,16663,14698,16478,888,447770892,1
2026-05-01T13:45:33.535,A1,1,7697,-59.5,-77.3,-17.8,145.47,120,15975,17456,11508,18068,937,398125902,1
2026-05-01T13:45:33.656,A1,1,7698,-58.0,-75.3,-17.3,189.62,88,14179,16687,15032,17760,881,418273065,1
2026-05-01T13:45:33.747,A1,1,7699,-59.2,-78.3,-19.1,126.17,156,18173,19683,16180,27899,1152,399652995,1
2026-05-01T13:45:33.894,A1,1,7700,-59.3,-77.1,-17.8,142.67,120,11635,17120,15581,17573,916,419029596,1
2026-05-01T13:45:33.984,A1,1,7701,-59.4,-77.7,-18.2,142.9,128,13827,18291,15015,20170,987,484484212,1
2026-05-01T13:45:34.135,A1,1,7702,-59.5,-77.3,-17.7,141.81,124,15700,17585,12267,18347,944,424488275,1
2026-05-01T13:45:34.254,A1,1,7703,-59.8,-78.1,-18.2,190.64,96,12912,18301,15156,19679,987,426053139,1
2026-05-01T13:45:34.344,A1,1,7704,-59.2,-76.9,-17.7,143.35,124,14004,17776,14311,18574,938,443419955,1
2026-05-01T13:45:34.434,A1,1,7705,-59.3,-76.5,-17.2,131.3,128,15777,16806,12465,17215,908,449239848,1
2026-05-01T13:45:34.554,A1,1,7706,-59.1,-77.5,-18.3,166.01,112,13474,18593,16591,21743,1014,446542085,1
2026-05-01T13:45:34.676,A1,1,7707,-57.8,-77.3,-19.6,160.31,112,18655,17955,16111,27408,1086,425555451,1
2026-05-01T13:45:34.765,A1,1,7708,-57.6,-77.7,-20.0,173.13,104,16888,18006,11553,22621,982,480762323,1
2026-05-01T13:45:34.885,A1,1,7709,-59.5,-76.8,-17.3,197.58,84,15400,16597,12243,16744,900,412627624,1
2026-05-01T13:45:35.005,A1,1,7710,-59.7,-78.6,-18.9,124.36,148,18522,18406,16346,26718,1145,450866065,1
2026-05-01T13:45:35.093,A1,1,7711,-59.2,-78.2,-19.0,148.18,120,10751,17782,17545,20957,998,399282777,1
2026-05-01T13:45:35.246,A1,1,7712,-57.6,-75.5,-17.9,186.49,92,13683,17157,15565,19068,899,406550528,1
2026-05-01T13:45:35.334,A1,1,7713,-59.4,-76.2,-16.9,145.18,116,15209,16841,13469,17035,905,427151850,1
2026-05-01T13:45:35.424,A1,1,7714,-59.2,-76.7,-17.5,149.68,116,14323,17363,13999,17919,923,449721844,1
2026-05-01T13:45:35.514,A1,1,7715,-59.7,-77.7,-17.9,135.69,124,17003,16825,9751,17584,931,394716483,1
2026-05-01T13:45:35.665,A1,1,7716,-57.6,-75.4,-17.8,187.81,88,14829,16527,14876,18641,889,401984238,1
2026-05-01T13:45:35.755,A1,1,7717,-59.3,-77.9,-18.6,175.77,108,17614,18983,17810,27288,1142,423066576,1
2026-05-01T13:45:35.874,A1,1,7718,-59.6,-76.8,-17.2,177.82,100,15295,17782,13215,18098,941,750172313,1
2026-05-01T13:45:35.994,A1,1,7719,-59.3,-76.0,-16.7,143.28,116,14799,16621,13587,16408,886,447568860,1
2026-05-01T13:45:36.114,A1,1,7720,-59.3,-77.1,-17.9,133.97,128,10984,17148,15990,17569,916,492472200,1
2026-05-01T13:45:36.235,A1,1,7721,-59.4,-78.1,-18.6,138.15,132,15509,18236,12915,20435,993,409413404,1
2026-05-01T13:45:36.354,A1,1,7722,-58.2,-75.7,-17.5,133.16,128,14188,17044,15139,18443,903,412815480,1
2026-05-01T13:45:36.444,A1,1,7723,-59.4,-76.6,-17.2,192.13,92,14571,17676,13682,17820,927,462565143,1
2026-05-01T13:45:36.564,A1,1,7724,-57.6,-76.9,-19.3,173.06,108,16546,18691,14688,24267,1016,755005693,1
2026-05-01T13:45:36.623,A1,1,7725,-59.7,-78.1,-18.5,141.1,128,16559,18061,11357,19940,989,464442385,1
2026-05-01T13:45:36.777,A1,1,7726,-59.6,-79.0,-19.4,176.29,108,16716,19039,13683,24142,1086,471686991,1
2026-05-01T13:45:36.896,A1,1,7727,-58.3,-76.4,-18.1,181.94,96,14173,17466,14357,18962,920,409226199,1
2026-05-01T13:45:37.014,A1,1,7728,-59.6,-79.9,-20.4,167.51,100,7407,16751,17417,19894,985,415639716,1
2026-05-01T13:45:37.104,A1,1,7729,-59.8,-79.6,-19.8,174.6,96,6841,16762,16586,18097,946,432242881,1
2026-05-01T13:45:37.224,A1,1,7730,-59.6,-79.3,-19.7,149.79,120,11491,17975,14294,19607,978,399589105,1
2026-05-01T13:45:37.284,A1,1,7731,-59.9,-78.4,-18.6,139.14,124,14105,17253,12127,17687,938,512390267,1
2026-05-01T13:45:37.403,A1,1,7732,-59.7,-77.2,-17.5,137.9,124,16456,17099,11642,17857,937,508686480,1
2026-05-01T13:45:37.577,A1,1,7733,-59.3,-76.6,-17.3,145.09,108,16996,15670,16276,20126,980,425950717,1
2026-05-01T13:45:37.644,A1,1,7734,-59.3,-75.2,-15.9,173.23,100,14190,17323,16056,17373,910,417619352,1
2026-05-01T13:45:37.765,A1,1,7735,-58.9,-78.6,-19.7,157.24,100,17911,15724,9435,19492,952,425178350,1
2026-05-01T13:45:37.884,A1,1,7736,-58.6,-74.6,-16.0,166.56,104,17417,17322,13303,17921,904,707718661,1
2026-05-01T13:45:37.976,A1,1,7737,-58.7,-74.8,-16.1,124.25,140,16545,17395,14585,18338,917,506240694,1
2026-05-01T13:45:38.093,A1,1,7738,-58.8,-79.1,-20.3,106.74,140,17674,14944,8373,18760,932,713119298,1
2026-05-01T13:45:38.214,A1,1,7739,-58.8,-78.4,-19.7,156.11,100,17299,15611,8749,18372,920,487485089,1
2026-05-01T13:45:38.305,A1,1,7740,-58.9,-75.9,-17.1,197.09,88,15672,17344,13554,18113,917,424428568,1
2026-05-01T13:45:38.424,A1,1,7741,-60.0,-80.8,-20.8,117.58,160,17763,18813,13830,27653,1178,411671887,1
2026-05-01T13:45:38.546,A1,1,7742,-59.2,-76.8,-17.6,127.78,132,13804,16867,14406,17507,913,436711347,1
2026-05-01T13:45:38.664,A1,1,7743,-59.1,-75.5,-16.4,170.94,100,16904,17094,12754,17526,908,447767635,1
2026-05-01T13:45:38.786,A1,1,7744,-58.8,-75.8,-17.0,131.93,140,17704,18470,14513,21380,994,723975406,1
2026-05-01T13:45:38.875,A1,1,7745,-58.6,-74.6,-16.0,169.16,100,16031,16916,14782,17538,895,455520763,1
2026-05-01T13:45:38.994,A1,1,7746,-59.0,-76.7,-17.6,163.76,96,16427,15721,11315,16635,884,638365495,1
2026-05-01T13:45:39.085,A1,1,7747,-59.4,-75.6,-16.2,188.71,92,15038,17361,14757,17424,917,465853283,1
2026-05-01T13:45:39.204,A1,1,7748,-59.1,-75.9,-16.7,176.87,100,16090,17687,16793,20676,989,395677292,1
2026-05-01T13:45:39.355,A1,1,7749,-59.1,-78.1,-19.0,164.34,92,17243,15119,11160,18458,934,418403999,1
2026-05-01T13:45:39.475,A1,1,7750,-58.3,-76.0,-17.6,110.74,164,16686,18162,15055,21494,981,448213825,1
2026-05-01T13:45:39.534,A1,1,7751,-58.8,-76.5,-17.7,140.58,112,16708,15745,16577,20743,979,460324397,1
2026-05-01T13:45:39.654,A1,1,7752,-59.2,-78.9,-19.6,110.51,152,15498,16798,10231,18562,940,419121951,1
2026-05-01T13:45:39.774,A1,1,7753,-59.5,-77.1,-17.6,162.49,104,16554,16899,17543,22394,1041,449436536,1
2026-05-01T13:45:39.925,A1,1,7754,-59.2,-77.1,-17.9,184.63,92,14283,16986,13412,17686,917,404252799,1
2026-05-01T13:45:40.044,A1,1,7755,-58.7,-76.2,-17.5,114.58,144,17440,16500,16091,21307,989,728139559,1
2026-05-01T13:45:40.134,A1,1,7756,-58.5,-79.0,-20.6,172.84,104,17630,17975,10270,23340,1026,423906195,1
2026-05-01T13:45:40.223,A1,1,7757,-59.1,-76.9,-17.9,183.1,92,16712,16845,11604,18269,928,404723410,1
2026-05-01T13:45:40.344,A1,1,7758,-58.4,-76.5,-18.1,183.7,96,15712,17635,13344,19618,940,399283371,1
2026-05-01T13:45:40.434,A1,1,7759,-58.8,-76.5,-17.7,115.72,144,13584,16664,15661,18383,920,528410452,1
2026-05-01T13:45:40.554,A1,1,7760,-58.6,-75.5,-16.9,114.7,148,15634,16975,14694,18351,915,400473995,1
2026-05-01T13:45:40.674,A1,1,7761,-59.2,-79.6,-20.4,193.82,92,15938,17831,9939,20909,996,746389849,1
2026-05-01T13:45:40.765,A1,1,7762,-58.8,-75.6,-16.8,177.79,100,15078,17779,16061,19483,948,462408441,1
2026-05-01T13:45:40.885,A1,1,7763,-58.6,-76.5,-17.8,176.47,100,18328,17647,14073,22127,1005,460938086,1
2026-05-01T13:45:41.005,A1,1,7764,-59.5,-76.7,-17.1,176.47,96,16862,16941,11299,17424,920,409081230,1
2026-05-01T13:45:41.095,A1,1,7765,-58.6,-75.4,-16.8,152.34,108,15185,16453,14636,17405,890,441942333,1
2026-05-01T13:45:41.274,A1,1,7766,-58.7,-76.2,-17.6,179.03,92,16026,16471,12688,17719,900,419605540,1
2026-05-01T13:45:41.334,A1,1,7767,-58.6,-76.0,-17.4,104.43,168,17862,17545,17453,23645,1039,460634787,1
2026-05-01T13:45:41.456,A1,1,7768,-58.9,-76.0,-17.1,191.56,88,13968,16857,15519,17878,913,404176606,1
2026-05-01T13:45:41.574,A1,1,7769,-59.0,-75.9,-16.8,184.12,96,15792,17676,14411,18776,939,427674760,1
2026-05-01T13:45:41.694,A1,1,7770,-59.1,-75.8,-16.7,188.3,92,14823,17324,14849,17922,918,425565847,1
2026-05-01T13:45:41.814,A1,1,7771,-59.2,-76.9,-17.7,101.1,156,17609,15772,14720,20123,977,439386389,1
2026-05-01T13:45:41.936,A1,1,7772,-58.6,-77.3,-18.8,173.03,96,17049,16611,9348,18256,911,768965721,1
2026-05-01T13:45:42.026,A1,1,7773,-58.4,-76.5,-18.0,187.82,88,16461,16528,11593,17996,900,429470250,1
2026-05-01T13:45:42.143,A1,1,7774,-58.7,-75.7,-16.9,172.48,100,14932,17248,14417,17901,907,425374673,1
2026-05-01T13:45:42.234,A1,1,7775,-59.0,-76.1,-17.1,167.69,108,16516,18110,15877,21164,996,463970604,1
2026-05-01T13:45:42.357,A1,1,7776,-59.3,-75.3,-16.1,130.68,136,17254,17773,13723,18556,941,442912825,1
2026-05-01T13:45:42.443,A1,1,7777,-58.6,-75.7,-17.1,159.04,104,16359,16540,17722,21220,983,392463126,1
2026-05-01T13:45:42.533,A1,1,7778,-58.8,-75.5,-16.7,193.45,92,15919,17797,14604,18930,935,445760340,1
2026-05-01T13:45:42.685,A1,1,7779,-59.0,-77.6,-18.6,195.54,84,17466,16425,9482,18373,926,722610323,1
2026-05-01T13:45:42.773,A1,1,7780,-58.7,-76.5,-17.8,117.47,144,17308,16915,11359,18598,924,747947479,1
2026-05-01T13:45:42.864,A1,1,7781,-58.5,-75.9,-17.4,179.92,92,16774,16553,11958,17757,896,395536246,1
2026-05-01T13:45:42.985,A1,1,7782,-58.4,-77.8,-19.4,170.21,100,16412,17021,10130,19228,930,465050917,1
2026-05-01T13:45:43.105,A1,1,7783,-58.6,-76.5,-17.9,177.28,96,17275,17019,11461,18921,929,730496151,1
2026-05-01T13:45:43.193,A1,1,7784,-58.4,-75.4,-17.0,181.25,92,16501,16675,12992,17715,893,751460151,1
2026-05-01T13:45:43.284,A1,1,7785,-58.5,-76.3,-17.7,166.88,100,17191,16688,11196,18170,907,425585575,1
2026-05-01T13:45:43.435,A1,1,7786,-59.2,-80.3,-21.1,96.22,152,18180,14625,7971,19878,971,455872415,1
2026-05-01T13:45:43.525,A1,1,7787,-59.0,-75.3,-16.3,197.92,88,16800,17417,13559,18112,922,465567789,1
2026-05-01T13:45:43.673,A1,1,7788,-58.8,-75.4,-16.6,119.28,152,15648,18131,16259,20085,963,418818701,1
2026-05-01T13:45:43.764,A1,1,7789,-58.7,-76.9,-18.1,169.43,96,18058,16265,13176,20368,968,398797304,1
2026-05-01T13:45:43.854,A1,1,7790,-58.5,-75.0,-16.5,166.21,108,17595,17951,17235,22092,1000,400400138,1
2026-05-01T13:45:43.944,A1,1,7791,-58.8,-75.9,-17.1,183.8,96,14850,17645,14582,18510,924,446892296,1
2026-05-01T13:45:44.093,A1,1,7792,-58.9,-75.7,-16.8,189.92,92,13510,17473,16008,18109,919,469315286,1
2026-05-01T13:45:44.214,A1,1,7793,-58.8,-76.8,-18.0,167.41,96,17151,16071,12445,18666,929,410054310,1
2026-05-01T13:45:44.305,A1,1,7794,-58.8,-75.5,-16.8,114.15,160,17441,18264,17312,22814,1025,752537802,1
2026-05-01T13:45:44.456,A1,1,7795,-59.0,-79.5,-20.5,145.59,108,18311,15724,9217,21031,992,430155004,1
2026-05-01T13:45:44.544,A1,1,7796,-58.6,-76.1,-17.5,181.87,92,16942,16732,12339,18372,914,433401903,1
2026-05-01T13:45:44.665,A1,1,7797,-58.7,-75.7,-17.0,119.79,148,13833,17729,16675,19340,942,484071366,1
2026-05-01T13:45:44.753,A1,1,7798,-58.7,-76.0,-17.3,187.04,100,18252,18704,15218,23040,1028,449038147,1
2026-05-01T13:45:44.904,A1,1,7799,-57.5,-78.7,-21.2,180.3,84,17153,15145,9172,20051,921,401458294,1
2026-05-01T13:45:44.965,A1,1,7800,-58.8,-75.7,-16.8,119.74,140,15841,16764,13899,17701,905,446176909,1
2026-05-01T13:45:45.084,A1,1,7801,-58.9,-75.3,-16.4,162.62,104,16716,16912,17481,20589,978,408983641,1
2026-05-01T13:45:45.204,A1,1,7802,-59.0,-74.7,-15.7,180.46,92,15646,16602,14776,16709,885,413052806,1
2026-05-01T13:45:45.324,A1,1,7803,-58.8,-75.6,-16.8,167.98,100,15359,16798,14522,17695,904,411210921,1
2026-05-01T13:45:45.444,A1,1,7804,-58.8,-76.9,-18.1,182.05,100,16530,18205,13424,20899,983,482491351,1
2026-05-01T13:45:45.563,A1,1,7805,-59.0,-77.1,-18.1,141.52,124,14915,17549,13064,18614,934,469228185,1
2026-05-01T13:45:45.685,A1,1,7806,-58.8,-76.0,-17.2,168.24,100,17907,16824,15766,21369,992,478237333,1
2026-05-01T13:45:45.837,A1,1,7807,-58.9,-75.3,-16.5,207.3,84,14994,17413,15272,18113,917,453744031,1
2026-05-01T13:45:45.954,A1,1,7808,-59.0,-75.1,-16.1,124.26,140,15016,17397,15144,17569,908,418739718,1
2026-05-01T13:45:46.045,A1,1,7809,-59.3,-76.7,-17.4,126.69,148,17024,18750,17332,23909,1068,424700643,1
2026-05-01T13:45:46.164,A1,1,7810,-58.7,-76.1,-17.4,122.44,148,18207,18121,17079,24208,1054,448320166,1
2026-05-01T13:45:46.255,A1,1,7811,-58.7,-76.5,-17.8,125.91,140,14123,17627,15036,19173,938,422815412,1
2026-05-01T13:45:46.374,A1,1,7812,-59.0,-76.8,-17.8,175.81,96,17114,16878,13180,19597,958,461271250,1
2026-05-01T13:45:46.434,A1,1,7813,-58.6,-75.9,-17.3,109.97,156,16177,17155,17716,21941,999,450702811,1
2026-05-01T13:45:46.553,A1,1,7814,-59.0,-76.5,-17.5,189.46,100,16773,18946,17177,23945,1059,743081621,1
2026-05-01T13:45:46.645,A1,1,7815,-58.5,-76.4,-17.9,182.82,96,15662,17551,13093,19018,928,446831858,1
2026-05-01T13:45:46.765,A1,1,7816,-58.7,-77.6,-18.9,186.57,96,15723,17911,12356,20243,964,422416609,1
2026-05-01T13:45:46.884,A1,1,7817,-58.5,-76.1,-17.7,183.33,96,12765,17600,16559,19296,933,466096878,1
2026-05-01T13:45:46.973,A1,1,7818,-58.7,-75.7,-17.0,188.95,92,16710,17383,14903,19861,955,389483571,1
2026-05-01T13:45:47.094,A1,1,7819,-58.5,-76.4,-17.9,155.89,112,18505,17460,14689,22674,1012,423260468,1
2026-05-01T13:45:47.184,A1,1,7820,-58.3,-76.4,-18.2,171.19,100,17472,17119,10915,19203,925,443134490,1
2026-05-01T13:45:47.307,A1,1,7821,-58.6,-75.0,-16.4,191.0,88,16582,16808,13232,17362,890,415375072,1
2026-05-01T13:45:47.424,A1,1,7822,-58.8,-74.8,-16.0,190.38,88,14737,16753,15557,17099,888,769176156,1
2026-05-01T13:45:47.543,A1,1,7823,-58.7,-75.2,-16.6,123.75,136,14888,16830,15470,17813,903,452998778,1
2026-05-01T13:45:47.633,A1,1,7824,-58.7,-75.9,-17.2,110.06,160,16827,17609,16023,21275,987,426047689,1
2026-05-01T13:45:47.755,A1,1,7825,-58.9,-77.9,-19.0,112.1,148,17764,16591,9057,19066,942,476765192,1
2026-05-01T13:45:47.874,A1,1,7826,-58.7,-75.4,-16.7,175.0,100,15509,17500,17110,20260,965,425818724,1
2026-05-01T13:45:48.023,A1,1,7827,-59.1,-78.2,-19.1,153.23,120,17387,18387,11740,22177,1023,392411939,1
2026-05-01T13:45:48.114,A1,1,7828,-59.5,-76.5,-17.0,181.1,92,16458,16661,11099,16575,896,407471190,1
2026-05-01T13:45:48.235,A1,1,7829,-59.0,-79.2,-20.2,169.71,92,18354,15613,9005,20422,978,406939484,1
2026-05-01T13:45:48.326,A1,1,7830,-58.7,-76.0,-17.3,136.04,120,17999,16325,15694,21163,984,486234158,1
2026-05-01T13:45:48.414,A1,1,7831,-58.8,-75.8,-17.0,185.38,100,17031,18538,15222,21402,995,462654484,1
2026-05-01T13:45:48.534,A1,1,7832,-58.8,-75.3,-16.5,125.06,136,15592,17008,14407,17627,902,401655856,1
2026-05-01T13:45:48.654,A1,1,7833,-58.8,-77.7,-18.9,182.59,104,18903,18989,12951,25007,1074,763684320,1
2026-05-01T13:45:48.746,A1,1,7834,-58.7,-75.5,-16.8,129.98,128,16734,16638,12908,17649,900,441967036,1
2026-05-01T13:45:48.835,A1,1,7835,-58.7,-75.7,-17.0,152.61,108,17428,16482,15960,20514,970,428730612,1
2026-05-01T13:45:48.955,A1,1,7836,-59.0,-75.8,-16.9,165.43,108,16642,17866,15807,20674,983,465893578,1
2026-05-01T13:45:49.103,A1,1,7837,-59.1,-78.4,-19.2,164.89,92,17449,15170,8974,17736,916,458975276,1
2026-05-01T13:45:49.164,A1,1,7838,-59.0,-75.8,-16.7,185.98,96,16784,17854,13973,19297,952,651990833,1
2026-05-01T13:45:49.286,A1,1,7839,-58.9,-77.2,-18.3,185.56,96,15401,17814,12780,19431,949,446743149,1
2026-05-01T13:45:49.375,A1,1,7840,-58.5,-77.6,-19.1,188.88,92,16262,17377,10553,19369,936,428198694,1
2026-05-01T13:45:49.464,A1,1,7841,-58.4,-74.8,-16.4,175.51,96,16421,16849,14399,18016,901,492497401,1
2026-05-01T13:45:49.614,A1,1,7842,-58.8,-74.4,-15.6,178.66,96,16023,17151,14730,17184,892,466074525,1
2026-05-01T13:45:49.703,A1,1,7843,-59.4,-76.4,-17.0,160.71,104,16382,16714,11518,16792,898,467883170,1
2026-05-01T13:45:49.856,A1,1,7844,-58.8,-75.7,-16.8,134.39,124,16542,16664,13263,17728,906,717697656,1
2026-05-01T13:45:57.984,A1,1,7845,-59.2,-75.2,-16.0,202.07,88,16448,17782,14519,18403,935,405288430,1
2026-05-01T13:45:58.074,A1,1,7846,-59.0,-75.7,-16.7,164.45,108,14587,17761,15509,18649,934,399069409,1
2026-05-01T13:45:58.195,A1,1,7847,-59.6,-76.3,-16.7,133.67,128,16682,17110,12070,17311,920,749852333,1
2026-05-01T13:45:58.285,A1,1,7848,-59.2,-76.0,-16.7,202.6,84,16434,17018,12556,17388,910,399114568,1
2026-05-01T13:45:58.403,A1,1,7849,-58.7,-74.3,-15.6,193.03,88,16219,16987,14680,17179,887,750348260,1
2026-05-01T13:45:58.494,A1,1,7850,-59.0,-76.0,-17.0,193.51,88,17007,17029,11591,17624,907,752757752,1
2026-05-01T13:45:58.614,A1,1,7851,-58.6,-76.2,-17.6,189.92,88,16453,16713,11727,17715,897,442514251,1
2026-05-01T13:45:58.735,A1,1,7852,-58.8,-75.6,-16.9,181.32,92,16068,16681,13053,17315,893,444666255,1
2026-05-01T13:45:58.855,A1,1,7853,-59.4,-75.8,-16.4,186.3,92,16536,17140,12830,17335,912,432960330,1
2026-05-01T13:45:58.945,A1,1,7854,-58.9,-75.2,-16.3,128.07,132,15293,16905,14743,17349,899,451526292,1
2026-05-01T13:45:59.063,A1,1,7855,-58.9,-74.6,-15.7,200.27,84,16349,16823,14127,16931,888,467687832,1
2026-05-01T13:45:59.214,A1,1,7856,-59.1,-75.4,-16.3,175.4,96,17022,16838,16035,19553,960,442503023,1
2026-05-01T13:45:59.335,A1,1,7857,-59.4,-78.9,-19.5,105.38,144,17863,15175,9394,18700,948,708471337,1
2026-05-01T13:45:59.424,A1,1,7858,-58.9,-75.6,-16.8,181.95,96,16885,17467,16060,20636,978,437046156,1
2026-05-01T13:45:59.514,A1,1,7859,-58.9,-78.9,-20.0,147.92,124,17460,18342,10581,22873,1030,419536012,1
2026-05-01T13:45:59.633,A1,1,7860,-58.7,-75.2,-16.5,172.08,104,18018,17896,17552,22731,1021,485017323,1
2026-05-01T13:45:59.726,A1,1,7861,-58.7,-78.1,-19.5,149.19,124,17889,18499,11699,23393,1035,440199122,1
2026-05-01T13:45:59.813,A1,1,7862,-58.7,-75.3,-16.6,179.21,96,18001,17204,17203,21978,1005,443743787,1
2026-05-01T13:45:59.934,A1,1,7863,-59.0,-79.3,-20.3,141.85,108,18188,15320,9157,20102,971,444389030,1
2026-05-01T13:46:00.053,A1,1,7864,-59.1,-78.3,-19.2,190.93,92,18786,17566,11120,22637,1032,403398202,1
2026-05-01T13:46:00.173,A1,1,7865,-59.2,-75.3,-16.1,175.08,100,16975,17508,13442,17979,924,440006602,1
2026-05-01T13:46:00.265,A1,1,7866,-58.9,-75.7,-16.7,191.3,92,16591,17600,15026,19645,957,397417896,1
2026-05-01T13:46:00.385,A1,1,7867,-59.0,-76.4,-17.5,206.11,80,16658,16489,10167,16627,882,722338744,1
2026-05-01T13:46:00.473,A1,1,7868,-58.6,-79.2,-20.6,172.39,100,17300,17239,9406,21631,993,457645632,1
2026-05-01T13:46:00.624,A1,1,7869,-59.1,-75.5,-16.4,204.6,88,16537,18005,14725,19274,953,424538121,1
2026-05-01T13:46:00.746,A1,1,7870,-58.9,-74.6,-15.7,183.71,92,16357,16901,14279,17065,892,458474913,1
2026-05-01T13:46:00.835,A1,1,7871,-58.9,-75.8,-16.9,134.72,124,17594,16705,18082,22446,1023,397108109,1
2026-05-01T13:46:00.954,A1,1,7872,-58.9,-75.6,-16.7,181.21,96,16526,17396,15217,19538,952,722365008,1
2026-05-01T13:46:01.076,A1,1,7873,-59.0,-74.7,-15.7,167.94,104,16386,17466,14636,17748,912,487629317,1
2026-05-01T13:46:01.194,A1,1,7874,-58.8,-76.9,-18.1,166.69,112,18145,18669,13757,23107,1034,454118935,1
2026-05-01T13:46:01.283,A1,1,7875,-58.7,-75.8,-17.1,188.83,88,16887,16617,11964,17490,897,428741709,1
2026-05-01T13:46:01.435,A1,1,7876,-58.7,-77.4,-18.7,160.14,96,17967,15373,12438,19877,954,461339463,1
2026-05-01T13:46:01.554,A1,1,7877,-58.8,-77.2,-18.4,201.99,84,16752,16967,10355,18393,921,480292751,1
2026-05-01T13:46:01.613,A1,1,7878,-59.3,-77.3,-18.0,190.11,84,16775,15969,9835,16731,894,427199294,1
2026-05-01T13:46:01.765,A1,1,7879,-58.8,-75.9,-17.0,122.07,152,16993,18555,16052,22018,1010,439226018,1
2026-05-01T13:46:01.824,A1,1,7880,-58.6,-77.5,-18.9,167.98,104,16036,17470,11211,19375,938,421385027,1
2026-05-01T13:46:01.945,A1,1,7881,-59.2,-79.8,-20.6,96.97,152,18006,14740,8088,19243,955,436498088,1
2026-05-01T13:46:02.034,A1,1,7882,-58.6,-75.0,-16.4,141.85,120,16649,17022,13449,17683,897,760055912,1
2026-05-01T13:46:02.182,A1,1,7883,-58.6,-75.5,-16.9,167.17,100,16144,16717,17651,20895,974,427961157,1
2026-05-01T13:46:02.273,A1,1,7884,-58.4,-75.2,-16.8,183.75,100,16014,18375,16752,21264,977,459631990,1
2026-05-01T13:46:02.335,A1,1,7885,-58.8,-75.6,-16.8,125.3,136,16865,17041,13000,18056,914,444794451,1
2026-05-01T13:46:02.455,A1,1,7886,-58.8,-75.3,-16.6,202.33,88,14234,17805,16359,18842,932,461155780,1
2026-05-01T13:46:02.633,A1,1,7887,-58.9,-79.1,-20.2,137.71,112,18216,15424,9093,20115,968,464649381,1
2026-05-01T13:46:02.724,A1,1,7888,-58.5,-77.4,-18.9,174.54,96,17377,16756,9883,19200,932,462264301,1
2026-05-01T13:46:02.848,A1,1,7889,-58.9,-74.9,-16.0,131.76,132,16262,17392,14746,18074,918,458769708,1
2026-05-01T13:46:02.964,A1,1,7890,-59.1,-75.3,-16.2,124.29,144,16499,17898,14605,18788,942,725795586,1
2026-05-01T13:46:03.053,A1,1,7891,-59.2,-79.3,-20.1,167.59,88,17812,14748,8662,18668,942,419434165,1
2026-05-01T13:46:03.144,A1,1,7892,-59.1,-75.3,-16.1,123.47,144,17074,17780,14033,18709,940,486548469,1
2026-05-01T13:46:03.263,A1,1,7893,-58.9,-75.9,-16.9,183.17,96,16464,17584,14187,19204,946,455947442,1
2026-05-01T13:46:03.353,A1,1,7894,-58.8,-74.9,-16.1,192.35,92,16744,17696,14237,18475,924,395647098,1
2026-05-01T13:46:03.505,A1,1,7895,-58.6,-75.4,-16.8,179.61,96,14974,17243,14862,18062,908,752008227,1
2026-05-01T13:46:03.565,A1,1,7896,-58.9,-75.7,-16.8,190.51,92,14648,17527,15151,18251,921,486681141,1
2026-05-01T13:46:03.653,A1,1,7897,-59.0,-76.4,-17.5,164.68,100,16388,16468,10852,16761,885,435541445,1
2026-05-01T13:46:03.774,A1,1,7898,-58.9,-75.5,-16.6,211.32,84,15887,17751,14686,18744,934,768848028,1
2026-05-01T13:46:03.867,A1,1,7899,-58.7,-75.0,-16.3,130.09,132,16700,17172,14047,18135,911,485002276,1
2026-05-01T13:46:04.017,A1,1,7900,-58.8,-76.6,-17.8,128.58,132,17288,16973,10717,18267,919,766886578,1
2026-05-01T13:46:04.074,A1,1,7901,-58.4,-76.2,-17.8,182.24,92,16471,16766,12336,18360,909,440305847,1
2026-05-01T13:46:04.163,A1,1,7902,-58.7,-75.1,-16.4,170.25,100,13755,17025,16090,17498,896,422412953,1
2026-05-01T13:46:04.252,A1,1,7903,-59.1,-76.0,-16.9,193.84,88,16587,17058,13450,18282,929,397827042,1
2026-05-01T13:46:04.374,A1,1,7904,-57.0,-74.8,-17.8,168.86,96,17720,16211,16879,22497,957,767231614,1
2026-05-01T13:46:04.465,A1,1,7905,-58.6,-75.7,-17.1,103.62,160,17762,16579,17641,22405,1010,436668418,1
2026-05-01T13:46:04.554,A1,1,7906,-68.2,-75.8,-7.7,165.86,100,16271,16586,12566,9046,893,463092540,1
2026-05-01T13:46:04.703,A1,1,7907,-59.0,-75.1,-16.0,182.83,96,16162,17552,14573,18064,921,521242776,1
2026-05-01T13:46:04.794,A1,1,7908,-58.4,-75.7,-17.3,155.92,108,17282,16839,17333,22185,999,478151802,1
2026-05-01T13:46:04.914,A1,1,7909,-58.8,-77.2,-18.4,168.98,92,17552,15546,11788,18786,930,405815586,1
2026-05-01T13:46:05.033,A1,1,7910,-58.6,-75.1,-16.5,181.41,92,15330,16690,15216,17815,901,497278977,1
2026-05-01T13:46:05.153,A1,1,7911,-59.0,-75.9,-16.8,114.58,144,13985,16499,15871,17572,908,416295663,1
2026-05-01T13:46:05.243,A1,1,7912,-58.0,-75.0,-17.0,181.3,92,16164,16680,14356,18445,898,396246465,1
2026-05-01T13:46:05.423,A1,1,7913,-58.5,-74.4,-15.9,149.37,112,15214,16729,15521,17177,883,396621055,1
2026-05-01T13:46:05.485,A1,1,7914,-58.0,-76.7,-18.6,173.68,96,17204,16673,9912,18594,902,767514797,1
2026-05-01T13:46:05.574,A1,1,7915,-58.8,-75.2,-16.4,126.51,140,16117,17711,14619,18633,929,485726023,1
2026-05-01T13:46:05.665,A1,1,7916,-58.9,-75.8,-16.9,186.14,96,15527,17869,15335,19534,954,486095439,1
2026-05-01T13:46:05.783,A1,1,7917,-59.2,-78.2,-19.1,125.03,140,10784,17504,16428,19755,967,427329464,1
2026-05-01T13:46:05.873,A1,1,7918,-58.1,-76.0,-17.9,155.63,108,14681,16808,14383,18577,903,766435080,1
2026-05-01T13:46:05.995,A1,1,7919,-58.6,-76.4,-17.8,193.55,84,16431,16258,11436,17313,889,443547820,1
2026-05-01T13:46:06.114,A1,1,7920,-58.3,-76.2,-17.9,103.37,172,17240,17780,13190,20677,962,422823289,1
2026-05-01T13:46:06.204,A1,1,7921,-58.7,-77.3,-18.6,92.65,168,15505,15565,17213,21433,993,421459724,1
2026-05-01T13:46:06.293,A1,1,7922,-58.6,-78.4,-19.8,155.81,96,16929,14958,12266,19809,950,411826327,1
2026-05-01T13:46:06.415,A1,1,7923,-58.7,-78.1,-19.4,172.81,104,17162,17972,11890,22082,1008,462012413,1
2026-05-01T13:46:06.533,A1,1,7924,-58.9,-80.4,-21.5,93.7,168,16584,15742,10420,21308,995,712908742,1
2026-05-01T13:46:06.623,A1,1,7925,-58.5,-78.4,-19.9,163.72,104,14604,17027,12637,19951,951,450429016,1
2026-05-01T13:46:06.715,A1,1,7926,-58.7,-77.7,-19.0,140.23,128,14280,17950,14126,20589,973,414384887,1
2026-05-01T13:46:06.833,A1,1,7927,-58.4,-75.9,-17.5,192.68,92,16736,17727,14995,20996,971,522425636,1
2026-05-01T13:46:06.956,A1,1,7928,-58.6,-79.8,-21.2,155.76,92,17611,14330,7740,19045,930,477777159,1
2026-05-01T13:46:07.075,A1,1,7929,-58.7,-76.1,-17.4,178.68,96,17524,17153,10818,18292,916,391455257,1
2026-05-01T13:46:07.193,A1,1,7930,-58.6,-75.5,-16.8,166.88,104,14983,17355,15049,18358,915,447915003,1
2026-05-01T13:46:07.253,A1,1,7931,-58.3,-75.7,-17.4,123.17,144,18177,17736,14734,21841,988,440185468,1
2026-05-01T13:46:07.373,A1,1,7932,-58.4,-74.8,-16.4,118.62,152,16617,18031,16721,20864,969,419216830,1
2026-05-01T13:46:07.463,A1,1,7933,-58.0,-78.0,-20.0,164.41,92,17653,15126,11133,20199,939,524553933,1
2026-05-01T13:46:07.584,A1,1,7934,-58.3,-78.9,-20.5,108.03,160,16105,17284,9877,20654,961,470225067,1
2026-05-01T13:46:07.704,A1,1,7935,-58.2,-75.8,-17.6,139.83,124,18242,17339,14361,21610,978,450360210,1
2026-05-01T13:46:07.824,A1,1,7936,-72.4,-76.2,-3.7,125.24,136,14840,17032,14632,7143,920,462893202,1
2026-05-01T13:46:07.974,A1,1,7937,-58.6,-76.2,-17.6,152.9,104,17387,15902,15968,20833,973,425994336,1
2026-05-01T13:46:08.004,A1,1,7938,-58.7,-76.6,-17.8,165.61,104,17467,17223,10859,18809,930,398161097,1
2026-05-01T13:46:08.153,A1,1,7939,-59.0,-78.8,-19.8,183.56,84,16758,15419,8736,17826,913,487936297,1
2026-05-01T13:46:08.275,A1,1,7940,-58.9,-77.9,-19.0,204.28,88,17035,17977,11331,21067,989,461386290,1
2026-05-01T13:46:08.393,A1,1,7941,-58.8,-76.2,-17.4,179.63,92,15572,16526,13133,17502,899,432476088,1
2026-05-01T13:46:08.484,A1,1,7942,-58.7,-75.7,-17.0,103.62,152,17350,15751,16534,20263,964,491746893,1
2026-05-01T13:46:08.603,A1,1,7943,-58.8,-75.7,-16.9,177.83,88,16682,15649,15401,18657,929,406810948,1
2026-05-01T13:46:08.724,A1,1,7944,-58.6,-75.4,-16.9,104.66,156,16692,16327,16318,19833,950,438649424,1
2026-05-01T13:46:08.814,A1,1,7945,-58.6,-75.4,-16.8,173.47,92,16791,15959,16625,19815,951,763457963,1
2026-05-01T13:46:08.934,A1,1,7946,-58.4,-79.2,-20.8,174.14,96,17966,16717,9430,22145,997,425495194,1
2026-05-01T13:46:09.024,A1,1,7947,-58.5,-75.7,-17.2,113.83,144,16644,16392,15999,20048,952,436446951,1
2026-05-01T13:46:09.115,A1,1,7948,-58.4,-75.4,-17.1,181.8,92,16577,16726,15616,19785,942,396410255,1
2026-05-01T13:46:09.235,A1,1,7949,-59.3,-75.4,-16.2,193.78,88,13619,17053,16105,17141,904,414473314,1
2026-05-01T13:46:09.323,A1,1,7950,-59.1,-75.4,-16.3,185.8,92,13263,17094,16317,17315,904,483101028,1
2026-05-01T13:46:09.443,A1,1,7951,-58.7,-75.7,-17.0,188.25,92,17213,17319,12380,18492,922,422444429,1
2026-05-01T13:46:09.534,A1,1,7952,-58.8,-76.1,-17.3,120.25,136,16478,16354,14707,19069,937,497877125,1
2026-05-01T13:46:09.685,A1,1,7953,-58.7,-75.8,-17.1,121.11,140,16708,16956,15772,20263,964,420056156,1
2026-05-01T13:46:09.745,A1,1,7954,-58.9,-78.3,-19.4,118.31,140,16580,16564,10438,19164,943,526378506,1
2026-05-01T13:46:09.835,A1,1,7955,-58.6,-76.0,-17.4,153.66,112,16781,17210,16852,21812,997,573801175,1
2026-05-01T13:46:09.955,A1,1,7956,-58.8,-77.6,-18.8,191.12,88,16026,16819,11416,18785,931,449304607,1
2026-05-01T13:46:10.133,A1,1,7957,-59.1,-77.3,-18.2,130.8,128,15282,16743,12237,17805,916,432323246,1
2026-05-01T13:46:10.193,A1,1,7958,-58.5,-77.6,-19.1,149.93,100,17394,14993,12606,19576,940,436012034,1
2026-05-01T13:46:10.284,A1,1,7959,-58.6,-75.8,-17.2,168.37,104,17092,17510,12864,19126,934,466124658,1
2026-05-01T13:46:10.403,A1,1,7960,-58.7,-75.2,-16.5,119.09,148,14602,17625,17022,19468,944,427713541,1
2026-05-01T13:46:10.493,A1,1,7961,-58.7,-76.9,-18.1,165.88,100,15261,16588,13498,18420,920,396466042,1
2026-05-01T13:46:10.613,A1,1,7962,-58.9,-76.2,-17.3,182.76,96,16838,17545,17865,22976,1034,469300557,1
2026-05-01T13:46:10.703,A1,1,7963,-59.2,-79.6,-20.4,167.37,104,15641,17406,9831,20074,977,455370921,1
2026-05-01T13:46:10.853,A1,1,7964,-58.8,-76.7,-17.9,191.19,88,16167,16825,12309,18323,920,733539431,1
2026-05-01T13:46:10.943,A1,1,7965,-58.8,-76.3,-17.5,166.01,100,15251,16601,13860,17910,908,462093461,1
2026-05-01T13:46:11.063,A1,1,7966,-59.1,-76.2,-17.2,189.39,88,13979,16666,15063,17481,907,683488230,1
2026-05-01T13:46:11.183,A1,1,7967,-58.6,-77.6,-19.0,196.36,88,17671,17280,9700,19943,954,420353705,1
2026-05-01T13:46:11.273,A1,1,7968,-59.2,-76.4,-17.2,124.01,136,12905,16865,16359,17973,924,395539371,1
2026-05-01T13:46:11.364,A1,1,7969,-58.7,-79.4,-20.7,172.21,96,18201,16532,8909,21851,1000,443500959,1
2026-05-01T13:46:11.484,A1,1,7970,-58.6,-76.7,-18.1,178.79,92,15266,16449,12968,17889,903,444357430,1
2026-05-01T13:46:11.605,A1,1,7971,-59.0,-76.7,-17.7,168.88,104,17511,17564,11498,19360,952,726711381,1
2026-05-01T13:46:11.692,A1,1,7972,-59.0,-78.9,-19.9,119.22,152,17691,18122,10457,22592,1029,444291747,1
2026-05-01T13:46:11.815,A1,1,7973,-58.9,-77.8,-18.9,189.14,88,16655,16644,10767,18934,938,429515260,1
2026-05-01T13:46:11.935,A1,1,7974,-58.9,-77.3,-18.4,124.38,140,17631,17413,10868,19967,962,721118089,1
2026-05-01T13:46:12.026,A1,1,7975,-58.7,-76.2,-17.4,177.33,100,17523,17733,12515,19795,954,444069406,1
2026-05-01T13:46:12.145,A1,1,7976,-58.8,-77.4,-18.6,168.47,100,15216,16847,11968,18105,915,461552628,1
2026-05-01T13:46:12.233,A1,1,7977,-58.7,-77.1,-18.4,112.81,136,16938,15342,13193,18907,931,445053942,1
2026-05-01T13:46:12.353,A1,1,7978,-58.5,-76.4,-18.0,186.18,92,16787,17129,12303,19160,930,482615701,1
2026-05-01T13:46:12.444,A1,1,7979,-58.6,-77.0,-18.4,184.08,96,18262,17672,12984,22149,1006,466120782,1
2026-05-01T13:46:12.593,A1,1,7980,-59.2,-78.6,-19.5,122.59,128,16605,15692,9196,17744,917,681434019,1
2026-05-01T13:46:12.653,A1,1,7981,-58.6,-76.3,-17.7,183.76,96,17419,17641,13273,20501,966,522259111,1
2026-05-01T13:46:12.803,A1,1,7982,-58.9,-79.2,-20.3,187.64,96,17522,18013,9985,22641,1026,717121705,1
2026-05-01T13:46:12.926,A1,1,7983,-58.7,-76.1,-17.3,137.6,124,15004,17062,14754,18512,923,425420649,1
2026-05-01T13:46:13.015,A1,1,7984,-58.9,-76.3,-17.4,172.77,96,14804,16586,14560,17882,913,457076051,1
2026-05-01T13:46:13.103,A1,1,7985,-58.9,-76.3,-17.4,171.81,96,14692,16494,14053,17414,899,419630288,1
2026-05-01T13:46:13.223,A1,1,7986,-58.8,-76.3,-17.5,182.42,92,14839,16783,13701,17569,902,459680203,1
2026-05-01T13:46:13.315,A1,1,7987,-59.1,-79.1,-20.1,183.47,96,17698,17613,10037,22111,1020,423936434,1
2026-05-01T13:46:13.405,A1,1,7988,-58.9,-75.5,-16.6,123.54,144,15961,17790,16910,20565,979,458746667,1
2026-05-01T13:46:13.524,A1,1,7989,-58.9,-76.0,-17.1,155.74,116,17375,18066,15446,21514,1002,482448532,1
2026-05-01T13:46:13.675,A1,1,7990,-58.9,-77.6,-18.7,166.64,100,15702,16664,11326,18109,919,735601576,1
2026-05-01T13:46:13.733,A1,1,7991,-58.9,-75.6,-16.7,189.57,92,14207,17440,16802,19097,943,459659101,1
2026-05-01T13:46:13.884,A1,1,7992,-58.6,-76.3,-17.7,129.97,128,16612,16636,15747,20690,971,455633602,1
2026-05-01T13:46:14.006,A1,1,7993,-58.9,-76.7,-17.8,179.68,92,15092,16531,14099,18236,920,468624071,1
2026-05-01T13:46:14.123,A1,1,7994,-58.8,-75.9,-17.1,180.95,88,16821,15924,17297,20823,981,460333066,1
2026-05-01T13:46:14.244,A1,1,7995,-58.8,-75.8,-17.0,137.11,128,17067,17550,15768,20953,984,463922501,1
2026-05-01T13:46:14.334,A1,1,7996,-58.6,-75.7,-17.2,167.47,108,17507,18087,14086,20766,971,460370497,1
2026-05-01T13:46:14.454,A1,1,7997,-58.8,-76.3,-17.5,160.92,100,16964,16092,17105,21467,995,474280264,1
2026-05-01T13:46:14.575,A1,1,7998,-59.1,-75.9,-16.9,127.33,144,17433,18335,15345,21418,1004,386911947,1
2026-05-01T13:46:14.693,A1,1,7999,-59.2,-76.7,-17.5,126.31,132,14698,16673,14273,17874,920,482856776,1
2026-05-01T13:46:14.813,A1,1,8000,-58.9,-77.6,-18.7,188.19,96,17083,18066,12052,21149,993,728709118,1
2026-05-01T13:46:14.905,A1,1,8001,-58.8,-78.9,-20.1,162.5,104,15877,16900,9877,19436,946,765380316,1
2026-05-01T13:46:15.025,A1,1,8002,-58.9,-76.3,-17.4,184.98,96,17505,17758,12449,19703,956,414447533,1
2026-05-01T13:46:15.144,A1,1,8003,-58.6,-76.2,-17.6,161.16,100,16391,16116,15828,20039,955,747537740,1
2026-05-01T13:46:15.264,A1,1,8004,-58.9,-77.7,-18.8,165.02,92,16734,15182,11847,18149,920,484024509,1
2026-05-01T13:46:15.415,A1,1,8005,-59.4,-77.6,-18.2,163.0,104,15030,16952,12061,17622,922,734382068,1
2026-05-01T13:46:15.505,A1,1,8006,-58.8,-76.3,-17.6,181.95,88,16309,16012,15714,19733,954,695323468,1
2026-05-01T13:46:15.625,A1,1,8007,-59.2,-76.7,-17.5,194.89,84,12959,16371,15515,17272,906,478669597,1
2026-05-01T13:46:15.743,A1,1,8008,-58.8,-75.7,-16.9,173.6,100,17054,17360,15509,20474,972,710951355,1
2026-05-01T13:46:15.833,A1,1,8009,-58.8,-77.2,-18.5,131.08,132,17119,17303,11131,19597,950,456331035,1
2026-05-01T13:46:15.924,A1,1,8010,-58.8,-75.6,-16.8,163.54,104,15909,17008,14000,18028,911,440849401,1
2026-05-01T13:46:16.045,A1,1,8011,-59.0,-75.9,-17.0,177.07,96,16579,16999,16734,20777,986,415274721,1
2026-05-01T13:46:16.193,A1,1,8012,-58.5,-76.5,-18.1,169.62,100,17900,16962,13752,21165,978,455903424,1
2026-05-01T13:46:16.252,A1,1,8013,-58.5,-75.9,-17.4,179.77,100,17410,17977,15086,21641,989,589646128,1
2026-05-01T13:46:16.373,A1,1,8014,-58.8,-75.9,-17.0,139.69,128,17105,17880,16715,22068,1011,443076888,1
2026-05-01T13:46:16.434,A1,1,8015,-58.7,-75.6,-16.9,188.15,96,16833,18062,15578,20959,979,506708748,1
2026-05-01T13:46:16.585,A1,1,8016,-58.9,-75.6,-16.7,168.48,100,17169,16848,17079,21004,988,713591582,1
2026-05-01T13:46:16.674,A1,1,8017,-58.7,-77.5,-18.9,127.81,132,16510,16871,11153,19152,936,395992206,1
2026-05-01T13:46:16.793,A1,1,8018,-59.0,-76.3,-17.2,177.29,100,17164,17729,12925,19477,956,471658747,1
2026-05-01T13:46:16.884,A1,1,8019,-59.1,-76.9,-17.7,177.71,100,16186,17771,13506,19760,966,488250371,1
2026-05-01T13:46:17.003,A1,1,8020,-58.9,-78.2,-19.4,174.77,96,15632,16778,10543,18540,927,454240282,1
2026-05-01T13:46:17.125,A1,1,8021,-59.2,-76.1,-17.0,187.0,92,14777,17204,14785,18034,924,460601425,1
2026-05-01T13:46:17.242,A1,1,8022,-58.8,-77.1,-18.4,151.12,104,17509,15717,13392,19872,957,661174731,1
2026-05-01T13:46:17.364,A1,1,8023,-59.0,-78.2,-19.3,166.83,100,15936,16683,10321,18438,928,433869840,1
2026-05-01T13:46:17.454,A1,1,8024,-59.0,-77.2,-18.2,182.81,88,16579,16087,12201,18287,925,483332595,1
2026-05-01T13:46:17.575,A1,1,8025,-59.0,-79.3,-20.3,125.83,144,17810,18120,9881,23083,1040,506377943,1
2026-05-01T13:46:17.663,A1,1,8026,-59.1,-75.9,-16.9,164.86,100,14452,16486,14713,17057,896,450962372,1
2026-05-01T13:46:17.783,A1,1,8027,-59.0,-78.8,-19.8,174.85,104,17914,18184,10374,22746,1031,399696178,1
2026-05-01T13:46:17.904,A1,1,8028,-58.7,-75.8,-17.0,191.36,92,16999,17605,13300,19207,940,443331963,1
2026-05-01T13:46:17.994,A1,1,8029,-59.0,-75.9,-16.8,118.31,144,16245,17036,16642,20291,976,707146549,1
2026-05-01T13:46:18.114,A1,1,8030,-58.9,-76.2,-17.3,111.91,144,16586,16115,16287,20143,969,445400597,1
2026-05-01T13:46:18.205,A1,1,8031,-58.9,-77.0,-18.1,184.74,100,18143,18474,13412,22678,1027,433358838,1
2026-05-01T13:46:18.293,A1,1,8032,-58.8,-75.9,-17.1,115.36,148,17514,17074,16645,21765,1001,418727706,1
2026-05-01T13:46:18.443,A1,1,8033,-58.8,-75.6,-16.8,183.3,92,15642,16864,14207,17765,907,460614593,1
2026-05-01T13:46:18.534,A1,1,8034,-59.1,-75.9,-16.8,119.62,148,17278,17704,16734,21767,1013,393162973,1
2026-05-01T13:46:18.624,A1,1,8035,-59.0,-78.3,-19.3,125.64,136,15113,17087,11660,18960,943,393968312,1
2026-05-01T13:46:18.745,A1,1,8036,-58.9,-75.9,-17.0,173.3,100,15798,17330,14104,18436,927,414846434,1
2026-05-01T13:46:18.893,A1,1,8037,-59.0,-76.7,-17.6,124.45,132,15256,16427,13143,17420,904,494318136,1
2026-05-01T13:46:18.984,A1,1,8038,-59.1,-76.4,-17.3,179.63,92,14865,16526,14519,17716,915,412061833,1
2026-05-01T13:46:19.104,A1,1,8039,-58.9,-76.5,-17.6,108.12,152,16487,16434,16026,20553,979,461118099,1
2026-05-01T13:46:19.193,A1,1,8040,-58.6,-76.1,-17.5,171.71,100,16601,17171,12520,18602,921,420445855,1
2026-05-01T13:46:19.314,A1,1,8041,-59.0,-77.6,-18.7,169.53,100,15227,16953,12322,18600,932,396162806,1
2026-05-01T13:46:19.404,A1,1,8042,-59.2,-77.6,-18.4,131.91,128,15131,16884,11839,17833,920,418442154,1
2026-05-01T13:46:19.523,A1,1,8043,-58.9,-76.7,-17.7,138.1,120,14676,16572,13874,17709,909,393684301,1
2026-05-01T13:46:19.645,A1,1,8044,-58.7,-75.7,-17.0,181.41,96,15896,17415,16744,20693,973,459119757,1
2026-05-01T13:46:19.734,A1,1,8045,-58.6,-76.4,-17.9,136.38,112,17024,15275,15394,19942,952,712250832,1
2026-05-01T13:46:19.854,A1,1,8046,-58.6,-75.8,-17.2,166.53,104,16419,17319,13657,18953,930,499263422,1
2026-05-01T13:46:19.974,A1,1,8047,-59.1,-77.3,-18.2,180.4,96,15269,17318,12714,18650,937,418671927,1
2026-05-01T13:46:20.093,A1,1,8048,-58.9,-79.4,-20.5,120.12,144,15782,17298,9874,20372,972,727335883,1
2026-05-01T13:46:20.183,A1,1,8049,-58.4,-75.8,-17.4,165.46,104,16944,17208,15546,20904,969,441848788,1
2026-05-01T13:46:20.273,A1,1,8050,-58.4,-78.0,-19.6,123.82,136,16945,16839,10194,19870,946,458911319,1
2026-05-01T13:46:20.393,A1,1,8051,-58.8,-78.8,-20.0,116.16,144,16289,16727,10097,19686,952,419405023,1
2026-05-01T13:46:20.484,A1,1,8052,-59.0,-76.5,-17.5,165.37,104,14508,17198,14904,18670,934,450117467,1
2026-05-01T13:46:20.603,A1,1,8053,-58.9,-75.7,-16.8,126.44,136,14660,17196,15114,17991,916,413496388,1
2026-05-01T13:46:20.693,A1,1,8054,-59.0,-77.6,-18.7,123.39,136,15316,16781,12420,18610,932,393019575,1
2026-05-01T13:46:20.815,A1,1,8055,-58.9,-78.5,-19.6,171.88,100,15489,17188,11024,19406,951,442214819,1
2026-05-01T13:46:20.933,A1,1,8056,-58.6,-75.9,-17.3,186.94,96,17265,17946,13999,20633,968,719241197,1
2026-05-01T13:46:21.053,A1,1,8057,-58.5,-76.1,-17.6,162.78,100,16462,16278,14667,19293,935,418106966,1
2026-05-01T13:46:21.114,A1,1,8058,-58.6,-77.5,-18.9,187.42,88,16491,16493,10787,18551,920,408408980,1
2026-05-01T13:46:21.263,A1,1,8059,-58.7,-75.9,-17.2,166.14,100,17129,16614,16888,21410,991,718468863,1
2026-05-01T13:46:21.354,A1,1,8060,-58.7,-76.4,-17.7,174.3,96,16866,16733,12726,18768,928,439894887,1
2026-05-01T13:46:21.444,A1,1,8061,-58.7,-76.3,-17.6,107.69,148,16686,15938,16309,20581,972,764035933,1
2026-05-01T13:46:21.563,A1,1,8062,-59.0,-76.8,-17.8,155.38,108,14299,16781,14204,17925,917,460502671,1
2026-05-01T13:46:21.684,A1,1,8063,-58.8,-78.7,-19.8,161.24,92,16848,14834,9905,18087,915,709422262,1
2026-05-01T13:46:21.775,A1,1,8064,-58.8,-77.2,-18.3,170.65,104,16433,17748,12353,19974,962,447764034,1
2026-05-01T13:46:21.864,A1,1,8065,-59.0,-76.3,-17.3,164.84,100,15463,16484,13647,17610,907,420538364,1
2026-05-01T13:46:21.984,A1,1,8066,-58.9,-76.4,-17.5,150.69,104,16837,15672,16546,20508,978,424999060,1
2026-05-01T13:46:22.133,A1,1,8067,-58.7,-76.0,-17.3,126.07,144,17302,18154,14896,21473,991,719480754,1
2026-05-01T13:46:22.223,A1,1,8068,-58.7,-75.3,-16.6,123.7,144,16643,17813,16518,20810,977,441314670,1
2026-05-01T13:46:22.345,A1,1,8069,-57.0,-79.6,-22.6,156.53,96,17890,15027,8301,22386,954,717202215,1
2026-05-01T13:46:22.464,A1,1,8070,-58.9,-76.3,-17.4,124.14,140,16417,17380,13369,19066,941,399999680,1
2026-05-01T13:46:22.583,A1,1,8071,-58.2,-76.5,-18.2,136.2,128,17442,17434,12092,20272,949,436168923,1
2026-05-01T13:46:22.704,A1,1,8072,-57.8,-78.0,-20.1,159.49,108,18256,17225,10704,22803,993,707892009,1
2026-05-01T13:46:22.795,A1,1,8073,-58.6,-75.7,-17.1,104.25,164,15538,17097,14514,18496,918,458158877,1
2026-05-01T13:46:22.885,A1,1,8074,-58.1,-77.0,-18.8,109.42,164,18437,17945,12992,23302,1014,488596421,1
2026-05-01T13:46:23.005,A1,1,8075,-58.9,-77.5,-18.6,168.87,92,17184,15536,14331,20499,977,408312681,1
2026-05-01T13:46:23.123,A1,1,8076,-59.2,-78.0,-18.8,121.29,136,15238,16496,11599,17827,921,488154530,1
2026-05-01T13:46:23.304,A1,1,8077,-59.2,-77.7,-18.5,121.72,144,15821,17527,12572,19589,964,450506757,1
2026-05-01T13:46:23.334,A1,1,8078,-58.5,-78.1,-19.5,138.92,124,16845,17226,10329,20228,957,417892870,1
2026-05-01T13:46:23.485,A1,1,8079,-59.2,-78.6,-19.5,120.32,132,16363,15882,12113,19522,962,488705762,1
2026-05-01T13:46:23.543,A1,1,8080,-58.4,-76.7,-18.3,158.42,108,15024,17109,14447,19659,939,435708727,1
2026-05-01T13:46:23.663,A1,1,8081,-58.4,-76.8,-18.4,152.36,100,16590,15236,15735,20601,962,745588786,1
2026-05-01T13:46:23.752,A1,1,8082,-58.2,-76.2,-18.0,101.67,172,17312,17488,12807,20383,950,442390626,1
2026-05-01T13:46:23.875,A1,1,8083,-58.3,-75.4,-17.1,152.84,112,14262,17118,15773,18515,909,453324908,1
2026-05-01T13:46:23.965,A1,1,8084,-58.2,-74.9,-16.7,171.47,100,16842,17147,13605,18468,905,396546696,1
2026-05-01T13:46:24.055,A1,1,8085,-58.4,-75.5,-17.1,170.97,96,16551,16413,13407,18003,898,744660930,1
2026-05-01T13:46:24.173,A1,1,8086,-58.1,-77.5,-19.4,168.32,100,17560,16832,9321,19714,933,439401961,1
2026-05-01T13:46:24.263,A1,1,8087,-58.6,-79.0,-20.4,176.65,100,16214,17665,10583,21376,988,747105814,1
2026-05-01T13:46:24.384,A1,1,8088,-58.7,-77.0,-18.3,166.62,104,15042,17328,13792,19368,942,473719769,1
2026-05-01T13:46:24.505,A1,1,8089,-58.4,-79.6,-21.2,139.05,108,17788,15017,9041,20561,961,421811071,1
2026-05-01T13:46:24.593,A1,1,8090,-58.5,-78.1,-19.5,165.43,104,17785,17205,9581,20727,969,456885344,1
2026-05-01T13:46:24.714,A1,1,8091,-58.9,-78.5,-19.6,133.8,132,16500,17662,10815,20672,982,441663968,1
2026-05-01T13:46:24.834,A1,1,8092,-58.1,-78.1,-20.1,152.79,112,17402,17112,9525,20927,959,416791305,1
2026-05-01T13:46:24.955,A1,1,8093,-58.8,-79.9,-21.1,87.91,164,17204,14417,8773,19007,938,466627063,1
2026-05-01T13:46:25.082,A1,1,8094,-59.5,-78.8,-19.2,111.18,140,16392,15565,9354,17251,915,721309534,1
2026-05-01T13:46:25.163,A1,1,8095,-58.1,-75.7,-17.6,160.92,112,17592,18023,15521,22552,996,423625981,1
2026-05-01T13:46:25.282,A1,1,8096,-58.5,-79.9,-21.4,146.06,100,16988,14606,8172,19005,928,451199594,1
2026-05-01T13:46:25.373,A1,1,8097,-58.4,-75.6,-17.2,102.81,172,17934,17684,16542,22719,1010,419101621,1
2026-05-01T13:46:25.464,A1,1,8098,-58.9,-78.2,-19.3,111.16,156,15303,17341,12286,19911,962,390521651,1
2026-05-01T13:46:25.613,A1,1,8099,-58.6,-75.8,-17.2,140.77,124,17301,17456,14819,20580,969,449869778,1
2026-05-01T13:46:25.673,A1,1,8100,-58.5,-75.9,-17.4,148.58,116,15024,17235,15515,19322,936,510926494,1
2026-05-01T13:46:25.793,A1,1,8101,-58.5,-75.5,-17.0,105.38,164,17755,17282,16427,21871,995,457878268,1
2026-05-01T13:46:25.884,A1,1,8102,-58.4,-75.6,-17.2,94.21,164,16885,15451,16090,19585,938,462707853,1
2026-05-01T13:46:25.976,A1,1,8103,-58.4,-75.1,-16.6,112.92,156,17330,17616,13904,19355,934,487143447,1
2026-05-01T13:46:26.095,A1,1,8104,-58.1,-77.1,-19.1,120.46,136,15949,16382,11755,18831,909,487137692,1
2026-05-01T13:46:26.213,A1,1,8105,-58.4,-79.3,-21.0,146.64,108,17851,15837,9998,21722,987,459485490,1
2026-05-01T13:46:26.302,A1,1,8106,-58.8,-76.1,-17.3,118.31,136,17143,16090,16105,20516,974,428858419,1
2026-05-01T13:46:26.454,A1,1,8107,-58.5,-79.7,-21.2,108.02,132,17226,14259,8552,18896,926,405990814,1
2026-05-01T13:46:26.546,A1,1,8108,-59.1,-76.5,-17.4,127.8,128,13935,16358,15053,17432,908,420044574,1
2026-05-01T13:46:26.693,A1,1,8109,-59.1,-77.3,-18.3,104.53,152,16475,15889,12679,18481,932,414372537,1
2026-05-01T13:46:26.814,A1,1,8110,-58.6,-75.7,-17.1,166.78,104,14689,17345,16334,19518,942,459160534,1
2026-05-01T13:46:26.904,A1,1,8111,-58.8,-76.6,-17.8,127.58,132,14572,16841,14407,18335,921,412490973,1
2026-05-01T13:46:27.023,A1,1,8112,-58.5,-79.7,-21.2,110.55,140,17685,15477,8866,20796,969,406659875,1
2026-05-01T13:46:27.144,A1,1,8113,-59.1,-76.9,-17.8,158.7,104,14299,16505,15075,18403,931,411364309,1
2026-05-01T13:46:27.293,A1,1,8114,-77.6,-77.1,0.5,135.43,124,15657,16793,13429,5209,940,460927882,1
2026-05-01T13:46:27.383,A1,1,8115,-58.8,-77.1,-18.3,130.16,140,18113,18223,13210,22553,1019,433254462,1
2026-05-01T13:46:27.472,A1,1,8116,-59.2,-79.5,-20.4,125.44,124,16736,15554,8819,18689,941,423340650,1
2026-05-01T13:46:27.594,A1,1,8117,-58.4,-75.1,-16.7,123.26,144,16231,17749,16932,20885,968,487603001,1
2026-05-01T13:46:27.683,A1,1,8118,-58.6,-75.9,-17.2,103.31,172,17989,17769,15991,22477,1012,430205039,1
2026-05-01T13:46:27.833,A1,1,8119,-58.0,-79.0,-21.0,138.21,112,17715,15480,9067,20737,951,490841197,1
2026-05-01T13:46:27.923,A1,1,8120,-59.0,-77.7,-18.8,107.23,160,17581,17157,9953,19612,957,710811162,1
2026-05-01T13:46:28.015,A1,1,8121,-58.3,-76.6,-18.3,119.02,144,15162,17139,13808,19235,928,488922049,1
2026-05-01T13:46:28.135,A1,1,8122,-59.3,-76.9,-17.6,133.77,124,14301,16588,15049,18187,932,666052578,1
2026-05-01T13:46:28.223,A1,1,8123,-58.3,-78.4,-20.1,110.73,152,16539,16831,10553,20420,954,424897857,1
2026-05-01T13:46:28.342,A1,1,8124,-58.6,-77.4,-18.8,149.79,104,16601,15578,13308,19450,941,437085813,1
2026-05-01T13:46:28.463,A1,1,8125,-58.4,-78.5,-20.1,123.7,132,17835,16329,10498,21245,978,478739123,1
2026-05-01T13:46:28.615,A1,1,8126,-58.7,-76.8,-18.1,92.87,160,16855,14859,14673,19128,938,462105165,1
2026-05-01T13:46:28.704,A1,1,8127,-58.7,-76.8,-18.1,150.9,112,15044,16901,14267,19069,935,411693835,1
2026-05-01T13:46:28.823,A1,1,8128,-58.6,-76.1,-17.4,125.93,140,17261,17630,16650,22501,1014,393009905,1
2026-05-01T13:46:28.944,A1,1,8129,-58.6,-77.5,-19.0,128.44,136,17327,17468,10759,20374,962,386978103,1
2026-05-01T13:46:29.065,A1,1,8130,-58.6,-78.6,-20.1,124.04,132,15800,16373,10457,19145,933,416865243,1
2026-05-01T13:46:29.155,A1,1,8131,-58.5,-76.5,-18.0,155.81,116,17587,18074,16775,24318,1048,441124710,1
2026-05-01T13:46:29.274,A1,1,8132,-59.1,-76.8,-17.6,123.84,136,13908,16842,16320,19158,952,402965450,1
2026-05-01T13:46:29.393,A1,1,8133,-58.6,-78.2,-19.7,137.33,124,14463,17029,13073,19866,950,436489458,1
2026-05-01T13:46:29.484,A1,1,8134,-59.0,-78.9,-19.9,122.4,140,14572,17136,12110,19682,959,486228035,1
2026-05-01T13:46:29.605,A1,1,8135,-58.5,-76.4,-18.0,122.65,148,16927,18152,15926,22931,1018,745017952,1
2026-05-01T13:46:29.695,A1,1,8136,-58.7,-76.9,-18.2,96.45,172,16807,16589,16793,22596,1017,457354405,1
2026-05-01T13:46:29.785,A1,1,8137,-58.7,-77.5,-18.8,110.54,160,15417,17687,14494,21256,986,388259042,1
2026-05-01T13:46:29.903,A1,1,8138,-59.2,-77.9,-18.7,93.09,172,16466,16011,17015,22642,1037,762372676,1
2026-05-01T13:46:29.994,A1,1,8139,-58.5,-77.6,-19.1,128.77,132,15542,16997,12787,19794,947,454865649,1
2026-05-01T13:46:30.115,A1,1,8140,-58.7,-76.3,-17.7,123.16,136,17203,16750,15745,21297,987,437383135,1
2026-05-01T13:46:30.204,A1,1,8141,-60.9,-77.5,-16.6,101.25,164,17238,16605,14749,18966,1007,461140728,1
2026-05-01T13:46:30.353,A1,1,8142,-58.5,-78.0,-19.5,129.89,136,18010,17665,12202,23040,1021,388692833,1
2026-05-01T13:46:30.443,A1,1,8143,-58.7,-77.0,-18.2,105.34,172,17561,18118,15776,23818,1047,438710241,1
2026-05-01T13:46:30.533,A1,1,8144,-58.6,-77.2,-18.6,107.41,168,16931,18045,14158,22421,1011,696298231,1
2026-05-01T13:46:30.655,A1,1,8145,-59.0,-76.8,-17.8,105.99,164,14104,17382,17222,20786,986,422539862,1
2026-05-01T13:46:30.802,A1,1,8146,-58.9,-77.5,-18.6,109.21,156,14367,17036,14565,19503,954,487765332,1
2026-05-01T13:46:30.862,A1,1,8147,-58.7,-77.9,-19.2,169.32,100,17103,16932,10853,20095,960,467988234,1
2026-05-01T13:46:30.984,A1,1,8148,-58.8,-77.9,-19.2,136.94,120,14950,16433,12451,18616,926,472133226,1
2026-05-01T13:46:31.103,A1,1,8149,-59.0,-76.8,-17.8,131.66,128,15169,16853,13618,18289,924,435452300,1
2026-05-01T13:46:31.223,A1,1,8150,-59.1,-78.5,-19.4,96.82,168,17629,16265,12052,21026,995,409597502,1
2026-05-01T13:46:31.344,A1,1,8151,-58.9,-76.2,-17.4,133.8,128,14825,17126,15038,18711,932,421656907,1
2026-05-01T13:46:31.463,A1,1,8152,-59.0,-77.0,-18.0,92.9,164,15507,15236,17149,20351,976,441986574,1
2026-05-01T13:46:31.554,A1,1,8153,-58.9,-79.1,-20.1,114.4,128,16902,14643,10534,18734,934,405924331,1
2026-05-01T13:46:31.673,A1,1,8154,-58.6,-77.6,-19.0,130.27,128,14011,16675,13513,18586,921,479672057,1
2026-05-01T13:46:31.792,A1,1,8155,-59.0,-79.5,-20.6,103.99,172,16763,17886,10266,22283,1020,486893979,1
2026-05-01T13:46:31.883,A1,1,8156,-59.0,-77.6,-18.6,95.43,164,16490,15650,14860,20367,975,394725613,1
2026-05-01T13:46:32.004,A1,1,8157,-59.0,-77.9,-18.9,93.02,164,16918,15255,13663,19813,964,388909301,1
2026-05-01T13:46:32.094,A1,1,8158,-58.9,-76.3,-17.4,125.61,144,17382,18088,16173,22618,1025,480538446,1
2026-05-01T13:46:32.212,A1,1,8159,-58.5,-77.4,-18.9,125.09,132,15061,16512,12765,18698,919,390046003,1
2026-05-01T13:46:32.332,A1,1,8160,-59.0,-79.7,-20.7,124.09,140,15762,17372,9674,20498,980,413375137,1
2026-05-01T13:46:32.423,A1,1,8161,-58.9,-77.6,-18.7,118.23,128,16508,15134,13095,18739,932,440941052,1
2026-05-01T13:46:32.543,A1,1,8162,-58.7,-77.1,-18.4,109.28,156,14669,17048,14604,19529,948,718550615,1
2026-05-01T13:46:32.662,A1,1,8163,-58.6,-76.9,-18.4,102.87,172,15878,17694,14725,21194,981,486661276,1
2026-05-01T13:46:40.733,A1,1,8164,-58.9,-76.1,-17.2,132.33,132,15547,17467,16004,20124,968,656199064,1
2026-05-01T13:46:40.913,A1,1,8165,-59.0,-76.6,-17.6,186.97,92,15165,17201,14332,18753,938,536483054,1
2026-05-01T13:46:40.974,A1,1,8166,-58.9,-76.9,-18.1,160.07,112,16038,17928,15224,21534,1000,432065169,1
2026-05-01T13:46:41.063,A1,1,8167,-58.9,-77.2,-18.4,132.61,132,15983,17504,13025,19859,960,414843168,1
2026-05-01T13:46:41.155,A1,1,8168,-59.0,-76.6,-17.6,125.98,144,17428,18141,16306,23096,1039,453415562,1
2026-05-01T13:46:41.244,A1,1,8169,-59.0,-77.3,-18.3,103.47,168,17316,17383,13507,21164,995,452191561,1
2026-05-01T13:46:41.392,A1,1,8170,-58.7,-76.8,-18.1,143.07,128,17043,18313,16348,23713,1044,415122476,1
2026-05-01T13:46:41.543,A1,1,8171,-58.9,-77.1,-18.1,123.01,148,17516,18206,14649,22735,1030,456839198,1
2026-05-01T13:46:41.632,A1,1,8172,-59.0,-78.1,-19.1,122.99,136,14925,16726,12516,18784,939,472078425,1
2026-05-01T13:46:41.754,A1,1,8173,-59.1,-77.4,-18.2,112.8,148,16816,16694,15498,21544,1009,409190675,1
2026-05-01T13:46:41.873,A1,1,8174,-59.1,-76.9,-17.8,111.05,152,14722,16880,14080,18319,928,768866807,1
2026-05-01T13:46:41.963,A1,1,8175,-59.0,-76.3,-17.4,100.27,172,17408,17246,15901,21611,1005,390345543,1
2026-05-01T13:46:42.083,A1,1,8176,-58.8,-77.5,-18.7,96.21,172,17000,16548,15326,22174,1011,744354132,1
2026-05-01T13:46:42.173,A1,1,8177,-59.2,-78.8,-19.6,132.84,128,14731,17004,11874,19139,952,472638042,1
2026-05-01T13:46:42.292,A1,1,8178,-58.8,-77.3,-18.6,99.05,164,16866,16244,15762,21924,1005,410565646,1
2026-05-01T13:46:42.413,A1,1,8179,-59.1,-77.1,-18.1,118.58,144,14917,17075,14757,19454,957,388596024,1
2026-05-01T13:46:42.503,A1,1,8180,-58.9,-79.6,-20.7,138.07,120,15596,16568,10425,19948,964,547862722,1
2026-05-01T13:46:42.622,A1,1,8181,-58.7,-76.7,-18.0,107.79,168,16742,18108,15420,22324,1013,459471850,1
2026-05-01T13:46:42.743,A1,1,8182,-59.1,-77.5,-18.5,113.29,152,15490,17220,13177,19382,955,438703630,1
2026-05-01T13:46:42.864,A1,1,8183,-58.7,-78.7,-19.9,148.91,116,17315,17274,9682,20935,981,407633242,1
2026-05-01T13:46:42.952,A1,1,8184,-59.0,-77.5,-18.5,130.62,128,14236,16719,13551,18221,924,463210994,1
2026-05-01T13:46:43.103,A1,1,8185,-58.9,-76.7,-17.8,144.62,124,17712,17933,14140,21781,1005,453275021,1
2026-05-01T13:46:43.223,A1,1,8186,-59.3,-77.5,-18.2,120.19,144,16050,17307,12656,19293,959,456612616,1
2026-05-01T13:46:43.314,A1,1,8187,-56.9,-77.9,-21.0,131.59,128,17371,16843,9553,22063,945,462610617,1
2026-05-01T13:46:43.463,A1,1,8188,-58.8,-76.2,-17.4,138.84,128,16607,17772,14327,20267,967,480907635,1
2026-05-01T13:46:43.523,A1,1,8189,-58.6,-77.8,-19.2,133.85,128,16775,17133,10515,19759,948,468461864,1
2026-05-01T13:46:43.643,A1,1,8190,-58.8,-76.5,-17.8,125.19,132,16288,16525,16630,21240,989,485568683,1
2026-05-01T13:46:43.763,A1,1,8191,-59.3,-77.7,-18.3,108.87,156,17235,16984,12016,19745,973,448986108,1
2026-05-01T13:46:43.852,A1,1,8192,-59.4,-80.0,-20.6,115.3,128,16718,14758,9022,18368,940,395665024,1
2026-05-01T13:46:44.004,A1,1,8193,-59.1,-76.9,-17.8,147.26,116,15460,17082,13372,18477,935,481030741,1
2026-05-01T13:46:44.093,A1,1,8194,-59.1,-76.9,-17.8,139.67,124,15908,17319,13299,19033,947,395771982,1
2026-05-01T13:46:44.213,A1,1,8195,-58.8,-80.3,-21.4,142.0,104,17459,14768,8340,19853,959,414424163,1
2026-05-01T13:46:44.362,A1,1,8196,-59.4,-78.4,-19.0,125.48,128,16603,16062,10482,18288,937,478854028,1
2026-05-01T13:46:44.424,A1,1,8197,-58.8,-76.3,-17.5,132.62,136,17082,18036,15074,21580,998,390111033,1
2026-05-01T13:46:44.514,A1,1,8198,-58.7,-78.1,-19.4,134.99,128,17013,17279,10142,20134,962,436510380,1
2026-05-01T13:46:44.633,A1,1,8199,-59.1,-77.5,-18.4,132.68,124,14120,16452,14108,18177,925,400156407,1
2026-05-01T13:46:44.723,A1,1,8200,-58.7,-75.7,-17.0,132.28,128,16216,16932,16577,20321,967,455042980,1
2026-05-01T13:46:44.846,A1,1,8201,-58.9,-77.5,-18.6,143.85,116,14794,16687,13735,18971,939,454968947,1
2026-05-01T13:46:44.963,A1,1,8202,-59.1,-77.2,-18.2,112.28,160,17175,17965,13173,21166,998,407417036,1
2026-05-01T13:46:45.053,A1,1,8203,-59.1,-77.1,-18.0,132.12,132,16570,17440,12351,19333,955,485709141,1
2026-05-01T13:46:45.172,A1,1,8204,-59.1,-77.0,-17.9,109.54,160,16075,17526,13567,19698,965,414741443,1
2026-05-01T13:46:45.263,A1,1,8205,-58.8,-76.7,-17.9,137.09,132,17481,18096,13784,21630,1000,432105451,1
2026-05-01T13:46:45.385,A1,1,8206,-80.8,-79.9,0.9,129.51,136,16408,17614,9711,4846,1011,452322994,1
2026-05-01T13:46:45.504,A1,1,8207,-58.8,-77.1,-18.2,117.68,132,16528,15534,15030,19896,960,441726062,1
2026-05-01T13:46:45.594,A1,1,8208,-59.6,-80.3,-20.7,97.01,160,16481,15521,8642,18660,955,419652889,1
2026-05-01T13:46:45.742,A1,1,8209,-58.6,-78.6,-20.0,102.31,168,18055,17188,10922,22541,1012,484295235,1
2026-05-01T13:46:45.804,A1,1,8210,-58.8,-77.7,-18.9,135.17,124,15554,16761,12150,18905,934,394830150,1
2026-05-01T13:46:45.924,A1,1,8211,-58.7,-77.6,-18.9,143.65,116,17091,16663,13242,20996,980,454956199,1
2026-05-01T13:46:46.014,A1,1,8212,-59.0,-77.5,-18.5,100.86,152,16902,15331,13984,19610,959,445613488,1
2026-05-01T13:46:46.133,A1,1,8213,-58.9,-76.8,-17.9,108.74,164,17052,17833,13160,20593,979,438366758,1
2026-05-01T13:46:46.222,A1,1,8214,-59.0,-77.4,-18.5,104.36,156,16875,16280,13433,19983,966,750363540,1
2026-05-01T13:46:46.343,A1,1,8215,-58.8,-75.9,-17.1,111.71,156,15141,17427,16859,20376,970,427158246,1
2026-05-01T13:46:46.465,A1,1,8216,-59.1,-77.0,-17.9,136.52,124,14495,16929,14412,18492,933,398731717,1
2026-05-01T13:46:46.554,A1,1,8217,-58.7,-76.3,-17.6,126.23,144,17583,18177,15028,22198,1010,439464430,1
2026-05-01T13:46:46.674,A1,1,8218,-58.9,-76.9,-17.9,92.26,172,16477,15869,17337,21686,1006,737967433,1
2026-05-01T13:46:46.763,A1,1,8219,-58.7,-76.2,-17.5,120.95,136,15899,16449,16441,20308,964,387480885,1
2026-05-01T13:46:46.884,A1,1,8220,-59.0,-78.6,-19.6,101.98,168,17918,17132,11421,22086,1016,738061478,1
2026-05-01T13:46:46.974,A1,1,8221,-58.9,-76.4,-17.5,120.01,140,16951,16802,15401,20631,979,514554336,1
2026-05-01T13:46:47.064,A1,1,8222,-58.9,-76.7,-17.8,101.57,164,17205,16657,15901,21559,1001,430116256,1
2026-05-01T13:46:47.213,A1,1,8223,-59.2,-77.3,-18.1,102.7,172,17533,17664,13163,21146,1002,416676812,1
2026-05-01T13:46:47.303,A1,1,8224,-58.5,-75.7,-17.2,128.21,132,15796,16924,16711,20450,962,460568998,1
2026-05-01T13:46:47.422,A1,1,8225,-59.2,-77.1,-17.9,138.43,120,13971,16611,15197,18433,937,478179513,1
2026-05-01T13:46:47.514,A1,1,8226,-58.7,-76.9,-18.1,116.43,148,15394,17231,14679,19986,959,388262527,1
2026-05-01T13:46:47.663,A1,1,8227,-59.3,-77.0,-17.7,106.47,156,13638,16609,15606,18275,935,390669007,1
2026-05-01T13:46:47.723,A1,1,8228,-58.8,-80.5,-21.7,98.73,172,15734,16982,9188,21173,988,660513287,1
2026-05-01T13:46:47.842,A1,1,8229,-58.8,-78.4,-19.6,95.64,172,17633,16450,11605,21168,989,736469618,1
2026-05-01T13:46:47.934,A1,1,8230,-59.1,-77.2,-18.1,124.94,132,13750,16492,14890,18211,927,437796100,1
2026-05-01T13:46:48.084,A1,1,8231,-59.0,-76.8,-17.8,133.94,132,16423,17680,13904,20205,974,406997180,1
2026-05-01T13:46:48.143,A1,1,8232,-59.3,-76.9,-17.6,110.69,140,15849,15496,17259,20299,984,462629661,1
2026-05-01T13:46:48.262,A1,1,8233,-59.0,-77.9,-18.8,133.16,128,17166,17044,10907,19738,963,462473986,1
2026-05-01T13:46:48.383,A1,1,8234,-58.9,-76.7,-17.8,96.55,172,16846,16606,16766,21877,1010,484617830,1
2026-05-01T13:46:48.502,A1,1,8235,-58.9,-77.4,-18.5,130.61,128,15393,16718,12498,18382,925,414669217,1
2026-05-01T13:46:48.626,A1,1,8236,-59.2,-77.5,-18.3,110.45,148,13178,16346,15201,18107,927,480345692,1
2026-05-01T13:46:48.714,A1,1,8237,-58.7,-79.2,-20.6,166.42,100,16334,16642,9325,19906,955,415544962,1
2026-05-01T13:46:48.832,A1,1,8238,-58.9,-78.5,-19.6,102.44,172,16386,17619,11563,21010,990,392356533,1
2026-05-01T13:46:48.953,A1,1,8239,-59.1,-76.4,-17.3,106.86,164,14767,17525,17137,20685,986,471836194,1
2026-05-01T13:46:49.075,A1,1,8240,-58.6,-77.1,-18.5,125.96,136,15800,17131,12819,19403,941,465861676,1
2026-05-01T13:46:49.224,A1,1,8241,-58.5,-76.0,-17.5,130.56,140,17317,18278,16935,23532,1032,398217874,1
2026-05-01T13:46:49.284,A1,1,8242,-58.7,-77.3,-18.6,111.06,160,16467,17770,13560,21266,986,531450411,1
2026-05-01T13:46:49.403,A1,1,8243,-58.9,-78.0,-19.1,101.66,164,17037,16672,12524,20645,981,456338057,1
2026-05-01T13:46:49.492,A1,1,8244,-58.6,-79.7,-21.1,124.28,136,15193,16902,9797,20086,956,389020172,1
2026-05-01T13:46:49.645,A1,1,8245,-58.8,-77.4,-18.6,139.9,124,15264,17347,13747,19920,958,406547671,1
2026-05-01T13:46:49.732,A1,1,8246,-58.7,-77.7,-19.0,104.58,172,17031,17988,13005,22118,1008,683880173,1
2026-05-01T13:46:49.822,A1,1,8247,-58.7,-78.1,-19.4,120.71,140,16148,16900,10740,19235,939,437926146,1
2026-05-01T13:46:49.973,A1,1,8248,-59.1,-77.5,-18.5,137.75,124,17298,17081,12397,20325,978,463472406,1
2026-05-01T13:46:50.098,A1,1,8249,-58.9,-77.2,-18.4,117.91,136,16598,16036,13360,19288,946,716225452,1
2026-05-01T13:46:50.153,A1,1,8250,-58.8,-79.7,-20.9,106.61,160,14963,17057,10350,20114,963,391925271,1
2026-05-01T13:46:50.331,A1,1,8251,-58.6,-79.2,-20.6,129.46,128,16161,16571,9810,20074,956,405466646,1
2026-05-01T13:46:50.453,A1,1,8252,-59.0,-77.3,-18.3,122.31,136,15075,16634,13182,18326,925,387545518,1
2026-05-01T13:46:50.483,A1,1,8253,-59.2,-77.2,-18.0,163.23,104,14446,16976,14670,18898,947,478222753,1
2026-05-01T13:46:50.605,A1,1,8254,-58.7,-76.3,-17.6,103.77,160,15683,16603,16423,20318,966,446217013,1
2026-05-01T13:46:50.726,A1,1,8255,-58.8,-76.7,-17.9,128.96,136,16136,17538,14612,20532,974,438755381,1
2026-05-01T13:46:50.842,A1,1,8256,-58.9,-77.6,-18.7,113.97,160,17626,18235,13098,22692,1027,394381789,1
2026-05-01T13:46:50.962,A1,1,8257,-58.8,-76.6,-17.7,104.93,172,16802,18048,15006,21645,1001,475094795,1
2026-05-01T13:46:51.054,A1,1,8258,-58.2,-78.5,-20.3,131.46,128,16450,16827,10034,20224,948,437489957,1
2026-05-01T13:46:51.172,A1,1,8259,-58.4,-75.7,-17.3,130.16,136,15496,17702,17144,21345,980,490192449,1
2026-05-01T13:46:51.292,A1,1,8260,-58.8,-80.0,-21.2,129.55,128,18160,16582,8896,22578,1022,408527015,1
2026-05-01T13:46:51.413,A1,1,8261,-58.7,-77.8,-19.1,144.87,124,17644,17964,11413,21784,999,416061177,1
2026-05-01T13:46:51.502,A1,1,8262,-59.0,-76.7,-17.7,148.74,104,15903,15469,17133,20429,978,390265269,1
2026-05-01T13:46:51.624,A1,1,8263,-59.3,-80.2,-20.9,135.08,128,15589,17290,9436,20368,988,705273567,1
2026-05-01T13:46:51.745,A1,1,8264,-59.3,-77.0,-17.7,171.34,96,13474,16449,15092,17615,918,479778191,1
2026-05-01T13:46:51.863,A1,1,8265,-58.6,-77.1,-18.5,106.68,156,16974,16642,14952,21583,991,463524028,1
2026-05-01T13:46:51.984,A1,1,8266,-58.9,-78.1,-19.2,129.62,120,17231,15554,11877,19560,954,729655705,1
2026-05-01T13:46:52.073,A1,1,8267,-58.6,-78.9,-20.4,163.81,100,17868,16381,9795,21317,984,744333942,1
2026-05-01T13:46:52.195,A1,1,8268,-58.8,-76.1,-17.3,133.61,136,16995,18171,16743,22675,1023,733326490,1
2026-05-01T13:46:52.284,A1,1,8269,-59.0,-77.0,-17.9,114.27,140,16258,15998,17018,21303,1000,435040507,1
2026-05-01T13:46:52.463,A1,1,8270,-58.9,-79.4,-20.5,130.01,128,15646,16641,10315,19753,958,760316241,1
2026-05-01T13:46:52.494,A1,1,8271,-59.0,-79.9,-21.0,156.73,96,17253,15046,10166,20358,976,429330087,1
2026-05-01T13:46:52.583,A1,1,8272,-58.5,-76.3,-17.8,166.93,108,16757,18028,15100,21741,992,452463035,1
2026-05-01T13:46:52.732,A1,1,8273,-59.2,-77.1,-17.9,126.45,124,16997,15680,14329,19472,962,463089073,1
2026-05-01T13:46:52.854,A1,1,8274,-59.0,-76.9,-17.9,104.12,172,17215,17908,18119,24787,1077,431582433,1
2026-05-01T13:46:52.913,A1,1,8275,-58.6,-76.8,-18.3,127.56,140,17356,17859,14836,22638,1014,483200377,1
2026-05-01T13:46:53.063,A1,1,8276,-58.6,-77.1,-18.4,143.65,116,15066,16663,13269,18563,921,759898623,1
2026-05-01T13:46:53.154,A1,1,8277,-58.7,-76.9,-18.2,114.67,156,16913,17889,13923,21438,993,437869621,1
2026-05-01T13:46:53.243,A1,1,8278,-59.5,-77.7,-18.2,98.7,164,15551,16186,17517,21795,1027,397582499,1
2026-05-01T13:46:53.364,A1,1,8279,-58.8,-77.8,-19.0,133.85,124,13984,16598,13337,18414,922,760501120,1
2026-05-01T13:46:53.512,A1,1,8280,-58.8,-76.8,-18.1,181.62,96,16585,17436,12373,19472,947,438265766,1
2026-05-01T13:46:53.572,A1,1,8281,-58.9,-78.5,-19.6,125.74,128,17294,16095,11745,20530,977,648828652,1
2026-05-01T13:46:53.634,A1,1,8282,-59.0,-77.4,-18.4,117.24,148,16471,17351,12331,19639,959,420150244,1
2026-05-01T13:46:53.753,A1,1,8283,-58.9,-76.8,-17.9,111.75,160,16886,17880,13915,21022,988,408612778,1
2026-05-01T13:46:53.874,A1,1,8284,-58.7,-77.0,-18.3,133.55,132,16167,17629,13773,20628,973,744338597,1
2026-05-01T13:46:53.962,A1,1,8285,-58.4,-75.6,-17.2,126.88,140,16379,17763,16962,21758,990,457346496,1
2026-05-01T13:46:54.084,A1,1,8286,-58.9,-77.8,-18.9,136.82,120,14318,16419,13433,18377,926,399634426,1
2026-05-01T13:46:54.203,A1,1,8287,-58.8,-77.1,-18.3,116.44,140,16700,16301,15870,21479,997,738284143,1
2026-05-01T13:46:54.293,A1,1,8288,-58.8,-77.4,-18.6,101.89,160,15573,16302,16801,21836,1004,452514042,1
2026-05-01T13:46:54.381,A1,1,8289,-59.1,-77.3,-18.3,134.11,124,14095,16630,14389,18394,930,437995608,1
2026-05-01T13:46:54.472,A1,1,8290,-58.7,-77.2,-18.5,113.81,156,16695,17755,12822,20779,975,430769634,1
2026-05-01T13:46:54.592,A1,1,8291,-58.7,-77.8,-19.1,137.04,124,15343,16993,12731,19555,947,487825256,1
2026-05-01T13:46:54.743,A1,1,8292,-58.7,-78.4,-19.8,130.48,132,17912,17223,11376,22312,1010,420075821,1
2026-05-01T13:46:54.804,A1,1,8293,-59.0,-77.5,-18.5,113.71,140,16396,15919,17280,22502,1027,436527823,1
2026-05-01T13:46:54.954,A1,1,8294,-58.8,-78.3,-19.4,175.77,100,17611,17577,10009,20986,986,410384762,1
2026-05-01T13:46:55.044,A1,1,8295,-58.3,-78.3,-20.0,163.25,104,15623,16978,11606,20246,952,389292112,1
2026-05-01T13:46:55.133,A1,1,8296,-58.9,-77.8,-18.9,129.05,128,13830,16519,14056,18607,930,442413703,1
2026-05-01T13:46:55.223,A1,1,8297,-58.6,-77.6,-19.0,137.6,128,16574,17613,12188,20785,973,437423850,1
2026-05-01T13:46:55.374,A1,1,8298,-59.3,-76.7,-17.3,128.14,132,16020,16914,17763,21686,1020,723555878,1
2026-05-01T13:46:55.464,A1,1,8299,-58.5,-78.2,-19.7,133.5,136,18228,18156,11711,23789,1038,498995035,1
2026-05-01T13:46:55.584,A1,1,8300,-59.3,-80.2,-20.9,112.52,152,14909,17103,9872,19725,971,462488795,1
2026-05-01T13:46:55.705,A1,1,8301,-58.7,-79.3,-20.6,112.97,148,16101,16720,10176,20377,967,411430399,1
2026-05-01T13:46:55.822,A1,1,8302,-59.1,-77.9,-18.8,130.44,128,13190,16696,14732,18696,939,729382283,1
2026-05-01T13:46:55.913,A1,1,8303,-58.9,-77.2,-18.3,102.58,160,16905,16413,16157,22009,1011,396567008,1
2026-05-01T13:46:56.033,A1,1,8304,-58.1,-75.9,-17.7,126.57,136,15356,17214,17056,21388,971,478086860,1
2026-05-01T13:46:56.153,A1,1,8305,-58.4,-76.9,-18.5,108.16,152,16837,16440,15257,21534,985,439733878,1
2026-05-01T13:46:56.213,A1,1,8306,-58.7,-77.5,-18.7,132.44,124,14417,16422,13695,18489,922,491708948,1
2026-05-01T13:46:56.334,A1,1,8307,-58.8,-76.7,-17.8,96.93,176,17076,17060,17217,23014,1032,432030303,1
2026-05-01T13:46:56.423,A1,1,8308,-58.9,-77.2,-18.3,136.47,124,15413,16922,13314,19000,940,612934134,1
2026-05-01T13:46:56.543,A1,1,8309,-59.0,-78.5,-19.4,132.78,128,14775,16996,11643,18781,939,428856816,1
2026-05-01T13:46:56.693,A1,1,8310,-58.6,-79.3,-20.8,130.93,128,16470,16759,9652,20676,969,464375436,1
2026-05-01T13:47:04.883,A1,1,8311,-58.5,-76.4,-17.9,152.27,116,18217,17663,13666,21843,993,708694547,1
2026-05-01T13:47:04.913,A1,1,8312,-59.2,-76.2,-17.0,174.71,100,17190,17471,13422,19249,956,438386778,1
2026-05-01T13:47:05.003,A1,1,8313,-59.2,-76.2,-17.0,169.48,100,15859,16948,13994,18111,928,392351334,1
2026-05-01T13:47:05.123,A1,1,8314,-59.8,-77.1,-17.3,166.39,100,14152,16639,14769,17504,931,474893876,1
2026-05-01T13:47:05.242,A1,1,8315,-59.1,-77.6,-18.5,180.94,100,18406,18094,12567,22560,1033,469386642,1
2026-05-01T13:47:05.334,A1,1,8316,-59.3,-76.9,-17.5,184.93,96,17493,17753,12178,19710,972,448677874,1
2026-05-01T13:47:05.483,A1,1,8317,-59.5,-79.0,-19.6,174.2,96,16239,16723,10011,18985,958,409672678,1
2026-05-01T13:47:05.602,A1,1,8318,-59.4,-77.3,-17.8,183.78,96,15785,17643,14189,19909,980,731981931,1
2026-05-01T13:47:05.724,A1,1,8319,-59.4,-77.0,-17.6,155.16,108,14506,16757,14170,17799,925,387474233,1
2026-05-01T13:47:05.813,A1,1,8320,-59.4,-76.4,-17.0,170.22,104,17514,17703,15599,21368,1013,450627876,1
2026-05-01T13:47:05.932,A1,1,8321,-59.5,-79.7,-20.3,179.97,92,16208,16557,9238,19239,965,400483848,1
2026-05-01T13:47:06.022,A1,1,8322,-59.1,-76.7,-17.7,116.26,156,17521,18137,15069,22303,1024,476779563,1
2026-05-01T13:47:06.173,A1,1,8323,-58.6,-80.4,-21.7,139.33,108,17814,15048,8370,21017,980,392110201,1
2026-05-01T13:47:06.202,A1,1,8324,-59.3,-77.1,-17.8,178.78,92,14721,16448,13194,17260,909,389400865,1
2026-05-01T13:47:06.352,A1,1,8325,-59.1,-77.5,-18.4,185.7,96,16621,17827,12497,20371,981,772296595,1
2026-05-01T13:47:06.443,A1,1,8326,-59.5,-79.6,-20.1,173.73,100,15559,17373,9937,19706,976,480312042,1
2026-05-01T13:47:06.593,A1,1,8327,-59.3,-76.7,-17.4,179.46,96,16549,17228,15103,20285,986,447065172,1
2026-05-01T13:47:06.652,A1,1,8328,-59.2,-76.9,-17.7,125.35,136,16685,17047,14992,20555,987,450541811,1
2026-05-01T13:47:06.775,A1,1,8329,-59.5,-77.9,-18.4,136.09,124,17176,16875,9691,18297,941,450803577,1
2026-05-01T13:47:06.891,A1,1,8330,-59.6,-79.8,-20.2,161.32,96,16643,15487,9836,18833,960,411801106,1
2026-05-01T13:47:06.984,A1,1,8331,-59.4,-77.9,-18.6,104.23,164,17121,17094,13350,20985,1005,435965232,1
2026-05-01T13:47:07.072,A1,1,8332,-59.6,-79.4,-19.8,121.7,140,14786,17038,10743,18681,954,453423266,1
2026-05-01T13:47:07.223,A1,1,8333,-59.5,-75.4,-15.9,168.41,104,15714,17515,16448,18860,955,424964558,1
2026-05-01T13:47:07.313,A1,1,8334,-59.4,-76.7,-17.4,128.94,132,14874,17020,14018,17927,928,397196019,1
2026-05-01T13:47:07.432,A1,1,8335,-57.8,-75.0,-17.2,194.75,88,14397,17138,16204,19107,909,405870107,1
2026-05-01T13:47:07.553,A1,1,8336,-59.1,-76.2,-17.2,173.17,108,17957,18702,17713,24627,1076,731537891,1
2026-05-01T13:47:07.673,A1,1,8337,-59.4,-78.3,-18.9,170.68,100,14657,17068,12261,18461,943,435288413,1
2026-05-01T13:47:07.793,A1,1,8338,-59.5,-79.4,-20.0,126.09,132,16839,16644,9184,19538,972,410798943,1
2026-05-01T13:47:07.882,A1,1,8339,-59.6,-79.1,-19.6,122.74,136,14547,16693,11056,18044,938,683031125,1
2026-05-01T13:47:07.974,A1,1,8340,-59.0,-77.2,-18.2,178.85,100,17529,17885,13078,21426,1002,387748178,1
2026-05-01T13:47:08.093,A1,1,8341,-59.5,-78.4,-18.8,173.81,96,14705,16686,12552,18279,942,410119706,1
2026-05-01T13:47:08.212,A1,1,8342,-59.2,-78.9,-19.7,132.14,136,16940,17971,11056,21751,1016,427741591,1
2026-05-01T13:47:08.302,A1,1,8343,-59.2,-76.7,-17.5,163.97,108,17244,17709,15532,21818,1017,458330428,1
2026-05-01T13:47:08.424,A1,1,8344,-59.3,-79.3,-20.0,173.64,96,15898,16669,10278,19376,962,738496056,1
2026-05-01T13:47:08.513,A1,1,8345,-59.4,-77.4,-17.9,177.21,96,14813,17012,13424,18150,936,476642675,1
2026-05-01T13:47:08.633,A1,1,8346,-59.4,-77.0,-17.6,107.94,156,17199,16839,16223,21665,1020,713489906,1
2026-05-01T13:47:08.752,A1,1,8347,-59.5,-77.6,-18.1,166.5,100,17054,16650,14172,20483,998,435953982,1
2026-05-01T13:47:08.874,A1,1,8348,-59.7,-77.6,-17.9,182.95,92,14278,16831,13707,17764,933,727269430,1
2026-05-01T13:47:08.963,A1,1,8349,-59.5,-77.4,-17.9,112.91,156,17642,17614,14168,21620,1024,420540953,1
2026-05-01T13:47:09.054,A1,1,8350,-59.2,-77.1,-17.9,131.15,140,17603,18361,14272,22281,1030,481604400,1
2026-05-01T13:47:09.173,A1,1,8351,-68.0,-78.9,-11.0,159.57,112,17014,17872,10519,11696,1009,475824214,1
2026-05-01T13:47:09.263,A1,1,8352,-59.3,-78.4,-19.1,94.46,164,16552,15492,14287,20464,990,700082282,1
2026-05-01T13:47:09.352,A1,1,8353,-59.4,-77.4,-18.0,113.49,148,14266,16796,14377,18346,940,418009457,1
2026-05-01T13:47:09.471,A1,1,8354,-59.6,-77.3,-17.7,171.46,96,13969,16460,15143,18008,938,515517721,1
2026-05-01T13:47:09.622,A1,1,8355,-59.1,-79.4,-20.3,104.72,156,17791,16336,10452,21545,1007,457630091,1
2026-05-01T13:47:09.682,A1,1,8356,-59.0,-76.2,-17.2,177.5,96,16088,17040,16438,20580,981,528610689,1
2026-05-01T13:47:09.802,A1,1,8357,-59.5,-78.2,-18.7,125.65,132,13853,16586,13253,17897,930,758004209,1
2026-05-01T13:47:09.892,A1,1,8358,-59.1,-79.1,-20.0,167.39,100,14738,16739,10777,18609,938,457001363,1
2026-05-01T13:47:09.984,A1,1,8359,-59.4,-77.4,-17.9,121.58,136,14203,16535,14482,18044,933,627805818,1
2026-05-01T13:47:10.103,A1,1,8360,-59.2,-76.8,-17.6,181.2,96,15566,17395,14097,19125,954,433823732,1
2026-05-01T13:47:10.223,A1,1,8361,-59.3,-76.4,-17.1,103.32,172,15688,17771,17649,21745,1019,725734059,1
2026-05-01T13:47:10.313,A1,1,8362,-59.2,-79.8,-20.6,164.01,100,16281,16401,9179,19547,965,387927801,1
2026-05-01T13:47:10.432,A1,1,8363,-59.5,-77.3,-17.7,105.9,168,17500,17792,17234,23879,1077,451640190,1
2026-05-01T13:47:10.612,A1,1,8364,-59.6,-78.1,-18.4,115.37,148,14200,17075,13942,18746,958,388640881,1
2026-05-01T13:47:10.642,A1,1,8365,-59.4,-77.2,-17.8,98.49,156,16166,15365,17234,20739,998,438626882,1
2026-05-01T13:47:10.763,A1,1,8366,-59.5,-78.1,-18.6,189.97,92,17401,17477,11006,20163,987,736770072,1
2026-05-01T13:47:10.853,A1,1,8367,-59.2,-80.4,-21.2,142.12,104,17326,14780,9310,20011,974,449134538,1
2026-05-01T13:47:10.973,A1,1,8368,-59.3,-78.4,-19.1,184.68,92,17772,16991,12251,21570,1015,467021213,1
2026-05-01T13:47:11.092,A1,1,8369,-59.0,-77.3,-18.3,178.24,100,16607,17824,13248,20711,986,432494762,1
2026-05-01T13:47:11.184,A1,1,8370,-59.3,-77.0,-17.7,162.18,104,17017,16867,14572,20397,987,445320887,1
2026-05-01T13:47:11.272,A1,1,8371,-58.5,-77.3,-18.8,168.77,108,16339,18227,15644,23589,1033,757688640,1
2026-05-01T13:47:11.362,A1,1,8372,-59.4,-77.9,-18.5,159.02,104,13913,16538,13553,17824,927,451179564,1
2026-05-01T13:47:11.482,A1,1,8373,-59.1,-77.6,-18.5,158.46,112,17416,17747,13064,21624,1010,476943571,1
2026-05-01T13:47:11.574,A1,1,8374,-59.0,-77.6,-18.5,170.63,100,14886,17063,13674,19224,950,452521730,1
2026-05-01T13:47:11.693,A1,1,8375,-59.6,-77.2,-17.6,148.07,104,15681,15399,17076,19968,986,391722454,1
2026-05-01T13:47:11.873,A1,1,8376,-59.4,-80.5,-21.1,150.71,96,17085,14468,9540,19404,967,427995933,1
2026-05-01T13:47:11.992,A1,1,8377,-59.0,-76.1,-17.1,169.49,104,16033,17627,15952,20411,977,458956895,1
2026-05-01T13:47:12.024,A1,1,8378,-59.5,-78.1,-18.7,171.3,96,13637,16445,13626,17785,927,385956477,1
2026-05-01T13:47:12.172,A1,1,8379,-59.4,-78.6,-19.2,189.8,92,15504,17462,11699,19580,972,412928871,1
2026-05-01T13:47:12.262,A1,1,8380,-59.3,-78.6,-19.3,97.74,156,16632,15247,13549,20010,979,428590079,1
2026-05-01T13:47:12.382,A1,1,8381,-59.1,-76.9,-17.8,178.79,100,16260,17879,14180,20554,984,452470333,1
2026-05-01T13:47:12.472,A1,1,8382,-59.3,-80.5,-21.2,155.47,96,16974,14925,8951,19484,966,445804190,1
2026-05-01T13:47:12.562,A1,1,8383,-59.5,-78.0,-18.5,107.44,156,13532,16760,14969,18900,957,481964117,1
2026-05-01T13:47:12.684,A1,1,8384,-59.0,-77.9,-18.9,150.45,112,17159,16850,14519,22159,1020,454607488,1
2026-05-01T13:47:12.834,A1,1,8385,-59.5,-78.1,-18.6,165.32,108,15847,17855,13496,20735,1002,408125694,1
2026-05-01T13:47:12.922,A1,1,8386,-59.7,-77.6,-17.9,176.31,96,13609,16926,14583,17988,940,392442247,1
2026-05-01T13:47:13.044,A1,1,8387,-59.7,-76.2,-16.4,184.04,96,15710,17668,17276,20377,1001,439410450,1
2026-05-01T13:47:13.194,A1,1,8388,-59.4,-79.0,-19.6,172.45,100,15250,17245,11442,19467,969,480730734,1
2026-05-01T13:47:13.284,A1,1,8389,-59.5,-77.3,-17.8,103.42,180,17815,18615,15002,23160,1059,417391655,1
2026-05-01T13:47:13.402,A1,1,8390,-59.4,-77.8,-18.5,155.22,116,17260,18006,11520,20623,995,398585282,1
2026-05-01T13:47:13.582,A1,1,8391,-59.5,-77.9,-18.4,163.09,100,13812,16309,16687,19992,985,398161098,1
2026-05-01T13:47:13.613,A1,1,8392,-59.4,-78.0,-18.6,170.35,100,14703,17035,17107,22040,1031,634375478,1
2026-05-01T13:47:13.703,A1,1,8393,-59.4,-78.7,-19.4,92.38,180,17428,16629,12777,21605,1019,435034530,1
2026-05-01T13:47:13.824,A1,1,8394,-59.2,-77.4,-18.2,176.92,104,17383,18400,14256,22649,1038,476757477,1
2026-05-01T13:47:13.912,A1,1,8395,-59.3,-76.9,-17.6,115.01,152,15672,17481,13880,19161,956,434787274,1
2026-05-01T13:47:14.092,A1,1,8396,-59.5,-79.1,-19.7,93.73,176,17393,16497,12339,21610,1022,442909720,1
2026-05-01T13:47:14.159,A1,1,8397,-60.0,-78.6,-18.6,110.95,168,16391,18640,14586,22885,1071,402969637,1
2026-05-01T13:47:14.244,A1,1,8398,-59.2,-79.8,-20.6,170.27,96,16027,16346,9431,19418,960,410227931,1
2026-05-01T13:47:14.363,A1,1,8399,-59.7,-80.8,-21.1,90.51,164,17349,14843,8665,19528,981,415205796,1
2026-05-01T13:47:14.452,A1,1,8400,-59.6,-76.8,-17.2,174.3,100,14186,17430,16888,19831,983,388778592,1
2026-05-01T13:47:14.573,A1,1,8401,-59.8,-77.7,-17.9,174.19,100,15893,17419,11921,18284,952,392728409,1
2026-05-01T13:47:14.692,A1,1,8402,-59.5,-77.6,-18.1,176.56,96,14688,16950,12870,17844,930,457224115,1
2026-05-01T13:47:14.784,A1,1,8403,-59.6,-77.9,-18.3,114.57,160,15694,18332,18490,24987,1104,457182349,1
2026-05-01T13:47:14.932,A1,1,8404,-59.6,-78.0,-18.4,174.27,104,16518,18124,12873,20889,1010,424387103,1
2026-05-01T13:47:15.022,A1,1,8405,-59.5,-78.3,-18.8,171.77,100,14965,17177,12623,18910,958,477980696,1
2026-05-01T13:47:15.144,A1,1,8406,-59.9,-79.7,-19.7,112.84,152,14413,17152,10939,18541,962,404594138,1
2026-05-01T13:47:15.264,A1,1,8407,-59.5,-80.1,-20.5,91.97,172,17366,15818,10888,21147,1014,478693585,1
2026-05-01T13:47:15.412,A1,1,8408,-59.7,-79.3,-19.6,93.99,176,17027,16542,13587,22034,1042,404716330,1
2026-05-01T13:47:15.502,A1,1,8409,-59.5,-78.2,-18.7,178.46,100,15029,17846,13643,20221,990,435429259,1
2026-05-01T13:47:15.592,A1,1,8410,-59.6,-78.7,-19.1,124.8,132,13058,16473,14231,18415,948,389103145,1
2026-05-01T13:47:15.712,A1,1,8411,-59.5,-78.2,-18.8,94.22,180,15996,16959,17803,23993,1077,513968647,1
2026-05-01T13:47:15.806,A1,1,8412,-59.6,-79.6,-20.1,90.8,176,17133,15980,12476,21488,1023,501738548,1
2026-05-01T13:47:15.923,A1,1,8413,-59.6,-78.6,-19.0,105.37,168,15693,17702,11802,19795,984,734339990,1
2026-05-01T13:47:16.041,A1,1,8414,-59.4,-78.2,-18.7,99.46,188,15757,18698,16803,24463,1087,492693694,1
2026-05-01T13:47:16.163,A1,1,8415,-59.8,-78.1,-18.4,117.55,152,16078,17867,17153,23688,1081,424686785,1
2026-05-01T13:47:16.254,A1,1,8416,-59.7,-77.4,-17.7,102.22,172,14500,17582,16912,20851,1012,727827070,1
2026-05-01T13:47:16.373,A1,1,8417,-59.5,-77.3,-17.9,169.77,100,13775,16977,15425,18745,953,387356863,1
2026-05-01T13:47:16.492,A1,1,8418,-59.5,-79.9,-20.4,166.21,100,15245,16621,9944,18988,958,453549269,1
2026-05-01T13:47:16.583,A1,1,8419,-59.8,-80.7,-20.9,157.12,100,16775,15712,9085,19737,990,450133234,1
2026-05-01T13:47:16.702,A1,1,8420,-59.6,-80.0,-20.4,91.3,176,17689,16068,10478,21233,1019,744492500,1
2026-05-01T13:47:16.792,A1,1,8421,-59.2,-77.9,-18.7,159.52,112,16427,17866,17265,24684,1083,434137200,1
2026-05-01T13:47:16.913,A1,1,8422,-59.1,-77.8,-18.6,165.95,100,13684,16595,16477,20260,979,734508669,1
2026-05-01T13:47:17.032,A1,1,8423,-59.4,-78.3,-18.8,102.92,180,17929,18525,13985,24118,1079,473235985,1
2026-05-01T13:47:17.152,A1,1,8424,-59.8,-78.4,-18.6,96.92,168,14532,16282,17275,21297,1028,414046097,1
2026-05-01T13:47:17.274,A1,1,8425,-59.6,-77.9,-18.3,164.79,112,16927,18456,16966,24777,1099,411873355,1
2026-05-01T13:47:17.393,A1,1,8426,-59.6,-78.1,-18.4,161.71,112,16563,18111,13136,21138,1016,424664551,1
2026-05-01T13:47:17.483,A1,1,8427,-59.5,-79.3,-19.8,94.62,168,16882,15897,13453,21504,1021,417803107,1
2026-05-01T13:47:17.602,A1,1,8428,-59.7,-79.6,-19.9,99.95,164,16547,16391,12536,21055,1019,400554075,1
2026-05-01T13:47:17.723,A1,1,8429,-59.4,-78.9,-19.5,100.64,180,18146,18116,11885,23480,1064,412642373,1
2026-05-01T13:47:17.845,A1,1,8430,-59.1,-77.0,-18.0,133.45,136,15767,18149,16902,22830,1036,432338484,1
2026-05-01T13:47:17.970,A1,1,8431,-59.6,-77.8,-18.2,122.24,144,16328,17603,11732,19180,967,447302094,1
2026-05-01T13:47:18.084,A1,1,8432,-59.4,-77.1,-17.7,166.88,104,13769,17355,17623,20734,1000,405073030,1
2026-05-01T13:47:18.203,A1,1,8433,-59.8,-77.8,-18.0,116.01,148,14635,17170,13299,18197,949,409098221,1
2026-05-01T13:47:18.324,A1,1,8434,-59.4,-78.0,-18.7,162.12,104,14209,16860,16825,21345,1012,403143334,1
2026-05-01T13:47:18.444,A1,1,8435,-59.3,-78.8,-19.5,129.31,128,14763,16552,11784,18469,941,388614052,1
2026-05-01T13:47:18.568,A1,1,8436,-59.5,-77.3,-17.8,114.69,148,13949,16974,15559,18884,958,460933280,1
2026-05-01T13:47:18.682,A1,1,8437,-59.5,-79.2,-19.7,112.28,148,15313,16617,11092,18835,956,644641798,1
2026-05-01T13:47:18.802,A1,1,8438,-59.6,-78.1,-18.6,184.92,96,15091,17752,13343,19818,982,588715292,1
2026-05-01T13:47:18.922,A1,1,8439,-59.5,-77.4,-17.9,137.6,136,17762,18714,15021,23441,1066,440436778,1
2026-05-01T13:47:19.042,A1,1,8440,-59.3,-80.3,-21.0,97.71,172,18232,16806,9330,22821,1046,428898504,1
2026-05-01T13:47:19.163,A1,1,8441,-59.0,-77.4,-18.4,187.68,96,14814,18017,15919,21641,1008,492741884,1
2026-05-01T13:47:19.284,A1,1,8442,-59.6,-76.8,-17.2,138.66,124,14627,17194,14870,18332,946,434078211,1
2026-05-01T13:47:19.372,A1,1,8443,-59.6,-80.7,-21.1,92.85,160,17330,14856,8436,19466,974,764842290,1
2026-05-01T13:47:19.463,A1,1,8444,-59.2,-78.1,-18.9,113.37,152,16038,17232,11616,19432,961,415781767,1
2026-05-01T13:47:19.553,A1,1,8445,-58.9,-76.9,-18.0,122.41,144,15671,17627,16691,22053,1014,423139934,1
2026-05-01T13:47:19.702,A1,1,8446,-59.7,-77.6,-17.8,114.57,144,13248,16498,15921,18320,950,448900780,1
2026-05-01T13:47:19.793,A1,1,8447,-59.5,-78.9,-19.3,98.55,164,16552,16162,15026,22089,1035,736098100,1
2026-05-01T13:47:19.882,A1,1,8448,-59.5,-77.6,-18.2,97.51,164,15171,15991,17130,20834,1004,445482880,1
2026-05-01T13:47:20.033,A1,1,8449,-59.1,-76.6,-17.5,122.21,140,14665,17109,16794,20144,974,426033395,1
2026-05-01T13:47:20.121,A1,1,8450,-59.4,-77.7,-18.3,184.24,96,16854,17687,17980,24848,1094,731206911,1
2026-05-01T13:47:20.301,A1,1,8451,-59.5,-79.0,-19.6,111.49,156,17231,17392,10082,20687,1000,478798537,1
2026-05-01T13:47:20.391,A1,1,8452,-59.4,-77.9,-18.4,187.95,100,17670,18795,15334,24542,1088,465004323,1
2026-05-01T13:47:20.513,A1,1,8453,-59.1,-80.7,-21.6,163.67,92,17632,15058,8406,20630,987,423331401,1
2026-05-01T13:47:20.603,A1,1,8454,-59.4,-79.0,-19.6,104.96,156,16606,16374,13766,21676,1023,734901925,1
2026-05-01T13:47:20.753,A1,1,8455,-59.5,-77.7,-18.2,93.61,168,14503,15726,16815,19791,981,433527630,1
2026-05-01T13:47:20.843,A1,1,8456,-59.3,-77.5,-18.2,187.2,96,15083,17971,15360,21133,1004,440882564,1
2026-05-01T13:47:20.933,A1,1,8457,-57.6,-76.9,-19.3,157.75,104,13808,16406,14623,19505,911,407761845,1
2026-05-01T13:47:21.022,A1,1,8458,-58.9,-77.1,-18.2,166.12,112,17256,18605,16005,24157,1060,416154265,1
2026-05-01T13:47:21.112,A1,1,8459,-58.9,-76.9,-17.9,109.41,164,15402,17944,17096,22428,1023,562189799,1
2026-05-01T13:47:21.262,A1,1,8460,-59.0,-76.9,-17.8,100.59,176,14438,17703,17511,21676,1009,757122419,1
2026-05-01T13:47:21.322,A1,1,8461,-59.3,-77.7,-18.5,162.72,100,15243,16272,17672,22096,1027,497621947,1
2026-05-01T13:47:21.441,A1,1,8462,-59.7,-80.9,-21.2,150.99,100,17549,15099,9091,20392,1001,395093687,1
2026-05-01T13:47:21.531,A1,1,8463,-59.4,-77.5,-18.2,167.98,100,13757,16798,14997,18624,946,431768957,1
2026-05-01T13:47:21.683,A1,1,8464,-59.6,-77.7,-18.1,178.57,104,16821,18571,15752,23291,1066,385669561,1
2026-05-01T13:47:21.802,A1,1,8465,-59.6,-78.1,-18.5,111.59,160,17268,17854,12959,21430,1023,407893032,1
2026-05-01T13:47:21.863,A1,1,8466,-59.2,-77.8,-18.5,182.05,92,14683,16749,12510,17913,923,450159546,1
2026-05-01T13:47:21.984,A1,1,8467,-59.6,-78.5,-18.9,173.74,96,13396,16679,13773,18219,944,409220652,1
2026-05-01T13:47:22.104,A1,1,8468,-59.4,-76.5,-17.1,183.96,96,14919,17660,16617,20172,984,425187101,1
2026-05-01T13:47:30.262,A1,1,8469,-59.5,-78.1,-18.6,190.09,88,13720,16728,13523,17913,932,458029611,1
2026-05-01T13:47:30.351,A1,1,8470,-59.2,-78.8,-19.6,166.98,100,14233,16698,11691,18251,932,449489763,1
2026-05-01T13:47:30.473,A1,1,8471,-58.1,-77.5,-19.4,174.85,100,15210,17485,13408,20927,959,471038558,1
2026-05-01T13:47:30.564,A1,1,8472,-59.2,-78.2,-19.0,153.51,112,17249,17193,14564,22886,1041,480920757,1
2026-05-01T13:47:30.682,A1,1,8473,-59.4,-78.3,-18.9,160.18,104,16401,16659,16233,22782,1047,489983647,1
2026-05-01T13:47:30.773,A1,1,8474,-59.2,-77.8,-18.7,173.21,100,14953,17321,12794,19019,950,486986737,1
2026-05-01T13:47:30.892,A1,1,8475,-58.1,-76.5,-18.5,177.39,100,17126,17739,14418,22281,989,459729157,1
2026-05-01T13:47:31.012,A1,1,8476,-59.8,-78.5,-18.7,108.88,160,17044,17420,12296,20661,1012,458746356,1
2026-05-01T13:47:31.162,A1,1,8477,-59.7,-79.2,-19.5,112.43,152,14329,17089,11955,18771,961,457699410,1
2026-05-01T13:47:31.252,A1,1,8478,-59.4,-77.5,-18.1,144.44,124,17091,17910,16796,23843,1071,481175582,1
2026-05-01T13:47:31.342,A1,1,8479,-59.3,-78.4,-19.1,116.19,144,13883,16731,13250,18479,940,478717520,1
2026-05-01T13:47:31.461,A1,1,8480,-59.0,-77.0,-18.0,112.07,164,16386,18379,16501,23186,1043,387762009,1
2026-05-01T13:47:31.552,A1,1,8481,-59.4,-77.6,-18.2,158.63,104,15455,16498,17233,21738,1022,448142654,1
2026-05-01T13:47:31.672,A1,1,8482,-59.7,-77.9,-18.2,107.1,168,15665,17993,17139,23069,1066,760552073,1
2026-05-01T13:47:31.762,A1,1,8483,-59.1,-78.4,-19.3,116.3,148,17136,17212,9788,19841,968,422952377,1
2026-05-01T13:47:31.852,A1,1,8484,-59.6,-78.7,-19.1,111.99,160,17569,17919,10383,21013,1012,423829562,1
2026-05-01T13:47:31.972,A1,1,8485,-59.4,-78.2,-18.8,166.26,104,16070,17291,11379,19202,961,415768277,1
2026-05-01T13:47:32.063,A1,1,8486,-59.4,-78.3,-18.9,155.41,108,16798,16784,17425,24472,1085,758870939,1
2026-05-01T13:47:32.152,A1,1,8487,-59.7,-79.3,-19.6,171.21,104,17132,17806,10912,21557,1029,498802407,1
2026-05-01T13:47:32.272,A1,1,8488,-57.9,-76.9,-19.0,151.86,108,16783,16401,16809,23583,1011,453290381,1
2026-05-01T13:47:32.391,A1,1,8489,-59.4,-77.7,-18.4,117.31,140,14165,16424,16734,20352,989,494886396,1
2026-05-01T13:47:32.543,A1,1,8490,-60.0,-78.8,-18.9,135.64,124,12407,16819,14656,18282,957,437937331,1
2026-05-01T13:47:32.604,A1,1,8491,-59.5,-78.2,-18.7,174.29,104,16285,18126,12772,21030,1009,754558622,1
2026-05-01T13:47:32.692,A1,1,8492,-59.2,-77.9,-18.7,101.82,168,16312,17105,17533,23967,1068,432178596,1
2026-05-01T13:47:32.872,A1,1,8493,-59.2,-77.7,-18.5,105.79,164,16787,17350,16255,23206,1049,707195853,1
2026-05-01T13:47:32.933,A1,1,8494,-59.0,-77.5,-18.5,122.0,140,15098,17080,16658,21829,1010,495107120,1
2026-05-01T13:47:33.024,A1,1,8495,-59.4,-78.7,-19.4,135.28,132,14052,17857,14689,21262,1011,574054040,1
2026-05-01T13:47:33.112,A1,1,8496,-59.3,-77.0,-17.7,176.34,100,15252,17634,14763,19711,972,426831960,1
2026-05-01T13:47:33.232,A1,1,8497,-59.3,-79.2,-19.9,183.33,92,14295,16866,10943,18392,937,431690268,1
2026-05-01T13:47:33.352,A1,1,8498,-59.5,-78.1,-18.5,119.59,152,15381,18178,16378,22908,1055,395812030,1
2026-05-01T13:47:33.472,A1,1,8499,-59.1,-77.1,-18.0,123.26,140,15031,17256,16530,21099,998,417188778,1
2026-05-01T13:47:33.593,A1,1,8500,-59.6,-78.0,-18.4,100.32,168,15686,16853,17383,22676,1051,461213030,1
2026-05-01T13:47:33.713,A1,1,8501,-59.3,-76.9,-17.6,170.14,108,16823,18375,15301,22019,1027,490610591,1
2026-05-01T13:47:33.861,A1,1,8502,-59.6,-79.2,-19.6,186.82,96,16724,17935,10832,21195,1017,396769294,1
2026-05-01T13:47:33.952,A1,1,8503,-59.4,-77.7,-18.3,170.09,104,16379,17689,12023,19552,971,432677777,1
2026-05-01T13:47:34.013,A1,1,8504,-59.5,-78.9,-19.3,178.01,100,16218,17801,11290,20479,998,507794210,1
2026-05-01T13:47:34.133,A1,1,8505,-59.7,-77.4,-17.7,122.28,140,13844,17119,16866,19966,991,465221761,1
2026-05-01T13:47:34.253,A1,1,8506,-59.7,-77.9,-18.2,170.25,104,15468,17706,12855,19241,974,410961706,1
2026-05-01T13:47:34.373,A1,1,8507,-59.3,-78.6,-19.4,147.08,108,16436,15885,15182,21907,1022,475731301,1
2026-05-01T13:47:34.492,A1,1,8508,-59.7,-77.5,-17.8,105.27,164,13812,17265,17271,20495,1003,394165490,1
2026-05-01T13:47:34.583,A1,1,8509,-59.6,-80.7,-21.1,154.74,96,17074,14855,8778,19313,971,480480525,1
2026-05-01T13:47:34.672,A1,1,8510,-59.4,-78.6,-19.2,117.76,144,17189,16957,13578,22013,1031,451988191,1
2026-05-01T13:47:34.793,A1,1,8511,-59.5,-78.3,-18.8,142.32,108,13951,15371,17431,20503,997,495552726,1
2026-05-01T13:47:34.911,A1,1,8512,-59.8,-78.3,-18.5,170.96,100,12796,17096,14763,18441,955,456410039,1
2026-05-01T13:47:35.001,A1,1,8513,-59.2,-77.6,-18.3,167.74,104,15572,17445,12632,19137,954,434467240,1
2026-05-01T13:47:35.121,A1,1,8514,-59.2,-79.3,-20.0,128.98,128,14436,16509,11772,18853,947,416226404,1
2026-05-01T13:47:35.218,A1,1,8515,-59.1,-76.6,-17.5,162.07,108,14490,17504,17262,20813,992,478831683,1
2026-05-01T13:47:35.333,A1,1,8516,-59.7,-80.3,-20.6,165.51,96,16375,15889,8865,18951,966,398116527,1
2026-05-01T13:47:35.421,A1,1,8517,-58.9,-76.7,-17.8,128.39,140,15326,17974,17106,22143,1016,755823544,1
2026-05-01T13:47:35.541,A1,1,8518,-59.2,-77.7,-18.5,151.37,108,14285,16348,16890,20668,992,409781626,1
2026-05-01T13:47:35.632,A1,1,8519,-59.3,-80.0,-20.7,111.39,148,15197,16485,10646,19644,968,437683364,1
2026-05-01T13:47:35.753,A1,1,8520,-59.2,-78.0,-18.8,160.83,100,13962,16083,16800,20594,989,453389004,1
2026-05-01T13:47:35.843,A1,1,8521,-59.5,-78.5,-19.0,125.02,144,17230,18003,11252,21153,1014,430855480,1
2026-05-01T13:47:35.992,A1,1,8522,-59.5,-78.3,-18.9,115.51,152,15218,17557,12862,19800,979,408677912,1
2026-05-01T13:47:36.082,A1,1,8523,-59.5,-78.2,-18.7,117.09,152,15577,17798,16571,23198,1061,430720726,1
2026-05-01T13:47:36.201,A1,1,8524,-59.6,-78.3,-18.7,149.85,108,15139,16184,17312,21931,1036,708649416,1
2026-05-01T13:47:36.321,A1,1,8525,-59.3,-77.8,-18.5,174.1,100,16161,17410,11692,19220,958,722434455,1
2026-05-01T13:47:36.411,A1,1,8526,-59.8,-78.0,-18.2,96.84,172,13405,16657,16159,19233,976,736070264,1
2026-05-01T13:47:36.533,A1,1,8527,-59.6,-78.0,-18.4,144.02,120,16799,17283,17853,24469,1092,432049005,1
2026-05-01T13:47:36.621,A1,1,8528,-59.4,-78.5,-19.1,183.01,96,17879,17569,11984,21990,1030,498108136,1
2026-05-01T13:47:36.713,A1,1,8529,-59.2,-77.1,-17.9,166.04,112,16945,18596,16245,23605,1059,472344292,1
2026-05-01T13:47:36.832,A1,1,8530,-59.1,-77.7,-18.6,158.81,108,16575,17152,16725,23403,1052,448891896,1
2026-05-01T13:47:36.951,A1,1,8531,-59.5,-77.0,-17.6,132.13,132,14605,17441,15879,19758,977,447030233,1
2026-05-01T13:47:37.042,A1,1,8532,-59.6,-77.4,-17.8,165.51,100,13240,16551,15898,18320,946,435518949,1
2026-05-01T13:47:37.162,A1,1,8533,-59.7,-77.5,-17.9,106.57,160,13684,17052,16291,19493,978,470134590,1
2026-05-01T13:47:37.283,A1,1,8534,-59.4,-79.4,-20.1,158.2,104,15129,16453,10631,18691,947,417478620,1
2026-05-01T13:47:37.372,A1,1,8535,-59.6,-78.3,-18.7,169.47,100,13049,16947,14259,18307,945,407611965,1
2026-05-01T13:47:37.522,A1,1,8536,-59.4,-78.0,-18.6,171.67,104,15657,17854,13325,20440,993,426224189,1
2026-05-01T13:47:37.581,A1,1,8537,-58.7,-77.6,-18.9,142.79,124,16922,17706,16587,24663,1064,410755126,1
2026-05-01T13:47:37.701,A1,1,8538,-59.0,-76.8,-17.8,159.07,112,15712,17816,15405,20848,988,477844508,1
2026-05-01T13:47:37.823,A1,1,8539,-58.0,-78.8,-20.8,97.52,172,15859,16773,10792,20881,954,457157403,1
2026-05-01T13:47:37.943,A1,1,8540,-59.8,-77.2,-17.3,176.1,96,13737,16906,16639,18993,970,712142409,1
2026-05-01T13:47:38.062,A1,1,8541,-59.4,-79.4,-20.0,119.33,140,15227,16706,10678,19000,957,468265299,1
2026-05-01T13:47:38.151,A1,1,8542,-59.3,-77.0,-17.7,124.99,144,16104,17998,15114,20988,1003,430926754,1
2026-05-01T13:47:38.275,A1,1,8543,-59.3,-77.0,-17.7,108.27,164,14527,17757,17471,21489,1014,527675066,1
2026-05-01T13:47:38.392,A1,1,8544,-59.4,-78.1,-18.6,167.36,100,13188,16736,13817,17828,928,495045301,1
2026-05-01T13:47:38.513,A1,1,8545,-59.6,-77.3,-17.7,121.6,140,14246,17024,14337,18122,941,406175408,1
2026-05-01T13:47:38.631,A1,1,8546,-59.8,-77.6,-17.9,180.12,92,13428,16571,14651,17534,931,407281604,1
2026-05-01T13:47:38.722,A1,1,8547,-60.0,-78.3,-18.3,125.35,144,16821,18051,12004,20391,1010,445997262,1
2026-05-01T13:47:38.844,A1,1,8548,-58.5,-77.5,-19.0,165.28,108,17500,17850,11861,21663,990,402526710,1
2026-05-01T13:47:38.963,A1,1,8549,-59.2,-78.2,-19.0,181.4,96,15696,17414,11911,19567,965,421334825,1
2026-05-01T13:47:39.111,A1,1,8550,-59.5,-77.3,-17.9,172.87,100,13676,17287,17435,20694,1001,476863670,1
2026-05-01T13:47:39.172,A1,1,8551,-59.5,-77.8,-18.3,143.48,120,16033,17217,17133,22941,1054,416795564,1
2026-05-01T13:47:39.292,A1,1,8552,-59.2,-77.4,-18.2,155.09,112,15835,17370,16908,22532,1033,434323051,1
2026-05-01T13:47:39.413,A1,1,8553,-59.5,-77.9,-18.4,171.32,104,16145,17817,12585,19995,984,496066406,1
2026-05-01T13:47:39.503,A1,1,8554,-59.3,-79.1,-19.8,109.46,152,14225,16638,12092,18736,948,460378790,1
2026-05-01T13:47:39.621,A1,1,8555,-58.8,-78.2,-19.5,118.6,148,17364,17553,13740,23389,1038,431423638,1
2026-05-01T13:47:39.772,A1,1,8556,-59.3,-78.4,-19.1,133.56,128,14239,17096,13152,19077,955,460456629,1
2026-05-01T13:47:39.832,A1,1,8557,-59.0,-77.2,-18.2,129.16,140,15692,18082,16659,22786,1032,625964350,1
2026-05-01T13:47:39.953,A1,1,8558,-59.9,-80.9,-21.0,93.66,160,17174,14985,8969,19554,986,407426238,1
2026-05-01T13:47:40.042,A1,1,8559,-59.5,-77.2,-17.7,163.12,104,13986,16964,15231,18519,948,444524702,1
2026-05-01T13:47:40.161,A1,1,8560,-59.3,-78.8,-19.5,167.89,96,17223,16117,12828,21130,1004,411648486,1
2026-05-01T13:47:40.252,A1,1,8561,-59.8,-79.7,-19.8,156.48,100,16651,15648,9499,18403,955,497029599,1
2026-05-01T13:47:40.373,A1,1,8562,-58.2,-77.0,-18.8,161.98,108,17028,17494,15804,23628,1023,457297043,1
2026-05-01T13:47:40.492,A1,1,8563,-59.5,-78.6,-19.1,149.29,112,16367,16721,15987,22968,1055,772114102,1
2026-05-01T13:47:40.611,A1,1,8564,-59.3,-78.7,-19.4,96.09,176,16770,16911,14487,22651,1040,412406448,1
2026-05-01T13:47:40.702,A1,1,8565,-57.5,-76.4,-18.9,154.96,112,16725,17356,17075,24480,1017,421491553,1
2026-05-01T13:47:40.852,A1,1,8566,-59.1,-77.0,-17.9,126.81,140,14858,17754,16724,21417,1004,735654069,1
2026-05-01T13:47:40.941,A1,1,8567,-59.1,-79.4,-20.3,145.36,112,16517,16280,12617,21682,1010,431780638,1
2026-05-01T13:47:41.063,A1,1,8568,-59.6,-78.6,-19.0,137.21,116,15316,15916,17493,22473,1048,437806592,1
2026-05-01T13:47:41.181,A1,1,8569,-59.8,-78.7,-18.9,123.85,136,12846,16844,14276,18352,953,725518945,1
2026-05-01T13:47:41.273,A1,1,8570,-59.1,-78.4,-19.3,148.26,124,17606,18384,12603,23351,1049,685588825,1
2026-05-01T13:47:41.392,A1,1,8571,-59.5,-78.2,-18.7,176.07,96,13226,16903,14359,18543,948,594717649,1
2026-05-01T13:47:41.512,A1,1,8572,-58.9,-77.6,-18.7,108.62,164,15835,17814,16600,23395,1042,430914677,1
2026-05-01T13:47:41.602,A1,1,8573,-59.3,-78.0,-18.7,157.76,108,15262,17038,18025,23469,1060,429879182,1
2026-05-01T13:47:41.722,A1,1,8574,-59.1,-78.5,-19.3,143.62,120,16961,17235,14266,22881,1039,428746798,1
2026-05-01T13:47:41.812,A1,1,8575,-59.3,-77.1,-17.8,168.33,100,13693,16833,15232,18353,937,430569896,1
2026-05-01T13:47:41.931,A1,1,8576,-59.7,-80.8,-21.1,135.22,112,17058,15145,8880,19623,983,716053764,1
2026-05-01T13:47:42.051,A1,1,8577,-59.1,-77.4,-18.3,160.9,108,15402,17377,16579,21949,1017,467256822,1
2026-05-01T13:47:42.141,A1,1,8578,-59.5,-80.6,-21.1,118.56,144,15085,17073,9917,20239,991,434076267,1
2026-05-01T13:47:42.262,A1,1,8579,-59.2,-78.7,-19.5,157.86,104,16502,16417,14289,21959,1021,464798745,1
2026-05-01T13:47:42.383,A1,1,8580,-59.2,-77.9,-18.7,109.42,156,15261,17070,17039,22605,1035,430036280,1
2026-05-01T13:47:42.473,A1,1,8581,-59.1,-77.6,-18.6,146.08,124,16818,18114,16786,24589,1075,495273654,1
2026-05-01T13:47:42.591,A1,1,8582,-58.9,-77.3,-18.4,153.31,116,15636,17784,16475,22569,1026,390449708,1
2026-05-01T13:47:42.714,A1,1,8583,-59.4,-77.8,-18.4,167.49,104,15270,17419,12871,19065,959,406351218,1
2026-05-01T13:47:42.834,A1,1,8584,-59.4,-78.7,-19.3,145.6,116,16759,16890,16917,24617,1088,519097202,1
2026-05-01T13:47:42.953,A1,1,8585,-59.5,-77.4,-17.8,158.31,108,13373,17098,17242,20109,988,452339966,1
2026-05-01T13:47:43.071,A1,1,8586,-58.8,-77.1,-18.3,153.28,116,16094,17780,16667,23081,1032,413200755,1
2026-05-01T13:47:43.162,A1,1,8587,-58.7,-77.6,-18.9,148.61,120,16879,17833,16917,25030,1071,750093671,1
2026-05-01T13:47:43.254,A1,1,8588,-59.4,-79.8,-20.4,165.82,104,14887,17245,10564,19741,974,512912415,1
2026-05-01T13:47:43.372,A1,1,8589,-59.3,-79.1,-19.8,105.39,168,17579,17705,9890,21581,1016,468291920,1
2026-05-01T13:47:43.492,A1,1,8590,-59.2,-78.1,-19.0,154.14,112,16872,17264,13241,21441,1008,402457046,1
2026-05-01T13:47:43.582,A1,1,8591,-59.3,-78.8,-19.5,157.47,104,13697,16377,12727,18083,930,563284526,1
2026-05-01T13:47:43.703,A1,1,8592,-59.0,-77.2,-18.1,155.46,120,17421,18655,15848,24048,1063,748485049,1
2026-05-01T13:47:43.822,A1,1,8593,-59.5,-80.5,-21.0,97.51,172,15457,16772,9782,20044,987,430610084,1
2026-05-01T13:47:43.971,A1,1,8594,-59.7,-77.9,-18.2,156.51,108,15928,16903,17813,23027,1063,726549441,1
2026-05-01T13:47:44.003,A1,1,8595,-59.7,-80.4,-20.6,114.35,136,16803,15551,8760,19089,970,413881801,1
2026-05-01T13:47:44.123,A1,1,8596,-59.6,-79.6,-20.0,183.94,96,16005,17658,10557,20637,1002,461404940,1
2026-05-01T13:47:44.242,A1,1,8597,-59.7,-78.2,-18.5,127.45,136,14203,17333,13533,18754,959,446499517,1
2026-05-01T13:47:44.361,A1,1,8598,-59.2,-78.7,-19.4,140.73,120,16774,16888,15320,23383,1055,458878562,1
2026-05-01T13:47:44.452,A1,1,8599,-59.4,-77.9,-18.5,168.09,104,15773,17481,17254,23256,1059,408917137,1
2026-05-01T13:47:44.541,A1,1,8600,-59.8,-78.9,-19.1,118.47,152,17343,18008,11878,21864,1039,513219349,1
2026-05-01T13:47:44.664,A1,1,8601,-59.3,-77.1,-17.8,114.23,156,15163,17820,16545,21368,1012,453890083,1
2026-05-01T13:47:44.872,A1,1,8602,-59.1,-77.1,-18.0,119.5,152,15974,18164,15913,22187,1022,408310671,1
2026-05-01T13:47:44.902,A1,1,8603,-57.9,-76.4,-18.5,120.15,144,14209,17301,16213,20915,952,465961120,1
2026-05-01T13:47:45.052,A1,1,8604,-59.5,-78.6,-19.1,149.43,112,16617,16736,16679,23865,1075,443516665,1
2026-05-01T13:47:45.143,A1,1,8605,-59.0,-77.2,-18.2,108.15,156,14105,16872,16513,20277,975,430211901,1
2026-05-01T13:47:45.263,A1,1,8606,-59.6,-78.3,-18.6,150.55,104,14433,15657,17443,20957,1013,440865885,1
2026-05-01T13:47:45.353,A1,1,8607,-59.1,-78.0,-19.0,148.8,120,16910,17856,16470,24758,1080,418031717,1
2026-05-01T13:47:45.473,A1,1,8608,-59.5,-78.0,-18.5,101.68,176,17135,17896,16090,23870,1076,394432415,1
2026-05-01T13:47:45.592,A1,1,8609,-59.2,-78.5,-19.3,178.77,100,17521,17877,10612,21325,1007,409226748,1
2026-05-01T13:47:45.713,A1,1,8610,-59.0,-77.6,-18.6,165.38,104,15194,17199,12875,19154,947,411373034,1
2026-05-01T13:47:45.803,A1,1,8611,-59.3,-76.6,-17.4,172.73,100,14369,17273,15930,19195,957,412181827,1
2026-05-01T13:47:45.921,A1,1,8612,-59.2,-78.1,-19.0,150.71,112,17228,16879,14469,22398,1030,446137743,1
2026-05-01T13:47:45.982,A1,1,8613,-59.0,-77.9,-18.9,145.93,120,15574,17511,12616,19907,965,508000414,1
2026-05-01T13:47:46.102,A1,1,8614,-59.3,-80.5,-21.1,155.4,96,17565,14918,8916,20076,981,495003166,1
2026-05-01T13:47:46.223,A1,1,8615,-59.5,-77.5,-18.0,158.99,112,16512,17807,12392,19612,976,468485012,1
2026-05-01T13:47:54.382,A1,1,8616,-59.5,-78.5,-19.0,183.26,96,16895,17593,10907,20197,989,453403768,1
2026-05-01T13:47:54.501,A1,1,8617,-59.8,-78.9,-19.1,113.36,148,15203,16777,11781,18570,958,436150452,1
2026-05-01T13:47:54.621,A1,1,8618,-59.5,-76.4,-16.9,192.08,92,15047,17671,17382,20599,999,730816098,1
2026-05-01T13:47:54.711,A1,1,8619,-59.2,-78.4,-19.2,146.72,112,16769,16433,14517,21835,1019,751696610,1
2026-05-01T13:47:54.831,A1,1,8620,-59.5,-78.7,-19.2,187.48,88,15503,16498,10850,18136,938,414932981,1
2026-05-01T13:47:54.951,A1,1,8621,-58.4,-76.5,-18.1,112.93,152,15386,17166,14390,19677,940,402168729,1
2026-05-01T13:47:55.072,A1,1,8622,-59.1,-79.8,-20.7,159.92,96,17658,15352,9294,20142,976,406671743,1
2026-05-01T13:47:55.163,A1,1,8623,-59.4,-76.4,-17.1,172.96,104,16007,17988,16463,21087,1007,541097100,1
2026-05-01T13:48:03.263,A1,1,8624,-59.0,-79.1,-20.1,188.17,96,18505,18064,10574,23924,1058,462889436,1
2026-05-01T13:48:03.384,A1,1,8625,-58.0,-78.1,-20.1,157.99,100,17614,15799,12014,21553,970,453962867,1
2026-05-01T13:48:03.503,A1,1,8626,-59.3,-77.6,-18.3,167.71,100,16903,16771,16841,22996,1048,483193948,1
2026-05-01T13:48:03.593,A1,1,8627,-59.5,-77.5,-18.1,106.09,172,15797,18247,16073,22346,1040,518767925,1
2026-05-01T13:48:03.742,A1,1,8628,-59.1,-78.4,-19.3,169.11,104,18056,17587,11991,22480,1031,402637704,1
2026-05-01T13:48:03.862,A1,1,8629,-58.1,-76.8,-18.7,150.9,108,16622,16297,17021,23156,1009,389989283,1
2026-05-01T13:48:03.982,A1,1,8630,-58.1,-77.1,-19.0,114.98,132,16875,15178,14664,20746,955,441106832,1
2026-05-01T13:48:04.104,A1,1,8631,-59.6,-78.4,-18.8,169.28,100,15847,16928,11135,18495,951,462140149,1
2026-05-01T13:48:04.222,A1,1,8632,-59.1,-79.0,-19.8,177.71,100,18236,17771,11156,23218,1047,404316337,1
2026-05-01T13:48:04.342,A1,1,8633,-59.3,-76.6,-17.2,135.49,132,15935,17885,16380,21150,1007,454363306,1
2026-05-01T13:48:04.463,A1,1,8634,-60.1,-78.0,-17.9,189.65,88,12721,16689,15117,17607,943,388176692,1
2026-05-01T13:48:04.583,A1,1,8635,-59.4,-77.5,-18.1,164.1,104,16987,17066,14840,21244,1013,450288315,1
2026-05-01T13:48:04.672,A1,1,8636,-58.1,-78.1,-20.0,172.82,104,17118,17973,11596,22845,1001,402500251,1
2026-05-01T13:48:04.792,A1,1,8637,-59.1,-79.1,-20.0,168.19,100,16629,16819,9573,19755,965,429662249,1
2026-05-01T13:48:04.882,A1,1,8638,-57.8,-75.8,-18.0,124.38,144,16227,17910,16233,22375,982,492207918,1
2026-05-01T13:48:05.001,A1,1,8639,-59.5,-77.2,-17.7,159.8,104,16298,16619,17831,22205,1038,428180844,1
2026-05-01T13:48:05.150,A1,1,8640,-60.1,-77.5,-17.5,107.06,144,15275,15417,17350,19666,996,422784950,1
2026-05-01T13:48:05.241,A1,1,8641,-60.0,-79.7,-19.7,171.05,92,16370,15737,10206,18405,962,467572412,1
2026-05-01T13:48:05.364,A1,1,8642,-59.7,-78.2,-18.4,109.1,156,14259,17019,13419,18361,951,761663256,1
2026-05-01T13:48:05.452,A1,1,8643,-59.7,-76.5,-16.8,171.12,100,14621,17112,15881,18491,952,427665730,1
2026-05-01T13:48:05.573,A1,1,8644,-59.5,-76.5,-17.0,171.88,104,16096,17875,15390,20116,989,435516797,1
2026-05-01T13:48:05.693,A1,1,8645,-59.6,-77.7,-18.0,126.99,144,17391,18286,13390,21653,1029,404302600,1
2026-05-01T13:48:05.781,A1,1,8646,-59.1,-79.5,-20.3,150.21,108,17695,16223,10241,21164,1000,473688818,1
2026-05-01T13:48:05.901,A1,1,8647,-59.7,-78.7,-19.0,112.57,148,14421,16661,12862,18391,952,491114582,1
2026-05-01T13:48:06.021,A1,1,8648,-58.5,-75.6,-17.1,118.28,152,16252,17978,16704,21552,986,453910424,1
2026-05-01T13:48:06.142,A1,1,8649,-59.9,-78.0,-18.1,97.85,176,17003,17221,17705,23989,1092,761618597,1
2026-05-01T13:48:06.233,A1,1,8650,-59.3,-78.6,-19.3,163.7,100,17320,16370,12318,20759,997,755750153,1
2026-05-01T13:48:06.321,A1,1,8651,-59.1,-76.9,-17.8,129.4,136,15702,17598,14530,20022,971,403402398,1
2026-05-01T13:48:06.441,A1,1,8652,-59.6,-77.6,-18.0,106.59,148,15232,15776,17087,20469,1000,441144053,1
2026-05-01T13:48:06.562,A1,1,8653,-59.3,-79.4,-20.1,100.86,164,17870,16541,10344,21430,1013,418999417,1
2026-05-01T13:48:06.709,A1,1,8654,-59.3,-77.5,-18.2,170.72,104,16620,17755,12399,19981,978,732412923,1
2026-05-01T13:48:06.772,A1,1,8655,-58.1,-78.0,-20.0,168.38,100,17097,16838,10165,20566,950,734812398,1
2026-05-01T13:48:06.892,A1,1,8656,-60.0,-80.5,-20.6,172.57,100,15392,17257,9493,19714,993,469497847,1
2026-05-01T13:48:07.011,A1,1,8657,-58.7,-79.3,-20.6,155.48,96,16863,14926,8793,18446,921,406382955,1
2026-05-01T13:48:07.133,A1,1,8658,-59.8,-78.0,-18.2,110.71,160,16826,17713,11749,19732,987,452651902,1
2026-05-01T13:48:07.253,A1,1,8659,-59.7,-78.6,-18.9,118.15,144,17037,17013,12666,20882,1013,387991211,1
2026-05-01T13:48:07.341,A1,1,8660,-59.1,-79.0,-20.0,173.5,96,16676,16656,9547,19581,960,474553818,1
2026-05-01T13:48:07.461,A1,1,8661,-59.7,-79.3,-19.6,124.25,136,14329,16898,11589,18472,952,496062545,1
2026-05-01T13:48:07.582,A1,1,8662,-59.7,-76.6,-16.9,176.88,96,14414,16980,15629,18135,944,398554162,1
2026-05-01T13:48:07.702,A1,1,8663,-59.3,-76.9,-17.6,118.03,144,15605,16996,16490,20759,996,440833438,1
2026-05-01T13:48:07.822,A1,1,8664,-59.5,-77.4,-17.9,175.0,96,14165,16800,13777,17709,926,446759637,1
2026-05-01T13:48:07.941,A1,1,8665,-59.8,-79.3,-19.5,115.61,140,16591,16186,12205,20102,997,431271555,1
2026-05-01T13:48:08.091,A1,1,8666,-59.5,-77.5,-18.0,181.36,92,16951,16685,14936,20928,1007,767917443,1
2026-05-01T13:48:08.180,A1,1,8667,-59.2,-80.2,-21.1,111.61,144,18054,16072,8837,21643,1013,408496632,1
2026-05-01T13:48:08.333,A1,1,8668,-59.5,-81.1,-21.5,131.89,108,17253,14244,8211,19173,965,731371611,1
2026-05-01T13:48:08.391,A1,1,8669,-59.8,-79.4,-19.5,170.04,96,16720,16324,9282,18604,960,748917359,1
2026-05-01T13:48:08.483,A1,1,8670,-59.5,-77.6,-18.1,125.95,136,15913,17129,12013,18412,944,427244468,1
2026-05-01T13:48:08.602,A1,1,8671,-59.6,-78.0,-18.5,186.65,88,13526,16425,13746,17546,924,419228511,1
2026-05-01T13:48:08.721,A1,1,8672,-59.2,-77.2,-18.0,157.67,116,17771,18290,15194,23284,1052,443524582,1
2026-05-01T13:48:08.810,A1,1,8673,-59.1,-76.9,-17.8,114.31,160,16617,18290,16148,22796,1036,445543616,1
2026-05-01T13:48:08.930,A1,1,8674,-59.5,-78.1,-18.5,122.76,136,13254,16696,14667,18377,945,453426516,1
2026-05-01T13:48:09.051,A1,1,8675,-59.4,-78.2,-18.8,148.47,108,16488,16035,14421,20568,996,473875795,1
2026-05-01T13:48:09.173,A1,1,8676,-59.5,-78.3,-18.8,164.38,104,14570,17096,12288,18285,941,446831006,1
2026-05-01T13:48:09.263,A1,1,8677,-59.8,-77.6,-17.8,122.71,136,13780,16689,16079,18960,968,444117243,1
2026-05-01T13:48:09.382,A1,1,8678,-59.2,-79.1,-19.9,161.32,108,18145,17423,11089,22834,1042,452363443,1
2026-05-01T13:48:09.503,A1,1,8679,-59.2,-77.7,-18.5,109.44,152,16825,16635,16258,22615,1036,468072106,1
2026-05-01T13:48:09.591,A1,1,8680,-59.2,-79.7,-20.4,148.7,112,15413,16654,9923,19203,956,452606677,1
2026-05-01T13:48:09.685,A1,1,8681,-59.3,-80.4,-21.1,146.02,104,17653,15186,8736,20245,983,497148427,1
2026-05-01T13:48:09.802,A1,1,8682,-59.4,-77.7,-18.4,153.76,116,17429,17836,14135,22307,1035,458645651,1
2026-05-01T13:48:09.922,A1,1,8683,-59.4,-79.4,-20.0,100.61,176,18353,17708,11176,23499,1065,730811794,1
2026-05-01T13:48:10.041,A1,1,8684,-59.3,-78.5,-19.2,147.79,108,16440,15961,13750,20566,992,427497752,1
2026-05-01T13:48:10.133,A1,1,8685,-59.4,-78.0,-18.6,155.78,108,17000,16824,16957,23750,1068,489571492,1
2026-05-01T13:48:10.251,A1,1,8686,-59.4,-79.4,-20.0,153.38,108,16429,16565,9501,19295,963,724425690,1
2026-05-01T13:48:10.341,A1,1,8687,-59.8,-77.5,-17.7,156.43,108,14430,16894,13737,17679,934,414561661,1
2026-05-01T13:48:10.461,A1,1,8688,-59.0,-77.9,-19.0,121.71,152,18139,18500,12885,23682,1052,747987906,1
2026-05-01T13:48:10.551,A1,1,8689,-59.3,-77.2,-17.9,101.07,180,17513,18193,15434,22988,1050,405551900,1
2026-05-01T13:48:10.641,A1,1,8690,-59.6,-77.2,-17.6,103.23,184,17729,18995,17055,24798,1100,486926660,1
2026-05-01T13:48:10.763,A1,1,8691,-59.6,-78.5,-19.0,170.07,100,17030,17007,12117,20515,999,495460093,1
2026-05-01T13:48:10.911,A1,1,8692,-59.5,-77.4,-17.9,125.55,144,17536,18079,14766,22380,1042,438726292,1
2026-05-01T13:48:11.001,A1,1,8693,-59.9,-80.1,-20.2,154.56,96,16812,14838,9974,18579,961,388022927,1
2026-05-01T13:48:11.121,A1,1,8694,-59.5,-80.1,-20.6,168.11,100,15809,16811,9287,19535,974,439271928,1
2026-05-01T13:48:11.241,A1,1,8695,-59.6,-77.7,-18.1,170.2,108,17172,18382,13750,21875,1035,751892769,1
2026-05-01T13:48:11.361,A1,1,8696,-59.7,-78.0,-18.3,105.22,164,13963,17256,14315,18860,962,485754593,1
2026-05-01T13:48:11.452,A1,1,8697,-59.5,-77.0,-17.5,107.39,172,17587,18471,17609,24489,1090,427270576,1
2026-05-01T13:48:11.571,A1,1,8698,-59.8,-80.9,-21.1,164.23,88,17053,14452,7998,18448,956,393647792,1
2026-05-01T13:48:11.661,A1,1,8699,-59.3,-80.2,-20.8,94.09,164,17725,15431,9300,20572,993,472411463,1
2026-05-01T13:48:11.783,A1,1,8700,-60.0,-77.9,-17.9,165.29,100,13610,16529,15528,18397,960,400961583,1
2026-05-01T13:48:11.931,A1,1,8701,-59.8,-78.0,-18.3,176.83,96,13224,16976,14602,18245,949,402226723,1
2026-05-01T13:48:12.021,A1,1,8702,-58.2,-76.9,-18.7,176.84,96,14236,16977,14340,19295,925,446615130,1
2026-05-01T13:48:12.141,A1,1,8703,-58.0,-78.8,-20.9,173.59,96,16291,16665,10087,20777,952,441154902,1
2026-05-01T13:48:12.291,A1,1,8704,-57.9,-75.9,-18.0,180.57,96,17531,17335,16062,22852,997,398095113,1
2026-05-01T13:48:12.381,A1,1,8705,-59.6,-78.6,-19.0,112.38,148,14161,16632,13140,18394,947,440568551,1
2026-05-01T13:48:12.530,A1,1,8706,-59.2,-76.9,-17.6,175.03,100,15862,17503,16472,21369,1009,430844112,1
2026-05-01T13:48:12.621,A1,1,8707,-59.5,-77.2,-17.7,103.17,176,16306,18158,14869,21175,1014,724870034,1
2026-05-01T13:48:12.741,A1,1,8708,-59.1,-76.7,-17.5,198.58,92,16419,18269,15900,21950,1019,389915055,1
2026-05-01T13:48:12.862,A1,1,8709,-59.4,-80.2,-20.8,165.73,92,17529,15247,9133,19979,981,471475270,1
2026-05-01T13:48:12.983,A1,1,8710,-59.5,-79.0,-19.5,165.26,100,15977,16526,10231,18600,948,726085496,1
2026-05-01T13:48:13.131,A1,1,8711,-59.6,-78.2,-18.5,154.85,104,16542,16104,15352,21119,1016,463542934,1
2026-05-01T13:48:13.221,A1,1,8712,-59.9,-78.7,-18.9,112.32,148,13665,16624,13212,17935,944,728615712,1
2026-05-01T13:48:13.371,A1,1,8713,-59.9,-78.0,-18.1,189.29,92,14408,17415,14039,18832,970,390151213,1
2026-05-01T13:48:13.432,A1,1,8714,-58.1,-76.8,-18.8,145.57,104,16727,15139,15516,20913,958,443663237,1
2026-05-01T13:48:13.553,A1,1,8715,-59.5,-79.7,-20.2,182.0,92,15804,16744,9558,19156,964,442706754,1
2026-05-01T13:48:13.672,A1,1,8716,-59.1,-79.0,-19.9,107.43,160,16943,17189,9795,20479,984,430799994,1
2026-05-01T13:48:13.731,A1,1,8717,-59.1,-76.2,-17.1,171.07,104,16505,17791,16499,21405,1004,731366750,1
2026-05-01T13:48:13.850,A1,1,8718,-59.5,-77.7,-18.3,164.66,100,13329,16466,14385,17671,924,484305643,1
2026-05-01T13:48:13.941,A1,1,8719,-59.3,-76.6,-17.3,164.9,108,16975,17809,18084,23484,1061,507880910,1
2026-05-01T13:48:14.063,A1,1,8720,-59.7,-81.3,-21.7,153.23,92,17408,14097,7640,19080,968,396367343,1
2026-05-01T13:48:14.181,A1,1,8721,-59.7,-79.5,-19.7,99.73,180,17097,17952,10638,21718,1034,462536197,1
2026-05-01T13:48:14.332,A1,1,8722,-59.6,-76.7,-17.1,130.99,136,15565,17814,16431,20667,1003,769853003,1
2026-05-01T13:48:14.421,A1,1,8723,-59.4,-77.0,-17.6,170.25,100,14449,17025,14094,17935,930,466414503,1
2026-05-01T13:48:14.542,A1,1,8724,-59.5,-77.3,-17.8,133.22,128,14667,17052,14437,18577,949,404791416,1
2026-05-01T13:48:14.633,A1,1,8725,-59.3,-76.4,-17.2,112.14,160,15733,17943,16908,21373,1010,464980775,1
2026-05-01T13:48:14.721,A1,1,8726,-59.6,-78.8,-19.3,166.6,100,14554,16660,11382,17870,933,441724697,1
2026-05-01T13:48:14.841,A1,1,8727,-59.1,-78.2,-19.1,178.42,96,16937,17128,10055,19475,959,461308332,1
2026-05-01T13:48:14.933,A1,1,8728,-59.8,-80.1,-20.4,177.19,100,16054,17719,10141,21007,1019,442887570,1
2026-05-01T13:48:15.053,A1,1,8729,-59.5,-77.4,-17.8,105.49,164,15839,17300,16636,21618,1025,430674721,1
2026-05-01T13:48:15.202,A1,1,8730,-59.6,-77.5,-18.0,96.03,172,16829,16518,16917,22208,1040,721258421,1
2026-05-01T13:48:15.292,A1,1,8731,-59.3,-76.3,-17.0,127.36,140,15660,17831,17470,21399,1012,472943461,1
2026-05-01T13:48:15.381,A1,1,8732,-59.4,-77.3,-17.9,174.67,96,14106,16768,14061,17812,925,434243503,1
2026-05-01T13:48:15.503,A1,1,8733,-59.4,-77.4,-18.0,149.96,112,16961,16796,16599,22383,1038,405073835,1
2026-05-01T13:48:15.594,A1,1,8734,-59.3,-77.4,-18.1,100.24,168,16154,16840,17047,22169,1030,446689374,1
2026-05-01T13:48:15.711,A1,1,8735,-59.3,-79.0,-19.7,176.97,92,17694,16281,10708,20582,993,396133909,1
2026-05-01T13:48:15.831,A1,1,8736,-59.3,-79.0,-19.7,184.73,100,18376,18473,11709,24226,1076,420122386,1
2026-05-01T13:48:15.951,A1,1,8737,-59.8,-79.2,-19.4,107.89,156,14411,16831,11930,18491,957,441694180,1
2026-05-01T13:48:16.043,A1,1,8738,-59.7,-79.0,-19.3,180.27,92,14044,16585,12096,17853,937,395184207,1
2026-05-01T13:48:16.192,A1,1,8739,-59.6,-79.0,-19.4,93.0,168,16515,15624,14412,21117,1016,495362274,1
2026-05-01T13:48:16.282,A1,1,8740,-59.2,-78.4,-19.3,170.34,104,17385,17715,10348,20906,995,730171083,1
2026-05-01T13:48:16.371,A1,1,8741,-59.0,-78.8,-19.7,180.54,96,18120,17332,11191,22472,1027,745879884,1
2026-05-01T13:48:16.493,A1,1,8742,-59.4,-79.4,-20.1,104.44,176,18204,18382,11129,24200,1078,461659271,1
2026-05-01T13:48:16.613,A1,1,8743,-59.1,-76.8,-17.7,123.54,140,16050,17296,16612,21575,1008,423487025,1
2026-05-01T13:48:24.741,A1,1,8744,-58.9,-75.3,-16.5,154.79,112,16348,17337,14346,18420,924,396542610,1
2026-05-01T13:48:24.862,A1,1,8745,-59.0,-77.4,-18.4,122.57,136,14083,16670,14289,18530,931,474581399,1
2026-05-01T13:48:24.982,A1,1,8746,-58.7,-78.2,-19.4,113.95,144,18339,16409,11116,21303,990,415858599,1
2026-05-01T13:48:25.102,A1,1,8747,-58.4,-75.7,-17.4,174.8,100,13714,17480,15856,18878,920,438975430,1
2026-05-01T13:48:25.252,A1,1,8748,-59.4,-77.3,-18.0,165.04,112,15551,18485,15280,21548,1018,443779080,1
2026-05-01T13:48:25.310,A1,1,8749,-58.9,-77.6,-18.7,125.28,132,13975,16537,13909,18409,926,447370925,1
2026-05-01T13:48:25.401,A1,1,8750,-58.9,-77.6,-18.6,185.35,92,13023,17052,14183,18274,923,492153470,1
2026-05-01T13:48:25.523,A1,1,8751,-58.6,-76.8,-18.2,196.93,88,16974,17330,11541,19404,940,452028758,1
2026-05-01T13:48:25.642,A1,1,8752,-58.9,-77.4,-18.6,136.82,120,16775,16419,10627,18245,921,444783972,1
2026-05-01T13:48:25.762,A1,1,8753,-58.4,-76.7,-18.3,178.63,104,18713,18578,13993,24072,1040,443561338,1
2026-05-01T13:48:25.889,A1,1,8754,-58.9,-78.4,-19.5,112.35,160,16801,17976,11255,21442,1000,444223257,1
2026-05-01T13:48:26.002,A1,1,8755,-59.0,-75.7,-16.7,173.15,96,15578,16622,14252,17473,904,444342290,1
2026-05-01T13:48:26.123,A1,1,8756,-59.0,-79.0,-20.0,123.53,144,16295,17789,10528,21027,992,437187756,1
2026-05-01T13:48:26.241,A1,1,8757,-58.8,-75.9,-17.2,131.0,140,17283,18340,15275,21667,999,465909368,1
2026-05-01T13:48:26.363,A1,1,8758,-58.5,-76.4,-17.9,180.33,104,18500,18754,14905,24097,1043,442374064,1
2026-05-01T13:48:26.453,A1,1,8759,-58.3,-77.6,-19.3,137.53,120,17044,16504,10613,19528,935,424864147,1
2026-05-01T13:48:26.543,A1,1,8760,-58.5,-76.8,-18.3,154.48,112,18146,17302,13585,21900,997,425568958,1
2026-05-01T13:48:26.662,A1,1,8761,-58.4,-75.6,-17.2,118.41,144,16385,17051,16931,21129,974,437183902,1
2026-05-01T13:48:26.751,A1,1,8762,-58.8,-75.7,-17.0,194.43,88,13475,17110,16052,18028,912,489091096,1
2026-05-01T13:48:26.871,A1,1,8763,-58.7,-76.1,-17.4,181.03,96,17247,17379,12050,18840,931,713621187,1
2026-05-01T13:48:26.962,A1,1,8764,-58.3,-75.2,-16.9,175.53,100,16991,17553,16756,21528,980,441784143,1
2026-05-01T13:48:27.113,A1,1,8765,-58.4,-75.9,-17.5,176.61,104,17529,18367,15011,22203,999,398516349,1
2026-05-01T13:48:27.231,A1,1,8766,-58.4,-76.4,-18.0,171.46,96,16044,16460,12629,18190,905,397553596,1
2026-05-01T13:48:27.322,A1,1,8767,-59.2,-77.7,-18.4,141.31,108,16918,15261,11123,17509,913,455967039,1
2026-05-01T13:48:27.441,A1,1,8768,-58.4,-78.6,-20.2,126.48,132,16758,16695,9372,19928,947,475576873,1
2026-05-01T13:48:27.532,A1,1,8769,-59.0,-76.2,-17.2,172.58,100,17092,17258,12156,18463,930,402489014,1
2026-05-01T13:48:27.622,A1,1,8770,-58.5,-75.7,-17.2,178.84,100,16177,17884,14820,19993,952,440086417,1
2026-05-01T13:48:35.811,A1,1,8771,-59.1,-79.5,-20.4,121.0,136,18417,16456,9418,21747,1014,417212316,1
2026-05-01T13:48:35.932,A1,1,8772,-59.1,-79.2,-20.2,105.72,160,18482,16916,9566,22117,1020,394858026,1
2026-05-01T13:48:36.022,A1,1,8773,-59.3,-76.5,-17.2,192.16,92,17463,17679,12051,19102,956,745292849,1
2026-05-01T13:48:36.111,A1,1,8774,-58.7,-77.4,-18.7,178.93,96,17725,17177,9866,19602,947,680251723,1
2026-05-01T13:48:36.231,A1,1,8775,-59.1,-77.0,-17.9,140.06,124,15013,17367,13980,18977,946,738707075,1
2026-05-01T13:48:36.321,A1,1,8776,-59.1,-75.9,-16.8,138.78,124,15580,17209,14126,17998,920,405656687,1
2026-05-01T13:48:36.441,A1,1,8777,-58.8,-75.8,-17.1,128.98,132,17535,17026,16281,21379,992,424320377,1
2026-05-01T13:48:36.531,A1,1,8778,-59.3,-78.5,-19.2,114.29,156,16545,17830,10909,20428,988,388092615,1
2026-05-01T13:48:36.653,A1,1,8779,-59.5,-77.5,-18.0,157.62,96,16970,15132,12692,17905,931,415107396,1
2026-05-01T13:48:36.741,A1,1,8780,-59.3,-76.6,-17.3,113.18,148,13680,16750,15381,17742,921,430069325,1
2026-05-01T13:48:36.861,A1,1,8781,-58.8,-77.7,-18.9,183.6,92,17479,16891,9316,19118,940,708557224,1
2026-05-01T13:48:36.981,A1,1,8782,-59.6,-76.3,-16.7,108.49,168,17143,18227,15049,20580,1002,728702171,1
2026-05-01T13:48:37.130,A1,1,8783,-58.9,-75.9,-17.0,160.84,108,16402,17371,13540,18592,930,422796292,1
2026-05-01T13:48:37.190,A1,1,8784,-59.1,-76.2,-17.1,136.01,124,14621,16865,14965,17952,920,385834901,1
2026-05-01T13:48:37.281,A1,1,8785,-58.9,-76.6,-17.7,120.83,132,15651,15950,17275,20614,980,501753957,1
2026-05-01T13:48:37.401,A1,1,8786,-58.9,-79.2,-20.3,114.59,148,16141,16960,9294,19609,955,727150039,1
2026-05-01T13:48:37.491,A1,1,8787,-59.0,-77.8,-18.8,97.48,164,17772,15986,11928,20007,968,438970695,1
2026-05-01T13:48:37.581,A1,1,8788,-58.9,-78.2,-19.3,112.15,160,16540,17944,11702,21133,992,598320964,1
2026-05-01T13:48:37.704,A1,1,8789,-59.2,-77.7,-18.5,179.93,96,14831,17273,12254,18308,933,443800580,1
2026-05-01T13:48:37.826,A1,1,8790,-59.0,-75.8,-16.8,146.2,124,17113,18129,16188,21584,1004,720389854,1
2026-05-01T13:48:37.912,A1,1,8791,-58.8,-76.4,-17.6,152.35,108,13941,16454,14898,17707,905,421144222,1
2026-05-01T13:48:38.002,A1,1,8792,-59.0,-75.9,-16.9,115.64,160,17259,18503,16594,22375,1025,442604067,1
2026-05-01T13:48:38.121,A1,1,8793,-58.9,-79.6,-20.7,108.28,144,18087,15593,8912,20752,982,746681140,1
2026-05-01T13:48:38.211,A1,1,8794,-58.7,-76.0,-17.3,128.94,132,15919,17020,14033,18596,925,429552087,1
2026-05-01T13:48:38.301,A1,1,8795,-58.6,-76.8,-18.1,130.4,128,15843,16691,12965,18647,922,487186261,1
2026-05-01T13:48:38.421,A1,1,8796,-58.6,-78.8,-20.2,157.63,104,17068,16394,9099,19810,949,487863273,1
2026-05-01T13:48:38.511,A1,1,8797,-59.7,-78.3,-18.6,123.98,128,16587,15869,11177,17973,940,422921915,1
2026-05-01T13:48:38.602,A1,1,8798,-59.4,-79.1,-19.7,97.82,152,17483,14868,10438,18901,954,422516514,1
2026-05-01T13:48:38.722,A1,1,8799,-59.1,-76.4,-17.3,158.65,112,17368,17769,12351,19428,958,422921411,1
2026-05-01T13:48:38.810,A1,1,8800,-59.4,-79.8,-20.4,99.82,148,17203,14774,8248,18151,935,416625353,1
2026-05-01T13:48:38.901,A1,1,8801,-58.9,-79.0,-20.1,107.96,156,16142,16841,9612,19403,951,422478106,1
2026-05-01T13:48:39.053,A1,1,8802,-59.4,-76.4,-17.0,113.77,156,17095,17748,15505,20960,1003,756052600,1
2026-05-01T13:48:39.142,A1,1,8803,-58.7,-78.9,-20.3,108.86,152,17134,16547,9429,20300,964,436072866,1
2026-05-01T13:48:39.233,A1,1,8804,-58.6,-76.7,-18.1,166.65,100,15134,16665,13636,18497,918,429585523,1
2026-05-01T13:48:39.321,A1,1,8805,-58.4,-76.8,-18.4,136.56,124,16629,16934,11853,19185,928,744856946,1
2026-05-01T13:48:39.440,A1,1,8806,-58.9,-77.1,-18.2,114.11,156,17650,17801,11469,20379,973,399725187,1
2026-05-01T13:48:39.562,A1,1,8807,-59.4,-76.3,-16.9,127.23,132,12732,16795,16169,17317,914,423688122,1
2026-05-01T13:48:39.652,A1,1,8808,-58.7,-76.9,-18.2,123.47,140,17015,17286,11867,19490,947,727737265,1
2026-05-01T13:48:39.742,A1,1,8809,-59.2,-76.6,-17.4,146.46,112,12786,16403,15689,17219,903,437138494,1
2026-05-01T13:48:39.861,A1,1,8810,-58.9,-79.5,-20.6,150.64,112,18479,16872,9377,22617,1024,393607520,1
2026-05-01T13:48:39.982,A1,1,8811,-59.0,-76.2,-17.2,113.4,148,15797,16783,16868,20428,978,433311021,1
2026-05-01T13:48:40.071,A1,1,8812,-59.1,-78.0,-18.9,115.03,148,15002,17024,11575,18277,929,485325208,1
2026-05-01T13:48:40.222,A1,1,8813,-58.8,-79.2,-20.4,122.7,132,18141,16197,9825,21463,997,400060479,1
2026-05-01T13:48:40.282,A1,1,8814,-58.7,-76.3,-17.6,117.4,144,16068,16906,13366,18591,925,422734296,1
2026-05-01T13:48:40.371,A1,1,8815,-58.6,-75.8,-17.3,158.6,108,16409,17129,13188,18561,918,440783293,1
2026-05-01T13:48:40.490,A1,1,8816,-59.1,-76.3,-17.2,99.34,172,16585,17086,17455,21760,1013,420457459,1
2026-05-01T13:48:40.581,A1,1,8817,-59.0,-76.2,-17.2,128.96,136,16703,17539,13505,19205,948,418926019,1
2026-05-01T13:48:40.672,A1,1,8818,-59.2,-76.2,-17.0,110.15,164,16650,18065,14959,20386,984,417382425,1
2026-05-01T13:48:40.792,A1,1,8819,-58.8,-77.3,-18.5,150.1,112,15056,16811,12515,18218,917,401509425,1
2026-05-01T13:48:40.881,A1,1,8820,-58.4,-76.9,-18.5,155.67,108,16673,16812,11216,18803,920,414993278,1
2026-05-01T13:48:41.030,A1,1,8821,-59.0,-76.4,-17.3,116.84,140,16336,16358,16377,20297,976,414268295,1
2026-05-01T13:48:41.090,A1,1,8822,-58.9,-75.8,-16.9,160.0,112,17336,17920,14255,20164,970,492384546,1
2026-05-01T13:48:41.182,A1,1,8823,-58.7,-75.6,-16.8,116.58,152,14981,17720,16824,20059,960,438936994,1
2026-05-01T13:48:41.303,A1,1,8824,-58.6,-76.0,-17.5,159.19,104,15372,16556,13828,17879,901,720242622,1
2026-05-01T13:48:41.390,A1,1,8825,-58.7,-79.2,-20.4,109.01,152,16814,16570,9325,20168,963,436497018,1
2026-05-01T13:48:41.511,A1,1,8826,-59.5,-76.5,-17.0,114.17,156,16678,17810,13590,19267,967,514182768,1
2026-05-01T13:48:41.661,A1,1,8827,-59.3,-76.1,-16.8,155.22,112,16988,17385,14399,19437,964,765346133,1
2026-05-01T13:48:41.722,A1,1,8828,-58.7,-78.3,-19.6,124.71,136,17351,16960,9878,20259,964,436708411,1
2026-05-01T13:48:41.842,A1,1,8829,-59.7,-78.6,-18.9,125.43,128,16636,16055,9009,17375,923,453189080,1
2026-05-01T13:48:41.991,A1,1,8830,-59.2,-77.0,-17.8,111.65,148,14719,16524,13523,17517,912,766269172,1
2026-05-01T13:48:42.081,A1,1,8831,-59.2,-76.1,-16.9,175.34,100,15884,17534,14148,18638,942,412711349,1
2026-05-01T13:48:42.171,A1,1,8832,-58.4,-77.4,-19.1,128.05,132,16945,16902,10812,19645,938,416514475,1
2026-05-01T13:48:42.291,A1,1,8833,-58.5,-77.7,-19.2,140.16,120,16967,16819,10574,19616,942,484442993,1
2026-05-01T13:48:42.414,A1,1,8834,-59.6,-77.0,-17.5,135.28,124,12520,16775,15975,17665,927,399921816,1
2026-05-01T13:48:42.531,A1,1,8835,-59.1,-79.7,-20.6,150.31,100,17810,15031,8667,19633,962,476093084,1
2026-05-01T13:48:42.620,A1,1,8836,-58.9,-76.3,-17.4,118.51,144,13766,17066,15579,18334,925,442341873,1
2026-05-01T13:48:42.741,A1,1,8837,-58.7,-76.4,-17.7,138.6,124,16769,17186,12206,18799,930,725903805,1
2026-05-01T13:48:42.832,A1,1,8838,-58.7,-77.1,-18.4,116.77,144,15086,16815,13038,18536,921,438531684,1
2026-05-01T13:48:42.953,A1,1,8839,-59.1,-78.2,-19.1,138.75,128,16197,17760,11837,20549,984,522376014,1
2026-05-01T13:48:43.072,A1,1,8840,-58.8,-78.8,-19.9,115.01,144,16605,16562,9983,19640,954,394497134,1
2026-05-01T13:48:43.161,A1,1,8841,-58.4,-77.5,-19.1,177.67,96,17416,17056,9929,19747,943,428144499,1
2026-05-01T13:48:43.312,A1,1,8842,-58.7,-76.9,-18.1,131.78,128,15927,16868,13071,18926,933,763021901,1
2026-05-01T13:48:43.403,A1,1,8843,-59.0,-77.7,-18.7,147.2,112,16940,16486,9241,17934,916,448908624,1
2026-05-01T13:48:43.492,A1,1,8844,-58.5,-77.2,-18.7,130.04,140,17385,18206,12912,22240,1004,425991051,1
2026-05-01T13:48:43.581,A1,1,8845,-58.9,-77.2,-18.2,114.93,148,14248,17010,14198,18647,932,412487357,1
2026-05-01T13:48:43.730,A1,1,8846,-58.6,-78.8,-20.2,154.76,112,18505,17333,10462,23124,1027,744611135,1
2026-05-01T13:48:43.791,A1,1,8847,-58.7,-79.0,-20.3,156.05,108,18440,16853,9740,22271,1011,743635340,1
2026-05-01T13:48:43.911,A1,1,8848,-58.9,-78.7,-19.8,113.0,148,17028,16724,9718,19856,962,466858564,1
2026-05-01T13:48:44.030,A1,1,8849,-59.0,-79.9,-20.9,151.68,100,17958,15168,8244,20043,970,462232543,1
2026-05-01T13:48:44.152,A1,1,8850,-58.9,-75.9,-17.1,102.83,164,17175,16864,17193,21740,1004,649627086,1
2026-05-01T13:48:44.271,A1,1,8851,-59.0,-77.8,-18.7,133.91,132,15901,17676,12270,19900,967,740678114,1
2026-05-01T13:48:44.362,A1,1,8852,-58.9,-77.9,-19.0,109.06,168,17910,18322,12210,22795,1031,438051486,1
2026-05-01T13:48:44.511,A1,1,8853,-58.7,-78.5,-19.9,152.44,108,16748,16463,9546,19331,941,395383148,1
2026-05-01T13:48:44.630,A1,1,8854,-59.1,-77.9,-18.8,132.91,132,15609,17544,12090,19558,959,403979361,1
2026-05-01T13:48:44.691,A1,1,8855,-58.5,-77.5,-19.0,172.01,100,17640,17201,9693,19911,948,438597817,1
2026-05-01T13:48:44.781,A1,1,8856,-58.8,-79.3,-20.5,164.62,104,15844,17120,9450,19878,958,439154840,1
2026-05-01T13:48:44.933,A1,1,8857,-58.8,-77.2,-18.4,166.8,108,16683,18014,12625,20768,978,458698763,1
2026-05-01T13:48:45.052,A1,1,8858,-58.7,-75.6,-16.9,164.2,108,17754,17734,16365,22014,1006,760281423,1
2026-05-01T13:48:45.140,A1,1,8859,-58.7,-75.9,-17.2,161.44,108,16313,17436,16615,21138,986,490368609,1
2026-05-01T13:48:45.231,A1,1,8860,-58.8,-78.2,-19.4,115.15,144,16066,16581,11060,19063,938,423897726,1
2026-05-01T13:48:45.351,A1,1,8861,-58.7,-76.4,-17.6,117.73,148,14968,17424,14660,19119,938,486387567,1
2026-05-01T13:48:45.472,A1,1,8862,-58.8,-76.6,-17.8,129.32,132,16670,17070,11823,18531,924,461175370,1
2026-05-01T13:48:45.591,A1,1,8863,-58.6,-78.8,-20.2,144.69,120,18529,17363,9875,22924,1021,447344619,1
2026-05-01T13:48:45.710,A1,1,8864,-58.9,-76.6,-17.7,161.11,108,17038,17400,11999,19153,944,462790962,1
2026-05-01T13:48:45.800,A1,1,8865,-58.7,-78.9,-20.1,178.96,104,18769,18612,10862,25023,1073,460869356,1
2026-05-01T13:48:45.952,A1,1,8866,-58.7,-77.6,-18.9,132.05,132,17730,17431,10038,20299,964,764344907,1
2026-05-01T13:48:46.040,A1,1,8867,-59.2,-77.0,-17.8,97.36,160,17178,15577,15009,19845,971,484093261,1
2026-05-01T13:48:46.161,A1,1,8868,-58.8,-76.5,-17.8,117.86,144,16036,16972,13176,18696,928,402132493,1
2026-05-01T13:48:46.281,A1,1,8869,-58.8,-77.0,-18.2,157.84,112,15889,17678,13054,19695,955,400134728,1
2026-05-01T13:48:46.400,A1,1,8870,-58.6,-77.2,-18.6,177.43,96,16545,17033,11917,19425,942,461351107,1
2026-05-01T13:48:46.520,A1,1,8871,-58.6,-76.0,-17.4,106.02,168,17883,17811,15859,22613,1014,757710091,1
2026-05-01T13:48:46.641,A1,1,8872,-58.9,-76.6,-17.7,113.68,148,15181,16824,14406,18675,931,413908601,1
2026-05-01T13:48:46.730,A1,1,8873,-58.7,-76.7,-18.0,169.07,104,15589,17583,13510,19456,945,480000149,1
2026-05-01T13:48:46.820,A1,1,8874,-59.3,-77.1,-17.8,137.12,128,17374,17551,11952,19706,970,486392057,1
2026-05-01T13:48:46.942,A1,1,8875,-59.4,-77.1,-17.7,106.47,156,16702,16610,12988,18726,951,418416905,1
2026-05-01T13:48:47.060,A1,1,8876,-59.4,-76.5,-17.1,181.84,92,13634,16729,15277,17352,914,498858892,1
2026-05-01T13:48:47.151,A1,1,8877,-58.6,-77.3,-18.7,130.22,132,17418,17189,10082,19444,940,468545484,1
2026-05-01T13:48:47.270,A1,1,8878,-58.8,-75.8,-17.0,152.59,116,16987,17701,15522,20783,981,415576347,1
2026-05-01T13:48:47.361,A1,1,8879,-59.4,-76.9,-17.6,129.02,136,17303,17547,12861,19836,976,486943939,1
2026-05-01T13:48:47.481,A1,1,8880,-58.9,-76.0,-17.1,173.27,100,16359,17327,13179,18461,926,406156959,1
2026-05-01T13:48:47.601,A1,1,8881,-59.3,-76.0,-16.7,172.42,104,17249,17932,14368,20018,978,464750234,1
2026-05-01T13:48:47.691,A1,1,8882,-59.1,-77.4,-18.3,135.96,112,16921,15227,12439,18190,926,719770673,1
2026-05-01T13:48:47.810,A1,1,8883,-59.1,-76.3,-17.1,162.83,100,16493,16283,15841,19653,963,438300564,1
2026-05-01T13:48:47.901,A1,1,8884,-58.6,-76.1,-17.5,106.91,160,17475,17106,16955,22623,1016,399552787,1
2026-05-01T13:48:47.992,A1,1,8885,-59.1,-75.9,-16.8,157.2,108,16684,16978,15245,19414,957,483240347,1
2026-05-01T13:48:48.112,A1,1,8886,-59.1,-76.0,-16.9,163.09,104,16628,16961,15915,20064,973,426310940,1
2026-05-01T13:48:48.230,A1,1,8887,-59.1,-76.7,-17.6,125.45,140,17009,17563,12500,19446,957,457943037,1
2026-05-01T13:48:48.350,A1,1,8888,-59.3,-79.3,-19.9,151.26,96,17391,14521,9654,18348,938,390119662,1
2026-05-01T13:48:48.472,A1,1,8889,-58.8,-76.1,-17.3,102.37,160,16171,16379,17069,20726,977,415260776,1
2026-05-01T13:48:48.562,A1,1,8890,-58.7,-75.8,-17.1,115.01,156,15995,17941,16197,20934,979,485409504,1
2026-05-01T13:48:48.680,A1,1,8891,-58.6,-76.4,-17.7,117.37,144,15890,16901,13356,18598,922,726097247,1
2026-05-01T13:48:48.771,A1,1,8892,-58.9,-76.8,-18.0,129.05,128,14966,16518,13303,17785,908,436428609,1
2026-05-01T13:48:48.861,A1,1,8893,-58.7,-78.2,-19.4,111.3,148,16609,16473,9990,18885,932,427081015,1
2026-05-01T13:48:48.980,A1,1,8894,-59.1,-76.5,-17.4,137.53,124,13113,17054,16381,18558,935,395322171,1
2026-05-01T13:48:49.072,A1,1,8895,-58.8,-78.2,-19.4,112.91,152,14936,17163,11928,19237,942,743820394,1
2026-05-01T13:48:49.162,A1,1,8896,-58.9,-76.5,-17.6,128.26,136,16644,17443,13338,19536,952,614397952,1
2026-05-01T13:48:49.280,A1,1,8897,-58.7,-76.2,-17.5,129.8,132,14360,17134,15453,18886,931,403446255,1
2026-05-01T13:48:49.371,A1,1,8898,-58.6,-78.4,-19.7,160.87,104,15698,16730,10586,19016,932,475020938,1
2026-05-01T13:48:49.491,A1,1,8899,-58.6,-76.6,-17.9,159.05,108,16485,17177,12323,18926,930,397652741,1
2026-05-01T13:48:49.643,A1,1,8900,-58.6,-76.6,-18.0,167.71,108,17124,18113,13699,21424,989,744489028,1
2026-05-01T13:48:49.702,A1,1,8901,-58.8,-76.9,-18.1,114.07,148,14123,16883,14646,18661,928,719754881,1
2026-05-01T13:48:49.820,A1,1,8902,-58.8,-77.2,-18.4,127.39,136,15073,17325,13626,19382,946,404029295,1
2026-05-01T13:48:49.942,A1,1,8903,-58.8,-76.7,-17.9,112.22,148,14368,16609,14929,18483,924,680231612,1
2026-05-01T13:48:50.030,A1,1,8904,-59.0,-78.2,-19.2,160.26,108,14907,17308,11824,18960,943,575858144,1
2026-05-01T13:48:50.151,A1,1,8905,-58.9,-77.2,-18.2,114.91,144,15687,16547,12814,18374,926,431265244,1
2026-05-01T13:48:50.272,A1,1,8906,-59.1,-77.1,-18.0,129.15,128,14704,16531,13361,17670,913,393868594,1
2026-05-01T13:48:50.390,A1,1,8907,-58.6,-75.7,-17.1,124.99,136,15233,16999,16553,19800,950,495235230,1
2026-05-01T13:48:50.511,A1,1,8908,-58.6,-75.8,-17.2,157.36,112,15485,17624,15569,19834,951,506295470,1
2026-05-01T13:48:50.600,A1,1,8909,-58.9,-78.9,-20.0,129.59,136,15744,17624,10553,20331,974,536661902,1
2026-05-01T13:48:50.690,A1,1,8910,-59.0,-78.8,-19.8,173.57,100,15177,17357,10762,19352,952,742349144,1
2026-05-01T13:48:50.812,A1,1,8911,-58.8,-76.4,-17.6,173.77,100,17076,17377,12125,19038,937,399985091,1
2026-05-01T13:48:50.930,A1,1,8912,-59.0,-77.8,-18.8,101.35,164,17984,16622,12221,20999,990,419012478,1
2026-05-01T13:48:51.020,A1,1,8913,-58.7,-76.7,-18.0,129.55,132,16185,17100,12849,19075,935,486425762,1
2026-05-01T13:48:51.112,A1,1,8914,-58.8,-78.8,-20.0,102.19,164,18329,16759,10407,22030,1010,397893993,1
2026-05-01T13:48:51.201,A1,1,8915,-59.0,-76.3,-17.3,130.92,128,14529,16758,14682,17827,913,611444552,1
2026-05-01T13:48:51.323,A1,1,8916,-90.9,-78.9,12.0,119.66,132,16717,15795,11215,1370,962,419755348,1
2026-05-01T13:48:51.411,A1,1,8917,-58.7,-77.5,-18.7,126.93,136,17387,17262,10600,19826,955,420092095,1
2026-05-01T13:48:51.532,A1,1,8918,-59.1,-78.2,-19.1,112.16,156,18310,17497,12065,22500,1029,459068025,1
2026-05-01T13:48:51.653,A1,1,8919,-58.7,-78.5,-19.8,128.52,132,15735,16964,10881,19631,949,437352915,1
2026-05-01T13:48:51.742,A1,1,8920,-58.6,-76.9,-18.3,188.3,88,16017,16570,12087,18238,913,390515158,1
2026-05-01T13:48:51.890,A1,1,8921,-58.6,-76.1,-17.5,115.28,148,16045,17061,13465,18711,923,752107520,1
2026-05-01T13:48:51.980,A1,1,8922,-59.0,-75.9,-16.9,162.79,112,17244,18232,16165,21792,1010,387959422,1
2026-05-01T13:48:52.070,A1,1,8923,-58.7,-76.0,-17.3,137.7,124,16126,17075,13369,18382,918,436028423,1
2026-05-01T13:48:52.192,A1,1,8924,-58.8,-77.0,-18.2,134.09,132,16020,17700,13210,19927,959,448491561,1
2026-05-01T13:48:52.342,A1,1,8925,-59.0,-77.0,-18.0,118.84,140,15485,16637,13267,18327,925,399892856,1
2026-05-01T13:48:52.431,A1,1,8926,-59.1,-79.6,-20.4,101.49,176,18105,17862,9762,23238,1048,433178584,1
2026-05-01T13:48:52.550,A1,1,8927,-59.5,-77.0,-17.6,131.52,124,16543,16309,13015,18188,938,407079635,1
2026-05-01T13:48:52.672,A1,1,8928,-59.4,-77.7,-18.3,103.41,148,17027,15304,13302,18951,955,480297382,1
2026-05-01T13:48:52.792,A1,1,8929,-58.9,-77.5,-18.6,156.2,100,17368,15620,12847,19530,954,442205921,1
2026-05-01T13:48:52.912,A1,1,8930,-58.6,-75.7,-17.2,168.49,100,15604,16849,16550,20016,954,483785534,1
2026-05-01T13:48:53.031,A1,1,8931,-58.8,-78.0,-19.2,129.03,128,15735,16516,11675,18934,934,455130755,1
2026-05-01T13:48:53.150,A1,1,8932,-59.1,-78.3,-19.2,178.79,96,14637,17164,11627,18557,934,394259744,1
2026-05-01T13:48:53.271,A1,1,8933,-58.8,-79.6,-20.8,119.76,136,18255,16287,9490,22096,1010,713630021,1
2026-05-01T13:48:53.362,A1,1,8934,-58.4,-78.7,-20.3,158.06,104,16587,16438,9458,19634,940,484411539,1
2026-05-01T13:48:53.450,A1,1,8935,-58.3,-75.4,-17.1,165.94,108,15552,17922,16960,21190,971,484014265,1
2026-05-01T13:48:53.570,A1,1,8936,-58.8,-77.4,-18.7,183.33,92,14744,16866,12648,18333,919,745096945,1
2026-05-01T13:48:53.660,A1,1,8937,-58.8,-78.8,-20.0,176.21,96,15997,16916,9687,19376,945,460875587,1
2026-05-01T13:48:53.752,A1,1,8938,-59.0,-77.0,-17.9,122.73,144,15985,17673,13284,19616,959,403605042,1
2026-05-01T13:48:53.871,A1,1,8939,-58.7,-76.4,-17.6,165.71,100,14943,16571,14064,17938,908,707971192,1
2026-05-01T13:48:53.992,A1,1,8940,-59.1,-76.7,-17.5,101.7,160,16576,16272,16146,20512,984,414456083,1
2026-05-01T13:48:54.080,A1,1,8941,-59.0,-78.0,-19.0,126.89,140,16287,17765,11697,20344,975,485792045,1
2026-05-01T13:48:54.201,A1,1,8942,-58.7,-76.4,-17.7,123.42,136,15470,16785,13819,18394,920,413635508,1
2026-05-01T13:48:54.324,A1,1,8943,-59.3,-75.9,-16.6,145.83,124,16931,18083,15231,20291,984,459073985,1
2026-05-01T13:48:54.442,A1,1,8944,-59.1,-77.8,-18.7,132.59,128,17300,16972,9649,18913,945,459668569,1
2026-05-01T13:48:54.530,A1,1,8945,-58.8,-77.0,-18.2,119.36,140,14985,16711,13635,18524,924,424267202,1
2026-05-01T13:48:54.650,A1,1,8946,-58.5,-76.1,-17.6,173.81,104,16962,18076,14740,21475,984,743161125,1
2026-05-01T13:48:54.741,A1,1,8947,-58.6,-77.1,-18.5,103.75,168,18118,17430,13218,22065,1002,421167721,1
2026-05-01T13:48:54.862,A1,1,8948,-59.0,-76.4,-17.4,122.6,140,16558,17164,17566,22225,1021,408678676,1
2026-05-01T13:48:54.953,A1,1,8949,-59.0,-76.5,-17.5,142.1,120,14769,17052,14665,18493,932,399981901,1
2026-05-01T13:48:55.071,A1,1,8950,-58.6,-77.3,-18.7,179.16,96,17209,17199,10511,19500,941,755865143,1
2026-05-01T13:48:55.161,A1,1,8951,-59.1,-76.5,-17.3,134.36,132,16541,17736,13933,19749,966,434887612,1
2026-05-01T13:49:03.291,A1,1,8952,-59.4,-77.6,-18.2,109.97,144,17528,15835,13004,19482,970,403222024,1
2026-05-01T13:49:03.440,A1,1,8953,-59.4,-78.7,-19.3,116.3,156,17179,18143,11213,21678,1021,439506616,1
2026-05-01T13:49:03.560,A1,1,8954,-59.2,-77.4,-18.2,118.06,140,14951,16529,13382,18156,927,388918993,1
2026-05-01T13:49:03.651,A1,1,8955,-59.3,-76.8,-17.5,101.51,160,15394,16241,17659,20755,995,408654686,1
2026-05-01T13:49:03.772,A1,1,8956,-58.7,-77.8,-19.2,133.33,136,17225,18133,12130,22157,1007,415972262,1
2026-05-01T13:49:03.862,A1,1,8957,-59.1,-76.8,-17.7,138.91,128,16032,17780,14239,20066,974,442041065,1
2026-05-01T13:49:03.950,A1,1,8958,-59.3,-76.8,-17.5,120.96,140,14321,16935,14844,18234,934,417697962,1
2026-05-01T13:49:04.070,A1,1,8959,-59.5,-79.2,-19.6,169.58,92,16524,15601,8636,17520,923,418886407,1
2026-05-01T13:49:04.191,A1,1,8960,-59.5,-76.7,-17.2,139.32,124,17005,17276,15107,20404,994,441936518,1
2026-05-01T13:49:04.282,A1,1,8961,-58.9,-75.9,-17.0,180.81,96,16346,17358,13382,18484,927,408384002,1
2026-05-01T13:49:04.371,A1,1,8962,-58.7,-76.5,-17.7,189.81,88,15897,16703,12843,18100,912,433857445,1
2026-05-01T13:49:04.490,A1,1,8963,-59.1,-79.4,-20.3,121.04,144,15374,17430,10476,20148,975,467798422,1
2026-05-01T13:49:04.610,A1,1,8964,-58.8,-76.8,-18.0,182.07,92,16128,16750,11895,18067,912,485112580,1
2026-05-01T13:49:04.731,A1,1,8965,-59.2,-76.5,-17.3,187.36,88,13427,16488,15316,17266,906,444185644,1
2026-05-01T13:49:04.823,A1,1,8966,-58.9,-79.5,-20.5,111.96,156,15476,17465,10024,20315,973,424925498,1
2026-05-01T13:49:04.912,A1,1,8967,-59.0,-76.8,-17.8,128.83,120,16955,15460,14900,19521,956,484033733,1
2026-05-01T13:49:05.031,A1,1,8968,-58.8,-76.4,-17.6,119.36,132,16884,15756,16526,20712,978,397498309,1
2026-05-01T13:49:05.120,A1,1,8969,-58.7,-76.0,-17.3,135.82,136,17227,18472,16700,23098,1030,488637918,1
2026-05-01T13:49:05.240,A1,1,8970,-59.2,-76.4,-17.2,129.76,140,17514,18166,14343,21092,1002,739495891,1
2026-05-01T13:49:05.333,A1,1,8971,-58.5,-77.0,-18.5,122.01,136,15274,16593,13072,18635,919,463896990,1
2026-05-01T13:49:05.422,A1,1,8972,-59.0,-78.4,-19.4,118.89,128,17365,15218,11261,19242,948,459469982,1
2026-05-01T13:49:05.510,A1,1,8973,-59.1,-76.5,-17.4,169.4,100,12934,16940,16282,18277,927,434848003,1
2026-05-01T13:49:05.630,A1,1,8974,-58.6,-79.2,-20.6,126.94,132,16611,16756,9437,20448,965,401311594,1
2026-05-01T13:49:05.721,A1,1,8975,-58.7,-75.3,-16.6,183.12,96,15114,17580,16270,19285,941,465897333,1
2026-05-01T13:49:05.874,A1,1,8976,-58.8,-76.7,-17.9,124.26,136,17550,16900,15031,21538,996,397113497,1
2026-05-01T13:49:05.931,A1,1,8977,-58.5,-75.4,-16.9,165.94,108,15754,17922,16805,20867,971,481009072,1
2026-05-01T13:49:06.022,A1,1,8978,-58.6,-77.7,-19.1,134.45,124,15292,16672,12209,18858,926,417620262,1
2026-05-01T13:49:06.110,A1,1,8979,-58.6,-77.7,-19.1,134.44,124,15247,16670,12305,18932,929,436064935,1
2026-05-01T13:49:06.234,A1,1,8980,-58.7,-76.8,-18.1,179.23,92,15452,16489,12688,17950,906,438776132,1
2026-05-01T13:49:06.381,A1,1,8981,-59.2,-79.4,-20.2,117.44,148,15265,17381,10154,19593,966,390532684,1
2026-05-01T13:49:06.471,A1,1,8982,-59.1,-76.0,-16.9,184.9,92,13477,17011,16359,18133,924,482790785,1
2026-05-01T13:49:06.591,A1,1,8983,-58.8,-78.7,-19.9,191.19,96,18677,18354,11094,24465,1062,455853199,1
2026-05-01T13:49:06.710,A1,1,8984,-58.9,-75.7,-16.9,174.51,100,15503,17451,16683,20159,967,501458163,1
2026-05-01T13:49:06.801,A1,1,8985,-58.9,-79.0,-20.1,169.75,100,18322,16975,10215,22198,1016,456560238,1
2026-05-01T13:49:06.893,A1,1,8986,-58.8,-76.6,-17.8,175.11,96,15966,16811,12682,18214,917,434696811,1
2026-05-01T13:49:06.980,A1,1,8987,-58.9,-77.2,-18.4,125.2,132,15528,16527,12953,18506,927,419583511,1
2026-05-01T13:49:07.100,A1,1,8988,-59.3,-76.7,-17.4,179.67,100,17476,17967,12574,19965,976,409377996,1
2026-05-01T13:49:07.189,A1,1,8989,-59.1,-76.8,-17.7,95.38,168,16674,16024,16860,21162,1000,395274013,1
2026-05-01T13:49:07.280,A1,1,8990,-58.7,-75.9,-17.2,125.43,148,17965,18563,15979,23150,1029,465735203,1
2026-05-01T13:49:07.401,A1,1,8991,-58.8,-77.7,-18.9,134.78,124,15279,16713,12262,18605,927,483153014,1
2026-05-01T13:49:07.552,A1,1,8992,-58.9,-75.5,-16.6,190.15,92,15455,17494,16747,19868,960,708781540,1
2026-05-01T13:49:07.610,A1,1,8993,-59.4,-77.2,-17.9,104.14,152,16745,15830,13899,18988,955,484049184,1
2026-05-01T13:49:07.700,A1,1,8994,-58.9,-76.1,-17.2,159.02,108,16613,17174,17052,21635,1003,411148049,1
2026-05-01T13:49:07.820,A1,1,8995,-58.8,-76.7,-17.9,172.71,96,15004,16580,13352,17763,906,413905921,1
2026-05-01T13:49:07.942,A1,1,8996,-58.7,-78.2,-19.5,183.21,92,17017,16855,9667,19525,948,744241811,1
2026-05-01T13:49:08.061,A1,1,8997,-59.2,-76.0,-16.7,180.6,100,17373,18060,14347,20232,981,451233123,1
2026-05-01T13:49:08.179,A1,1,8998,-58.6,-77.3,-18.7,180.11,96,17425,17291,10288,19650,946,497357101,1
2026-05-01T13:49:08.271,A1,1,8999,-59.0,-76.3,-17.3,153.81,108,15212,16612,13736,17583,906,387904060,1
2026-05-01T13:49:08.392,A1,1,9000,-59.0,-79.4,-20.4,104.28,160,18456,16685,9010,21846,1013,447503351,1
2026-05-01T13:49:08.542,A1,1,9001,-59.0,-77.0,-18.1,139.37,120,15562,16724,13034,18383,927,762308902,1
2026-05-01T13:49:08.602,A1,1,9002,-59.1,-79.1,-20.0,152.66,116,16107,17708,10039,20489,983,613005826,1
2026-05-01T13:49:08.689,A1,1,9003,-59.2,-76.7,-17.5,115.24,156,17395,17977,12844,20151,979,400617215,1
2026-05-01T13:49:08.811,A1,1,9004,-58.9,-79.3,-20.4,132.62,128,16382,16975,9308,20102,966,429404639,1
2026-05-01T13:49:08.930,A1,1,9005,-58.9,-77.5,-18.6,137.13,120,15515,16456,12695,18512,928,409067891,1
2026-05-01T13:49:09.020,A1,1,9006,-59.2,-76.0,-16.8,169.28,104,17063,17605,15488,20521,986,740680953,1
2026-05-01T13:49:09.110,A1,1,9007,-59.0,-77.1,-18.1,140.93,128,16925,18039,12949,20829,986,458815965,1
2026-05-01T13:49:09.200,A1,1,9008,-59.0,-76.2,-17.3,121.7,136,16104,16551,16983,20693,983,400854747,1
2026-05-01T13:49:09.321,A1,1,9009,-59.1,-78.5,-19.4,121.15,144,15084,17446,11703,19460,958,429482143,1
2026-05-01T13:49:09.411,A1,1,9010,-59.5,-77.1,-17.7,151.54,104,16544,15760,13527,18207,938,400958288,1
2026-05-01T13:49:09.503,A1,1,9011,-58.8,-78.8,-19.9,182.71,92,16352,16809,9416,19309,946,483699624,1
2026-05-01T13:49:09.651,A1,1,9012,-59.4,-76.2,-16.8,141.53,128,17375,18116,15566,21195,1010,389550035,1
2026-05-01T13:49:09.741,A1,1,9013,-59.2,-76.5,-17.3,120.23,136,16599,16351,17639,21591,1011,723410721,1
2026-05-01T13:49:09.830,A1,1,9014,-59.2,-79.8,-20.6,107.43,164,15738,17619,9677,20627,990,400595471,1
2026-05-01T13:49:09.921,A1,1,9015,-58.7,-78.2,-19.5,114.8,144,16186,16531,10815,19177,938,418840725,1
2026-05-01T13:49:10.099,A1,1,9016,-59.6,-79.3,-19.8,159.91,92,17056,14712,8633,17391,920,759819237,1
2026-05-01T13:49:10.161,A1,1,9017,-58.9,-76.8,-17.9,118.76,144,14197,17102,14325,18318,923,432216046,1
2026-05-01T13:49:10.250,A1,1,9018,-58.5,-76.7,-18.2,135.94,124,15762,16857,13326,18999,928,431898424,1
2026-05-01T13:49:10.370,A1,1,9019,-58.9,-76.5,-17.6,159.57,100,17344,15957,14317,19602,954,449793313,1
2026-05-01T13:49:10.492,A1,1,9020,-58.9,-75.7,-16.8,114.39,160,16811,18302,16509,21685,1003,397648409,1
2026-05-01T13:49:10.580,A1,1,9021,-58.6,-77.1,-18.6,133.86,124,15881,16599,12549,18874,926,418053594,1
2026-05-01T13:49:10.730,A1,1,9022,-59.1,-76.9,-17.8,119.1,148,15793,17627,13303,19278,952,449081907,1
2026-05-01T13:49:10.850,A1,1,9023,-58.9,-75.8,-16.9,124.47,144,15196,17924,17213,20859,985,388741803,1
2026-05-01T13:49:10.940,A1,1,9024,-59.4,-80.4,-21.1,96.41,148,17588,14269,7980,18836,951,464006849,1
2026-05-01T13:49:11.030,A1,1,9025,-59.1,-77.3,-18.2,161.38,96,17227,15492,13405,19183,952,483161701,1
2026-05-01T13:49:11.151,A1,1,9026,-58.9,-76.2,-17.3,120.91,140,17242,16927,16611,21664,1004,437402449,1
2026-05-01T13:49:11.270,A1,1,9027,-59.0,-77.9,-18.9,130.83,136,16225,17793,12154,20536,980,419174008,1
2026-05-01T13:49:11.390,A1,1,9028,-59.5,-78.9,-19.3,121.18,132,16535,15996,9077,17761,928,434999889,1
2026-05-01T13:49:11.480,A1,1,9029,-58.7,-76.3,-17.6,135.57,124,15701,16811,13108,17990,909,482829630,1
2026-05-01T13:49:11.570,A1,1,9030,-59.0,-76.2,-17.3,137.3,128,16913,17574,12704,19012,942,408590159,1
2026-05-01T13:49:11.660,A1,1,9031,-59.8,-77.1,-17.3,186.56,88,12312,16417,15831,16911,914,392613189,1
2026-05-01T13:49:11.780,A1,1,9032,-59.4,-76.0,-16.6,182.72,100,17188,18272,15248,20738,998,415654578,1
2026-05-01T13:49:11.900,A1,1,9033,-59.0,-77.5,-18.5,183.79,92,14992,16909,12120,18005,919,719280500,1
2026-05-01T13:49:11.989,A1,1,9034,-58.9,-76.3,-17.4,104.57,152,16318,15895,17385,20798,985,482275130,1
2026-05-01T13:49:12.142,A1,1,9035,-59.1,-78.8,-19.6,112.41,140,17856,15738,9887,19692,965,474754522,1
2026-05-01T13:49:12.260,A1,1,9036,-58.6,-75.9,-17.3,184.59,92,17895,16982,14451,20609,970,494642037,1
2026-05-01T13:49:12.322,A1,1,9037,-59.3,-76.3,-17.0,131.45,128,13398,16826,16036,17737,921,738372130,1
2026-05-01T13:49:12.441,A1,1,9038,-58.6,-76.2,-17.6,178.21,92,15456,16395,13698,17840,903,418048902,1
2026-05-01T13:49:12.561,A1,1,9039,-59.1,-75.7,-16.7,126.35,144,17485,18194,15904,21458,1005,483713852,1
2026-05-01T13:49:12.650,A1,1,9040,-59.2,-75.6,-16.3,130.34,132,16041,17205,14551,18011,926,456224761,1
2026-05-01T13:49:12.772,A1,1,9041,-58.9,-77.4,-18.5,188.86,92,15319,17375,12107,18740,932,481985722,1
2026-05-01T13:49:12.890,A1,1,9042,-58.7,-76.4,-17.7,127.15,140,18287,17801,13670,21785,998,760484987,1
2026-05-01T13:49:13.011,A1,1,9043,-59.1,-79.8,-20.8,165.58,104,15501,17220,9397,20010,971,525812888,1
2026-05-01T13:49:13.130,A1,1,9044,-59.0,-78.2,-19.2,117.19,144,18125,16876,11509,21392,1002,391559864,1
2026-05-01T13:49:13.223,A1,1,9045,-58.8,-75.8,-17.1,164.87,104,17726,17146,15387,20977,983,739710426,1
2026-05-01T13:49:13.341,A1,1,9046,-59.1,-76.1,-16.9,131.89,140,17456,18464,16045,22177,1024,417929538,1
2026-05-01T13:49:13.461,A1,1,9047,-59.0,-75.8,-16.8,157.97,116,17104,18325,16243,21666,1008,764459615,1
2026-05-01T13:49:13.580,A1,1,9048,-59.4,-76.3,-16.9,109.1,156,16783,17020,15471,19841,977,435650377,1
2026-05-01T13:49:13.701,A1,1,9049,-59.2,-77.0,-17.7,124.18,136,13793,16889,15020,18215,931,719418116,1
2026-05-01T13:49:13.791,A1,1,9050,-59.3,-79.0,-19.7,114.92,152,15416,17468,10608,19435,965,481450455,1
2026-05-01T13:49:13.882,A1,1,9051,-59.0,-78.6,-19.5,176.64,96,15675,16957,9947,18604,935,419312420,1
2026-05-01T13:49:14.002,A1,1,9052,-58.9,-75.9,-17.0,194.57,88,16265,17122,13146,18006,916,758825509,1
2026-05-01T13:49:14.090,A1,1,9053,-59.3,-76.4,-17.0,122.43,136,16438,16651,16796,20531,992,482088538,1
2026-05-01T13:49:14.211,A1,1,9054,-59.4,-75.7,-16.3,148.11,120,17036,17773,15790,20131,983,764649917,1
2026-05-01T13:49:14.302,A1,1,9055,-59.3,-76.2,-17.0,178.15,92,13928,16390,15358,17188,905,394290698,1
2026-05-01T13:49:14.423,A1,1,9056,-59.1,-76.8,-17.7,123.53,136,14324,16800,14573,18120,925,399248457,1
2026-05-01T13:49:14.510,A1,1,9057,-59.5,-76.1,-16.6,116.82,156,17062,18224,15381,20693,1002,463522698,1
2026-05-01T13:49:14.630,A1,1,9058,-58.9,-77.7,-18.8,165.37,104,17617,17198,9679,19517,953,459679665,1
2026-05-01T13:49:14.750,A1,1,9059,-59.3,-76.2,-16.9,104.43,168,16883,17544,16973,21612,1015,428216000,1
2026-05-01T13:49:14.842,A1,1,9060,-59.3,-79.2,-20.0,177.7,100,16515,17770,9807,20777,995,419368736,1
2026-05-01T13:49:14.961,A1,1,9061,-60.0,-78.8,-18.9,105.87,152,16623,16092,9140,17386,933,437278881,1
2026-05-01T13:49:15.080,A1,1,9062,-59.5,-76.0,-16.6,180.1,96,15676,17290,14145,17837,929,394753610,1
2026-05-01T13:49:15.201,A1,1,9063,-59.0,-75.4,-16.4,190.85,92,14730,17558,16841,19198,947,449605028,1
2026-05-01T13:49:23.330,A1,1,9064,-59.7,-76.6,-16.9,120.9,144,15342,17410,14279,18168,946,498163411,1
2026-05-01T13:49:23.450,A1,1,9065,-59.0,-76.2,-17.2,167.73,100,15613,16773,16681,20045,969,451972764,1
2026-05-01T13:49:23.540,A1,1,9066,-59.3,-79.6,-20.3,115.46,148,15549,17088,9498,19391,963,717056688,1
2026-05-01T13:49:23.661,A1,1,9067,-59.1,-77.8,-18.6,123.28,136,15454,16766,12215,18508,935,454237582,1
2026-05-01T13:49:23.809,A1,1,9068,-59.6,-76.6,-17.1,123.21,140,14732,17250,14587,18042,937,451464977,1
2026-05-01T13:49:23.901,A1,1,9069,-59.0,-77.5,-18.5,126.3,132,15211,16671,12796,18399,928,449127835,1
2026-05-01T13:49:24.052,A1,1,9070,-59.0,-75.9,-16.9,129.71,136,14647,17640,16928,19892,966,386020236,1
2026-05-01T13:49:24.141,A1,1,9071,-59.1,-77.4,-18.4,173.71,92,17468,15981,13169,19895,967,411041482,1
2026-05-01T13:49:24.230,A1,1,9072,-59.2,-75.8,-16.7,137.53,132,17053,18154,15572,20801,993,433498576,1
2026-05-01T13:49:24.352,A1,1,9073,-59.2,-76.0,-16.8,151.89,112,16422,17012,16885,20554,987,443665600,1
2026-05-01T13:49:24.501,A1,1,9074,-59.1,-75.8,-16.7,178.75,100,15767,17875,16714,20474,983,387362944,1
2026-05-01T13:49:24.592,A1,1,9075,-58.7,-78.8,-20.1,164.11,100,18165,16411,9920,21359,989,459420599,1
2026-05-01T13:49:24.681,A1,1,9076,-59.2,-78.5,-19.3,113.62,148,15555,16816,10509,18338,933,435129833,1
2026-05-01T13:49:24.800,A1,1,9077,-59.1,-76.1,-17.0,163.0,108,16633,17604,13198,18803,941,476201680,1
2026-05-01T13:49:24.920,A1,1,9078,-59.5,-79.1,-19.6,115.32,152,15765,17528,10317,19591,975,462782628,1
2026-05-01T13:49:25.009,A1,1,9079,-59.3,-77.6,-18.3,185.1,96,16292,17770,12040,19587,969,401065240,1
2026-05-01T13:49:25.129,A1,1,9080,-59.1,-76.2,-17.1,125.55,132,15759,16572,16802,20070,973,390190094,1
2026-05-01T13:49:25.251,A1,1,9081,-59.0,-77.4,-18.3,123.25,144,15925,17748,12693,19741,963,479552213,1
2026-05-01T13:49:25.371,A1,1,9082,-59.1,-76.6,-17.5,125.09,140,17045,17513,12299,19152,949,425566699,1
2026-05-01T13:49:25.520,A1,1,9083,-59.2,-78.0,-18.7,128.29,132,15249,16934,11776,18319,934,414591306,1
2026-05-01T13:49:25.610,A1,1,9084,-59.3,-77.0,-17.7,118.8,140,14822,16632,14163,18033,928,751592679,1
2026-05-01T13:49:25.699,A1,1,9085,-59.0,-76.9,-17.9,117.44,148,16714,17381,12296,19235,949,413505716,1
2026-05-01T13:49:25.821,A1,1,9086,-58.8,-78.2,-19.4,123.29,136,16032,16768,10706,19026,938,421973411,1
2026-05-01T13:49:25.911,A1,1,9087,-59.1,-76.1,-16.9,105.09,172,17104,18076,17144,22430,1030,480194338,1
2026-05-01T13:49:26.029,A1,1,9088,-59.3,-76.4,-17.1,103.55,160,16422,16568,17120,20807,997,392809735,1
2026-05-01T13:49:26.120,A1,1,9089,-59.0,-76.2,-17.1,158.8,104,14712,16515,14324,17307,901,434420857,1
2026-05-01T13:49:26.302,A1,1,9090,-59.4,-79.3,-19.9,115.04,148,16278,17026,9819,19617,971,749648787,1
2026-05-01T13:49:26.361,A1,1,9091,-58.9,-75.2,-16.3,169.54,104,14907,17632,16686,19105,941,408994352,1
2026-05-01T13:49:26.450,A1,1,9092,-58.8,-75.6,-16.8,173.78,96,15680,16683,13915,17511,898,591418526,1
2026-05-01T13:49:26.570,A1,1,9093,-59.1,-77.0,-17.9,176.69,96,17266,16962,10019,18014,923,495128341,1
2026-05-01T13:49:26.660,A1,1,9094,-59.3,-77.7,-18.4,130.77,128,17218,16739,9560,18178,933,496947522,1
2026-05-01T13:49:26.779,A1,1,9095,-58.8,-75.7,-16.9,174.02,96,16209,16706,13459,17752,905,393375506,1
2026-05-01T13:49:26.871,A1,1,9096,-58.8,-76.1,-17.3,140.05,120,16334,16806,13416,18442,922,459866912,1
2026-05-01T13:49:26.991,A1,1,9097,-58.3,-75.6,-17.3,168.14,100,17489,16814,17017,22176,994,493917981,1
2026-05-01T13:49:27.079,A1,1,9098,-58.6,-77.0,-18.4,184.05,92,17228,16933,10273,18738,925,397354998,1
2026-05-01T13:49:27.169,A1,1,9099,-58.6,-76.3,-17.7,128.93,140,16681,18050,17782,23794,1042,431286717,1
2026-05-01T13:49:27.291,A1,1,9100,-58.9,-77.8,-18.9,116.54,132,17499,15383,13583,20542,976,457490048,1
2026-05-01T13:49:27.382,A1,1,9101,-58.9,-79.4,-20.5,144.68,100,17654,14468,9020,18975,940,487891785,1
2026-05-01T13:49:27.501,A1,1,9102,-59.0,-76.4,-17.3,136.26,124,13249,16896,15924,18048,920,642078807,1
2026-05-01T13:49:27.619,A1,1,9103,-58.5,-76.1,-17.6,134.13,128,17181,17169,18053,23568,1031,394086893,1
2026-05-01T13:49:27.710,A1,1,9104,-58.7,-79.2,-20.5,138.56,104,17510,14410,8392,18395,919,415486899,1
2026-05-01T13:49:27.830,A1,1,9105,-58.7,-77.7,-19.0,117.64,156,17588,18352,12290,22604,1019,488304622,1
2026-05-01T13:49:27.919,A1,1,9106,-58.6,-75.7,-17.1,107.83,152,17268,16390,17516,21754,996,479605097,1
2026-05-01T13:49:28.010,A1,1,9107,-58.6,-75.5,-17.0,163.62,108,16644,17671,16785,21464,988,417255092,1
2026-05-01T13:49:28.160,A1,1,9108,-59.4,-76.1,-16.7,119.25,140,14686,16695,15272,17591,920,485265268,1
2026-05-01T13:49:28.251,A1,1,9109,-58.9,-77.1,-18.2,113.07,160,16888,18091,13305,21125,991,434389728,1
2026-05-01T13:49:28.372,A1,1,9110,-58.3,-76.0,-17.7,161.14,104,17733,16759,14779,21031,970,416328880,1
2026-05-01T13:49:28.493,A1,1,9111,-59.2,-75.9,-16.7,189.75,92,16422,17457,13570,18368,933,487377553,1
2026-05-01T13:49:28.580,A1,1,9112,-58.5,-77.5,-19.1,122.24,140,17306,17114,10469,19970,949,435726920,1
2026-05-01T13:49:28.700,A1,1,9113,-59.3,-80.3,-21.0,99.46,144,17604,14322,8311,19023,954,496491140,1
2026-05-01T13:49:28.819,A1,1,9114,-58.7,-78.3,-19.6,128.76,128,16931,16481,9542,19129,938,515288099,1
2026-05-01T13:49:28.939,A1,1,9115,-58.9,-75.6,-16.6,183.7,92,14897,16900,14993,17642,907,426168771,1
2026-05-01T13:49:29.029,A1,1,9116,-58.5,-77.0,-18.5,116.28,148,17212,17210,11330,19722,946,462369189,1
2026-05-01T13:49:29.120,A1,1,9117,-58.9,-76.1,-17.2,162.88,100,16487,16288,17091,20711,982,431991659,1
2026-05-01T13:49:29.302,A1,1,9118,-58.8,-78.1,-19.2,115.24,152,15345,17516,11973,19758,956,481893585,1
2026-05-01T13:49:29.329,A1,1,9119,-58.5,-75.3,-16.9,165.53,108,17099,17877,16551,21676,989,482885917,1
2026-05-01T13:49:29.449,A1,1,9120,-58.8,-77.0,-18.2,179.41,96,14688,17223,13712,18785,933,449159529,1
2026-05-01T13:49:29.571,A1,1,9121,-59.5,-78.0,-18.5,181.26,88,16422,15951,9716,16889,905,498395534,1
2026-05-01T13:49:29.721,A1,1,9122,-58.5,-77.8,-19.2,130.73,132,18361,17257,12054,22477,1010,459517386,1
2026-05-01T13:49:29.810,A1,1,9123,-59.1,-76.3,-17.3,147.85,108,16677,15968,17055,20727,987,704618761,1
2026-05-01T13:49:29.930,A1,1,9124,-59.0,-75.8,-16.9,162.01,104,16517,16849,16583,20330,975,719756033,1
2026-05-01T13:49:30.022,A1,1,9125,-59.0,-79.5,-20.5,151.99,108,18305,16415,8947,21551,1004,479125048,1
2026-05-01T13:49:30.112,A1,1,9126,-59.1,-76.5,-17.4,160.62,104,13435,16704,15204,17531,910,737263359,1
2026-05-01T13:49:30.201,A1,1,9127,-59.0,-76.1,-17.1,176.18,100,15574,17618,14558,19023,945,472534966,1
2026-05-01T13:49:30.321,A1,1,9128,-59.2,-75.9,-16.8,112.78,152,15421,17143,14865,18317,931,435815333,1
2026-05-01T13:49:30.410,A1,1,9129,-59.0,-75.6,-16.6,194.69,88,15726,17133,14446,18009,919,480330675,1
2026-05-01T13:49:30.502,A1,1,9130,-58.7,-78.1,-19.4,128.78,128,16363,16484,10666,19053,935,408052404,1
2026-05-01T13:49:30.622,A1,1,9131,-58.8,-78.7,-19.9,182.8,92,16139,16818,9754,19206,943,416608563,1
2026-05-01T13:49:30.709,A1,1,9132,-58.7,-76.2,-17.5,106.72,164,17933,17502,15239,22008,1005,406554463,1
2026-05-01T13:49:30.832,A1,1,9133,-59.2,-75.9,-16.7,161.66,112,17152,18106,16383,21556,1011,430410800,1
2026-05-01T13:49:30.980,A1,1,9134,-58.8,-77.2,-18.3,165.46,100,14992,16546,12703,17875,909,435074476,1
2026-05-01T13:49:31.041,A1,1,9135,-58.9,-76.4,-17.5,127.96,136,16627,17403,13205,19284,946,416358853,1
2026-05-01T13:49:31.132,A1,1,9136,-58.6,-79.3,-20.7,160.17,100,18040,16017,9319,21275,986,582856692,1
2026-05-01T13:49:31.249,A1,1,9137,-59.4,-77.0,-17.6,123.08,136,12212,16739,16233,17878,928,390724665,1
2026-05-01T13:49:31.373,A1,1,9138,-58.8,-76.9,-18.0,136.2,128,16631,17433,12362,19453,949,429069876,1
2026-05-01T13:49:31.491,A1,1,9139,-59.1,-76.4,-17.3,180.74,92,14274,16628,14729,17572,909,417235468,1
2026-05-01T13:49:31.610,A1,1,9140,-59.3,-75.9,-16.6,171.17,100,16818,17117,16351,20279,984,419078758,1
2026-05-01T13:49:31.730,A1,1,9141,-59.4,-76.3,-16.9,105.59,168,17040,17739,17395,22317,1035,450763011,1
2026-05-01T13:49:31.820,A1,1,9142,-58.9,-76.8,-17.9,149.11,108,17355,16104,13945,19896,962,498576614,1
2026-05-01T13:49:31.910,A1,1,9143,-58.6,-77.8,-19.2,117.93,144,16959,16982,10506,19694,947,415008576,1
2026-05-01T13:49:32.061,A1,1,9144,-59.4,-76.4,-17.1,199.64,88,15666,17568,14574,19005,956,762138509,1
2026-05-01T13:49:32.150,A1,1,9145,-58.8,-78.4,-19.6,178.36,100,18479,17836,11359,23295,1036,393488139,1
2026-05-01T13:49:32.240,A1,1,9146,-59.2,-77.0,-17.9,118.2,144,14061,17021,14899,18590,939,440354915,1
2026-05-01T13:49:32.362,A1,1,9147,-59.4,-75.9,-16.5,167.73,108,17166,18115,15034,20218,986,458677190,1
2026-05-01T13:49:32.479,A1,1,9148,-59.5,-79.7,-20.3,158.66,92,17316,14597,8504,18085,935,461120852,1
2026-05-01T13:49:32.604,A1,1,9149,-58.8,-76.2,-17.3,186.79,92,16269,17185,13134,18526,926,766441101,1
2026-05-01T13:49:32.691,A1,1,9150,-59.2,-77.9,-18.7,126.96,136,14759,17266,12632,18793,944,479113207,1
2026-05-01T13:49:32.870,A1,1,9151,-59.4,-76.5,-17.1,162.95,108,17253,17599,12525,19039,956,488545048,1
2026-05-01T13:49:32.929,A1,1,9152,-59.1,-75.9,-16.8,122.83,144,14691,17688,17081,20018,970,434027740,1
2026-05-01T13:49:33.079,A1,1,9153,-58.7,-75.8,-17.1,117.21,140,16729,16410,17196,20973,982,388627900,1
2026-05-01T13:49:33.199,A1,1,9154,-58.8,-78.5,-19.7,176.87,100,18503,17687,10888,23038,1030,484667896,1
2026-05-01T13:49:33.290,A1,1,9155,-58.9,-75.7,-16.9,163.2,100,16698,16320,17325,20698,980,409995698,1
2026-05-01T13:49:33.409,A1,1,9156,-59.8,-76.9,-17.1,117.63,144,16910,16939,12907,18411,954,393062264,1
2026-05-01T13:49:33.529,A1,1,9157,-59.4,-76.8,-17.4,99.61,156,17036,15539,15770,19792,975,391072857,1
2026-05-01T13:49:33.651,A1,1,9158,-59.5,-76.4,-16.9,189.32,88,16661,16660,14436,18669,952,434693439,1
2026-05-01T13:49:33.771,A1,1,9159,-58.7,-75.5,-16.8,174.52,100,15944,17452,16539,20247,964,479994475,1
2026-05-01T13:49:33.859,A1,1,9160,-59.4,-78.6,-19.2,125.95,128,16588,16121,9314,17872,929,602791242,1
2026-05-01T13:49:33.980,A1,1,9161,-59.2,-76.6,-17.4,143.83,108,17075,15534,15624,19751,968,483976793,1
2026-05-01T13:49:34.099,A1,1,9162,-59.1,-79.1,-20.0,121.49,140,16156,17008,10012,19716,964,490923364,1
2026-05-01T13:49:34.189,A1,1,9163,-59.1,-75.9,-16.8,174.49,104,17027,18147,15443,20825,991,421341368,1
2026-05-01T13:49:34.281,A1,1,9164,-58.9,-77.3,-18.5,184.5,92,17217,16974,10090,18741,933,479378724,1
2026-05-01T13:49:34.399,A1,1,9165,-59.0,-79.0,-20.0,113.66,160,17754,18186,10401,22892,1035,713328123,1
2026-05-01T13:49:34.490,A1,1,9166,-59.0,-76.0,-17.0,190.59,88,14430,16772,15101,17740,911,461526994,1
2026-05-01T13:49:34.611,A1,1,9167,-59.1,-78.1,-18.9,118.09,144,15284,17005,11916,18754,941,392952275,1
2026-05-01T13:49:34.699,A1,1,9168,-59.4,-80.7,-21.2,101.01,144,17813,14545,7890,19522,971,478944447,1
2026-05-01T13:49:34.850,A1,1,9169,-59.3,-76.6,-17.3,101.8,152,17161,15474,15294,19315,961,714527279,1
2026-05-01T13:49:34.909,A1,1,9170,-59.3,-77.8,-18.5,119.01,144,14600,17137,12345,18006,928,464008310,1
2026-05-01T13:49:34.999,A1,1,9171,-58.8,-76.4,-17.6,178.36,104,18411,18549,14460,23001,1030,479685182,1
2026-05-01T13:49:35.119,A1,1,9172,-59.1,-75.8,-16.7,187.85,96,16888,18034,15189,20387,981,479347890,1
2026-05-01T13:49:35.209,A1,1,9173,-59.0,-78.8,-19.8,164.88,108,16432,17807,10274,20802,986,390919635,1
2026-05-01T13:49:35.301,A1,1,9174,-58.5,-76.2,-17.7,148.84,116,16326,17266,13631,19398,937,415402097,1
2026-05-01T13:49:35.420,A1,1,9175,-59.1,-76.6,-17.6,128.91,128,14281,16500,15239,18197,925,457784944,1
2026-05-01T13:49:35.570,A1,1,9176,-59.4,-76.7,-17.3,130.36,128,13015,16686,15906,17653,922,749626712,1
2026-05-01T13:49:35.691,A1,1,9177,-58.6,-76.4,-17.8,178.82,92,15297,16451,13492,17869,903,428712508,1
2026-05-01T13:49:35.750,A1,1,9178,-59.1,-76.5,-17.4,132.57,132,15803,17499,14169,19149,951,462771492,1
2026-05-01T13:49:35.871,A1,1,9179,-59.4,-76.9,-17.5,154.12,104,16401,16029,13228,17947,928,415741085,1
2026-05-01T13:49:35.959,A1,1,9180,-58.7,-77.0,-18.4,125.33,132,15164,16543,13552,18631,924,480518787,1
2026-05-01T13:49:36.049,A1,1,9181,-58.6,-77.9,-19.4,183.0,100,18632,18300,11951,23998,1044,412964821,1
2026-05-01T13:49:36.169,A1,1,9182,-58.5,-76.3,-17.8,179.68,100,18260,17968,14742,22867,1016,433759235,1
2026-05-01T13:49:36.289,A1,1,9183,-59.2,-76.1,-16.9,110.05,164,17001,18049,14669,20336,983,475070005,1
2026-05-01T13:49:36.381,A1,1,9184,-59.0,-76.5,-17.5,100.63,164,16503,16503,16950,21259,999,437473073,1
2026-05-01T13:49:36.499,A1,1,9185,-59.6,-76.5,-16.9,130.37,136,17335,17730,13697,19678,980,408035655,1
2026-05-01T13:49:36.619,A1,1,9186,-59.1,-77.1,-18.0,117.32,148,14862,17364,13671,18755,941,564299776,1
2026-05-01T13:49:36.741,A1,1,9187,-58.6,-79.1,-20.5,171.22,100,15924,17122,9724,20112,958,475412289,1
2026-05-01T13:49:36.830,A1,1,9188,-59.5,-79.3,-19.8,158.86,92,17185,14615,9065,17732,926,450630769,1
2026-05-01T13:49:36.978,A1,1,9189,-59.4,-76.4,-16.9,107.78,156,16698,16813,15260,19531,970,450198552,1
2026-05-01T13:49:37.099,A1,1,9190,-59.0,-78.3,-19.3,179.23,92,17967,16489,11440,20982,991,456360033,1
2026-05-01T13:49:37.278,A1,1,9191,-59.6,-77.1,-17.5,129.17,124,16610,16017,13838,18505,950,443020762,1
2026-05-01T13:49:37.341,A1,1,9192,-58.5,-76.1,-17.7,123.51,140,16366,17291,13318,19244,932,478925406,1
2026-05-01T13:49:37.431,A1,1,9193,-58.9,-77.1,-18.2,177.63,100,16228,17763,12967,20061,966,385666160,1
2026-05-01T13:49:37.549,A1,1,9194,-59.1,-77.1,-18.0,137.13,132,17017,18101,13683,21263,1001,393576500,1
2026-05-01T13:49:37.639,A1,1,9195,-59.1,-77.4,-18.3,116.14,148,14649,17188,13315,18588,937,413877189,1
2026-05-01T13:49:37.761,A1,1,9196,-58.7,-76.2,-17.5,199.12,88,17201,17523,12411,19320,941,387838845,1
2026-05-01T13:49:37.881,A1,1,9197,-58.9,-76.6,-17.7,119.64,136,16012,16271,17735,21665,1005,736912022,1
2026-05-01T13:49:38.000,A1,1,9198,-58.7,-77.5,-18.8,115.77,144,15430,16671,12363,18707,926,478896375,1
2026-05-01T13:49:38.119,A1,1,9199,-59.2,-76.6,-17.3,152.51,104,16574,15861,15343,19226,957,766625314,1
2026-05-01T13:49:38.179,A1,1,9200,-59.1,-76.8,-17.7,132.98,124,13533,16489,15645,18173,926,446246048,1
2026-05-01T13:49:38.328,A1,1,9201,-58.8,-78.4,-19.6,122.01,136,16326,16593,10541,19228,944,762192450,1
2026-05-01T13:49:38.421,A1,1,9202,-58.9,-78.6,-19.7,169.93,88,17536,14954,10413,19077,941,473714137,1
2026-05-01T13:49:38.519,A1,1,9203,-59.4,-77.2,-17.8,111.2,144,16613,16013,13404,18574,947,432589989,1
2026-05-01T13:49:38.629,A1,1,9204,-58.7,-76.5,-17.8,124.04,136,15824,16870,13419,18663,926,385752417,1
2026-05-01T13:49:38.750,A1,1,9205,-59.5,-78.0,-18.5,100.62,152,17048,15295,12133,18374,945,461202477,1
2026-05-01T13:49:38.871,A1,1,9206,-59.3,-76.6,-17.3,191.71,84,16373,16104,13936,18190,934,412435731,1
2026-05-01T13:49:38.991,A1,1,9207,-59.1,-77.3,-18.2,186.74,92,14452,17180,13236,18228,927,425118838,1
2026-05-01T13:49:39.109,A1,1,9208,-59.0,-78.4,-19.4,184.96,92,15714,17016,10514,18907,941,428025264,1
2026-05-01T13:49:39.230,A1,1,9209,-59.0,-76.7,-17.8,121.84,136,15307,16570,13710,18162,921,415387708,1
2026-05-01T13:49:39.348,A1,1,9210,-59.4,-77.5,-18.1,167.03,100,16775,16703,10857,18041,933,495050011,1
2026-05-01T13:49:39.441,A1,1,9211,-59.1,-76.3,-17.2,179.49,100,17333,17949,12995,19830,967,403843788,1
2026-05-01T13:49:39.561,A1,1,9212,-59.2,-77.3,-18.2,193.3,88,17076,17010,10405,18438,935,496822223,1
2026-05-01T13:49:39.648,A1,1,9213,-59.4,-76.7,-17.3,109.58,152,16670,16656,14752,19515,970,419209038,1
2026-05-01T13:49:39.770,A1,1,9214,-58.9,-76.8,-17.9,175.39,104,17476,18241,13736,21758,1005,711291059,1
2026-05-01T13:49:39.889,A1,1,9215,-59.0,-76.1,-17.1,131.83,132,14863,17402,15276,18779,938,719647182,1
2026-05-01T13:49:39.981,A1,1,9216,-59.0,-76.4,-17.4,118.41,148,16046,17524,13993,19296,952,429064348,1
2026-05-01T13:49:40.072,A1,1,9217,-78.4,-76.0,2.4,187.89,96,17066,18037,14599,5358,979,478914463,1
2026-05-01T13:49:40.158,A1,1,9218,-59.0,-76.6,-17.6,166.48,96,16630,15982,17365,21462,1001,395582194,1
2026-05-01T13:49:40.278,A1,1,9219,-59.0,-76.5,-17.5,116.37,140,16680,16292,17345,21595,1005,434530937,1
2026-05-01T13:49:40.430,A1,1,9220,-59.1,-79.9,-20.9,151.38,100,17814,15138,9084,20310,977,406261911,1
2026-05-01T13:49:40.491,A1,1,9221,-58.9,-76.3,-17.4,149.83,104,16757,15582,16750,20389,973,463243815,1
2026-05-01T13:49:40.611,A1,1,9222,-59.0,-76.5,-17.5,129.63,136,15744,17630,14247,19479,956,408801164,1
2026-05-01T13:49:40.700,A1,1,9223,-58.8,-77.5,-18.7,129.03,128,15573,16516,12491,18609,927,478503961,1
2026-05-01T13:49:40.819,A1,1,9224,-59.0,-76.3,-17.3,130.27,132,15763,17196,14312,18839,940,754511413,1
2026-05-01T13:49:40.940,A1,1,9225,-58.9,-79.4,-20.5,127.44,132,16415,16822,9232,20028,966,770847896,1
2026-05-01T13:49:41.029,A1,1,9226,-58.9,-75.8,-16.8,131.92,132,14425,17414,16831,19390,951,736716214,1
2026-05-01T13:49:41.150,A1,1,9227,-59.4,-78.4,-19.0,148.67,100,17118,14867,11099,18098,932,390994735,1
2026-05-01T13:49:41.238,A1,1,9228,-58.6,-77.5,-18.9,137.24,124,17176,17018,10308,19457,942,736437622,1
2026-05-01T13:49:41.329,A1,1,9229,-59.1,-76.3,-17.2,118.6,144,15217,17078,14777,18548,934,413905979,1
2026-05-01T13:49:41.448,A1,1,9230,-59.3,-76.3,-17.0,103.43,164,16623,16963,17557,21530,1015,450617724,1
2026-05-01T13:49:41.570,A1,1,9231,-59.2,-75.9,-16.8,113.11,160,17311,18097,15998,21441,1008,413915301,1
2026-05-01T13:49:41.660,A1,1,9232,-58.9,-77.8,-18.9,118.84,140,16278,16637,11255,18830,936,405344079,1
2026-05-01T13:49:41.809,A1,1,9233,-59.3,-76.6,-17.3,100.38,152,17078,15257,15374,19233,958,445574632,1
2026-05-01T13:49:41.898,A1,1,9234,-59.2,-78.1,-18.9,130.88,128,17178,16753,9446,18689,942,447196505,1
2026-05-01T13:49:42.050,A1,1,9235,-59.3,-76.7,-17.4,185.48,96,17441,17806,12242,19506,967,439794883,1
2026-05-01T13:49:42.171,A1,1,9236,-58.8,-76.1,-17.2,172.82,100,16250,17282,13327,18542,927,750438688,1
2026-05-01T13:49:42.260,A1,1,9237,-59.2,-76.0,-16.9,187.71,96,17035,18020,14520,20185,978,430056122,1
2026-05-01T13:49:42.379,A1,1,9238,-58.6,-76.0,-17.4,174.41,100,17915,17441,15796,22126,1004,421225444,1
2026-05-01T13:49:42.499,A1,1,9239,-59.2,-76.1,-17.0,108.6,164,17003,17810,17588,22546,1033,450853494,1
2026-05-01T13:49:42.621,A1,1,9240,-59.1,-79.4,-20.3,107.6,164,17246,17647,9710,21787,1013,497629056,1
2026-05-01T13:49:42.710,A1,1,9241,-59.3,-79.0,-19.7,110.03,160,15691,17604,10813,20084,979,437320488,1
2026-05-01T13:49:42.828,A1,1,9242,-58.9,-76.8,-17.9,123.3,136,15890,16769,13052,18456,926,389624838,1
2026-05-01T13:49:42.919,A1,1,9243,-58.9,-76.8,-17.9,114.39,136,17232,15557,14043,19342,949,429235049,1
2026-05-01T13:49:43.041,A1,1,9244,-59.2,-76.0,-16.8,125.34,140,17067,17547,16007,20873,996,433775024,1
2026-05-01T13:49:43.191,A1,1,9245,-59.2,-76.4,-17.2,160.96,96,16915,15452,16089,19620,965,387484580,1
2026-05-01T13:49:43.280,A1,1,9246,-59.1,-76.5,-17.5,126.02,132,14692,16635,14889,18240,926,477769855,1
2026-05-01T13:49:43.368,A1,1,9247,-59.4,-80.8,-21.4,90.87,156,17694,14176,7760,19234,963,413463160,1
2026-05-01T13:49:43.490,A1,1,9248,-59.3,-76.1,-16.8,106.84,160,16863,17094,15504,19842,975,449045722,1
2026-05-01T13:49:43.611,A1,1,9249,-57.3,-79.1,-21.8,162.03,108,15856,17499,10131,22660,973,503952522,1
2026-05-01T13:49:43.700,A1,1,9250,-59.3,-76.0,-16.7,128.51,140,17420,17992,14842,20522,991,407549266,1
2026-05-01T13:49:43.818,A1,1,9251,-59.2,-75.9,-16.7,179.4,96,15574,17222,14456,18056,926,424048025,1
2026-05-01T13:49:43.910,A1,1,9252,-59.2,-80.1,-21.0,109.89,160,15685,17583,9599,21029,998,404606103,1
2026-05-01T13:49:43.999,A1,1,9253,-59.3,-77.0,-17.7,111.6,144,16526,16071,13685,18655,945,408457312,1
2026-05-01T13:49:44.119,A1,1,9254,-59.3,-80.1,-20.8,114.27,128,17228,14627,7909,18350,937,736361183,1
2026-05-01T13:49:44.238,A1,1,9255,-58.8,-78.7,-20.0,164.44,100,16550,16444,9546,19258,942,416025715,1
2026-05-01T13:49:44.328,A1,1,9256,-59.5,-76.4,-16.9,191.18,88,12844,16824,16244,17420,920,461563701,1
2026-05-01T13:49:44.448,A1,1,9257,-59.1,-77.1,-18.0,170.46,104,16110,17728,12820,19522,960,497469303,1
2026-05-01T13:49:44.568,A1,1,9258,-58.9,-78.3,-19.4,182.73,92,17270,16811,9449,19543,952,513099433,1
2026-05-01T13:49:44.689,A1,1,9259,-59.0,-75.8,-16.8,107.53,168,17675,18065,16764,22386,1024,439541156,1
2026-05-01T13:49:44.778,A1,1,9260,-58.5,-77.3,-18.8,191.27,88,17026,16832,10306,19012,927,460101639,1
2026-05-01T13:49:44.929,A1,1,9261,-59.6,-76.4,-16.8,184.85,92,14602,17006,14703,17465,923,400069404,1
2026-05-01T13:49:45.020,A1,1,9262,-59.3,-78.3,-19.0,131.0,112,17230,14672,11253,18151,931,404240441,1
2026-05-01T13:49:45.111,A1,1,9263,-59.0,-77.6,-18.6,122.5,148,17168,18130,12637,21528,1004,416738730,1
2026-05-01T13:49:45.230,A1,1,9264,-58.8,-78.1,-19.4,121.71,136,16249,16553,10859,19072,937,401134908,1
2026-05-01T13:49:45.350,A1,1,9265,-59.8,-78.2,-18.4,156.35,104,16651,16260,9275,17121,919,439432983,1
2026-05-01T13:49:45.468,A1,1,9266,-59.0,-75.9,-16.9,173.07,100,14747,17307,15243,18369,928,498121534,1
2026-05-01T13:49:45.590,A1,1,9267,-59.1,-77.8,-18.7,118.83,144,17424,17111,9574,19060,949,389127848,1
2026-05-01T13:49:45.680,A1,1,9268,-59.1,-76.2,-17.1,129.71,136,17062,17641,13356,19415,956,476030412,1
2026-05-01T13:49:45.831,A1,1,9269,-58.6,-76.4,-17.8,174.98,96,15902,16798,13072,18433,915,477178535,1
2026-05-01T13:49:45.889,A1,1,9270,-58.8,-78.6,-19.8,110.18,152,16946,16748,9874,19926,958,395675253,1
2026-05-01T13:49:45.978,A1,1,9271,-59.2,-80.5,-21.3,104.99,140,17824,14699,8312,20027,975,460461219,1
2026-05-01T13:49:46.099,A1,1,9272,-59.4,-76.5,-17.1,125.51,132,13545,16567,15747,17571,919,454976977,1
2026-05-01T13:49:46.221,A1,1,9273,-59.8,-76.9,-17.2,108.48,156,16956,16923,12747,18370,952,432027918,1
2026-05-01T13:49:46.341,A1,1,9274,-58.8,-78.0,-19.2,165.37,100,16052,16537,10746,18535,926,447377932,1
2026-05-01T13:49:46.489,A1,1,9275,-58.9,-78.1,-19.2,128.91,128,16444,16501,10759,18879,938,496382980,1
2026-05-01T13:49:46.551,A1,1,9276,-58.8,-77.9,-19.2,110.83,156,17748,17289,9877,20418,970,419332962,1
2026-05-01T13:49:46.669,A1,1,9277,-59.0,-78.9,-19.9,106.01,168,18708,17810,10673,23606,1051,736728678,1
2026-05-01T13:49:46.761,A1,1,9278,-58.8,-77.2,-18.4,120.99,136,15396,16455,13221,18561,926,712162489,1
2026-05-01T13:49:46.881,A1,1,9279,-58.8,-78.5,-19.8,165.83,100,16186,16583,10013,19065,937,448672510,1
2026-05-01T13:49:46.968,A1,1,9280,-58.8,-76.1,-17.2,111.84,144,16373,16105,17294,20743,980,397137211,1
2026-05-01T13:49:47.088,A1,1,9281,-59.7,-78.1,-18.4,108.73,144,16804,15657,10968,17576,929,476599202,1
2026-05-01T13:49:47.211,A1,1,9282,-59.0,-75.9,-16.9,102.29,156,16258,15957,17249,20035,967,747511285,1
2026-05-01T13:49:47.300,A1,1,9283,-59.0,-77.0,-18.1,175.88,100,18152,17588,13208,21631,1005,455119121,1
2026-05-01T13:49:47.390,A1,1,9284,-59.1,-75.9,-16.7,167.15,108,17234,18052,14704,20359,981,734248691,1
2026-05-01T13:49:47.539,A1,1,9285,-58.6,-76.3,-17.7,171.47,100,16626,17147,12406,18756,925,397216159,1
2026-05-01T13:49:47.628,A1,1,9286,-59.3,-76.2,-16.9,129.41,140,16983,18117,15406,20934,999,431316525,1
2026-05-01T13:49:47.749,A1,1,9287,-59.0,-77.8,-18.8,124.49,132,15899,16433,11338,18187,922,387150673,1
2026-05-01T13:49:47.898,A1,1,9288,-59.1,-78.8,-19.7,131.33,128,18236,16810,10214,21390,1004,441131183,1
2026-05-01T13:49:47.989,A1,1,9289,-58.7,-77.5,-18.8,169.04,104,18345,17580,12130,22160,1008,495039889,1
2026-05-01T13:49:48.079,A1,1,9290,-58.7,-75.4,-16.7,113.59,160,16653,18175,16806,21479,992,397151341,1
2026-05-01T13:49:48.168,A1,1,9291,-58.8,-78.8,-19.9,178.5,92,16901,16422,9357,19456,949,429477122,1
2026-05-01T13:49:48.321,A1,1,9292,-59.0,-76.2,-17.1,172.9,96,16526,16598,16866,20769,987,753279881,1
2026-05-01T13:49:48.411,A1,1,9293,-59.1,-77.8,-18.7,113.73,156,16219,17742,11697,19780,967,456471069,1
2026-05-01T13:49:48.499,A1,1,9294,-59.0,-77.3,-18.3,106.93,148,17580,15825,13191,19744,962,437164394,1
2026-05-01T13:49:48.619,A1,1,9295,-59.0,-77.6,-18.6,178.51,96,18169,17137,12599,21577,1006,392726782,1
2026-05-01T13:49:48.739,A1,1,9296,-59.1,-76.8,-17.7,125.25,132,14741,16533,14176,17970,920,410426177,1
2026-05-01T13:49:48.863,A1,1,9297,-59.6,-76.4,-16.8,171.41,104,17344,17827,12991,19209,969,442026252,1
2026-05-01T13:49:48.951,A1,1,9298,-58.5,-77.9,-19.4,161.08,104,16963,16752,9929,19404,938,476896469,1
2026-05-01T13:49:49.069,A1,1,9299,-59.6,-76.6,-17.0,130.85,136,16842,17795,13522,19356,972,497422610,1
2026-05-01T13:49:49.189,A1,1,9300,-58.8,-77.0,-18.2,183.15,96,17571,17582,11196,19908,959,469841970,1
2026-05-01T13:49:49.309,A1,1,9301,-58.9,-76.0,-17.1,181.39,92,15883,16688,13312,17638,905,424653794,1
2026-05-01T13:49:49.431,A1,1,9302,-59.2,-78.1,-18.9,114.06,160,18628,18250,12115,23318,1052,494105758,1
2026-05-01T13:49:49.550,A1,1,9303,-59.0,-79.4,-20.3,117.74,144,16226,16954,9485,19925,967,496449217,1
2026-05-01T13:49:49.670,A1,1,9304,-59.2,-76.5,-17.4,124.83,132,14669,16477,14897,17944,922,439879222,1
2026-05-01T13:49:49.789,A1,1,9305,-58.9,-75.5,-16.6,111.78,160,15897,17884,16535,20360,972,738500660,1
2026-05-01T13:49:49.880,A1,1,9306,-58.8,-76.5,-17.7,119.73,144,16399,17241,12913,18993,938,418565778,1
2026-05-01T13:49:49.999,A1,1,9307,-59.7,-76.6,-16.9,121.03,148,16925,17912,13450,19362,976,498983574,1
2026-05-01T13:49:50.119,A1,1,9308,-58.9,-76.8,-17.8,170.04,92,17394,15644,13663,19215,946,412216239,1
2026-05-01T13:49:50.211,A1,1,9309,-58.8,-78.5,-19.7,158.13,104,16504,16446,9899,19073,937,422238342,1
2026-05-01T13:49:50.300,A1,1,9310,-58.8,-76.6,-17.8,132.86,132,17071,17537,12574,19752,955,434101830,1
2026-05-01T13:49:50.421,A1,1,9311,-58.5,-77.5,-19.1,167.76,100,17030,16776,10261,19251,933,738758104,1
2026-05-01T13:49:50.511,A1,1,9312,-58.9,-76.0,-17.1,132.65,128,15226,16979,14830,18409,925,413179284,1
2026-05-01T13:49:50.689,A1,1,9313,-58.8,-78.1,-19.3,163.34,112,18605,18294,11724,23723,1045,758595883,1
2026-05-01T13:49:50.720,A1,1,9314,-58.6,-76.8,-18.2,114.05,152,17089,17336,11995,19705,948,426376114,1
2026-05-01T13:49:50.809,A1,1,9315,-59.0,-75.6,-16.6,157.79,112,16938,17672,16459,20876,989,496936949,1
2026-05-01T13:49:50.930,A1,1,9316,-59.3,-75.7,-16.4,186.05,96,17211,17861,15378,20220,982,494659991,1
2026-05-01T13:49:51.051,A1,1,9317,-59.4,-76.5,-17.1,115.76,156,17585,18058,13097,20091,984,391991363,1
2026-05-01T13:49:51.170,A1,1,9318,-59.4,-79.4,-20.0,166.7,88,17143,14670,8593,17702,922,428798516,1
2026-05-01T13:49:51.289,A1,1,9319,-58.6,-75.5,-16.9,169.83,104,15665,17662,15483,19496,944,435442110,1
2026-05-01T13:49:51.379,A1,1,9320,-58.8,-76.6,-17.8,163.56,100,17459,16356,15276,21057,985,760838292,1
2026-05-01T13:49:51.471,A1,1,9321,-59.3,-76.0,-16.7,164.42,108,17258,17757,14160,19734,971,475910370,1
2026-05-01T13:49:51.590,A1,1,9322,-59.3,-79.9,-20.6,101.07,160,18354,16172,8849,21378,1012,460630760,1
2026-05-01T13:49:51.739,A1,1,9323,-58.6,-78.0,-19.4,178.65,92,16285,16436,10556,18858,927,408927099,1
2026-05-01T13:49:51.798,A1,1,9324,-59.2,-77.4,-18.2,116.1,148,17231,17183,11139,19161,955,472838339,1
2026-05-01T13:49:51.920,A1,1,9325,-59.4,-77.7,-18.3,176.76,92,16582,16262,10383,17438,917,770661530,1
2026-05-01T13:49:52.039,A1,1,9326,-58.8,-76.5,-17.7,173.41,96,14926,16647,13675,17852,908,736554444,1
2026-05-01T13:49:52.101,A1,1,9327,-59.0,-78.5,-19.5,126.62,136,15210,17220,11232,19162,947,394621468,1
2026-05-01T13:49:52.190,A1,1,9328,-58.9,-75.9,-17.0,172.99,100,14854,17299,15117,18516,927,404631429,1
2026-05-01T13:49:52.309,A1,1,9329,-58.5,-75.3,-16.8,175.72,100,17422,17572,16826,21760,992,394409829,1
2026-05-01T13:49:52.400,A1,1,9330,-58.7,-75.9,-17.3,146.23,120,17735,17547,16659,22617,1017,431256866,1
2026-05-01T13:49:52.523,A1,1,9331,-58.9,-76.8,-17.8,112.76,148,14684,16688,14157,18162,920,413156176,1
2026-05-01T13:49:52.641,A1,1,9332,-59.4,-76.8,-17.4,118.18,132,16513,15600,14163,18125,935,757965133,1
2026-05-01T13:49:52.730,A1,1,9333,-58.8,-77.3,-18.6,193.84,92,16402,17833,12247,20263,966,414271913,1
