timestamp,device,tag_id,seq,rx_power,fp_power,fp_rx_ratio,quality,std_noise,fp_ampl1,fp_ampl2,fp_ampl3,cir_power,rxpacc,reply_delay,flags
2026-05-01T13:50:15.530,A1,1,9396,-58.5,-76.8,-18.3,147.9,116,17107,17156,11235,19292,935,395761052,1
2026-05-01T13:50:15.620,A1,1,9397,-59.0,-77.3,-18.3,144.62,120,12740,17354,15730,19143,947,409557010,1
2026-05-01T13:50:15.740,A1,1,9398,-58.9,-77.4,-18.4,135.89,128,13519,17394,16713,20839,986,466763923,1
2026-05-01T13:50:15.860,A1,1,9399,-59.0,-76.7,-17.7,183.57,92,13244,16888,15116,17896,915,461303815,1
2026-05-01T13:50:15.979,A1,1,9400,-58.8,-76.6,-17.8,163.87,108,14986,17698,16771,21434,994,420752397,1
2026-05-01T13:50:16.070,A1,1,9401,-58.7,-76.6,-17.9,127.44,144,15873,18351,16162,22341,1011,673711887,1
2026-05-01T13:50:16.158,A1,1,9402,-59.0,-77.2,-18.2,179.17,100,15102,17917,14313,20242,974,474326378,1
2026-05-01T13:50:16.279,A1,1,9403,-58.8,-76.6,-17.8,140.23,132,15964,18510,16706,22891,1028,387481482,1
2026-05-01T13:50:16.400,A1,1,9404,-58.6,-76.5,-17.9,169.34,108,15986,18289,15877,22059,1003,473861006,1
2026-05-01T13:50:16.490,A1,1,9405,-58.8,-77.7,-18.9,169.53,108,14802,18309,18521,25215,1080,459383405,1
2026-05-01T13:50:16.610,A1,1,9406,-58.7,-76.8,-18.2,161.69,108,17767,17463,15705,23196,1031,400443642,1
2026-05-01T13:50:16.700,A1,1,9407,-58.4,-76.6,-18.2,130.8,136,16825,17789,13019,20652,963,425537040,1
2026-05-01T13:50:16.819,A1,1,9408,-58.7,-77.6,-18.9,143.94,124,14637,17849,14405,20788,978,400687210,1
2026-05-01T13:50:16.909,A1,1,9409,-56.3,-75.6,-19.3,195.88,84,16173,16454,13381,20627,894,534346068,1
2026-05-01T13:50:17.029,A1,1,9410,-58.3,-76.4,-18.2,168.96,100,15890,16896,12915,18859,916,732145940,1
2026-05-01T13:50:17.120,A1,1,9411,-58.9,-78.5,-19.6,160.99,96,17709,15455,11366,20143,968,433355207,1
2026-05-01T13:50:17.210,A1,1,9412,-58.3,-76.5,-18.2,154.7,116,16047,17945,17164,23470,1024,520501523,1
2026-05-01T13:50:17.329,A1,1,9413,-58.5,-76.6,-18.1,140.25,128,15369,17952,16699,22333,1005,407904725,1
2026-05-01T13:50:17.449,A1,1,9414,-58.9,-77.3,-18.4,150.19,108,17206,16221,15759,21954,1011,491653391,1
2026-05-01T13:50:17.569,A1,1,9415,-58.5,-76.2,-17.7,183.6,96,16597,17626,13151,19699,944,421078468,1
2026-05-01T13:50:17.660,A1,1,9416,-58.9,-80.6,-21.6,118.32,124,17969,14672,8350,20637,981,462726506,1
2026-05-01T13:50:17.809,A1,1,9417,-58.8,-77.0,-18.2,184.89,96,14440,17749,14932,19987,960,437235482,1
2026-05-01T13:50:17.899,A1,1,9418,-58.8,-77.4,-18.7,141.36,120,17925,16963,14442,22643,1021,443156997,1
2026-05-01T13:50:18.052,A1,1,9419,-59.4,-78.4,-19.1,129.73,128,16608,16606,10903,19075,958,750677693,1
2026-05-01T13:50:26.210,A1,1,9420,-59.1,-77.2,-18.1,138.02,128,14184,17666,14419,19162,952,390060872,1
2026-05-01T13:50:26.328,A1,1,9421,-57.4,-77.0,-19.6,167.56,100,18318,16756,12975,23233,986,443697941,1
2026-05-01T13:50:26.419,A1,1,9422,-59.2,-77.9,-18.6,139.08,120,16579,16690,11027,18655,942,448368029,1
2026-05-01T13:50:26.539,A1,1,9423,-58.7,-76.5,-17.7,174.86,100,14785,17486,17126,21227,988,472219599,1
2026-05-01T13:50:26.630,A1,1,9424,-58.9,-76.4,-17.5,146.52,116,13721,16996,15054,17995,916,590287248,1
2026-05-01T13:50:26.721,A1,1,9425,-58.8,-76.9,-18.1,179.44,96,16562,17226,11857,18952,936,486332322,1
2026-05-01T13:50:26.869,A1,1,9426,-58.9,-77.7,-18.8,126.26,132,17021,16666,10639,18986,940,711989403,1
2026-05-01T13:50:26.958,A1,1,9427,-58.5,-76.4,-17.9,131.37,132,16864,17341,12151,19208,933,407368755,1
2026-05-01T13:50:27.080,A1,1,9428,-59.1,-77.4,-18.3,131.53,136,16609,17888,13255,20870,991,497467718,1
2026-05-01T13:50:27.199,A1,1,9429,-59.2,-77.3,-18.1,109.52,168,17168,18399,17916,25368,1098,491647782,1
2026-05-01T13:50:27.289,A1,1,9430,-59.0,-77.9,-18.9,165.34,100,16466,16534,10032,18184,923,402497316,1
2026-05-01T13:50:27.378,A1,1,9431,-58.8,-76.4,-17.6,129.56,128,14590,16584,14307,17859,907,430071139,1
2026-05-01T13:50:27.528,A1,1,9432,-59.0,-76.9,-17.9,170.9,96,13431,16406,14979,17690,910,456687640,1
2026-05-01T13:50:27.618,A1,1,9433,-59.1,-78.5,-19.4,154.05,100,17143,15405,10575,18770,940,471625913,1
2026-05-01T13:50:27.741,A1,1,9434,-58.7,-76.9,-18.2,158.66,116,16161,18404,17130,24034,1049,426641040,1
2026-05-01T13:50:27.859,A1,1,9435,-58.9,-78.4,-19.6,134.4,124,16553,16665,10383,19436,950,480749105,1
2026-05-01T13:50:27.949,A1,1,9436,-59.1,-77.5,-18.4,135.43,136,16546,18419,15933,23596,1056,421798560,1
2026-05-01T13:50:28.069,A1,1,9437,-59.2,-78.3,-19.1,175.46,92,16412,16142,9431,17693,917,445112601,1
2026-05-01T13:50:28.190,A1,1,9438,-59.0,-78.5,-19.5,173.56,100,15696,17356,10966,19553,957,484036673,1
2026-05-01T13:50:28.310,A1,1,9439,-59.0,-76.7,-17.7,133.54,124,13748,16559,14737,17652,909,394212382,1
2026-05-01T13:50:28.428,A1,1,9440,-59.3,-77.8,-18.5,121.73,140,16553,17042,11598,19137,957,387111200,1
2026-05-01T13:50:28.548,A1,1,9441,-59.4,-77.3,-17.9,161.7,104,16519,16817,13192,19122,961,451067772,1
2026-05-01T13:50:28.638,A1,1,9442,-58.5,-76.8,-18.2,116.55,164,17539,19114,17215,26072,1087,546444436,1
2026-05-01T13:50:28.760,A1,1,9443,-58.4,-76.4,-18.0,131.56,132,16132,17366,13450,19687,939,454936911,1
2026-05-01T13:50:28.849,A1,1,9444,-58.6,-77.0,-18.4,135.92,132,14310,17942,16528,21761,997,399671648,1
2026-05-01T13:50:28.938,A1,1,9445,-58.8,-76.8,-18.0,129.11,128,15293,16526,13803,18508,923,453730702,1
2026-05-01T13:50:29.059,A1,1,9446,-58.5,-76.5,-18.1,147.81,116,16423,17146,12463,19137,929,490343487,1
2026-05-01T13:50:29.180,A1,1,9447,-58.8,-77.4,-18.6,126.83,144,17086,18264,12807,21746,1003,458327669,1
2026-05-01T13:50:29.299,A1,1,9448,-58.8,-77.2,-18.4,132.79,128,14234,16997,17108,21377,992,395444839,1
2026-05-01T13:50:29.418,A1,1,9449,-58.8,-78.8,-20.1,171.95,108,17995,18571,11261,24268,1057,492575182,1
2026-05-01T13:50:29.508,A1,1,9450,-59.0,-77.1,-18.2,140.17,132,16516,18503,15363,22814,1032,684720780,1
2026-05-01T13:50:29.599,A1,1,9451,-58.4,-76.7,-18.3,142.12,120,16710,17055,11808,19115,928,422209010,1
2026-05-01T13:50:29.748,A1,1,9452,-59.1,-77.6,-18.5,124.56,144,17017,17936,17353,24967,1084,453636770,1
2026-05-01T13:50:29.838,A1,1,9453,-58.8,-77.5,-18.7,139.37,120,16111,16724,12136,19046,939,511144070,1
2026-05-01T13:50:29.989,A1,1,9454,-59.0,-80.8,-21.8,121.37,120,18086,14564,8006,20804,987,754340191,1
2026-05-01T13:50:30.108,A1,1,9455,-58.7,-77.9,-19.2,118.1,144,17324,17006,9801,19673,949,403305826,1
2026-05-01T13:50:30.168,A1,1,9456,-58.9,-76.8,-17.9,179.54,92,13118,16518,15376,17846,912,390416356,1
2026-05-01T13:50:30.290,A1,1,9457,-58.7,-77.7,-19.0,122.0,136,16201,16592,11482,18971,932,421628146,1
2026-05-01T13:50:30.380,A1,1,9458,-58.4,-76.4,-18.0,165.94,112,17190,18585,17269,24834,1057,728309615,1
2026-05-01T13:50:30.528,A1,1,9459,-58.9,-77.5,-18.6,151.46,116,16035,17569,18283,24792,1074,449077618,1
2026-05-01T13:50:30.619,A1,1,9460,-59.3,-78.4,-19.2,137.48,120,10348,16497,16163,18378,936,451301189,1
2026-05-01T13:50:30.738,A1,1,9461,-59.2,-77.1,-17.9,132.26,128,13301,16929,14648,17817,919,740966611,1
2026-05-01T13:50:30.830,A1,1,9462,-59.1,-77.3,-18.2,141.91,120,14120,17029,14199,18572,935,406638679,1
2026-05-01T13:50:30.948,A1,1,9463,-58.7,-76.9,-18.2,133.51,124,15538,16555,13209,18504,921,407798593,1
2026-05-01T13:50:31.129,A1,1,9464,-58.9,-78.9,-20.0,171.5,100,16051,17150,9780,19642,955,496811257,1
2026-05-01T13:50:31.158,A1,1,9465,-58.6,-76.6,-18.0,148.38,128,18014,18992,16886,25615,1081,429350299,1
2026-05-01T13:50:31.308,A1,1,9466,-59.1,-77.2,-18.1,145.64,116,14324,16894,13450,17834,918,447212674,1
2026-05-01T13:50:31.430,A1,1,9467,-58.9,-77.3,-18.4,129.04,136,17181,17549,11621,20065,966,418034606,1
2026-05-01T13:50:31.579,A1,1,9468,-59.1,-78.1,-19.0,122.77,132,17322,16205,15217,22453,1030,445852884,1
2026-05-01T13:50:31.698,A1,1,9469,-59.1,-78.4,-19.3,173.02,96,9353,16610,16476,18340,930,416627294,1
2026-05-01T13:50:31.789,A1,1,9470,-58.8,-77.3,-18.5,184.25,92,11379,16951,16035,18406,923,397963816,1
2026-05-01T13:50:31.881,A1,1,9471,-58.5,-77.4,-18.9,143.08,116,16321,16597,11845,19219,931,452948925,1
2026-05-01T13:50:32.000,A1,1,9472,-58.9,-77.5,-18.6,141.91,128,16956,18164,13365,21966,1009,490954687,1
2026-05-01T13:50:32.119,A1,1,9473,-58.6,-78.0,-19.4,137.04,132,18606,18089,12515,24221,1049,446417329,1
2026-05-01T13:50:32.238,A1,1,9474,-58.9,-78.0,-19.2,127.5,132,13951,16830,18004,22975,1033,428689461,1
2026-05-01T13:50:32.360,A1,1,9475,-59.1,-77.2,-18.2,142.68,120,13942,17122,14467,18642,936,506999225,1
2026-05-01T13:50:32.480,A1,1,9476,-58.8,-76.6,-17.7,143.59,116,13752,16657,14805,17801,908,428352446,1
2026-05-01T13:50:32.629,A1,1,9477,-59.0,-78.9,-19.9,122.49,144,15276,17638,10939,20046,970,462302872,1
2026-05-01T13:50:32.747,A1,1,9478,-58.7,-77.6,-18.9,130.94,136,16819,17808,13004,21694,997,479214275,1
2026-05-01T13:50:32.810,A1,1,9479,-58.4,-76.7,-18.2,131.85,132,16208,17404,12778,19561,939,401724624,1
2026-05-01T13:50:32.899,A1,1,9480,-58.6,-77.0,-18.4,128.07,136,14588,17418,14387,19645,946,407676500,1
2026-05-01T13:50:33.020,A1,1,9481,-58.7,-78.1,-19.4,129.64,128,16936,16594,10634,19734,950,465419683,1
2026-05-01T13:50:33.109,A1,1,9482,-58.7,-76.5,-17.7,129.62,140,14693,18147,16193,20963,982,427354477,1
2026-05-01T13:50:33.228,A1,1,9483,-59.1,-77.4,-18.3,138.7,116,17364,16089,15237,21396,1004,464856653,1
2026-05-01T13:50:33.350,A1,1,9484,-59.3,-77.8,-18.5,127.22,136,17023,17302,16206,23291,1055,449827999,1
2026-05-01T13:50:33.470,A1,1,9485,-59.1,-76.7,-17.6,170.81,100,12714,17081,15314,17703,914,415941385,1
2026-05-01T13:50:33.588,A1,1,9486,-58.5,-76.8,-18.3,158.27,116,15668,18359,15810,22465,1009,471386381,1
2026-05-01T13:50:33.678,A1,1,9487,-58.5,-76.7,-18.2,161.34,104,13165,16779,15271,18471,913,465309713,1
2026-05-01T13:50:33.770,A1,1,9488,-59.0,-77.5,-18.5,127.02,144,17574,18291,17549,25986,1104,483687104,1
2026-05-01T13:50:33.888,A1,1,9489,-59.2,-77.5,-18.3,148.07,128,16276,18953,16888,24539,1079,443667021,1
2026-05-01T13:50:34.008,A1,1,9490,-59.2,-77.6,-18.4,113.07,156,17563,17639,17478,25125,1093,405052458,1
2026-05-01T13:50:34.129,A1,1,9491,-58.8,-77.2,-18.4,140.49,124,17083,17421,11179,19602,950,722999978,1
2026-05-01T13:50:34.219,A1,1,9492,-59.1,-76.9,-17.8,118.41,140,13901,16578,14816,17948,921,423494934,1
2026-05-01T13:50:34.338,A1,1,9493,-58.8,-77.5,-18.8,131.82,132,17021,17400,11492,20188,964,443278677,1
2026-05-01T13:50:34.459,A1,1,9494,-58.7,-77.0,-18.3,154.28,112,17631,17279,17140,24365,1056,391203833,1
2026-05-01T13:50:34.519,A1,1,9495,-58.6,-77.8,-19.2,120.48,144,18175,17349,13796,23636,1037,423777806,1
2026-05-01T13:50:34.638,A1,1,9496,-59.2,-77.3,-18.1,172.12,104,16842,17900,15949,22830,1041,407433617,1
2026-05-01T13:50:34.729,A1,1,9497,-58.9,-78.6,-19.8,136.04,112,17437,15237,11306,19836,959,404636096,1
2026-05-01T13:50:34.848,A1,1,9498,-58.3,-77.7,-19.4,124.7,144,18460,17957,13668,24722,1050,472233490,1
2026-05-01T13:50:34.968,A1,1,9499,-58.6,-76.4,-17.8,172.81,100,15239,17281,13833,18806,925,388525812,1
2026-05-01T13:50:35.030,A1,1,9500,-58.3,-77.2,-18.9,169.11,100,16908,16911,10575,19243,928,504154241,1
2026-05-01T13:50:35.148,A1,1,9501,-58.7,-77.1,-18.4,123.52,136,13930,16799,14327,18541,922,471253144,1
2026-05-01T13:50:35.269,A1,1,9502,-59.3,-77.8,-18.5,125.43,136,16544,17059,12664,19885,975,488161220,1
2026-05-01T13:50:35.358,A1,1,9503,-58.4,-76.6,-18.2,156.96,116,14771,18207,16157,21818,990,406478681,1
2026-05-01T13:50:35.480,A1,1,9504,-59.1,-79.3,-20.2,113.21,136,17899,15396,10233,20381,982,397619894,1
2026-05-01T13:50:35.600,A1,1,9505,-58.7,-78.2,-19.5,134.8,124,16956,16715,10238,19670,950,496128687,1
2026-05-01T13:50:35.718,A1,1,9506,-59.2,-78.7,-19.5,116.1,136,17364,15790,11884,20264,981,738929778,1
2026-05-01T13:50:35.838,A1,1,9507,-58.5,-76.8,-18.3,127.25,144,15108,18324,16643,22737,1015,398842332,1
2026-05-01T13:50:35.930,A1,1,9508,-58.6,-79.5,-20.9,115.55,156,17196,18026,10239,23479,1033,722783281,1
2026-05-01T13:50:36.018,A1,1,9509,-58.7,-76.7,-18.0,122.32,136,14587,16636,14308,18361,918,407201187,1
2026-05-01T13:50:36.140,A1,1,9510,-59.0,-77.0,-18.1,148.86,120,13690,17863,15961,20224,972,445270603,1
2026-05-01T13:50:36.258,A1,1,9511,-58.8,-76.9,-18.0,141.12,128,14289,18064,16410,21215,991,420453615,1
2026-05-01T13:50:36.350,A1,1,9512,-59.2,-77.9,-18.7,124.96,140,14373,17495,13416,19199,955,471434007,1
2026-05-01T13:50:36.469,A1,1,9513,-58.9,-76.7,-17.8,174.95,96,12825,16795,15327,17772,909,406727994,1
2026-05-01T13:50:36.560,A1,1,9514,-59.1,-79.3,-20.2,158.06,112,18739,17703,10272,23748,1059,397218859,1
2026-05-01T13:50:36.679,A1,1,9515,-58.8,-76.4,-17.6,125.64,132,15418,16585,13292,17763,905,453514595,1
2026-05-01T13:50:36.768,A1,1,9516,-58.7,-76.7,-18.0,127.51,148,18330,18872,16208,25200,1075,408005135,1
2026-05-01T13:50:36.889,A1,1,9517,-58.7,-78.5,-19.8,163.99,112,17240,18367,11876,23202,1032,421721556,1
2026-05-01T13:50:37.008,A1,1,9518,-90.4,-77.6,12.9,173.1,108,16290,18695,15603,1822,1051,514319744,1
2026-05-01T13:50:37.100,A1,1,9519,-58.9,-76.8,-17.9,169.39,104,17167,17617,11926,19659,955,441668016,1
2026-05-01T13:50:37.249,A1,1,9520,-59.0,-77.4,-18.3,131.76,144,15748,18974,17219,24478,1072,419993594,1
2026-05-01T13:50:37.338,A1,1,9521,-58.4,-77.4,-19.0,130.64,132,17102,17245,11045,20146,951,408102962,1
2026-05-01T13:50:37.460,A1,1,9522,-59.0,-77.4,-18.4,139.0,128,16997,17792,12328,20628,982,440897907,1
2026-05-01T13:50:37.580,A1,1,9523,-58.7,-76.8,-18.1,175.51,96,13062,16849,15123,18156,914,429370728,1
2026-05-01T13:50:37.700,A1,1,9524,-59.5,-77.9,-18.4,119.38,144,16733,17191,13530,20582,1000,710142579,1
2026-05-01T13:50:37.788,A1,1,9525,-58.6,-76.4,-17.9,142.51,124,16755,17671,12818,19842,950,465772480,1
2026-05-01T13:50:37.909,A1,1,9526,-58.7,-76.9,-18.2,159.3,112,14021,17842,16451,21029,983,502245485,1
2026-05-01T13:50:37.998,A1,1,9527,-59.4,-77.5,-18.1,120.84,148,16960,17885,16562,23495,1064,447711880,1
2026-05-01T13:50:38.118,A1,1,9528,-58.9,-77.3,-18.4,128.76,136,13814,17511,14335,19102,944,769792086,1
2026-05-01T13:50:38.210,A1,1,9529,-58.8,-76.2,-17.4,165.71,104,16191,17234,13168,18629,926,566876133,1
2026-05-01T13:50:38.330,A1,1,9530,-58.8,-76.9,-18.0,132.92,128,14107,17014,14731,18708,931,450250995,1
2026-05-01T13:50:38.448,A1,1,9531,-58.7,-77.0,-18.3,121.77,144,16683,17535,12422,19920,957,752296500,1
2026-05-01T13:50:38.570,A1,1,9532,-58.8,-76.8,-17.9,119.49,140,14844,16728,13791,18179,917,470423374,1
2026-05-01T13:50:38.690,A1,1,9533,-58.8,-77.2,-18.4,141.59,128,17128,18124,12720,21254,991,766950661,1
2026-05-01T13:50:38.779,A1,1,9534,-58.6,-77.0,-18.4,130.06,132,16962,17168,11686,19562,945,421946736,1
2026-05-01T13:50:38.868,A1,1,9535,-58.9,-77.4,-18.5,131.2,128,11587,16793,16247,18688,932,400335266,1
2026-05-01T13:50:38.988,A1,1,9536,-58.9,-77.3,-18.4,159.34,112,14870,17846,14017,19968,965,471083650,1
2026-05-01T13:50:39.109,A1,1,9537,-59.0,-77.7,-18.7,132.14,132,12925,17442,15004,19377,952,453802739,1
2026-05-01T13:50:39.198,A1,1,9538,-58.8,-77.0,-18.2,121.16,148,14286,17932,15680,20731,978,464691664,1
2026-05-01T13:50:39.317,A1,1,9539,-58.9,-77.6,-18.7,135.05,128,16503,17287,13186,20646,980,452300705,1
2026-05-01T13:50:39.408,A1,1,9540,-58.7,-76.7,-18.0,159.49,104,14351,16587,14194,18046,910,425886826,1
2026-05-01T13:50:39.528,A1,1,9541,-59.4,-78.2,-18.8,126.92,136,16594,17261,11737,19892,977,747046056,1
2026-05-01T13:50:39.648,A1,1,9542,-58.5,-76.7,-18.2,132.32,136,14847,17995,16679,22003,999,405916245,1
2026-05-01T13:50:39.769,A1,1,9543,-58.9,-78.5,-19.5,115.22,136,17512,15670,13214,21358,998,735753364,1
2026-05-01T13:50:39.858,A1,1,9544,-58.5,-76.7,-18.2,131.04,136,16861,17822,12652,20404,960,408884605,1
2026-05-01T13:50:39.978,A1,1,9545,-58.8,-77.5,-18.7,109.11,156,17255,17021,16494,23856,1051,443462120,1
2026-05-01T13:50:40.098,A1,1,9546,-58.8,-76.9,-18.1,167.69,104,14586,17440,16835,21289,992,740735526,1
2026-05-01T13:50:40.188,A1,1,9547,-58.7,-76.7,-18.1,141.06,124,15081,17492,13932,19368,941,388291864,1
2026-05-01T13:50:40.279,A1,1,9548,-58.6,-76.8,-18.2,172.47,104,16092,17937,13643,20506,968,419431390,1
2026-05-01T13:50:40.398,A1,1,9549,-58.9,-79.1,-20.2,154.54,100,16948,15454,9053,18704,932,414653482,1
2026-05-01T13:50:40.519,A1,1,9550,-58.7,-78.0,-19.3,126.38,132,15814,16682,11634,19200,938,469898819,1
2026-05-01T13:50:40.608,A1,1,9551,-59.0,-77.8,-18.8,108.06,160,16939,17289,15042,22672,1030,474873596,1
2026-05-01T13:50:40.728,A1,1,9552,-58.4,-76.9,-18.4,167.91,104,16310,17463,12556,19871,946,443794694,1
2026-05-01T13:50:40.849,A1,1,9553,-58.5,-77.5,-19.0,114.82,160,16483,18371,14264,23059,1021,458091336,1
2026-05-01T13:50:40.968,A1,1,9554,-58.4,-77.0,-18.6,121.64,140,15900,17029,12854,19513,936,758127980,1
2026-05-01T13:50:41.058,A1,1,9555,-59.1,-78.5,-19.4,128.18,124,17148,15894,11283,19621,963,417377093,1
2026-05-01T13:50:41.178,A1,1,9556,-58.6,-78.4,-19.8,134.42,140,18710,18819,12719,25975,1086,433754511,1
2026-05-01T13:50:41.300,A1,1,9557,-58.5,-77.1,-18.6,114.62,160,16293,18339,14491,22405,1008,488621690,1
2026-05-01T13:50:41.418,A1,1,9558,-58.6,-77.3,-18.8,165.47,104,12026,17209,15431,18959,928,418836641,1
2026-05-01T13:50:41.539,A1,1,9559,-58.3,-77.0,-18.8,178.59,100,13225,17859,16177,21051,968,442282269,1
2026-05-01T13:50:41.658,A1,1,9560,-58.7,-76.7,-18.0,164.91,100,13794,16491,14801,17995,909,397703615,1
2026-05-01T13:50:41.747,A1,1,9561,-58.8,-77.3,-18.5,121.49,156,18174,18952,17056,26920,1115,454621940,1
2026-05-01T13:50:41.870,A1,1,9562,-58.7,-76.8,-18.1,166.99,100,13587,16699,14766,18183,913,457443375,1
2026-05-01T13:50:41.958,A1,1,9563,-58.2,-77.5,-19.3,148.21,112,14329,16600,17543,22840,1007,728545074,1
2026-05-01T13:50:42.047,A1,1,9564,-58.7,-77.6,-18.9,140.65,136,16574,19128,18293,27480,1122,597945320,1
2026-05-01T13:50:42.140,A1,1,9565,-58.5,-77.0,-18.5,151.35,116,14429,17557,16849,21902,995,403060398,1
2026-05-01T13:50:42.290,A1,1,9566,-58.8,-77.1,-18.3,122.89,136,12934,16713,15399,18406,923,420787320,1
2026-05-01T13:50:42.409,A1,1,9567,-59.0,-77.3,-18.3,126.99,140,14394,17779,14617,19870,966,412567568,1
2026-05-01T13:50:42.530,A1,1,9568,-58.8,-77.8,-19.1,152.69,108,15873,16490,11356,18604,926,489627345,1
2026-05-01T13:50:42.619,A1,1,9569,-58.9,-78.8,-19.8,145.15,108,17806,15676,11259,20692,982,425561413,1
2026-05-01T13:50:42.738,A1,1,9570,-58.7,-76.8,-18.1,153.17,108,14654,16542,13833,18136,911,446661719,1
2026-05-01T13:50:42.829,A1,1,9571,-58.7,-77.0,-18.3,151.63,116,15979,17589,17552,23536,1040,766189957,1
2026-05-01T13:50:42.920,A1,1,9572,-59.0,-77.3,-18.3,132.0,132,13141,17424,15209,19083,946,400599149,1
2026-05-01T13:50:43.039,A1,1,9573,-58.6,-77.3,-18.7,116.48,148,17199,17239,16571,24021,1047,406116377,1
2026-05-01T13:50:43.160,A1,1,9574,-59.3,-77.8,-18.5,114.09,152,16696,17342,14186,21363,1010,765294159,1
2026-05-01T13:50:43.247,A1,1,9575,-58.4,-77.4,-19.0,144.56,128,18530,18504,14585,25412,1068,729118287,1
2026-05-01T13:50:43.400,A1,1,9576,-58.7,-76.4,-17.7,165.1,104,14459,17170,14465,18538,921,479925213,1
2026-05-01T13:50:43.519,A1,1,9577,-59.1,-78.0,-18.8,124.12,136,16963,16881,14339,21783,1015,425288353,1
2026-05-01T13:50:43.608,A1,1,9578,-59.1,-77.4,-18.3,151.52,120,16560,18182,15388,22757,1036,731309629,1
2026-05-01T13:50:43.727,A1,1,9579,-58.9,-76.9,-18.0,164.33,104,12695,17090,15250,18157,920,393543968,1
2026-05-01T13:50:43.850,A1,1,9580,-58.8,-76.6,-17.7,173.65,96,15602,16670,13079,17991,912,452108696,1
2026-05-01T13:50:43.940,A1,1,9581,-58.7,-77.0,-18.3,133.06,132,16900,17564,12092,20060,958,469662329,1
2026-05-01T13:50:44.060,A1,1,9582,-58.8,-76.8,-18.0,166.85,108,14103,18020,16238,20808,981,449021987,1
2026-05-01T13:50:44.178,A1,1,9583,-59.4,-78.1,-18.7,113.36,148,16629,16777,11661,19249,963,460565179,1
2026-05-01T13:50:44.238,A1,1,9584,-59.1,-77.4,-18.3,133.48,132,16414,17619,14710,21561,1007,469376673,1
2026-05-01T13:50:44.357,A1,1,9585,-58.6,-78.5,-19.9,126.61,148,18378,18739,12763,25648,1080,709035320,1
2026-05-01T13:50:44.478,A1,1,9586,-58.5,-77.0,-18.5,128.56,132,13741,16970,14914,19089,930,462952350,1
2026-05-01T13:50:44.570,A1,1,9587,-58.4,-77.2,-18.8,113.99,160,17911,18239,17176,26548,1092,394576094,1
2026-05-01T13:50:44.657,A1,1,9588,-58.5,-76.3,-17.8,138.47,124,14252,17170,14752,18628,919,420996032,1
2026-05-01T13:50:44.777,A1,1,9589,-58.4,-76.4,-18.0,140.31,124,16419,17399,12695,19429,935,481250407,1
2026-05-01T13:50:44.921,A1,1,9590,-58.5,-77.6,-19.1,117.56,144,17982,16928,14115,23127,1022,397966420,1
2026-05-01T13:50:44.990,A1,1,9591,-58.3,-76.8,-18.5,130.07,132,16241,17169,12758,19725,938,447101153,1
2026-05-01T13:50:45.109,A1,1,9592,-58.7,-77.1,-18.4,147.58,112,12807,16529,15732,18672,924,485225406,1
2026-05-01T13:50:45.197,A1,1,9593,-58.8,-77.6,-18.8,145.21,112,17307,16264,15415,22407,1016,469772454,1
2026-05-01T13:50:45.287,A1,1,9594,-58.7,-78.9,-20.2,131.2,124,18199,16269,10774,21951,1002,472238277,1
2026-05-01T13:50:45.408,A1,1,9595,-58.8,-76.8,-18.1,129.89,132,15632,17146,13393,19068,938,513643103,1
2026-05-01T13:50:45.530,A1,1,9596,-58.6,-76.8,-18.1,184.24,92,11889,16950,16047,18331,915,634672007,1
2026-05-01T13:50:45.620,A1,1,9597,-59.0,-77.1,-18.1,161.91,116,16488,18781,16142,23620,1051,462865796,1
2026-05-01T13:50:45.769,A1,1,9598,-58.5,-76.4,-17.9,159.48,116,16205,18500,16557,23140,1022,764959584,1
2026-05-01T13:50:45.857,A1,1,9599,-58.6,-78.6,-20.0,124.61,132,16550,16448,9487,19221,936,524424184,1
2026-05-01T13:50:45.949,A1,1,9600,-58.4,-77.6,-19.2,154.0,116,15360,17864,13156,20954,970,575847378,1
2026-05-01T13:50:46.070,A1,1,9601,-58.4,-76.6,-18.2,164.1,108,15413,17723,13864,20019,947,399488562,1
2026-05-01T13:50:46.157,A1,1,9602,-58.7,-77.0,-18.3,140.34,124,14008,17402,14553,19209,938,514955306,1
2026-05-01T13:50:46.279,A1,1,9603,-58.5,-76.0,-17.5,175.64,96,15326,16861,13900,18233,908,448321006,1
2026-05-01T13:50:46.397,A1,1,9604,-58.4,-76.9,-18.5,121.89,140,14281,17064,17247,21702,989,435668418,1
2026-05-01T13:50:46.520,A1,1,9605,-58.9,-77.4,-18.5,134.01,136,16453,18225,16290,23741,1052,447792720,1
2026-05-01T13:50:46.641,A1,1,9606,-59.0,-77.3,-18.2,133.58,124,17138,16564,16202,22353,1024,424681432,1
2026-05-01T13:50:46.787,A1,1,9607,-59.4,-78.4,-19.0,164.62,100,9868,16462,16064,17739,923,438538085,1
2026-05-01T13:50:46.908,A1,1,9608,-59.0,-76.9,-17.9,168.69,104,13359,17544,15294,18951,941,748758816,1
2026-05-01T13:50:47.003,A1,1,9609,-58.8,-77.1,-18.3,130.89,132,12717,17277,15591,19004,938,418111866,1
2026-05-01T13:50:47.090,A1,1,9610,-58.9,-76.9,-18.0,137.58,128,13750,17610,15257,19323,949,598052319,1
2026-05-01T13:50:47.208,A1,1,9611,-59.0,-77.8,-18.9,158.03,104,12855,16435,17112,20435,977,459893508,1
2026-05-01T13:50:47.329,A1,1,9612,-59.3,-78.3,-18.9,156.71,100,17387,15671,13017,20240,985,507040892,1
2026-05-01T13:50:47.449,A1,1,9613,-58.4,-76.3,-17.9,168.56,100,14897,16856,13872,18406,908,452258535,1
2026-05-01T13:50:47.538,A1,1,9614,-58.4,-77.1,-18.7,152.76,124,18417,18942,14731,25365,1067,418766557,1
2026-05-01T13:50:47.659,A1,1,9615,-59.1,-78.1,-19.1,123.67,140,16998,17314,10662,20014,970,480331365,1
2026-05-01T13:50:47.749,A1,1,9616,-58.9,-76.7,-17.8,165.2,104,12752,17181,15556,18217,922,400872394,1
2026-05-01T13:50:47.868,A1,1,9617,-58.6,-77.1,-18.5,154.44,116,18226,17915,14562,23720,1040,727217691,1
2026-05-01T13:50:47.959,A1,1,9618,-59.3,-77.6,-18.2,115.94,140,17313,16232,14643,20901,1001,731417067,1
2026-05-01T13:50:48.049,A1,1,9619,-59.0,-79.0,-20.0,167.84,104,16101,17455,10033,20190,973,404392609,1
2026-05-01T13:50:48.170,A1,1,9620,-58.8,-76.5,-17.6,160.02,104,13984,16642,14849,17868,910,509415422,1
2026-05-01T13:50:48.288,A1,1,9621,-58.6,-76.8,-18.2,169.19,100,13639,16919,14613,18335,914,465432100,1
2026-05-01T13:50:48.408,A1,1,9622,-58.9,-76.7,-17.8,156.01,108,14850,16849,13372,17771,910,441709514,1
2026-05-01T13:50:48.498,A1,1,9623,-58.5,-76.6,-18.1,169.31,100,16105,16931,12417,18620,918,499699984,1
2026-05-01T13:50:48.620,A1,1,9624,-58.9,-76.9,-18.0,183.8,92,13757,16910,14652,18222,921,424284300,1
2026-05-01T13:50:48.740,A1,1,9625,-58.9,-76.8,-18.0,138.77,128,15683,17762,13779,19839,959,456603932,1
2026-05-01T13:50:48.858,A1,1,9626,-59.0,-77.5,-18.5,133.07,132,13757,17565,14590,19441,955,404406455,1
2026-05-01T13:50:48.948,A1,1,9627,-58.7,-76.4,-17.6,176.82,104,15981,18389,16799,22576,1019,447991154,1
2026-05-01T13:50:49.100,A1,1,9628,-58.9,-77.3,-18.4,125.85,136,16425,17116,12146,19314,947,438354565,1
2026-05-01T13:50:49.221,A1,1,9629,-58.9,-77.2,-18.3,172.56,104,15189,17946,14074,20332,972,431017795,1
2026-05-01T13:50:49.339,A1,1,9630,-58.8,-79.9,-21.1,138.31,108,17725,14937,8872,20144,966,463986300,1
2026-05-01T13:50:49.398,A1,1,9631,-58.5,-76.4,-17.9,167.07,112,16736,18712,16717,23877,1039,709992766,1
2026-05-01T13:50:49.518,A1,1,9632,-58.4,-76.5,-18.1,171.85,104,13429,17872,16463,20558,961,448379102,1
2026-05-01T13:50:49.608,A1,1,9633,-58.8,-76.6,-17.8,165.25,100,14212,16525,14325,17750,906,708938299,1
2026-05-01T13:50:49.700,A1,1,9634,-59.0,-79.6,-20.5,117.4,156,18712,18314,10309,24917,1082,420986960,1
2026-05-01T13:50:49.819,A1,1,9635,-59.0,-79.7,-20.7,148.99,104,18108,15495,9029,20735,986,500414459,1
2026-05-01T13:50:49.969,A1,1,9636,-58.7,-76.9,-18.2,129.98,132,15723,17157,13206,19186,937,765251686,1
2026-05-01T13:50:50.058,A1,1,9637,-58.5,-77.6,-19.1,167.11,100,16748,16711,11108,19499,939,420056502,1
2026-05-01T13:50:50.178,A1,1,9638,-58.8,-77.4,-18.5,155.02,120,17567,18603,14388,23667,1046,746051207,1
2026-05-01T13:50:50.299,A1,1,9639,-58.7,-77.1,-18.4,172.53,104,13444,17943,16352,20939,981,454841453,1
2026-05-01T13:50:50.390,A1,1,9640,-58.4,-76.8,-18.4,171.6,104,14134,17846,16396,21386,981,451401064,1
2026-05-01T13:50:50.569,A1,1,9641,-58.9,-77.7,-18.9,113.7,152,15947,17282,18188,24802,1073,734553497,1
2026-05-01T13:50:50.631,A1,1,9642,-58.5,-77.2,-18.7,122.43,152,18410,18610,15693,25882,1081,420492309,1
2026-05-01T13:50:50.718,A1,1,9643,-58.6,-76.9,-18.3,142.26,128,17721,18209,17361,25524,1079,426843871,1
2026-05-01T13:50:50.839,A1,1,9644,-58.5,-76.5,-17.9,156.94,116,15087,18205,15928,21424,985,462180840,1
2026-05-01T13:50:50.958,A1,1,9645,-59.2,-77.4,-18.3,155.94,112,16742,17465,11668,19442,960,386709502,1
2026-05-01T13:50:51.078,A1,1,9646,-58.9,-78.9,-20.0,149.41,108,18101,16136,10533,21234,995,423520276,1
2026-05-01T13:50:51.169,A1,1,9647,-58.5,-76.7,-18.1,178.61,96,16458,17147,12169,19055,929,435504125,1
2026-05-01T13:50:51.260,A1,1,9648,-58.5,-77.8,-19.3,160.53,116,18061,18621,13002,24324,1050,406209315,1
2026-05-01T13:50:51.347,A1,1,9649,-58.3,-76.4,-18.1,165.89,104,16512,17253,12242,19225,925,413814860,1
2026-05-01T13:50:51.498,A1,1,9650,-58.4,-76.8,-18.4,155.76,108,16074,16822,12001,18685,916,728123541,1
2026-05-01T13:50:51.590,A1,1,9651,-59.0,-78.0,-19.0,166.62,100,16589,16662,9897,18401,929,418758642,1
2026-05-01T13:50:51.679,A1,1,9652,-58.5,-76.3,-17.7,171.92,100,15635,17192,13751,18948,927,404523475,1
2026-05-01T13:50:51.801,A1,1,9653,-59.0,-76.8,-17.8,167.24,112,16453,18731,16179,22997,1039,445313508,1
2026-05-01T13:50:51.920,A1,1,9654,-58.8,-76.9,-18.1,131.56,132,14696,17366,17099,21587,999,443994278,1
2026-05-01T13:50:52.038,A1,1,9655,-59.2,-77.4,-18.2,165.16,104,16371,17177,13291,19851,972,453183250,1
2026-05-01T13:50:52.158,A1,1,9656,-58.8,-77.4,-18.6,163.83,112,14841,18349,15670,22118,1012,473146594,1
2026-05-01T13:50:52.309,A1,1,9657,-58.9,-77.4,-18.5,173.26,104,15626,18019,13799,20858,985,488389304,1
2026-05-01T13:50:52.400,A1,1,9658,-58.9,-77.0,-18.1,130.62,128,12623,16720,15636,18222,919,471435579,1
2026-05-01T13:50:52.548,A1,1,9659,-59.4,-77.6,-18.2,108.23,152,17639,16451,14983,21673,1021,417105954,1
2026-05-01T13:50:52.609,A1,1,9660,-58.7,-76.7,-18.0,135.86,132,15920,17934,13938,20386,966,725959595,1
2026-05-01T13:50:52.699,A1,1,9661,-58.2,-75.9,-17.7,162.15,104,15234,16864,14015,18485,905,386471351,1
2026-05-01T13:50:52.820,A1,1,9662,-59.1,-77.7,-18.6,118.91,148,16917,17598,11649,20124,975,398273597,1
2026-05-01T13:50:52.939,A1,1,9663,-58.8,-76.8,-18.1,130.55,128,15496,16710,13433,18585,925,460815211,1
2026-05-01T13:50:52.999,A1,1,9664,-58.6,-77.1,-18.5,159.59,108,12305,17236,15455,18759,926,405590201,1
2026-05-01T13:50:53.119,A1,1,9665,-58.5,-76.5,-18.0,127.27,136,16135,17309,13189,19423,937,725190684,1
2026-05-01T13:50:53.208,A1,1,9666,-58.9,-77.7,-18.8,144.6,128,15584,18509,16970,24444,1065,460769446,1
2026-05-01T13:50:53.300,A1,1,9667,-59.1,-77.0,-17.9,114.77,144,16714,16527,13253,19144,951,467912100,1
2026-05-01T13:50:53.418,A1,1,9668,-59.0,-77.5,-18.5,170.92,100,12288,17092,15201,18446,930,430048068,1
2026-05-01T13:50:53.598,A1,1,9669,-58.9,-77.8,-18.9,171.6,100,15370,17160,11574,18731,933,442203032,1
2026-05-01T13:50:53.629,A1,1,9670,-58.6,-76.8,-18.2,153.84,116,16978,17845,12508,20529,966,446210660,1
2026-05-01T13:50:53.719,A1,1,9671,-58.6,-77.0,-18.4,119.33,144,13657,17183,14837,19050,933,386923207,1
2026-05-01T13:50:53.839,A1,1,9672,-58.7,-77.9,-19.2,122.26,136,16313,16627,11272,19190,939,482731328,1
2026-05-01T13:50:53.930,A1,1,9673,-58.6,-76.9,-18.3,126.79,144,14983,18258,16674,22543,1013,472637059,1
2026-05-01T13:50:54.048,A1,1,9674,-58.8,-77.2,-18.3,164.52,108,15051,17768,13809,19857,959,468437921,1
2026-05-01T13:50:54.138,A1,1,9675,-58.7,-77.0,-18.3,160.35,112,15414,17959,14175,20582,971,436935596,1
2026-05-01T13:50:54.258,A1,1,9676,-58.5,-76.8,-18.3,156.63,116,15714,18169,16979,23297,1027,436647458,1
2026-05-01T13:50:54.378,A1,1,9677,-58.9,-77.6,-18.6,112.04,152,17946,17030,14264,22524,1025,429366348,1
2026-05-01T13:50:54.499,A1,1,9678,-59.2,-77.3,-18.1,153.49,112,16709,17191,14991,21335,1007,429800732,1
2026-05-01T13:50:54.648,A1,1,9679,-58.9,-77.7,-18.8,137.5,132,16348,18150,13182,21521,1002,738355855,1
2026-05-01T13:50:54.738,A1,1,9680,-59.0,-76.7,-17.7,136.54,132,16685,18023,13313,20215,973,461773750,1
2026-05-01T13:50:54.828,A1,1,9681,-58.8,-76.5,-17.6,172.48,100,14215,17248,14701,18465,924,475877776,1
2026-05-01T13:50:54.948,A1,1,9682,-59.2,-76.8,-17.7,111.03,172,18105,19098,17265,25586,1101,492358644,1
2026-05-01T13:50:55.069,A1,1,9683,-59.4,-78.2,-18.8,115.45,140,17019,16163,12569,19860,978,429830365,1
2026-05-01T13:50:55.158,A1,1,9684,-58.9,-77.4,-18.5,116.17,156,17169,18123,12367,21189,994,723995753,1
2026-05-01T13:50:55.339,A1,1,9685,-59.2,-77.9,-18.7,133.64,132,16603,17640,14681,22255,1028,746761849,1
2026-05-01T13:50:55.400,A1,1,9686,-59.0,-77.5,-18.5,176.15,100,14055,17615,14217,19436,954,394086804,1
2026-05-01T13:50:55.490,A1,1,9687,-59.1,-78.0,-18.9,99.72,164,16983,16354,15438,22351,1028,449910413,1
2026-05-01T13:50:55.608,A1,1,9688,-58.9,-77.9,-19.0,111.72,164,17002,18322,13051,22581,1025,485942485,1
2026-05-01T13:50:55.698,A1,1,9689,-58.6,-76.7,-18.1,124.39,148,17075,18410,16955,24460,1057,460741104,1
2026-05-01T13:50:55.788,A1,1,9690,-58.5,-77.8,-19.3,127.0,132,16275,16764,11554,19626,942,400927113,1
2026-05-01T13:50:55.909,A1,1,9691,-58.7,-76.8,-18.1,139.69,124,13198,17322,16021,19488,944,404299844,1
2026-05-01T13:50:55.999,A1,1,9692,-59.0,-77.6,-18.6,108.4,164,16064,17777,17859,24639,1075,407559599,1
2026-05-01T13:50:56.118,A1,1,9693,-58.8,-76.7,-17.9,113.86,160,15809,18217,15807,21918,1006,726549942,1
2026-05-01T13:50:56.208,A1,1,9694,-59.0,-77.2,-18.1,120.05,148,14718,17767,14703,19991,969,417939784,1
2026-05-01T13:50:56.329,A1,1,9695,-59.2,-77.4,-18.2,120.08,152,17124,18252,17593,25144,1091,394440545,1
2026-05-01T13:50:56.449,A1,1,9696,-59.4,-80.1,-20.7,100.69,148,18082,14902,8757,19950,979,490481036,1
2026-05-01T13:50:56.538,A1,1,9697,-58.9,-76.1,-17.2,157.18,116,15905,18233,15878,20947,988,409401310,1
2026-05-01T13:50:56.658,A1,1,9698,-59.3,-76.6,-17.3,161.55,116,16371,18740,17039,22864,1047,450900523,1
2026-05-01T13:50:56.778,A1,1,9699,-59.2,-79.3,-20.2,118.45,152,18640,18005,9914,23684,1059,448392192,1
2026-05-01T13:50:56.869,A1,1,9700,-59.0,-76.7,-17.7,151.49,124,18605,18785,14879,23844,1055,769845192,1
2026-05-01T13:50:56.957,A1,1,9701,-59.2,-76.5,-17.3,122.81,136,13692,16702,15746,17965,924,425923544,1
2026-05-01T13:50:57.050,A1,1,9702,-58.8,-76.0,-17.1,154.83,116,16871,17960,15302,20967,985,450087188,1
2026-05-01T13:50:57.168,A1,1,9703,-58.6,-76.2,-17.6,139.87,128,17184,17903,13423,20508,967,503157240,1
2026-05-01T13:50:57.348,A1,1,9704,-58.9,-78.3,-19.3,158.35,112,15677,17735,11550,20114,968,767849124,1
2026-05-01T13:50:57.378,A1,1,9705,-59.0,-77.3,-18.3,123.13,136,12359,16746,16043,18599,934,642696462,1
2026-05-01T13:50:57.498,A1,1,9706,-58.7,-76.7,-18.0,116.76,148,14174,17280,14306,18664,925,465595070,1
2026-05-01T13:50:57.589,A1,1,9707,-59.0,-76.5,-17.5,145.78,112,16833,16327,14741,19542,958,402606446,1
2026-05-01T13:50:57.738,A1,1,9708,-59.2,-79.1,-19.9,135.26,136,17819,18395,10795,23316,1052,409973749,1
2026-05-01T13:50:57.828,A1,1,9709,-58.7,-75.9,-17.2,157.53,116,17102,18273,16657,22596,1017,774003844,1
2026-05-01T13:50:57.948,A1,1,9710,-58.8,-76.1,-17.4,136.65,124,15754,16944,13849,18396,921,451433101,1
2026-05-01T13:50:58.038,A1,1,9711,-58.5,-76.1,-17.6,128.81,140,15828,18033,15698,21101,978,386579783,1
2026-05-01T13:50:58.129,A1,1,9712,-58.7,-79.3,-20.6,119.68,132,18222,15798,9617,21347,991,418417871,1
2026-05-01T13:50:58.279,A1,1,9713,-58.4,-76.0,-17.6,168.51,100,17883,16851,14935,21238,977,386389025,1
2026-05-01T13:50:58.370,A1,1,9714,-58.9,-76.8,-17.9,156.22,104,16942,16247,14358,19891,961,468371572,1
2026-05-01T13:50:58.457,A1,1,9715,-58.4,-76.4,-18.0,111.74,148,15797,16538,13421,18583,913,399580099,1
2026-05-01T13:50:58.580,A1,1,9716,-58.8,-78.4,-19.7,146.27,104,17838,15212,10653,19664,952,722383202,1
2026-05-01T13:50:58.670,A1,1,9717,-58.7,-76.5,-17.7,145.98,108,17429,15766,14223,19588,949,421556667,1
2026-05-01T13:50:58.790,A1,1,9718,-58.5,-75.9,-17.4,168.67,104,16951,17542,13023,19355,936,487969513,1
2026-05-01T13:50:58.880,A1,1,9719,-58.6,-76.1,-17.5,109.71,164,18216,17992,15874,23226,1027,429701281,1
2026-05-01T13:50:58.998,A1,1,9720,-58.7,-75.7,-17.0,166.92,104,14894,17360,16514,19650,949,435734462,1
2026-05-01T13:50:59.119,A1,1,9721,-58.7,-76.4,-17.7,120.2,148,16344,17790,13995,20203,961,467301632,1
2026-05-01T13:50:59.209,A1,1,9722,-58.8,-75.8,-17.0,171.07,100,16793,17107,17259,21609,999,450612223,1
2026-05-01T13:50:59.334,A1,1,9723,-58.4,-75.9,-17.5,135.73,132,16984,17916,13864,20538,961,412862957,1
2026-05-01T13:50:59.419,A1,1,9724,-58.8,-75.9,-17.1,161.25,104,14107,16770,15117,17603,901,456850440,1
2026-05-01T13:50:59.538,A1,1,9725,-59.0,-79.4,-20.4,124.64,120,17386,14957,9017,18900,942,439126118,1
2026-05-01T13:50:59.630,A1,1,9726,-59.1,-78.8,-19.7,126.44,144,17305,18207,10741,22209,1024,402778405,1
2026-05-01T13:50:59.748,A1,1,9727,-58.6,-76.6,-18.0,164.53,100,16296,16453,11869,17922,904,467029341,1
2026-05-01T13:50:59.837,A1,1,9728,-59.1,-76.5,-17.4,169.31,104,16458,17608,17250,22242,1025,419707563,1
2026-05-01T13:50:59.930,A1,1,9729,-59.1,-76.3,-17.2,160.42,108,16418,17325,16857,21308,1003,467756803,1
2026-05-01T13:51:00.047,A1,1,9730,-58.5,-75.8,-17.2,155.87,112,16299,17457,13607,18970,927,403101969,1
2026-05-01T13:51:00.169,A1,1,9731,-58.9,-78.4,-19.5,119.73,140,16565,16762,10221,19390,949,479299359,1
2026-05-01T13:51:00.288,A1,1,9732,-59.0,-77.5,-18.5,141.73,120,17222,17008,10376,19039,943,422985279,1
2026-05-01T13:51:00.377,A1,1,9733,-59.2,-76.6,-17.4,143.13,128,16845,18321,16629,22678,1039,416825659,1
2026-05-01T13:51:00.498,A1,1,9734,-58.9,-77.7,-18.7,174.93,100,14925,17493,12238,18882,938,428701347,1
2026-05-01T13:51:00.618,A1,1,9735,-58.4,-77.7,-19.3,169.13,100,17576,16913,9490,19760,943,430976344,1
2026-05-01T13:51:00.739,A1,1,9736,-59.1,-76.5,-17.5,137.17,132,16574,18107,14628,20800,990,493658725,1
2026-05-01T13:51:00.857,A1,1,9737,-58.5,-76.4,-17.9,132.71,132,17084,17518,12319,19751,945,435826388,1
2026-05-01T13:51:00.947,A1,1,9738,-58.6,-77.6,-19.0,118.71,140,16505,16619,11258,19178,934,416899079,1
2026-05-01T13:51:01.067,A1,1,9739,-58.8,-76.6,-17.8,127.11,132,13321,16779,15654,18355,921,479921283,1
2026-05-01T13:51:01.218,A1,1,9740,-58.5,-76.0,-17.5,130.73,128,15542,16734,14254,18523,914,738049104,1
2026-05-01T13:51:01.307,A1,1,9741,-58.3,-76.2,-17.9,130.77,132,16727,17261,13035,19611,936,402674539,1
2026-05-01T13:51:01.429,A1,1,9742,-59.0,-76.4,-17.4,138.33,132,16912,18260,14860,21326,998,478164409,1
2026-05-01T13:51:01.518,A1,1,9743,-58.3,-75.9,-17.6,138.94,124,15626,17228,14649,19401,931,713172908,1
2026-05-01T13:51:01.607,A1,1,9744,-58.6,-76.2,-17.6,115.91,152,16868,17619,13070,19693,948,474478818,1
2026-05-01T13:51:01.728,A1,1,9745,-58.7,-77.6,-18.9,171.47,96,16859,16461,10610,18805,928,765542275,1
2026-05-01T13:51:01.850,A1,1,9746,-59.0,-76.9,-17.9,120.8,140,16006,16912,18048,22841,1033,402647238,1
2026-05-01T13:51:01.938,A1,1,9747,-58.2,-77.6,-19.4,127.1,136,17689,17285,10118,20844,960,404925180,1
2026-05-01T13:51:02.028,A1,1,9748,-59.1,-76.2,-17.1,144.85,120,16605,17382,15291,20132,976,418269818,1
2026-05-01T13:51:02.147,A1,1,9749,-59.0,-80.2,-21.2,91.32,164,18156,14977,8333,20576,981,401762665,1
2026-05-01T13:51:02.269,A1,1,9750,-59.4,-76.8,-17.4,156.81,108,16634,16936,16526,21260,1011,410555110,1
2026-05-01T13:51:02.390,A1,1,9751,-58.6,-75.9,-17.4,132.51,136,16020,18022,15580,20862,974,439064502,1
2026-05-01T13:51:02.479,A1,1,9752,-59.0,-77.0,-18.0,135.74,120,16315,16289,17910,22561,1028,387744507,1
2026-05-01T13:51:02.598,A1,1,9753,-58.4,-75.9,-17.5,134.6,136,16239,18305,16392,22199,997,397171517,1
2026-05-01T13:51:02.688,A1,1,9754,-58.6,-77.6,-18.9,176.66,100,15485,17666,12098,19718,948,406110673,1
2026-05-01T13:51:10.790,A1,1,9755,-59.2,-76.4,-17.2,111.21,160,17952,17793,16278,22569,1035,426713348,1
2026-05-01T13:51:10.908,A1,1,9756,-59.5,-76.7,-17.2,106.69,160,16721,17071,17462,21979,1032,414292592,1
2026-05-01T13:51:10.998,A1,1,9757,-59.0,-78.3,-19.3,169.15,96,18067,16238,10572,20324,975,442520772,1
2026-05-01T13:51:11.323,A1,1,9758,-58.9,-76.8,-17.9,127.07,136,18109,17282,14566,22001,1013,393589253,1
2026-05-01T13:51:11.323,A1,1,9759,-59.0,-76.6,-17.6,115.65,148,14131,17116,14717,18255,926,448551443,1
2026-05-01T13:51:11.359,A1,1,9760,-58.5,-75.8,-17.3,169.21,100,15644,16921,13747,18155,905,412961948,1
2026-05-01T13:51:11.418,A1,1,9761,-58.9,-77.1,-18.2,166.09,108,15863,17938,13347,20143,969,412490130,1
2026-05-01T13:51:11.567,A1,1,9762,-58.9,-78.0,-19.1,151.86,120,17324,18223,11692,21967,1012,454341699,1
2026-05-01T13:51:11.660,A1,1,9763,-59.0,-76.5,-17.5,129.33,140,17236,18106,13841,20884,990,446314254,1
2026-05-01T13:51:11.823,A1,1,9764,-58.9,-75.9,-17.0,130.13,136,17868,17698,16821,22603,1024,450061632,1
2026-05-01T13:51:11.870,A1,1,9765,-58.9,-78.3,-19.4,132.51,132,15447,17491,11298,19559,954,397399988,1
2026-05-01T13:51:12.032,A1,1,9766,-58.6,-76.1,-17.5,137.88,128,16110,17649,14259,19763,949,723709541,1
2026-05-01T13:51:12.077,A1,1,9767,-58.6,-75.7,-17.1,170.05,100,15236,17005,14403,18097,907,463620793,1
2026-05-01T13:51:12.182,A1,1,9768,-58.7,-76.1,-17.4,116.47,152,16498,17704,13905,19744,952,457225958,1
2026-05-01T13:51:12.289,A1,1,9769,-59.1,-79.0,-19.9,125.54,136,18602,17073,10599,22610,1034,457670553,1
2026-05-01T13:51:12.380,A1,1,9770,-58.6,-76.8,-18.2,118.9,144,16917,17122,11703,19155,935,462112776,1
2026-05-01T13:51:12.515,A1,1,9771,-58.6,-75.8,-17.2,112.78,156,16526,17593,17021,21775,997,417202910,1
2026-05-01T13:51:12.618,A1,1,9772,-59.4,-76.4,-17.1,157.62,108,16425,17023,15106,19517,969,457101983,1
2026-05-01T13:51:12.739,A1,1,9773,-58.8,-76.8,-18.1,145.94,116,15233,16929,12588,17974,911,432820705,1
2026-05-01T13:51:12.860,A1,1,9774,-59.3,-76.8,-17.5,101.0,164,16992,16564,17836,22466,1036,437269097,1
2026-05-01T13:51:12.949,A1,1,9775,-58.6,-76.2,-17.6,133.64,128,16381,17106,13111,18850,927,442903124,1
2026-05-01T13:51:13.068,A1,1,9776,-59.1,-77.6,-18.5,115.57,152,14892,17566,12854,19064,949,388801608,1
2026-05-01T13:51:13.188,A1,1,9777,-58.7,-76.2,-17.4,178.23,100,17044,17823,13123,19817,955,405442170,1
2026-05-01T13:51:13.309,A1,1,9778,-58.5,-75.8,-17.3,170.32,104,15384,17713,16391,20710,967,402125993,1
2026-05-01T13:51:13.427,A1,1,9779,-59.3,-79.9,-20.5,116.93,152,15726,17774,9742,20733,997,484141679,1
2026-05-01T13:51:13.570,A1,1,9780,-59.5,-76.4,-17.0,160.02,108,16449,17282,15811,20197,988,418989660,1
2026-05-01T13:51:13.638,A1,1,9781,-58.5,-75.5,-17.0,138.06,128,14326,17672,16824,19788,946,400932285,1
2026-05-01T13:51:13.728,A1,1,9782,-58.9,-76.3,-17.4,179.96,92,12536,16556,16063,17449,902,420583269,1
2026-05-01T13:51:13.854,A1,1,9783,-58.6,-76.9,-18.3,112.29,148,15815,16619,12731,18566,919,719416964,1
2026-05-01T13:51:13.939,A1,1,9784,-58.6,-76.1,-17.5,137.07,132,16357,18093,14950,20891,976,401418105,1
2026-05-01T13:51:14.057,A1,1,9785,-59.3,-76.7,-17.3,143.8,128,16648,18406,18213,23952,1071,498833045,1
2026-05-01T13:51:14.179,A1,1,9786,-59.5,-76.4,-16.9,158.48,104,16555,16482,15131,19028,959,426548553,1
2026-05-01T13:51:14.300,A1,1,9787,-59.2,-77.4,-18.2,178.97,92,16548,16465,10137,17381,908,438204847,1
2026-05-01T13:51:14.418,A1,1,9788,-59.0,-76.2,-17.2,108.79,164,17933,17842,16465,22805,1033,454078684,1
2026-05-01T13:51:14.515,A1,1,9789,-58.7,-76.6,-17.9,152.16,124,18640,18868,14695,24169,1052,529239973,1
2026-05-01T13:51:14.628,A1,1,9790,-59.1,-76.2,-17.1,107.03,156,17544,16697,15985,20946,995,444475158,1
2026-05-01T13:51:14.801,A1,1,9791,-58.8,-78.6,-19.8,131.47,132,15624,17354,10742,19816,956,723875976,1
2026-05-01T13:51:14.837,A1,1,9792,-58.9,-77.8,-18.9,172.72,104,16331,17963,11895,20516,977,463887870,1
2026-05-01T13:51:14.929,A1,1,9793,-58.6,-76.1,-17.5,164.59,100,15339,16459,13530,17635,895,446764764,1
2026-05-01T13:51:15.078,A1,1,9794,-58.9,-75.9,-16.9,117.72,152,15406,17894,16666,20538,978,471420315,1
2026-05-01T13:51:15.168,A1,1,9795,-59.0,-78.2,-19.1,139.9,132,17860,18467,11825,22900,1037,437410395,1
2026-05-01T13:51:15.290,A1,1,9796,-58.6,-75.4,-16.8,116.69,148,16691,17270,17160,21182,984,484596590,1
2026-05-01T13:51:15.446,A1,1,9797,-58.8,-76.1,-17.4,116.53,148,16262,17247,13354,18740,929,431556846,1
2026-05-01T13:51:15.527,A1,1,9798,-58.7,-76.2,-17.4,141.52,128,16617,18115,14594,20786,978,400421292,1
2026-05-01T13:51:15.728,A1,1,9799,-58.6,-76.0,-17.4,135.32,128,15785,17321,14412,19165,934,769138826,1
2026-05-01T13:51:15.770,A1,1,9800,-58.9,-76.3,-17.4,166.3,104,16921,17295,12738,18923,939,480484303,1
2026-05-01T13:51:15.804,A1,1,9801,-59.1,-78.3,-19.2,170.56,104,18583,17738,11315,22653,1035,398777539,1
2026-05-01T13:51:15.920,A1,1,9802,-58.3,-75.1,-16.9,162.1,108,16104,17507,16713,20660,959,403232129,1
2026-05-01T13:51:16.039,A1,1,9803,-58.8,-78.7,-19.9,117.26,144,16500,16885,9948,19762,956,471345852,1
2026-05-01T13:51:16.157,A1,1,9804,-59.1,-77.8,-18.7,166.94,112,18305,18697,12752,23537,1054,721028280,1
2026-05-01T13:51:16.248,A1,1,9805,-58.6,-77.1,-18.5,176.98,96,17319,16990,10124,18949,930,460121533,1
2026-05-01T13:51:16.339,A1,1,9806,-58.8,-77.1,-18.3,116.72,144,15420,16808,12830,18496,923,466093667,1
2026-05-01T13:51:16.460,A1,1,9807,-58.7,-76.4,-17.7,137.09,132,16498,18096,14125,20748,974,723346399,1
2026-05-01T13:51:16.595,A1,1,9808,-59.3,-78.2,-18.9,111.86,144,16722,16108,10308,18177,932,400946362,1
2026-05-01T13:51:16.667,A1,1,9809,-58.7,-76.1,-17.4,106.62,176,17932,18765,16086,23711,1043,466135720,1
2026-05-01T13:51:16.834,A1,1,9810,-59.5,-77.2,-17.7,130.8,128,16510,16742,13348,18973,959,744011860,1
2026-05-01T13:51:16.879,A1,1,9811,-58.6,-77.8,-19.2,159.82,104,16186,16621,10518,18655,921,417059458,1
2026-05-01T13:51:17.044,A1,1,9812,-59.2,-76.3,-17.1,136.82,136,17119,18608,16350,22514,1035,477913052,1
2026-05-01T13:51:17.088,A1,1,9813,-59.1,-76.9,-17.8,113.01,156,14955,17629,13948,19003,946,463134602,1
2026-05-01T13:51:17.193,A1,1,9814,-58.4,-76.1,-17.7,166.46,100,16015,16646,12704,17947,899,482393828,1
2026-05-01T13:51:17.298,A1,1,9815,-59.4,-76.5,-17.1,163.49,104,16465,17003,16667,20844,1001,435356791,1
2026-05-01T13:51:17.432,A1,1,9816,-59.0,-76.9,-17.9,135.43,132,15952,17877,13452,19788,964,401106044,1
2026-05-01T13:51:17.509,A1,1,9817,-58.8,-76.1,-17.3,147.19,124,16787,18252,14947,21138,988,397454270,1
2026-05-01T13:51:17.600,A1,1,9818,-58.4,-76.6,-18.2,173.84,100,17363,17384,11248,19534,937,401074243,1
2026-05-01T13:51:17.717,A1,1,9819,-59.4,-77.0,-17.6,117.26,140,16588,16416,13066,18383,940,400549155,1
2026-05-01T13:51:17.838,A1,1,9820,-58.7,-76.1,-17.4,123.16,144,16859,17735,13192,19598,949,449673427,1
2026-05-01T13:51:17.959,A1,1,9821,-58.6,-76.5,-17.9,126.56,136,16877,17212,11953,18978,931,492467722,1
2026-05-01T13:51:18.084,A1,1,9822,-58.7,-75.7,-17.0,175.36,100,16830,17536,13282,18971,932,488717189,1
2026-05-01T13:51:18.167,A1,1,9823,-58.7,-75.7,-17.0,164.37,108,16296,17752,16781,21269,987,465484494,1
2026-05-01T13:51:18.258,A1,1,9824,-58.6,-76.8,-18.1,121.63,140,16597,17028,11949,18929,930,465263243,1
2026-05-01T13:51:18.408,A1,1,9825,-58.8,-76.0,-17.2,170.67,96,15166,16384,17190,19872,959,485154110,1
2026-05-01T13:51:18.529,A1,1,9826,-58.8,-75.7,-16.9,174.55,96,14312,16757,15106,17530,900,749308986,1
2026-05-01T13:51:18.618,A1,1,9827,-58.7,-76.1,-17.4,122.01,144,16700,17569,13217,19377,942,415251747,1
2026-05-01T13:51:18.707,A1,1,9828,-59.3,-78.3,-19.0,132.94,136,18618,18080,12048,23257,1053,457485894,1
2026-05-01T13:51:18.797,A1,1,9829,-58.9,-77.6,-18.7,115.17,144,16460,16585,11137,18592,931,761495695,1
2026-05-01T13:51:18.918,A1,1,9830,-59.0,-75.9,-16.9,178.73,92,13736,16443,15580,17192,897,458779534,1
2026-05-01T13:51:19.009,A1,1,9831,-59.2,-78.8,-19.6,104.16,164,18566,17082,10496,22085,1025,480682480,1
2026-05-01T13:51:19.128,A1,1,9832,-58.7,-75.6,-17.0,149.28,124,17308,18511,16538,22571,1016,735105518,1
2026-05-01T13:51:19.247,A1,1,9833,-59.3,-76.0,-16.7,177.66,104,16886,18477,16323,21625,1016,527470353,1
2026-05-01T13:51:19.368,A1,1,9834,-59.0,-75.9,-16.9,142.0,124,14975,17608,15062,18712,936,696693691,1
2026-05-01T13:51:19.459,A1,1,9835,-59.1,-76.5,-17.5,111.72,152,14268,16981,14720,18058,922,414285115,1
2026-05-01T13:51:27.560,A1,1,9836,-59.4,-79.4,-20.0,108.69,140,17310,15217,8730,18440,942,395212907,1
2026-05-01T13:51:27.678,A1,1,9837,-59.0,-76.5,-17.5,140.17,124,16901,17381,12666,19070,945,755701231,1
2026-05-01T13:51:27.767,A1,1,9838,-58.9,-76.1,-17.3,172.9,96,14383,16598,14540,17436,900,453720148,1
2026-05-01T13:51:27.929,A1,1,9839,-58.8,-75.9,-17.1,157.85,112,15091,17679,15212,19188,941,455079956,1
2026-05-01T13:51:27.978,A1,1,9840,-59.2,-78.3,-19.1,120.39,136,16596,16373,9220,17930,924,462241567,1
2026-05-01T13:51:28.074,A1,1,9841,-58.6,-76.2,-17.6,112.69,156,16589,17579,13307,19563,945,446021757,1
2026-05-01T13:51:28.188,A1,1,9842,-58.9,-76.8,-17.9,140.17,132,17658,18503,14428,22616,1025,419035967,1
2026-05-01T13:51:28.307,A1,1,9843,-59.2,-76.1,-17.0,109.57,160,17663,17531,16935,22329,1028,442161938,1
2026-05-01T13:51:28.429,A1,1,9844,-58.9,-76.0,-17.2,179.34,96,15299,17217,14174,18289,921,434960987,1
2026-05-01T13:51:28.548,A1,1,9845,-59.7,-76.8,-17.1,167.56,100,16518,16756,12815,17896,937,441859538,1
2026-05-01T13:51:28.639,A1,1,9846,-58.7,-77.7,-18.9,146.81,116,15421,17030,11419,18578,924,398842623,1
2026-05-01T13:51:28.777,A1,1,9847,-59.1,-78.2,-19.1,168.03,92,17034,15459,10578,18237,928,397614297,1
2026-05-01T13:51:28.878,A1,1,9848,-59.0,-76.9,-17.9,122.56,144,17214,17648,11931,19724,960,473599648,1
2026-05-01T13:51:28.997,A1,1,9849,-58.6,-76.1,-17.5,184.59,96,16882,17721,12941,19634,945,476126913,1
2026-05-01T13:51:29.117,A1,1,9850,-59.3,-76.6,-17.3,137.02,128,16711,17538,15442,20749,996,434984387,1
2026-05-01T13:51:29.209,A1,1,9851,-58.4,-76.7,-18.2,176.19,100,17366,17619,11712,20146,952,721438398,1
2026-05-01T13:51:29.328,A1,1,9852,-59.4,-77.1,-17.7,151.31,104,16971,15736,14087,18986,957,436403483,1
2026-05-01T13:51:29.443,A1,1,9853,-58.9,-76.8,-17.9,133.05,124,14851,16498,14314,18329,922,440973907,1
2026-05-01T13:51:29.509,A1,1,9854,-58.9,-79.0,-20.1,159.14,108,18537,17187,10033,22552,1024,455001204,1
2026-05-01T13:51:29.631,A1,1,9855,-58.7,-76.2,-17.5,106.47,172,18335,18313,15584,23434,1036,395574302,1
2026-05-01T13:51:29.718,A1,1,9856,-58.7,-76.5,-17.7,131.19,136,15950,17842,14349,20200,964,720709946,1
2026-05-01T13:51:29.807,A1,1,9857,-58.8,-77.2,-18.3,122.46,136,17962,16654,13638,21243,992,412216209,1
2026-05-01T13:51:29.958,A1,1,9858,-59.0,-77.4,-18.4,175.92,96,15145,16888,12156,17996,918,488615046,1
2026-05-01T13:51:30.079,A1,1,9859,-59.0,-76.9,-18.0,154.02,112,14211,17250,13723,18174,921,424301979,1
2026-05-01T13:51:30.276,A1,1,9860,-58.9,-76.4,-17.6,139.0,124,14009,17236,14822,18287,921,590013987,1
2026-05-01T13:51:30.283,A1,1,9861,-59.1,-76.9,-17.8,128.96,124,17030,15991,14295,19626,961,506713299,1
2026-05-01T13:51:30.377,A1,1,9862,-58.8,-77.1,-18.3,123.89,132,17624,16354,14596,21341,994,455206097,1
2026-05-01T13:51:30.468,A1,1,9863,-58.8,-76.9,-18.1,171.69,96,11562,16482,16232,17809,908,398594678,1
2026-05-01T13:51:30.588,A1,1,9864,-59.4,-78.6,-19.1,98.53,156,17394,15370,10982,18847,954,475055500,1
2026-05-01T13:51:30.708,A1,1,9865,-58.9,-76.1,-17.2,117.87,152,15418,17916,16626,20974,986,420142689,1
2026-05-01T13:51:30.828,A1,1,9866,-58.5,-75.8,-17.2,169.84,104,16580,17663,17124,22074,1001,420900639,1
2026-05-01T13:51:30.947,A1,1,9867,-58.7,-78.3,-19.7,164.57,104,16019,17115,10886,19821,952,412500290,1
2026-05-01T13:51:31.099,A1,1,9868,-59.3,-76.8,-17.5,134.58,124,16599,16688,14940,19876,974,439336727,1
2026-05-01T13:51:31.157,A1,1,9869,-59.0,-78.8,-19.8,125.44,144,16474,18064,11214,21633,1008,417198481,1
2026-05-01T13:51:31.278,A1,1,9870,-58.8,-76.1,-17.3,133.7,128,15176,17114,14661,18578,926,456459157,1
2026-05-01T13:51:31.368,A1,1,9871,-58.7,-76.3,-17.6,132.12,136,16006,17969,14612,20381,967,463358358,1
2026-05-01T13:51:31.490,A1,1,9872,-58.9,-76.5,-17.5,117.92,140,16301,16509,17688,21818,1009,745997491,1
2026-05-01T13:51:31.609,A1,1,9873,-58.8,-77.7,-18.9,182.01,92,17110,16745,9910,18871,935,519112821,1
2026-05-01T13:51:31.728,A1,1,9874,-59.0,-76.3,-17.3,114.87,144,14908,16541,14589,17849,915,446624620,1
2026-05-01T13:51:31.847,A1,1,9875,-58.8,-76.2,-17.4,190.32,88,16029,16748,12789,17848,908,498457292,1
2026-05-01T13:51:31.968,A1,1,9876,-59.0,-77.6,-18.6,174.22,96,16895,16725,9709,18129,922,452794106,1
2026-05-01T13:51:32.088,A1,1,9877,-59.4,-77.6,-18.2,120.91,136,16585,16444,11900,18388,942,480784128,1
2026-05-01T13:51:32.209,A1,1,9878,-58.5,-76.0,-17.5,170.26,100,15758,17026,13545,18441,914,475396275,1
2026-05-01T13:51:32.328,A1,1,9879,-59.0,-78.0,-19.0,174.83,96,15983,16784,10695,18411,929,481070331,1
2026-05-01T13:51:32.464,A1,1,9880,-58.9,-80.0,-21.0,154.34,104,18381,16051,8702,21882,1010,474787559,1
2026-05-01T13:51:32.537,A1,1,9881,-58.8,-76.1,-17.4,184.23,100,16729,18423,16951,22987,1029,396387166,1
2026-05-01T13:51:32.628,A1,1,9882,-58.6,-76.1,-17.5,120.55,148,14141,17842,16977,20630,968,415135397,1
2026-05-01T13:51:32.748,A1,1,9883,-59.7,-76.6,-16.9,127.12,132,16714,16780,16065,20066,994,449163662,1
2026-05-01T13:51:32.875,A1,1,9884,-58.7,-77.0,-18.3,169.44,100,16905,16944,11595,19093,937,398571393,1
2026-05-01T13:51:32.957,A1,1,9885,-58.8,-78.9,-20.1,174.88,100,15870,17488,10050,20178,965,709341826,1
2026-05-01T13:51:33.051,A1,1,9886,-58.8,-77.2,-18.4,133.79,124,15760,16590,12450,18452,924,418539297,1
2026-05-01T13:51:33.201,A1,1,9887,-58.7,-78.6,-20.0,165.19,104,15853,17180,9981,19598,947,462542459,1
2026-05-01T13:51:33.289,A1,1,9888,-58.5,-76.2,-17.7,139.57,128,17380,17865,12823,20378,959,729300823,1
2026-05-01T13:51:33.377,A1,1,9889,-58.8,-76.4,-17.5,183.73,92,12461,16903,16089,17922,911,414700898,1
2026-05-01T13:51:33.499,A1,1,9890,-58.4,-77.1,-18.6,173.86,96,15741,16691,12001,18498,913,423381462,1
2026-05-01T13:51:33.617,A1,1,9891,-58.4,-76.6,-18.2,165.68,100,15598,16568,12670,18159,903,413718501,1
2026-05-01T13:51:33.763,A1,1,9892,-58.1,-76.0,-17.9,170.91,100,15060,17091,16698,20930,959,407003380,1
2026-05-01T13:51:33.798,A1,1,9893,-58.8,-76.4,-17.6,161.02,100,17228,16102,16729,21582,997,421790606,1
2026-05-01T13:51:33.918,A1,1,9894,-58.5,-76.9,-18.3,123.33,136,16145,16773,12592,18977,927,446078675,1
2026-05-01T13:51:34.025,A1,1,9895,-58.9,-77.8,-18.9,149.9,100,17203,14990,11933,18702,933,398809190,1
2026-05-01T13:51:34.128,A1,1,9896,-58.3,-76.1,-17.7,113.5,160,15862,18160,16087,21831,988,510576851,1
2026-05-01T13:51:34.227,A1,1,9897,-58.5,-77.5,-19.0,117.7,144,15715,16949,11992,19176,933,458319220,1
2026-05-01T13:51:34.337,A1,1,9898,-58.7,-76.3,-17.6,168.85,100,13970,16885,14942,18071,910,775798614,1
2026-05-01T13:51:34.430,A1,1,9899,-58.9,-79.8,-20.9,100.11,148,17486,14816,8753,19429,951,436749108,1
2026-05-01T13:51:34.604,A1,1,9900,-58.5,-76.2,-17.7,165.38,108,16807,17861,13652,20481,962,448362381,1
2026-05-01T13:51:34.669,A1,1,9901,-59.1,-76.8,-17.7,116.94,140,16646,16372,14897,19850,968,413144742,1
2026-05-01T13:51:34.787,A1,1,9902,-58.5,-76.1,-17.6,162.18,108,16450,17515,13587,19576,941,429245840,1
2026-05-01T13:51:34.877,A1,1,9903,-58.9,-77.1,-18.2,97.92,160,15029,15667,17288,20630,981,504244862,1
2026-05-01T13:51:34.998,A1,1,9904,-58.5,-76.5,-18.0,170.2,104,17355,17701,12176,20230,956,425426818,1
2026-05-01T13:51:35.117,A1,1,9905,-58.7,-76.9,-18.2,114.74,160,17110,18359,14522,22576,1016,405736235,1
2026-05-01T13:51:35.209,A1,1,9906,-58.6,-76.3,-17.7,116.27,148,14491,17208,14990,18953,929,398386592,1
2026-05-01T13:51:35.327,A1,1,9907,-59.0,-76.3,-17.2,176.72,104,16743,18379,15857,21803,1012,761238680,1
2026-05-01T13:51:35.447,A1,1,9908,-58.4,-75.9,-17.5,162.77,108,17767,17579,16185,22628,1009,721029038,1
2026-05-01T13:51:35.538,A1,1,9909,-58.3,-76.6,-18.3,161.37,104,15933,16782,12408,18609,912,398266049,1
2026-05-01T13:51:35.657,A1,1,9910,-59.0,-78.1,-19.1,123.31,136,16843,16770,10418,19176,948,437673143,1
2026-05-01T13:51:35.780,A1,1,9911,-58.3,-76.2,-17.9,131.46,136,15833,17878,15042,20900,965,447055795,1
2026-05-01T13:51:35.898,A1,1,9912,-58.6,-76.3,-17.7,139.29,124,17058,17272,17409,23119,1028,484271613,1
2026-05-01T13:51:36.046,A1,1,9913,-58.6,-76.3,-17.7,137.85,124,15277,17093,14123,18816,926,495025424,1
2026-05-01T13:51:36.141,A1,1,9914,-58.8,-79.5,-20.7,117.05,128,17358,14982,9254,19425,948,727497784,1
2026-05-01T13:51:36.198,A1,1,9915,-58.5,-77.2,-18.7,131.38,128,16715,16816,11491,19314,935,410281336,1
2026-05-01T13:51:36.319,A1,1,9916,-58.6,-75.9,-17.3,183.95,96,15286,17659,16394,20462,967,479880492,1
2026-05-01T13:51:36.438,A1,1,9917,-59.1,-76.1,-17.0,182.79,96,16457,17548,17248,21704,1010,482615316,1
2026-05-01T13:51:36.588,A1,1,9918,-58.9,-76.3,-17.4,107.0,160,14228,17120,15073,18363,923,463308502,1
2026-05-01T13:51:36.647,A1,1,9919,-59.5,-75.8,-16.4,192.6,88,16529,16949,15311,18783,953,437785156,1
2026-05-01T13:51:36.768,A1,1,9920,-59.0,-78.6,-19.5,97.09,160,18144,15534,10312,19926,967,412191726,1
2026-05-01T13:51:36.887,A1,1,9921,-58.9,-75.4,-16.5,181.85,92,14689,16730,15057,17212,895,482678480,1
2026-05-01T13:51:37.007,A1,1,9922,-58.9,-75.9,-17.1,104.78,172,18065,18022,16609,22989,1033,404187422,1
2026-05-01T13:51:37.188,A1,1,9923,-59.2,-80.0,-20.8,157.11,96,18053,15083,8294,19959,973,431794168,1
2026-05-01T13:51:37.247,A1,1,9924,-58.9,-78.7,-19.8,177.67,96,16623,17056,9901,19903,963,438162979,1
2026-05-01T13:51:37.370,A1,1,9925,-59.0,-75.3,-16.3,187.65,88,14849,16513,15204,17035,892,482978788,1
2026-05-01T13:51:37.459,A1,1,9926,-59.1,-79.3,-20.1,103.19,164,18739,16923,9615,22353,1028,652552434,1
2026-05-01T13:51:37.589,A1,1,9927,-59.2,-78.2,-19.1,98.49,172,18374,16940,11270,21426,1007,459081310,1
2026-05-01T13:51:37.706,A1,1,9928,-59.2,-76.4,-17.2,165.14,100,13147,16514,15664,17301,905,479595575,1
2026-05-01T13:51:37.788,A1,1,9929,-59.1,-76.3,-17.3,171.34,96,13092,16449,15847,17445,906,461470259,1
2026-05-01T13:51:37.886,A1,1,9930,-58.8,-76.5,-17.8,171.87,100,16851,17187,11889,18743,929,722141187,1
2026-05-01T13:51:37.999,A1,1,9931,-59.1,-76.2,-17.1,138.16,128,16485,17685,16451,21260,1002,461194818,1
2026-05-01T13:51:38.117,A1,1,9932,-58.5,-75.7,-17.2,188.86,92,15876,17375,14088,18809,924,747378073,1
2026-05-01T13:51:38.258,A1,1,9933,-58.7,-77.9,-19.2,122.56,152,18491,18629,12435,24208,1053,389279862,1
2026-05-01T13:51:38.298,A1,1,9934,-58.7,-76.4,-17.7,144.79,116,17992,16796,14830,21428,990,458326512,1
2026-05-01T13:51:38.419,A1,1,9935,-58.4,-77.4,-18.9,125.11,132,16581,16515,11259,19031,926,493561272,1
2026-05-01T13:51:38.586,A1,1,9936,-59.0,-76.4,-17.3,169.61,100,16411,16961,16497,20901,991,400860441,1
2026-05-01T13:51:38.627,A1,1,9937,-59.0,-77.5,-18.5,159.54,96,17225,15316,11849,18410,927,398470637,1
2026-05-01T13:51:38.754,A1,1,9938,-58.8,-78.0,-19.2,145.93,120,14946,17512,11857,19247,944,435138760,1
2026-05-01T13:51:38.943,A1,1,9939,-58.3,-76.8,-18.4,107.58,160,16992,17213,11544,19598,936,452919951,1
2026-05-01T13:51:38.991,A1,1,9940,-58.5,-76.0,-17.5,167.37,108,17066,18076,13901,20741,970,720528092,1
2026-05-01T13:51:39.052,A1,1,9941,-58.6,-77.3,-18.7,128.65,140,16291,18011,12861,20963,977,462500629,1
2026-05-01T13:51:39.138,A1,1,9942,-59.1,-76.9,-17.8,186.34,88,12275,16398,16023,17641,913,523916300,1
2026-05-01T13:51:39.257,A1,1,9943,-58.8,-76.7,-17.9,109.91,160,17192,17586,12109,19740,956,449666066,1
2026-05-01T13:51:39.379,A1,1,9944,-58.8,-76.5,-17.7,107.77,172,18394,18537,15169,23623,1045,396287066,1
2026-05-01T13:51:39.499,A1,1,9945,-59.2,-76.8,-17.6,168.96,100,16607,16896,12723,18652,941,422552471,1
2026-05-01T13:51:39.618,A1,1,9946,-59.1,-79.2,-20.0,96.94,156,17408,15122,9536,18922,946,411735834,1
2026-05-01T13:51:39.737,A1,1,9947,-59.2,-78.5,-19.3,161.49,100,17978,16149,11037,20446,984,480085224,1
2026-05-01T13:51:39.873,A1,1,9948,-58.9,-76.3,-17.4,170.67,96,14734,16384,14261,17480,901,430868282,1
2026-05-01T13:51:39.947,A1,1,9949,-58.6,-76.7,-18.1,130.66,140,17076,18293,14025,21915,1000,462953701,1
2026-05-01T13:51:40.039,A1,1,9950,-59.3,-77.6,-18.3,156.51,100,16864,15651,11713,18014,929,462704753,1
2026-05-01T13:51:40.184,A1,1,9951,-58.4,-77.1,-18.7,125.54,136,16888,17073,11450,19628,939,462578895,1
2026-05-01T13:51:40.248,A1,1,9952,-58.3,-76.6,-18.4,176.28,96,16705,16923,11291,18784,914,406107223,1
2026-05-01T13:51:40.337,A1,1,9953,-58.9,-76.2,-17.3,169.25,108,16457,18279,15582,21386,996,389568548,1
2026-05-01T13:51:40.460,A1,1,9954,-58.6,-76.3,-17.7,153.58,108,15830,16587,12778,17867,902,761544741,1
2026-05-01T13:51:40.576,A1,1,9955,-59.0,-76.8,-17.8,113.11,140,17086,15835,14693,19737,963,528552741,1
2026-05-01T13:51:40.667,A1,1,9956,-58.8,-76.6,-17.8,111.72,148,13031,16534,15991,18221,918,463140328,1
2026-05-01T13:51:40.787,A1,1,9957,-59.3,-76.4,-17.1,156.24,108,16464,16874,15809,19971,977,481821060,1
2026-05-01T13:51:40.877,A1,1,9958,-59.4,-78.1,-18.7,102.39,152,17620,15563,12417,19616,971,481037798,1
2026-05-01T13:51:40.997,A1,1,9959,-58.4,-75.8,-17.4,173.63,100,16000,17363,14014,19082,927,765987374,1
2026-05-01T13:51:41.119,A1,1,9960,-58.1,-76.0,-17.9,134.57,128,16418,17225,13130,19381,924,719508004,1
2026-05-01T13:51:41.233,A1,1,9961,-59.0,-76.1,-17.2,138.28,124,13343,17147,16097,18292,924,445730119,1
2026-05-01T13:51:41.298,A1,1,9962,-59.1,-80.0,-20.9,154.99,96,17972,14879,8376,19855,968,525371698,1
2026-05-01T13:51:41.460,A1,1,9963,-59.0,-76.1,-17.1,100.14,164,17325,16423,16743,21130,996,460449707,1
2026-05-01T13:51:41.539,A1,1,9964,-58.8,-76.1,-17.3,151.79,112,16184,17000,17151,21293,993,761957054,1
2026-05-01T13:51:41.697,A1,1,9965,-59.0,-76.5,-17.5,137.63,132,17264,18167,13893,20977,991,397165079,1
2026-05-01T13:51:41.748,A1,1,9966,-58.8,-76.6,-17.8,143.59,116,14108,16656,14785,18101,914,424157501,1
2026-05-01T13:51:41.837,A1,1,9967,-59.1,-77.7,-18.6,128.32,136,18235,17451,12565,21960,1016,396799244,1
2026-05-01T13:51:42.027,A1,1,9968,-58.5,-75.6,-17.1,134.31,140,18054,18803,17045,24121,1045,749196151,1
2026-05-01T13:51:42.095,A1,1,9969,-59.1,-76.9,-17.8,174.55,96,16525,16757,12302,18380,930,395937739,1
2026-05-01T13:51:42.167,A1,1,9970,-58.7,-76.2,-17.5,170.54,100,12687,17054,16376,18362,919,461738242,1
2026-05-01T13:51:42.257,A1,1,9971,-58.7,-76.3,-17.6,117.49,148,17766,17388,15619,22163,1010,393485546,1
2026-05-01T13:51:42.422,A1,1,9972,-58.4,-78.4,-20.0,116.53,144,16384,16781,10203,19877,944,406330127,1
2026-05-01T13:51:42.468,A1,1,9973,-58.7,-77.5,-18.8,116.0,152,15156,17632,12661,19611,949,420218334,1
2026-05-01T13:51:42.589,A1,1,9974,-59.2,-76.4,-17.2,118.92,144,17367,17125,16941,22115,1024,752016788,1
2026-05-01T13:51:42.679,A1,1,9975,-59.0,-79.5,-20.5,112.51,132,17613,14851,9343,19383,954,460655586,1
2026-05-01T13:51:42.803,A1,1,9976,-58.7,-76.9,-18.2,165.94,112,18242,18585,13790,23216,1032,718634600,1
2026-05-01T13:51:42.921,A1,1,9977,-58.5,-76.5,-18.0,121.72,140,16241,17041,12840,19054,928,446505642,1
2026-05-01T13:51:42.985,A1,1,9978,-80.3,-75.5,4.7,197.13,92,16608,18136,15279,4609,968,426771734,1
2026-05-01T13:51:43.099,A1,1,9979,-58.7,-76.1,-17.4,123.8,148,18096,18322,15974,23245,1033,468129065,1
2026-05-01T13:51:43.219,A1,1,9980,-58.2,-76.0,-17.8,167.22,100,15945,16722,12912,18261,901,461533308,1
2026-05-01T13:51:43.307,A1,1,9981,-58.7,-76.7,-18.0,115.17,144,14705,16585,14255,18419,918,410992849,1
2026-05-01T13:51:43.397,A1,1,9982,-58.8,-77.6,-18.8,128.38,144,17818,18486,12988,23146,1035,397676163,1
2026-05-01T13:51:43.518,A1,1,9983,-59.1,-79.3,-20.2,124.7,148,17993,18456,10628,23877,1061,391756875,1
2026-05-01T13:51:43.696,A1,1,9984,-58.5,-76.1,-17.6,111.1,152,15692,16887,13789,18532,915,394933836,1
2026-05-01T13:51:43.731,A1,1,9985,-59.1,-79.0,-19.9,122.33,136,18348,16637,10563,21799,1015,437048058,1
2026-05-01T13:51:43.828,A1,1,9986,-58.3,-75.9,-17.7,180.61,96,16571,17339,13010,19234,926,457053530,1
2026-05-01T13:51:43.937,A1,1,9987,-58.8,-78.2,-19.3,116.51,148,15417,17243,11648,19455,949,442902919,1
2026-05-01T13:51:44.080,A1,1,9988,-59.0,-78.1,-19.1,121.84,128,17075,15595,10857,18668,935,477581426,1
2026-05-01T13:51:44.179,A1,1,9989,-58.7,-76.2,-17.5,149.84,116,14421,17382,14944,18732,926,396928411,1
2026-05-01T13:51:44.270,A1,1,9990,-58.7,-77.5,-18.8,131.97,140,17759,18476,13059,23055,1030,495264555,1
2026-05-01T13:51:44.359,A1,1,9991,-59.2,-79.7,-20.5,120.26,136,18347,16356,9698,21923,1021,477404758,1
2026-05-01T13:51:44.477,A1,1,9992,-59.4,-77.3,-17.9,110.89,152,16506,16856,13440,19344,966,491065499,1
2026-05-01T13:51:44.628,A1,1,9993,-58.9,-76.5,-17.6,137.82,120,14781,16538,14614,18153,918,432567188,1
2026-05-01T13:51:44.749,A1,1,9994,-58.8,-76.4,-17.6,126.17,132,14063,16654,15382,18315,920,390126004,1
2026-05-01T13:51:44.869,A1,1,9995,-58.7,-76.2,-17.5,160.29,112,16023,17953,14650,20352,965,443043719,1
2026-05-01T13:51:45.017,A1,1,9996,-58.8,-76.8,-18.0,145.03,124,16304,17984,13565,20438,972,437512555,1
2026-05-01T13:51:45.077,A1,1,9997,-58.6,-75.7,-17.0,172.81,108,17849,18663,16413,23177,1028,437983275,1
2026-05-01T13:51:45.197,A1,1,9998,-58.8,-76.2,-17.4,159.32,112,18036,17844,15155,22178,1012,433006366,1
2026-05-01T13:51:45.381,A1,1,9999,-58.7,-76.3,-17.6,149.22,116,15962,17309,13931,19302,940,436424315,1
2026-05-01T13:51:45.440,A1,1,10000,-58.8,-76.7,-17.9,142.15,116,15312,16489,13029,17794,906,456557607,1
2026-05-01T13:51:45.567,A1,1,10001,-58.7,-76.1,-17.4,138.72,120,14395,16646,14959,17981,909,452650566,1
2026-05-01T13:51:45.655,A1,1,10002,-58.6,-76.4,-17.7,137.89,128,16776,17650,13292,19994,955,457496227,1
2026-05-01T13:51:45.739,A1,1,10003,-58.6,-77.1,-18.5,116.9,144,16603,16834,11581,18973,931,411388433,1
2026-05-01T13:51:45.859,A1,1,10004,-59.4,-76.9,-17.6,172.9,96,16444,16598,12322,17893,928,457130324,1
2026-05-01T13:51:45.962,A1,1,10005,-59.3,-76.4,-17.1,102.6,168,16506,17237,17017,21407,1011,387460214,1
2026-05-01T13:51:46.067,A1,1,10006,-59.1,-78.1,-19.0,127.51,136,15082,17341,11493,18746,941,444794190,1
2026-05-01T13:51:46.157,A1,1,10007,-58.9,-77.6,-18.7,131.23,128,15653,16797,11909,18574,930,500459604,1
2026-05-01T13:51:46.308,A1,1,10008,-58.8,-75.6,-16.8,177.35,100,15142,17735,15578,19190,942,412791951,1
2026-05-01T13:51:46.428,A1,1,10009,-58.9,-75.9,-17.0,139.8,128,14943,17894,16746,20380,972,472958193,1
2026-05-01T13:51:46.549,A1,1,10010,-58.8,-75.8,-17.0,161.84,104,15408,16831,14108,17759,905,734868343,1
2026-05-01T13:51:46.638,A1,1,10011,-59.2,-79.8,-20.6,111.48,160,15922,17837,9821,21128,1002,411510240,1
2026-05-01T13:51:46.789,A1,1,10012,-58.5,-75.6,-17.1,169.89,100,15842,16989,13699,18093,904,445570939,1
2026-05-01T13:51:46.878,A1,1,10013,-58.9,-76.6,-17.7,114.64,144,15423,16508,13701,18036,916,495018453,1
2026-05-01T13:51:46.997,A1,1,10014,-59.3,-78.7,-19.4,128.89,144,18928,18560,11443,24270,1077,477765752,1
2026-05-01T13:51:47.088,A1,1,10015,-59.1,-80.0,-20.9,136.62,112,18151,15301,8422,20562,984,412416352,1
2026-05-01T13:51:47.208,A1,1,10016,-58.7,-78.6,-19.9,166.11,104,15760,17275,10183,19677,949,412925700,1
2026-05-01T13:51:47.330,A1,1,10017,-59.1,-76.5,-17.4,105.47,164,17797,17297,15597,21873,1014,432973530,1
2026-05-01T13:51:47.446,A1,1,10018,-57.3,-77.8,-20.5,120.99,132,16748,15971,9463,19617,905,468160362,1
2026-05-01T13:51:47.536,A1,1,10019,-59.5,-77.0,-17.5,100.04,164,16849,16406,15901,20620,1000,478706345,1
2026-05-01T13:51:47.668,A1,1,10020,-58.7,-76.0,-17.3,116.26,148,15845,17207,13867,18658,925,410278203,1
2026-05-01T13:51:47.777,A1,1,10021,-59.4,-76.1,-16.7,166.01,104,16543,17265,15108,19343,965,518755305,1
2026-05-01T13:51:47.898,A1,1,10022,-59.2,-76.8,-17.6,125.07,136,13224,17009,15400,18064,926,752295128,1
2026-05-01T13:51:47.994,A1,1,10023,-58.9,-76.9,-17.9,131.99,140,17519,18478,14252,22436,1022,516140781,1
2026-05-01T13:51:48.175,A1,1,10024,-59.3,-78.3,-19.1,158.2,96,17650,15187,10911,18855,948,391622508,1
2026-05-01T13:51:48.197,A1,1,10025,-58.9,-79.7,-20.8,151.77,108,18471,16391,8886,22120,1015,393748479,1
2026-05-01T13:51:48.286,A1,1,10026,-58.3,-75.6,-17.3,178.0,96,15085,17088,14538,18395,907,460264125,1
2026-05-01T13:51:48.378,A1,1,10027,-58.5,-75.7,-17.2,160.33,104,14907,16674,14528,17855,898,410789428,1
2026-05-01T13:51:48.563,A1,1,10028,-58.7,-75.9,-17.2,172.8,100,17411,17280,16820,22093,1007,436383546,1
2026-05-01T13:51:48.617,A1,1,10029,-59.1,-80.0,-20.9,93.08,172,18415,16010,8886,21776,1014,396058809,1
2026-05-01T13:51:48.738,A1,1,10030,-58.9,-76.5,-17.6,106.01,176,16977,18658,17552,24234,1063,405570730,1
2026-05-01T13:51:48.829,A1,1,10031,-58.8,-76.0,-17.2,173.06,108,16807,18690,17195,23168,1036,461471326,1
2026-05-01T13:51:56.930,A1,1,10032,-60.3,-80.0,-19.7,123.22,128,17269,15772,10746,19771,1005,454687912,1
2026-05-01T13:51:57.021,A1,1,10033,-58.6,-80.2,-21.6,147.47,116,15674,17107,10396,21922,1000,515255822,1
2026-05-01T13:51:57.138,A1,1,10034,-58.0,-78.6,-20.5,158.12,112,12546,17710,16257,23169,1007,453672558,1
2026-05-01T13:51:57.239,A1,1,10035,-57.8,-79.5,-21.6,146.19,112,15681,16373,11942,22343,982,436014853,1
2026-05-01T13:51:57.389,A1,1,10036,-57.5,-77.6,-20.1,122.59,144,13463,17653,16226,23152,987,524158759,1
2026-05-01T13:51:57.438,A1,1,10037,-88.8,-78.1,10.7,127.18,128,15381,16279,11274,2023,918,479170607,1
2026-05-01T13:51:57.588,A1,1,10038,-58.0,-76.4,-18.3,122.97,144,17651,17708,16320,24137,1028,408609941,1
2026-05-01T13:51:57.707,A1,1,10039,-59.0,-79.9,-21.0,179.96,84,17480,15117,8899,19910,965,474978382,1
2026-05-01T13:51:57.797,A1,1,10040,-58.8,-76.5,-17.6,194.34,88,12578,17102,16908,19011,938,438416414,1
2026-05-01T13:51:57.950,A1,1,10041,-58.9,-77.2,-18.3,180.61,88,17113,15894,14013,20032,965,468135940,1
2026-05-01T13:51:58.007,A1,1,10042,-58.7,-76.9,-18.2,146.67,112,13927,16427,14261,17951,906,437738644,1
2026-05-01T13:51:58.097,A1,1,10043,-57.9,-75.0,-17.1,168.78,104,15652,17553,15939,20069,934,394270552,1
2026-05-01T13:51:58.216,A1,1,10044,-58.0,-75.2,-17.2,189.55,80,17177,15164,15108,18876,909,416961473,1
2026-05-01T13:51:58.339,A1,1,10045,-58.4,-74.8,-16.4,210.5,80,16425,16840,13818,17608,889,456995556,1
2026-05-01T13:51:58.426,A1,1,10046,-58.0,-76.2,-18.2,191.57,88,15939,16858,12520,18693,903,410272640,1
2026-05-01T13:51:58.607,A1,1,10047,-58.0,-75.8,-17.8,201.15,84,15843,16897,12926,18345,895,439640323,1
2026-05-01T13:51:58.637,A1,1,10048,-58.7,-74.3,-15.6,121.21,140,17149,16969,13589,17138,888,472600824,1
2026-05-01T13:51:58.786,A1,1,10049,-57.9,-74.2,-16.3,205.27,88,17626,18064,16694,21555,967,464477279,1
2026-05-01T13:51:58.907,A1,1,10050,-55.9,-75.0,-19.1,215.66,76,16722,16390,11608,19436,857,466560644,1
2026-05-01T13:51:59.028,A1,1,10051,-57.0,-76.0,-19.0,196.23,92,16263,18053,14133,22383,956,738047486,1
2026-05-01T13:51:59.117,A1,1,10052,-57.5,-75.7,-18.2,212.71,84,16778,17868,13523,20973,941,455599709,1
2026-05-01T13:51:59.215,A1,1,10053,-58.8,-74.6,-15.8,207.44,84,14512,17425,16278,17672,905,476554995,1
2026-05-01T13:51:59.490,A1,1,10054,-59.2,-76.7,-17.4,125.91,136,14363,17124,13721,17467,912,437484503,1
2026-05-01T13:51:59.492,A1,1,10055,-58.4,-77.8,-19.4,201.27,84,14769,16907,13049,19616,940,714233818,1
2026-05-01T13:51:59.557,A1,1,10056,-59.0,-76.9,-17.8,107.26,140,16583,15016,12301,17019,894,758304537,1
2026-05-01T13:51:59.687,A1,1,10057,-58.0,-77.3,-19.3,202.2,84,18106,16985,9623,20516,946,765259322,1
2026-05-01T13:51:59.747,A1,1,10058,-58.5,-74.5,-16.0,183.35,92,16796,16868,13273,17148,880,441593796,1
2026-05-01T13:51:59.837,A1,1,10059,-58.6,-74.4,-15.8,241.56,72,16413,17392,13651,17286,887,717103877,1
2026-05-01T13:51:59.997,A1,1,10060,-59.2,-79.1,-19.9,135.04,116,17557,15665,9323,19344,958,716512271,1
2026-05-01T13:52:00.047,A1,1,10061,-60.4,-77.1,-16.7,109.49,176,18862,19271,14152,22367,1074,458364630,1
2026-05-01T13:52:00.167,A1,1,10062,-58.3,-76.9,-18.6,132.59,120,16776,15911,12841,19353,928,424275354,1
2026-05-01T13:52:00.284,A1,1,10063,-60.0,-83.9,-23.9,168.3,96,10804,16157,10462,19414,987,520765891,1
2026-05-01T13:52:00.396,A1,1,10064,-60.1,-84.2,-24.1,139.86,92,17894,12867,8821,22738,1072,517104976,1
2026-05-01T13:52:00.468,A1,1,10065,-61.1,-89.9,-28.8,29.27,80,14695,2342,4593,18377,997,410150999,1
2026-05-01T13:52:00.558,A1,1,10066,-63.2,-76.0,-12.8,218.54,84,14377,18357,16141,14832,963,408324150,1
2026-05-01T13:52:00.708,A1,1,10067,-62.5,-77.2,-14.8,181.11,100,14463,18111,15502,16435,989,460154679,1
2026-05-01T13:52:00.836,A1,1,10068,-63.1,-80.0,-16.9,238.06,68,17662,16188,10403,16712,1018,734976721,1
2026-05-01T13:52:00.886,A1,1,10069,-61.2,-80.4,-19.2,159.95,100,19323,15995,9551,20721,1062,459022531,1
2026-05-01T13:52:00.982,A1,1,10070,-61.6,-79.2,-17.6,174.58,108,13237,18855,17623,21657,1101,393237100,1
2026-05-01T13:52:01.066,A1,1,10071,-62.7,-84.2,-21.5,174.73,84,5566,14677,17071,18103,1047,451582327,1
2026-05-01T13:52:01.187,A1,1,10072,-64.2,-95.9,-31.7,24.82,76,8127,1886,4393,21808,1209,458988211,1
2026-05-01T13:52:01.291,A1,1,10073,-63.6,-94.8,-31.3,100.34,76,4798,7626,4863,20935,1159,387034132,1
2026-05-01T13:52:01.369,A1,1,10074,-63.3,-92.3,-29.0,117.36,64,3550,7511,8995,16802,1029,448629242,1
2026-05-01T13:52:01.513,A1,1,10075,-63.5,-91.8,-28.3,116.03,80,4242,9282,7363,15908,1008,442751978,1
2026-05-01T13:52:01.576,A1,1,10076,-63.2,-91.1,-27.9,125.32,84,1939,10527,10065,18657,1081,393489383,1
2026-05-01T13:52:01.696,A1,1,10077,-63.0,-89.2,-26.1,129.92,76,12342,9874,9751,19367,1095,429610743,1
2026-05-01T13:52:01.817,A1,1,10078,-62.1,-83.8,-21.7,156.51,84,15045,13147,11320,18057,1023,410431940,1
2026-05-01T13:52:01.919,A1,1,10079,-61.9,-83.8,-21.9,140.84,92,16928,12957,10077,19229,1049,447429927,1
2026-05-01T13:52:02.066,A1,1,10080,-61.2,-80.6,-19.4,163.63,84,17187,13745,12111,18374,1000,436936564,1
2026-05-01T13:52:02.117,A1,1,10081,-60.5,-77.9,-17.4,220.47,76,12575,16756,14972,16797,934,458863432,1
2026-05-01T13:52:02.206,A1,1,10082,-62.6,-81.2,-18.6,224.2,80,15381,17936,11049,18814,1063,459459607,1
2026-05-01T13:52:02.385,A1,1,10083,-63.7,-86.8,-23.0,149.7,112,12756,16766,14447,24458,1261,432613249,1
2026-05-01T13:52:02.416,A1,1,10084,-62.6,-77.1,-14.6,170.89,104,16050,17773,15701,17108,1012,440909840,1
2026-05-01T13:52:02.508,A1,1,10085,-62.0,-78.4,-16.4,184.75,92,13523,16997,13428,15406,942,520328010,1
2026-05-01T13:52:02.658,A1,1,10086,-61.3,-77.2,-15.9,209.09,80,14544,16727,12729,14957,907,449679667,1
2026-05-01T13:52:02.741,A1,1,10087,-60.8,-78.7,-17.9,134.41,128,10402,17204,16014,17330,960,392785154,1
2026-05-01T13:52:02.806,A1,1,10088,-63.3,-87.2,-23.9,160.23,112,6578,17946,16070,24773,1249,391693025,1
2026-05-01T13:52:02.950,A1,1,10089,-64.1,-90.1,-25.9,118.98,112,3023,13326,15582,27518,1356,389837929,1
2026-05-01T13:52:03.016,A1,1,10090,-63.7,-89.6,-25.8,105.07,132,7208,13869,15314,27973,1347,412958672,1
2026-05-01T13:52:03.137,A1,1,10091,-64.2,-89.9,-25.7,107.79,108,4046,11641,16856,26651,1336,414323465,1
2026-05-01T13:52:03.227,A1,1,10092,-63.8,-89.3,-25.5,133.48,124,4172,16552,17366,32453,1457,386086823,1
2026-05-01T13:52:03.350,A1,1,10093,-63.0,-89.4,-26.4,117.89,108,3898,12732,15761,25166,1246,408616817,1
2026-05-01T13:52:03.437,A1,1,10094,-61.0,-84.8,-23.8,163.71,104,12187,17026,12482,23396,1122,409528841,1
2026-05-01T13:52:03.530,A1,1,10095,-61.2,-84.6,-23.4,147.95,104,13827,15387,10496,20611,1061,457222424,1
2026-05-01T13:52:03.648,A1,1,10096,-62.8,-92.4,-29.5,95.91,100,3142,9591,7758,19197,1083,439230963,1
2026-05-01T13:52:03.750,A1,1,10097,-61.9,-82.5,-20.6,171.09,92,10544,15740,15696,19148,1048,412400382,1
2026-05-01T13:52:03.898,A1,1,10098,-62.6,-79.9,-17.3,187.09,96,18526,17961,13296,21195,1130,718837928,1
2026-05-01T13:52:03.947,A1,1,10099,-61.9,-83.7,-21.8,201.3,88,11476,17714,14576,22596,1138,421322091,1
2026-05-01T13:52:04.066,A1,1,10100,-63.2,-86.8,-23.7,182.08,84,3647,15295,14753,18208,1066,429132166,1
2026-05-01T13:52:04.187,A1,1,10101,-62.9,-86.0,-23.1,199.08,88,12342,17519,12783,23420,1199,451887078,1
2026-05-01T13:52:04.306,A1,1,10102,-62.5,-89.7,-27.2,141.39,88,2985,12442,12677,21310,1127,393570758,1
2026-05-01T13:52:04.426,A1,1,10103,-62.8,-85.8,-23.0,165.79,104,13152,17242,10911,22096,1158,484643704,1
2026-05-01T13:52:04.550,A1,1,10104,-62.8,-88.8,-26.0,151.52,108,8348,16364,10538,23453,1196,469180106,1
2026-05-01T13:52:04.637,A1,1,10105,-63.3,-88.1,-24.8,135.17,96,4988,12976,16046,19340,1103,410915166,1
2026-05-01T13:52:04.728,A1,1,10106,-62.0,-82.2,-20.2,188.51,92,11357,17343,14483,19668,1066,717061775,1
2026-05-01T13:52:04.852,A1,1,10107,-62.5,-89.1,-26.6,131.18,88,4538,11544,14035,20084,1096,394705726,1
2026-05-01T13:52:04.967,A1,1,10108,-62.4,-88.5,-26.1,135.31,124,9338,16778,12996,26853,1259,743037486,1
2026-05-01T13:52:05.056,A1,1,10109,-63.0,-87.6,-24.6,164.79,92,7629,15161,13644,19842,1106,762636495,1
2026-05-01T13:52:05.206,A1,1,10110,-63.3,-88.7,-25.4,153.55,108,5759,16583,12713,23070,1206,448643976,1
2026-05-01T13:52:05.299,A1,1,10111,-62.9,-85.5,-22.6,172.71,104,12465,17962,12568,23146,1190,433759026,1
2026-05-01T13:52:05.387,A1,1,10112,-63.1,-89.5,-26.5,168.34,80,1147,13467,12499,20615,1131,502802053,1
2026-05-01T13:52:05.516,A1,1,10113,-62.5,-88.2,-25.7,173.65,80,1126,13892,16234,21282,1126,499704848,1
2026-05-01T13:52:05.627,A1,1,10114,-63.2,-86.1,-22.9,173.47,88,7404,15265,16773,21062,1148,481100431,1
2026-05-01T13:52:05.717,A1,1,10115,-63.4,-86.4,-23.0,188.9,88,12787,16623,10506,20533,1143,741185932,1
2026-05-01T13:52:05.836,A1,1,10116,-63.3,-87.8,-24.6,191.51,84,9117,16087,11115,19365,1104,669360676,1
2026-05-01T13:52:06.019,A1,1,10117,-62.4,-85.3,-22.9,209.9,80,9723,16792,12057,19357,1070,763846637,1
2026-05-01T13:52:06.050,A1,1,10118,-63.6,-88.6,-25.0,135.32,92,4470,12449,16380,21070,1164,435152329,1
2026-05-01T13:52:06.136,A1,1,10119,-64.3,-88.2,-23.9,193.81,88,8557,17055,12620,21697,1210,664082163,1
2026-05-01T13:52:06.260,A1,1,10120,-62.6,-85.7,-23.1,189.83,88,7692,16705,16943,23495,1188,450495563,1
2026-05-01T13:52:06.376,A1,1,10121,-63.4,-87.9,-24.5,174.75,96,6208,16776,13253,20493,1142,419241130,1
2026-05-01T13:52:06.497,A1,1,10122,-62.9,-88.5,-25.6,123.92,108,1585,13383,17443,23410,1196,434467828,1
2026-05-01T13:52:06.616,A1,1,10123,-63.2,-88.1,-25.0,174.33,96,5323,16736,14453,22698,1190,412190514,1
2026-05-01T13:52:06.737,A1,1,10124,-63.2,-88.7,-25.4,118.22,120,3919,14186,17964,26489,1289,410788452,1
2026-05-01T13:52:06.880,A1,1,10125,-63.9,-88.6,-24.7,173.08,96,4900,16616,16879,26862,1328,406042666,1
2026-05-01T13:52:06.995,A1,1,10126,-62.9,-88.3,-25.4,170.12,100,4436,17012,14615,24100,1217,441986927,1
2026-05-01T13:52:07.066,A1,1,10127,-62.9,-88.1,-25.2,185.41,88,4609,16316,16217,24395,1221,457827640,1
2026-05-01T13:52:07.156,A1,1,10128,-62.4,-88.4,-26.0,150.18,92,4216,13817,15325,21910,1139,430714715,1
2026-05-01T13:52:07.333,A1,1,10129,-63.3,-88.6,-25.3,162.88,100,6533,16288,12624,22410,1189,733436399,1
2026-05-01T13:52:07.369,A1,1,10130,-62.9,-88.2,-25.4,159.9,104,9584,16630,11219,22585,1176,391419831,1
2026-05-01T13:52:07.488,A1,1,10131,-63.0,-88.9,-25.9,161.22,96,9156,15477,9335,21422,1150,457255567,1
2026-05-01T13:52:07.619,A1,1,10132,-63.2,-88.5,-25.3,142.55,104,5241,14825,16709,24819,1247,463010090,1
2026-05-01T13:52:07.698,A1,1,10133,-63.1,-88.2,-25.1,133.35,112,5182,14935,17044,24279,1228,457568081,1
2026-05-01T13:52:07.788,A1,1,10134,-62.3,-88.0,-25.7,163.92,104,6647,17048,13822,23708,1182,457527179,1
2026-05-01T13:52:07.908,A1,1,10135,-63.1,-88.0,-25.0,198.33,84,9358,16660,10960,20880,1138,457013927,1
2026-05-01T13:52:08.027,A1,1,10136,-63.4,-87.7,-24.3,168.77,100,8979,16877,12236,21084,1157,422213049,1
2026-05-01T13:52:08.146,A1,1,10137,-63.1,-88.4,-25.3,138.94,112,3330,15561,17468,25994,1269,406242384,1
2026-05-01T13:52:08.292,A1,1,10138,-62.5,-89.1,-26.6,122.64,88,2787,10792,15479,20684,1110,475797980,1
2026-05-01T13:52:08.357,A1,1,10139,-62.8,-89.1,-26.3,108.82,100,3882,10882,15864,21527,1146,394390380,1
2026-05-01T13:52:08.477,A1,1,10140,-63.0,-89.1,-26.1,136.62,100,3050,13662,14192,21891,1162,435419586,1
2026-05-01T13:52:08.597,A1,1,10141,-62.4,-89.0,-26.7,114.94,108,3010,12414,14011,20419,1098,392190862,1
2026-05-01T13:52:08.695,A1,1,10142,-62.5,-88.9,-26.4,115.65,100,5265,11565,17130,24874,1220,440403427,1
2026-05-01T13:52:08.807,A1,1,10143,-63.1,-88.4,-25.3,143.06,116,9548,16595,10478,22473,1182,523351780,1
2026-05-01T13:52:08.898,A1,1,10144,-62.7,-88.5,-25.7,146.53,120,7918,17584,11816,24900,1228,446730614,1
2026-05-01T13:52:09.016,A1,1,10145,-63.1,-88.7,-25.7,126.59,112,5168,14178,17729,27329,1302,430328409,1
2026-05-01T13:52:09.175,A1,1,10146,-62.8,-88.5,-25.7,165.51,100,8480,16551,12338,24478,1222,404756785,1
2026-05-01T13:52:09.227,A1,1,10147,-63.2,-88.2,-25.0,151.99,112,5204,17023,14687,23505,1213,420848945,1
2026-05-01T13:52:09.392,A1,1,10148,-63.6,-88.5,-24.9,123.1,104,5337,12802,17442,23043,1218,759595790,1
2026-05-01T13:52:09.534,A1,1,10149,-63.2,-88.9,-25.7,146.0,88,3676,12848,13379,18710,1082,387455467,1
2026-05-01T13:52:09.556,A1,1,10150,-63.3,-89.1,-25.7,138.24,92,3259,12718,13492,19049,1097,396063886,1
2026-05-01T13:52:09.676,A1,1,10151,-63.2,-89.5,-26.3,129.31,88,2332,11379,13710,19361,1101,388255739,1
2026-05-01T13:52:09.828,A1,1,10152,-63.2,-88.7,-25.4,111.88,112,5828,12531,18006,25349,1261,432839568,1
2026-05-01T13:52:09.918,A1,1,10153,-63.5,-88.8,-25.3,165.26,96,8533,15865,9963,21189,1164,408413922,1
2026-05-01T13:52:10.038,A1,1,10154,-62.2,-88.5,-26.3,137.02,96,6294,13154,13756,20344,1089,516123166,1
2026-05-01T13:52:10.129,A1,1,10155,-64.1,-86.7,-22.6,194.88,88,8701,17149,12597,19220,1130,474456700,1
2026-05-01T13:52:10.268,A1,1,10156,-62.5,-88.0,-25.6,182.84,92,5431,16821,14922,24058,1197,407797528,1
2026-05-01T13:52:10.337,A1,1,10157,-62.5,-88.0,-25.5,138.0,92,5376,12696,15108,18563,1053,444667786,1
2026-05-01T13:52:10.399,A1,1,10158,-62.0,-88.3,-26.3,162.59,96,12978,15609,9322,24492,1189,715858140,1
2026-05-01T13:52:10.518,A1,1,10159,-62.4,-85.5,-23.1,196.08,76,9186,14902,16755,22025,1144,450805792,1
2026-05-01T13:52:10.648,A1,1,10160,-62.8,-86.6,-23.9,198.14,80,12322,15851,9870,19851,1098,455775455,1
2026-05-01T13:52:10.727,A1,1,10161,-62.5,-86.2,-23.7,192.28,88,7710,16921,13550,20745,1112,484096239,1
2026-05-01T13:52:10.816,A1,1,10162,-62.4,-87.5,-25.1,156.8,100,9523,15680,10099,18986,1061,490232985,1
2026-05-01T13:52:10.937,A1,1,10163,-63.5,-87.1,-23.6,210.93,80,5818,16874,14449,20487,1146,724299443,1
2026-05-01T13:52:11.028,A1,1,10164,-62.5,-86.7,-24.2,179.03,92,11782,16471,9561,20363,1101,480277248,1
2026-05-01T13:52:11.151,A1,1,10165,-62.8,-88.0,-25.3,172.01,84,8967,14449,11329,18269,1053,408295670,1
2026-05-01T13:52:11.267,A1,1,10166,-62.8,-86.6,-23.8,176.38,76,8373,13405,13076,16598,1007,429272906,1
2026-05-01T13:52:11.358,A1,1,10167,-63.4,-87.3,-24.0,194.89,88,8038,17150,14084,22229,1187,488209373,1
2026-05-01T13:52:11.555,A1,1,10168,-62.4,-88.7,-26.4,161.58,96,8840,15512,11821,24389,1201,428240867,1
2026-05-01T13:52:11.599,A1,1,10169,-62.1,-88.9,-26.8,143.27,100,8752,14327,10218,21716,1121,462415524,1
2026-05-01T13:52:11.717,A1,1,10170,-62.8,-87.9,-25.1,158.16,116,10875,18347,11473,25324,1241,458666728,1
2026-05-01T13:52:11.873,A1,1,10171,-63.5,-86.1,-22.6,190.99,88,10919,16807,11427,19338,1110,468965379,1
2026-05-01T13:52:11.928,A1,1,10172,-63.5,-87.8,-24.2,170.56,96,7034,16374,13280,20057,1134,460456071,1
2026-05-01T13:52:12.076,A1,1,10173,-61.7,-88.3,-26.6,151.79,104,4311,15786,16058,26496,1223,705691602,1
2026-05-01T13:52:12.167,A1,1,10174,-62.3,-89.2,-26.9,154.51,84,4004,12979,14105,22668,1153,435348863,1
2026-05-01T13:52:12.335,A1,1,10175,-62.7,-88.3,-25.6,176.34,100,5981,17634,14613,26162,1258,419453756,1
2026-05-01T13:52:12.377,A1,1,10176,-61.9,-88.2,-26.3,187.95,84,9941,15788,9420,21322,1106,408980100,1
2026-05-01T13:52:12.468,A1,1,10177,-62.6,-89.2,-26.6,154.27,84,3044,12959,12198,18912,1065,633425805,1
2026-05-01T13:52:20.672,A1,1,10178,-63.4,-88.6,-25.1,161.86,92,4502,14891,14323,21192,1160,411133218,1
2026-05-01T13:52:20.747,A1,1,10179,-60.8,-88.9,-28.1,120.17,108,5834,12978,12838,22730,1099,395324302,1
2026-05-01T13:52:20.868,A1,1,10180,-62.2,-88.4,-26.3,150.14,112,9036,16816,10576,23956,1182,445548664,1
2026-05-01T13:52:20.988,A1,1,10181,-63.2,-88.6,-25.5,156.0,104,12931,16224,10187,26179,1279,718230115,1
2026-05-01T13:52:21.091,A1,1,10182,-63.7,-88.1,-24.5,176.83,96,6533,16976,13110,21340,1174,764980279,1
2026-05-01T13:52:21.167,A1,1,10183,-63.1,-88.0,-24.9,178.77,96,7874,17162,12464,21789,1164,437763714,1
2026-05-01T13:52:21.288,A1,1,10184,-63.2,-88.1,-24.9,169.71,100,5815,16971,14856,23495,1211,411309406,1
2026-05-01T13:52:21.407,A1,1,10185,-61.8,-88.6,-26.9,136.49,120,2389,16379,15854,28460,1271,467075318,1
2026-05-01T13:52:21.528,A1,1,10186,-62.5,-89.4,-26.9,124.0,104,4181,12896,12989,21608,1134,407629859,1
2026-05-01T13:52:21.680,A1,1,10187,-63.3,-88.1,-24.8,162.53,112,11108,18203,11297,24880,1253,417369146,1
2026-05-01T13:52:21.768,A1,1,10188,-63.2,-88.2,-25.0,157.81,108,5672,17043,15768,25306,1260,425199943,1
2026-05-01T13:52:21.886,A1,1,10189,-63.1,-88.9,-25.9,145.33,104,10078,15114,10444,23312,1202,417546876,1
2026-05-01T13:52:22.006,A1,1,10190,-63.0,-88.4,-25.4,153.29,112,5798,17169,14094,24899,1240,468955727,1
2026-05-01T13:52:22.126,A1,1,10191,-63.2,-88.5,-25.3,161.61,112,9596,18100,12194,26785,1294,756017449,1
2026-05-01T13:52:22.246,A1,1,10192,-62.5,-88.3,-25.8,135.61,104,4034,14103,14679,20538,1108,432184082,1
2026-05-01T13:52:22.349,A1,1,10193,-62.9,-88.3,-25.3,157.02,108,10872,16958,9877,22988,1189,519704313,1
2026-05-01T13:52:22.456,A1,1,10194,-62.7,-89.0,-26.3,102.83,112,3134,11517,16675,23200,1185,493161902,1
2026-05-01T13:52:22.577,A1,1,10195,-62.6,-88.6,-26.1,118.14,104,2600,12287,17156,23113,1177,436148413,1
2026-05-01T13:52:22.726,A1,1,10196,-62.9,-88.2,-25.4,173.26,100,5815,17326,14742,25229,1242,487201542,1
2026-05-01T13:52:22.859,A1,1,10197,-63.6,-88.5,-24.9,158.0,104,4452,16432,14831,23516,1229,727885773,1
2026-05-01T13:52:22.937,A1,1,10198,-62.9,-88.9,-26.0,109.79,112,2644,12297,16911,23786,1209,392035915,1
2026-05-01T13:52:23.060,A1,1,10199,-63.6,-88.5,-24.9,144.05,116,5128,16710,14399,23899,1241,475732370,1
2026-05-01T13:52:23.146,A1,1,10200,-62.7,-88.8,-26.1,157.95,108,8835,17059,10775,25543,1244,407336504,1
2026-05-01T13:52:23.266,A1,1,10201,-63.4,-89.4,-26.0,139.65,96,3998,13406,13034,21145,1157,675999593,1
2026-05-01T13:52:23.360,A1,1,10202,-63.0,-88.4,-25.5,152.72,112,7707,17105,11778,23334,1200,473000521,1
2026-05-01T13:52:23.478,A1,1,10203,-62.8,-88.8,-26.0,136.39,108,1015,14730,16398,25281,1240,714162116,1
2026-05-01T13:52:23.568,A1,1,10204,-63.5,-88.2,-24.7,165.33,100,7763,16533,12688,21537,1175,461458822,1
2026-05-01T13:52:23.657,A1,1,10205,-79.7,-88.7,-9.0,111.65,112,1916,12505,17168,7295,1195,455494250,1
2026-05-01T13:52:23.779,A1,1,10206,-63.1,-89.4,-26.3,102.43,100,2932,10243,15470,20706,1135,454729344,1
2026-05-01T13:52:23.896,A1,1,10207,-62.5,-88.4,-25.9,159.88,108,6701,17267,13530,25787,1240,436242607,1
2026-05-01T13:52:24.028,A1,1,10208,-63.3,-88.8,-25.5,132.29,112,1459,14816,16544,24808,1251,464408426,1
2026-05-01T13:52:24.109,A1,1,10209,-62.9,-88.4,-25.5,147.93,116,3893,17160,14859,25192,1242,391479609,1
2026-05-01T13:52:24.226,A1,1,10210,-62.1,-88.8,-26.7,142.84,116,3662,16570,14410,27067,1251,431982065,1
2026-05-01T13:52:24.346,A1,1,10211,-62.2,-89.3,-27.1,126.94,100,2053,12694,14242,22698,1151,442280628,1
2026-05-01T13:52:24.468,A1,1,10212,-62.5,-88.7,-26.2,157.53,100,3892,15753,14351,24358,1205,415766770,1
2026-05-01T13:52:24.588,A1,1,10213,-62.4,-89.2,-26.8,141.69,108,2313,15302,13990,25428,1226,492581860,1
2026-05-01T13:52:24.677,A1,1,10214,-62.3,-88.5,-26.2,155.93,112,7661,17464,11967,25422,1221,390300193,1
2026-05-01T13:52:24.766,A1,1,10215,-62.4,-89.0,-26.5,113.77,112,4151,12742,16808,25815,1238,389256256,1
2026-05-01T13:52:24.886,A1,1,10216,-62.3,-88.4,-26.1,148.99,116,8914,17283,10582,24254,1196,409585294,1
2026-05-01T13:52:25.007,A1,1,10217,-62.4,-89.1,-26.8,150.79,100,10297,15079,8923,24096,1193,447690827,1
2026-05-01T13:52:25.127,A1,1,10218,-61.8,-89.4,-27.6,89.94,116,3930,10433,15382,23098,1144,425642349,1
2026-05-01T13:52:25.278,A1,1,10219,-62.4,-89.0,-26.5,137.34,108,4352,14833,13487,23417,1179,739727666,1
2026-05-01T13:52:25.367,A1,1,10220,-62.2,-88.6,-26.3,168.0,100,6015,16800,12515,24495,1197,428187657,1
2026-05-01T13:52:25.457,A1,1,10221,-62.3,-88.7,-26.4,130.76,112,2809,14645,17015,27343,1268,390542614,1
2026-05-01T13:52:25.580,A1,1,10222,-62.1,-89.2,-27.1,128.82,116,2485,14943,13567,24822,1200,403467180,1
2026-05-01T13:52:25.668,A1,1,10223,-62.0,-88.8,-26.8,134.69,128,8326,17240,11635,27582,1261,437338775,1
2026-05-01T13:52:25.757,A1,1,10224,-61.1,-88.7,-27.6,145.52,104,4994,15134,13258,24536,1153,463566265,1
2026-05-01T13:52:25.879,A1,1,10225,-61.3,-88.2,-26.9,149.34,116,7585,17323,12517,26208,1199,390609710,1
2026-05-01T13:52:25.997,A1,1,10226,-61.3,-88.6,-27.3,154.62,112,8495,17317,11918,28444,1251,446651369,1
2026-05-01T13:52:26.086,A1,1,10227,-62.3,-88.5,-26.2,147.94,112,8916,16569,10542,23368,1171,482229362,1
2026-05-01T13:52:26.258,A1,1,10228,-62.2,-88.6,-26.4,145.55,124,9229,18048,11356,28190,1285,426526065,1
2026-05-01T13:52:26.327,A1,1,10229,-62.1,-88.6,-26.5,142.24,120,4941,17069,13254,25647,1218,406803510,1
2026-05-01T13:52:26.447,A1,1,10230,-61.7,-88.7,-27.0,129.12,120,1550,15494,16499,28392,1265,723298556,1
2026-05-01T13:52:26.567,A1,1,10231,-62.5,-89.5,-27.0,131.19,108,2648,14168,13168,23959,1196,429038503,1
2026-05-01T13:52:26.686,A1,1,10232,-62.6,-88.9,-26.3,148.19,108,7598,16004,10249,22652,1165,403658874,1
2026-05-01T13:52:26.785,A1,1,10233,-62.0,-88.5,-26.5,153.59,112,6274,17202,13085,25936,1222,401144683,1
2026-05-01T13:52:27.016,A1,1,10234,-62.0,-89.4,-27.5,116.03,124,2099,14388,13077,24600,1189,500764216,1
2026-05-01T13:52:27.017,A1,1,10235,-62.6,-89.5,-26.9,116.26,104,2937,12091,14963,23541,1189,493706100,1
2026-05-01T13:52:27.137,A1,1,10236,-62.6,-88.8,-26.2,131.68,120,1490,15802,17125,28676,1311,390809290,1
2026-05-01T13:52:27.240,A1,1,10237,-62.2,-88.6,-26.4,150.41,116,7607,17448,12269,26771,1251,701072243,1
2026-05-01T13:52:27.318,A1,1,10238,-62.4,-88.4,-26.0,154.46,112,7263,17300,12091,24341,1200,455672546,1
2026-05-01T13:52:27.437,A1,1,10239,-62.3,-88.9,-26.5,80.47,116,7141,9334,15562,20897,1110,434719862,1
2026-05-01T13:52:27.527,A1,1,10240,-62.3,-88.5,-26.2,144.78,112,4665,16215,12896,22949,1162,393252591,1
2026-05-01T13:52:27.648,A1,1,10241,-62.6,-88.4,-25.7,148.29,112,7168,16608,11822,22321,1158,495770372,1
2026-05-01T13:52:27.767,A1,1,10242,-62.5,-88.4,-25.9,171.18,96,7579,16433,11868,22988,1171,421584741,1
2026-05-01T13:52:27.889,A1,1,10243,-61.5,-88.4,-26.9,145.28,116,6132,16852,13272,25905,1199,453011871,1
2026-05-01T13:52:28.021,A1,1,10244,-61.8,-88.3,-26.5,165.3,108,7458,17852,12621,26644,1231,426017739,1
2026-05-01T13:52:28.169,A1,1,10245,-62.3,-88.5,-26.2,149.53,112,3109,16747,15750,27293,1268,397106021,1
2026-05-01T13:52:28.200,A1,1,10246,-61.6,-88.4,-26.8,152.7,108,2927,16492,15805,27486,1241,455586774,1
2026-05-01T13:52:28.308,A1,1,10247,-62.4,-88.7,-26.3,136.97,104,2428,14245,15693,23827,1188,474727483,1
2026-05-01T13:52:28.397,A1,1,10248,-62.4,-88.4,-25.9,152.04,100,7245,15204,9977,18577,1050,390939196,1
2026-05-01T13:52:28.518,A1,1,10249,-62.3,-89.1,-26.8,133.47,104,3324,13881,13531,22459,1148,406260982,1
2026-05-01T13:52:28.606,A1,1,10250,-61.4,-88.5,-27.1,138.89,124,9010,17222,10927,26473,1210,407624625,1
2026-05-01T13:52:28.728,A1,1,10251,-61.7,-89.1,-27.4,136.24,100,2018,13624,13671,22691,1131,437675186,1
2026-05-01T13:52:28.848,A1,1,10252,-61.9,-88.3,-26.4,150.97,116,8418,17513,11258,25169,1202,470225362,1
2026-05-01T13:52:28.937,A1,1,10253,-61.3,-88.6,-27.3,131.84,112,4844,14766,11273,20528,1063,457874587,1
2026-05-01T13:52:29.056,A1,1,10254,-62.0,-88.3,-26.3,152.51,100,7294,15251,10063,19016,1048,447864189,1
2026-05-01T13:52:29.176,A1,1,10255,-61.8,-88.2,-26.4,163.35,100,8348,16335,10950,22326,1128,491785014,1
2026-05-01T13:52:29.266,A1,1,10256,-61.6,-88.4,-26.8,149.6,100,5186,14960,11449,19907,1057,410926307,1
2026-05-01T13:52:29.388,A1,1,10257,-61.9,-88.6,-26.7,149.02,116,9008,17286,10819,26457,1231,454873392,1
2026-05-01T13:52:29.482,A1,1,10258,-62.0,-88.5,-26.5,136.85,124,3882,16969,14436,26388,1234,712975847,1
2026-05-01T13:52:29.566,A1,1,10259,-61.3,-88.2,-26.9,173.27,92,8559,15941,10241,21677,1089,455231618,1
2026-05-01T13:52:29.713,A1,1,10260,-62.0,-89.1,-27.1,139.72,100,5241,13972,11828,21677,1118,700907109,1
2026-05-01T13:52:29.778,A1,1,10261,-61.9,-88.6,-26.7,102.62,104,7131,10673,16970,23859,1167,390671061,1
2026-05-01T13:52:29.898,A1,1,10262,-62.2,-88.6,-26.3,157.96,108,10060,17060,9838,25164,1213,473552697,1
2026-05-01T13:52:30.017,A1,1,10263,-62.0,-88.5,-26.5,154.57,116,6722,17930,12438,26860,1243,409682537,1
2026-05-01T13:52:30.138,A1,1,10264,-62.0,-89.0,-27.0,158.7,88,4002,13966,11023,19296,1053,445403490,1
2026-05-01T13:52:30.227,A1,1,10265,-61.4,-88.5,-27.1,135.35,112,4741,15159,13672,23507,1139,437085737,1
2026-05-01T13:52:30.358,A1,1,10266,-61.3,-88.6,-27.3,119.19,108,3867,12872,16274,24694,1165,390610752,1
2026-05-01T13:52:30.468,A1,1,10267,-62.0,-88.3,-26.3,166.14,88,4204,14620,12222,18913,1045,466308452,1
2026-05-01T13:52:30.586,A1,1,10268,-62.3,-89.1,-26.8,122.89,100,4274,12289,15206,23237,1171,728633697,1
2026-05-01T13:52:30.677,A1,1,10269,-61.7,-88.5,-26.8,135.48,88,5553,11922,15886,22547,1127,387447195,1
2026-05-01T13:52:30.768,A1,1,10270,-61.1,-88.1,-27.0,140.25,108,8318,15147,9939,20085,1043,387589532,1
2026-05-01T13:52:30.894,A1,1,10271,-61.4,-88.1,-26.7,149.64,100,8677,14964,9039,18593,1015,454751501,1
2026-05-01T13:52:30.976,A1,1,10272,-61.8,-88.5,-26.8,134.65,108,3721,14542,14228,22596,1132,720881904,1
2026-05-01T13:52:31.067,A1,1,10273,-61.4,-88.9,-27.5,123.85,100,5870,12385,14761,23939,1152,436636485,1
2026-05-01T13:52:31.186,A1,1,10274,-62.2,-88.3,-26.0,166.9,88,5421,14687,11436,17994,1027,415793861,1
2026-05-01T13:52:31.306,A1,1,10275,-62.0,-88.4,-26.4,150.74,92,3707,13868,14071,20546,1088,629677553,1
2026-05-01T13:52:31.427,A1,1,10276,-61.9,-88.4,-26.5,150.49,104,9283,15651,9135,21041,1098,711643066,1
2026-05-01T13:52:31.522,A1,1,10277,-61.3,-88.3,-27.0,156.47,104,7900,16273,10559,22505,1111,449083043,1
2026-05-01T13:52:31.608,A1,1,10278,-61.5,-88.7,-27.2,139.7,116,8879,16205,11623,26572,1215,404927718,1
2026-05-01T13:52:31.696,A1,1,10279,-61.8,-88.7,-26.9,109.72,112,7579,12289,16507,26300,1223,403784761,1
2026-05-01T13:52:31.818,A1,1,10280,-61.7,-88.2,-26.5,151.38,92,4200,13927,13796,19852,1059,391310776,1
2026-05-01T13:52:31.937,A1,1,10281,-61.9,-88.4,-26.5,142.36,96,4528,13667,13899,20161,1073,414799457,1
2026-05-01T13:52:32.057,A1,1,10282,-61.9,-88.7,-26.9,136.91,112,12012,15334,9076,25388,1204,715335731,1
2026-05-01T13:52:32.177,A1,1,10283,-62.2,-88.8,-26.6,162.55,100,6341,16255,12393,25093,1211,427808494,1
2026-05-01T13:52:32.296,A1,1,10284,-61.6,-88.2,-26.6,142.86,100,5470,14286,15614,23820,1157,417664316,1
2026-05-01T13:52:32.418,A1,1,10285,-62.0,-88.8,-26.8,126.46,100,5814,12646,15262,23601,1168,503413114,1
2026-05-01T13:52:32.536,A1,1,10286,-62.4,-88.2,-25.8,187.96,96,10085,18044,11643,26368,1248,408368971,1
2026-05-01T13:52:32.630,A1,1,10287,-61.4,-88.1,-26.8,130.39,112,6158,14604,16317,25589,1188,450027870,1
2026-05-01T13:52:32.762,A1,1,10288,-61.9,-88.2,-26.3,187.28,88,8667,16481,10568,22310,1129,455121954,1
2026-05-01T13:52:32.869,A1,1,10289,-62.4,-88.9,-26.5,129.66,100,5280,12966,13950,21557,1128,498103998,1
2026-05-01T13:52:32.986,A1,1,10290,-61.8,-88.1,-26.3,193.48,84,7824,16252,11974,22516,1132,473062695,1
2026-05-01T13:52:33.166,A1,1,10291,-61.8,-89.1,-27.3,109.19,108,5523,11792,15004,23675,1159,402407072,1
2026-05-01T13:52:33.199,A1,1,10292,-61.4,-88.5,-27.1,146.51,100,5047,14651,15975,26560,1213,710689940,1
2026-05-01T13:52:33.317,A1,1,10293,-61.9,-88.1,-26.2,161.93,104,8774,16841,11736,23760,1167,439029578,1
2026-05-01T13:52:33.406,A1,1,10294,-62.9,-88.5,-25.6,164.72,92,5465,15154,13152,20951,1135,437118382,1
2026-05-01T13:52:33.558,A1,1,10295,-63.1,-88.2,-25.1,187.6,88,5791,16509,14002,22576,1184,729647386,1
2026-05-01T13:52:33.646,A1,1,10296,-63.1,-88.5,-25.4,127.58,132,2006,16841,17051,27831,1316,716589387,1
2026-05-01T13:52:33.766,A1,1,10297,-62.6,-88.8,-26.3,140.62,104,1791,14624,13511,21350,1131,686520701,1
2026-05-01T13:52:33.886,A1,1,10298,-62.7,-87.9,-25.2,152.06,112,3778,17031,17524,26672,1269,455110588,1
2026-05-01T13:52:34.054,A1,1,10299,-64.0,-85.7,-21.7,206.98,84,12643,17386,10596,19583,1139,730526921,1
2026-05-01T13:52:34.126,A1,1,10300,-62.7,-88.2,-25.6,165.14,88,12482,14532,8778,20603,1115,470087837,1
2026-05-01T13:52:34.187,A1,1,10301,-62.7,-88.5,-25.8,187.22,88,6160,16475,12131,22645,1170,454334864,1
2026-05-01T13:52:34.277,A1,1,10302,-63.9,-84.9,-21.0,187.06,88,8454,16461,15268,18736,1108,436764930,1
2026-05-01T13:52:34.428,A1,1,10303,-63.3,-88.3,-25.0,184.93,92,5289,17014,14070,23373,1215,416783750,1
2026-05-01T13:52:34.548,A1,1,10304,-63.8,-88.2,-24.4,187.45,88,5786,16496,13993,21353,1182,737774778,1
2026-05-01T13:52:34.663,A1,1,10305,-63.3,-88.0,-24.7,180.06,84,5173,15125,15039,20340,1132,634653820,1
2026-05-01T13:52:34.726,A1,1,10306,-63.4,-88.4,-25.1,165.76,92,9379,15250,9488,18953,1095,498569952,1
2026-05-01T13:52:34.878,A1,1,10307,-62.6,-89.3,-26.7,176.18,76,8327,13390,8094,18564,1056,487806589,1
2026-05-01T13:52:34.966,A1,1,10308,-62.2,-89.2,-27.0,150.81,80,5086,12065,13145,20448,1094,487086592,1
2026-05-01T13:52:35.086,A1,1,10309,-62.2,-88.4,-26.3,166.87,76,4816,12682,12896,17642,1014,473835514,1
2026-05-01T13:52:35.208,A1,1,10310,-62.4,-89.5,-27.1,161.79,96,1865,15532,12607,25370,1224,409010986,1
2026-05-01T13:52:35.326,A1,1,10311,-61.7,-88.0,-26.3,188.59,64,5522,12070,13428,16800,973,390478137,1
2026-05-01T13:52:35.416,A1,1,10312,-61.9,-88.5,-26.6,160.18,76,1458,12174,13927,17864,1010,442788216,1
2026-05-01T13:52:35.542,A1,1,10313,-63.1,-88.3,-25.2,181.98,92,4633,16742,16211,25664,1264,406244978,1
2026-05-01T13:52:35.658,A1,1,10314,-63.5,-88.6,-25.1,170.14,76,5309,12931,12996,17309,1052,731449776,1
2026-05-01T13:52:35.746,A1,1,10315,-63.0,-88.1,-25.1,143.64,92,5471,13215,14970,18875,1081,424541920,1
2026-05-01T13:52:35.927,A1,1,10316,-63.0,-88.3,-25.3,202.67,72,11912,14592,8280,19461,1095,399536567,1
2026-05-01T13:52:35.986,A1,1,10317,-62.8,-83.3,-20.5,204.5,84,10150,17178,14810,19455,1089,423301811,1
2026-05-01T13:52:36.136,A1,1,10318,-62.8,-84.3,-21.4,196.17,92,14790,18048,10925,22258,1166,409427413,1
2026-05-01T13:52:36.225,A1,1,10319,-63.2,-88.8,-25.6,148.16,80,6461,11853,12240,16912,1029,407927731,1
2026-05-01T13:52:36.346,A1,1,10320,-76.9,-89.8,-12.9,163.75,88,5132,14410,8955,7760,1119,440630765,1
2026-05-01T13:52:36.436,A1,1,10321,-61.9,-89.9,-28.1,149.11,88,4754,13122,9158,20219,1075,437277250,1
2026-05-01T13:52:36.528,A1,1,10322,-61.8,-89.8,-28.0,160.12,76,5291,12169,10513,20092,1068,389288157,1
2026-05-01T13:52:36.678,A1,1,10323,-61.6,-89.7,-28.2,160.93,84,592,13518,10882,21244,1090,491016728,1
2026-05-01T13:52:36.767,A1,1,10324,-62.4,-88.4,-26.0,190.27,88,5822,16744,13055,23928,1190,473631486,1
2026-05-01T13:52:36.917,A1,1,10325,-62.6,-88.5,-25.9,190.42,72,7358,13710,11061,18176,1046,473139482,1
2026-05-01T13:52:37.036,A1,1,10326,-63.3,-87.7,-24.3,229.87,68,4395,15631,15701,20905,1149,459963320,1
2026-05-01T13:52:37.126,A1,1,10327,-62.9,-88.1,-25.2,208.25,80,5325,16660,16221,25127,1241,426732048,1
2026-05-01T13:52:37.300,A1,1,10328,-63.3,-88.1,-24.7,220.18,68,6253,14972,12624,17958,1065,417729908,1
2026-05-01T13:52:37.446,A1,1,10329,-63.3,-86.4,-23.1,203.3,84,7103,17077,15563,21912,1176,429824056,1
2026-05-01T13:52:37.478,A1,1,10330,-62.6,-86.6,-24.0,185.54,76,5606,14101,15717,19141,1071,626789104,1
2026-05-01T13:52:37.547,A1,1,10331,-62.8,-85.9,-23.1,216.29,76,5947,16438,16176,21358,1140,451381159,1
2026-05-01T13:52:37.698,A1,1,10332,-63.4,-85.4,-22.1,231.01,72,11661,16633,11291,18904,1094,479151683,1
2026-05-01T13:52:37.788,A1,1,10333,-62.1,-89.4,-27.3,140.58,72,5900,10122,11896,17724,1015,412421561,1
2026-05-01T13:52:37.938,A1,1,10334,-63.3,-88.1,-24.8,195.73,84,4032,16441,14831,21638,1168,483730478,1
2026-05-01T13:52:38.082,A1,1,10335,-63.5,-88.7,-25.2,159.95,76,4463,12156,14056,17962,1071,403214592,1
2026-05-01T13:52:38.148,A1,1,10336,-62.5,-88.3,-25.8,161.01,88,6506,14169,13991,21015,1121,454242888,1
2026-05-01T13:52:38.238,A1,1,10337,-84.4,-88.4,-4.0,190.99,76,10486,14515,8346,4156,1060,438653437,1
2026-05-01T13:52:38.386,A1,1,10338,-64.1,-88.8,-24.7,152.91,88,4316,13456,13789,18679,1115,730347757,1
2026-05-01T13:52:38.507,A1,1,10339,-62.9,-88.9,-26.0,170.31,84,6665,14306,10037,18519,1066,712726355,1
2026-05-01T13:52:38.565,A1,1,10340,-62.2,-88.1,-25.9,214.21,68,6311,14566,11856,18117,1029,408180706,1
2026-05-01T13:52:38.657,A1,1,10341,-63.1,-88.9,-25.8,155.57,92,5126,14312,12772,20714,1133,390012338,1
2026-05-01T13:52:38.781,A1,1,10342,-62.9,-88.4,-25.5,171.54,80,3034,13723,15394,20453,1119,711266438,1
2026-05-01T13:52:38.893,A1,1,10343,-62.5,-88.3,-25.8,140.79,92,1222,12953,17284,22191,1152,387959878,1
2026-05-01T13:52:38.986,A1,1,10344,-62.5,-88.6,-26.1,149.98,92,4181,13798,12757,18904,1062,491325023,1
2026-05-01T13:52:39.107,A1,1,10345,-62.5,-88.0,-25.6,178.06,80,6814,14245,13209,19053,1065,477869941,1
2026-05-01T13:52:39.271,A1,1,10346,-63.2,-88.1,-24.9,159.91,88,3631,14072,17225,22185,1178,711660383,1
2026-05-01T13:52:39.319,A1,1,10347,-61.8,-88.6,-26.8,138.61,84,3975,11643,16010,21700,1110,453884092,1
2026-05-01T13:52:39.445,A1,1,10348,-63.3,-88.1,-24.8,177.56,96,4014,17046,16361,24731,1247,414814577,1
2026-05-01T13:52:39.525,A1,1,10349,-63.4,-87.3,-23.9,172.41,100,10250,17241,12248,22007,1180,456776551,1
2026-05-01T13:52:39.647,A1,1,10350,-62.9,-88.5,-25.5,128.41,104,2748,13355,17463,23521,1202,496521939,1
2026-05-01T13:52:39.798,A1,1,10351,-66.9,-89.1,-22.2,134.59,96,4352,12921,12993,15067,1105,479955601,1
2026-05-01T13:52:39.913,A1,1,10352,-63.2,-86.9,-23.7,208.66,76,8991,15858,13125,19791,1112,471874976,1
2026-05-01T13:52:39.975,A1,1,10353,-63.4,-88.7,-25.3,169.43,76,3991,12877,13431,17683,1061,755637120,1
2026-05-01T13:52:40.096,A1,1,10354,-63.7,-86.2,-22.5,184.61,92,11874,16984,10816,19688,1131,486364916,1
2026-05-01T13:52:40.217,A1,1,10355,-62.3,-86.8,-24.5,203.29,80,8352,16263,12878,20676,1104,753250824,1
2026-05-01T13:52:40.306,A1,1,10356,-63.3,-88.8,-25.5,145.22,88,3271,12779,16913,23441,1216,389561518,1
2026-05-01T13:52:40.456,A1,1,10357,-62.4,-85.7,-23.3,196.35,80,10487,15708,12077,19207,1067,389004197,1
2026-05-01T13:52:40.546,A1,1,10358,-62.7,-88.9,-26.3,117.96,100,5778,11796,16310,23769,1197,412017859,1
2026-05-01T13:52:40.667,A1,1,10359,-61.2,-86.5,-25.3,145.44,96,15573,13962,11160,24670,1159,489643863,1
2026-05-01T13:52:40.760,A1,1,10360,-62.1,-87.1,-25.0,149.47,88,11487,13153,13187,20525,1091,436439204,1
2026-05-01T13:52:40.962,A1,1,10361,-60.3,-78.1,-17.8,207.7,84,16675,17447,13622,20003,1012,721060302,1
2026-05-01T13:52:41.025,A1,1,10362,-61.4,-85.2,-23.8,165.47,96,10133,15885,13303,20972,1076,388621102,1
2026-05-01T13:52:41.147,A1,1,10363,-62.2,-86.3,-24.2,178.29,76,7565,13550,15774,19814,1074,397921083,1
2026-05-01T13:52:41.237,A1,1,10364,-62.9,-83.9,-21.0,196.18,88,10736,17264,13303,19231,1084,472013265,1
2026-05-01T13:52:41.429,A1,1,10365,-61.4,-82.7,-21.3,197.46,92,11911,18166,13509,21724,1096,400687040,1
2026-05-01T13:52:41.458,A1,1,10366,-62.7,-84.6,-21.9,189.32,92,13198,17417,11565,21138,1132,469666085,1
2026-05-01T13:52:41.595,A1,1,10367,-63.8,-89.5,-25.7,134.19,100,7950,13419,9669,19235,1122,401163225,1
2026-05-01T13:52:41.669,A1,1,10368,-62.8,-89.4,-26.7,177.51,80,6479,14201,8994,19604,1091,402738769,1
2026-05-01T13:52:41.777,A1,1,10369,-63.6,-84.6,-21.0,143.71,116,5438,16670,16714,19132,1109,709184577,1
2026-05-01T13:52:41.890,A1,1,10370,-62.6,-84.2,-21.6,188.91,88,13174,16624,13448,21407,1135,454555450,1
2026-05-01T13:52:42.021,A1,1,10371,-61.2,-82.6,-21.4,141.93,108,16891,15328,14729,24609,1159,402774035,1
2026-05-01T13:52:42.075,A1,1,10372,-62.4,-82.6,-20.2,181.26,104,14151,18851,14738,23764,1187,431373376,1
2026-05-01T13:52:42.195,A1,1,10373,-62.8,-90.5,-27.7,137.49,104,3917,14299,11196,26482,1270,387925237,1
2026-05-01T13:52:42.317,A1,1,10374,-63.2,-89.8,-26.6,127.51,104,6909,13261,11901,23482,1212,489245124,1
2026-05-01T13:52:42.407,A1,1,10375,-63.1,-87.4,-24.3,131.42,104,2919,13668,17512,20487,1129,494090961,1
2026-05-01T13:52:42.551,A1,1,10376,-62.4,-84.1,-21.7,190.22,92,7345,17500,15469,20436,1100,397244644,1
2026-05-01T13:52:42.645,A1,1,10377,-63.3,-88.9,-25.6,126.75,100,4839,12675,17342,24876,1251,453292638,1
2026-05-01T13:52:42.726,A1,1,10378,-63.0,-87.5,-24.5,153.28,108,10018,16554,11093,20602,1129,581836017,1
2026-05-01T13:52:42.827,A1,1,10379,-62.7,-87.2,-24.5,196.92,88,8931,17329,11829,21606,1142,447885040,1
2026-05-01T13:52:42.919,A1,1,10380,-62.8,-85.3,-22.4,165.75,100,6540,16575,17049,21876,1155,389361421,1
2026-05-01T13:52:43.037,A1,1,10381,-63.5,-88.2,-24.7,199.86,80,5158,15989,13789,20486,1143,406053587,1
2026-05-01T13:52:43.155,A1,1,10382,-63.3,-88.6,-25.3,183.68,80,11015,14694,8316,19651,1113,425536394,1
2026-05-01T13:52:43.247,A1,1,10383,-63.7,-89.2,-25.5,127.44,96,3454,12234,14034,19399,1121,452494911,1
2026-05-01T13:52:43.426,A1,1,10384,-63.2,-88.8,-25.6,150.04,92,2955,13804,13376,19255,1098,741553513,1
2026-05-01T13:52:43.487,A1,1,10385,-63.1,-87.9,-24.8,137.04,116,5231,15897,16660,23598,1213,451497040,1
2026-05-01T13:52:43.582,A1,1,10386,-63.5,-88.0,-24.5,189.12,92,6376,17399,13927,22245,1191,388815907,1
2026-05-01T13:52:43.695,A1,1,10387,-63.3,-87.7,-24.5,150.07,108,3880,16208,17130,23593,1218,452694872,1
2026-05-01T13:52:43.815,A1,1,10388,-63.1,-88.0,-24.9,149.18,112,5735,16708,15279,23399,1208,431923206,1
2026-05-01T13:52:43.905,A1,1,10389,-62.7,-88.1,-25.4,173.38,104,10517,18031,11974,25876,1252,467088773,1
2026-05-01T13:52:44.025,A1,1,10390,-62.6,-87.3,-24.6,155.05,104,8153,16125,14152,22034,1152,667465569,1
2026-05-01T13:52:44.162,A1,1,10391,-63.5,-85.8,-22.2,195.43,84,11366,16416,11533,18815,1098,388731638,1
2026-05-01T13:52:44.265,A1,1,10392,-81.3,-88.4,-7.1,147.67,92,4012,13586,14788,5527,1098,493821414,1
2026-05-01T13:52:44.358,A1,1,10393,-62.8,-87.9,-25.0,162.23,100,6969,16223,13936,21735,1152,407102711,1
2026-05-01T13:52:44.484,A1,1,10394,-62.5,-87.7,-25.1,150.89,100,7395,15089,14138,20872,1117,453725397,1
2026-05-01T13:52:44.629,A1,1,10395,-62.7,-88.6,-25.9,175.47,88,8371,15441,10311,20819,1123,387442566,1
2026-05-01T13:52:44.687,A1,1,10396,-62.0,-89.4,-27.4,138.31,100,6082,13831,9801,20686,1091,446500940,1
2026-05-01T13:52:44.804,A1,1,10397,-62.3,-86.8,-24.4,175.11,92,6493,16110,13976,20475,1099,453452387,1
2026-05-01T13:52:44.897,A1,1,10398,-63.2,-88.8,-25.6,128.79,132,2664,17000,17824,31362,1402,496982100,1
2026-05-01T13:52:45.017,A1,1,10399,-62.6,-89.7,-27.1,86.88,100,5724,8688,15286,22414,1160,729946637,1
2026-05-01T13:52:45.166,A1,1,10400,-62.2,-86.5,-24.2,128.75,68,11532,8755,12633,15026,938,414088922,1
2026-05-01T13:52:45.258,A1,1,10401,-63.6,-85.5,-22.0,136.39,108,10973,14730,17569,22483,1201,416096144,1
2026-05-01T13:52:45.375,A1,1,10402,-63.3,-86.8,-23.5,139.2,100,10881,13920,16131,22155,1182,467228295,1
2026-05-01T13:52:45.467,A1,1,10403,-63.8,-86.1,-22.4,175.28,100,11159,17528,13943,22437,1208,406348052,1
2026-05-01T13:52:45.587,A1,1,10404,-63.0,-88.2,-25.2,123.41,96,11644,11847,15042,22363,1174,414993656,1
2026-05-01T13:52:45.677,A1,1,10405,-61.5,-89.0,-27.6,109.66,92,6829,10089,12015,17737,993,456109611,1
2026-05-01T13:52:45.803,A1,1,10406,-61.9,-90.1,-28.2,119.54,100,4555,11954,11519,22323,1131,708924633,1
2026-05-01T13:52:45.915,A1,1,10407,-63.3,-89.7,-26.4,156.76,88,3393,13795,11920,21547,1167,427455609,1
2026-05-01T13:52:46.036,A1,1,10408,-63.5,-89.6,-26.1,173.98,80,660,13918,12822,21372,1169,483748397,1
2026-05-01T13:52:46.127,A1,1,10409,-63.0,-88.5,-25.6,162.21,104,7650,16870,11543,23151,1194,755908600,1
2026-05-01T13:52:46.246,A1,1,10410,-62.2,-86.6,-24.3,157.69,100,9440,15769,12232,19985,1082,482994222,1
2026-05-01T13:52:46.446,A1,1,10411,-62.2,-83.6,-21.4,157.35,108,12187,16994,12800,20163,1084,394294011,1
2026-05-01T13:52:46.458,A1,1,10412,-62.2,-83.3,-21.1,139.55,124,9171,17304,17278,22343,1144,406037904,1
2026-05-01T13:52:46.607,A1,1,10413,-62.8,-82.5,-19.6,165.5,100,12894,16550,12777,17867,1044,431668294,1
2026-05-01T13:52:46.695,A1,1,10414,-62.8,-83.9,-21.1,169.53,104,11033,17631,15719,22278,1165,483927808,1
2026-05-01T13:52:46.877,A1,1,10415,-63.3,-83.5,-20.2,191.07,96,11556,18343,14923,21335,1161,491135138,1
2026-05-01T13:52:46.906,A1,1,10416,-63.0,-82.9,-19.8,208.64,80,15623,16691,9878,18618,1073,453465815,1
2026-05-01T13:52:47.003,A1,1,10417,-62.9,-85.0,-22.1,183.89,96,8925,17653,15771,22525,1174,394798328,1
2026-05-01T13:52:47.116,A1,1,10418,-62.9,-85.5,-22.7,186.48,88,15107,16410,10236,21980,1160,396303560,1
2026-05-01T13:52:47.237,A1,1,10419,-62.6,-85.7,-23.1,172.07,88,9753,15142,15441,21210,1127,434301338,1
2026-05-01T13:52:47.356,A1,1,10420,-62.2,-86.6,-24.4,164.58,96,9832,15800,14330,22762,1152,487708641,1
2026-05-01T13:52:47.484,A1,1,10421,-62.0,-86.6,-24.6,147.0,116,10701,17052,13837,24954,1198,755250177,1
2026-05-01T13:52:47.596,A1,1,10422,-62.0,-88.0,-26.0,187.5,84,11123,15750,11583,23303,1157,387499303,1
2026-05-01T13:52:47.687,A1,1,10423,-62.8,-88.8,-26.0,159.14,92,10176,14641,11970,24137,1211,496224122,1
2026-05-01T13:52:47.775,A1,1,10424,-62.6,-89.0,-26.3,140.22,116,10107,16265,11430,27304,1281,390447395,1
2026-05-01T13:52:47.897,A1,1,10425,-63.2,-89.2,-26.0,139.91,124,10136,17349,10571,28624,1338,389556192,1
2026-05-01T13:52:48.027,A1,1,10426,-63.2,-88.6,-25.4,157.19,100,7205,15719,13771,23590,1216,735522658,1
2026-05-01T13:52:48.142,A1,1,10427,-62.7,-88.7,-26.0,187.07,84,6250,15714,13150,23497,1191,430942188,1
2026-05-01T13:52:48.197,A1,1,10428,-63.0,-88.6,-25.7,170.61,100,8781,17061,11198,24524,1229,387478421,1
2026-05-01T13:52:48.315,A1,1,10429,-63.2,-88.8,-25.7,177.68,92,7110,16347,10971,22418,1183,747510362,1
2026-05-01T13:52:48.413,A1,1,10430,-62.5,-88.5,-26.0,153.8,92,7427,14150,14284,22722,1164,492909446,1
2026-05-01T13:52:48.526,A1,1,10431,-62.7,-87.9,-25.2,116.94,100,13412,11694,14824,23295,1187,492857396,1
2026-05-01T13:52:48.647,A1,1,10432,-61.9,-88.2,-26.3,155.83,88,11969,13713,10035,20859,1091,752563207,1
2026-05-01T13:52:48.767,A1,1,10433,-61.9,-84.9,-23.0,158.93,96,12647,15257,15965,24228,1178,452183613,1
2026-05-01T13:52:48.886,A1,1,10434,-62.6,-84.6,-22.0,172.47,96,12977,16557,11292,19880,1093,493062096,1
2026-05-01T13:52:49.014,A1,1,10435,-62.6,-84.3,-21.7,153.41,112,9833,17182,16805,23058,1177,732603837,1
2026-05-01T13:52:49.096,A1,1,10436,-62.7,-85.7,-23.1,163.62,104,7495,17017,16905,23680,1195,492887142,1
2026-05-01T13:52:49.217,A1,1,10437,-62.3,-85.7,-23.4,193.86,92,13714,17835,10546,23677,1182,737397458,1
2026-05-01T13:52:49.308,A1,1,10438,-62.7,-88.2,-25.5,152.16,104,5452,15825,13175,20960,1126,472740978,1
2026-05-01T13:52:49.427,A1,1,10439,-62.1,-86.5,-24.4,170.72,104,8880,17755,13264,23493,1168,713337249,1
2026-05-01T13:52:49.516,A1,1,10440,-62.0,-88.1,-26.1,134.51,112,12047,15065,10432,22610,1143,451436738,1
2026-05-01T13:52:49.637,A1,1,10441,-63.3,-85.6,-22.3,180.6,96,11174,17338,12139,20365,1134,448795542,1
2026-05-01T13:52:49.758,A1,1,10442,-62.7,-86.4,-23.7,171.18,92,10054,15749,13505,20914,1124,430288856,1
2026-05-01T13:52:49.876,A1,1,10443,-62.3,-85.1,-22.8,149.18,96,12452,14321,16411,23169,1169,406789138,1
2026-05-01T13:52:49.997,A1,1,10444,-62.6,-88.7,-26.1,143.74,100,6897,14374,11717,20319,1105,488728795,1
2026-05-01T13:52:50.116,A1,1,10445,-70.3,-88.8,-18.5,119.05,80,8198,9524,13671,10798,1051,446148630,1
2026-05-01T13:52:50.236,A1,1,10446,-62.7,-88.9,-26.2,149.2,112,2938,16710,15299,28183,1306,535660548,1
2026-05-01T13:52:50.358,A1,1,10447,-63.1,-88.7,-25.6,107.75,124,5938,13361,17010,25342,1254,435065019,1
2026-05-01T13:52:50.506,A1,1,10448,-63.7,-89.7,-25.9,144.89,100,6999,14489,8706,20095,1143,430231990,1
2026-05-01T13:52:50.597,A1,1,10449,-63.1,-88.5,-25.4,159.58,112,8608,17873,12780,26837,1292,399121063,1
2026-05-01T13:52:50.724,A1,1,10450,-62.6,-87.7,-25.1,179.09,92,11874,16476,10620,22705,1166,751268619,1
2026-05-01T13:52:50.807,A1,1,10451,-62.6,-86.3,-23.7,190.26,84,13033,15982,10480,21021,1122,449283924,1
2026-05-01T13:52:50.957,A1,1,10452,-62.7,-85.8,-23.1,165.96,100,9664,16596,12760,19988,1100,709435740,1
2026-05-01T13:52:51.017,A1,1,10453,-62.2,-86.6,-24.4,195.42,92,10258,17979,12574,24140,1186,710456394,1
2026-05-01T13:52:51.108,A1,1,10454,-62.3,-87.2,-24.9,168.73,104,3948,17548,16915,26004,1235,441123056,1
2026-05-01T13:52:51.196,A1,1,10455,-62.4,-87.5,-25.1,164.2,96,5484,15763,14355,20976,1113,452534908,1
2026-05-01T13:52:51.317,A1,1,10456,-62.7,-88.0,-25.3,144.53,108,4396,15609,16711,23911,1203,449015980,1
2026-05-01T13:52:51.487,A1,1,10457,-62.7,-88.2,-25.5,153.76,104,4745,15991,15279,23331,1188,724056545,1
2026-05-01T13:52:51.557,A1,1,10458,-62.5,-88.2,-25.7,130.29,116,5878,15114,17377,26389,1253,756450583,1
2026-05-01T13:52:51.648,A1,1,10459,-62.0,-88.2,-26.2,147.92,108,8763,15975,11813,22698,1142,458227506,1
2026-05-01T13:52:51.769,A1,1,10460,-62.7,-88.9,-26.2,110.38,108,6243,11921,16293,23967,1205,431897388,1
2026-05-01T13:52:51.934,A1,1,10461,-62.8,-88.7,-25.9,131.7,108,12291,14224,8585,22012,1159,724762134,1
2026-05-01T13:52:52.048,A1,1,10462,-62.3,-88.6,-26.3,117.94,124,4390,14624,17343,27424,1271,389978127,1
2026-05-01T13:52:52.097,A1,1,10463,-61.4,-87.2,-25.7,139.92,124,12661,17350,10028,25386,1185,709786449,1
2026-05-01T13:52:52.193,A1,1,10464,-61.8,-88.7,-26.9,119.13,108,1121,12866,15664,22543,1130,453216050,1
2026-05-01T13:52:52.277,A1,1,10465,-62.1,-88.6,-26.5,124.11,108,3523,13404,13964,20177,1081,492451140,1
2026-05-01T13:52:52.429,A1,1,10466,-62.2,-88.1,-25.9,151.27,96,3489,14522,15312,21186,1114,471135981,1
2026-05-01T13:52:52.519,A1,1,10467,-62.3,-84.4,-22.0,200.07,84,14053,16806,9698,20048,1087,421219640,1
2026-05-01T13:52:52.638,A1,1,10468,-62.3,-88.4,-26.1,141.74,96,1260,13607,16423,22538,1151,463642155,1
2026-05-01T13:52:52.885,A1,1,10469,-63.1,-86.7,-23.6,177.59,96,5590,17049,17011,23753,1217,489292086,1
2026-05-01T13:52:52.889,A1,1,10470,-62.3,-85.1,-22.8,141.24,104,12320,14689,13379,20115,1087,436857597,1
2026-05-01T13:52:52.996,A1,1,10471,-63.6,-88.1,-24.5,152.24,96,13502,14615,8406,19752,1126,475550732,1
2026-05-01T13:52:53.116,A1,1,10472,-63.4,-87.7,-24.3,175.6,96,7738,16858,14124,22288,1188,733974090,1
2026-05-01T13:52:53.238,A1,1,10473,-62.9,-88.0,-25.1,166.83,92,8116,15348,13518,20944,1135,694229289,1
2026-05-01T13:52:53.327,A1,1,10474,-62.9,-84.2,-21.3,165.39,104,12487,17201,12479,20191,1111,463920718,1
2026-05-01T13:52:53.460,A1,1,10475,-63.1,-87.4,-24.4,139.54,124,15103,17303,12334,27896,1316,402953479,1
2026-05-01T13:52:53.599,A1,1,10476,-62.2,-87.2,-25.0,139.11,124,10830,17250,11054,23077,1161,423659002,1
2026-05-01T13:52:53.656,A1,1,10477,-62.7,-89.4,-26.7,137.82,108,10113,14885,9624,24927,1227,450537867,1
2026-05-01T13:52:53.775,A1,1,10478,-61.3,-89.0,-27.7,146.5,100,8390,14650,10994,24555,1160,386494257,1
2026-05-01T13:52:53.889,A1,1,10479,-68.2,-88.2,-20.0,158.17,108,8959,17082,12182,16289,1199,443572926,1
2026-05-01T13:52:53.958,A1,1,10480,-61.7,-89.1,-27.4,112.17,104,3078,11666,16630,25489,1198,451945829,1
2026-05-01T13:52:54.078,A1,1,10481,-63.1,-89.3,-26.2,132.67,108,3160,14328,12521,21184,1147,509867836,1
2026-05-01T13:52:54.197,A1,1,10482,-63.4,-88.8,-25.4,140.17,104,9944,14578,8658,19384,1108,418785783,1
2026-05-01T13:52:54.316,A1,1,10483,-62.5,-88.5,-25.9,161.6,100,4746,16160,14974,25039,1223,406041303,1
2026-05-01T13:52:54.408,A1,1,10484,-62.8,-86.6,-23.7,172.62,96,12237,16572,10220,20805,1126,404166991,1
2026-05-01T13:52:54.529,A1,1,10485,-62.5,-88.6,-26.1,160.01,96,8661,15361,11574,22804,1166,424165866,1
2026-05-01T13:52:54.692,A1,1,10486,-62.7,-88.0,-25.3,165.53,104,9232,17215,13031,24165,1208,462906763,1
2026-05-01T13:52:54.737,A1,1,10487,-62.5,-88.9,-26.4,125.65,96,4247,12062,13780,19229,1070,546781962,1
2026-05-01T13:52:54.858,A1,1,10488,-62.6,-88.1,-25.5,120.48,120,7362,14458,15997,23350,1184,491792381,1
2026-05-01T13:52:54.977,A1,1,10489,-62.3,-86.9,-24.6,171.7,100,11337,17170,11533,23176,1169,391928079,1
2026-05-01T13:52:55.097,A1,1,10490,-63.1,-88.5,-25.4,144.09,96,5973,13833,13510,19442,1099,727955261,1
2026-05-01T13:52:55.218,A1,1,10491,-62.9,-85.5,-22.5,157.71,108,10607,17033,12814,20505,1122,414461315,1
2026-05-01T13:52:55.337,A1,1,10492,-63.4,-85.8,-22.4,162.93,104,12981,16945,10440,20268,1135,476784777,1
2026-05-01T13:52:55.520,A1,1,10493,-63.5,-88.0,-24.5,153.22,112,4789,17161,17878,26539,1301,455721801,1
2026-05-01T13:52:55.577,A1,1,10494,-63.2,-88.5,-25.3,129.14,112,3422,14464,15178,21407,1159,410772035,1
2026-05-01T13:52:55.667,A1,1,10495,-62.4,-86.1,-23.7,144.56,108,5420,15612,16984,21997,1142,428905731,1
2026-05-01T13:52:55.757,A1,1,10496,-62.9,-87.9,-24.9,151.8,88,6996,13358,14374,18516,1067,450086145,1
2026-05-01T13:52:55.907,A1,1,10497,-63.0,-87.1,-24.1,161.33,96,8438,15488,13806,20174,1116,407193702,1
2026-05-01T13:52:56.000,A1,1,10498,-62.2,-84.7,-22.5,154.9,100,7791,15490,16533,20687,1100,451596445,1
2026-05-01T13:52:56.136,A1,1,10499,-63.2,-87.0,-23.8,147.88,108,8833,15971,13145,19982,1117,456839131,1
2026-05-01T13:52:56.207,A1,1,10500,-62.1,-87.0,-24.9,136.47,120,4107,16376,16665,23941,1178,403259661,1
2026-05-01T13:52:56.329,A1,1,10501,-62.3,-87.7,-25.3,163.22,100,4231,16322,16481,24427,1200,482986740,1
2026-05-01T13:52:56.449,A1,1,10502,-62.8,-88.1,-25.3,134.58,104,3361,13996,16155,20783,1123,469627561,1
2026-05-01T13:52:56.569,A1,1,10503,-62.3,-90.1,-27.9,83.45,96,7733,8011,12265,20302,1091,722432235,1
2026-05-01T13:52:56.689,A1,1,10504,-62.0,-89.8,-27.8,154.76,96,6359,14857,10014,25058,1201,482540487,1
2026-05-01T13:52:56.809,A1,1,10505,-62.0,-86.7,-24.6,173.64,96,11708,16669,11430,22821,1148,733396753,1
2026-05-01T13:52:56.957,A1,1,10506,-61.4,-85.6,-24.2,154.1,92,10636,14177,14529,21341,1086,446594839,1
2026-05-01T13:52:57.018,A1,1,10507,-61.2,-88.4,-27.3,171.27,88,8349,15072,10898,22312,1101,470439846,1
2026-05-01T13:52:57.168,A1,1,10508,-63.1,-87.4,-24.3,162.83,108,7047,17586,16547,25875,1268,471149773,1
2026-05-01T13:52:57.287,A1,1,10509,-62.6,-85.4,-22.8,165.23,108,13013,17845,11463,22754,1170,470968874,1
2026-05-01T13:52:57.409,A1,1,10510,-63.2,-88.4,-25.2,158.26,92,6613,14560,17066,25299,1260,399530754,1
2026-05-01T13:52:57.550,A1,1,10511,-63.6,-89.5,-25.9,111.28,96,5107,10683,15798,22671,1208,404793829,1
2026-05-01T13:52:57.667,A1,1,10512,-62.7,-86.2,-23.5,161.38,112,11789,18075,11126,22873,1176,450150654,1
2026-05-01T13:52:57.710,A1,1,10513,-61.7,-87.9,-26.2,110.02,120,7153,13202,15301,21472,1099,557823600,1
2026-05-01T13:52:57.828,A1,1,10514,-63.1,-88.4,-25.3,137.11,120,10494,16453,10046,22561,1183,406002065,1
2026-05-01T13:52:57.985,A1,1,10515,-62.8,-88.4,-25.7,163.57,104,6416,17011,15094,26904,1278,491538464,1
2026-05-01T13:52:58.039,A1,1,10516,-64.1,-86.1,-22.0,186.93,96,12919,17945,11030,21285,1189,448637499,1
2026-05-01T13:52:58.129,A1,1,10517,-62.6,-88.6,-26.1,170.26,100,7463,17026,11658,24599,1214,706840144,1
2026-05-01T13:52:58.249,A1,1,10518,-63.1,-88.6,-25.6,159.16,104,5187,16553,13663,24105,1222,397287726,1
2026-05-01T13:52:58.339,A1,1,10519,-63.0,-88.2,-25.2,171.06,96,11157,16422,9869,21930,1164,386431496,1
2026-05-01T13:52:58.539,A1,1,10520,-62.8,-88.5,-25.8,159.05,92,6671,14633,11663,19452,1087,415212509,1
2026-05-01T13:52:58.568,A1,1,10521,-61.8,-87.8,-26.0,150.35,104,6795,15636,14156,22502,1131,493105348,1
2026-05-01T13:52:58.669,A1,1,10522,-62.6,-88.1,-25.6,171.19,100,10120,17119,10812,23279,1181,463603208,1
2026-05-01T13:52:58.789,A1,1,10523,-62.3,-88.0,-25.7,172.47,88,10576,15177,8672,18806,1053,478490856,1
2026-05-01T13:52:58.908,A1,1,10524,-63.5,-88.6,-25.1,152.55,96,3346,14645,16714,24021,1237,405901946,1
2026-05-01T13:52:59.029,A1,1,10525,-63.5,-88.5,-25.0,125.47,104,380,13049,17422,22238,1192,495847513,1
2026-05-01T13:52:59.150,A1,1,10526,-62.9,-88.1,-25.2,144.47,116,7577,16759,13126,22694,1181,410682982,1
2026-05-01T13:52:59.243,A1,1,10527,-62.0,-86.7,-24.7,181.16,92,11942,16667,10514,22313,1132,446610896,1
2026-05-01T13:52:59.386,A1,1,10528,-63.0,-88.8,-25.8,115.71,80,7130,9257,14178,17345,1035,507551944,1
2026-05-01T13:52:59.477,A1,1,10529,-63.6,-88.2,-24.6,133.65,100,5492,13365,17175,21633,1178,425231736,1
2026-05-01T13:52:59.630,A1,1,10530,-63.6,-89.7,-26.1,158.07,76,1436,12013,12157,17968,1077,411516525,1
2026-05-01T13:52:59.720,A1,1,10531,-62.5,-83.6,-21.1,183.24,96,10580,17591,15109,21289,1125,409351620,1
2026-05-01T13:52:59.839,A1,1,10532,-62.7,-84.5,-21.8,172.64,104,9599,17955,17228,24482,1216,767357271,1
2026-05-01T13:52:59.957,A1,1,10533,-62.4,-90.0,-27.6,143.58,96,4793,13784,10662,23245,1173,413075562,1
2026-05-01T13:53:00.078,A1,1,10534,-63.2,-88.8,-25.7,138.29,112,4922,15488,14148,23775,1218,432015710,1
2026-05-01T13:53:00.180,A1,1,10535,-61.5,-89.0,-27.5,136.11,100,5066,13611,11311,20213,1062,405009059,1
2026-05-01T13:53:00.289,A1,1,10536,-62.7,-88.1,-25.3,158.2,96,10404,15187,10864,20248,1107,741163725,1
2026-05-01T13:53:00.377,A1,1,10537,-60.8,-87.9,-27.2,118.8,128,14292,15206,11030,27772,1212,450409333,1
2026-05-01T13:53:00.497,A1,1,10538,-62.5,-89.4,-26.9,127.65,96,3923,12254,14923,23785,1190,452008404,1
2026-05-01T13:53:00.618,A1,1,10539,-63.0,-89.5,-26.5,162.08,104,4735,16856,11290,26042,1268,467626497,1
2026-05-01T13:53:00.739,A1,1,10540,-62.5,-85.1,-22.6,173.07,92,3997,15922,17399,20804,1113,413764541,1
2026-05-01T13:53:00.830,A1,1,10541,-61.9,-89.5,-27.6,160.55,84,7438,13486,8340,20168,1076,413739134,1
2026-05-01T13:53:00.949,A1,1,10542,-62.4,-83.8,-21.3,138.69,120,11595,16643,12401,18826,1057,456060552,1
2026-05-01T13:53:01.045,A1,1,10543,-76.3,-88.9,-12.5,160.49,84,3448,13481,13252,7690,1091,450065119,1
2026-05-01T13:53:01.160,A1,1,10544,-62.9,-89.9,-27.0,97.19,80,6798,7775,13645,19526,1095,749849060,1
2026-05-01T13:53:01.303,A1,1,10545,-63.0,-89.6,-26.6,129.41,92,1196,11906,12797,19022,1083,495024769,1
2026-05-01T13:53:01.367,A1,1,10546,-62.2,-88.9,-26.7,152.22,88,3247,13395,12359,19180,1057,562554007,1
2026-05-01T13:53:01.459,A1,1,10547,-63.1,-88.7,-25.6,141.35,120,4103,16962,16472,29092,1346,422717771,1
2026-05-01T13:53:01.625,A1,1,10548,-62.9,-88.7,-25.8,152.86,108,5248,16509,15661,27818,1305,450702724,1
2026-05-01T13:53:01.668,A1,1,10549,-62.7,-84.0,-21.4,186.41,92,10722,17150,12278,18673,1061,450633037,1
2026-05-01T13:53:01.817,A1,1,10550,-63.3,-86.2,-22.9,181.41,92,10655,16690,13081,20867,1147,733150051,1
2026-05-01T13:53:01.908,A1,1,10551,-62.4,-84.4,-21.9,180.55,96,8962,17333,13711,19756,1083,429956353,1
2026-05-01T13:53:02.027,A1,1,10552,-62.7,-84.3,-21.6,160.91,100,6160,16091,16869,19723,1093,484008355,1
2026-05-01T13:53:02.147,A1,1,10553,-63.8,-89.2,-25.3,122.38,96,4692,11748,17269,24259,1259,482425920,1
2026-05-01T13:53:02.270,A1,1,10554,-63.7,-91.3,-27.6,128.3,84,7163,10777,6979,18944,1109,669951454,1
2026-05-01T13:53:02.359,A1,1,10555,-63.4,-93.1,-29.7,106.28,96,4946,10203,6161,22251,1188,385982409,1
2026-05-01T13:53:02.509,A1,1,10556,-64.0,-89.9,-26.0,127.07,92,6123,11690,11976,19884,1145,445426100,1
2026-05-01T13:53:02.597,A1,1,10557,-62.1,-83.8,-21.7,163.9,96,15769,15734,9682,20162,1081,468643638,1
2026-05-01T13:53:02.717,A1,1,10558,-63.1,-87.7,-24.5,163.09,104,7384,16961,15979,24848,1243,425891955,1
2026-05-01T13:53:02.839,A1,1,10559,-62.2,-88.6,-26.4,147.49,116,10509,17109,9777,26082,1234,437040528,1
2026-05-01T13:53:02.959,A1,1,10560,-61.4,-83.7,-22.2,158.84,104,10436,16519,13937,20427,1063,402841358,1
2026-05-01T13:53:03.121,A1,1,10561,-61.9,-92.1,-30.2,35.15,112,10763,3937,7870,23013,1148,721416896,1
2026-05-01T13:53:03.197,A1,1,10562,-62.0,-89.6,-27.6,84.4,132,11027,11141,12092,26272,1230,449715776,1
2026-05-01T13:53:03.319,A1,1,10563,-62.4,-91.0,-28.6,129.54,104,3053,13472,10340,26727,1259,400046939,1
2026-05-01T13:53:03.438,A1,1,10564,-63.2,-89.0,-25.8,172.35,96,3635,16546,14467,26462,1287,438487531,1
2026-05-01T13:53:03.528,A1,1,10565,-63.4,-89.6,-26.2,143.55,124,10565,17800,10249,32171,1428,419261763,1
2026-05-01T13:53:03.645,A1,1,10566,-63.1,-87.9,-24.8,178.84,96,12238,17169,10037,23035,1197,496567388,1
2026-05-01T13:53:03.738,A1,1,10567,-63.3,-88.5,-25.2,122.95,112,4515,13770,17408,24273,1239,476709901,1
2026-05-01T13:53:03.888,A1,1,10568,-62.9,-88.5,-25.6,148.02,124,8636,18355,14356,29951,1357,421633398,1
2026-05-01T13:53:04.007,A1,1,10569,-63.0,-88.3,-25.3,150.79,112,13393,16888,11634,27502,1301,732500873,1
2026-05-01T13:53:04.100,A1,1,10570,-62.3,-88.4,-26.1,143.25,116,10863,16617,13191,27952,1282,748093216,1
2026-05-01T13:53:04.218,A1,1,10571,-63.1,-89.1,-26.0,155.63,104,9160,16186,10528,24958,1244,417087903,1
2026-05-01T13:53:04.327,A1,1,10572,-63.2,-88.9,-25.7,146.51,112,9134,16409,11546,25254,1256,438079718,1
2026-05-01T13:53:04.430,A1,1,10573,-62.8,-88.4,-25.6,167.94,88,2503,14779,15720,22710,1177,494790542,1
2026-05-01T13:53:04.549,A1,1,10574,-63.6,-87.7,-24.1,164.23,100,11801,16423,13316,23646,1233,473655277,1
2026-05-01T13:53:04.668,A1,1,10575,-63.1,-88.2,-25.1,144.59,96,4531,13881,16544,21836,1164,467823569,1
2026-05-01T13:53:04.788,A1,1,10576,-63.6,-88.1,-24.5,169.26,100,7507,16926,13538,22012,1191,420454270,1
2026-05-01T13:53:04.878,A1,1,10577,-62.3,-88.2,-25.9,130.43,100,4660,13043,16584,22073,1140,403492244,1
2026-05-01T13:53:05.000,A1,1,10578,-62.9,-87.4,-24.5,167.08,96,6475,16040,14731,21350,1144,422097287,1
2026-05-01T13:53:05.184,A1,1,10579,-62.8,-88.4,-25.6,94.24,136,9526,12817,17051,26149,1263,432130753,1
2026-05-01T13:53:05.240,A1,1,10580,-62.0,-85.8,-23.8,174.91,104,11936,18191,11521,23895,1174,562247385,1
2026-05-01T13:53:05.328,A1,1,10581,-62.4,-86.5,-24.2,177.8,100,10067,17780,12991,23742,1185,525700815,1
2026-05-01T13:53:05.475,A1,1,10582,-63.0,-89.0,-26.1,125.23,112,802,14026,16391,25478,1252,494632768,1
2026-05-01T13:53:05.538,A1,1,10583,-63.3,-88.7,-25.4,145.64,92,4570,13399,14430,20127,1127,464563216,1
2026-05-01T13:53:05.659,A1,1,10584,-62.1,-88.2,-26.1,143.44,100,11073,14344,12330,22904,1151,416192510,1
2026-05-01T13:53:05.778,A1,1,10585,-62.3,-89.4,-27.1,73.23,96,10143,7030,11936,18412,1041,410868009,1
2026-05-01T13:53:05.898,A1,1,10586,-63.4,-85.4,-22.0,192.9,92,13761,17747,11817,22402,1194,477315937,1
2026-05-01T13:53:06.050,A1,1,10587,-62.9,-86.7,-23.9,168.87,92,8862,15536,13929,20369,1117,468085931,1
2026-05-01T13:53:06.139,A1,1,10588,-63.2,-88.5,-25.3,134.62,100,8718,13462,15017,22898,1199,753310514,1
2026-05-01T13:53:06.258,A1,1,10589,-62.4,-89.1,-26.7,94.88,112,7116,10627,16987,26062,1242,578405451,1
2026-05-01T13:53:06.369,A1,1,10590,-62.8,-89.2,-26.4,126.15,108,6450,13624,12559,22113,1160,438963990,1
2026-05-01T13:53:06.441,A1,1,10591,-63.1,-88.1,-25.1,155.74,116,8007,18066,14686,26739,1289,432012310,1
2026-05-01T13:53:06.577,A1,1,10592,-62.4,-87.4,-25.0,165.97,104,6263,17261,14400,23394,1178,458359951,1
2026-05-01T13:53:06.650,A1,1,10593,-63.2,-84.9,-21.8,186.34,96,11073,17889,12091,20200,1123,457953938,1
2026-05-01T13:53:06.768,A1,1,10594,-63.3,-87.8,-24.5,154.49,112,5936,17303,14802,22927,1201,450344792,1
2026-05-01T13:53:06.858,A1,1,10595,-63.0,-86.0,-23.0,186.15,96,14256,17870,11416,24416,1227,395048560,1
2026-05-01T13:53:06.979,A1,1,10596,-63.5,-84.2,-20.7,190.74,92,9563,17548,13845,18860,1096,621055950,1
2026-05-01T13:53:07.099,A1,1,10597,-63.2,-83.5,-20.3,176.34,96,14304,16929,10453,18603,1080,430951186,1
2026-05-01T13:53:07.189,A1,1,10598,-63.3,-86.9,-23.6,130.36,120,5392,15643,16044,20698,1143,416753298,1
2026-05-01T13:53:07.308,A1,1,10599,-63.1,-88.5,-25.4,128.07,116,8536,14856,16467,26981,1293,400194176,1
2026-05-01T13:53:07.429,A1,1,10600,-62.3,-88.0,-25.8,126.96,112,13104,14220,12743,24321,1194,717542557,1
2026-05-01T13:53:07.550,A1,1,10601,-63.0,-84.5,-21.4,168.78,100,13865,16878,10756,19860,1109,410626332,1
2026-05-01T13:53:07.640,A1,1,10602,-62.5,-83.3,-20.7,164.4,104,12616,17098,17523,24192,1203,449334183,1
2026-05-01T13:53:07.759,A1,1,10603,-62.8,-84.1,-21.4,184.37,92,11917,16962,12827,19860,1098,423355219,1
2026-05-01T13:53:07.878,A1,1,10604,-62.6,-85.2,-22.7,166.29,92,9854,15299,16641,22191,1154,412255107,1
2026-05-01T13:53:07.984,A1,1,10605,-62.8,-88.2,-25.4,107.92,104,12082,11224,17689,26554,1270,431916574,1
2026-05-01T13:53:08.129,A1,1,10606,-63.1,-88.4,-25.3,113.22,124,9664,14039,16425,26002,1272,462661472,1
2026-05-01T13:53:08.180,A1,1,10607,-62.1,-89.2,-27.0,126.28,100,6113,12628,13183,22052,1133,446736530,1
2026-05-01T13:53:08.304,A1,1,10608,-62.0,-89.7,-27.7,128.4,104,3016,13354,12098,22811,1148,450085254,1
2026-05-01T13:53:08.389,A1,1,10609,-62.7,-89.0,-26.3,85.05,100,8509,8505,14583,19576,1087,387304035,1
2026-05-01T13:53:08.510,A1,1,10610,-62.8,-90.5,-27.7,113.69,96,3774,10914,12439,22282,1163,749077746,1
2026-05-01T13:53:08.623,A1,1,10611,-62.7,-89.9,-27.2,125.24,108,3191,13526,11404,21816,1147,655273628,1
2026-05-01T13:53:08.690,A1,1,10612,-62.8,-89.4,-26.6,109.08,104,6066,11344,11596,18028,1049,445336919,1
2026-05-01T13:53:08.868,A1,1,10613,-62.7,-88.0,-25.3,108.12,92,12064,9947,14559,19949,1099,454660834,1
2026-05-01T13:53:08.958,A1,1,10614,-62.8,-84.5,-21.7,122.07,116,15197,14160,17082,24741,1228,411369193,1
2026-05-01T13:53:09.079,A1,1,10615,-62.7,-83.1,-20.4,160.52,112,15489,17978,10987,21387,1138,419291869,1
2026-05-01T13:53:09.214,A1,1,10616,-63.0,-80.8,-17.8,196.57,84,10480,16512,15475,16186,1000,427277927,1
2026-05-01T13:53:09.289,A1,1,10617,-63.0,-81.0,-18.0,166.02,100,12164,16602,13413,16001,993,441176437,1
2026-05-01T13:53:09.380,A1,1,10618,-62.5,-87.2,-24.7,173.38,100,8291,17338,13082,22721,1163,387237123,1
2026-05-01T13:53:09.499,A1,1,10619,-62.2,-89.1,-26.8,180.01,96,6411,17281,11757,27675,1273,466197464,1
2026-05-01T13:53:09.661,A1,1,10620,-62.8,-89.9,-27.1,78.19,112,8411,8757,12773,21110,1135,462774088,1
2026-05-01T13:53:09.769,A1,1,10621,-63.2,-89.0,-25.8,163.24,104,5851,16977,12267,25276,1258,401238873,1
2026-05-01T13:53:09.858,A1,1,10622,-63.3,-87.7,-24.5,184.07,92,3015,16934,18324,26109,1281,393558730,1
2026-05-01T13:53:09.979,A1,1,10623,-63.5,-88.5,-25.0,156.85,96,12610,15058,8545,21318,1167,426081066,1
2026-05-01T13:53:10.099,A1,1,10624,-63.2,-88.7,-25.5,134.35,100,5502,13435,17223,25342,1260,465732309,1
2026-05-01T13:53:10.220,A1,1,10625,-63.8,-88.0,-24.2,162.8,104,4340,16931,15699,22433,1208,469608897,1
2026-05-01T13:53:10.311,A1,1,10626,-63.6,-88.8,-25.2,170.74,92,4569,15708,13551,22420,1201,531200256,1
2026-05-01T13:53:10.458,A1,1,10627,-62.7,-87.2,-24.5,163.68,108,9091,17677,12905,23234,1186,410285662,1
2026-05-01T13:53:10.549,A1,1,10628,-62.9,-88.3,-25.4,159.28,112,9914,17839,12739,26695,1281,494256508,1
2026-05-01T13:53:10.669,A1,1,10629,-63.3,-88.2,-25.0,170.77,108,10470,18443,11486,25867,1275,419711842,1
2026-05-01T13:53:10.760,A1,1,10630,-63.6,-88.4,-24.8,183.76,96,7272,17641,14165,25429,1278,487342013,1
2026-05-01T13:53:11.039,A1,1,10631,-63.0,-88.1,-25.1,154.99,108,5151,16739,18163,28265,1321,741960430,1
2026-05-01T13:53:11.070,A1,1,10632,-62.5,-88.4,-25.8,176.16,100,5875,17616,13826,25903,1244,425674087,1
2026-05-01T13:53:11.107,A1,1,10633,-63.0,-88.4,-25.5,137.38,120,10737,16485,12549,25958,1264,432065531,1
2026-05-01T13:53:11.210,A1,1,10634,-62.7,-88.3,-25.6,135.09,112,4643,15130,17195,25901,1252,711726845,1
2026-05-01T13:53:11.360,A1,1,10635,-62.7,-88.1,-25.3,152.14,108,3949,16431,16460,24700,1223,449657937,1
2026-05-01T13:53:11.467,A1,1,10636,-62.6,-88.7,-26.1,134.0,100,3873,13400,16622,24320,1210,409881219,1
2026-05-01T13:53:11.538,A1,1,10637,-63.2,-86.2,-23.0,165.16,104,10257,17177,11447,19897,1116,446200409,1
2026-05-01T13:53:11.660,A1,1,10638,-62.9,-88.1,-25.3,189.59,92,10687,17442,10340,23408,1197,482366154,1
2026-05-01T13:53:11.750,A1,1,10639,-62.4,-88.2,-25.8,156.16,108,3037,16865,16652,26788,1260,444684471,1
2026-05-01T13:53:11.884,A1,1,10640,-62.5,-88.6,-26.1,142.81,108,9454,15424,11919,23900,1195,449893741,1
2026-05-01T13:53:12.018,A1,1,10641,-63.4,-88.2,-24.8,147.1,108,6276,15887,16571,24779,1252,466438151,1
2026-05-01T13:53:12.119,A1,1,10642,-63.3,-89.0,-25.7,120.18,96,6519,11537,15036,21264,1156,469931081,1
2026-05-01T13:53:12.235,A1,1,10643,-63.1,-88.8,-25.6,116.98,104,4520,12166,17441,24049,1224,433031993,1
2026-05-01T13:53:12.289,A1,1,10644,-62.5,-88.3,-25.8,160.97,92,8961,14809,11530,20454,1104,449384301,1
2026-05-01T13:53:12.408,A1,1,10645,-63.2,-88.3,-25.1,183.6,96,5428,17626,14377,24824,1246,418628477,1
2026-05-01T13:53:12.530,A1,1,10646,-63.2,-88.8,-25.6,146.81,100,8240,14681,13065,22982,1198,707110917,1
2026-05-01T13:53:12.642,A1,1,10647,-62.5,-87.1,-24.6,154.38,112,12070,17291,12925,25565,1234,514968881,1
2026-05-01T13:53:12.709,A1,1,10648,-62.7,-87.6,-24.9,159.01,104,13081,16537,10241,23448,1189,769011543,1
2026-05-01T13:53:12.829,A1,1,10649,-62.8,-87.9,-25.1,158.44,108,8459,17112,14348,24581,1223,443284294,1
2026-05-01T13:53:12.920,A1,1,10650,-62.2,-89.2,-27.0,144.86,112,5867,16224,12329,26749,1251,511780142,1
2026-05-01T13:53:13.009,A1,1,10651,-62.8,-88.8,-26.0,143.21,104,841,14894,15492,24081,1210,445712490,1
2026-05-01T13:53:13.158,A1,1,10652,-62.8,-87.6,-24.7,166.75,92,6807,15341,13921,20034,1106,473550125,1
2026-05-01T13:53:13.279,A1,1,10653,-62.4,-86.4,-24.0,157.63,112,5028,17655,16813,24799,1211,726810319,1
2026-05-01T13:53:13.398,A1,1,10654,-63.0,-85.5,-22.5,189.82,88,13683,16704,9578,20211,1116,485676104,1
2026-05-01T13:53:13.518,A1,1,10655,-62.5,-86.8,-24.3,178.97,104,12655,18613,11447,26040,1245,427943964,1
2026-05-01T13:53:13.610,A1,1,10656,-61.6,-87.1,-25.5,147.19,104,7319,15308,15489,23447,1147,496088450,1
2026-05-01T13:53:13.754,A1,1,10657,-62.2,-86.3,-24.2,152.52,116,10007,17692,13018,23622,1173,398255448,1
2026-05-01T13:53:13.819,A1,1,10658,-63.0,-88.2,-25.2,146.21,100,6560,14621,17314,25183,1246,400809711,1
2026-05-01T13:53:13.969,A1,1,10659,-63.0,-88.4,-25.4,130.3,100,6582,13030,16563,23056,1194,483571661,1
2026-05-01T13:53:14.058,A1,1,10660,-63.3,-88.4,-25.2,161.08,100,7176,16108,14411,24028,1229,717315077,1
2026-05-01T13:53:14.178,A1,1,10661,-63.3,-88.9,-25.6,143.65,104,8143,14940,12866,23465,1215,509196617,1
2026-05-01T13:53:14.360,A1,1,10662,-63.1,-88.3,-25.2,158.26,112,8135,17725,14486,27106,1299,742947743,1
2026-05-01T13:53:14.420,A1,1,10663,-63.3,-88.3,-25.0,176.3,100,8323,17630,13992,25817,1277,433371717,1
2026-05-01T13:53:14.511,A1,1,10664,-71.4,-88.3,-16.8,154.37,100,8171,15437,13511,12386,1170,449160017,1
2026-05-01T13:53:14.628,A1,1,10665,-62.7,-88.1,-25.4,173.19,100,12170,17319,10222,24561,1218,489302627,1
2026-05-01T13:53:14.750,A1,1,10666,-62.2,-87.5,-25.3,157.9,112,9575,17685,13209,25296,1215,703524921,1
2026-05-01T13:53:14.840,A1,1,10667,-62.5,-88.1,-25.6,137.64,100,5644,13764,17287,23512,1183,449809506,1
2026-05-01T13:53:14.959,A1,1,10668,-62.8,-87.2,-24.4,160.93,100,6238,16093,17031,24141,1214,435011214,1
2026-05-01T13:53:15.049,A1,1,10669,-62.4,-88.4,-26.0,130.62,104,5013,13584,15305,21887,1140,408859853,1
2026-05-01T13:53:15.200,A1,1,10670,-63.4,-87.2,-23.8,185.61,92,7031,17076,15372,22862,1204,488103568,1
2026-05-01T13:53:15.318,A1,1,10671,-62.9,-87.8,-24.9,154.56,108,12090,16692,11554,23710,1207,397284753,1
2026-05-01T13:53:15.472,A1,1,10672,-62.7,-87.3,-24.7,143.92,100,5266,14392,17118,22168,1156,414284829,1
2026-05-01T13:53:15.530,A1,1,10673,-62.8,-87.9,-25.0,136.52,116,5344,15836,15567,22449,1170,423627572,1
2026-05-01T13:53:15.621,A1,1,10674,-62.4,-87.0,-24.6,157.35,104,8075,16364,15821,24426,1201,448017711,1
2026-05-01T13:53:15.739,A1,1,10675,-62.9,-87.8,-24.9,161.11,100,13392,16111,10076,22948,1187,403408112,1
2026-05-01T13:53:15.893,A1,1,10676,-63.0,-86.7,-23.8,149.88,104,5709,15588,16683,21820,1160,442507344,1
2026-05-01T13:53:15.950,A1,1,10677,-63.0,-85.9,-22.9,179.53,92,11017,16517,11331,19426,1094,403068232,1
2026-05-01T13:53:16.104,A1,1,10678,-62.8,-85.7,-22.9,176.0,100,10213,17600,12840,21462,1145,706758574,1
2026-05-01T13:53:16.160,A1,1,10679,-62.9,-86.0,-23.1,172.97,96,12452,16605,10369,20302,1116,448511696,1
2026-05-01T13:53:24.288,A1,1,10680,-62.6,-88.0,-25.5,182.66,80,6020,14613,13494,19154,1071,398239833,1
2026-05-01T13:53:24.410,A1,1,10681,-62.1,-85.9,-23.8,186.79,92,10011,17185,13278,22611,1144,459432124,1
2026-05-01T13:53:24.498,A1,1,10682,-63.1,-87.7,-24.7,151.98,96,5425,14590,16712,21865,1164,739609734,1
2026-05-01T13:53:24.620,A1,1,10683,-62.3,-87.3,-25.0,167.47,88,13374,14737,8697,20250,1090,494126067,1
2026-05-01T13:53:24.739,A1,1,10684,-62.5,-87.8,-25.3,165.08,92,9842,15187,11184,19769,1087,727382024,1
2026-05-01T13:53:24.860,A1,1,10685,-62.7,-87.8,-25.0,182.36,88,10144,16048,10944,20659,1119,455357496,1
2026-05-01T13:53:24.950,A1,1,10686,-63.1,-85.8,-22.7,190.82,88,8060,16792,15236,21170,1147,438438838,1
2026-05-01T13:53:25.074,A1,1,10687,-62.5,-86.9,-24.4,175.86,88,13031,15476,9441,20564,1107,439019500,1
2026-05-01T13:53:25.158,A1,1,10688,-62.5,-86.3,-23.8,173.11,96,7523,16619,16631,24049,1198,694015388,1
2026-05-01T13:53:25.311,A1,1,10689,-62.3,-86.8,-24.5,160.89,96,9907,15445,12420,20334,1095,494190152,1
2026-05-01T13:53:25.412,A1,1,10690,-63.0,-86.8,-23.8,190.0,80,6367,15200,16969,22140,1168,400388562,1
2026-05-01T13:53:25.490,A1,1,10691,-61.7,-86.5,-24.8,119.16,124,7206,14776,16385,22751,1133,397858070,1
2026-05-01T13:53:25.658,A1,1,10692,-62.5,-87.8,-25.3,142.32,112,12076,15940,10468,22297,1153,506537771,1
2026-05-01T13:53:25.729,A1,1,10693,-62.4,-87.0,-24.6,166.12,96,12796,15948,9405,21156,1120,426400690,1
2026-05-01T13:53:25.820,A1,1,10694,-62.5,-87.1,-24.6,173.42,92,11912,15955,11661,22247,1152,525791558,1
2026-05-01T13:53:25.952,A1,1,10695,-61.9,-87.7,-25.8,158.25,84,7613,13293,13498,18909,1040,776469561,1
2026-05-01T13:53:26.031,A1,1,10696,-62.5,-87.0,-24.5,165.47,92,7278,15223,16723,23344,1180,574168492,1
2026-05-01T13:53:34.130,A1,1,10697,-63.3,-88.4,-25.1,165.24,100,10957,16524,10095,22969,1204,516745313,1
2026-05-01T13:53:34.249,A1,1,10698,-62.9,-89.5,-26.6,145.59,96,7965,13977,9984,21742,1153,404943908,1
2026-05-01T13:53:34.370,A1,1,10699,-62.7,-88.8,-26.1,167.0,100,7038,16700,11186,23817,1200,427338350,1
2026-05-01T13:53:34.501,A1,1,10700,-62.0,-88.2,-26.1,147.93,108,9743,15976,10920,22387,1137,400209607,1
2026-05-01T13:53:34.580,A1,1,10701,-62.0,-88.1,-26.0,151.48,104,6630,15754,14792,23759,1171,398765835,1
2026-05-01T13:53:34.699,A1,1,10702,-63.1,-88.6,-25.6,137.93,120,6586,16551,15108,26930,1293,444040412,1
2026-05-01T13:53:34.818,A1,1,10703,-62.7,-88.6,-25.8,144.87,116,9682,16805,10269,23906,1204,490404598,1
2026-05-01T13:53:34.908,A1,1,10704,-62.6,-88.8,-26.2,118.0,96,7070,11328,15567,22186,1155,400330969,1
2026-05-01T13:53:35.033,A1,1,10705,-62.6,-88.6,-26.0,117.39,92,8155,10800,14851,20526,1111,397026778,1
2026-05-01T13:53:35.151,A1,1,10706,-61.6,-88.6,-27.0,128.89,96,7063,12373,13268,20425,1070,416905997,1
2026-05-01T13:53:35.240,A1,1,10707,-62.5,-89.1,-26.6,139.77,96,9120,13418,10571,21312,1127,692216669,1
2026-05-01T13:53:35.361,A1,1,10708,-62.5,-88.9,-26.4,154.06,88,10074,13557,9412,20413,1104,443258673,1
2026-05-01T13:53:35.465,A1,1,10709,-61.5,-88.7,-27.3,136.57,100,10045,13657,9094,20866,1076,440157246,1
2026-05-01T13:53:35.540,A1,1,10710,-61.9,-88.5,-26.6,126.05,92,7349,11597,14262,20338,1080,461425103,1
2026-05-01T13:53:35.658,A1,1,10711,-62.5,-88.1,-25.6,118.57,116,9278,13754,16407,24622,1210,421227842,1
2026-05-01T13:53:35.748,A1,1,10712,-62.4,-88.1,-25.6,119.05,108,10429,12857,17692,26655,1258,489791406,1
2026-05-01T13:53:35.868,A1,1,10713,-62.5,-88.6,-26.0,115.01,100,8484,11501,16621,24257,1204,745687129,1
2026-05-01T13:53:36.034,A1,1,10714,-61.6,-88.4,-26.8,139.84,96,7956,13425,15056,24365,1168,397026042,1
2026-05-01T13:53:36.082,A1,1,10715,-62.4,-89.2,-26.9,103.05,108,5817,11129,13007,19429,1071,427973738,1
2026-05-01T13:53:36.198,A1,1,10716,-62.5,-89.0,-26.5,153.88,88,4995,13541,13498,21670,1137,423632229,1
2026-05-01T13:53:36.348,A1,1,10717,-62.3,-89.1,-26.7,138.43,108,2920,14950,16315,28580,1297,453371669,1
2026-05-01T13:53:36.488,A1,1,10718,-62.8,-89.6,-26.8,146.46,92,7268,13474,8949,19658,1093,489759477,1
2026-05-01T13:53:36.532,A1,1,10719,-61.7,-89.4,-27.6,158.35,84,7598,13301,8664,19780,1058,494010098,1
2026-05-01T13:53:36.650,A1,1,10720,-62.9,-89.0,-26.1,189.72,88,5870,16695,12918,25979,1261,423930179,1
2026-05-01T13:53:36.768,A1,1,10721,-62.4,-88.7,-26.3,151.16,112,6466,16930,13626,26865,1260,657672870,1
2026-05-01T13:53:36.861,A1,1,10722,-62.0,-89.3,-27.3,144.46,96,6746,13868,10946,22030,1125,461777790,1
2026-05-01T13:53:36.979,A1,1,10723,-62.4,-89.0,-26.6,124.19,100,5155,12419,13575,20405,1099,470996736,1
2026-05-01T13:53:37.099,A1,1,10724,-62.4,-88.9,-26.5,101.37,92,8855,9326,14827,20999,1114,427057260,1
2026-05-01T13:53:37.190,A1,1,10725,-67.4,-88.8,-21.4,131.17,92,7210,12068,13234,14225,1091,437501621,1
2026-05-01T13:53:37.372,A1,1,10726,-62.0,-88.2,-26.2,149.39,112,8390,16732,14496,26814,1241,445922725,1
2026-05-01T13:53:37.374,A1,1,10727,-62.3,-88.7,-26.4,116.53,92,6898,10721,14996,20463,1098,391726850,1
2026-05-01T13:53:37.490,A1,1,10728,-62.5,-88.0,-25.5,143.82,96,8367,13807,17240,24855,1217,491264987,1
2026-05-01T13:53:37.694,A1,1,10729,-62.4,-88.1,-25.7,149.03,92,7647,13711,14762,21061,1117,412011826,1
2026-05-01T13:53:37.700,A1,1,10730,-62.2,-87.9,-25.7,157.66,88,7389,13874,15442,21836,1129,451620780,1
2026-05-01T13:53:37.811,A1,1,10731,-62.6,-87.5,-24.9,169.69,100,8145,16969,15850,25833,1246,446231629,1
2026-05-01T13:53:37.910,A1,1,10732,-62.6,-88.4,-25.8,137.87,92,5945,12684,13010,17792,1034,415364702,1
2026-05-01T13:53:38.029,A1,1,10733,-62.4,-88.0,-25.6,167.26,100,7443,16726,17456,28710,1302,396892202,1
2026-05-01T13:53:38.150,A1,1,10734,-62.5,-88.7,-26.2,145.53,88,5328,12807,12323,17941,1035,476858704,1
2026-05-01T13:53:38.269,A1,1,10735,-61.6,-88.4,-26.8,154.65,88,7911,13609,11214,19254,1038,476015245,1
2026-05-01T13:53:38.390,A1,1,10736,-62.4,-87.9,-25.5,144.14,112,6986,16144,16581,25937,1238,697664308,1
2026-05-01T13:53:38.480,A1,1,10737,-62.3,-88.2,-26.0,144.25,96,5845,13848,16611,23905,1184,461985536,1
2026-05-01T13:53:38.572,A1,1,10738,-62.6,-88.4,-25.9,137.75,92,5228,12673,14772,19802,1089,398350863,1
2026-05-01T13:53:38.688,A1,1,10739,-62.6,-88.4,-25.9,142.18,100,7270,14218,11590,19010,1067,465362646,1
2026-05-01T13:53:38.809,A1,1,10740,-61.9,-88.4,-26.5,127.99,96,4766,12287,16608,22690,1139,466487230,1
2026-05-01T13:53:38.960,A1,1,10741,-76.2,-87.3,-11.1,186.28,92,11909,17138,10588,8975,1176,464285795,1
2026-05-01T13:53:39.049,A1,1,10742,-62.7,-88.3,-25.6,180.62,84,9779,15172,10926,20943,1126,400647061,1
2026-05-01T13:53:39.208,A1,1,10743,-62.3,-88.1,-25.8,157.0,88,6355,13816,14463,20229,1091,767759242,1
2026-05-01T13:53:39.258,A1,1,10744,-61.2,-87.4,-26.2,145.03,108,8187,15663,12329,21676,1088,447427910,1
2026-05-01T13:53:39.348,A1,1,10745,-62.5,-88.4,-25.9,152.77,92,12341,14055,8192,20222,1097,441566377,1
2026-05-01T13:53:39.500,A1,1,10746,-62.8,-87.7,-24.9,162.85,104,10888,16936,10940,22356,1167,415615243,1
2026-05-01T13:53:39.630,A1,1,10747,-62.5,-88.6,-26.1,158.59,80,5492,12687,13591,19281,1073,457319644,1
2026-05-01T13:53:39.708,A1,1,10748,-62.4,-88.0,-25.7,182.67,88,9453,16075,11655,21865,1137,755746237,1
2026-05-01T13:53:39.860,A1,1,10749,-62.7,-88.5,-25.8,125.25,116,5097,14529,16594,25190,1234,436246632,1
2026-05-01T13:53:39.948,A1,1,10750,-62.0,-88.1,-26.2,184.56,88,10790,16241,10258,23065,1152,726051720,1
2026-05-01T13:53:40.040,A1,1,10751,-61.8,-88.1,-26.3,160.2,96,7208,15379,14502,23584,1157,394486116,1
2026-05-01T13:53:40.160,A1,1,10752,-61.4,-88.6,-27.2,147.04,84,5329,12351,12982,19327,1033,764545081,1
2026-05-01T13:53:40.280,A1,1,10753,-62.3,-88.4,-26.0,168.03,104,9444,17475,12164,26444,1248,500906114,1
2026-05-01T13:53:40.407,A1,1,10754,-62.5,-88.4,-25.9,162.88,100,10399,16288,9689,22746,1164,766957219,1
2026-05-01T13:53:40.488,A1,1,10755,-62.1,-88.0,-26.0,161.4,104,7770,16786,14798,25997,1226,743260663,1
2026-05-01T13:53:40.610,A1,1,10756,-62.6,-88.1,-25.5,124.21,116,9239,14408,17600,27004,1274,476735857,1
2026-05-01T13:53:40.730,A1,1,10757,-61.5,-88.5,-27.0,149.24,104,9675,15521,10115,23130,1134,745950979,1
2026-05-01T13:53:40.847,A1,1,10758,-62.6,-88.6,-26.0,138.91,120,10238,16669,9869,24302,1210,714838739,1
2026-05-01T13:53:40.908,A1,1,10759,-62.0,-88.9,-26.9,155.27,100,9477,15527,9684,24015,1177,444634400,1
2026-05-01T13:53:41.030,A1,1,10760,-62.8,-88.6,-25.8,128.62,120,7934,15435,16239,28082,1306,499976919,1
2026-05-01T13:53:41.150,A1,1,10761,-63.0,-88.5,-25.5,99.85,116,8749,11583,17113,24271,1226,405436233,1
2026-05-01T13:53:41.268,A1,1,10762,-63.1,-88.4,-25.3,130.37,100,6818,13037,15341,21028,1142,433322545,1
2026-05-01T13:53:41.360,A1,1,10763,-62.3,-89.8,-27.5,113.81,100,2062,11381,11826,18473,1042,397110832,1
2026-05-01T13:53:41.478,A1,1,10764,-62.4,-88.0,-25.6,120.55,104,10132,12537,15167,22107,1144,435576274,1
2026-05-01T13:53:41.600,A1,1,10765,-62.1,-89.6,-27.5,113.21,112,5220,12680,13630,24673,1196,444300333,1
2026-05-01T13:53:41.720,A1,1,10766,-62.3,-88.8,-26.4,122.12,136,8325,16609,13721,28516,1296,406871369,1
2026-05-01T13:53:41.810,A1,1,10767,-61.6,-87.7,-26.1,132.01,128,9551,16897,12311,24482,1171,636728253,1
2026-05-01T13:53:41.959,A1,1,10768,-61.9,-87.6,-25.7,129.67,120,13582,15560,11206,24917,1193,396120821,1
2026-05-01T13:53:42.020,A1,1,10769,-62.5,-88.5,-25.9,153.57,88,5432,13514,12352,17976,1037,435663979,1
2026-05-01T13:53:42.141,A1,1,10770,-63.1,-85.4,-22.3,137.36,124,7699,17033,16602,22243,1177,434125894,1
2026-05-01T13:53:42.289,A1,1,10771,-63.2,-88.6,-25.4,143.0,116,4118,16588,14426,24482,1237,463777066,1
2026-05-01T13:53:42.410,A1,1,10772,-61.7,-84.8,-23.1,173.94,100,8492,17394,14061,21569,1104,386795801,1
2026-05-01T13:53:42.559,A1,1,10773,-63.1,-90.2,-27.1,109.96,112,7942,12316,9243,21295,1151,487880359,1
2026-05-01T13:53:42.648,A1,1,10774,-62.6,-87.2,-24.6,117.92,116,14648,13679,16628,28272,1304,716543788,1
2026-05-01T13:53:42.740,A1,1,10775,-62.0,-88.7,-26.6,145.32,100,5842,14532,14801,24863,1198,444643016,1
2026-05-01T13:53:42.859,A1,1,10776,-62.1,-89.1,-26.9,76.98,108,10634,8314,12497,19689,1069,406140310,1
2026-05-01T13:53:42.990,A1,1,10777,-61.8,-87.9,-26.0,159.6,96,10920,15322,11073,21961,1118,761945605,1
2026-05-01T13:53:43.119,A1,1,10778,-61.9,-88.6,-26.7,146.29,96,6491,14044,11134,19210,1047,436750858,1
2026-05-01T13:53:43.159,A1,1,10779,-62.3,-89.1,-26.8,132.52,108,9656,14312,9833,22980,1163,444847720,1
2026-05-01T13:53:43.280,A1,1,10780,-62.4,-89.7,-27.2,118.83,96,4553,11408,14677,23920,1192,671246468,1
2026-05-01T13:53:43.369,A1,1,10781,-62.2,-88.9,-26.6,157.38,88,10585,13849,8351,20562,1097,489172525,1
2026-05-01T13:53:43.519,A1,1,10782,-62.6,-88.2,-25.6,172.69,84,7928,14506,11110,18450,1053,463197643,1
2026-05-01T13:53:43.609,A1,1,10783,-62.8,-88.2,-25.5,157.75,100,4518,15775,14057,21520,1143,462250264,1
2026-05-01T13:53:43.770,A1,1,10784,-61.8,-86.0,-24.2,164.43,104,13360,17101,12262,25258,1198,467052620,1
2026-05-01T13:53:43.888,A1,1,10785,-62.4,-89.3,-26.9,102.11,128,4688,13070,14629,24666,1208,690040170,1
2026-05-01T13:53:43.970,A1,1,10786,-61.1,-89.3,-28.1,95.01,108,3129,10261,13988,20286,1049,491756776,1
2026-05-01T13:53:44.059,A1,1,10787,-62.2,-89.1,-26.9,152.79,112,5436,17112,12037,27413,1266,402031963,1
2026-05-01T13:53:44.217,A1,1,10788,-62.4,-89.2,-26.7,129.88,128,4047,16625,16170,32282,1385,527815675,1
2026-05-01T13:53:44.301,A1,1,10789,-61.1,-85.8,-24.7,177.46,96,7517,17036,13893,22684,1107,744886589,1
2026-05-01T13:53:44.389,A1,1,10790,-62.3,-89.3,-26.9,106.17,104,1427,11042,14058,19309,1067,449126947,1
2026-05-01T13:53:52.551,A1,1,10791,-63.0,-89.2,-26.2,89.6,120,8076,10752,17523,27380,1299,405447541,1
2026-05-01T13:53:52.670,A1,1,10792,-62.3,-88.1,-25.9,127.35,100,8612,12735,13198,19092,1059,458819713,1
2026-05-01T13:53:52.819,A1,1,10793,-62.7,-89.2,-26.5,145.96,104,8995,15180,8888,22401,1163,418072480,1
2026-05-01T13:53:52.909,A1,1,10794,-62.9,-88.8,-25.9,120.77,120,7219,14492,16597,28104,1313,406346559,1
2026-05-01T13:53:53.063,A1,1,10795,-62.9,-88.8,-26.0,113.45,108,6127,12253,15603,22541,1174,769026848,1
2026-05-01T13:53:53.119,A1,1,10796,-62.8,-88.5,-25.6,128.96,124,7021,15991,17048,28810,1326,457410002,1
2026-05-01T13:53:53.281,A1,1,10797,-62.9,-88.6,-25.7,151.33,112,7540,16949,14088,26959,1286,464189988,1
2026-05-01T13:53:53.330,A1,1,10798,-62.6,-88.5,-26.0,129.59,108,6729,13996,17567,27450,1283,464096177,1
2026-05-01T13:53:53.448,A1,1,10799,-62.6,-88.8,-26.2,186.03,72,10795,13394,7597,18780,1061,432905719,1
2026-05-01T13:53:53.568,A1,1,10800,-62.8,-88.3,-25.5,176.65,88,12364,15545,9126,22311,1164,460640336,1
2026-05-01T13:53:53.690,A1,1,10801,-62.7,-88.2,-25.4,151.64,108,11740,16377,16417,30803,1367,422165930,1
2026-05-01T13:53:53.811,A1,1,10802,-62.9,-90.3,-27.4,149.41,96,5544,14343,9303,23727,1206,736255747,1
2026-05-01T13:53:53.906,A1,1,10803,-62.2,-85.5,-23.2,162.53,108,12726,17553,9987,21631,1125,441466863,1
2026-05-01T13:53:54.019,A1,1,10804,-61.9,-90.1,-28.2,102.81,100,1926,10281,11863,18747,1034,488690315,1
2026-05-01T13:53:54.138,A1,1,10805,-62.4,-86.4,-24.0,128.9,136,16774,17531,13675,31118,1357,398218829,1
2026-05-01T13:53:54.260,A1,1,10806,-60.7,-83.0,-22.3,154.59,116,15116,17932,12732,25388,1155,503540828,1
2026-05-01T13:53:54.378,A1,1,10807,-61.8,-85.5,-23.7,157.86,112,7239,17680,14369,22398,1129,745070546,1
2026-05-01T13:53:54.470,A1,1,10808,-62.5,-87.2,-24.7,135.15,116,2323,15677,17456,23356,1179,443533623,1
2026-05-01T13:53:54.588,A1,1,10809,-61.9,-84.9,-23.0,156.08,112,10605,17481,12644,21583,1113,745419766,1
2026-05-01T13:53:54.696,A1,1,10810,-61.6,-86.2,-24.6,126.73,120,5112,15208,17844,24095,1162,503793842,1
2026-05-01T13:53:54.839,A1,1,10811,-62.0,-88.1,-26.1,134.46,132,10308,17749,11476,26276,1231,418620490,1
2026-05-01T13:53:54.889,A1,1,10812,-61.8,-82.1,-20.3,155.82,108,13942,16829,10564,18231,1018,418873536,1
2026-05-01T13:53:55.009,A1,1,10813,-61.5,-88.7,-27.2,151.49,108,8710,16361,11002,25747,1196,572460958,1
2026-05-01T13:53:55.098,A1,1,10814,-62.6,-89.9,-27.3,84.2,120,4471,10104,14283,22072,1150,435097329,1
2026-05-01T13:53:55.220,A1,1,10815,-62.4,-87.0,-24.6,141.46,112,4561,15843,16488,22692,1160,454409195,1
2026-05-01T13:53:55.341,A1,1,10816,-62.1,-85.5,-23.4,145.35,116,10017,16861,14950,23402,1166,673604504,1
2026-05-01T13:53:55.456,A1,1,10817,-62.0,-87.7,-25.7,118.14,128,11326,15122,12484,23144,1154,395773334,1
2026-05-01T13:53:55.548,A1,1,10818,-62.7,-88.1,-25.4,125.96,112,10361,14107,15013,24025,1205,435676657,1
2026-05-01T13:53:55.738,A1,1,10819,-62.8,-88.6,-25.7,141.9,100,8809,14190,12671,21690,1151,501861136,1
2026-05-01T13:53:55.790,A1,1,10820,-62.5,-86.0,-23.5,158.81,108,8500,17151,13867,21676,1137,443125785,1
2026-05-01T13:53:55.882,A1,1,10821,-61.6,-87.9,-26.3,136.0,108,5901,14688,13548,20372,1069,442436603,1
2026-05-01T13:53:55.968,A1,1,10822,-62.7,-88.4,-25.7,132.43,112,10554,14832,10701,21484,1138,746741534,1
2026-05-01T13:53:56.088,A1,1,10823,-61.6,-88.9,-27.3,149.71,104,8432,15570,10521,24643,1176,418307103,1
2026-05-01T13:53:56.201,A1,1,10824,-62.3,-89.3,-27.0,127.81,108,2836,13804,15708,27146,1263,489130804,1
2026-05-01T13:53:56.300,A1,1,10825,-62.8,-90.9,-28.2,78.99,104,4458,8215,12831,21651,1147,426099397,1
2026-05-01T13:53:56.433,A1,1,10826,-60.9,-85.6,-24.7,145.21,104,2913,15102,16543,21402,1069,439231876,1
2026-05-01T13:53:56.508,A1,1,10827,-61.5,-87.1,-25.5,134.16,120,9541,16099,17413,29097,1274,425715157,1
2026-05-01T13:53:56.629,A1,1,10828,-62.3,-89.5,-27.2,145.24,92,2638,13362,12659,22153,1143,473429909,1
2026-05-01T13:53:56.748,A1,1,10829,-75.7,-87.0,-11.3,157.38,100,6802,15738,16851,9645,1197,433785294,1
2026-05-01T13:53:56.870,A1,1,10830,-63.2,-88.9,-25.6,111.09,116,2200,12887,17002,23826,1223,474059709,1
2026-05-01T13:53:56.960,A1,1,10831,-62.7,-88.4,-25.8,137.86,100,12579,13786,7771,19879,1095,489751655,1
2026-05-01T13:53:57.078,A1,1,10832,-62.1,-89.0,-26.8,133.2,128,7147,17049,13805,30344,1329,767128872,1
2026-05-01T13:53:57.198,A1,1,10833,-62.5,-88.7,-26.2,145.24,100,8642,14524,13961,25261,1229,481661811,1
2026-05-01T13:53:57.313,A1,1,10834,-62.7,-88.8,-26.1,96.95,128,9480,12410,17237,28456,1312,419743434,1
2026-05-01T13:53:57.427,A1,1,10835,-62.7,-89.1,-26.4,159.76,96,9166,15337,9834,23502,1192,765093186,1
2026-05-01T13:53:57.519,A1,1,10836,-62.3,-88.7,-26.4,152.31,108,10770,16450,10355,26039,1238,440193559,1
2026-05-01T13:53:57.590,A1,1,10837,-62.9,-89.3,-26.4,134.4,100,6019,13440,12312,21636,1151,398957681,1
2026-05-01T13:53:57.679,A1,1,10838,-63.0,-89.5,-26.4,130.16,104,10144,13537,7682,20717,1132,394491595,1
2026-05-01T13:53:57.799,A1,1,10839,-62.9,-89.2,-26.3,134.38,100,4476,13438,16508,27054,1289,417892749,1
2026-05-01T13:53:57.920,A1,1,10840,-62.7,-89.0,-26.4,164.27,92,5904,15113,11455,21987,1152,719343450,1
2026-05-01T13:53:58.041,A1,1,10841,-63.0,-89.8,-26.9,101.28,92,6096,9318,13209,19606,1099,447343069,1
2026-05-01T13:53:58.239,A1,1,10842,-62.7,-89.4,-26.7,139.36,88,3699,12264,13816,21249,1133,734237584,1
2026-05-01T13:53:58.278,A1,1,10843,-62.4,-89.5,-27.1,93.16,92,6630,8571,14440,20748,1110,459644702,1
2026-05-01T13:53:58.400,A1,1,10844,-63.1,-89.2,-26.1,127.53,108,5456,13773,16574,27832,1314,707489609,1
2026-05-01T13:53:58.501,A1,1,10845,-62.4,-88.9,-26.6,142.88,120,9631,17146,10445,27635,1278,458991022,1
2026-05-01T13:53:58.610,A1,1,10846,-62.9,-89.4,-26.4,148.4,112,7615,16621,11352,27270,1295,683181760,1
2026-05-01T13:53:58.728,A1,1,10847,-62.5,-89.3,-26.8,94.79,116,6271,10996,15108,23402,1181,763949935,1
2026-05-01T13:53:58.850,A1,1,10848,-63.0,-89.1,-26.1,105.71,104,8495,10994,17136,27066,1292,452432885,1
2026-05-01T13:53:58.974,A1,1,10849,-63.4,-89.2,-25.9,90.01,104,9568,9361,14808,22120,1183,461093729,1
2026-05-01T13:53:59.060,A1,1,10850,-62.8,-89.3,-26.6,130.98,92,5541,12050,15011,23817,1203,443371700,1
2026-05-01T13:53:59.178,A1,1,10851,-62.9,-89.2,-26.4,123.66,100,4670,12366,14264,21834,1155,454636194,1
2026-05-01T13:53:59.298,A1,1,10852,-62.8,-89.0,-26.2,130.34,96,5019,12513,14247,21121,1134,467698467,1
2026-05-01T13:53:59.448,A1,1,10853,-63.0,-87.2,-24.2,185.26,92,9904,17044,12051,21661,1156,525388299,1
2026-05-01T13:53:59.539,A1,1,10854,-62.5,-88.6,-26.1,132.79,108,3894,14341,16090,24543,1211,402209444,1
2026-05-01T13:53:59.707,A1,1,10855,-62.8,-89.7,-26.9,96.88,92,7749,8913,15191,23639,1200,432749877,1
2026-05-01T13:53:59.750,A1,1,10856,-61.8,-89.2,-27.4,146.94,112,10664,16457,9773,29688,1300,688568435,1
2026-05-01T13:53:59.884,A1,1,10857,-62.6,-89.9,-27.3,136.5,96,4246,13104,11026,21486,1136,740319108,1
2026-05-01T13:54:00.031,A1,1,10858,-62.6,-89.0,-26.4,141.09,100,6546,14109,11848,21375,1133,393287004,1
2026-05-01T13:54:00.059,A1,1,10859,-62.2,-88.0,-25.7,159.21,108,9678,17195,11198,23256,1167,435248779,1
2026-05-01T13:54:00.234,A1,1,10860,-62.2,-88.3,-26.1,128.56,124,5043,15941,16679,27140,1257,498094345,1
2026-05-01T13:54:00.259,A1,1,10861,-61.8,-88.2,-26.3,132.16,128,7038,16916,14880,26890,1237,506662071,1
2026-05-01T13:54:00.348,A1,1,10862,-61.4,-88.6,-27.2,133.12,100,6957,13312,13644,22647,1119,392710782,1
2026-05-01T13:54:00.471,A1,1,10863,-62.1,-88.6,-26.5,141.82,120,11184,17019,9628,26651,1242,458431376,1
2026-05-01T13:54:00.590,A1,1,10864,-62.4,-88.6,-26.2,117.78,132,8461,15547,15907,29098,1313,467288557,1
2026-05-01T13:54:00.678,A1,1,10865,-61.4,-89.3,-27.8,133.43,108,6916,14410,10853,23825,1149,461551235,1
2026-05-01T13:54:00.775,A1,1,10866,-62.4,-89.2,-26.7,93.52,108,8751,10100,17171,27667,1281,442631926,1
2026-05-01T13:54:00.888,A1,1,10867,-62.5,-89.0,-26.6,130.52,104,4661,13574,14606,23702,1188,420461648,1
2026-05-01T13:54:01.008,A1,1,10868,-63.0,-89.3,-26.3,82.52,124,6213,10233,16850,24703,1233,458993557,1
2026-05-01T13:54:01.100,A1,1,10869,-62.9,-89.0,-26.1,138.03,124,5980,17116,13480,27743,1306,446816373,1
2026-05-01T13:54:01.189,A1,1,10870,-62.4,-88.7,-26.4,151.3,116,9286,17551,10521,26861,1260,502412812,1
2026-05-01T13:54:01.373,A1,1,10871,-61.8,-88.9,-27.1,112.78,112,2414,12631,17420,27145,1243,441867715,1
2026-05-01T13:54:01.403,A1,1,10872,-62.8,-89.9,-27.1,120.25,104,3332,12506,11052,19388,1085,447184912,1
2026-05-01T13:54:01.488,A1,1,10873,-62.2,-89.3,-27.0,144.94,112,4737,16233,12668,27133,1261,391252524,1
2026-05-01T13:54:01.610,A1,1,10874,-62.7,-89.0,-26.3,142.16,116,9313,16491,9813,24948,1228,462573299,1
2026-05-01T13:54:01.729,A1,1,10875,-62.6,-89.3,-26.7,100.49,104,5070,10451,14495,20614,1112,394505891,1
2026-05-01T13:54:01.878,A1,1,10876,-62.4,-88.9,-26.4,157.76,104,6906,16407,12701,26026,1243,718755868,1
2026-05-01T13:54:01.973,A1,1,10877,-62.4,-88.9,-26.5,129.64,132,7765,17113,14662,30957,1353,393963813,1
2026-05-01T13:54:02.134,A1,1,10878,-62.6,-89.1,-26.5,136.21,116,6932,15800,13830,27593,1286,458867304,1
2026-05-01T13:54:02.181,A1,1,10879,-61.1,-89.2,-28.0,107.9,96,5504,10358,13383,20273,1049,424360246,1
2026-05-01T13:54:02.286,A1,1,10880,-62.3,-89.3,-27.0,113.99,116,9014,13223,9162,20649,1102,393935201,1
2026-05-01T13:54:02.430,A1,1,10881,-62.7,-88.4,-25.8,130.21,132,9897,17188,17280,33576,1423,727314535,1
2026-05-01T13:54:02.509,A1,1,10882,-62.6,-88.4,-25.9,118.72,120,9283,14247,16627,27587,1286,454011112,1
2026-05-01T13:54:02.605,A1,1,10883,-62.2,-88.8,-26.6,104.62,108,7775,11299,13646,20311,1089,428637931,1
2026-05-01T13:54:02.690,A1,1,10884,-62.0,-88.4,-26.4,124.33,104,8409,12930,15108,23720,1170,424155019,1
2026-05-01T13:54:02.808,A1,1,10885,-62.7,-88.9,-26.3,124.65,92,7697,11468,13122,19707,1090,706100979,1
2026-05-01T13:54:02.929,A1,1,10886,-62.3,-88.6,-26.3,157.03,112,10452,17587,10917,27563,1272,441168767,1
2026-05-01T13:54:03.033,A1,1,10887,-62.2,-88.4,-26.2,145.92,120,8844,17510,13762,28721,1296,652323662,1
2026-05-01T13:54:03.109,A1,1,10888,-61.7,-88.4,-26.7,137.52,128,10327,17602,10513,27090,1235,418141588,1
2026-05-01T13:54:03.317,A1,1,10889,-62.6,-88.5,-25.9,155.73,112,6928,17442,14687,28177,1301,459744749,1
2026-05-01T13:54:03.348,A1,1,10890,-62.1,-88.9,-26.8,140.16,112,5561,15698,14384,27113,1255,411142360,1
2026-05-01T13:54:03.468,A1,1,10891,-62.5,-89.4,-26.9,128.98,124,5439,15993,12310,26654,1259,431456379,1
2026-05-01T13:54:03.590,A1,1,10892,-62.2,-89.1,-26.9,133.91,112,6729,14998,10099,21635,1125,430481183,1
2026-05-01T13:54:03.680,A1,1,10893,-62.8,-89.2,-26.4,162.52,92,6518,14952,11292,22402,1166,489259937,1
2026-05-01T13:54:03.800,A1,1,10894,-61.5,-88.7,-27.2,148.05,100,5433,14805,14409,25533,1194,756963572,1
2026-05-01T13:54:03.903,A1,1,10895,-61.7,-88.9,-27.2,131.55,116,6865,15260,11913,24433,1174,487003683,1
2026-05-01T13:54:03.978,A1,1,10896,-61.2,-88.7,-27.5,128.38,108,5993,13865,12885,22572,1108,393136193,1
2026-05-01T13:54:04.112,A1,1,10897,-62.0,-88.8,-26.8,155.38,92,9538,14295,8103,20032,1073,441848033,1
2026-05-01T13:54:04.220,A1,1,10898,-62.2,-89.0,-26.8,110.26,100,5778,11026,16210,23788,1177,468652251,1
2026-05-01T13:54:04.339,A1,1,10899,-61.8,-88.8,-27.0,95.52,124,4903,11844,16918,25345,1200,414466589,1
2026-05-01T13:54:04.458,A1,1,10900,-61.9,-88.4,-26.6,147.63,112,6247,16535,14863,27401,1250,418642872,1
2026-05-01T13:54:04.578,A1,1,10901,-61.4,-88.3,-26.9,140.83,124,11804,17463,9869,27812,1238,449716168,1
2026-05-01T13:54:04.700,A1,1,10902,-62.3,-89.1,-26.8,94.28,120,6845,11314,16900,26445,1247,466967700,1
2026-05-01T13:54:04.820,A1,1,10903,-62.4,-89.2,-26.8,127.4,100,4074,12740,13754,21678,1132,418927736,1
2026-05-01T13:54:04.910,A1,1,10904,-61.9,-88.5,-26.6,111.31,112,7354,12467,13178,20124,1073,487036154,1
2026-05-01T13:54:05.028,A1,1,10905,-62.1,-88.2,-26.1,163.38,96,10459,15684,9540,21396,1114,417547213,1
2026-05-01T13:54:05.119,A1,1,10906,-62.3,-89.2,-26.9,147.54,108,8843,15934,10143,25707,1231,502388120,1
2026-05-01T13:54:05.278,A1,1,10907,-62.3,-89.9,-27.6,130.06,88,1466,11445,12819,20626,1100,712541302,1
2026-05-01T13:54:05.361,A1,1,10908,-62.1,-87.2,-25.1,150.21,108,8658,16223,14614,23850,1176,442214304,1
2026-05-01T13:54:05.478,A1,1,10909,-62.1,-89.1,-27.0,158.12,112,9382,17710,11207,30843,1338,405604481,1
2026-05-01T13:54:05.569,A1,1,10910,-62.0,-88.5,-26.5,127.76,100,5889,12776,14205,20470,1087,457658875,1
2026-05-01T13:54:05.689,A1,1,10911,-61.6,-88.6,-27.0,137.85,108,5187,14888,13367,23177,1139,460305643,1
2026-05-01T13:54:05.797,A1,1,10912,-62.1,-88.6,-26.5,132.55,112,4621,14846,12644,21102,1108,488254500,1
2026-05-01T13:54:05.901,A1,1,10913,-63.3,-89.6,-26.3,129.91,132,3000,17148,15959,33862,1461,416428463,1
2026-05-01T13:54:06.018,A1,1,10914,-62.6,-88.8,-26.2,162.18,104,8497,16867,10817,24950,1224,441052537,1
2026-05-01T13:54:06.138,A1,1,10915,-61.8,-88.8,-27.0,81.47,132,6686,10754,15195,22034,1120,740461250,1
2026-05-01T13:54:06.259,A1,1,10916,-62.8,-89.2,-26.4,136.92,100,9477,13692,9583,21184,1136,393924554,1
2026-05-01T13:54:06.350,A1,1,10917,-62.1,-89.4,-27.3,93.79,128,4505,12005,17378,29451,1309,405561331,1
2026-05-01T13:54:06.468,A1,1,10918,-63.0,-88.6,-25.6,106.48,124,8160,13204,17028,26294,1275,470187913,1
2026-05-01T13:54:06.558,A1,1,10919,-62.7,-88.2,-25.5,112.94,124,8201,14004,16100,24032,1204,418645124,1
2026-05-01T13:54:06.678,A1,1,10920,-61.9,-88.1,-26.3,137.56,124,8823,17058,11403,23946,1169,763771990,1
2026-05-01T13:54:06.768,A1,1,10921,-62.5,-88.5,-26.0,170.54,104,7984,17736,13275,27350,1277,423329383,1
2026-05-01T13:54:06.860,A1,1,10922,-62.8,-88.1,-25.3,159.7,96,9357,15331,11431,20291,1111,462604554,1
2026-05-01T13:54:07.009,A1,1,10923,-63.1,-88.7,-25.6,160.06,104,9351,16646,10604,23893,1218,390318242,1
2026-05-01T13:54:07.098,A1,1,10924,-63.0,-88.2,-25.2,146.59,116,9728,17005,11510,23276,1198,729348959,1
2026-05-01T13:54:07.189,A1,1,10925,-60.5,-88.7,-28.2,145.67,108,7821,15732,11305,26103,1166,519743997,1
2026-05-01T13:54:07.337,A1,1,10926,-62.6,-89.1,-26.5,125.57,120,7776,15069,10841,22946,1175,424907661,1
2026-05-01T13:54:07.430,A1,1,10927,-62.4,-88.4,-26.0,127.88,124,6977,15857,17383,29647,1326,723139250,1
2026-05-01T13:54:07.579,A1,1,10928,-90.5,-89.1,1.5,144.93,112,6533,16232,16232,3112,1388,453503093,1
2026-05-01T13:54:07.638,A1,1,10929,-62.4,-89.1,-26.6,132.75,128,3505,16992,14362,28907,1309,437198683,1
2026-05-01T13:54:07.758,A1,1,10930,-63.0,-89.5,-26.5,136.76,100,4831,13676,11615,20839,1133,458583390,1
2026-05-01T13:54:07.879,A1,1,10931,-61.7,-89.2,-27.4,141.5,92,2330,13018,14140,22979,1140,434205633,1
2026-05-01T13:54:07.998,A1,1,10932,-62.1,-88.7,-26.7,158.21,108,4373,17087,14965,29009,1296,467400337,1
2026-05-01T13:54:08.121,A1,1,10933,-62.8,-88.4,-25.6,147.45,120,6870,17694,13286,25687,1250,391392497,1
2026-05-01T13:54:08.243,A1,1,10934,-62.8,-88.5,-25.7,148.37,112,9669,16617,11535,24635,1226,395377057,1
2026-05-01T13:54:08.389,A1,1,10935,-61.7,-88.4,-26.7,118.05,128,2687,15110,17636,28122,1261,437543214,1
2026-05-01T13:54:08.420,A1,1,10936,-62.3,-88.5,-26.2,130.68,108,4767,14113,15413,23338,1172,438903138,1
2026-05-01T13:54:08.538,A1,1,10937,-62.9,-88.4,-25.5,146.03,112,6984,16355,13747,23889,1209,451561940,1
2026-05-01T13:54:08.659,A1,1,10938,-62.2,-88.6,-26.4,109.33,124,4195,13557,16661,24772,1202,457752895,1
2026-05-01T13:54:08.748,A1,1,10939,-61.4,-87.7,-26.2,135.68,124,8380,16824,14080,25780,1195,389816995,1
2026-05-01T13:54:08.838,A1,1,10940,-62.2,-88.1,-25.9,148.78,116,10213,17258,11254,24662,1199,505980299,1
2026-05-01T13:54:08.959,A1,1,10941,-62.5,-88.0,-25.5,187.92,92,10363,17289,11294,23867,1194,448020667,1
2026-05-01T13:54:09.108,A1,1,10942,-62.6,-89.0,-26.4,131.73,100,4372,13173,12300,19255,1075,440646088,1
2026-05-01T13:54:09.239,A1,1,10943,-62.0,-89.0,-27.0,112.76,116,1159,13080,16396,25421,1211,397442767,1
2026-05-01T13:54:09.386,A1,1,10944,-61.9,-89.3,-27.4,115.84,100,942,11584,14692,21822,1117,742661592,1
2026-05-01T13:54:09.386,A1,1,10945,-61.7,-88.6,-26.9,169.04,100,9760,16904,10215,26237,1218,456559581,1
2026-05-01T13:54:09.500,A1,1,10946,-62.4,-88.4,-26.0,163.34,104,6927,16987,13390,25390,1226,402046549,1
2026-05-01T13:54:09.621,A1,1,10947,-62.5,-88.9,-26.4,125.19,132,3088,16525,16927,30934,1356,454599825,1
2026-05-01T13:54:09.769,A1,1,10948,-62.5,-89.9,-27.5,83.47,116,4610,9683,14384,22307,1152,405174461,1
2026-05-01T13:54:09.829,A1,1,10949,-60.8,-89.2,-28.4,136.44,112,7019,15281,11257,27100,1198,392476918,1
2026-05-01T13:54:09.950,A1,1,10950,-61.4,-89.9,-28.5,99.94,124,3338,12392,11838,22461,1115,652965218,1
2026-05-01T13:54:10.105,A1,1,10951,-61.0,-89.3,-28.3,114.04,112,4660,12773,16289,30065,1270,456264405,1
2026-05-01T13:54:10.189,A1,1,10952,-62.1,-90.1,-28.0,86.9,124,3455,10775,12575,21028,1103,455319521,1
2026-05-01T13:54:10.279,A1,1,10953,-62.1,-89.1,-26.9,153.69,112,3593,17213,14126,29678,1314,402551892,1
2026-05-01T13:54:10.400,A1,1,10954,-62.2,-89.1,-26.9,149.4,108,2173,16135,14896,28195,1284,415454428,1
2026-05-01T13:54:10.520,A1,1,10955,-62.0,-89.9,-27.9,92.71,120,1302,11125,12576,20332,1082,743321250,1
2026-05-01T13:54:10.610,A1,1,10956,-61.9,-89.3,-27.4,121.28,120,8485,14554,8632,22338,1131,427374467,1
2026-05-01T13:54:10.728,A1,1,10957,-61.9,-89.7,-27.8,77.94,112,5765,8729,15032,22730,1140,441034445,1
2026-05-01T13:54:10.819,A1,1,10958,-62.2,-89.0,-26.8,140.7,120,4407,16884,13612,28135,1284,473046449,1
2026-05-01T13:54:10.938,A1,1,10959,-62.4,-89.3,-26.9,122.7,108,3538,13252,16596,28019,1290,402087943,1
2026-05-01T13:54:11.058,A1,1,10960,-61.2,-89.0,-27.8,126.83,128,5327,16234,12445,27203,1216,410041842,1
2026-05-01T13:54:11.178,A1,1,10961,-61.4,-89.8,-28.4,87.59,124,2354,10861,13624,22514,1114,481727512,1
2026-05-01T13:54:11.298,A1,1,10962,-61.3,-89.9,-28.5,136.74,92,1525,12580,11954,22519,1113,721705490,1
2026-05-01T13:54:11.419,A1,1,10963,-62.2,-89.5,-27.4,121.41,128,7365,15541,9256,24619,1198,592056882,1
2026-05-01T13:54:11.540,A1,1,10964,-62.2,-89.3,-27.1,114.94,112,3424,12873,17148,28965,1300,466205823,1
2026-05-01T13:54:11.660,A1,1,10965,-62.3,-89.5,-27.2,135.14,108,4185,14595,12237,24059,1190,668739123,1
2026-05-01T13:54:11.780,A1,1,10966,-62.0,-89.2,-27.2,114.54,124,892,14203,14328,24499,1187,421741478,1
2026-05-01T13:54:11.874,A1,1,10967,-61.9,-89.2,-27.3,149.31,100,8417,14931,9502,23314,1156,456140065,1
2026-05-01T13:54:11.988,A1,1,10968,-62.4,-89.2,-26.7,122.14,112,1696,13680,16910,27763,1283,475704047,1
2026-05-01T13:54:12.110,A1,1,10969,-62.9,-89.4,-26.5,84.77,132,4756,11190,17523,27298,1295,719336085,1
2026-05-01T13:54:12.229,A1,1,10970,-62.6,-89.1,-26.6,99.53,144,6921,14332,17974,33171,1410,721587014,1
2026-05-01T13:54:12.349,A1,1,10971,-61.9,-89.1,-27.2,140.7,112,5157,15758,15246,30305,1318,741134509,1
2026-05-01T13:54:12.439,A1,1,10972,-62.1,-89.5,-27.3,75.48,132,4672,9964,16924,26047,1230,440495622,1
2026-05-01T13:54:12.558,A1,1,10973,-61.7,-88.9,-27.2,153.3,100,8567,15330,9755,23413,1150,457958729,1
2026-05-01T13:54:12.708,A1,1,10974,-61.4,-89.6,-28.2,84.31,124,4604,10454,13142,20923,1074,439622011,1
2026-05-01T13:54:12.828,A1,1,10975,-62.5,-90.0,-27.5,129.46,92,2453,11910,12391,21149,1123,708976221,1
2026-05-01T13:54:12.918,A1,1,10976,-62.7,-89.5,-26.9,106.2,108,2781,11470,13718,20462,1111,464727381,1
2026-05-01T13:54:13.009,A1,1,10977,-62.4,-89.1,-26.7,113.9,148,5663,16857,15171,31409,1366,460201176,1
2026-05-01T13:54:13.130,A1,1,10978,-61.0,-89.3,-28.4,142.92,100,4503,14292,12707,25935,1179,406765953,1
2026-05-01T13:54:13.248,A1,1,10979,-62.0,-89.6,-27.6,117.56,124,7120,14577,10349,24805,1196,441464211,1
2026-05-01T13:54:13.339,A1,1,10980,-61.3,-89.8,-28.5,119.16,88,1576,10486,13777,22281,1106,458268116,1
2026-05-01T13:54:13.428,A1,1,10981,-62.0,-89.3,-27.4,91.31,120,1514,10957,15309,22349,1134,393873915,1
2026-05-01T13:54:13.580,A1,1,10982,-62.1,-88.7,-26.5,123.6,120,8250,14832,11744,22642,1148,707536222,1
2026-05-01T13:54:13.640,A1,1,10983,-62.5,-88.1,-25.6,129.77,132,10450,17129,11191,24202,1202,405491075,1
2026-05-01T13:54:21.711,A1,1,10984,-63.8,-88.2,-24.4,201.52,84,8667,16928,12359,21881,1194,456220841,1
2026-05-01T13:54:21.858,A1,1,10985,-64.1,-88.4,-24.3,169.99,80,13302,13599,7939,18600,1114,459817702,1
2026-05-01T13:54:21.950,A1,1,10986,-63.7,-88.7,-25.0,172.05,76,3072,13076,13109,17091,1053,391389851,1
2026-05-01T13:54:22.099,A1,1,10987,-63.3,-87.6,-24.3,174.22,92,11952,16028,9280,19884,1118,474499340,1
2026-05-01T13:54:22.187,A1,1,10988,-64.2,-87.0,-22.8,155.18,112,11357,17380,11549,20843,1183,450677169,1
2026-05-01T13:54:22.277,A1,1,10989,-63.6,-87.4,-23.8,161.12,92,13563,14823,9074,19224,1111,630426032,1
2026-05-01T13:54:22.398,A1,1,10990,-63.3,-87.4,-24.1,192.2,80,4116,15376,17426,22519,1190,754543770,1
2026-05-01T13:54:22.520,A1,1,10991,-63.8,-88.1,-24.3,172.26,96,6748,16537,13921,21479,1185,480630918,1
2026-05-01T13:54:22.639,A1,1,10992,-62.9,-88.1,-25.2,152.68,96,5426,14657,13921,19266,1088,408781708,1
2026-05-01T13:54:22.759,A1,1,10993,-64.0,-88.1,-24.0,204.7,80,8435,16376,11813,19418,1134,478715913,1
2026-05-01T13:54:22.878,A1,1,10994,-63.6,-88.3,-24.8,156.46,100,3874,15646,16728,23963,1240,404946233,1
2026-05-01T13:54:22.997,A1,1,10995,-63.3,-88.0,-24.7,169.62,92,11372,15605,8965,19112,1099,388275109,1
2026-05-01T13:54:23.089,A1,1,10996,-63.4,-88.4,-24.9,167.97,100,9942,16797,10439,22236,1189,452878363,1
2026-05-01T13:54:23.208,A1,1,10997,-63.7,-88.5,-24.9,181.64,84,6250,15258,13461,20930,1163,386252770,1
2026-05-01T13:54:23.297,A1,1,10998,-64.0,-88.5,-24.5,165.0,92,8825,15180,12064,20325,1158,435247514,1
2026-05-01T13:54:23.401,A1,1,10999,-62.9,-88.5,-25.6,147.7,116,5319,17133,14351,25657,1253,430884580,1
2026-05-01T13:54:23.507,A1,1,11000,-63.4,-88.6,-25.2,163.64,84,8813,13746,10292,17868,1064,455011843,1
2026-05-01T13:54:23.630,A1,1,11001,-63.2,-87.7,-24.5,175.74,96,6801,16871,14849,22926,1196,432048491,1
2026-05-01T13:54:23.748,A1,1,11002,-63.5,-88.7,-25.2,167.69,80,5142,13415,11984,17104,1046,733670552,1
2026-05-01T13:54:23.839,A1,1,11003,-63.7,-88.8,-25.1,156.17,108,7386,16866,11753,23335,1228,420411453,1
2026-05-01T13:54:23.957,A1,1,11004,-63.3,-88.9,-25.6,139.78,92,2140,12860,17524,24679,1248,729397127,1
2026-05-01T13:54:24.079,A1,1,11005,-63.1,-88.1,-25.0,202.36,84,3930,16998,16644,25501,1258,518530276,1
2026-05-01T13:54:24.200,A1,1,11006,-62.9,-88.3,-25.4,141.42,116,3713,16405,16754,26063,1263,566434297,1
2026-05-01T13:54:24.289,A1,1,11007,-63.9,-88.0,-24.2,204.98,84,8387,17218,12756,21589,1189,458938323,1
2026-05-01T13:54:24.447,A1,1,11008,-63.9,-87.4,-23.5,187.48,88,9943,16498,11187,19227,1124,759624890,1
2026-05-01T13:54:24.498,A1,1,11009,-63.0,-88.0,-25.0,199.59,80,5590,15967,14182,20883,1136,768564739,1
2026-05-01T13:54:24.590,A1,1,11010,-63.6,-87.1,-23.5,185.38,84,7201,15572,13339,18321,1084,395318312,1
2026-05-01T13:54:24.858,A1,1,11011,-63.5,-87.6,-24.2,186.38,88,9413,16401,11301,19667,1120,431345908,1
2026-05-01T13:54:24.858,A1,1,11012,-63.3,-88.8,-25.6,170.2,80,4738,13616,13723,20243,1129,485321306,1
2026-05-01T13:54:24.917,A1,1,11013,-63.8,-88.1,-24.3,177.69,100,10798,17769,10911,22831,1219,450855658,1
2026-05-01T13:54:25.039,A1,1,11014,-62.8,-88.1,-25.3,203.71,80,7886,16297,12860,21883,1156,760990213,1
2026-05-01T13:54:25.154,A1,1,11015,-63.2,-88.2,-25.0,160.99,108,6581,17387,14728,24964,1252,437173566,1
2026-05-01T13:54:25.232,A1,1,11016,-63.8,-88.9,-25.1,123.19,100,6006,12319,14795,20347,1152,437019711,1
2026-05-01T13:54:25.339,A1,1,11017,-63.2,-87.7,-24.5,169.35,84,4878,14225,16449,20565,1136,406332184,1
2026-05-01T13:54:25.428,A1,1,11018,-63.6,-88.3,-24.7,157.06,88,5543,13821,17937,23936,1241,439372862,1
2026-05-01T13:54:25.548,A1,1,11019,-62.1,-88.4,-26.3,142.62,100,2906,14262,15310,22478,1142,761261906,1
2026-05-01T13:54:25.649,A1,1,11020,-63.8,-88.4,-24.6,146.55,112,4411,16414,17643,26526,1314,437091717,1
2026-05-01T13:54:25.729,A1,1,11021,-62.6,-88.1,-25.5,149.39,116,8578,17329,12402,23828,1195,438687548,1
2026-05-01T13:54:25.866,A1,1,11022,-62.7,-88.2,-25.5,176.8,88,13326,15558,10279,23995,1205,481476445,1
2026-05-01T13:54:25.969,A1,1,11023,-62.4,-88.0,-25.7,149.31,100,5054,14931,17281,24740,1209,729113264,1
2026-05-01T13:54:26.058,A1,1,11024,-62.2,-88.1,-25.9,145.63,92,4792,13398,17380,23423,1171,454975620,1
2026-05-01T13:54:26.180,A1,1,11025,-62.6,-88.1,-25.5,148.3,104,13033,15423,10389,23396,1185,387685655,1
2026-05-01T13:54:26.270,A1,1,11026,-63.0,-88.0,-25.0,205.81,84,7293,17288,13619,23174,1195,708764751,1
2026-05-01T13:54:26.486,A1,1,11027,-62.3,-87.5,-25.3,174.36,96,5610,16739,16537,25595,1225,477461937,1
2026-05-01T13:54:26.489,A1,1,11028,-62.7,-88.1,-25.4,135.55,108,13730,14639,8283,21248,1134,584863584,1
2026-05-01T13:54:26.598,A1,1,11029,-63.3,-88.3,-25.0,139.71,104,12892,14530,8680,20445,1137,433720080,1
2026-05-01T13:54:26.689,A1,1,11030,-62.8,-87.5,-24.7,195.66,88,8648,17218,13829,23645,1199,389792583,1
2026-05-01T13:54:26.810,A1,1,11031,-63.6,-88.2,-24.6,159.24,112,9778,17835,11454,23350,1225,468010062,1
2026-05-01T13:54:26.928,A1,1,11032,-63.5,-88.5,-25.0,124.06,108,4697,13398,16651,22293,1194,767775669,1
2026-05-01T13:54:27.078,A1,1,11033,-64.0,-88.2,-24.2,169.63,100,6303,16963,15466,23916,1259,422401652,1
2026-05-01T13:54:27.169,A1,1,11034,-64.0,-88.2,-24.1,186.76,92,11103,17182,11543,22846,1230,403287523,1
2026-05-01T13:54:27.260,A1,1,11035,-63.8,-88.3,-24.5,143.77,92,5468,13227,16667,21000,1170,479111432,1
2026-05-01T13:54:27.385,A1,1,11036,-64.3,-88.7,-24.5,153.08,96,6314,14696,13050,19809,1155,428279108,1
2026-05-01T13:54:27.498,A1,1,11037,-63.8,-88.1,-24.3,163.02,104,7083,16954,15074,23548,1240,767938951,1
2026-05-01T13:54:27.599,A1,1,11038,-63.9,-87.8,-23.9,173.47,96,10196,16653,11653,20604,1163,422180365,1
2026-05-01T13:54:27.678,A1,1,11039,-63.6,-88.2,-24.6,138.88,112,6411,15555,17676,25489,1279,422629753,1
2026-05-01T13:54:27.769,A1,1,11040,-63.6,-88.0,-24.4,166.56,104,8474,17322,12888,22183,1193,438606011,1
2026-05-01T13:54:27.890,A1,1,11041,-63.8,-88.5,-24.7,150.22,104,11943,15623,11236,23295,1234,389759639,1
2026-05-01T13:54:28.008,A1,1,11042,-63.1,-88.0,-24.9,144.42,108,6970,15597,16430,24076,1224,759446516,1
2026-05-01T13:54:28.109,A1,1,11043,-63.8,-88.5,-24.7,136.01,100,5758,13601,16408,22365,1207,740583617,1
2026-05-01T13:54:28.190,A1,1,11044,-63.7,-88.8,-25.1,128.25,100,5508,12825,15152,20705,1158,438606779,1
2026-05-01T13:54:28.310,A1,1,11045,-64.0,-88.5,-24.6,159.83,92,6528,14704,14773,21587,1193,402488257,1
2026-05-01T13:54:28.431,A1,1,11046,-63.6,-88.9,-25.3,131.54,92,5149,12102,15573,21051,1162,767600836,1
2026-05-01T13:54:28.548,A1,1,11047,-64.3,-88.8,-24.5,187.32,88,7307,16484,13167,23339,1256,430716734,1
2026-05-01T13:54:28.699,A1,1,11048,-64.1,-88.3,-24.2,153.17,108,7649,16542,13394,22021,1211,396223853,1
2026-05-01T13:54:28.797,A1,1,11049,-64.0,-88.4,-24.4,159.53,108,7692,17229,13604,23792,1254,407128777,1
2026-05-01T13:54:28.908,A1,1,11050,-64.3,-88.7,-24.4,154.09,116,9885,17875,12296,26045,1327,446936212,1
2026-05-01T13:54:29.028,A1,1,11051,-64.0,-88.5,-24.5,143.53,116,7360,16650,14023,23944,1258,732268918,1
2026-05-01T13:54:29.126,A1,1,11052,-63.7,-88.4,-24.7,148.21,104,6382,15414,16830,25382,1284,549264911,1
2026-05-01T13:54:29.238,A1,1,11053,-63.8,-88.4,-24.6,136.13,112,6882,15247,14801,22372,1210,462019439,1
2026-05-01T13:54:29.360,A1,1,11054,-64.2,-88.8,-24.7,158.34,104,9161,16467,12231,24171,1272,740845245,1
2026-05-01T13:54:29.450,A1,1,11055,-64.0,-88.1,-24.2,164.55,104,10654,17113,11256,22028,1206,483896072,1
2026-05-01T13:54:29.599,A1,1,11056,-63.9,-88.4,-24.6,172.16,96,9989,16527,10985,21956,1199,707950977,1
2026-05-01T13:54:29.694,A1,1,11057,-63.5,-88.4,-24.9,175.5,96,5568,16848,15164,24813,1259,513476652,1
2026-05-01T13:54:29.778,A1,1,11058,-64.0,-88.3,-24.3,177.8,92,8404,16358,12193,21065,1181,412306244,1
2026-05-01T13:54:29.900,A1,1,11059,-63.8,-88.5,-24.7,170.24,104,8421,17705,12247,24248,1258,409773724,1
2026-05-01T13:54:30.019,A1,1,11060,-64.1,-88.6,-24.4,175.58,96,10859,16856,10455,23160,1243,736534810,1
2026-05-01T13:54:30.124,A1,1,11061,-63.9,-88.8,-24.9,149.82,92,3730,13783,16187,22591,1220,520847617,1
2026-05-01T13:54:30.198,A1,1,11062,-63.7,-88.9,-25.2,134.14,92,3515,12341,17003,23029,1222,420015429,1
2026-05-01T13:54:30.320,A1,1,11063,-63.8,-89.1,-25.2,143.16,104,4793,14889,13368,21861,1196,392266305,1
2026-05-01T13:54:30.440,A1,1,11064,-63.4,-89.2,-25.9,148.77,100,3633,14877,13339,22879,1203,428558010,1
2026-05-01T13:54:30.529,A1,1,11065,-63.1,-88.5,-25.4,140.33,112,4649,15717,15904,25214,1252,545755554,1
2026-05-01T13:54:30.648,A1,1,11066,-63.4,-88.6,-25.1,111.54,128,4301,14277,17958,25868,1282,658952204,1
2026-05-01T13:54:30.770,A1,1,11067,-62.9,-89.1,-26.1,104.57,112,4101,11712,16995,24317,1223,760834643,1
2026-05-01T13:54:30.858,A1,1,11068,-62.8,-89.1,-26.3,103.4,116,4371,11994,16468,24323,1218,489703758,1
2026-05-01T13:54:30.978,A1,1,11069,-63.1,-88.2,-25.1,137.25,124,6177,17019,14181,23734,1216,447666574,1
2026-05-01T13:54:31.098,A1,1,11070,-63.0,-88.6,-25.5,147.84,104,3819,15375,17408,26988,1292,404327496,1
2026-05-01T13:54:31.220,A1,1,11071,-63.0,-89.1,-26.1,133.75,96,3329,12840,15046,22340,1173,740967983,1
2026-05-01T13:54:31.308,A1,1,11072,-62.6,-88.3,-25.7,127.33,132,4590,16807,15953,26611,1264,388300906,1
2026-05-01T13:54:31.476,A1,1,11073,-63.3,-88.6,-25.3,160.91,108,4294,17378,15445,26987,1303,449773308,1
2026-05-01T13:54:31.521,A1,1,11074,-63.0,-89.1,-26.1,131.95,104,3548,13723,13169,20881,1136,389036858,1
2026-05-01T13:54:31.638,A1,1,11075,-63.4,-88.6,-25.2,159.46,104,3579,16584,15623,25488,1271,416927198,1
2026-05-01T13:54:31.744,A1,1,11076,-63.3,-89.0,-25.7,117.22,104,2961,12191,15673,21274,1158,391885692,1
2026-05-01T13:54:31.879,A1,1,11077,-63.4,-89.3,-25.9,120.06,88,4519,10565,15197,20413,1137,484661511,1
2026-05-01T13:54:31.939,A1,1,11078,-63.1,-89.4,-26.3,108.48,92,4245,9980,15275,20529,1130,760045505,1
2026-05-01T13:54:32.059,A1,1,11079,-63.3,-88.1,-24.8,186.15,88,10183,16381,10800,21046,1151,434776976,1
2026-05-01T13:54:32.179,A1,1,11080,-63.9,-88.5,-24.5,139.94,112,2007,15673,16490,23334,1240,477443510,1
2026-05-01T13:54:32.268,A1,1,11081,-63.9,-88.4,-24.4,147.82,104,4471,15373,13738,19508,1133,477318747,1
2026-05-01T13:54:32.432,A1,1,11082,-64.1,-88.5,-24.4,167.15,96,9967,16046,9950,20483,1170,398500234,1
2026-05-01T13:54:32.508,A1,1,11083,-63.2,-88.1,-24.9,183.45,80,2264,14676,16196,21091,1150,451209392,1
2026-05-01T13:54:32.629,A1,1,11084,-64.0,-88.0,-24.0,229.3,76,9106,17427,11798,21064,1179,412826322,1
2026-05-01T13:54:32.748,A1,1,11085,-64.2,-89.0,-24.8,187.39,72,3072,13492,13313,18229,1104,589184502,1
2026-05-01T13:54:32.838,A1,1,11086,-63.5,-88.5,-25.0,132.07,100,2534,13207,17349,22210,1192,487242567,1
2026-05-01T13:54:32.935,A1,1,11087,-77.5,-89.0,-11.5,137.12,88,2517,12067,14340,7148,1096,414281625,1
2026-05-01T13:54:33.019,A1,1,11088,-63.6,-89.1,-25.5,161.83,72,1857,11652,13553,17157,1050,435493044,1
2026-05-01T13:54:33.139,A1,1,11089,-62.9,-88.0,-25.1,178.43,96,6055,17129,13963,22652,1179,393535396,1
2026-05-01T13:54:33.259,A1,1,11090,-63.1,-87.9,-24.8,132.17,128,5812,16918,15800,24127,1226,413788470,1
2026-05-01T13:54:33.348,A1,1,11091,-62.2,-88.4,-26.1,144.88,92,5924,13329,17641,25818,1230,563153802,1
2026-05-01T13:54:33.516,A1,1,11092,-62.7,-88.2,-25.5,167.14,88,3270,14708,15205,20965,1127,393249575,1
2026-05-01T13:54:33.590,A1,1,11093,-63.5,-89.1,-25.6,128.75,100,2045,12875,13435,18748,1095,496034326,1
2026-05-01T13:54:33.701,A1,1,11094,-63.4,-88.5,-25.1,145.94,88,5316,12843,13856,18019,1068,437310912,1
2026-05-01T13:54:33.798,A1,1,11095,-63.2,-87.6,-24.3,145.65,96,3720,13982,16632,19930,1118,496961784,1
2026-05-01T13:54:33.918,A1,1,11096,-63.2,-88.8,-25.7,147.49,80,1429,11799,15029,18851,1085,718141110,1
2026-05-01T13:54:34.009,A1,1,11097,-63.3,-88.0,-24.7,147.21,104,5609,15310,17547,24100,1232,437789618,1
2026-05-01T13:54:34.137,A1,1,11098,-63.1,-88.5,-25.3,165.83,96,11674,15920,10767,24064,1225,438474618,1
2026-05-01T13:54:34.268,A1,1,11099,-63.2,-88.5,-25.3,180.49,76,4186,13717,17119,23902,1224,444404364,1
2026-05-01T13:54:34.338,A1,1,11100,-63.0,-88.7,-25.7,151.53,88,1432,13335,15296,20946,1136,766528782,1
2026-05-01T13:54:34.478,A1,1,11101,-63.5,-88.2,-24.6,170.56,96,5130,16374,14332,21508,1174,546456242,1
2026-05-01T13:54:34.549,A1,1,11102,-63.7,-88.4,-24.7,157.9,88,3130,13895,16745,21663,1186,423756733,1
2026-05-01T13:54:34.699,A1,1,11103,-63.4,-88.5,-25.1,143.4,96,1940,13766,16580,22011,1182,462831974,1
2026-05-01T13:54:34.849,A1,1,11104,-64.1,-88.9,-24.8,177.89,76,2754,13520,12892,17372,1077,390878018,1
2026-05-01T13:54:34.909,A1,1,11105,-64.0,-88.6,-24.6,164.79,84,4286,13842,13262,17753,1083,418727050,1
2026-05-01T13:54:34.999,A1,1,11106,-62.7,-87.2,-24.5,174.66,100,11254,17466,10905,22808,1175,476295823,1
2026-05-01T13:54:35.119,A1,1,11107,-63.4,-88.1,-24.7,164.15,96,9195,15758,11483,19951,1124,478379785,1
2026-05-01T13:54:35.239,A1,1,11108,-62.8,-87.8,-25.0,215.57,80,8006,17246,13030,22829,1179,409425658,1
2026-05-01T13:54:35.358,A1,1,11109,-63.8,-88.9,-25.1,137.7,96,4655,13219,13797,19266,1120,464639430,1
2026-05-01T13:54:35.508,A1,1,11110,-63.4,-88.1,-24.8,148.84,112,6346,16670,14318,22608,1197,472766000,1
2026-05-01T13:54:35.633,A1,1,11111,-63.2,-87.9,-24.8,172.64,100,7886,17264,12553,21867,1169,449589713,1
2026-05-01T13:54:35.719,A1,1,11112,-63.3,-88.5,-25.2,172.49,80,5951,13799,13481,19167,1099,452462641,1
2026-05-01T13:54:35.838,A1,1,11113,-63.6,-88.3,-24.8,164.92,92,11329,15173,10697,21112,1165,395266286,1
2026-05-01T13:54:35.958,A1,1,11114,-63.3,-87.4,-24.1,219.98,80,7139,17598,15968,24884,1252,412844479,1
2026-05-01T13:54:36.047,A1,1,11115,-63.4,-87.9,-24.5,197.03,88,11726,17339,10448,22755,1201,757407984,1
2026-05-01T13:54:36.170,A1,1,11116,-63.7,-86.8,-23.1,198.08,84,13271,16639,9904,20786,1160,477975463,1
2026-05-01T13:54:36.260,A1,1,11117,-63.7,-88.0,-24.3,194.7,80,8817,15576,11992,18947,1109,389379670,1
2026-05-01T13:54:36.379,A1,1,11118,-64.3,-87.2,-22.9,193.36,88,8984,17016,13086,20082,1166,429038695,1
2026-05-01T13:54:36.498,A1,1,11119,-63.7,-88.4,-24.7,158.26,84,5512,13294,13949,18076,1081,743360687,1
2026-05-01T13:54:36.619,A1,1,11120,-63.5,-87.1,-23.5,169.99,104,11992,17679,11485,22769,1208,743730206,1
2026-05-01T13:54:36.726,A1,1,11121,-64.0,-87.1,-23.1,194.87,84,6686,16369,15286,20535,1165,413171593,1
2026-05-01T13:54:36.797,A1,1,11122,-63.3,-87.2,-24.0,170.05,96,5752,16325,16321,22603,1192,476099870,1
2026-05-01T13:54:36.904,A1,1,11123,-64.1,-88.3,-24.3,182.57,84,5613,15336,13392,19120,1127,759335081,1
2026-05-01T13:54:36.979,A1,1,11124,-63.8,-87.7,-23.8,181.11,92,5378,16662,16320,22701,1217,450884611,1
2026-05-01T13:54:37.098,A1,1,11125,-64.1,-87.6,-23.5,196.37,84,8027,16495,13459,20072,1156,422497438,1
2026-05-01T13:54:37.250,A1,1,11126,-64.0,-87.8,-23.7,171.8,92,5170,15806,17045,22316,1216,449792315,1
2026-05-01T13:54:37.369,A1,1,11127,-64.1,-87.5,-23.4,160.25,116,12126,18589,11796,24289,1273,405818405,1
2026-05-01T13:54:37.488,A1,1,11128,-64.2,-88.1,-24.0,159.1,100,13269,15910,9555,21299,1194,462566271,1
2026-05-01T13:54:37.608,A1,1,11129,-63.9,-88.1,-24.2,171.61,88,8713,15102,11790,18201,1093,462696576,1
2026-05-01T13:54:37.760,A1,1,11130,-63.6,-87.3,-23.7,199.49,84,11604,16757,10071,20239,1143,719926463,1
2026-05-01T13:54:37.827,A1,1,11131,-63.7,-87.8,-24.2,164.7,92,5435,15152,17334,22642,1211,435054195,1
2026-05-01T13:54:37.908,A1,1,11132,-63.3,-88.5,-25.2,132.26,96,4367,12697,15596,19889,1119,454568764,1
2026-05-01T13:54:38.029,A1,1,11133,-63.6,-88.0,-24.3,190.9,88,5594,16799,14675,21681,1182,451551427,1
2026-05-01T13:54:38.131,A1,1,11134,-63.1,-88.3,-25.2,138.65,100,3526,13865,14974,19791,1109,416884343,1
2026-05-01T13:54:38.209,A1,1,11135,-63.3,-88.6,-25.3,145.89,84,4945,12255,17031,22371,1187,428663176,1
2026-05-01T13:54:38.360,A1,1,11136,-63.8,-86.9,-23.1,193.44,88,7221,17023,14587,20863,1165,437216049,1
2026-05-01T13:54:38.479,A1,1,11137,-63.5,-88.4,-25.0,173.04,80,2032,13843,17349,22743,1204,394276157,1
2026-05-01T13:54:38.598,A1,1,11138,-63.5,-88.5,-25.0,168.01,76,2412,12769,14130,17095,1046,457605545,1
2026-05-01T13:54:38.720,A1,1,11139,-63.8,-87.4,-23.6,196.88,80,7035,15750,14135,19395,1125,438782628,1
2026-05-01T13:54:38.839,A1,1,11140,-63.2,-88.5,-25.3,171.74,96,4011,16487,14925,24217,1231,459791956,1
2026-05-01T13:54:38.958,A1,1,11141,-64.3,-87.5,-23.2,197.57,84,6824,16596,14609,20303,1172,398853166,1
2026-05-01T13:54:39.079,A1,1,11142,-62.5,-86.2,-23.7,186.98,84,13624,15706,9594,20631,1108,442737270,1
2026-05-01T13:54:39.198,A1,1,11143,-63.3,-88.8,-25.5,168.8,80,501,13504,13439,18288,1075,454106612,1
2026-05-01T13:54:39.319,A1,1,11144,-62.4,-83.0,-20.6,196.94,88,11346,17331,13049,18976,1059,454033785,1
2026-05-01T13:54:39.467,A1,1,11145,-61.8,-87.0,-25.2,120.82,104,10927,12565,13138,19553,1054,409128866,1
2026-05-01T13:54:39.559,A1,1,11146,-63.4,-85.4,-22.0,164.65,104,9686,17124,14575,20955,1152,771062318,1
2026-05-01T13:54:39.648,A1,1,11147,-62.5,-86.3,-23.8,188.08,92,2417,17303,16921,23398,1181,450567415,1
2026-05-01T13:54:39.774,A1,1,11148,-62.9,-88.7,-25.7,143.92,100,6257,14392,16966,26784,1283,714330600,1
2026-05-01T13:54:39.890,A1,1,11149,-63.5,-89.9,-26.4,46.76,80,11856,3741,10962,17562,1061,467941473,1
2026-05-01T13:54:39.981,A1,1,11150,-62.7,-82.7,-20.1,231.64,64,12283,14825,12310,15927,980,437116949,1
2026-05-01T13:54:40.068,A1,1,11151,-63.9,-89.7,-25.8,161.6,72,5553,11635,11117,17288,1065,413361267,1
2026-05-01T13:54:40.189,A1,1,11152,-63.7,-84.1,-20.5,208.54,76,10162,15849,13669,16977,1048,428814132,1
2026-05-01T13:54:40.279,A1,1,11153,-63.6,-86.0,-22.4,207.4,80,8366,16592,14715,20145,1138,441168222,1
2026-05-01T13:54:40.399,A1,1,11154,-64.3,-89.1,-24.8,195.77,88,2051,17228,17269,30463,1436,396040075,1
2026-05-01T13:54:40.489,A1,1,11155,-63.8,-88.8,-25.0,172.71,72,1486,12435,13763,16962,1051,433070464,1
2026-05-01T13:54:40.607,A1,1,11156,-63.5,-86.4,-22.9,242.26,76,10091,18412,13406,23021,1211,410298193,1
2026-05-01T13:54:40.727,A1,1,11157,-63.3,-88.1,-24.8,187.89,88,7372,16534,12631,21136,1154,759119861,1
2026-05-01T13:54:40.820,A1,1,11158,-63.2,-88.4,-25.2,168.82,96,6993,16207,12830,22038,1175,489454108,1
2026-05-01T13:54:40.939,A1,1,11159,-63.6,-87.1,-23.4,187.16,92,10103,17219,11208,20185,1141,408091895,1
2026-05-01T13:54:41.030,A1,1,11160,-63.8,-88.7,-24.9,181.99,80,8374,14559,11520,19689,1132,437346578,1
2026-05-01T13:54:41.149,A1,1,11161,-62.2,-88.1,-26.0,191.77,80,4096,15342,14446,21652,1124,423286244,1
2026-05-01T13:54:41.238,A1,1,11162,-62.9,-87.9,-24.9,173.6,100,4919,17360,15581,24282,1222,390348706,1
2026-05-01T13:54:41.358,A1,1,11163,-92.3,-88.1,4.2,188.18,88,9805,16560,10920,1425,1154,453191645,1
2026-05-01T13:54:41.479,A1,1,11164,-62.6,-88.3,-25.6,170.17,96,3990,16336,15625,24700,1219,450150749,1
2026-05-01T13:54:41.568,A1,1,11165,-62.3,-88.0,-25.8,169.87,104,9571,17666,11506,24270,1193,411610532,1
2026-05-01T13:54:41.658,A1,1,11166,-62.7,-88.0,-25.4,164.67,104,5658,17126,14298,23475,1191,482689894,1
2026-05-01T13:54:41.748,A1,1,11167,-62.5,-88.5,-26.0,144.5,104,9511,15028,9950,20777,1112,452388821,1
2026-05-01T13:54:41.899,A1,1,11168,-62.6,-88.6,-26.0,158.43,92,977,14576,15616,23132,1179,458829267,1
2026-05-01T13:54:42.017,A1,1,11169,-63.1,-89.2,-26.1,140.77,92,3890,12951,12113,18413,1069,430690023,1
2026-05-01T13:54:42.138,A1,1,11170,-62.2,-88.5,-26.3,135.88,108,1245,14675,17026,25887,1228,422457727,1
2026-05-01T13:54:42.288,A1,1,11171,-62.3,-89.4,-27.1,113.41,92,1785,10434,14275,19494,1071,469214124,1
2026-05-01T13:54:42.348,A1,1,11172,-63.0,-89.4,-26.4,111.42,92,3329,10251,14065,18689,1073,433856198,1
2026-05-01T13:54:42.439,A1,1,11173,-63.0,-88.5,-25.5,175.57,96,5323,16855,13465,23895,1214,396834254,1
2026-05-01T13:54:42.588,A1,1,11174,-63.8,-89.4,-25.6,135.73,88,2837,11944,13280,18292,1091,732788046,1
2026-05-01T13:54:42.678,A1,1,11175,-63.6,-88.8,-25.2,173.23,88,4868,15244,11884,19682,1127,390415635,1
2026-05-01T13:54:42.769,A1,1,11176,-63.7,-88.5,-24.8,138.73,104,4021,14428,16872,23152,1223,459331330,1
2026-05-01T13:54:42.858,A1,1,11177,-63.5,-89.1,-25.5,135.68,80,4503,10854,14612,18613,1092,436198705,1
2026-05-01T13:54:42.980,A1,1,11178,-63.5,-89.0,-25.5,122.05,88,5686,10740,15836,20844,1154,466732662,1
2026-05-01T13:54:43.099,A1,1,11179,-64.0,-89.1,-25.1,146.76,92,3529,13502,12535,18261,1100,421616162,1
2026-05-01T13:54:43.218,A1,1,11180,-63.8,-88.7,-24.9,142.4,104,3606,14810,17136,25064,1278,713290186,1
2026-05-01T13:54:43.338,A1,1,11181,-63.6,-88.3,-24.7,171.97,100,7291,17197,12654,22548,1204,475554321,1
2026-05-01T13:54:43.429,A1,1,11182,-63.3,-88.6,-25.3,121.44,112,2848,13601,16580,22444,1190,391778629,1
2026-05-01T13:54:43.549,A1,1,11183,-63.6,-88.9,-25.3,140.28,92,2930,12906,14184,19005,1106,409069937,1
2026-05-01T13:54:43.668,A1,1,11184,-62.9,-88.6,-25.7,168.99,104,7393,17575,12857,25995,1263,396082550,1
2026-05-01T13:54:43.787,A1,1,11185,-62.4,-88.4,-26.0,179.99,88,6276,15839,13578,23216,1172,758744917,1
2026-05-01T13:54:43.907,A1,1,11186,-62.8,-88.9,-26.1,137.08,88,5310,12063,13617,19399,1087,436449291,1
2026-05-01T13:54:44.000,A1,1,11187,-62.9,-88.4,-25.5,179.36,96,8344,17219,11269,23308,1197,389523724,1
2026-05-01T13:54:44.089,A1,1,11188,-63.2,-88.4,-25.2,185.33,92,8972,17050,11647,23771,1220,449708771,1
2026-05-01T13:54:44.208,A1,1,11189,-63.6,-88.8,-25.1,178.24,80,5777,14259,12644,19487,1121,389808539,1
2026-05-01T13:54:44.298,A1,1,11190,-63.1,-87.6,-24.6,159.22,104,12064,16559,10009,21645,1158,391847280,1
2026-05-01T13:54:44.418,A1,1,11191,-63.8,-88.7,-24.9,167.66,80,6629,13413,14140,20248,1148,420392317,1
2026-05-01T13:54:44.539,A1,1,11192,-63.2,-88.1,-25.0,179.25,84,7181,15057,13837,20505,1132,405603318,1
2026-05-01T13:54:44.718,A1,1,11193,-63.1,-88.1,-24.9,182.8,88,7689,16086,13626,21741,1164,430217360,1
2026-05-01T13:54:44.778,A1,1,11194,-63.1,-88.1,-25.0,180.76,92,7454,16630,16178,25858,1270,737353768,1
2026-05-01T13:54:44.868,A1,1,11195,-63.7,-88.8,-25.0,143.61,100,12070,14361,8192,20358,1149,401021252,1
2026-05-01T13:54:44.959,A1,1,11196,-63.6,-89.0,-25.4,178.95,80,5451,14316,11986,19465,1118,483190725,1
2026-05-01T13:54:45.078,A1,1,11197,-62.9,-88.3,-25.4,161.52,96,6264,15506,17590,27387,1296,757232460,1
2026-05-01T13:54:45.170,A1,1,11198,-62.8,-88.3,-25.5,169.45,88,5299,14912,16724,24530,1222,477934414,1
2026-05-01T13:54:45.258,A1,1,11199,-62.8,-88.5,-25.7,154.83,92,5040,14244,17054,25087,1236,433675399,1
2026-05-01T13:54:45.377,A1,1,11200,-62.9,-88.5,-25.6,161.71,92,4297,14877,14010,21002,1134,764574651,1
2026-05-01T13:54:45.498,A1,1,11201,-63.1,-89.0,-25.9,147.43,104,10095,15333,10236,23450,1207,450520993,1
2026-05-01T13:54:45.589,A1,1,11202,-78.4,-89.3,-10.8,172.18,72,2132,12397,13739,6856,1109,431656553,1
2026-05-01T13:54:45.707,A1,1,11203,-62.4,-88.5,-26.1,183.21,80,2241,14657,16659,25020,1218,450679964,1
2026-05-01T13:54:45.798,A1,1,11204,-63.0,-88.5,-25.4,177.96,84,2476,14949,15332,22140,1171,764050388,1
2026-05-01T13:54:45.918,A1,1,11205,-62.6,-88.8,-26.2,140.04,104,6389,14564,12091,21375,1133,481338283,1
2026-05-01T13:54:46.008,A1,1,11206,-62.4,-88.3,-25.9,173.96,96,4422,16700,14813,24888,1214,430705576,1
2026-05-01T13:54:46.099,A1,1,11207,-62.6,-89.2,-26.6,158.34,80,2459,12667,12963,19280,1075,451330170,1
2026-05-01T13:54:46.188,A1,1,11208,-62.1,-88.3,-26.2,179.73,92,6784,16535,12365,23051,1158,434195536,1
2026-05-01T13:54:46.307,A1,1,11209,-62.6,-88.6,-25.9,168.1,96,3083,16138,16650,27354,1283,479194232,1
2026-05-01T13:54:46.458,A1,1,11210,-62.4,-88.7,-26.3,135.28,88,4662,11905,16763,23295,1174,436480716,1
2026-05-01T13:54:46.518,A1,1,11211,-62.9,-89.0,-26.0,160.79,96,4585,15436,12138,21802,1158,761859801,1
2026-05-01T13:54:46.669,A1,1,11212,-62.4,-88.3,-26.0,200.23,88,9637,17620,10893,25255,1221,463729431,1
2026-05-01T13:54:46.759,A1,1,11213,-62.9,-88.4,-25.5,178.11,96,5681,17099,13481,23943,1211,397367015,1
2026-05-01T13:54:46.848,A1,1,11214,-62.8,-89.2,-26.5,121.65,92,4821,11192,13712,19468,1088,435132484,1
2026-05-01T13:54:46.968,A1,1,11215,-63.4,-89.2,-25.9,161.6,88,4442,14221,11522,19639,1115,405703254,1
2026-05-01T13:54:47.090,A1,1,11216,-63.1,-89.2,-26.1,140.98,88,3818,12406,13677,20089,1119,413831234,1
2026-05-01T13:54:47.179,A1,1,11217,-62.6,-89.1,-26.5,131.58,84,2971,11053,14979,20256,1102,423205778,1
2026-05-01T13:54:47.329,A1,1,11218,-62.3,-88.6,-26.3,130.58,92,5506,12013,17536,25055,1214,435060572,1
2026-05-01T13:54:47.448,A1,1,11219,-62.6,-88.7,-26.1,141.74,84,4928,11906,16471,22760,1168,769035086,1
2026-05-01T13:54:47.508,A1,1,11220,-62.5,-88.5,-26.0,150.43,104,2296,15645,17659,27841,1290,436060732,1
2026-05-01T13:54:47.598,A1,1,11221,-62.7,-88.3,-25.6,163.96,100,8814,16396,10613,21743,1146,389547443,1
2026-05-01T13:54:47.720,A1,1,11222,-63.0,-89.0,-26.0,161.65,80,3063,12932,13223,19044,1085,498406651,1
2026-05-01T13:54:47.839,A1,1,11223,-63.0,-88.7,-25.8,150.48,80,3950,12038,16784,22512,1177,425714181,1
2026-05-01T13:54:47.958,A1,1,11224,-62.9,-88.4,-25.5,163.59,96,4570,15705,13785,21479,1148,395793471,1
2026-05-01T13:54:48.047,A1,1,11225,-62.9,-88.2,-25.3,185.03,92,6220,17023,13053,22584,1177,516161827,1
2026-05-01T13:54:48.170,A1,1,11226,-62.9,-88.3,-25.4,177.05,96,5411,16997,14154,24109,1215,461509284,1
2026-05-01T13:54:48.259,A1,1,11227,-62.8,-88.6,-25.9,148.26,92,1981,13640,16127,22737,1175,451235143,1
2026-05-01T13:54:48.378,A1,1,11228,-62.9,-88.4,-25.5,148.01,100,1688,14801,17014,24298,1219,429846847,1
2026-05-01T13:54:48.467,A1,1,11229,-62.4,-87.9,-25.6,187.59,92,9031,17258,11820,23155,1170,435288536,1
2026-05-01T13:54:48.588,A1,1,11230,-63.3,-88.6,-25.3,155.6,104,1807,16182,17140,26686,1297,771942469,1
2026-05-01T13:54:48.678,A1,1,11231,-63.6,-89.2,-25.5,139.84,96,1643,13425,12680,18439,1090,482553989,1
2026-05-01T13:54:48.799,A1,1,11232,-63.0,-88.6,-25.6,155.33,84,2153,13048,16936,22676,1182,451185995,1
2026-05-01T13:54:48.918,A1,1,11233,-63.1,-89.2,-26.0,133.34,92,1308,12267,14200,19650,1106,404288196,1
2026-05-01T13:54:49.038,A1,1,11234,-63.2,-88.7,-25.5,127.95,108,2195,13819,17000,23892,1222,397226635,1
2026-05-01T13:54:49.128,A1,1,11235,-63.3,-88.3,-25.0,138.7,120,4536,16644,14707,23215,1208,633144435,1
2026-05-01T13:54:49.249,A1,1,11236,-62.8,-88.1,-25.3,189.45,92,7734,17429,12514,23229,1191,434734060,1
2026-05-01T13:54:49.339,A1,1,11237,-62.8,-88.4,-25.5,163.15,100,3055,16315,16420,25727,1252,447876088,1
2026-05-01T13:54:49.458,A1,1,11238,-62.6,-88.7,-26.1,132.16,108,9175,14273,9547,19762,1089,434044494,1
2026-05-01T13:54:49.578,A1,1,11239,-63.1,-88.8,-25.8,136.14,104,8636,14159,10455,19914,1111,395900378,1
2026-05-01T13:54:49.667,A1,1,11240,-62.7,-88.7,-25.9,150.76,88,2633,13267,13641,18806,1068,386481377,1
2026-05-01T13:54:49.788,A1,1,11241,-62.9,-88.2,-25.4,195.92,88,7536,17241,12247,23104,1189,769668556,1
2026-05-01T13:54:49.938,A1,1,11242,-62.5,-88.6,-26.1,128.65,100,2660,12865,16377,22553,1161,608373776,1
2026-05-01T13:54:49.997,A1,1,11243,-62.8,-88.4,-25.6,143.12,116,4972,16602,14273,23895,1205,426999533,1
2026-05-01T13:54:50.088,A1,1,11244,-63.1,-88.6,-25.5,129.57,96,3147,12439,16645,21700,1160,399386374,1
2026-05-01T13:54:50.208,A1,1,11245,-63.0,-87.5,-24.5,156.18,108,9248,16867,11622,20887,1137,480645388,1
2026-05-01T13:54:50.328,A1,1,11246,-63.3,-88.9,-25.6,135.46,96,4128,13004,12668,17978,1065,756779065,1
2026-05-01T13:54:50.420,A1,1,11247,-63.1,-88.5,-25.4,146.51,100,1804,14651,14585,20713,1134,476427906,1
2026-05-01T13:54:50.509,A1,1,11248,-62.4,-87.2,-24.8,152.53,112,8748,17083,12381,22074,1143,757725573,1
2026-05-01T13:54:50.630,A1,1,11249,-62.6,-88.3,-25.8,170.74,92,3235,15708,14454,22240,1154,757643196,1
2026-05-01T13:54:50.718,A1,1,11250,-62.7,-88.1,-25.5,169.7,100,3499,16970,16273,25679,1244,403830638,1
2026-05-01T13:54:50.838,A1,1,11251,-62.5,-88.3,-25.8,185.46,92,5240,17062,14063,24556,1209,513774898,1
2026-05-01T13:54:50.960,A1,1,11252,-62.4,-88.1,-25.7,165.87,100,5142,16587,15024,24150,1195,460431699,1
2026-05-01T13:54:51.079,A1,1,11253,-62.4,-87.9,-25.5,189.62,92,9777,17445,11436,23615,1181,397299780,1
2026-05-01T13:54:51.170,A1,1,11254,-62.2,-87.7,-25.5,169.06,104,8872,17582,12320,23968,1184,521917530,1
2026-05-01T13:54:51.320,A1,1,11255,-62.9,-87.6,-24.7,177.29,96,8773,17020,12030,21531,1147,410335971,1
2026-05-01T13:54:51.409,A1,1,11256,-62.4,-88.2,-25.8,183.33,88,3905,16133,15002,23493,1179,454867700,1
2026-05-01T13:54:51.499,A1,1,11257,-62.6,-87.5,-24.9,188.26,92,10075,17320,11380,22641,1167,435029805,1
2026-05-01T13:54:51.618,A1,1,11258,-62.9,-88.5,-25.6,162.19,88,1650,14273,14343,20165,1113,395991361,1
2026-05-01T13:54:51.768,A1,1,11259,-62.9,-88.9,-26.0,167.55,80,2509,13404,12508,18306,1060,421955954,1
2026-05-01T13:54:51.859,A1,1,11260,-62.5,-88.5,-26.0,179.8,80,3918,14384,13236,19826,1086,476779130,1
2026-05-01T13:54:52.009,A1,1,11261,-62.6,-88.3,-25.7,164.88,92,1941,15169,15892,23041,1176,718777018,1
2026-05-01T13:54:52.097,A1,1,11262,-62.0,-88.5,-26.4,134.25,100,3225,13425,17605,25590,1215,424451340,1
2026-05-01T13:54:52.218,A1,1,11263,-62.2,-88.7,-26.5,178.92,84,7661,15029,11096,21606,1122,448531039,1
2026-05-01T13:54:52.338,A1,1,11264,-62.0,-88.1,-26.1,160.6,104,11377,16702,10070,24066,1176,727106061,1
2026-05-01T13:54:52.428,A1,1,11265,-61.4,-88.7,-27.2,153.4,88,2530,13499,16507,25638,1192,478423556,1
2026-05-01T13:54:52.518,A1,1,11266,-62.2,-88.8,-26.5,153.17,92,9515,14092,9108,20061,1083,434911315,1
2026-05-01T13:54:52.697,A1,1,11267,-62.5,-88.7,-26.1,162.28,96,9071,15579,9601,21489,1133,605491974,1
2026-05-01T13:54:52.758,A1,1,11268,-62.2,-88.7,-26.5,174.64,80,10675,13971,8853,20775,1103,481532705,1
2026-05-01T13:54:52.850,A1,1,11269,-61.9,-88.4,-26.6,186.13,84,9679,15635,9853,22293,1128,414982905,1
2026-05-01T13:54:52.968,A1,1,11270,-62.3,-88.9,-26.6,127.57,88,3781,11226,16486,22654,1154,454198886,1
2026-05-01T13:54:53.089,A1,1,11271,-62.0,-88.2,-26.3,152.29,108,5010,16447,14272,24246,1181,448869376,1
2026-05-01T13:54:53.208,A1,1,11272,-62.3,-88.1,-25.8,176.16,100,11658,17616,10169,25158,1216,519646649,1
2026-05-01T13:54:53.329,A1,1,11273,-62.0,-88.1,-26.0,211.15,80,10290,16892,10340,23157,1157,763773614,1
2026-05-01T13:54:53.419,A1,1,11274,-61.9,-88.4,-26.5,193.5,76,2834,14706,16017,24622,1188,424272884,1
2026-05-01T13:54:53.569,A1,1,11275,-61.3,-87.4,-26.1,156.88,108,12347,16943,9661,24694,1165,748645120,1
2026-05-01T13:54:53.629,A1,1,11276,-61.8,-88.6,-26.8,161.07,96,6169,15463,11825,22248,1126,398070445,1
2026-05-01T13:54:53.718,A1,1,11277,-61.9,-88.3,-26.4,156.67,96,3115,15040,15725,24191,1177,553841913,1
2026-05-01T13:54:53.808,A1,1,11278,-62.2,-88.9,-26.7,147.96,104,6014,15388,11428,22598,1149,498309114,1
2026-05-01T13:54:53.959,A1,1,11279,-62.3,-88.9,-26.7,141.13,100,10086,14113,9305,21716,1130,469646277,1
2026-05-01T13:54:54.048,A1,1,11280,-62.3,-88.7,-26.5,137.36,104,1982,14285,15318,23665,1179,468155659,1
2026-05-01T13:54:54.168,A1,1,11281,-61.9,-88.6,-26.7,162.78,88,1888,14325,15432,23820,1168,453334267,1
2026-05-01T13:54:54.318,A1,1,11282,-62.2,-88.8,-26.6,173.82,84,3476,14601,12869,21271,1114,715280210,1
2026-05-01T13:54:54.437,A1,1,11283,-61.8,-89.0,-27.2,146.79,96,3425,14092,12536,21514,1105,450427838,1
2026-05-01T13:54:54.497,A1,1,11284,-61.4,-88.7,-27.3,139.77,96,4044,13418,12979,20467,1064,441727285,1
2026-05-01T13:54:54.588,A1,1,11285,-60.8,-88.6,-27.8,150.47,92,6889,13843,12323,22477,1091,393574688,1
2026-05-01T13:54:54.708,A1,1,11286,-61.0,-87.7,-26.7,186.58,92,11900,17165,10161,25966,1181,409248370,1
2026-05-01T13:54:54.828,A1,1,11287,-62.1,-88.0,-26.0,154.6,108,10501,16697,10918,23380,1163,446719452,1
2026-05-01T13:54:54.948,A1,1,11288,-62.0,-88.9,-26.9,154.07,92,7106,14174,11760,21996,1124,734686267,1
2026-05-01T13:54:55.069,A1,1,11289,-62.3,-88.8,-26.4,166.61,88,8817,14662,11684,23053,1166,765084326,1
2026-05-01T13:54:55.188,A1,1,11290,-62.0,-88.1,-26.1,158.74,108,6471,17144,14695,25740,1216,505183221,1
2026-05-01T13:54:55.277,A1,1,11291,-61.8,-87.8,-26.0,171.91,104,11099,17879,11256,26149,1219,434019329,1
2026-05-01T13:54:55.398,A1,1,11292,-62.6,-88.8,-26.2,149.98,96,3996,14398,13284,21367,1134,426805770,1
2026-05-01T13:54:55.519,A1,1,11293,-62.1,-88.2,-26.0,179.66,96,5883,17247,15016,26329,1237,414863737,1
2026-05-01T13:54:55.638,A1,1,11294,-61.5,-87.1,-25.6,166.06,104,8817,17270,13765,25328,1187,446016894,1
2026-05-01T13:54:55.727,A1,1,11295,-62.2,-88.4,-26.2,149.59,96,9205,14361,11607,21298,1117,563125592,1
2026-05-01T13:54:55.848,A1,1,11296,-62.2,-87.6,-25.4,164.37,100,4856,16437,15957,24158,1187,387662711,1
2026-05-01T13:54:55.969,A1,1,11297,-61.9,-87.4,-25.5,165.02,104,6438,17162,15480,25482,1209,751403857,1
2026-05-01T13:54:56.058,A1,1,11298,-61.7,-88.7,-27.0,123.97,116,5257,14381,12130,20985,1087,759559691,1
2026-05-01T13:54:56.148,A1,1,11299,-62.0,-88.4,-26.4,164.62,96,11525,15804,9572,23636,1167,513949284,1
2026-05-01T13:54:56.269,A1,1,11300,-61.9,-88.3,-26.4,145.78,100,5775,14578,13281,21023,1095,478859521,1
2026-05-01T13:54:56.387,A1,1,11301,-61.3,-86.7,-25.4,170.71,96,13023,16388,9694,23450,1136,390728123,1
2026-05-01T13:54:56.537,A1,1,11302,-62.0,-88.3,-26.3,138.64,100,1984,13864,17483,24833,1195,395650964,1
2026-05-01T13:54:56.597,A1,1,11303,-62.1,-88.5,-26.4,145.36,92,4649,13373,13738,19758,1071,481031113,1
2026-05-01T13:54:56.717,A1,1,11304,-62.2,-87.9,-25.7,166.75,100,6740,16675,14618,24237,1188,439237008,1
2026-05-01T13:54:56.807,A1,1,11305,-61.9,-87.3,-25.4,190.08,92,10159,17487,11823,24199,1177,431974207,1
2026-05-01T13:54:56.928,A1,1,11306,-62.1,-88.5,-26.4,162.18,84,3925,13623,14356,20777,1096,450002690,1
2026-05-01T13:54:57.047,A1,1,11307,-61.9,-88.2,-26.3,133.44,108,12194,14411,8503,20962,1096,394466179,1
2026-05-01T13:54:57.138,A1,1,11308,-61.7,-87.6,-25.9,174.62,96,5238,16764,15663,25224,1195,414485326,1
2026-05-01T13:54:57.257,A1,1,11309,-62.3,-88.3,-26.0,157.11,104,8232,16339,12151,23367,1172,460350745,1
2026-05-01T13:54:57.385,A1,1,11310,-62.4,-87.2,-24.9,149.63,112,6487,16759,15085,23423,1176,459842362,1
2026-05-01T13:54:57.468,A1,1,11311,-62.4,-88.0,-25.6,169.55,100,2944,16955,17746,27522,1278,410698811,1
2026-05-01T13:54:57.588,A1,1,11312,-62.3,-87.2,-24.9,165.4,100,9318,16540,12141,21703,1130,449890207,1
2026-05-01T13:54:57.677,A1,1,11313,-61.9,-88.4,-26.5,114.46,116,2430,13277,16787,23538,1160,501980252,1
2026-05-01T13:54:57.800,A1,1,11314,-62.1,-87.5,-25.5,175.05,96,5303,16805,14831,23499,1166,421037432,1
2026-05-01T13:54:57.918,A1,1,11315,-62.1,-88.0,-26.0,182.99,92,9375,16835,11711,23380,1163,434529449,1
2026-05-01T13:54:58.008,A1,1,11316,-62.7,-88.4,-25.7,154.97,96,7928,14877,12621,21412,1138,405634934,1
2026-05-01T13:54:58.159,A1,1,11317,-63.2,-87.2,-24.1,191.74,96,9656,18407,12483,23627,1215,740430106,1
2026-05-01T13:54:58.248,A1,1,11318,-63.0,-88.0,-25.1,151.32,104,2845,15737,16647,23106,1193,397979654,1
2026-05-01T13:54:58.369,A1,1,11319,-62.7,-89.1,-26.4,115.24,100,1527,11524,15267,20631,1116,469687291,1
2026-05-01T13:54:58.458,A1,1,11320,-62.4,-89.4,-27.0,139.69,96,2554,13410,13486,22775,1160,415794804,1
2026-05-01T13:54:58.578,A1,1,11321,-62.5,-88.4,-25.9,168.25,88,6717,14806,9693,17482,1022,432374292,1
2026-05-01T13:54:58.699,A1,1,11322,-62.5,-88.5,-26.0,193.47,88,4181,17025,14700,25872,1243,388408360,1
2026-05-01T13:54:58.788,A1,1,11323,-62.2,-87.9,-25.7,146.42,120,8583,17570,15766,28472,1289,448513419,1
2026-05-01T13:54:58.878,A1,1,11324,-63.1,-88.1,-24.9,160.0,104,4351,16640,16589,24710,1241,388259845,1
2026-05-01T13:54:58.998,A1,1,11325,-63.8,-89.1,-25.3,130.24,96,5110,12503,15433,22059,1201,414960205,1
2026-05-01T13:54:59.148,A1,1,11326,-64.2,-88.7,-24.6,162.03,88,6112,14259,12774,18854,1123,401556528,1
2026-05-01T13:54:59.239,A1,1,11327,-63.5,-87.9,-24.4,175.37,100,6113,17537,15314,23850,1236,432429187,1
2026-05-01T13:54:59.359,A1,1,11328,-63.6,-88.3,-24.7,134.0,96,3234,12864,17139,20805,1158,475978233,1
2026-05-01T13:54:59.477,A1,1,11329,-63.6,-88.5,-25.0,153.58,92,3125,14129,16615,22706,1208,438657218,1
2026-05-01T13:54:59.569,A1,1,11330,-62.5,-87.1,-24.6,160.8,104,13087,16723,9720,22792,1165,437877050,1
2026-05-01T13:54:59.717,A1,1,11331,-64.1,-88.2,-24.1,177.95,92,7114,16371,13135,20335,1163,440979180,1
2026-05-01T13:54:59.841,A1,1,11332,-63.1,-88.1,-25.0,177.73,96,5394,17062,15786,24841,1243,388813375,1
2026-05-01T13:54:59.927,A1,1,11333,-62.5,-88.9,-26.4,173.52,84,8636,14576,9464,20574,1106,487791907,1
2026-05-01T13:55:00.048,A1,1,11334,-64.4,-88.1,-23.7,200.3,88,7796,17626,13208,21612,1213,468477877,1
2026-05-01T13:55:00.168,A1,1,11335,-62.9,-89.6,-26.7,156.09,76,1090,11863,12339,18356,1061,419758987,1
2026-05-01T13:55:00.287,A1,1,11336,-63.8,-88.4,-24.6,162.0,84,8308,13608,18331,26043,1302,404035351,1
2026-05-01T13:55:00.410,A1,1,11337,-62.5,-88.5,-26.0,150.97,88,5128,13285,15071,21474,1131,416097348,1
2026-05-01T13:55:00.528,A1,1,11338,-63.4,-84.6,-21.2,200.06,88,10946,17605,13572,20225,1133,727316480,1
2026-05-01T13:55:00.648,A1,1,11339,-62.3,-89.2,-26.9,136.2,76,5672,10351,11778,16365,980,445634241,1
2026-05-01T13:55:00.708,A1,1,11340,-62.8,-89.3,-26.5,159.95,100,7734,15995,10518,25117,1236,518774676,1
2026-05-01T13:55:00.797,A1,1,11341,-62.3,-88.2,-25.9,138.05,80,8398,11044,16160,21600,1128,447462862,1
2026-05-01T13:55:00.917,A1,1,11342,-63.0,-85.9,-22.8,167.2,88,7185,14714,14108,17273,1034,433467934,1
2026-05-01T13:55:01.037,A1,1,11343,-64.5,-86.7,-22.2,191.58,88,8265,16859,13462,18871,1135,765760812,1
2026-05-01T13:55:01.128,A1,1,11344,-63.1,-84.4,-21.3,233.62,76,12282,17755,11845,20158,1121,755950665,1
2026-05-01T13:55:01.248,A1,1,11345,-64.0,-88.6,-24.6,160.1,88,5097,14089,11783,16887,1057,494651899,1
2026-05-01T13:55:01.399,A1,1,11346,-64.0,-88.6,-24.5,187.79,92,1242,17277,17902,28129,1366,456156525,1
2026-05-01T13:55:01.459,A1,1,11347,-64.2,-88.2,-24.0,179.97,76,5843,13678,13943,17123,1073,476566537,1
2026-05-01T13:55:01.637,A1,1,11348,-63.9,-88.2,-24.3,178.13,92,10266,16388,12156,22253,1209,394322091,1
2026-05-01T13:55:01.698,A1,1,11349,-63.8,-88.9,-25.1,156.66,80,1901,12533,14213,18307,1093,426184715,1
2026-05-01T13:55:01.789,A1,1,11350,-62.6,-87.8,-25.2,164.78,92,7961,15160,12699,19817,1090,433322709,1
2026-05-01T13:55:01.878,A1,1,11351,-63.3,-87.5,-24.2,175.14,92,10947,16113,11448,20763,1144,452010527,1
2026-05-01T13:55:02.029,A1,1,11352,-63.7,-89.0,-25.3,123.02,100,4908,12302,14566,19964,1136,396426825,1
2026-05-01T13:55:02.148,A1,1,11353,-62.9,-88.3,-25.5,173.56,100,4513,17356,15501,26297,1268,457259938,1
2026-05-01T13:55:02.268,A1,1,11354,-63.0,-88.5,-25.5,153.56,96,2307,14742,15179,21766,1159,395414377,1
2026-05-01T13:55:02.387,A1,1,11355,-86.5,-87.7,-1.2,185.8,92,7079,17094,13797,4409,1176,393899634,1
2026-05-01T13:55:02.479,A1,1,11356,-63.2,-88.2,-25.0,181.97,100,7966,18197,13476,25279,1257,480398698,1
2026-05-01T13:55:02.569,A1,1,11357,-63.6,-88.5,-25.0,165.65,96,8584,15902,11200,21063,1163,433727566,1
2026-05-01T13:55:02.688,A1,1,11358,-63.8,-88.1,-24.4,202.99,84,11425,17051,9672,21614,1187,536481236,1
2026-05-01T13:55:02.809,A1,1,11359,-63.6,-88.2,-24.5,137.41,92,5801,12642,17656,21585,1180,472753809,1
2026-05-01T13:55:02.899,A1,1,11360,-63.3,-88.3,-25.0,121.25,104,5105,12610,17551,22297,1184,497639257,1
2026-05-01T13:55:03.019,A1,1,11361,-63.8,-87.5,-23.7,197.42,88,7188,17373,14288,21877,1193,725983543,1
2026-05-01T13:55:03.138,A1,1,11362,-63.7,-88.1,-24.4,167.73,100,11834,16773,11284,23106,1223,446485801,1
2026-05-01T13:55:03.227,A1,1,11363,-62.6,-88.2,-25.6,148.9,100,13698,14890,8587,22209,1156,453525536,1
2026-05-01T13:55:03.347,A1,1,11364,-63.9,-88.1,-24.2,147.56,104,3968,15346,17498,23017,1231,410693581,1
2026-05-01T13:55:03.469,A1,1,11365,-64.0,-87.5,-23.5,169.15,88,2679,14885,16978,20005,1149,458683133,1
2026-05-01T13:55:03.587,A1,1,11366,-64.4,-86.1,-21.7,167.39,108,13733,18078,10456,21321,1206,426909445,1
2026-05-01T13:55:03.709,A1,1,11367,-63.9,-88.1,-24.2,160.85,104,11723,16728,9903,21283,1182,437275847,1
2026-05-01T13:55:03.828,A1,1,11368,-63.0,-87.0,-24.1,143.6,124,5638,17807,16499,24955,1241,420050741,1
2026-05-01T13:55:03.949,A1,1,11369,-63.1,-88.2,-25.1,164.99,92,1948,15179,16926,23347,1206,453212537,1
2026-05-01T13:55:04.069,A1,1,11370,-62.9,-87.6,-24.6,137.53,128,5657,17604,15986,24997,1240,427235882,1
2026-05-01T13:55:04.158,A1,1,11371,-63.0,-88.1,-25.1,161.67,108,3743,17460,16471,25843,1263,432473260,1
2026-05-01T13:55:04.278,A1,1,11372,-62.7,-87.4,-24.7,181.74,96,8228,17447,13365,23126,1182,388326883,1
2026-05-01T13:55:04.367,A1,1,11373,-68.0,-88.7,-20.7,103.32,116,2528,11985,17188,15878,1175,436535960,1
2026-05-01T13:55:04.489,A1,1,11374,-63.3,-88.8,-25.4,135.88,104,1709,14132,17296,25056,1257,517021226,1
2026-05-01T13:55:04.609,A1,1,11375,-63.2,-88.0,-24.8,143.03,120,5992,17164,14245,22746,1194,439640630,1
2026-05-01T13:55:04.728,A1,1,11376,-63.2,-88.9,-25.6,129.36,116,10981,15006,8527,21622,1165,737959451,1
2026-05-01T13:55:04.847,A1,1,11377,-62.7,-88.6,-25.9,133.69,108,2307,14439,14107,20807,1122,504603261,1
2026-05-01T13:55:04.939,A1,1,11378,-62.4,-88.5,-26.1,122.49,140,2792,17148,16295,28602,1300,466947086,1
2026-05-01T13:55:05.059,A1,1,11379,-62.3,-88.6,-26.3,130.68,108,2480,14113,17087,25456,1224,465564334,1
2026-05-01T13:55:05.207,A1,1,11380,-62.5,-88.7,-26.2,145.48,104,12496,15130,8499,24004,1198,401457927,1
2026-05-01T13:55:05.267,A1,1,11381,-62.5,-88.3,-25.9,160.29,84,6639,13464,13654,19832,1086,433551969,1
2026-05-01T13:55:05.388,A1,1,11382,-64.1,-85.7,-21.6,214.6,80,6432,17168,17175,21466,1196,420931857,1
2026-05-01T13:55:05.509,A1,1,11383,-61.9,-88.3,-26.4,155.12,112,7827,17374,12148,25378,1206,410044162,1
2026-05-01T13:55:05.659,A1,1,11384,-63.9,-86.9,-23.0,189.59,88,7382,16684,15364,21247,1183,442194945,1
2026-05-01T13:55:05.747,A1,1,11385,-62.9,-88.9,-26.0,156.61,92,4454,14408,13515,21877,1160,725905932,1
2026-05-01T13:55:05.867,A1,1,11386,-63.2,-86.1,-22.9,181.0,92,5080,16652,16584,21442,1158,411557454,1
2026-05-01T13:55:05.959,A1,1,11387,-63.7,-87.4,-23.7,183.16,88,10005,16118,13091,20775,1162,479661533,1
2026-05-01T13:55:06.091,A1,1,11388,-62.2,-88.9,-26.7,174.87,84,4198,14689,12149,21023,1108,429667435,1
2026-05-01T13:55:06.168,A1,1,11389,-64.3,-87.1,-22.8,180.92,88,13300,15921,9674,19368,1142,758149481,1
2026-05-01T13:55:06.258,A1,1,11390,-62.3,-88.0,-25.7,150.31,100,3662,15031,16742,23474,1176,480089517,1
2026-05-01T13:55:06.377,A1,1,11391,-63.0,-87.2,-24.1,199.96,92,14434,18396,10689,26731,1285,394446042,1
2026-05-01T13:55:06.498,A1,1,11392,-63.6,-85.5,-21.9,200.28,88,12390,17625,11009,20203,1141,403442371,1
2026-05-01T13:55:06.619,A1,1,11393,-62.6,-86.6,-24.0,212.52,80,5985,17002,15780,22974,1174,417371104,1
2026-05-01T13:55:06.737,A1,1,11394,-62.9,-86.4,-23.5,221.36,72,11812,15938,8881,18243,1057,452441727,1
2026-05-01T13:55:06.858,A1,1,11395,-63.2,-87.4,-24.2,196.27,88,8685,17272,13442,22503,1186,421422601,1
2026-05-01T13:55:07.009,A1,1,11396,-64.6,-88.6,-24.0,158.49,88,3349,13947,15143,19259,1151,394564612,1
2026-05-01T13:55:07.099,A1,1,11397,-63.3,-85.7,-22.5,202.32,80,7293,16186,13946,18335,1074,461463971,1
2026-05-01T13:55:07.218,A1,1,11398,-63.3,-86.9,-23.6,193.86,76,4215,14733,15255,18240,1072,390604863,1
2026-05-01T13:55:07.398,A1,1,11399,-64.2,-85.7,-21.5,213.79,84,12976,17958,10902,20515,1175,445208010,1
2026-05-01T13:55:07.457,A1,1,11400,-63.8,-88.4,-24.6,162.44,88,10129,14295,9860,17852,1078,433612532,1
2026-05-01T13:55:07.579,A1,1,11401,-63.4,-87.2,-23.8,174.36,80,4890,13949,14344,16775,1032,467792375,1
2026-05-01T13:55:07.669,A1,1,11402,-63.7,-85.0,-21.4,159.02,104,13435,16538,10381,18737,1100,410378324,1
2026-05-01T13:55:07.759,A1,1,11403,-63.9,-87.2,-23.3,190.25,76,14120,14459,8559,18379,1097,421438125,1
2026-05-01T13:55:07.889,A1,1,11404,-63.7,-86.2,-22.6,188.14,80,7801,15051,14060,17593,1066,480328936,1
2026-05-01T13:55:07.998,A1,1,11405,-63.5,-87.0,-23.5,201.32,84,10260,16911,12251,20926,1158,408108169,1
2026-05-01T13:55:08.089,A1,1,11406,-63.1,-87.7,-24.6,192.52,92,10742,17712,11452,23451,1206,472777966,1
2026-05-01T13:55:08.209,A1,1,11407,-62.6,-87.8,-25.2,194.52,88,11300,17118,10523,23086,1178,426969759,1
2026-05-01T13:55:08.298,A1,1,11408,-62.6,-87.7,-25.1,169.61,96,5573,16283,16945,25163,1229,448265025,1
2026-05-01T13:55:08.447,A1,1,11409,-63.5,-88.2,-24.7,128.76,88,7591,11331,17054,20745,1150,451890360,1
2026-05-01T13:55:08.508,A1,1,11410,-63.7,-88.9,-25.1,174.3,84,2385,14641,14596,21503,1182,423102405,1
2026-05-01T13:55:08.629,A1,1,11411,-63.8,-87.5,-23.7,199.35,84,5036,16745,14230,19895,1140,445541138,1
2026-05-01T13:55:08.748,A1,1,11412,-64.2,-88.1,-24.0,180.98,80,2957,14478,16721,20336,1167,392533836,1
2026-05-01T13:55:08.926,A1,1,11413,-63.8,-88.4,-24.6,163.5,92,2650,15042,17432,23725,1242,433038139,1
2026-05-01T13:55:08.987,A1,1,11414,-63.6,-89.2,-25.5,132.47,108,1414,14307,14306,22047,1192,419590711,1
2026-05-01T13:55:09.108,A1,1,11415,-63.9,-88.1,-24.2,197.72,92,3882,18190,16234,25328,1289,422400381,1
2026-05-01T13:55:09.197,A1,1,11416,-63.5,-87.5,-24.0,185.54,92,7643,17070,12174,19998,1130,736240895,1
2026-05-01T13:55:09.319,A1,1,11417,-63.4,-88.1,-24.8,161.08,104,3020,16752,16884,24796,1254,431448325,1
2026-05-01T13:55:09.438,A1,1,11418,-63.6,-88.1,-24.5,184.69,96,5713,17730,13485,22235,1195,723930279,1
2026-05-01T13:55:09.527,A1,1,11419,-63.5,-88.2,-24.7,181.55,96,11078,17429,10855,23838,1234,497739371,1
2026-05-01T13:55:09.647,A1,1,11420,-63.2,-87.9,-24.7,183.39,92,6257,16872,16072,24484,1239,393294401,1
2026-05-01T13:55:09.737,A1,1,11421,-63.2,-86.3,-23.1,151.81,108,5716,16395,18107,23608,1217,409901124,1
2026-05-01T13:55:09.859,A1,1,11422,-63.5,-84.6,-21.1,186.21,92,9230,17131,13816,18711,1093,494371758,1
2026-05-01T13:55:09.978,A1,1,11423,-63.9,-85.8,-21.9,185.8,88,8587,16350,13581,18172,1092,716230056,1
2026-05-01T13:55:10.129,A1,1,11424,-63.4,-88.7,-25.2,157.76,80,4122,12621,15305,19910,1126,433442445,1
2026-05-01T13:55:10.187,A1,1,11425,-63.1,-86.4,-23.3,200.74,88,11942,17665,11396,22343,1178,721737918,1
2026-05-01T13:55:10.309,A1,1,11426,-64.6,-86.3,-21.7,231.64,72,9756,16678,12836,18423,1126,507591696,1
2026-05-01T13:55:10.428,A1,1,11427,-63.2,-88.1,-24.9,172.73,84,7462,14509,12880,18826,1086,432945916,1
2026-05-01T13:55:10.518,A1,1,11428,-63.9,-88.1,-24.1,174.0,84,4200,14616,14958,18540,1105,447479849,1
2026-05-01T13:55:10.638,A1,1,11429,-64.6,-86.6,-22.0,192.77,88,10490,16964,12469,19294,1154,465754012,1
2026-05-01T13:55:10.729,A1,1,11430,-63.6,-87.7,-24.1,163.32,92,4553,15025,16833,21389,1172,409006142,1
2026-05-01T13:55:10.849,A1,1,11431,-64.5,-88.3,-23.8,153.06,100,13071,15306,8829,20216,1177,496807366,1
2026-05-01T13:55:10.968,A1,1,11432,-64.3,-86.9,-22.7,185.55,92,5841,17071,16533,21891,1214,392933472,1
2026-05-01T13:55:11.058,A1,1,11433,-64.0,-85.7,-21.7,179.94,100,11041,17994,13414,21327,1189,523119460,1
2026-05-01T13:55:11.177,A1,1,11434,-64.4,-87.6,-23.1,194.62,84,8061,16348,14618,20569,1184,458178438,1
2026-05-01T13:55:11.297,A1,1,11435,-65.1,-87.7,-22.6,127.73,140,5839,17882,16764,23131,1284,395290218,1
2026-05-01T13:55:11.419,A1,1,11436,-63.7,-85.0,-21.3,190.71,96,13480,18308,12348,22180,1199,759494962,1
2026-05-01T13:55:11.538,A1,1,11437,-64.3,-86.5,-22.3,179.45,96,5290,17227,16559,21274,1197,415437436,1
2026-05-01T13:55:11.628,A1,1,11438,-64.3,-86.8,-22.4,184.08,96,6398,17672,16001,21857,1217,387792440,1
2026-05-01T13:55:11.747,A1,1,11439,-63.9,-88.0,-24.1,155.95,92,4168,14347,17644,21493,1190,494691152,1
2026-05-01T13:55:11.869,A1,1,11440,-64.0,-85.9,-22.0,207.29,76,14703,15754,9878,19561,1136,465417348,1
2026-05-01T13:55:11.959,A1,1,11441,-63.8,-85.4,-21.7,209.45,80,9319,16756,12755,18074,1085,460576382,1
2026-05-01T13:55:12.078,A1,1,11442,-63.9,-88.1,-24.2,177.99,80,2192,14239,17516,21394,1186,496983775,1
2026-05-01T13:55:12.198,A1,1,11443,-64.0,-85.9,-21.9,196.63,84,7724,16517,15475,19851,1144,387714042,1
2026-05-01T13:55:12.318,A1,1,11444,-64.3,-88.9,-24.6,117.49,96,7093,11279,17835,23838,1269,717115490,1
2026-05-01T13:55:12.437,A1,1,11445,-64.3,-89.1,-24.8,155.31,84,2844,13046,14251,19255,1140,393558144,1
2026-05-01T13:55:12.528,A1,1,11446,-63.1,-88.3,-25.2,160.44,96,6403,15402,17131,26167,1274,432129978,1
2026-05-01T13:55:12.649,A1,1,11447,-63.2,-87.7,-24.5,170.27,88,6065,14984,16651,22256,1181,395048827,1
2026-05-01T13:55:12.827,A1,1,11448,-63.4,-85.9,-22.5,181.99,96,5622,17471,16116,21523,1168,411081834,1
2026-05-01T13:55:12.919,A1,1,11449,-62.8,-88.7,-25.8,191.0,80,8910,15280,9755,20646,1122,768391106,1
2026-05-01T13:55:12.979,A1,1,11450,-62.3,-85.2,-23.0,192.36,92,11713,17697,11637,21854,1132,424925021,1
2026-05-01T13:55:13.127,A1,1,11451,-62.9,-83.9,-21.1,203.28,88,13560,17889,11265,20603,1122,760419337,1
2026-05-01T13:55:13.188,A1,1,11452,-63.5,-87.2,-23.6,167.36,88,8787,14728,14158,19286,1112,432284361,1
2026-05-01T13:55:13.339,A1,1,11453,-65.0,-88.5,-23.5,192.43,76,4382,14625,13850,17835,1126,386856640,1
2026-05-01T13:55:13.460,A1,1,11454,-63.9,-85.7,-21.8,198.75,84,9908,16695,12856,18666,1107,410313904,1
2026-05-01T13:55:13.548,A1,1,11455,-64.2,-87.7,-23.5,183.34,76,12616,13934,9481,17194,1073,447511971,1
2026-05-01T13:55:13.637,A1,1,11456,-64.0,-86.8,-22.8,211.04,80,12826,16883,9921,20223,1157,481853782,1
2026-05-01T13:55:13.758,A1,1,11457,-62.8,-82.3,-19.4,220.37,76,13918,16748,10736,17231,1026,463602193,1
2026-05-01T13:55:13.878,A1,1,11458,-63.4,-85.5,-22.2,171.68,88,14488,15108,10352,19236,1104,713503739,1
2026-05-01T13:55:13.969,A1,1,11459,-63.5,-87.1,-23.6,190.5,88,7893,16764,15616,22871,1207,431802328,1
2026-05-01T13:55:14.087,A1,1,11460,-62.9,-88.5,-25.6,132.55,88,6162,11664,17176,22738,1182,494735060,1
2026-05-01T13:55:14.208,A1,1,11461,-64.1,-88.0,-23.8,199.21,76,12379,15140,8715,18111,1100,729848069,1
2026-05-01T13:55:14.297,A1,1,11462,-62.7,-87.8,-25.1,168.22,100,6396,16822,14195,22642,1171,414692335,1
2026-05-01T13:55:14.388,A1,1,11463,-63.8,-88.0,-24.2,191.01,80,9074,15281,11627,18408,1096,427960798,1
2026-05-01T13:55:14.509,A1,1,11464,-63.1,-84.1,-21.0,190.05,88,15060,16724,9830,19600,1105,387756236,1
2026-05-01T13:55:14.629,A1,1,11465,-62.9,-89.0,-26.0,143.07,80,7421,11446,13035,19149,1084,451034172,1
2026-05-01T13:55:14.747,A1,1,11466,-63.9,-88.0,-24.2,199.64,88,8474,17568,13250,22580,1216,401268501,1
2026-05-01T13:55:14.867,A1,1,11467,-63.9,-87.7,-23.8,187.84,96,7990,18033,13809,22871,1225,452445750,1
2026-05-01T13:55:14.989,A1,1,11468,-64.1,-89.2,-25.1,154.95,80,2825,12396,13875,18490,1109,519396920,1
2026-05-01T13:55:15.108,A1,1,11469,-63.9,-88.2,-24.4,174.8,96,4090,16781,14575,21773,1194,386613531,1
2026-05-01T13:55:15.229,A1,1,11470,-63.1,-88.9,-25.8,163.75,92,8110,15065,9933,20595,1130,490575775,1
2026-05-01T13:55:15.317,A1,1,11471,-62.8,-87.3,-24.5,173.2,92,7552,15934,16812,24648,1223,433405966,1
2026-05-01T13:55:15.469,A1,1,11472,-63.3,-88.8,-25.5,154.14,96,4269,14797,11818,18975,1092,714440754,1
2026-05-01T13:55:15.527,A1,1,11473,-63.4,-86.4,-23.0,195.67,88,4698,17219,16103,21556,1171,447336138,1
2026-05-01T13:55:15.647,A1,1,11474,-63.3,-86.4,-23.1,222.81,80,9625,17825,12522,21341,1160,408092502,1
2026-05-01T13:55:23.809,A1,1,11475,-63.0,-84.0,-21.0,186.66,92,13205,17173,10720,19060,1084,391019959,1
2026-05-01T13:55:23.928,A1,1,11476,-62.8,-83.0,-20.2,224.55,76,14078,17066,10834,18705,1068,725976545,1
2026-05-01T13:55:24.046,A1,1,11477,-63.3,-83.9,-20.6,212.45,84,8406,17846,15403,19785,1118,405462118,1
2026-05-01T13:55:24.168,A1,1,11478,-63.4,-85.5,-22.1,223.01,68,6922,15165,15029,17673,1058,466694629,1
2026-05-01T13:55:24.287,A1,1,11479,-63.4,-82.8,-19.3,233.25,72,12794,16794,11774,16953,1039,476931533,1
2026-05-01T13:55:24.378,A1,1,11480,-63.3,-84.8,-21.5,226.74,80,10236,18139,13135,20495,1135,403152960,1
2026-05-01T13:55:24.499,A1,1,11481,-62.9,-83.0,-20.2,225.55,76,10076,17142,13751,17964,1048,430526488,1
2026-05-01T13:55:24.618,A1,1,11482,-63.1,-83.9,-20.7,236.68,72,6408,17041,16970,19814,1110,464662697,1
2026-05-01T13:55:24.736,A1,1,11483,-63.5,-83.2,-19.7,230.18,80,15486,18414,11615,21209,1165,399925595,1
2026-05-01T13:55:24.828,A1,1,11484,-63.3,-82.6,-19.2,216.4,80,9955,17312,14758,17769,1060,437742923,1
2026-05-01T13:55:24.948,A1,1,11485,-63.1,-84.6,-21.5,184.51,88,7465,16237,17372,20947,1141,474079048,1
2026-05-01T13:55:25.038,A1,1,11486,-62.9,-88.5,-25.6,174.61,88,9544,15366,10174,20944,1135,752277956,1
2026-05-01T13:55:25.157,A1,1,11487,-63.2,-87.9,-24.7,180.26,92,6913,16584,13961,21702,1165,429705985,1
2026-05-01T13:55:33.346,A1,1,11488,-64.3,-88.7,-24.3,158.4,88,7961,13939,11138,17383,1084,462684691,1
2026-05-01T13:55:33.438,A1,1,11489,-64.2,-88.3,-24.2,189.81,80,4380,15185,13086,18029,1099,393176011,1
2026-05-01T13:55:33.557,A1,1,11490,-64.1,-87.5,-23.4,199.23,88,7382,17532,13653,21082,1185,459472904,1
2026-05-01T13:55:33.677,A1,1,11491,-63.9,-87.5,-23.6,197.6,84,4183,16598,16519,22036,1202,405438278,1
2026-05-01T13:55:33.799,A1,1,11492,-63.7,-88.4,-24.6,157.74,84,2448,13250,16835,20636,1158,435057632,1
2026-05-01T13:55:33.979,A1,1,11493,-63.5,-88.1,-24.5,160.35,88,3289,14111,16726,20497,1146,398323230,1
2026-05-01T13:55:34.037,A1,1,11494,-63.6,-87.5,-23.8,219.25,76,11801,16663,10140,20591,1153,458865049,1
2026-05-01T13:55:34.156,A1,1,11495,-63.5,-86.0,-22.5,183.7,92,9383,16900,13301,19852,1127,392458618,1
2026-05-01T13:55:34.247,A1,1,11496,-62.9,-86.4,-23.5,175.34,88,8995,15430,12757,18643,1069,429441090,1
2026-05-01T13:55:34.339,A1,1,11497,-82.6,-87.2,-4.6,170.3,88,10744,14986,12034,5071,1101,416931128,1
2026-05-01T13:55:34.486,A1,1,11498,-62.9,-86.2,-23.3,200.52,80,9369,16042,13182,19775,1100,757538570,1
2026-05-01T13:55:34.608,A1,1,11499,-63.3,-87.7,-24.4,166.5,88,13531,14652,8369,19259,1101,443860180,1
2026-05-01T13:55:34.667,A1,1,11500,-63.1,-86.7,-23.6,186.56,84,12829,15671,10163,20023,1116,428749727,1
2026-05-01T13:55:34.786,A1,1,11501,-63.1,-86.3,-23.2,191.84,80,8506,15347,13510,18527,1075,447638530,1
2026-05-01T13:55:34.908,A1,1,11502,-63.1,-85.7,-22.6,185.34,92,8628,17051,14478,20917,1139,442716872,1
2026-05-01T13:55:34.997,A1,1,11503,-63.4,-86.5,-23.1,188.02,84,5969,15794,16770,21297,1161,491260578,1
2026-05-01T13:55:35.116,A1,1,11504,-63.1,-86.1,-23.0,252.34,68,9331,17159,12779,20401,1126,527641419,1
2026-05-01T13:55:35.236,A1,1,11505,-63.9,-88.1,-24.2,182.13,76,8584,13842,12154,17076,1058,733389450,1
2026-05-01T13:55:35.328,A1,1,11506,-62.9,-87.9,-25.0,189.5,72,3776,13644,17566,21777,1156,475061981,1
2026-05-01T13:55:35.449,A1,1,11507,-63.4,-88.2,-24.8,171.17,76,3008,13009,14946,17482,1054,418416285,1
2026-05-01T13:55:35.597,A1,1,11508,-63.3,-88.1,-24.8,165.4,84,3901,13894,17080,21371,1160,770469592,1
2026-05-01T13:55:35.687,A1,1,11509,-63.0,-88.1,-25.0,176.5,80,6524,14120,13379,18254,1063,490592919,1
2026-05-01T13:55:35.776,A1,1,11510,-63.6,-85.7,-22.1,183.03,92,9185,16839,13908,19652,1126,418424183,1
2026-05-01T13:55:35.959,A1,1,11511,-63.8,-88.0,-24.2,189.26,92,10449,17412,13382,24164,1256,722630878,1
2026-05-01T13:55:36.019,A1,1,11512,-63.2,-87.8,-24.6,151.69,104,5787,15776,15751,22103,1177,469223763,1
2026-05-01T13:55:36.108,A1,1,11513,-63.5,-86.6,-23.1,151.94,120,13797,18233,10437,23773,1234,475719483,1
2026-05-01T13:55:36.227,A1,1,11514,-62.8,-88.2,-25.4,172.29,100,5002,17229,16083,26158,1262,497543179,1
2026-05-01T13:55:36.347,A1,1,11515,-62.7,-87.6,-24.9,198.88,88,8816,17501,12676,23233,1184,390474214,1
2026-05-01T13:55:36.469,A1,1,11516,-62.9,-88.6,-25.7,141.12,92,6090,12983,16673,24041,1212,406434984,1
2026-05-01T13:55:36.589,A1,1,11517,-64.2,-88.3,-24.1,170.84,80,12898,13667,7784,17621,1086,769870133,1
2026-05-01T13:55:36.706,A1,1,11518,-91.1,-88.7,2.4,114.58,96,6468,11000,17108,2011,1192,507937076,1
2026-05-01T13:55:36.856,A1,1,11519,-64.2,-88.2,-24.0,183.26,96,5949,17593,13749,21867,1211,413556225,1
2026-05-01T13:55:36.948,A1,1,11520,-64.1,-86.4,-22.3,186.97,96,13692,17949,10189,21863,1205,473658100,1
2026-05-01T13:55:37.069,A1,1,11521,-63.5,-85.1,-21.6,200.43,88,13714,17638,11282,21240,1164,448294180,1
2026-05-01T13:55:37.188,A1,1,11522,-63.2,-87.7,-24.4,205.8,84,12442,17287,9866,22729,1194,409805923,1
2026-05-01T13:55:37.277,A1,1,11523,-63.1,-88.2,-25.1,173.52,84,2357,14576,16466,21919,1169,492797609,1
2026-05-01T13:55:37.366,A1,1,11524,-63.4,-84.2,-20.8,213.55,84,13652,17938,12336,21216,1160,462609611,1
2026-05-01T13:55:37.488,A1,1,11525,-63.7,-85.3,-21.6,245.92,72,11469,17706,12209,20143,1143,423160116,1
2026-05-01T13:55:37.608,A1,1,11526,-64.1,-88.7,-24.6,210.5,76,5014,15998,12544,20510,1170,390152650,1
2026-05-01T13:55:37.758,A1,1,11527,-63.6,-88.5,-25.0,219.38,76,3943,16673,14822,23890,1238,490576787,1
2026-05-01T13:55:37.818,A1,1,11528,-62.8,-88.6,-25.8,131.8,92,3818,12126,14360,18289,1056,748033196,1
2026-05-01T13:55:37.907,A1,1,11529,-62.7,-88.3,-25.7,181.8,80,4319,14544,13624,19705,1091,493383962,1
2026-05-01T13:55:38.059,A1,1,11530,-62.6,-88.9,-26.3,197.57,68,5972,13435,10533,17752,1034,405635917,1
2026-05-01T13:55:38.147,A1,1,11531,-62.1,-88.4,-26.2,172.14,100,8403,17214,10788,23882,1178,492854024,1
2026-05-01T13:55:38.297,A1,1,11532,-63.2,-88.8,-25.6,208.74,68,7433,14194,10864,19161,1095,388984142,1
2026-05-01T13:55:38.388,A1,1,11533,-63.9,-87.9,-24.0,225.03,64,12585,14402,8316,17451,1071,402752500,1
2026-05-01T13:55:38.510,A1,1,11534,-63.7,-86.3,-22.6,237.27,64,12814,15185,9037,17329,1059,484284735,1
2026-05-01T13:55:38.599,A1,1,11535,-63.4,-85.8,-22.3,237.12,64,4855,15176,16866,19226,1105,391049480,1
2026-05-01T13:55:38.717,A1,1,11536,-62.7,-84.1,-21.3,216.3,84,15950,18169,10350,23004,1181,435331879,1
2026-05-01T13:55:38.806,A1,1,11537,-62.9,-84.7,-21.7,199.68,88,8650,17572,16178,22113,1166,428836650,1
2026-05-01T13:55:38.927,A1,1,11538,-63.0,-85.2,-22.2,203.38,80,9695,16270,16572,22448,1176,393636426,1
2026-05-01T13:55:39.048,A1,1,11539,-62.6,-85.0,-22.5,200.11,88,14090,17610,11723,23277,1181,526435078,1
2026-05-01T13:55:39.168,A1,1,11540,-63.2,-83.4,-20.3,210.01,80,12438,16801,12513,18370,1071,392793131,1
2026-05-01T13:55:39.256,A1,1,11541,-63.1,-86.2,-23.0,212.14,76,8526,16123,13653,19451,1101,428178523,1
2026-05-01T13:55:39.377,A1,1,11542,-62.9,-84.4,-21.5,211.71,76,7875,16090,16854,20384,1117,427177625,1
2026-05-01T13:55:39.467,A1,1,11543,-63.4,-83.2,-19.8,215.88,76,11072,16407,13461,17199,1043,668690375,1
2026-05-01T13:55:39.586,A1,1,11544,-63.0,-84.0,-21.0,209.13,84,12441,17567,12210,19940,1108,474377018,1
2026-05-01T13:55:39.678,A1,1,11545,-63.5,-87.7,-24.2,217.06,72,5206,15628,14058,19091,1104,412196494,1
2026-05-01T13:55:39.797,A1,1,11546,-63.4,-88.1,-24.7,214.81,72,6102,15466,12915,18986,1097,455022295,1
2026-05-01T13:55:39.917,A1,1,11547,-62.7,-85.9,-23.2,197.43,84,8696,16584,13271,19916,1097,400213064,1
2026-05-01T13:55:40.036,A1,1,11548,-62.6,-88.1,-25.5,157.52,92,615,14492,17185,22700,1168,739988206,1
2026-05-01T13:55:40.156,A1,1,11549,-63.3,-88.3,-25.0,181.24,84,269,15224,17781,24718,1249,720858165,1
2026-05-01T13:55:40.248,A1,1,11550,-62.9,-88.1,-25.2,193.69,80,2224,15495,15437,21545,1149,428805594,1
2026-05-01T13:55:40.428,A1,1,11551,-62.9,-88.4,-25.4,173.58,88,10470,15275,9190,20091,1111,567150564,1
2026-05-01T13:55:40.486,A1,1,11552,-62.9,-88.5,-25.5,200.03,72,5256,14402,12203,18514,1067,492225037,1
2026-05-01T13:55:40.609,A1,1,11553,-63.1,-88.3,-25.2,196.76,80,10799,15741,9006,20525,1129,458390123,1
2026-05-01T13:55:40.761,A1,1,11554,-62.4,-88.4,-26.0,140.78,92,1042,12952,15558,20077,1089,722189173,1
2026-05-01T13:55:40.817,A1,1,11555,-63.2,-86.6,-23.3,219.12,76,5063,16653,16614,22154,1179,732877870,1
2026-05-01T13:55:40.937,A1,1,11556,-63.3,-86.2,-23.0,152.39,92,8346,14020,16708,20333,1131,425370718,1
2026-05-01T13:55:41.059,A1,1,11557,-63.1,-88.7,-25.6,174.1,84,10182,14624,9777,20705,1134,718536337,1
2026-05-01T13:55:41.177,A1,1,11558,-64.1,-86.6,-22.5,190.02,92,11549,17482,10913,20159,1159,404386900,1
2026-05-01T13:55:41.236,A1,1,11559,-62.2,-88.4,-26.2,166.29,84,11760,13968,7810,19621,1072,424436984,1
2026-05-01T13:55:41.357,A1,1,11560,-63.4,-85.1,-21.7,224.2,76,8116,17039,15057,19844,1123,491014902,1
2026-05-01T13:55:41.476,A1,1,11561,-63.8,-87.5,-23.7,169.99,96,4366,16319,16916,22387,1209,464900265,1
2026-05-01T13:55:41.597,A1,1,11562,-63.6,-87.0,-23.4,171.07,100,6628,17107,15270,21918,1186,719861830,1
2026-05-01T13:55:41.720,A1,1,11563,-62.8,-87.7,-24.9,213.57,80,10148,17086,10920,21846,1153,616065906,1
2026-05-01T13:55:41.778,A1,1,11564,-63.4,-88.0,-24.6,168.44,88,9674,14823,11452,18699,1091,474259992,1
2026-05-01T13:55:41.896,A1,1,11565,-63.1,-88.4,-25.3,149.24,96,4087,14327,16935,23569,1209,389075316,1
2026-05-01T13:55:42.017,A1,1,11566,-63.2,-88.3,-25.1,180.02,84,10399,15122,11554,21110,1149,425841486,1
2026-05-01T13:55:42.107,A1,1,11567,-63.0,-87.2,-24.2,192.9,88,6639,16975,14862,22417,1178,600686877,1
2026-05-01T13:55:42.227,A1,1,11568,-63.4,-88.3,-25.0,185.46,84,8804,15579,11659,20647,1144,452128582,1
2026-05-01T13:55:42.317,A1,1,11569,-62.8,-87.3,-24.4,176.51,96,6898,16945,15172,23324,1193,415665427,1
2026-05-01T13:55:42.439,A1,1,11570,-63.1,-86.3,-23.2,201.73,88,9887,17752,13321,22363,1178,489268947,1
2026-05-01T13:55:42.616,A1,1,11571,-63.4,-86.2,-22.7,186.98,92,7487,17202,16151,22495,1196,427326778,1
2026-05-01T13:55:42.678,A1,1,11572,-63.7,-87.8,-24.1,185.5,84,10935,15582,10774,19302,1118,428662164,1
2026-05-01T13:55:42.736,A1,1,11573,-63.8,-87.5,-23.7,198.61,80,5844,15889,14853,19909,1138,390062935,1
2026-05-01T13:55:42.856,A1,1,11574,-63.8,-88.0,-24.2,174.5,84,4520,14658,16516,20645,1159,439487236,1
2026-05-01T13:55:43.007,A1,1,11575,-63.7,-88.0,-24.3,154.75,104,10515,16094,11329,20369,1147,759835574,1
2026-05-01T13:55:43.096,A1,1,11576,-63.7,-87.9,-24.1,182.66,96,6781,17535,14404,22638,1213,443270110,1
2026-05-01T13:55:43.217,A1,1,11577,-65.9,-88.2,-22.3,188.12,84,7111,15802,12553,16908,1128,435921231,1
2026-05-01T13:55:43.338,A1,1,11578,-63.9,-87.9,-24.0,184.05,96,8665,17669,12469,21797,1195,466502350,1
2026-05-01T13:55:43.510,A1,1,11579,-63.7,-88.3,-24.6,163.94,100,10130,16394,10394,20816,1162,428293787,1
2026-05-01T13:55:43.552,A1,1,11580,-63.6,-87.3,-23.7,208.21,84,7409,17490,14117,21993,1188,466745645,1
2026-05-01T13:55:43.637,A1,1,11581,-63.7,-88.3,-24.6,176.75,80,6691,14140,13469,18710,1101,426771759,1
2026-05-01T13:55:43.758,A1,1,11582,-63.4,-88.0,-24.6,148.01,104,4170,15393,16497,22029,1181,400213151,1
2026-05-01T13:55:43.879,A1,1,11583,-63.8,-86.8,-23.0,203.38,84,8160,17084,13905,20562,1159,412128667,1
2026-05-01T13:55:44.049,A1,1,11584,-63.7,-86.5,-22.9,185.87,92,11359,17100,11046,20099,1141,403224406,1
2026-05-01T13:55:44.091,A1,1,11585,-63.8,-88.2,-24.4,158.49,88,3981,13947,17641,22371,1208,426317327,1
2026-05-01T13:55:44.208,A1,1,11586,-63.9,-88.7,-24.8,130.26,92,3325,11984,14663,17681,1078,463776001,1
2026-05-01T13:55:44.328,A1,1,11587,-64.0,-87.4,-23.5,182.18,96,7938,17489,14255,22062,1206,413395924,1
2026-05-01T13:55:44.447,A1,1,11588,-63.6,-87.4,-23.8,209.79,84,9955,17622,12194,22122,1193,400983500,1
2026-05-01T13:55:44.567,A1,1,11589,-64.0,-87.0,-23.0,197.14,84,10446,16560,11762,19525,1136,398406343,1
2026-05-01T13:55:44.670,A1,1,11590,-63.9,-87.2,-23.3,190.74,88,7511,16785,13876,20276,1155,594816998,1
2026-05-01T13:55:44.778,A1,1,11591,-63.5,-88.3,-24.8,180.4,80,3974,14432,15124,19962,1129,447711638,1
2026-05-01T13:55:44.869,A1,1,11592,-63.7,-87.0,-23.2,174.91,100,10921,17491,11319,21028,1169,425972630,1
2026-05-01T13:55:45.016,A1,1,11593,-64.3,-87.2,-22.9,171.29,96,6896,16444,14311,19392,1144,448951051,1
2026-05-01T13:55:45.137,A1,1,11594,-63.9,-87.6,-23.7,193.52,88,5765,17030,16135,22960,1228,496090384,1
2026-05-01T13:55:45.257,A1,1,11595,-64.1,-88.3,-24.2,177.39,80,7745,14191,12420,17788,1087,401181914,1
2026-05-01T13:55:45.401,A1,1,11596,-63.7,-88.0,-24.3,169.26,88,6361,14895,13837,18525,1095,438209509,1
2026-05-01T13:55:45.468,A1,1,11597,-63.8,-88.3,-24.5,155.98,92,11415,14350,8648,17772,1077,491829385,1
2026-05-01T13:55:45.683,A1,1,11598,-63.4,-88.3,-24.9,149.68,104,10416,15567,10008,20050,1127,455351502,1
2026-05-01T13:55:45.685,A1,1,11599,-62.9,-88.0,-25.2,175.39,96,9036,16837,12279,22523,1174,425340701,1
2026-05-01T13:55:45.921,A1,1,11600,-63.5,-87.7,-24.2,152.55,108,7394,16475,13632,20777,1152,749293957,1
2026-05-01T13:55:45.921,A1,1,11601,-63.1,-88.0,-24.9,184.62,92,5505,16985,14739,23062,1198,490376283,1
2026-05-01T13:55:45.979,A1,1,11602,-63.1,-88.6,-25.5,179.85,84,8767,15107,10628,20514,1131,458209878,1
2026-05-01T13:55:46.094,A1,1,11603,-62.7,-87.4,-24.7,196.19,84,9318,16480,11929,21003,1128,441889925,1
2026-05-01T13:55:46.270,A1,1,11604,-62.9,-88.0,-25.1,204.81,84,5613,17204,16221,25542,1253,395064173,1
2026-05-01T13:55:46.307,A1,1,11605,-63.0,-87.4,-24.4,154.7,108,10318,16708,11439,21255,1144,425062344,1
2026-05-01T13:55:46.420,A1,1,11606,-63.2,-88.5,-25.3,145.58,100,9687,14558,10394,19705,1112,509072711,1
2026-05-01T13:55:46.518,A1,1,11607,-63.5,-87.1,-23.6,159.38,104,10526,16575,10809,19574,1120,587134351,1
2026-05-01T13:55:46.637,A1,1,11608,-62.8,-86.8,-23.9,193.67,88,10923,17043,11187,21337,1141,489118037,1
2026-05-01T13:55:46.728,A1,1,11609,-63.4,-88.8,-25.4,149.46,92,4564,13750,12603,18494,1083,402812529,1
2026-05-01T13:55:46.848,A1,1,11610,-63.1,-88.6,-25.5,154.18,96,10679,14801,9951,20945,1140,447650953,1
2026-05-01T13:55:46.970,A1,1,11611,-63.3,-88.5,-25.1,153.82,96,11510,14767,8487,19754,1117,398852597,1
2026-05-01T13:55:47.117,A1,1,11612,-63.2,-88.2,-25.0,190.37,92,7017,17514,13569,23684,1217,707032352,1
2026-05-01T13:55:47.207,A1,1,11613,-63.1,-88.5,-25.4,180.61,80,11607,14449,8633,20056,1116,441389448,1
2026-05-01T13:55:47.326,A1,1,11614,-63.2,-88.5,-25.2,139.28,92,4186,12814,17414,22795,1196,412697927,1
2026-05-01T13:55:47.418,A1,1,11615,-63.0,-88.9,-25.9,118.84,100,3335,11884,14440,18937,1081,442575801,1
2026-05-01T13:55:47.581,A1,1,11616,-62.8,-88.7,-25.9,159.01,84,4164,13357,13357,19146,1081,434254890,1
2026-05-01T13:55:47.711,A1,1,11617,-62.6,-88.2,-25.7,165.14,84,3845,13872,16634,22651,1165,403282552,1
2026-05-01T13:55:47.717,A1,1,11618,-62.7,-88.1,-25.4,157.94,108,10329,17057,10022,22266,1160,729320372,1
2026-05-01T13:55:47.807,A1,1,11619,-62.4,-88.0,-25.6,194.49,92,8906,17893,12957,25502,1231,470494621,1
2026-05-01T13:55:47.930,A1,1,11620,-62.6,-88.3,-25.7,167.3,92,11044,15392,9298,20970,1122,412445005,1
2026-05-01T13:55:48.018,A1,1,11621,-63.0,-87.6,-24.6,161.53,104,11787,16799,9866,21603,1155,468213639,1
2026-05-01T13:55:48.167,A1,1,11622,-63.0,-88.3,-25.3,180.15,88,10448,15853,9797,20914,1138,411244091,1
2026-05-01T13:55:48.257,A1,1,11623,-63.0,-88.1,-25.1,175.89,100,10807,17589,10371,23429,1202,446442763,1
2026-05-01T13:55:48.378,A1,1,11624,-63.0,-88.0,-25.1,180.45,92,6507,16601,14491,22843,1186,446178343,1
2026-05-01T13:55:48.498,A1,1,11625,-63.0,-88.5,-25.4,146.02,100,10848,14602,8926,19676,1104,483939098,1
2026-05-01T13:55:48.606,A1,1,11626,-63.3,-88.6,-25.4,135.76,104,10542,14119,9070,19079,1095,731745990,1
2026-05-01T13:55:48.737,A1,1,11627,-63.1,-87.7,-24.6,149.72,112,11748,16769,9784,21540,1156,749008398,1
2026-05-01T13:55:48.798,A1,1,11628,-62.5,-88.5,-26.0,138.27,96,2999,13274,16504,22695,1162,427538617,1
2026-05-01T13:55:48.890,A1,1,11629,-62.6,-88.3,-25.7,142.1,104,3658,14778,14666,20918,1120,491006503,1
2026-05-01T13:55:49.076,A1,1,11630,-63.0,-88.3,-25.4,141.09,104,3020,14673,14731,20488,1123,724800816,1
2026-05-01T13:55:49.097,A1,1,11631,-62.9,-88.1,-25.2,148.89,112,10407,16676,10298,21666,1154,490811215,1
2026-05-01T13:55:49.218,A1,1,11632,-63.1,-88.1,-25.0,144.38,116,5307,16748,15211,23608,1211,393502574,1
2026-05-01T13:55:49.307,A1,1,11633,-62.8,-88.0,-25.2,159.82,112,8473,17900,13020,24654,1225,442030565,1
2026-05-01T13:55:49.399,A1,1,11634,-63.0,-88.0,-25.0,187.83,88,5975,16529,14079,21935,1163,424156837,1
2026-05-01T13:55:49.517,A1,1,11635,-63.1,-88.1,-24.9,152.1,108,5588,16427,14529,22141,1175,505607979,1
2026-05-01T13:55:49.668,A1,1,11636,-63.1,-88.6,-25.5,146.97,92,12004,13521,7624,18803,1081,417684747,1
2026-05-01T13:55:49.757,A1,1,11637,-62.5,-88.2,-25.7,182.11,88,8068,16026,12426,22072,1147,402591195,1
2026-05-01T13:55:49.893,A1,1,11638,-62.4,-88.1,-25.7,175.38,100,6391,17538,13848,24750,1209,489720095,1
2026-05-01T13:55:49.997,A1,1,11639,-62.7,-88.5,-25.8,141.71,92,5075,13037,16918,23659,1198,396437177,1
2026-05-01T13:55:50.087,A1,1,11640,-62.7,-88.8,-26.1,135.07,104,9237,14047,10324,20541,1114,425406094,1
2026-05-01T13:55:50.207,A1,1,11641,-62.9,-88.2,-25.2,159.05,108,6273,17177,13805,23505,1201,402972913,1
2026-05-01T13:55:50.329,A1,1,11642,-62.4,-88.7,-26.3,106.82,104,5797,11109,15277,20615,1106,750616261,1
2026-05-01T13:55:50.488,A1,1,11643,-62.6,-88.2,-25.6,150.53,112,4971,16859,15449,25247,1231,647356066,1
2026-05-01T13:55:50.633,A1,1,11644,-62.1,-88.2,-26.1,186.7,84,4603,15683,15007,23739,1174,403389677,1
2026-05-01T13:55:50.638,A1,1,11645,-62.8,-88.1,-25.3,151.51,108,5053,16363,14906,23036,1183,472824290,1
2026-05-01T13:55:50.748,A1,1,11646,-62.3,-88.0,-25.8,191.83,84,6489,16114,13510,22110,1139,459843996,1
2026-05-01T13:55:50.866,A1,1,11647,-62.7,-88.1,-25.3,164.89,104,7876,17149,13162,23555,1195,414245202,1
2026-05-01T13:55:50.986,A1,1,11648,-63.0,-88.4,-25.3,147.4,112,4563,16509,17437,27775,1311,464935094,1
2026-05-01T13:55:51.107,A1,1,11649,-62.5,-88.3,-25.7,182.61,88,8758,16070,11748,22219,1153,460225942,1
2026-05-01T13:55:51.229,A1,1,11650,-62.9,-88.1,-25.3,160.79,104,5624,16722,14839,23705,1204,466470888,1
2026-05-01T13:55:51.350,A1,1,11651,-62.6,-88.4,-25.8,193.25,84,8850,16233,10461,21640,1140,472606755,1
2026-05-01T13:55:51.438,A1,1,11652,-62.9,-88.1,-25.3,148.22,116,5423,17194,15771,25681,1253,404523308,1
2026-05-01T13:55:51.539,A1,1,11653,-62.6,-87.5,-24.9,157.55,108,10875,17015,10729,22332,1157,427128585,1
2026-05-01T13:55:51.648,A1,1,11654,-62.5,-88.8,-26.3,160.41,80,3316,12833,13841,19507,1079,440385392,1
2026-05-01T13:55:51.812,A1,1,11655,-62.5,-88.7,-26.2,170.3,84,7883,14305,11684,21059,1121,444594281,1
2026-05-01T13:55:51.860,A1,1,11656,-62.4,-88.6,-26.2,150.49,80,3623,12039,15990,21391,1127,473800626,1
2026-05-01T13:55:51.977,A1,1,11657,-62.7,-88.1,-25.4,174.43,96,5188,16745,14914,23992,1205,669301792,1
2026-05-01T13:55:52.104,A1,1,11658,-62.3,-88.1,-25.8,171.08,96,4349,16424,16484,25697,1228,726035834,1
2026-05-01T13:55:52.268,A1,1,11659,-62.5,-87.8,-25.4,199.81,88,10037,17583,10955,23341,1178,440840520,1
2026-05-01T13:55:52.304,A1,1,11660,-62.7,-88.5,-25.8,142.86,104,10978,14857,8517,20508,1113,471124689,1
2026-05-01T13:55:52.397,A1,1,11661,-62.1,-88.1,-26.0,186.73,88,4785,16432,15572,25026,1205,488642820,1
2026-05-01T13:55:52.518,A1,1,11662,-62.7,-88.1,-25.4,183.36,92,4801,16869,16069,25485,1241,392736158,1
2026-05-01T13:55:52.637,A1,1,11663,-62.7,-88.4,-25.7,142.8,104,6601,14851,12742,20542,1114,417160173,1
2026-05-01T13:55:52.757,A1,1,11664,-63.0,-88.8,-25.8,177.99,80,10824,14239,9110,20834,1134,722627731,1
2026-05-01T13:55:52.847,A1,1,11665,-62.8,-88.9,-26.1,118.78,104,3300,12353,14033,19279,1082,466449155,1
2026-05-01T13:55:52.944,A1,1,11666,-62.3,-88.1,-25.7,168.69,100,5849,16869,14439,24093,1192,420218013,1
2026-05-01T13:55:53.056,A1,1,11667,-62.6,-89.0,-26.4,108.55,100,3880,10855,15322,20316,1104,426677326,1
2026-05-01T13:55:53.179,A1,1,11668,-62.7,-88.4,-25.8,133.36,108,3083,14403,16859,24255,1209,459491327,1
2026-05-01T13:55:53.268,A1,1,11669,-62.8,-88.0,-25.2,144.56,116,6971,16769,13515,22311,1166,454031384,1
2026-05-01T13:55:53.386,A1,1,11670,-62.4,-88.1,-25.7,137.41,124,4934,17039,15385,25197,1223,408914113,1
2026-05-01T13:55:53.507,A1,1,11671,-62.4,-88.4,-26.0,111.23,124,3359,13792,17247,24346,1202,453154186,1
2026-05-01T13:55:53.597,A1,1,11672,-61.9,-88.5,-26.6,156.84,88,11448,13802,8501,20549,1083,407940463,1
2026-05-01T13:55:53.717,A1,1,11673,-62.8,-88.6,-25.8,165.29,92,10063,15207,10177,21840,1154,394992670,1
2026-05-01T13:55:53.881,A1,1,11674,-62.5,-88.6,-26.1,127.14,100,4825,12714,16525,23189,1177,464474694,1
2026-05-01T13:55:53.990,A1,1,11675,-62.1,-88.1,-26.0,164.59,104,5097,17117,15323,25908,1225,402536104,1
2026-05-01T13:55:54.016,A1,1,11676,-62.5,-88.6,-26.0,165.63,84,11938,13913,7845,20079,1095,508124305,1
2026-05-01T13:55:54.137,A1,1,11677,-62.3,-88.1,-25.8,151.71,112,8877,16991,11791,23169,1166,452500081,1
2026-05-01T13:55:54.259,A1,1,11678,-62.4,-88.4,-26.0,169.07,88,3820,14878,14302,21668,1131,462191544,1
2026-05-01T13:55:54.435,A1,1,11679,-62.6,-88.4,-25.8,169.58,92,4121,15601,15217,23710,1192,768262902,1
2026-05-01T13:55:54.526,A1,1,11680,-62.0,-88.0,-26.0,166.31,100,4628,16631,16664,26652,1238,724263576,1
2026-05-01T13:55:54.616,A1,1,11681,-62.9,-87.9,-25.0,136.63,120,8952,16396,11912,21124,1137,410099590,1
2026-05-01T13:55:54.736,A1,1,11682,-62.9,-88.6,-25.7,174.42,84,10685,14651,9810,21263,1143,406211854,1
2026-05-01T13:55:54.856,A1,1,11683,-62.6,-88.6,-26.0,127.79,112,10651,14313,9408,20459,1109,488836701,1
2026-05-01T13:55:54.947,A1,1,11684,-62.9,-88.6,-25.7,194.76,80,5844,15581,12459,21583,1152,444683103,1
2026-05-01T13:55:55.067,A1,1,11685,-62.1,-88.5,-26.4,151.53,92,4167,13941,13945,20912,1101,440044774,1
2026-05-01T13:55:55.157,A1,1,11686,-62.3,-88.0,-25.7,171.97,96,5418,16509,16126,25473,1225,491859183,1
2026-05-01T13:55:55.278,A1,1,11687,-62.7,-88.1,-25.4,202.31,88,9591,17803,11543,24229,1210,707060163,1
2026-05-01T13:55:55.398,A1,1,11688,-63.5,-87.8,-24.4,183.85,96,8389,17650,13099,22737,1204,472072795,1
2026-05-01T13:55:55.516,A1,1,11689,-64.2,-87.1,-22.9,170.11,92,6576,15650,16910,21277,1194,452260219,1
2026-05-01T13:55:55.637,A1,1,11690,-63.7,-87.9,-24.2,184.09,92,11566,16936,10479,21578,1182,453944217,1
2026-05-01T13:55:55.756,A1,1,11691,-63.7,-86.6,-23.0,150.76,112,7941,16885,15651,22106,1195,404550527,1
2026-05-01T13:55:55.847,A1,1,11692,-63.4,-86.4,-22.9,186.68,92,8836,17175,16524,24030,1237,402375298,1
2026-05-01T13:55:56.000,A1,1,11693,-63.2,-87.5,-24.3,131.42,100,9694,13142,18052,24223,1233,439270057,1
2026-05-01T13:55:56.056,A1,1,11694,-62.6,-88.3,-25.7,160.95,92,7069,14807,12947,20759,1117,432203644,1
2026-05-01T13:55:56.176,A1,1,11695,-62.6,-88.7,-26.1,147.84,100,13067,14784,8256,23578,1189,436879279,1
2026-05-01T13:55:56.298,A1,1,11696,-62.3,-88.9,-26.6,130.65,92,4511,12020,14664,21129,1114,402550311,1
2026-05-01T13:55:56.388,A1,1,11697,-60.9,-88.2,-27.4,155.19,112,5750,17381,16058,31135,1288,422547333,1
2026-05-01T13:55:56.508,A1,1,11698,-61.9,-88.6,-26.7,121.56,96,5841,11670,13723,18885,1039,446184278,1
2026-05-01T13:55:56.685,A1,1,11699,-62.2,-88.6,-26.3,156.95,96,9554,15067,9312,20870,1105,724099927,1
2026-05-01T13:55:56.746,A1,1,11700,-61.9,-88.2,-26.3,130.85,96,7472,12562,16012,22842,1142,397511584,1
2026-05-01T13:55:56.868,A1,1,11701,-62.9,-88.2,-25.3,151.88,104,6698,15796,15116,23405,1198,423128821,1
2026-05-01T13:55:56.988,A1,1,11702,-62.8,-87.6,-24.8,223.87,76,7733,17014,14143,23317,1190,462101525,1
2026-05-01T13:55:57.076,A1,1,11703,-62.4,-87.6,-25.1,156.44,108,8031,16895,13230,22694,1161,490442014,1
2026-05-01T13:55:57.234,A1,1,11704,-62.6,-87.7,-25.1,162.56,108,8547,17556,13610,24482,1214,467292565,1
2026-05-01T13:55:57.286,A1,1,11705,-62.8,-88.0,-25.2,130.69,88,10370,11501,17145,23238,1190,672815773,1
2026-05-01T13:55:57.397,A1,1,11706,-62.5,-87.8,-25.3,196.82,88,7674,17320,13859,24188,1201,407799785,1
2026-05-01T13:55:57.499,A1,1,11707,-62.2,-87.9,-25.8,154.03,108,6487,16635,15772,25659,1223,466195412,1
2026-05-01T13:55:57.617,A1,1,11708,-62.3,-88.2,-25.9,203.88,80,10960,16310,10287,23194,1168,741809665,1
2026-05-01T13:55:57.748,A1,1,11709,-63.0,-87.3,-24.3,191.89,88,6546,16886,14680,22165,1171,471953139,1
2026-05-01T13:55:57.797,A1,1,11710,-63.0,-88.3,-25.3,143.23,96,5830,13750,14404,19771,1104,425158054,1
2026-05-01T13:55:57.950,A1,1,11711,-62.2,-88.0,-25.8,147.21,112,6780,16487,13805,23057,1159,441178109,1
2026-05-01T13:55:58.038,A1,1,11712,-62.3,-88.5,-26.1,155.79,96,11392,14956,8959,21652,1130,489674580,1
2026-05-01T13:55:58.190,A1,1,11713,-62.6,-88.3,-25.7,143.78,104,10874,14953,9515,20633,1113,406530682,1
2026-05-01T13:55:58.236,A1,1,11714,-62.8,-88.3,-25.5,146.4,88,6293,12883,16763,22704,1176,474176216,1
2026-05-01T13:55:58.308,A1,1,11715,-62.4,-87.5,-25.1,144.0,88,8526,12672,15727,20742,1108,418295948,1
2026-05-01T13:55:58.427,A1,1,11716,-62.1,-87.5,-25.4,149.46,104,8124,15544,15593,24270,1188,388367169,1
2026-05-01T13:55:58.606,A1,1,11717,-62.7,-88.3,-25.6,160.09,100,10238,16009,11192,22986,1179,504298458,1
2026-05-01T13:55:58.667,A1,1,11718,-63.0,-88.5,-25.5,184.66,80,7585,14773,12584,20872,1135,495919205,1
2026-05-01T13:55:58.757,A1,1,11719,-62.6,-88.2,-25.6,182.08,88,5129,16023,13914,21969,1147,411157078,1
2026-05-01T13:55:58.880,A1,1,11720,-62.2,-88.1,-25.9,121.73,128,5776,15581,18212,28154,1282,745225742,1
2026-05-01T13:55:58.967,A1,1,11721,-61.7,-88.3,-26.6,105.84,128,4863,13547,16149,23528,1152,473001455,1
2026-05-01T13:55:59.086,A1,1,11722,-62.1,-88.2,-26.1,161.62,104,7188,16808,12769,23656,1172,461210971,1
2026-05-01T13:55:59.207,A1,1,11723,-61.8,-89.1,-27.3,145.44,112,4946,16289,12210,26516,1229,395771424,1
2026-05-01T13:55:59.331,A1,1,11724,-61.1,-88.5,-27.4,124.43,112,10451,13936,8090,20367,1049,554614161,1
2026-05-01T13:55:59.447,A1,1,11725,-61.1,-88.3,-27.2,172.42,96,10233,16552,10429,25555,1177,566011280,1
2026-05-01T13:55:59.537,A1,1,11726,-61.4,-88.5,-27.1,151.15,88,6375,13301,16309,26119,1202,392955751,1
2026-05-01T13:55:59.657,A1,1,11727,-62.9,-87.3,-24.4,147.05,116,7815,17058,16752,26070,1263,724884183,1
2026-05-01T13:55:59.837,A1,1,11728,-61.9,-88.5,-26.6,158.09,92,6245,14544,10914,19103,1044,488222811,1
2026-05-01T13:55:59.867,A1,1,11729,-62.7,-88.0,-25.2,157.32,88,7159,13844,13098,18036,1046,702481454,1
2026-05-01T13:55:59.987,A1,1,11730,-62.5,-87.4,-24.9,196.84,88,10080,17322,12511,23774,1192,596698022,1
2026-05-01T13:56:00.077,A1,1,11731,-62.2,-88.2,-26.0,176.79,92,11129,16265,9610,22597,1149,439088650,1
2026-05-01T13:56:00.220,A1,1,11732,-61.1,-88.2,-27.2,122.14,104,7236,12703,14221,21507,1078,441559300,1
2026-05-01T13:56:00.340,A1,1,11733,-61.5,-88.6,-27.1,135.18,96,1884,12977,13510,19506,1043,443411488,1
2026-05-01T13:56:00.407,A1,1,11734,-62.2,-88.4,-26.2,121.9,104,6196,12678,16297,23312,1168,414819929,1
2026-05-01T13:56:00.500,A1,1,11735,-60.6,-88.4,-27.8,145.58,88,6254,12811,13554,21650,1065,472656337,1
2026-05-01T13:56:00.648,A1,1,11736,-62.5,-88.2,-25.7,174.25,72,6961,12546,13010,17537,1024,753220370,1
2026-05-01T13:56:00.737,A1,1,11737,-61.5,-88.8,-27.3,132.81,96,3225,12750,15298,23356,1139,466107572,1
2026-05-01T13:56:00.827,A1,1,11738,-60.6,-88.7,-28.1,135.89,88,5734,11958,13845,21979,1073,402319228,1
2026-05-01T13:56:00.946,A1,1,11739,-62.2,-88.0,-25.8,118.86,96,8199,11411,15664,20143,1085,425643918,1
2026-05-01T13:56:01.103,A1,1,11740,-62.9,-86.7,-23.8,176.75,92,9995,16261,11689,19780,1103,438886100,1
2026-05-01T13:56:01.160,A1,1,11741,-62.9,-87.6,-24.7,144.64,96,5211,13885,14229,17743,1043,442346499,1
2026-05-01T13:56:01.276,A1,1,11742,-63.0,-87.6,-24.6,169.07,88,5826,14878,17120,22876,1190,448539475,1
2026-05-01T13:56:01.398,A1,1,11743,-63.4,-86.0,-22.6,189.59,88,11578,16684,11968,20217,1133,522183863,1
2026-05-01T13:56:01.517,A1,1,11744,-63.0,-87.6,-24.5,163.96,84,13071,13773,8911,18254,1063,410470166,1
2026-05-01T13:56:01.666,A1,1,11745,-62.5,-86.4,-23.9,160.14,84,9284,13452,15845,20560,1108,469943971,1
2026-05-01T13:56:01.758,A1,1,11746,-62.3,-86.7,-24.4,173.72,88,10733,15287,11400,19742,1077,456492454,1
2026-05-01T13:56:01.876,A1,1,11747,-61.9,-85.7,-23.8,161.78,104,10921,16825,14114,23806,1166,764548125,1
2026-05-01T13:56:01.966,A1,1,11748,-61.4,-87.7,-26.3,149.36,108,10309,16131,10956,22874,1123,413921343,1
2026-05-01T13:56:02.070,A1,1,11749,-62.1,-87.5,-25.4,153.64,108,9086,16593,14401,25015,1203,505452647,1
2026-05-01T13:56:02.206,A1,1,11750,-61.4,-88.2,-26.7,144.58,100,7311,14458,11029,19172,1031,767797331,1
2026-05-01T13:56:02.448,A1,1,11751,-60.9,-88.1,-27.2,131.39,104,7626,13665,15442,24718,1148,747544046,1
2026-05-01T13:56:02.499,A1,1,11752,-61.7,-88.7,-27.0,140.22,96,5565,13461,12571,20575,1078,401784763,1
2026-05-01T13:56:02.544,A1,1,11753,-61.4,-88.4,-27.0,151.14,96,4416,14509,15039,23940,1152,403355954,1
2026-05-01T13:56:02.598,A1,1,11754,-61.3,-88.4,-27.1,132.39,100,4330,13239,15534,22861,1121,505330422,1
2026-05-01T13:56:02.717,A1,1,11755,-61.2,-88.7,-27.5,131.54,104,8954,13680,10062,21128,1073,752692216,1
2026-05-01T13:56:02.836,A1,1,11756,-62.4,-88.1,-25.7,172.28,96,9892,16539,10914,22296,1150,393120605,1
2026-05-01T13:56:02.963,A1,1,11757,-62.3,-88.2,-25.9,152.81,112,4721,17115,16474,27621,1273,748068248,1
2026-05-01T13:56:03.094,A1,1,11758,-62.5,-88.4,-25.9,132.61,104,3356,13791,17142,24155,1199,417481233,1
2026-05-01T13:56:03.167,A1,1,11759,-62.0,-87.3,-25.3,171.11,96,9665,16427,10652,20922,1097,496531923,1
2026-05-01T13:56:03.256,A1,1,11760,-62.3,-87.0,-24.7,174.75,100,11002,17475,11384,23353,1173,407662211,1
2026-05-01T13:56:03.377,A1,1,11761,-62.9,-87.9,-25.0,176.74,96,6351,16967,14419,23046,1187,422279999,1
2026-05-01T13:56:03.493,A1,1,11762,-63.1,-87.9,-24.8,168.76,100,5277,16876,16184,24236,1229,425018139,1
2026-05-01T13:56:03.587,A1,1,11763,-62.4,-88.4,-26.0,134.98,88,2853,11878,15446,19096,1063,391531428,1
2026-05-01T13:56:03.710,A1,1,11764,-62.9,-87.9,-25.0,181.11,88,8435,15938,11335,19462,1094,518321924,1
2026-05-01T13:56:03.827,A1,1,11765,-63.0,-88.5,-25.5,173.64,80,4936,13891,11739,17027,1024,446771202,1
2026-05-01T13:56:03.977,A1,1,11766,-61.9,-88.0,-26.1,155.15,92,5161,14274,13297,18851,1039,423430763,1
2026-05-01T13:56:04.037,A1,1,11767,-62.6,-89.1,-26.5,125.97,92,1136,11589,14580,19583,1084,396033524,1
2026-05-01T13:56:04.188,A1,1,11768,-62.6,-89.2,-26.7,133.12,88,1135,11715,12912,17881,1035,386247988,1
2026-05-01T13:56:04.279,A1,1,11769,-62.5,-88.0,-25.5,162.4,108,10218,17539,10975,23701,1189,439061200,1
2026-05-01T13:56:04.368,A1,1,11770,-62.2,-88.0,-25.8,174.89,100,11591,17489,10023,24622,1201,414977753,1
2026-05-01T13:56:04.518,A1,1,11771,-61.3,-87.8,-26.4,162.13,104,7797,16862,12402,23635,1140,398342390,1
2026-05-01T13:56:04.595,A1,1,11772,-61.8,-88.8,-27.0,135.39,88,900,11914,14751,20260,1072,465260352,1
2026-05-01T13:56:04.667,A1,1,11773,-61.3,-88.6,-27.3,146.2,88,5825,12866,11628,18616,1011,438685473,1
2026-05-01T13:56:04.833,A1,1,11774,-62.1,-88.1,-26.0,127.68,136,9395,17364,11023,23744,1172,417273113,1
2026-05-01T13:56:04.876,A1,1,11775,-61.1,-88.7,-27.6,113.61,100,52,11361,15183,20658,1058,746454364,1
2026-05-01T13:56:04.989,A1,1,11776,-62.2,-88.1,-25.9,186.95,84,5942,15704,12607,20535,1094,433407095,1
2026-05-01T13:56:05.116,A1,1,11777,-62.3,-88.7,-26.4,151.01,84,340,12685,14864,20084,1086,461468862,1
2026-05-01T13:56:05.233,A1,1,11778,-62.6,-88.6,-25.9,151.88,84,4203,12758,12256,16557,998,422712576,1
2026-05-01T13:56:05.298,A1,1,11779,-62.4,-88.2,-25.8,162.29,84,11889,13632,7956,18451,1045,470872586,1
2026-05-01T13:56:05.512,A1,1,11780,-62.8,-88.6,-25.8,138.24,84,3072,11612,14350,17486,1032,457045457,1
2026-05-01T13:56:05.550,A1,1,11781,-62.7,-87.8,-25.1,201.21,80,9655,16097,10461,19964,1097,443648899,1
2026-05-01T13:56:05.656,A1,1,11782,-62.9,-87.3,-24.4,188.14,92,7278,17309,14423,23121,1191,446691403,1
2026-05-01T13:56:05.778,A1,1,11783,-62.8,-88.5,-25.7,178.66,76,4377,13578,12150,17139,1022,454158215,1
2026-05-01T13:56:05.873,A1,1,11784,-62.8,-88.0,-25.2,181.8,88,11151,15998,9533,20525,1116,745966938,1
2026-05-01T13:56:05.988,A1,1,11785,-62.2,-86.6,-24.4,167.31,104,8716,17400,13963,23620,1175,486861464,1
2026-05-01T13:56:06.077,A1,1,11786,-62.4,-87.6,-25.2,165.65,92,7786,15240,11842,18888,1057,400493980,1
2026-05-01T13:56:06.196,A1,1,11787,-63.0,-87.4,-24.4,172.77,96,8613,16586,12689,20949,1138,511733070,1
2026-05-01T13:56:06.337,A1,1,11788,-62.8,-88.5,-25.7,159.19,88,8534,14009,9886,18002,1047,521852059,1
2026-05-01T13:56:06.408,A1,1,11789,-62.1,-88.1,-26.0,154.89,96,3676,14869,15299,21831,1125,759664210,1
2026-05-01T13:56:06.526,A1,1,11790,-62.6,-88.5,-25.9,143.81,88,1738,12655,15982,20602,1111,424725338,1
2026-05-01T13:56:06.646,A1,1,11791,-62.3,-87.5,-25.3,169.75,96,5377,16296,14922,22594,1151,411968747,1
2026-05-01T13:56:06.767,A1,1,11792,-62.6,-87.7,-25.1,146.26,116,8044,16966,13254,22819,1170,762815638,1
2026-05-01T13:56:06.947,A1,1,11793,-63.1,-88.2,-25.1,168.73,100,6282,16873,13946,22942,1194,462808687,1
2026-05-01T13:56:06.991,A1,1,11794,-62.4,-88.1,-25.7,167.41,104,8145,17411,12359,23845,1190,446692748,1
2026-05-01T13:56:07.096,A1,1,11795,-62.4,-88.8,-26.4,102.7,116,1389,11913,16017,21642,1134,465908995,1
2026-05-01T13:56:07.217,A1,1,11796,-62.5,-89.5,-27.0,125.11,88,1614,11010,13231,18653,1053,391990989,1
2026-05-01T13:56:07.306,A1,1,11797,-62.1,-89.0,-26.9,135.74,92,2907,12488,12189,18180,1027,438905408,1
2026-05-01T13:56:07.437,A1,1,11798,-62.0,-88.3,-26.3,157.82,104,9288,16413,10354,22958,1149,503951249,1
2026-05-01T13:56:07.546,A1,1,11799,-61.4,-88.4,-27.0,169.55,92,9750,15599,9324,22181,1108,466610474,1
2026-05-01T13:56:07.667,A1,1,11800,-62.1,-88.7,-26.7,152.27,92,10247,14009,8325,20110,1080,417888268,1
2026-05-01T13:56:07.786,A1,1,11801,-62.4,-88.5,-26.1,127.88,120,3750,15345,13470,21779,1137,439828383,1
2026-05-01T13:56:07.938,A1,1,11802,-62.2,-89.1,-26.9,143.25,84,1454,12033,13864,19802,1077,433273673,1
2026-05-01T13:56:08.029,A1,1,11803,-61.4,-88.6,-27.2,136.9,100,515,13690,16323,24852,1172,508899543,1
2026-05-01T13:56:08.146,A1,1,11804,-62.1,-88.5,-26.5,151.0,104,1692,15704,16047,26120,1229,768760959,1
2026-05-01T13:56:08.236,A1,1,11805,-62.1,-88.1,-26.0,140.84,120,9668,16901,10737,23258,1163,745799889,1
2026-05-01T13:56:08.328,A1,1,11806,-61.4,-87.3,-25.9,178.06,96,8534,17094,12241,23465,1140,504185844,1
2026-05-01T13:56:08.448,A1,1,11807,-62.2,-88.1,-25.9,177.83,96,10060,17072,10784,23540,1174,399576553,1
2026-05-01T13:56:08.567,A1,1,11808,-62.4,-87.6,-25.2,173.03,96,10525,16611,10915,21965,1141,423835501,1
2026-05-01T13:56:08.678,A1,1,11809,-61.3,-88.3,-27.0,140.59,96,2498,13497,14594,20884,1072,412327524,1
2026-05-01T13:56:08.747,A1,1,11810,-62.2,-88.4,-26.2,146.4,100,1555,14640,15071,21999,1133,485871755,1
2026-05-01T13:56:08.866,A1,1,11811,-61.6,-88.3,-26.6,138.42,108,1680,14949,16710,25292,1191,455435528,1
2026-05-01T13:56:08.988,A1,1,11812,-63.2,-88.3,-25.2,149.32,92,6836,13737,11811,17167,1036,462216483,1
2026-05-01T13:56:09.126,A1,1,11813,-63.2,-88.1,-24.9,185.02,80,11402,14802,8362,17989,1060,487928979,1
2026-05-01T13:56:09.227,A1,1,11814,-63.7,-87.6,-23.9,178.84,92,6924,16453,16297,23222,1228,706767971,1
2026-05-01T13:56:09.377,A1,1,11815,-63.0,-85.9,-22.9,184.49,96,10422,17711,14038,23044,1193,416305964,1
2026-05-01T13:56:09.436,A1,1,11816,-63.6,-88.0,-24.4,188.13,92,8031,17308,12184,21063,1164,662252254,1
2026-05-01T13:56:09.533,A1,1,11817,-62.1,-87.3,-25.2,177.58,92,5546,16337,14395,21937,1129,436229424,1
2026-05-01T13:56:09.646,A1,1,11818,-62.2,-88.0,-25.8,127.37,100,7326,12737,16515,22103,1138,393106123,1
2026-05-01T13:56:09.768,A1,1,11819,-62.7,-85.6,-22.9,193.73,88,11316,17048,11732,20646,1119,401909401,1
2026-05-01T13:56:09.888,A1,1,11820,-63.5,-86.5,-23.1,186.63,92,10070,17170,11609,19936,1127,617005690,1
2026-05-01T13:56:09.980,A1,1,11821,-63.5,-88.0,-24.5,153.32,92,4896,14105,16899,21209,1165,487304032,1
2026-05-01T13:56:10.097,A1,1,11822,-63.0,-88.6,-25.6,160.1,72,1750,11527,14715,17435,1037,457435709,1
2026-05-01T13:56:10.218,A1,1,11823,-62.6,-88.2,-25.6,200.3,84,9415,16825,10712,22512,1163,457938017,1
2026-05-01T13:56:10.306,A1,1,11824,-62.9,-86.3,-23.4,166.45,104,9925,17311,13251,22111,1163,765455541,1
2026-05-01T13:56:10.427,A1,1,11825,-62.2,-88.3,-26.1,167.76,100,11109,16776,9814,24139,1188,487590866,1
2026-05-01T13:56:10.546,A1,1,11826,-62.6,-88.3,-25.8,139.22,100,4318,13922,16265,22831,1169,456432400,1
2026-05-01T13:56:10.639,A1,1,11827,-62.4,-89.5,-27.2,110.83,96,2421,10640,12682,17903,1029,405603260,1
2026-05-01T13:56:10.757,A1,1,11828,-61.4,-88.8,-27.5,131.46,100,6058,13146,13598,23014,1127,487829487,1
2026-05-01T13:56:10.877,A1,1,11829,-61.9,-88.4,-26.5,156.58,108,9097,16911,13297,27768,1260,463535904,1
2026-05-01T13:56:11.091,A1,1,11830,-61.7,-88.1,-26.4,149.94,84,9023,12595,13711,20493,1077,757486786,1
2026-05-01T13:56:11.176,A1,1,11831,-61.7,-88.6,-26.9,154.31,84,7035,12962,10826,18095,1009,439012611,1
2026-05-01T13:56:11.208,A1,1,11832,-62.5,-88.8,-26.3,128.74,88,6258,11329,11986,16474,990,414023694,1
2026-05-01T13:56:11.327,A1,1,11833,-62.8,-88.9,-26.1,154.12,80,5383,12330,11837,17184,1024,713690177,1
2026-05-01T13:56:11.417,A1,1,11834,-62.6,-88.4,-25.8,174.72,96,8604,16773,12855,25203,1232,488242067,1
2026-05-01T13:56:11.539,A1,1,11835,-62.9,-89.7,-26.8,114.01,92,3342,10489,12152,17225,1029,422677613,1
2026-05-01T13:56:11.658,A1,1,11836,-62.6,-89.0,-26.4,165.25,84,3763,13881,12027,19510,1083,516817422,1
2026-05-01T13:56:11.748,A1,1,11837,-62.9,-88.8,-25.8,157.21,108,6144,16979,14257,27177,1292,765229702,1
2026-05-01T13:56:11.867,A1,1,11838,-64.8,-88.6,-23.9,150.34,112,6700,16838,13250,22030,1239,750774129,1
2026-05-01T13:56:11.987,A1,1,11839,-62.5,-89.2,-26.7,138.11,88,4029,12154,12223,18261,1044,398139530,1
2026-05-01T13:56:12.108,A1,1,11840,-62.8,-88.7,-26.0,157.15,104,5977,16344,14295,26236,1262,391395478,1
2026-05-01T13:56:12.230,A1,1,11841,-62.0,-88.8,-26.8,153.3,92,5409,14104,13216,22237,1133,397756386,1
2026-05-01T13:56:12.316,A1,1,11842,-62.1,-89.0,-27.0,111.71,92,7214,10277,13020,18995,1049,466465332,1
2026-05-01T13:56:12.437,A1,1,11843,-62.2,-88.8,-26.6,139.89,104,6673,14549,12903,23218,1164,442875446,1
2026-05-01T13:56:12.607,A1,1,11844,-61.9,-89.0,-27.1,139.5,88,6779,12276,11759,19516,1056,438935731,1
2026-05-01T13:56:12.648,A1,1,11845,-61.3,-88.6,-27.3,97.97,112,7300,10973,16337,24508,1161,421684502,1
2026-05-01T13:56:12.739,A1,1,11846,-60.9,-88.3,-27.3,133.59,104,9639,13893,10501,20905,1058,424095281,1
2026-05-01T13:56:12.856,A1,1,11847,-61.3,-88.2,-26.9,150.92,88,5288,13281,12747,18415,1005,468858711,1
2026-05-01T13:56:12.977,A1,1,11848,-61.8,-88.0,-26.2,139.86,92,7365,12867,12693,17881,1008,707213295,1
2026-05-01T13:56:13.068,A1,1,11849,-61.9,-86.9,-25.0,175.51,84,8983,14743,10719,17710,1006,424765208,1
2026-05-01T13:56:13.188,A1,1,11850,-62.2,-85.4,-23.2,198.39,84,14053,16665,9434,21398,1118,582028063,1
2026-05-01T13:56:13.310,A1,1,11851,-62.1,-84.8,-22.7,169.14,96,10780,16237,13770,20877,1101,486890389,1
2026-05-01T13:56:13.398,A1,1,11852,-61.5,-85.6,-24.0,182.84,88,14136,16090,10971,23199,1138,456866256,1
2026-05-01T13:56:13.550,A1,1,11853,-61.7,-85.5,-23.8,160.49,100,11837,16049,11587,21042,1090,439556173,1
2026-05-01T13:56:13.608,A1,1,11854,-61.6,-87.4,-25.8,163.93,80,11137,13114,10894,18774,1026,424174891,1
2026-05-01T13:56:13.703,A1,1,11855,-61.7,-88.1,-26.4,151.42,84,10474,12719,11474,19369,1045,437874616,1
2026-05-01T13:56:13.818,A1,1,11856,-62.1,-87.6,-25.5,133.97,108,10718,14469,15677,25291,1211,634366410,1
2026-05-01T13:56:13.937,A1,1,11857,-62.0,-88.1,-26.1,153.42,112,9876,17183,15717,29924,1313,418807283,1
2026-05-01T13:56:14.056,A1,1,11858,-62.6,-88.4,-25.8,140.94,104,8352,14658,14816,24286,1206,704938458,1
2026-05-01T13:56:14.147,A1,1,11859,-61.9,-88.5,-26.6,151.32,108,7903,16343,14143,27516,1253,734260590,1
2026-05-01T13:56:14.268,A1,1,11860,-62.3,-88.8,-26.5,179.28,88,6430,15777,13648,25660,1229,397776343,1
2026-05-01T13:56:14.386,A1,1,11861,-62.2,-88.8,-26.6,134.3,128,6585,17190,14710,30515,1336,462175848,1
2026-05-01T13:56:14.537,A1,1,11862,-62.4,-88.9,-26.6,130.92,104,4371,13616,14416,22947,1164,713088056,1
2026-05-01T13:56:14.626,A1,1,11863,-62.1,-88.9,-26.8,143.81,104,5719,14956,10468,20474,1091,664692994,1
2026-05-01T13:56:14.718,A1,1,11864,-62.1,-89.0,-26.9,133.97,92,2984,12325,13039,18923,1049,438873976,1
2026-05-01T13:56:14.838,A1,1,11865,-62.0,-88.9,-26.9,133.22,100,2968,13322,15872,25045,1201,466456862,1
2026-05-01T13:56:14.965,A1,1,11866,-62.2,-88.9,-26.7,168.07,88,5733,14790,10490,20259,1087,440864156,1
2026-05-01T13:56:15.052,A1,1,11867,-62.1,-89.1,-27.0,144.29,84,2317,12120,12853,18687,1040,419695728,1
2026-05-01T13:56:15.136,A1,1,11868,-62.2,-88.8,-26.6,176.95,84,4322,14864,11640,20354,1089,413882293,1
2026-05-01T13:56:15.287,A1,1,11869,-62.2,-88.5,-26.3,184.78,88,4737,16261,13018,23190,1164,464506823,1
2026-05-01T13:56:15.348,A1,1,11870,-62.5,-88.5,-26.0,197.64,88,7244,17392,12035,24872,1220,424285586,1
2026-05-01T13:56:15.486,A1,1,11871,-62.1,-88.8,-26.7,174.71,84,7502,14676,9439,19716,1068,468137027,1
2026-05-01T13:56:15.586,A1,1,11872,-62.8,-88.9,-26.1,187.58,76,8206,14256,8587,18393,1057,495771516,1
2026-05-01T13:56:15.677,A1,1,11873,-63.1,-88.4,-25.3,171.93,96,9503,16505,10140,21571,1157,452504290,1
2026-05-01T13:56:15.796,A1,1,11874,-62.0,-88.1,-26.2,155.19,88,3740,13657,14345,19263,1052,491526851,1
2026-05-01T13:56:15.919,A1,1,11875,-63.5,-88.8,-25.3,137.8,92,4078,12678,16533,22307,1193,392852704,1
2026-05-01T13:56:16.006,A1,1,11876,-62.1,-86.7,-24.6,168.99,92,11669,15547,8920,19149,1053,469770673,1
2026-05-01T13:56:16.187,A1,1,11877,-63.1,-86.6,-23.5,229.51,72,9805,16525,12415,20179,1121,448902748,1
2026-05-01T13:56:16.308,A1,1,11878,-62.9,-86.6,-23.7,197.8,84,14284,16615,9314,22217,1168,396570575,1
2026-05-01T13:56:16.398,A1,1,11879,-62.3,-88.0,-25.7,164.44,84,4331,13813,13659,17901,1027,523062689,1
2026-05-01T13:56:16.488,A1,1,11880,-60.9,-88.0,-27.0,150.25,96,6820,14424,12615,20415,1045,452096208,1
2026-05-01T13:56:16.706,A1,1,11881,-62.0,-88.6,-26.5,152.58,88,8555,13427,9819,18300,1028,457210791,1
2026-05-01T13:56:16.747,A1,1,11882,-61.5,-88.8,-27.3,159.17,84,7520,13370,10098,19378,1040,438750385,1
2026-05-01T13:56:16.816,A1,1,11883,-61.4,-88.2,-26.8,165.52,92,9610,15228,8805,20250,1059,467429915,1
2026-05-01T13:56:16.940,A1,1,11884,-60.6,-88.2,-27.7,139.11,100,5754,13911,15065,24322,1127,469200890,1
2026-05-01T13:56:17.058,A1,1,11885,-61.2,-88.9,-27.7,161.69,88,7675,14229,9396,21057,1073,449415332,1
2026-05-01T13:56:17.176,A1,1,11886,-62.0,-89.0,-27.0,131.72,100,9308,13172,8381,19030,1048,486730154,1
2026-05-01T13:56:17.267,A1,1,11887,-61.6,-88.8,-27.2,137.92,84,5593,11585,13533,19892,1055,463286323,1
2026-05-01T13:56:17.411,A1,1,11888,-61.4,-88.5,-27.1,184.9,84,5333,15532,12138,22287,1110,397624166,1
2026-05-01T13:56:17.477,A1,1,11889,-62.0,-88.6,-26.6,102.13,108,7234,11030,16915,24345,1184,436794253,1
2026-05-01T13:56:17.597,A1,1,11890,-61.9,-89.4,-27.5,143.33,84,2678,12040,11658,18348,1023,402876078,1
2026-05-01T13:56:17.717,A1,1,11891,-62.1,-88.8,-26.6,188.79,84,3828,15858,14117,25197,1211,442695529,1
2026-05-01T13:56:17.836,A1,1,11892,-61.1,-88.8,-27.7,165.7,80,1875,13256,13859,21868,1088,413549104,1
2026-05-01T13:56:17.956,A1,1,11893,-60.8,-88.7,-27.9,130.45,100,1901,13045,14461,22440,1091,721823179,1
2026-05-01T13:56:18.053,A1,1,11894,-61.9,-88.7,-26.8,139.69,104,1818,14528,14553,23046,1148,423113647,1
2026-05-01T13:56:18.166,A1,1,11895,-62.0,-89.4,-27.5,122.8,88,1044,10806,12317,17339,998,398692212,1
2026-05-01T13:56:18.287,A1,1,11896,-62.0,-88.9,-27.0,175.05,80,3698,14004,10868,18777,1039,460512093,1
2026-05-01T13:56:18.408,A1,1,11897,-61.3,-88.5,-27.2,131.31,104,2325,13656,13628,20445,1061,464828391,1
2026-05-01T13:56:18.529,A1,1,11898,-62.6,-88.7,-26.1,146.49,96,2223,14063,13009,19194,1073,402132090,1
2026-05-01T13:56:18.647,A1,1,11899,-62.6,-88.7,-26.1,143.19,88,1863,12601,16779,22911,1172,742254754,1
2026-05-01T13:56:18.736,A1,1,11900,-62.5,-87.7,-25.1,142.52,120,6298,17102,15056,24188,1203,404016434,1
2026-05-01T13:56:18.841,A1,1,11901,-62.9,-87.8,-24.9,165.54,96,7997,15892,11530,19148,1082,439904541,1
2026-05-01T13:56:18.997,A1,1,11902,-63.1,-87.9,-24.8,185.28,88,5658,16305,16303,23905,1217,404179515,1
2026-05-01T13:56:19.039,A1,1,11903,-63.3,-86.9,-23.7,169.37,100,7055,16937,15788,22904,1200,507287385,1
2026-05-01T13:56:19.157,A1,1,11904,-62.6,-88.4,-25.8,134.61,88,5160,11846,13431,16951,1009,583352121,1
2026-05-01T13:56:19.276,A1,1,11905,-62.5,-86.9,-24.4,168.25,80,7158,13460,12850,16369,989,439401495,1
2026-05-01T13:56:19.368,A1,1,11906,-62.2,-88.6,-26.4,114.74,104,3032,11933,13878,17832,1020,389580734,1
2026-05-01T13:56:19.515,A1,1,11907,-62.7,-88.2,-25.5,139.31,100,3316,13931,15828,20917,1123,399207887,1
2026-05-01T13:56:19.576,A1,1,11908,-62.7,-88.4,-25.7,126.31,104,2050,13136,16933,22386,1164,744826462,1
2026-05-01T13:56:19.698,A1,1,11909,-61.7,-87.0,-25.3,135.45,112,11983,15170,8528,19583,1050,438141056,1
2026-05-01T13:56:19.786,A1,1,11910,-62.7,-85.7,-23.0,198.34,88,13141,17454,10753,22100,1156,442001967,1
2026-05-01T13:56:19.906,A1,1,11911,-62.2,-83.8,-21.5,156.73,108,12092,16927,13464,20742,1102,451657656,1
2026-05-01T13:56:20.027,A1,1,11912,-62.0,-85.4,-23.4,183.26,80,12749,14661,10335,18591,1036,457463907,1
2026-05-01T13:56:20.146,A1,1,11913,-62.6,-86.4,-23.8,174.29,80,7081,13943,15250,18802,1063,405074816,1
2026-05-01T13:56:20.296,A1,1,11914,-62.8,-84.5,-21.7,205.5,80,14954,16440,9428,19967,1101,499844433,1
2026-05-01T13:56:20.418,A1,1,11915,-62.4,-85.6,-23.1,193.55,80,12291,15484,9672,18252,1041,492239815,1
2026-05-01T13:56:20.478,A1,1,11916,-62.2,-84.7,-22.5,208.12,80,9749,16650,13842,20389,1092,745506829,1
2026-05-01T13:56:20.566,A1,1,11917,-62.3,-84.6,-22.3,171.82,100,12037,17182,11874,20625,1103,421541361,1
2026-05-01T13:56:20.748,A1,1,11918,-62.1,-85.1,-23.0,163.87,104,12367,17042,11340,21420,1115,494946206,1
2026-05-01T13:56:20.836,A1,1,11919,-62.6,-87.1,-24.6,168.22,76,8174,12785,12780,16408,991,496818281,1
2026-05-01T13:56:20.998,A1,1,11920,-61.9,-85.3,-23.3,168.85,88,8747,14859,14970,19953,1069,447464627,1
2026-05-01T13:56:21.048,A1,1,11921,-62.1,-86.7,-24.6,154.95,88,6010,13636,16167,20156,1083,445525093,1
2026-05-01T13:56:21.138,A1,1,11922,-62.1,-86.2,-24.0,154.22,92,13277,14188,9657,18904,1049,615650344,1
2026-05-01T13:56:21.257,A1,1,11923,-61.2,-84.9,-23.7,141.39,96,10252,13573,12412,17416,975,744029887,1
2026-05-01T13:56:21.347,A1,1,11924,-61.2,-86.0,-24.8,147.4,92,13357,13561,8489,18340,1000,422660473,1
2026-05-01T13:56:21.466,A1,1,11925,-62.1,-84.4,-22.3,184.66,88,10052,16250,15096,21092,1106,729178861,1
2026-05-01T13:56:21.563,A1,1,11926,-62.1,-86.3,-24.2,169.45,76,9659,12878,12298,16609,983,484453981,1
2026-05-01T13:56:21.678,A1,1,11927,-62.1,-85.5,-23.4,168.23,84,10559,14131,12260,17713,1015,435790374,1
2026-05-01T13:56:21.798,A1,1,11928,-62.3,-84.8,-22.5,182.12,88,8270,16027,15877,20881,1107,440090755,1
2026-05-01T13:56:21.917,A1,1,11929,-62.7,-86.7,-24.0,153.61,88,13833,13518,8218,17693,1035,454299005,1
2026-05-01T13:56:22.011,A1,1,11930,-62.3,-83.8,-21.6,196.35,88,13044,17279,11979,20699,1102,427715273,1
2026-05-01T13:56:22.128,A1,1,11931,-62.6,-85.2,-22.6,168.0,88,12678,14784,9909,17334,1020,397546886,1
2026-05-01T13:56:22.261,A1,1,11932,-62.3,-83.8,-21.4,140.48,120,10852,16858,15142,21149,1117,502835772,1
2026-05-01T13:56:22.336,A1,1,11933,-62.0,-82.8,-20.8,158.13,108,14912,17078,11246,20523,1088,485194277,1
2026-05-01T13:56:22.512,A1,1,11934,-62.7,-82.9,-20.2,206.11,80,12290,16489,13744,18833,1067,403632668,1
2026-05-01T13:56:22.557,A1,1,11935,-62.3,-84.6,-22.3,158.75,84,10730,13335,15361,18871,1053,427711107,1
2026-05-01T13:56:22.638,A1,1,11936,-62.0,-83.3,-21.2,174.7,92,11976,16072,14004,19761,1068,462130603,1
2026-05-01T13:56:22.756,A1,1,11937,-61.3,-85.8,-24.5,200.96,84,14306,16881,9633,24186,1151,390301055,1
2026-05-01T13:56:22.877,A1,1,11938,-61.4,-88.4,-27.1,158.45,84,8396,13310,8015,16586,956,714467478,1
2026-05-01T13:56:23.013,A1,1,11939,-61.5,-88.7,-27.2,125.56,108,6713,13561,13502,22825,1128,422470517,1
2026-05-01T13:56:23.154,A1,1,11940,-61.1,-89.0,-27.9,124.56,108,3742,13452,13056,22754,1110,413185164,1
2026-05-01T13:56:23.208,A1,1,11941,-62.5,-88.5,-26.1,143.38,116,7652,16632,11988,24162,1199,405175749,1
2026-05-01T13:56:23.296,A1,1,11942,-61.4,-88.4,-27.0,139.71,100,7048,13971,11097,19292,1033,469653678,1
2026-05-01T13:56:23.416,A1,1,11943,-62.8,-85.3,-22.5,171.33,96,12192,16448,11436,19786,1098,391367433,1
2026-05-01T13:56:23.538,A1,1,11944,-62.2,-87.0,-24.8,172.19,80,13352,13775,8761,18795,1047,486352242,1
2026-05-01T13:56:23.628,A1,1,11945,-61.4,-85.3,-23.9,133.98,108,10036,14470,17360,24348,1161,484565284,1
2026-05-01T13:56:23.734,A1,1,11946,-62.2,-86.0,-23.7,163.66,100,9331,16366,13495,21115,1112,468385205,1
2026-05-01T13:56:23.836,A1,1,11947,-62.0,-85.9,-23.9,188.26,92,10087,17320,16123,26328,1231,431499567,1
2026-05-01T13:56:23.956,A1,1,11948,-61.7,-88.3,-26.6,166.03,72,7099,11954,12761,17953,1007,476528666,1
2026-05-01T13:56:24.079,A1,1,11949,-60.7,-88.2,-27.4,151.79,80,5913,12143,13695,19296,1009,416770303,1
2026-05-01T13:56:32.237,A1,1,11950,-62.4,-87.6,-25.2,138.33,120,5984,16600,14955,23239,1173,438667874,1
2026-05-01T13:56:32.327,A1,1,11951,-62.5,-87.9,-25.4,166.1,104,10249,17274,12163,24282,1203,513842491,1
2026-05-01T13:56:32.445,A1,1,11952,-62.3,-87.4,-25.1,122.02,128,4158,15619,16658,23342,1172,435841423,1
2026-05-01T13:56:32.567,A1,1,11953,-62.0,-88.1,-26.1,131.04,108,6769,14152,13542,20071,1076,761110237,1
2026-05-01T13:56:32.687,A1,1,11954,-62.6,-87.7,-25.1,181.02,88,8716,15930,12269,20812,1117,404370412,1
2026-05-01T13:56:32.806,A1,1,11955,-62.5,-88.4,-25.9,147.84,88,7579,13010,11762,17740,1030,401350649,1
2026-05-01T13:56:32.926,A1,1,11956,-61.4,-88.5,-27.1,117.56,108,10535,12697,8416,18376,1007,741337094,1
2026-05-01T13:56:33.039,A1,1,11957,-61.4,-87.7,-26.3,132.33,128,7885,16938,13454,24807,1172,420383984,1
2026-05-01T13:56:33.136,A1,1,11958,-61.6,-88.0,-26.4,130.26,128,7101,16673,14258,25139,1185,508445601,1
2026-05-01T13:56:33.256,A1,1,11959,-62.5,-88.2,-25.7,155.39,92,10145,14296,10154,19046,1067,460474180,1
2026-05-01T13:56:33.346,A1,1,11960,-62.6,-87.1,-24.5,180.97,96,12267,17373,9968,22913,1173,421590520,1
2026-05-01T13:56:33.437,A1,1,11961,-62.3,-86.7,-24.4,125.41,112,9548,14046,11864,17708,1020,420758054,1
2026-05-01T13:56:33.557,A1,1,11962,-62.4,-88.8,-26.4,123.34,92,2806,11347,16016,21169,1118,761897006,1
2026-05-01T13:56:33.707,A1,1,11963,-62.2,-88.6,-26.4,116.98,112,5799,13102,11829,18010,1026,436829363,1
2026-05-01T13:56:33.766,A1,1,11964,-61.5,-87.8,-26.4,145.57,100,12421,14557,8691,20871,1076,485325234,1
2026-05-01T13:56:33.885,A1,1,11965,-62.7,-88.1,-25.4,143.94,100,12595,14394,9101,20033,1102,755834129,1
2026-05-01T13:56:33.976,A1,1,11966,-77.9,-88.4,-10.4,157.03,92,4232,14447,13222,6664,1074,483685902,1
2026-05-01T13:56:34.132,A1,1,11967,-62.2,-87.7,-25.6,158.64,112,9952,17768,11129,24050,1184,466539008,1
2026-05-01T13:56:34.189,A1,1,11968,-61.7,-88.1,-26.4,135.53,116,5036,15721,15949,25470,1198,726208116,1
2026-05-01T13:56:34.290,A1,1,11969,-61.8,-88.3,-26.5,145.26,104,5479,15107,13784,22328,1127,421658754,1
2026-05-01T13:56:34.397,A1,1,11970,-62.3,-87.9,-25.6,179.0,92,11922,16468,9718,22737,1157,429892491,1
2026-05-01T13:56:34.515,A1,1,11971,-62.3,-88.0,-25.7,148.35,120,10046,17802,11320,24525,1201,390340145,1
2026-05-01T13:56:34.638,A1,1,11972,-62.2,-88.2,-26.1,181.49,80,10674,14519,9952,20387,1090,483731689,1
2026-05-01T13:56:34.783,A1,1,11973,-61.9,-86.6,-24.8,181.32,92,11816,16681,10424,22216,1126,389721879,1
2026-05-01T13:56:34.847,A1,1,11974,-62.4,-87.5,-25.1,121.63,128,6249,15569,15043,21889,1139,472954022,1
2026-05-01T13:56:34.965,A1,1,11975,-61.4,-87.8,-26.4,169.32,88,8069,14900,11528,19891,1048,467597648,1
2026-05-01T13:56:35.086,A1,1,11976,-62.3,-88.2,-25.8,140.44,104,5685,14606,13690,20253,1093,397885131,1
2026-05-01T13:56:35.175,A1,1,11977,-62.2,-87.1,-24.9,131.2,132,10439,17318,12010,23607,1174,416013577,1
2026-05-01T13:56:35.304,A1,1,11978,-62.1,-88.3,-26.2,133.75,96,6718,12840,12502,17913,1019,433886816,1
2026-05-01T13:56:35.416,A1,1,11979,-61.6,-87.3,-25.7,160.91,104,10826,16735,11191,23533,1150,442700510,1
2026-05-01T13:56:35.536,A1,1,11980,-62.3,-88.1,-25.8,142.21,96,6679,13652,14085,19910,1082,398769905,1
2026-05-01T13:56:35.626,A1,1,11981,-62.2,-88.6,-26.4,106.88,108,4951,11543,16348,22061,1134,483834950,1
2026-05-01T13:56:35.788,A1,1,11982,-62.1,-88.4,-26.3,130.13,92,5649,11972,13904,18490,1037,415494845,1
2026-05-01T13:56:35.869,A1,1,11983,-62.1,-88.1,-26.0,159.28,92,10001,14654,9841,19415,1061,402285782,1
2026-05-01T13:56:35.926,A1,1,11984,-63.1,-87.0,-23.9,138.65,120,8876,16638,13213,21124,1144,739450243,1
2026-05-01T13:56:36.062,A1,1,11985,-61.1,-87.3,-26.2,152.52,100,7610,15252,12469,20763,1062,414134427,1
2026-05-01T13:56:36.138,A1,1,11986,-62.2,-87.9,-25.8,122.06,124,8672,15136,11776,20062,1081,499835540,1
2026-05-01T13:56:36.258,A1,1,11987,-62.7,-88.2,-25.5,131.94,108,4802,14250,16503,22955,1178,720736043,1
2026-05-01T13:56:36.347,A1,1,11988,-62.2,-87.6,-25.4,155.73,108,8275,16819,13241,23199,1164,611409838,1
2026-05-01T13:56:36.477,A1,1,11989,-62.3,-87.6,-25.2,134.48,128,11396,17214,10311,23207,1170,466840260,1
2026-05-01T13:56:36.593,A1,1,11990,-62.5,-87.8,-25.3,142.24,124,8149,17638,13684,24663,1214,496675189,1
2026-05-01T13:56:36.676,A1,1,11991,-62.1,-88.4,-26.2,131.1,108,7656,14159,10529,18287,1031,481917073,1
2026-05-01T13:56:36.768,A1,1,11992,-62.8,-87.6,-24.8,135.74,124,9008,16832,12934,22514,1169,485022426,1
2026-05-01T13:56:36.887,A1,1,11993,-62.3,-88.9,-26.6,109.38,104,2608,11375,15071,20018,1086,392777717,1
2026-05-01T13:56:37.007,A1,1,11994,-62.2,-87.9,-25.7,161.06,104,9388,16750,11669,22734,1151,719538641,1
2026-05-01T13:56:37.126,A1,1,11995,-62.8,-88.4,-25.7,113.46,124,3112,14069,17093,24024,1208,394683585,1
2026-05-01T13:56:37.246,A1,1,11996,-62.4,-88.6,-26.2,121.6,104,2985,12646,17026,23674,1186,495068926,1
2026-05-01T13:56:37.337,A1,1,11997,-62.3,-87.9,-25.6,149.62,116,8829,17356,12443,23815,1184,620513828,1
2026-05-01T13:56:37.433,A1,1,11998,-62.2,-88.3,-26.1,135.09,108,10579,14590,9241,20066,1083,419450897,1
2026-05-01T13:56:37.546,A1,1,11999,-61.9,-88.4,-26.5,162.34,96,8615,15585,10173,21324,1106,407393882,1
2026-05-01T13:56:37.666,A1,1,12000,-61.8,-87.4,-25.7,143.06,124,10500,17739,11422,24995,1190,440164186,1
2026-05-01T13:56:37.788,A1,1,12001,-62.9,-88.1,-25.2,143.67,116,5042,16666,16591,25580,1253,504252664,1
2026-05-01T13:56:37.906,A1,1,12002,-62.7,-87.6,-24.9,128.95,124,5661,15990,16567,23976,1205,452383359,1
2026-05-01T13:56:38.025,A1,1,12003,-62.1,-88.0,-25.9,141.24,112,5432,15819,17101,26398,1238,420053498,1
2026-05-01T13:56:38.146,A1,1,12004,-62.3,-87.6,-25.2,161.04,108,9687,17392,12568,24120,1193,459729308,1
2026-05-01T13:56:38.236,A1,1,12005,-62.4,-88.2,-25.8,141.95,120,5948,17034,17170,29162,1314,447472048,1
2026-05-01T13:56:38.356,A1,1,12006,-62.2,-88.1,-26.0,150.8,116,7128,17493,14621,26812,1250,390906197,1
2026-05-01T13:56:38.505,A1,1,12007,-62.9,-88.0,-25.1,188.5,88,12288,16588,9402,22403,1172,446539960,1
2026-05-01T13:56:38.721,A1,1,12008,-62.8,-88.4,-25.5,148.86,108,5130,16077,16433,26275,1267,391483992,1
2026-05-01T13:56:38.721,A1,1,12009,-62.5,-88.1,-25.5,163.69,104,10226,17024,11116,23276,1179,401952452,1
2026-05-01T13:56:38.814,A1,1,12010,-61.3,-88.2,-26.9,171.47,88,8557,15089,11066,21173,1078,467289383,1
2026-05-01T13:56:38.927,A1,1,12011,-62.2,-88.9,-26.8,130.74,88,3708,11505,16371,23225,1163,388475388,1
2026-05-01T13:56:39.075,A1,1,12012,-61.7,-88.5,-26.8,129.81,108,2696,14020,16827,25579,1201,439269152,1
2026-05-01T13:56:39.225,A1,1,12013,-62.3,-88.3,-26.0,134.52,124,5760,16681,14082,24391,1197,754980940,1
2026-05-01T13:56:39.286,A1,1,12014,-64.3,-88.9,-24.6,158.46,80,4684,12677,12623,16434,1054,484354499,1
2026-05-01T13:56:39.443,A1,1,12015,-62.5,-88.9,-26.3,130.37,100,7082,13037,10910,18374,1048,441613795,1
2026-05-01T13:56:39.496,A1,1,12016,-61.5,-88.3,-26.8,107.9,140,3015,15106,17426,27507,1236,435114632,1
2026-05-01T13:56:39.616,A1,1,12017,-62.6,-88.8,-26.2,105.73,120,2387,12688,16533,23381,1184,414028421,1
2026-05-01T13:56:39.711,A1,1,12018,-61.3,-88.3,-27.0,172.6,84,4750,14498,12970,20844,1069,414656366,1
2026-05-01T13:56:39.826,A1,1,12019,-62.6,-88.5,-26.0,175.94,80,10210,14075,9789,19929,1093,394249066,1
2026-05-01T13:56:39.946,A1,1,12020,-62.3,-88.8,-26.5,166.55,76,2578,12658,14941,21225,1116,440305958,1
2026-05-01T13:56:40.066,A1,1,12021,-75.4,-88.0,-12.6,178.65,88,11653,15721,9599,8641,1121,485176364,1
2026-05-01T13:56:40.187,A1,1,12022,-62.1,-88.3,-26.2,145.82,92,7468,13415,12099,18701,1041,463370589,1
2026-05-01T13:56:40.306,A1,1,12023,-62.7,-88.0,-25.4,160.28,108,7407,17310,15205,25960,1251,460299075,1
2026-05-01T13:56:40.427,A1,1,12024,-61.9,-87.9,-26.0,168.89,92,6799,15538,15611,24421,1184,769529738,1
2026-05-01T13:56:40.547,A1,1,12025,-60.9,-87.0,-26.1,158.22,96,7370,15189,14863,23409,1118,488239072,1
2026-05-01T13:56:40.666,A1,1,12026,-62.8,-87.9,-25.1,143.64,116,8364,16662,13718,23144,1187,500083124,1
2026-05-01T13:56:40.757,A1,1,12027,-63.1,-87.4,-24.4,156.39,104,7012,16265,15169,22321,1177,408757520,1
2026-05-01T13:56:40.877,A1,1,12028,-62.8,-87.0,-24.2,192.94,88,8694,16979,13385,22011,1158,399734727,1
2026-05-01T13:56:40.967,A1,1,12029,-62.4,-87.1,-24.7,149.13,116,9638,17299,12427,22898,1166,742170957,1
2026-05-01T13:56:41.091,A1,1,12030,-62.7,-88.4,-25.7,123.45,112,4741,13826,17346,24516,1217,395857482,1
2026-05-01T13:56:41.179,A1,1,12031,-62.0,-88.2,-26.1,142.76,108,5145,15418,14664,22892,1150,481773253,1
2026-05-01T13:56:41.295,A1,1,12032,-63.2,-88.6,-25.4,137.28,100,11760,13728,8116,18935,1087,445978110,1
2026-05-01T13:56:41.386,A1,1,12033,-62.1,-87.3,-25.2,146.13,120,10906,17536,11566,24324,1188,477577005,1
2026-05-01T13:56:41.537,A1,1,12034,-62.8,-88.3,-25.5,139.76,112,5665,15653,13796,21766,1150,759107704,1
2026-05-01T13:56:41.716,A1,1,12035,-62.6,-88.4,-25.8,128.71,104,12457,13386,7734,19231,1076,420505913,1
2026-05-01T13:56:41.747,A1,1,12036,-63.4,-87.6,-24.2,178.03,92,10013,16379,11373,20154,1131,444650516,1
2026-05-01T13:56:41.841,A1,1,12037,-62.9,-88.2,-25.4,151.01,84,5125,12685,14037,17535,1036,723460343,1
2026-05-01T13:56:42.041,A1,1,12038,-61.7,-88.2,-26.5,134.16,96,5424,12879,13923,19057,1038,436128628,1
2026-05-01T13:56:42.046,A1,1,12039,-61.7,-88.2,-26.5,155.58,100,5308,15558,16265,26074,1211,404173275,1
2026-05-01T13:56:42.198,A1,1,12040,-62.1,-87.5,-25.4,147.71,112,12561,16544,9575,23148,1158,547129985,1
2026-05-01T13:56:42.273,A1,1,12041,-62.3,-88.0,-25.6,138.38,108,2808,14945,16232,22161,1143,466426092,1
2026-05-01T13:56:42.345,A1,1,12042,-61.4,-88.2,-26.9,112.16,116,967,13011,15052,20007,1050,481754816,1
2026-05-01T13:56:42.466,A1,1,12043,-62.7,-87.8,-25.1,198.31,84,9850,16658,11195,21561,1142,449537782,1
2026-05-01T13:56:42.558,A1,1,12044,-62.2,-88.5,-26.3,111.9,112,2209,12533,17282,23640,1175,459994637,1
2026-05-01T13:56:42.677,A1,1,12045,-62.2,-88.2,-26.0,182.7,80,8031,14616,11059,18991,1052,481917690,1
2026-05-01T13:56:42.836,A1,1,12046,-62.5,-88.3,-25.8,146.43,100,1819,14643,16888,24029,1199,401430408,1
2026-05-01T13:56:42.887,A1,1,12047,-62.2,-87.6,-25.4,134.61,128,8197,17230,13094,23622,1174,742827970,1
2026-05-01T13:56:42.976,A1,1,12048,-61.3,-88.2,-26.9,138.94,96,11306,13338,7485,18444,1006,504437175,1
2026-05-01T13:56:43.095,A1,1,12049,-62.3,-87.7,-25.4,188.75,92,6401,17365,14648,24632,1202,454037887,1
2026-05-01T13:56:43.216,A1,1,12050,-62.7,-88.5,-25.8,150.08,88,827,13207,16371,21600,1141,391269382,1
2026-05-01T13:56:43.336,A1,1,12051,-62.1,-88.1,-26.0,154.0,100,7704,15400,11796,20178,1082,477396939,1
2026-05-01T13:56:43.452,A1,1,12052,-61.9,-88.5,-26.6,134.75,104,3686,14014,12378,18933,1040,418594355,1
2026-05-01T13:56:43.547,A1,1,12053,-61.2,-88.7,-27.5,91.95,124,2179,11402,15706,21775,1090,718004110,1
2026-05-01T13:56:43.698,A1,1,12054,-61.9,-88.1,-26.2,158.3,108,7539,17096,12496,24078,1175,724052126,1
2026-05-01T13:56:43.756,A1,1,12055,-62.0,-88.4,-26.4,155.31,112,4027,17395,15038,27543,1260,417846776,1
2026-05-01T13:56:43.901,A1,1,12056,-62.2,-88.5,-26.2,156.2,112,5526,17494,13630,26392,1243,496320415,1
2026-05-01T13:56:43.965,A1,1,12057,-61.1,-88.3,-27.2,146.62,120,6181,17595,13524,27700,1224,433483260,1
2026-05-01T13:56:44.087,A1,1,12058,-60.8,-88.5,-27.7,163.25,84,2574,13713,12969,20553,1044,387185389,1
2026-05-01T13:56:44.207,A1,1,12059,-61.6,-88.2,-26.6,164.64,104,6242,17123,13428,25446,1193,413026798,1
2026-05-01T13:56:44.326,A1,1,12060,-61.7,-88.9,-27.2,124.28,104,2531,12925,13134,19992,1063,452710505,1
2026-05-01T13:56:44.418,A1,1,12061,-60.8,-88.9,-28.1,148.01,88,4549,13025,11646,20000,1029,459182434,1
2026-05-01T13:56:44.567,A1,1,12062,-61.6,-88.9,-27.3,78.71,136,5489,10704,17257,25965,1207,417543334,1
2026-05-01T13:56:44.628,A1,1,12063,-60.6,-88.7,-28.1,133.0,100,1870,13300,13313,21186,1051,427460720,1
2026-05-01T13:56:44.718,A1,1,12064,-61.9,-88.7,-26.7,133.46,104,2489,13880,13510,20507,1084,482962156,1
2026-05-01T13:56:44.865,A1,1,12065,-62.1,-88.4,-26.3,146.98,108,3479,15874,16342,26664,1244,565369008,1
2026-05-01T13:56:44.956,A1,1,12066,-62.0,-89.0,-27.0,122.07,96,483,11719,14177,19544,1060,652827888,1
2026-05-01T13:56:45.045,A1,1,12067,-62.0,-88.6,-26.6,122.77,108,1745,13259,15897,22623,1140,388666863,1
2026-05-01T13:56:45.170,A1,1,12068,-62.0,-88.7,-26.7,134.35,100,10299,13435,8794,19619,1063,419726789,1
2026-05-01T13:56:45.255,A1,1,12069,-82.1,-88.7,-6.6,97.86,132,1233,12918,16878,6112,1189,585754043,1
2026-05-01T13:56:45.377,A1,1,12070,-62.1,-88.8,-26.7,111.03,116,1234,12880,13584,19174,1055,525873249,1
2026-05-01T13:56:45.495,A1,1,12071,-62.0,-89.1,-27.1,113.24,116,2939,13136,11596,18717,1037,454982611,1
2026-05-01T13:56:45.617,A1,1,12072,-62.1,-88.3,-26.2,114.95,148,10223,17013,10584,24731,1199,526778656,1
2026-05-01T13:56:45.736,A1,1,12073,-61.7,-88.8,-27.1,158.54,92,10218,14586,8752,22043,1114,443312477,1
2026-05-01T13:56:45.855,A1,1,12074,-61.0,-88.5,-27.5,125.94,124,5226,15617,16422,29826,1268,402341954,1
2026-05-01T13:56:45.949,A1,1,12075,-61.0,-86.5,-25.5,172.57,100,10282,17257,12017,24342,1145,435530210,1
2026-05-01T13:56:46.096,A1,1,12076,-62.2,-89.1,-27.0,127.73,92,3821,11751,13628,19995,1079,753123022,1
2026-05-01T13:56:46.187,A1,1,12077,-62.4,-85.7,-23.4,182.98,92,10411,16834,12335,20825,1110,433630710,1
2026-05-01T13:56:46.306,A1,1,12078,-62.6,-88.2,-25.6,121.91,116,10411,14142,10061,18778,1061,459928292,1
2026-05-01T13:56:46.425,A1,1,12079,-62.7,-86.7,-24.0,152.39,92,14097,14020,8291,18637,1060,392112899,1
2026-05-01T13:56:46.546,A1,1,12080,-62.8,-89.0,-26.1,148.7,84,3941,12491,11817,16912,1016,412223782,1
2026-05-01T13:56:46.636,A1,1,12081,-63.0,-87.2,-24.2,158.91,104,8613,16527,14503,22625,1181,392630872,1
2026-05-01T13:56:46.788,A1,1,12082,-61.9,-87.3,-25.4,147.91,88,6936,13016,13084,17174,990,436811186,1
2026-05-01T13:56:46.906,A1,1,12083,-62.3,-86.2,-23.9,174.62,96,10228,16764,13490,22538,1152,461207266,1
2026-05-01T13:56:47.052,A1,1,12084,-62.7,-83.2,-20.5,214.04,80,11901,17123,12350,18484,1058,432740494,1
2026-05-01T13:56:47.117,A1,1,12085,-61.9,-88.4,-26.5,169.9,80,11498,13592,8260,19627,1059,717835846,1
2026-05-01T13:56:47.238,A1,1,12086,-62.3,-88.3,-26.0,125.42,116,934,14549,17547,25107,1214,394810427,1
2026-05-01T13:56:47.357,A1,1,12087,-62.5,-85.3,-22.8,155.22,92,7727,14280,15803,18965,1062,423691238,1
2026-05-01T13:56:47.477,A1,1,12088,-60.7,-86.2,-25.5,102.96,104,13993,10708,13725,22157,1082,463537699,1
2026-05-01T13:56:47.577,A1,1,12089,-61.4,-87.1,-25.7,123.51,124,13802,15315,13492,27367,1228,481035829,1
2026-05-01T13:56:47.717,A1,1,12090,-61.4,-90.1,-28.7,110.68,96,7241,10625,9758,20128,1055,715374681,1
2026-05-01T13:56:47.808,A1,1,12091,-62.4,-90.3,-27.9,140.18,108,4642,15139,9536,26066,1243,482966241,1
2026-05-01T13:56:47.973,A1,1,12092,-62.1,-89.4,-27.3,134.11,100,4431,13411,12785,22823,1152,404120482,1
2026-05-01T13:56:48.016,A1,1,12093,-62.6,-87.1,-24.5,145.05,100,6762,14505,16567,21978,1150,433335619,1
2026-05-01T13:56:48.137,A1,1,12094,-86.0,-89.8,-3.8,105.77,92,4375,9731,14295,4257,1134,462999734,1
2026-05-01T13:56:48.257,A1,1,12095,-62.3,-87.9,-25.6,181.85,92,9277,16730,11987,22811,1158,457504268,1
2026-05-01T13:56:48.385,A1,1,12096,-60.6,-84.4,-23.7,144.2,96,11607,13843,15645,22465,1085,467998837,1
2026-05-01T13:56:48.467,A1,1,12097,-61.9,-86.9,-25.1,147.65,104,9691,15356,11626,20076,1070,438795812,1
2026-05-01T13:56:48.626,A1,1,12098,-62.3,-87.7,-25.4,173.2,96,10835,16627,10583,22317,1146,410726866,1
2026-05-01T13:56:48.675,A1,1,12099,-61.7,-89.1,-27.4,126.65,92,5137,11652,12754,19450,1048,419717951,1
2026-05-01T13:56:48.794,A1,1,12100,-62.2,-86.0,-23.9,186.33,92,13443,17142,9741,22615,1148,480186751,1
2026-05-01T13:56:48.887,A1,1,12101,-61.4,-80.6,-19.2,156.89,108,12729,16944,14902,19263,1031,416975710,1
2026-05-01T13:56:49.007,A1,1,12102,-61.6,-82.1,-20.5,189.43,88,14277,16670,11033,18982,1030,431292541,1
2026-05-01T13:56:49.155,A1,1,12103,-62.3,-89.0,-26.7,132.33,88,2561,11645,14763,20477,1097,464528828,1
2026-05-01T13:56:49.248,A1,1,12104,-62.5,-88.3,-25.9,156.74,96,3160,15047,16130,23785,1189,422312083,1
2026-05-01T13:56:49.367,A1,1,12105,-62.0,-88.2,-26.2,150.9,112,9499,16901,10108,23100,1153,393194011,1
2026-05-01T13:56:49.499,A1,1,12106,-62.2,-88.8,-26.5,106.62,112,5243,11941,17584,25833,1230,410640956,1
2026-05-01T13:56:49.576,A1,1,12107,-61.3,-89.0,-27.8,82.83,120,5165,9940,15453,22375,1107,433334630,1
2026-05-01T13:56:49.695,A1,1,12108,-62.2,-89.0,-26.8,110.59,104,7858,11501,13912,22304,1141,473829051,1
2026-05-01T13:56:49.818,A1,1,12109,-62.0,-88.8,-26.8,144.62,100,5876,14462,13802,24026,1178,494590771,1
2026-05-01T13:56:49.935,A1,1,12110,-62.9,-88.7,-25.8,152.16,112,5245,17042,14273,26434,1271,395162092,1
2026-05-01T13:56:50.048,A1,1,12111,-62.3,-87.0,-24.7,175.61,100,8353,17561,14417,24583,1202,482918970,1
2026-05-01T13:56:50.146,A1,1,12112,-61.8,-88.1,-26.3,123.53,108,8407,13341,13569,20611,1082,419455241,1
2026-05-01T13:56:50.289,A1,1,12113,-61.7,-85.8,-24.1,147.13,100,8347,14713,13042,18388,1020,429554528,1
2026-05-01T13:56:50.357,A1,1,12114,-60.5,-81.3,-20.8,159.7,108,12918,17248,13351,20682,1036,458410075,1
2026-05-01T13:56:50.450,A1,1,12115,-61.4,-83.0,-21.5,168.16,108,13928,18161,13936,24249,1159,482233557,1
2026-05-01T13:56:50.565,A1,1,12116,-61.5,-87.4,-25.9,138.14,100,8896,13814,13067,20149,1060,388571195,1
2026-05-01T13:56:50.687,A1,1,12117,-61.9,-86.7,-24.8,146.16,96,11456,14031,11326,19348,1052,459906727,1
2026-05-01T13:56:50.777,A1,1,12118,-61.5,-84.2,-22.7,170.46,104,10657,17728,12870,21765,1099,431830278,1
2026-05-01T13:56:50.897,A1,1,12119,-62.7,-89.0,-26.4,124.97,92,3855,11497,13375,18203,1048,444066179,1
2026-05-01T13:56:51.017,A1,1,12120,-61.5,-86.2,-24.7,143.73,104,5173,14948,16053,21347,1089,429819869,1
2026-05-01T13:56:51.195,A1,1,12121,-61.5,-84.1,-22.6,188.72,88,10752,16607,11834,19291,1036,401040276,1
2026-05-01T13:56:51.236,A1,1,12122,-61.8,-81.9,-20.1,184.75,92,12558,16997,12409,18419,1023,393941798,1
2026-05-01T13:56:51.397,A1,1,12123,-62.3,-87.4,-25.1,115.95,120,10133,13914,16358,24331,1195,741209703,1
2026-05-01T13:56:51.471,A1,1,12124,-62.1,-87.3,-25.1,148.58,100,4672,14858,15431,20837,1100,458521909,1
2026-05-01T13:56:51.557,A1,1,12125,-61.1,-89.2,-28.1,102.47,116,2839,11886,11562,18169,992,474893423,1
2026-05-01T13:56:51.617,A1,1,12126,-62.1,-86.8,-24.7,180.41,96,10727,17319,11067,22638,1145,421720513,1
2026-05-01T13:56:51.737,A1,1,12127,-62.3,-88.0,-25.7,157.96,100,5727,15796,12775,20144,1089,457940577,1
2026-05-01T13:56:51.858,A1,1,12128,-62.5,-86.7,-24.2,185.53,88,5030,16327,16562,22994,1172,757094974,1
2026-05-01T13:56:51.947,A1,1,12129,-62.2,-86.4,-24.1,140.17,120,9396,16820,12735,21562,1123,417806500,1
2026-05-01T13:56:52.068,A1,1,12130,-61.9,-88.0,-26.0,165.32,84,7036,13887,12874,18766,1038,447214781,1
2026-05-01T13:56:52.157,A1,1,12131,-62.7,-88.0,-25.2,156.33,112,5890,17509,15710,25632,1246,434037259,1
2026-05-01T13:56:52.282,A1,1,12132,-62.9,-87.6,-24.7,154.79,112,6546,17337,14484,23242,1193,464287038,1
2026-05-01T13:56:52.367,A1,1,12133,-62.3,-88.1,-25.8,163.25,104,9036,16978,11240,22747,1155,418438853,1
2026-05-01T13:56:52.486,A1,1,12134,-62.8,-86.5,-23.7,175.73,100,7923,17573,14418,22727,1178,452216293,1
2026-05-01T13:56:52.579,A1,1,12135,-80.1,-87.8,-7.8,143.35,100,8258,14335,11155,5192,1021,421531919,1
2026-05-01T13:56:52.726,A1,1,12136,-63.1,-86.2,-23.1,180.9,92,8473,16643,13131,19633,1105,459538018,1
2026-05-01T13:56:52.815,A1,1,12137,-62.6,-88.1,-25.5,156.83,92,10675,14428,9129,18443,1054,462476793,1
2026-05-01T13:56:53.000,A1,1,12138,-62.4,-88.2,-25.9,163.16,80,3956,13053,13676,17635,1021,495558454,1
2026-05-01T13:56:53.057,A1,1,12139,-62.6,-87.5,-24.8,175.24,84,9844,14720,10030,17580,1029,481311784,1
2026-05-01T13:56:53.146,A1,1,12140,-62.4,-86.9,-24.5,149.13,100,10004,14913,10323,17782,1025,437976513,1
2026-05-01T13:56:53.270,A1,1,12141,-62.1,-87.5,-25.4,165.62,92,7522,15237,13629,20920,1103,415506857,1
2026-05-01T13:56:53.361,A1,1,12142,-62.4,-88.4,-26.0,132.6,100,722,13260,16129,21396,1125,485260673,1
2026-05-01T13:56:53.477,A1,1,12143,-61.4,-87.2,-25.8,168.05,80,7532,13444,12287,17564,986,439030700,1
2026-05-01T13:56:53.568,A1,1,12144,-62.3,-87.9,-25.6,150.32,112,8843,16836,13102,23926,1186,434508075,1
2026-05-01T13:56:53.685,A1,1,12145,-61.5,-88.3,-26.8,124.81,108,3396,13479,13263,18720,1020,463465263,1
2026-05-01T13:56:53.807,A1,1,12146,-61.2,-88.3,-27.1,122.86,120,8288,14743,10449,20552,1057,741496451,1
2026-05-01T13:56:53.896,A1,1,12147,-62.6,-85.8,-23.1,156.65,112,8884,17545,16714,25087,1229,419508697,1
2026-05-01T13:56:54.017,A1,1,12148,-62.0,-87.3,-25.2,195.24,84,5189,16400,15451,23297,1160,409463829,1
2026-05-01T13:56:54.137,A1,1,12149,-62.6,-88.6,-26.0,141.82,92,5699,13047,11948,17519,1026,386882667,1
2026-05-01T13:56:54.226,A1,1,12150,-62.3,-88.1,-25.8,125.86,120,5136,15103,16842,24852,1211,480934015,1
2026-05-01T13:56:54.346,A1,1,12151,-61.9,-86.7,-24.8,175.75,84,7795,14763,12573,18533,1030,446140964,1
2026-05-01T13:56:54.468,A1,1,12152,-61.6,-86.6,-25.1,161.19,108,10241,17408,12587,24426,1168,457558116,1
2026-05-01T13:56:54.586,A1,1,12153,-63.2,-88.9,-25.7,136.61,104,8740,14207,9159,18885,1087,455077646,1
2026-05-01T13:56:54.707,A1,1,12154,-62.5,-85.8,-23.2,155.66,88,12090,13698,11096,17361,1019,391854513,1
2026-05-01T13:56:54.825,A1,1,12155,-61.7,-88.0,-26.3,137.18,120,8075,16462,14778,25974,1211,417603450,1
2026-05-01T13:56:54.945,A1,1,12156,-62.3,-88.7,-26.4,130.41,116,4971,15127,12979,22247,1145,516555166,1
2026-05-01T13:56:55.066,A1,1,12157,-61.8,-84.4,-22.6,156.86,108,11261,16941,13423,21661,1108,467709273,1
2026-05-01T13:56:55.156,A1,1,12158,-60.8,-85.5,-24.8,158.31,108,11278,17097,11869,23661,1119,481018081,1
2026-05-01T13:56:55.277,A1,1,12159,-62.3,-88.1,-25.8,138.87,104,6520,14442,16939,24971,1211,723016446,1
2026-05-01T13:56:55.365,A1,1,12160,-62.1,-88.6,-26.5,146.94,88,3867,12931,13511,19191,1055,482118247,1
2026-05-01T13:56:55.524,A1,1,12161,-61.5,-88.5,-27.0,146.72,96,5327,14085,11510,19135,1032,417200400,1
2026-05-01T13:56:55.577,A1,1,12162,-62.2,-87.9,-25.7,160.15,108,9270,17296,11762,23584,1175,743482471,1
2026-05-01T13:56:55.694,A1,1,12163,-62.2,-88.6,-26.5,138.88,92,4993,12777,11939,17389,1007,433502898,1
2026-05-01T13:56:55.786,A1,1,12164,-62.6,-88.1,-25.6,185.77,92,7707,17091,12691,23450,1185,442759056,1
2026-05-01T13:56:55.972,A1,1,12165,-61.9,-88.1,-26.2,141.12,104,5666,14677,13594,20577,1085,720382498,1
2026-05-01T13:56:56.016,A1,1,12166,-68.2,-86.5,-18.4,156.67,96,8592,15040,13767,13298,1083,481979981,1
2026-05-01T13:56:56.116,A1,1,12167,-62.7,-87.5,-24.8,139.2,100,8498,13920,12285,17588,1033,446192274,1
2026-05-01T13:56:56.206,A1,1,12168,-61.8,-87.4,-25.7,162.11,104,7239,16859,14776,24911,1188,480870855,1
2026-05-01T13:56:56.365,A1,1,12169,-61.9,-88.3,-26.4,153.83,88,3467,13537,12271,17264,993,399435643,1
2026-05-01T13:56:56.446,A1,1,12170,-62.2,-88.9,-26.6,120.42,104,3645,12524,12665,18180,1032,431674310,1
2026-05-01T13:56:56.536,A1,1,12171,-62.3,-85.3,-23.0,168.71,100,12085,16871,11771,21306,1118,530857986,1
2026-05-01T13:56:56.658,A1,1,12172,-62.6,-86.6,-23.9,183.18,92,8668,16853,14451,22606,1167,460230767,1
2026-05-01T13:56:56.776,A1,1,12173,-61.9,-86.8,-24.9,135.14,100,8687,13514,14173,19508,1056,713674770,1
2026-05-01T13:56:56.952,A1,1,12174,-62.0,-85.9,-23.8,192.25,88,12177,16918,10896,21899,1125,478733386,1
2026-05-01T13:56:56.994,A1,1,12175,-62.7,-85.6,-23.0,185.31,88,14348,16307,9488,20952,1124,394495490,1
2026-05-01T13:56:57.076,A1,1,12176,-61.3,-84.6,-23.3,151.99,112,11477,17023,12874,22389,1108,399201681,1
2026-05-01T13:56:57.227,A1,1,12177,-62.3,-87.0,-24.8,169.73,96,11799,16294,9683,21046,1111,739576418,1
2026-05-01T13:56:57.287,A1,1,12178,-62.4,-87.8,-25.4,152.11,100,2911,15211,16845,23039,1168,463454260,1
2026-05-01T13:56:57.399,A1,1,12179,-61.1,-86.3,-25.2,155.29,96,5845,14908,15440,21488,1078,418169580,1
2026-05-01T13:56:57.567,A1,1,12180,-62.3,-86.6,-24.3,166.65,84,13366,13999,8260,18164,1033,478993748,1
2026-05-01T13:56:57.593,A1,1,12181,-62.0,-86.0,-24.0,184.05,88,12319,16196,9931,20596,1089,399527327,1
2026-05-01T13:56:57.706,A1,1,12182,-62.0,-85.3,-23.3,194.6,88,8788,17125,14680,22279,1133,387394649,1
2026-05-01T13:56:57.811,A1,1,12183,-62.3,-86.0,-23.7,170.75,96,10987,16392,11756,20733,1104,393857596,1
2026-05-01T13:56:57.916,A1,1,12184,-61.0,-86.6,-25.6,129.0,112,7561,14448,14189,20866,1059,715479568,1
2026-05-01T13:56:58.036,A1,1,12185,-62.3,-86.7,-24.3,180.89,92,9115,16642,15151,24169,1194,392121882,1
2026-05-01T13:56:58.157,A1,1,12186,-61.9,-87.2,-25.3,145.59,92,7925,13394,14652,20015,1070,709782613,1
2026-05-01T13:56:58.247,A1,1,12187,-62.2,-85.7,-23.5,174.23,92,10020,16029,15049,22541,1147,476423181,1
2026-05-01T13:56:58.382,A1,1,12188,-62.2,-85.9,-23.8,176.74,96,9938,16967,13742,22648,1150,398142336,1
2026-05-01T13:56:58.455,A1,1,12189,-61.6,-85.6,-24.0,156.26,108,10035,16876,16941,26866,1228,457525050,1
2026-05-01T13:56:58.547,A1,1,12190,-62.1,-88.3,-26.1,144.3,92,12255,13276,7466,18566,1039,439871599,1
2026-05-01T13:56:58.665,A1,1,12191,-62.2,-88.0,-25.8,137.3,88,8113,12082,14871,19706,1073,435521921,1
2026-05-01T13:57:06.767,A1,1,12192,-62.4,-88.6,-26.2,133.03,92,8099,12239,13296,20116,1092,449021648,1
2026-05-01T13:57:06.897,A1,1,12193,-62.3,-89.0,-26.7,117.11,112,5121,13116,15091,24026,1189,426728964,1
2026-05-01T13:57:06.975,A1,1,12194,-61.4,-88.6,-27.2,135.51,104,3706,14093,11652,19047,1027,416419109,1
2026-05-01T13:57:07.071,A1,1,12195,-62.0,-85.3,-23.4,147.35,96,9809,14146,13226,18076,1019,408538445,1
2026-05-01T13:57:07.240,A1,1,12196,-62.2,-88.3,-26.1,141.18,116,7446,16377,16440,28762,1297,409163577,1
2026-05-01T13:57:07.309,A1,1,12197,-62.2,-85.9,-23.7,170.42,96,7643,16360,15765,22528,1146,506157390,1
2026-05-01T13:57:07.395,A1,1,12198,-62.2,-88.8,-26.6,117.37,104,1675,12206,15882,22006,1132,762080809,1
2026-05-01T13:57:07.511,A1,1,12199,-60.9,-86.8,-25.9,152.76,108,9626,16498,13329,24701,1149,431713906,1
2026-05-01T13:57:07.607,A1,1,12200,-61.5,-87.8,-26.3,182.53,88,10478,16063,10058,21966,1107,449564408,1
2026-05-01T13:57:07.727,A1,1,12201,-62.3,-87.0,-24.7,204.31,84,10574,17162,11429,22494,1152,453897173,1
2026-05-01T13:57:07.845,A1,1,12202,-62.3,-86.6,-24.3,170.85,92,6627,15718,14497,20462,1097,733469476,1
2026-05-01T13:57:07.936,A1,1,12203,-62.1,-87.9,-25.8,169.55,88,4691,14920,15251,21672,1122,738436149,1
2026-05-01T13:57:08.037,A1,1,12204,-61.9,-88.1,-26.2,173.96,96,4061,16700,16684,27007,1244,399773795,1
2026-05-01T13:57:08.146,A1,1,12205,-62.2,-88.5,-26.2,145.92,112,4701,16343,15634,26834,1253,409236982,1
2026-05-01T13:57:08.241,A1,1,12206,-61.8,-88.6,-26.8,97.95,100,8342,9795,15228,21112,1096,416938742,1
2026-05-01T13:57:08.355,A1,1,12207,-61.9,-88.3,-26.5,149.34,100,7101,14934,12465,21444,1106,721279066,1
2026-05-01T13:57:08.446,A1,1,12208,-61.2,-88.3,-27.1,152.5,112,8209,17080,12023,26124,1192,463056147,1
2026-05-01T13:57:08.536,A1,1,12209,-62.3,-88.3,-26.0,148.12,108,10178,15997,9201,21443,1122,432103993,1
2026-05-01T13:57:08.641,A1,1,12210,-61.6,-88.2,-26.6,116.64,104,4119,12131,14062,17930,1003,434566154,1
2026-05-01T13:57:08.808,A1,1,12211,-62.6,-86.8,-24.2,166.76,100,11935,16676,10790,21726,1143,449393555,1
2026-05-01T13:57:08.866,A1,1,12212,-62.4,-88.1,-25.8,128.14,96,7603,12301,15159,20323,1096,424974217,1
2026-05-01T13:57:08.995,A1,1,12213,-62.4,-87.7,-25.3,164.06,100,11129,16406,10418,21985,1142,716016882,1
2026-05-01T13:57:09.120,A1,1,12214,-61.3,-88.5,-27.2,143.81,88,6573,12655,13313,20742,1066,455617425,1
2026-05-01T13:57:09.168,A1,1,12215,-61.7,-88.6,-26.8,145.75,88,5103,12826,13938,20538,1078,428674983,1
2026-05-01T13:57:09.317,A1,1,12216,-62.1,-88.7,-26.5,151.59,88,10865,13340,7809,19054,1053,487727306,1
2026-05-01T13:57:09.406,A1,1,12217,-61.5,-88.1,-26.5,125.34,108,6153,13537,13410,19307,1038,448330064,1
2026-05-01T13:57:09.496,A1,1,12218,-61.6,-88.3,-26.7,114.32,108,5236,12347,13051,17712,995,480344958,1
2026-05-01T13:57:09.615,A1,1,12219,-61.8,-85.6,-23.8,147.09,116,11751,17063,11623,22317,1126,430307271,1
2026-05-01T13:57:09.737,A1,1,12220,-62.3,-88.0,-25.8,109.88,124,8196,13625,16968,24516,1199,388306531,1
2026-05-01T13:57:09.856,A1,1,12221,-61.9,-88.3,-26.4,150.08,104,10619,15608,9985,22639,1138,462853546,1
2026-05-01T13:57:10.065,A1,1,12222,-62.7,-88.8,-26.1,149.57,80,3667,11966,12903,17170,1019,435113401,1
2026-05-01T13:57:10.096,A1,1,12223,-61.8,-86.5,-24.7,154.58,112,11400,17313,11361,23446,1154,402569028,1
2026-05-01T13:57:10.185,A1,1,12224,-62.3,-87.8,-25.5,138.14,120,13021,16577,9321,23627,1179,400037040,1
2026-05-01T13:57:10.338,A1,1,12225,-61.6,-87.3,-25.7,157.39,92,11258,14480,9112,18875,1028,451150329,1
2026-05-01T13:57:10.458,A1,1,12226,-61.9,-88.1,-26.1,120.67,104,6872,12550,12270,16628,976,455382513,1
2026-05-01T13:57:10.577,A1,1,12227,-62.8,-88.1,-25.3,149.2,116,7698,17307,14718,25363,1243,757632633,1
2026-05-01T13:57:10.666,A1,1,12228,-62.5,-87.5,-25.0,140.89,104,8455,14653,12027,18461,1049,725593883,1
2026-05-01T13:57:10.787,A1,1,12229,-62.9,-88.2,-25.4,114.89,124,3450,14246,17034,23128,1189,461436787,1
2026-05-01T13:57:10.905,A1,1,12230,-62.5,-88.1,-25.6,196.84,88,8149,17322,12965,24439,1208,634433712,1
2026-05-01T13:57:11.026,A1,1,12231,-62.6,-88.3,-25.7,140.32,112,5031,15716,17244,26857,1269,387941692,1
2026-05-01T13:57:11.145,A1,1,12232,-62.5,-88.8,-26.2,153.93,92,5831,14162,11497,19388,1077,406670833,1
2026-05-01T13:57:11.236,A1,1,12233,-62.3,-88.5,-26.2,97.69,104,8966,10160,17246,24485,1200,414724542,1
2026-05-01T13:57:11.355,A1,1,12234,-62.8,-87.3,-24.4,172.99,96,11926,16607,9685,21091,1135,451197066,1
2026-05-01T13:57:11.477,A1,1,12235,-62.2,-87.1,-24.9,171.45,100,8047,17145,14148,23890,1181,493380370,1
2026-05-01T13:57:11.595,A1,1,12236,-62.8,-88.5,-25.7,130.66,96,3436,12543,15063,19371,1086,434558385,1
2026-05-01T13:57:11.715,A1,1,12237,-62.1,-88.3,-26.2,113.04,112,8118,12660,17123,25393,1214,413957805,1
2026-05-01T13:57:11.837,A1,1,12238,-62.4,-87.7,-25.2,149.84,96,7590,14385,12134,17944,1032,768826719,1
2026-05-01T13:57:11.930,A1,1,12239,-62.2,-85.3,-23.1,150.9,116,9206,17504,16781,25386,1217,415408705,1
2026-05-01T13:57:12.046,A1,1,12240,-62.1,-88.5,-26.3,108.52,132,7968,14325,16760,27824,1271,762466361,1
2026-05-01T13:57:12.136,A1,1,12241,-61.9,-88.3,-26.3,130.9,100,2730,13090,16845,22661,1140,416221052,1
2026-05-01T13:57:12.255,A1,1,12242,-60.8,-86.5,-25.7,123.79,108,9016,13369,16327,23768,1121,455117188,1
2026-05-01T13:57:12.372,A1,1,12243,-62.2,-85.7,-23.5,166.89,100,4694,16689,17345,23315,1166,479635741,1
2026-05-01T13:57:12.466,A1,1,12244,-61.9,-88.6,-26.7,138.84,116,7053,16106,14881,28266,1273,415329131,1
2026-05-01T13:57:12.586,A1,1,12245,-62.2,-86.1,-23.9,146.04,120,9094,17525,15311,24848,1204,754398522,1
2026-05-01T13:57:12.688,A1,1,12246,-62.3,-88.4,-26.1,136.36,104,7298,14181,12802,20812,1106,478755939,1
2026-05-01T13:57:12.814,A1,1,12247,-62.6,-88.5,-25.8,136.74,112,3917,15315,17052,26401,1261,448631802,1
2026-05-01T13:57:12.884,A1,1,12248,-62.0,-89.0,-27.1,129.65,96,1965,12446,13972,20657,1090,483046826,1
2026-05-01T13:57:12.977,A1,1,12249,-62.1,-88.1,-26.0,141.39,96,13047,13573,7833,19609,1067,461471465,1
2026-05-01T13:57:13.125,A1,1,12250,-62.3,-86.7,-24.4,153.18,108,7505,16543,15240,23162,1168,488986060,1
2026-05-01T13:57:13.216,A1,1,12251,-62.2,-85.5,-23.3,154.63,108,13013,16700,10407,21247,1115,436262224,1
2026-05-01T13:57:13.337,A1,1,12252,-61.2,-85.7,-24.5,148.08,112,9442,16585,14107,23391,1128,414302943,1
2026-05-01T13:57:13.433,A1,1,12253,-61.9,-86.6,-24.7,139.09,124,11445,17247,11918,23991,1170,397480153,1
2026-05-01T13:57:13.608,A1,1,12254,-61.0,-86.0,-25.0,141.33,120,9427,16960,17171,28711,1243,391032380,1
2026-05-01T13:57:13.637,A1,1,12255,-62.0,-86.8,-24.8,147.08,108,8022,15885,17027,25619,1215,429916583,1
2026-05-01T13:57:13.755,A1,1,12256,-62.4,-88.3,-25.9,137.33,112,11664,15381,9246,21802,1136,489028324,1
2026-05-01T13:57:13.876,A1,1,12257,-62.4,-88.3,-25.9,154.1,104,11210,16026,9371,22439,1152,452322562,1
2026-05-01T13:57:13.968,A1,1,12258,-61.8,-85.5,-23.7,151.47,108,8847,16359,17216,25187,1196,414789300,1
2026-05-01T13:57:14.133,A1,1,12259,-62.4,-88.1,-25.7,164.1,100,9013,16410,12071,22677,1157,396289143,1
2026-05-01T13:57:14.175,A1,1,12260,-61.6,-88.2,-26.6,138.22,100,5589,13822,14872,21961,1111,432616987,1
2026-05-01T13:57:14.296,A1,1,12261,-62.3,-88.1,-25.7,151.63,108,5924,16376,15160,24334,1198,401414770,1
2026-05-01T13:57:14.386,A1,1,12262,-62.4,-88.8,-26.4,127.61,104,11595,13271,7614,19780,1081,414176537,1
2026-05-01T13:57:14.506,A1,1,12263,-62.1,-87.8,-25.7,127.12,120,7447,15255,17484,26696,1246,400796934,1
2026-05-01T13:57:14.626,A1,1,12264,-62.0,-87.6,-25.5,133.98,108,5426,14470,15884,21860,1123,407037100,1
2026-05-01T13:57:14.723,A1,1,12265,-62.1,-87.2,-25.2,170.93,100,10756,17093,10542,22554,1142,725831078,1
2026-05-01T13:57:14.852,A1,1,12266,-62.1,-88.4,-26.4,122.44,112,7031,13713,12729,20245,1082,479552363,1
2026-05-01T13:57:14.900,A1,1,12267,-62.1,-88.4,-26.4,138.91,100,7847,13891,10710,18701,1041,431735476,1
2026-05-01T13:57:15.016,A1,1,12268,-62.2,-88.7,-26.5,111.24,104,5124,11569,15325,21106,1109,466007731,1
2026-05-01T13:57:15.137,A1,1,12269,-62.5,-88.1,-25.5,120.23,116,6456,13947,16851,23436,1183,513207147,1
2026-05-01T13:57:15.286,A1,1,12270,-61.5,-87.1,-25.6,175.53,96,9351,16851,12030,23121,1134,432212804,1
2026-05-01T13:57:15.405,A1,1,12271,-62.2,-88.5,-26.3,137.7,92,6542,12668,12903,18623,1043,388470248,1
2026-05-01T13:57:15.577,A1,1,12272,-90.6,-88.2,2.4,159.99,104,10426,16639,11241,2261,1190,708843151,1
2026-05-01T13:57:15.623,A1,1,12273,-61.9,-88.5,-26.6,131.6,96,5505,12634,13955,19924,1066,429973606,1
2026-05-01T13:57:15.705,A1,1,12274,-60.9,-87.5,-26.6,155.41,108,11300,16784,10544,24963,1154,456596760,1
2026-05-01T13:57:15.838,A1,1,12275,-60.8,-88.1,-27.3,140.26,96,12781,13465,7996,20895,1054,414302043,1
2026-05-01T13:57:15.915,A1,1,12276,-61.8,-88.5,-26.8,120.22,96,5854,11541,15848,22067,1118,396373228,1
2026-05-01T13:57:16.005,A1,1,12277,-61.9,-87.3,-25.4,164.63,104,8941,17122,13120,24006,1171,415528914,1
2026-05-01T13:57:16.168,A1,1,12278,-61.0,-86.6,-25.6,156.26,108,8345,16876,13581,24097,1138,393422393,1
2026-05-01T13:57:16.215,A1,1,12279,-60.4,-87.5,-27.1,138.71,100,4894,13871,15240,22255,1072,680866157,1
2026-05-01T13:57:16.310,A1,1,12280,-60.8,-88.3,-27.5,138.04,100,6734,13804,11626,19755,1022,415698640,1
2026-05-01T13:57:16.425,A1,1,12281,-62.0,-88.2,-26.2,129.96,112,5630,14556,15150,22616,1141,585852905,1
2026-05-01T13:57:16.526,A1,1,12282,-60.8,-88.2,-27.4,116.4,124,6612,14433,11430,19860,1026,402725108,1
2026-05-01T13:57:16.636,A1,1,12283,-61.7,-88.3,-26.5,127.76,108,5085,13798,15256,22366,1124,397255811,1
2026-05-01T13:57:16.756,A1,1,12284,-60.7,-86.3,-25.5,156.74,108,9914,16928,12280,23837,1122,408191636,1
2026-05-01T13:57:16.846,A1,1,12285,-62.2,-88.0,-25.7,149.65,120,10978,17958,10889,25347,1218,434401085,1
2026-05-01T13:57:16.966,A1,1,12286,-62.3,-88.7,-26.4,129.77,88,4173,11420,14644,19176,1062,433314321,1
2026-05-01T13:57:17.087,A1,1,12287,-62.6,-86.3,-23.6,183.48,92,10295,16880,12786,21661,1141,515740521,1
2026-05-01T13:57:25.275,A1,1,12288,-63.1,-88.3,-25.2,176.92,92,10324,16277,11331,22760,1189,425632525,1
2026-05-01T13:57:25.366,A1,1,12289,-63.1,-88.2,-25.0,190.03,88,6899,16723,14626,23956,1222,460310827,1
2026-05-01T13:57:25.517,A1,1,12290,-63.5,-87.8,-24.3,181.64,92,12256,16711,10008,21678,1178,490133951,1
2026-05-01T13:57:25.607,A1,1,12291,-63.0,-87.9,-24.9,178.49,96,12023,17135,9897,22896,1188,432493800,1
2026-05-01T13:57:25.754,A1,1,12292,-63.6,-88.1,-24.5,134.32,128,7946,17193,13283,22653,1206,427096600,1
2026-05-01T13:57:25.816,A1,1,12293,-63.3,-87.2,-23.9,200.27,84,11322,16823,10919,21106,1153,636342150,1
2026-05-01T13:57:25.936,A1,1,12294,-63.1,-88.8,-25.7,146.85,80,4207,11748,14535,18799,1082,469236856,1
2026-05-01T13:57:26.029,A1,1,12295,-63.4,-87.8,-24.4,179.69,96,7807,17250,14231,23151,1211,452463008,1
2026-05-01T13:57:26.176,A1,1,12296,-62.9,-87.7,-24.9,177.6,88,7317,15629,14348,21388,1144,487801619,1
2026-05-01T13:57:26.295,A1,1,12297,-62.9,-88.2,-25.4,174.18,84,8754,14631,11792,19629,1096,413663464,1
2026-05-01T13:57:26.416,A1,1,12298,-63.0,-89.0,-26.0,116.89,96,3681,11221,14347,18568,1072,706368089,1
2026-05-01T13:57:26.507,A1,1,12299,-63.5,-88.3,-24.8,186.67,88,8547,16427,12157,21822,1182,437312706,1
2026-05-01T13:57:26.663,A1,1,12300,-63.0,-88.6,-25.7,173.83,72,4248,12516,12796,16891,1020,416940260,1
2026-05-01T13:57:26.836,A1,1,12301,-63.7,-88.2,-24.5,193.99,76,8373,14743,11891,18249,1086,420170404,1
2026-05-01T13:57:26.895,A1,1,12302,-63.6,-88.0,-24.5,175.17,88,6878,15415,14714,20895,1159,442721256,1
2026-05-01T13:57:27.016,A1,1,12303,-63.6,-88.6,-25.0,163.45,88,7717,14384,11433,18886,1103,448658830,1
2026-05-01T13:57:27.106,A1,1,12304,-63.0,-87.9,-24.9,158.57,92,6319,14588,15788,21402,1149,484926892,1
2026-05-01T13:57:27.226,A1,1,12305,-63.4,-88.2,-24.8,186.97,92,9897,17201,11382,22801,1202,501575864,1
2026-05-01T13:57:27.345,A1,1,12306,-63.8,-88.1,-24.3,173.01,96,6794,16609,15612,23546,1240,427913041,1
2026-05-01T13:57:27.465,A1,1,12307,-63.1,-88.5,-25.4,151.51,92,6123,13939,12133,18239,1066,729474086,1
2026-05-01T13:57:27.557,A1,1,12308,-63.6,-87.6,-23.9,171.16,100,12807,17116,9815,22044,1192,763961459,1
2026-05-01T13:57:27.647,A1,1,12309,-63.3,-88.2,-24.9,159.49,100,6153,15949,16032,24080,1233,413419255,1
2026-05-01T13:57:27.794,A1,1,12310,-63.6,-87.5,-23.9,186.78,92,10648,17184,11774,21787,1184,495023619,1
2026-05-01T13:57:27.885,A1,1,12311,-63.8,-87.7,-23.9,157.28,100,4190,15728,17441,22700,1216,459542593,1
2026-05-01T13:57:27.975,A1,1,12312,-63.3,-87.1,-23.9,241.74,68,7933,16438,12572,19500,1107,391593703,1
2026-05-01T13:57:28.065,A1,1,12313,-63.1,-88.4,-25.4,172.36,84,5592,14478,13666,20220,1120,493544231,1
2026-05-01T13:57:28.156,A1,1,12314,-63.2,-88.0,-24.8,100.7,172,11790,17320,11454,24115,1228,395180776,1
2026-05-01T13:57:28.275,A1,1,12315,-63.1,-88.5,-25.3,174.2,88,4014,15330,16241,24317,1231,394032238,1
2026-05-01T13:57:28.365,A1,1,12316,-63.0,-88.2,-25.3,152.35,88,7669,13407,15708,22001,1164,676056871,1
2026-05-01T13:57:28.457,A1,1,12317,-62.8,-89.4,-26.6,159.04,72,3933,11451,13452,19516,1090,433608316,1
2026-05-01T13:57:28.606,A1,1,12318,-62.4,-89.6,-27.2,161.95,76,2908,12308,12042,19682,1078,448819925,1
2026-05-01T13:57:28.695,A1,1,12319,-63.6,-88.7,-25.1,171.97,68,2813,11694,13368,15732,1005,428098757,1
2026-05-01T13:57:28.817,A1,1,12320,-63.5,-86.8,-23.3,216.73,80,10060,17338,11335,20198,1136,441824343,1
2026-05-01T13:57:28.905,A1,1,12321,-62.0,-87.1,-25.1,171.53,92,4914,15781,15810,22607,1142,399513914,1
2026-05-01T13:57:29.025,A1,1,12322,-62.7,-85.1,-22.4,136.71,128,10670,17499,13141,21255,1134,394049105,1
2026-05-01T13:57:37.097,A1,1,12323,-63.4,-88.1,-24.6,200.16,76,3521,15212,14469,19247,1107,435734994,1
2026-05-01T13:57:37.216,A1,1,12324,-63.5,-88.9,-25.4,166.83,84,6568,14014,10400,17748,1064,446025203,1
2026-05-01T13:57:37.365,A1,1,12325,-63.5,-88.4,-25.0,209.05,76,2171,15888,16609,24491,1249,746369312,1
2026-05-01T13:57:37.455,A1,1,12326,-62.7,-86.9,-24.3,188.91,76,6946,14357,12944,17194,1018,462061251,1
2026-05-01T13:57:37.578,A1,1,12327,-63.0,-88.7,-25.7,128.67,92,4412,11838,14817,18995,1082,485906442,1
2026-05-01T13:57:37.695,A1,1,12328,-63.4,-88.3,-24.9,155.13,92,11305,14272,8164,17658,1058,444587956,1
2026-05-01T13:57:37.815,A1,1,12329,-62.7,-88.1,-25.4,199.38,72,7135,14355,12282,18180,1048,451566487,1
2026-05-01T13:57:37.905,A1,1,12330,-62.8,-88.4,-25.6,123.16,124,3747,15272,17060,25586,1250,419843048,1
2026-05-01T13:57:37.997,A1,1,12331,-61.9,-87.6,-25.7,164.64,96,11762,15805,9345,21399,1105,419202472,1
2026-05-01T13:57:38.116,A1,1,12332,-63.9,-89.1,-25.2,147.4,80,1568,11792,13861,17260,1064,498666350,1
2026-05-01T13:57:38.235,A1,1,12333,-63.1,-87.6,-24.5,214.09,80,10702,17127,11620,22537,1184,569854458,1
2026-05-01T13:57:38.355,A1,1,12334,-64.0,-88.2,-24.1,186.73,88,3914,16432,17831,25069,1289,439530912,1
2026-05-01T13:57:38.475,A1,1,12335,-63.0,-88.4,-25.4,170.53,76,4668,12960,14592,18756,1076,451425821,1
2026-05-01T13:57:38.566,A1,1,12336,-63.7,-87.3,-23.6,171.36,100,10090,17136,11670,20746,1159,411835267,1
2026-05-01T13:57:38.686,A1,1,12337,-63.3,-88.7,-25.4,175.76,84,7866,14764,10665,19254,1101,484920457,1
2026-05-01T13:57:38.805,A1,1,12338,-63.4,-88.8,-25.5,157.09,76,3607,11939,13576,17216,1044,564132721,1
2026-05-01T13:57:38.925,A1,1,12339,-63.3,-88.3,-25.0,161.54,84,4315,13569,16877,22119,1182,444156478,1
2026-05-01T13:57:39.046,A1,1,12340,-63.2,-88.6,-25.4,125.97,88,4916,11085,14481,17320,1043,426031873,1
2026-05-01T13:57:39.136,A1,1,12341,-63.0,-88.6,-25.6,170.13,100,7171,17013,12168,24047,1219,679182064,1
2026-05-01T13:57:39.257,A1,1,12342,-62.4,-88.9,-26.5,141.92,88,6138,12489,12743,19598,1079,745789727,1
2026-05-01T13:57:39.405,A1,1,12343,-63.4,-88.3,-24.9,177.49,92,11144,16329,10192,22247,1188,409815547,1
2026-05-01T13:57:39.495,A1,1,12344,-63.2,-88.3,-25.1,170.94,100,7861,17094,13011,23881,1222,430521422,1
2026-05-01T13:57:39.585,A1,1,12345,-62.9,-88.7,-25.8,130.59,128,8805,16715,11800,25220,1244,484021323,1
2026-05-01T13:57:39.675,A1,1,12346,-61.4,-88.6,-27.2,158.11,88,7119,13914,11492,20769,1072,457561793,1
2026-05-01T13:57:47.806,A1,1,12347,-63.9,-86.5,-22.7,180.58,92,10857,16613,11647,19328,1126,487343933,1
2026-05-01T13:57:47.955,A1,1,12348,-62.4,-88.3,-25.9,171.88,88,8791,15125,11102,20745,1108,438066472,1
2026-05-01T13:57:48.017,A1,1,12349,-63.5,-87.4,-24.0,187.15,92,11439,17218,10761,21705,1176,424373651,1
2026-05-01T13:57:48.106,A1,1,12350,-62.9,-88.0,-25.2,160.92,108,7330,17379,15682,26202,1266,425278627,1
2026-05-01T13:57:48.254,A1,1,12351,-63.7,-88.8,-25.1,141.34,80,1233,11307,14553,16799,1045,468000735,1
2026-05-01T13:57:48.406,A1,1,12352,-63.3,-88.0,-24.7,169.09,100,11277,16909,10433,22051,1180,437429298,1
2026-05-01T13:57:48.465,A1,1,12353,-62.5,-88.2,-25.8,164.03,100,10515,16403,9546,22146,1148,475322658,1
2026-05-01T13:57:48.556,A1,1,12354,-62.8,-88.1,-25.3,194.34,88,8544,17102,13032,23934,1209,392357753,1
2026-05-01T13:57:48.646,A1,1,12355,-62.2,-88.5,-26.3,173.3,80,10162,13864,10774,20922,1107,423965284,1
2026-05-01T13:57:48.825,A1,1,12356,-62.9,-88.7,-25.8,178.68,72,4279,12865,12903,17858,1048,758123545,1
2026-05-01T13:57:48.884,A1,1,12357,-63.6,-88.6,-25.1,108.09,112,1812,12106,15864,19193,1111,409549009,1
2026-05-01T13:57:48.975,A1,1,12358,-62.9,-88.9,-26.0,162.7,84,9167,13667,9169,18990,1078,410793198,1
2026-05-01T13:57:49.094,A1,1,12359,-62.9,-88.3,-25.4,139.79,108,8451,15097,12849,21515,1149,494594308,1
2026-05-01T13:57:49.215,A1,1,12360,-62.8,-88.4,-25.6,199.18,76,10010,15138,9584,20193,1108,453635113,1
2026-05-01T13:57:49.335,A1,1,12361,-62.7,-87.6,-24.9,156.03,96,7544,14979,17571,25111,1233,492139223,1
2026-05-01T13:57:49.427,A1,1,12362,-62.7,-87.3,-24.6,203.29,84,9414,17076,13137,23114,1182,461671748,1
2026-05-01T13:57:49.547,A1,1,12363,-62.9,-88.2,-25.3,148.31,84,8430,12458,14897,20301,1117,425431836,1
2026-05-01T13:57:49.696,A1,1,12364,-63.3,-88.1,-24.8,184.82,96,10840,17743,11292,23953,1228,407403884,1
2026-05-01T13:57:49.784,A1,1,12365,-63.0,-88.5,-25.6,124.02,88,8357,10914,16730,22846,1186,698934166,1
2026-05-01T13:57:49.875,A1,1,12366,-63.2,-88.6,-25.5,177.24,96,8676,17015,10119,22975,1198,422076983,1
2026-05-01T13:57:49.995,A1,1,12367,-63.6,-89.0,-25.4,168.74,80,4230,13499,12732,18779,1099,451976599,1
2026-05-01T13:57:50.144,A1,1,12368,-64.1,-88.2,-24.1,220.27,80,6413,17622,13703,22519,1224,492737818,1
2026-05-01T13:57:50.236,A1,1,12369,-63.9,-87.8,-23.9,198.39,84,8042,16665,13002,20290,1155,479035449,1
2026-05-01T13:57:50.355,A1,1,12370,-64.0,-87.7,-23.8,199.97,88,11755,17597,10510,21985,1204,432293095,1
2026-05-01T13:57:50.536,A1,1,12371,-63.6,-88.5,-24.9,197.38,72,10926,14211,8234,17967,1076,387071925,1
2026-05-01T13:57:50.566,A1,1,12372,-63.1,-88.7,-25.7,137.33,92,3596,12634,14842,19889,1111,412864345,1
2026-05-01T13:57:50.685,A1,1,12373,-62.9,-88.7,-25.8,106.73,92,8060,9819,15520,20505,1123,419907326,1
2026-05-01T13:57:50.805,A1,1,12374,-63.2,-88.7,-25.5,109.31,96,8551,10494,15584,21152,1150,493144759,1
2026-05-01T13:57:50.925,A1,1,12375,-63.0,-88.2,-25.2,166.72,104,8126,17339,13419,24737,1235,508059637,1
2026-05-01T13:57:51.015,A1,1,12376,-63.1,-88.8,-25.7,145.81,84,5999,12248,13318,18651,1075,445807583,1
2026-05-01T13:57:51.165,A1,1,12377,-63.6,-88.7,-25.1,140.17,100,11766,14017,8954,20057,1136,758020549,1
2026-05-01T13:57:51.256,A1,1,12378,-62.9,-88.4,-25.6,144.9,104,9722,15070,11283,21564,1148,455440841,1
2026-05-01T13:57:51.375,A1,1,12379,-63.2,-88.3,-25.1,173.56,96,11390,16662,10372,23192,1203,385452843,1
2026-05-01T13:57:51.496,A1,1,12380,-63.2,-88.7,-25.5,132.8,96,5383,12749,14661,20204,1126,457640090,1
2026-05-01T13:57:51.586,A1,1,12381,-62.8,-88.1,-25.3,175.77,92,11636,16171,9768,21929,1156,405936789,1
2026-05-01T13:57:51.676,A1,1,12382,-62.7,-87.0,-24.3,170.25,96,13283,16344,9433,21772,1147,490311264,1
2026-05-01T13:57:51.826,A1,1,12383,-63.4,-88.7,-25.2,185.63,76,5500,14108,13151,19482,1113,436109981,1
2026-05-01T13:57:51.918,A1,1,12384,-63.3,-87.0,-23.7,175.26,96,11614,16825,10533,20722,1142,386547507,1
2026-05-01T13:57:52.005,A1,1,12385,-63.1,-87.2,-24.1,171.21,100,12629,17121,10129,22387,1178,502667111,1
2026-05-01T13:57:52.156,A1,1,12386,-63.0,-88.6,-25.6,170.95,80,5694,13676,13358,19467,1095,410472749,1
2026-05-01T13:57:52.245,A1,1,12387,-63.3,-88.8,-25.5,147.21,92,6995,13543,12698,20027,1123,432377118,1
2026-05-01T13:57:52.337,A1,1,12388,-62.9,-88.1,-25.2,163.32,104,7650,16985,13212,23189,1193,472550477,1
2026-05-01T13:57:52.455,A1,1,12389,-63.1,-88.6,-25.5,181.95,80,8332,14556,12079,20894,1139,448452941,1
2026-05-01T13:57:52.545,A1,1,12390,-62.6,-88.2,-25.6,160.54,112,10900,17980,11021,26246,1255,409561294,1
2026-05-01T13:57:52.667,A1,1,12391,-62.8,-88.2,-25.4,153.72,104,6122,15987,15095,23657,1202,456068501,1
2026-05-01T13:57:52.756,A1,1,12392,-62.8,-88.4,-25.5,160.61,84,6261,13491,15290,21452,1143,456333677,1
2026-05-01T13:57:52.874,A1,1,12393,-62.8,-88.4,-25.6,178.82,84,11345,15021,8696,20434,1117,390948522,1
2026-05-01T13:57:52.965,A1,1,12394,-63.3,-88.4,-25.1,148.28,100,4784,14828,16367,23628,1220,441027361,1
2026-05-01T13:57:53.085,A1,1,12395,-62.8,-88.2,-25.4,151.52,108,5488,16364,13503,21908,1155,404834890,1
2026-05-01T13:57:53.204,A1,1,12396,-63.5,-88.2,-24.6,157.16,92,3364,14459,15558,19861,1128,729778223,1
2026-05-01T13:57:53.295,A1,1,12397,-62.7,-86.2,-23.6,201.65,84,10332,16939,14224,23162,1182,708510269,1
2026-05-01T13:57:53.417,A1,1,12398,-62.6,-89.0,-26.4,106.44,104,6016,11070,16152,23355,1186,478906787,1
2026-05-01T13:57:53.506,A1,1,12399,-62.5,-86.6,-24.0,127.7,104,9961,13281,15223,20332,1103,409687990,1
2026-05-01T13:57:53.624,A1,1,12400,-63.0,-85.9,-22.9,198.56,88,11800,17473,12135,21983,1164,459754369,1
2026-05-01T13:57:53.744,A1,1,12401,-63.5,-88.4,-24.9,143.03,88,3792,12587,16042,19684,1123,434761520,1
2026-05-01T13:57:53.896,A1,1,12402,-63.1,-88.2,-25.2,154.61,96,5259,14843,14027,19955,1112,392023970,1
2026-05-01T13:57:53.985,A1,1,12403,-63.5,-88.3,-24.9,156.99,92,9080,14443,11132,18624,1090,487708127,1
2026-05-01T13:57:54.075,A1,1,12404,-62.5,-88.5,-26.1,137.53,104,5102,14303,15374,23529,1183,731589929,1
2026-05-01T13:57:54.134,A1,1,12405,-63.6,-88.1,-24.5,160.57,104,6398,16699,14291,22014,1192,427608497,1
2026-05-01T13:57:54.284,A1,1,12406,-64.4,-87.5,-23.1,189.02,88,6234,16634,15386,20814,1190,490215409,1
2026-05-01T13:57:54.405,A1,1,12407,-63.5,-88.8,-25.3,152.0,88,2879,13376,13165,17958,1072,434727794,1
2026-05-01T13:57:54.496,A1,1,12408,-62.9,-88.0,-25.1,181.76,92,9898,16722,11710,22297,1168,739388162,1
2026-05-01T13:57:54.585,A1,1,12409,-63.1,-88.6,-25.5,165.35,92,11095,15212,9307,21609,1158,713104351,1
2026-05-01T13:57:54.705,A1,1,12410,-62.0,-88.6,-26.6,133.64,116,9697,15502,9214,22083,1127,456498380,1
2026-05-01T13:57:54.823,A1,1,12411,-62.7,-85.7,-23.1,160.42,108,14626,17325,9922,22989,1177,391441602,1
2026-05-01T13:57:54.886,A1,1,12412,-62.1,-89.0,-26.9,142.48,104,7962,14818,8405,20387,1089,464198337,1
2026-05-01T13:57:55.037,A1,1,12413,-62.4,-87.3,-24.9,153.11,116,11011,17761,14371,27393,1273,742837378,1
2026-05-01T13:57:55.125,A1,1,12414,-63.0,-88.0,-25.0,193.18,68,5905,13136,13071,16342,1005,422753856,1
2026-05-01T13:57:55.245,A1,1,12415,-63.8,-86.8,-22.9,198.33,88,6205,17453,15856,22137,1203,461698417,1
2026-05-01T13:57:55.334,A1,1,12416,-63.2,-88.6,-25.4,147.29,100,4917,14729,15757,23876,1224,475961609,1
2026-05-01T13:57:55.485,A1,1,12417,-62.6,-84.7,-22.1,224.59,80,9143,17967,14397,21592,1138,440684689,1
2026-05-01T13:57:55.575,A1,1,12418,-62.3,-84.4,-22.1,219.59,80,14730,17567,10602,22403,1149,405487172,1
2026-05-01T13:57:55.664,A1,1,12419,-63.8,-88.1,-24.3,161.21,104,11196,16766,11806,22795,1218,472661333,1
2026-05-01T13:57:55.755,A1,1,12420,-63.5,-89.2,-25.8,136.74,76,2893,10392,12170,14636,966,729742468,1
2026-05-01T13:57:55.874,A1,1,12421,-62.3,-84.3,-21.9,155.07,92,11928,14266,15402,20213,1092,451096241,1
2026-05-01T13:57:55.965,A1,1,12422,-62.7,-86.2,-23.5,171.36,100,13009,17136,10397,22037,1156,403733396,1
2026-05-01T13:57:56.055,A1,1,12423,-62.2,-88.4,-26.2,175.45,88,7679,15440,11790,21721,1126,403125074,1
2026-05-01T13:57:56.174,A1,1,12424,-62.7,-85.8,-23.1,207.83,84,9570,17458,13204,21404,1138,450857826,1
2026-05-01T13:57:56.264,A1,1,12425,-62.8,-89.1,-26.3,162.32,92,8040,14933,9662,21250,1138,425328850,1
2026-05-01T13:57:56.386,A1,1,12426,-63.7,-89.3,-25.6,124.55,84,3099,10462,14356,17952,1080,437021704,1
2026-05-01T13:57:56.481,A1,1,12427,-62.7,-87.2,-24.5,184.43,80,9907,14754,11934,18945,1070,726349928,1
2026-05-01T13:57:56.594,A1,1,12428,-63.2,-88.4,-25.1,159.21,108,6327,17195,14415,24937,1250,408611406,1
2026-05-01T13:57:56.744,A1,1,12429,-63.3,-88.4,-25.1,154.34,100,3832,15434,17188,25203,1260,402600096,1
2026-05-01T13:57:56.866,A1,1,12430,-62.9,-89.4,-26.5,118.72,92,2089,10922,12992,17605,1039,768159996,1
2026-05-01T13:57:56.926,A1,1,12431,-62.8,-88.2,-25.4,154.15,84,4514,12949,15839,19992,1105,413184129,1
2026-05-01T13:57:57.016,A1,1,12432,-62.9,-86.9,-24.0,176.61,88,12397,15542,8780,18972,1078,408709560,1
2026-05-01T13:57:57.134,A1,1,12433,-62.2,-87.1,-24.8,155.58,100,12377,15558,9197,20336,1091,757739875,1
2026-05-01T13:57:57.255,A1,1,12434,-62.9,-87.1,-24.2,155.04,112,10069,17364,15213,25691,1257,422824480,1
2026-05-01T13:57:57.374,A1,1,12435,-76.4,-88.2,-11.8,143.6,104,7777,14934,14631,8840,1174,468197074,1
2026-05-01T13:57:57.436,A1,1,12436,-63.0,-88.4,-25.5,190.58,88,9908,16771,10446,23161,1194,712797904,1
2026-05-01T13:57:57.557,A1,1,12437,-62.2,-88.4,-26.3,171.79,96,5575,16492,13710,24591,1197,730970763,1
2026-05-01T13:57:57.644,A1,1,12438,-62.6,-88.6,-26.0,176.64,96,5138,16957,13503,25015,1225,408997966,1
2026-05-01T13:57:57.764,A1,1,12439,-62.9,-88.4,-25.5,140.64,104,2990,14627,16619,23724,1204,398404942,1
2026-05-01T13:57:57.855,A1,1,12440,-62.6,-87.9,-25.3,173.97,100,10421,17397,10640,23041,1176,736854533,1
2026-05-01T13:57:57.975,A1,1,12441,-62.9,-88.1,-25.2,203.49,88,11254,17907,10288,24229,1218,488620113,1
2026-05-01T13:57:58.065,A1,1,12442,-62.4,-88.3,-25.8,149.1,104,2854,15506,15668,23557,1183,478591793,1
2026-05-01T13:57:58.184,A1,1,12443,-63.1,-88.7,-25.6,159.15,92,10298,14642,8516,19588,1103,470562469,1
2026-05-01T13:57:58.304,A1,1,12444,-63.4,-88.3,-24.9,199.14,84,7202,16728,12878,22109,1183,494259822,1
2026-05-01T13:57:58.394,A1,1,12445,-63.1,-88.9,-25.8,187.76,76,3636,14270,12613,19842,1110,408559601,1
2026-05-01T13:57:58.516,A1,1,12446,-62.8,-88.8,-26.0,165.84,88,4584,14594,12632,20434,1114,484145707,1
2026-05-01T13:57:58.606,A1,1,12447,-63.0,-88.1,-25.1,169.36,104,9330,17613,12110,23701,1210,406484427,1
2026-05-01T13:57:58.725,A1,1,12448,-62.8,-88.4,-25.7,170.61,96,3920,16379,17252,28021,1305,730493690,1
2026-05-01T13:57:58.844,A1,1,12449,-62.7,-88.3,-25.6,170.1,100,9358,17010,11705,24035,1204,455109977,1
2026-05-01T13:57:58.904,A1,1,12450,-62.3,-88.3,-26.0,163.9,92,5101,15079,14414,22219,1144,713040821,1
2026-05-01T13:57:59.025,A1,1,12451,-63.0,-88.4,-25.4,136.81,124,4663,16964,16513,27552,1306,725219268,1
2026-05-01T13:57:59.144,A1,1,12452,-62.6,-88.2,-25.6,188.48,88,4722,16586,16579,26698,1267,449617089,1
2026-05-01T13:57:59.264,A1,1,12453,-62.8,-88.7,-25.9,175.99,76,4184,13375,13574,19400,1087,747533616,1
2026-05-01T13:57:59.384,A1,1,12454,-62.4,-88.7,-26.3,144.02,96,4366,13826,15617,23898,1190,386013381,1
2026-05-01T13:57:59.504,A1,1,12455,-62.0,-88.2,-26.2,182.33,92,9991,16774,10416,23637,1167,716276119,1
2026-05-01T13:57:59.594,A1,1,12456,-63.0,-89.0,-26.1,158.5,72,4149,11412,13618,18150,1058,771121624,1
2026-05-01T13:57:59.715,A1,1,12457,-62.6,-88.7,-26.0,128.06,96,4962,12294,14034,19040,1071,388799437,1
2026-05-01T13:57:59.834,A1,1,12458,-62.5,-87.8,-25.3,154.12,112,8495,17262,13802,24473,1209,471456743,1
2026-05-01T13:57:59.925,A1,1,12459,-62.7,-88.2,-25.5,185.87,84,9195,15613,11403,21156,1130,386950502,1
2026-05-01T13:58:00.014,A1,1,12460,-62.3,-88.7,-26.4,148.66,80,5113,11893,13047,18015,1029,422858472,1
2026-05-01T13:58:08.145,A1,1,12461,-62.6,-88.6,-26.0,146.18,80,6073,11694,14309,19257,1075,706578053,1
2026-05-01T13:58:08.234,A1,1,12462,-62.8,-87.6,-24.7,156.73,108,6717,16927,14977,23420,1195,482476585,1
2026-05-01T13:58:08.325,A1,1,12463,-62.0,-86.7,-24.7,156.34,100,8425,15634,15335,23211,1155,407567503,1
2026-05-01T13:58:08.447,A1,1,12464,-63.1,-88.2,-25.1,174.57,96,4640,16759,17820,27562,1308,505141542,1
2026-05-01T13:58:08.566,A1,1,12465,-63.3,-88.3,-25.1,149.08,100,11949,14908,9127,20363,1131,385804584,1
2026-05-01T13:58:08.655,A1,1,12466,-62.9,-88.3,-25.4,168.61,84,5142,14163,13203,18732,1071,425730868,1
2026-05-01T13:58:08.774,A1,1,12467,-63.3,-86.9,-23.6,170.54,96,7715,16372,17004,23951,1230,484367296,1
2026-05-01T13:58:08.894,A1,1,12468,-62.8,-88.3,-25.5,170.57,92,3313,15692,15807,23790,1203,427557784,1
2026-05-01T13:58:09.016,A1,1,12469,-63.9,-88.1,-24.3,195.84,88,8158,17234,13131,22398,1211,443503621,1
2026-05-01T13:58:09.136,A1,1,12470,-63.5,-88.5,-25.1,161.0,92,10963,14812,8954,19619,1118,750146520,1
2026-05-01T13:58:09.254,A1,1,12471,-63.1,-88.2,-25.1,147.8,96,5147,14189,17539,23804,1215,407495453,1
2026-05-01T13:58:09.344,A1,1,12472,-63.7,-88.1,-24.4,194.1,92,7700,17857,14162,24290,1256,431296505,1
2026-05-01T13:58:09.495,A1,1,12473,-64.0,-87.6,-23.6,194.18,84,12430,16311,9731,20108,1152,748849455,1
2026-05-01T13:58:09.588,A1,1,12474,-63.6,-87.5,-23.9,174.28,100,10856,17428,10823,21483,1174,730137546,1
2026-05-01T13:58:09.705,A1,1,12475,-63.6,-88.3,-24.7,173.99,100,10623,17399,10383,23015,1216,449798119,1
2026-05-01T13:58:09.794,A1,1,12476,-63.2,-88.1,-24.9,187.8,92,5931,17278,14265,23380,1209,407496671,1
2026-05-01T13:58:09.945,A1,1,12477,-64.0,-88.1,-24.1,129.67,136,6506,17635,15231,24047,1263,749054660,1
2026-05-01T13:58:10.037,A1,1,12478,-63.9,-88.1,-24.2,206.86,80,9190,16549,11952,20756,1169,472133664,1
2026-05-01T13:58:10.214,A1,1,12479,-63.5,-88.4,-24.9,140.44,100,4351,14044,15696,20994,1159,400224472,1
2026-05-01T13:58:10.245,A1,1,12480,-62.5,-88.4,-25.9,144.57,92,3192,13300,16821,22751,1164,587453930,1
2026-05-01T13:58:10.335,A1,1,12481,-63.3,-88.1,-24.8,169.65,100,11348,16965,9975,22206,1182,405940173,1
2026-05-01T13:58:10.485,A1,1,12482,-63.8,-88.2,-24.4,201.21,84,8919,16902,11452,21102,1174,419349642,1
2026-05-01T13:58:10.547,A1,1,12483,-63.5,-87.4,-23.8,161.39,108,10909,17430,11195,21701,1179,407714989,1
2026-05-01T13:58:10.668,A1,1,12484,-63.4,-87.2,-23.8,193.18,88,8782,17000,12993,21096,1158,471589756,1
2026-05-01T13:58:10.755,A1,1,12485,-63.9,-88.4,-24.5,151.3,112,9697,16946,12785,24024,1255,407547100,1
2026-05-01T13:58:10.875,A1,1,12486,-63.6,-88.4,-24.8,167.94,100,9587,16794,13107,24785,1262,746609168,1
2026-05-01T13:58:10.994,A1,1,12487,-63.4,-88.0,-24.7,152.87,108,7404,16510,13925,21977,1180,401282151,1
2026-05-01T13:58:11.085,A1,1,12488,-63.4,-88.6,-25.3,161.61,92,9268,14868,11555,21293,1161,473763799,1
2026-05-01T13:58:11.177,A1,1,12489,-63.2,-88.6,-25.4,139.32,104,10171,14489,9803,19990,1119,453674065,1
2026-05-01T13:58:11.294,A1,1,12490,-63.8,-88.0,-24.2,170.1,100,9487,17010,11925,21217,1178,482598741,1
2026-05-01T13:58:11.414,A1,1,12491,-63.2,-89.0,-25.8,143.9,96,4520,13814,12949,20038,1119,473080227,1
2026-05-01T13:58:11.535,A1,1,12492,-63.2,-88.2,-25.0,165.76,108,9924,17902,11760,24637,1243,757075047,1
2026-05-01T13:58:11.626,A1,1,12493,-63.3,-88.2,-24.9,179.37,100,8918,17937,12334,24217,1236,469082851,1
2026-05-01T13:58:11.716,A1,1,12494,-63.1,-88.1,-25.0,163.71,100,6772,16371,14193,22508,1181,421662401,1
2026-05-01T13:58:11.834,A1,1,12495,-63.4,-88.5,-25.2,169.88,96,5857,16308,13908,23358,1217,446647706,1
2026-05-01T13:58:11.924,A1,1,12496,-63.2,-88.2,-25.0,168.66,104,10078,17541,12609,25026,1253,420236767,1
2026-05-01T13:58:12.045,A1,1,12497,-63.2,-88.2,-25.0,176.41,100,8960,17641,11580,23431,1213,501800143,1
2026-05-01T13:58:12.167,A1,1,12498,-63.3,-89.0,-25.7,138.36,88,3845,12176,14427,19761,1116,490041878,1
2026-05-01T13:58:12.284,A1,1,12499,-63.5,-88.6,-25.1,168.95,92,10282,15543,10416,21612,1174,433588017,1
2026-05-01T13:58:12.374,A1,1,12500,-63.2,-88.0,-24.9,183.22,96,11559,17589,10176,23372,1208,425838989,1
2026-05-01T13:58:12.495,A1,1,12501,-63.1,-89.0,-25.9,127.49,92,5004,11729,14834,20343,1124,470416398,1
2026-05-01T13:58:12.586,A1,1,12502,-62.5,-88.2,-25.7,136.06,120,5111,16327,16652,26268,1251,676028536,1
2026-05-01T13:58:12.707,A1,1,12503,-63.1,-88.2,-25.1,167.78,104,6282,17449,14593,24838,1243,440956712,1
2026-05-01T13:58:12.795,A1,1,12504,-63.0,-88.3,-25.4,175.59,92,5474,16154,14204,22858,1186,423087079,1
2026-05-01T13:58:12.944,A1,1,12505,-62.7,-88.1,-25.4,160.81,112,10933,18011,11264,25405,1240,496240104,1
2026-05-01T13:58:13.034,A1,1,12506,-63.5,-88.0,-24.5,188.47,88,10653,16585,10831,21043,1158,427166599,1
2026-05-01T13:58:13.154,A1,1,12507,-63.3,-88.7,-25.4,174.42,84,8958,14651,9160,18527,1081,386327322,1
2026-05-01T13:58:13.335,A1,1,12508,-63.4,-88.6,-25.2,162.28,88,5418,14281,13851,20493,1142,650194480,1
2026-05-01T13:58:13.366,A1,1,12509,-63.1,-88.2,-25.2,179.22,92,8554,16488,11957,22005,1169,467233944,1
2026-05-01T13:58:13.484,A1,1,12510,-63.1,-88.6,-25.5,180.07,84,4896,15126,13045,20642,1132,475488417,1
2026-05-01T13:58:13.636,A1,1,12511,-63.4,-88.8,-25.4,157.49,88,8853,13859,9464,18179,1075,450259603,1
2026-05-01T13:58:13.786,A1,1,12512,-63.2,-88.3,-25.1,169.77,96,6294,16298,13341,21880,1170,747504795,1
2026-05-01T13:58:13.846,A1,1,12513,-63.0,-88.7,-25.8,178.82,80,5022,14306,12879,20192,1116,464669158,1
2026-05-01T13:58:13.995,A1,1,12514,-62.9,-88.3,-25.4,182.89,84,8732,15363,11491,20411,1119,389987032,1
2026-05-01T13:58:14.054,A1,1,12515,-63.3,-88.6,-25.2,180.07,84,6314,15126,11958,19666,1115,488060717,1
2026-05-01T13:58:14.174,A1,1,12516,-63.2,-88.2,-25.0,184.86,88,7534,16268,13678,22536,1188,442696942,1
2026-05-01T13:58:14.265,A1,1,12517,-63.0,-87.2,-24.2,183.66,96,12175,17631,10392,23082,1193,420183291,1
2026-05-01T13:58:14.414,A1,1,12518,-63.4,-88.6,-25.2,172.21,80,10672,13777,8636,18126,1072,740067963,1
2026-05-01T13:58:14.504,A1,1,12519,-62.9,-88.6,-25.7,122.25,100,3515,12225,17005,22348,1171,485495261,1
2026-05-01T13:58:14.595,A1,1,12520,-63.0,-88.2,-25.2,152.53,104,8888,15863,10916,20091,1113,447015280,1
2026-05-01T13:58:14.716,A1,1,12521,-63.0,-88.5,-25.4,167.75,88,9448,14762,10151,19575,1100,406730323,1
2026-05-01T13:58:14.835,A1,1,12522,-63.2,-88.1,-24.8,179.96,96,8756,17276,13424,23871,1224,753859823,1
2026-05-01T13:58:14.926,A1,1,12523,-63.1,-88.1,-24.9,173.05,88,10285,15228,10378,19330,1098,714005834,1
2026-05-01T13:58:15.045,A1,1,12524,-63.3,-88.0,-24.7,188.35,92,12137,17328,9869,22938,1201,771727932,1
2026-05-01T13:58:15.195,A1,1,12525,-63.2,-88.5,-25.3,168.11,88,5371,14794,12927,19841,1114,469418919,1
2026-05-01T13:58:15.285,A1,1,12526,-62.7,-88.5,-25.8,132.3,92,3980,12172,16263,20974,1127,732655278,1
2026-05-01T13:58:15.375,A1,1,12527,-76.8,-89.0,-12.2,137.7,88,3651,12118,13657,7212,1073,420308000,1
2026-05-01T13:58:15.464,A1,1,12528,-63.3,-88.0,-24.7,169.9,96,5988,16310,15064,22427,1189,424698366,1
2026-05-01T13:58:15.585,A1,1,12529,-62.7,-88.1,-25.4,154.43,100,9294,15443,11303,20418,1111,438659694,1
2026-05-01T13:58:15.704,A1,1,12530,-63.0,-88.0,-25.1,174.2,96,9959,16723,10906,21538,1152,428717956,1
2026-05-01T13:58:15.795,A1,1,12531,-63.4,-87.7,-24.3,183.46,96,10710,17612,11369,22675,1199,439691942,1
2026-05-01T13:58:15.944,A1,1,12532,-63.3,-88.5,-25.2,156.09,92,10781,14360,8472,18499,1078,433341173,1
2026-05-01T13:58:16.035,A1,1,12533,-63.0,-88.0,-25.0,178.97,92,7599,16465,12910,21401,1150,424250208,1
2026-05-01T13:58:16.124,A1,1,12534,-63.2,-88.9,-25.6,137.74,88,3718,12121,14191,18725,1084,538483854,1
2026-05-01T13:58:16.213,A1,1,12535,-63.3,-87.3,-24.0,178.14,96,12083,17101,10214,21705,1171,468665872,1
2026-05-01T13:58:16.336,A1,1,12536,-63.4,-88.3,-24.9,140.18,100,3961,14018,16577,21692,1172,404802838,1
2026-05-01T13:58:16.456,A1,1,12537,-63.4,-87.5,-24.1,141.93,124,12165,17599,10378,22794,1201,386056143,1
2026-05-01T13:58:16.575,A1,1,12538,-63.1,-88.3,-25.2,151.39,100,4320,15139,17424,25033,1248,490080449,1
2026-05-01T13:58:16.666,A1,1,12539,-62.9,-88.2,-25.2,182.77,88,6422,16084,13665,21794,1157,397127508,1
2026-05-01T13:58:16.754,A1,1,12540,-63.1,-88.8,-25.8,156.31,84,3371,13130,13206,18580,1074,418602428,1
2026-05-01T13:58:16.933,A1,1,12541,-63.3,-88.4,-25.1,141.65,96,3874,13598,16799,22049,1177,727560246,1
2026-05-01T13:58:16.966,A1,1,12542,-62.9,-88.4,-25.5,138.94,96,3814,13338,15212,20136,1110,532252166,1
2026-05-01T13:58:17.084,A1,1,12543,-62.5,-88.4,-25.9,130.86,100,3524,13086,16925,22962,1171,539427740,1
2026-05-01T13:58:17.204,A1,1,12544,-62.5,-87.8,-25.3,169.19,100,9134,16919,12323,22798,1167,480006453,1
2026-05-01T13:58:17.324,A1,1,12545,-62.7,-88.3,-25.6,151.22,92,10861,13912,8795,18156,1049,489514233,1
2026-05-01T13:58:17.446,A1,1,12546,-63.2,-88.2,-25.0,177.78,88,8735,15645,11928,20645,1138,442265133,1
2026-05-01T13:58:17.564,A1,1,12547,-63.2,-88.2,-24.9,170.99,88,5006,15047,15555,21610,1165,431873260,1
2026-05-01T13:58:17.686,A1,1,12548,-63.3,-88.5,-25.2,155.83,88,10181,13713,9540,18093,1067,759301516,1
2026-05-01T13:58:17.805,A1,1,12549,-63.3,-89.0,-25.7,141.69,88,3182,12469,13382,18291,1073,460699134,1
2026-05-01T13:58:17.896,A1,1,12550,-62.8,-88.4,-25.6,134.32,100,4033,13432,17267,23770,1204,662198019,1
2026-05-01T13:58:18.016,A1,1,12551,-62.9,-88.0,-25.1,176.78,100,7659,17678,13589,24127,1217,418391451,1
2026-05-01T13:58:18.164,A1,1,12552,-63.1,-88.5,-25.4,162.72,92,4771,14970,13326,20349,1123,747110623,1
2026-05-01T13:58:18.225,A1,1,12553,-62.9,-87.8,-24.9,185.52,96,8342,17810,13270,24020,1212,419750376,1
2026-05-01T13:58:18.313,A1,1,12554,-63.0,-88.6,-25.6,154.75,88,10278,13618,9598,18703,1075,428403037,1
2026-05-01T13:58:18.435,A1,1,12555,-62.7,-87.4,-24.7,178.07,96,11051,17095,11028,22516,1167,502735331,1
2026-05-01T13:58:18.556,A1,1,12556,-63.2,-88.0,-24.9,133.88,128,5701,17136,15825,24604,1240,503297525,1
2026-05-01T13:58:18.674,A1,1,12557,-63.2,-88.3,-25.1,147.35,96,3768,14146,16973,22735,1194,439454963,1
2026-05-01T13:58:18.794,A1,1,12558,-63.0,-87.3,-24.3,184.04,96,12704,17668,10065,23520,1206,469739836,1
2026-05-01T13:58:18.884,A1,1,12559,-62.4,-88.3,-25.9,149.24,96,9305,14327,10387,19039,1062,463041445,1
2026-05-01T13:58:19.004,A1,1,12560,-71.9,-87.8,-15.9,178.47,96,7290,17133,14178,12573,1197,637151050,1
2026-05-01T13:58:19.096,A1,1,12561,-63.2,-88.7,-25.5,138.72,88,3430,12207,15109,19175,1094,399694396,1
2026-05-01T13:58:19.184,A1,1,12562,-63.2,-88.1,-24.8,178.59,96,5667,17145,14744,23399,1212,422847626,1
2026-05-01T13:58:19.304,A1,1,12563,-62.6,-88.4,-25.8,133.35,104,3513,13868,17315,24298,1207,429852227,1
2026-05-01T13:58:19.424,A1,1,12564,-63.5,-88.4,-25.0,159.57,84,3659,13404,16657,21493,1170,489906374,1
2026-05-01T13:58:19.514,A1,1,12565,-63.0,-87.3,-24.3,170.26,104,12225,17707,10330,23254,1197,660821307,1
2026-05-01T13:58:19.635,A1,1,12566,-62.4,-88.3,-25.9,153.37,92,6707,14110,13283,20341,1098,451423923,1
2026-05-01T13:58:19.754,A1,1,12567,-63.1,-88.4,-25.3,170.82,88,9678,15032,10014,19629,1103,430309513,1
2026-05-01T13:58:19.904,A1,1,12568,-63.2,-88.5,-25.3,153.89,96,7186,14773,13036,20781,1141,493471042,1
2026-05-01T13:58:19.967,A1,1,12569,-63.1,-88.5,-25.4,159.62,92,9388,14685,10235,19541,1101,387679076,1
2026-05-01T13:58:20.054,A1,1,12570,-63.0,-88.3,-25.4,143.36,100,11203,14336,8741,18960,1081,428546886,1
2026-05-01T13:58:20.174,A1,1,12571,-63.0,-88.7,-25.7,147.6,92,9720,13579,9156,18261,1060,768219150,1
2026-05-01T13:58:20.265,A1,1,12572,-62.9,-88.3,-25.5,146.14,108,5341,15783,14061,22094,1162,658337273,1
2026-05-01T13:58:20.384,A1,1,12573,-63.1,-88.8,-25.7,144.23,92,10077,13269,8656,18131,1063,727911511,1
2026-05-01T13:58:20.475,A1,1,12574,-62.9,-88.8,-25.9,115.44,96,3806,11082,16434,21388,1145,775056974,1
2026-05-01T13:58:20.596,A1,1,12575,-63.2,-88.7,-25.5,144.17,96,9840,13840,9235,18447,1073,399384072,1
2026-05-01T13:58:20.773,A1,1,12576,-63.2,-88.8,-25.5,155.5,96,5559,14928,12263,20284,1128,445133970,1
2026-05-01T13:58:20.836,A1,1,12577,-63.1,-88.3,-25.2,143.63,100,3667,14363,16785,22929,1192,727725098,1
2026-05-01T13:58:20.924,A1,1,12578,-62.4,-88.5,-26.2,145.05,96,4563,13925,12992,19385,1070,728550975,1
2026-05-01T13:58:21.015,A1,1,12579,-63.0,-88.1,-25.1,170.03,96,10601,16323,9436,20598,1127,468431042,1
2026-05-01T13:58:21.136,A1,1,12580,-62.9,-88.0,-25.1,202.49,84,6125,17009,15196,24318,1222,444508960,1
2026-05-01T13:58:21.256,A1,1,12581,-62.4,-88.0,-25.6,174.59,96,6133,16761,15287,24656,1210,490394617,1
2026-05-01T13:58:21.344,A1,1,12582,-62.4,-88.4,-26.0,149.82,96,6561,14383,12255,19790,1084,413927264,1
2026-05-01T13:58:21.464,A1,1,12583,-63.5,-88.1,-24.6,134.84,124,8100,16720,12938,21836,1182,440959526,1
2026-05-01T13:58:21.556,A1,1,12584,-62.9,-88.3,-25.4,176.58,88,9232,15539,10609,20321,1117,422327032,1
2026-05-01T13:58:21.676,A1,1,12585,-62.2,-88.0,-25.8,163.6,96,5279,15706,15145,22966,1157,736479805,1
2026-05-01T13:58:21.796,A1,1,12586,-62.6,-88.6,-25.9,142.39,100,7104,14239,12042,20080,1100,764601566,1
2026-05-01T13:58:21.883,A1,1,12587,-62.7,-87.9,-25.2,155.38,108,5193,16781,16000,24580,1219,395979700,1
2026-05-01T13:58:22.004,A1,1,12588,-62.2,-88.0,-25.8,161.56,96,4917,15510,15744,23252,1166,486285040,1
2026-05-01T13:58:22.125,A1,1,12589,-63.0,-88.4,-25.4,175.24,88,9586,15421,9054,19326,1092,392854723,1
2026-05-01T13:58:22.246,A1,1,12590,-63.1,-89.1,-26.0,114.82,92,4137,10563,14498,18414,1070,438968201,1
2026-05-01T13:58:22.334,A1,1,12591,-63.2,-88.8,-25.6,166.65,84,8751,13999,9916,18753,1082,396563550,1
2026-05-01T13:58:22.484,A1,1,12592,-62.7,-88.6,-25.9,155.4,88,3907,13675,13115,18892,1069,476206768,1
2026-05-01T13:58:22.605,A1,1,12593,-63.1,-88.2,-25.1,186.12,88,7006,16379,12827,21453,1153,487108311,1
2026-05-01T13:58:22.696,A1,1,12594,-62.4,-88.1,-25.7,156.92,104,5740,16320,14948,24125,1197,448677610,1
2026-05-01T13:58:22.874,A1,1,12595,-62.8,-87.5,-24.7,177.53,96,10870,17043,11203,22503,1169,494371092,1
2026-05-01T13:58:22.965,A1,1,12596,-63.2,-89.1,-25.9,120.0,92,2689,11040,14718,18891,1086,431715710,1
2026-05-01T13:58:23.086,A1,1,12597,-62.9,-87.7,-24.7,165.8,100,10040,16580,11463,21377,1146,430161289,1
2026-05-01T13:58:23.206,A1,1,12598,-62.7,-88.5,-25.8,153.0,100,5795,15300,12986,21241,1133,511920919,1
2026-05-01T13:58:23.295,A1,1,12599,-62.7,-88.1,-25.3,161.19,104,4930,16764,16499,25558,1244,453464528,1
2026-05-01T13:58:23.384,A1,1,12600,-62.3,-87.4,-25.1,182.04,96,12477,17476,10000,24231,1195,420587552,1
2026-05-01T13:58:23.504,A1,1,12601,-62.9,-88.6,-25.7,169.28,88,5036,14897,12623,20056,1109,419307823,1
2026-05-01T13:58:23.625,A1,1,12602,-62.8,-89.0,-26.2,140.92,92,3409,12965,12861,18915,1072,493666806,1
2026-05-01T13:58:23.715,A1,1,12603,-62.9,-88.6,-25.7,146.75,88,3094,12914,14753,19659,1098,406728373,1
2026-05-01T13:58:23.805,A1,1,12604,-63.3,-88.1,-24.7,179.68,92,9361,16531,11953,21387,1163,403491232,1
2026-05-01T13:58:23.923,A1,1,12605,-63.2,-88.8,-25.6,155.19,88,8807,13657,10113,18713,1082,467849842,1
2026-05-01T13:58:24.014,A1,1,12606,-62.1,-88.2,-26.1,163.58,92,9254,15049,10052,19729,1069,445591686,1
2026-05-01T13:58:24.135,A1,1,12607,-62.6,-88.7,-26.1,148.96,92,6973,13704,12163,19894,1093,424225600,1
2026-05-01T13:58:24.255,A1,1,12608,-63.2,-88.6,-25.5,167.99,84,9485,14111,9761,18822,1084,404862108,1
2026-05-01T13:58:24.374,A1,1,12609,-63.2,-88.1,-24.8,185.37,92,11779,17054,10034,22765,1195,461410526,1
2026-05-01T13:58:24.463,A1,1,12610,-62.2,-88.8,-26.6,129.29,96,3025,12412,13435,18932,1052,651890561,1
2026-05-01T13:58:24.553,A1,1,12611,-63.0,-88.7,-25.8,141.39,92,3099,13008,14606,19875,1106,404601717,1
2026-05-01T13:58:24.673,A1,1,12612,-63.1,-88.8,-25.6,129.12,92,3893,11879,16400,21538,1158,443375104,1
2026-05-01T13:58:24.795,A1,1,12613,-62.8,-88.1,-25.2,207.38,80,7606,16590,13842,23164,1189,451636659,1
2026-05-01T13:58:24.913,A1,1,12614,-63.1,-88.1,-25.0,171.23,100,8589,17123,11992,22271,1178,726461405,1
2026-05-01T13:58:25.004,A1,1,12615,-63.3,-88.3,-25.0,167.32,100,6059,16732,14414,23510,1216,424256625,1
2026-05-01T13:58:25.094,A1,1,12616,-62.1,-88.5,-26.3,125.68,96,3514,12065,16380,21743,1125,468484478,1
2026-05-01T13:58:25.215,A1,1,12617,-63.3,-89.2,-25.9,151.11,76,2909,11484,13450,17804,1058,489253994,1
2026-05-01T13:58:25.335,A1,1,12618,-63.2,-88.6,-25.4,164.16,88,3810,14446,13730,19996,1120,414201335,1
2026-05-01T13:58:25.454,A1,1,12619,-62.3,-87.8,-25.5,157.84,104,6223,16415,14830,23400,1174,460568913,1
2026-05-01T13:58:25.544,A1,1,12620,-62.3,-88.3,-26.0,137.77,104,3433,14328,17271,24895,1209,510170962,1
2026-05-01T13:58:25.664,A1,1,12621,-62.8,-88.6,-25.8,120.15,100,4020,12015,16687,21950,1158,444630140,1
2026-05-01T13:58:25.754,A1,1,12622,-63.1,-87.4,-24.4,170.4,100,10682,17040,10868,21445,1153,469808125,1
2026-05-01T13:58:25.873,A1,1,12623,-62.6,-88.3,-25.8,144.95,100,3521,14495,17205,24820,1219,488449176,1
2026-05-01T13:58:25.964,A1,1,12624,-63.0,-88.5,-25.5,160.83,92,9920,14796,9020,19167,1086,462101404,1
2026-05-01T13:58:26.053,A1,1,12625,-62.8,-88.4,-25.6,158.89,92,9417,14618,9738,19040,1076,421892293,1
2026-05-01T13:58:26.204,A1,1,12626,-63.1,-88.0,-24.9,195.25,88,10516,17182,10630,22169,1175,437917922,1
2026-05-01T13:58:26.355,A1,1,12627,-63.2,-88.7,-25.5,154.34,88,9762,13582,9127,18144,1066,491455449,1
2026-05-01T13:58:26.415,A1,1,12628,-62.8,-88.3,-25.5,173.92,88,9512,15305,9470,19472,1089,400614918,1
2026-05-01T13:58:26.504,A1,1,12629,-63.3,-88.9,-25.7,153.89,88,6624,13542,11988,19377,1104,563503690,1
2026-05-01T13:58:26.626,A1,1,12630,-63.0,-88.5,-25.5,161.17,88,9414,14183,9490,18252,1060,402655774,1
2026-05-01T13:58:26.714,A1,1,12631,-62.0,-87.5,-25.5,184.32,92,7758,16957,13874,24012,1177,411702785,1
2026-05-01T13:58:26.805,A1,1,12632,-63.0,-88.7,-25.7,148.86,96,8218,14291,10084,18847,1079,404424446,1
2026-05-01T13:58:26.926,A1,1,12633,-63.2,-88.6,-25.3,136.17,104,3472,14162,16492,23264,1207,487183034,1
2026-05-01T13:58:27.044,A1,1,12634,-62.3,-87.9,-25.6,174.28,92,6956,16034,13193,21462,1125,465081690,1
2026-05-01T13:58:27.163,A1,1,12635,-62.8,-88.6,-25.8,165.07,84,3252,13866,14309,20259,1112,480588800,1
2026-05-01T13:58:27.285,A1,1,12636,-63.0,-88.4,-25.5,185.61,80,3640,14849,14378,20976,1137,521345645,1
2026-05-01T13:58:27.405,A1,1,12637,-62.9,-88.2,-25.4,199.18,88,8251,17528,12071,23904,1209,485038312,1
2026-05-01T13:58:27.524,A1,1,12638,-63.3,-88.9,-25.6,173.43,80,7324,13874,10070,18131,1070,756561401,1
2026-05-01T13:58:27.613,A1,1,12639,-62.8,-88.3,-25.5,196.1,84,8489,16472,11849,22349,1167,651564380,1
2026-05-01T13:58:27.704,A1,1,12640,-63.2,-88.1,-24.9,187.43,88,9089,16494,11745,21296,1153,418441127,1
2026-05-01T13:58:27.854,A1,1,12641,-62.6,-88.8,-26.2,168.4,80,4900,13472,12409,19247,1075,569070760,1
2026-05-01T13:58:27.944,A1,1,12642,-62.8,-88.3,-25.6,185.01,96,9761,17761,10883,24991,1232,466489438,1
2026-05-01T13:58:28.034,A1,1,12643,-62.1,-88.3,-26.2,151.55,96,4715,14549,17518,26307,1235,486998680,1
2026-05-01T13:58:28.155,A1,1,12644,-62.8,-88.6,-25.8,141.62,92,4932,13029,16207,22983,1184,448072824,1
2026-05-01T13:58:28.244,A1,1,12645,-63.0,-88.2,-25.2,182.31,96,8183,17502,12646,24187,1222,417048128,1
2026-05-01T13:58:28.365,A1,1,12646,-62.2,-88.1,-25.9,178.74,100,10381,17874,11224,25634,1224,418527832,1
2026-05-01T13:58:28.486,A1,1,12647,-62.5,-88.1,-25.6,156.96,112,10092,17580,12033,25217,1226,749775088,1
2026-05-01T13:58:28.574,A1,1,12648,-63.0,-88.5,-25.5,155.99,100,9179,15599,12147,22851,1188,525385271,1
2026-05-01T13:58:28.726,A1,1,12649,-63.1,-88.7,-25.6,172.74,84,6918,14510,12945,21155,1147,709335940,1
2026-05-01T13:58:28.814,A1,1,12650,-62.9,-88.2,-25.3,144.34,104,5267,15011,17410,25301,1246,419843022,1
2026-05-01T13:58:28.904,A1,1,12651,-63.1,-88.2,-25.1,192.21,92,7303,17683,14967,26366,1279,739261201,1
2026-05-01T13:58:28.995,A1,1,12652,-62.7,-88.0,-25.3,169.76,96,9405,16297,12224,22172,1159,423786576,1
2026-05-01T13:58:29.085,A1,1,12653,-62.7,-88.2,-25.5,185.79,96,8146,17836,13566,26044,1254,469598906,1
2026-05-01T13:58:29.204,A1,1,12654,-62.1,-88.0,-25.8,152.97,112,9096,17133,13419,25273,1212,462065068,1
2026-05-01T13:58:29.324,A1,1,12655,-62.7,-88.0,-25.4,193.29,84,8740,16236,11610,20996,1126,404591452,1
2026-05-01T13:58:29.386,A1,1,12656,-62.0,-88.5,-26.4,148.92,88,4618,13105,14435,20401,1086,546980677,1
2026-05-01T13:58:29.505,A1,1,12657,-63.0,-88.2,-25.2,201.65,84,10774,16939,10150,22969,1191,424500504,1
2026-05-01T13:58:29.624,A1,1,12658,-62.9,-88.1,-25.2,165.21,100,12905,16521,9359,23249,1192,574514855,1
2026-05-01T13:58:29.743,A1,1,12659,-62.9,-88.3,-25.4,171.21,104,9270,17806,12458,25931,1261,430949082,1
2026-05-01T13:58:29.864,A1,1,12660,-62.7,-88.5,-25.8,159.83,88,5484,14065,14809,22054,1156,462903698,1
2026-05-01T13:58:29.954,A1,1,12661,-63.1,-88.2,-25.1,197.6,84,11464,16598,9994,22407,1180,767352472,1
2026-05-01T13:58:30.045,A1,1,12662,-63.0,-88.2,-25.2,176.51,96,9011,16945,11720,22675,1184,420223612,1
2026-05-01T13:58:30.193,A1,1,12663,-63.3,-88.6,-25.3,166.71,84,11554,14004,8224,19216,1101,429563740,1
2026-05-01T13:58:30.314,A1,1,12664,-63.1,-88.3,-25.2,185.12,92,8239,17031,12496,23526,1209,466863090,1
2026-05-01T13:58:30.435,A1,1,12665,-63.1,-88.2,-25.1,173.25,100,10536,17325,10788,23577,1211,734576035,1
2026-05-01T13:58:30.555,A1,1,12666,-62.4,-88.7,-26.3,115.62,104,5225,12025,17336,24636,1206,726950502,1
2026-05-01T13:58:30.614,A1,1,12667,-62.5,-88.6,-26.0,131.97,100,4828,13197,16522,23774,1192,418192405,1
2026-05-01T13:58:30.764,A1,1,12668,-62.7,-88.6,-25.9,136.72,96,4896,13125,17035,24639,1220,469176538,1
2026-05-01T13:58:30.824,A1,1,12669,-62.8,-88.4,-25.6,156.36,100,9528,15636,10824,21476,1143,466758425,1
2026-05-01T13:58:30.914,A1,1,12670,-62.9,-88.3,-25.4,169.84,96,8530,16305,12872,23377,1196,449340613,1
2026-05-01T13:58:31.035,A1,1,12671,-63.0,-88.7,-25.7,165.05,84,4455,13864,13675,20074,1114,486260290,1
2026-05-01T13:58:31.155,A1,1,12672,-63.1,-88.4,-25.3,175.82,92,5428,16175,17135,27465,1308,487166183,1
2026-05-01T13:58:31.275,A1,1,12673,-63.2,-88.7,-25.5,177.01,80,8938,14161,10681,19546,1107,441023220,1
2026-05-01T13:58:31.394,A1,1,12674,-63.0,-88.2,-25.3,178.01,88,5877,15665,15284,23369,1200,415080430,1
2026-05-01T13:58:31.516,A1,1,12675,-62.7,-88.1,-25.5,199.1,88,11192,17521,10230,24284,1211,726889322,1
2026-05-01T13:58:31.605,A1,1,12676,-63.1,-88.9,-25.8,157.43,80,11332,12594,7125,17608,1047,490015947,1
2026-05-01T13:58:31.724,A1,1,12677,-63.1,-88.8,-25.7,154.63,84,4242,12989,13657,19123,1092,401174150,1
2026-05-01T13:58:31.843,A1,1,12678,-62.8,-88.7,-25.9,162.56,80,11203,13005,7903,18196,1052,440294838,1
2026-05-01T13:58:31.933,A1,1,12679,-62.9,-89.0,-26.1,129.82,84,4294,10905,15207,19991,1106,404742227,1
2026-05-01T13:58:32.055,A1,1,12680,-62.8,-88.5,-25.7,149.85,92,4205,13786,15065,21206,1137,386742148,1
2026-05-01T13:58:32.175,A1,1,12681,-62.2,-88.4,-26.2,134.94,96,4197,12954,14736,20172,1087,420166981,1
2026-05-01T13:58:32.293,A1,1,12682,-63.1,-88.8,-25.7,162.54,84,8908,13653,8946,17757,1052,432510503,1
2026-05-01T13:58:32.414,A1,1,12683,-63.4,-88.2,-24.8,159.2,104,8072,16557,12661,21927,1181,436471285,1
2026-05-01T13:58:32.504,A1,1,12684,-62.8,-88.5,-25.7,166.96,92,8044,15360,10202,19791,1099,419520725,1
2026-05-01T13:58:32.626,A1,1,12685,-63.4,-88.9,-25.6,158.06,84,9001,13277,9749,18266,1076,492047722,1
2026-05-01T13:58:32.745,A1,1,12686,-63.0,-88.2,-25.1,181.27,96,8388,17402,11900,22950,1192,451575979,1
2026-05-01T13:58:32.864,A1,1,12687,-63.3,-89.0,-25.7,155.98,88,6826,13726,10814,18485,1079,449744642,1
2026-05-01T13:58:32.985,A1,1,12688,-62.3,-88.7,-26.3,139.36,92,9743,12821,8683,17467,1015,415346463,1
2026-05-01T13:58:33.073,A1,1,12689,-62.8,-88.4,-25.6,154.45,92,4075,14209,14744,20635,1120,404262217,1
2026-05-01T13:58:33.165,A1,1,12690,-63.3,-88.9,-25.6,156.06,80,4389,12485,12893,17727,1057,444233148,1
2026-05-01T13:58:33.255,A1,1,12691,-63.1,-89.1,-26.0,133.23,84,4186,11191,13803,18260,1064,410401031,1
2026-05-01T13:58:33.403,A1,1,12692,-63.2,-88.4,-25.2,171.73,88,9942,15112,8797,18730,1084,731088821,1
2026-05-01T13:58:33.524,A1,1,12693,-63.0,-88.7,-25.7,156.92,92,4752,14437,12852,19968,1109,420103662,1
2026-05-01T13:58:33.614,A1,1,12694,-63.0,-89.0,-26.0,111.82,96,4032,10735,14270,18055,1056,402125423,1
2026-05-01T13:58:33.705,A1,1,12695,-62.2,-88.4,-26.2,150.39,96,9393,14437,8705,18508,1040,403142061,1
2026-05-01T13:58:33.824,A1,1,12696,-62.2,-88.3,-26.1,151.02,100,4971,15102,14032,21685,1124,725874228,1
2026-05-01T13:58:33.943,A1,1,12697,-62.6,-88.6,-26.0,165.33,88,8326,14549,9743,18844,1064,428559125,1
2026-05-01T13:58:34.063,A1,1,12698,-63.0,-88.4,-25.3,182.34,96,8915,17505,11865,24480,1231,455735218,1
2026-05-01T13:58:34.185,A1,1,12699,-63.2,-88.5,-25.3,172.51,100,6959,17251,12886,24174,1231,486432836,1
2026-05-01T13:58:34.274,A1,1,12700,-62.8,-88.2,-25.4,169.05,92,8461,15553,11795,20692,1124,459615538,1
2026-05-01T13:58:34.393,A1,1,12701,-63.3,-88.3,-25.0,201.99,84,8882,16967,12127,23143,1208,738302494,1
2026-05-01T13:58:34.514,A1,1,12702,-63.0,-88.9,-25.9,146.06,96,4372,14022,12393,19298,1091,722210156,1
2026-05-01T13:58:34.635,A1,1,12703,-63.4,-88.3,-25.0,189.4,92,6074,17425,15171,25705,1276,394815747,1
2026-05-01T13:58:34.726,A1,1,12704,-62.9,-88.2,-25.3,186.65,92,10233,17172,10389,22920,1187,419729613,1
2026-05-01T13:58:34.843,A1,1,12705,-63.2,-88.3,-25.1,185.96,92,8715,17108,11772,22821,1195,391670500,1
2026-05-01T13:58:34.963,A1,1,12706,-63.1,-88.7,-25.6,140.86,92,4768,12959,17219,24253,1228,492731343,1
2026-05-01T13:58:35.053,A1,1,12707,-62.8,-88.2,-25.4,186.33,88,8135,16397,11930,21953,1157,466132581,1
2026-05-01T13:58:35.173,A1,1,12708,-63.3,-88.8,-25.6,159.11,88,7299,14002,11603,19602,1111,487805005,1
2026-05-01T13:58:35.295,A1,1,12709,-62.7,-88.1,-25.4,186.84,88,7583,16442,13298,22765,1173,441754369,1
2026-05-01T13:58:35.414,A1,1,12710,-63.0,-88.7,-25.7,163.34,76,4097,12414,16381,22330,1175,442640853,1
2026-05-01T13:58:35.533,A1,1,12711,-63.1,-88.5,-25.4,198.28,76,8639,15069,10331,19495,1101,422807635,1
2026-05-01T13:58:35.683,A1,1,12712,-62.7,-88.7,-26.0,155.36,92,4158,14293,13414,20797,1123,423625446,1
2026-05-01T13:58:35.773,A1,1,12713,-63.0,-88.7,-25.6,153.83,104,4560,15998,16570,27432,1303,760803071,1
2026-05-01T13:58:35.893,A1,1,12714,-62.9,-88.7,-25.8,164.2,84,8606,13793,9936,18519,1065,766032533,1
2026-05-01T13:58:36.013,A1,1,12715,-62.1,-88.4,-26.2,134.2,108,4301,14494,16831,25454,1217,419572039,1
2026-05-01T13:58:36.103,A1,1,12716,-62.6,-88.7,-26.1,166.0,80,8701,13280,9728,18039,1042,461507879,1
2026-05-01T13:58:36.193,A1,1,12717,-62.6,-88.5,-25.9,191.23,84,9126,16063,9694,21340,1132,386565709,1
2026-05-01T13:58:36.316,A1,1,12718,-63.1,-88.6,-25.5,166.32,80,10623,13306,8132,17475,1043,461738841,1
2026-05-01T13:58:36.405,A1,1,12719,-62.8,-88.7,-25.8,129.91,96,4736,12471,16808,23229,1191,711639373,1
2026-05-01T13:58:36.493,A1,1,12720,-62.9,-88.9,-25.9,162.66,76,3934,12362,12863,17632,1041,450740732,1
2026-05-01T13:58:36.613,A1,1,12721,-63.0,-88.4,-25.4,167.83,88,4869,14769,15929,23199,1195,480304755,1
2026-05-01T13:58:36.734,A1,1,12722,-62.7,-88.6,-25.9,137.07,100,8751,13707,10482,18765,1067,430423835,1
2026-05-01T13:58:36.855,A1,1,12723,-63.3,-88.9,-25.6,150.52,84,4553,12644,13157,18151,1068,403014013,1
2026-05-01T13:58:37.003,A1,1,12724,-63.5,-87.9,-24.4,204.36,84,11469,17166,10242,21897,1181,422246679,1
2026-05-01T13:58:37.094,A1,1,12725,-63.9,-88.0,-24.1,186.89,92,5611,17194,15841,23377,1240,522033657,1
2026-05-01T13:58:37.213,A1,1,12726,-63.8,-88.5,-24.8,143.11,96,4334,13739,17719,24032,1252,730649765,1
2026-05-01T13:58:37.304,A1,1,12727,-63.2,-89.0,-25.8,128.87,84,3698,10825,14533,18349,1071,723555468,1
2026-05-01T13:58:37.424,A1,1,12728,-63.0,-88.2,-25.2,140.78,112,5301,15767,16866,25103,1246,398922616,1
2026-05-01T13:58:37.514,A1,1,12729,-63.3,-88.2,-24.9,185.46,92,6355,17062,14790,24088,1232,412504313,1
2026-05-01T13:58:37.633,A1,1,12730,-62.9,-88.0,-25.1,164.75,108,9694,17793,12233,24417,1224,467780712,1
2026-05-01T13:58:37.723,A1,1,12731,-63.3,-88.2,-24.8,197.56,84,5648,16595,15936,24408,1242,425068536,1
2026-05-01T13:58:37.844,A1,1,12732,-63.6,-88.2,-24.7,157.71,108,5676,17033,17092,26788,1311,704107717,1
2026-05-01T13:58:37.935,A1,1,12733,-62.9,-88.7,-25.8,123.4,100,4661,12340,14343,19276,1088,461930352,1
2026-05-01T13:58:38.054,A1,1,12734,-63.3,-88.5,-25.2,125.59,100,4042,12559,16836,21596,1165,448853808,1
2026-05-01T13:58:38.143,A1,1,12735,-62.7,-87.7,-25.0,189.21,92,10181,17407,11891,23432,1191,404060256,1
2026-05-01T13:58:38.293,A1,1,12736,-63.4,-88.5,-25.1,179.44,80,4444,14355,16905,24064,1235,733370442,1
2026-05-01T13:58:38.385,A1,1,12737,-63.2,-88.3,-25.2,160.4,100,10048,16040,11341,22230,1178,432975894,1
2026-05-01T13:58:38.505,A1,1,12738,-63.4,-88.6,-25.2,150.04,92,4611,13804,16206,22722,1201,488098186,1
2026-05-01T13:58:38.625,A1,1,12739,-63.6,-88.5,-24.8,135.58,100,4675,13558,17381,23177,1223,457570430,1
2026-05-01T13:58:38.713,A1,1,12740,-63.4,-88.2,-24.8,180.32,92,7765,16589,13178,22239,1189,401786178,1
2026-05-01T13:58:38.835,A1,1,12741,-62.6,-87.9,-25.3,186.72,92,8385,17178,13469,23948,1201,450362029,1
2026-05-01T13:58:38.925,A1,1,12742,-63.0,-88.4,-25.3,188.36,92,6066,17329,15526,27037,1294,386135110,1
2026-05-01T13:58:39.044,A1,1,12743,-63.8,-89.2,-25.4,125.09,96,4025,12009,14715,20094,1144,487619598,1
2026-05-01T13:58:39.163,A1,1,12744,-63.7,-88.9,-25.2,183.32,80,9271,14666,10219,20453,1151,493936084,1
2026-05-01T13:58:39.283,A1,1,12745,-62.8,-88.3,-25.5,165.59,96,5123,15897,17044,26701,1277,423520386,1
2026-05-01T13:58:39.404,A1,1,12746,-63.1,-88.5,-25.4,165.77,96,5322,15914,17713,28541,1333,458130567,1
2026-05-01T13:58:39.495,A1,1,12747,-62.6,-88.2,-25.6,189.33,96,9239,18176,13259,27349,1281,474267206,1
2026-05-01T13:58:39.613,A1,1,12748,-63.3,-88.8,-25.5,143.84,96,7448,13809,12639,20642,1140,498027861,1
2026-05-01T13:58:39.733,A1,1,12749,-63.0,-88.5,-25.5,151.38,104,5066,15744,17525,27878,1310,435743709,1
2026-05-01T13:58:39.855,A1,1,12750,-62.7,-88.2,-25.4,160.12,104,7768,16653,13416,23492,1193,467390088,1
2026-05-01T13:58:39.974,A1,1,12751,-63.5,-88.4,-24.8,172.2,96,5862,16531,14934,23833,1236,457280846,1
2026-05-01T13:58:40.033,A1,1,12752,-63.0,-87.5,-24.5,164.58,104,12836,17116,9901,23037,1193,422962452,1
2026-05-01T13:58:40.153,A1,1,12753,-63.4,-88.6,-25.2,141.53,100,4802,14153,16572,23672,1226,450278040,1
2026-05-01T13:58:40.243,A1,1,12754,-63.4,-88.8,-25.4,149.44,88,5048,13151,14152,20127,1129,403184237,1
2026-05-01T13:58:40.363,A1,1,12755,-63.1,-88.4,-25.3,161.56,104,5903,16802,15703,26280,1278,503198807,1
2026-05-01T13:58:40.483,A1,1,12756,-63.5,-88.4,-24.9,181.11,88,6968,15938,14517,23325,1219,435199229,1
2026-05-01T13:58:40.603,A1,1,12757,-63.4,-88.8,-25.4,150.75,100,8571,15075,12456,22793,1202,503081663,1
2026-05-01T13:58:40.723,A1,1,12758,-63.3,-88.4,-25.1,144.74,96,4745,13895,17244,23785,1226,445724950,1
2026-05-01T13:58:40.843,A1,1,12759,-63.3,-88.3,-25.0,158.72,100,10987,15872,9549,20759,1145,485619983,1
2026-05-01T13:58:40.963,A1,1,12760,-63.5,-88.5,-25.1,132.1,96,5393,12682,17139,22668,1202,399643792,1
2026-05-01T13:58:41.055,A1,1,12761,-63.5,-88.3,-24.8,173.34,96,6333,16641,14512,23409,1223,409079426,1
2026-05-01T13:58:41.203,A1,1,12762,-63.8,-88.6,-24.8,183.57,84,10746,15420,9876,20937,1169,448590989,1
2026-05-01T13:58:41.263,A1,1,12763,-63.3,-88.5,-25.2,155.35,88,4948,13671,16353,22469,1188,443625308,1
2026-05-01T13:58:41.413,A1,1,12764,-63.5,-89.0,-25.5,157.12,80,4079,12570,13808,19086,1104,456973708,1
2026-05-01T13:58:41.473,A1,1,12765,-80.2,-87.3,-7.1,180.41,96,11225,17319,11403,6927,1186,424663900,1
2026-05-01T13:58:41.595,A1,1,12766,-63.4,-88.1,-24.7,217.91,76,12701,16561,9488,22428,1195,497542540,1
2026-05-01T13:58:41.723,A1,1,12767,-63.0,-87.6,-24.6,191.73,92,8532,17639,13345,23508,1204,498060730,1
2026-05-01T13:58:41.834,A1,1,12768,-63.6,-88.3,-24.7,171.6,100,5861,17160,14518,23926,1241,685586642,1
2026-05-01T13:58:41.954,A1,1,12769,-63.2,-88.6,-25.4,176.66,80,5687,14133,13488,20161,1123,393856828,1
2026-05-01T13:58:42.045,A1,1,12770,-63.0,-87.2,-24.2,224.38,76,11221,17053,11085,21839,1163,728660870,1
2026-05-01T13:58:42.135,A1,1,12771,-63.3,-88.1,-24.8,205.46,84,11501,17259,9906,22540,1192,484503508,1
2026-05-01T13:58:42.284,A1,1,12772,-63.0,-87.2,-24.3,188.73,92,10404,17363,11484,22106,1167,471783212,1
2026-05-01T13:58:42.344,A1,1,12773,-63.1,-88.4,-25.3,159.8,100,8135,15980,12156,22158,1174,400320305,1
2026-05-01T13:58:42.463,A1,1,12774,-62.6,-88.3,-25.7,170.86,100,10488,17086,9963,23910,1198,766725146,1
2026-05-01T13:58:42.554,A1,1,12775,-63.1,-86.6,-23.6,190.55,92,10683,17531,11764,21755,1161,417836457,1
2026-05-01T13:58:42.675,A1,1,12776,-62.3,-86.1,-23.8,172.79,92,5368,15897,17883,23777,1182,388187027,1
2026-05-01T13:58:42.794,A1,1,12777,-62.9,-86.1,-23.2,174.83,100,8947,17483,14173,22264,1167,457996682,1
2026-05-01T13:58:42.883,A1,1,12778,-63.1,-89.0,-25.9,163.64,92,5363,15055,11987,21380,1154,470902380,1
2026-05-01T13:58:43.003,A1,1,12779,-63.0,-88.1,-25.1,185.62,92,9740,17077,11093,22426,1176,750504707,1
2026-05-01T13:58:43.123,A1,1,12780,-62.1,-88.5,-26.4,141.21,116,2503,16380,17313,29452,1308,499079426,1
2026-05-01T13:58:43.244,A1,1,12781,-63.1,-88.0,-24.9,165.96,108,11400,17924,11281,24721,1238,413700188,1
2026-05-01T13:58:43.334,A1,1,12782,-62.3,-87.8,-25.5,176.75,100,11661,17675,10625,24920,1210,466733613,1
2026-05-01T13:58:43.453,A1,1,12783,-62.6,-85.8,-23.1,198.99,92,13638,18307,11321,24476,1214,423581863,1
2026-05-01T13:58:43.575,A1,1,12784,-63.3,-88.9,-25.6,150.09,96,8468,14409,10872,20726,1144,418899652,1
2026-05-01T13:58:43.695,A1,1,12785,-63.4,-87.4,-24.0,167.53,92,7372,15413,14301,19846,1124,492460885,1
2026-05-01T13:58:43.814,A1,1,12786,-63.3,-88.1,-24.8,179.94,80,8906,14395,13617,20143,1126,738592689,1
2026-05-01T13:58:43.904,A1,1,12787,-63.2,-90.0,-26.7,153.19,104,9078,15932,8982,27790,1321,421403594,1
2026-05-01T13:58:43.994,A1,1,12788,-62.4,-84.4,-22.0,159.06,108,9956,17178,14299,20866,1113,395700140,1
2026-05-01T13:58:44.113,A1,1,12789,-62.1,-82.2,-20.1,170.85,100,7421,17085,17231,19704,1069,449299843,1
2026-05-01T13:58:44.203,A1,1,12790,-61.5,-83.0,-21.4,167.79,108,15450,18121,10702,22873,1129,400208739,1
2026-05-01T13:58:44.324,A1,1,12791,-62.3,-82.2,-19.9,185.79,92,12906,17093,10795,17363,1009,447268529,1
2026-05-01T13:58:44.443,A1,1,12792,-63.2,-83.8,-20.6,186.64,88,9462,16424,14769,18280,1070,724636928,1
2026-05-01T13:58:44.563,A1,1,12793,-62.4,-88.5,-26.0,112.0,96,10201,10752,13106,19429,1074,411406915,1
2026-05-01T13:58:44.685,A1,1,12794,-63.0,-88.4,-25.4,194.31,84,8197,16322,12546,22883,1188,421598453,1
2026-05-01T13:58:44.776,A1,1,12795,-63.1,-88.5,-25.4,121.71,112,10424,13631,13597,22803,1191,766086793,1
2026-05-01T13:58:44.893,A1,1,12796,-63.5,-88.4,-25.0,209.05,84,9950,17560,11049,24269,1244,765670523,1
2026-05-01T13:58:44.983,A1,1,12797,-62.6,-90.2,-27.6,100.93,128,4772,12919,12337,25042,1226,448849284,1
2026-05-01T13:58:45.105,A1,1,12798,-63.1,-89.4,-26.3,154.28,100,3997,15428,14486,27255,1302,444275463,1
2026-05-01T13:58:45.225,A1,1,12799,-62.6,-90.0,-27.4,132.67,92,7277,12206,10943,22616,1166,466589934,1
2026-05-01T13:58:45.344,A1,1,12800,-63.1,-88.1,-25.0,154.43,108,7078,16678,13315,22217,1175,441390589,1
2026-05-01T13:58:45.464,A1,1,12801,-61.9,-80.9,-19.0,193.99,96,18639,18623,12595,24149,1175,409529143,1
2026-05-01T13:58:45.583,A1,1,12802,-62.7,-88.8,-26.1,135.94,96,7798,13050,10925,18415,1054,740552053,1
2026-05-01T13:58:45.675,A1,1,12803,-70.3,-87.5,-17.2,195.48,84,14335,16420,11535,15260,1248,416590769,1
2026-05-01T13:58:45.796,A1,1,12804,-61.6,-83.0,-21.4,158.16,100,12521,15816,12292,18693,1024,440695781,1
2026-05-01T13:58:45.914,A1,1,12805,-62.9,-84.8,-22.0,193.18,92,14067,17773,10881,22015,1160,466808279,1
2026-05-01T13:58:46.003,A1,1,12806,-63.9,-88.7,-24.8,184.23,92,8689,16949,11916,23815,1249,447758446,1
2026-05-01T13:58:46.123,A1,1,12807,-63.3,-89.1,-25.8,91.65,96,8213,8798,14846,19868,1119,427533521,1
2026-05-01T13:58:46.214,A1,1,12808,-62.7,-87.9,-25.2,193.74,88,10201,17049,11334,22768,1175,416166277,1
2026-05-01T13:58:46.335,A1,1,12809,-62.9,-88.7,-25.8,153.18,92,9229,14093,10831,20180,1112,465405371,1
2026-05-01T13:58:46.423,A1,1,12810,-63.3,-87.0,-23.7,173.68,100,9305,17368,12199,21106,1153,406417973,1
2026-05-01T13:58:46.544,A1,1,12811,-63.2,-88.5,-25.3,187.26,76,10869,14232,8517,18728,1084,450227223,1
2026-05-01T13:58:46.633,A1,1,12812,-62.0,-88.5,-26.5,157.91,92,7933,14528,10943,20226,1079,415385658,1
2026-05-01T13:58:46.756,A1,1,12813,-63.4,-88.4,-24.9,147.91,96,3511,14199,17602,23820,1231,394026933,1
2026-05-01T13:58:46.875,A1,1,12814,-63.1,-88.2,-25.1,174.22,88,5294,15331,15096,22001,1169,436945331,1
2026-05-01T13:58:46.994,A1,1,12815,-63.8,-87.5,-23.6,198.5,88,12064,17468,10412,21793,1194,430978311,1
2026-05-01T13:58:47.143,A1,1,12816,-63.5,-88.4,-25.0,144.79,92,4998,13321,17667,23663,1228,394610775,1
2026-05-01T13:58:47.206,A1,1,12817,-63.3,-88.6,-25.3,127.15,100,5431,12715,16980,23016,1205,393191271,1
2026-05-01T13:58:47.325,A1,1,12818,-63.0,-88.3,-25.4,192.51,76,6157,14631,13645,20395,1121,401970954,1
2026-05-01T13:58:47.414,A1,1,12819,-63.2,-88.1,-24.9,160.92,108,6328,17379,14956,24620,1241,466788504,1
2026-05-01T13:58:47.504,A1,1,12820,-63.1,-88.3,-25.3,139.67,104,3894,14526,17101,24018,1220,466403490,1
2026-05-01T13:58:47.594,A1,1,12821,-62.4,-88.1,-25.7,194.04,84,8450,16299,12295,22297,1148,464409323,1
2026-05-01T13:58:47.714,A1,1,12822,-62.8,-88.1,-25.3,198.16,88,8562,17438,12736,23840,1205,411809078,1
2026-05-01T13:58:47.834,A1,1,12823,-62.6,-88.5,-25.9,157.87,84,4717,13261,15938,22187,1153,400844925,1
2026-05-01T13:58:47.925,A1,1,12824,-62.9,-88.4,-25.5,161.81,96,9437,15534,11424,21712,1154,402388542,1
2026-05-01T13:58:48.013,A1,1,12825,-62.5,-87.0,-24.6,193.34,92,11371,17787,11321,23942,1193,401212385,1
2026-05-01T13:58:48.133,A1,1,12826,-63.4,-88.7,-25.3,154.46,96,4360,14828,13553,20694,1147,484258448,1
2026-05-01T13:58:48.256,A1,1,12827,-62.8,-87.5,-24.8,194.43,88,8664,17110,12829,22459,1168,476837897,1
2026-05-01T13:58:48.375,A1,1,12828,-63.1,-86.9,-23.8,189.61,92,10168,17444,11865,21707,1162,421254098,1
2026-05-01T13:58:48.494,A1,1,12829,-63.2,-88.2,-25.0,188.65,88,8341,16601,12657,22372,1184,402314933,1
2026-05-01T13:58:48.614,A1,1,12830,-62.6,-88.8,-26.2,152.17,100,10163,15217,8809,21725,1141,427640753,1
2026-05-01T13:58:48.704,A1,1,12831,-62.7,-88.0,-25.3,196.25,88,10618,17270,11400,23827,1200,571292405,1
2026-05-01T13:58:48.824,A1,1,12832,-62.6,-88.0,-25.4,171.68,104,10733,17855,11086,24569,1214,770174631,1
2026-05-01T13:58:48.914,A1,1,12833,-61.9,-87.6,-25.7,143.16,104,7066,14889,16821,24913,1194,461400992,1
2026-05-01T13:58:49.004,A1,1,12834,-62.5,-88.4,-25.9,162.93,96,9906,15641,10449,22051,1145,704388438,1
2026-05-01T13:58:49.093,A1,1,12835,-62.5,-88.8,-26.3,122.02,92,5206,11226,14327,19177,1068,402831243,1
2026-05-01T13:58:49.244,A1,1,12836,-62.3,-88.1,-25.8,158.92,100,7178,15892,14286,23270,1171,530895304,1
2026-05-01T13:58:49.306,A1,1,12837,-62.8,-88.3,-25.4,127.42,96,7760,12232,16748,22639,1175,446157524,1
2026-05-01T13:58:49.425,A1,1,12838,-62.8,-88.4,-25.6,118.58,108,7045,12807,17262,24420,1220,392634757,1
2026-05-01T13:58:49.544,A1,1,12839,-63.1,-88.1,-25.0,164.4,100,7051,16440,15390,24139,1226,402724710,1
2026-05-01T13:58:49.663,A1,1,12840,-63.0,-88.8,-25.9,125.03,92,6744,11503,13993,19503,1096,419776649,1
2026-05-01T13:58:49.784,A1,1,12841,-62.8,-88.9,-26.1,147.3,92,5332,13552,12449,19617,1094,424846537,1
2026-05-01T13:58:49.844,A1,1,12842,-62.5,-88.0,-25.5,142.59,116,7047,16540,14356,23432,1184,468039830,1
2026-05-01T13:58:49.964,A1,1,12843,-62.5,-88.3,-25.8,131.23,100,5989,13123,16594,23007,1172,460569633,1
2026-05-01T13:58:50.053,A1,1,12844,-61.9,-87.4,-25.5,151.63,108,10379,16376,11061,22138,1124,415795583,1
2026-05-01T13:58:50.174,A1,1,12845,-63.0,-88.8,-25.8,140.21,80,5965,11217,14029,18464,1069,391258527,1
2026-05-01T13:58:50.294,A1,1,12846,-62.9,-88.6,-25.7,156.62,88,4560,13783,14347,20488,1121,760584018,1
2026-05-01T13:58:50.384,A1,1,12847,-62.4,-87.5,-25.2,154.84,108,6877,16723,14582,23395,1176,424315095,1
2026-05-01T13:58:50.503,A1,1,12848,-62.2,-88.5,-26.3,135.18,84,6154,11355,15345,20519,1096,402859286,1
2026-05-01T13:58:50.624,A1,1,12849,-62.4,-88.3,-25.9,153.43,112,6868,17184,13503,24915,1214,482594414,1
2026-05-01T13:58:50.714,A1,1,12850,-62.9,-88.4,-25.5,138.79,104,4906,14434,17668,25959,1262,457385416,1
2026-05-01T13:58:50.803,A1,1,12851,-63.1,-88.4,-25.3,150.92,100,11369,15092,9865,21418,1155,536196775,1
2026-05-01T13:58:50.923,A1,1,12852,-63.0,-88.2,-25.2,197.22,88,10474,17355,10568,23335,1201,413756696,1
2026-05-01T13:58:51.043,A1,1,12853,-63.2,-88.2,-25.0,175.03,96,5777,16803,15998,25453,1262,466502360,1
2026-05-01T13:58:51.164,A1,1,12854,-62.8,-88.1,-25.3,180.59,92,10597,16614,10329,21861,1152,486033998,1
2026-05-01T13:58:51.253,A1,1,12855,-63.0,-88.3,-25.3,149.3,100,5445,14930,17139,25124,1245,465625398,1
2026-05-01T13:58:51.343,A1,1,12856,-62.9,-87.9,-25.0,175.54,100,8349,17554,13097,23523,1201,418359176,1
2026-05-01T13:58:51.493,A1,1,12857,-62.2,-88.2,-26.0,139.11,104,10849,14467,9530,19754,1073,463648212,1
2026-05-01T13:58:51.583,A1,1,12858,-62.8,-87.3,-24.5,169.51,100,12498,16951,9741,22256,1166,432614040,1
2026-05-01T13:58:51.673,A1,1,12859,-62.3,-88.5,-26.1,154.77,84,4086,13001,15802,21751,1133,419087136,1
2026-05-01T13:58:51.793,A1,1,12860,-63.3,-88.7,-25.3,145.54,92,3905,13390,16538,22889,1202,404909576,1
2026-05-01T13:58:51.944,A1,1,12861,-63.3,-88.6,-25.2,165.95,84,2815,13940,14742,20109,1127,512787262,1
2026-05-01T13:58:52.065,A1,1,12862,-63.2,-88.4,-25.2,178.91,88,7238,15744,12578,21298,1155,455662601,1
2026-05-01T13:58:52.154,A1,1,12863,-63.3,-88.4,-25.1,173.78,92,10003,15988,10133,20982,1149,454883268,1
2026-05-01T13:58:52.273,A1,1,12864,-63.3,-88.6,-25.3,146.67,96,9990,14080,9747,18982,1093,446548140,1
2026-05-01T13:58:52.424,A1,1,12865,-63.4,-88.3,-25.0,169.91,92,5777,15632,14002,21454,1165,735551228,1
2026-05-01T13:58:52.515,A1,1,12866,-63.0,-87.5,-24.5,187.03,92,8445,17207,13351,22619,1181,466017916,1
2026-05-01T13:58:52.605,A1,1,12867,-63.3,-88.3,-25.0,148.37,100,3169,14837,17631,24556,1244,452066763,1
2026-05-01T13:58:52.694,A1,1,12868,-63.3,-88.7,-25.4,170.82,80,10128,13666,9515,18811,1087,724147556,1
2026-05-01T13:58:52.814,A1,1,12869,-63.3,-88.1,-24.8,181.72,92,10448,16718,10283,21193,1157,445724762,1
2026-05-01T13:58:52.904,A1,1,12870,-62.5,-88.3,-25.8,165.56,88,3716,14569,15827,22518,1158,769929405,1
2026-05-01T13:58:53.084,A1,1,12871,-63.1,-88.3,-25.2,190.03,92,4850,17483,16538,27324,1302,417514339,1
2026-05-01T13:58:53.115,A1,1,12872,-62.4,-88.2,-25.8,161.0,96,4665,15456,14411,21791,1137,465503492,1
2026-05-01T13:58:53.236,A1,1,12873,-63.3,-88.0,-24.7,193.84,88,12172,17058,9671,22407,1188,434859682,1
2026-05-01T13:58:53.324,A1,1,12874,-62.7,-88.5,-25.7,168.43,88,8954,14822,10998,20492,1114,460236345,1
2026-05-01T13:58:53.445,A1,1,12875,-63.2,-88.2,-25.0,177.97,92,5522,16373,14540,22717,1194,408515195,1
2026-05-01T13:58:53.594,A1,1,12876,-63.5,-88.1,-24.6,176.44,96,4729,16938,15442,23442,1225,407025095,1
2026-05-01T13:58:53.685,A1,1,12877,-63.4,-89.3,-25.9,132.67,88,2757,11675,13996,19083,1099,438094025,1
2026-05-01T13:58:53.864,A1,1,12878,-63.5,-89.0,-25.6,142.31,88,2602,12523,13741,18600,1089,527138757,1
2026-05-01T13:58:53.924,A1,1,12879,-63.1,-88.2,-25.1,165.4,92,6239,15217,14057,20879,1139,463674318,1
2026-05-01T13:58:54.013,A1,1,12880,-63.0,-88.4,-25.4,149.1,96,2881,14314,16898,23472,1203,471116488,1
2026-05-01T13:58:54.136,A1,1,12881,-63.4,-88.7,-25.3,145.48,88,2795,12802,17058,22488,1193,500208847,1
2026-05-01T13:58:54.254,A1,1,12882,-63.0,-88.9,-26.0,155.23,80,3750,12418,13370,18500,1067,626002246,1
2026-05-01T13:58:54.348,A1,1,12883,-63.3,-88.7,-25.3,170.95,84,9398,14360,10812,20121,1127,391389436,1
2026-05-01T13:58:54.464,A1,1,12884,-63.3,-89.2,-25.8,119.22,96,2429,11445,13806,18007,1067,464985735,1
2026-05-01T13:58:54.585,A1,1,12885,-63.7,-88.6,-24.9,162.8,84,11215,13675,8707,18229,1088,762031533,1
2026-05-01T13:58:54.675,A1,1,12886,-63.3,-88.3,-25.0,169.7,100,4210,16970,16680,26345,1289,723687516,1
2026-05-01T13:58:54.765,A1,1,12887,-63.4,-88.8,-25.4,162.16,88,8953,14270,11048,20269,1134,415213175,1
2026-05-01T13:58:54.884,A1,1,12888,-63.1,-88.4,-25.3,142.78,100,2747,14278,16766,23068,1199,501022668,1
2026-05-01T13:58:55.004,A1,1,12889,-63.2,-88.5,-25.3,145.75,96,2766,13992,16754,22982,1201,528337167,1
2026-05-01T13:58:55.093,A1,1,12890,-63.2,-88.7,-25.5,146.73,100,5011,14673,12623,19979,1119,770326263,1
2026-05-01T13:58:55.215,A1,1,12891,-63.0,-88.3,-25.3,163.28,96,4209,15675,15822,23474,1203,769596992,1
2026-05-01T13:58:55.303,A1,1,12892,-62.6,-88.5,-25.8,150.7,96,9075,14467,11792,21114,1127,400352642,1
2026-05-01T13:58:55.394,A1,1,12893,-63.2,-88.6,-25.4,164.98,84,11193,13858,8461,18770,1085,419404129,1
2026-05-01T13:58:55.513,A1,1,12894,-62.9,-88.3,-25.5,173.97,88,9875,15309,10923,21175,1138,461564668,1
2026-05-01T13:58:55.605,A1,1,12895,-62.7,-87.2,-24.5,186.23,92,10250,17133,11908,22448,1165,464760505,1
2026-05-01T13:58:55.725,A1,1,12896,-63.2,-88.3,-25.1,185.09,88,6044,16288,14076,22697,1191,456820801,1
2026-05-01T13:58:55.843,A1,1,12897,-62.8,-87.5,-24.6,172.72,96,10824,16581,11816,22256,1166,417897892,1
2026-05-01T13:58:55.963,A1,1,12898,-63.3,-88.1,-24.8,165.81,100,7224,16581,14541,22990,1203,493995163,1
2026-05-01T13:58:56.085,A1,1,12899,-63.4,-89.3,-26.0,147.01,84,2602,12349,13743,19836,1121,434781769,1
2026-05-01T13:58:56.205,A1,1,12900,-63.3,-88.3,-24.9,167.1,104,9868,17378,11688,23871,1228,416163361,1
2026-05-01T13:58:56.295,A1,1,12901,-63.4,-88.4,-25.0,131.58,104,2716,13684,16884,22035,1183,463376783,1
2026-05-01T13:58:56.414,A1,1,12902,-62.8,-88.5,-25.7,138.74,92,2549,12764,16623,21757,1152,763927773,1
2026-05-01T13:58:56.474,A1,1,12903,-63.3,-88.7,-25.3,132.7,100,4962,13270,13790,19143,1100,415050701,1
2026-05-01T13:58:56.625,A1,1,12904,-63.2,-87.2,-24.1,180.78,96,11264,17355,11274,22318,1181,760322782,1
2026-05-01T13:58:56.715,A1,1,12905,-63.1,-88.2,-25.1,181.29,92,10219,16679,10753,22384,1179,721711222,1
2026-05-01T13:58:56.805,A1,1,12906,-63.2,-88.3,-25.1,170.5,100,7875,17050,12633,23025,1201,462597738,1
2026-05-01T13:58:56.925,A1,1,12907,-63.1,-87.8,-24.7,165.11,104,9398,17171,12407,22625,1186,420763457,1
2026-05-01T13:58:57.043,A1,1,12908,-63.5,-88.5,-25.0,189.46,80,10724,15157,9967,20546,1146,499121255,1
2026-05-01T13:58:57.222,A1,1,12909,-63.5,-88.3,-24.8,185.86,84,11116,15612,9763,20569,1145,755077659,1
2026-05-01T13:58:57.285,A1,1,12910,-63.3,-88.9,-25.6,140.31,96,3875,13470,13010,18937,1094,465129566,1
2026-05-01T13:58:57.406,A1,1,12911,-63.3,-87.7,-24.4,189.68,92,11357,17451,10513,22405,1187,767256104,1
2026-05-01T13:58:57.494,A1,1,12912,-62.7,-86.8,-24.0,177.55,96,10268,17045,12075,21735,1148,456245619,1
2026-05-01T13:58:57.583,A1,1,12913,-62.5,-87.8,-25.2,177.75,96,7517,17064,13863,23564,1187,400717048,1
2026-05-01T13:58:57.705,A1,1,12914,-62.9,-88.5,-25.7,172.4,84,9295,14482,11590,21110,1136,415147752,1
2026-05-01T13:58:57.825,A1,1,12915,-63.0,-88.4,-25.4,176.4,84,8592,14818,11864,20434,1123,390027351,1
2026-05-01T13:58:57.915,A1,1,12916,-63.2,-88.8,-25.6,137.28,92,2814,12630,15285,20382,1131,400173405,1
2026-05-01T13:58:58.033,A1,1,12917,-63.3,-88.1,-24.8,198.44,88,7736,17463,13440,23255,1209,738357118,1
2026-05-01T13:58:58.125,A1,1,12918,-62.9,-88.1,-25.1,174.27,96,5084,16730,16382,25035,1241,399991319,1
2026-05-01T13:58:58.243,A1,1,12919,-62.8,-88.1,-25.2,182.52,88,6106,16062,13493,21131,1136,400193076,1
2026-05-01T13:58:58.366,A1,1,12920,-63.3,-88.9,-25.6,164.78,76,2694,12523,14182,18998,1094,741859724,1
2026-05-01T13:58:58.454,A1,1,12921,-63.3,-88.5,-25.2,172.43,84,3338,14484,14434,20198,1130,440869251,1
2026-05-01T13:58:58.544,A1,1,12922,-63.3,-89.0,-25.7,152.69,88,2855,13437,13307,19180,1099,769152017,1
2026-05-01T13:58:58.634,A1,1,12923,-63.3,-87.5,-24.2,215.74,80,12452,17259,10015,22488,1189,402032350,1
2026-05-01T13:58:58.785,A1,1,12924,-63.1,-88.6,-25.5,136.11,92,3026,12522,16697,21802,1164,444010153,1
2026-05-01T13:58:58.846,A1,1,12925,-63.2,-88.0,-24.8,177.07,96,5691,16999,14795,22878,1196,462981980,1
2026-05-01T13:58:58.965,A1,1,12926,-63.0,-87.2,-24.2,161.64,108,11048,17457,11383,22524,1181,482718055,1
2026-05-01T13:58:59.084,A1,1,12927,-63.1,-88.2,-25.1,175.83,88,5343,15473,13981,20628,1133,742024381,1
2026-05-01T13:58:59.173,A1,1,12928,-63.2,-88.6,-25.4,177.06,80,2700,14165,14145,19819,1113,417052947,1
2026-05-01T13:58:59.294,A1,1,12929,-62.8,-87.8,-24.9,183.34,96,10974,17601,11279,23782,1205,451165594,1
2026-05-01T13:58:59.416,A1,1,12930,-63.4,-88.0,-24.6,181.8,96,9180,17453,11937,22339,1191,390127163,1
2026-05-01T13:58:59.563,A1,1,12931,-63.1,-88.1,-25.0,175.1,96,7440,16810,13217,22228,1176,761258488,1
2026-05-01T13:58:59.653,A1,1,12932,-63.3,-88.6,-25.3,166.48,92,10425,15316,9463,20692,1141,446985385,1
2026-05-01T13:58:59.744,A1,1,12933,-63.3,-89.1,-25.8,121.67,92,2569,11194,14776,18846,1088,419779144,1
2026-05-01T13:58:59.866,A1,1,12934,-63.5,-88.5,-25.0,154.77,92,2780,14239,16442,22485,1198,451127822,1
2026-05-01T13:58:59.955,A1,1,12935,-63.3,-88.6,-25.3,193.43,72,10843,13927,9134,19163,1098,414245879,1
2026-05-01T13:59:00.103,A1,1,12936,-63.6,-88.4,-24.9,135.21,100,3198,13521,17591,22915,1214,395427720,1
2026-05-01T13:59:00.193,A1,1,12937,-63.1,-87.3,-24.2,174.09,96,10122,16713,11757,21051,1144,749162413,1
2026-05-01T13:59:00.313,A1,1,12938,-62.9,-87.9,-25.1,177.64,100,11008,17764,11030,24067,1214,413279727,1
2026-05-01T13:59:00.406,A1,1,12939,-62.9,-88.5,-25.6,139.12,96,2727,13356,17014,22830,1182,713851290,1
2026-05-01T13:59:00.496,A1,1,12940,-63.2,-87.7,-24.5,164.7,104,9589,17129,11702,21636,1165,399950467,1
2026-05-01T13:59:00.644,A1,1,12941,-63.3,-88.6,-25.4,172.85,84,6331,14519,12122,19398,1104,496214666,1
2026-05-01T13:59:00.763,A1,1,12942,-91.5,-88.5,2.9,142.54,96,3290,13684,16792,1870,1199,475858690,1
2026-05-01T13:59:00.885,A1,1,12943,-84.0,-89.0,-4.9,115.91,96,2521,11127,15715,4720,1115,481013834,1
2026-05-01T13:59:01.006,A1,1,12944,-63.7,-88.7,-25.0,145.25,100,9135,14525,10886,19784,1131,490985268,1
2026-05-01T13:59:01.124,A1,1,12945,-63.5,-88.0,-24.5,165.82,100,4807,16582,16145,23355,1223,440821514,1
2026-05-01T13:59:01.214,A1,1,12946,-63.4,-88.0,-24.6,165.96,100,5354,16596,16867,24492,1247,416761734,1
2026-05-01T13:59:01.334,A1,1,12947,-63.2,-88.1,-25.0,186.22,96,9558,17877,11582,23905,1222,765500510,1
2026-05-01T13:59:01.425,A1,1,12948,-63.5,-88.6,-25.1,150.84,88,12104,13274,7489,18038,1072,402941699,1
2026-05-01T13:59:01.573,A1,1,12949,-63.3,-88.4,-25.2,139.36,100,3235,13936,14658,19556,1110,438654415,1
2026-05-01T13:59:01.633,A1,1,12950,-63.1,-88.0,-24.9,179.9,96,6152,17270,15508,24721,1239,455545284,1
2026-05-01T13:59:01.724,A1,1,12951,-63.4,-87.3,-23.9,186.51,88,8654,16413,13049,20470,1141,695589801,1
2026-05-01T13:59:01.813,A1,1,12952,-63.6,-88.0,-24.4,158.43,104,7493,16477,13723,21222,1167,410338334,1
2026-05-01T13:59:01.966,A1,1,12953,-63.4,-88.7,-25.3,151.83,92,3501,13968,13931,19776,1119,754935996,1
2026-05-01T13:59:02.054,A1,1,12954,-62.8,-87.1,-24.3,154.97,112,9488,17357,12892,22737,1176,440682879,1
2026-05-01T13:59:02.143,A1,1,12955,-63.0,-87.6,-24.6,157.45,108,7712,17005,14004,22727,1183,667596658,1
2026-05-01T13:59:02.264,A1,1,12956,-63.1,-88.1,-25.0,166.27,88,10211,14632,10376,18493,1072,399377422,1
2026-05-01T13:59:02.354,A1,1,12957,-63.4,-88.1,-24.7,143.38,108,4983,15485,14816,20559,1142,445020178,1
2026-05-01T13:59:02.505,A1,1,12958,-63.2,-87.8,-24.6,140.95,108,5784,15223,17168,23358,1211,753016970,1
2026-05-01T13:59:02.595,A1,1,12959,-62.8,-86.1,-23.2,130.65,136,12834,17769,11366,23156,1188,464170962,1
2026-05-01T13:59:02.713,A1,1,12960,-63.5,-87.8,-24.3,197.31,84,5671,16574,16401,23550,1225,441231443,1
2026-05-01T13:59:02.803,A1,1,12961,-63.0,-88.3,-25.3,148.43,104,10339,15437,8863,19381,1095,400131557,1
2026-05-01T13:59:02.925,A1,1,12962,-62.7,-88.4,-25.7,145.46,96,10596,13964,9091,18698,1063,437307308,1
2026-05-01T13:59:03.044,A1,1,12963,-63.1,-89.0,-25.9,142.68,84,4511,11985,13475,18605,1077,499725460,1
2026-05-01T13:59:03.164,A1,1,12964,-63.4,-88.1,-24.7,189.38,88,12097,16665,9610,21993,1181,402304140,1
2026-05-01T13:59:03.253,A1,1,12965,-62.8,-88.6,-25.8,124.07,96,4600,11911,17000,22621,1173,395078598,1
2026-05-01T13:59:03.347,A1,1,12966,-62.3,-88.1,-25.7,171.28,92,9371,15758,11735,21694,1131,477758991,1
2026-05-01T13:59:03.464,A1,1,12967,-63.2,-88.4,-25.3,131.95,100,5217,13195,17662,24065,1226,601738775,1
2026-05-01T13:59:03.585,A1,1,12968,-63.0,-88.7,-25.7,129.97,92,4614,11957,14201,18313,1064,399438425,1
2026-05-01T13:59:03.674,A1,1,12969,-62.9,-88.7,-25.8,145.3,84,4580,12205,13966,18622,1070,395890064,1
2026-05-01T13:59:03.763,A1,1,12970,-62.9,-88.5,-25.6,160.77,88,9571,14148,9848,18909,1076,506063081,1
2026-05-01T13:59:03.884,A1,1,12971,-62.4,-88.7,-26.3,149.97,88,4592,13197,12336,18128,1035,458061545,1
2026-05-01T13:59:03.974,A1,1,12972,-63.3,-88.1,-24.8,148.91,100,5165,14891,17335,23517,1219,413512002,1
2026-05-01T13:59:04.095,A1,1,12973,-63.5,-88.1,-24.6,170.43,100,7217,17043,13497,22285,1192,474264882,1
2026-05-01T13:59:04.184,A1,1,12974,-63.1,-88.9,-25.8,156.02,80,3910,12482,12948,17840,1054,401076954,1
2026-05-01T13:59:04.304,A1,1,12975,-63.5,-88.1,-24.6,194.47,92,12287,17891,10145,24239,1243,480984252,1
2026-05-01T13:59:04.423,A1,1,12976,-62.9,-88.0,-25.2,172.43,100,7997,17243,13022,23021,1186,495564034,1
2026-05-01T13:59:04.544,A1,1,12977,-63.1,-88.7,-25.6,178.82,80,7065,14306,11765,19572,1104,464755991,1
2026-05-01T13:59:04.633,A1,1,12978,-63.3,-88.4,-25.2,132.76,96,4823,12745,17467,22764,1196,401910425,1
2026-05-01T13:59:04.725,A1,1,12979,-63.1,-88.6,-25.4,157.89,84,4058,13263,14958,20134,1119,462195800,1
2026-05-01T13:59:04.843,A1,1,12980,-63.4,-88.0,-24.6,181.52,96,9036,17426,12759,22814,1204,430198649,1
2026-05-01T13:59:04.965,A1,1,12981,-63.1,-88.6,-25.5,161.99,84,10666,13607,9204,18717,1079,741225826,1
2026-05-01T13:59:05.085,A1,1,12982,-63.2,-88.5,-25.3,153.35,92,9865,14108,9346,18356,1072,448578296,1
2026-05-01T13:59:05.175,A1,1,12983,-62.9,-88.6,-25.7,122.42,96,4361,11752,17096,22391,1172,400561878,1
2026-05-01T13:59:05.263,A1,1,12984,-62.8,-88.2,-25.3,181.91,92,6617,16736,14327,23868,1207,400551638,1
2026-05-01T13:59:05.384,A1,1,12985,-63.3,-88.5,-25.3,150.97,92,5550,13889,13156,18954,1092,445702607,1
2026-05-01T13:59:05.505,A1,1,12986,-62.8,-87.2,-24.4,174.48,100,12066,17448,10420,22949,1184,458998892,1
2026-05-01T13:59:05.595,A1,1,12987,-63.0,-88.4,-25.3,143.93,100,2671,14393,17187,23845,1215,468574363,1
2026-05-01T13:59:05.714,A1,1,12988,-62.6,-87.6,-24.9,188.82,92,11623,17371,10718,23583,1192,445654975,1
2026-05-01T13:59:05.833,A1,1,12989,-62.8,-88.5,-25.7,143.73,104,4136,14948,16919,25472,1245,419188967,1
2026-05-01T13:59:05.925,A1,1,12990,-63.1,-89.1,-26.0,149.59,92,5414,13762,11912,19623,1104,395681226,1
2026-05-01T13:59:06.043,A1,1,12991,-62.9,-88.3,-25.4,150.12,100,5763,15012,13267,20147,1111,722446103,1
2026-05-01T13:59:06.133,A1,1,12992,-63.2,-88.1,-24.9,186.5,92,5645,17158,14705,23467,1214,414035665,1
2026-05-01T13:59:06.254,A1,1,12993,-63.0,-88.1,-25.1,154.97,112,5423,17357,15740,25279,1251,513682895,1
2026-05-01T13:59:06.373,A1,1,12994,-63.5,-88.1,-24.5,188.41,88,7392,16580,13091,21071,1162,425879377,1
2026-05-01T13:59:06.493,A1,1,12995,-62.9,-88.8,-25.8,163.4,96,9111,15686,9653,21614,1153,419712493,1
2026-05-01T13:59:06.613,A1,1,12996,-63.1,-88.6,-25.5,138.27,92,4923,12721,14370,19121,1091,501575424,1
2026-05-01T13:59:06.735,A1,1,12997,-63.6,-86.5,-22.8,196.83,88,12574,17321,10576,21037,1165,418552097,1
2026-05-01T13:59:06.853,A1,1,12998,-63.5,-87.9,-24.4,178.93,88,10526,15746,10593,19363,1114,463845681,1
2026-05-01T13:59:06.945,A1,1,12999,-63.2,-87.9,-24.6,185.94,88,8640,16363,12408,20764,1141,479055180,1
2026-05-01T13:59:07.064,A1,1,13000,-63.0,-88.6,-25.6,145.71,96,9437,13988,10787,19692,1102,451427348,1
2026-05-01T13:59:07.155,A1,1,13001,-63.6,-88.1,-24.5,114.96,136,5632,15634,16933,23751,1236,469540240,1
2026-05-01T13:59:07.305,A1,1,13002,-62.8,-88.8,-26.0,126.66,92,4323,11653,14410,19040,1076,431073487,1
2026-05-01T13:59:07.394,A1,1,13003,-63.0,-88.8,-25.8,144.55,88,4633,12720,14464,20225,1119,457696651,1
2026-05-01T13:59:07.514,A1,1,13004,-62.8,-88.6,-25.8,129.55,92,5235,11919,17172,23022,1185,406310237,1
2026-05-01T13:59:07.635,A1,1,13005,-63.5,-89.2,-25.7,148.46,84,3961,12471,13037,18671,1091,423981077,1
2026-05-01T13:59:07.754,A1,1,13006,-63.0,-88.4,-25.4,165.36,88,5207,14552,13964,20459,1124,431056776,1
2026-05-01T13:59:07.843,A1,1,13007,-63.3,-88.6,-25.3,163.62,92,10510,15053,8777,19936,1120,740439309,1
2026-05-01T13:59:07.997,A1,1,13008,-63.3,-88.8,-25.4,188.32,80,4822,15066,13011,20960,1151,408759426,1
2026-05-01T13:59:08.113,A1,1,13009,-63.1,-88.9,-25.8,113.54,100,5447,11354,15839,21457,1156,418794648,1
2026-05-01T13:59:08.205,A1,1,13010,-63.3,-88.6,-25.4,197.68,72,11565,14233,8774,20177,1126,440210289,1
2026-05-01T13:59:08.295,A1,1,13011,-63.1,-88.4,-25.3,165.11,96,9858,15851,10819,21592,1157,419613675,1
2026-05-01T13:59:08.443,A1,1,13012,-63.2,-88.4,-25.3,162.66,96,9410,15615,11902,22283,1180,462861742,1
2026-05-01T13:59:08.534,A1,1,13013,-63.4,-88.8,-25.4,165.99,92,9238,15271,10437,21387,1164,739636467,1
2026-05-01T13:59:08.623,A1,1,13014,-63.1,-88.4,-25.3,169.0,96,10510,16224,9567,21641,1161,598373604,1
2026-05-01T13:59:08.714,A1,1,13015,-63.1,-88.3,-25.3,184.83,88,10520,16265,9811,21780,1163,398473096,1
2026-05-01T13:59:08.805,A1,1,13016,-63.3,-88.7,-25.4,145.56,100,10220,14556,10413,20795,1145,464716807,1
2026-05-01T13:59:08.954,A1,1,13017,-62.6,-88.2,-25.6,142.5,104,4756,14820,15811,22905,1174,734594771,1
2026-05-01T13:59:09.044,A1,1,13018,-62.8,-88.2,-25.4,177.04,100,9940,17704,11108,24321,1216,525384736,1
2026-05-01T13:59:09.133,A1,1,13019,-63.6,-88.2,-24.7,183.61,92,6235,16892,14552,23364,1226,463218752,1
2026-05-01T13:59:09.225,A1,1,13020,-62.3,-88.2,-25.9,159.64,100,9669,15964,11736,22751,1156,459914175,1
2026-05-01T13:59:09.345,A1,1,13021,-63.3,-87.8,-24.6,171.68,96,11555,16481,10218,21229,1155,425736378,1
2026-05-01T13:59:09.493,A1,1,13022,-63.1,-88.2,-25.1,167.52,100,6285,16752,14884,24188,1225,452424723,1
2026-05-01T13:59:09.613,A1,1,13023,-63.8,-88.1,-24.3,201.29,84,10509,16908,10937,21438,1184,395028782,1
2026-05-01T13:59:09.734,A1,1,13024,-63.2,-88.5,-25.3,170.67,92,9942,15702,10712,21965,1173,756039731,1
2026-05-01T13:59:09.825,A1,1,13025,-62.8,-88.2,-25.4,176.37,100,8950,17637,12335,24572,1224,478551362,1
2026-05-01T13:59:09.915,A1,1,13026,-63.1,-89.0,-25.9,130.99,88,4189,11527,14226,18905,1085,446054621,1
2026-05-01T13:59:10.003,A1,1,13027,-62.9,-88.8,-25.8,154.48,80,4220,12358,14522,19659,1099,442582486,1
2026-05-01T13:59:10.123,A1,1,13028,-63.0,-88.3,-25.4,147.25,108,4750,15903,16542,25502,1254,459093028,1
2026-05-01T13:59:10.213,A1,1,13029,-62.9,-88.2,-25.3,188.54,92,6501,17346,14163,24515,1225,465613067,1
2026-05-01T13:59:10.334,A1,1,13030,-63.2,-88.3,-25.1,198.01,88,6460,17425,14156,24571,1240,568355663,1
2026-05-01T13:59:10.455,A1,1,13031,-63.4,-88.3,-24.9,200.85,84,10634,16871,9965,22183,1185,394314422,1
2026-05-01T13:59:10.604,A1,1,13032,-62.9,-88.4,-25.5,148.32,92,4244,13645,16788,22920,1186,455670489,1
2026-05-01T13:59:10.693,A1,1,13033,-63.1,-88.5,-25.4,149.5,92,4304,13754,15221,21072,1143,738982486,1
2026-05-01T13:59:10.783,A1,1,13034,-63.3,-88.2,-24.9,159.4,108,5777,17215,14802,24288,1236,415189019,1
2026-05-01T13:59:10.907,A1,1,13035,-63.3,-88.3,-25.0,162.46,108,9781,17546,11136,23581,1219,422057948,1
2026-05-01T13:59:11.025,A1,1,13036,-63.6,-88.0,-24.5,194.36,88,12242,17104,9754,22378,1199,749566491,1
2026-05-01T13:59:11.143,A1,1,13037,-62.3,-88.4,-26.0,145.11,92,4666,13350,15977,22239,1145,696809168,1
2026-05-01T13:59:11.233,A1,1,13038,-63.1,-88.1,-25.0,191.52,92,8940,17620,12904,24121,1224,453593937,1
2026-05-01T13:59:11.325,A1,1,13039,-63.2,-88.5,-25.3,165.11,88,10426,14530,9786,19563,1105,416084834,1
2026-05-01T13:59:11.445,A1,1,13040,-63.1,-88.3,-25.3,154.99,96,6518,14879,14138,21456,1153,762563000,1
2026-05-01T13:59:11.563,A1,1,13041,-62.9,-88.4,-25.5,177.61,84,10932,14919,8758,19938,1105,713934939,1
2026-05-01T13:59:11.653,A1,1,13042,-62.6,-88.3,-25.7,153.17,92,11511,14092,9341,19837,1090,412429693,1
2026-05-01T13:59:11.742,A1,1,13043,-63.1,-88.7,-25.6,150.39,84,5053,12633,14438,19522,1102,424494044,1
2026-05-01T13:59:11.863,A1,1,13044,-62.4,-88.1,-25.7,147.12,96,12056,14124,8327,19058,1064,412686803,1
2026-05-01T13:59:11.955,A1,1,13045,-62.2,-87.0,-24.8,169.95,104,8275,17675,15073,25734,1226,431614872,1
2026-05-01T13:59:12.072,A1,1,13046,-62.9,-88.1,-25.2,177.99,92,11131,16375,10362,22108,1165,446434033,1
2026-05-01T13:59:12.193,A1,1,13047,-62.9,-87.3,-24.4,184.45,96,8539,17707,13935,23943,1212,392969413,1
2026-05-01T13:59:12.283,A1,1,13048,-62.9,-88.4,-25.6,156.36,80,5687,12509,15598,20633,1123,405579145,1
2026-05-01T13:59:12.373,A1,1,13049,-62.6,-86.7,-24.2,172.69,96,12053,16578,10917,21856,1144,455014965,1
2026-05-01T13:59:12.495,A1,1,13050,-62.2,-86.7,-24.5,172.78,104,9394,17969,14476,25671,1225,396989729,1
2026-05-01T13:59:12.613,A1,1,13051,-62.9,-88.0,-25.1,178.43,96,10869,17129,12134,24314,1221,386006971,1
2026-05-01T13:59:12.733,A1,1,13052,-62.7,-87.5,-24.8,198.57,84,8331,16680,14253,23353,1189,417028485,1
2026-05-01T13:59:12.824,A1,1,13053,-63.1,-88.5,-25.4,184.49,80,7824,14759,11683,19744,1106,460200829,1
2026-05-01T13:59:12.914,A1,1,13054,-62.8,-87.9,-25.0,186.66,92,7962,17173,12767,22410,1170,442619729,1
2026-05-01T13:59:13.004,A1,1,13055,-62.5,-87.2,-24.8,177.57,96,9443,17047,12567,22710,1162,451379446,1
2026-05-01T13:59:13.154,A1,1,13056,-61.9,-88.3,-26.4,138.72,92,4872,12762,16887,23428,1158,452223524,1
2026-05-01T13:59:13.243,A1,1,13057,-62.9,-88.2,-25.3,172.98,92,10298,15914,9903,20682,1125,398048454,1
2026-05-01T13:59:13.333,A1,1,13058,-63.0,-88.7,-25.7,176.1,80,6784,14088,12535,20188,1117,430155774,1
2026-05-01T13:59:13.484,A1,1,13059,-63.2,-88.6,-25.4,159.93,88,11225,14074,8791,19460,1103,416337651,1
2026-05-01T13:59:13.575,A1,1,13060,-62.8,-88.5,-25.7,164.53,92,10535,15137,8833,20345,1114,388200547,1
2026-05-01T13:59:13.663,A1,1,13061,-62.2,-88.4,-26.2,159.86,92,8907,14707,11447,21415,1119,399392917,1
2026-05-01T13:59:13.785,A1,1,13062,-63.2,-88.2,-25.0,177.37,92,11221,16318,9384,21340,1156,438652748,1
2026-05-01T13:59:13.904,A1,1,13063,-63.4,-88.3,-24.9,126.54,124,5856,15691,17643,26302,1293,735135961,1
2026-05-01T13:59:14.025,A1,1,13064,-62.8,-88.5,-25.7,136.22,88,5701,11987,16796,22375,1166,462743917,1
2026-05-01T13:59:14.115,A1,1,13065,-63.7,-87.3,-23.6,165.15,100,7981,16515,13654,20430,1150,461320389,1
2026-05-01T13:59:14.263,A1,1,13066,-63.3,-87.1,-23.7,177.65,92,10062,16344,12128,20252,1131,398727290,1
2026-05-01T13:59:14.323,A1,1,13067,-63.0,-87.4,-24.3,172.48,100,11057,17248,11652,22750,1187,481660866,1
2026-05-01T13:59:14.445,A1,1,13068,-63.2,-88.1,-24.9,144.4,96,4670,13862,16399,21029,1147,757376175,1
2026-05-01T13:59:14.564,A1,1,13069,-63.2,-88.9,-25.8,142.51,84,3590,11971,14853,19733,1110,515675687,1
2026-05-01T13:59:14.654,A1,1,13070,-63.0,-88.8,-25.8,152.14,96,5937,14605,12358,20638,1129,477143828,1
2026-05-01T13:59:14.804,A1,1,13071,-63.0,-87.3,-24.4,175.9,96,8301,16886,14132,22745,1183,440446100,1
2026-05-01T13:59:14.893,A1,1,13072,-63.4,-88.9,-25.5,140.24,84,4114,11780,13498,17499,1054,430206624,1
2026-05-01T13:59:14.984,A1,1,13073,-63.1,-88.9,-25.8,136.37,84,2010,11455,15930,20324,1124,395348321,1
2026-05-01T13:59:15.133,A1,1,13074,-62.2,-88.8,-26.6,154.05,92,4684,14173,12338,20337,1091,520612938,1
2026-05-01T13:59:15.193,A1,1,13075,-62.9,-88.2,-25.2,162.16,108,9980,17513,11106,23694,1206,398467288,1
2026-05-01T13:59:15.284,A1,1,13076,-63.0,-88.1,-25.1,167.92,92,3550,15449,15432,21438,1149,391543704,1
2026-05-01T13:59:15.403,A1,1,13077,-63.0,-88.2,-25.2,158.38,92,3583,14571,16187,21923,1164,412444719,1
2026-05-01T13:59:15.525,A1,1,13078,-62.6,-87.7,-25.1,174.73,96,8158,16774,13293,22631,1166,437667766,1
2026-05-01T13:59:15.644,A1,1,13079,-63.2,-88.7,-25.5,145.92,96,10837,14008,8098,18920,1088,408717515,1
2026-05-01T13:59:15.763,A1,1,13080,-63.4,-88.9,-25.4,175.68,80,8717,14054,9898,18918,1097,448416893,1
2026-05-01T13:59:15.883,A1,1,13081,-62.8,-86.9,-24.2,195.56,88,11458,17209,10608,21847,1152,466118575,1
2026-05-01T13:59:16.004,A1,1,13082,-63.5,-88.5,-25.0,170.0,88,3234,14960,16487,23506,1227,391142876,1
2026-05-01T13:59:16.064,A1,1,13083,-62.5,-87.9,-25.4,159.21,112,7819,17832,13605,24911,1218,476211650,1
2026-05-01T13:59:16.243,A1,1,13084,-63.1,-87.7,-24.5,181.46,96,11487,17420,10110,22328,1179,481334556,1
2026-05-01T13:59:16.302,A1,1,13085,-63.1,-88.2,-25.1,178.12,92,7438,16387,12266,20984,1142,402300899,1
2026-05-01T13:59:16.454,A1,1,13086,-63.4,-87.8,-24.4,186.27,84,9657,15647,11306,19188,1105,754781760,1
2026-05-01T13:59:16.543,A1,1,13087,-62.7,-85.7,-22.9,180.32,96,10578,17311,12020,20673,1119,453228297,1
2026-05-01T13:59:16.634,A1,1,13088,-63.1,-87.7,-24.6,182.18,84,5126,15303,16745,22631,1185,443565779,1
2026-05-01T13:59:16.722,A1,1,13089,-63.3,-86.5,-23.2,188.43,88,13660,16582,10132,21358,1162,410713113,1
2026-05-01T13:59:16.903,A1,1,13090,-63.6,-88.3,-24.7,174.43,80,10646,13954,10287,18109,1078,724431106,1
2026-05-01T13:59:16.935,A1,1,13091,-63.0,-88.3,-25.4,147.41,88,7114,12972,13109,18172,1058,397662441,1
2026-05-01T13:59:17.053,A1,1,13092,-63.4,-88.3,-25.0,164.2,80,11412,13136,8355,16796,1031,437461948,1
2026-05-01T13:59:17.175,A1,1,13093,-63.0,-87.6,-24.6,178.11,92,9119,16386,12381,21091,1141,438532411,1
2026-05-01T13:59:17.294,A1,1,13094,-63.0,-88.0,-25.1,148.95,96,5489,14299,16380,21751,1157,444248991,1
2026-05-01T13:59:25.362,A1,1,13095,-62.9,-88.8,-26.0,179.74,76,6902,13660,11161,18835,1074,750334162,1
2026-05-01T13:59:25.482,A1,1,13096,-63.5,-88.7,-25.2,149.74,92,2968,13776,15459,21378,1169,753208390,1
2026-05-01T13:59:25.575,A1,1,13097,-63.4,-88.3,-24.9,173.18,96,7738,16625,12022,21360,1164,407421832,1
2026-05-01T13:59:25.722,A1,1,13098,-63.6,-88.4,-24.8,164.07,96,4381,15751,17659,26284,1299,495407527,1
2026-05-01T13:59:25.814,A1,1,13099,-63.9,-88.1,-24.1,192.02,88,12957,16898,9495,22156,1207,438534066,1
2026-05-01T13:59:25.932,A1,1,13100,-62.8,-88.8,-26.0,125.59,92,2977,11554,14830,18954,1073,718566002,1
2026-05-01T13:59:26.022,A1,1,13101,-63.8,-87.9,-24.1,202.42,84,11757,17003,10214,21424,1182,392743496,1
2026-05-01T13:59:26.115,A1,1,13102,-63.4,-88.8,-25.5,140.25,92,4057,12903,12602,17299,1047,457198179,1
2026-05-01T13:59:26.264,A1,1,13103,-63.3,-88.6,-25.3,154.14,92,10242,14181,8850,18414,1077,730034819,1
2026-05-01T13:59:26.354,A1,1,13104,-63.1,-88.6,-25.4,159.37,84,11852,13387,7606,18267,1066,765024259,1
2026-05-01T13:59:26.472,A1,1,13105,-62.6,-87.8,-25.2,188.12,92,12018,17307,9819,23470,1187,514485367,1
2026-05-01T13:59:26.595,A1,1,13106,-63.4,-88.2,-24.8,190.45,92,11958,17521,9769,23720,1226,407899602,1
2026-05-01T13:59:26.685,A1,1,13107,-62.9,-89.1,-26.2,135.34,88,2958,11910,13422,18328,1061,460193787,1
2026-05-01T13:59:26.834,A1,1,13108,-63.1,-88.7,-25.6,140.47,96,3422,13485,16604,23692,1214,461473670,1
2026-05-01T13:59:26.923,A1,1,13109,-63.6,-88.5,-24.9,153.75,96,4527,14760,16854,24247,1251,385487162,1
2026-05-01T13:59:27.044,A1,1,13110,-63.6,-88.2,-24.6,188.71,92,8012,17361,13118,23145,1222,493556932,1
2026-05-01T13:59:27.140,A1,1,13111,-62.8,-87.8,-25.0,172.07,96,11082,16519,9763,21054,1134,457951308,1
2026-05-01T13:59:27.225,A1,1,13112,-63.3,-88.4,-25.2,177.95,80,11024,14236,8947,18847,1089,451607579,1
2026-05-01T13:59:27.373,A1,1,13113,-63.5,-88.2,-24.7,178.57,84,5394,15000,15544,21717,1178,729048509,1
2026-05-01T13:59:27.463,A1,1,13114,-63.2,-88.4,-25.3,170.49,88,7135,15003,11929,19531,1104,411097567,1
2026-05-01T13:59:27.583,A1,1,13115,-63.7,-87.1,-23.4,194.84,88,11558,17146,10964,21037,1169,435940701,1
2026-05-01T13:59:27.705,A1,1,13116,-63.2,-87.8,-24.6,172.18,96,5880,16529,16375,24088,1228,417613442,1
2026-05-01T13:59:27.823,A1,1,13117,-63.1,-87.6,-24.4,163.59,104,10675,17013,11251,21851,1167,495115656,1
2026-05-01T13:59:27.943,A1,1,13118,-63.5,-86.4,-22.9,183.9,92,12761,16919,10360,20653,1147,728259417,1
2026-05-01T13:59:28.063,A1,1,13119,-63.4,-88.7,-25.3,143.19,84,4709,12028,14645,18651,1089,434726521,1
2026-05-01T13:59:28.152,A1,1,13120,-63.2,-87.7,-24.4,189.23,88,11009,16652,10290,20831,1142,452235977,1
2026-05-01T13:59:28.273,A1,1,13121,-63.2,-87.7,-24.5,141.92,100,5043,14192,16864,21146,1150,392678095,1
2026-05-01T13:59:28.362,A1,1,13122,-63.4,-88.4,-25.0,143.6,88,5178,12637,15036,18935,1096,401067971,1
2026-05-01T13:59:28.513,A1,1,13123,-63.7,-87.9,-24.2,167.41,88,5041,14732,16572,21048,1166,461340486,1
2026-05-01T13:59:28.603,A1,1,13124,-63.7,-88.4,-24.6,162.11,88,11458,14266,9715,19033,1111,408720587,1
2026-05-01T13:59:28.695,A1,1,13125,-63.3,-88.5,-25.2,168.44,80,7397,13475,12090,18078,1068,459085372,1
2026-05-01T13:59:28.814,A1,1,13126,-63.2,-88.2,-25.0,167.52,96,8937,16082,11118,20386,1129,453436004,1
2026-05-01T13:59:28.903,A1,1,13127,-63.2,-87.4,-24.2,172.47,92,6901,15867,13880,20010,1118,452487532,1
2026-05-01T13:59:29.022,A1,1,13128,-63.4,-86.5,-23.0,185.08,92,11680,17027,11117,20596,1144,460240855,1
2026-05-01T13:59:29.084,A1,1,13129,-63.1,-87.0,-24.0,161.71,96,5967,15524,17074,22692,1186,476209308,1
2026-05-01T13:59:29.205,A1,1,13130,-63.3,-87.2,-23.9,179.82,88,7966,15824,13935,20251,1130,431800251,1
2026-05-01T13:59:29.322,A1,1,13131,-63.1,-88.3,-25.3,153.49,84,5763,12893,15874,20852,1137,451586069,1
2026-05-01T13:59:29.412,A1,1,13132,-62.1,-88.3,-26.1,148.17,112,5294,16595,16971,28725,1293,658259785,1
2026-05-01T13:59:29.533,A1,1,13133,-62.6,-88.7,-26.1,167.09,88,2947,14704,13550,21155,1127,440000258,1
2026-05-01T13:59:29.624,A1,1,13134,-62.7,-88.3,-25.7,175.47,96,6184,16845,13571,23926,1201,717743840,1
2026-05-01T13:59:29.714,A1,1,13135,-61.9,-87.6,-25.7,176.58,100,11817,17658,10379,25135,1201,442508523,1
2026-05-01T13:59:29.834,A1,1,13136,-62.8,-88.7,-25.9,149.49,96,3538,14351,14487,21831,1151,514474391,1
2026-05-01T13:59:29.953,A1,1,13137,-63.1,-88.2,-25.2,167.65,96,7410,16094,13210,21930,1166,407049708,1
2026-05-01T13:59:30.073,A1,1,13138,-63.4,-88.6,-25.2,154.89,88,2527,13630,15302,20269,1135,418770544,1
2026-05-01T13:59:30.194,A1,1,13139,-62.7,-88.2,-25.5,178.6,88,8939,15717,12078,21612,1145,422754946,1
2026-05-01T13:59:30.284,A1,1,13140,-63.0,-88.6,-25.6,145.78,92,2483,13412,15419,20860,1134,478295502,1
2026-05-01T13:59:30.403,A1,1,13141,-63.2,-88.4,-25.2,190.12,80,7987,15210,11012,19359,1101,387285282,1
2026-05-01T13:59:30.553,A1,1,13142,-62.9,-88.5,-25.6,139.62,92,4997,12845,14055,18936,1078,435322347,1
2026-05-01T13:59:30.643,A1,1,13143,-63.6,-87.8,-24.2,180.09,96,7492,17289,14375,22798,1213,727764406,1
2026-05-01T13:59:30.766,A1,1,13144,-62.8,-88.2,-25.4,157.75,96,10106,15144,10688,20363,1112,486714387,1
2026-05-01T13:59:30.884,A1,1,13145,-63.6,-88.6,-25.0,193.61,76,8390,14714,11323,19649,1124,430599335,1
2026-05-01T13:59:31.002,A1,1,13146,-63.7,-88.8,-25.1,137.68,96,5535,13217,13226,18654,1098,483676282,1
2026-05-01T13:59:31.124,A1,1,13147,-63.4,-86.9,-23.5,211.14,84,9895,17736,13055,22490,1196,554325329,1
2026-05-01T13:59:31.245,A1,1,13148,-63.4,-88.3,-24.9,174.92,84,11930,14693,9176,19718,1119,612016155,1
2026-05-01T13:59:31.363,A1,1,13149,-63.1,-88.3,-25.2,180.23,96,7726,17302,12568,23662,1213,477630808,1
2026-05-01T13:59:31.483,A1,1,13150,-63.3,-87.0,-23.7,180.6,96,11351,17338,11185,21707,1170,388918950,1
2026-05-01T13:59:31.573,A1,1,13151,-63.1,-86.4,-23.3,189.44,88,8854,16671,13904,20902,1141,396588526,1
2026-05-01T13:59:31.695,A1,1,13152,-63.1,-87.4,-24.3,182.89,88,10313,16094,12541,21330,1151,415405727,1
2026-05-01T13:59:31.815,A1,1,13153,-62.6,-88.2,-25.5,184.94,84,11054,15535,9563,20793,1119,522914391,1
2026-05-01T13:59:31.904,A1,1,13154,-63.1,-89.0,-25.9,132.16,88,4913,11630,13764,18772,1080,395740799,1
2026-05-01T13:59:32.023,A1,1,13155,-63.3,-88.8,-25.4,123.8,100,5177,12380,16639,22826,1201,408455775,1
2026-05-01T13:59:32.113,A1,1,13156,-63.1,-88.7,-25.6,170.7,84,9189,14339,10489,20081,1116,458843641,1
2026-05-01T13:59:32.205,A1,1,13157,-62.9,-86.8,-23.9,168.07,100,9100,16807,13235,21439,1147,463746429,1
2026-05-01T13:59:32.295,A1,1,13158,-63.2,-86.8,-23.6,180.09,100,10158,18009,13060,23351,1207,396412072,1
2026-05-01T13:59:32.414,A1,1,13159,-63.1,-87.9,-24.9,144.76,108,11653,15634,11272,21561,1157,395946672,1
2026-05-01T13:59:32.532,A1,1,13160,-63.6,-87.7,-24.2,164.66,96,7577,15807,15751,22518,1202,480199172,1
2026-05-01T13:59:32.623,A1,1,13161,-66.9,-87.3,-20.4,157.06,104,8559,16334,17577,20199,1279,400637115,1
2026-05-01T13:59:32.743,A1,1,13162,-63.3,-87.4,-24.1,174.53,96,12001,16755,10380,21488,1165,498386898,1
2026-05-01T13:59:32.864,A1,1,13163,-63.0,-87.4,-24.4,169.16,104,11605,17593,12077,24322,1226,414133171,1
2026-05-01T13:59:32.954,A1,1,13164,-62.6,-87.0,-24.3,156.44,108,7600,16896,16082,24664,1218,395022021,1
2026-05-01T13:59:33.073,A1,1,13165,-63.2,-88.4,-25.2,145.63,100,10267,14563,11548,20780,1140,435673856,1
2026-05-01T13:59:33.165,A1,1,13166,-63.3,-86.9,-23.6,170.0,100,7387,17000,16109,23490,1217,461657419,1
2026-05-01T13:59:33.283,A1,1,13167,-62.8,-88.0,-25.2,145.21,100,6499,14521,14165,19824,1097,444121210,1
2026-05-01T13:59:41.442,A1,1,13168,-63.6,-88.3,-24.7,177.12,84,5100,14878,18009,25255,1275,500070302,1
2026-05-01T13:59:41.593,A1,1,13169,-63.4,-86.9,-23.5,193.58,88,13221,17035,10087,21871,1180,414143022,1
2026-05-01T13:59:41.652,A1,1,13170,-63.3,-88.4,-25.1,181.98,84,9144,15286,11430,20703,1142,454415381,1
2026-05-01T13:59:41.774,A1,1,13171,-63.2,-88.1,-24.9,172.51,88,11090,15181,9620,19361,1101,456817092,1
2026-05-01T13:59:41.864,A1,1,13172,-63.3,-88.6,-25.3,162.46,80,5765,12997,13638,18799,1088,395057830,1
2026-05-01T13:59:41.982,A1,1,13173,-64.0,-88.3,-24.3,172.32,80,4952,13786,17297,21919,1203,736484345,1
2026-05-01T13:59:42.163,A1,1,13174,-63.2,-88.6,-25.5,161.06,80,5663,12885,13294,18438,1073,438717102,1
2026-05-01T13:59:42.222,A1,1,13175,-63.0,-87.6,-24.5,184.97,96,8823,17757,13655,24079,1221,419538911,1
2026-05-01T13:59:42.345,A1,1,13176,-63.5,-88.2,-24.7,171.77,88,4885,15116,15219,21010,1160,482847069,1
2026-05-01T13:59:42.433,A1,1,13177,-63.4,-88.0,-24.6,190.08,84,11571,15967,10070,20630,1145,400711740,1
2026-05-01T13:59:42.552,A1,1,13178,-63.5,-88.5,-25.0,164.25,88,6294,14454,13162,19439,1115,435206802,1
2026-05-01T13:59:42.672,A1,1,13179,-62.7,-88.6,-25.9,133.42,96,4256,12808,14748,20043,1102,387137958,1
2026-05-01T13:59:42.763,A1,1,13180,-63.2,-86.4,-23.2,181.34,96,12731,17409,10848,22106,1177,394919355,1
2026-05-01T13:59:42.884,A1,1,13181,-63.1,-87.1,-24.0,182.74,96,12343,17543,10431,22802,1189,484589998,1
2026-05-01T13:59:43.003,A1,1,13182,-63.7,-88.0,-24.3,174.54,100,7616,17454,15159,24416,1257,477360793,1
2026-05-01T13:59:43.122,A1,1,13183,-63.2,-88.1,-25.0,188.93,76,5679,14359,16834,22782,1193,420155237,1
2026-05-01T13:59:43.212,A1,1,13184,-63.7,-88.3,-24.5,181.19,84,5209,15220,15301,21343,1177,454952934,1
2026-05-01T13:59:43.333,A1,1,13185,-63.6,-87.3,-23.7,176.16,96,13156,16911,9937,21829,1186,408098181,1
2026-05-01T13:59:43.454,A1,1,13186,-63.7,-86.9,-23.2,179.97,92,13241,16557,10006,20834,1162,485212912,1
2026-05-01T13:59:43.572,A1,1,13187,-63.7,-88.1,-24.5,169.29,96,10247,16252,12401,22073,1195,476653597,1
2026-05-01T13:59:43.693,A1,1,13188,-63.5,-88.5,-25.0,153.16,88,4939,13478,15985,21367,1170,413761846,1
2026-05-01T13:59:43.783,A1,1,13189,-62.9,-87.5,-24.5,155.43,104,8959,16165,13280,21524,1150,454821042,1
2026-05-01T13:59:43.874,A1,1,13190,-63.2,-88.0,-24.8,189.35,88,10418,16663,11081,21627,1163,760575200,1
2026-05-01T13:59:43.994,A1,1,13191,-63.7,-87.2,-23.5,185.91,88,11448,16360,10842,20002,1139,457436224,1
2026-05-01T13:59:44.112,A1,1,13192,-63.6,-88.0,-24.5,170.01,100,5965,17001,16510,24756,1260,477211754,1
2026-05-01T13:59:44.202,A1,1,13193,-63.4,-88.5,-25.1,191.14,80,7534,15291,11868,20211,1133,465044596,1
2026-05-01T13:59:44.293,A1,1,13194,-63.4,-88.5,-25.2,159.74,88,7021,14057,13324,20023,1126,438652745,1
2026-05-01T13:59:44.415,A1,1,13195,-62.9,-87.6,-24.6,173.0,100,9160,17300,13222,23362,1197,762346283,1
2026-05-01T13:59:44.504,A1,1,13196,-64.1,-87.2,-23.1,188.33,88,11636,16573,10415,19459,1140,453843973,1
2026-05-01T13:59:44.592,A1,1,13197,-63.3,-88.1,-24.7,175.39,84,6607,14733,14149,19565,1112,440155016,1
2026-05-01T13:59:44.712,A1,1,13198,-64.3,-88.0,-23.7,161.27,100,5048,16127,17397,23083,1250,478217217,1
2026-05-01T13:59:44.833,A1,1,13199,-64.0,-88.1,-24.1,167.76,84,4428,14092,17013,20927,1178,485475841,1
2026-05-01T13:59:44.955,A1,1,13200,-63.7,-87.9,-24.3,180.38,84,6403,15152,15014,20232,1143,430639283,1
2026-05-01T13:59:45.104,A1,1,13201,-63.3,-87.8,-24.6,165.97,92,8328,15269,13889,20616,1138,394483101,1
2026-05-01T13:59:45.193,A1,1,13202,-63.3,-86.8,-23.5,190.98,88,12767,16806,9849,20979,1151,477708085,1
2026-05-01T13:59:45.282,A1,1,13203,-63.0,-87.5,-24.5,189.53,92,6796,17437,15650,24731,1234,458113469,1
2026-05-01T13:59:45.433,A1,1,13204,-63.7,-88.1,-24.4,172.26,96,11128,16537,9991,20729,1160,426427376,1
2026-05-01T13:59:45.494,A1,1,13205,-62.8,-88.0,-25.3,145.04,100,3574,14504,16952,22455,1168,553808577,1
2026-05-01T13:59:45.614,A1,1,13206,-63.5,-88.4,-24.9,157.48,96,10788,15118,9290,19610,1120,434929049,1
2026-05-01T13:59:45.702,A1,1,13207,-63.3,-87.5,-24.3,170.72,96,10631,16389,11326,20800,1144,394252132,1
2026-05-01T13:59:45.793,A1,1,13208,-63.5,-87.1,-23.6,153.45,108,9849,16573,12554,20598,1148,453976933,1
2026-05-01T13:59:45.913,A1,1,13209,-63.7,-87.1,-23.4,185.3,92,10909,17048,11700,20924,1166,396979987,1
2026-05-01T13:59:46.034,A1,1,13210,-63.5,-88.2,-24.7,193.89,84,11488,16287,9177,20849,1154,508043890,1
2026-05-01T13:59:46.154,A1,1,13211,-63.7,-88.4,-24.7,144.52,96,3590,13874,16608,21675,1187,398470908,1
2026-05-01T13:59:46.272,A1,1,13212,-63.8,-87.1,-23.3,197.57,84,12909,16596,9865,20603,1160,395577359,1
2026-05-01T13:59:46.393,A1,1,13213,-64.2,-87.4,-23.2,197.17,84,8382,16562,13196,19659,1150,725317812,1
2026-05-01T13:59:46.514,A1,1,13214,-65.2,-88.9,-23.7,158.23,84,2760,13291,14986,18421,1150,442558783,1
2026-05-01T13:59:46.634,A1,1,13215,-63.8,-88.7,-24.8,123.26,116,11150,14298,9255,19580,1132,413588750,1
2026-05-01T13:59:46.722,A1,1,13216,-63.3,-88.9,-25.6,137.44,88,3678,12095,14140,18679,1086,413586028,1
2026-05-01T13:59:46.843,A1,1,13217,-63.0,-88.4,-25.3,155.09,96,9998,14889,10656,20263,1120,436192927,1
2026-05-01T13:59:46.964,A1,1,13218,-63.2,-88.2,-25.1,174.25,88,11066,15334,10204,20692,1138,763060312,1
2026-05-01T13:59:47.052,A1,1,13219,-63.6,-88.5,-24.9,128.78,132,8503,16999,12398,23615,1232,464517729,1
2026-05-01T13:59:47.169,A1,1,13220,-63.4,-88.5,-25.1,156.11,84,5281,13113,14178,18644,1088,522522733,1
2026-05-01T13:59:47.263,A1,1,13221,-62.9,-87.1,-24.2,181.31,96,7881,17406,15858,24974,1238,589414212,1
2026-05-01T13:59:47.352,A1,1,13222,-62.4,-86.9,-24.4,153.21,112,10767,17159,12814,23696,1186,395463401,1
2026-05-01T13:59:47.474,A1,1,13223,-62.9,-87.4,-24.5,174.77,100,10187,17477,12809,23837,1209,393743775,1
2026-05-01T13:59:47.593,A1,1,13224,-62.6,-87.5,-24.9,178.5,92,8694,16422,14500,23693,1191,419506168,1
2026-05-01T13:59:47.684,A1,1,13225,-63.2,-88.8,-25.7,148.98,96,8704,14302,10093,19654,1108,407917158,1
2026-05-01T13:59:47.773,A1,1,13226,-62.6,-87.8,-25.2,168.3,92,8349,15484,12662,20397,1107,451777322,1
2026-05-01T13:59:47.923,A1,1,13227,-63.2,-88.1,-24.9,149.77,92,5058,13779,17475,22717,1194,425350839,1
2026-05-01T13:59:48.013,A1,1,13228,-63.5,-87.2,-23.7,165.44,100,7145,16544,15585,22239,1193,446745079,1
2026-05-01T13:59:48.104,A1,1,13229,-63.2,-87.0,-23.8,154.05,108,7734,16637,17503,25340,1261,472273391,1
2026-05-01T13:59:48.253,A1,1,13230,-63.0,-88.2,-25.2,158.58,88,12215,13955,9460,19493,1098,740316618,1
2026-05-01T13:59:48.342,A1,1,13231,-62.6,-86.2,-23.6,152.45,112,13124,17074,10123,22010,1151,395145299,1
2026-05-01T13:59:48.433,A1,1,13232,-63.2,-85.3,-22.1,173.65,96,11217,16670,11833,19053,1092,440698078,1
2026-05-01T13:59:48.585,A1,1,13233,-63.5,-87.8,-24.3,143.92,120,8353,17270,12671,21561,1175,715816994,1
2026-05-01T13:59:48.643,A1,1,13234,-63.0,-88.3,-25.3,171.66,100,7377,17166,12904,23619,1207,393713130,1
2026-05-01T13:59:48.765,A1,1,13235,-62.9,-88.2,-25.3,164.8,108,11134,17798,10905,25444,1248,398487878,1
2026-05-01T13:59:48.882,A1,1,13236,-62.9,-88.1,-25.1,176.3,92,8690,16220,12473,21652,1154,732937317,1
2026-05-01T13:59:49.003,A1,1,13237,-63.2,-88.1,-24.9,162.15,92,3776,14918,16751,22385,1184,450625666,1
2026-05-01T13:59:49.094,A1,1,13238,-63.5,-88.5,-25.1,164.98,84,6959,13858,12282,18403,1083,716947259,1
2026-05-01T13:59:49.213,A1,1,13239,-63.2,-87.7,-24.6,226.09,76,10033,17183,11351,21840,1168,452848928,1
2026-05-01T13:59:49.303,A1,1,13240,-63.4,-88.3,-24.9,149.17,92,2323,13724,16556,20925,1151,453901326,1
2026-05-01T13:59:49.393,A1,1,13241,-63.8,-86.5,-22.6,187.09,92,11507,17212,10556,19680,1135,459098521,1
2026-05-01T13:59:49.512,A1,1,13242,-63.9,-88.1,-24.1,164.02,96,3544,15746,16666,22108,1207,412228608,1
2026-05-01T13:59:49.634,A1,1,13243,-63.6,-88.9,-25.3,139.42,88,2559,12269,14163,18090,1080,448543692,1
2026-05-01T13:59:49.724,A1,1,13244,-63.4,-88.3,-24.9,164.83,92,4373,15164,14319,20149,1130,457119303,1
2026-05-01T13:59:49.843,A1,1,13245,-63.6,-87.9,-24.4,177.71,92,9457,16349,11349,19929,1132,433482789,1
2026-05-01T13:59:49.963,A1,1,13246,-62.6,-88.7,-26.1,146.35,96,8056,14050,11628,20441,1107,455999827,1
2026-05-01T13:59:50.053,A1,1,13247,-63.4,-88.9,-25.4,156.34,88,10554,13758,8074,18605,1088,446929598,1
2026-05-01T13:59:50.172,A1,1,13248,-63.0,-88.7,-25.8,159.67,88,8734,14051,10334,19419,1094,732006118,1
2026-05-01T13:59:50.323,A1,1,13249,-63.4,-88.8,-25.3,142.83,96,3153,13712,15110,21122,1159,450049991,1
2026-05-01T13:59:50.413,A1,1,13250,-63.0,-88.4,-25.4,154.22,100,8319,15422,11551,20584,1128,452149659,1
2026-05-01T13:59:50.533,A1,1,13251,-63.0,-88.4,-25.4,175.02,100,9772,17502,10604,24410,1229,469392976,1
2026-05-01T13:59:50.654,A1,1,13252,-63.6,-88.8,-25.2,161.46,92,9119,14854,10092,19849,1130,468620371,1
2026-05-01T13:59:50.744,A1,1,13253,-63.4,-88.4,-25.0,141.48,104,4231,14714,16501,23076,1210,392192834,1
2026-05-01T13:59:50.864,A1,1,13254,-63.4,-88.4,-25.0,199.79,80,9756,15983,10189,20880,1151,455149221,1
2026-05-01T13:59:50.953,A1,1,13255,-62.7,-88.8,-26.0,152.72,88,4275,13439,13331,19631,1090,568380151,1
2026-05-01T13:59:51.073,A1,1,13256,-63.4,-88.1,-24.7,167.79,96,9657,16108,13590,22802,1201,500704343,1
2026-05-01T13:59:51.194,A1,1,13257,-63.5,-88.8,-25.2,132.29,92,3182,12171,16888,21817,1182,680338264,1
2026-05-01T13:59:51.282,A1,1,13258,-62.5,-88.2,-25.7,143.71,104,11311,14946,9601,20490,1104,410161794,1
2026-05-01T13:59:51.404,A1,1,13259,-63.1,-88.5,-25.4,172.82,88,10031,15208,9409,19982,1115,452338024,1
2026-05-01T13:59:51.554,A1,1,13260,-63.3,-88.6,-25.3,149.86,100,2581,14986,16161,23657,1222,476888765,1
2026-05-01T13:59:51.643,A1,1,13261,-72.6,-88.2,-15.7,152.43,88,7211,13414,13362,9575,1070,412276067,1
2026-05-01T13:59:51.764,A1,1,13262,-63.6,-87.3,-23.7,182.35,92,9531,16776,12875,21121,1167,409286141,1
2026-05-01T13:59:51.885,A1,1,13263,-63.2,-88.2,-25.0,162.15,84,5855,13621,15868,20835,1143,727677586,1
2026-05-01T13:59:52.002,A1,1,13264,-62.6,-88.1,-25.6,137.77,100,9256,13777,14187,21697,1140,464522984,1
2026-05-01T13:59:52.093,A1,1,13265,-62.6,-88.3,-25.6,168.33,100,7724,16833,17342,30262,1350,461996568,1
2026-05-01T13:59:52.213,A1,1,13266,-62.3,-88.2,-25.9,168.47,100,6724,16847,15728,27361,1270,456130995,1
2026-05-01T13:59:52.331,A1,1,13267,-62.5,-88.0,-25.5,152.25,112,8407,17052,13512,24148,1199,472255206,1
2026-05-01T13:59:52.424,A1,1,13268,-63.1,-88.3,-25.2,144.41,92,6562,13286,17362,23848,1218,469498200,1
2026-05-01T13:59:52.513,A1,1,13269,-62.6,-88.5,-26.0,150.6,104,9710,15662,10663,22665,1166,437295471,1
2026-05-01T13:59:52.632,A1,1,13270,-63.0,-88.9,-25.9,158.22,88,8661,13923,10605,20187,1116,483646898,1
2026-05-01T13:59:52.722,A1,1,13271,-62.7,-88.2,-25.5,167.36,100,8991,16736,11421,22378,1162,458357480,1
2026-05-01T13:59:52.847,A1,1,13272,-63.4,-88.4,-25.0,117.02,104,7709,12170,16712,22352,1190,472665304,1
2026-05-01T13:59:52.964,A1,1,13273,-63.3,-88.6,-25.3,137.2,92,4853,12622,17186,23002,1203,759530432,1
2026-05-01T13:59:53.082,A1,1,13274,-63.2,-87.9,-24.6,122.8,132,5532,16210,16750,24005,1227,519014481,1
2026-05-01T13:59:53.174,A1,1,13275,-63.1,-88.0,-24.9,148.27,112,5575,16606,17185,25619,1263,491773310,1
2026-05-01T13:59:53.294,A1,1,13276,-63.5,-88.3,-24.8,168.6,92,10001,15511,9278,19101,1104,477363470,1
2026-05-01T13:59:53.415,A1,1,13277,-63.2,-89.0,-25.8,154.63,84,3385,12989,13031,18736,1083,478675962,1
2026-05-01T13:59:53.534,A1,1,13278,-63.6,-88.7,-25.1,147.03,92,10968,13527,8494,17975,1075,396618396,1
2026-05-01T13:59:53.653,A1,1,13279,-62.9,-88.3,-25.4,146.94,96,3276,14106,16317,22035,1163,393489213,1
2026-05-01T13:59:53.803,A1,1,13280,-62.9,-87.3,-24.4,187.21,92,8469,17223,13162,22344,1170,445555580,1
2026-05-01T13:59:53.864,A1,1,13281,-62.6,-88.8,-26.2,137.81,88,3796,12127,13233,17993,1039,549031144,1
2026-05-01T13:59:53.984,A1,1,13282,-62.9,-88.1,-25.2,160.36,104,9720,16677,11116,22039,1162,390684894,1
2026-05-01T13:59:54.103,A1,1,13283,-63.3,-88.3,-25.0,153.81,100,9881,15381,10504,20201,1129,484075883,1
2026-05-01T13:59:54.192,A1,1,13284,-63.2,-88.3,-25.1,163.89,100,7857,16389,12280,21981,1174,456857715,1
2026-05-01T13:59:54.314,A1,1,13285,-63.2,-88.1,-24.9,169.56,96,10878,16278,10625,21267,1153,419000831,1
2026-05-01T13:59:54.433,A1,1,13286,-63.2,-88.6,-25.5,148.01,96,6919,14209,12498,19823,1112,434166211,1
2026-05-01T13:59:54.523,A1,1,13287,-63.0,-88.9,-25.9,115.53,96,2670,11091,15072,18911,1082,450876816,1
2026-05-01T13:59:54.642,A1,1,13288,-63.3,-88.3,-25.0,132.19,128,8834,16920,11659,22636,1195,761595372,1
2026-05-01T13:59:54.702,A1,1,13289,-63.0,-88.2,-25.2,177.46,96,9144,17036,11145,22399,1176,386639135,1
2026-05-01T13:59:54.823,A1,1,13290,-63.2,-87.9,-24.7,177.55,100,11969,17755,10277,23745,1220,426849556,1
2026-05-01T13:59:54.942,A1,1,13291,-62.9,-88.4,-25.5,167.02,104,7991,17370,12163,24177,1217,498108122,1
2026-05-01T13:59:55.033,A1,1,13292,-62.9,-88.6,-25.7,163.79,92,7602,15069,11672,21110,1138,463881331,1
2026-05-01T13:59:55.153,A1,1,13293,-62.8,-88.5,-25.7,181.96,96,6539,17468,13043,25305,1242,433150049,1
2026-05-01T13:59:55.273,A1,1,13294,-62.6,-88.2,-25.6,143.79,116,6842,16680,14327,24408,1212,415757109,1
2026-05-01T13:59:55.362,A1,1,13295,-63.4,-88.3,-24.9,172.59,96,5839,16569,15509,24533,1246,440670934,1
2026-05-01T13:59:55.483,A1,1,13296,-62.7,-88.3,-25.6,148.93,108,9447,16084,10964,22131,1157,392669463,1
2026-05-01T13:59:55.577,A1,1,13297,-63.2,-88.9,-25.8,115.81,88,7166,10191,15261,20483,1131,457259465,1
2026-05-01T13:59:55.693,A1,1,13298,-63.1,-88.2,-25.1,181.68,92,8774,16715,12834,23456,1208,405425518,1
2026-05-01T13:59:55.783,A1,1,13299,-63.0,-88.5,-25.4,142.19,108,6887,15357,12423,20811,1135,757924531,1
2026-05-01T13:59:55.902,A1,1,13300,-62.6,-88.5,-25.9,158.65,92,9956,14596,9269,19658,1085,392142561,1
2026-05-01T13:59:56.026,A1,1,13301,-63.5,-88.4,-24.8,168.17,88,7361,14799,12959,19827,1126,473590778,1
2026-05-01T13:59:56.114,A1,1,13302,-63.4,-88.1,-24.7,159.91,100,5310,15991,17117,24539,1249,422827152,1
2026-05-01T13:59:56.265,A1,1,13303,-63.6,-89.0,-25.4,167.22,76,3511,12709,13185,17823,1071,437382619,1
2026-05-01T13:59:56.383,A1,1,13304,-63.5,-88.4,-24.9,173.93,88,5127,15306,14467,21343,1168,413327943,1
2026-05-01T13:59:56.504,A1,1,13305,-63.4,-88.7,-25.3,178.15,84,2972,14965,16542,24888,1257,432759881,1
2026-05-01T13:59:56.624,A1,1,13306,-63.3,-89.0,-25.7,174.46,80,3556,13957,12796,19812,1117,473517565,1
2026-05-01T13:59:56.743,A1,1,13307,-63.3,-88.5,-25.3,141.1,96,3353,13546,17838,24457,1240,406159639,1
2026-05-01T13:59:56.862,A1,1,13308,-62.7,-88.7,-25.9,171.09,88,5610,15056,12656,21381,1139,399241848,1
2026-05-01T13:59:56.953,A1,1,13309,-63.3,-88.2,-24.9,185.47,92,10715,17063,10556,22837,1198,463117682,1
2026-05-01T13:59:57.045,A1,1,13310,-63.4,-88.1,-24.7,169.67,104,11189,17646,10828,23612,1225,559264298,1
2026-05-01T13:59:57.164,A1,1,13311,-63.0,-88.6,-25.5,178.72,88,8725,15727,10302,20954,1139,706600727,1
2026-05-01T13:59:57.282,A1,1,13312,-63.8,-88.4,-24.6,156.73,92,4263,14419,16308,21850,1196,461728973,1
2026-05-01T13:59:57.373,A1,1,13313,-63.1,-88.2,-25.1,172.4,88,7729,15171,12953,20318,1125,409194882,1
2026-05-01T13:59:57.554,A1,1,13314,-62.9,-88.3,-25.3,130.39,112,6176,14604,17054,24805,1234,450519607,1
2026-05-01T13:59:57.586,A1,1,13315,-62.5,-88.2,-25.8,182.23,96,8261,17494,12235,24585,1210,758813154,1
2026-05-01T13:59:57.792,A1,1,13316,-63.0,-88.5,-25.5,137.22,96,3945,13173,16337,22046,1168,433554332,1
2026-05-01T13:59:57.793,A1,1,13317,-63.0,-89.1,-26.0,138.68,88,1665,12204,14280,19474,1097,394055428,1
2026-05-01T13:59:57.913,A1,1,13318,-63.4,-88.5,-25.2,166.11,88,9594,14618,10662,19841,1121,760224297,1
2026-05-01T13:59:58.002,A1,1,13319,-63.1,-87.5,-24.4,170.0,96,11683,16320,9894,20613,1133,713621336,1
2026-05-01T13:59:58.123,A1,1,13320,-63.6,-88.5,-24.9,154.83,84,2472,13006,15634,19469,1120,490446036,1
2026-05-01T13:59:58.213,A1,1,13321,-63.0,-87.1,-24.0,187.66,92,8795,17265,13136,21990,1166,625231773,1
2026-05-01T13:59:58.333,A1,1,13322,-63.2,-88.4,-25.2,181.5,88,9596,15972,10151,20857,1144,447510363,1
2026-05-01T13:59:58.422,A1,1,13323,-63.2,-88.5,-25.3,153.55,96,8745,14741,12244,20969,1145,406174733,1
2026-05-01T13:59:58.545,A1,1,13324,-63.5,-87.6,-24.0,167.9,100,6628,16790,15109,22253,1194,413785390,1
2026-05-01T13:59:58.663,A1,1,13325,-63.6,-88.7,-25.1,140.25,92,3123,12903,16346,21396,1172,429594999,1
2026-05-01T13:59:58.782,A1,1,13326,-63.4,-88.2,-24.8,169.89,96,5450,16309,14880,22564,1197,410988220,1
2026-05-01T13:59:58.873,A1,1,13327,-63.3,-88.7,-25.4,151.96,92,10872,13980,8582,19210,1099,438046298,1
2026-05-01T13:59:58.993,A1,1,13328,-62.6,-88.7,-26.1,146.77,100,7448,14677,11876,21226,1129,390192498,1
2026-05-01T13:59:59.087,A1,1,13329,-62.7,-87.7,-25.0,152.99,108,6694,16523,16927,26010,1252,471611600,1
2026-05-01T13:59:59.203,A1,1,13330,-63.2,-87.9,-24.7,172.26,92,11955,15848,9395,20224,1127,754236383,1
2026-05-01T13:59:59.322,A1,1,13331,-63.5,-87.7,-24.2,181.33,100,11165,18133,12010,24301,1245,731252136,1
2026-05-01T13:59:59.442,A1,1,13332,-63.4,-88.3,-24.8,180.57,84,11151,15168,9705,19895,1125,489035669,1
2026-05-01T13:59:59.566,A1,1,13333,-63.6,-87.7,-24.1,190.78,88,8906,16789,13010,21361,1172,434186854,1
2026-05-01T13:59:59.684,A1,1,13334,-62.7,-88.3,-25.6,159.07,104,7293,16543,13944,24668,1222,427692411,1
2026-05-01T13:59:59.802,A1,1,13335,-63.6,-88.7,-25.1,128.28,100,3620,12828,17591,23502,1229,428833665,1
2026-05-01T13:59:59.923,A1,1,13336,-63.4,-88.3,-24.9,149.59,104,5170,15557,15730,22876,1205,426260539,1
2026-05-01T14:00:00.042,A1,1,13337,-62.7,-88.8,-26.1,125.75,100,3275,12575,16212,22742,1171,434430059,1
2026-05-01T14:00:00.162,A1,1,13338,-63.4,-88.4,-25.0,168.84,96,8888,16209,11249,21315,1162,433425884,1
2026-05-01T14:00:00.252,A1,1,13339,-63.5,-87.6,-24.1,194.55,84,10747,16342,11374,20663,1149,391974820,1
2026-05-01T14:00:00.372,A1,1,13340,-63.4,-88.1,-24.6,161.44,104,7904,16790,13446,22250,1190,456820219,1
2026-05-01T14:00:00.492,A1,1,13341,-63.0,-88.2,-25.2,167.52,104,8570,17422,12682,24169,1220,427143342,1
2026-05-01T14:00:00.614,A1,1,13342,-62.9,-88.1,-25.2,160.29,100,11518,16029,9477,21276,1143,431466763,1
2026-05-01T14:00:00.734,A1,1,13343,-62.8,-88.3,-25.5,154.78,96,9877,14859,11448,20949,1129,487775491,1
2026-05-01T14:00:00.824,A1,1,13344,-62.9,-88.0,-25.1,174.84,96,11862,16785,9984,22539,1177,654512628,1
2026-05-01T14:00:00.944,A1,1,13345,-63.3,-88.1,-24.8,194.77,88,7964,17140,14107,23745,1222,564196605,1
2026-05-01T14:00:01.062,A1,1,13346,-63.2,-88.1,-24.8,147.21,112,6507,16487,16567,25299,1260,420462108,1
2026-05-01T14:00:01.152,A1,1,13347,-62.5,-88.0,-25.6,160.07,96,11887,15367,8998,20495,1104,388650922,1
2026-05-01T14:00:01.272,A1,1,13348,-63.2,-88.1,-24.9,153.01,100,6348,15301,16113,23232,1205,487671111,1
2026-05-01T14:00:01.363,A1,1,13349,-63.4,-87.9,-24.5,172.79,100,11028,17279,11571,22900,1207,446144809,1
2026-05-01T14:00:01.482,A1,1,13350,-63.5,-86.9,-23.4,135.86,124,11664,16847,11678,21327,1169,425900180,1
2026-05-01T14:00:01.603,A1,1,13351,-63.1,-88.6,-25.4,133.39,100,4996,13339,14334,19732,1109,434140427,1
2026-05-01T14:00:01.694,A1,1,13352,-63.5,-88.1,-24.6,162.31,96,6457,15582,16732,23823,1234,454772995,1
2026-05-01T14:00:01.814,A1,1,13353,-63.5,-88.3,-24.8,134.39,108,6085,14514,16328,22695,1205,563953236,1
2026-05-01T14:00:01.933,A1,1,13354,-63.4,-87.5,-24.0,166.07,100,8492,16607,13689,21469,1169,481241055,1
2026-05-01T14:00:02.053,A1,1,13355,-63.3,-88.1,-24.8,177.43,92,9516,16324,12775,22526,1192,681848936,1
2026-05-01T14:00:02.143,A1,1,13356,-62.6,-87.6,-24.9,173.1,100,10201,17310,13191,24623,1218,388426506,1
2026-05-01T14:00:02.294,A1,1,13357,-63.2,-88.5,-25.3,147.09,96,10723,14121,10249,19828,1113,475217664,1
2026-05-01T14:00:02.384,A1,1,13358,-63.2,-88.7,-25.5,163.36,88,5913,14376,12713,19849,1115,407396466,1
2026-05-01T14:00:02.473,A1,1,13359,-63.2,-88.1,-24.9,161.44,108,8736,17435,12166,23045,1200,397227061,1
2026-05-01T14:00:02.592,A1,1,13360,-63.5,-88.7,-25.2,163.2,88,9843,14362,11202,20984,1159,695589935,1
2026-05-01T14:00:02.714,A1,1,13361,-63.2,-87.9,-24.7,183.6,92,12535,16891,9585,22492,1186,407139115,1
2026-05-01T14:00:02.803,A1,1,13362,-63.1,-88.0,-24.9,186.18,92,10194,17129,10882,22071,1173,463546564,1
2026-05-01T14:00:02.893,A1,1,13363,-62.9,-88.5,-25.5,128.9,100,6299,12890,17235,24093,1217,406926875,1
2026-05-01T14:00:03.043,A1,1,13364,-62.5,-88.4,-25.9,157.49,92,9898,14489,11684,21709,1136,430099345,1
2026-05-01T14:00:03.103,A1,1,13365,-62.6,-88.5,-25.9,143.5,96,6853,13776,12814,19973,1097,719741328,1
2026-05-01T14:00:03.253,A1,1,13366,-63.2,-88.7,-25.5,148.03,88,5814,13027,13564,19188,1096,390161025,1
2026-05-01T14:00:03.344,A1,1,13367,-63.5,-88.7,-25.3,149.76,92,11079,13778,9067,19383,1112,486045736,1
2026-05-01T14:00:03.465,A1,1,13368,-63.1,-87.9,-24.7,168.79,104,9462,17554,13676,24604,1238,475936847,1
2026-05-01T14:00:03.552,A1,1,13369,-62.8,-87.7,-24.9,143.28,112,6937,16047,16915,25217,1239,406566293,1
2026-05-01T14:00:03.673,A1,1,13370,-62.6,-88.0,-25.5,168.93,104,9555,17569,12284,24613,1214,415251402,1
2026-05-01T14:00:03.762,A1,1,13371,-62.4,-88.1,-25.7,142.38,104,7785,14808,13867,21665,1132,452453531,1
2026-05-01T14:00:03.883,A1,1,13372,-62.9,-88.3,-25.4,131.75,100,6368,13175,17123,23588,1204,391645418,1
2026-05-01T14:00:04.002,A1,1,13373,-62.8,-88.3,-25.5,139.67,96,6226,13408,15944,22083,1160,421982841,1
2026-05-01T14:00:04.124,A1,1,13374,-63.4,-88.6,-25.2,156.0,92,10715,14352,10628,21019,1155,418108322,1
2026-05-01T14:00:04.242,A1,1,13375,-63.2,-88.7,-25.5,141.43,92,6647,13012,13360,19481,1105,405713955,1
2026-05-01T14:00:04.337,A1,1,13376,-63.4,-88.1,-24.7,185.46,92,9296,17062,12105,22491,1195,449234847,1
2026-05-01T14:00:04.424,A1,1,13377,-63.4,-88.2,-24.8,135.12,104,7122,14052,17441,24235,1239,410858487,1
2026-05-01T14:00:04.543,A1,1,13378,-62.8,-88.1,-25.3,144.28,104,6603,15005,16345,23775,1205,439007180,1
2026-05-01T14:00:04.663,A1,1,13379,-63.0,-88.0,-25.0,169.09,100,8187,16909,13059,22681,1184,421377807,1
2026-05-01T14:00:04.783,A1,1,13380,-62.9,-88.3,-25.3,138.99,100,6638,13899,17009,24103,1217,455620618,1
2026-05-01T14:00:04.872,A1,1,13381,-63.0,-88.5,-25.5,146.1,100,11341,14610,8822,20373,1123,516819663,1
2026-05-01T14:00:04.994,A1,1,13382,-63.4,-88.6,-25.2,173.3,88,9966,15250,10680,21248,1161,463556589,1
2026-05-01T14:00:05.173,A1,1,13383,-63.0,-88.0,-25.1,174.24,96,8927,16727,13349,23303,1198,745725351,1
2026-05-01T14:00:05.263,A1,1,13384,-63.2,-88.2,-24.9,133.36,112,6847,14936,17643,25527,1266,498240667,1
2026-05-01T14:00:05.322,A1,1,13385,-62.4,-87.6,-25.2,167.31,104,8167,17400,14800,25572,1232,547595335,1
2026-05-01T14:00:05.443,A1,1,13386,-63.3,-88.5,-25.2,167.0,84,5762,14028,13952,20152,1127,451954637,1
2026-05-01T14:00:05.534,A1,1,13387,-63.0,-88.1,-25.1,161.31,108,7519,17421,16043,27063,1292,654038805,1
2026-05-01T14:00:05.622,A1,1,13388,-63.2,-88.7,-25.5,152.87,84,5214,12841,14168,19608,1109,496550547,1
2026-05-01T14:00:05.712,A1,1,13389,-63.2,-88.8,-25.6,158.17,88,5144,13919,12839,19663,1108,447806302,1
2026-05-01T14:00:05.864,A1,1,13390,-63.2,-89.0,-25.7,159.86,84,5157,13428,12552,19201,1097,432093325,1
2026-05-01T14:00:05.955,A1,1,13391,-63.0,-87.9,-24.8,182.17,92,11638,16760,10111,21987,1167,760107360,1
2026-05-01T14:00:06.044,A1,1,13392,-62.9,-89.0,-26.1,149.69,96,7460,14370,11665,21729,1156,707162296,1
2026-05-01T14:00:06.162,A1,1,13393,-63.4,-88.2,-24.8,170.33,100,9397,17033,11474,22380,1190,421192426,1
2026-05-01T14:00:06.282,A1,1,13394,-63.5,-88.1,-24.6,173.29,96,7408,16636,13041,21318,1167,451357705,1
2026-05-01T14:00:06.373,A1,1,13395,-63.5,-88.2,-24.8,159.79,96,12033,15340,8821,20124,1133,437621146,1
2026-05-01T14:00:06.494,A1,1,13396,-63.2,-87.5,-24.3,187.91,88,11059,16536,10824,20899,1144,417057183,1
2026-05-01T14:00:06.614,A1,1,13397,-64.0,-86.7,-22.8,151.13,112,12032,16927,10836,20154,1153,425818093,1
2026-05-01T14:00:06.732,A1,1,13398,-63.6,-88.0,-24.4,176.67,92,8988,16254,12338,20438,1147,409978672,1
2026-05-01T14:00:06.852,A1,1,13399,-64.0,-87.1,-23.1,186.4,92,11698,17149,10667,20523,1166,421063459,1
2026-05-01T14:00:06.942,A1,1,13400,-62.9,-87.0,-24.1,186.6,92,10560,17167,12688,22859,1185,518049790,1
2026-05-01T14:00:07.063,A1,1,13401,-63.3,-88.1,-24.8,179.85,88,8359,15827,12599,20741,1144,474474149,1
2026-05-01T14:00:07.153,A1,1,13402,-63.0,-87.0,-23.9,175.94,96,12546,16890,9928,21588,1156,406889245,1
2026-05-01T14:00:07.274,A1,1,13403,-63.4,-87.7,-24.3,142.16,124,12647,17628,10282,23631,1224,437942549,1
2026-05-01T14:00:07.392,A1,1,13404,-63.0,-86.9,-23.9,137.7,128,9469,17626,13944,23689,1209,436989504,1
2026-05-01T14:00:07.514,A1,1,13405,-63.6,-88.2,-24.6,118.11,116,12416,13701,8498,17909,1073,754250962,1
2026-05-01T14:00:07.606,A1,1,13406,-63.3,-88.0,-24.7,164.6,96,11197,15802,11123,20954,1149,404235381,1
2026-05-01T14:00:07.752,A1,1,13407,-63.7,-88.2,-24.5,179.81,84,11199,15104,10746,19894,1135,408064367,1
2026-05-01T14:00:07.812,A1,1,13408,-63.6,-88.4,-24.8,126.31,108,4533,13641,13903,17925,1075,407810687,1
2026-05-01T14:00:07.933,A1,1,13409,-63.9,-88.4,-24.5,183.27,80,6214,14662,12528,18100,1089,416966840,1
2026-05-01T14:00:08.023,A1,1,13410,-63.3,-87.1,-23.7,193.3,88,7473,17010,15244,22696,1197,390886846,1
2026-05-01T14:00:08.144,A1,1,13411,-63.7,-87.2,-23.5,184.39,92,6354,16964,15860,22399,1205,404514370,1
2026-05-01T14:00:08.262,A1,1,13412,-63.4,-88.3,-24.9,139.52,96,6575,13394,13235,17914,1066,744767166,1
2026-05-01T14:00:08.352,A1,1,13413,-63.8,-87.0,-23.2,187.89,88,7780,16534,14565,20686,1161,454324052,1
2026-05-01T14:00:08.473,A1,1,13414,-63.6,-88.4,-24.7,157.43,88,3902,13854,14939,19208,1113,424902281,1
2026-05-01T14:00:08.565,A1,1,13415,-73.2,-88.0,-14.8,155.25,96,11602,14904,8589,9129,1069,386305413,1
2026-05-01T14:00:08.684,A1,1,13416,-63.7,-88.1,-24.3,165.62,88,4494,14575,16432,20846,1163,390400856,1
2026-05-01T14:00:08.802,A1,1,13417,-64.0,-88.2,-24.2,171.24,84,11770,14384,9064,17884,1087,493442596,1
2026-05-01T14:00:08.893,A1,1,13418,-64.3,-87.8,-23.6,171.16,96,6304,16431,15605,21488,1203,425494546,1
2026-05-01T14:00:09.014,A1,1,13419,-63.6,-89.0,-25.5,155.51,84,3604,13063,13146,18653,1095,505361782,1
2026-05-01T14:00:09.134,A1,1,13420,-63.9,-88.5,-24.6,146.43,92,5133,13472,14537,19161,1122,421775097,1
2026-05-01T14:00:09.253,A1,1,13421,-63.7,-88.2,-24.5,174.31,96,9487,16734,11632,21475,1178,486737900,1
2026-05-01T14:00:09.373,A1,1,13422,-63.8,-89.1,-25.3,154.99,92,4691,14259,12257,19780,1136,396234471,1
2026-05-01T14:00:09.493,A1,1,13423,-63.1,-89.2,-26.1,138.98,92,3843,12786,12720,19137,1089,442534716,1
2026-05-01T14:00:09.641,A1,1,13424,-63.9,-88.4,-24.5,161.39,88,4928,14202,13755,18299,1095,528144456,1
2026-05-01T14:00:09.734,A1,1,13425,-63.5,-88.9,-25.4,135.88,100,2575,13588,14047,19645,1119,426342572,1
2026-05-01T14:00:09.883,A1,1,13426,-63.7,-87.8,-24.1,177.89,96,9835,17077,12306,21801,1187,489759159,1
2026-05-01T14:00:09.973,A1,1,13427,-63.5,-88.1,-24.6,174.0,88,7737,15312,13492,20387,1141,444654994,1
2026-05-01T14:00:10.094,A1,1,13428,-63.4,-88.2,-24.8,150.95,92,4850,13887,16833,21937,1179,454561301,1
2026-05-01T14:00:10.214,A1,1,13429,-64.2,-88.1,-23.9,185.63,92,10069,17078,11681,21261,1193,718040700,1
2026-05-01T14:00:10.302,A1,1,13430,-63.5,-88.5,-25.0,141.42,108,9502,15273,11423,21269,1166,452848508,1
2026-05-01T14:00:10.422,A1,1,13431,-63.4,-88.5,-25.1,127.52,100,6886,12752,17026,23412,1220,465056648,1
2026-05-01T14:00:10.513,A1,1,13432,-62.4,-88.1,-25.8,133.47,116,7255,15482,14524,23265,1173,450641075,1
2026-05-01T14:00:10.634,A1,1,13433,-63.3,-88.8,-25.5,156.07,92,11321,14358,8785,20927,1149,711898009,1
2026-05-01T14:00:10.754,A1,1,13434,-63.1,-88.8,-25.6,152.38,96,9367,14628,10594,20946,1142,415712752,1
2026-05-01T14:00:10.872,A1,1,13435,-63.1,-88.9,-25.8,153.24,100,4463,15324,13282,22405,1179,495198724,1
2026-05-01T14:00:10.963,A1,1,13436,-63.7,-88.7,-25.0,124.81,100,3268,12481,16939,21877,1191,759503121,1
2026-05-01T14:00:11.082,A1,1,13437,-63.3,-88.2,-24.9,170.52,104,7078,17734,14882,25595,1270,712871719,1
2026-05-01T14:00:11.173,A1,1,13438,-63.6,-88.5,-24.9,169.91,92,10715,15632,9010,20413,1148,490939611,1
2026-05-01T14:00:11.293,A1,1,13439,-63.6,-88.3,-24.6,179.31,96,6871,17214,13526,22993,1218,491398018,1
2026-05-01T14:00:11.382,A1,1,13440,-63.4,-89.0,-25.6,138.17,84,3141,11606,16164,21142,1159,411854024,1
2026-05-01T14:00:11.538,A1,1,13441,-63.5,-88.7,-25.2,181.9,84,8364,15280,11106,20585,1146,749742058,1
2026-05-01T14:00:11.622,A1,1,13442,-63.2,-87.9,-24.8,175.25,100,5531,17525,15429,24280,1231,390369476,1
2026-05-01T14:00:11.742,A1,1,13443,-63.2,-87.9,-24.8,171.71,100,6913,17171,13974,22685,1191,615054926,1
2026-05-01T14:00:11.833,A1,1,13444,-62.4,-88.5,-26.1,155.77,92,10078,14331,8868,19536,1076,713251150,1
2026-05-01T14:00:11.953,A1,1,13445,-62.7,-88.3,-25.6,188.85,92,10186,17374,10516,24218,1210,403853789,1
2026-05-01T14:00:12.042,A1,1,13446,-62.6,-88.4,-25.8,151.97,96,3570,14589,15270,22118,1152,429837529,1
2026-05-01T14:00:12.134,A1,1,13447,-63.0,-87.8,-24.8,177.52,96,6601,17042,15161,23838,1213,389975001,1
2026-05-01T14:00:12.254,A1,1,13448,-63.0,-88.1,-25.1,185.99,88,9703,16367,11811,21912,1164,396078119,1
2026-05-01T14:00:12.344,A1,1,13449,-63.1,-89.0,-25.9,151.36,84,3884,12714,13342,19005,1088,407318476,1
2026-05-01T14:00:12.462,A1,1,13450,-84.5,-88.2,-3.8,153.18,96,5919,14705,14265,4666,1126,434917120,1
2026-05-01T14:00:12.583,A1,1,13451,-62.8,-88.1,-25.3,164.58,96,11265,15800,9104,20326,1112,415395608,1
2026-05-01T14:00:12.733,A1,1,13452,-63.2,-88.4,-25.2,173.26,88,8923,15247,11415,20652,1137,389770827,1
2026-05-01T14:00:12.824,A1,1,13453,-63.3,-88.9,-25.6,134.56,88,4287,11841,14013,18386,1078,428910713,1
2026-05-01T14:00:12.913,A1,1,13454,-63.0,-88.3,-25.3,146.21,100,5827,14621,17582,25501,1255,386073306,1
2026-05-01T14:00:13.003,A1,1,13455,-63.0,-88.3,-25.3,182.5,92,9011,16790,12080,23349,1200,448302660,1
2026-05-01T14:00:13.123,A1,1,13456,-63.1,-88.5,-25.4,161.36,88,10288,14200,8721,18404,1069,712104289,1
2026-05-01T14:00:13.213,A1,1,13457,-63.1,-88.2,-25.1,164.43,96,10174,15785,9602,20014,1117,388279329,1
2026-05-01T14:00:13.362,A1,1,13458,-63.4,-88.8,-25.4,134.47,88,3220,11833,15386,19391,1108,743315142,1
2026-05-01T14:00:13.452,A1,1,13459,-63.1,-86.8,-23.6,169.31,104,8322,17608,14387,22889,1194,426651022,1
2026-05-01T14:00:13.573,A1,1,13460,-63.2,-88.1,-24.9,166.5,96,10161,15984,10933,20582,1134,486450027,1
2026-05-01T14:00:13.664,A1,1,13461,-63.6,-88.5,-24.9,169.28,88,9581,14897,10516,19474,1119,485341742,1
2026-05-01T14:00:13.753,A1,1,13462,-63.4,-88.2,-24.8,189.32,80,11262,15146,9234,19322,1107,496853024,1
2026-05-01T14:00:13.873,A1,1,13463,-63.0,-87.0,-24.0,154.0,104,6606,16016,16417,22805,1188,388089626,1
2026-05-01T14:00:13.963,A1,1,13464,-63.3,-86.7,-23.4,173.07,100,10962,17307,12438,22022,1180,519932231,1
2026-05-01T14:00:14.083,A1,1,13465,-62.9,-87.3,-24.4,159.13,104,7956,16550,16421,25024,1238,538696112,1
2026-05-01T14:00:14.202,A1,1,13466,-62.3,-86.8,-24.5,166.94,100,10905,16694,11566,21998,1138,451966145,1
2026-05-01T14:00:14.323,A1,1,13467,-62.9,-88.0,-25.1,169.04,100,11867,16904,9642,22618,1179,473047385,1
2026-05-01T14:00:14.414,A1,1,13468,-63.7,-88.2,-24.5,177.21,92,8997,16303,11759,20915,1166,410151168,1
2026-05-01T14:00:14.534,A1,1,13469,-63.3,-88.6,-25.2,159.38,84,3580,13388,16943,22810,1201,385968040,1
2026-05-01T14:00:14.623,A1,1,13470,-63.3,-88.3,-25.0,173.6,84,11187,14582,8443,18539,1082,495317781,1
2026-05-01T14:00:14.742,A1,1,13471,-63.1,-86.7,-23.6,166.04,104,11993,17268,10818,21815,1165,453622387,1
2026-05-01T14:00:14.863,A1,1,13472,-63.1,-88.1,-25.0,148.44,96,7874,14250,17007,23951,1219,470426439,1
2026-05-01T14:00:15.013,A1,1,13473,-63.2,-88.6,-25.4,148.04,92,5690,13620,16624,24067,1227,399642901,1
2026-05-01T14:00:15.103,A1,1,13474,-63.4,-89.0,-25.6,171.63,76,3681,13044,12792,18269,1076,445563848,1
2026-05-01T14:00:15.222,A1,1,13475,-63.4,-88.2,-24.8,148.33,96,4979,14240,17167,22784,1203,419136660,1
2026-05-01T14:00:15.345,A1,1,13476,-63.2,-88.0,-24.9,158.51,88,7651,13949,16549,22532,1186,724449739,1
2026-05-01T14:00:15.432,A1,1,13477,-62.4,-87.4,-25.1,151.38,116,11355,17560,11954,25030,1216,503466455,1
2026-05-01T14:00:15.614,A1,1,13478,-62.7,-87.6,-24.9,174.66,96,10102,16767,11577,22060,1153,429284729,1
2026-05-01T14:00:15.643,A1,1,13479,-62.9,-88.7,-25.7,127.03,112,10158,14227,10594,20965,1134,494969056,1
2026-05-01T14:00:15.763,A1,1,13480,-62.2,-88.2,-26.0,145.94,100,10353,14594,10296,20376,1091,710688195,1
2026-05-01T14:00:15.854,A1,1,13481,-63.1,-87.4,-24.3,176.24,100,13359,17624,9821,23858,1218,711799923,1
2026-05-01T14:00:15.942,A1,1,13482,-62.9,-87.0,-24.1,170.47,104,9818,17729,13568,24000,1211,390162459,1
2026-05-01T14:00:16.064,A1,1,13483,-63.2,-86.9,-23.6,185.96,92,11472,17108,10902,21212,1154,390080396,1
2026-05-01T14:00:16.183,A1,1,13484,-63.0,-87.3,-24.3,159.31,96,6736,15294,16455,22489,1178,406784161,1
2026-05-01T14:00:16.272,A1,1,13485,-63.5,-87.6,-24.1,158.22,100,5993,15822,17645,24146,1242,451414610,1
2026-05-01T14:00:16.364,A1,1,13486,-63.3,-88.5,-25.2,148.6,88,3971,13077,14632,18833,1091,389563405,1
2026-05-01T14:00:16.484,A1,1,13487,-63.3,-88.1,-24.8,168.82,96,10527,16207,10811,21057,1153,399746745,1
2026-05-01T14:00:16.604,A1,1,13488,-63.2,-88.3,-25.1,169.22,96,9705,16245,11357,21999,1174,439145597,1
2026-05-01T14:00:16.722,A1,1,13489,-63.3,-88.3,-25.0,172.14,92,10326,15837,9469,20258,1130,433006920,1
2026-05-01T14:00:16.873,A1,1,13490,-62.6,-88.6,-26.0,121.24,108,3742,13094,17045,24038,1201,488337171,1
2026-05-01T14:00:16.993,A1,1,13491,-62.6,-89.0,-26.4,125.12,100,3252,12512,13505,19562,1085,425369087,1
2026-05-01T14:00:17.112,A1,1,13492,-63.4,-88.4,-25.0,170.48,100,5829,17048,14080,24065,1236,724842510,1
2026-05-01T14:00:17.203,A1,1,13493,-62.8,-88.6,-25.8,148.88,104,3928,15483,14309,22963,1183,757802475,1
2026-05-01T14:00:17.292,A1,1,13494,-62.1,-88.5,-26.4,147.17,108,6573,15894,12628,23379,1165,500417768,1
2026-05-01T14:00:17.414,A1,1,13495,-62.7,-88.5,-25.8,153.6,92,5570,14131,14094,21071,1128,712686534,1
2026-05-01T14:00:17.505,A1,1,13496,-62.0,-88.2,-26.2,146.14,112,6635,16368,16323,27729,1264,458392411,1
2026-05-01T14:00:17.595,A1,1,13497,-61.8,-88.5,-26.7,110.34,104,6480,11475,16793,23821,1163,389652366,1
2026-05-01T14:00:17.712,A1,1,13498,-62.6,-88.2,-25.6,157.31,96,11665,15102,8608,20210,1103,404319569,1
2026-05-01T14:00:17.833,A1,1,13499,-63.0,-88.1,-25.1,168.88,92,10125,15537,12162,21621,1156,428320200,1
2026-05-01T14:00:17.922,A1,1,13500,-63.2,-86.5,-23.3,186.41,92,11931,17150,11241,21423,1158,458174815,1
2026-05-01T14:00:18.044,A1,1,13501,-62.7,-87.9,-25.1,184.67,96,8042,17728,13797,24662,1222,719601092,1
2026-05-01T14:00:18.134,A1,1,13502,-62.6,-88.6,-26.0,141.31,104,8670,14696,11445,21250,1131,454353157,1
2026-05-01T14:00:18.252,A1,1,13503,-62.8,-88.0,-25.2,184.72,92,8180,16994,13492,23410,1195,495556878,1
2026-05-01T14:00:18.372,A1,1,13504,-63.3,-88.8,-25.5,120.37,104,5550,12518,16576,23363,1213,470759833,1
2026-05-01T14:00:18.493,A1,1,13505,-62.7,-87.3,-24.6,174.0,100,9929,17400,12235,23003,1179,467471795,1
2026-05-01T14:00:18.615,A1,1,13506,-63.1,-88.5,-25.4,153.17,88,6014,13479,15521,22054,1171,470849280,1
2026-05-01T14:00:18.702,A1,1,13507,-63.1,-88.8,-25.7,122.09,100,5366,12209,13998,19111,1089,451182606,1
2026-05-01T14:00:18.792,A1,1,13508,-63.0,-88.5,-25.6,151.6,100,4588,15160,16400,25371,1250,403325911,1
2026-05-01T14:00:18.912,A1,1,13509,-63.6,-88.6,-25.1,143.23,96,1974,13750,16354,21910,1186,433977511,1
2026-05-01T14:00:19.005,A1,1,13510,-63.6,-87.3,-23.7,194.18,92,10913,17865,11946,22849,1211,405010105,1
2026-05-01T14:00:19.125,A1,1,13511,-63.5,-88.3,-24.8,190.51,80,9789,15241,11020,20072,1132,751592544,1
2026-05-01T14:00:19.242,A1,1,13512,-63.5,-86.8,-23.3,164.02,104,12780,17058,10492,21504,1173,495813977,1
2026-05-01T14:00:19.362,A1,1,13513,-63.7,-87.7,-24.0,194.05,88,10713,17076,11412,21546,1180,741777752,1
2026-05-01T14:00:19.453,A1,1,13514,-62.8,-88.5,-25.7,110.8,108,4538,11966,15647,20130,1108,407089245,1
2026-05-01T14:00:19.575,A1,1,13515,-63.7,-88.4,-24.7,144.7,96,5078,13891,16717,22219,1199,491348948,1
2026-05-01T14:00:19.694,A1,1,13516,-63.5,-88.1,-24.6,177.35,96,9868,17026,11343,21689,1176,451382393,1
2026-05-01T14:00:19.814,A1,1,13517,-63.0,-87.4,-24.5,166.5,100,12209,16650,9533,21414,1148,455904272,1
2026-05-01T14:00:19.873,A1,1,13518,-63.7,-88.6,-24.8,156.34,92,3629,14383,17496,24356,1258,707366028,1
2026-05-01T14:00:20.023,A1,1,13519,-63.8,-88.5,-24.7,151.55,100,5165,15155,17531,25609,1292,429143842,1
2026-05-01T14:00:20.115,A1,1,13520,-63.4,-88.5,-25.1,183.36,84,9157,15402,10860,20626,1145,749586287,1
2026-05-01T14:00:20.204,A1,1,13521,-63.4,-88.3,-24.9,141.25,92,5844,12995,16947,21823,1178,452145560,1
2026-05-01T14:00:20.322,A1,1,13522,-63.8,-87.6,-23.8,187.93,92,7787,17290,13384,21310,1178,465163977,1
2026-05-01T14:00:20.443,A1,1,13523,-63.9,-88.1,-24.3,158.32,96,11561,15199,9407,18920,1113,665017930,1
2026-05-01T14:00:20.562,A1,1,13524,-63.7,-87.0,-23.4,158.71,104,6530,16506,16145,22060,1194,445595739,1
2026-05-01T14:00:20.652,A1,1,13525,-64.1,-86.8,-22.7,177.78,92,10574,16356,11833,18967,1125,408457657,1
2026-05-01T14:00:20.802,A1,1,13526,-64.0,-87.2,-23.2,189.52,88,10817,16678,11186,19663,1142,697419858,1
2026-05-01T14:00:20.892,A1,1,13527,-63.9,-86.0,-22.1,186.03,92,12556,17115,10648,19770,1141,435139043,1
2026-05-01T14:00:20.982,A1,1,13528,-63.6,-87.6,-23.9,154.71,108,5720,16709,17600,24788,1265,404254159,1
2026-05-01T14:00:21.072,A1,1,13529,-63.3,-87.6,-24.3,166.63,104,10627,17330,11241,22088,1181,493684542,1
2026-05-01T14:00:21.196,A1,1,13530,-63.6,-86.9,-23.3,162.67,104,10450,16918,12188,20708,1154,735343040,1
2026-05-01T14:00:21.313,A1,1,13531,-63.4,-86.9,-23.5,148.95,112,6423,16682,15958,22194,1187,446636387,1
2026-05-01T14:00:21.402,A1,1,13532,-63.7,-88.1,-24.4,141.57,104,5655,14723,17779,23430,1232,496050654,1
2026-05-01T14:00:21.492,A1,1,13533,-63.5,-88.3,-24.8,147.08,92,12513,13531,8221,18247,1081,492549913,1
2026-05-01T14:00:21.613,A1,1,13534,-63.2,-87.6,-24.4,162.02,92,5959,14906,17601,23431,1211,452719838,1
2026-05-01T14:00:21.703,A1,1,13535,-63.5,-87.3,-23.8,158.1,108,6164,17075,16755,24082,1240,389135877,1
2026-05-01T14:00:21.822,A1,1,13536,-63.9,-87.9,-24.0,155.73,108,7799,16819,13691,21304,1182,499386003,1
2026-05-01T14:00:21.943,A1,1,13537,-63.3,-88.6,-25.3,164.99,100,5881,16499,13448,23702,1224,485131908,1
2026-05-01T14:00:22.063,A1,1,13538,-63.7,-88.0,-24.4,173.35,100,7278,17335,14542,23390,1229,472211767,1
2026-05-01T14:00:22.182,A1,1,13539,-63.3,-88.2,-24.8,139.27,100,12435,13927,8510,18419,1079,445969120,1
2026-05-01T14:00:22.274,A1,1,13540,-62.8,-88.3,-25.5,152.39,96,10547,14629,9334,19099,1077,460650586,1
2026-05-01T14:00:22.393,A1,1,13541,-62.4,-88.6,-26.2,146.05,96,10051,14021,8370,19009,1061,450105421,1
2026-05-01T14:00:22.481,A1,1,13542,-63.5,-87.2,-23.7,191.78,88,8137,16877,13267,20633,1150,450825930,1
2026-05-01T14:00:22.604,A1,1,13543,-63.2,-87.7,-24.5,183.42,88,7348,16141,13844,21041,1147,476934857,1
2026-05-01T14:00:22.724,A1,1,13544,-63.9,-88.2,-24.3,171.99,88,11131,15135,9615,18788,1112,736896100,1
2026-05-01T14:00:22.813,A1,1,13545,-63.4,-88.2,-24.8,167.98,100,6501,16798,13629,22149,1184,388841188,1
2026-05-01T14:00:22.962,A1,1,13546,-63.5,-88.1,-24.6,200.87,84,9440,16873,11780,21642,1176,473029493,1
2026-05-01T14:00:23.053,A1,1,13547,-63.2,-88.7,-25.5,165.21,92,7354,15199,11107,20379,1128,388039850,1
2026-05-01T14:00:23.176,A1,1,13548,-63.6,-88.6,-25.0,121.3,108,5411,13100,13763,18445,1088,728663870,1
2026-05-01T14:00:23.261,A1,1,13549,-62.9,-87.8,-24.9,173.08,100,9225,17308,11963,22483,1176,406291665,1
2026-05-01T14:00:23.412,A1,1,13550,-63.4,-88.2,-24.8,174.15,96,5964,16718,15648,24364,1243,464033631,1
2026-05-01T14:00:23.472,A1,1,13551,-63.2,-87.7,-24.5,195.64,88,9332,17216,12231,22108,1176,526726582,1
2026-05-01T14:00:23.592,A1,1,13552,-62.9,-88.0,-25.1,178.3,88,9786,15690,11923,20871,1133,749146306,1
2026-05-01T14:00:23.685,A1,1,13553,-62.4,-88.0,-25.6,166.84,96,10979,16017,9292,20737,1108,457576249,1
2026-05-01T14:00:23.773,A1,1,13554,-62.9,-88.3,-25.3,151.09,88,5155,13296,17059,22713,1182,430765574,1
2026-05-01T14:00:23.894,A1,1,13555,-62.9,-88.1,-25.2,165.64,96,9530,15901,10492,20052,1110,434625059,1
2026-05-01T14:00:24.012,A1,1,13556,-63.1,-88.0,-25.0,167.59,92,5749,15418,15221,21642,1158,758131106,1
2026-05-01T14:00:24.102,A1,1,13557,-63.6,-88.3,-24.7,148.03,96,5227,14211,17357,23261,1222,447644827,1
2026-05-01T14:00:24.224,A1,1,13558,-63.0,-88.5,-25.5,122.63,100,4413,12263,17116,22316,1174,414828553,1
2026-05-01T14:00:24.344,A1,1,13559,-63.2,-88.5,-25.3,194.03,76,9134,14746,9764,18618,1079,757172480,1
2026-05-01T14:00:24.432,A1,1,13560,-63.2,-88.1,-24.9,183.62,84,9629,15424,10989,19613,1108,430851055,1
2026-05-01T14:00:24.523,A1,1,13561,-62.4,-87.1,-24.7,169.27,104,12044,17604,10048,23412,1176,450393368,1
2026-05-01T14:00:24.643,A1,1,13562,-63.3,-88.4,-25.1,144.38,96,5111,13860,16092,21920,1175,413942337,1
2026-05-01T14:00:24.734,A1,1,13563,-63.1,-87.8,-24.7,195.51,88,10471,17205,10922,22112,1173,499706924,1
2026-05-01T14:00:24.854,A1,1,13564,-62.9,-88.2,-25.3,157.0,92,11488,14444,8691,18870,1076,445147677,1
2026-05-01T14:00:24.944,A1,1,13565,-63.1,-88.5,-25.4,148.47,88,4570,13065,14290,18938,1086,403748632,1
2026-05-01T14:00:25.062,A1,1,13566,-62.7,-88.2,-25.5,171.36,92,9152,15765,10409,20213,1104,732918708,1
2026-05-01T14:00:25.153,A1,1,13567,-62.9,-88.4,-25.5,131.74,100,4716,13174,15763,20857,1130,491336152,1
2026-05-01T14:00:25.273,A1,1,13568,-63.1,-88.5,-25.4,170.64,84,4547,14334,14361,20784,1138,421847066,1
2026-05-01T14:00:25.394,A1,1,13569,-63.2,-87.9,-24.6,171.95,100,9358,17195,12723,22774,1196,413128282,1
2026-05-01T14:00:25.513,A1,1,13570,-62.2,-88.1,-25.9,176.09,92,10865,16200,9409,21629,1125,386405024,1
2026-05-01T14:00:25.602,A1,1,13571,-62.8,-88.6,-25.8,151.24,88,11248,13309,7636,18036,1047,452276832,1
2026-05-01T14:00:25.722,A1,1,13572,-63.7,-88.1,-24.4,199.3,88,8003,17538,13437,22922,1218,490035725,1
2026-05-01T14:00:25.844,A1,1,13573,-63.4,-88.3,-24.9,166.01,100,9121,16601,10817,21425,1166,421624438,1
2026-05-01T14:00:25.932,A1,1,13574,-62.6,-88.3,-25.6,178.09,96,10036,17097,10947,23958,1200,394342122,1
2026-05-01T14:00:26.053,A1,1,13575,-63.1,-88.7,-25.6,136.89,96,5177,13141,14980,21382,1152,469277007,1
2026-05-01T14:00:26.173,A1,1,13576,-63.1,-88.3,-25.2,161.38,104,7394,16784,12405,22195,1174,399590003,1
2026-05-01T14:00:26.293,A1,1,13577,-62.9,-88.3,-25.4,175.28,92,10411,16126,9910,21698,1152,399729076,1
2026-05-01T14:00:26.412,A1,1,13578,-63.2,-88.6,-25.4,156.32,88,1632,13756,15767,21496,1160,428209891,1
2026-05-01T14:00:26.536,A1,1,13579,-63.4,-88.7,-25.3,117.22,104,5329,12191,17031,22953,1209,480201056,1
2026-05-01T14:00:26.653,A1,1,13580,-63.5,-88.5,-25.0,148.82,84,6653,12501,15722,20798,1151,435591880,1
2026-05-01T14:00:26.771,A1,1,13581,-62.6,-88.3,-25.7,154.15,100,10244,15415,10563,21576,1140,435926712,1
2026-05-01T14:00:26.894,A1,1,13582,-63.5,-88.4,-24.9,164.49,96,4921,15791,17165,26031,1290,420590615,1
2026-05-01T14:00:26.984,A1,1,13583,-63.6,-88.9,-25.3,157.21,84,6232,13206,12414,18682,1096,403635664,1
2026-05-01T14:00:27.104,A1,1,13584,-62.9,-88.9,-26.0,148.4,84,2905,12466,13921,19032,1081,444792273,1
2026-05-01T14:00:27.192,A1,1,13585,-62.7,-87.0,-24.3,142.57,116,11105,16538,11087,21290,1135,442341734,1
2026-05-01T14:00:27.298,A1,1,13586,-63.4,-87.1,-23.7,139.35,120,9724,16722,12411,20748,1147,513693122,1
2026-05-01T14:00:27.434,A1,1,13587,-62.4,-88.6,-26.2,118.81,96,5228,11406,16289,21796,1136,469186398,1
2026-05-01T14:00:27.523,A1,1,13588,-63.2,-88.5,-25.3,164.67,92,5973,15150,14347,22296,1181,740369598,1
2026-05-01T14:00:27.613,A1,1,13589,-63.0,-88.1,-25.0,165.38,104,9248,17199,12428,23259,1199,657584880,1
2026-05-01T14:00:27.763,A1,1,13590,-63.0,-88.6,-25.6,166.18,96,4971,15953,13398,22594,1182,452288183,1
2026-05-01T14:00:27.822,A1,1,13591,-63.3,-84.7,-21.4,195.62,84,7113,16432,14735,17970,1065,406668998,1
2026-05-01T14:00:27.944,A1,1,13592,-63.6,-90.4,-26.7,167.42,76,6611,12724,7378,18365,1088,423816205,1
2026-05-01T14:00:28.063,A1,1,13593,-61.9,-82.5,-20.6,183.21,100,12683,18321,13189,21256,1102,452060653,1
2026-05-01T14:00:28.182,A1,1,13594,-63.2,-91.2,-28.0,90.65,92,1400,8340,11226,17593,1051,424200006,1
2026-05-01T14:00:28.272,A1,1,13595,-62.6,-88.2,-25.5,168.19,108,11556,18164,12317,28138,1301,462056807,1
2026-05-01T14:00:28.391,A1,1,13596,-63.4,-96.5,-33.2,71.38,84,2859,5996,4234,18516,1083,396412271,1
2026-05-01T14:00:28.512,A1,1,13597,-64.6,-88.4,-23.8,131.42,84,12910,11039,13578,19909,1171,729432597,1
2026-05-01T14:00:28.633,A1,1,13598,-64.6,-88.2,-23.6,155.07,72,13032,11165,12297,17859,1109,400801481,1
2026-05-01T14:00:28.722,A1,1,13599,-65.1,-90.1,-25.0,144.74,116,11745,16790,10584,31987,1509,393943436,1
2026-05-01T14:00:28.841,A1,1,13600,-64.3,-90.5,-26.2,132.28,100,9132,13228,7998,22496,1231,484317158,1
2026-05-01T14:00:28.933,A1,1,13601,-62.1,-84.6,-22.4,188.13,100,14687,18813,13798,27278,1260,482111417,1
2026-05-01T14:01:12.493,A1,1,13602,-64.5,-82.0,-17.5,200.98,92,15323,18490,13021,19031,1142,474088847,1
2026-05-01T14:01:12.613,A1,1,13603,-63.7,-78.9,-15.2,151.78,116,12075,17607,15582,15211,994,437648422,1
2026-05-01T14:01:12.732,A1,1,13604,-66.2,-88.1,-21.9,168.72,104,15530,17547,13283,25806,1410,463685980,1
2026-05-01T14:01:12.851,A1,1,13605,-69.6,-97.5,-27.8,80.27,120,4169,9632,7678,40779,1996,451485072,1
2026-05-01T14:01:13.002,A1,1,13606,-66.4,-97.2,-30.9,57.25,104,5792,5954,3949,24028,1368,463432714,1
2026-05-01T14:01:13.094,A1,1,13607,-64.6,-96.0,-31.4,85.14,84,5138,7152,4720,24178,1291,398252792,1
2026-05-01T14:01:13.213,A1,1,13608,-64.0,-88.3,-24.3,105.38,88,16915,9273,6346,17881,1088,396179304,1
2026-05-01T14:01:13.333,A1,1,13609,-64.7,-87.7,-23.0,169.01,116,17496,19605,16563,36024,1582,459145491,1
2026-05-01T14:01:13.453,A1,1,13610,-65.9,-92.8,-26.9,116.56,108,9539,12589,9122,35435,1636,443309645,1
2026-05-01T14:01:13.573,A1,1,13611,-64.1,-94.0,-29.9,79.51,112,6838,8905,7406,28507,1377,448916189,1
2026-05-01T14:01:13.663,A1,1,13612,-64.1,-93.8,-29.7,66.81,124,7407,8284,9791,33168,1487,476451233,1
2026-05-01T14:01:13.782,A1,1,13613,-64.2,-91.3,-27.1,114.52,124,11380,14201,9786,36247,1561,413948653,1
2026-05-01T14:01:13.872,A1,1,13614,-62.9,-90.2,-27.3,99.62,112,14237,11157,7275,27289,1292,565634140,1
2026-05-01T14:01:13.991,A1,1,13615,-63.8,-93.5,-29.7,87.79,100,8187,8779,5971,25998,1301,544199642,1
2026-05-01T14:01:14.113,A1,1,13616,-63.2,-88.6,-25.4,161.94,108,15407,17490,10954,32104,1419,403149073,1
2026-05-01T14:01:14.232,A1,1,13617,-63.5,-88.5,-25.0,140.12,128,17409,17936,11214,34774,1493,409441689,1
2026-05-01T14:01:14.351,A1,1,13618,-62.8,-88.4,-25.7,111.24,144,17010,16019,12288,33418,1424,497593600,1
2026-05-01T14:01:14.441,A1,1,13619,-63.4,-89.9,-26.5,112.51,116,13139,13051,11928,31589,1418,440019207,1
2026-05-01T14:01:14.533,A1,1,13620,-63.1,-90.3,-27.2,116.41,124,11026,14435,9033,29951,1363,430547545,1
2026-05-01T14:01:14.683,A1,1,13621,-63.2,-89.2,-26.0,159.0,104,13035,16536,10806,31266,1400,485372398,1
2026-05-01T14:01:14.773,A1,1,13622,-63.0,-88.3,-25.3,133.48,128,17372,17085,11397,32989,1428,441517416,1
2026-05-01T14:01:14.891,A1,1,13623,-63.5,-88.2,-24.7,120.16,124,16407,14900,11015,26768,1310,631221924,1
2026-05-01T14:01:14.952,A1,1,13624,-63.1,-87.6,-24.5,151.27,104,14802,15732,10642,23986,1222,449842985,1
2026-05-01T14:01:15.072,A1,1,13625,-63.4,-88.1,-24.7,127.73,136,13656,17371,15481,31095,1407,404926075,1
2026-05-01T14:01:15.224,A1,1,13626,-63.5,-88.8,-25.3,118.7,132,15993,15669,16330,37900,1555,766591641,1
2026-05-01T14:01:15.311,A1,1,13627,-62.7,-88.3,-25.6,134.06,120,14827,16087,14598,32353,1398,436195401,1
2026-05-01T14:01:15.401,A1,1,13628,-62.7,-86.4,-23.8,122.07,140,18220,17090,17185,36197,1477,439128067,1
2026-05-01T14:01:15.552,A1,1,13629,-62.3,-88.2,-25.8,155.82,116,15356,18075,12275,33314,1401,482395920,1
2026-05-01T14:01:15.612,A1,1,13630,-63.8,-91.3,-27.5,86.75,116,13037,10063,12394,37009,1555,420775345,1
2026-05-01T14:01:15.703,A1,1,13631,-64.0,-91.7,-27.8,87.81,124,10380,10888,9313,29571,1397,439618241,1
2026-05-01T14:01:15.821,A1,1,13632,-63.7,-89.5,-25.8,113.78,128,14945,14564,16541,40964,1628,430769523,1
2026-05-01T14:01:15.911,A1,1,13633,-63.5,-88.4,-24.9,114.94,124,16450,14252,9994,25874,1285,390092007,1
2026-05-01T14:01:16.061,A1,1,13634,-63.6,-91.0,-27.4,108.07,132,14309,14265,8405,39234,1587,406964079,1
2026-05-01T14:01:16.123,A1,1,13635,-62.9,-87.4,-24.5,137.57,120,17460,16508,12084,30024,1358,438059177,1
2026-05-01T14:01:16.243,A1,1,13636,-62.5,-88.3,-25.8,146.67,116,12638,17014,10707,26731,1264,409192280,1
2026-05-01T14:01:16.362,A1,1,13637,-63.0,-88.7,-25.7,134.4,116,14356,15590,16343,36051,1491,479233162,1
2026-05-01T14:01:16.452,A1,1,13638,-62.1,-88.4,-26.3,134.73,124,13518,16707,16303,36702,1460,452126011,1
2026-05-01T14:01:16.571,A1,1,13639,-63.1,-88.2,-25.1,150.15,104,16135,15616,13199,30588,1379,420207992,1
2026-05-01T14:01:16.663,A1,1,13640,-63.0,-90.9,-27.8,76.73,116,13998,8901,7583,27544,1305,450507673,1
2026-05-01T14:01:16.813,A1,1,13641,-63.6,-88.6,-25.0,120.52,120,13989,14462,13888,28494,1355,443425764,1
2026-05-01T14:01:16.961,A1,1,13642,-63.9,-89.6,-25.8,111.34,120,15632,13361,7860,28602,1369,455413775,1
2026-05-01T14:01:17.056,A1,1,13643,-63.6,-88.7,-25.1,129.25,116,13381,14993,13036,27722,1335,731852564,1
2026-05-01T14:01:17.141,A1,1,13644,-63.4,-89.2,-25.8,152.35,104,14571,15844,10117,31051,1404,428784229,1
2026-05-01T14:01:17.231,A1,1,13645,-63.3,-88.0,-24.8,112.44,132,16581,14842,15534,31146,1399,457195806,1
2026-05-01T14:01:17.351,A1,1,13646,-63.1,-89.0,-25.9,136.31,128,16026,17448,13465,39782,1573,437145108,1
2026-05-01T14:01:17.472,A1,1,13647,-63.1,-89.9,-26.8,125.95,116,11910,14610,10313,30667,1383,392311833,1
2026-05-01T14:01:17.622,A1,1,13648,-62.4,-88.6,-26.2,113.06,112,14091,12663,12279,26364,1251,399714484,1
2026-05-01T14:01:17.713,A1,1,13649,-62.7,-89.7,-26.9,127.25,112,13950,14252,8985,30694,1363,433187009,1
2026-05-01T14:01:17.833,A1,1,13650,-62.7,-89.4,-26.7,107.65,136,14795,14641,9471,31570,1383,547356427,1
2026-05-01T14:01:17.921,A1,1,13651,-62.7,-88.2,-25.5,107.95,144,17444,15545,12492,31968,1390,497030323,1
2026-05-01T14:01:18.042,A1,1,13652,-62.9,-88.5,-25.6,121.93,128,15303,15607,11215,29140,1338,400687330,1
2026-05-01T14:01:18.131,A1,1,13653,-63.6,-88.1,-24.5,127.43,124,15994,15801,12476,27652,1334,452105866,1
2026-05-01T14:01:18.253,A1,1,13654,-63.2,-87.6,-24.4,135.31,120,16793,16237,13676,30116,1375,738385065,1
2026-05-01T14:01:18.341,A1,1,13655,-63.3,-89.3,-25.9,123.99,144,15830,17854,14614,44076,1669,412685122,1
2026-05-01T14:01:18.461,A1,1,13656,-63.4,-89.7,-26.3,100.12,120,14845,12014,13173,32863,1444,436388031,1
2026-05-01T14:01:18.581,A1,1,13657,-64.0,-92.5,-28.5,100.38,100,8356,10038,7247,25203,1293,423950673,1
2026-05-01T14:01:18.701,A1,1,13658,-63.5,-89.9,-26.4,130.3,128,15636,16678,10941,41143,1620,447340319,1
2026-05-01T14:01:18.792,A1,1,13659,-62.4,-89.6,-27.2,104.71,96,12095,10052,9546,22003,1142,455168375,1
2026-05-01T14:01:18.912,A1,1,13660,-63.3,-85.4,-22.1,97.51,132,16536,12871,12295,20759,1144,385910651,1
2026-05-01T14:01:19.032,A1,1,13661,-62.7,-87.1,-24.4,131.36,124,16385,16289,12388,28208,1308,451366588,1
2026-05-01T14:01:19.122,A1,1,13662,-63.3,-87.3,-24.0,126.1,136,15531,17150,17182,33291,1448,390357902,1
2026-05-01T14:01:19.242,A1,1,13663,-63.8,-88.8,-25.0,124.31,128,12088,15912,16366,32516,1456,408595360,1
2026-05-01T14:01:19.333,A1,1,13664,-63.1,-88.3,-25.2,138.73,120,15224,16648,15994,34938,1474,435891965,1
2026-05-01T14:01:19.423,A1,1,13665,-63.4,-88.1,-24.7,130.06,124,15276,16127,13768,29070,1358,438261388,1
2026-05-01T14:01:19.542,A1,1,13666,-63.8,-88.6,-24.7,149.92,112,12657,16791,11694,26799,1324,601290197,1
2026-05-01T14:01:19.661,A1,1,13667,-63.4,-88.1,-24.7,136.5,112,13221,15288,17553,30651,1394,390941439,1
2026-05-01T14:01:19.781,A1,1,13668,-63.2,-88.7,-25.5,148.55,124,16926,18420,12644,38976,1563,474973036,1
2026-05-01T14:01:19.873,A1,1,13669,-63.5,-88.3,-24.8,131.02,124,16679,16246,13291,32137,1433,393662837,1
2026-05-01T14:01:19.992,A1,1,13670,-63.1,-88.1,-25.0,155.45,108,15111,16789,11042,27725,1313,389095383,1
2026-05-01T14:01:20.081,A1,1,13671,-63.7,-88.1,-24.3,147.48,112,12698,16518,14444,26646,1315,443337071,1
2026-05-01T14:01:20.202,A1,1,13672,-63.8,-89.4,-25.6,121.34,124,13532,15046,11190,30061,1399,759122076,1
2026-05-01T14:01:20.293,A1,1,13673,-63.2,-89.4,-26.2,112.73,120,10263,13528,14587,29534,1360,415024009,1
2026-05-01T14:01:20.413,A1,1,13674,-62.9,-89.4,-26.5,118.76,136,12949,16152,14022,37169,1511,669838973,1
2026-05-01T14:01:20.472,A1,1,13675,-62.5,-88.7,-26.2,112.99,120,15747,13559,15232,34386,1433,435125528,1
2026-05-01T14:01:20.622,A1,1,13676,-63.2,-89.3,-26.1,103.86,128,14161,13294,14607,33807,1454,387766235,1
2026-05-01T14:01:20.711,A1,1,13677,-63.2,-89.5,-26.3,123.2,116,14629,14291,12386,34201,1463,431319077,1
2026-05-01T14:01:20.830,A1,1,13678,-63.4,-89.9,-26.5,115.68,128,12975,14807,9715,31171,1405,386649735,1
2026-05-01T14:01:20.922,A1,1,13679,-63.2,-89.3,-26.1,112.11,124,12583,13902,11615,27907,1322,630665986,1
2026-05-01T14:01:21.042,A1,1,13680,-63.3,-88.3,-25.0,112.49,132,17925,14849,15070,34549,1477,419605960,1
2026-05-01T14:01:21.131,A1,1,13681,-63.3,-88.1,-24.8,131.04,136,17749,17822,11700,33013,1440,396012374,1
2026-05-01T14:01:21.251,A1,1,13682,-63.4,-87.1,-23.7,143.59,116,12671,16657,17623,29401,1365,737233050,1
2026-05-01T14:01:21.343,A1,1,13683,-63.0,-88.0,-25.0,129.18,120,16670,15502,12005,28566,1328,452476021,1
2026-05-01T14:01:21.461,A1,1,13684,-63.4,-91.1,-27.6,94.76,96,11192,9097,8052,23005,1210,397559204,1
2026-05-01T14:01:21.551,A1,1,13685,-63.5,-89.9,-26.4,142.58,104,13966,14828,13199,37821,1552,416535325,1
2026-05-01T14:01:21.671,A1,1,13686,-63.5,-90.4,-26.9,119.36,108,13338,12891,9314,31187,1412,415826833,1
2026-05-01T14:01:21.791,A1,1,13687,-63.2,-88.4,-25.2,169.05,100,8867,16905,17549,31330,1401,481921167,1
2026-05-01T14:01:21.911,A1,1,13688,-63.0,-84.2,-21.2,107.2,152,14301,16294,10960,19449,1097,389941513,1
2026-05-01T14:01:22.003,A1,1,13689,-65.5,-90.1,-24.6,180.24,92,6552,16582,11130,26065,1384,404117635,1
2026-05-01T14:01:22.181,A1,1,13690,-61.4,-77.4,-16.0,104.74,140,17481,14663,12341,15463,926,472502450,1
2026-05-01T14:01:22.240,A1,1,13691,-63.2,-78.4,-15.2,228.6,80,16655,18288,11475,16213,1009,457916477,1
2026-05-01T14:01:22.393,A1,1,13692,-64.2,-87.8,-23.6,228.43,60,6121,13706,16135,18916,1127,457219883,1
2026-05-01T14:01:22.512,A1,1,13693,-64.9,-88.7,-23.9,165.93,68,11276,11283,13025,18961,1154,408252700,1
2026-05-01T14:01:22.603,A1,1,13694,-63.9,-88.8,-24.9,225.95,64,4679,14461,9727,15719,1017,766721490,1
2026-05-01T14:01:22.722,A1,1,13695,-64.7,-88.6,-23.9,257.56,64,5728,16484,10586,18209,1125,627989447,1
2026-05-01T14:01:22.811,A1,1,13696,-64.2,-86.8,-22.5,257.7,64,6760,16493,11692,16417,1051,473660296,1
2026-05-01T14:01:22.931,A1,1,13697,-64.0,-85.3,-21.2,258.34,64,10220,16534,10204,15937,1028,438054139,1
2026-05-01T14:01:23.051,A1,1,13698,-64.6,-85.4,-20.8,161.25,92,7148,14835,17678,18701,1137,409371189,1
2026-05-01T14:01:23.141,A1,1,13699,-65.7,-85.2,-19.5,213.07,84,10491,17898,11242,16363,1102,471457661,1
2026-05-01T14:01:23.261,A1,1,13700,-65.2,-87.6,-22.5,192.79,72,8987,13881,18064,21595,1244,392982464,1
2026-05-01T14:01:23.381,A1,1,13701,-64.7,-88.0,-23.3,203.37,84,8122,17083,10872,18135,1124,449500429,1
2026-05-01T14:01:23.473,A1,1,13702,-65.1,-88.0,-22.8,145.4,104,10364,15122,17781,24098,1313,742653878,1
2026-05-01T14:01:23.590,A1,1,13703,-65.0,-87.4,-22.4,175.06,108,9070,18906,13605,22357,1258,758820754,1
2026-05-01T14:01:23.681,A1,1,13704,-65.3,-88.3,-23.0,182.07,100,6437,18207,15279,23860,1313,390018424,1
2026-05-01T14:01:23.802,A1,1,13705,-65.7,-87.6,-21.9,179.98,88,4894,15838,16652,19157,1193,446030963,1
2026-05-01T14:01:23.891,A1,1,13706,-64.8,-85.7,-20.9,194.75,80,7632,15580,17365,19463,1165,432010239,1
2026-05-01T14:01:24.012,A1,1,13707,-64.9,-89.6,-24.7,194.06,80,5589,15525,14630,26299,1362,405483029,1
2026-05-01T14:01:24.133,A1,1,13708,-62.2,-81.2,-19.0,107.6,144,17035,15495,10866,18385,1037,393620042,1
2026-05-01T14:01:24.251,A1,1,13709,-64.4,-94.2,-29.8,92.03,100,3532,9203,8211,26729,1346,463257454,1
2026-05-01T14:01:24.340,A1,1,13710,-61.3,-79.7,-18.4,140.19,124,10744,17383,16614,18833,1017,387979569,1
2026-05-01T14:01:24.461,A1,1,13711,-62.0,-83.4,-21.4,110.46,156,17406,17232,14199,26773,1244,485205217,1
2026-05-01T14:01:24.584,A1,1,13712,-63.7,-97.4,-33.7,50.02,108,4947,5402,4524,26485,1311,461957576,1
2026-05-01T14:01:24.703,A1,1,13713,-63.6,-86.4,-22.8,196.73,92,12665,18099,12963,24206,1249,425270410,1
2026-05-01T14:01:24.822,A1,1,13714,-62.1,-81.4,-19.3,170.92,92,17954,15725,10287,19594,1065,453346052,1
2026-05-01T14:01:24.941,A1,1,13715,-63.3,-87.8,-24.5,137.08,120,17232,16450,15334,33308,1448,392734632,1
2026-05-01T14:01:25.031,A1,1,13716,-63.9,-88.8,-25.0,136.23,100,14586,13623,12833,27569,1345,467133592,1
2026-05-01T14:01:25.151,A1,1,13717,-63.4,-88.2,-24.8,145.68,100,14384,14568,11772,24480,1247,481476896,1
2026-05-01T14:01:25.271,A1,1,13718,-63.3,-87.3,-24.0,104.79,128,17124,13413,13807,26658,1294,437104539,1
2026-05-01T14:01:25.391,A1,1,13719,-64.0,-85.9,-21.9,161.97,112,17188,18141,17148,31843,1449,481616243,1
2026-05-01T14:01:25.481,A1,1,13720,-63.3,-89.0,-25.6,163.2,100,11841,16320,11936,28815,1349,393086588,1
2026-05-01T14:01:25.573,A1,1,13721,-63.8,-88.9,-25.1,150.04,104,16417,15604,11305,32184,1451,565107330,1
2026-05-01T14:01:25.693,A1,1,13722,-63.8,-88.4,-24.6,113.51,124,17829,14075,15144,32882,1463,712369121,1
2026-05-01T14:01:25.811,A1,1,13723,-62.8,-89.0,-26.1,127.59,116,13980,14801,12979,31578,1387,436688480,1
2026-05-01T14:01:25.900,A1,1,13724,-63.2,-88.2,-25.0,131.89,116,17114,15299,16242,34989,1482,436318265,1
2026-05-01T14:01:25.990,A1,1,13725,-63.3,-88.7,-25.5,128.1,136,17007,17421,11973,36727,1521,452377292,1
2026-05-01T14:01:26.173,A1,1,13726,-64.2,-88.8,-24.6,115.76,124,17028,14354,10548,29099,1397,389311115,1
2026-05-01T14:01:26.233,A1,1,13727,-63.2,-89.0,-25.8,122.58,112,14928,13729,10986,28356,1332,474376995,1
2026-05-01T14:01:26.350,A1,1,13728,-63.7,-89.4,-25.8,140.3,104,14883,14591,14392,36627,1538,386113173,1
2026-05-01T14:01:26.441,A1,1,13729,-63.3,-87.2,-23.9,163.53,108,16984,17661,15409,33295,1450,438130213,1
2026-05-01T14:01:26.563,A1,1,13730,-63.5,-89.1,-25.7,132.2,100,13165,13220,10880,25229,1268,408133110,1
2026-05-01T14:01:26.654,A1,1,13731,-63.9,-89.1,-25.2,126.08,112,13935,14121,10985,26766,1324,541543742,1
2026-05-01T14:01:26.772,A1,1,13732,-63.3,-88.8,-25.5,124.04,124,16354,15381,14804,36755,1523,475502639,1
2026-05-01T14:01:26.921,A1,1,13733,-62.7,-88.2,-25.5,135.31,112,15052,15155,13791,29744,1340,421062740,1
2026-05-01T14:01:26.951,A1,1,13734,-63.4,-88.9,-25.5,131.34,116,15017,15235,9426,28174,1337,434964673,1
2026-05-01T14:01:27.071,A1,1,13735,-63.1,-88.8,-25.7,143.75,108,15263,15525,13631,33915,1452,714705386,1
2026-05-01T14:01:27.193,A1,1,13736,-63.1,-88.9,-25.8,135.52,112,14170,15178,12363,30380,1373,752185497,1
2026-05-01T14:01:27.312,A1,1,13737,-63.2,-89.6,-26.4,127.42,112,14086,14271,10632,31628,1409,470979526,1
2026-05-01T14:01:27.400,A1,1,13738,-63.0,-89.4,-26.4,142.13,100,13655,14213,10389,29608,1353,484466108,1
2026-05-01T14:01:27.504,A1,1,13739,-62.9,-88.8,-25.9,113.38,136,16904,15420,13546,36679,1497,427558261,1
2026-05-01T14:01:27.612,A1,1,13740,-62.9,-87.7,-24.7,141.85,124,16732,17590,14932,34227,1450,453413610,1
2026-05-01T14:01:27.731,A1,1,13741,-63.5,-88.4,-25.0,130.17,120,17415,15620,12517,32335,1435,408328384,1
2026-05-01T14:01:27.823,A1,1,13742,-63.6,-88.9,-25.3,148.06,108,16539,15991,14145,36576,1533,431962540,1
2026-05-01T14:01:27.972,A1,1,13743,-63.5,-90.5,-27.0,141.09,112,12858,15802,9987,37933,1555,419351933,1
2026-05-01T14:01:28.030,A1,1,13744,-63.9,-89.7,-25.8,134.57,116,15048,15610,10704,35025,1516,435322764,1
2026-05-01T14:01:28.122,A1,1,13745,-63.5,-88.2,-24.7,153.05,112,16258,17142,16594,36225,1523,504065135,1
2026-05-01T14:01:28.243,A1,1,13746,-63.5,-89.6,-26.1,123.72,140,11996,17321,13066,36673,1533,456443920,1
2026-05-01T14:01:28.362,A1,1,13747,-63.3,-89.4,-26.1,107.86,116,15082,12512,13119,32305,1427,390763810,1
2026-05-01T14:01:28.483,A1,1,13748,-62.7,-88.2,-25.5,102.9,124,16337,12759,8612,23209,1185,728479358,1
2026-05-01T14:01:28.600,A1,1,13749,-63.9,-88.5,-24.6,131.36,116,16565,15238,9816,27154,1336,389732477,1
2026-05-01T14:01:28.784,A1,1,13750,-62.1,-85.4,-23.2,135.34,116,18156,15700,12352,27623,1268,392502607,1
2026-05-01T14:01:28.813,A1,1,13751,-62.6,-83.5,-21.0,132.84,136,14079,18066,11733,21525,1135,434826940,1
2026-05-01T14:01:28.902,A1,1,13752,-62.0,-83.6,-21.6,81.47,192,17836,15642,10716,23057,1152,547677880,1
2026-05-01T14:01:29.020,A1,1,13753,-64.5,-90.9,-26.5,153.22,104,10009,15935,9398,33642,1516,457130158,1
2026-05-01T14:01:29.141,A1,1,13754,-63.5,-86.2,-22.7,138.04,108,16936,14908,11494,23462,1224,413912018,1
2026-05-01T14:01:29.232,A1,1,13755,-63.6,-88.7,-25.1,116.26,140,14508,16276,11938,29612,1380,435318070,1
2026-05-01T14:01:29.351,A1,1,13756,-63.2,-90.8,-27.6,117.56,120,1165,14107,14021,31814,1410,482512499,1
2026-05-01T14:01:29.471,A1,1,13757,-61.5,-92.7,-31.2,56.54,84,7821,4749,5986,16755,966,385379432,1
2026-05-01T14:01:29.561,A1,1,13758,-61.4,-92.2,-30.8,65.29,92,9279,6007,3727,17051,970,452971073,1
2026-05-01T14:01:29.680,A1,1,13759,-62.0,-88.3,-26.2,98.42,124,16433,12204,9978,25239,1207,462709458,1
2026-05-01T14:01:29.802,A1,1,13760,-63.2,-91.6,-28.4,89.57,112,10008,10032,10607,30632,1386,713764581,1
2026-05-01T14:01:29.920,A1,1,13761,-63.7,-90.6,-27.0,120.44,104,13348,12526,9256,31583,1429,436706581,1
2026-05-01T14:01:30.071,A1,1,13762,-63.9,-89.5,-25.6,115.05,100,14300,11505,9531,24464,1266,452791203,1
2026-05-01T14:01:30.131,A1,1,13763,-63.8,-90.0,-26.2,120.65,96,13646,11582,6403,23328,1232,435383754,1
2026-05-01T14:01:30.251,A1,1,13764,-64.3,-90.6,-26.2,140.86,108,14548,15213,8893,36801,1579,457534727,1
2026-05-01T14:01:30.342,A1,1,13765,-62.7,-87.0,-24.2,121.21,136,14393,16484,12064,25405,1241,433245782,1
2026-05-01T14:01:30.433,A1,1,13766,-62.4,-88.2,-25.8,131.95,128,12919,16889,12146,28091,1288,387611903,1
2026-05-01T14:01:30.551,A1,1,13767,-63.3,-88.4,-25.0,152.34,104,7514,15843,16629,26571,1296,423660787,1
2026-05-01T14:01:30.671,A1,1,13768,-63.5,-87.0,-23.5,185.92,92,13877,17105,9876,22579,1200,389713588,1
2026-05-01T14:01:30.796,A1,1,13769,-63.9,-89.5,-25.5,167.95,104,6274,17467,11789,27211,1338,449302346,1
2026-05-01T14:01:30.912,A1,1,13770,-63.6,-91.3,-27.7,132.5,120,3397,15900,12464,37091,1546,450263986,1
2026-05-01T14:01:31.002,A1,1,13771,-63.1,-91.9,-28.8,106.03,116,3135,12300,12193,32138,1412,757482849,1
2026-05-01T14:01:31.121,A1,1,13772,-62.1,-91.8,-29.8,123.91,116,3494,14374,9163,33466,1391,386107778,1
2026-05-01T14:01:31.211,A1,1,13773,-61.7,-89.1,-27.4,110.42,124,9133,13692,12660,26018,1210,415157086,1
2026-05-01T14:01:31.301,A1,1,13774,-62.0,-88.4,-26.4,119.43,120,2768,14332,16904,24959,1199,459610170,1
2026-05-01T14:01:31.423,A1,1,13775,-61.7,-85.2,-23.5,156.47,108,1300,16899,17067,22310,1123,481086623,1
2026-05-01T14:01:31.542,A1,1,13776,-60.7,-79.6,-18.9,176.12,96,13457,16908,12472,17539,962,493364985,1
2026-05-01T14:01:31.661,A1,1,13777,-60.7,-81.3,-20.7,210.14,92,12677,19333,16717,25880,1166,390752363,1
2026-05-01T14:01:31.753,A1,1,13778,-60.0,-79.1,-19.1,171.7,100,17629,17170,11238,20902,1025,477498107,1
2026-05-01T14:01:31.872,A1,1,13779,-62.6,-92.4,-29.8,109.98,112,3734,12318,7908,27569,1287,436867832,1
2026-05-01T14:01:31.964,A1,1,13780,-63.4,-88.8,-25.3,65.41,212,14565,13866,11922,27203,1316,481584303,1
2026-05-01T14:01:32.051,A1,1,13781,-64.3,-90.1,-25.8,125.65,136,11509,17088,12743,37499,1592,481237353,1
2026-05-01T14:01:32.171,A1,1,13782,-65.0,-95.7,-30.7,63.56,120,1736,7627,8108,27885,1404,476944889,1
2026-05-01T14:01:32.292,A1,1,13783,-65.1,-93.5,-28.4,80.44,132,4424,10618,8581,27299,1396,436833824,1
2026-05-01T14:01:32.381,A1,1,13784,-64.6,-95.9,-31.3,53.67,100,6977,5367,4013,22179,1236,408373716,1
2026-05-01T14:01:32.473,A1,1,13785,-64.5,-95.1,-30.5,73.04,92,7441,6720,4636,24021,1284,547726492,1
2026-05-01T14:01:32.621,A1,1,13786,-64.7,-95.2,-30.5,67.29,104,9286,6998,5758,33736,1531,433211061,1
2026-05-01T14:01:32.680,A1,1,13787,-64.3,-92.3,-28.0,88.76,144,9367,12781,10311,37612,1593,482575721,1
2026-05-01T14:01:32.802,A1,1,13788,-63.8,-88.6,-24.8,122.81,136,18013,16702,10869,33786,1485,414487294,1
2026-05-01T14:01:32.893,A1,1,13789,-63.7,-82.5,-18.9,136.93,124,12836,16979,17155,20978,1164,451995655,1
2026-05-01T14:01:33.013,A1,1,13790,-66.1,-90.1,-24.0,133.12,128,12688,17040,10118,31035,1542,426568729,1
2026-05-01T14:01:33.103,A1,1,13791,-65.8,-93.6,-27.8,92.77,144,7518,13359,8442,39296,1717,422507795,1
2026-05-01T14:01:33.251,A1,1,13792,-66.8,-91.7,-25.0,112.6,128,3783,14413,13561,31758,1596,437004848,1
2026-05-01T14:01:33.343,A1,1,13793,-66.2,-90.0,-23.8,200.58,88,10166,17651,13701,33202,1599,389583219,1
2026-05-01T14:01:33.463,A1,1,13794,-65.9,-89.6,-23.7,193.42,88,11561,17021,15353,33279,1584,435222634,1
2026-05-01T14:01:33.553,A1,1,13795,-66.0,-91.4,-25.4,127.34,96,7212,12225,11595,25876,1402,429322665,1
2026-05-01T14:01:33.640,A1,1,13796,-65.0,-86.6,-21.6,163.1,104,3218,16962,17492,20456,1205,391929497,1
2026-05-01T14:01:33.761,A1,1,13797,-65.5,-88.9,-23.4,196.14,72,736,14122,13964,17485,1131,430803362,1
2026-05-01T14:01:33.852,A1,1,13798,-64.7,-84.0,-19.3,224.27,80,7924,17942,15880,18473,1133,485376679,1
2026-05-01T14:01:33.972,A1,1,13799,-66.3,-88.6,-22.4,159.67,104,1978,16606,19669,26415,1429,433756161,1
2026-05-01T14:01:34.063,A1,1,13800,-64.2,-78.4,-14.2,240.8,80,15286,19264,17566,18567,1116,704990057,1
2026-05-01T14:01:34.152,A1,1,13801,-65.1,-78.6,-13.5,223.21,80,15842,17857,12037,13820,993,450004932,1
2026-05-01T14:01:34.301,A1,1,13802,-65.2,-80.2,-14.9,224.98,80,11021,17998,14703,14173,1010,398373730,1
2026-05-01T14:01:34.391,A1,1,13803,-64.8,-79.9,-15.1,265.81,64,11526,17012,12974,12823,946,387679777,1
2026-05-01T14:01:34.511,A1,1,13804,-65.4,-79.6,-14.1,221.73,92,19134,20399,17481,22038,1268,392199052,1
2026-05-01T14:01:34.602,A1,1,13805,-63.4,-79.8,-16.4,189.96,96,19299,18236,12356,20361,1136,412918114,1
2026-05-01T14:01:34.721,A1,1,13806,-63.1,-79.7,-16.6,227.25,84,17231,19089,12625,19661,1107,430130257,1
2026-05-01T14:01:34.844,A1,1,13807,-62.4,-78.0,-15.6,267.14,64,12328,17097,15681,15497,957,436580796,1
2026-05-01T14:01:34.901,A1,1,13808,-64.2,-82.8,-18.6,202.38,88,12833,17809,13115,18048,1101,438418212,1
2026-05-01T14:01:34.990,A1,1,13809,-63.5,-84.2,-20.7,222.04,84,11677,18651,15736,23276,1221,424892204,1
2026-05-01T14:01:35.112,A1,1,13810,-63.3,-81.8,-18.5,224.43,76,14307,17057,9557,16088,1006,435128370,1
2026-05-01T14:01:35.231,A1,1,13811,-63.4,-77.5,-14.1,271.65,68,14977,18472,16239,16702,1031,734486705,1
2026-05-01T14:01:35.381,A1,1,13812,-64.5,-89.7,-25.2,152.43,88,6644,13414,13029,22342,1237,450112417,1
2026-05-01T14:01:35.442,A1,1,13813,-63.9,-78.0,-14.1,257.85,68,12682,17534,15677,14402,973,405750439,1
2026-05-01T14:01:35.531,A1,1,13814,-65.7,-89.0,-23.3,167.87,92,5028,15444,15397,22365,1290,388746083,1
2026-05-01T14:01:35.651,A1,1,13815,-64.0,-85.2,-21.1,209.58,76,16524,15928,10304,20773,1174,425353271,1
2026-05-01T14:01:35.770,A1,1,13816,-67.0,-93.2,-26.2,71.61,88,9813,6302,6932,19803,1270,714179053,1
2026-05-01T14:01:35.891,A1,1,13817,-66.1,-90.0,-24.0,149.4,72,9025,10757,12043,19018,1205,402142579,1
2026-05-01T14:01:35.981,A1,1,13818,-64.7,-90.9,-26.2,154.8,100,8150,15480,10163,30268,1450,476679232,1
2026-05-01T14:01:36.101,A1,1,13819,-63.0,-77.1,-14.1,202.82,84,14708,17037,13306,13815,923,401577478,1
2026-05-01T14:01:36.311,A1,1,13820,-64.4,-85.8,-21.4,181.83,92,7367,16728,13521,17282,1085,407398044,1
2026-05-01T14:01:36.371,A1,1,13821,-63.7,-82.1,-18.4,188.54,92,14202,17346,12361,17814,1073,518526040,1
2026-05-01T14:01:36.490,A1,1,13822,-69.0,-88.3,-19.3,148.49,112,13489,16631,15975,21724,1425,451794778,1
2026-05-01T14:01:36.582,A1,1,13823,-67.6,-96.5,-28.9,74.39,96,1953,7141,5822,19481,1284,391505938,1
2026-05-01T14:01:36.760,A1,1,13824,-66.6,-92.0,-25.5,55.21,184,17893,10158,9111,42975,1843,432396218,1
2026-05-01T14:01:36.821,A1,1,13825,-63.9,-80.9,-16.9,205.65,84,17522,17275,13586,19387,1130,519732068,1
2026-05-01T14:01:36.911,A1,1,13826,-62.9,-83.4,-20.4,169.35,100,9343,16935,18233,22080,1165,432292710,1
2026-05-01T14:01:37.001,A1,1,13827,-63.3,-85.1,-21.8,184.57,84,10063,15504,16937,21588,1167,387860269,1
2026-05-01T14:01:37.121,A1,1,13828,-63.4,-83.2,-19.8,242.25,72,13971,17442,13212,20218,1132,450462397,1
2026-05-01T14:01:37.243,A1,1,13829,-63.3,-81.2,-17.9,237.45,76,16083,18046,11369,18684,1086,463191849,1
2026-05-01T14:01:37.361,A1,1,13830,-62.7,-78.4,-15.7,203.87,84,13503,17125,14358,15388,964,445354708,1
2026-05-01T14:01:37.451,A1,1,13831,-64.5,-82.9,-18.4,125.75,140,12500,17605,18471,21928,1225,412775477,1
2026-05-01T14:01:37.572,A1,1,13832,-63.5,-85.5,-21.9,146.3,124,11396,18141,16277,25082,1268,452284448,1
2026-05-01T14:01:37.692,A1,1,13833,-62.6,-81.7,-19.1,156.67,116,17002,18174,13732,23087,1176,388756281,1
2026-05-01T14:01:37.813,A1,1,13834,-62.6,-80.6,-18.0,180.7,92,12007,16624,14494,16729,1002,412531605,1
2026-05-01T14:01:37.961,A1,1,13835,-62.3,-78.7,-16.4,162.07,108,14518,17504,16367,18658,1046,404319431,1
2026-05-01T14:01:38.020,A1,1,13836,-62.1,-82.4,-20.2,174.7,96,13546,16771,10033,17420,1007,386364902,1
2026-05-01T14:01:38.172,A1,1,13837,-62.6,-82.5,-19.9,175.88,104,17200,18292,11216,22769,1171,430108270,1
2026-05-01T14:01:38.262,A1,1,13838,-62.1,-80.3,-18.2,150.25,120,15413,18030,13058,19655,1068,710096110,1
2026-05-01T14:01:38.411,A1,1,13839,-63.0,-82.9,-19.9,169.11,100,16417,16911,10219,19964,1109,397472869,1
2026-05-01T14:01:38.502,A1,1,13840,-63.1,-81.8,-18.7,201.43,88,11845,17726,14845,18797,1080,459583438,1
2026-05-01T14:01:38.621,A1,1,13841,-62.9,-81.7,-18.8,149.39,112,17024,16732,13029,20711,1125,407101308,1
2026-05-01T14:01:38.712,A1,1,13842,-62.7,-81.6,-19.0,135.75,124,15899,16833,17921,24275,1210,435444195,1
2026-05-01T14:01:38.833,A1,1,13843,-62.9,-85.4,-22.5,129.78,132,9750,17131,15072,22165,1167,431115349,1
2026-05-01T14:01:38.921,A1,1,13844,-62.6,-81.3,-18.7,183.41,108,14979,19808,16179,24369,1211,474514018,1
2026-05-01T14:01:39.012,A1,1,13845,-62.1,-79.5,-17.4,145.01,124,16081,17981,16493,21621,1120,457660954,1
2026-05-01T14:01:39.130,A1,1,13846,-63.1,-81.1,-18.1,154.74,108,13409,16712,15796,18810,1080,466433374,1
2026-05-01T14:01:39.253,A1,1,13847,-62.7,-80.5,-17.8,194.58,88,14542,17123,12078,17027,1014,467330410,1
2026-05-01T14:01:39.343,A1,1,13848,-63.6,-83.9,-20.3,151.36,120,13296,18163,10810,19384,1116,448504486,1
2026-05-01T14:01:39.463,A1,1,13849,-63.2,-80.1,-16.9,149.22,128,14960,19100,16690,21313,1154,762320651,1
2026-05-01T14:01:39.550,A1,1,13850,-62.4,-81.3,-18.8,140.77,124,15533,17455,12028,19363,1072,391552944,1
2026-05-01T14:01:39.671,A1,1,13851,-62.9,-82.3,-19.4,170.19,112,14845,19061,14908,23483,1201,433393980,1
2026-05-01T14:01:39.821,A1,1,13852,-63.7,-83.6,-19.9,134.11,116,17480,15557,8905,18877,1105,473843372,1
2026-05-01T14:01:39.912,A1,1,13853,-67.2,-80.7,-13.5,151.02,128,14713,19331,18558,18132,1223,390982502,1
2026-05-01T14:01:40.000,A1,1,13854,-63.1,-80.9,-17.8,145.74,132,17045,19238,17933,25625,1261,436872783,1
2026-05-01T14:01:40.122,A1,1,13855,-62.9,-82.0,-19.1,142.64,128,17242,18258,13285,22975,1188,710063974,1
2026-05-01T14:01:40.242,A1,1,13856,-62.9,-84.2,-21.3,148.31,112,13971,16611,9979,18952,1079,474506476,1
2026-05-01T14:01:40.332,A1,1,13857,-62.8,-83.5,-20.7,158.43,108,13032,17110,11390,18863,1072,445209964,1
2026-05-01T14:01:40.450,A1,1,13858,-63.9,-83.9,-20.0,164.29,112,13411,18401,17787,25409,1292,419900445,1
2026-05-01T14:01:40.571,A1,1,13859,-63.4,-83.4,-20.1,162.44,108,13173,17543,16600,23071,1208,387206997,1
2026-05-01T14:01:40.661,A1,1,13860,-63.3,-86.8,-23.5,127.67,136,16642,17363,11851,27805,1326,436344371,1
2026-05-01T14:01:40.783,A1,1,13861,-63.5,-83.9,-20.4,161.82,104,13947,16829,14468,21434,1172,459832469,1
2026-05-01T14:01:40.903,A1,1,13862,-63.2,-84.0,-20.8,139.93,120,16433,16792,14050,24126,1229,475371590,1
2026-05-01T14:01:40.991,A1,1,13863,-63.1,-81.7,-18.6,146.23,116,15052,16963,13259,18997,1088,751124681,1
2026-05-01T14:01:41.112,A1,1,13864,-62.7,-79.8,-17.1,173.96,100,15432,17396,16490,20198,1105,385069213,1
2026-05-01T14:01:41.201,A1,1,13865,-63.1,-82.2,-19.2,170.85,96,13149,16402,11798,16657,1017,453557759,1
2026-05-01T14:01:41.293,A1,1,13866,-62.6,-79.1,-16.5,172.7,100,14309,17270,16151,18195,1045,565273936,1
2026-05-01T14:01:41.413,A1,1,13867,-62.4,-78.4,-16.0,142.23,124,15256,17637,17660,19724,1082,410524571,1
2026-05-01T14:01:41.530,A1,1,13868,-63.0,-81.1,-18.2,140.88,112,16676,15779,9655,16611,1011,575261925,1
2026-05-01T14:01:41.652,A1,1,13869,-62.9,-80.4,-17.5,140.13,128,17419,17937,12255,19808,1102,526230327,1
2026-05-01T14:01:41.771,A1,1,13870,-63.1,-80.3,-17.2,165.81,100,13004,16581,15521,17168,1032,388062682,1
2026-05-01T14:01:41.864,A1,1,13871,-63.0,-80.2,-17.2,150.1,124,16671,18613,16817,22715,1183,512098961,1
2026-05-01T14:01:41.982,A1,1,13872,-62.9,-80.5,-17.6,120.7,136,13904,16415,12607,15969,989,450626629,1
2026-05-01T14:01:42.102,A1,1,13873,-62.5,-88.1,-25.6,116.61,124,11409,14460,9696,19751,1086,447485814,1
2026-05-01T14:01:42.190,A1,1,13874,-63.3,-89.9,-26.5,135.5,124,6941,16802,13416,32827,1440,444210802,1
2026-05-01T14:01:42.341,A1,1,13875,-64.0,-91.5,-27.4,114.72,88,4517,10095,9400,18750,1115,431814945,1
2026-05-01T14:01:42.403,A1,1,13876,-63.4,-92.1,-28.7,78.65,112,7274,8809,9165,23109,1213,388013407,1
2026-05-01T14:01:42.522,A1,1,13877,-63.3,-91.3,-28.0,72.32,108,7968,7811,10614,21465,1165,462687217,1
2026-05-01T14:01:42.640,A1,1,13878,-63.4,-91.1,-27.8,105.65,112,8304,11833,10663,27874,1328,459881546,1
2026-05-01T14:01:42.762,A1,1,13879,-62.7,-90.9,-28.2,84.67,120,9620,10160,10676,26668,1271,397084363,1
2026-05-01T14:01:42.851,A1,1,13880,-63.4,-90.4,-27.0,71.13,112,11145,7967,9551,20195,1134,387384492,1
2026-05-01T14:01:42.973,A1,1,13881,-63.7,-89.9,-26.2,90.59,88,12851,7972,10176,21070,1169,406024863,1
2026-05-01T14:01:43.062,A1,1,13882,-63.4,-92.3,-28.9,81.25,132,8623,10725,6342,25899,1281,447114936,1
2026-05-01T14:01:43.331,A1,1,13883,-63.3,-90.7,-27.3,71.11,132,11141,9387,10647,25161,1260,446964821,1
2026-05-01T14:01:43.420,A1,1,13884,-63.9,-91.3,-27.3,80.01,128,8283,10241,8664,21180,1181,398464098,1
2026-05-01T14:01:43.421,A1,1,13885,-64.0,-91.4,-27.4,62.37,108,10389,6736,10156,22611,1224,502169704,1
2026-05-01T14:01:43.571,A1,1,13886,-63.0,-91.9,-28.9,84.9,96,8451,8150,8514,22155,1171,734104799,1
2026-05-01T14:01:43.630,A1,1,13887,-63.3,-92.9,-29.6,102.55,88,5772,9024,6500,20579,1139,435045993,1
2026-05-01T14:01:43.750,A1,1,13888,-63.9,-92.6,-28.8,79.82,104,7838,8301,8764,24389,1265,406338068,1
2026-05-01T14:01:43.841,A1,1,13889,-63.1,-92.2,-29.1,67.06,108,8532,7243,11023,27425,1306,424461286,1
2026-05-01T14:01:43.963,A1,1,13890,-63.5,-92.1,-28.6,65.51,116,8591,7599,10296,25383,1272,417474650,1
2026-05-01T14:01:44.082,A1,1,13891,-62.9,-93.0,-30.0,94.28,112,4726,10559,7616,26053,1266,755299501,1
2026-05-01T14:01:44.173,A1,1,13892,-63.5,-92.0,-28.5,58.13,100,8307,5813,10239,21600,1174,385742174,1
2026-05-01T14:01:44.290,A1,1,13893,-63.4,-93.2,-29.9,80.37,100,4096,8037,7460,19101,1100,719044613,1
2026-05-01T14:01:44.412,A1,1,13894,-62.8,-93.2,-30.4,111.96,84,4759,9405,5992,21303,1139,481462523,1
2026-05-01T14:01:44.503,A1,1,13895,-63.7,-93.3,-29.5,82.64,112,5599,9256,5256,19817,1135,661027627,1
2026-05-01T14:01:44.592,A1,1,13896,-63.6,-93.5,-29.9,99.82,80,3972,7986,6880,18450,1091,450522247,1
2026-05-01T14:01:44.742,A1,1,13897,-64.3,-92.4,-28.0,68.42,116,7432,7937,10069,23443,1259,434743914,1
2026-05-01T14:01:44.831,A1,1,13898,-63.8,-90.1,-26.2,121.95,100,5154,12195,12460,21591,1188,762626579,1
2026-05-01T14:01:44.921,A1,1,13899,-63.3,-89.4,-26.1,128.69,104,7927,13384,9682,19574,1112,449054128,1
2026-05-01T14:01:45.011,A1,1,13900,-63.5,-89.9,-26.5,115.44,116,8022,13391,12870,26403,1297,432973062,1
2026-05-01T14:01:45.132,A1,1,13901,-62.9,-90.6,-27.8,77.37,116,11509,8975,9613,24278,1218,470897540,1
2026-05-01T14:01:45.252,A1,1,13902,-63.2,-93.8,-30.6,102.89,92,1151,9466,9472,28908,1343,405712204,1
2026-05-01T14:01:45.371,A1,1,13903,-63.3,-91.9,-28.5,67.5,112,12130,7560,6158,24705,1249,448267937,1
2026-05-01T14:01:45.493,A1,1,13904,-63.7,-93.0,-29.3,65.93,92,4878,6066,9441,19221,1115,765923045,1
2026-05-01T14:01:45.613,A1,1,13905,-63.7,-95.7,-32.1,65.65,96,5677,6302,5017,23685,1237,418059772,1
2026-05-01T14:01:45.731,A1,1,13906,-62.5,-89.7,-27.2,102.76,152,9888,15619,9359,28411,1301,477979893,1
2026-05-01T14:01:45.791,A1,1,13907,-62.0,-90.7,-28.7,91.8,128,7410,11751,7321,21271,1108,431382712,1
2026-05-01T14:01:45.911,A1,1,13908,-63.4,-91.3,-27.9,93.16,124,6495,11552,8002,21536,1171,385708157,1
2026-05-01T14:01:46.032,A1,1,13909,-63.5,-90.6,-27.1,93.55,152,8957,14219,8662,26671,1305,436983617,1
2026-05-01T14:01:46.121,A1,1,13910,-63.1,-90.3,-27.2,69.22,120,8599,8306,10454,18435,1071,479467243,1
2026-05-01T14:01:46.241,A1,1,13911,-63.5,-90.2,-26.7,67.03,144,10582,9653,14131,27990,1338,388607441,1
2026-05-01T14:01:46.360,A1,1,13912,-63.2,-91.2,-28.0,93.1,120,8079,11172,8177,22576,1189,498303241,1
2026-05-01T14:01:46.482,A1,1,13913,-62.9,-90.5,-27.5,81.46,136,8024,11079,10510,22605,1179,413441700,1
2026-05-01T14:01:46.571,A1,1,13914,-63.4,-90.9,-27.5,99.83,124,6808,12379,9126,23155,1214,607070068,1
2026-05-01T14:01:46.692,A1,1,13915,-63.4,-90.8,-27.3,90.19,124,7466,11183,10588,23103,1212,737624032,1
2026-05-01T14:01:46.781,A1,1,13916,-63.3,-91.4,-28.0,80.89,132,7285,10678,10254,24725,1250,411368285,1
2026-05-01T14:01:46.873,A1,1,13917,-62.7,-91.1,-28.4,92.55,128,8101,11846,6729,22555,1168,402642714,1
2026-05-01T14:01:46.991,A1,1,13918,-63.0,-90.9,-27.9,96.05,132,7525,12679,9008,24790,1238,431680431,1
2026-05-01T14:01:47.082,A1,1,13919,-62.6,-90.9,-28.2,133.14,84,7106,11184,7326,19537,1085,637257213,1
2026-05-01T14:01:47.172,A1,1,13920,-62.7,-90.8,-28.0,97.18,128,8313,12439,8436,24356,1215,480122599,1
2026-05-01T14:01:47.261,A1,1,13921,-63.5,-90.4,-26.9,80.34,144,8061,11569,11562,24064,1241,451392719,1
2026-05-01T14:01:47.411,A1,1,13922,-62.8,-91.1,-28.3,84.28,148,7514,12473,10913,29246,1335,388352271,1
2026-05-01T14:01:47.501,A1,1,13923,-63.4,-91.6,-28.2,78.29,136,8863,10648,6539,22441,1193,736879659,1
2026-05-01T14:01:47.601,A1,1,13924,-62.7,-90.2,-27.5,66.93,136,10394,9103,12458,25083,1232,480544285,1
2026-05-01T14:01:47.714,A1,1,13925,-63.1,-90.5,-27.4,89.48,140,7865,12527,10460,25048,1248,460805509,1
2026-05-01T14:01:47.831,A1,1,13926,-63.5,-90.3,-26.8,80.83,136,8146,10993,11056,21795,1181,404334184,1
2026-05-01T14:01:47.981,A1,1,13927,-62.3,-90.7,-28.4,78.35,144,8752,11283,10636,26459,1249,433267729,1
2026-05-01T14:01:48.071,A1,1,13928,-62.8,-90.2,-27.4,73.39,124,8761,9100,10529,19369,1086,727093997,1
2026-05-01T14:01:48.162,A1,1,13929,-63.1,-90.7,-27.5,101.36,108,8053,10947,11075,24221,1229,760823777,1
2026-05-01T14:01:48.252,A1,1,13930,-63.8,-90.9,-27.1,86.37,144,6925,12437,9567,23374,1233,427479426,1
2026-05-01T14:01:48.371,A1,1,13931,-62.9,-90.9,-28.0,67.24,136,8152,9144,12501,25697,1255,416924321,1
2026-05-01T14:01:48.462,A1,1,13932,-63.1,-90.8,-27.7,100.62,136,9412,13685,8584,28401,1330,497922668,1
2026-05-01T14:01:48.582,A1,1,13933,-62.9,-90.7,-27.8,118.92,100,8206,11892,9895,24500,1224,716652347,1
2026-05-01T14:01:48.672,A1,1,13934,-63.1,-90.4,-27.3,119.73,108,8400,12931,10410,25450,1258,434689683,1
2026-05-01T14:01:48.792,A1,1,13935,-63.0,-90.9,-28.0,83.73,132,7691,11052,10601,24784,1235,427186131,1
2026-05-01T14:01:48.881,A1,1,13936,-62.5,-90.3,-27.8,77.16,132,9080,10185,11049,23131,1174,440284957,1
2026-05-01T14:01:49.001,A1,1,13937,-62.5,-89.7,-27.2,89.47,96,10279,8589,10978,19728,1086,497800680,1
2026-05-01T14:01:49.092,A1,1,13938,-63.1,-91.3,-28.2,92.22,128,6649,11804,7723,22050,1170,496886126,1
2026-05-01T14:01:49.212,A1,1,13939,-63.3,-90.6,-27.3,92.5,124,9686,11470,10277,25354,1264,405363343,1
2026-05-01T14:01:49.302,A1,1,13940,-61.8,-89.9,-28.1,67.43,132,10776,8901,10884,22461,1130,433669587,1
2026-05-01T14:01:49.392,A1,1,13941,-62.5,-91.0,-28.4,82.96,136,7930,11282,10610,26522,1259,417176340,1
2026-05-01T14:01:49.512,A1,1,13942,-63.0,-90.4,-27.4,73.14,136,9925,9947,12019,25274,1248,456259237,1
2026-05-01T14:01:49.633,A1,1,13943,-62.4,-91.2,-28.7,82.85,136,6735,11267,10875,26848,1263,451407389,1
2026-05-01T14:01:49.722,A1,1,13944,-62.9,-89.9,-27.0,98.13,112,12198,10991,13055,29231,1338,439514774,1
2026-05-01T14:01:49.811,A1,1,13945,-62.6,-91.0,-28.4,106.19,112,7183,11893,10910,27653,1290,446104474,1
2026-05-01T14:01:49.931,A1,1,13946,-62.8,-91.1,-28.2,120.25,96,8489,11544,10155,27065,1285,391681278,1
2026-05-01T14:01:50.051,A1,1,13947,-63.5,-90.7,-27.2,125.09,108,7730,13510,10517,27179,1317,422525817,1
2026-05-01T14:01:50.171,A1,1,13948,-64.1,-90.5,-26.4,78.09,168,9153,13119,11715,27856,1360,411575314,1
2026-05-01T14:01:50.260,A1,1,13949,-63.2,-90.7,-27.5,84.79,144,7694,12210,10718,25356,1258,456611024,1
2026-05-01T14:01:50.352,A1,1,13950,-62.8,-91.1,-28.2,81.89,132,7063,10809,10101,23628,1200,432222163,1
2026-05-01T14:01:50.471,A1,1,13951,-63.2,-91.0,-27.8,79.29,144,7778,11418,11464,27376,1309,467144145,1
2026-05-01T14:01:50.622,A1,1,13952,-63.1,-91.0,-27.8,89.19,132,7490,11773,10066,24965,1247,723597831,1
2026-05-01T14:01:50.715,A1,1,13953,-62.7,-90.9,-28.3,92.31,124,7214,11446,7883,21107,1128,425912049,1
2026-05-01T14:01:50.802,A1,1,13954,-62.8,-90.8,-28.0,95.2,120,7242,11424,7531,19949,1104,455265205,1
2026-05-01T14:01:50.953,A1,1,13955,-62.7,-90.9,-28.2,121.49,96,7806,11663,7267,21493,1140,409972024,1
2026-05-01T14:01:51.041,A1,1,13956,-62.8,-91.2,-28.3,77.9,120,7409,9348,10421,22538,1172,460904273,1
2026-05-01T14:01:51.191,A1,1,13957,-63.3,-90.2,-27.0,73.73,140,11310,10322,11902,26573,1292,395858082,1
2026-05-01T14:01:51.251,A1,1,13958,-62.9,-91.0,-28.1,128.7,92,7199,11840,8989,23305,1195,452778771,1
2026-05-01T14:01:51.373,A1,1,13959,-63.0,-91.5,-28.5,85.93,128,7657,10999,8262,23931,1217,438990588,1
2026-05-01T14:01:51.490,A1,1,13960,-63.4,-91.6,-28.2,88.87,128,6725,11375,8724,23879,1232,469495247,1
2026-05-01T14:01:51.612,A1,1,13961,-62.7,-91.1,-28.4,103.81,108,7565,11212,6722,20577,1115,419788397,1
2026-05-01T14:01:51.733,A1,1,13962,-63.3,-91.2,-27.9,90.73,132,7202,11976,10328,26683,1298,390178124,1
2026-05-01T14:01:51.882,A1,1,13963,-62.6,-91.3,-28.7,98.07,120,8096,11768,6956,23616,1189,730735963,1
2026-05-01T14:01:51.971,A1,1,13964,-62.9,-91.4,-28.5,95.98,128,7947,12286,9008,28028,1312,411261294,1
2026-05-01T14:01:52.091,A1,1,13965,-63.1,-90.7,-27.6,74.97,120,7504,8997,10346,19490,1101,756242144,1
2026-05-01T14:01:52.183,A1,1,13966,-62.9,-90.9,-27.9,86.68,136,7434,11789,9769,24253,1221,386169296,1
2026-05-01T14:01:52.303,A1,1,13967,-63.0,-90.3,-27.4,109.09,92,8288,10036,10581,20735,1130,397321376,1
2026-05-01T14:01:52.392,A1,1,13968,-63.1,-90.6,-27.5,82.73,136,7951,11251,11098,24073,1222,456534073,1
2026-05-01T14:01:52.482,A1,1,13969,-62.9,-90.3,-27.4,69.56,116,8617,8069,10625,18499,1066,417057569,1
2026-05-01T14:01:52.602,A1,1,13970,-62.9,-90.7,-27.8,84.42,144,9032,12157,10944,27962,1309,424277481,1
2026-05-01T14:01:52.691,A1,1,13971,-62.6,-90.3,-27.7,103.48,100,10108,10348,12411,27239,1277,417108526,1
2026-05-01T14:01:52.812,A1,1,13972,-62.5,-91.3,-28.8,90.89,128,8073,11634,7886,24924,1220,433042983,1
2026-05-01T14:01:52.932,A1,1,13973,-63.3,-90.8,-27.5,90.23,132,9165,11911,10686,27314,1310,419423190,1
2026-05-01T14:01:53.022,A1,1,13974,-62.7,-90.9,-28.2,89.04,136,7660,12109,10236,26395,1264,453993579,1
2026-05-01T14:01:53.171,A1,1,13975,-62.6,-90.6,-28.0,105.03,120,8291,12604,11473,28933,1320,402537288,1
2026-05-01T14:01:53.260,A1,1,13976,-62.9,-91.1,-28.2,100.6,112,6816,11267,7755,20719,1126,386076337,1
2026-05-01T14:01:53.382,A1,1,13977,-62.8,-91.0,-28.2,105.58,108,7120,11403,7211,20229,1108,455370530,1
2026-05-01T14:01:53.472,A1,1,13978,-62.3,-91.1,-28.9,85.72,132,7466,11315,10172,26556,1248,503377728,1
2026-05-01T14:01:53.591,A1,1,13979,-63.1,-91.0,-28.0,98.1,124,7106,12164,8547,23317,1202,715953718,1
2026-05-01T14:01:53.711,A1,1,13980,-63.1,-91.1,-28.0,101.87,132,7392,13447,9144,27510,1307,491801786,1
2026-05-01T14:01:53.832,A1,1,13981,-62.8,-90.6,-27.8,81.28,124,7577,10079,10805,21756,1151,392826258,1
2026-05-01T14:01:53.952,A1,1,13982,-63.5,-91.0,-27.5,89.55,140,7404,12537,9784,25627,1279,389740925,1
2026-05-01T14:01:54.073,A1,1,13983,-62.8,-91.1,-28.2,92.3,124,6736,11445,10117,24505,1223,453232705,1
2026-05-01T14:01:54.191,A1,1,13984,-63.4,-90.4,-27.0,84.56,120,11508,10147,11187,26084,1287,391162080,1
2026-05-01T14:01:54.280,A1,1,13985,-63.0,-90.0,-27.0,88.89,88,10204,7822,11571,20195,1117,474228439,1
2026-05-01T14:01:54.370,A1,1,13986,-62.8,-91.1,-28.3,102.16,108,6760,11033,7218,19567,1093,416852653,1
2026-05-01T14:01:54.493,A1,1,13987,-62.9,-90.6,-27.7,127.4,96,7462,12230,8444,21566,1150,416269145,1
2026-05-01T14:01:54.701,A1,1,13988,-63.2,-91.3,-28.1,94.16,124,6359,11676,8489,22472,1184,454521139,1
2026-05-01T14:01:54.702,A1,1,13989,-63.0,-90.7,-27.8,92.79,136,8058,12619,10640,27131,1292,448139139,1
2026-05-01T14:01:54.790,A1,1,13990,-62.6,-90.3,-27.7,104.01,112,9544,11649,12468,28572,1308,393974760,1
2026-05-01T14:01:54.912,A1,1,13991,-63.4,-91.1,-27.7,100.27,128,6848,12835,8230,23997,1235,401624421,1
2026-05-01T14:01:55.031,A1,1,13992,-63.5,-90.5,-27.0,80.04,128,10840,10245,10848,25183,1268,468067281,1
2026-05-01T14:01:55.153,A1,1,13993,-63.3,-90.0,-26.7,66.34,116,10977,7696,11377,20599,1141,390094480,1
2026-05-01T14:01:55.272,A1,1,13994,-63.2,-90.6,-27.5,117.12,84,7790,9838,9981,19969,1117,403062930,1
2026-05-01T14:01:55.390,A1,1,13995,-63.3,-91.2,-27.9,89.33,128,6593,11434,8794,21995,1176,526290533,1
2026-05-01T14:01:55.542,A1,1,13996,-63.6,-90.4,-26.8,95.83,84,8976,8050,11033,19131,1108,758750102,1
2026-05-01T14:01:55.662,A1,1,13997,-63.1,-91.3,-28.2,108.19,104,7946,11252,9084,24653,1239,410179378,1
2026-05-01T14:01:55.782,A1,1,13998,-63.4,-90.6,-27.2,102.37,104,9495,10646,11964,26345,1293,446917775,1
2026-05-01T14:01:55.900,A1,1,13999,-63.4,-90.4,-27.0,105.84,92,10501,9737,13256,27544,1320,447801407,1
2026-05-01T14:01:56.023,A1,1,14000,-63.5,-90.5,-27.0,76.39,140,9357,10695,11724,25139,1268,407887853,1
2026-05-01T14:01:56.142,A1,1,14001,-63.5,-91.4,-27.9,79.39,140,7642,11114,9700,25077,1268,428172993,1
2026-05-01T14:01:56.232,A1,1,14002,-62.9,-90.4,-27.5,78.93,136,9075,10734,11978,25406,1248,479114578,1
2026-05-01T14:01:56.350,A1,1,14003,-63.3,-91.3,-27.9,124.6,92,6556,11463,9004,22739,1198,444083876,1
2026-05-01T14:01:56.470,A1,1,14004,-63.3,-90.9,-27.6,108.62,108,7955,11731,11336,26935,1301,409438017,1
2026-05-01T14:01:56.562,A1,1,14005,-63.0,-91.2,-28.2,81.51,128,7140,10433,10235,23556,1204,450611790,1
2026-05-01T14:01:56.682,A1,1,14006,-62.9,-91.3,-28.4,112.88,104,6799,11740,7730,22659,1178,473506595,1
2026-05-01T14:01:56.830,A1,1,14007,-62.6,-91.2,-28.6,80.45,144,7758,11585,10613,28386,1306,454158345,1
2026-05-01T14:01:56.921,A1,1,14008,-63.0,-91.0,-28.0,102.3,124,7418,12685,9478,26142,1270,386628136,1
2026-05-01T14:01:56.981,A1,1,14009,-63.0,-90.3,-27.2,95.1,108,10648,10271,12095,26380,1277,447741787,1
2026-05-01T14:01:57.101,A1,1,14010,-62.7,-91.1,-28.4,102.46,116,8222,11885,7005,23266,1186,394005987,1
2026-05-01T14:01:57.221,A1,1,14011,-63.2,-91.3,-28.1,99.53,116,7222,11545,7141,21261,1153,409043355,1
2026-05-01T14:01:57.340,A1,1,14012,-63.2,-91.0,-27.8,92.58,144,7801,13332,9923,28412,1332,451249196,1
2026-05-01T14:01:57.460,A1,1,14013,-63.6,-91.0,-27.4,85.25,148,7437,12617,9898,25726,1286,463052127,1
2026-05-01T14:01:57.582,A1,1,14014,-63.0,-91.0,-28.0,87.25,140,7668,12215,10171,26862,1287,388784811,1
2026-05-01T14:01:57.702,A1,1,14015,-63.2,-90.7,-27.4,84.16,140,8452,11782,10783,25604,1268,415812938,1
2026-05-01T14:01:57.791,A1,1,14016,-62.9,-91.1,-28.2,102.14,112,7744,11440,6379,20414,1119,416631208,1
2026-05-01T14:01:57.911,A1,1,14017,-63.3,-91.7,-28.4,82.99,128,8624,10623,6388,22306,1186,474766169,1
2026-05-01T14:01:58.000,A1,1,14018,-63.5,-90.6,-27.2,71.31,148,9701,10554,11613,25795,1282,496231968,1
2026-05-01T14:01:58.152,A1,1,14019,-63.3,-91.1,-27.8,83.55,128,7953,10695,9617,23318,1211,387072852,1
2026-05-01T14:01:58.242,A1,1,14020,-63.3,-91.1,-27.8,103.98,124,8480,12894,8777,27241,1310,599164643,1
2026-05-01T14:01:58.331,A1,1,14021,-63.2,-90.8,-27.6,101.2,104,7034,10525,10097,21278,1155,452017352,1
2026-05-01T14:01:58.451,A1,1,14022,-63.2,-91.5,-28.3,86.83,132,8734,11461,8727,26669,1291,452633644,1
2026-05-01T14:01:58.572,A1,1,14023,-63.3,-90.6,-27.3,78.99,136,8082,10743,11598,24015,1229,515353238,1
2026-05-01T14:01:58.692,A1,1,14024,-63.6,-91.0,-27.4,91.71,136,7482,12472,10033,25413,1278,453178236,1
2026-05-01T14:01:58.783,A1,1,14025,-72.8,-91.2,-18.4,107.41,116,8050,12459,7145,12345,1224,503956979,1
2026-05-01T14:01:58.900,A1,1,14026,-63.5,-90.5,-26.9,70.34,128,9629,9004,11624,22557,1202,405489493,1
2026-05-01T14:01:59.020,A1,1,14027,-63.4,-90.9,-27.4,107.19,108,7259,11577,9819,22804,1204,390602529,1
2026-05-01T14:01:59.112,A1,1,14028,-62.7,-90.4,-27.7,107.81,132,9262,14231,12253,33400,1423,431209230,1
2026-05-01T14:01:59.262,A1,1,14029,-63.5,-90.0,-26.6,75.17,132,11037,9922,12546,25084,1264,711196899,1
2026-05-01T14:01:59.350,A1,1,14030,-63.1,-91.0,-27.9,101.61,112,7723,11380,8474,22178,1173,495923050,1
2026-05-01T14:01:59.470,A1,1,14031,-63.6,-91.5,-27.9,95.94,116,7320,11129,7237,21379,1173,405238358,1
2026-05-01T14:01:59.592,A1,1,14032,-63.9,-91.4,-27.5,92.48,136,7471,12577,7831,24268,1261,772262627,1
2026-05-01T14:01:59.681,A1,1,14033,-63.1,-91.8,-28.7,87.16,120,7399,10459,7384,22267,1176,474684726,1
2026-05-01T14:01:59.770,A1,1,14034,-63.4,-90.7,-27.2,108.37,116,7574,12571,11806,27390,1320,753704055,1
2026-05-01T14:01:59.891,A1,1,14035,-63.6,-91.1,-27.4,92.01,124,7629,11409,8651,21871,1187,498941366,1
2026-05-01T14:01:59.980,A1,1,14036,-62.9,-90.8,-27.9,78.44,140,8953,10982,11011,26379,1271,486065855,1
2026-05-01T14:02:00.101,A1,1,14037,-62.4,-91.2,-28.8,85.48,124,6682,10599,9222,22723,1161,401674805,1
2026-05-01T14:02:00.222,A1,1,14038,-62.6,-91.3,-28.7,74.84,120,6053,8981,9021,18793,1064,744200081,1
2026-05-01T14:02:00.312,A1,1,14039,-62.6,-91.9,-29.3,89.55,116,5294,10388,8265,21909,1146,447917192,1
2026-05-01T14:02:00.430,A1,1,14040,-62.9,-91.3,-28.4,92.74,136,6018,12612,10084,27434,1299,409196071,1
2026-05-01T14:02:00.550,A1,1,14041,-62.2,-90.6,-28.4,67.48,128,9533,8637,10867,23572,1174,431819596,1
2026-05-01T14:02:00.640,A1,1,14042,-63.0,-91.3,-28.3,87.19,124,6911,10811,6338,18902,1080,722405580,1
2026-05-01T14:02:00.763,A1,1,14043,-62.6,-91.2,-28.5,95.86,120,7873,11503,6801,21885,1148,434156764,1
2026-05-01T14:02:00.882,A1,1,14044,-62.8,-91.7,-28.9,95.49,124,7614,11841,8408,27494,1293,387062323,1
2026-05-01T14:02:00.970,A1,1,14045,-62.8,-91.1,-28.3,81.87,124,7118,10152,9983,22657,1175,431445966,1
2026-05-01T14:02:01.090,A1,1,14046,-63.3,-91.5,-28.1,112.7,108,6954,12172,7219,23179,1210,401399966,1
2026-05-01T14:02:01.214,A1,1,14047,-62.8,-91.0,-28.2,85.16,132,7609,11241,10580,25885,1255,419971830,1
2026-05-01T14:02:01.331,A1,1,14048,-63.2,-90.8,-27.6,66.84,132,7867,8823,10853,20763,1140,429098846,1
2026-05-01T14:02:01.452,A1,1,14049,-63.3,-91.1,-27.8,109.31,112,7888,12243,7786,23370,1212,413591597,1
2026-05-01T14:02:01.631,A1,1,14050,-64.9,-90.9,-26.0,94.36,132,7632,12456,10132,22997,1273,450782077,1
2026-05-01T14:02:01.691,A1,1,14051,-63.2,-91.2,-28.0,99.76,116,7556,11572,6620,20950,1146,397720573,1
2026-05-01T14:02:01.812,A1,1,14052,-63.6,-91.1,-27.6,85.04,140,7571,11906,10995,27199,1321,387322294,1
2026-05-01T14:02:01.901,A1,1,14053,-63.2,-91.4,-28.1,102.79,112,8024,11512,8113,24054,1229,452429494,1
2026-05-01T14:02:01.991,A1,1,14054,-62.5,-91.0,-28.5,79.89,148,7640,11824,10075,26495,1258,431427443,1
2026-05-01T14:02:02.141,A1,1,14055,-63.0,-91.1,-28.2,96.65,132,8020,12758,8104,25934,1265,436700642,1
2026-05-01T14:02:02.231,A1,1,14056,-63.4,-91.4,-28.0,107.19,112,7512,12005,6926,22609,1196,432535445,1
2026-05-01T14:02:02.353,A1,1,14057,-63.7,-91.1,-27.4,79.59,140,9118,11142,10753,26848,1320,471797395,1
2026-05-01T14:02:02.442,A1,1,14058,-62.9,-91.4,-28.6,86.6,124,7670,10739,9286,24943,1235,758093549,1
2026-05-01T14:02:02.530,A1,1,14059,-63.4,-91.1,-27.7,83.08,148,7414,12296,9370,24948,1259,447604222,1
2026-05-01T14:02:02.650,A1,1,14060,-63.2,-90.9,-27.7,86.73,148,8385,12836,11037,29346,1357,410221943,1
2026-05-01T14:02:02.771,A1,1,14061,-63.0,-91.2,-28.2,85.12,148,9213,12598,8057,27830,1310,453845250,1
2026-05-01T14:02:02.892,A1,1,14062,-63.1,-91.3,-28.2,83.49,140,7702,11689,7404,22866,1192,496077652,1
2026-05-01T14:02:03.010,A1,1,14063,-63.7,-91.2,-27.5,86.16,140,7651,12063,9272,24956,1273,416682597,1
2026-05-01T14:02:03.100,A1,1,14064,-63.2,-91.3,-28.1,87.35,124,6930,10832,9526,23377,1210,421660451,1
2026-05-01T14:02:03.221,A1,1,14065,-63.2,-91.2,-28.0,81.27,136,6569,11053,9465,22564,1187,403447525,1
2026-05-01T14:02:03.342,A1,1,14066,-63.1,-91.1,-28.0,87.04,156,8852,13579,9576,30764,1382,449386294,1
2026-05-01T14:02:03.462,A1,1,14067,-63.4,-90.8,-27.4,77.95,148,9200,11537,10577,26334,1294,409475718,1
2026-05-01T14:02:03.609,A1,1,14068,-63.0,-90.3,-27.3,74.0,124,10704,9176,12107,25077,1243,763684420,1
2026-05-01T14:02:03.700,A1,1,14069,-63.5,-91.0,-27.5,106.16,112,7850,11890,9170,23901,1237,456411259,1
2026-05-01T14:02:03.821,A1,1,14070,-63.7,-90.5,-26.9,68.06,144,10680,9801,10960,24293,1253,726103191,1
2026-05-01T14:02:03.912,A1,1,14071,-63.2,-91.5,-28.4,87.26,120,7113,10471,8386,22091,1175,478904561,1
2026-05-01T14:02:04.032,A1,1,14072,-63.5,-90.7,-27.3,76.43,148,8202,11312,11437,25416,1274,753579537,1
2026-05-01T14:02:04.120,A1,1,14073,-63.1,-91.3,-28.1,75.91,128,6872,9717,10370,22593,1187,752647635,1
2026-05-01T14:02:04.211,A1,1,14074,-63.3,-90.1,-26.9,69.62,132,11164,9190,11256,23094,1205,674389910,1
2026-05-01T14:02:04.332,A1,1,14075,-63.2,-90.2,-27.0,85.97,100,9974,8597,11493,21349,1156,433984856,1
2026-05-01T14:02:04.421,A1,1,14076,-63.6,-91.1,-27.5,80.47,148,8112,11909,9747,25260,1274,470595876,1
2026-05-01T14:02:04.571,A1,1,14077,-63.6,-91.2,-27.6,85.65,144,7669,12334,9006,25067,1270,756817128,1
2026-05-01T14:02:04.661,A1,1,14078,-62.8,-91.5,-28.6,84.62,136,6916,11509,9321,25715,1253,474027649,1
2026-05-01T14:02:04.750,A1,1,14079,-63.1,-91.2,-28.1,99.46,116,7440,11537,7467,21914,1169,755096167,1
2026-05-01T14:02:04.871,A1,1,14080,-62.5,-90.9,-28.4,86.76,140,8523,12146,8039,24440,1207,496543501,1
2026-05-01T14:02:04.960,A1,1,14081,-64.0,-91.1,-27.1,97.19,124,7043,12051,8687,22057,1209,415483179,1
2026-05-01T14:02:05.080,A1,1,14082,-63.3,-90.9,-27.5,93.61,120,7420,11233,10326,23332,1213,401607615,1
2026-05-01T14:02:05.200,A1,1,14083,-64.0,-90.7,-26.8,82.85,144,7931,11931,10682,23966,1257,427768593,1
2026-05-01T14:02:05.291,A1,1,14084,-63.2,-91.5,-28.4,87.77,132,6146,11585,9228,24611,1240,513543311,1
2026-05-01T14:02:05.410,A1,1,14085,-63.8,-90.6,-26.8,97.9,136,8807,13315,11165,28084,1355,718159944,1
2026-05-01T14:02:05.530,A1,1,14086,-64.2,-90.8,-26.6,87.06,152,8557,13233,11386,28408,1378,710377515,1
2026-05-01T14:02:05.651,A1,1,14087,-62.5,-91.2,-28.6,76.26,124,7157,9456,11352,24721,1215,429720781,1
2026-05-01T14:02:05.742,A1,1,14088,-63.0,-91.5,-28.5,94.96,120,6230,11395,7340,21486,1151,736746890,1
2026-05-01T14:02:05.861,A1,1,14089,-63.5,-91.2,-27.8,86.28,132,7458,11389,11606,28010,1337,458135427,1
2026-05-01T14:02:05.951,A1,1,14090,-63.2,-91.4,-28.3,82.57,136,10271,11229,6524,25515,1262,755162119,1
2026-05-01T14:02:06.131,A1,1,14091,-63.5,-90.6,-27.1,90.79,152,10180,13800,10847,30932,1405,760586279,1
2026-05-01T14:02:06.192,A1,1,14092,-62.9,-90.9,-27.9,83.47,124,8622,10350,9722,22907,1187,450564490,1
2026-05-01T14:02:06.310,A1,1,14093,-63.3,-90.3,-27.0,77.24,156,10512,12049,11608,27751,1321,417702970,1
2026-05-01T14:02:06.432,A1,1,14094,-63.4,-91.5,-28.1,99.36,108,5994,10731,10768,25056,1262,470155849,1
2026-05-01T14:02:06.522,A1,1,14095,-63.3,-90.8,-27.5,104.65,132,8631,13814,9335,28195,1335,499456866,1
2026-05-01T14:02:06.642,A1,1,14096,-63.2,-90.8,-27.6,89.25,140,9522,12495,9669,27338,1310,433283384,1
2026-05-01T14:02:06.760,A1,1,14097,-64.0,-89.8,-25.8,63.74,144,11014,9178,11787,20972,1178,466084105,1
2026-05-01T14:02:06.881,A1,1,14098,-63.7,-91.3,-27.6,116.86,112,5975,13088,11284,29208,1375,709302319,1
2026-05-01T14:02:07.000,A1,1,14099,-63.2,-91.0,-27.8,81.43,148,8492,12052,11101,28732,1343,448489298,1
2026-05-01T14:02:07.092,A1,1,14100,-63.5,-91.0,-27.4,71.71,116,8376,8318,10343,20247,1139,468016089,1
2026-05-01T14:02:07.182,A1,1,14101,-63.1,-91.0,-27.9,85.34,152,8177,12971,11174,30661,1382,498691074,1
2026-05-01T14:02:07.301,A1,1,14102,-62.8,-90.6,-27.8,82.4,140,9395,11536,11234,27362,1292,449030260,1
2026-05-01T14:02:07.390,A1,1,14103,-64.0,-91.1,-27.1,95.25,144,7919,13716,9481,27944,1360,717732246,1
2026-05-01T14:02:07.543,A1,1,14104,-63.3,-91.1,-27.8,87.11,128,7623,11150,10720,25672,1272,413953551,1
2026-05-01T14:02:07.630,A1,1,14105,-63.9,-91.4,-27.5,92.68,136,7343,12605,8575,25256,1290,386156139,1
2026-05-01T14:02:07.751,A1,1,14106,-64.0,-90.9,-26.9,90.89,136,8306,12361,9091,23816,1253,431411325,1
2026-05-01T14:02:07.871,A1,1,14107,-63.1,-91.0,-27.8,80.25,136,7686,10914,9864,23123,1200,421149501,1
2026-05-01T14:02:07.960,A1,1,14108,-62.9,-90.9,-28.1,115.19,100,7714,11519,10033,24929,1236,502423104,1
2026-05-01T14:02:08.081,A1,1,14109,-63.1,-91.6,-28.5,85.7,128,8347,10969,8171,24867,1242,406047715,1
2026-05-01T14:02:08.231,A1,1,14110,-63.0,-90.2,-27.2,74.95,128,9018,9593,11027,21180,1143,444948676,1
2026-05-01T14:02:08.290,A1,1,14111,-62.8,-90.7,-27.9,122.33,84,7697,10276,9701,20962,1131,755976844,1
2026-05-01T14:02:08.382,A1,1,14112,-62.6,-90.9,-28.3,133.82,84,7210,11241,7137,19761,1090,697190546,1
2026-05-01T14:02:08.470,A1,1,14113,-63.1,-89.8,-26.7,84.17,100,11423,8417,12050,22228,1176,448099461,1
2026-05-01T14:02:08.590,A1,1,14114,-62.7,-90.7,-28.0,91.03,128,8101,11652,10476,25173,1234,496038079,1
2026-05-01T14:02:08.769,A1,1,14115,-63.3,-90.0,-26.8,76.8,132,11828,10138,12517,26917,1301,708187211,1
2026-05-01T14:02:08.861,A1,1,14116,-63.1,-91.4,-28.3,95.7,128,9399,12250,7622,27568,1307,763387588,1
2026-05-01T14:02:08.921,A1,1,14117,-63.1,-91.0,-27.9,94.68,104,7476,9847,10632,22414,1179,438013830,1
2026-05-01T14:02:09.010,A1,1,14118,-63.2,-90.5,-27.3,81.47,136,8293,11080,10785,23422,1211,508819609,1
2026-05-01T14:02:09.132,A1,1,14119,-62.8,-91.1,-28.3,108.09,104,7103,11241,7831,21350,1140,408233458,1
2026-05-01T14:02:09.221,A1,1,14120,-63.1,-90.7,-27.7,81.34,148,8444,12038,11747,28388,1328,433009807,1
2026-05-01T14:02:09.341,A1,1,14121,-63.0,-91.6,-28.6,92.46,120,7962,11095,8260,25135,1247,416729578,1
2026-05-01T14:02:09.430,A1,1,14122,-63.4,-90.7,-27.3,81.56,120,8706,9787,11360,23297,1215,430375175,1
2026-05-01T14:02:09.551,A1,1,14123,-62.7,-91.7,-29.0,115.11,100,8310,11511,8108,27356,1284,457097747,1
2026-05-01T14:02:09.702,A1,1,14124,-62.9,-90.5,-27.6,68.9,104,9386,7166,10496,19138,1085,440070469,1
2026-05-01T14:02:09.792,A1,1,14125,-63.1,-92.1,-29.0,77.48,120,7751,9298,7842,22715,1188,456369957,1
2026-05-01T14:02:09.970,A1,1,14126,-63.7,-91.8,-28.1,88.12,124,3583,10927,12566,28405,1357,450500494,1
2026-05-01T14:02:10.030,A1,1,14127,-62.9,-94.0,-31.1,91.47,72,3341,6586,6512,16815,1015,412973031,1
2026-05-01T14:02:10.120,A1,1,14128,-63.5,-90.6,-27.2,75.36,100,11399,7536,8754,20121,1132,491594314,1
2026-05-01T14:02:10.241,A1,1,14129,-64.0,-96.2,-32.2,84.84,88,5159,7466,4290,26565,1324,497253252,1
2026-05-01T14:02:10.331,A1,1,14130,-65.6,-91.4,-25.9,87.46,84,12010,7347,6530,19158,1188,421504373,1
2026-05-01T14:02:10.481,A1,1,14131,-66.3,-91.2,-24.9,164.35,72,8273,11833,11641,24795,1387,452225020,1
2026-05-01T14:02:10.569,A1,1,14132,-65.1,-94.1,-28.9,132.22,92,2674,12164,9765,37529,1638,443272492,1
2026-05-01T14:02:10.722,A1,1,14133,-66.9,-95.7,-28.8,116.39,80,4438,9311,7357,31309,1591,465945454,1
2026-05-01T14:02:10.842,A1,1,14134,-66.3,-94.4,-28.1,67.74,76,7489,5148,7881,21400,1288,407101008,1
2026-05-01T14:02:10.962,A1,1,14135,-65.8,-91.4,-25.6,68.72,80,13385,5498,9807,23577,1330,516990036,1
2026-05-01T14:02:11.081,A1,1,14136,-65.7,-92.0,-26.2,68.15,128,11683,8723,10705,29092,1473,388310146,1
2026-05-01T14:02:11.202,A1,1,14137,-66.6,-92.9,-26.4,112.33,112,5684,12581,8336,27256,1467,427396708,1
2026-05-01T14:02:11.352,A1,1,14138,-65.4,-93.2,-27.8,131.57,84,4844,11052,6469,22584,1282,469809760,1
2026-05-01T14:02:11.442,A1,1,14139,-64.9,-91.4,-26.4,142.17,88,2350,12511,9357,20305,1196,411209575,1
2026-05-01T14:02:11.561,A1,1,14140,-64.8,-92.1,-27.2,115.57,96,1638,11095,9460,20780,1206,451207018,1
2026-05-01T14:02:16.479,A1,1,14141,-62.8,-91.0,-28.2,84.74,128,6684,10847,10614,23744,1202,451164311,1
2026-05-01T14:02:16.572,A1,1,14142,-63.4,-91.4,-28.0,90.19,136,6227,12266,8801,24269,1240,448308921,1
2026-05-01T14:02:16.660,A1,1,14143,-62.8,-90.9,-28.2,94.14,136,8250,12803,8185,25554,1246,583307626,1
2026-05-01T14:02:16.781,A1,1,14144,-63.1,-91.4,-28.3,82.86,136,5714,11269,9747,23753,1216,496318539,1
2026-05-01T14:02:16.901,A1,1,14145,-63.2,-91.4,-28.2,82.61,140,8616,11565,7005,23921,1223,414885345,1
2026-05-01T14:02:17.021,A1,1,14146,-63.4,-91.1,-27.7,83.31,156,6874,12996,9943,27006,1310,426007345,1
2026-05-01T14:02:17.142,A1,1,14147,-63.3,-91.6,-28.3,88.83,116,5655,10304,9390,21693,1168,456921670,1
2026-05-01T14:02:17.260,A1,1,14148,-63.2,-91.1,-28.0,100.86,132,8849,13313,7756,27632,1314,737187485,1
2026-05-01T14:02:17.352,A1,1,14149,-72.8,-91.4,-18.6,96.31,124,6130,11943,8376,11885,1202,392165398,1
2026-05-01T14:02:17.472,A1,1,14150,-63.7,-91.4,-27.7,95.07,128,6880,12169,8999,24624,1262,447774646,1
2026-05-01T14:02:17.592,A1,1,14151,-63.6,-90.0,-26.4,61.84,116,10548,7174,11330,18853,1100,447267561,1
2026-05-01T14:02:17.680,A1,1,14152,-63.1,-91.3,-28.2,87.52,132,7922,11552,8236,24126,1226,397849583,1
2026-05-01T14:02:17.801,A1,1,14153,-63.4,-90.9,-27.5,96.95,120,7055,11634,7854,20250,1135,591310058,1
2026-05-01T14:02:17.892,A1,1,14154,-63.2,-90.3,-27.1,77.19,124,8835,9572,11198,21311,1155,389089318,1
2026-05-01T14:02:18.042,A1,1,14155,-63.6,-89.9,-26.3,56.24,120,10752,6749,11217,18440,1090,426587737,1
2026-05-01T14:02:18.192,A1,1,14156,-63.2,-90.9,-27.7,86.43,136,7872,11754,11069,26432,1285,393671676,1
2026-05-01T14:02:18.311,A1,1,14157,-63.3,-90.9,-27.6,99.11,120,7667,11893,10127,24612,1244,740813177,1
2026-05-01T14:02:18.401,A1,1,14158,-63.4,-91.3,-27.9,92.56,128,7725,11848,8228,23879,1230,431772597,1
2026-05-01T14:02:18.521,A1,1,14159,-63.6,-90.8,-27.2,81.81,140,8978,11453,10710,25602,1282,424741579,1
2026-05-01T14:02:18.612,A1,1,14160,-63.3,-90.6,-27.2,116.31,104,7832,12096,11035,25030,1258,408856963,1
2026-05-01T14:02:18.702,A1,1,14161,-62.4,-90.2,-27.9,104.85,92,9475,9646,11737,23997,1191,410062111,1
2026-05-01T14:02:18.821,A1,1,14162,-63.1,-91.1,-28.1,107.47,92,7175,9887,10981,23763,1214,426055491,1
2026-05-01T14:02:18.940,A1,1,14163,-63.2,-90.5,-27.3,66.79,116,8994,7748,10917,19658,1108,394185181,1
2026-05-01T14:02:19.062,A1,1,14164,-63.2,-91.0,-27.8,102.89,116,7317,11935,8990,23200,1205,432178028,1
2026-05-01T14:02:19.183,A1,1,14165,-63.6,-90.4,-26.9,85.63,116,8055,9933,10829,20282,1141,426537366,1
2026-05-01T14:02:19.270,A1,1,14166,-63.3,-90.9,-27.6,85.55,136,8253,11635,10048,25041,1257,456642441,1
2026-05-01T14:02:19.361,A1,1,14167,-63.4,-90.4,-27.0,74.99,140,10158,10498,11876,25496,1272,392890463,1
2026-05-01T14:02:19.481,A1,1,14168,-63.4,-91.0,-27.6,107.58,108,7729,11619,10553,25648,1275,508176244,1
2026-05-01T14:02:19.602,A1,1,14169,-62.9,-90.8,-27.9,74.84,140,8164,10478,11688,25882,1259,455414802,1
2026-05-01T14:02:19.722,A1,1,14170,-63.3,-90.5,-27.2,78.58,144,9770,11315,11842,27369,1313,423815361,1
2026-05-01T14:02:19.841,A1,1,14171,-63.1,-91.1,-28.0,97.54,132,8067,12875,8995,27053,1299,420375125,1
2026-05-01T14:02:19.931,A1,1,14172,-63.1,-91.1,-27.9,89.61,132,7497,11828,7134,21304,1152,715586130,1
2026-05-01T14:02:20.050,A1,1,14173,-63.2,-90.5,-27.3,71.4,124,8710,8854,11318,21106,1148,494894171,1
2026-05-01T14:02:20.140,A1,1,14174,-63.3,-90.6,-27.3,83.06,156,9712,12957,12491,31767,1416,450051474,1
2026-05-01T14:02:20.230,A1,1,14175,-63.2,-90.1,-26.9,74.25,120,9573,8910,11465,20831,1141,396234265,1
2026-05-01T14:02:20.351,A1,1,14176,-63.4,-90.2,-26.8,74.41,124,9072,9227,11525,20711,1146,762303881,1
2026-05-01T14:02:20.441,A1,1,14177,-63.4,-91.7,-28.2,86.14,124,8226,10681,7263,22650,1201,454743531,1
2026-05-01T14:02:20.530,A1,1,14178,-63.0,-90.5,-27.5,100.59,104,10173,10461,11626,26433,1278,715368718,1
2026-05-01T14:02:20.622,A1,1,14179,-63.2,-90.0,-26.8,65.68,136,10563,8932,12013,22378,1184,753763995,1
2026-05-01T14:02:20.745,A1,1,14180,-63.4,-91.1,-27.7,86.76,152,7807,13187,9336,27217,1314,409290799,1
2026-05-01T14:02:20.860,A1,1,14181,-63.2,-90.5,-27.3,103.72,112,8957,11617,12175,27058,1301,462334843,1
2026-05-01T14:02:20.952,A1,1,14182,-63.5,-91.0,-27.5,88.96,136,7437,12099,9110,23531,1226,389712356,1
2026-05-01T14:02:21.070,A1,1,14183,-63.2,-90.4,-27.2,83.8,116,10234,9721,11363,24269,1233,393779279,1
2026-05-01T14:02:21.192,A1,1,14184,-63.3,-90.8,-27.5,79.04,136,9010,10750,11119,25551,1268,735106700,1
2026-05-01T14:02:21.312,A1,1,14185,-63.4,-90.6,-27.1,77.77,136,9557,10577,11692,25528,1274,394502742,1
2026-05-01T14:02:21.430,A1,1,14186,-63.3,-91.3,-28.0,85.22,140,9167,11931,7300,25127,1257,493289106,1
2026-05-01T14:02:21.549,A1,1,14187,-63.2,-91.2,-28.0,83.88,136,8033,11408,8732,24052,1229,440526316,1
2026-05-01T14:02:21.611,A1,1,14188,-63.5,-91.0,-27.5,92.2,152,8041,14015,9869,29446,1370,393757294,1
2026-05-01T14:02:21.701,A1,1,14189,-63.6,-90.3,-26.7,101.58,100,8858,10158,11237,21309,1171,433215124,1
2026-05-01T14:02:21.792,A1,1,14190,-63.2,-90.6,-27.4,80.87,144,8972,11645,11451,26749,1295,766922710,1
2026-05-01T14:02:21.911,A1,1,14191,-63.1,-90.8,-27.7,87.39,132,7815,11536,10634,24820,1242,444340750,1
2026-05-01T14:02:22.030,A1,1,14192,-63.3,-91.3,-28.0,107.59,108,8136,11620,8525,24394,1239,476833066,1
2026-05-01T14:02:22.152,A1,1,14193,-63.9,-90.0,-26.1,90.21,96,11104,8660,12798,23215,1233,675237704,1
2026-05-01T14:02:22.242,A1,1,14194,-63.1,-91.7,-28.6,87.53,120,8060,10504,7677,23263,1203,437731369,1
2026-05-01T14:02:22.332,A1,1,14195,-63.5,-90.3,-26.8,77.26,144,9373,11125,12027,25342,1273,391941395,1
2026-05-01T14:02:22.450,A1,1,14196,-63.3,-91.2,-27.9,91.49,124,7526,11345,10157,25442,1267,473270714,1
2026-05-01T14:02:22.570,A1,1,14197,-63.3,-91.3,-28.0,104.62,104,7265,10881,9576,23789,1226,410115889,1
2026-05-01T14:02:22.690,A1,1,14198,-63.7,-90.3,-26.6,81.87,100,9744,8187,11910,21202,1171,712737256,1
2026-05-01T14:02:22.782,A1,1,14199,-63.0,-91.3,-28.3,88.68,120,6325,10641,9572,22418,1178,407284237,1
2026-05-01T14:02:22.902,A1,1,14200,-63.7,-91.0,-27.3,96.4,144,8855,13882,11479,32569,1451,433098431,1
2026-05-01T14:02:22.990,A1,1,14201,-62.6,-91.0,-28.5,97.31,128,8390,12456,7444,25020,1224,457251540,1
2026-05-01T14:02:23.110,A1,1,14202,-63.5,-91.1,-27.6,95.13,140,7529,13318,9235,27209,1319,432757421,1
2026-05-01T14:02:23.200,A1,1,14203,-63.2,-91.4,-28.2,99.13,116,7501,11499,6647,21652,1166,463899550,1
2026-05-01T14:02:23.322,A1,1,14204,-63.1,-91.2,-28.1,91.44,128,7390,11704,9941,25944,1272,431666807,1
2026-05-01T14:02:23.411,A1,1,14205,-63.1,-91.2,-28.1,80.38,128,7307,10288,11302,25460,1260,415025428,1
2026-05-01T14:02:23.561,A1,1,14206,-63.4,-91.3,-28.0,91.9,124,7595,11395,8462,23309,1215,424062451,1
2026-05-01T14:02:23.680,A1,1,14207,-63.4,-91.2,-27.8,105.53,116,7509,12241,7412,22653,1198,738767065,1
2026-05-01T14:02:23.772,A1,1,14208,-62.9,-90.1,-27.2,79.19,104,10378,8236,11999,22499,1176,455545347,1
2026-05-01T14:02:23.890,A1,1,14209,-63.5,-91.3,-27.7,96.82,128,7035,12393,9219,25164,1270,463383856,1
2026-05-01T14:02:23.981,A1,1,14210,-63.3,-90.9,-27.6,84.35,136,8543,11472,11770,28264,1333,413188221,1
2026-05-01T14:02:24.131,A1,1,14211,-63.1,-91.0,-27.9,100.42,132,8467,13255,8607,27251,1302,486737238,1
2026-05-01T14:02:24.221,A1,1,14212,-63.6,-91.4,-27.7,122.96,104,6694,12788,8625,25108,1273,486368410,1
2026-05-01T14:02:24.340,A1,1,14213,-63.4,-91.4,-27.9,90.02,124,7737,11162,8594,23343,1219,417725934,1
2026-05-01T14:02:24.430,A1,1,14214,-63.5,-91.0,-27.5,92.18,136,7882,12537,9881,26334,1297,446310389,1
2026-05-01T14:02:24.579,A1,1,14215,-63.2,-90.8,-27.6,109.65,116,7709,12719,10246,26370,1285,433740922,1
2026-05-01T14:02:24.642,A1,1,14216,-63.5,-90.9,-27.4,91.23,136,7401,12407,8956,23220,1218,437800872,1
2026-05-01T14:02:24.762,A1,1,14217,-62.8,-90.9,-28.1,96.87,132,8090,12787,10752,29419,1340,448614460,1
2026-05-01T14:02:24.850,A1,1,14218,-62.9,-90.9,-28.0,102.0,128,8168,13056,8328,25726,1254,472023578,1
2026-05-01T14:02:24.940,A1,1,14219,-63.0,-90.7,-27.7,94.04,144,8175,13542,10387,28684,1331,434933982,1
2026-05-01T14:02:25.091,A1,1,14220,-63.2,-91.2,-28.0,114.82,108,7128,12401,8815,24987,1250,715006840,1
2026-05-01T14:02:25.182,A1,1,14221,-62.5,-90.9,-28.4,86.19,116,7214,9998,11546,24887,1219,407000651,1
2026-05-01T14:02:25.241,A1,1,14222,-63.2,-90.8,-27.6,90.34,152,8364,13731,10283,29266,1354,462466172,1
2026-05-01T14:02:25.331,A1,1,14223,-63.1,-91.2,-28.1,83.3,128,6918,10662,9832,23063,1199,454492940,1
2026-05-01T14:02:25.451,A1,1,14224,-63.4,-90.9,-27.4,84.9,136,9069,11546,10482,26164,1289,407043975,1
2026-05-01T14:02:25.571,A1,1,14225,-62.9,-90.9,-28.0,80.55,132,7438,10633,11002,24241,1218,435884233,1
2026-05-01T14:02:25.692,A1,1,14226,-63.3,-90.7,-27.4,91.48,132,8828,12075,12016,28637,1342,404041663,1
2026-05-01T14:02:25.780,A1,1,14227,-63.4,-91.1,-27.7,86.7,148,7317,12831,9160,25852,1280,457713465,1
2026-05-01T14:02:25.870,A1,1,14228,-63.2,-90.6,-27.4,119.81,108,8354,12940,11271,28093,1327,404265478,1
2026-05-01T14:02:26.040,A1,1,14229,-63.2,-90.9,-27.7,117.09,96,7762,11241,10780,24890,1247,475653055,1
2026-05-01T14:02:26.141,A1,1,14230,-63.4,-90.8,-27.4,74.94,116,8538,8693,11709,22686,1201,425139544,1
2026-05-01T14:02:26.230,A1,1,14231,-63.6,-90.8,-27.2,87.73,148,7922,12984,10051,26129,1297,714372925,1
2026-05-01T14:02:26.320,A1,1,14232,-63.5,-90.4,-26.9,96.89,112,8216,10852,11429,22637,1202,502918469,1
2026-05-01T14:02:26.412,A1,1,14233,-62.9,-90.7,-27.8,98.08,108,7949,10593,10601,23272,1196,402450250,1
2026-05-01T14:02:26.532,A1,1,14234,-63.5,-90.1,-26.6,74.46,128,9922,9531,11981,22278,1195,511373025,1
2026-05-01T14:02:26.680,A1,1,14235,-63.6,-90.8,-27.2,92.47,136,7881,12576,9777,24879,1266,467772334,1
2026-05-01T14:02:26.800,A1,1,14236,-63.6,-91.2,-27.6,93.85,136,7527,12763,8983,25898,1293,431016679,1
2026-05-01T14:02:26.922,A1,1,14237,-63.8,-90.3,-26.6,90.15,112,10266,10097,11900,24355,1259,479723582,1
2026-05-01T14:02:27.010,A1,1,14238,-63.1,-91.3,-28.2,85.57,136,8840,11638,7340,24275,1228,438491301,1
2026-05-01T14:02:27.102,A1,1,14239,-63.4,-89.9,-26.5,86.58,112,12010,9697,12398,25618,1275,444343071,1
2026-05-01T14:02:27.250,A1,1,14240,-63.5,-91.2,-27.8,93.03,120,7730,11163,9919,24690,1254,732568634,1
2026-05-01T14:02:27.340,A1,1,14241,-63.5,-90.2,-26.7,83.7,124,8832,10379,11231,21587,1174,453243476,1
2026-05-01T14:02:27.432,A1,1,14242,-63.7,-91.0,-27.3,91.27,136,7774,12413,8577,23459,1231,389635372,1
2026-05-01T14:02:27.551,A1,1,14243,-63.1,-91.0,-27.9,91.96,132,8310,12139,8379,24550,1236,497167756,1
2026-05-01T14:02:27.670,A1,1,14244,-63.4,-91.0,-27.6,90.6,124,7962,11234,10839,25769,1278,472743808,1
2026-05-01T14:02:27.790,A1,1,14245,-63.1,-91.3,-28.2,95.14,120,7731,11417,8618,23875,1218,414666148,1
2026-05-01T14:02:27.910,A1,1,14246,-63.5,-91.4,-28.0,113.41,96,8479,10887,8054,23401,1222,666653602,1
2026-05-01T14:02:28.002,A1,1,14247,-62.9,-91.0,-28.1,104.41,116,8631,12111,6765,23161,1192,408973503,1
2026-05-01T14:02:28.124,A1,1,14248,-63.2,-90.0,-26.8,69.74,140,11554,9763,12139,25138,1256,424305280,1
2026-05-01T14:02:28.210,A1,1,14249,-63.3,-91.3,-28.0,92.89,124,7448,11518,7458,21715,1169,407350111,1
2026-05-01T14:02:28.360,A1,1,14250,-63.7,-91.0,-27.3,86.34,152,8687,13124,10873,29888,1391,466378908,1
2026-05-01T14:02:28.480,A1,1,14251,-63.3,-91.2,-27.9,114.65,96,7690,11006,8458,22043,1179,446088593,1
2026-05-01T14:02:28.570,A1,1,14252,-63.4,-90.3,-26.9,82.76,136,9034,11255,11909,24811,1254,455977813,1
2026-05-01T14:02:28.689,A1,1,14253,-63.3,-91.3,-28.0,108.29,104,9859,11262,6703,24347,1239,416489936,1
2026-05-01T14:02:28.780,A1,1,14254,-63.3,-90.1,-26.8,95.67,96,9520,9184,11545,21213,1156,449964500,1
2026-05-01T14:02:28.901,A1,1,14255,-63.2,-90.7,-27.5,114.4,108,8832,12355,10716,27133,1305,710758578,1
2026-05-01T14:02:28.989,A1,1,14256,-63.4,-90.8,-27.3,86.51,148,8567,12803,10571,27549,1324,408392126,1
2026-05-01T14:02:29.081,A1,1,14257,-63.6,-91.1,-27.5,102.74,116,7310,11918,8390,22205,1194,389863254,1
2026-05-01T14:02:29.202,A1,1,14258,-63.6,-90.2,-26.7,69.76,144,11305,10046,12098,25896,1289,445961479,1
2026-05-01T14:02:29.350,A1,1,14259,-63.3,-90.5,-27.2,87.94,132,8808,11608,10970,24936,1254,453901320,1
2026-05-01T14:02:29.470,A1,1,14260,-63.7,-91.2,-27.5,97.66,136,8559,13282,7943,26677,1315,731351436,1
2026-05-01T14:02:29.532,A1,1,14261,-63.0,-90.7,-27.7,94.61,132,8464,12489,8016,23510,1204,471729691,1
2026-05-01T14:02:29.651,A1,1,14262,-63.3,-90.8,-27.5,83.24,136,8848,11321,10648,25637,1271,422404226,1
2026-05-01T14:02:29.771,A1,1,14263,-63.3,-91.3,-28.1,80.06,144,8732,11529,7667,24354,1238,753005665,1
2026-05-01T14:02:29.860,A1,1,14264,-63.0,-91.2,-28.2,85.42,132,7218,11275,8825,22959,1190,406183223,1
2026-05-01T14:02:29.950,A1,1,14265,-65.7,-91.3,-25.6,90.28,128,9618,11556,6465,20333,1228,438575364,1
2026-05-01T14:02:30.072,A1,1,14266,-62.4,-91.0,-28.6,107.53,116,9501,12473,7480,26973,1266,469017853,1
2026-05-01T14:02:30.161,A1,1,14267,-62.9,-90.7,-27.8,81.48,132,8687,10756,10686,24399,1223,408169548,1
2026-05-01T14:02:30.282,A1,1,14268,-64.0,-91.1,-27.1,107.21,116,7982,12436,8590,24002,1259,426555748,1
2026-05-01T14:02:30.369,A1,1,14269,-63.5,-91.2,-27.7,88.99,144,7322,12815,9021,25764,1281,441874743,1
2026-05-01T14:02:30.460,A1,1,14270,-63.2,-90.9,-27.7,89.3,128,8129,11431,10977,26150,1278,389766535,1
2026-05-01T14:02:30.580,A1,1,14271,-63.3,-90.9,-27.5,76.92,132,8418,10153,11632,25075,1258,464609865,1
2026-05-01T14:02:30.731,A1,1,14272,-63.1,-91.0,-27.9,83.89,124,7703,10402,10695,24153,1225,477516530,1
2026-05-01T14:02:30.880,A1,1,14273,-63.8,-90.3,-26.6,82.76,144,9468,11917,12225,26564,1316,743875185,1
2026-05-01T14:02:30.941,A1,1,14274,-63.5,-90.7,-27.2,80.7,132,8167,10653,11696,24469,1250,454017424,1
2026-05-01T14:02:31.060,A1,1,14275,-63.5,-91.3,-27.8,84.83,124,7350,10519,9974,23465,1226,751862525,1
2026-05-01T14:02:31.149,A1,1,14276,-63.7,-90.5,-26.9,75.96,168,10016,12762,12492,30786,1411,470634579,1
2026-05-01T14:02:31.273,A1,1,14277,-63.9,-90.1,-26.2,84.6,112,10050,9475,12046,22046,1204,418789451,1
2026-05-01T14:02:31.361,A1,1,14278,-63.0,-90.2,-27.2,74.04,140,10484,10366,12441,26602,1281,435090809,1
2026-05-01T14:02:31.480,A1,1,14279,-63.4,-90.6,-27.1,82.06,144,8587,11817,11157,25425,1271,391257345,1
2026-05-01T14:02:31.603,A1,1,14280,-63.7,-90.4,-26.7,90.33,136,9007,12285,11552,25742,1291,726924718,1
2026-05-01T14:02:31.692,A1,1,14281,-63.5,-91.2,-27.6,101.98,120,8109,12238,7536,23261,1221,492940515,1
2026-05-01T14:02:31.780,A1,1,14282,-63.2,-91.1,-27.9,87.39,136,7810,11885,8603,24008,1227,405093409,1
2026-05-01T14:02:31.931,A1,1,14283,-63.5,-90.8,-27.4,84.74,168,9753,14236,12431,35851,1511,758001871,1
2026-05-01T14:02:31.990,A1,1,14284,-63.5,-90.8,-27.3,80.11,148,9075,11857,11491,28010,1338,386218434,1
2026-05-01T14:02:32.080,A1,1,14285,-63.1,-91.2,-28.1,89.14,124,6952,11053,9121,22433,1182,450151163,1
2026-05-01T14:02:32.202,A1,1,14286,-63.6,-90.2,-26.6,77.3,156,10269,12059,12869,28660,1358,757588178,1
2026-05-01T14:02:32.319,A1,1,14287,-63.0,-91.1,-28.1,113.23,104,7775,11776,8235,23436,1203,455094294,1
2026-05-01T14:02:32.410,A1,1,14288,-63.3,-91.1,-27.8,80.92,136,7991,11005,10077,24552,1243,742394820,1
2026-05-01T14:02:32.560,A1,1,14289,-63.3,-91.3,-28.0,82.58,124,7017,10240,9341,21780,1170,485373692,1
2026-05-01T14:02:32.652,A1,1,14290,-63.4,-90.7,-27.3,76.31,124,9551,9463,11960,25040,1260,414366218,1
2026-05-01T14:02:32.741,A1,1,14291,-63.8,-91.3,-27.5,99.35,124,7528,12319,7793,23528,1239,493634021,1
2026-05-01T14:02:32.862,A1,1,14292,-63.4,-90.7,-27.2,86.17,144,8737,12408,11316,27456,1322,472051134,1
2026-05-01T14:02:33.011,A1,1,14293,-63.6,-91.5,-27.9,85.48,124,7462,10600,8820,22501,1204,740836469,1
2026-05-01T14:02:33.100,A1,1,14294,-63.4,-91.0,-27.6,89.59,136,8331,12184,10440,27021,1308,404764290,1
2026-05-01T14:02:33.250,A1,1,14295,-63.3,-90.7,-27.4,115.46,120,8926,13855,11171,30969,1399,740282796,1
2026-05-01T14:02:33.312,A1,1,14296,-63.4,-91.0,-27.6,86.79,160,7888,13887,9665,29097,1358,460439340,1
2026-05-01T14:02:33.460,A1,1,14297,-63.5,-90.9,-27.4,102.16,128,8764,13076,8716,25953,1287,421560593,1
2026-05-01T14:02:33.610,A1,1,14298,-63.4,-90.5,-27.1,85.73,148,9061,12688,11548,27932,1332,712339974,1
2026-05-01T14:02:33.640,A1,1,14299,-63.4,-90.8,-27.4,85.15,164,9190,13964,10714,31323,1410,390212575,1
2026-05-01T14:02:33.762,A1,1,14300,-63.9,-90.4,-26.5,74.57,156,10065,11633,12760,27805,1351,471971853,1
2026-05-01T14:02:33.851,A1,1,14301,-63.7,-90.8,-27.1,84.57,152,8722,12854,10808,27691,1339,430928767,1
2026-05-01T14:02:33.939,A1,1,14302,-63.4,-91.3,-27.9,81.38,128,8032,10417,9006,22739,1203,454400966,1
2026-05-01T14:02:34.059,A1,1,14303,-63.4,-91.1,-27.7,82.46,140,8017,11545,9063,23875,1231,711546426,1
2026-05-01T14:02:34.151,A1,1,14304,-63.5,-90.4,-26.9,83.28,156,9617,12992,12400,30077,1386,516582214,1
2026-05-01T14:02:34.240,A1,1,14305,-63.2,-90.8,-27.6,88.8,136,8550,12077,11026,27251,1305,454345142,1
2026-05-01T14:02:34.361,A1,1,14306,-63.4,-91.5,-28.1,84.98,132,9827,11217,6530,24709,1251,430588741,1
2026-05-01T14:02:34.451,A1,1,14307,-62.6,-91.0,-28.3,88.51,140,9219,12392,7876,26250,1257,402137561,1
2026-05-01T14:02:34.569,A1,1,14308,-63.4,-90.8,-27.4,99.84,140,9210,13977,10726,31208,1407,403469181,1
2026-05-01T14:02:34.689,A1,1,14309,-63.5,-90.5,-27.1,81.92,132,9893,10813,11177,25265,1269,398834956,1
2026-05-01T14:02:34.811,A1,1,14310,-63.2,-90.5,-27.2,67.12,124,10200,8323,11945,23484,1213,711649416,1
2026-05-01T14:02:34.899,A1,1,14311,-63.5,-90.9,-27.4,102.64,128,8449,13138,9440,27159,1319,452058219,1
2026-05-01T14:02:35.019,A1,1,14312,-63.7,-90.6,-26.9,82.06,156,9712,12802,12454,30898,1416,483800769,1
2026-05-01T14:02:35.111,A1,1,14313,-63.5,-90.7,-27.3,85.03,124,9076,10544,12012,26368,1298,415244752,1
2026-05-01T14:02:35.230,A1,1,14314,-63.5,-90.1,-26.6,91.12,104,11260,9477,12590,25382,1275,425505342,1
2026-05-01T14:02:35.352,A1,1,14315,-63.7,-91.1,-27.4,77.57,140,7098,10860,11792,25412,1283,388758590,1
2026-05-01T14:02:35.440,A1,1,14316,-63.7,-91.3,-27.6,85.77,144,6772,12351,9387,24879,1269,498180044,1
2026-05-01T14:02:58.152,A1,1,14317,-59.8,-81.8,-22.1,144.94,104,14904,15074,11572,20410,1005,725457455,1
2026-05-01T14:02:58.180,A1,1,14318,-62.1,-91.1,-29.0,116.97,80,1628,9358,10956,19648,1069,425247791,1
2026-05-01T14:02:58.268,A1,1,14319,-61.1,-82.8,-21.7,147.54,116,14294,17115,13865,23546,1131,422036021,1
2026-05-01T14:02:58.361,A1,1,14320,-61.5,-89.7,-28.1,63.94,104,12026,6650,12130,23352,1141,442506883,1
2026-05-01T14:02:58.512,A1,1,14321,-63.5,-91.2,-27.8,90.18,100,2685,9018,12016,20377,1140,471192022,1
2026-05-01T14:02:58.570,A1,1,14322,-61.9,-81.6,-19.7,176.73,96,13449,16966,12122,18283,1022,455831368,1
2026-05-01T14:02:58.691,A1,1,14323,-65.4,-93.4,-28.0,74.18,124,5440,9198,9313,25307,1359,744060253,1
2026-05-01T14:02:58.779,A1,1,14324,-67.2,-95.4,-28.2,57.28,120,8617,6874,4558,25292,1447,746276140,1
2026-05-01T14:02:58.899,A1,1,14325,-66.6,-94.0,-27.5,91.23,92,10134,8393,6023,28184,1493,665792756,1
2026-05-01T14:02:59.022,A1,1,14326,-77.2,-96.0,-18.7,33.06,108,9658,3571,2872,11439,1374,468553018,1
2026-05-01T14:03:07.179,A1,1,14327,-61.6,-88.7,-27.1,116.93,112,15074,13096,12094,30309,1305,453161143,1
2026-05-01T14:03:07.301,A1,1,14328,-61.3,-88.8,-27.5,104.13,120,13918,12496,8190,24347,1155,420219227,1
2026-05-01T14:03:07.422,A1,1,14329,-62.0,-87.4,-25.4,113.42,104,15408,11796,11571,22521,1140,495881384,1
2026-05-01T14:03:07.512,A1,1,14330,-60.5,-89.0,-28.5,126.42,100,13306,12642,7398,25165,1145,468479056,1
2026-05-01T14:03:07.600,A1,1,14331,-61.5,-86.4,-24.9,147.65,84,13949,12403,12216,21211,1085,417010125,1
2026-05-01T14:03:07.720,A1,1,14332,-61.6,-88.5,-27.0,114.97,120,15986,13797,9704,28947,1273,404471723,1
2026-05-01T14:03:07.840,A1,1,14333,-61.4,-88.7,-27.3,129.26,96,13308,12409,7729,21906,1099,485530449,1
2026-05-01T14:03:07.933,A1,1,14334,-61.7,-88.7,-27.1,136.01,92,13123,12513,8208,22091,1115,397884376,1
2026-05-01T14:03:08.020,A1,1,14335,-61.0,-85.5,-24.5,139.55,100,16644,13955,11660,25119,1162,404083403,1
2026-05-01T14:03:08.140,A1,1,14336,-61.4,-86.1,-24.7,112.37,108,15395,12136,11337,21565,1093,437142774,1
2026-05-01T14:03:08.260,A1,1,14337,-61.4,-87.2,-25.8,129.57,96,17071,12439,11600,26316,1208,445797496,1
2026-05-01T14:03:08.350,A1,1,14338,-61.2,-87.4,-26.2,137.22,100,16657,13722,11379,27812,1231,422971846,1
2026-05-01T14:03:08.470,A1,1,14339,-60.9,-85.3,-24.4,145.21,100,17528,14521,11696,26946,1201,422177790,1
2026-05-01T14:03:08.560,A1,1,14340,-61.2,-85.4,-24.2,140.55,104,17575,14617,12065,27135,1215,435417474,1
2026-05-01T14:03:08.680,A1,1,14341,-60.9,-88.5,-27.6,135.26,96,13891,12985,8253,23742,1125,391988378,1
2026-05-01T14:03:08.801,A1,1,14342,-61.1,-85.9,-24.8,152.39,96,17450,14629,11874,27835,1229,466649527,1
2026-05-01T14:03:08.920,A1,1,14343,-61.2,-84.7,-23.5,126.16,104,16422,13121,12748,23367,1130,719455952,1
2026-05-01T14:03:09.010,A1,1,14344,-60.7,-84.8,-24.1,132.45,96,16495,12715,12443,23794,1118,468967065,1
2026-05-01T14:03:09.100,A1,1,14345,-61.4,-88.9,-27.5,116.81,116,16323,13550,8890,31128,1311,486731987,1
2026-05-01T14:03:09.221,A1,1,14346,-61.5,-89.6,-28.1,104.39,112,14809,11692,7069,27811,1243,746167636,1
2026-05-01T14:03:17.351,A1,1,14347,-61.1,-88.1,-27.0,131.73,88,14760,11592,8710,21522,1080,395780300,1
2026-05-01T14:03:17.469,A1,1,14348,-61.3,-86.3,-25.1,161.01,84,16243,13525,10188,23749,1140,484379793,1
2026-05-01T14:03:17.561,A1,1,14349,-61.0,-84.7,-23.7,154.36,100,16826,15436,12935,27099,1207,519434028,1
2026-05-01T14:03:17.679,A1,1,14350,-60.8,-85.6,-24.8,121.4,104,17220,12626,11202,24563,1141,394940379,1
2026-05-01T14:03:17.800,A1,1,14351,-61.4,-87.1,-25.7,136.67,96,16384,13120,10175,24439,1164,742795671,1
2026-05-01T14:03:17.921,A1,1,14352,-62.3,-88.3,-26.0,123.2,112,13294,13798,11962,24833,1208,460407008,1
2026-05-01T14:03:17.979,A1,1,14353,-61.9,-88.7,-26.8,131.0,104,11914,13624,9304,22552,1136,491311237,1
2026-05-01T14:03:18.100,A1,1,14354,-61.0,-88.1,-27.1,128.25,104,14855,13338,9168,24443,1148,397596608,1
2026-05-01T14:03:18.219,A1,1,14355,-60.6,-86.3,-25.8,122.2,112,14383,13686,12943,25394,1151,742663868,1
2026-05-01T14:03:18.341,A1,1,14356,-61.4,-86.5,-25.0,125.2,104,16334,13021,11449,24419,1162,482472033,1
2026-05-01T14:03:18.431,A1,1,14357,-61.9,-88.0,-26.2,121.61,112,14995,13620,11134,25039,1195,485956375,1
2026-05-01T14:03:18.521,A1,1,14358,-60.7,-87.1,-26.4,123.23,128,18292,15774,13398,35961,1376,459341408,1
2026-05-01T14:03:18.639,A1,1,14359,-61.5,-88.3,-26.8,118.2,132,15434,15602,14547,35135,1397,396213724,1
2026-05-01T14:03:18.791,A1,1,14360,-61.8,-86.3,-24.5,130.68,116,17440,15159,12196,28305,1269,466633512,1
2026-05-01T14:03:18.849,A1,1,14361,-92.8,-84.5,8.3,113.54,120,17171,13625,11023,1203,1119,740727295,1
2026-05-01T14:03:18.941,A1,1,14362,-60.8,-86.7,-25.8,107.93,116,16443,12520,10764,24654,1145,440866685,1
2026-05-01T14:03:19.065,A1,1,14363,-61.3,-89.0,-27.7,98.31,120,12848,11797,8350,22728,1118,395590412,1
2026-05-01T14:03:19.149,A1,1,14364,-61.1,-88.7,-27.6,95.34,148,16148,14111,10616,32825,1332,742011489,1
2026-05-01T14:03:19.299,A1,1,14365,-61.5,-87.9,-26.3,107.42,128,16885,13750,11377,28422,1258,415606508,1
2026-05-01T14:03:19.360,A1,1,14366,-60.4,-88.8,-28.4,96.55,148,15284,14290,9077,32377,1293,490922960,1
2026-05-01T14:03:19.451,A1,1,14367,-61.1,-88.6,-27.5,84.55,168,16054,14204,12278,34094,1359,402538868,1
2026-05-01T14:03:19.570,A1,1,14368,-61.1,-90.1,-29.0,78.67,144,14287,11328,6813,30067,1274,719651587,1
2026-05-01T14:03:19.689,A1,1,14369,-61.8,-87.5,-25.7,95.69,144,17138,13779,12168,28538,1272,433884859,1
2026-05-01T14:03:19.811,A1,1,14370,-60.7,-88.4,-27.7,110.6,128,14682,14157,13179,32622,1312,389930732,1
2026-05-01T14:03:19.929,A1,1,14371,-61.8,-85.9,-24.1,99.34,136,17558,13510,12990,26652,1230,394378030,1
2026-05-01T14:03:20.022,A1,1,14372,-61.9,-88.1,-26.2,98.65,136,14715,13416,11202,24800,1193,396149093,1
2026-05-01T14:03:20.170,A1,1,14373,-61.4,-88.5,-27.1,96.73,124,15796,11994,10162,26660,1216,741658560,1
2026-05-01T14:03:20.230,A1,1,14374,-61.1,-85.5,-24.3,103.14,132,17641,13614,12817,27098,1212,401080051,1
2026-05-01T14:03:20.319,A1,1,14375,-61.8,-88.1,-26.3,113.0,96,14588,10848,11565,22153,1121,435753727,1
2026-05-01T14:03:20.439,A1,1,14376,-61.3,-89.2,-27.9,103.81,128,13585,13288,9475,28918,1261,483304014,1
2026-05-01T14:03:20.530,A1,1,14377,-61.8,-89.4,-27.6,108.12,116,12937,12542,7476,24429,1180,418865096,1
2026-05-01T14:03:20.679,A1,1,14378,-61.5,-88.0,-26.5,96.58,152,17542,14680,11634,31499,1326,443548216,1
2026-05-01T14:03:20.741,A1,1,14379,-62.1,-88.0,-25.9,104.58,128,16527,13386,11668,27011,1252,465560085,1
2026-05-01T14:03:20.859,A1,1,14380,-61.0,-86.1,-25.1,95.55,128,16973,12231,13385,26693,1198,452091257,1
2026-05-01T14:03:20.979,A1,1,14381,-60.4,-89.0,-28.7,67.52,208,15619,14045,9442,34670,1336,742578597,1
2026-05-01T14:03:21.070,A1,1,14382,-61.6,-88.9,-27.4,71.2,176,15409,12532,10045,29186,1277,420522026,1
2026-05-01T14:03:21.159,A1,1,14383,-62.2,-87.9,-25.7,99.98,124,14900,12397,11414,22812,1153,424473284,1
2026-05-01T14:03:21.281,A1,1,14384,-60.6,-84.2,-23.5,117.92,136,18796,16037,14064,31266,1281,390122389,1
2026-05-01T14:03:21.400,A1,1,14385,-61.7,-87.0,-25.3,134.29,96,15966,12892,12277,25013,1190,413507011,1
2026-05-01T14:03:21.551,A1,1,14386,-61.6,-88.9,-27.2,137.6,104,16952,14310,9935,34038,1383,685759777,1
2026-05-01T14:03:21.581,A1,1,14387,-60.8,-88.6,-27.7,126.96,112,15578,14220,8672,29551,1254,483271115,1
2026-05-01T14:03:21.699,A1,1,14388,-62.1,-86.5,-24.4,135.98,124,17434,16862,14566,32992,1384,396086286,1
2026-05-01T14:03:21.820,A1,1,14389,-62.1,-88.4,-26.4,118.55,120,14968,14226,10412,26919,1248,496838553,1
2026-05-01T14:03:21.941,A1,1,14390,-62.1,-88.9,-26.7,144.88,92,13537,13329,8370,23961,1181,757142283,1
2026-05-01T14:03:22.091,A1,1,14391,-61.9,-85.5,-23.7,112.78,116,16407,13083,12633,23480,1158,720167479,1
2026-05-01T14:03:22.209,A1,1,14392,-61.6,-88.8,-27.2,117.09,116,14304,13582,8593,26079,1208,400807541,1
2026-05-01T14:03:22.301,A1,1,14393,-61.5,-88.4,-26.9,119.18,116,17076,13825,10600,31237,1320,433221996,1
2026-05-01T14:03:22.389,A1,1,14394,-61.8,-87.1,-25.3,127.37,120,17396,15284,11927,29689,1301,461099542,1
2026-05-01T14:03:22.510,A1,1,14395,-61.8,-86.0,-24.1,133.99,112,17558,15007,12803,28161,1267,389612404,1
2026-05-01T14:03:22.602,A1,1,14396,-61.0,-84.8,-23.8,135.07,108,17204,14588,12397,26107,1184,419809656,1
2026-05-01T14:03:22.691,A1,1,14397,-61.9,-88.1,-26.2,126.48,104,17395,13154,11387,28410,1275,610485497,1
2026-05-01T14:03:22.809,A1,1,14398,-61.4,-85.6,-24.2,138.81,108,16379,14992,11709,25499,1188,407318489,1
2026-05-01T14:03:22.961,A1,1,14399,-61.2,-88.2,-27.0,120.33,116,13919,13958,11212,26013,1191,761723765,1
2026-05-01T14:03:23.051,A1,1,14400,-60.2,-85.1,-24.8,135.44,116,17919,15711,11661,29852,1234,741705589,1
2026-05-01T14:03:23.141,A1,1,14401,-62.0,-86.9,-24.9,111.93,128,16743,14327,13777,28800,1287,401011513,1
2026-05-01T14:03:23.289,A1,1,14402,-61.7,-85.7,-24.0,123.13,112,15663,13791,13266,24403,1174,742177485,1
2026-05-01T14:03:23.349,A1,1,14403,-62.0,-88.5,-26.5,134.84,100,14552,13484,8929,24560,1189,719252298,1
2026-05-01T14:03:23.470,A1,1,14404,-61.6,-88.5,-26.9,131.98,100,14160,13198,8966,24142,1165,666363294,1
2026-05-01T14:03:23.528,A1,1,14405,-61.6,-86.0,-24.4,141.02,108,18297,15230,13175,30430,1307,459833340,1
2026-05-01T14:03:23.651,A1,1,14406,-61.8,-85.3,-23.5,121.08,140,19081,16951,14988,33778,1386,389789246,1
2026-05-01T14:03:23.770,A1,1,14407,-61.3,-89.0,-27.7,129.92,92,15052,11953,7689,26102,1199,451991873,1
2026-05-01T14:03:23.890,A1,1,14408,-61.8,-85.1,-23.3,123.96,112,16300,13883,12980,23898,1164,484090164,1
2026-05-01T14:03:23.979,A1,1,14409,-61.7,-86.3,-24.6,142.7,80,14161,11416,12019,19903,1059,436692797,1
2026-05-01T14:03:24.101,A1,1,14410,-61.4,-87.3,-25.9,144.05,100,16258,14405,10614,26606,1213,388481824,1
2026-05-01T14:03:24.218,A1,1,14411,-62.0,-86.9,-24.9,124.33,128,16601,15914,13562,30427,1325,459753102,1
2026-05-01T14:03:24.309,A1,1,14412,-62.2,-86.2,-24.0,121.92,104,14430,12680,12494,21019,1107,388658356,1
2026-05-01T14:03:24.430,A1,1,14413,-61.6,-88.5,-26.9,142.31,96,15011,13662,8473,25763,1203,494937861,1
2026-05-01T14:03:24.549,A1,1,14414,-61.9,-88.2,-26.3,130.34,108,17260,14077,10783,29917,1309,468241647,1
2026-05-01T14:03:24.671,A1,1,14415,-61.9,-84.2,-22.3,148.24,100,17645,14824,12450,24440,1183,447957024,1
2026-05-01T14:03:24.762,A1,1,14416,-61.5,-85.1,-23.5,150.14,112,17974,16816,15051,32269,1342,483086960,1
2026-05-01T14:03:24.879,A1,1,14417,-61.9,-88.2,-26.3,139.33,112,17946,15605,12158,34717,1411,386816305,1
2026-05-01T14:03:24.999,A1,1,14418,-62.1,-88.5,-26.4,134.88,108,16548,14567,9932,29945,1317,747235231,1
2026-05-01T14:03:25.121,A1,1,14419,-61.8,-88.2,-26.4,126.04,120,16747,15125,10102,29808,1300,396397828,1
2026-05-01T14:03:25.211,A1,1,14420,-62.0,-88.9,-26.9,138.52,96,16498,13298,8710,29755,1308,740961243,1
2026-05-01T14:03:25.330,A1,1,14421,-62.1,-85.9,-23.8,153.0,92,16235,14076,13009,24943,1201,741839342,1
2026-05-01T14:03:25.419,A1,1,14422,-61.1,-86.1,-25.0,158.08,96,17248,15176,11750,28569,1243,404136547,1
2026-05-01T14:03:25.508,A1,1,14423,-61.6,-88.0,-26.5,126.78,112,15545,14199,10207,26196,1211,414940835,1
2026-05-01T14:03:25.630,A1,1,14424,-61.2,-85.3,-24.1,131.27,100,15398,13127,12483,22740,1114,436101681,1
2026-05-01T14:03:25.752,A1,1,14425,-61.7,-88.1,-26.4,127.15,108,17196,13732,11215,29451,1289,439207165,1
2026-05-01T14:03:25.871,A1,1,14426,-60.8,-86.6,-25.9,137.95,112,17271,15450,11619,30593,1272,440351064,1
2026-05-01T14:03:25.930,A1,1,14427,-60.5,-86.5,-26.0,117.54,124,17510,14575,12652,31277,1273,480361343,1
2026-05-01T14:03:26.079,A1,1,14428,-61.5,-85.3,-23.8,131.34,108,16351,14185,12411,24612,1171,717159857,1
2026-05-01T14:03:26.171,A1,1,14429,-61.2,-88.4,-27.3,137.06,112,16971,15351,9295,32893,1337,460802187,1
2026-05-01T14:03:26.261,A1,1,14430,-61.7,-86.8,-25.1,146.3,104,16249,15215,12181,27840,1254,422110334,1
2026-05-01T14:03:26.350,A1,1,14431,-61.4,-86.1,-24.7,145.15,104,17190,15096,12045,28045,1246,740864688,1
2026-05-01T14:03:26.469,A1,1,14432,-61.3,-88.4,-27.1,125.84,120,16587,15101,9017,31019,1305,459095417,1
2026-05-01T14:03:26.559,A1,1,14433,-61.6,-85.0,-23.3,151.43,92,16333,13932,12491,23564,1151,413566474,1
2026-05-01T14:03:26.681,A1,1,14434,-61.0,-84.6,-23.5,148.55,92,15565,13667,12909,23114,1115,741961853,1
2026-05-01T14:03:26.771,A1,1,14435,-60.4,-84.5,-24.1,130.53,120,17742,15664,14195,30663,1259,433775376,1
2026-05-01T14:03:26.918,A1,1,14436,-61.7,-88.5,-26.9,125.55,108,14498,13559,8786,25057,1188,425372184,1
2026-05-01T14:03:27.009,A1,1,14437,-62.1,-89.3,-27.3,128.98,96,15014,12382,7587,27200,1254,711207756,1
2026-05-01T14:03:27.130,A1,1,14438,-61.5,-88.1,-26.6,142.85,104,16606,14856,10491,29431,1278,436695371,1
2026-05-01T14:03:27.221,A1,1,14439,-61.6,-85.6,-24.0,137.54,104,16223,14304,12573,25000,1184,509289211,1
2026-05-01T14:03:27.341,A1,1,14440,-61.7,-87.1,-25.4,161.93,92,16899,14898,11359,28062,1260,429668184,1
2026-05-01T14:03:27.489,A1,1,14441,-61.7,-87.8,-26.1,116.91,116,16900,13561,11637,27959,1255,415106434,1
2026-05-01T14:03:27.550,A1,1,14442,-61.8,-88.5,-26.7,133.15,104,13974,13848,9270,24487,1179,420515585,1
2026-05-01T14:03:27.669,A1,1,14443,-61.2,-85.4,-24.2,152.49,104,17941,15859,14413,31752,1314,645760030,1
2026-05-01T14:03:27.791,A1,1,14444,-61.7,-88.2,-26.5,145.55,96,16480,13973,10515,28177,1259,489218276,1
2026-05-01T14:03:27.911,A1,1,14445,-61.5,-86.1,-24.6,165.11,88,16618,14530,11950,26298,1209,392636273,1
2026-05-01T14:03:28.029,A1,1,14446,-61.2,-88.1,-26.8,140.37,108,16695,15160,10095,30061,1281,419107611,1
2026-05-01T14:03:28.088,A1,1,14447,-60.4,-85.1,-24.7,159.96,92,17183,14716,13301,28951,1223,440253449,1
2026-05-01T14:03:28.211,A1,1,14448,-61.4,-85.9,-24.5,150.11,84,16104,12609,12276,23557,1140,623242285,1
2026-05-01T14:03:28.361,A1,1,14449,-62.2,-87.9,-25.7,128.19,116,14843,14870,11769,26152,1234,400291248,1
2026-05-01T14:03:28.422,A1,1,14450,-92.2,-88.4,3.7,105.45,128,16956,13497,10270,1859,1299,464242917,1
2026-05-01T14:03:28.539,A1,1,14451,-61.5,-86.0,-24.4,138.59,108,16875,14968,12726,27650,1242,388339776,1
2026-05-01T14:03:28.631,A1,1,14452,-61.1,-86.8,-25.7,128.54,112,17967,14396,13060,31631,1308,734725239,1
2026-05-01T14:03:28.749,A1,1,14453,-62.0,-87.8,-25.8,137.92,108,15431,14895,11651,27022,1249,415150067,1
2026-05-01T14:03:28.869,A1,1,14454,-60.9,-85.4,-24.5,136.98,104,16237,14246,11821,25071,1159,418547254,1
2026-05-01T14:03:28.960,A1,1,14455,-61.2,-88.5,-27.3,123.19,108,15961,13305,9239,28267,1241,492447977,1
2026-05-01T14:03:29.049,A1,1,14456,-61.0,-86.5,-25.4,142.13,100,17684,14213,12783,29941,1271,400182832,1
2026-05-01T14:03:29.169,A1,1,14457,-61.3,-85.7,-24.5,138.92,100,17440,13892,13077,27611,1230,483287796,1
2026-05-01T14:03:29.290,A1,1,14458,-61.7,-88.1,-26.5,136.82,104,15852,14229,10346,27198,1237,431501720,1
2026-05-01T14:03:29.379,A1,1,14459,-60.7,-88.4,-27.7,123.28,100,15412,12328,9130,26038,1172,721842418,1
2026-05-01T14:03:29.499,A1,1,14460,-61.6,-85.6,-24.0,135.8,104,16167,14123,11809,24033,1161,414646819,1
2026-05-01T14:03:29.649,A1,1,14461,-62.0,-88.8,-26.7,133.18,100,16682,13318,9212,29516,1305,444398160,1
2026-05-01T14:03:29.768,A1,1,14462,-60.8,-86.9,-26.2,133.85,108,16567,14456,11723,28891,1236,400810300,1
2026-05-01T14:03:29.830,A1,1,14463,-61.5,-88.3,-26.8,126.71,104,16438,13178,10895,28409,1257,410685045,1
2026-05-01T14:03:29.921,A1,1,14464,-60.9,-88.4,-27.5,128.86,100,16169,12886,9651,28450,1234,437560505,1
2026-05-01T14:03:30.041,A1,1,14465,-61.5,-87.0,-25.5,137.92,104,15999,14344,10908,25770,1199,464428891,1
2026-05-01T14:03:30.160,A1,1,14466,-61.9,-87.8,-26.0,140.86,100,17782,14086,10511,28696,1280,403023018,1
2026-05-01T14:03:30.280,A1,1,14467,-61.5,-88.7,-27.2,114.32,112,16021,12804,7861,27082,1229,418169571,1
2026-05-01T14:03:30.369,A1,1,14468,-61.8,-88.3,-26.5,124.25,112,14088,13916,12199,26815,1234,520647857,1
2026-05-01T14:03:30.489,A1,1,14469,-60.5,-88.0,-27.5,141.24,96,15951,13559,8980,26532,1173,525679267,1
2026-05-01T14:03:30.638,A1,1,14470,-61.3,-84.5,-23.2,147.6,96,17182,14170,11481,23788,1143,766200285,1
2026-05-01T14:03:30.730,A1,1,14471,-61.2,-84.7,-23.5,149.21,96,17209,14324,12340,25296,1174,443848628,1
2026-05-01T14:03:30.820,A1,1,14472,-61.8,-88.5,-26.7,128.9,104,16959,13406,9615,29110,1286,487058189,1
2026-05-01T14:03:30.940,A1,1,14473,-61.1,-88.2,-27.1,130.6,112,17488,14627,8755,30705,1290,499125866,1
2026-05-01T14:03:31.059,A1,1,14474,-62.1,-85.9,-23.8,134.62,92,16477,12385,13179,23637,1170,403750710,1
2026-05-01T14:03:31.150,A1,1,14475,-61.6,-86.0,-24.5,146.87,92,16793,13512,11865,25033,1183,433840941,1
2026-05-01T14:03:31.270,A1,1,14476,-61.7,-86.1,-24.3,123.43,104,15485,12837,12620,23076,1143,388225854,1
2026-05-01T14:03:31.389,A1,1,14477,-62.0,-88.1,-26.1,135.65,104,15975,14108,10618,26766,1243,393880396,1
2026-05-01T14:03:31.509,A1,1,14478,-61.4,-85.6,-24.2,138.86,100,15658,13886,12554,24235,1157,486758643,1
2026-05-01T14:03:31.629,A1,1,14479,-62.3,-88.5,-26.2,120.96,116,13257,14031,9014,22826,1159,767247163,1
2026-05-01T14:03:31.749,A1,1,14480,-61.6,-88.2,-26.5,148.4,96,15605,14246,8642,25479,1197,417540098,1
2026-05-01T14:03:31.869,A1,1,14481,-61.7,-86.8,-25.0,126.53,116,16538,14677,9737,25118,1192,446724720,1
2026-05-01T14:03:32.021,A1,1,14482,-61.8,-83.6,-21.7,129.55,104,16536,13473,13023,21363,1103,387187565,1
2026-05-01T14:03:32.080,A1,1,14483,-61.2,-82.4,-21.2,170.47,88,17932,15001,12754,23457,1130,417210348,1
2026-05-01T14:03:32.170,A1,1,14484,-61.2,-86.4,-25.2,162.58,88,17009,14307,9373,25369,1174,418475074,1
2026-05-01T14:03:32.290,A1,1,14485,-60.3,-82.1,-21.8,146.17,100,17185,14617,13361,23660,1102,417032581,1
2026-05-01T14:03:32.411,A1,1,14486,-60.8,-87.9,-27.1,126.64,116,17419,14690,8690,29587,1252,457467071,1
2026-05-01T14:03:32.529,A1,1,14487,-61.4,-82.5,-21.1,175.24,92,18072,16122,13948,25556,1188,765152054,1
2026-05-01T14:03:32.649,A1,1,14488,-61.5,-85.3,-23.8,150.68,88,17706,13260,11125,24231,1162,481227506,1
2026-05-01T14:03:32.739,A1,1,14489,-92.8,-85.6,7.2,131.42,100,17409,13142,11099,1274,1161,432104843,1
2026-05-01T14:03:32.859,A1,1,14490,-60.7,-82.9,-22.3,131.98,124,18488,16365,13541,28212,1217,462566548,1
2026-05-01T14:03:32.919,A1,1,14491,-61.3,-83.4,-22.1,167.69,84,17671,14086,12245,23167,1127,438008505,1
2026-05-01T14:03:33.009,A1,1,14492,-61.4,-87.8,-26.4,153.36,88,16103,13496,8837,24487,1164,400116810,1
2026-05-01T14:03:33.129,A1,1,14493,-61.0,-84.7,-23.8,157.58,96,18062,15128,11242,26865,1200,434057243,1
2026-05-01T14:03:33.249,A1,1,14494,-61.3,-84.7,-23.4,132.07,116,18081,15320,11386,26637,1208,400278034,1
2026-05-01T14:03:33.309,A1,1,14495,-61.5,-82.7,-21.3,130.15,112,16753,14577,13356,22289,1112,495339826,1
2026-05-01T14:03:33.458,A1,1,14496,-61.8,-86.2,-24.4,136.2,92,17096,12530,10786,23329,1152,503742386,1
2026-05-01T14:03:33.549,A1,1,14497,-69.3,-82.7,-13.4,175.77,96,18827,16874,14296,16197,1245,387948185,1
2026-05-01T14:03:33.669,A1,1,14498,-61.9,-83.1,-21.3,162.06,88,17339,14261,12861,22227,1126,437594865,1
2026-05-01T14:03:33.789,A1,1,14499,-61.0,-83.5,-22.5,168.62,104,19142,17537,14628,32052,1313,427334214,1
2026-05-01T14:03:33.909,A1,1,14500,-61.0,-83.9,-22.8,143.38,100,17843,14338,12233,24909,1158,743928767,1
2026-05-01T14:03:33.969,A1,1,14501,-61.3,-86.4,-25.2,127.24,108,16772,13742,9563,24361,1156,404524177,1
2026-05-01T14:03:34.089,A1,1,14502,-61.5,-83.1,-21.6,145.79,96,17011,13996,12852,22024,1108,463572920,1
2026-05-01T14:03:34.180,A1,1,14503,-61.6,-82.9,-21.4,153.32,104,16847,15945,14356,24820,1178,740171012,1
2026-05-01T14:03:34.299,A1,1,14504,-61.3,-85.1,-23.8,165.88,100,18749,16588,13135,31558,1316,394589063,1
2026-05-01T14:03:34.419,A1,1,14505,-61.8,-84.5,-22.6,154.08,84,16657,12943,11716,21189,1099,465002300,1
2026-05-01T14:03:34.508,A1,1,14506,-61.4,-87.3,-25.9,153.74,92,16167,14144,9157,24952,1174,482429123,1
2026-05-01T14:03:34.600,A1,1,14507,-62.0,-85.4,-23.3,153.65,104,18098,15980,11999,27813,1267,454704607,1
2026-05-01T14:03:34.720,A1,1,14508,-61.4,-82.6,-21.3,135.25,104,16503,14066,12859,21085,1078,387995401,1
2026-05-01T14:03:34.868,A1,1,14509,-62.1,-84.2,-22.1,129.54,96,16953,12436,11427,20108,1079,480114872,1
2026-05-01T14:03:34.989,A1,1,14510,-61.4,-87.0,-25.6,134.87,108,17175,14566,9243,26528,1212,509047687,1
2026-05-01T14:03:35.049,A1,1,14511,-61.0,-83.1,-22.1,153.77,100,18173,15377,11970,24925,1159,481687010,1
2026-05-01T14:03:35.140,A1,1,14512,-60.9,-86.7,-25.8,139.82,100,16937,13982,9464,25876,1175,433603166,1
2026-05-01T14:03:35.261,A1,1,14513,-61.8,-85.9,-24.1,142.93,88,17403,12578,10772,23192,1148,391063602,1
2026-05-01T14:03:35.378,A1,1,14514,-61.9,-84.9,-23.1,123.49,104,17256,12843,11320,22159,1125,510634351,1
2026-05-01T14:03:35.500,A1,1,14515,-61.7,-83.1,-21.4,153.14,104,18230,15927,12248,24640,1178,525014900,1
2026-05-01T14:03:35.650,A1,1,14516,-61.8,-86.2,-24.4,161.53,92,16938,14861,10971,25829,1211,439974578,1
2026-05-01T14:03:35.771,A1,1,14517,-61.9,-86.7,-24.8,143.59,92,16636,13210,10133,23476,1157,716573197,1
2026-05-01T14:03:35.889,A1,1,14518,-61.8,-84.9,-23.2,172.13,92,18096,15836,11489,26842,1233,409202175,1
2026-05-01T14:03:35.980,A1,1,14519,-60.8,-87.1,-26.4,130.58,108,16705,14103,9231,26528,1185,481660777,1
2026-05-01T14:03:36.099,A1,1,14520,-62.0,-85.4,-23.4,149.44,84,16849,12553,10788,21450,1112,404392553,1
2026-05-01T14:03:36.250,A1,1,14521,-61.8,-85.5,-23.8,142.35,108,17832,15374,11109,26681,1230,417679005,1
2026-05-01T14:03:36.339,A1,1,14522,-62.1,-85.9,-23.8,158.4,100,16534,15840,12352,26744,1245,448560881,1
2026-05-01T14:03:36.400,A1,1,14523,-61.3,-87.7,-26.4,152.33,88,17025,13405,9354,26311,1201,745167114,1
2026-05-01T14:03:36.519,A1,1,14524,-61.6,-85.0,-23.4,176.95,92,18152,16279,12793,29183,1278,408731494,1
2026-05-01T14:03:36.640,A1,1,14525,-60.9,-84.8,-23.9,163.98,96,17909,15742,11857,28167,1228,495923248,1
2026-05-01T14:03:36.790,A1,1,14526,-61.5,-88.4,-27.0,116.84,112,16548,13086,8240,27052,1226,512955446,1
2026-05-01T14:03:36.879,A1,1,14527,-61.4,-84.2,-22.8,139.23,120,19048,16707,13436,30384,1294,474101507,1
2026-05-01T14:03:36.999,A1,1,14528,-62.0,-86.2,-24.2,171.73,88,16673,15112,10994,25480,1211,447168605,1
2026-05-01T14:03:37.149,A1,1,14529,-61.6,-85.2,-23.6,127.72,100,16344,12772,10874,21357,1093,495286882,1
2026-05-01T14:03:37.271,A1,1,14530,-62.1,-83.6,-21.5,149.38,88,17124,13145,12072,20672,1095,459208163,1
2026-05-01T14:03:37.358,A1,1,14531,-61.3,-82.7,-21.5,187.91,88,18644,16536,13807,27277,1223,428776795,1
2026-05-01T14:03:37.450,A1,1,14532,-61.4,-84.7,-23.3,164.94,100,18625,16494,12937,30069,1289,464015462,1
2026-05-01T14:03:37.568,A1,1,14533,-66.8,-86.1,-19.3,147.62,88,17643,12991,10783,17199,1175,385473087,1
2026-05-01T14:03:37.721,A1,1,14534,-60.6,-82.3,-21.7,138.47,112,18016,15509,12357,24578,1133,495395755,1
2026-05-01T14:03:37.780,A1,1,14535,-60.6,-82.1,-21.5,149.41,96,17152,14343,12865,22404,1082,487407802,1
2026-05-01T14:03:37.989,A1,1,14536,-61.5,-83.6,-22.1,156.42,88,17212,13765,11572,21792,1102,390155873,1
2026-05-01T14:03:38.020,A1,1,14537,-61.7,-85.0,-23.2,174.06,96,18385,16710,13352,30213,1307,457188131,1
2026-05-01T14:03:38.138,A1,1,14538,-62.0,-87.0,-25.1,156.77,80,16785,12542,9674,22975,1149,777249366,1
2026-05-01T14:03:38.228,A1,1,14539,-61.4,-87.0,-25.5,124.5,112,16608,13944,8890,24451,1164,722100808,1
2026-05-01T14:03:38.349,A1,1,14540,-61.2,-85.5,-24.3,169.5,88,17971,14916,10921,27134,1216,431019920,1
2026-05-01T14:03:38.470,A1,1,14541,-62.3,-85.0,-22.6,125.58,96,16891,12056,11272,20291,1094,430680993,1
2026-05-01T14:03:38.589,A1,1,14542,-61.0,-86.2,-25.3,134.39,108,16138,14514,10129,25060,1160,479645409,1
2026-05-01T14:03:38.679,A1,1,14543,-61.1,-83.7,-22.6,161.5,92,18014,14858,11536,24736,1157,457252127,1
2026-05-01T14:03:38.800,A1,1,14544,-62.2,-84.9,-22.6,129.74,96,16673,12455,11057,20237,1089,514807652,1
2026-05-01T14:03:38.890,A1,1,14545,-61.9,-84.5,-22.6,151.55,88,16880,13336,11229,21451,1107,390942166,1
2026-05-01T14:03:39.039,A1,1,14546,-61.4,-88.3,-26.9,128.15,104,16589,13328,8565,26942,1221,387659447,1
2026-05-01T14:03:39.129,A1,1,14547,-60.6,-82.4,-21.7,158.92,100,18388,15892,13485,26432,1177,392259018,1
2026-05-01T14:03:39.219,A1,1,14548,-62.0,-88.2,-26.2,117.81,108,16798,12723,8759,24905,1196,422010000,1
2026-05-01T14:03:39.310,A1,1,14549,-60.7,-82.3,-21.6,140.22,100,17064,14022,12901,22223,1082,738101199,1
2026-05-01T14:03:39.458,A1,1,14550,-61.1,-87.0,-25.9,126.25,112,16953,14140,9811,26616,1199,480741081,1
2026-05-01T14:03:39.520,A1,1,14551,-61.2,-86.9,-25.7,132.19,96,17342,12690,10288,25520,1180,392498117,1
2026-05-01T14:03:39.610,A1,1,14552,-60.5,-83.6,-23.1,129.44,112,17920,14497,12025,25361,1148,424841653,1
2026-05-01T14:03:39.730,A1,1,14553,-62.0,-83.7,-21.8,124.35,100,16554,12435,11952,19614,1062,398814129,1
2026-05-01T14:03:39.820,A1,1,14554,-60.6,-82.8,-22.2,152.47,96,17888,14637,12641,24527,1134,414611724,1
2026-05-01T14:03:39.939,A1,1,14555,-61.3,-87.6,-26.3,159.81,84,14824,13424,8769,22371,1109,409670785,1
2026-05-01T14:03:40.031,A1,1,14556,-60.9,-82.1,-21.2,128.03,112,17140,14339,12483,21619,1076,405376508,1
2026-05-01T14:03:40.149,A1,1,14557,-61.2,-84.9,-23.7,133.49,108,17714,14417,10857,25114,1171,400392989,1
2026-05-01T14:03:40.238,A1,1,14558,-60.6,-88.0,-27.5,121.13,108,16704,13082,8458,26735,1181,416809560,1
2026-05-01T14:03:40.359,A1,1,14559,-61.4,-82.8,-21.4,142.29,104,17810,14798,12842,23437,1137,478701559,1
2026-05-01T14:03:40.448,A1,1,14560,-61.4,-88.0,-26.6,139.18,96,17643,13361,9766,28202,1248,406321999,1
2026-05-01T14:03:40.598,A1,1,14561,-61.0,-84.3,-23.4,130.58,100,17095,13058,11311,22612,1102,456189992,1
2026-05-01T14:03:40.719,A1,1,14562,-61.6,-87.9,-26.3,138.05,96,15740,13253,8538,23318,1143,519867460,1
2026-05-01T14:03:40.810,A1,1,14563,-61.4,-87.1,-25.6,119.17,116,17825,13824,10165,27450,1233,461752481,1
2026-05-01T14:03:40.961,A1,1,14564,-61.0,-82.9,-21.9,171.34,100,19008,17134,14292,29663,1265,608183747,1
2026-05-01T14:03:41.020,A1,1,14565,-61.2,-86.1,-24.9,140.06,104,18355,14566,11308,28923,1254,425540474,1
2026-05-01T14:03:41.139,A1,1,14566,-61.4,-84.7,-23.3,137.88,92,17281,12685,11141,22297,1110,463666670,1
2026-05-01T14:03:41.199,A1,1,14567,-61.2,-83.3,-22.1,133.16,100,16608,13316,12092,21055,1070,507735408,1
2026-05-01T14:03:41.319,A1,1,14568,-61.2,-85.9,-24.7,133.84,108,18032,14455,10682,27307,1219,432750562,1
2026-05-01T14:03:41.410,A1,1,14569,-61.8,-83.2,-21.4,157.27,88,17166,13840,11410,20664,1082,407744059,1
2026-05-01T14:03:41.560,A1,1,14570,-61.2,-83.9,-22.7,125.96,112,17440,14108,10860,22775,1113,498050592,1
2026-05-01T14:03:41.650,A1,1,14571,-61.4,-86.5,-25.1,145.09,96,17795,13929,10646,26901,1220,494767711,1
2026-05-01T14:03:41.770,A1,1,14572,-61.4,-87.3,-25.9,120.91,108,16355,13058,10134,24770,1169,405747376,1
2026-05-01T14:03:41.920,A1,1,14573,-61.6,-84.9,-23.4,119.0,112,16806,13328,12848,23955,1157,435930424,1
2026-05-01T14:03:42.010,A1,1,14574,-61.7,-86.2,-24.5,124.81,100,14492,12481,12987,22122,1117,738918838,1
2026-05-01T14:03:42.100,A1,1,14575,-61.7,-88.3,-26.5,148.33,88,14238,13053,8528,22292,1123,486955085,1
2026-05-01T14:03:42.219,A1,1,14576,-61.6,-86.5,-24.8,145.14,96,16572,13933,10987,24970,1185,755475494,1
2026-05-01T14:03:42.369,A1,1,14577,-62.0,-87.6,-25.7,151.84,92,14943,13969,11763,25031,1199,449353567,1
2026-05-01T14:03:42.459,A1,1,14578,-61.4,-86.2,-24.8,156.78,88,16385,13797,12371,25847,1197,388523297,1
2026-05-01T14:03:42.579,A1,1,14579,-61.7,-88.0,-26.3,133.32,108,16624,14399,12061,29642,1292,386219037,1
2026-05-01T14:03:42.699,A1,1,14580,-61.4,-88.4,-27.0,121.64,108,16662,13137,10367,29531,1279,449337448,1
2026-05-01T14:03:42.819,A1,1,14581,-61.2,-86.7,-25.4,153.54,100,15266,15354,11515,26566,1205,492644044,1
2026-05-01T14:03:42.939,A1,1,14582,-61.1,-83.0,-21.9,114.59,132,18376,15126,13184,25697,1178,433471028,1
2026-05-01T14:03:43.060,A1,1,14583,-61.5,-85.2,-23.6,156.86,92,17391,14431,11960,25533,1194,458103217,1
2026-05-01T14:03:43.178,A1,1,14584,-62.5,-88.4,-25.8,177.28,88,14806,15601,11017,28036,1295,758173213,1
2026-05-01T14:03:43.300,A1,1,14585,-62.3,-88.4,-26.0,136.91,100,14594,13691,11420,25968,1237,430339667,1
2026-05-01T14:03:43.418,A1,1,14586,-61.7,-85.9,-24.2,126.19,120,17216,15143,13953,29240,1285,756383658,1
2026-05-01T14:03:43.510,A1,1,14587,-61.0,-88.4,-27.5,106.55,124,16296,13212,10939,30421,1277,413466103,1
2026-05-01T14:03:43.599,A1,1,14588,-61.5,-87.4,-25.9,140.7,104,15624,14633,13484,29174,1276,416368635,1
2026-05-01T14:03:43.750,A1,1,14589,-61.9,-88.8,-26.9,115.24,108,16581,12446,8290,27878,1264,386939941,1
2026-05-01T14:03:43.839,A1,1,14590,-61.9,-88.6,-26.7,138.44,100,14165,13844,8833,25035,1195,414571381,1
2026-05-01T14:03:43.959,A1,1,14591,-62.3,-87.8,-25.5,132.35,104,15797,13764,11983,25888,1235,449004449,1
2026-05-01T14:03:44.051,A1,1,14592,-61.6,-85.7,-24.2,157.19,96,16735,15090,11948,26341,1214,436164318,1
2026-05-01T14:03:44.169,A1,1,14593,-60.9,-85.9,-25.0,109.58,128,16713,14026,12390,27056,1201,410712687,1
2026-05-01T14:03:44.262,A1,1,14594,-61.9,-88.3,-26.3,122.84,116,15689,14250,9942,26998,1245,714171842,1
2026-05-01T14:03:44.379,A1,1,14595,-61.7,-87.6,-26.0,167.93,88,17137,14778,10816,28899,1275,391509832,1
2026-05-01T14:03:44.499,A1,1,14596,-62.4,-88.3,-26.0,138.69,104,15771,14424,11126,28102,1289,497611880,1
2026-05-01T14:03:44.680,A1,1,14597,-62.5,-87.2,-24.7,139.38,96,14536,13380,13411,23983,1194,462196196,1
2026-05-01T14:03:44.739,A1,1,14598,-62.3,-87.7,-25.4,139.89,96,17013,13429,11907,27021,1261,396027053,1
2026-05-01T14:03:44.859,A1,1,14599,-61.7,-85.7,-24.0,145.72,112,18538,16321,14461,32699,1359,449892340,1
2026-05-01T14:03:44.979,A1,1,14600,-61.5,-88.3,-26.8,116.86,120,17104,14023,10778,31002,1315,422656183,1
2026-05-01T14:03:45.129,A1,1,14601,-61.0,-88.1,-27.1,147.07,100,15909,14707,9670,28587,1241,479189123,1
2026-05-01T14:03:45.190,A1,1,14602,-61.7,-88.7,-27.0,130.32,100,16340,13032,9349,28960,1277,565349020,1
2026-05-01T14:03:45.279,A1,1,14603,-61.7,-88.1,-26.4,138.98,100,14689,13898,9941,24281,1170,738103430,1
2026-05-01T14:03:45.400,A1,1,14604,-61.8,-85.8,-23.9,129.0,96,15366,12384,13020,22251,1126,416252087,1
2026-05-01T14:03:45.548,A1,1,14605,-61.3,-85.3,-24.0,136.36,96,15214,13091,12867,22790,1119,404338810,1
2026-05-01T14:03:45.640,A1,1,14606,-60.5,-87.8,-27.3,134.05,116,17360,15550,10341,32681,1305,478506844,1
2026-05-01T14:03:45.731,A1,1,14607,-61.8,-88.0,-26.2,141.52,104,16949,14718,11596,29830,1303,456263260,1
2026-05-01T14:03:45.849,A1,1,14608,-62.0,-88.7,-26.7,127.29,116,16312,14766,9467,30696,1330,450807560,1
2026-05-01T14:03:45.939,A1,1,14609,-61.6,-88.7,-27.1,128.46,100,14168,12846,7874,23886,1159,480323971,1
2026-05-01T14:03:46.059,A1,1,14610,-61.3,-86.7,-25.5,142.11,100,17829,14211,12910,30389,1291,416405928,1
2026-05-01T14:03:46.150,A1,1,14611,-62.1,-87.2,-25.0,137.74,104,16398,14325,11676,26211,1235,448226642,1
2026-05-01T14:03:46.269,A1,1,14612,-61.8,-86.1,-24.3,150.21,100,17176,15021,12047,27173,1243,454928407,1
2026-05-01T14:03:46.421,A1,1,14613,-61.0,-85.3,-24.3,161.44,88,16303,14207,11713,24717,1152,492563491,1
2026-05-01T14:03:46.539,A1,1,14614,-61.9,-86.2,-24.2,142.39,100,16575,14239,11797,25081,1199,437192471,1
2026-05-01T14:03:46.630,A1,1,14615,-61.7,-88.0,-26.3,143.24,92,17515,13178,11879,29398,1290,449845726,1
2026-05-01T14:03:46.751,A1,1,14616,-61.7,-88.5,-26.8,134.78,104,15282,14017,8881,26606,1225,461913215,1
2026-05-01T14:03:46.869,A1,1,14617,-61.5,-85.7,-24.2,141.86,96,15740,13619,12044,23443,1143,437044599,1
2026-05-01T14:03:46.959,A1,1,14618,-61.9,-88.5,-26.6,138.09,100,13692,13809,9508,24435,1182,762988999,1
2026-05-01T14:03:47.049,A1,1,14619,-61.8,-85.6,-23.8,117.54,116,15748,13635,13039,23830,1163,416113984,1
2026-05-01T14:03:47.169,A1,1,14620,-61.8,-86.3,-24.5,142.77,96,15908,13706,11463,23694,1159,425162271,1
2026-05-01T14:03:47.259,A1,1,14621,-60.5,-85.8,-25.2,136.04,112,17523,15237,13426,31378,1278,430246290,1
2026-05-01T14:03:47.379,A1,1,14622,-61.3,-88.5,-27.2,134.17,96,14014,12880,8297,23395,1133,451240118,1
2026-05-01T14:03:47.470,A1,1,14623,-61.4,-86.4,-25.0,142.94,112,18017,16009,13741,33011,1349,736353286,1
2026-05-01T14:03:47.590,A1,1,14624,-61.4,-85.3,-23.9,161.51,92,16426,14859,13517,26836,1218,391661612,1
2026-05-01T14:03:47.679,A1,1,14625,-61.0,-88.3,-27.4,130.94,104,16129,13618,9434,28486,1236,456253521,1
2026-05-01T14:03:47.800,A1,1,14626,-61.7,-88.2,-26.5,138.84,100,16559,13884,10785,28691,1273,462506782,1
2026-05-01T14:03:47.890,A1,1,14627,-61.1,-86.9,-25.8,145.42,100,14037,14542,12208,25280,1169,486878213,1
2026-05-01T14:03:47.978,A1,1,14628,-60.7,-87.4,-26.7,137.06,108,16707,14802,10399,29293,1243,519342153,1
2026-05-01T14:03:48.161,A1,1,14629,-61.6,-88.1,-26.5,117.38,112,17214,13147,11584,29369,1284,388176890,1
2026-05-01T14:03:48.221,A1,1,14630,-62.0,-88.1,-26.2,139.45,100,16409,13945,10874,27569,1259,391140431,1
2026-05-01T14:03:48.338,A1,1,14631,-62.0,-88.1,-26.1,131.26,104,16868,13651,11196,28081,1274,496137575,1
2026-05-01T14:03:48.459,A1,1,14632,-61.0,-88.3,-27.4,133.83,108,16281,14454,9365,29766,1263,447128457,1
2026-05-01T14:03:48.609,A1,1,14633,-62.3,-88.5,-26.3,148.17,92,13391,13632,9494,23248,1169,426889282,1
2026-05-01T14:03:48.669,A1,1,14634,-62.0,-85.9,-23.9,139.23,100,15657,13923,13230,24388,1185,554459197,1
2026-05-01T14:03:56.859,A1,1,14635,-62.0,-87.3,-25.3,149.42,100,15195,14942,12728,26972,1246,490843729,1
2026-05-01T14:03:56.949,A1,1,14636,-62.0,-86.9,-24.9,145.96,104,15516,15180,12942,27215,1254,394977748,1
2026-05-01T14:03:57.039,A1,1,14637,-61.8,-87.5,-25.7,120.46,104,16543,12528,12222,26156,1220,410227594,1
2026-05-01T14:03:57.160,A1,1,14638,-61.6,-88.7,-27.1,142.73,100,15787,14273,8498,28858,1272,526186521,1
2026-05-01T14:03:57.278,A1,1,14639,-61.1,-89.3,-28.2,107.11,104,14532,11139,6774,25252,1171,475691108,1
2026-05-01T14:03:57.399,A1,1,14640,-61.2,-88.6,-27.5,131.52,96,14619,12626,7930,24593,1156,496074981,1
2026-05-01T14:03:57.489,A1,1,14641,-61.2,-87.2,-26.0,140.63,100,14535,14063,11056,24446,1153,458415134,1
2026-05-01T14:03:57.580,A1,1,14642,-62.2,-86.7,-24.6,121.98,108,15086,13174,11550,22246,1139,454037512,1
2026-05-01T14:03:57.699,A1,1,14643,-62.2,-87.4,-25.2,136.83,100,15744,13683,11590,24771,1203,513174463,1
2026-05-01T14:03:57.850,A1,1,14644,-62.2,-88.8,-26.7,121.86,116,16114,14136,9100,29945,1321,432421216,1
2026-05-01T14:03:57.940,A1,1,14645,-61.9,-86.9,-25.0,135.54,112,16910,15180,11663,27970,1264,399841924,1
2026-05-01T14:03:58.088,A1,1,14646,-61.1,-85.8,-24.7,144.34,96,13817,13857,13068,23281,1122,476258013,1
2026-05-01T14:03:58.150,A1,1,14647,-60.8,-86.9,-26.1,141.4,100,15683,14140,10330,25613,1165,414853177,1
2026-05-01T14:03:58.270,A1,1,14648,-62.0,-87.4,-25.4,134.29,96,16556,12892,12091,25854,1222,398140424,1
2026-05-01T14:03:58.390,A1,1,14649,-62.0,-86.6,-24.6,138.63,92,15987,12754,12183,23644,1169,386951251,1
2026-05-01T14:03:58.509,A1,1,14650,-61.9,-88.6,-26.7,133.1,100,15347,13310,8833,26097,1224,454874980,1
2026-05-01T14:03:58.629,A1,1,14651,-61.7,-86.3,-24.5,141.56,108,16762,15289,12203,27525,1248,721808661,1
2026-05-01T14:03:58.719,A1,1,14652,-61.6,-86.4,-24.9,119.5,104,15422,12428,11785,22580,1123,431375257,1
2026-05-01T14:03:58.839,A1,1,14653,-61.7,-86.0,-24.3,121.69,104,14494,12656,11689,20725,1083,425581071,1
2026-05-01T14:03:58.959,A1,1,14654,-61.7,-86.8,-25.1,140.34,104,16370,14595,11170,26199,1217,721812983,1
2026-05-01T14:03:59.049,A1,1,14655,-61.3,-87.4,-26.1,145.88,100,16605,14588,10831,28057,1240,456682887,1
2026-05-01T14:03:59.170,A1,1,14656,-62.0,-86.1,-24.1,129.78,104,14935,13497,12634,22704,1144,657608284,1
2026-05-01T14:03:59.290,A1,1,14657,-61.5,-85.6,-24.0,154.08,96,16405,14792,12338,25686,1197,476727059,1
2026-05-01T14:03:59.410,A1,1,14658,-62.4,-87.2,-24.8,155.97,96,15871,14973,12051,26305,1248,445258056,1
2026-05-01T14:03:59.499,A1,1,14659,-62.1,-87.1,-24.9,132.04,108,16107,14260,11244,25183,1209,553859955,1
2026-05-01T14:03:59.618,A1,1,14660,-62.0,-87.6,-25.7,150.75,100,16930,15075,10731,28313,1275,756183715,1
2026-05-01T14:03:59.738,A1,1,14661,-62.0,-87.4,-25.4,136.88,108,15379,14783,11957,26442,1234,759445752,1
2026-05-01T14:03:59.828,A1,1,14662,-61.7,-88.3,-26.7,141.78,104,16641,14745,9745,29836,1296,478865132,1
2026-05-01T14:03:59.948,A1,1,14663,-61.9,-86.0,-24.1,161.99,88,16030,14255,12005,24347,1179,444612883,1
2026-05-01T14:04:00.038,A1,1,14664,-61.0,-88.4,-27.5,133.26,100,14322,13326,8226,24547,1148,397160433,1
2026-05-01T14:04:00.158,A1,1,14665,-60.8,-88.5,-27.6,130.68,108,16360,14113,8516,30033,1264,734453738,1
2026-05-01T14:04:00.248,A1,1,14666,-61.5,-85.3,-23.8,158.94,108,17548,17166,15279,33081,1355,483120741,1
2026-05-01T14:04:00.338,A1,1,14667,-60.7,-87.9,-27.2,138.95,100,15074,13895,9727,25758,1165,395829049,1
2026-05-01T14:04:00.458,A1,1,14668,-61.8,-88.5,-26.7,138.2,96,14351,13267,9018,24147,1170,477141870,1
2026-05-01T14:04:00.578,A1,1,14669,-62.3,-86.5,-24.3,135.99,96,15787,13055,12869,23894,1184,385662094,1
2026-05-01T14:04:00.699,A1,1,14670,-62.1,-87.5,-25.4,151.56,96,15547,14550,11684,25968,1227,397878113,1
2026-05-01T14:04:00.819,A1,1,14671,-61.4,-86.0,-24.6,120.95,128,17177,15482,14045,30633,1300,411867033,1
2026-05-01T14:04:00.878,A1,1,14672,-61.6,-88.7,-27.1,116.9,108,15993,12625,9156,27916,1251,407194695,1
2026-05-01T14:04:01.088,A1,1,14673,-61.8,-87.0,-25.2,149.1,104,16931,15506,11485,28678,1278,437830089,1
2026-05-01T14:04:01.118,A1,1,14674,-61.9,-88.2,-26.3,133.24,112,16567,14923,10079,28864,1286,449447349,1
2026-05-01T14:04:01.239,A1,1,14675,-60.9,-89.2,-28.3,110.52,104,14941,11494,7042,26490,1188,404894772,1
2026-05-01T14:04:01.329,A1,1,14676,-61.5,-86.7,-25.2,150.93,100,16799,15093,11862,28243,1255,453244559,1
2026-05-01T14:04:01.449,A1,1,14677,-61.0,-86.2,-25.2,143.44,96,15781,13770,11559,24878,1158,391064534,1
2026-05-01T14:04:01.539,A1,1,14678,-62.3,-86.5,-24.2,139.6,92,15947,12843,12510,23418,1173,395397337,1
2026-05-01T14:04:01.629,A1,1,14679,-69.6,-86.7,-17.1,156.47,92,16333,14395,11502,15041,1212,396402987,1
2026-05-01T14:04:01.718,A1,1,14680,-61.1,-87.5,-26.4,132.61,104,13901,13791,10565,23315,1124,427037717,1
2026-05-01T14:04:01.869,A1,1,14681,-61.8,-88.6,-26.8,118.13,116,16622,13703,9991,30419,1316,454450383,1
2026-05-01T14:04:01.959,A1,1,14682,-60.9,-86.3,-25.4,152.56,96,15911,14646,11370,26255,1186,447366625,1
2026-05-01T14:04:02.109,A1,1,14683,-61.4,-88.5,-27.0,117.42,128,16691,15030,9449,31754,1327,395548647,1
2026-05-01T14:04:02.168,A1,1,14684,-61.8,-87.9,-26.0,137.14,104,14462,14263,11350,24920,1192,461263379,1
2026-05-01T14:04:02.259,A1,1,14685,-61.7,-88.1,-26.4,144.61,100,16473,14461,10480,28179,1260,413679357,1
2026-05-01T14:04:02.378,A1,1,14686,-61.9,-89.4,-27.5,109.1,112,15573,12219,7315,28233,1269,412633147,1
2026-05-01T14:04:02.499,A1,1,14687,-60.8,-88.6,-27.8,118.15,120,16405,14178,8410,30841,1280,708642096,1
2026-05-01T14:04:02.618,A1,1,14688,-62.2,-89.3,-27.1,114.98,112,15977,12878,7946,29743,1317,394155637,1
2026-05-01T14:04:02.709,A1,1,14689,-60.6,-85.5,-24.9,149.45,96,15629,14347,12094,25438,1154,429195423,1
2026-05-01T14:04:02.829,A1,1,14690,-61.4,-86.6,-25.2,113.23,120,16335,13588,12475,26384,1209,493168412,1
2026-05-01T14:04:02.947,A1,1,14691,-60.8,-88.3,-27.5,125.63,104,16403,13066,9836,28617,1234,389087132,1
2026-05-01T14:04:03.009,A1,1,14692,-61.0,-86.7,-25.8,128.95,100,15696,12895,11581,24717,1152,432085933,1
2026-05-01T14:04:03.159,A1,1,14693,-61.6,-88.3,-26.7,138.79,100,15464,13879,9733,26606,1221,404114162,1
2026-05-01T14:04:03.218,A1,1,14694,-61.5,-88.4,-27.0,117.71,116,15043,13654,8794,25819,1197,501310127,1
2026-05-01T14:04:03.368,A1,1,14695,-61.9,-86.8,-24.8,168.77,92,17214,15527,12081,29003,1289,708313814,1
2026-05-01T14:04:03.458,A1,1,14696,-61.8,-88.9,-27.1,114.43,112,15937,12816,9025,28443,1270,428699482,1
2026-05-01T14:04:03.548,A1,1,14697,-61.8,-85.9,-24.1,144.46,96,14894,13868,13328,23936,1166,427508908,1
2026-05-01T14:04:03.668,A1,1,14698,-61.9,-86.1,-24.1,128.06,104,15874,13318,13071,24271,1180,595873503,1
2026-05-01T14:04:03.760,A1,1,14699,-61.8,-87.0,-25.2,127.34,96,15630,12225,11974,23322,1153,477075298,1
2026-05-01T14:04:03.862,A1,1,14700,-62.0,-87.5,-25.4,127.89,116,15039,14835,12184,26316,1232,423054492,1
2026-05-01T14:04:03.940,A1,1,14701,-60.9,-88.3,-27.5,145.64,92,12889,13399,9177,23134,1110,582274197,1
2026-05-01T14:04:04.057,A1,1,14702,-61.6,-88.0,-26.5,133.79,100,17069,13379,11691,28909,1271,412491252,1
2026-05-01T14:04:04.178,A1,1,14703,-61.6,-88.1,-26.5,122.91,116,17272,14258,12173,31471,1326,751861666,1
2026-05-01T14:04:04.299,A1,1,14704,-61.9,-87.1,-25.2,143.38,96,15834,13764,11788,25238,1202,411269214,1
2026-05-01T14:04:04.359,A1,1,14705,-61.5,-87.2,-25.7,145.65,100,16402,14565,10959,26994,1226,459544068,1
2026-05-01T14:04:04.479,A1,1,14706,-61.6,-87.8,-26.2,139.71,96,16427,13412,11649,27211,1237,715028521,1
2026-05-01T14:04:04.568,A1,1,14707,-61.9,-87.9,-26.0,144.14,100,14842,14414,11428,25749,1213,390549645,1
2026-05-01T14:04:04.658,A1,1,14708,-61.6,-88.1,-26.4,136.01,104,15583,14145,10157,26144,1212,475329098,1
2026-05-01T14:04:04.808,A1,1,14709,-62.0,-87.4,-25.4,130.69,108,16029,14114,11346,25813,1220,443405208,1
2026-05-01T14:04:04.899,A1,1,14710,-61.4,-88.1,-26.7,120.82,108,17044,13049,11415,28850,1264,427207321,1
2026-05-01T14:04:04.989,A1,1,14711,-61.5,-88.0,-26.5,124.37,104,16907,12934,11949,28491,1260,453556391,1
2026-05-01T14:04:05.079,A1,1,14712,-61.7,-86.0,-24.4,137.71,100,15810,13771,12389,24328,1171,437542437,1
2026-05-01T14:04:05.200,A1,1,14713,-61.6,-88.3,-26.7,130.58,112,16232,14625,9608,28944,1273,446109187,1
2026-05-01T14:04:05.319,A1,1,14714,-61.8,-88.5,-26.7,149.4,96,13989,14342,9611,26002,1217,413289547,1
2026-05-01T14:04:05.440,A1,1,14715,-61.9,-86.3,-24.4,147.5,104,16939,15340,12662,28129,1267,456680501,1
2026-05-01T14:04:05.530,A1,1,14716,-61.5,-87.4,-26.0,143.94,104,16728,14970,11277,28936,1267,413190810,1
2026-05-01T14:04:05.650,A1,1,14717,-61.9,-88.4,-26.6,131.78,108,13975,14232,10325,25905,1216,412167064,1
2026-05-01T14:04:05.768,A1,1,14718,-62.1,-88.1,-26.0,144.3,104,15218,15007,11555,27383,1259,474667086,1
2026-05-01T14:04:05.828,A1,1,14719,-61.7,-88.7,-27.0,125.18,116,16448,14521,8971,31190,1328,425346812,1
2026-05-01T14:04:05.918,A1,1,14720,-61.6,-88.8,-27.2,107.15,124,16494,13287,9334,30571,1309,436584274,1
2026-05-01T14:04:06.038,A1,1,14721,-62.3,-87.2,-24.9,117.12,104,15592,12181,12460,23306,1171,445842596,1
2026-05-01T14:04:06.158,A1,1,14722,-61.7,-87.9,-26.2,134.17,108,14892,14490,11923,26828,1229,476560738,1
2026-05-01T14:04:06.249,A1,1,14723,-60.9,-88.4,-27.5,136.93,96,13809,13145,8674,23734,1124,453222391,1
2026-05-01T14:04:06.369,A1,1,14724,-61.7,-86.7,-25.0,139.65,104,16642,14524,12055,27148,1238,476644824,1
2026-05-01T14:04:06.459,A1,1,14725,-61.6,-88.2,-26.6,137.23,104,16168,14272,10390,28379,1259,735855950,1
2026-05-01T14:04:06.550,A1,1,14726,-61.2,-85.8,-24.6,146.02,104,17375,15186,13955,30296,1287,412487353,1
2026-05-01T14:04:06.669,A1,1,14727,-61.6,-86.2,-24.6,142.75,100,16265,14275,12141,25733,1199,721272031,1
2026-05-01T14:04:06.758,A1,1,14728,-61.9,-86.3,-24.4,136.09,100,15663,13609,12870,24578,1185,470965687,1
2026-05-01T14:04:06.878,A1,1,14729,-60.5,-88.1,-27.6,128.87,108,16288,13918,10307,29644,1242,411985249,1
2026-05-01T14:04:06.998,A1,1,14730,-60.7,-88.7,-28.0,132.53,104,15724,13783,8418,29713,1251,387472771,1
2026-05-01T14:04:07.088,A1,1,14731,-61.8,-88.8,-26.9,139.82,96,14128,13423,8349,24844,1190,444953266,1
2026-05-01T14:04:07.208,A1,1,14732,-61.4,-86.4,-25.0,132.9,112,16712,14885,13410,29141,1271,443995888,1
2026-05-01T14:04:07.360,A1,1,14733,-62.1,-89.4,-27.3,106.32,120,15304,12759,7695,28771,1290,495002043,1
2026-05-01T14:04:07.448,A1,1,14734,-60.9,-85.9,-25.0,139.42,112,17393,15615,14270,32184,1312,412315080,1
2026-05-01T14:04:07.569,A1,1,14735,-61.8,-88.1,-26.4,147.15,96,15335,14126,10396,26133,1218,390187027,1
2026-05-01T14:04:07.689,A1,1,14736,-60.8,-86.8,-26.1,134.65,104,17082,14004,12428,29635,1253,432364776,1
2026-05-01T14:04:07.778,A1,1,14737,-61.4,-88.7,-27.3,119.66,116,15200,13881,8392,27555,1234,391182714,1
2026-05-01T14:04:07.898,A1,1,14738,-61.8,-88.9,-27.1,118.91,112,16922,13318,9175,31613,1340,475442952,1
2026-05-01T14:04:07.988,A1,1,14739,-62.1,-87.3,-25.2,126.65,120,16402,15198,12466,28559,1285,451054828,1
2026-05-01T14:04:08.109,A1,1,14740,-62.0,-88.0,-26.0,127.34,104,16162,13243,11016,25642,1215,451566605,1
2026-05-01T14:04:08.229,A1,1,14741,-61.1,-88.8,-27.8,122.61,104,15308,12751,8233,27582,1221,474693113,1
2026-05-01T14:04:08.350,A1,1,14742,-61.7,-88.6,-26.9,136.11,108,16392,14700,9081,30318,1306,445725237,1
2026-05-01T14:04:08.439,A1,1,14743,-60.8,-88.3,-27.5,127.43,108,16460,13762,10116,29915,1260,474594151,1
2026-05-01T14:04:08.559,A1,1,14744,-61.8,-86.9,-25.1,151.48,96,16561,14542,11737,26847,1237,709328970,1
2026-05-01T14:04:08.648,A1,1,14745,-61.4,-86.6,-25.2,136.59,108,16631,14752,11741,27422,1232,482037414,1
2026-05-01T14:04:08.738,A1,1,14746,-61.7,-88.9,-27.3,121.07,108,16471,13076,8991,30651,1313,412170944,1
2026-05-01T14:04:08.860,A1,1,14747,-61.8,-87.8,-26.0,149.97,100,15519,14997,11898,27876,1259,431084061,1
2026-05-01T14:04:08.979,A1,1,14748,-61.9,-86.3,-24.4,128.87,104,16176,13402,13097,25239,1203,436987225,1
2026-05-01T14:04:09.069,A1,1,14749,-61.8,-88.5,-26.7,133.46,104,13916,13880,9160,24816,1188,410337858,1
2026-05-01T14:04:09.160,A1,1,14750,-62.1,-87.0,-24.9,142.69,96,15834,13698,12173,24998,1203,585368617,1
2026-05-01T14:04:09.278,A1,1,14751,-61.6,-88.4,-26.8,137.54,104,15725,14304,9409,27820,1247,440812987,1
2026-05-01T14:04:09.429,A1,1,14752,-61.0,-88.0,-27.0,134.49,108,16990,14525,11014,30873,1288,753734694,1
2026-05-01T14:04:09.518,A1,1,14753,-61.5,-88.1,-26.6,137.56,100,15454,13756,9579,25152,1184,412771217,1
2026-05-01T14:04:09.638,A1,1,14754,-61.0,-87.1,-26.1,143.25,104,15689,14898,11930,28242,1231,404944735,1
2026-05-01T14:04:09.728,A1,1,14755,-62.3,-86.8,-24.5,133.85,92,15357,12314,12523,22540,1152,391043613,1
2026-05-01T14:04:09.848,A1,1,14756,-61.6,-88.7,-27.1,129.14,104,14831,13431,8227,26066,1208,412389883,1
2026-05-01T14:04:09.968,A1,1,14757,-61.0,-88.5,-27.5,143.59,92,13220,13210,8451,23458,1124,456838852,1
2026-05-01T14:04:10.090,A1,1,14758,-61.7,-86.7,-25.0,169.14,92,17219,15561,12232,29526,1289,761274460,1
2026-05-01T14:04:10.181,A1,1,14759,-61.4,-88.1,-26.7,138.76,104,15985,14431,9715,27598,1235,409088885,1
2026-05-01T14:04:10.270,A1,1,14760,-61.4,-88.5,-27.2,135.13,104,15954,14054,8935,28971,1264,409284200,1
2026-05-01T14:04:10.390,A1,1,14761,-61.5,-88.3,-26.8,139.11,100,15103,13911,9418,25966,1201,407374954,1
2026-05-01T14:04:10.479,A1,1,14762,-61.7,-87.2,-25.5,109.33,112,16004,12245,12013,24456,1175,411899881,1
2026-05-01T14:04:10.599,A1,1,14763,-61.4,-87.3,-25.9,142.17,100,16998,14217,12783,29865,1286,446640297,1
2026-05-01T14:04:10.748,A1,1,14764,-61.6,-88.4,-26.9,137.98,104,15510,14350,9089,27722,1245,746143670,1
2026-05-01T14:04:10.868,A1,1,14765,-61.8,-88.4,-26.6,143.62,96,13958,13788,9784,24482,1180,425770427,1
