timestamp,device,tag_id,seq,rx_power,fp_power,fp_rx_ratio,quality,std_noise,fp_ampl1,fp_ampl2,fp_ampl3,cir_power,rxpacc,reply_delay,flags
2026-05-01T13:17:14.863,A1,1,341,-66.6,-95.0,-28.5,94.16,68,6410,6403,4117,16814,1152,472138479,1
2026-05-01T13:17:15.011,A1,1,342,-66.3,-94.9,-28.6,100.51,88,6193,8845,6082,25539,1405,756687998,1
2026-05-01T13:17:15.072,A1,1,343,-66.2,-94.9,-28.7,98.41,80,3919,7873,7144,21676,1292,422931230,1
2026-05-01T13:17:15.161,A1,1,344,-66.0,-95.6,-29.6,90.79,68,2763,6174,7234,19646,1223,392280054,1
2026-05-01T13:17:15.251,A1,1,345,-65.9,-95.2,-29.2,92.72,76,3625,7047,6445,19058,1201,424638195,1
2026-05-01T13:17:15.371,A1,1,346,-66.4,-95.5,-29.0,86.99,84,4599,7307,5503,19890,1248,393836425,1
2026-05-01T13:17:15.492,A1,1,347,-66.2,-95.9,-29.7,78.75,68,2282,5355,6466,16112,1114,520444147,1
2026-05-01T13:17:15.582,A1,1,348,-66.0,-95.9,-29.9,77.59,76,2398,5897,6503,17729,1159,461713391,1
2026-05-01T13:17:15.701,A1,1,349,-66.0,-98.1,-32.1,53.05,80,1887,4244,5550,18573,1186,459333488,1
2026-05-01T13:17:15.821,A1,1,350,-66.4,-105.2,-38.8,33.25,68,1178,2261,1930,18365,1199,471697763,1
2026-05-01T13:17:15.943,A1,1,351,-66.5,-96.5,-29.9,67.14,92,1722,6177,7154,21757,1310,424094724,1
2026-05-01T13:17:16.031,A1,1,352,-65.9,-93.7,-27.8,103.43,72,6192,7447,5571,16267,1107,760333332,1
2026-05-01T13:17:16.152,A1,1,353,-65.7,-102.5,-36.7,43.47,72,1138,3130,2264,16153,1098,482550294,1
2026-05-01T13:17:16.241,A1,1,354,-65.5,-96.3,-30.8,75.13,76,4036,5710,5010,18184,1157,440285605,1
2026-05-01T13:17:16.361,A1,1,355,-65.4,-97.7,-32.3,55.05,76,3376,4184,4610,16953,1113,412833771,1
2026-05-01T13:17:16.481,A1,1,356,-66.1,-98.5,-32.4,51.88,84,3285,4358,3470,16318,1117,439313504,1
2026-05-01T13:17:16.571,A1,1,357,-66.3,-96.4,-30.1,65.35,72,3459,4705,5995,16541,1132,498146429,1
2026-05-01T13:17:16.660,A1,1,358,-66.5,-97.2,-30.7,85.52,64,2092,5473,5007,16691,1147,445402616,1
2026-05-01T13:17:16.780,A1,1,359,-66.8,-97.5,-30.7,45.04,92,6228,4144,3343,19673,1258,408058712,1
2026-05-01T13:17:16.902,A1,1,360,-66.8,-97.4,-30.6,64.57,72,5244,4649,4064,18892,1232,431891300,1
2026-05-01T13:17:16.991,A1,1,361,-66.3,-96.7,-30.4,60.35,80,5434,4828,4694,19044,1216,482125383,1
2026-05-01T13:17:17.082,A1,1,362,-66.2,-95.5,-29.3,74.49,80,7282,5959,4389,20774,1264,569208021,1
2026-05-01T13:17:17.201,A1,1,363,-66.0,-101.1,-35.1,43.53,88,2576,3831,3479,23560,1338,461509426,1
2026-05-01T13:17:17.321,A1,1,364,-65.9,-104.0,-38.1,25.86,96,1686,2483,2135,18999,1199,393677866,1
2026-05-01T13:17:17.410,A1,1,365,-65.4,-100.4,-35.0,26.35,84,4144,2213,2569,18105,1148,458679740,1
2026-05-01T13:17:17.592,A1,1,366,-64.6,-99.0,-34.4,43.68,92,2954,4019,3251,17046,1085,737764473,1
2026-05-01T13:17:17.652,A1,1,367,-65.6,-100.8,-35.3,30.36,72,4066,2186,2020,17558,1137,411556962,1
2026-05-01T13:17:17.770,A1,1,368,-65.0,-106.1,-41.1,23.07,68,1528,1569,1319,15849,1059,411876445,1
2026-05-01T13:17:17.892,A1,1,369,-65.4,-104.3,-38.9,36.53,68,941,2484,2332,19265,1183,422447845,1
2026-05-01T13:17:17.981,A1,1,370,-65.4,-100.5,-35.2,38.39,92,2558,3532,3496,20374,1217,416504301,1
2026-05-01T13:17:18.102,A1,1,371,-64.0,-97.5,-33.5,58.94,88,3260,5187,3844,18714,1113,436191716,1
2026-05-01T13:17:18.191,A1,1,372,-65.9,-96.2,-30.3,70.34,92,6768,6471,4192,24323,1353,429794123,1
2026-05-01T13:17:18.312,A1,1,373,-65.7,-94.5,-28.7,81.28,68,7356,5527,4973,17301,1136,412067125,1
2026-05-01T13:17:18.430,A1,1,374,-66.0,-99.5,-33.5,49.39,92,2709,4544,3939,21569,1282,435392801,1
2026-05-01T13:17:18.520,A1,1,375,-65.8,-101.0,-35.2,42.98,92,2005,3954,2541,18383,1172,511497097,1
2026-05-01T13:17:18.643,A1,1,376,-93.3,-97.3,-3.9,72.35,80,4878,5788,4172,1408,1292,452366738,1
2026-05-01T13:17:18.730,A1,1,377,-65.8,-95.5,-29.7,54.8,100,7170,5480,3645,18831,1187,744887312,1
2026-05-01T13:17:18.852,A1,1,378,-65.9,-95.3,-29.4,59.1,88,6430,5201,3897,15852,1094,429183442,1
2026-05-01T13:17:18.971,A1,1,379,-65.1,-98.3,-33.2,29.76,84,5893,2500,2617,19144,1169,479483050,1
2026-05-01T13:17:19.092,A1,1,380,-65.7,-98.3,-32.6,34.52,84,6621,2900,2574,22583,1296,462415082,1
2026-05-01T13:17:19.181,A1,1,381,-64.7,-103.0,-38.3,29.41,88,2309,2588,1657,17956,1117,422038347,1
2026-05-01T13:17:19.302,A1,1,382,-65.1,-100.1,-35.0,43.01,88,3948,3785,3457,25111,1340,738739875,1
2026-05-01T13:17:19.420,A1,1,383,-65.3,-101.6,-36.3,36.18,88,2714,3184,2044,18129,1146,407783811,1
2026-05-01T13:17:19.541,A1,1,384,-65.4,-99.7,-34.3,50.08,72,3296,3606,3010,17628,1134,705613344,1
2026-05-01T13:17:19.663,A1,1,385,-65.5,-99.5,-34.0,46.75,72,3701,3366,2818,16749,1110,432756521,1
2026-05-01T13:17:19.752,A1,1,386,-65.1,-99.4,-34.3,42.14,80,4268,3371,3591,21878,1251,480530291,1
2026-05-01T13:17:19.871,A1,1,387,-64.9,-96.9,-31.9,63.64,64,5126,4073,3893,16797,1089,477653692,1
2026-05-01T13:17:19.962,A1,1,388,-65.0,-97.5,-32.5,57.84,92,5037,5321,4139,23583,1292,393715944,1
2026-05-01T13:17:20.080,A1,1,389,-64.9,-100.2,-35.3,49.8,76,2231,3785,3083,18137,1130,459419000,1
2026-05-01T13:17:20.171,A1,1,390,-64.5,-102.5,-38.1,35.26,68,2743,2398,1481,17022,1078,425016326,1
2026-05-01T13:17:20.291,A1,1,391,-65.0,-100.9,-35.9,29.89,80,4250,2391,2919,23710,1298,392743285,1
2026-05-01T13:17:20.412,A1,1,392,-65.3,-100.5,-35.2,36.56,84,3866,3071,1982,18534,1159,458653645,1
2026-05-01T13:17:20.531,A1,1,393,-65.2,-101.8,-36.5,40.39,64,3223,2585,1594,17203,1113,416677505,1
2026-05-01T13:17:20.650,A1,1,394,-65.2,-100.2,-34.9,29.66,76,3979,2254,2220,15686,1063,411027507,1
2026-05-01T13:17:20.742,A1,1,395,-65.2,-99.8,-34.6,36.8,88,3821,3238,2827,18312,1146,412405603,1
2026-05-01T13:17:20.861,A1,1,396,-65.0,-97.6,-32.6,55.73,60,4949,3344,3495,16327,1076,431114738,1
2026-05-01T13:17:20.951,A1,1,397,-65.1,-97.9,-32.8,45.7,84,4477,3839,2780,15414,1048,461824158,1
2026-05-01T13:17:21.071,A1,1,398,-65.1,-96.2,-31.2,57.38,80,6050,4590,3261,16924,1098,464189147,1
2026-05-01T13:17:21.192,A1,1,399,-65.1,-94.6,-29.5,84.28,72,6463,6068,4685,17067,1103,392276907,1
2026-05-01T13:17:21.281,A1,1,400,-64.3,-95.5,-31.2,65.01,72,7041,4681,3252,18157,1108,453545688,1
2026-05-01T13:17:21.401,A1,1,401,-64.7,-93.4,-28.6,77.06,84,7487,6473,4481,15474,1038,764540939,1
2026-05-01T13:17:21.610,A1,1,402,-64.6,-93.1,-28.5,111.97,80,5661,8958,7268,20485,1190,438982839,1
2026-05-01T13:17:21.611,A1,1,403,-64.9,-93.5,-28.6,97.24,72,7082,7001,5556,17252,1103,459015401,1
2026-05-01T13:17:21.733,A1,1,404,-64.4,-93.7,-29.3,69.3,100,6802,6930,5832,18519,1124,436701940,1
2026-05-01T13:17:21.822,A1,1,405,-64.8,-93.7,-29.0,76.7,88,7132,6750,5572,18106,1124,439576125,1
2026-05-01T13:17:21.942,A1,1,406,-64.5,-93.6,-29.1,80.7,88,8050,7102,5191,19878,1167,473294616,1
2026-05-01T13:17:22.089,A1,1,407,-65.4,-94.1,-28.7,71.44,88,6751,6287,5325,16768,1105,406183224,1
2026-05-01T13:17:22.152,A1,1,408,-65.5,-93.4,-27.9,101.46,76,6133,7711,5900,16549,1102,413368410,1
2026-05-01T13:17:22.272,A1,1,409,-65.1,-94.3,-29.3,64.48,84,7678,5416,4085,16786,1093,428907552,1
2026-05-01T13:17:22.390,A1,1,410,-64.8,-94.0,-29.3,73.7,88,7700,6486,4858,19070,1154,388503083,1
2026-05-01T13:17:22.480,A1,1,411,-65.5,-95.2,-29.7,72.57,92,4833,6676,6168,20149,1214,441717126,1
2026-05-01T13:17:22.602,A1,1,412,-65.5,-95.8,-30.3,57.4,84,6702,4822,3489,17421,1132,489608277,1
2026-05-01T13:17:22.721,A1,1,413,-66.2,-96.3,-30.1,54.48,88,7188,4794,3109,19552,1226,386143282,1
2026-05-01T13:17:22.842,A1,1,414,-64.9,-94.2,-29.3,97.59,76,6490,7417,5250,19473,1171,429022360,1
2026-05-01T13:17:22.960,A1,1,415,-64.9,-94.3,-29.4,75.79,76,7260,5760,4168,16545,1079,490048734,1
2026-05-01T13:17:23.081,A1,1,416,-64.9,-94.3,-29.4,82.01,76,3861,6233,6485,15423,1043,442573254,1
2026-05-01T13:17:23.201,A1,1,417,-65.1,-94.2,-29.1,86.36,84,4013,7254,6237,16666,1090,485586802,1
2026-05-01T13:17:31.361,A1,1,418,-66.7,-101.7,-35.0,33.46,80,1503,2677,3189,15291,1104,424629472,1
2026-05-01T13:17:31.481,A1,1,419,-66.2,-101.9,-35.7,50.79,68,1028,3454,2721,17214,1150,457673300,1
2026-05-01T13:17:31.678,A1,1,420,-66.1,-101.0,-34.9,42.46,80,2863,3397,4288,26248,1416,390416550,1
2026-05-01T13:17:31.734,A1,1,421,-66.3,-101.8,-35.4,42.58,88,1278,3747,3050,20340,1258,478418143,1
2026-05-01T13:17:31.780,A1,1,422,-65.6,-100.5,-34.9,24.93,76,3348,1895,3277,16362,1101,767668080,1
2026-05-01T13:17:31.931,A1,1,423,-66.3,-100.4,-34.1,19.34,76,3714,1470,3682,17428,1162,476344044,1
2026-05-01T13:17:32.020,A1,1,424,-66.2,-99.9,-33.7,15.83,76,4355,1203,3795,18576,1196,409807091,1
2026-05-01T13:17:32.140,A1,1,425,-66.2,-102.5,-36.3,41.61,76,1783,3162,2136,17143,1150,423629633,1
2026-05-01T13:17:32.261,A1,1,426,-66.4,-101.8,-35.4,43.07,88,985,3790,3193,20692,1271,466305672,1
2026-05-01T13:17:32.380,A1,1,427,-66.3,-100.0,-33.6,18.12,92,4300,1667,4044,20136,1250,456401595,1
2026-05-01T13:17:32.470,A1,1,428,-65.9,-100.5,-34.6,28.67,72,3202,2064,3752,18000,1165,437482811,1
2026-05-01T13:17:32.590,A1,1,429,-66.3,-101.4,-35.1,39.26,72,1254,2827,3180,14770,1071,479120677,1
2026-05-01T13:17:32.712,A1,1,430,-66.5,-100.3,-33.9,62.56,80,2001,5005,3336,23274,1352,664842383,1
2026-05-01T13:17:32.802,A1,1,431,-66.0,-100.7,-34.7,44.07,76,737,3349,3377,15033,1068,429111975,1
2026-05-01T13:17:32.921,A1,1,432,-66.0,-100.0,-33.9,50.2,84,1102,4217,2902,15035,1070,701440448,1
2026-05-01T13:17:33.011,A1,1,433,-66.2,-98.9,-32.7,60.26,88,936,5303,5070,22902,1328,479964447,1
2026-05-01T13:17:33.130,A1,1,434,-66.3,-99.2,-32.9,53.06,84,647,4457,3857,15916,1110,391582554,1
2026-05-01T13:17:33.252,A1,1,435,-66.2,-99.2,-33.0,66.09,76,1340,5023,3892,19212,1218,456798223,1
2026-05-01T13:17:33.400,A1,1,436,-66.2,-99.7,-33.5,46.26,72,1969,3331,4520,17933,1174,416642805,1
2026-05-01T13:17:33.491,A1,1,437,-66.1,-100.6,-34.5,49.86,76,2379,3789,2585,16983,1140,394702330,1
2026-05-01T13:17:33.610,A1,1,438,-66.4,-100.1,-33.6,54.21,80,1306,4337,3008,16119,1123,394311427,1
2026-05-01T13:17:33.732,A1,1,439,-66.2,-100.2,-34.1,50.04,72,1182,3603,3828,16747,1134,450661025,1
2026-05-01T13:17:33.850,A1,1,440,-66.2,-99.7,-33.5,50.8,80,1278,4064,4732,20793,1267,477066405,1
2026-05-01T13:17:34.030,A1,1,441,-66.5,-100.1,-33.6,42.46,76,2047,3227,4306,18066,1190,708275568,1
2026-05-01T13:17:34.090,A1,1,442,-66.3,-100.4,-34.1,50.24,76,434,3818,3123,14598,1063,390473299,1
2026-05-01T13:17:34.210,A1,1,443,-66.4,-99.5,-33.1,69.51,68,1962,4727,3036,16810,1145,429965371,1
2026-05-01T13:17:34.333,A1,1,444,-66.4,-99.8,-33.4,49.89,72,1755,3592,4683,19470,1235,415944163,1
2026-05-01T13:17:34.422,A1,1,445,-66.2,-99.6,-33.4,56.41,88,862,4964,4046,20839,1265,485970526,1
2026-05-01T13:17:34.540,A1,1,446,-66.4,-99.6,-33.2,56.54,80,1390,4523,3135,15742,1108,469257795,1
2026-05-01T13:17:34.702,A1,1,447,-65.8,-99.7,-33.9,49.23,84,3077,4135,2633,17528,1146,761219579,1
2026-05-01T13:17:34.751,A1,1,448,-66.0,-99.3,-33.3,49.73,84,734,4177,4437,17707,1161,517091431,1
2026-05-01T13:17:34.870,A1,1,449,-66.2,-99.1,-32.9,52.23,88,287,4596,4404,17958,1175,472614817,1
2026-05-01T13:17:34.990,A1,1,450,-66.0,-98.8,-32.8,74.13,68,2140,5041,3351,17246,1145,461205566,1
2026-05-01T13:17:35.080,A1,1,451,-65.9,-98.3,-32.5,73.99,84,3382,6215,3925,24853,1367,485073993,1
2026-05-01T13:17:35.201,A1,1,452,-65.7,-97.7,-32.1,50.31,72,1017,3622,6220,17726,1147,495339585,1
2026-05-01T13:17:35.351,A1,1,453,-65.3,-95.0,-29.7,71.68,88,3845,6308,6491,17722,1134,437684025,1
2026-05-01T13:17:35.380,A1,1,454,-65.4,-98.5,-33.1,36.42,92,5931,3351,3011,22681,1287,435183020,1
2026-05-01T13:17:35.500,A1,1,455,-65.9,-99.3,-33.4,42.29,76,3013,3214,4247,17715,1155,477833012,1
2026-05-01T13:17:35.650,A1,1,456,-66.2,-95.5,-29.3,56.96,92,8155,5240,3479,20505,1256,465213869,1
2026-05-01T13:17:35.741,A1,1,457,-65.4,-100.8,-35.4,54.33,76,2364,4129,3297,23080,1298,451983377,1
2026-05-01T13:17:35.832,A1,1,458,-65.1,-95.8,-30.8,77.46,80,6223,6197,4437,21845,1247,439514075,1
2026-05-01T13:17:35.952,A1,1,459,-65.4,-99.3,-33.9,53.57,84,1483,4500,3961,18887,1174,407007068,1
2026-05-01T13:17:36.040,A1,1,460,-65.9,-97.6,-31.7,48.2,96,7207,4627,3101,26432,1413,736036869,1
2026-05-01T13:17:36.166,A1,1,461,-66.5,-101.6,-35.1,37.56,80,2830,3005,3327,21484,1300,433421865,1
2026-05-01T13:17:36.250,A1,1,462,-66.5,-98.4,-31.9,57.67,76,2849,4383,3975,15967,1120,437798187,1
2026-05-01T13:17:36.372,A1,1,463,-65.7,-99.2,-33.5,55.58,72,4219,4002,3041,20181,1225,393137701,1
2026-05-01T13:17:36.460,A1,1,464,-65.7,-97.5,-31.9,63.28,88,3862,5569,4423,21032,1249,451511209,1
2026-05-01T13:17:36.580,A1,1,465,-65.2,-102.9,-37.7,35.52,60,2963,2131,1407,17460,1121,757406585,1
2026-05-01T13:17:36.670,A1,1,466,-65.6,-97.5,-31.9,51.66,80,585,4133,6022,17089,1125,453933168,1
2026-05-01T13:17:36.790,A1,1,467,-66.2,-98.8,-32.6,67.0,68,1879,4556,5060,20553,1256,398506806,1
2026-05-01T13:17:36.882,A1,1,468,-65.9,-98.2,-32.4,61.83,96,2627,5936,4708,23930,1342,479982949,1
2026-05-01T13:17:36.976,A1,1,469,-66.3,-100.7,-34.4,44.92,72,4201,3234,2847,23023,1334,455832875,1
2026-05-01T13:17:37.091,A1,1,470,-65.6,-99.5,-34.0,62.47,68,2609,4248,3610,19455,1197,402486556,1
2026-05-01T13:17:37.210,A1,1,471,-65.5,-95.6,-30.0,87.92,72,6491,6330,4776,21702,1264,451515091,1
2026-05-01T13:17:37.332,A1,1,472,-66.6,-95.0,-28.4,81.28,88,5773,7153,6180,20695,1280,456068026,1
2026-05-01T13:17:37.422,A1,1,473,-66.1,-95.5,-29.4,83.8,84,3718,7039,5894,19252,1213,483913341,1
2026-05-01T13:17:37.541,A1,1,474,-65.5,-94.7,-29.1,100.57,84,6857,8448,5472,24767,1350,475786580,1
2026-05-01T13:17:37.660,A1,1,475,-65.2,-94.3,-29.1,93.69,84,5811,7870,4826,18566,1155,405147895,1
2026-05-01T13:17:37.810,A1,1,476,-65.6,-95.0,-29.3,88.81,72,3522,6394,6913,18045,1156,399565314,1
2026-05-01T13:17:37.902,A1,1,477,-65.8,-97.3,-31.4,60.6,80,1216,4848,6844,21529,1272,406449982,1
2026-05-01T13:17:38.020,A1,1,478,-66.1,-96.4,-30.3,72.91,68,4311,4958,5623,17823,1166,679470009,1
2026-05-01T13:17:38.112,A1,1,479,-66.5,-97.7,-31.2,67.52,88,3658,5942,4549,21923,1314,455688675,1
2026-05-01T13:17:38.261,A1,1,480,-65.5,-100.4,-34.9,41.19,80,2718,3295,3405,18639,1170,388343995,1
2026-05-01T13:17:38.350,A1,1,481,-66.2,-99.3,-33.0,46.16,76,5206,3508,3260,22931,1331,765378809,1
2026-05-01T13:17:38.442,A1,1,482,-65.3,-101.0,-35.7,22.55,92,5410,2075,2510,28850,1445,482938679,1
2026-05-01T13:17:38.560,A1,1,483,-65.1,-106.2,-41.1,16.75,72,2142,1206,1369,19453,1180,469192814,1
2026-05-01T13:17:38.680,A1,1,484,-65.6,-98.6,-33.0,34.85,84,1463,2927,5558,17259,1131,420559288,1
2026-05-01T13:17:38.770,A1,1,485,-65.2,-103.4,-38.2,25.2,80,3246,2016,2160,24576,1327,437435058,1
2026-05-01T13:17:38.921,A1,1,486,-65.5,-102.6,-37.1,36.23,64,3218,2319,1635,19216,1187,434632335,1
2026-05-01T13:17:39.010,A1,1,487,-65.5,-100.1,-34.6,26.97,76,4686,2050,1864,17399,1131,452474662,1
2026-05-01T13:17:39.101,A1,1,488,-65.5,-97.8,-32.3,52.82,76,313,4014,5570,16306,1092,437381748,1
2026-05-01T13:17:39.220,A1,1,489,-66.1,-102.1,-36.0,30.01,76,3338,2281,1666,16994,1140,397766168,1
2026-05-01T13:17:39.311,A1,1,490,-65.8,-102.2,-36.4,34.49,72,2858,2483,1753,16220,1104,756512607,1
2026-05-01T13:17:39.430,A1,1,491,-66.1,-101.0,-34.9,36.1,68,3517,2455,2832,18403,1187,389077695,1
2026-05-01T13:17:39.552,A1,1,492,-66.9,-101.8,-34.9,42.97,68,2439,2922,2189,15206,1107,429249633,1
2026-05-01T13:17:39.672,A1,1,493,-66.5,-99.0,-32.5,43.5,68,5507,2958,2049,18247,1198,463646907,1
2026-05-01T13:17:39.819,A1,1,494,-67.0,-103.2,-36.2,24.11,72,2291,1736,2486,15535,1123,399334774,1
2026-05-01T13:17:39.880,A1,1,495,-66.2,-101.9,-35.7,12.48,64,4032,799,2594,19765,1234,485326593,1
2026-05-01T13:17:39.999,A1,1,496,-66.8,-102.0,-35.2,16.97,76,3185,1290,2994,17223,1175,398614076,1
2026-05-01T13:17:40.090,A1,1,497,-66.5,-101.5,-35.0,51.88,64,1545,3320,3197,17640,1177,454935151,1
2026-05-01T13:17:40.212,A1,1,498,-66.8,-103.9,-37.2,39.07,68,413,2657,2233,15847,1127,441065324,1
2026-05-01T13:17:48.341,A1,1,499,-66.4,-100.4,-34.0,50.2,76,3220,3815,2461,18243,1194,480258101,1
2026-05-01T13:17:48.461,A1,1,500,-65.8,-103.3,-37.5,25.72,92,2807,2366,2678,24797,1361,467602905,1
2026-05-01T13:17:48.582,A1,1,501,-66.1,-100.4,-34.3,54.02,84,2237,4538,3509,22844,1320,456393477,1
2026-05-01T13:17:48.700,A1,1,502,-65.8,-105.1,-39.3,26.17,72,2173,1884,1706,20297,1232,416385772,1
2026-05-01T13:17:48.819,A1,1,503,-65.6,-96.7,-31.1,87.32,68,4168,5938,3876,18131,1157,453690028,1
2026-05-01T13:17:48.940,A1,1,504,-65.4,-104.2,-38.8,26.89,88,2124,2366,2361,23763,1317,435326610,1
2026-05-01T13:17:49.060,A1,1,505,-65.8,-98.8,-33.0,53.72,64,2814,3438,4488,17013,1129,454663860,1
2026-05-01T13:17:49.150,A1,1,506,-65.4,-98.2,-32.8,64.86,80,3902,5189,3646,21212,1243,435933315,1
2026-05-01T13:17:49.270,A1,1,507,-65.9,-99.9,-34.0,41.73,100,2792,4173,3926,22137,1290,415462392,1
2026-05-01T13:17:49.390,A1,1,508,-66.2,-100.5,-34.4,47.19,88,3582,4153,2937,23947,1357,409401088,1
2026-05-01T13:17:49.647,A1,1,509,-65.6,-100.9,-35.3,42.75,80,3597,3420,2634,22205,1283,456573771,1
2026-05-01T13:17:49.649,A1,1,510,-65.2,-101.0,-35.8,40.94,80,2853,3275,2347,18058,1139,388825337,1
2026-05-01T13:17:49.750,A1,1,511,-65.7,-101.2,-35.5,39.29,92,3512,3615,2858,25106,1367,396621505,1
2026-05-01T13:17:49.811,A1,1,512,-65.7,-100.0,-34.3,59.22,68,3431,4027,2892,20433,1234,401517001,1
2026-05-01T13:17:49.930,A1,1,513,-65.3,-98.4,-33.0,53.45,96,4161,5131,4287,24569,1335,450437221,1
2026-05-01T13:17:50.051,A1,1,514,-65.7,-97.9,-32.2,69.97,64,3963,4478,3981,18006,1156,412794141,1
2026-05-01T13:17:50.170,A1,1,515,-65.5,-97.8,-32.3,71.47,76,3464,5432,4230,20311,1219,455410065,1
2026-05-01T13:17:50.290,A1,1,516,-65.7,-97.9,-32.2,66.44,72,3445,4784,3854,17095,1128,455713747,1
2026-05-01T13:17:50.411,A1,1,517,-65.8,-98.4,-32.5,62.35,80,4836,4988,3292,22628,1304,398050164,1
2026-05-01T13:17:50.531,A1,1,518,-66.1,-98.6,-32.4,68.5,72,3261,4932,3355,18165,1179,408837809,1
2026-05-01T13:17:50.622,A1,1,519,-66.4,-98.7,-32.3,51.77,96,3376,4970,3574,19388,1229,457523967,1
2026-05-01T13:17:50.741,A1,1,520,-66.4,-98.9,-32.5,58.54,80,4377,4683,2950,20797,1275,406666361,1
2026-05-01T13:17:50.861,A1,1,521,-66.2,-98.9,-32.7,58.66,80,2427,4693,4580,20783,1265,386579303,1
2026-05-01T13:17:50.981,A1,1,522,-66.1,-98.9,-32.7,61.69,64,2308,3948,4446,17122,1145,707251364,1
2026-05-01T13:17:51.101,A1,1,523,-65.6,-98.3,-32.7,63.51,80,2861,5081,3721,18283,1162,386857675,1
2026-05-01T13:17:51.191,A1,1,524,-65.8,-98.4,-32.6,55.95,76,2379,4252,4338,16510,1111,461029545,1
2026-05-01T13:17:51.310,A1,1,525,-65.9,-98.6,-32.7,45.93,76,2283,3491,4742,16167,1104,398973675,1
2026-05-01T13:17:51.430,A1,1,526,-66.1,-98.1,-32.0,65.36,80,3360,5229,3998,19352,1216,399214218,1
2026-05-01T13:17:51.521,A1,1,527,-76.9,-98.7,-21.8,46.63,68,2464,3171,4814,7581,1105,436257172,1
2026-05-01T13:17:51.641,A1,1,528,-66.1,-98.7,-32.5,46.17,76,2462,3509,4990,17393,1154,476042091,1
2026-05-01T13:17:51.761,A1,1,529,-65.7,-98.4,-32.7,61.19,80,2798,4895,3839,18140,1162,404840979,1
2026-05-01T13:17:51.857,A1,1,530,-65.7,-98.4,-32.7,45.48,84,2714,3820,4673,16970,1122,386636671,1
2026-05-01T13:17:51.970,A1,1,531,-65.7,-98.3,-32.6,64.43,76,3204,4897,3451,17511,1142,434559364,1
2026-05-01T13:17:52.090,A1,1,532,-65.9,-98.0,-32.2,62.04,76,3119,4715,4080,17221,1139,388592987,1
2026-05-01T13:17:52.181,A1,1,533,-66.1,-98.1,-32.1,56.58,76,3209,4300,4020,16163,1110,478411042,1
2026-05-01T13:17:52.300,A1,1,534,-66.0,-98.3,-32.3,52.39,100,4913,5239,3526,23686,1341,760305288,1
2026-05-01T13:17:52.389,A1,1,535,-65.4,-97.9,-32.5,61.56,84,3590,5171,3721,19149,1181,435585861,1
2026-05-01T13:17:52.511,A1,1,536,-65.5,-98.2,-32.7,58.89,84,2546,4947,4302,18750,1171,467406763,1
2026-05-01T13:17:52.632,A1,1,537,-65.5,-98.2,-32.6,65.38,80,2797,5230,3948,19000,1182,399755860,1
2026-05-01T13:17:52.751,A1,1,538,-65.1,-99.1,-33.9,42.64,100,1507,4264,5206,22601,1272,435920567,1
2026-05-01T13:17:52.839,A1,1,539,-64.9,-98.3,-33.4,58.87,76,2291,4474,4149,16984,1092,434885406,1
2026-05-01T13:17:52.930,A1,1,540,-64.8,-98.7,-33.9,55.13,84,4190,4631,3401,22420,1250,528018135,1
2026-05-01T13:17:53.052,A1,1,541,-65.0,-98.5,-33.6,46.13,100,2874,4613,4980,23012,1276,447933620,1
2026-05-01T13:17:53.141,A1,1,542,-65.5,-98.0,-32.6,66.37,84,3542,5575,3961,21575,1257,462662221,1
2026-05-01T13:17:53.262,A1,1,543,-65.2,-97.9,-32.7,57.86,88,4007,5092,3349,19002,1169,469396164,1
2026-05-01T13:17:53.382,A1,1,544,-65.6,-98.7,-33.1,66.99,68,2482,4555,3450,16415,1100,390012243,1
2026-05-01T13:17:53.499,A1,1,545,-82.5,-98.5,-16.0,57.95,84,2913,4868,4067,6112,1206,449619476,1
2026-05-01T13:17:53.591,A1,1,546,-65.0,-99.8,-34.8,38.56,72,1351,2776,4339,16129,1069,620043706,1
2026-05-01T13:17:53.710,A1,1,547,-64.8,-99.2,-34.3,44.39,96,2536,4261,3497,18212,1130,492531427,1
2026-05-01T13:17:53.801,A1,1,548,-65.5,-99.5,-34.0,48.25,92,1690,4439,3993,19502,1197,485092064,1
2026-05-01T13:17:53.949,A1,1,549,-64.9,-98.6,-33.7,53.44,84,1574,4489,4264,17503,1109,475763191,1
2026-05-01T13:17:54.041,A1,1,550,-65.6,-98.6,-33.0,46.42,100,3670,4642,3617,19770,1207,401965973,1
2026-05-01T13:17:54.191,A1,1,551,-65.2,-98.6,-33.4,41.92,84,1271,3521,4917,16170,1079,491764921,1
2026-05-01T13:17:54.282,A1,1,552,-65.7,-98.2,-32.6,60.24,76,1967,4578,4100,15672,1078,403830508,1
2026-05-01T13:17:54.370,A1,1,553,-65.2,-98.9,-33.7,53.29,80,2159,4263,4751,20647,1220,545533620,1
2026-05-01T13:17:54.491,A1,1,554,-65.2,-98.2,-33.0,57.42,84,2499,4823,4337,18743,1161,391217832,1
2026-05-01T13:17:54.609,A1,1,555,-65.3,-97.8,-32.5,75.32,76,3513,5724,4128,21557,1249,758222533,1
2026-05-01T13:17:54.700,A1,1,556,-65.3,-98.9,-33.7,42.87,68,1653,2915,4873,15923,1073,417765243,1
2026-05-01T13:17:54.791,A1,1,557,-65.1,-97.8,-32.7,67.44,68,4259,4586,3037,17125,1107,418206790,1
2026-05-01T13:17:54.909,A1,1,558,-65.0,-97.5,-32.5,73.22,76,2590,5565,4505,19418,1172,445122195,1
2026-05-01T13:17:54.999,A1,1,559,-65.1,-97.9,-32.7,65.25,80,2101,5220,4296,17941,1133,485036972,1
2026-05-01T13:17:55.091,A1,1,560,-65.4,-97.7,-32.3,51.6,100,1998,5160,5648,21189,1244,387089138,1
2026-05-01T13:17:55.209,A1,1,561,-65.0,-97.8,-32.8,63.82,76,4023,4850,3522,18598,1150,453385566,1
2026-05-01T13:17:55.331,A1,1,562,-65.5,-98.4,-32.9,60.6,84,1577,5090,4465,19067,1183,455146993,1
2026-05-01T13:17:55.420,A1,1,563,-65.4,-98.1,-32.7,47.93,100,4269,4793,3456,19850,1203,504946094,1
2026-05-01T13:17:55.541,A1,1,564,-65.5,-97.9,-32.4,55.42,76,2221,4212,4620,15658,1073,393433010,1
2026-05-01T13:17:55.630,A1,1,565,-65.5,-98.3,-32.8,47.95,96,2425,4603,4430,18129,1153,453607343,1
2026-05-01T13:17:55.751,A1,1,566,-65.8,-98.1,-32.3,62.93,88,3044,5538,5367,24893,1366,431941095,1
2026-05-01T13:17:55.870,A1,1,567,-65.3,-98.2,-33.0,54.74,80,4416,4379,3767,20469,1216,392707454,1
2026-05-01T13:17:55.961,A1,1,568,-65.8,-99.4,-33.6,55.3,84,3111,4645,3472,21053,1256,475235091,1
2026-05-01T13:17:56.079,A1,1,569,-65.4,-100.9,-35.5,29.43,88,3509,2590,2813,19103,1180,743964017,1
2026-05-01T13:17:56.200,A1,1,570,-65.4,-102.6,-37.2,29.9,84,3239,2512,2161,22724,1288,628880039,1
2026-05-01T13:17:56.291,A1,1,571,-65.2,-101.0,-35.8,29.48,92,4422,2712,2049,22801,1279,437007131,1
2026-05-01T13:17:56.411,A1,1,572,-65.3,-100.6,-35.2,35.68,76,4698,2712,1759,21449,1248,402479185,1
2026-05-01T13:17:56.500,A1,1,573,-65.1,-97.0,-31.9,58.94,80,5914,4715,3120,19640,1185,392036745,1
2026-05-01T13:17:56.621,A1,1,574,-65.3,-99.8,-34.6,47.78,76,2931,3631,4017,21142,1235,757632073,1
2026-05-01T13:17:56.741,A1,1,575,-65.9,-100.3,-34.4,36.88,104,4681,3835,3027,27590,1443,400334683,1
2026-05-01T13:17:56.832,A1,1,576,-65.2,-99.6,-34.4,46.29,76,3845,3518,2551,17881,1134,734927328,1
2026-05-01T13:17:56.921,A1,1,577,-65.8,-98.1,-32.3,48.47,92,6138,4459,2892,23821,1335,385967312,1
2026-05-01T13:17:57.100,A1,1,578,-65.4,-96.8,-31.4,70.2,76,5457,5335,4041,20646,1225,764159968,1
2026-05-01T13:17:57.160,A1,1,579,-65.3,-97.7,-32.4,52.42,88,5717,4613,3440,22501,1275,386638100,1
2026-05-01T13:17:57.281,A1,1,580,-65.0,-97.4,-32.4,58.78,76,6150,4467,3072,21950,1247,414877077,1
2026-05-01T13:17:57.402,A1,1,581,-65.4,-96.9,-31.5,62.11,76,4881,4720,3926,17443,1129,459884462,1
2026-05-01T13:17:57.491,A1,1,582,-65.4,-97.7,-32.3,49.93,100,5801,4993,3274,23506,1308,675624914,1
2026-05-01T13:17:57.609,A1,1,583,-65.3,-97.8,-32.5,53.95,84,3851,4532,3671,17206,1115,448441895,1
2026-05-01T13:17:57.731,A1,1,584,-64.2,-98.8,-34.6,49.19,84,4778,4132,2689,22376,1227,733862096,1
2026-05-01T13:17:57.848,A1,1,585,-65.0,-99.5,-34.5,48.56,88,4738,4273,3002,26202,1362,435895808,1
2026-05-01T13:17:57.941,A1,1,586,-65.0,-99.4,-34.4,54.22,80,3226,4338,3796,22659,1267,423927853,1
2026-05-01T13:17:58.060,A1,1,587,-64.6,-100.3,-35.7,43.39,80,2224,3471,3355,18274,1121,422622847,1
2026-05-01T13:17:58.179,A1,1,588,-65.0,-101.4,-36.5,37.58,84,1861,3157,3023,18610,1147,763031147,1
2026-05-01T13:17:58.269,A1,1,589,-65.1,-102.1,-37.0,31.75,80,2900,2540,2421,19747,1187,610527485,1
2026-05-01T13:17:58.420,A1,1,590,-65.4,-98.9,-33.5,50.02,84,5193,4202,2723,23286,1301,508182472,1
2026-05-01T13:17:58.511,A1,1,591,-65.5,-98.0,-32.5,46.56,84,5354,3911,2787,18604,1168,454524814,1
2026-05-01T13:17:58.601,A1,1,592,-65.6,-99.4,-33.8,44.0,96,4825,4224,3322,25902,1381,475473573,1
2026-05-01T13:17:58.719,A1,1,593,-65.5,-96.8,-31.3,71.1,92,5368,6541,4885,25967,1381,738310201,1
2026-05-01T13:17:58.809,A1,1,594,-65.2,-97.1,-31.9,68.55,88,4346,6032,4668,23224,1291,523301739,1
2026-05-01T13:17:58.930,A1,1,595,-65.5,-98.1,-32.6,64.95,80,5668,5196,3309,25883,1378,468566030,1
2026-05-01T13:17:59.115,A1,1,596,-65.2,-98.7,-33.5,47.12,80,2710,3770,4883,19772,1194,481186426,1
2026-05-01T13:17:59.140,A1,1,597,-75.8,-99.2,-23.4,50.11,88,3200,4410,3453,9790,1211,435462604,1
2026-05-01T13:17:59.261,A1,1,598,-65.4,-100.4,-35.0,51.44,84,3480,4321,2937,25045,1353,391537294,1
2026-05-01T13:17:59.379,A1,1,599,-64.8,-100.5,-35.6,47.56,80,2252,3805,3369,20601,1202,446479339,1
2026-05-01T13:17:59.471,A1,1,600,-65.0,-100.3,-35.2,51.69,84,3837,4342,2892,26482,1372,481418822,1
2026-05-01T13:17:59.590,A1,1,601,-64.8,-99.6,-34.7,49.15,72,2812,3539,3694,18450,1137,498861445,1
2026-05-01T13:17:59.710,A1,1,602,-65.4,-98.3,-32.9,54.04,92,2481,4972,4271,19241,1184,770516539,1
2026-05-01T13:17:59.800,A1,1,603,-65.5,-102.4,-36.9,27.07,84,2498,2274,2519,17525,1132,435641600,1
2026-05-01T13:17:59.962,A1,1,604,-65.3,-95.2,-29.9,91.26,72,2923,6571,5742,16205,1082,734004917,1
2026-05-01T13:18:00.010,A1,1,605,-66.2,-104.9,-38.7,33.84,80,803,2707,1843,19061,1213,493230047,1
2026-05-01T13:18:00.102,A1,1,606,-65.7,-100.0,-34.3,48.82,84,1316,4101,4162,20267,1229,434326652,1
2026-05-01T13:18:00.281,A1,1,607,-65.8,-96.1,-30.4,83.11,72,5891,5984,4025,19940,1221,397350169,1
2026-05-01T13:18:00.339,A1,1,608,-65.8,-99.0,-33.2,45.24,96,2934,4343,4699,21966,1281,757401791,1
2026-05-01T13:18:00.430,A1,1,609,-65.7,-104.9,-39.3,34.6,68,1065,2353,1990,18687,1178,434708136,1
2026-05-01T13:18:00.552,A1,1,610,-65.2,-99.7,-34.5,44.81,88,3750,3943,2454,19270,1177,430339327,1
2026-05-01T13:18:00.670,A1,1,611,-65.7,-99.5,-33.8,56.64,72,3844,4078,2839,19778,1214,756353748,1
2026-05-01T13:18:00.759,A1,1,612,-66.2,-99.8,-33.6,54.6,84,2928,4586,3367,21436,1285,449825454,1
2026-05-01T13:18:00.879,A1,1,613,-66.2,-99.7,-33.5,50.7,76,4081,3853,3396,21839,1297,402411379,1
2026-05-01T13:18:01.000,A1,1,614,-66.0,-100.1,-34.1,46.69,72,1743,3362,3769,16207,1108,454524672,1
2026-05-01T13:18:01.091,A1,1,615,-66.4,-99.3,-33.0,47.22,80,2061,3778,4078,16262,1125,387256689,1
2026-05-01T13:18:01.212,A1,1,616,-65.6,-101.4,-35.8,45.49,72,2478,3275,2569,18434,1166,429415836,1
2026-05-01T13:18:01.329,A1,1,617,-65.5,-106.2,-40.7,28.77,60,804,1726,1849,16668,1106,740414338,1
2026-05-01T13:18:01.419,A1,1,618,-65.5,-100.9,-35.4,42.28,80,2190,3382,2849,17125,1121,499141372,1
2026-05-01T13:18:01.539,A1,1,619,-66.0,-100.7,-34.7,46.5,72,2540,3348,2778,16606,1123,474652726,1
2026-05-01T13:18:01.631,A1,1,620,-66.5,-101.1,-34.6,40.86,88,3736,3596,2387,22424,1327,400568328,1
2026-05-01T13:18:01.749,A1,1,621,-66.4,-106.3,-39.8,19.45,84,1560,1634,2172,22272,1319,449956223,1
2026-05-01T13:18:01.872,A1,1,622,-65.7,-96.5,-30.8,71.75,84,3842,6027,4981,19117,1194,772925800,1
2026-05-01T13:18:01.959,A1,1,623,-66.1,-99.8,-33.7,43.86,80,2564,3509,3849,17497,1157,450179142,1
2026-05-01T13:18:02.081,A1,1,624,-66.3,-101.5,-35.2,39.6,72,2332,2851,3118,17739,1171,659702912,1
2026-05-01T13:18:02.247,A1,1,625,-66.2,-98.4,-32.1,53.17,92,5028,4892,2962,21729,1295,409600087,1
2026-05-01T13:18:02.319,A1,1,626,-65.5,-96.5,-31.0,67.31,80,3940,5385,6192,21031,1243,450145345,1
2026-05-01T13:18:02.409,A1,1,627,-66.1,-98.7,-32.7,48.53,76,2199,3688,4906,17480,1155,765842807,1
2026-05-01T13:18:02.499,A1,1,628,-65.7,-101.3,-35.6,43.84,92,1833,4033,3297,23137,1311,455089328,1
2026-05-01T13:18:02.621,A1,1,629,-65.9,-102.6,-36.7,31.89,72,3357,2296,1562,19160,1202,498394840,1
2026-05-01T13:18:02.711,A1,1,630,-76.4,-100.1,-23.7,38.18,76,3470,2902,3048,8250,1135,408335573,1
2026-05-01T13:18:02.829,A1,1,631,-65.9,-97.6,-31.7,63.39,92,3490,5832,4279,20533,1244,407054097,1
2026-05-01T13:18:02.949,A1,1,632,-65.9,-102.8,-36.9,42.56,68,1253,2894,2631,17999,1165,476621306,1
2026-05-01T13:18:03.040,A1,1,633,-65.4,-100.2,-34.8,43.6,72,2237,3139,4264,20055,1210,432131586,1
2026-05-01T13:18:03.161,A1,1,634,-65.8,-98.8,-33.0,67.75,76,3429,5149,3865,22753,1304,496354404,1
2026-05-01T13:18:03.329,A1,1,635,-66.3,-96.7,-30.4,79.76,68,2893,5424,5676,17581,1166,440775952,1
2026-05-01T13:18:03.369,A1,1,636,-66.1,-100.7,-34.6,38.94,80,3765,3115,2241,18692,1194,420974890,1
2026-05-01T13:18:03.523,A1,1,637,-75.7,-100.1,-24.4,41.99,80,3642,3359,2440,8767,1140,491771190,1
2026-05-01T13:18:03.581,A1,1,638,-65.9,-97.3,-31.4,68.49,88,3604,6027,4184,20047,1229,450712596,1
2026-05-01T13:18:03.671,A1,1,639,-65.2,-100.1,-34.9,51.64,80,1391,4131,3915,20506,1216,522339956,1
2026-05-01T13:18:03.762,A1,1,640,-65.0,-100.4,-35.4,51.63,68,2772,3511,3084,19029,1162,451780791,1
2026-05-01T13:18:03.879,A1,1,641,-65.8,-99.6,-33.8,56.39,76,3730,4286,3582,22856,1309,725884340,1
2026-05-01T13:18:03.999,A1,1,642,-65.9,-99.5,-33.7,54.61,64,3677,3495,3192,17949,1162,476440263,1
2026-05-01T13:18:04.090,A1,1,643,-66.3,-101.0,-34.7,40.84,80,3753,3267,2489,20936,1273,503755109,1
2026-05-01T13:18:04.211,A1,1,644,-65.6,-102.6,-37.0,38.03,64,2799,2434,1828,17573,1139,766421925,1
2026-05-01T13:18:04.302,A1,1,645,-65.5,-101.8,-36.2,35.42,76,2462,2692,2574,17107,1122,755614986,1
2026-05-01T13:18:04.501,A1,1,646,-66.2,-101.2,-35.1,38.06,68,3176,2588,2967,18477,1191,433814543,1
2026-05-01T13:18:04.589,A1,1,647,-66.2,-102.3,-36.1,46.93,60,2124,2816,2142,15752,1101,390121328,1
2026-05-01T13:18:04.629,A1,1,648,-66.0,-101.7,-35.8,33.19,80,3161,2655,2989,21443,1274,434437197,1
2026-05-01T13:18:04.720,A1,1,649,-65.6,-102.4,-36.8,30.0,84,2826,2520,1989,18030,1156,625277484,1
2026-05-01T13:18:04.864,A1,1,650,-66.0,-101.1,-35.1,39.81,80,3503,3185,2801,21336,1273,418345076,1
2026-05-01T13:18:04.929,A1,1,651,-65.9,-101.6,-35.7,44.92,64,3446,2875,2016,19481,1213,420216033,1
2026-05-01T13:18:05.050,A1,1,652,-66.0,-101.9,-35.9,38.68,72,3430,2785,2135,20419,1245,413618914,1
2026-05-01T13:18:05.141,A1,1,653,-66.0,-101.1,-35.2,39.57,84,2951,3324,2651,19193,1206,451277360,1
2026-05-01T13:18:05.260,A1,1,654,-66.3,-102.3,-36.0,37.44,68,2310,2546,2699,17573,1166,407871690,1
2026-05-01T13:18:05.380,A1,1,655,-66.1,-101.6,-35.5,38.65,88,2543,3401,2540,19528,1222,442226592,1
2026-05-01T13:18:05.469,A1,1,656,-65.9,-102.0,-36.1,39.9,80,2488,3192,2314,19191,1204,478383773,1
2026-05-01T13:18:05.589,A1,1,657,-66.1,-102.2,-36.1,38.28,80,2199,3062,2764,19927,1233,399570810,1
2026-05-01T13:18:05.711,A1,1,658,-65.6,-101.7,-36.2,41.0,64,2219,2624,2980,17521,1136,754243656,1
2026-05-01T13:18:05.800,A1,1,659,-66.0,-101.5,-35.5,32.98,84,2490,2770,2669,16317,1114,450490749,1
2026-05-01T13:18:05.919,A1,1,660,-66.0,-101.6,-35.6,43.97,64,2351,2814,2928,17583,1157,471457656,1
2026-05-01T13:18:06.040,A1,1,661,-66.4,-102.5,-36.1,34.46,72,2892,2481,2282,18767,1212,394294088,1
2026-05-01T13:18:06.160,A1,1,662,-66.2,-106.3,-40.1,25.84,64,2086,1654,1006,18988,1209,415584089,1
2026-05-01T13:18:06.251,A1,1,663,-66.2,-103.8,-37.6,28.15,80,2486,2252,1644,18298,1185,435023532,1
2026-05-01T13:18:06.371,A1,1,664,-66.2,-105.0,-38.7,28.14,64,2144,1801,1595,17758,1171,463562042,1
2026-05-01T13:18:06.489,A1,1,665,-66.4,-103.9,-37.5,29.83,76,2368,2267,1837,18692,1207,491169841,1
2026-05-01T13:18:06.633,A1,1,666,-65.9,-103.5,-37.7,39.67,60,1921,2380,2071,17181,1138,479367547,1
2026-05-01T13:18:06.699,A1,1,667,-65.5,-103.7,-38.2,32.35,68,2548,2200,1862,19759,1205,429546441,1
2026-05-01T13:18:06.789,A1,1,668,-66.5,-106.5,-39.9,19.5,92,1971,1794,1052,19366,1236,757019490,1
2026-05-01T13:18:06.941,A1,1,669,-66.1,-107.4,-41.2,21.96,72,1784,1581,1154,20853,1265,415542194,1
2026-05-01T13:18:06.999,A1,1,670,-65.7,-97.6,-32.0,48.09,80,3514,3847,4947,16977,1122,752751368,1
2026-05-01T13:18:07.089,A1,1,671,-66.0,-99.0,-33.1,51.61,88,2749,4542,3798,18917,1198,445096266,1
2026-05-01T13:18:07.217,A1,1,672,-66.1,-102.3,-36.2,33.51,72,2047,2413,2745,16296,1118,449240973,1
2026-05-01T13:18:07.330,A1,1,673,-66.0,-99.9,-33.9,47.71,76,1904,3626,4358,19449,1216,524108875,1
2026-05-01T13:18:07.451,A1,1,674,-66.6,-100.1,-33.5,41.07,100,2201,4107,4470,22743,1344,394317839,1
2026-05-01T13:18:07.541,A1,1,675,-66.2,-101.2,-34.9,43.01,68,2463,2925,3041,17039,1147,434556427,1
2026-05-01T13:18:07.630,A1,1,676,-66.1,-101.3,-35.2,44.31,64,1561,2836,3601,17211,1147,387510284,1
2026-05-01T13:18:07.749,A1,1,677,-66.1,-98.5,-32.3,81.16,64,2467,5194,4110,19308,1217,443297483,1
2026-05-01T13:18:07.871,A1,1,678,-67.0,-101.9,-34.8,35.54,80,1507,2843,3758,19338,1256,401488326,1
2026-05-01T13:18:07.999,A1,1,679,-66.4,-99.9,-33.6,51.86,84,3389,4356,3559,22915,1337,497573124,1
2026-05-01T13:18:08.097,A1,1,680,-66.1,-98.5,-32.4,66.25,76,3193,5035,4796,22844,1322,410831254,1
2026-05-01T13:18:08.169,A1,1,681,-66.2,-100.3,-34.1,63.57,68,2617,4323,2985,19984,1241,429847449,1
2026-05-01T13:18:08.299,A1,1,682,-66.0,-101.5,-35.4,45.85,72,1482,3301,3073,17380,1150,500128587,1
2026-05-01T13:18:08.464,A1,1,683,-66.1,-100.0,-33.9,52.47,100,2509,5247,3720,25941,1408,755142052,1
2026-05-01T13:18:08.547,A1,1,684,-66.4,-98.5,-32.2,61.02,88,2491,5370,4759,22244,1316,451868232,1
2026-05-01T13:18:08.589,A1,1,685,-65.9,-98.5,-32.6,62.0,64,2476,3968,5257,19351,1207,456595546,1
2026-05-01T13:18:08.740,A1,1,686,-66.3,-98.3,-32.0,67.69,72,4065,4874,4345,21754,1300,739826688,1
2026-05-01T13:18:08.799,A1,1,687,-66.5,-98.9,-32.4,56.46,80,3424,4517,4801,22801,1337,410778649,1
2026-05-01T13:18:08.889,A1,1,688,-66.7,-98.7,-31.9,49.37,92,4512,4542,3484,20598,1283,426747383,1
2026-05-01T13:18:09.010,A1,1,689,-66.3,-99.7,-33.4,61.35,68,2856,4172,3302,18320,1190,497680596,1
2026-05-01T13:18:17.140,A1,1,690,-66.3,-99.4,-33.2,45.29,76,2641,3442,4111,17046,1148,400199029,1
2026-05-01T13:18:17.260,A1,1,691,-65.8,-98.7,-32.9,57.54,80,2866,4603,3992,18842,1186,448021410,1
2026-05-01T13:18:17.349,A1,1,692,-65.8,-98.9,-33.1,52.1,92,2992,4793,5134,25448,1380,479285303,1
2026-05-01T13:18:17.470,A1,1,693,-66.0,-98.8,-32.8,72.3,60,2765,4338,3715,16901,1134,395651996,1
2026-05-01T13:18:17.588,A1,1,694,-65.8,-98.7,-32.9,54.89,92,3211,5050,4472,23094,1313,430610466,1
2026-05-01T13:18:17.709,A1,1,695,-66.1,-98.9,-32.8,59.31,80,3202,4745,3532,19411,1219,453246606,1
2026-05-01T13:18:17.830,A1,1,696,-66.3,-99.4,-33.1,58.31,72,2987,4198,3936,19708,1237,759526187,1
2026-05-01T13:18:17.921,A1,1,697,-65.7,-99.0,-33.3,64.46,72,2697,4641,3759,19098,1192,445993645,1
2026-05-01T13:18:18.070,A1,1,698,-66.2,-99.0,-32.8,46.83,72,2642,3372,4340,16216,1118,440075313,1
2026-05-01T13:18:18.159,A1,1,699,-67.0,-99.2,-32.2,54.22,68,2661,3687,3737,14908,1103,452147452,1
2026-05-01T13:18:18.251,A1,1,700,-65.6,-99.0,-33.4,47.1,92,3903,4333,2720,18828,1181,433085312,1
2026-05-01T13:18:18.369,A1,1,701,-66.1,-99.6,-33.5,40.86,64,2740,2615,4236,16037,1108,404707250,1
2026-05-01T13:18:18.489,A1,1,702,-65.5,-99.1,-33.6,60.24,76,2703,4578,3776,19890,1210,409861479,1
2026-05-01T13:18:18.580,A1,1,703,-65.8,-99.4,-33.5,60.97,80,4471,4878,3268,26403,1408,698931457,1
2026-05-01T13:18:18.701,A1,1,704,-65.5,-98.8,-33.3,58.09,80,2978,4647,3621,18977,1181,737715672,1
2026-05-01T13:18:18.790,A1,1,705,-65.6,-99.2,-33.6,58.84,76,2863,4472,3499,19122,1188,449758176,1
2026-05-01T13:18:18.911,A1,1,706,-66.0,-99.1,-33.1,63.15,60,2442,3789,4038,16382,1115,473412594,1
2026-05-01T13:18:19.000,A1,1,707,-65.8,-99.1,-33.3,63.62,72,3319,4581,2960,18456,1176,520413259,1
2026-05-01T13:18:19.149,A1,1,708,-65.9,-99.1,-33.2,59.2,76,3123,4499,3245,18406,1179,765863119,1
2026-05-01T13:18:19.240,A1,1,709,-65.7,-99.0,-33.2,55.28,80,2724,4422,4787,22091,1284,495964150,1
2026-05-01T13:18:19.328,A1,1,710,-65.5,-98.9,-33.4,51.02,84,2723,4286,4157,18982,1181,624787595,1
2026-05-01T13:18:19.451,A1,1,711,-65.7,-98.6,-32.9,61.14,80,3631,4891,3244,19520,1203,450906508,1
2026-05-01T13:18:19.568,A1,1,712,-66.1,-99.0,-32.9,57.88,84,3986,4862,3596,22934,1326,411737819,1
2026-05-01T13:18:19.690,A1,1,713,-65.7,-98.6,-33.0,58.04,80,2912,4643,4042,19124,1192,392129314,1
2026-05-01T13:18:19.850,A1,1,714,-66.0,-99.0,-33.0,59.33,76,2784,4509,3583,18066,1173,630208624,1
2026-05-01T13:18:19.958,A1,1,715,-65.8,-99.0,-33.3,53.46,84,2720,4491,5066,23915,1337,440112707,1
2026-05-01T13:18:19.990,A1,1,716,-82.4,-98.9,-16.5,60.2,80,3597,4816,3493,6664,1253,495698304,1
2026-05-01T13:18:20.110,A1,1,717,-65.8,-99.4,-33.5,66.72,64,2538,4270,3391,17414,1144,419880999,1
2026-05-01T13:18:20.229,A1,1,718,-66.0,-98.9,-32.8,50.88,76,2565,3867,4043,16046,1105,423814529,1
2026-05-01T13:18:20.349,A1,1,719,-75.8,-98.9,-23.1,61.88,76,2876,4703,3503,9294,1177,394302185,1
2026-05-01T13:18:20.469,A1,1,720,-65.6,-98.8,-33.2,56.55,84,3465,4750,3615,20535,1231,600597801,1
2026-05-01T13:18:20.674,A1,1,721,-65.7,-98.8,-33.1,62.96,68,2839,4281,3641,17108,1128,430031201,1
2026-05-01T13:18:20.691,A1,1,722,-65.7,-99.0,-33.3,57.61,84,2716,4839,4201,21871,1275,429726327,1
2026-05-01T13:18:20.738,A1,1,723,-65.8,-99.1,-33.3,58.8,84,4491,4939,3175,25024,1371,415595276,1
2026-05-01T13:18:20.859,A1,1,724,-65.8,-99.5,-33.7,61.82,68,2593,4204,2898,16312,1107,467384638,1
2026-05-01T13:18:20.981,A1,1,725,-65.9,-99.1,-33.2,53.41,76,2846,4059,4090,18827,1193,709540220,1
2026-05-01T13:18:21.101,A1,1,726,-65.5,-98.9,-33.4,54.5,84,3159,4578,3467,18921,1177,431845011,1
2026-05-01T13:18:21.220,A1,1,727,-66.1,-99.1,-33.0,58.0,84,3818,4872,3976,24086,1355,467596126,1
2026-05-01T13:18:21.308,A1,1,728,-65.8,-99.1,-33.3,57.62,68,2700,3918,4058,17730,1154,404905095,1
2026-05-01T13:18:21.459,A1,1,729,-65.8,-99.4,-33.6,60.0,76,3459,4560,3977,23680,1333,430822707,1
2026-05-01T13:18:21.551,A1,1,730,-65.7,-99.2,-33.5,67.97,64,2790,4350,3468,18134,1162,444436907,1
2026-05-01T13:18:21.699,A1,1,731,-65.8,-98.9,-33.1,51.99,76,2722,3951,4260,17978,1160,457736073,1
2026-05-01T13:18:21.791,A1,1,732,-66.1,-99.5,-33.4,48.84,76,2762,3712,4207,19241,1215,481681731,1
2026-05-01T13:18:21.909,A1,1,733,-66.0,-99.1,-33.1,44.46,72,2694,3201,4380,16371,1116,771512576,1
2026-05-01T13:18:22.005,A1,1,734,-65.5,-99.1,-33.6,65.96,68,2766,4485,3468,18435,1164,496389467,1
2026-05-01T13:18:22.088,A1,1,735,-65.5,-99.4,-33.9,60.93,72,2548,4387,3519,18971,1181,445726064,1
2026-05-01T13:18:22.210,A1,1,736,-65.8,-99.4,-33.6,67.39,64,2930,4313,2824,17204,1134,389141259,1
2026-05-01T13:18:22.359,A1,1,737,-66.1,-99.1,-33.0,49.51,72,2531,3565,4172,16422,1120,457148084,1
2026-05-01T13:18:22.506,A1,1,738,-66.2,-99.3,-33.2,54.8,76,2743,4165,3667,17992,1176,450770791,1
2026-05-01T13:18:22.570,A1,1,739,-65.7,-99.6,-34.0,48.56,64,2427,3108,4063,16696,1113,413178256,1
2026-05-01T13:18:22.660,A1,1,740,-65.7,-99.0,-33.3,50.95,80,2588,4076,3938,17398,1138,478520495,1
2026-05-01T13:18:30.849,A1,1,741,-66.3,-99.8,-33.5,63.5,72,2862,4572,4099,23623,1352,392788898,1
2026-05-01T13:18:30.950,A1,1,742,-66.0,-99.9,-33.9,65.02,64,2320,4161,3750,19743,1224,517890783,1
2026-05-01T13:18:31.060,A1,1,743,-65.8,-99.9,-34.1,51.92,72,2255,3738,4270,20473,1239,448489399,1
2026-05-01T13:18:31.179,A1,1,744,-66.1,-100.0,-33.9,50.17,84,2266,4214,3854,20586,1254,387072418,1
2026-05-01T13:18:31.271,A1,1,745,-66.0,-100.0,-34.0,65.6,60,2676,3936,2999,17573,1157,435860882,1
2026-05-01T13:18:31.389,A1,1,746,-65.8,-99.9,-34.1,52.41,80,2406,4193,3730,20217,1230,476945703,1
2026-05-01T13:18:31.510,A1,1,747,-66.3,-99.9,-33.6,51.8,92,3490,4766,3612,25239,1399,463938199,1
2026-05-01T13:18:31.598,A1,1,748,-66.0,-99.8,-33.9,63.21,76,3830,4804,3247,25658,1394,511206593,1
2026-05-01T13:18:31.748,A1,1,749,-66.0,-99.8,-33.8,48.07,88,2331,4230,3653,19194,1206,707407964,1
2026-05-01T13:18:31.838,A1,1,750,-65.7,-99.6,-33.9,49.15,88,2316,4325,3953,20384,1232,754378204,1
2026-05-01T13:18:31.930,A1,1,751,-65.6,-99.7,-34.1,53.59,80,2381,4287,3119,17876,1151,445610448,1
2026-05-01T13:18:32.049,A1,1,752,-65.9,-99.6,-33.7,60.12,72,2731,4329,3276,18939,1195,646811223,1
2026-05-01T13:18:32.168,A1,1,753,-65.9,-100.0,-34.0,57.0,72,2471,4104,4361,23093,1321,455874468,1
2026-05-01T13:18:32.290,A1,1,754,-65.9,-99.7,-33.7,61.32,72,2376,4415,3113,17947,1165,442647876,1
2026-05-01T13:18:32.595,A1,1,755,-65.7,-99.6,-33.9,53.05,84,2758,4456,2970,18645,1176,470497541,1
2026-05-01T13:18:32.596,A1,1,756,-65.8,-99.6,-33.8,57.36,80,2305,4589,3674,20380,1236,494307040,1
2026-05-01T13:18:32.620,A1,1,757,-66.3,-99.4,-33.0,58.14,88,3496,5116,3617,24058,1368,388109631,1
2026-05-01T13:18:32.740,A1,1,758,-66.1,-99.4,-33.4,56.35,84,2904,4733,3248,20024,1237,422003251,1
2026-05-01T13:18:32.858,A1,1,759,-66.2,-99.9,-33.7,59.16,80,3203,4733,3644,24318,1368,460325389,1
2026-05-01T13:18:33.007,A1,1,760,-65.8,-99.8,-34.1,55.76,76,2305,4238,3360,18635,1180,393167007,1
2026-05-01T13:18:33.069,A1,1,761,-66.0,-100.0,-34.1,41.61,76,1792,3162,3989,16246,1110,433409274,1
2026-05-01T13:18:33.188,A1,1,762,-66.1,-99.8,-33.8,57.1,72,3116,4111,3045,19001,1205,425957379,1
2026-05-01T13:18:33.310,A1,1,763,-66.2,-99.4,-33.2,55.09,96,3574,5289,3711,25947,1414,446888076,1
2026-05-01T13:18:33.430,A1,1,764,-66.1,-99.9,-33.8,48.81,80,2939,3905,2861,17340,1152,421217428,1
2026-05-01T13:18:33.549,A1,1,765,-66.1,-100.1,-34.0,51.86,80,2438,4149,4283,23254,1335,406877155,1
2026-05-01T13:18:33.670,A1,1,766,-66.1,-99.7,-33.7,49.3,88,4123,4338,3018,23175,1330,390244796,1
2026-05-01T13:18:33.788,A1,1,767,-65.9,-99.7,-33.8,56.66,76,2270,4306,3210,17540,1150,752777182,1
2026-05-01T13:18:33.904,A1,1,768,-65.9,-99.6,-33.8,44.2,76,1873,3359,4105,16207,1104,491175807,1
2026-05-01T13:18:33.969,A1,1,769,-66.2,-99.7,-33.5,51.16,68,1723,3479,4005,15854,1105,426311733,1
2026-05-01T13:18:34.096,A1,1,770,-65.8,-99.7,-33.8,53.8,80,2343,4304,3184,17682,1152,753005580,1
2026-05-01T13:18:34.181,A1,1,771,-66.1,-99.2,-33.2,52.28,88,2731,4601,3797,19860,1231,443286041,1
2026-05-01T13:18:34.268,A1,1,772,-65.9,-99.7,-33.8,48.28,76,1965,3669,4584,19840,1223,470700796,1
2026-05-01T13:18:34.358,A1,1,773,-65.7,-99.6,-33.9,63.96,72,3031,4605,2955,20223,1227,476098641,1
2026-05-01T13:18:34.479,A1,1,774,-66.1,-99.7,-33.6,60.78,72,2206,4376,3807,19627,1224,715035117,1
2026-05-01T13:18:34.599,A1,1,775,-65.5,-99.5,-34.0,66.75,64,2040,4272,3821,18855,1176,408717616,1
2026-05-01T13:18:34.690,A1,1,776,-65.8,-99.9,-34.1,61.46,68,2073,4179,3190,17529,1145,412438696,1
2026-05-01T13:18:34.855,A1,1,777,-65.8,-99.8,-34.1,45.5,80,4211,3640,2235,19463,1206,487496768,1
2026-05-01T13:18:34.898,A1,1,778,-65.8,-100.1,-34.3,61.88,68,1873,4208,3268,18375,1172,429748916,1
2026-05-01T13:18:34.988,A1,1,779,-65.8,-100.1,-34.4,53.28,72,3014,3836,2880,18579,1179,428988637,1
2026-05-01T13:18:35.108,A1,1,780,-66.1,-99.7,-33.6,53.83,92,2995,4952,3618,23861,1350,751189784,1
2026-05-01T13:18:35.198,A1,1,781,-65.6,-100.0,-34.3,48.35,84,2794,4061,2611,17533,1140,494393161,1
2026-05-01T13:18:35.318,A1,1,782,-66.1,-100.3,-34.2,52.38,80,2626,4190,2808,18980,1204,393819148,1
2026-05-01T13:18:35.408,A1,1,783,-65.6,-100.1,-34.5,49.27,84,1991,4139,3056,17808,1147,413278317,1
2026-05-01T13:18:35.558,A1,1,784,-65.8,-100.4,-34.6,56.54,72,1824,4071,3293,18785,1185,465986036,1
2026-05-01T13:18:35.650,A1,1,785,-66.2,-100.6,-34.4,41.55,92,1716,3823,3805,20096,1243,386166338,1
2026-05-01T13:18:35.768,A1,1,786,-65.8,-100.4,-34.6,59.27,64,1920,3793,3650,19234,1200,413932099,1
2026-05-01T13:18:35.888,A1,1,787,-65.6,-100.7,-35.1,50.57,72,1727,3641,3690,19883,1214,411558658,1
2026-05-01T13:18:35.992,A1,1,788,-65.8,-100.9,-35.1,34.62,64,1908,2216,3987,16747,1121,707435779,1
2026-05-01T13:18:36.217,A1,1,789,-66.4,-100.2,-33.8,58.18,76,3495,4422,2788,22297,1320,770046592,1
2026-05-01T13:18:36.228,A1,1,790,-65.8,-100.5,-34.8,54.25,72,2678,3906,3343,21321,1263,423099508,1
2026-05-01T13:18:36.309,A1,1,791,-65.8,-100.1,-34.3,48.08,84,2158,4039,3637,19757,1216,436440318,1
2026-05-01T13:18:36.429,A1,1,792,-66.1,-100.4,-34.3,50.06,64,1726,3204,4154,18246,1181,712585792,1
2026-05-01T13:18:36.549,A1,1,793,-66.3,-99.8,-33.6,69.03,64,2382,4418,3789,20723,1266,464572134,1
2026-05-01T13:18:36.670,A1,1,794,-66.1,-99.6,-33.5,70.22,60,2073,4213,3889,18478,1189,397820138,1
2026-05-01T13:18:36.789,A1,1,795,-66.2,-99.8,-33.6,52.59,88,2811,4628,3472,21346,1282,493380572,1
2026-05-01T13:18:36.879,A1,1,796,-66.1,-99.9,-33.8,57.71,72,2662,4155,3419,19170,1210,456767536,1
2026-05-01T13:18:37.000,A1,1,797,-65.6,-100.0,-34.3,60.85,68,1822,4138,3825,19706,1207,447941045,1
2026-05-01T13:18:37.120,A1,1,798,-65.9,-99.7,-33.8,66.44,64,2865,4252,2800,17735,1157,407841481,1
2026-05-01T13:18:37.221,A1,1,799,-65.7,-100.2,-34.4,65.05,64,1735,4163,3458,18849,1185,421398784,1
2026-05-01T13:18:37.330,A1,1,800,-65.9,-99.8,-34.0,64.4,60,2572,3864,2831,15858,1093,445127579,1
2026-05-01T13:18:37.419,A1,1,801,-66.4,-99.6,-33.2,57.67,84,3697,4844,3162,23175,1343,465479295,1
2026-05-01T13:18:37.570,A1,1,802,-66.0,-99.9,-33.9,57.25,72,2198,4122,3869,20027,1233,450375395,1
2026-05-01T13:18:37.660,A1,1,803,-66.1,-99.3,-33.2,52.17,100,3258,5217,3866,24477,1369,389094749,1
2026-05-01T13:18:37.810,A1,1,804,-65.6,-99.7,-34.1,75.57,60,2673,4534,3172,20124,1221,408431427,1
2026-05-01T13:18:37.900,A1,1,805,-65.5,-100.2,-34.6,46.11,80,2138,3689,4331,21997,1272,447963013,1
2026-05-01T13:18:38.019,A1,1,806,-66.0,-99.8,-33.8,56.4,68,3271,3835,2422,16581,1121,457420680,1
2026-05-01T13:18:38.110,A1,1,807,-65.4,-99.9,-34.5,55.85,68,3835,3798,2384,19629,1198,432039882,1
2026-05-01T13:18:38.232,A1,1,808,-65.9,-99.7,-33.8,62.99,76,3222,4787,3566,23811,1338,493899346,1
2026-05-01T13:18:38.318,A1,1,809,-65.7,-99.8,-34.1,59.64,72,2064,4294,3763,20008,1219,472294701,1
2026-05-01T13:18:38.470,A1,1,810,-66.0,-99.7,-33.7,59.06,84,2989,4961,3533,23538,1336,406624472,1
2026-05-01T13:18:38.590,A1,1,811,-65.7,-99.9,-34.1,51.72,80,2812,4138,2868,18147,1163,434871307,1
2026-05-01T13:18:38.741,A1,1,812,-66.1,-100.0,-33.9,58.18,72,2293,4189,3589,19778,1230,729457956,1
2026-05-01T13:18:38.799,A1,1,813,-65.9,-100.1,-34.2,44.61,92,3567,4104,2518,20602,1247,434805832,1
2026-05-01T13:18:38.890,A1,1,814,-65.5,-100.8,-35.4,35.67,60,2027,2140,3797,16060,1085,494433281,1
2026-05-01T13:18:39.039,A1,1,815,-65.6,-100.5,-34.9,57.55,64,1923,3683,3669,19513,1202,753124986,1
2026-05-01T13:18:39.101,A1,1,816,-65.6,-100.6,-35.1,41.2,60,1882,2472,3856,16179,1093,418365120,1
2026-05-01T13:18:39.249,A1,1,817,-65.2,-100.6,-35.3,59.97,64,1883,3838,2726,17061,1108,493367550,1
2026-05-01T13:18:39.309,A1,1,818,-65.7,-100.6,-34.8,60.56,64,1795,3876,2910,17201,1133,401456104,1
2026-05-01T13:18:39.429,A1,1,819,-65.8,-100.7,-34.9,49.99,68,2009,3399,4373,22917,1311,450977024,1
2026-05-01T13:18:39.549,A1,1,820,-66.0,-100.2,-34.2,48.88,76,2485,3715,2731,15922,1098,672401173,1
2026-05-01T13:18:39.669,A1,1,821,-65.5,-100.4,-34.8,53.32,68,1947,3626,4345,22315,1281,751569032,1
2026-05-01T13:18:39.788,A1,1,822,-65.7,-100.4,-34.7,54.34,64,1964,3478,4235,20995,1250,442880324,1
2026-05-01T13:18:39.850,A1,1,823,-65.8,-99.9,-34.1,47.17,76,1767,3585,4077,17812,1155,477506753,1
2026-05-01T13:18:39.970,A1,1,824,-66.3,-99.6,-33.3,56.09,80,3917,4487,2825,21330,1286,386876609,1
2026-05-01T13:18:40.088,A1,1,825,-66.2,-100.0,-33.8,60.83,72,2915,4380,3606,21962,1300,462655336,1
2026-05-01T13:18:40.239,A1,1,826,-66.3,-99.6,-33.2,47.93,96,2149,4601,3872,19903,1243,768443616,1
2026-05-01T13:18:40.331,A1,1,827,-66.4,-100.3,-33.9,49.62,80,1963,3970,3889,19950,1247,439327424,1
2026-05-01T13:18:40.422,A1,1,828,-65.6,-100.4,-34.7,50.97,76,1694,3874,3581,18861,1182,437801210,1
2026-05-01T13:18:40.556,A1,1,829,-65.8,-100.5,-34.8,49.16,64,3808,3146,1960,17941,1158,575867256,1
2026-05-01T13:18:40.629,A1,1,830,-65.9,-100.5,-34.6,59.91,64,1907,3834,3513,19134,1202,751320495,1
2026-05-01T13:18:40.749,A1,1,831,-66.1,-100.2,-34.1,54.07,68,3033,3677,2338,16257,1114,445998022,1
2026-05-01T13:18:40.839,A1,1,832,-65.9,-100.8,-34.9,57.66,64,1825,3690,3401,18950,1195,509611065,1
2026-05-01T13:18:40.959,A1,1,833,-65.9,-100.5,-34.6,58.67,64,1858,3755,3564,18739,1188,502185789,1
2026-05-01T13:18:41.049,A1,1,834,-65.7,-100.7,-35.0,59.0,60,2001,3540,2681,15642,1080,477336236,1
2026-05-01T13:18:41.169,A1,1,835,-66.1,-100.8,-34.7,32.58,84,1644,2737,3695,15653,1093,718285515,1
2026-05-01T13:18:41.258,A1,1,836,-65.6,-100.4,-34.8,51.56,84,2777,4331,3519,24115,1336,475965475,1
2026-05-01T13:18:41.380,A1,1,837,-65.5,-101.2,-35.7,41.91,76,1765,3185,3728,20410,1225,403625608,1
2026-05-01T13:18:41.500,A1,1,838,-65.2,-100.1,-34.9,47.69,88,2504,4197,3034,19903,1197,427961506,1
2026-05-01T13:18:41.620,A1,1,839,-66.1,-100.8,-34.7,56.26,72,2305,4051,3611,22982,1328,438995895,1
2026-05-01T13:18:41.739,A1,1,840,-66.0,-100.5,-34.5,38.14,84,1836,3204,3482,16063,1106,400234185,1
2026-05-01T13:18:41.829,A1,1,841,-65.6,-100.7,-35.1,50.36,76,2500,3827,3282,20917,1243,622922941,1
2026-05-01T13:18:41.949,A1,1,842,-65.4,-100.3,-34.9,51.53,72,3344,3710,2516,19435,1190,470075726,1
2026-05-01T13:18:42.038,A1,1,843,-65.6,-100.3,-34.8,49.79,84,3206,4182,2989,22605,1292,475170134,1
2026-05-01T13:18:42.129,A1,1,844,-65.7,-100.3,-34.5,49.49,88,3022,4355,3228,23136,1314,474892898,1
2026-05-01T13:18:42.251,A1,1,845,-65.7,-100.6,-34.9,52.69,64,3449,3372,2123,17895,1154,754791752,1
2026-05-01T13:18:42.369,A1,1,846,-65.8,-100.3,-34.6,37.17,104,3405,3866,2601,20099,1225,492831577,1
2026-05-01T13:18:42.490,A1,1,847,-65.9,-100.6,-34.7,58.62,60,2352,3517,2769,16201,1105,398703782,1
2026-05-01T13:18:42.608,A1,1,848,-65.7,-100.7,-35.1,43.88,76,3453,3335,2391,19253,1195,467381214,1
2026-05-01T13:18:42.728,A1,1,849,-66.0,-100.6,-34.6,44.33,92,2314,4078,3271,20838,1260,719804013,1
2026-05-01T13:18:42.819,A1,1,850,-65.7,-100.6,-34.9,41.64,84,1838,3498,3423,17671,1147,418707014,1
2026-05-01T13:18:42.909,A1,1,851,-65.9,-101.7,-35.7,39.15,80,1972,3132,3074,18851,1194,412690996,1
2026-05-01T13:18:43.029,A1,1,852,-66.1,-102.9,-36.9,38.51,72,2225,2773,2110,18450,1187,466840486,1
2026-05-01T13:18:43.149,A1,1,853,-66.2,-104.6,-38.4,31.5,64,1175,2016,2146,15738,1102,386193848,1
2026-05-01T13:18:43.272,A1,1,854,-65.9,-105.6,-39.7,30.74,72,1633,2213,1548,19991,1228,493500899,1
2026-05-01T13:18:43.359,A1,1,855,-66.0,-105.2,-39.2,22.38,84,492,1880,2306,16579,1121,498064197,1
2026-05-01T13:18:43.480,A1,1,856,-65.8,-103.3,-37.5,43.03,68,912,2926,2438,18390,1175,712284529,1
2026-05-01T13:18:43.600,A1,1,857,-65.7,-103.1,-37.4,36.09,88,2068,3176,2278,22581,1297,750490007,1
2026-05-01T13:18:43.689,A1,1,858,-65.7,-102.9,-37.2,44.17,76,2214,3357,2272,23429,1321,406437654,1
2026-05-01T13:18:43.778,A1,1,859,-65.9,-103.0,-37.0,42.25,72,407,3042,3184,21590,1278,452942266,1
2026-05-01T13:18:43.929,A1,1,860,-66.2,-101.4,-35.1,39.03,88,2088,3435,3064,18972,1210,649978302,1
2026-05-01T13:18:43.989,A1,1,861,-65.6,-100.1,-34.4,35.75,84,2178,3003,4287,18496,1170,733103361,1
2026-05-01T13:18:44.109,A1,1,862,-65.9,-97.7,-31.9,69.07,80,4033,5526,5262,24632,1362,494209995,1
2026-05-01T13:18:44.229,A1,1,863,-66.0,-104.9,-38.9,30.26,80,1598,2421,1679,19027,1202,447997261,1
2026-05-01T13:18:44.349,A1,1,864,-66.1,-101.0,-34.8,41.49,88,2594,3651,3287,21105,1272,410276401,1
2026-05-01T13:18:44.409,A1,1,865,-66.2,-99.1,-32.9,44.43,88,4569,3910,2674,19336,1222,725919776,1
2026-05-01T13:18:44.531,A1,1,866,-66.0,-101.2,-35.3,37.6,92,305,3459,3625,18514,1184,493799586,1
2026-05-01T13:18:44.649,A1,1,867,-66.3,-98.4,-32.1,71.16,80,4465,5693,3645,24385,1374,392383186,1
2026-05-01T13:18:44.769,A1,1,868,-65.6,-104.6,-39.0,29.28,64,570,1874,2621,17604,1141,463904065,1
2026-05-01T13:18:44.889,A1,1,869,-66.1,-104.1,-37.9,41.18,72,1899,2965,2383,25242,1390,706255023,1
2026-05-01T13:18:44.979,A1,1,870,-65.7,-99.3,-33.5,49.06,96,4565,4710,2948,24568,1353,500197143,1
2026-05-01T13:18:45.099,A1,1,871,-65.9,-98.5,-32.5,53.36,80,3556,4269,3712,17373,1146,709377228,1
2026-05-01T13:18:45.219,A1,1,872,-65.5,-99.2,-33.7,63.28,72,2751,4556,3768,20224,1219,472881972,1
2026-05-01T13:18:45.338,A1,1,873,-65.8,-98.9,-33.2,64.05,80,1057,5124,4315,20199,1228,594710183,1
2026-05-01T13:18:45.428,A1,1,874,-66.0,-103.2,-37.2,8.23,112,4054,922,2523,27150,1436,430066241,1
2026-05-01T13:18:45.549,A1,1,875,-66.4,-95.2,-28.7,108.9,68,3346,7405,6248,18466,1202,426324221,1
2026-05-01T13:18:45.700,A1,1,876,-65.4,-103.4,-38.1,31.57,92,1060,2904,2633,20920,1233,469641706,1
2026-05-01T13:18:45.759,A1,1,877,-65.1,-100.5,-35.4,44.94,88,572,3955,3867,20604,1213,446916606,1
2026-05-01T13:18:45.879,A1,1,878,-65.5,-99.8,-34.3,43.86,80,1031,3509,4875,20205,1216,467927759,1
2026-05-01T13:18:45.999,A1,1,879,-65.9,-99.0,-33.1,48.12,84,4857,4042,2632,20725,1250,734903318,1
2026-05-01T13:18:46.121,A1,1,880,-66.6,-103.3,-36.7,36.03,76,1440,2738,2069,15568,1110,394570024,1
2026-05-01T13:18:46.240,A1,1,881,-65.4,-96.3,-31.0,65.05,84,4313,5464,5154,18613,1164,456535213,1
2026-05-01T13:18:46.358,A1,1,882,-66.7,-107.9,-41.2,23.46,68,2008,1595,939,23990,1382,723299017,1
2026-05-01T13:18:46.508,A1,1,883,-65.6,-93.4,-27.7,115.45,64,6234,7389,6988,17521,1139,421240374,1
2026-05-01T13:18:46.600,A1,1,884,-65.4,-96.7,-31.3,72.31,80,2832,5785,5323,18961,1177,404020417,1
2026-05-01T13:18:46.720,A1,1,885,-65.3,-93.7,-28.3,137.84,68,4514,9373,5778,19130,1178,751484436,1
2026-05-01T13:18:46.810,A1,1,886,-65.5,-95.2,-29.8,109.14,64,2647,6985,6344,18407,1161,446781503,1
2026-05-01T13:18:46.929,A1,1,887,-66.2,-99.8,-33.6,50.08,72,4170,3606,2814,20112,1244,389453843,1
2026-05-01T13:18:47.019,A1,1,888,-65.7,-93.1,-27.4,123.56,64,1680,7908,9567,18024,1157,396873870,1
2026-05-01T13:18:47.139,A1,1,889,-65.3,-93.3,-28.0,114.68,72,6107,8257,5781,17333,1120,421061731,1
2026-05-01T13:18:47.230,A1,1,890,-65.0,-93.9,-28.9,98.26,76,1642,7468,9121,20650,1210,732951629,1
2026-05-01T13:18:47.349,A1,1,891,-65.2,-92.8,-27.6,126.68,72,2895,9121,8769,18794,1164,423979965,1
2026-05-01T13:18:47.469,A1,1,892,-65.5,-92.5,-27.0,124.99,76,6515,9499,7514,19213,1187,398897083,1
2026-05-01T13:18:47.589,A1,1,893,-65.5,-92.6,-27.1,109.51,96,7804,10513,6867,22678,1289,493507850,1
2026-05-01T13:18:47.709,A1,1,894,-66.1,-95.1,-29.0,86.42,92,6352,7951,5483,23642,1345,441951124,1
2026-05-01T13:18:47.798,A1,1,895,-65.8,-95.6,-29.8,71.29,76,5520,5418,4743,16846,1122,413203979,1
2026-05-01T13:18:47.889,A1,1,896,-65.5,-95.8,-30.3,81.67,72,6447,5880,4479,20890,1238,491441202,1
2026-05-01T13:18:48.009,A1,1,897,-66.1,-97.5,-31.4,76.02,64,5151,4865,3204,18799,1198,730553297,1
2026-05-01T13:18:48.129,A1,1,898,-66.0,-98.5,-32.5,60.9,68,5665,4141,3095,23158,1328,405997161,1
2026-05-01T13:18:48.248,A1,1,899,-66.1,-97.5,-31.3,44.72,92,5742,4114,3568,19085,1210,394488000,1
2026-05-01T13:18:48.400,A1,1,900,-66.2,-97.1,-30.9,76.64,72,2690,5518,4687,16722,1136,454851340,1
2026-05-01T13:18:48.461,A1,1,901,-66.0,-103.1,-37.1,32.22,80,2458,2578,2570,21586,1280,453608568,1
2026-05-01T13:18:48.579,A1,1,902,-66.0,-99.3,-33.3,42.82,88,849,3768,4617,17105,1140,711414461,1
2026-05-01T13:18:48.668,A1,1,903,-66.1,-103.5,-37.4,32.25,72,1603,2322,3416,23924,1351,429075079,1
2026-05-01T13:18:48.820,A1,1,904,-65.7,-99.9,-34.3,51.43,76,3304,3909,2673,18579,1175,706485527,1
2026-05-01T13:18:48.909,A1,1,905,-65.9,-96.2,-30.2,75.65,84,5297,6355,3951,19253,1206,469588632,1
2026-05-01T13:18:48.999,A1,1,906,-65.6,-95.8,-30.2,82.43,80,4309,6594,4563,17821,1146,422067683,1
2026-05-01T13:18:49.118,A1,1,907,-65.1,-95.6,-30.5,85.2,84,3132,7157,5252,18831,1159,421531307,1
2026-05-01T13:18:49.209,A1,1,908,-64.6,-96.1,-31.5,54.96,80,1640,4397,7200,18293,1123,467648858,1
2026-05-01T13:18:49.300,A1,1,909,-64.6,-95.2,-30.5,78.66,68,1359,5349,7521,17336,1094,467890318,1
2026-05-01T13:18:49.419,A1,1,910,-65.0,-95.2,-30.2,74.81,84,1482,6284,9225,24797,1326,404695049,1
2026-05-01T13:18:49.509,A1,1,911,-65.2,-94.4,-29.2,104.9,80,3070,8392,7267,21297,1239,398154821,1
2026-05-01T13:18:49.688,A1,1,912,-65.2,-95.0,-29.8,89.56,64,1220,5732,7605,17024,1108,447331901,1
2026-05-01T13:18:49.750,A1,1,913,-65.0,-95.1,-30.0,80.07,72,1222,5765,7713,17868,1127,442016568,1
2026-05-01T13:18:49.869,A1,1,914,-65.5,-95.0,-29.6,87.71,96,3677,8420,6772,23745,1318,491584172,1
2026-05-01T13:18:49.960,A1,1,915,-65.3,-94.0,-28.7,120.69,72,4709,8690,6438,20108,1207,419160874,1
2026-05-01T13:18:50.078,A1,1,916,-64.8,-94.1,-29.3,73.32,104,2124,7625,9809,24607,1313,423580553,1
2026-05-01T13:18:50.168,A1,1,917,-64.4,-92.6,-28.2,111.21,80,3563,8897,7908,17228,1083,508099849,1
2026-05-01T13:18:50.289,A1,1,918,-64.8,-92.7,-27.9,110.21,96,6661,10580,7871,24531,1311,447585503,1
2026-05-01T13:18:50.410,A1,1,919,-65.0,-92.6,-27.6,121.73,88,4895,10712,9920,25313,1340,538910786,1
2026-05-01T13:18:50.559,A1,1,920,-65.7,-93.5,-27.8,126.1,72,3498,9079,8431,21084,1254,769416385,1
2026-05-01T13:18:50.650,A1,1,921,-65.4,-93.7,-28.3,112.92,72,3622,8130,8622,20688,1228,493798596,1
2026-05-01T13:18:50.740,A1,1,922,-65.3,-93.3,-28.0,124.83,64,3868,7989,7263,16289,1087,444097536,1
2026-05-01T13:18:50.859,A1,1,923,-66.7,-96.7,-30.0,90.04,80,2407,7203,6053,23351,1366,441665138,1
2026-05-01T13:18:50.950,A1,1,924,-65.8,-94.1,-28.3,104.03,76,3024,7906,6586,16460,1111,427922178,1
2026-05-01T13:18:51.099,A1,1,925,-66.0,-94.0,-28.0,103.87,76,2419,7894,8229,18761,1193,708032523,1
2026-05-01T13:18:51.189,A1,1,926,-66.1,-97.5,-31.4,60.32,68,934,4102,6298,17563,1158,419785875,1
2026-05-01T13:18:51.281,A1,1,927,-65.8,-97.6,-31.8,58.19,80,942,4655,5232,16057,1095,474017611,1
2026-05-01T13:18:51.399,A1,1,928,-65.6,-93.7,-28.1,142.51,68,6865,9691,6018,23427,1315,473293201,1
2026-05-01T13:18:51.490,A1,1,929,-66.0,-93.5,-27.5,107.79,84,2879,9054,9012,21366,1276,508759163,1
2026-05-01T13:18:51.609,A1,1,930,-66.4,-95.0,-28.7,94.51,88,2885,8317,7664,23438,1351,457446502,1
2026-05-01T13:18:51.699,A1,1,931,-65.5,-95.5,-30.0,72.78,76,1519,5531,8082,20134,1216,620978074,1
2026-05-01T13:18:51.819,A1,1,932,-65.3,-94.5,-29.2,100.58,76,3234,7644,5723,16783,1102,440387812,1
2026-05-01T13:18:51.939,A1,1,933,-66.0,-95.2,-29.2,103.66,68,4162,7049,4823,16570,1123,389724898,1
2026-05-01T13:18:52.060,A1,1,934,-65.7,-97.3,-31.6,62.39,76,890,4742,5828,17412,1139,453838266,1
2026-05-01T13:18:52.149,A1,1,935,-65.9,-99.0,-33.1,47.2,76,403,3587,5512,19034,1199,388427400,1
2026-05-01T13:18:52.299,A1,1,936,-66.2,-99.9,-33.7,47.05,108,1982,5081,3654,23126,1334,476720413,1
2026-05-01T13:18:52.357,A1,1,937,-66.0,-100.4,-34.5,55.54,76,1609,4221,3608,20538,1247,405577487,1
2026-05-01T13:18:52.481,A1,1,938,-65.7,-101.2,-35.6,38.22,80,502,3058,3707,17544,1142,425484546,1
2026-05-01T13:18:52.569,A1,1,939,-65.8,-102.0,-36.2,32.31,68,556,2197,4243,20715,1247,445036175,1
2026-05-01T13:18:52.658,A1,1,940,-66.3,-101.3,-35.0,35.62,104,1317,3705,3886,22562,1323,475809163,1
2026-05-01T13:18:52.778,A1,1,941,-66.0,-100.1,-34.1,65.24,72,2201,4697,3484,22216,1299,469162290,1
2026-05-01T13:18:52.869,A1,1,942,-66.0,-99.7,-33.7,61.99,68,2063,4215,3051,16148,1109,418526443,1
2026-05-01T13:18:52.959,A1,1,943,-66.1,-99.7,-33.7,69.2,76,1957,5259,4130,25099,1384,427551160,1
2026-05-01T13:18:53.079,A1,1,944,-66.5,-100.1,-33.7,51.6,68,521,3509,4652,18929,1219,417715282,1
2026-05-01T13:18:53.198,A1,1,945,-66.3,-100.5,-34.2,34.85,80,464,2788,5022,20060,1247,494266898,1
2026-05-01T13:18:53.380,A1,1,946,-66.3,-99.7,-33.3,69.63,68,2417,4735,3564,20458,1260,461311020,1
2026-05-01T13:18:53.439,A1,1,947,-66.0,-100.0,-33.9,58.73,64,933,3759,3783,16001,1104,487324359,1
2026-05-01T13:18:53.530,A1,1,948,-66.6,-100.4,-33.8,48.33,76,959,3673,3670,16277,1134,493798031,1
2026-05-01T13:18:53.707,A1,1,949,-66.8,-101.1,-34.3,40.56,112,1134,4543,4071,26018,1445,391323076,1
2026-05-01T13:18:53.769,A1,1,950,-66.6,-100.9,-34.3,50.43,72,864,3631,3248,15930,1122,406846008,1
2026-05-01T13:18:53.918,A1,1,951,-66.4,-100.7,-34.2,55.69,64,782,3564,3440,15791,1112,762470850,1
2026-05-01T13:18:54.039,A1,1,952,-66.8,-101.9,-35.1,38.54,96,567,3700,4180,25358,1426,422028360,1
2026-05-01T13:18:54.098,A1,1,953,-66.2,-100.7,-34.5,47.83,84,1852,4018,2934,18072,1181,441884445,1
2026-05-01T13:18:54.218,A1,1,954,-66.8,-101.0,-34.2,43.99,92,2599,4047,2990,21127,1304,438985374,1
2026-05-01T13:18:54.338,A1,1,955,-66.2,-100.1,-33.9,53.99,80,2111,4319,3192,18532,1196,762185568,1
2026-05-01T13:18:54.457,A1,1,956,-66.2,-100.0,-33.8,44.86,84,661,3768,5196,22713,1324,734125468,1
2026-05-01T13:18:54.549,A1,1,957,-66.3,-99.4,-33.1,55.49,76,3923,4217,2781,19294,1224,469693282,1
2026-05-01T13:18:54.639,A1,1,958,-66.1,-98.5,-32.4,70.01,76,2960,5321,3681,19748,1228,449233128,1
2026-05-01T13:18:54.758,A1,1,959,-66.4,-99.2,-32.8,47.32,72,1007,3407,5598,19715,1240,457839517,1
2026-05-01T13:18:54.878,A1,1,960,-66.5,-98.8,-32.3,62.83,72,1241,4524,4786,18111,1194,464556808,1
2026-05-01T13:18:55.004,A1,1,961,-66.6,-97.3,-30.7,68.99,84,2496,5795,4550,17354,1171,464261030,1
2026-05-01T13:18:55.120,A1,1,962,-66.4,-98.2,-31.8,53.97,80,1167,4318,6078,20182,1254,626568462,1
2026-05-01T13:18:55.239,A1,1,963,-66.3,-97.9,-31.6,59.73,84,3850,5017,3282,17073,1151,427683477,1
2026-05-01T13:18:55.328,A1,1,964,-66.1,-99.0,-32.9,60.07,68,1004,4085,5352,20299,1246,427306380,1
2026-05-01T13:18:55.418,A1,1,965,-66.0,-100.5,-34.5,40.57,68,820,2759,4478,17477,1151,493295513,1
2026-05-01T13:18:55.541,A1,1,966,-65.8,-102.2,-36.4,29.69,88,849,2613,3390,17616,1148,424967480,1
2026-05-01T13:18:55.631,A1,1,967,-66.1,-103.1,-37.1,29.32,76,1129,2228,3503,20979,1266,446735699,1
2026-05-01T13:18:55.808,A1,1,968,-66.0,-103.0,-37.0,38.14,72,2107,2746,2825,21906,1290,405270721,1
2026-05-01T13:18:55.841,A1,1,969,-66.0,-100.0,-34.0,43.32,84,4503,3639,3312,24510,1363,488939347,1
2026-05-01T13:18:55.958,A1,1,970,-65.2,-101.9,-36.7,42.73,88,1834,3760,3086,24515,1329,746943740,1
2026-05-01T13:18:56.050,A1,1,971,-65.3,-100.1,-34.8,45.12,80,2710,3610,2685,16298,1085,425794026,1
2026-05-01T13:18:56.140,A1,1,972,-65.1,-97.5,-32.4,60.92,84,1955,5117,5426,19534,1180,751010441,1
2026-05-01T13:18:56.289,A1,1,973,-65.7,-96.5,-30.8,75.71,76,3728,5754,4328,16584,1111,768709619,1
2026-05-01T13:18:56.378,A1,1,974,-65.5,-96.5,-30.9,78.72,68,3880,5353,4319,15750,1076,443255684,1
2026-05-01T13:18:56.468,A1,1,975,-65.2,-99.6,-34.4,55.76,68,2874,3792,2625,15604,1058,478829423,1
2026-05-01T13:18:56.591,A1,1,976,-64.8,-100.3,-35.5,53.12,64,3725,3400,2114,19399,1166,395746903,1
2026-05-01T13:18:56.710,A1,1,977,-65.7,-100.0,-34.3,51.25,88,1269,4510,3651,19924,1217,485633338,1
2026-05-01T13:18:56.858,A1,1,978,-66.5,-97.4,-30.8,68.38,72,1652,4923,5733,17414,1172,446088606,1
2026-05-01T13:18:56.949,A1,1,979,-65.3,-92.0,-26.7,116.88,84,4927,9818,9333,19193,1180,720243970,1
2026-05-01T13:18:57.038,A1,1,980,-65.3,-92.4,-27.1,125.4,80,6571,10032,7081,19625,1192,477724854,1
2026-05-01T13:18:57.159,A1,1,981,-64.9,-95.2,-30.3,91.68,76,3775,6968,6116,19620,1174,470987591,1
2026-05-01T13:18:57.249,A1,1,982,-67.0,-102.3,-35.4,28.23,84,3711,2371,2086,21049,1307,475538765,1
2026-05-01T13:18:57.399,A1,1,983,-65.3,-96.9,-31.5,47.03,88,3861,4139,4934,15803,1071,464536656,1
2026-05-01T13:18:57.488,A1,1,984,-67.0,-96.9,-29.8,78.68,60,4080,4721,4269,14259,1078,447512324,1
2026-05-01T13:18:57.609,A1,1,985,-65.9,-99.5,-33.7,40.82,96,3730,3919,2890,18795,1189,389457831,1
2026-05-01T13:18:57.760,A1,1,986,-65.7,-102.4,-36.7,41.25,72,1342,2970,2888,18606,1178,766384464,1
2026-05-01T13:18:57.848,A1,1,987,-65.6,-97.4,-31.8,60.65,72,4128,4367,4418,17362,1134,466792068,1
2026-05-01T13:18:57.938,A1,1,988,-66.5,-101.4,-34.9,42.82,84,2796,3597,3247,23274,1353,477557633,1
2026-05-01T13:18:58.060,A1,1,989,-64.9,-102.5,-37.5,41.27,64,2123,2641,2012,16363,1075,491134838,1
2026-05-01T13:18:58.178,A1,1,990,-65.7,-102.3,-36.6,32.96,84,3098,2769,1863,19825,1216,387290270,1
2026-05-01T13:18:58.300,A1,1,991,-65.8,-103.4,-37.6,22.8,84,1451,1915,3430,21491,1269,768701770,1
2026-05-01T13:18:58.388,A1,1,992,-65.1,-97.5,-32.4,61.34,80,4255,4907,3823,18892,1162,506182724,1
2026-05-01T13:18:58.508,A1,1,993,-65.2,-98.0,-32.7,62.74,84,3969,5270,4266,22621,1277,389238530,1
2026-05-01T13:18:58.629,A1,1,994,-66.5,-99.2,-32.7,49.81,84,2527,4184,4434,19405,1234,433731461,1
2026-05-01T13:18:58.749,A1,1,995,-66.1,-101.5,-35.4,49.0,64,2562,3136,2212,16675,1130,407849181,1
2026-05-01T13:18:58.838,A1,1,996,-66.3,-100.7,-34.4,39.01,88,2249,3433,4018,20924,1273,429049987,1
2026-05-01T13:18:58.958,A1,1,997,-66.0,-101.2,-35.2,38.55,76,1604,2930,3303,16152,1109,749186053,1
2026-05-01T13:18:59.048,A1,1,998,-66.1,-101.8,-35.6,46.03,64,981,2946,3718,19289,1216,468536011,1
2026-05-01T13:18:59.139,A1,1,999,-65.6,-98.4,-32.8,63.89,84,3790,5367,4371,24301,1339,492264118,1
2026-05-01T13:18:59.258,A1,1,1000,-65.8,-97.7,-31.9,71.42,72,3061,5142,3490,15846,1089,445196574,1
2026-05-01T13:18:59.379,A1,1,1001,-66.3,-102.3,-36.0,41.64,76,1779,3165,2716,18824,1210,460431976,1
2026-05-01T13:18:59.499,A1,1,1002,-65.9,-96.5,-30.6,77.59,92,5079,7138,4364,23600,1333,400280711,1
2026-05-01T13:18:59.619,A1,1,1003,-65.8,-102.1,-36.3,32.12,76,652,2441,3391,16204,1101,419197268,1
2026-05-01T13:18:59.710,A1,1,1004,-66.0,-99.6,-33.6,45.89,76,3803,3488,3209,18578,1188,496859535,1
2026-05-01T13:18:59.828,A1,1,1005,-66.8,-102.2,-35.4,34.94,68,2393,2376,2364,14668,1085,396592841,1
2026-05-01T13:18:59.948,A1,1,1006,-66.1,-102.8,-36.6,46.88,68,1696,3188,2548,20141,1243,750714232,1
2026-05-01T13:19:00.039,A1,1,1007,-66.3,-102.1,-35.7,38.41,68,2435,2612,2385,15992,1115,728863803,1
2026-05-01T13:19:00.157,A1,1,1008,-66.2,-98.1,-31.9,73.8,56,2632,4133,3942,13908,1036,425319631,1
2026-05-01T13:19:00.280,A1,1,1009,-66.6,-96.3,-29.7,86.67,72,4648,6240,5246,19828,1253,459365757,1
2026-05-01T13:19:00.370,A1,1,1010,-66.4,-96.4,-30.0,75.65,88,3985,6657,5460,20942,1279,429384629,1
2026-05-01T13:19:00.489,A1,1,1011,-65.8,-94.0,-28.2,95.61,88,5292,8414,6681,20089,1225,725655181,1
2026-05-01T13:19:00.587,A1,1,1012,-66.3,-94.9,-28.6,108.45,80,5088,8676,7097,25413,1406,408347765,1
2026-05-01T13:19:00.700,A1,1,1013,-66.1,-101.2,-35.0,48.53,60,1865,2912,3018,15081,1075,403698826,1
2026-05-01T13:19:00.788,A1,1,1014,-66.8,-97.9,-31.1,72.0,76,4094,5472,3520,19066,1237,426509595,1
2026-05-01T13:19:00.909,A1,1,1015,-66.8,-104.6,-37.8,27.55,76,2756,2094,1640,22118,1332,405775295,1
2026-05-01T13:19:01.059,A1,1,1016,-66.4,-94.1,-27.7,83.35,84,4753,7001,7122,16909,1148,444755341,1
2026-05-01T13:19:01.117,A1,1,1017,-66.2,-95.0,-28.8,101.8,76,4712,7737,6521,21448,1283,426228155,1
2026-05-01T13:19:01.238,A1,1,1018,-66.8,-99.2,-32.4,45.53,88,3154,4007,4121,18774,1228,403756747,1
2026-05-01T13:19:01.328,A1,1,1019,-66.3,-99.5,-33.1,50.74,80,3934,4059,3177,20184,1253,513035490,1
2026-05-01T13:19:01.450,A1,1,1020,-67.4,-97.9,-30.4,78.26,76,4256,5948,4789,23552,1406,410011901,1
2026-05-01T13:19:01.538,A1,1,1021,-66.8,-101.6,-34.8,55.2,60,2124,3312,3383,20177,1271,480082383,1
2026-05-01T13:19:01.658,A1,1,1022,-65.8,-99.3,-33.5,51.68,68,1689,3514,4730,18004,1162,751112658,1
2026-05-01T13:19:01.749,A1,1,1023,-65.6,-98.2,-32.6,67.28,80,3220,5382,3631,19861,1212,421844699,1
2026-05-01T13:19:01.839,A1,1,1024,-65.6,-100.3,-34.7,50.32,76,3049,3824,2868,19655,1205,440828587,1
2026-05-01T13:19:01.959,A1,1,1025,-66.0,-97.9,-32.0,73.46,72,2824,5289,4006,17909,1166,491926450,1
2026-05-01T13:19:02.048,A1,1,1026,-66.5,-98.8,-32.3,56.02,88,2927,4930,4817,22845,1339,466990862,1
2026-05-01T13:19:02.168,A1,1,1027,-65.9,-98.4,-32.5,67.93,68,2780,4619,3539,16060,1101,386911659,1
2026-05-01T13:19:02.288,A1,1,1028,-66.4,-100.5,-34.1,41.26,72,1709,2971,4261,18029,1187,761522339,1
2026-05-01T13:19:02.410,A1,1,1029,-65.9,-99.5,-33.6,49.1,88,1149,4321,4118,18206,1170,389355352,1
2026-05-01T13:19:02.498,A1,1,1030,-65.5,-106.0,-40.5,23.55,76,1717,1790,1137,16846,1110,427321052,1
2026-05-01T13:19:02.587,A1,1,1031,-66.0,-102.0,-36.0,44.99,72,2967,3239,2227,21351,1272,427112288,1
2026-05-01T13:19:02.768,A1,1,1032,-66.0,-101.1,-35.1,44.17,84,2372,3710,2556,18304,1179,425741488,1
2026-05-01T13:19:02.798,A1,1,1033,-66.0,-101.1,-35.1,48.01,72,3310,3457,2752,21931,1291,459907254,1
2026-05-01T13:19:02.918,A1,1,1034,-66.7,-98.5,-31.8,57.39,92,4699,5280,3976,24579,1399,462443194,1
2026-05-01T13:19:03.069,A1,1,1035,-66.5,-100.1,-33.6,68.69,64,3542,4396,3174,23046,1345,389320823,1
2026-05-01T13:19:03.187,A1,1,1036,-66.7,-101.7,-35.1,46.56,64,3353,2980,2352,20234,1268,408746269,1
2026-05-01T13:19:03.309,A1,1,1037,-66.7,-102.0,-35.3,41.42,76,2690,3148,2810,21027,1294,398035768,1
2026-05-01T13:19:03.399,A1,1,1038,-66.6,-99.7,-33.1,47.03,80,3933,3762,2599,18021,1195,527380590,1
2026-05-01T13:19:03.549,A1,1,1039,-66.5,-106.5,-40.0,22.87,76,2109,1738,1151,21103,1290,461254622,1
2026-05-01T13:19:03.668,A1,1,1040,-67.2,-102.9,-35.7,27.03,68,3078,1838,2563,19215,1258,389413907,1
2026-05-01T13:19:03.759,A1,1,1041,-66.1,-101.9,-35.8,42.92,76,1774,3262,2453,16731,1132,459277608,1
2026-05-01T13:19:03.907,A1,1,1042,-65.7,-103.6,-37.9,37.04,68,1679,2519,2461,19559,1205,455097286,1
2026-05-01T13:19:04.029,A1,1,1043,-66.1,-98.8,-32.7,49.83,92,3391,4584,4023,20255,1245,431862390,1
2026-05-01T13:19:04.149,A1,1,1044,-65.8,-105.0,-39.3,28.2,76,1484,2143,1859,18364,1172,725674426,1
2026-05-01T13:19:04.238,A1,1,1045,-65.7,-99.3,-33.6,54.78,72,1683,3944,3787,15809,1085,748300363,1
2026-05-01T13:19:04.328,A1,1,1046,-65.5,-98.5,-33.1,65.44,72,2752,4712,3833,18169,1153,448896956,1
2026-05-01T13:19:04.450,A1,1,1047,-65.3,-99.8,-34.5,38.77,96,3736,3722,2816,19754,1196,748015082,1
2026-05-01T13:19:04.540,A1,1,1048,-65.1,-99.7,-34.6,41.76,76,2441,3174,3730,16531,1086,440088728,1
2026-05-01T13:19:04.658,A1,1,1049,-65.5,-100.8,-35.3,42.55,76,2880,3234,3195,19916,1207,389553551,1
2026-05-01T13:19:04.748,A1,1,1050,-65.3,-101.4,-36.1,48.25,68,2427,3281,3400,22624,1279,418761745,1
2026-05-01T13:19:04.868,A1,1,1051,-65.4,-101.5,-36.2,44.97,68,1827,3058,3133,18519,1160,421104709,1
2026-05-01T13:19:04.988,A1,1,1052,-65.6,-101.5,-35.8,41.34,80,2207,3307,2681,18207,1161,427560895,1
2026-05-01T13:19:05.077,A1,1,1053,-65.7,-102.2,-36.5,35.37,68,1692,2405,3096,17183,1131,423645778,1
2026-05-01T13:19:05.198,A1,1,1054,-65.9,-102.1,-36.2,39.6,80,1750,3168,2870,19177,1203,495846483,1
2026-05-01T13:19:05.317,A1,1,1055,-65.8,-103.6,-37.8,24.48,64,1334,1567,2957,16613,1115,760608730,1
2026-05-01T13:19:05.409,A1,1,1056,-66.0,-102.2,-36.2,39.4,88,2834,3467,2413,23537,1336,444942944,1
2026-05-01T13:19:05.560,A1,1,1057,-66.1,-101.9,-35.8,38.35,88,1718,3375,3108,20310,1246,418929725,1
2026-05-01T13:19:05.619,A1,1,1058,-65.9,-101.8,-35.9,39.06,96,2668,3750,2841,24577,1363,412842026,1
2026-05-01T13:19:05.739,A1,1,1059,-65.9,-102.2,-36.3,35.57,96,2651,3415,2671,24032,1348,746373157,1
2026-05-01T13:19:05.859,A1,1,1060,-65.6,-102.4,-36.8,45.24,68,1906,3076,2376,18469,1168,442727614,1
2026-05-01T13:19:05.950,A1,1,1061,-66.2,-102.6,-36.3,43.54,68,1743,2961,2318,16911,1143,399800774,1
2026-05-01T13:19:06.070,A1,1,1062,-66.4,-102.2,-35.7,32.45,100,3081,3245,2193,22047,1314,403195865,1
2026-05-01T13:19:06.190,A1,1,1063,-65.7,-103.0,-37.3,34.89,80,1828,2791,1904,16774,1118,454876829,1
2026-05-01T13:19:06.309,A1,1,1064,-65.7,-103.2,-37.5,32.46,72,1690,2337,2871,19445,1202,752371460,1
2026-05-01T13:19:06.428,A1,1,1065,-65.9,-102.9,-37.1,32.82,96,2529,3151,2519,24751,1364,732026848,1
2026-05-01T13:19:06.489,A1,1,1066,-65.2,-101.7,-36.5,35.71,84,1892,3000,2850,17709,1128,425010757,1
2026-05-01T13:19:06.640,A1,1,1067,-65.7,-102.1,-36.4,45.28,68,2035,3079,2662,18848,1183,460242185,1
2026-05-01T13:19:06.730,A1,1,1068,-66.5,-102.4,-35.8,38.26,68,1971,2602,3079,18440,1206,392044498,1
2026-05-01T13:19:06.847,A1,1,1069,-65.8,-102.6,-36.8,36.67,64,1938,2347,3033,18943,1191,751285400,1
2026-05-01T13:19:06.967,A1,1,1070,-66.1,-103.4,-37.3,28.31,84,2070,2378,2191,17830,1167,399434629,1
2026-05-01T13:19:07.090,A1,1,1071,-65.3,-104.0,-38.7,34.5,76,2110,2622,2341,24683,1336,476247490,1
2026-05-01T13:19:07.209,A1,1,1072,-66.0,-104.2,-38.2,34.01,68,1696,2313,1626,15776,1096,436871323,1
2026-05-01T13:19:07.298,A1,1,1073,-65.4,-104.1,-38.6,33.46,68,2049,2275,1862,18917,1176,474521397,1
2026-05-01T13:19:07.418,A1,1,1074,-66.0,-104.2,-38.3,31.96,80,2292,2557,1737,21724,1283,649600017,1
2026-05-01T13:19:07.538,A1,1,1075,-66.8,-101.6,-34.8,32.64,80,3353,2611,2818,19745,1260,465810195,1
2026-05-01T13:19:07.630,A1,1,1076,-65.9,-103.4,-37.5,38.75,64,2289,2480,2473,21334,1267,648670981,1
2026-05-01T13:19:07.751,A1,1,1077,-65.7,-104.5,-38.8,34.18,56,1925,1914,2230,19743,1213,741839826,1
2026-05-01T13:19:07.837,A1,1,1078,-66.1,-104.3,-38.2,34.56,64,1762,2212,2380,20031,1238,489292245,1
2026-05-01T13:19:07.957,A1,1,1079,-66.0,-104.5,-38.5,27.43,72,2050,1975,2262,20621,1250,758412110,1
2026-05-01T13:19:08.050,A1,1,1080,-65.6,-102.2,-36.5,39.84,64,3301,2550,1862,19450,1200,407701806,1
2026-05-01T13:19:08.198,A1,1,1081,-66.9,-98.8,-31.9,57.58,64,4201,3685,2659,15102,1104,396352104,1
2026-05-01T13:19:08.318,A1,1,1082,-67.3,-98.3,-31.0,79.4,68,4017,5399,3669,19956,1289,408734705,1
2026-05-01T13:19:08.378,A1,1,1083,-66.0,-102.0,-36.0,39.08,80,3235,3126,2428,23013,1323,418857026,1
2026-05-01T13:19:08.498,A1,1,1084,-66.9,-97.2,-30.3,87.22,76,4727,6629,4964,24928,1421,470697656,1
2026-05-01T13:19:08.619,A1,1,1085,-64.8,-100.4,-35.6,49.96,72,2538,3597,2603,17199,1095,436553760,1
2026-05-01T13:19:08.739,A1,1,1086,-66.7,-94.7,-28.1,87.62,92,6570,8061,5201,21292,1301,726486621,1
2026-05-01T13:19:08.828,A1,1,1087,-65.3,-100.3,-35.1,39.36,80,3316,3149,2031,15707,1065,472221924,1
2026-05-01T13:19:08.948,A1,1,1088,-65.0,-90.6,-25.6,132.33,88,4229,11645,11834,19816,1186,729079376,1
2026-05-01T13:19:09.037,A1,1,1089,-65.6,-90.4,-24.8,155.18,76,6775,11794,10675,18678,1173,465098268,1
2026-05-01T13:19:09.248,A1,1,1090,-65.0,-93.4,-28.3,104.97,88,5497,9237,7337,21702,1241,741647922,1
2026-05-01T13:19:09.250,A1,1,1091,-66.7,-97.3,-30.6,44.1,84,7325,3704,3095,21711,1315,389298373,1
2026-05-01T13:19:09.368,A1,1,1092,-66.4,-100.9,-34.5,46.06,72,2687,3316,3289,19318,1227,462776327,1
2026-05-01T13:19:09.518,A1,1,1093,-65.3,-97.0,-31.7,41.8,84,7170,3511,2870,20913,1230,727974602,1
2026-05-01T13:19:09.607,A1,1,1094,-66.2,-96.6,-30.3,75.22,76,3290,5717,4822,16473,1127,425363964,1
2026-05-01T13:19:09.699,A1,1,1095,-66.5,-99.2,-32.7,57.61,76,3838,4378,4521,24173,1378,457328636,1
2026-05-01T13:19:09.849,A1,1,1096,-66.4,-95.0,-28.6,108.99,68,5626,7411,5078,19133,1223,405919459,1
2026-05-01T13:19:09.967,A1,1,1097,-65.9,-95.5,-29.6,65.64,92,5585,6039,3679,16147,1103,458187744,1
2026-05-01T13:19:10.118,A1,1,1098,-66.1,-96.3,-30.2,70.34,80,5182,5627,4831,19206,1211,458588235,1
2026-05-01T13:19:10.208,A1,1,1099,-66.2,-92.3,-26.1,100.44,108,11461,10848,6708,26923,1440,432130275,1
2026-05-01T13:19:10.297,A1,1,1100,-65.2,-102.8,-37.6,40.47,72,1799,2914,1852,16944,1102,441510370,1
2026-05-01T13:19:10.389,A1,1,1101,-64.9,-92.3,-27.4,121.38,88,4359,10681,8530,20707,1207,409651771,1
2026-05-01T13:19:10.508,A1,1,1102,-65.8,-96.6,-30.8,66.89,88,5879,5886,4020,21694,1275,747344667,1
2026-05-01T13:19:10.598,A1,1,1103,-65.2,-98.7,-33.5,53.0,80,3225,4240,3290,17007,1105,729583464,1
2026-05-01T13:19:10.720,A1,1,1104,-66.5,-99.4,-32.9,64.94,68,1981,4416,3019,15269,1097,404513582,1
2026-05-01T13:19:10.807,A1,1,1105,-66.5,-100.4,-33.9,43.84,80,2002,3507,3431,16441,1135,423924820,1
2026-05-01T13:19:10.987,A1,1,1106,-65.4,-98.4,-33.0,64.4,80,3168,5152,3547,19587,1193,459132890,1
2026-05-01T13:19:11.078,A1,1,1107,-66.5,-93.2,-26.7,122.35,72,5041,8809,7223,17280,1166,432019974,1
2026-05-01T13:19:11.229,A1,1,1108,-65.2,-105.4,-40.2,24.26,76,308,1844,2357,18169,1142,395203995,1
2026-05-01T13:19:11.289,A1,1,1109,-65.7,-95.1,-29.4,103.99,68,4632,7071,4846,17286,1135,401320178,1
2026-05-01T13:19:11.379,A1,1,1110,-66.5,-96.6,-30.1,84.62,72,6345,6093,3883,22438,1328,403271965,1
2026-05-01T13:19:11.498,A1,1,1111,-66.9,-100.4,-33.6,42.12,104,3261,4380,2965,22167,1337,400395219,1
2026-05-01T13:19:11.587,A1,1,1112,-67.0,-102.6,-35.6,37.89,96,1944,3637,2872,23738,1390,425912782,1
2026-05-01T13:19:11.678,A1,1,1113,-64.3,-93.9,-29.6,98.3,80,3587,7864,7225,19549,1149,472840395,1
2026-05-01T13:19:11.799,A1,1,1114,-66.8,-95.8,-29.0,91.23,56,4632,5109,3479,11967,981,525295661,1
2026-05-01T13:19:11.948,A1,1,1115,-64.5,-87.3,-22.8,222.9,68,13451,15157,9190,18223,1116,768185688,1
2026-05-01T13:19:12.038,A1,1,1116,-72.3,-96.0,-23.6,123.71,92,5223,11381,7419,29941,1877,481668794,1
2026-05-01T13:19:12.157,A1,1,1117,-71.8,-94.4,-22.6,163.84,64,5483,10486,6674,18750,1460,767717107,1
2026-05-01T13:19:12.249,A1,1,1118,-69.7,-93.2,-23.4,88.82,56,10383,4974,4696,13748,1163,472150235,1
2026-05-01T13:19:12.398,A1,1,1119,-71.2,-92.9,-21.7,117.81,84,6437,9896,8081,15412,1294,446487954,1
2026-05-01T13:19:12.488,A1,1,1120,-70.6,-91.3,-20.8,194.62,84,11388,16348,11316,28673,1727,492156875,1
2026-05-01T13:19:12.608,A1,1,1121,-72.0,-100.9,-28.9,35.25,76,4826,2679,3291,18601,1462,455743975,1
2026-05-01T13:19:12.727,A1,1,1122,-69.2,-91.8,-22.6,214.89,56,7371,12034,8607,18160,1312,482644780,1
2026-05-01T13:19:12.847,A1,1,1123,-67.1,-90.1,-23.0,173.74,68,10653,11814,10319,18789,1241,446926473,1
2026-05-01T13:19:12.969,A1,1,1124,-69.3,-92.0,-22.7,149.49,76,3508,11361,12223,20241,1388,475604560,1
2026-05-01T13:19:13.088,A1,1,1125,-66.7,-89.4,-22.8,187.83,92,11514,17280,10374,25027,1410,415561367,1
2026-05-01T13:19:13.207,A1,1,1126,-67.2,-97.1,-30.0,89.41,68,2192,6080,4716,16785,1175,488051605,1
2026-05-01T13:19:13.298,A1,1,1127,-67.0,-96.6,-29.6,66.08,92,4044,6079,4425,17146,1182,403136288,1
2026-05-01T13:19:13.449,A1,1,1128,-66.1,-97.5,-31.3,63.21,52,5260,3287,2081,13070,1001,402572179,1
2026-05-01T13:19:13.509,A1,1,1129,-65.9,-93.8,-27.9,190.73,44,4857,8392,5222,16032,1099,401260573,1
2026-05-01T13:19:13.597,A1,1,1130,-66.4,-101.9,-35.5,37.67,52,594,1959,3539,13813,1038,466283338,1
2026-05-01T13:19:13.717,A1,1,1131,-69.6,-108.3,-38.6,27.15,52,1102,1412,1843,19054,1364,748332628,1
2026-05-01T13:19:13.837,A1,1,1132,-71.7,-104.2,-32.5,38.6,80,2260,3088,2570,20965,1536,407607001,1
2026-05-01T13:19:13.897,A1,1,1133,-69.8,-96.5,-26.7,78.31,68,4435,5325,4929,13691,1161,404091226,1
2026-05-01T13:19:14.017,A1,1,1134,-68.2,-95.8,-27.5,104.32,60,5901,6259,5040,17759,1254,464730491,1
2026-05-01T13:19:14.138,A1,1,1135,-68.5,-91.1,-22.7,182.66,68,5407,12421,10603,17956,1272,488319383,1
2026-05-01T13:19:14.257,A1,1,1136,-68.0,-92.0,-24.0,140.26,80,5008,11221,10775,20189,1327,430771666,1
2026-05-01T13:19:14.380,A1,1,1137,-66.3,-93.3,-27.0,85.32,104,5629,8873,8193,20667,1267,400392839,1
2026-05-01T13:19:14.469,A1,1,1138,-67.5,-92.3,-24.8,137.25,76,3357,10431,8598,16424,1175,477107985,1
2026-05-01T13:19:14.559,A1,1,1139,-67.0,-90.2,-23.2,153.75,88,8926,13530,13254,23613,1384,439311964,1
2026-05-01T13:19:14.707,A1,1,1140,-69.0,-94.6,-25.6,134.49,84,8912,11297,7669,34328,1792,411029116,1
2026-05-01T13:19:14.798,A1,1,1141,-72.4,-88.8,-16.3,275.56,64,12683,17636,13262,17259,1429,419551699,1
2026-05-01T13:19:14.919,A1,1,1142,-67.3,-98.1,-30.8,70.86,76,4082,5385,4107,20408,1303,443138707,1
2026-05-01T13:19:15.069,A1,1,1143,-66.6,-95.9,-29.3,67.82,60,7315,4069,2288,15685,1114,407837408,1
2026-05-01T13:19:15.128,A1,1,1144,-69.2,-91.5,-22.3,176.2,76,10568,13391,9771,24317,1518,496593542,1
2026-05-01T13:19:15.249,A1,1,1145,-67.8,-97.0,-29.3,81.66,76,3848,6206,7945,28796,1572,409156769,1
2026-05-01T13:19:15.337,A1,1,1146,-65.4,-97.0,-31.6,81.62,76,4899,6203,4945,25162,1356,489797754,1
2026-05-01T13:19:15.429,A1,1,1147,-65.8,-92.0,-26.1,147.09,92,5868,13532,10265,28384,1460,471174489,1
2026-05-01T13:19:15.580,A1,1,1148,-66.9,-91.8,-24.9,151.41,88,10563,13324,8484,28458,1515,504703269,1
2026-05-01T13:19:15.638,A1,1,1149,-68.0,-91.3,-23.3,151.32,88,6360,13316,10640,21396,1365,442833348,1
2026-05-01T13:19:15.757,A1,1,1150,inf,nan,nan,nan,0,0,0,0,0,0,755144346,1
2026-05-01T13:19:15.847,A1,1,1151,-65.0,-82.5,-17.4,267.05,64,12384,17091,12758,15465,1048,424465605,1
2026-05-01T13:19:24.007,A1,1,1152,-65.0,-84.7,-19.7,231.23,84,8000,19423,19295,24262,1311,456508663,1
2026-05-01T13:19:24.128,A1,1,1153,-64.3,-83.5,-19.3,226.89,76,14712,17244,10692,18115,1105,459428665,1
2026-05-01T13:19:24.277,A1,1,1154,-64.1,-78.4,-14.3,246.04,72,16030,17715,11734,14500,983,727980041,1
2026-05-01T13:19:24.337,A1,1,1155,-65.5,-80.0,-14.5,259.52,64,15546,16609,10277,12929,975,463815307,1
2026-05-01T13:19:24.429,A1,1,1156,-66.0,-89.3,-23.4,199.15,88,12691,17525,11151,28096,1459,488610111,1
2026-05-01T13:19:24.547,A1,1,1157,-66.7,-89.4,-22.8,175.98,96,11227,16894,11773,25445,1422,487953857,1
2026-05-01T13:19:24.668,A1,1,1158,-66.3,-82.8,-16.6,236.57,76,8698,17979,16111,15765,1104,765013100,1
2026-05-01T13:19:24.758,A1,1,1159,-65.3,-79.8,-14.5,251.36,80,19612,20109,13356,20095,1205,487681731,1
2026-05-01T13:19:24.848,A1,1,1160,-64.8,-84.0,-19.2,239.61,76,8756,18210,14874,18138,1125,469924390,1
2026-05-01T13:19:24.968,A1,1,1161,-61.8,-83.9,-22.1,177.54,92,10064,16334,12623,18571,1026,739378589,1
2026-05-01T13:19:25.059,A1,1,1162,-61.1,-78.1,-17.0,181.44,108,18817,19596,13348,22647,1108,756178488,1
2026-05-01T13:19:25.208,A1,1,1163,-62.9,-77.3,-14.4,193.75,80,17109,15500,13208,14565,945,439941131,1
2026-05-01T13:19:25.298,A1,1,1164,-65.7,-77.6,-11.9,256.82,68,14098,17464,17424,13993,1021,518323672,1
2026-05-01T13:19:33.376,A1,1,1166,-69.0,-88.0,-19.0,282.95,56,17754,15845,11223,19616,1356,469959993,1
2026-05-01T13:19:33.494,A1,1,1167,-65.8,-84.2,-18.4,278.1,60,15364,16686,10383,16973,1127,727337626,1
2026-05-01T13:19:33.584,A1,1,1168,-66.8,-90.4,-23.6,184.55,76,8582,14026,11331,22925,1357,436091459,1
2026-05-01T13:19:33.674,A1,1,1169,-66.9,-86.7,-19.9,191.38,92,16977,17607,15644,25386,1430,427493136,1
2026-05-01T13:19:33.794,A1,1,1170,-67.1,-86.1,-19.0,233.47,76,8822,17744,17335,19590,1269,433343735,1
2026-05-01T13:19:33.914,A1,1,1171,-66.6,-88.2,-21.5,193.23,92,15567,17777,10739,23388,1363,396447840,1
2026-05-01T13:19:34.004,A1,1,1172,-66.3,-87.2,-20.9,244.31,72,11529,17590,12864,19672,1233,725785149,1
2026-05-01T13:19:34.124,A1,1,1173,-67.5,-87.2,-19.6,256.07,76,14614,19461,14658,23890,1420,400877325,1
2026-05-01T13:19:34.214,A1,1,1174,-65.7,-82.1,-16.4,236.97,76,11382,18010,17769,18275,1165,437213649,1
2026-05-01T13:19:34.336,A1,1,1175,-67.6,-91.3,-23.7,133.51,72,5401,9613,12465,18573,1254,394138920,1
2026-05-01T13:19:34.457,A1,1,1176,-69.1,-88.4,-19.3,284.03,64,8828,18178,16043,20614,1395,390968337,1
2026-05-01T13:19:34.574,A1,1,1177,-68.6,-93.2,-24.6,194.44,72,8370,14000,9801,34906,1779,763621453,1
2026-05-01T13:19:34.724,A1,1,1178,-67.0,-94.4,-27.4,63.9,100,8603,6390,8887,27251,1489,433514347,1
2026-05-01T13:19:34.785,A1,1,1179,-68.8,-90.2,-21.5,175.58,100,12923,17558,14549,33186,1746,746794702,1
2026-05-01T13:19:34.874,A1,1,1180,-66.1,-88.8,-22.6,228.78,68,10653,15557,10662,19331,1217,486715069,1
2026-05-01T13:19:34.995,A1,1,1181,-66.9,-91.4,-24.5,185.62,64,5179,11880,8991,17911,1202,711857797,1
2026-05-01T13:19:35.114,A1,1,1182,-67.6,-95.5,-28.0,64.78,80,8598,5182,3361,19927,1299,485919739,1
2026-05-01T13:19:35.235,A1,1,1183,-68.5,-94.8,-26.3,98.64,104,8153,10259,5898,28819,1614,395066302,1
2026-05-01T13:19:35.357,A1,1,1184,-72.5,-95.1,-22.6,139.01,92,8071,12789,8661,34508,2027,451240033,1
2026-05-01T13:19:35.447,A1,1,1185,-70.9,-93.9,-23.0,122.38,100,7989,12238,9793,30019,1791,408816780,1
2026-05-01T13:19:35.596,A1,1,1186,-70.2,-100.9,-30.7,57.09,108,3585,6166,4213,34781,1879,392235665,1
2026-05-01T13:19:35.685,A1,1,1187,-69.5,-106.3,-36.8,31.21,92,2169,2871,2568,35800,1861,493311866,1
2026-05-01T13:19:35.805,A1,1,1188,-70.2,-95.8,-25.6,115.27,100,7407,11527,7429,38019,1962,406271383,1
2026-05-01T13:19:35.895,A1,1,1189,-79.4,-96.6,-17.2,71.6,92,4511,6587,5025,8965,1310,440108547,1
2026-05-01T13:19:36.016,A1,1,1190,-71.3,-94.2,-22.9,99.11,120,11357,11893,10025,37761,2035,450236004,1
2026-05-01T13:19:36.135,A1,1,1191,-66.8,-96.2,-29.5,67.91,88,5158,5976,7104,24851,1410,392425150,1
2026-05-01T13:19:36.255,A1,1,1192,-66.6,-92.6,-25.9,118.73,104,93,12348,11843,27979,1490,462962640,1
2026-05-01T13:19:36.345,A1,1,1193,-65.9,-94.7,-28.8,69.15,100,7490,6915,5604,22438,1301,486870723,1
2026-05-01T13:19:36.467,A1,1,1194,-66.2,-93.0,-26.9,110.97,88,3677,9765,9603,22135,1304,481530318,1
2026-05-01T13:19:36.558,A1,1,1195,-67.9,-91.1,-23.2,142.56,100,10540,14256,11452,27759,1551,423419020,1
2026-05-01T13:19:36.645,A1,1,1196,-69.1,-91.1,-22.0,179.02,92,13584,16470,10475,32735,1756,480042088,1
2026-05-01T13:19:36.765,A1,1,1197,-69.1,-95.8,-26.7,106.94,72,4780,7700,7345,23153,1477,467066042,1
2026-05-01T13:19:36.855,A1,1,1198,-67.2,-91.0,-23.8,145.93,88,9531,12842,9324,22166,1353,399924252,1
2026-05-01T13:19:36.947,A1,1,1199,-66.9,-99.4,-32.6,48.3,84,4942,4057,2703,21947,1330,470405449,1
2026-05-01T13:19:37.097,A1,1,1200,-66.1,-91.4,-25.3,118.34,124,7617,14674,10563,29060,1489,406856296,1
2026-05-01T13:19:37.186,A1,1,1201,-64.7,-91.4,-26.7,124.28,92,2825,11434,13274,26063,1346,407235898,1
2026-05-01T13:19:37.305,A1,1,1202,-66.7,-92.0,-25.3,122.52,88,2910,10782,12033,22449,1339,742663671,1
2026-05-01T13:19:37.396,A1,1,1203,-65.7,-96.2,-30.5,61.96,128,6116,7931,5770,31179,1524,419589884,1
2026-05-01T13:19:37.488,A1,1,1204,-65.5,-92.0,-26.5,104.87,104,14055,10906,7955,34400,1588,470135185,1
2026-05-01T13:19:37.606,A1,1,1205,-65.8,-90.8,-25.0,132.08,92,10682,12151,7655,21504,1269,398218767,1
2026-05-01T13:19:37.757,A1,1,1206,-65.4,-80.5,-15.0,185.39,96,13031,17797,15302,15534,1065,462821627,1
2026-05-01T13:19:37.817,A1,1,1207,-64.8,-83.1,-18.3,145.85,124,18087,18085,13254,22344,1250,678685588,1
2026-05-01T13:19:37.935,A1,1,1208,-67.1,-93.3,-26.2,117.39,100,7889,11739,7173,27668,1506,435571301,1
2026-05-01T13:19:38.025,A1,1,1209,-66.9,-99.3,-32.3,11.02,112,7975,1234,1825,29920,1556,387664245,1
2026-05-01T13:19:38.146,A1,1,1210,-65.8,-88.2,-22.3,161.68,120,18259,19401,13643,32787,1568,459952695,1
2026-05-01T13:19:38.266,A1,1,1211,-67.4,-103.1,-35.7,34.89,112,2080,3908,3353,31647,1627,713434056,1
2026-05-01T13:19:38.386,A1,1,1212,-68.5,-90.7,-22.2,139.28,144,12465,20057,15255,43480,1984,417495667,1
2026-05-01T13:19:38.476,A1,1,1213,-67.5,-90.5,-23.0,146.47,92,9544,13475,13480,25244,1456,420681773,1
2026-05-01T13:19:38.598,A1,1,1214,-67.0,-93.2,-26.2,149.49,84,6703,12557,8376,29278,1546,463692765,1
2026-05-01T13:19:38.717,A1,1,1215,-67.8,-101.8,-34.0,17.61,112,6817,1972,1929,40128,1855,409652705,1
2026-05-01T13:19:38.837,A1,1,1216,-65.8,-90.1,-24.4,148.22,104,12836,15415,11459,30897,1520,470003415,1
2026-05-01T13:19:38.956,A1,1,1217,-66.8,-100.1,-33.3,51.8,108,3587,5594,3516,30192,1557,496205982,1
2026-05-01T13:19:39.046,A1,1,1218,-65.2,-89.7,-24.5,138.57,120,12936,16628,10280,29993,1469,422966566,1
2026-05-01T13:19:39.168,A1,1,1219,-65.9,-89.5,-23.5,165.69,108,9569,17894,11908,27131,1431,432611075,1
2026-05-01T13:19:39.286,A1,1,1220,-67.2,-106.7,-39.5,9.99,84,3296,839,1387,31925,1622,458927503,1
2026-05-01T13:19:39.376,A1,1,1221,-67.3,-97.8,-30.5,29.12,120,8383,3495,4828,32020,1630,743177336,1
2026-05-01T13:19:39.466,A1,1,1222,-67.2,-97.8,-30.5,50.83,116,5253,5896,5531,28169,1526,718627344,1
2026-05-01T13:19:39.588,A1,1,1223,-67.6,-109.6,-42.0,24.25,84,879,2037,1175,28591,1558,463731844,1
2026-05-01T13:19:39.678,A1,1,1224,-65.7,-90.5,-24.8,155.46,108,12177,16790,10042,33803,1585,746859474,1
2026-05-01T13:19:39.766,A1,1,1225,-66.7,-107.2,-40.5,18.75,108,1608,2025,2088,30449,1556,484536132,1
2026-05-01T13:19:39.887,A1,1,1226,-64.9,-92.4,-27.5,153.41,96,4102,14727,11568,37879,1632,413648333,1
2026-05-01T13:19:39.976,A1,1,1227,-64.8,-88.3,-23.5,192.43,100,16497,19243,13281,32941,1516,428738714,1
2026-05-01T13:19:40.096,A1,1,1228,-67.5,-98.8,-31.3,62.32,88,5325,5484,5279,32753,1661,463838441,1
2026-05-01T13:19:40.218,A1,1,1229,-66.1,-90.7,-24.6,133.68,132,17096,17646,10013,45885,1873,401870200,1
2026-05-01T13:19:40.306,A1,1,1230,-67.1,-95.1,-28.0,73.84,140,7766,10338,8314,39441,1800,403649961,1
2026-05-01T13:19:40.427,A1,1,1231,-66.6,-106.5,-39.9,23.05,104,1317,2397,1431,22592,1336,437853547,1
2026-05-01T13:19:40.548,A1,1,1232,-67.0,-93.7,-26.7,103.4,124,7409,12821,9068,36359,1722,456440438,1
2026-05-01T13:19:40.638,A1,1,1233,-68.2,-105.6,-37.4,19.41,120,3067,2329,2770,38968,1857,685362977,1
2026-05-01T13:19:40.757,A1,1,1234,-67.4,-103.7,-36.3,24.06,108,3977,2599,2361,33370,1672,400507724,1
2026-05-01T13:19:40.847,A1,1,1235,-66.4,-99.0,-32.6,55.65,104,3386,5788,5015,29748,1522,484838569,1
2026-05-01T13:19:40.966,A1,1,1236,-66.5,-102.9,-36.3,32.29,84,1495,2712,3283,21009,1287,405031031,1
2026-05-01T13:19:41.087,A1,1,1237,-64.8,-104.1,-39.3,27.75,92,405,2553,3024,24592,1312,474175960,1
2026-05-01T13:19:41.178,A1,1,1238,-65.5,-105.0,-39.4,32.57,68,1653,2215,1423,17310,1128,661018726,1
2026-05-01T13:19:41.299,A1,1,1239,-66.1,-106.9,-40.9,18.52,96,2002,1778,1177,23269,1332,468534507,1
2026-05-01T13:19:41.417,A1,1,1240,-66.7,-103.7,-37.0,32.07,96,3245,3079,2962,35694,1686,388367378,1
2026-05-01T13:19:41.538,A1,1,1241,-65.6,-95.9,-30.3,68.22,104,871,7095,8651,27768,1433,449969002,1
2026-05-01T13:19:41.628,A1,1,1242,-65.1,-96.4,-31.3,59.12,80,1643,4730,7766,22049,1255,391954834,1
2026-05-01T13:19:41.778,A1,1,1243,-65.4,-96.8,-31.4,40.89,92,3417,3762,7428,22201,1273,455173138,1
2026-05-01T13:19:41.867,A1,1,1244,-66.1,-96.4,-30.2,79.89,100,3753,7989,6040,27108,1440,477938672,1
2026-05-01T13:19:41.988,A1,1,1245,-66.9,-98.2,-31.3,55.03,116,1661,6384,6926,31259,1589,387959852,1
2026-05-01T13:19:42.078,A1,1,1246,-65.8,-98.7,-33.0,58.41,108,3386,6308,4320,29431,1483,486923450,1
2026-05-01T13:19:42.198,A1,1,1247,-66.8,-99.7,-32.9,41.17,124,2897,5105,5904,34080,1653,417453426,1
2026-05-01T13:19:42.289,A1,1,1248,-66.0,-98.6,-32.6,51.27,124,5295,6358,3434,32049,1558,436342119,1
2026-05-01T13:19:42.438,A1,1,1249,-65.5,-102.1,-36.6,42.74,80,2553,3419,2125,21229,1247,461773651,1
2026-05-01T13:19:42.497,A1,1,1250,-65.1,-101.9,-36.8,45.84,88,1558,4034,2820,24368,1321,726662503,1
2026-05-01T13:19:42.618,A1,1,1251,-65.1,-98.3,-33.3,55.27,108,3083,5969,4459,26100,1363,485552660,1
2026-05-01T13:19:42.739,A1,1,1252,-65.7,-97.5,-31.8,58.99,84,2009,4955,6883,23985,1335,394714355,1
2026-05-01T13:19:42.859,A1,1,1253,-65.8,-96.7,-30.9,95.25,76,2477,7239,5318,22880,1310,454878814,1
2026-05-01T13:19:42.948,A1,1,1254,-65.9,-99.5,-33.5,54.85,96,103,5266,4538,23652,1337,455166813,1
2026-05-01T13:19:43.067,A1,1,1255,-67.3,-100.8,-33.5,48.75,132,1194,6435,5328,43069,1889,431633690,1
2026-05-01T13:19:43.158,A1,1,1256,-65.9,-99.9,-33.9,54.19,84,191,4552,4946,24345,1356,421536854,1
2026-05-01T13:19:43.280,A1,1,1257,-66.9,-103.7,-36.7,28.52,124,1393,3537,3226,29900,1556,412763499,1
2026-05-01T13:19:43.398,A1,1,1258,-66.1,-107.5,-41.4,22.82,92,866,2099,1276,20892,1263,417529984,1
2026-05-01T13:19:43.488,A1,1,1259,-65.3,-99.9,-34.6,26.74,108,3693,2888,5077,27115,1402,492021850,1
2026-05-01T13:19:43.610,A1,1,1260,-67.6,-104.3,-36.7,23.56,128,2912,3016,2643,32483,1660,389487136,1
2026-05-01T13:19:43.728,A1,1,1261,-66.4,-98.3,-31.9,46.16,116,3344,5355,6024,27461,1462,387406263,1
2026-05-01T13:19:43.819,A1,1,1262,-66.5,-101.3,-34.9,1.88,116,5641,218,2115,26496,1441,439201039,1
2026-05-01T13:19:43.967,A1,1,1263,-68.0,-101.4,-33.4,37.94,108,4271,4098,3121,29941,1617,464688122,1
2026-05-01T13:19:44.088,A1,1,1264,-67.7,-95.6,-27.9,91.43,112,6442,10240,6170,33051,1682,452276470,1
2026-05-01T13:19:44.178,A1,1,1265,-67.5,-101.9,-34.5,28.34,88,4946,2494,1726,26214,1485,420807689,1
2026-05-01T13:19:44.300,A1,1,1266,-67.3,-100.6,-33.3,41.9,104,4851,4358,3073,30254,1586,400227059,1
2026-05-01T13:19:44.389,A1,1,1267,-66.8,-99.3,-32.5,52.28,128,4685,6692,4117,37382,1735,654217324,1
2026-05-01T13:19:44.508,A1,1,1268,-67.8,-96.9,-29.1,67.8,116,4754,7865,6856,31738,1652,433567998,1
2026-05-01T13:19:44.628,A1,1,1269,-66.4,-96.4,-30.0,71.92,112,3763,8055,7014,30076,1533,463015339,1
2026-05-01T13:19:44.718,A1,1,1270,-66.3,-101.3,-35.0,39.07,92,1626,3594,5069,30205,1530,668610792,1
2026-05-01T13:19:44.840,A1,1,1271,-66.7,-98.1,-31.4,46.08,104,1598,4792,7377,27183,1472,477324579,1
2026-05-01T13:19:45.036,A1,1,1272,-67.5,-107.9,-40.4,21.34,88,321,1878,1952,22678,1383,483992475,1
2026-05-01T13:19:45.048,A1,1,1273,-66.5,-102.2,-35.7,36.0,92,791,3312,4749,30467,1550,421619899,1
2026-05-01T13:19:45.139,A1,1,1274,-67.5,-106.0,-38.5,2.48,128,3650,317,2242,36738,1758,422304893,1
2026-05-01T13:19:45.258,A1,1,1275,-66.7,-100.0,-33.3,36.74,116,1158,4262,5823,28236,1500,765677676,1
2026-05-01T13:19:45.350,A1,1,1276,-65.6,-99.8,-34.2,45.32,84,998,3807,5134,22576,1292,726091792,1
2026-05-01T13:19:45.471,A1,1,1277,-66.2,-100.6,-34.4,55.32,88,2034,4868,3121,23664,1352,463617229,1
2026-05-01T13:19:45.589,A1,1,1278,-67.0,-109.1,-42.1,17.97,104,1227,1869,1141,26219,1460,447024818,1
2026-05-01T13:19:45.709,A1,1,1279,-66.7,-95.8,-29.1,71.79,104,2070,7466,7227,22455,1336,394225350,1
2026-05-01T13:19:45.829,A1,1,1280,-67.0,-96.0,-28.9,75.31,136,6861,10242,6286,38867,1781,446218276,1
2026-05-01T13:19:45.920,A1,1,1281,-67.4,-106.3,-38.9,11.17,108,2705,1206,1998,27355,1511,402969917,1
2026-05-01T13:19:46.040,A1,1,1282,-66.3,-104.5,-38.2,4.83,116,3136,560,2828,27428,1458,391859565,1
2026-05-01T13:19:46.189,A1,1,1283,-65.9,-101.8,-35.9,43.83,96,2052,4208,2770,24929,1371,497741845,1
2026-05-01T13:19:46.280,A1,1,1284,-66.2,-99.1,-32.9,60.92,108,2091,6579,5326,33780,1612,390557714,1
2026-05-01T13:19:46.399,A1,1,1285,-66.0,-99.4,-33.5,53.03,116,2198,6151,5167,33646,1596,414829459,1
2026-05-01T13:19:46.503,A1,1,1286,-65.2,-99.7,-34.5,42.17,100,734,4217,5199,24651,1333,420079131,1
2026-05-01T13:19:46.609,A1,1,1287,-65.2,-99.7,-34.4,50.95,100,2767,5095,2912,22801,1282,420418000,1
2026-05-01T13:19:46.699,A1,1,1288,-66.1,-100.4,-34.2,39.02,104,1203,4058,6508,35994,1661,468936570,1
2026-05-01T13:19:46.819,A1,1,1289,-65.5,-99.5,-34.0,65.79,80,2786,5263,3059,22945,1296,386796401,1
2026-05-01T13:19:46.941,A1,1,1290,-65.3,-99.7,-34.3,50.32,96,1050,4831,4339,23154,1295,412218125,1
2026-05-01T13:19:47.060,A1,1,1291,-66.4,-99.4,-32.9,65.17,108,3641,7038,4240,37405,1710,443243093,1
2026-05-01T13:19:47.150,A1,1,1292,-66.4,-99.9,-33.5,54.29,116,3146,6298,3906,33874,1628,591708902,1
2026-05-01T13:19:47.269,A1,1,1293,-66.0,-99.8,-33.8,54.45,96,3370,5227,2841,24783,1374,701927862,1
2026-05-01T13:19:47.439,A1,1,1294,-65.6,-100.6,-35.0,42.92,100,1332,4292,4639,27390,1424,476771472,1
2026-05-01T13:19:47.480,A1,1,1295,-65.6,-100.5,-34.9,49.08,96,1479,4712,4087,25980,1386,460073963,1
2026-05-01T13:19:47.570,A1,1,1296,-66.0,-101.0,-35.0,46.1,108,1338,4979,4571,33127,1585,487316767,1
2026-05-01T13:19:47.746,A1,1,1297,-65.2,-102.1,-36.9,42.75,84,873,3591,3329,23485,1300,419272893,1
2026-05-01T13:19:55.822,A1,1,1298,-67.2,-102.2,-35.0,41.67,112,2870,4667,3009,33295,1659,487915886,1
2026-05-01T13:19:55.942,A1,1,1299,-65.8,-102.0,-36.2,26.09,96,1648,2505,4213,23603,1328,724614273,1
2026-05-01T13:19:56.030,A1,1,1300,-65.8,-101.7,-35.9,45.24,96,1548,4343,2727,23861,1339,483739931,1
2026-05-01T13:19:56.150,A1,1,1301,-66.0,-101.7,-35.7,34.44,100,970,3444,4263,25476,1391,709277946,1
2026-05-01T13:19:56.240,A1,1,1302,-66.7,-101.6,-34.9,40.73,124,2784,5051,3418,33990,1645,723949097,1
2026-05-01T13:19:56.362,A1,1,1303,-66.5,-101.4,-34.9,50.52,100,2310,5052,3672,32589,1598,419081515,1
2026-05-01T13:19:56.482,A1,1,1304,-66.8,-101.3,-34.5,36.97,112,779,4141,4976,29827,1545,457499740,1
2026-05-01T13:19:56.571,A1,1,1305,-65.6,-101.1,-35.5,32.9,92,1499,3027,4656,24441,1344,437391245,1
2026-05-01T13:19:56.690,A1,1,1306,-65.9,-99.7,-33.8,57.64,96,1751,5533,3964,25560,1389,386193251,1
2026-05-01T13:19:56.781,A1,1,1307,-66.6,-99.8,-33.2,53.12,100,1102,5312,6396,35598,1679,675199339,1
2026-05-01T13:19:56.930,A1,1,1308,-65.8,-98.7,-33.0,64.33,88,695,5661,5252,25254,1374,479388681,1
2026-05-01T13:19:57.022,A1,1,1309,-67.5,-98.5,-31.0,67.05,116,3261,7778,5151,34190,1695,528254363,1
2026-05-01T13:19:57.140,A1,1,1310,-67.2,-98.5,-31.3,68.5,100,1114,6850,7162,35887,1722,391007009,1
2026-05-01T13:19:57.230,A1,1,1311,-66.7,-98.5,-31.7,62.26,104,2426,6475,5237,27848,1492,453103530,1
2026-05-01T13:19:57.353,A1,1,1312,-67.2,-98.2,-31.0,59.76,116,1665,6932,6540,31358,1609,452164985,1
2026-05-01T13:19:57.472,A1,1,1313,-66.0,-98.3,-32.2,69.97,88,2452,6157,3920,21985,1294,434981069,1
2026-05-01T13:19:57.591,A1,1,1314,-66.2,-97.9,-31.7,85.06,72,1444,6124,5017,21974,1302,437960927,1
2026-05-01T13:19:57.712,A1,1,1315,-66.4,-98.3,-31.9,62.78,80,659,5022,6342,24195,1375,495321217,1
2026-05-01T13:19:57.830,A1,1,1316,-66.3,-98.4,-32.1,69.6,88,4719,6125,3448,26844,1441,735568881,1
2026-05-01T13:19:57.920,A1,1,1317,-66.4,-99.1,-32.7,44.54,112,734,4988,6161,27851,1476,483401770,1
2026-05-01T13:19:58.043,A1,1,1318,-66.1,-99.1,-33.0,55.25,100,1342,5525,4638,24106,1356,445047008,1
2026-05-01T13:19:58.161,A1,1,1319,-67.5,-99.2,-31.8,61.28,104,4221,6373,3609,29848,1583,414955145,1
2026-05-01T13:19:58.281,A1,1,1320,-67.8,-100.1,-32.3,46.52,108,763,5024,6747,35933,1757,453085998,1
2026-05-01T13:19:58.371,A1,1,1321,-66.7,-99.8,-33.1,57.38,104,1791,5968,4287,28977,1519,418180995,1
2026-05-01T13:19:58.462,A1,1,1322,-66.3,-99.4,-33.1,66.4,72,472,4781,4828,21788,1298,418179775,1
2026-05-01T13:19:58.581,A1,1,1323,-67.2,-100.3,-33.0,48.75,120,2392,5850,4318,31784,1622,410412174,1
2026-05-01T13:19:58.731,A1,1,1324,-66.8,-99.6,-32.8,56.55,96,1719,5429,3988,23006,1357,389365853,1
2026-05-01T13:19:58.820,A1,1,1325,-67.6,-109.7,-42.1,10.93,96,1805,1049,1594,31815,1642,392441109,1
2026-05-01T13:19:58.941,A1,1,1326,-67.0,-105.1,-38.1,27.88,100,1942,2788,1678,23878,1396,456493979,1
2026-05-01T13:19:59.061,A1,1,1327,-66.6,-102.9,-36.3,25.27,112,3468,2830,2118,25611,1424,466278143,1
2026-05-01T13:19:59.182,A1,1,1328,-66.6,-103.2,-36.6,41.9,92,1519,3855,3319,31003,1568,418985017,1
2026-05-01T13:19:59.300,A1,1,1329,-67.0,-99.7,-32.7,61.63,100,2621,6163,5017,33726,1656,447128203,1
2026-05-01T13:19:59.421,A1,1,1330,-67.4,-99.7,-32.3,44.89,108,1642,4848,6183,30148,1588,436089886,1
2026-05-01T13:19:59.510,A1,1,1331,-65.9,-99.3,-33.4,55.9,100,2978,5590,3575,25149,1375,464985902,1
2026-05-01T13:19:59.602,A1,1,1332,-66.2,-96.5,-30.3,71.93,136,3992,9782,7216,40262,1761,482880167,1
2026-05-01T13:19:59.780,A1,1,1333,-65.9,-101.7,-35.7,32.68,104,3195,3399,2530,22963,1317,428175714,1
2026-05-01T13:19:59.885,A1,1,1334,-66.4,-101.9,-35.5,38.27,88,2481,3368,2947,21936,1310,418301725,1
2026-05-01T13:19:59.930,A1,1,1335,-66.4,-102.2,-35.7,44.95,100,1921,4495,2858,28376,1491,410349205,1
2026-05-01T13:20:00.020,A1,1,1336,-67.2,-102.1,-34.9,41.9,108,1160,4525,3871,30512,1587,498418002,1
2026-05-01T13:20:00.142,A1,1,1337,-66.5,-101.4,-34.9,44.82,120,2551,5378,3306,34168,1637,418252972,1
2026-05-01T13:20:00.244,A1,1,1338,-65.5,-101.3,-35.8,42.52,92,1267,3912,3588,23142,1305,424829475,1
2026-05-01T13:20:00.351,A1,1,1339,-65.6,-100.9,-35.2,56.83,72,841,4092,3615,21077,1249,644081468,1
2026-05-01T13:20:00.519,A1,1,1340,-66.5,-101.1,-34.5,49.92,104,1751,5192,4002,31260,1570,478537566,1
2026-05-01T13:20:00.561,A1,1,1341,-65.9,-101.4,-35.5,28.71,104,1261,2986,4477,23561,1334,482175270,1
2026-05-01T13:20:00.652,A1,1,1342,-66.2,-101.4,-35.2,51.55,88,1070,4536,3711,26661,1435,463962736,1
2026-05-01T13:20:00.795,A1,1,1343,-65.4,-102.6,-37.2,29.75,112,526,3332,3472,24370,1331,741359483,1
2026-05-01T13:20:00.860,A1,1,1344,-65.2,-102.7,-37.4,39.95,88,1377,3516,2533,22231,1265,465368888,1
2026-05-01T13:20:00.982,A1,1,1345,-65.9,-103.4,-37.5,35.11,84,728,2949,3260,24229,1351,479159483,1
2026-05-01T13:20:01.071,A1,1,1346,-65.9,-103.5,-37.6,35.48,88,850,3122,3138,25446,1386,482915104,1
2026-05-01T13:20:01.191,A1,1,1347,-66.5,-103.9,-37.4,21.6,96,2427,2074,3677,31144,1566,397688452,1
2026-05-01T13:20:01.310,A1,1,1348,-65.1,-103.4,-38.3,26.67,100,1214,2667,2962,22215,1259,432195383,1
2026-05-01T13:20:01.430,A1,1,1349,-65.3,-103.2,-37.9,37.65,80,1287,3012,2924,23241,1297,495410063,1
2026-05-01T13:20:01.551,A1,1,1350,-65.5,-102.6,-37.1,32.67,76,1816,2483,3463,22196,1274,461252873,1
2026-05-01T13:20:01.643,A1,1,1351,-65.5,-102.0,-36.6,50.68,76,2164,3852,2388,23074,1300,444372435,1
2026-05-01T13:20:01.821,A1,1,1352,-67.2,-102.1,-34.9,41.82,112,2147,4684,4296,37202,1751,434208303,1
2026-05-01T13:20:01.880,A1,1,1353,-66.4,-101.8,-35.4,35.91,92,2175,3304,4522,29421,1515,436674124,1
2026-05-01T13:20:01.972,A1,1,1354,-66.4,-101.4,-35.0,38.35,128,1735,4909,4489,34947,1653,435323372,1
2026-05-01T13:20:02.091,A1,1,1355,-66.0,-101.0,-35.0,41.5,100,1579,4150,3442,22068,1293,456337754,1
2026-05-01T13:20:02.213,A1,1,1356,-66.5,-101.1,-34.6,48.07,100,2264,4807,3482,27830,1480,452891308,1
2026-05-01T13:20:02.333,A1,1,1357,-65.9,-101.4,-35.5,35.58,92,1600,3273,4072,23045,1318,427292225,1
2026-05-01T13:20:02.481,A1,1,1358,-65.9,-101.1,-35.1,42.94,68,1465,2920,4104,19633,1219,763818970,1
2026-05-01T13:20:02.571,A1,1,1359,-65.5,-101.1,-35.5,42.53,100,1597,4253,3055,21836,1267,749224553,1
2026-05-01T13:20:02.662,A1,1,1360,-66.4,-101.6,-35.1,38.3,120,2648,4596,3459,30737,1551,419604653,1
2026-05-01T13:20:02.752,A1,1,1361,-65.9,-101.3,-35.3,43.84,100,2772,4384,2518,24761,1368,464946995,1
2026-05-01T13:20:02.931,A1,1,1362,-65.9,-101.5,-35.6,45.36,88,2074,3992,2413,20613,1246,488437228,1
2026-05-01T13:20:02.991,A1,1,1363,-66.0,-101.2,-35.2,41.0,96,1569,3936,3487,21830,1287,505353658,1
2026-05-01T13:20:03.141,A1,1,1364,-65.9,-101.1,-35.2,30.74,96,1856,2951,4156,21243,1266,445845228,1
2026-05-01T13:20:03.283,A1,1,1365,-65.7,-101.2,-35.5,44.08,96,2632,4232,2176,22020,1279,709393933,1
2026-05-01T13:20:03.352,A1,1,1366,-66.4,-100.8,-34.4,43.26,112,1816,4845,4601,30921,1556,432929037,1
2026-05-01T13:20:03.472,A1,1,1367,-66.4,-101.2,-34.8,47.33,88,1774,4165,4191,27153,1456,744511982,1
2026-05-01T13:20:03.561,A1,1,1368,-65.8,-101.0,-35.2,43.87,92,1628,4036,3326,21198,1258,465171036,1
2026-05-01T13:20:03.682,A1,1,1369,-65.7,-101.1,-35.4,49.01,80,2472,3921,2155,18865,1183,459488591,1
2026-05-01T13:20:03.852,A1,1,1370,-65.6,-101.5,-35.9,53.72,80,1877,4298,3129,25474,1370,497693723,1
2026-05-01T13:20:03.891,A1,1,1371,-65.1,-101.5,-36.3,36.46,92,984,3354,3432,19750,1189,722159175,1
2026-05-01T13:20:04.010,A1,1,1372,-65.3,-101.8,-36.5,28.81,88,1759,2535,3781,20973,1233,413100061,1
2026-05-01T13:20:04.131,A1,1,1373,-65.6,-101.4,-35.8,31.34,100,2276,3134,4275,25885,1382,401649888,1
2026-05-01T13:20:04.260,A1,1,1374,-66.2,-100.9,-34.7,50.49,100,1616,5049,4704,33691,1608,399622983,1
2026-05-01T13:20:04.342,A1,1,1375,-66.4,-101.3,-34.9,34.12,124,1416,4231,5017,32905,1602,501857650,1
2026-05-01T13:20:04.461,A1,1,1376,-65.8,-100.9,-35.1,49.95,92,2721,4595,2514,24086,1344,444313392,1
2026-05-01T13:20:04.578,A1,1,1377,-65.9,-100.8,-35.0,46.41,112,2758,5198,3404,31223,1532,399791374,1
2026-05-01T13:20:04.672,A1,1,1378,-65.3,-101.2,-35.9,46.59,92,1414,4286,2974,22427,1273,752604520,1
2026-05-01T13:20:04.792,A1,1,1379,-65.3,-101.3,-36.0,44.04,96,3499,4228,2492,28318,1431,482764456,1
2026-05-01T13:20:04.912,A1,1,1380,-65.9,-101.0,-35.1,39.59,100,1407,3959,3836,22871,1313,511035345,1
2026-05-01T13:20:05.033,A1,1,1381,-65.7,-101.4,-35.7,42.1,104,1672,4378,3411,26276,1396,417600494,1
2026-05-01T13:20:05.120,A1,1,1382,-66.7,-102.0,-35.3,34.45,112,2127,3858,4256,31291,1578,441493520,1
2026-05-01T13:20:05.241,A1,1,1383,-65.6,-101.4,-35.8,33.76,84,1422,2836,3829,19412,1197,451996613,1
2026-05-01T13:20:05.360,A1,1,1384,-65.4,-101.3,-35.8,37.5,88,1733,3300,3891,22285,1276,411747398,1
2026-05-01T13:20:05.450,A1,1,1385,-65.6,-101.3,-35.7,46.16,76,1313,3508,3766,21677,1265,459370944,1
2026-05-01T13:20:05.572,A1,1,1386,-65.9,-101.3,-35.4,41.71,104,1654,4338,3682,26436,1411,453033104,1
2026-05-01T13:20:05.691,A1,1,1387,-66.3,-101.3,-35.0,46.18,104,1530,4803,3963,30065,1528,441152116,1
2026-05-01T13:20:05.811,A1,1,1388,-66.1,-101.2,-35.1,51.41,92,2265,4730,3270,27570,1452,455896440,1
2026-05-01T13:20:05.933,A1,1,1389,-65.5,-101.2,-35.8,40.54,92,1210,3730,3973,23737,1319,423496620,1
2026-05-01T13:20:06.100,A1,1,1390,-66.0,-101.0,-35.0,46.71,100,2762,4671,2714,25369,1387,412812091,1
2026-05-01T13:20:06.140,A1,1,1391,-66.8,-100.8,-34.1,36.42,112,2027,4079,5230,30559,1565,558420340,1
2026-05-01T13:20:06.260,A1,1,1392,-66.2,-100.7,-34.5,56.24,88,2179,4949,3526,26782,1438,525736418,1
2026-05-01T13:20:06.383,A1,1,1393,-66.5,-101.4,-34.8,37.08,116,1701,4301,4201,28369,1496,441508253,1
2026-05-01T13:20:06.501,A1,1,1394,-65.5,-100.7,-35.2,54.4,84,1917,4570,3048,22924,1298,418391599,1
2026-05-01T13:20:06.622,A1,1,1395,-66.7,-101.0,-34.3,54.95,92,2365,5055,3651,29450,1534,447388932,1
2026-05-01T13:20:06.712,A1,1,1396,-66.9,-101.0,-34.2,42.42,124,2758,5260,3968,33784,1651,454585711,1
2026-05-01T13:20:06.863,A1,1,1397,-65.7,-101.3,-35.5,47.58,88,1405,4187,2875,20968,1250,435679976,1
2026-05-01T13:20:06.983,A1,1,1398,-66.0,-101.0,-35.0,52.62,84,1752,4420,3183,22799,1314,397536891,1
2026-05-01T13:20:07.070,A1,1,1399,-65.9,-101.1,-35.2,48.83,84,2088,4102,2541,19943,1228,449337437,1
2026-05-01T13:20:07.221,A1,1,1400,-66.7,-101.3,-34.6,38.15,124,1848,4730,4297,31299,1580,393203705,1
2026-05-01T13:20:07.342,A1,1,1401,-65.9,-100.7,-34.8,47.7,80,1220,3816,4177,21950,1286,422796548,1
2026-05-01T13:20:07.431,A1,1,1402,-66.5,-100.7,-34.2,47.17,112,3823,5283,2957,32318,1592,483824376,1
2026-05-01T13:20:07.520,A1,1,1403,-66.1,-100.9,-34.8,43.16,116,2566,5007,3537,29945,1515,527820722,1
2026-05-01T13:20:15.621,A1,1,1404,-66.8,-103.6,-36.9,35.32,88,871,3108,2377,19362,1245,454343565,1
2026-05-01T13:20:15.743,A1,1,1405,-66.4,-103.5,-37.1,43.2,76,914,3283,2798,23320,1350,455665873,1
2026-05-01T13:20:15.861,A1,1,1406,-67.3,-103.6,-36.3,43.71,84,1051,3672,3139,28431,1535,452639209,1
2026-05-01T13:20:15.982,A1,1,1407,-67.4,-103.8,-36.4,28.02,112,766,3138,3424,26660,1492,442075712,1
2026-05-01T13:20:16.159,A1,1,1408,-67.1,-103.3,-36.1,37.71,92,1099,3469,2850,23143,1378,388840864,1
2026-05-01T13:20:16.223,A1,1,1409,-66.3,-104.1,-37.8,26.3,96,1024,2525,3049,23264,1345,393188278,1
2026-05-01T13:20:16.313,A1,1,1410,-66.4,-111.8,-45.5,19.37,76,268,1472,904,25204,1401,481728725,1
2026-05-01T13:20:16.433,A1,1,1411,-67.4,-103.7,-36.3,26.71,100,1685,2671,4266,32916,1657,439204319,1
2026-05-01T13:20:16.521,A1,1,1412,-66.2,-103.5,-37.3,33.19,96,959,3186,2467,20847,1267,426767003,1
2026-05-01T13:20:16.671,A1,1,1413,-66.2,-104.3,-38.1,30.58,80,877,2446,2654,20198,1249,765478428,1
2026-05-01T13:20:16.761,A1,1,1414,-66.8,-103.8,-37.0,34.82,92,962,3203,3141,26574,1460,458151094,1
2026-05-01T13:20:16.852,A1,1,1415,-66.4,-103.9,-37.6,31.64,80,571,2531,2790,19304,1226,431676279,1
2026-05-01T13:20:16.973,A1,1,1416,-66.9,-103.6,-36.8,34.85,92,807,3206,2923,23290,1370,387443564,1
2026-05-01T13:20:17.092,A1,1,1417,-67.0,-103.4,-36.4,29.02,92,693,2670,2909,18193,1218,450426043,1
2026-05-01T13:20:17.241,A1,1,1418,-66.6,-103.7,-37.1,37.15,108,1778,4012,2851,34364,1651,426454521,1
2026-05-01T13:20:17.303,A1,1,1419,-66.2,-103.9,-37.8,30.16,68,1128,2051,2980,19341,1219,487059393,1
2026-05-01T13:20:17.391,A1,1,1420,-66.1,-104.0,-37.9,31.95,84,703,2684,2492,19295,1216,737288805,1
2026-05-01T13:20:17.511,A1,1,1421,-66.6,-103.8,-37.2,29.48,92,1331,2712,3853,30365,1550,721604567,1
2026-05-01T13:20:17.601,A1,1,1422,-66.0,-103.9,-37.8,22.74,88,1287,2001,3086,20410,1247,394328781,1
2026-05-01T13:20:17.691,A1,1,1423,-66.0,-103.6,-37.7,33.76,100,2216,3376,2126,26560,1418,592724842,1
2026-05-01T13:20:17.811,A1,1,1424,-66.0,-103.5,-37.5,38.85,84,1569,3263,1967,21215,1269,416462553,1
2026-05-01T13:20:17.901,A1,1,1425,-66.2,-104.1,-37.9,26.15,92,938,2406,2838,20564,1258,386262972,1
2026-05-01T13:20:18.021,A1,1,1426,-65.6,-103.9,-38.4,34.31,64,723,2196,2836,18917,1181,437985652,1
2026-05-01T13:20:18.112,A1,1,1427,-66.1,-103.5,-37.4,30.84,88,700,2714,3350,23514,1340,481091791,1
2026-05-01T13:20:18.232,A1,1,1428,-66.2,-104.0,-37.8,33.05,84,774,2776,3301,26452,1427,404590667,1
2026-05-01T13:20:18.353,A1,1,1429,-66.3,-103.9,-37.6,33.2,76,964,2523,2771,19905,1243,463108794,1
2026-05-01T13:20:18.443,A1,1,1430,-66.4,-103.5,-37.2,38.28,104,1997,3981,2707,32819,1598,481566007,1
2026-05-01T13:20:18.561,A1,1,1431,-66.3,-103.6,-37.4,34.25,80,627,2740,2658,18718,1203,430243108,1
2026-05-01T13:20:18.711,A1,1,1432,-65.7,-104.3,-38.6,27.26,80,909,2181,2707,19482,1203,678694360,1
2026-05-01T13:20:18.795,A1,1,1433,-66.5,-104.0,-37.5,30.83,92,1110,2836,3909,32945,1608,464328828,1
2026-05-01T13:20:18.862,A1,1,1434,-65.8,-103.8,-38.0,38.37,68,625,2609,2577,18622,1180,463233467,1
2026-05-01T13:20:18.952,A1,1,1435,-65.5,-103.5,-38.0,20.91,76,1828,1589,3267,21246,1248,481510747,1
2026-05-01T13:20:19.100,A1,1,1436,-66.8,-103.2,-36.5,33.43,112,1295,3744,3029,27298,1478,416006063,1
2026-05-01T13:20:19.162,A1,1,1437,-66.0,-103.3,-37.3,32.39,84,767,2721,2862,19086,1205,431955140,1
2026-05-01T13:20:19.252,A1,1,1438,-65.7,-103.6,-37.8,39.32,72,731,2831,2529,19203,1197,413511267,1
2026-05-01T13:20:19.372,A1,1,1439,-67.2,-103.7,-36.5,29.33,72,1461,2112,3580,23371,1389,564360944,1
2026-05-01T13:20:19.491,A1,1,1440,-66.5,-103.5,-36.9,42.43,76,1127,3225,2178,19334,1235,453362904,1
2026-05-01T13:20:19.612,A1,1,1441,-65.9,-103.7,-37.8,39.72,68,801,2701,2635,19462,1211,435150925,1
2026-05-01T13:20:19.731,A1,1,1442,-66.5,-103.8,-37.3,42.53,72,1031,3062,2384,20706,1276,513955669,1
2026-05-01T13:20:19.851,A1,1,1443,-66.3,-103.5,-37.2,40.04,84,1355,3363,2170,21789,1299,456148694,1
2026-05-01T13:20:19.971,A1,1,1444,-66.7,-103.7,-37.0,37.51,72,748,2701,2718,18850,1226,435294149,1
2026-05-01T13:20:20.061,A1,1,1445,-66.5,-103.3,-36.8,42.03,80,1287,3362,2434,21453,1300,480835930,1
2026-05-01T13:20:20.218,A1,1,1446,-66.7,-107.2,-40.5,4.39,96,2976,421,1602,32140,1603,406941800,1
2026-05-01T13:20:20.294,A1,1,1447,-67.1,-103.8,-36.6,28.38,104,801,2952,3434,25743,1454,458756676,1
2026-05-01T13:20:20.361,A1,1,1448,-67.1,-103.1,-36.0,32.41,112,1188,3630,2966,24706,1423,395823897,1
2026-05-01T13:20:20.452,A1,1,1449,-66.2,-103.3,-37.1,30.62,92,600,2817,3233,21751,1296,429004662,1
2026-05-01T13:20:20.573,A1,1,1450,-66.2,-103.5,-37.2,34.24,100,1079,3424,2965,26152,1421,407993280,1
2026-05-01T13:20:20.661,A1,1,1451,-66.3,-103.6,-37.3,33.26,124,1910,4124,2975,36396,1678,487332530,1
2026-05-01T13:20:20.783,A1,1,1452,-65.7,-104.1,-38.4,33.9,96,1320,3254,1962,23330,1316,444768665,1
2026-05-01T13:20:20.902,A1,1,1453,-66.9,-103.8,-36.9,31.32,108,1065,3383,4037,35755,1698,444844193,1
2026-05-01T13:20:20.993,A1,1,1454,-66.2,-104.1,-37.9,22.64,108,1454,2445,3318,26994,1443,739438031,1
2026-05-01T13:20:21.111,A1,1,1455,-66.4,-103.6,-37.2,40.22,88,1943,3539,2521,27959,1477,739080689,1
2026-05-01T13:20:21.202,A1,1,1456,-65.8,-103.8,-37.9,38.21,84,728,3210,2804,24863,1365,469052946,1
2026-05-01T13:20:21.292,A1,1,1457,-66.4,-103.6,-37.2,30.91,128,1482,3957,3092,33539,1619,480877021,1
2026-05-01T13:20:21.412,A1,1,1458,-66.6,-107.9,-41.4,4.39,88,2800,386,1609,34797,1657,400318511,1
2026-05-01T13:20:21.567,A1,1,1459,-66.0,-104.0,-38.0,36.64,84,688,3078,2520,22672,1310,758726070,1
2026-05-01T13:20:21.653,A1,1,1460,-65.9,-103.6,-37.7,35.68,92,1455,3283,2127,22052,1290,416271822,1
2026-05-01T13:20:21.741,A1,1,1461,-66.9,-103.7,-36.8,34.52,112,2148,3866,2725,32625,1622,398160666,1
2026-05-01T13:20:21.861,A1,1,1462,-65.7,-103.9,-38.1,41.28,72,894,2972,2487,21714,1273,415283096,1
2026-05-01T13:20:21.981,A1,1,1463,-66.7,-103.9,-37.1,34.59,96,918,3321,3451,30323,1557,385942986,1
2026-05-01T13:20:22.103,A1,1,1464,-67.1,-103.3,-36.3,33.11,100,978,3311,3177,24406,1412,399209226,1
2026-05-01T13:20:22.222,A1,1,1465,-66.2,-103.5,-37.2,35.15,96,1987,3374,2098,23830,1356,444568219,1
2026-05-01T13:20:22.312,A1,1,1466,-66.4,-103.7,-37.3,34.29,96,1734,3292,2539,25501,1410,441096132,1
2026-05-01T13:20:22.431,A1,1,1467,-66.8,-103.5,-36.7,33.67,120,1767,4040,3430,36313,1709,429669047,1
2026-05-01T13:20:22.553,A1,1,1468,-66.9,-103.2,-36.3,38.49,84,907,3233,3127,22993,1364,452372770,1
2026-05-01T13:20:22.685,A1,1,1469,-66.0,-103.4,-37.4,36.34,96,1007,3489,2744,24894,1376,681119549,1
2026-05-01T13:20:22.733,A1,1,1470,-65.6,-103.8,-38.1,38.79,76,813,2948,2605,21729,1269,447377843,1
2026-05-01T13:20:22.882,A1,1,1471,-66.3,-103.2,-36.9,34.13,100,1077,3413,2926,24361,1374,479117714,1
2026-05-01T13:20:22.972,A1,1,1472,-66.7,-103.6,-36.9,36.88,104,2072,3835,2885,33119,1626,763680396,1
2026-05-01T13:20:23.062,A1,1,1473,-66.6,-103.7,-37.1,33.07,108,934,3572,3540,32612,1606,408733048,1
2026-05-01T13:20:23.153,A1,1,1474,-65.7,-103.4,-37.7,25.41,80,1363,2033,3257,20582,1237,431806893,1
2026-05-01T13:20:23.272,A1,1,1475,-66.9,-102.9,-36.1,44.24,96,2028,4247,2715,30303,1563,750554294,1
2026-05-01T13:20:23.361,A1,1,1476,-66.1,-103.4,-37.3,29.73,96,541,2854,3187,22216,1304,455686872,1
2026-05-01T13:20:23.481,A1,1,1477,-65.8,-103.4,-37.6,31.24,68,1008,2124,2976,17749,1155,393102119,1
2026-05-01T13:20:23.572,A1,1,1478,-65.3,-102.3,-37.1,52.76,68,938,3588,2472,19798,1196,415580590,1
2026-05-01T13:20:23.691,A1,1,1479,-65.4,-101.3,-35.9,53.21,72,2777,3831,2172,21053,1238,499465054,1
2026-05-01T13:20:23.811,A1,1,1480,-66.2,-100.5,-34.3,58.95,84,3015,4952,2958,25963,1414,399306196,1
2026-05-01T13:20:23.931,A1,1,1481,-65.6,-100.3,-34.7,56.42,88,1959,4965,3131,23142,1307,720308204,1
2026-05-01T13:20:24.051,A1,1,1482,-66.4,-100.6,-34.2,45.64,112,3690,5112,3020,30158,1532,400829084,1
2026-05-01T13:20:24.173,A1,1,1483,-66.3,-100.9,-34.7,44.35,108,1100,4790,4107,27502,1458,388485705,1
2026-05-01T13:20:24.358,A1,1,1484,-66.6,-100.7,-34.0,47.12,108,3845,5089,2815,29899,1540,440186144,1
2026-05-01T13:20:24.383,A1,1,1485,-66.0,-100.7,-34.6,49.1,92,821,4517,4019,23975,1351,463966235,1
2026-05-01T13:20:24.502,A1,1,1486,-66.5,-100.5,-34.0,44.06,108,903,4758,5571,32600,1602,413833368,1
2026-05-01T13:20:24.622,A1,1,1487,-66.2,-100.5,-34.2,55.43,88,1451,4878,4037,25567,1405,496895484,1
2026-05-01T13:20:24.711,A1,1,1488,-67.0,-100.4,-33.4,58.17,96,3446,5584,3302,30341,1571,447119965,1
2026-05-01T13:20:24.831,A1,1,1489,-66.3,-100.6,-34.3,48.0,100,1850,4800,3816,25533,1406,440588002,1
2026-05-01T13:20:24.951,A1,1,1490,-66.0,-100.8,-34.8,38.64,120,4479,4637,2654,32180,1561,586388838,1
2026-05-01T13:20:25.042,A1,1,1491,-66.8,-100.6,-33.9,47.31,96,1636,4542,3978,23693,1377,456373328,1
2026-05-01T13:20:25.162,A1,1,1492,-66.3,-100.9,-34.5,43.08,104,1525,4480,3717,23873,1361,752405392,1
2026-05-01T13:20:25.282,A1,1,1493,-66.4,-100.9,-34.5,42.53,104,3487,4423,2837,26191,1428,744404279,1
2026-05-01T13:20:25.402,A1,1,1494,-66.4,-100.5,-34.1,48.75,104,2194,5070,3906,27491,1465,465400375,1
2026-05-01T13:20:25.521,A1,1,1495,-66.5,-100.8,-34.3,54.12,92,2050,4979,4273,30145,1540,391570607,1
2026-05-01T13:20:25.611,A1,1,1496,-65.8,-100.6,-34.8,48.96,96,2275,4700,3277,24359,1350,415738385,1
2026-05-01T13:20:25.731,A1,1,1497,-66.3,-100.2,-34.0,52.38,88,3342,4609,2981,23676,1354,397978832,1
2026-05-01T13:20:25.850,A1,1,1498,-66.2,-100.6,-34.5,44.21,96,771,4244,5581,31398,1553,739712368,1
2026-05-01T13:20:25.942,A1,1,1499,-65.9,-100.5,-34.6,50.41,96,1779,4839,3479,24041,1347,463766547,1
2026-05-01T13:20:26.032,A1,1,1500,-65.4,-100.5,-35.1,53.57,84,1871,4500,2891,20601,1225,431217189,1
2026-05-01T13:20:26.183,A1,1,1501,-66.7,-100.7,-34.0,53.88,104,1058,5604,4984,35274,1676,756793849,1
2026-05-01T13:20:26.271,A1,1,1502,-66.0,-100.8,-34.7,46.46,108,1080,5018,4614,31398,1546,415217471,1
2026-05-01T13:20:26.391,A1,1,1503,-66.2,-100.6,-34.4,62.72,76,1359,4767,3898,25146,1392,491415058,1
2026-05-01T13:20:26.482,A1,1,1504,-65.9,-101.0,-35.1,38.39,92,628,3532,4686,24245,1351,418371117,1
2026-05-01T13:20:26.571,A1,1,1505,-64.6,-101.3,-36.7,51.68,76,814,3928,3358,22507,1247,399647362,1
2026-05-01T13:20:26.722,A1,1,1506,-65.5,-101.5,-35.9,43.46,84,9,3651,3583,20892,1239,414965511,1
2026-05-01T13:20:26.811,A1,1,1507,-65.9,-101.4,-35.5,50.92,84,1006,4277,3289,23045,1320,709768109,1
2026-05-01T13:20:26.903,A1,1,1508,-65.9,-101.8,-35.9,38.24,88,474,3365,4293,25443,1386,430519730,1
2026-05-01T13:20:27.052,A1,1,1509,-66.6,-101.8,-35.2,34.23,124,669,4244,5307,37331,1722,397155510,1
2026-05-01T13:20:27.112,A1,1,1510,-65.5,-101.1,-35.6,55.88,76,1101,4247,3400,22499,1285,428994935,1
2026-05-01T13:20:27.233,A1,1,1511,-65.6,-101.8,-36.1,57.99,68,1226,3943,2774,21002,1247,459222512,1
2026-05-01T13:20:27.321,A1,1,1512,-66.6,-102.5,-35.9,36.42,96,600,3496,4246,28727,1508,406057817,1
2026-05-01T13:20:27.473,A1,1,1513,-65.6,-103.4,-37.8,26.36,80,919,2109,3268,19740,1209,456291430,1
2026-05-01T13:20:27.532,A1,1,1514,-67.0,-104.2,-37.2,28.56,120,636,3427,3854,36484,1725,410699166,1
2026-05-01T13:20:27.621,A1,1,1515,-66.3,-104.3,-38.0,28.9,72,1176,2081,3069,22236,1314,413896462,1
2026-05-01T13:20:27.742,A1,1,1516,-72.1,-104.6,-32.5,24.88,92,818,2289,2775,14344,1288,739348528,1
2026-05-01T13:20:27.832,A1,1,1517,-66.1,-104.3,-38.1,29.46,92,698,2710,2706,22176,1304,479788356,1
2026-05-01T13:20:27.923,A1,1,1518,-66.2,-111.5,-45.3,19.95,64,413,1277,871,19793,1234,607916851,1
2026-05-01T13:20:28.012,A1,1,1519,-66.4,-104.0,-37.6,19.1,88,1621,1681,3368,22873,1337,412025792,1
2026-05-01T13:20:28.132,A1,1,1520,-65.6,-103.5,-37.9,40.24,80,799,3219,2360,21012,1248,727876985,1
2026-05-01T13:20:28.251,A1,1,1521,-66.4,-103.8,-37.4,25.96,92,771,2388,2996,19767,1243,456947761,1
2026-05-01T13:20:28.343,A1,1,1522,-66.6,-103.4,-36.8,24.71,96,1121,2372,4086,27230,1466,415242194,1
2026-05-01T13:20:28.463,A1,1,1523,-66.0,-102.4,-36.4,35.12,92,101,3231,3556,22107,1294,398756081,1
2026-05-01T13:20:28.551,A1,1,1524,-65.2,-102.2,-36.9,53.82,72,1434,3875,2337,21591,1247,433179625,1
2026-05-01T13:20:28.671,A1,1,1525,-66.8,-102.4,-35.6,29.45,120,714,3534,4694,32012,1602,433972060,1
2026-05-01T13:20:28.763,A1,1,1526,-65.3,-102.6,-37.3,45.58,80,1063,3646,2356,21247,1242,428368300,1
2026-05-01T13:20:28.881,A1,1,1527,-65.9,-103.0,-37.1,43.45,76,718,3302,2597,20069,1229,387185965,1
2026-05-01T13:20:29.003,A1,1,1528,-65.4,-102.9,-37.5,34.8,76,418,2645,3277,19961,1205,716627750,1
2026-05-01T13:20:29.091,A1,1,1529,-65.8,-102.9,-37.1,35.83,80,199,2866,3096,19409,1205,481308567,1
2026-05-01T13:20:29.212,A1,1,1530,-65.8,-103.7,-37.9,27.96,84,943,2349,2912,19680,1213,461851694,1
2026-05-01T13:20:29.361,A1,1,1531,-66.0,-102.7,-36.7,40.64,80,407,3251,3494,23491,1336,464139404,1
2026-05-01T13:20:29.453,A1,1,1532,-66.1,-101.6,-35.4,41.32,92,425,3801,3828,23047,1329,464478636,1
2026-05-01T13:20:29.573,A1,1,1533,-65.9,-101.6,-35.7,45.69,80,285,3655,4367,25960,1400,459159283,1
2026-05-01T13:20:29.692,A1,1,1534,-65.4,-102.1,-36.7,40.19,84,478,3376,3123,20082,1210,766205499,1
2026-05-01T13:20:29.852,A1,1,1535,-65.3,-102.0,-36.7,39.71,104,1749,4130,2814,25798,1367,398970159,1
2026-05-01T13:20:29.900,A1,1,1536,-65.4,-101.9,-36.5,27.02,96,963,2594,4055,21622,1254,433588980,1
2026-05-01T13:20:30.051,A1,1,1537,-71.9,-101.9,-29.9,58.25,68,1413,3961,2592,13736,1253,443585105,1
2026-05-01T13:20:30.111,A1,1,1538,-65.0,-102.0,-36.9,36.88,92,221,3393,3310,20903,1219,479813377,1
2026-05-01T13:20:30.232,A1,1,1539,-66.4,-101.7,-35.3,38.19,104,308,3972,4403,27992,1478,503227990,1
2026-05-01T13:20:30.351,A1,1,1540,-65.6,-102.1,-36.5,39.58,88,855,3483,3152,20981,1243,446418682,1
2026-05-01T13:20:30.442,A1,1,1541,-65.6,-102.2,-36.6,33.45,88,350,2944,3268,18385,1167,737585710,1
2026-05-01T13:20:30.560,A1,1,1542,-65.4,-101.7,-36.3,46.36,84,650,3894,3418,23102,1299,397534420,1
2026-05-01T13:20:30.651,A1,1,1543,-65.5,-101.5,-36.0,51.6,68,311,3509,3439,19644,1202,476865753,1
2026-05-01T13:20:30.771,A1,1,1544,-65.7,-101.7,-36.1,40.19,124,1842,4984,3376,33336,1573,480126951,1
2026-05-01T13:20:30.861,A1,1,1545,-65.9,-102.1,-36.2,48.49,84,1459,4073,2958,24681,1366,389648235,1
2026-05-01T13:20:31.011,A1,1,1546,-65.8,-102.4,-36.6,42.1,88,1467,3705,2418,21305,1264,489967158,1
2026-05-01T13:20:31.132,A1,1,1547,-65.9,-101.9,-35.9,51.62,80,1422,4130,2847,23216,1324,446940025,1
2026-05-01T13:20:31.251,A1,1,1548,-66.7,-102.7,-36.0,25.47,108,1232,2751,4726,31127,1576,761869879,1
2026-05-01T13:20:31.371,A1,1,1549,-65.3,-102.8,-37.5,30.26,72,1269,2179,3474,20322,1212,721117738,1
2026-05-01T13:20:31.461,A1,1,1550,-65.6,-102.4,-36.8,47.62,76,1737,3619,2526,22363,1286,503730791,1
2026-05-01T13:20:31.583,A1,1,1551,-66.4,-102.4,-35.9,30.06,84,1370,2525,4188,23791,1364,454421627,1
2026-05-01T13:20:31.703,A1,1,1552,-65.2,-101.4,-36.3,61.47,64,1216,3934,2883,20640,1216,462863026,1
2026-05-01T13:20:31.791,A1,1,1553,-66.6,-101.6,-35.0,45.19,108,1735,4880,3381,29384,1526,456409202,1
2026-05-01T13:20:31.943,A1,1,1554,-65.7,-101.5,-35.8,45.16,88,1782,3974,2446,19959,1219,457083572,1
2026-05-01T13:20:32.031,A1,1,1555,-66.3,-102.0,-35.6,44.8,96,1312,4301,3073,25270,1402,434168347,1
2026-05-01T13:20:32.152,A1,1,1556,-65.8,-102.3,-36.6,29.79,80,992,2383,3466,17883,1156,456790942,1
2026-05-01T13:20:32.242,A1,1,1557,-65.6,-101.8,-36.2,43.93,76,130,3339,3124,18144,1157,485582914,1
2026-05-01T13:20:32.363,A1,1,1558,-65.8,-101.4,-35.6,42.26,80,150,3381,3371,17719,1153,503019462,1
2026-05-01T13:20:32.483,A1,1,1559,-66.5,-101.2,-34.8,56.0,84,797,4704,4359,29584,1523,504964001,1
2026-05-01T13:20:32.603,A1,1,1560,-66.4,-101.1,-34.8,35.29,112,791,3952,5338,31308,1562,719145860,1
2026-05-01T13:20:32.691,A1,1,1561,-65.9,-101.1,-35.1,40.8,116,955,4733,4236,29179,1486,405847717,1
2026-05-01T13:20:32.781,A1,1,1562,-65.9,-100.5,-34.6,52.19,112,2678,5845,3578,34033,1603,543393853,1
2026-05-01T13:20:32.901,A1,1,1563,-65.5,-100.8,-35.3,42.29,92,364,3891,4019,21597,1259,519112446,1
2026-05-01T13:20:33.022,A1,1,1564,-64.6,-101.2,-36.6,38.8,96,559,3725,4016,24156,1289,490782032,1
2026-05-01T13:20:33.143,A1,1,1565,-64.6,-100.4,-35.8,43.58,100,655,4358,4297,25499,1327,412510570,1
2026-05-01T13:20:33.261,A1,1,1566,-65.2,-101.0,-35.8,43.24,104,1603,4497,3702,26818,1387,499079792,1
2026-05-01T13:20:33.381,A1,1,1567,-64.7,-100.7,-36.0,46.4,92,2223,4269,2430,20558,1194,498939432,1
2026-05-01T13:20:33.471,A1,1,1568,-65.4,-101.4,-36.0,40.07,116,2873,4648,2576,28883,1451,434055661,1
2026-05-01T13:20:33.621,A1,1,1569,-65.4,-101.4,-36.0,45.02,104,1232,4682,3834,30042,1479,408176216,1
2026-05-01T13:20:33.683,A1,1,1570,-64.6,-101.8,-37.1,44.18,88,2640,3888,2335,25066,1316,434260784,1
2026-05-01T13:20:33.831,A1,1,1571,-66.5,-101.8,-35.3,31.49,124,871,3905,5262,35550,1673,387268854,1
2026-05-01T13:20:33.921,A1,1,1572,-66.5,-101.5,-35.0,41.57,120,1078,4988,4845,37339,1715,457252252,1
2026-05-01T13:20:34.042,A1,1,1573,-66.3,-101.9,-35.7,39.88,104,776,4147,4417,31659,1566,442867599,1
2026-05-01T13:20:34.163,A1,1,1574,-65.7,-101.6,-35.9,43.93,92,722,4042,3316,22715,1298,520179305,1
2026-05-01T13:20:34.283,A1,1,1575,-66.2,-101.7,-35.4,37.83,80,1523,3026,4664,26548,1432,458574434,1
2026-05-01T13:20:34.401,A1,1,1576,-65.9,-101.6,-35.7,42.58,80,928,3406,4271,24568,1359,446553347,1
2026-05-01T13:20:34.491,A1,1,1577,-65.4,-101.3,-35.9,46.32,96,2092,4447,2344,22942,1292,414119702,1
2026-05-01T13:20:34.612,A1,1,1578,-66.7,-101.6,-34.9,46.58,120,2284,5589,4041,40341,1795,393245852,1
2026-05-01T13:20:42.772,A1,1,1579,-67.3,-100.8,-33.5,39.0,104,4388,4056,2776,26332,1479,399406473,1
2026-05-01T13:20:42.832,A1,1,1580,-68.7,-106.8,-38.1,27.3,104,2769,2839,1619,40426,1922,471459116,1
2026-05-01T13:20:42.981,A1,1,1581,-67.5,-96.1,-28.7,74.53,104,3600,7751,7879,27746,1528,401283784,1
2026-05-01T13:20:43.103,A1,1,1582,-66.1,-90.7,-24.6,131.61,112,7587,14740,10089,24482,1370,752942508,1
2026-05-01T13:20:43.192,A1,1,1583,-67.0,-100.5,-33.5,31.32,104,2095,3257,5305,24820,1419,412875118,1
2026-05-01T13:20:43.282,A1,1,1584,-67.2,-99.1,-32.0,47.49,100,1778,4749,5455,23211,1383,394723346,1
2026-05-01T13:20:43.401,A1,1,1585,-78.0,-97.2,-19.1,75.55,92,1755,6951,6379,11586,1422,389814629,1
2026-05-01T13:20:43.523,A1,1,1586,-67.8,-96.2,-28.4,72.41,100,4498,7241,6419,23080,1410,477660484,1
2026-05-01T13:20:43.643,A1,1,1587,-67.0,-102.2,-35.2,31.86,96,3508,3059,2909,25681,1446,423623056,1
2026-05-01T13:20:43.763,A1,1,1588,-67.0,-101.1,-34.1,13.64,100,7258,1364,1551,37955,1760,386482348,1
2026-05-01T13:20:43.878,A1,1,1589,-66.5,-96.4,-29.8,73.44,116,2577,8519,6978,29504,1524,420278575,1
2026-05-01T13:20:43.971,A1,1,1590,-66.6,-97.1,-30.5,55.5,120,6911,6660,4470,30389,1550,445514594,1
2026-05-01T13:20:44.092,A1,1,1591,-66.7,-97.4,-30.8,64.73,92,3613,5955,5858,24217,1388,427892599,1
2026-05-01T13:20:44.183,A1,1,1592,-66.1,-107.0,-41.0,13.45,88,822,1184,2543,23693,1344,431010857,1
2026-05-01T13:20:44.331,A1,1,1593,-66.2,-101.1,-34.8,37.84,92,1383,3481,4642,24753,1382,398375771,1
2026-05-01T13:20:44.422,A1,1,1594,-67.9,-109.0,-41.1,19.53,116,1628,2265,1299,36256,1774,393104331,1
2026-05-01T13:20:44.542,A1,1,1595,-67.9,-103.7,-35.8,38.13,120,672,4576,3178,36109,1770,410201008,1
2026-05-01T13:20:44.693,A1,1,1596,-66.5,-93.3,-26.9,81.7,128,2342,10457,11214,27609,1471,489768830,1
2026-05-01T13:20:44.781,A1,1,1597,-66.2,-92.3,-26.1,123.47,116,6272,14323,12799,38063,1713,684215068,1
2026-05-01T13:20:44.872,A1,1,1598,-67.4,-97.3,-29.9,49.11,140,5780,6875,6645,33467,1675,742253046,1
2026-05-01T13:20:44.993,A1,1,1599,-66.4,-103.2,-36.8,19.53,100,3191,1953,3106,26557,1442,404054756,1
2026-05-01T13:20:45.081,A1,1,1600,-67.6,-100.5,-32.9,49.27,92,3051,4533,3116,22067,1367,414109628,1
2026-05-01T13:20:45.203,A1,1,1601,-67.6,-98.8,-31.3,64.39,88,4096,5666,4352,25647,1473,496320579,1
2026-05-01T13:20:45.292,A1,1,1602,-66.5,-96.7,-30.2,68.27,88,3959,6008,6476,23346,1356,671218775,1
2026-05-01T13:20:45.410,A1,1,1603,-66.8,-95.2,-28.4,75.5,100,4106,7550,6741,20772,1292,412736717,1
2026-05-01T13:20:45.531,A1,1,1604,-66.9,-95.7,-28.8,91.05,84,5583,7648,4175,20522,1286,385780183,1
2026-05-01T13:20:45.652,A1,1,1605,-66.6,-96.9,-30.4,74.46,92,3543,6850,6019,25102,1409,428059934,1
2026-05-01T13:20:45.742,A1,1,1606,-66.6,-101.3,-34.6,30.39,120,2806,3647,4463,29030,1518,452411935,1
2026-05-01T13:20:45.832,A1,1,1607,-66.5,-101.7,-35.2,37.14,88,2243,3268,3965,25017,1404,573755293,1
2026-05-01T13:20:45.951,A1,1,1608,-66.6,-97.3,-30.7,67.4,100,4584,6740,5790,28197,1494,391626398,1
2026-05-01T13:20:46.042,A1,1,1609,-66.4,-96.5,-30.1,67.6,100,6043,6760,4595,24826,1392,477934321,1
2026-05-01T13:20:46.132,A1,1,1610,-66.9,-103.8,-36.8,27.1,100,4646,2710,1656,39047,1777,459270888,1
2026-05-01T13:20:46.251,A1,1,1611,-66.7,-97.1,-30.5,72.62,84,3206,6100,6163,23248,1359,417314580,1
2026-05-01T13:20:46.371,A1,1,1612,-66.2,-97.2,-31.1,67.04,100,4308,6704,5334,26572,1429,734112318,1
2026-05-01T13:20:46.492,A1,1,1613,-66.9,-103.9,-37.0,25.34,112,4198,2838,1810,37120,1732,723096107,1
2026-05-01T13:20:46.581,A1,1,1614,-67.2,-96.6,-29.4,69.44,124,4358,8611,8039,36829,1742,402003575,1
2026-05-01T13:20:46.700,A1,1,1615,-66.7,-104.3,-37.6,21.65,96,3023,2078,1868,24217,1390,564746711,1
2026-05-01T13:20:46.791,A1,1,1616,-73.4,-106.2,-32.8,24.04,84,1846,2019,1889,15351,1394,726440874,1
2026-05-01T13:20:47.019,A1,1,1617,-66.7,-107.5,-40.7,21.98,84,1575,1846,1440,23388,1367,442432666,1
2026-05-01T13:20:47.019,A1,1,1618,-66.7,-109.0,-42.3,20.2,76,502,1535,1403,19099,1233,428098333,1
2026-05-01T13:20:47.121,A1,1,1619,-66.9,-107.5,-40.5,18.58,72,1914,1338,1455,21939,1333,462446858,1
2026-05-01T13:20:47.249,A1,1,1620,-66.9,-98.8,-31.9,46.51,112,5208,5209,3491,26425,1461,706542926,1
2026-05-01T13:20:47.333,A1,1,1621,-66.4,-94.8,-28.3,94.26,108,6092,10180,7184,30957,1556,428061332,1
2026-05-01T13:20:47.452,A1,1,1622,-66.4,-93.5,-27.1,109.03,116,6257,12647,10148,36208,1682,394283172,1
2026-05-01T13:20:47.572,A1,1,1623,-66.1,-94.1,-28.0,101.16,100,9248,10116,5638,31087,1540,413598589,1
2026-05-01T13:20:47.692,A1,1,1624,-66.2,-95.4,-29.2,81.28,100,4112,8128,7560,26558,1432,707442589,1
2026-05-01T13:20:47.782,A1,1,1625,-66.8,-98.3,-31.5,48.44,124,454,6007,8139,36508,1714,455881330,1
2026-05-01T13:20:47.871,A1,1,1626,-66.2,-97.4,-31.2,69.1,104,4155,7186,5168,28563,1485,476614603,1
2026-05-01T13:20:48.021,A1,1,1627,-66.1,-95.0,-28.9,85.39,120,6473,10247,6951,34096,1616,496226898,1
2026-05-01T13:20:48.111,A1,1,1628,-68.5,-97.1,-28.5,81.0,128,5294,10368,7260,44498,2007,438802752,1
2026-05-01T13:20:48.233,A1,1,1629,-66.6,-95.9,-29.2,88.51,108,5363,9559,6720,33698,1636,732082581,1
2026-05-01T13:20:48.323,A1,1,1630,-66.6,-101.3,-34.7,39.17,96,3228,3760,2643,22427,1334,605947423,1
2026-05-01T13:20:48.442,A1,1,1631,-66.7,-92.8,-26.2,103.61,100,4700,10361,12911,30001,1545,445141164,1
2026-05-01T13:20:48.563,A1,1,1632,-66.1,-91.7,-25.6,143.23,96,6588,13750,10749,28028,1462,455492232,1
2026-05-01T13:20:48.712,A1,1,1633,-90.8,-96.6,-5.8,73.37,112,6269,8217,5209,3886,1595,753557214,1
2026-05-01T13:20:48.801,A1,1,1634,-67.3,-97.6,-30.3,66.98,116,5633,7770,5280,34684,1695,420877971,1
2026-05-01T13:20:48.891,A1,1,1635,-67.2,-111.4,-44.2,15.41,124,771,1911,1319,42046,1860,479056277,1
2026-05-01T13:20:49.071,A1,1,1636,-66.0,-90.8,-24.9,178.83,88,7024,15737,12885,30970,1532,746222582,1
2026-05-01T13:20:49.131,A1,1,1637,-66.7,-94.5,-27.8,85.49,136,8651,11626,7634,39689,1780,390616606,1
2026-05-01T13:20:49.221,A1,1,1638,-67.1,-108.8,-41.7,17.1,92,1513,1573,1571,28072,1515,461821330,1
2026-05-01T13:20:49.311,A1,1,1639,-66.8,-109.2,-42.3,18.54,92,957,1706,1301,23723,1382,414767155,1
2026-05-01T13:20:49.463,A1,1,1640,-66.4,-97.9,-31.4,61.25,108,2972,6615,5198,26121,1429,506802888,1
2026-05-01T13:20:49.521,A1,1,1641,-66.8,-99.4,-32.6,51.83,120,2298,6220,4104,27717,1494,426714567,1
2026-05-01T13:20:49.642,A1,1,1642,-65.4,-94.9,-29.5,98.03,80,5858,7842,4664,20838,1233,489269992,1
2026-05-01T13:20:49.791,A1,1,1643,-66.1,-90.4,-24.3,160.62,100,7116,16062,13764,30031,1513,734582735,1
2026-05-01T13:20:49.852,A1,1,1644,-66.1,-96.8,-30.7,70.02,124,4984,8682,4912,32633,1582,478264360,1
2026-05-01T13:20:50.014,A1,1,1645,-65.7,-93.1,-27.4,111.33,96,2519,10688,12083,30956,1517,718174223,1
2026-05-01T13:20:50.061,A1,1,1646,-65.5,-94.0,-28.5,92.57,104,5294,9627,6970,24395,1340,740376637,1
2026-05-01T13:20:50.182,A1,1,1647,-65.3,-93.3,-28.0,97.83,104,5772,10174,8007,25190,1350,388042316,1
2026-05-01T13:20:50.272,A1,1,1648,-64.5,-90.1,-25.6,132.69,108,4564,14331,13476,25708,1327,396987003,1
2026-05-01T13:20:50.541,A1,1,1649,-64.3,-89.9,-25.6,161.24,96,8733,15479,10772,26102,1326,711548260,1
2026-05-01T13:20:50.572,A1,1,1650,-65.1,-97.2,-32.0,67.5,104,3378,7020,4337,24338,1319,456452129,1
2026-05-01T13:20:50.572,A1,1,1651,-66.3,-104.8,-38.5,26.01,124,230,3225,2943,31042,1550,459441947,1
2026-05-01T13:20:50.693,A1,1,1652,-65.1,-95.6,-30.5,81.25,88,1249,7150,6849,21120,1227,488255885,1
2026-05-01T13:20:50.811,A1,1,1653,-64.9,-93.4,-28.5,87.13,100,2372,8713,9805,22983,1272,414153434,1
2026-05-01T13:20:50.931,A1,1,1654,-66.3,-106.2,-39.9,2.95,80,1991,236,2295,21047,1278,482223896,1
2026-05-01T13:20:51.024,A1,1,1655,-65.7,-99.4,-33.7,41.28,88,1638,3633,4777,18887,1184,414527630,1
2026-05-01T13:20:51.172,A1,1,1656,-66.6,-107.0,-40.3,15.32,116,2638,1777,2106,38471,1748,690037258,1
2026-05-01T13:20:51.261,A1,1,1657,-65.4,-96.5,-31.1,79.82,96,2770,7663,5228,24207,1328,733765127,1
2026-05-01T13:20:51.354,A1,1,1658,-65.0,-101.7,-36.7,42.18,84,1424,3543,2913,20284,1199,401174076,1
2026-05-01T13:20:51.444,A1,1,1659,-65.3,-107.0,-41.7,23.82,96,428,2287,1644,23383,1300,414007556,1
2026-05-01T13:20:51.563,A1,1,1660,-64.6,-96.2,-31.6,74.23,92,2977,6829,5231,21013,1205,427285700,1
2026-05-01T13:20:51.695,A1,1,1661,-65.6,-95.4,-29.8,67.53,96,6967,6483,4221,21393,1259,753469984,1
2026-05-01T13:20:51.776,A1,1,1662,-66.0,-99.3,-33.3,30.96,104,4952,3220,5840,32338,1568,430312215,1
2026-05-01T13:20:51.893,A1,1,1663,-67.5,-99.3,-31.8,43.29,112,5244,4848,4221,29044,1564,442788146,1
2026-05-01T13:20:51.985,A1,1,1664,-67.2,-97.7,-30.5,59.22,104,3377,6159,7304,30559,1586,407060970,1
2026-05-01T13:20:52.134,A1,1,1665,-65.9,-95.2,-29.3,79.83,104,2909,8302,6600,22212,1296,409337413,1
2026-05-01T13:20:52.253,A1,1,1666,-65.6,-95.2,-29.5,67.99,96,1863,6527,8234,21179,1252,403965602,1
2026-05-01T13:20:52.371,A1,1,1667,-66.8,-96.0,-29.3,54.54,112,2992,6108,8174,23731,1378,452515728,1
2026-05-01T13:20:52.461,A1,1,1668,-66.3,-95.6,-29.4,62.39,108,3428,6738,8564,25970,1418,418688902,1
2026-05-01T13:20:52.611,A1,1,1669,-66.7,-92.8,-26.1,111.7,100,6321,11170,7701,22417,1335,752271420,1
2026-05-01T13:20:52.701,A1,1,1670,-65.8,-90.3,-24.6,176.14,96,12158,16909,10131,32566,1560,452264635,1
2026-05-01T13:20:52.791,A1,1,1671,-65.4,-93.4,-28.0,95.61,100,7570,9561,4896,21785,1262,479823164,1
2026-05-01T13:20:52.911,A1,1,1672,-67.2,-93.3,-26.0,89.5,156,7342,13962,11828,42037,1865,436840109,1
2026-05-01T13:20:53.001,A1,1,1673,-65.8,-92.1,-26.3,127.78,104,9887,13289,7963,30503,1513,451822834,1
2026-05-01T13:20:53.154,A1,1,1674,-66.2,-100.6,-34.4,46.57,124,3494,5775,3841,37644,1704,425790902,1
2026-05-01T13:20:53.241,A1,1,1675,-66.0,-91.6,-25.6,136.95,100,7035,13695,9956,26743,1425,391677863,1
2026-05-01T13:20:53.361,A1,1,1676,-67.0,-103.2,-36.2,16.09,104,4284,1673,1734,26061,1456,449225960,1
2026-05-01T13:20:53.481,A1,1,1677,-67.4,-96.9,-29.5,83.82,84,5269,7041,5144,25491,1460,712918111,1
2026-05-01T13:20:53.571,A1,1,1678,-66.2,-90.2,-24.0,143.28,132,10610,18913,15470,40479,1768,481468054,1
2026-05-01T13:20:53.662,A1,1,1679,-65.9,-93.6,-27.7,88.43,116,3828,10258,12640,35503,1636,410860551,1
2026-05-01T13:20:53.810,A1,1,1680,-66.5,-93.8,-27.3,89.23,132,4199,11778,11271,36231,1685,431230996,1
2026-05-01T13:20:53.901,A1,1,1681,-66.8,-91.2,-24.3,114.39,144,7642,16472,16247,40414,1804,423535595,1
2026-05-01T13:20:54.021,A1,1,1682,-65.8,-92.0,-26.2,97.83,112,4423,10957,13004,27455,1432,389716052,1
2026-05-01T13:20:54.143,A1,1,1683,-66.2,-92.4,-26.2,139.57,80,5204,11166,9516,22948,1331,429698913,1
2026-05-01T13:20:54.203,A1,1,1684,-65.6,-93.3,-27.7,117.62,80,359,9410,11101,25648,1378,413020708,1
2026-05-01T13:20:54.322,A1,1,1685,-65.8,-99.4,-33.6,48.24,116,1900,5596,4594,27290,1429,422757203,1
2026-05-01T13:20:54.441,A1,1,1686,-66.0,-100.2,-34.2,44.68,104,2268,4647,3432,22142,1298,420770691,1
2026-05-01T13:20:54.531,A1,1,1687,-66.1,-93.3,-27.2,95.0,144,3711,13680,11713,39586,1739,403589151,1
2026-05-01T13:20:54.623,A1,1,1688,-66.4,-109.2,-42.8,9.06,108,1885,979,1648,32283,1587,427756421,1
2026-05-01T13:20:54.741,A1,1,1689,-65.5,-95.0,-29.6,63.12,128,3512,8080,10357,33820,1573,475506243,1
2026-05-01T13:20:54.861,A1,1,1690,-66.8,-96.1,-29.3,78.41,124,5381,9723,6922,36554,1712,481866878,1
2026-05-01T13:20:54.951,A1,1,1691,-67.4,-104.3,-36.9,31.86,112,1755,3568,2980,33532,1674,701318372,1
2026-05-01T13:20:55.043,A1,1,1692,-66.2,-93.7,-27.6,101.84,112,7288,11406,7708,31396,1554,418287689,1
2026-05-01T13:20:55.163,A1,1,1693,-66.4,-94.1,-27.7,90.53,108,3661,9777,10087,29092,1506,712441841,1
2026-05-01T13:20:55.281,A1,1,1694,-67.0,-99.6,-32.6,45.67,108,584,4932,5895,27964,1506,437411690,1
2026-05-01T13:20:55.372,A1,1,1695,-67.3,-109.7,-42.4,15.15,112,1381,1697,1203,29640,1570,409211362,1
2026-05-01T13:20:55.491,A1,1,1696,-66.9,-94.4,-27.5,125.88,76,4514,9567,6972,22957,1362,404589563,1
2026-05-01T13:20:55.581,A1,1,1697,-67.5,-96.0,-28.5,80.72,96,5779,7749,5422,24340,1430,738847251,1
2026-05-01T13:20:55.672,A1,1,1698,-67.9,-101.3,-33.4,30.35,120,3106,3642,3152,21445,1361,392965430,1
2026-05-01T13:20:55.790,A1,1,1699,-67.7,-97.2,-29.6,73.42,92,2210,6755,6999,25836,1483,411413895,1
2026-05-01T13:20:55.881,A1,1,1700,-66.5,-94.3,-27.8,92.91,96,2390,8919,8373,22573,1332,657129632,1
2026-05-01T13:20:56.002,A1,1,1701,-66.8,-99.5,-32.7,51.27,92,4322,4717,3999,26259,1451,393495870,1
2026-05-01T13:20:56.121,A1,1,1702,-66.7,-96.3,-29.6,75.51,100,4213,7551,6490,26140,1443,432199165,1
2026-05-01T13:20:56.182,A1,1,1703,-66.9,-98.0,-31.1,38.26,116,4202,4438,7821,32432,1617,504438789,1
2026-05-01T13:20:56.302,A1,1,1704,-64.3,-90.3,-25.9,137.94,100,5118,13794,15784,30771,1444,408371120,1
2026-05-01T13:20:56.391,A1,1,1705,-65.7,-96.1,-30.4,75.32,96,6232,7231,3826,24420,1346,461225117,1
2026-05-01T13:20:56.480,A1,1,1706,-66.8,-97.6,-30.8,65.54,112,4222,7341,6209,33275,1636,474750288,1
2026-05-01T13:20:56.601,A1,1,1707,-66.8,-110.2,-43.4,16.03,128,1213,2052,1212,38962,1767,446056234,1
2026-05-01T13:20:56.723,A1,1,1708,-66.5,-91.7,-25.2,100.38,140,2803,14053,16922,38822,1749,426283795,1
2026-05-01T13:20:56.841,A1,1,1709,-65.5,-105.1,-39.6,15.31,104,1943,1592,2695,25109,1358,451569909,1
2026-05-01T13:20:56.931,A1,1,1710,-65.4,-94.4,-29.0,76.76,104,892,7983,9419,24401,1334,430742070,1
2026-05-01T13:20:57.051,A1,1,1711,-66.5,-101.6,-35.1,45.62,76,2962,3467,2412,20461,1267,459291968,1
2026-05-01T13:20:57.143,A1,1,1712,-64.3,-92.5,-28.1,105.26,92,3263,9684,9632,21587,1209,430700527,1
2026-05-01T13:20:57.293,A1,1,1713,-66.4,-95.5,-29.1,78.49,80,2577,6279,8114,21388,1292,470311472,1
2026-05-01T13:20:57.352,A1,1,1714,-65.7,-99.7,-34.0,45.15,60,1270,2709,4566,15572,1077,416732163,1
2026-05-01T13:20:57.531,A1,1,1715,-65.3,-97.4,-32.0,70.31,72,117,5062,6844,22936,1290,454561622,1
2026-05-01T13:20:57.623,A1,1,1716,-68.0,-104.0,-36.0,24.65,112,3349,2761,2555,30707,1638,429861588,1
2026-05-01T13:20:57.713,A1,1,1717,-66.1,-102.2,-36.1,34.62,72,1285,2493,3076,15658,1093,429101324,1
2026-05-01T13:20:57.772,A1,1,1718,-71.8,-91.2,-19.4,130.56,108,3560,14101,14213,19995,1506,569914069,1
2026-05-01T13:20:57.891,A1,1,1719,-66.3,-90.8,-24.5,135.03,104,3233,14043,17115,32863,1597,395484598,1
2026-05-01T13:20:58.040,A1,1,1720,-66.7,-104.2,-37.6,25.64,88,3711,2256,1906,31333,1578,493734008,1
2026-05-01T13:20:58.131,A1,1,1721,-64.8,-85.6,-20.8,262.04,72,11707,18867,14076,22210,1246,391130148,1
2026-05-01T13:20:58.191,A1,1,1722,-67.1,-95.5,-28.5,87.64,140,6012,12269,8154,46466,1949,712604418,1
2026-05-01T13:20:58.313,A1,1,1723,-68.8,-104.8,-36.0,13.47,96,4404,1293,2683,39008,1899,386039953,1
2026-05-01T13:20:58.401,A1,1,1724,-67.2,-102.2,-35.1,14.88,84,5640,1250,1805,31226,1603,718592260,1
2026-05-01T13:20:58.522,A1,1,1725,-69.5,-105.2,-35.6,32.73,84,1622,2749,2303,22034,1461,682869078,1
2026-05-01T13:20:58.641,A1,1,1726,-66.5,-92.8,-26.3,125.7,104,6873,13073,10474,33308,1620,494982998,1
2026-05-01T13:20:58.734,A1,1,1727,-66.9,-92.9,-26.0,86.32,116,7139,10013,9800,24922,1418,421559292,1
2026-05-01T13:20:58.851,A1,1,1728,-65.8,-82.2,-16.5,257.53,64,16126,16482,9245,14675,1047,490863302,1
2026-05-01T13:20:58.940,A1,1,1729,-68.9,-106.1,-37.2,27.02,124,1084,3351,2413,33538,1762,411729000,1
2026-05-01T13:20:59.032,A1,1,1730,-66.6,-81.0,-14.4,162.79,108,13645,17581,12819,13588,1037,431979040,1
2026-05-01T13:20:59.150,A1,1,1731,-69.0,-89.2,-20.2,179.48,92,191,16512,14466,18111,1303,749488560,1
2026-05-01T13:20:59.271,A1,1,1732,-73.3,-97.5,-24.2,52.35,112,5306,5863,10446,31963,2005,410432282,1
2026-05-01T13:20:59.363,A1,1,1733,-69.1,-92.0,-22.9,105.73,112,8838,11842,15076,31684,1729,427199735,1
2026-05-01T13:20:59.450,A1,1,1734,-68.6,-93.0,-24.4,110.74,88,9541,9745,10841,27915,1591,411120514,1
2026-05-01T13:20:59.542,A1,1,1735,-68.0,-92.2,-24.3,118.2,92,6944,10874,10921,23121,1418,426981813,1
2026-05-01T13:20:59.692,A1,1,1736,-64.8,-79.0,-14.2,224.23,80,12801,17938,18023,16469,1072,490008307,1
2026-05-01T13:20:59.783,A1,1,1737,-67.4,-90.7,-23.3,132.09,104,2914,13737,18197,30904,1609,739038670,1
2026-05-01T13:20:59.872,A1,1,1738,-69.8,-100.1,-30.2,50.25,96,3296,4824,4832,24863,1569,412458375,1
2026-05-01T13:20:59.992,A1,1,1739,-69.2,-94.8,-25.6,90.82,72,7397,6539,4767,16061,1234,398775970,1
2026-05-01T13:21:00.110,A1,1,1740,-68.5,-90.2,-21.7,147.31,100,2999,14731,18169,27013,1559,751640767,1
2026-05-01T13:21:00.232,A1,1,1741,-69.2,-100.1,-30.9,40.76,84,3777,3424,5219,24348,1518,709167751,1
2026-05-01T13:21:00.321,A1,1,1742,-69.7,-106.2,-36.5,26.91,108,2128,2906,1949,29769,1710,434803107,1
2026-05-01T13:21:00.442,A1,1,1743,-70.9,-98.1,-27.1,88.48,104,4795,9202,6778,38873,2038,456193069,1
2026-05-01T13:21:00.561,A1,1,1744,-68.6,-109.8,-41.2,16.2,96,1364,1555,1414,27621,1583,442119545,1
2026-05-01T13:21:00.680,A1,1,1745,-68.1,-97.7,-29.6,38.83,84,9271,3262,2038,28213,1574,429926536,1
2026-05-01T13:21:00.771,A1,1,1746,-67.9,-95.5,-27.6,53.94,84,11193,4531,4979,29601,1601,428763202,1
2026-05-01T13:21:00.892,A1,1,1747,-68.8,-89.5,-20.7,241.47,68,13159,16420,10500,22380,1435,388725713,1
2026-05-01T13:21:00.980,A1,1,1748,-70.6,-102.9,-32.3,36.08,100,4702,3608,3161,35461,1925,394164158,1
2026-05-01T13:21:01.101,A1,1,1749,-69.0,-102.4,-33.4,29.95,64,4271,1917,1399,18684,1320,409310306,1
2026-05-01T13:21:01.251,A1,1,1750,-67.3,-91.8,-24.5,117.08,96,6288,11240,12080,23960,1411,494066295,1
2026-05-01T13:21:01.343,A1,1,1751,-69.3,-96.6,-27.3,77.06,80,4912,6165,4532,16586,1260,738385427,1
2026-05-01T13:21:01.432,A1,1,1752,-70.0,-106.8,-36.8,26.87,68,2128,1827,1507,20475,1431,474751840,1
2026-05-01T13:21:01.520,A1,1,1753,-69.4,-93.1,-23.7,120.52,96,10502,11570,7887,27566,1629,431320393,1
2026-05-01T13:21:01.641,A1,1,1754,-68.2,-92.5,-24.3,126.9,88,10903,11167,8000,26164,1523,388837273,1
2026-05-01T13:21:01.731,A1,1,1755,-68.4,-99.3,-30.9,70.78,88,6501,6229,4024,38742,1864,420808066,1
2026-05-01T13:21:01.851,A1,1,1756,-67.8,-94.4,-26.6,91.06,108,10989,9835,7383,36412,1770,474796107,1
2026-05-01T13:21:01.942,A1,1,1757,-66.6,-90.8,-24.1,161.45,100,11234,16145,12622,34431,1653,450158634,1
2026-05-01T13:21:02.031,A1,1,1758,-65.8,-89.0,-23.2,203.61,88,10176,17918,13222,26875,1419,450831807,1
2026-05-01T13:21:02.152,A1,1,1759,-65.9,-88.5,-22.6,145.96,116,9362,16931,15176,23735,1340,474908154,1
2026-05-01T13:21:02.272,A1,1,1760,-69.5,-92.8,-23.3,122.95,108,11906,13279,10266,34969,1836,433354877,1
2026-05-01T13:21:02.392,A1,1,1761,-69.6,-97.1,-27.6,64.74,76,8730,4920,2986,24420,1541,397411908,1
2026-05-01T13:21:02.512,A1,1,1762,-73.7,-96.5,-22.8,107.71,84,8093,9048,8134,30748,1992,752417536,1
2026-05-01T13:21:02.601,A1,1,1763,-69.1,-86.2,-17.2,263.7,64,11258,16877,14175,15301,1198,661793524,1
2026-05-01T13:21:02.722,A1,1,1764,-71.5,-91.2,-19.7,145.78,128,5150,18660,19174,36905,2024,647544093,1
2026-05-01T13:21:02.841,A1,1,1765,-69.4,-97.7,-28.2,21.9,108,9751,2365,3818,29285,1680,714687094,1
2026-05-01T13:21:02.934,A1,1,1766,-68.4,-89.7,-21.2,216.88,76,10092,16483,14053,24758,1492,434072044,1
2026-05-01T13:21:03.022,A1,1,1767,-72.5,-99.0,-26.6,63.93,84,7058,5370,3456,25603,1743,410765080,1
2026-05-01T13:21:03.171,A1,1,1768,-73.2,-101.1,-27.9,60.17,72,5710,4332,3077,26505,1819,407365105,1
2026-05-01T13:21:03.232,A1,1,1769,-71.3,-92.5,-21.2,177.2,76,8145,13467,9517,23178,1595,391069209,1
2026-05-01T13:21:03.351,A1,1,1770,-67.9,-79.6,-11.6,285.73,64,14457,18287,13678,12456,1039,473575461,1
2026-05-01T13:21:03.444,A1,1,1771,-72.7,-92.3,-19.6,151.36,76,1895,11503,14611,20598,1577,388155528,1
2026-05-01T13:21:03.532,A1,1,1772,-70.7,-97.1,-26.4,99.14,72,2971,7138,7853,24903,1619,407793871,1
2026-05-01T13:21:03.622,A1,1,1773,-66.6,-89.1,-22.4,166.78,108,6922,18012,15848,26591,1452,392217844,1
2026-05-01T13:21:03.741,A1,1,1774,-67.6,-95.7,-28.1,89.64,96,443,8605,8359,26283,1493,424504453,1
2026-05-01T13:21:03.861,A1,1,1775,-63.9,-87.1,-23.2,165.7,96,13820,15907,12191,22475,1216,419464733,1
2026-05-01T13:21:04.010,A1,1,1776,-64.8,-86.0,-21.1,213.38,92,9647,19631,18069,26454,1362,401500740,1
2026-05-01T13:21:04.102,A1,1,1777,-68.4,-91.5,-23.1,125.18,100,2173,12518,16002,27523,1571,419770454,1
2026-05-01T13:21:04.220,A1,1,1778,-65.3,-95.7,-30.3,107.49,76,2982,8169,6493,25089,1348,3973182372,1
2026-05-01T13:21:04.281,A1,1,1779,-63.3,-91.6,-28.3,82.15,124,10395,10186,10446,30711,1391,427710500,1
2026-05-01T13:21:04.401,A1,1,1780,-67.0,-103.2,-36.2,36.73,84,713,3085,1829,14327,1078,770379973,1
2026-05-01T13:21:04.493,A1,1,1781,-64.8,-92.7,-27.9,90.19,108,6793,9741,5870,19478,1167,480903783,1
2026-05-01T13:21:04.611,A1,1,1782,-63.3,-96.1,-32.8,77.02,84,974,6470,5241,18962,1094,441467255,1
2026-05-01T13:21:04.792,A1,1,1783,-68.7,-93.1,-24.4,132.26,84,7798,11110,7092,22093,1421,445030678,1
2026-05-01T13:21:04.851,A1,1,1784,-68.5,-90.1,-21.7,188.62,100,12046,18862,14173,33788,1746,768702495,1
2026-05-01T13:21:04.971,A1,1,1785,-66.3,-93.9,-27.6,81.63,92,4395,7510,11832,28865,1496,385841723,1
2026-05-01T13:21:05.092,A1,1,1786,-65.2,-86.1,-20.9,225.38,84,17243,18932,11755,25641,1359,748362752,1
2026-05-01T13:21:05.212,A1,1,1787,-89.9,-91.6,-1.6,125.91,96,11773,12087,7614,3794,1436,444015693,1
2026-05-01T13:21:05.331,A1,1,1788,-64.5,-83.9,-19.4,253.68,68,13465,17250,12707,18628,1129,576550101,1
2026-05-01T13:21:05.420,A1,1,1789,-65.0,-88.8,-23.8,188.86,100,12484,18886,14682,32916,1528,491525684,1
2026-05-01T13:21:05.541,A1,1,1790,-67.0,-90.4,-23.4,148.12,100,3003,14812,16246,27586,1497,761731507,1
2026-05-01T13:21:05.691,A1,1,1791,-67.3,-93.5,-26.1,136.04,84,11217,11427,7889,35714,1725,402654786,1
2026-05-01T13:21:05.783,A1,1,1792,-67.8,-90.6,-22.8,184.27,96,5868,17690,16405,34693,1726,409937800,1
2026-05-01T13:21:05.840,A1,1,1793,-66.4,-89.4,-22.9,216.09,80,12444,17287,10699,26347,1435,673900508,1
2026-05-01T13:21:05.961,A1,1,1794,-64.9,-84.9,-20.1,243.69,80,11656,19495,19879,27817,1398,710915537,1
2026-05-01T13:21:06.082,A1,1,1795,-62.3,-77.9,-15.6,261.24,68,10654,17764,15373,14947,938,417071207,1
2026-05-01T13:21:06.203,A1,1,1796,-63.1,-80.1,-17.1,196.24,92,19951,18054,10407,20632,1132,469043126,1
2026-05-01T13:21:06.323,A1,1,1797,-65.8,-83.9,-18.1,306.98,52,4831,15963,17214,15300,1071,391853434,1
2026-05-01T13:21:06.411,A1,1,1798,-67.1,-84.0,-16.9,245.41,68,12945,16688,11252,14013,1073,402322890,1
2026-05-01T13:21:06.501,A1,1,1799,-69.7,-85.9,-16.1,351.0,52,13197,18252,11519,14886,1210,421058773,1
2026-05-01T13:21:06.622,A1,1,1800,-67.9,-85.7,-17.8,272.8,64,8769,17459,15570,16271,1189,474104252,1
2026-05-01T13:21:06.922,A1,1,1801,-67.6,-83.3,-15.7,285.65,60,14958,17139,11110,14427,1107,8949272384,1
2026-05-01T13:21:07.133,A1,1,1803,-69.0,-84.0,-15.1,300.52,60,17228,18031,15208,18423,1310,3071893349,1
2026-05-01T13:21:07.162,A1,1,1804,-65.3,-76.0,-10.8,287.98,60,16310,17279,13933,12192,938,423288347,1
2026-05-01T13:21:07.313,A1,1,1805,-71.5,-83.2,-11.7,319.38,52,12494,16608,12906,10216,1066,2014267360,1
2026-05-01T13:21:07.372,A1,1,1806,-69.6,-80.3,-10.8,380.05,44,17026,16722,9635,10627,1016,480595109,1
2026-05-01T13:21:07.490,A1,1,1807,-69.7,-79.7,-10.0,337.21,56,19133,18884,12953,13556,1154,504603717,1
2026-05-01T13:21:07.612,A1,1,1808,-70.1,-81.1,-11.0,389.35,48,17524,18689,12121,13091,1150,455866118,1
2026-05-01T13:21:43.320,A1,1,16,-65.2,-93.1,-27.8,84.0,124,3161,10416,11824,30433,1480,407955764,1
2026-05-01T13:21:43.409,A1,1,17,-64.8,-93.2,-28.5,64.82,148,4818,9594,14564,41585,1703,450821399,1
2026-05-01T13:21:43.528,A1,1,18,-64.9,-93.4,-28.5,85.92,128,4052,10998,12219,37654,1629,428407520,1
2026-05-01T13:21:43.618,A1,1,19,-64.2,-92.9,-28.7,107.2,108,4974,11578,7986,27241,1351,491974845,1
2026-05-01T13:21:43.738,A1,1,20,-64.8,-93.7,-28.9,79.34,128,4126,10155,10037,31080,1475,729368996,1
2026-05-01T13:21:43.860,A1,1,21,-65.1,-93.1,-27.9,71.59,124,6613,8877,13356,35855,1602,408970848,1
2026-05-01T13:21:43.979,A1,1,22,-65.4,-93.1,-27.6,108.11,140,5891,15136,10101,42515,1761,398942627,1
2026-05-01T13:21:44.098,A1,1,23,-64.8,-92.9,-28.1,109.38,100,4078,10938,8872,25166,1325,437915386,1
2026-05-01T13:21:44.218,A1,1,24,-65.1,-93.3,-28.2,86.38,164,5062,14167,11424,44669,1785,414197320,1
2026-05-01T13:21:44.338,A1,1,25,-64.9,-93.7,-28.8,78.7,124,3890,9759,8962,26620,1369,393725816,1
2026-05-01T13:21:44.460,A1,1,26,-64.5,-93.3,-28.8,87.84,132,4179,11595,10264,33783,1520,722764446,1
2026-05-01T13:21:44.578,A1,1,27,-64.5,-93.9,-29.4,90.5,108,4233,9774,7133,24869,1306,486966141,1
2026-05-01T13:21:44.698,A1,1,28,-63.6,-93.3,-29.7,95.1,112,5460,10651,6595,25978,1295,417317665,1
2026-05-01T13:21:44.788,A1,1,29,-64.1,-94.0,-29.9,85.42,116,3877,9909,6981,25714,1309,485601529,1
2026-05-01T13:21:44.879,A1,1,30,-63.2,-93.6,-30.4,65.31,132,4206,8621,11873,35955,1502,395057348,1
2026-05-01T13:21:44.999,A1,1,31,-63.9,-93.6,-29.7,93.35,136,5986,12696,7453,37022,1558,461225061,1
2026-05-01T13:21:45.118,A1,1,32,-64.3,-94.3,-30.0,61.64,116,3770,7150,9739,26817,1344,407303724,1
2026-05-01T13:21:45.238,A1,1,33,-64.0,-94.0,-30.0,62.64,108,4545,6765,10043,26627,1326,483432806,1
2026-05-01T13:21:45.359,A1,1,34,-64.5,-93.5,-29.0,47.23,164,6448,7745,14117,41310,1682,770826786,1
2026-05-01T13:21:45.479,A1,1,35,-65.1,-93.9,-28.8,85.03,112,3378,9523,9463,27839,1410,486770228,1
2026-05-01T13:21:45.598,A1,1,36,-65.1,-93.8,-28.7,87.95,112,5459,9850,6100,23037,1281,414326467,1
2026-05-01T13:21:45.688,A1,1,37,-64.8,-93.8,-29.0,54.59,116,4598,6332,11022,26579,1364,399097057,1
2026-05-01T13:21:45.808,A1,1,38,-64.9,-93.4,-28.5,97.11,100,4536,9711,6729,21018,1216,472897774,1
2026-05-01T13:21:45.928,A1,1,39,-65.0,-93.7,-28.7,80.12,128,4254,10256,7831,25819,1353,404802696,1
2026-05-01T13:21:46.077,A1,1,40,-63.8,-92.9,-29.1,75.03,108,5065,8103,11395,27567,1342,394133846,1
2026-05-01T13:21:46.138,A1,1,41,-64.7,-93.3,-28.7,103.28,116,4932,11980,8175,30721,1459,395463604,1
2026-05-01T13:21:46.259,A1,1,42,-64.5,-94.1,-29.6,51.13,124,4260,6340,9914,24723,1302,459087526,1
2026-05-01T13:21:46.348,A1,1,43,-63.8,-93.1,-29.3,89.53,120,5185,10743,6725,24586,1268,496249907,1
2026-05-01T13:21:46.439,A1,1,44,-63.7,-93.1,-29.4,70.34,112,4943,7878,10828,27081,1324,422051372,1
2026-05-01T13:21:46.589,A1,1,45,-64.7,-94.0,-29.4,52.76,108,5352,5698,8742,21011,1206,767407089,1
2026-05-01T13:21:46.648,A1,1,46,-63.8,-93.9,-30.1,52.42,120,4932,6291,10317,27143,1331,426221158,1
2026-05-01T13:21:46.798,A1,1,47,-63.6,-93.5,-29.9,60.57,132,4409,7995,9794,26042,1295,759195808,1
2026-05-01T13:21:46.858,A1,1,48,-63.8,-93.1,-29.3,71.81,152,4772,10915,11774,36552,1542,421436854,1
2026-05-01T13:21:46.948,A1,1,49,-63.8,-93.5,-29.6,83.07,148,4686,12294,8388,34823,1509,460392483,1
2026-05-01T13:21:47.129,A1,1,50,-64.0,-93.3,-29.3,58.26,156,5973,9089,12657,37910,1583,598900916,1
2026-05-01T13:21:47.159,A1,1,51,-63.4,-93.2,-29.8,50.43,140,6173,7060,11199,29650,1371,442546192,1
2026-05-01T13:21:47.279,A1,1,52,-64.0,-93.7,-29.8,66.15,156,4245,10319,10601,35574,1533,483775323,1
2026-05-01T13:21:47.398,A1,1,53,-64.3,-94.2,-29.9,62.76,136,3788,8535,9242,28384,1386,399314695,1
2026-05-01T13:21:47.518,A1,1,54,-63.4,-93.2,-29.8,84.31,124,5118,10454,6554,24658,1253,479089859,1
2026-05-01T13:21:47.638,A1,1,55,-64.5,-94.1,-29.6,76.8,120,4993,9216,5501,22004,1229,420570664,1
2026-05-01T13:21:47.788,A1,1,56,-64.1,-94.1,-30.0,69.64,132,4855,9193,5862,22902,1234,427745654,1
2026-05-01T13:21:47.848,A1,1,57,-63.9,-94.4,-30.5,54.15,148,3634,8014,8952,27767,1349,593049638,1
2026-05-01T13:21:47.968,A1,1,58,-63.7,-93.5,-29.8,64.45,140,3373,9023,9199,25595,1289,425696723,1
2026-05-01T13:21:48.058,A1,1,59,-64.0,-94.0,-30.0,54.11,124,4657,6710,9948,26587,1325,772557467,1
2026-05-01T13:21:48.150,A1,1,60,-63.7,-93.8,-30.1,82.16,112,5478,9202,5362,22084,1196,505652125,1
2026-05-01T13:21:48.268,A1,1,61,-64.3,-94.0,-29.8,46.35,120,5466,5562,8997,22220,1223,440514704,1
2026-05-01T13:21:48.358,A1,1,62,-63.6,-93.6,-29.9,69.99,132,3129,9239,8820,25627,1285,462294232,1
2026-05-01T13:21:48.479,A1,1,63,-64.3,-93.6,-29.3,87.88,144,4712,12654,8967,37155,1582,414079016,1
2026-05-01T13:21:48.569,A1,1,64,-63.9,-93.1,-29.2,47.31,168,7726,7948,13706,40677,1637,528325417,1
2026-05-01T13:21:48.690,A1,1,65,-63.9,-93.4,-29.5,90.04,108,4481,9724,6356,21779,1197,408637743,1
2026-05-01T13:21:48.839,A1,1,66,-64.3,-93.6,-29.3,92.74,144,4705,13355,9482,40998,1665,410557536,1
2026-05-01T13:21:48.927,A1,1,67,-64.0,-93.6,-29.6,78.4,160,4305,12544,9321,38200,1588,594421203,1
2026-05-01T13:21:49.049,A1,1,68,-64.0,-93.6,-29.6,56.92,148,5113,8424,10861,31081,1432,414984272,1
2026-05-01T13:21:49.168,A1,1,69,-63.7,-93.5,-29.7,63.7,140,4150,8918,10086,28425,1358,419455231,1
2026-05-01T13:21:49.258,A1,1,70,-63.3,-93.4,-30.0,77.36,132,4425,10212,6629,24208,1236,421089607,1
2026-05-01T13:21:49.378,A1,1,71,-63.4,-93.5,-30.1,53.45,144,5636,7697,10700,30283,1388,426071650,1
2026-05-01T13:21:49.469,A1,1,72,-63.5,-93.6,-30.1,60.65,148,4067,8976,9821,29210,1365,463936422,1
2026-05-01T13:21:49.600,A1,1,73,-63.0,-93.2,-30.2,72.12,128,4916,9231,11243,33568,1439,599122086,1
2026-05-01T13:21:49.679,A1,1,74,-62.6,-93.9,-31.3,61.06,144,2939,8793,7873,25600,1240,490419256,1
2026-05-01T13:21:49.810,A1,1,75,-62.9,-93.2,-30.4,79.28,152,3899,12051,10322,38604,1537,488161071,1
2026-05-01T13:21:49.887,A1,1,76,-63.1,-93.2,-30.1,60.29,120,5103,7235,10136,25585,1260,462662893,1
2026-05-01T13:21:50.025,A1,1,77,-62.7,-93.3,-30.6,56.67,144,4605,8161,10452,29250,1332,760970503,1
2026-05-01T13:21:50.133,A1,1,78,-62.6,-93.1,-30.5,56.14,128,5598,7186,10660,28101,1297,766899306,1
2026-05-01T13:21:50.188,A1,1,79,-62.8,-93.2,-30.4,86.62,116,3595,10048,7730,25187,1239,463644494,1
2026-05-01T13:21:50.308,A1,1,80,-63.3,-93.4,-30.0,80.27,152,5973,12201,7565,34932,1485,462117723,1
2026-05-01T13:21:50.428,A1,1,81,-63.8,-93.4,-29.6,66.34,172,3728,11410,9620,33117,1470,488449729,1
2026-05-01T13:21:50.548,A1,1,82,-63.5,-93.6,-30.0,72.81,168,4291,12232,9337,37942,1559,460138079,1
2026-05-01T13:21:50.669,A1,1,83,-63.2,-93.3,-30.2,76.64,132,4332,10117,7197,25048,1251,485169504,1
2026-05-01T13:21:50.790,A1,1,84,-63.7,-93.4,-29.6,81.4,116,3401,9442,7530,22085,1197,485716293,1
2026-05-01T13:21:50.938,A1,1,85,-63.5,-93.3,-29.8,74.44,128,3500,9528,7754,23095,1216,424964238,1
2026-05-01T13:21:51.028,A1,1,86,-63.6,-93.5,-29.8,64.96,124,4589,8055,10438,28233,1349,497641553,1
2026-05-01T13:21:51.118,A1,1,87,-63.6,-93.6,-30.0,68.57,132,3403,9051,9381,27003,1318,412309595,1
2026-05-01T13:21:51.297,A1,1,88,-64.1,-93.5,-29.4,64.77,132,5119,8550,11440,32597,1476,405723300,1
2026-05-01T13:21:51.360,A1,1,89,-64.1,-93.5,-29.5,74.3,124,3391,9213,8922,25048,1290,456013723,1
2026-05-01T13:21:51.477,A1,1,90,-64.1,-93.2,-29.1,72.63,144,4882,10459,11697,35641,1543,531691047,1
2026-05-01T13:21:51.630,A1,1,91,-64.9,-94.0,-29.1,93.79,112,4965,10505,6298,26233,1358,405676521,1
2026-05-01T13:21:51.718,A1,1,92,-63.8,-93.3,-29.6,62.98,120,4474,7558,10295,25400,1286,392109356,1
2026-05-01T13:21:51.837,A1,1,93,-63.4,-93.5,-30.1,51.68,124,6091,6408,9756,25611,1274,458803767,1
2026-05-01T13:21:51.999,A1,1,94,-64.1,-93.3,-29.2,93.65,124,5929,11612,7073,29680,1406,408311545,1
2026-05-01T13:21:52.049,A1,1,95,-63.5,-93.2,-29.7,89.51,140,6038,12532,8098,35723,1513,648947006,1
2026-05-01T13:21:52.170,A1,1,96,-64.5,-93.3,-28.8,76.34,116,6083,8855,11558,32740,1497,478966516,1
2026-05-01T13:21:52.289,A1,1,97,-64.5,-93.4,-28.9,65.42,136,7238,8897,13664,42741,1713,417760000,1
2026-05-01T13:21:52.409,A1,1,98,-64.5,-93.8,-29.3,71.51,128,3596,9153,7640,22802,1248,764225610,1
2026-05-01T13:21:52.529,A1,1,99,-64.7,-93.5,-28.8,53.34,124,5519,6614,10716,25492,1329,403890288,1
2026-05-01T13:21:52.618,A1,1,100,-65.5,-93.7,-28.2,49.73,132,6730,6565,12050,31452,1517,423242914,1
2026-05-01T13:21:52.737,A1,1,101,-64.9,-93.4,-28.5,84.36,156,3186,13160,12528,44108,1760,429994747,1
2026-05-01T13:21:52.828,A1,1,102,-64.4,-93.4,-29.0,70.93,140,4677,9930,10547,31542,1464,482975951,1
2026-05-01T13:21:53.024,A1,1,103,-64.7,-93.1,-28.4,103.59,124,6741,12845,8669,35459,1571,457949811,1
2026-05-01T13:21:53.039,A1,1,104,-64.7,-93.1,-28.3,100.17,132,7141,13223,7708,34850,1557,579988021,1
2026-05-01T13:21:53.128,A1,1,105,-63.7,-92.4,-28.8,72.78,148,7802,10772,11261,34649,1496,455869380,1
2026-05-01T13:21:53.316,A1,1,106,-65.3,-93.0,-27.7,106.88,124,6511,13253,8522,33654,1558,445244623,1
2026-05-01T13:21:53.396,A1,1,107,-65.3,-92.7,-27.4,87.61,124,6641,10864,8478,25471,1358,420526085,1
2026-05-01T13:21:53.484,A1,1,108,-64.5,-94.0,-29.5,66.3,132,4412,8752,10467,31706,1474,765365688,1
2026-05-01T13:21:53.548,A1,1,109,-64.7,-92.6,-28.0,111.45,104,4279,11591,9912,27889,1391,457235254,1
2026-05-01T13:21:53.688,A1,1,110,-64.4,-93.2,-28.8,60.04,108,8145,6484,9393,25393,1314,721090430,1
2026-05-01T13:21:53.758,A1,1,111,-64.7,-93.7,-29.0,62.47,120,5264,7497,11766,31271,1473,443143312,1
2026-05-01T13:21:53.878,A1,1,112,-64.5,-93.3,-28.9,81.79,116,2655,9488,10873,28500,1396,492263153,1
2026-05-01T13:21:54.028,A1,1,113,-64.8,-94.3,-29.5,61.58,112,1792,6897,9490,22883,1264,406923814,1
2026-05-01T13:21:54.149,A1,1,114,-64.9,-94.5,-29.5,67.44,124,1059,8363,9362,26315,1363,412837439,1
2026-05-01T13:21:54.268,A1,1,115,-65.3,-93.8,-28.5,64.85,120,4068,7782,11009,27824,1421,490170663,1
2026-05-01T13:21:54.358,A1,1,116,-65.7,-94.4,-28.7,64.86,140,4022,9080,10567,32832,1564,467489659,1
2026-05-01T13:21:54.478,A1,1,117,-64.7,-93.6,-28.9,94.97,140,3729,13296,11175,43619,1739,432873129,1
2026-05-01T13:21:54.756,A1,1,118,-65.0,-94.4,-29.4,62.92,128,3636,8054,9439,27034,1384,415602352,1
2026-05-01T13:21:54.757,A1,1,119,-65.2,-93.3,-28.0,98.54,116,3230,11431,8984,27510,1408,459685743,1
2026-05-01T13:21:54.779,A1,1,120,-64.7,-93.5,-28.7,56.02,120,6078,6722,11701,29256,1427,420442521,1
2026-05-01T13:21:54.929,A1,1,121,-64.7,-93.9,-29.2,62.03,116,4322,7195,10485,27070,1371,430843654,1
2026-05-01T13:21:54.959,A1,1,122,-64.1,-93.9,-29.7,90.89,112,3831,10180,6841,25289,1300,443289699,1
2026-05-01T13:21:55.107,A1,1,123,-64.3,-93.7,-29.4,93.09,112,5347,10426,6346,26109,1328,721657681,1
2026-05-01T13:21:55.338,A1,1,124,-64.8,-93.2,-28.4,101.42,132,3971,13387,10466,38361,1638,396157733,1
2026-05-01T13:21:55.339,A1,1,125,-64.5,-93.2,-28.7,53.41,144,5775,7691,12442,31562,1468,465756936,1
2026-05-01T13:21:55.473,A1,1,126,-64.2,-93.5,-29.3,94.19,108,3453,10173,7681,24675,1286,742333999,1
2026-05-01T13:21:55.553,A1,1,127,-64.5,-93.2,-28.7,95.6,140,4558,13384,10091,38653,1629,766154023,1
2026-05-01T13:21:55.637,A1,1,128,-64.6,-93.3,-28.7,60.82,124,5521,7542,12315,30835,1458,390974368,1
2026-05-01T13:21:55.720,A1,1,129,-64.3,-93.4,-29.1,72.11,132,3663,9519,10737,30017,1423,766333632,1
2026-05-01T13:21:55.798,A1,1,130,-64.8,-93.2,-28.4,102.18,132,5318,13488,9805,38412,1637,749118987,1
2026-05-01T13:21:55.931,A1,1,131,-65.6,-94.3,-28.8,84.49,112,3292,9463,8170,25805,1380,743986567,1
2026-05-01T13:21:56.008,A1,1,132,-64.9,-93.3,-28.4,77.56,124,3381,9617,11009,28770,1424,439577608,1
2026-05-01T13:21:56.195,A1,1,133,-64.9,-93.2,-28.3,97.51,132,5759,12871,8189,33171,1530,391987165,1
2026-05-01T13:21:56.283,A1,1,134,-65.1,-93.2,-28.0,85.01,144,3491,12242,12423,38653,1663,433635126,1
2026-05-01T13:21:56.485,A1,1,135,-64.4,-93.7,-29.2,79.43,120,2417,9531,9374,26437,1343,675760026,1
2026-05-01T13:21:56.485,A1,1,136,-64.1,-93.7,-29.6,54.7,128,4871,7002,10337,26659,1334,763485334,1
2026-05-01T13:21:56.531,A1,1,137,-63.8,-93.1,-29.4,85.75,144,6345,12348,7248,32404,1452,443022038,1
2026-05-01T13:21:56.607,A1,1,138,-63.5,-93.7,-30.2,83.25,112,4524,9324,6718,23566,1229,411430393,1
2026-05-01T13:21:56.728,A1,1,139,-63.7,-93.7,-30.0,81.3,148,6217,12033,6880,34941,1505,418374675,1
2026-05-01T13:21:56.848,A1,1,140,-65.1,-93.4,-28.4,95.63,140,6437,13388,7950,36894,1620,483473311,1
2026-05-01T13:21:57.090,A1,1,141,-65.3,-94.0,-28.7,86.1,116,5188,9988,6229,24145,1321,670528461,1
2026-05-01T13:21:57.091,A1,1,142,-65.7,-93.6,-27.9,107.5,124,5611,13330,8093,35328,1621,763373467,1
2026-05-01T13:21:57.178,A1,1,143,-65.7,-93.9,-28.1,58.5,124,6355,7254,10375,27443,1431,747121609,1
2026-05-01T13:21:57.273,A1,1,144,-65.0,-93.3,-28.3,85.05,124,3288,10546,11469,32213,1511,509296839,1
2026-05-01T13:21:57.388,A1,1,145,-65.4,-93.4,-27.9,91.23,128,4197,11677,8501,28204,1434,707033804,1
2026-05-01T13:21:57.519,A1,1,146,-65.1,-94.0,-29.0,48.88,112,5757,5474,10904,27175,1392,766660298,1
2026-05-01T13:21:57.628,A1,1,147,-65.1,-93.5,-28.4,97.18,136,4493,13217,9555,37470,1633,739073594,1
2026-05-01T13:21:57.688,A1,1,148,-65.6,-93.4,-27.8,76.33,144,3710,10992,11221,32334,1545,411338590,1
2026-05-01T13:21:57.808,A1,1,149,-65.4,-93.5,-28.1,87.24,148,3284,12911,11078,38724,1682,433805086,1
2026-05-01T13:21:57.927,A1,1,150,-64.8,-93.8,-29.0,64.96,136,4049,8834,12249,35579,1577,747335485,1
2026-05-01T13:21:58.049,A1,1,151,-65.1,-93.2,-28.1,98.43,144,4874,14174,10736,41604,1725,388274409,1
2026-05-01T13:21:58.198,A1,1,152,-64.9,-93.5,-28.5,67.43,116,4544,7822,12704,32221,1508,413238353,1
2026-05-01T13:21:58.288,A1,1,153,-65.3,-93.6,-28.3,73.33,144,5036,10560,14549,45955,1824,473264510,1
2026-05-01T13:21:58.407,A1,1,154,-65.0,-93.7,-28.7,68.32,136,4925,9292,13495,40546,1698,431994038,1
2026-05-01T13:21:58.528,A1,1,155,-65.6,-94.2,-28.7,91.59,120,5880,10991,6644,30095,1490,437528490,1
2026-05-01T13:21:58.649,A1,1,156,-65.4,-93.6,-28.2,95.95,136,4209,13049,10118,38235,1667,485570228,1
2026-05-01T13:21:58.768,A1,1,157,-65.5,-94.2,-28.7,64.66,128,3845,8277,10606,29491,1473,463281812,1
2026-05-01T13:21:58.899,A1,1,158,-65.5,-93.6,-28.1,56.96,160,5193,9113,14206,40831,1732,398077306,1
2026-05-01T13:21:58.979,A1,1,159,-65.3,-93.6,-28.4,71.6,120,3951,8592,11294,29090,1449,547338990,1
2026-05-01T13:21:59.099,A1,1,160,-65.4,-93.5,-28.1,83.86,148,3284,12411,11588,38484,1672,392043897,1
2026-05-01T13:21:59.252,A1,1,161,-64.9,-94.4,-29.5,54.15,112,4841,6065,11146,30221,1461,434953050,1
2026-05-01T13:21:59.307,A1,1,162,-64.9,-93.3,-28.4,97.99,144,5060,14111,10380,42769,1737,430796724,1
2026-05-01T13:21:59.428,A1,1,163,-65.3,-93.3,-28.0,79.46,148,2749,11760,11735,35305,1596,466949398,1
2026-05-01T13:21:59.517,A1,1,164,-64.9,-94.1,-29.1,80.22,128,2929,10268,10890,35400,1581,424999421,1
2026-05-01T13:21:59.638,A1,1,165,-65.2,-94.6,-29.4,65.09,128,3190,8332,10806,32982,1537,410744716,1
2026-05-01T13:21:59.758,A1,1,166,-65.1,-93.6,-28.6,73.18,156,4259,11416,14216,47641,1841,442348667,1
2026-05-01T13:21:59.848,A1,1,167,-64.8,-93.2,-28.4,90.84,152,7853,13807,8074,39767,1665,449698293,1
2026-05-01T13:21:59.967,A1,1,168,-65.0,-93.6,-28.6,81.64,140,2599,11430,11257,36013,1596,466862348,1
2026-05-01T13:22:00.090,A1,1,169,-65.2,-94.5,-29.3,60.64,120,4383,7277,10636,30546,1483,478806111,1
2026-05-01T13:22:00.259,A1,1,170,-65.2,-93.8,-28.5,102.15,124,5886,12667,7505,34916,1585,397747752,1
2026-05-01T13:22:00.298,A1,1,171,-64.6,-93.4,-28.9,86.23,128,2653,11038,11066,33619,1520,466060093,1
2026-05-01T13:22:00.481,A1,1,172,-64.4,-93.8,-29.4,70.63,128,3643,9041,11638,33926,1520,482627205,1
2026-05-01T13:22:00.508,A1,1,173,-64.6,-93.3,-28.7,86.43,160,3789,13828,11558,44396,1750,493823115,1
2026-05-01T13:22:00.629,A1,1,174,-64.9,-93.5,-28.6,77.61,124,3649,9624,11916,33294,1532,402871907,1
2026-05-01T13:22:00.748,A1,1,175,-65.0,-93.4,-28.4,84.08,132,3658,11098,11745,35480,1584,659199039,1
2026-05-01T13:22:00.867,A1,1,176,-64.8,-93.5,-28.7,93.42,148,5088,13826,9552,41455,1703,442417862,1
2026-05-01T13:22:00.957,A1,1,177,-65.1,-93.6,-28.5,97.34,140,5122,13628,9247,40215,1696,721248797,1
2026-05-01T13:22:01.141,A1,1,178,-64.6,-93.3,-28.7,96.57,136,6222,13134,8885,37661,1611,764661051,1
2026-05-01T13:22:01.176,A1,1,179,-64.4,-93.8,-29.4,74.47,144,4344,10723,11837,40752,1664,395424416,1
2026-05-01T13:22:01.332,A1,1,180,-64.6,-93.4,-28.8,66.7,144,4956,9605,13052,38092,1621,399832869,1
2026-05-01T13:22:01.378,A1,1,181,-64.9,-94.7,-29.7,75.48,124,3768,9360,10568,37296,1623,611985800,1
2026-05-01T13:22:01.497,A1,1,182,-64.8,-93.2,-28.4,105.26,136,7366,14316,8567,42029,1716,417768607,1
2026-05-01T13:22:01.618,A1,1,183,-64.8,-93.9,-29.1,63.39,132,4507,8368,11172,31488,1484,394668221,1
2026-05-01T13:22:01.709,A1,1,184,-65.0,-93.4,-28.4,74.68,148,4724,11052,13059,40541,1696,422430801,1
2026-05-01T13:22:01.828,A1,1,185,-65.0,-93.4,-28.4,87.27,140,4074,12218,12283,40832,1699,721030525,1
2026-05-01T13:22:02.008,A1,1,186,-64.4,-93.5,-29.2,55.05,176,5461,9688,13417,42489,1697,505734183,1
2026-05-01T13:22:02.091,A1,1,187,-64.6,-93.4,-28.7,102.59,124,4774,12721,9623,36553,1589,445037801,1
2026-05-01T13:22:02.129,A1,1,188,-64.3,-93.4,-29.1,81.95,140,3916,11473,11652,38393,1611,456836566,1
2026-05-01T13:22:02.248,A1,1,189,-67.4,-94.4,-27.0,84.57,124,4777,10487,7504,26362,1485,742591631,1
2026-05-01T13:22:02.368,A1,1,190,-64.8,-93.6,-28.8,83.09,144,4875,11965,13023,46195,1799,418278848,1
2026-05-01T13:22:02.488,A1,1,191,-65.1,-93.4,-28.3,89.03,152,5024,13533,10117,40256,1694,446140847,1
2026-05-01T13:22:02.608,A1,1,192,-64.7,-93.5,-28.7,95.93,132,4606,12663,10364,38611,1639,461139864,1
2026-05-01T13:22:02.728,A1,1,193,-64.5,-93.5,-29.0,82.68,128,4537,10583,12192,38752,1627,414286058,1
2026-05-01T13:22:02.819,A1,1,194,-64.8,-93.4,-28.6,90.77,132,6221,11981,7367,31019,1471,440730138,1
2026-05-01T13:22:03.109,A1,1,195,-65.0,-93.7,-28.7,98.06,136,5900,13336,8274,38656,1654,422466691,1
2026-05-01T13:22:03.110,A1,1,196,-65.2,-94.2,-29.1,79.3,132,4792,10468,7556,29472,1453,456741867,1
2026-05-01T13:22:03.148,A1,1,197,-64.5,-93.4,-28.8,89.73,148,4199,13280,10888,41325,1685,522845329,1
2026-05-01T13:22:03.283,A1,1,198,-64.5,-93.6,-29.1,62.14,152,4764,9445,13255,40136,1656,744743902,1
2026-05-01T13:22:03.392,A1,1,199,-64.7,-94.4,-29.8,53.09,144,3844,7645,11109,32935,1510,434811357,1
2026-05-01T13:22:03.507,A1,1,200,-64.3,-93.6,-29.3,76.6,144,4701,11031,14475,50370,1845,392561453,1
2026-05-01T13:22:03.627,A1,1,201,-65.2,-93.7,-28.6,74.21,132,3809,9796,12523,37095,1631,417820045,1
2026-05-01T13:22:03.687,A1,1,202,-64.9,-93.3,-28.4,89.86,148,3627,13300,11021,39727,1672,454786562,1
2026-05-01T13:22:03.808,A1,1,203,-64.5,-93.5,-29.0,84.49,160,5332,13518,9194,40800,1672,402792940,1
2026-05-01T13:22:03.957,A1,1,204,-64.6,-93.7,-29.0,82.54,136,2746,11225,10748,35096,1557,719276050,1
2026-05-01T13:22:04.018,A1,1,205,-64.7,-93.5,-28.8,77.54,160,3114,12407,12731,44410,1755,530712790,1
2026-05-01T13:22:04.137,A1,1,206,-65.0,-94.2,-29.2,81.95,128,5138,10489,7217,29412,1445,618794181,1
2026-05-01T13:22:04.228,A1,1,207,-64.1,-93.6,-29.5,85.57,128,3834,10953,8547,30165,1417,423517955,1
2026-05-01T13:22:04.359,A1,1,208,-64.9,-94.1,-29.1,47.8,164,4300,7840,13342,39133,1662,456638665,1
2026-05-01T13:22:04.437,A1,1,209,-64.7,-93.9,-29.3,83.27,148,4953,12324,7983,36137,1582,463569936,1
2026-05-01T13:22:04.599,A1,1,210,-65.4,-93.6,-28.2,86.89,140,2836,12165,11043,36975,1641,401899192,1
2026-05-01T13:22:04.678,A1,1,211,-64.7,-93.7,-29.0,75.89,144,2985,10928,12470,40164,1668,456676944,1
2026-05-01T13:22:04.829,A1,1,212,-65.2,-94.7,-29.4,51.54,144,3170,7422,10817,31059,1495,478988775,1
2026-05-01T13:22:05.003,A1,1,213,-64.6,-94.0,-29.3,58.12,136,3794,7905,12530,35428,1564,405221864,1
2026-05-01T13:22:05.008,A1,1,214,-64.8,-94.7,-29.9,72.48,136,1930,9857,10318,36774,1604,487459269,1
2026-05-01T13:22:05.129,A1,1,215,-65.0,-93.6,-28.6,97.96,136,6009,13322,8257,38616,1654,397846474,1
2026-05-01T13:22:05.248,A1,1,216,-64.6,-93.8,-29.2,66.17,140,3826,9264,12317,36960,1599,710910156,1
2026-05-01T13:22:05.338,A1,1,217,-65.0,-93.9,-28.9,82.6,136,3083,11233,9707,33275,1534,486432605,1
2026-05-01T13:22:05.457,A1,1,218,-65.2,-93.2,-27.9,100.95,124,4076,12518,10516,34315,1573,436775355,1
2026-05-01T13:22:05.659,A1,1,219,-64.7,-93.5,-28.8,98.98,108,3535,10690,8691,27588,1384,459689800,1
2026-05-01T13:22:05.764,A1,1,220,-64.2,-93.9,-29.7,103.24,96,4666,9911,6157,24325,1278,392271348,1
2026-05-01T13:22:05.845,A1,1,221,-64.3,-94.6,-30.3,69.38,120,2450,8325,8541,26781,1344,446130836,1
2026-05-01T13:22:05.879,A1,1,222,-64.0,-93.4,-29.4,85.6,132,3338,11299,8834,30109,1412,458057803,1
2026-05-01T13:22:06.003,A1,1,223,-91.5,-93.3,-1.8,63.39,148,4179,9382,13112,3182,1573,763025819,1
2026-05-01T13:22:06.087,A1,1,224,-64.9,-94.4,-29.5,95.73,92,4829,8807,5228,21118,1221,491384151,1
2026-05-01T13:22:06.253,A1,1,225,-64.5,-93.4,-28.9,93.69,116,5087,10868,7112,26024,1335,410652568,1
2026-05-01T13:22:06.329,A1,1,226,-64.3,-93.8,-29.5,77.29,136,3450,10511,7421,26295,1334,486875760,1
2026-05-01T13:22:06.421,A1,1,227,-64.0,-94.0,-30.0,54.22,116,4046,6289,9352,22944,1231,401947357,1
2026-05-01T13:22:06.568,A1,1,228,-65.2,-94.0,-28.8,72.11,136,3021,9807,9879,29856,1463,724320109,1
2026-05-01T13:22:06.657,A1,1,229,-64.5,-94.6,-30.1,56.05,128,3020,7174,8178,22337,1236,443440608,1
2026-05-01T13:22:06.777,A1,1,230,-64.8,-93.7,-28.9,76.36,116,3041,8858,9649,25208,1328,403564127,1
2026-05-01T13:22:06.898,A1,1,231,-64.8,-93.8,-29.1,77.09,116,3381,8942,6499,19391,1163,468406012,1
2026-05-01T13:22:06.987,A1,1,232,-64.0,-93.0,-28.9,92.82,104,5378,9653,5677,19343,1133,505248694,1
2026-05-01T13:22:07.108,A1,1,233,-64.6,-93.3,-28.7,91.08,104,4806,9472,5845,19126,1147,411650362,1
2026-05-01T13:22:07.227,A1,1,234,-64.9,-93.5,-28.6,93.33,120,5114,11200,6832,26290,1359,740751784,1
2026-05-01T13:22:07.378,A1,1,235,-64.6,-93.6,-28.9,83.35,104,2963,8668,9026,22904,1258,411259598,1
2026-05-01T13:22:07.469,A1,1,236,-64.6,-93.9,-29.2,77.46,136,3854,10535,7724,27532,1380,413426900,1
2026-05-01T13:22:07.559,A1,1,237,-65.0,-94.4,-29.4,76.08,116,4915,8825,5060,20907,1216,453264732,1
2026-05-01T13:22:07.774,A1,1,238,-64.1,-93.8,-29.7,74.11,112,2331,8300,8285,21713,1204,487531716,1
2026-05-01T13:22:07.774,A1,1,239,-64.8,-94.5,-29.7,75.71,112,3531,8480,5607,19756,1177,456375857,1
2026-05-01T13:22:07.941,A1,1,240,-64.4,-93.9,-29.5,53.94,124,4657,6688,9658,24383,1288,409027181,1
2026-05-01T13:22:07.979,A1,1,241,-64.6,-93.7,-29.1,83.99,128,3059,10751,9710,31207,1467,684781638,1
2026-05-01T13:22:08.098,A1,1,242,-64.3,-93.9,-29.6,76.11,120,2378,9133,8322,24333,1283,442165398,1
2026-05-01T13:22:08.218,A1,1,243,-64.3,-93.9,-29.6,87.67,128,3369,11222,7891,30227,1429,403638560,1
2026-05-01T13:22:08.386,A1,1,244,-63.9,-94.0,-30.1,49.79,112,4436,5577,8852,20755,1167,441747311,1
2026-05-01T13:22:08.398,A1,1,245,-63.9,-94.0,-30.1,81.77,124,2959,10140,7427,26600,1323,695445554,1
2026-05-01T13:22:08.557,A1,1,246,-63.8,-93.8,-30.0,55.29,124,4782,6856,10531,27774,1346,438950573,1
2026-05-01T13:22:08.636,A1,1,247,-64.1,-94.2,-30.0,92.75,96,4414,8904,5232,20677,1175,394927966,1
2026-05-01T13:22:08.697,A1,1,248,-63.6,-93.5,-29.9,92.76,128,6495,11873,6776,33805,1475,438431395,1
2026-05-01T13:22:08.847,A1,1,249,-64.1,-94.6,-30.5,85.13,100,3904,8513,5423,21186,1186,745935286,1
2026-05-01T13:22:08.986,A1,1,250,-64.2,-94.0,-29.8,89.56,120,3857,10747,7363,29122,1396,399725573,1
2026-05-01T13:22:09.029,A1,1,251,-64.2,-94.6,-30.3,70.7,112,2356,7918,6887,20721,1180,496084875,1
2026-05-01T13:22:09.207,A1,1,252,-64.6,-93.9,-29.4,63.79,136,3804,8675,11490,33574,1520,404423140,1
2026-05-01T13:22:09.237,A1,1,253,-65.0,-94.8,-29.9,65.76,112,2528,7365,8239,23152,1279,436848471,1
2026-05-01T13:22:09.358,A1,1,254,-64.1,-93.9,-29.8,80.71,120,2151,9685,8543,26722,1335,764452004,1
2026-05-01T13:22:09.448,A1,1,255,-64.1,-93.8,-29.7,93.26,124,2628,11564,9485,34927,1525,632382056,1
2026-05-01T13:22:09.569,A1,1,256,-64.2,-94.2,-30.0,90.26,96,3039,8665,6283,20281,1165,501734611,1
2026-05-01T13:22:09.689,A1,1,257,-64.5,-93.8,-29.4,74.44,128,2934,9528,11423,34291,1530,403635897,1
2026-05-01T13:22:09.853,A1,1,258,-64.3,-93.8,-29.5,75.78,136,2634,10306,11172,35406,1546,499655503,1
2026-05-01T13:22:09.960,A1,1,259,-63.9,-93.4,-29.5,100.91,112,5404,11302,6683,28149,1358,390967357,1
2026-05-01T13:22:10.036,A1,1,260,-64.2,-93.7,-29.5,94.98,104,3496,9878,6817,23171,1247,460473661,1
2026-05-01T13:22:10.112,A1,1,261,-64.8,-93.6,-28.8,94.65,120,4873,11358,7415,28281,1406,745892800,1
2026-05-01T13:22:10.199,A1,1,262,-64.2,-94.4,-30.2,64.38,108,2749,6953,8685,22873,1239,504834355,1
2026-05-01T13:22:10.318,A1,1,263,-64.4,-93.9,-29.6,85.24,112,2213,9547,8317,25256,1309,725031436,1
2026-05-01T13:22:10.408,A1,1,264,-64.0,-93.9,-29.9,61.45,108,3624,6637,9889,24352,1269,441848222,1
2026-05-01T13:22:10.560,A1,1,265,-63.9,-93.8,-29.9,99.78,96,5003,9579,5550,22793,1224,431551925,1
2026-05-01T13:22:10.648,A1,1,266,-64.6,-94.8,-30.2,92.59,88,3346,8148,5758,20512,1189,473615296,1
2026-05-01T13:22:10.767,A1,1,267,-64.2,-94.1,-29.9,57.46,132,5407,7585,12313,38275,1601,651164937,1
2026-05-01T13:22:10.918,A1,1,268,-64.1,-93.5,-29.4,84.9,128,5125,10867,6590,26681,1332,396600761,1
2026-05-01T13:22:11.008,A1,1,269,-64.2,-94.1,-29.9,83.44,132,5427,11014,6378,30675,1433,471383509,1
2026-05-01T13:22:11.127,A1,1,270,-64.2,-93.7,-29.5,94.71,128,5398,12123,7779,34739,1528,453990198,1
2026-05-01T13:22:11.247,A1,1,271,-63.6,-94.5,-30.9,47.99,128,3779,6143,8541,23091,1220,456732212,1
2026-05-01T13:22:11.337,A1,1,272,-64.1,-94.0,-29.9,62.71,132,4607,8278,11320,34336,1511,763740197,1
2026-05-01T13:22:11.457,A1,1,273,-64.1,-94.8,-30.7,61.9,120,3295,7428,8591,26769,1336,450881744,1
2026-05-01T13:22:11.640,A1,1,274,-63.7,-93.9,-30.2,62.93,132,2812,8307,9234,25878,1297,744974926,1
2026-05-01T13:22:11.716,A1,1,275,-63.9,-94.1,-30.3,62.04,164,3183,10175,10424,36805,1553,431611932,1
2026-05-01T13:22:11.799,A1,1,276,-64.3,-94.8,-30.6,68.95,112,2909,7722,8468,26471,1336,703867943,1
2026-05-01T13:22:11.907,A1,1,277,-64.0,-94.1,-30.0,78.45,140,5001,10983,6368,29971,1410,416651397,1
2026-05-01T13:22:11.991,A1,1,278,-64.3,-94.1,-29.8,87.33,112,3717,9781,6421,24034,1272,747533112,1
2026-05-01T13:22:12.087,A1,1,279,-63.5,-93.9,-30.4,55.02,132,3964,7262,9741,26160,1292,632392036,1
2026-05-01T13:22:12.179,A1,1,280,-63.8,-93.9,-30.1,76.88,156,4191,11993,7845,35020,1509,452678255,1
2026-05-01T13:22:12.324,A1,1,281,-63.5,-94.0,-30.5,52.06,116,4232,6039,8757,21779,1179,461374069,1
2026-05-01T13:22:12.387,A1,1,282,-63.3,-94.1,-30.8,50.31,132,4119,6641,9146,24943,1254,745260226,1
2026-05-01T13:22:12.525,A1,1,283,-63.8,-93.9,-30.1,88.56,132,4889,11690,7686,34685,1504,415200840,1
2026-05-01T13:22:12.599,A1,1,284,-63.5,-94.1,-30.6,82.52,108,3605,8912,5750,21295,1168,500907925,1
2026-05-01T13:22:12.718,A1,1,285,-64.2,-94.9,-30.8,43.0,104,4840,4472,7879,20480,1170,659683400,1
2026-05-01T13:22:12.807,A1,1,286,-63.1,-94.1,-31.1,80.72,104,4226,8395,5320,20473,1127,760639740,1
2026-05-01T13:22:12.987,A1,1,287,-63.1,-94.3,-31.2,59.02,112,3505,6610,8377,22941,1194,417883930,1
2026-05-01T13:22:13.083,A1,1,288,-63.6,-94.8,-31.2,57.77,128,2802,7395,8470,26450,1306,404431030,1
2026-05-01T13:22:13.107,A1,1,289,-63.2,-93.9,-30.7,64.92,176,2866,11426,10850,42022,1622,454456952,1
2026-05-01T13:22:13.230,A1,1,290,-64.5,-93.8,-29.3,61.3,116,4163,7111,9839,24297,1292,504997044,1
2026-05-01T13:22:13.349,A1,1,291,-64.8,-94.2,-29.4,46.66,128,5082,5972,8767,21674,1231,405935919,1
2026-05-01T13:22:13.437,A1,1,292,-64.6,-93.9,-29.3,66.85,164,3713,10963,10630,36666,1588,460749451,1
2026-05-01T13:22:13.557,A1,1,293,-65.2,-93.5,-28.3,84.47,148,6137,12502,7577,32622,1530,747250442,1
2026-05-01T13:22:13.721,A1,1,294,-64.5,-93.3,-28.9,90.77,128,5082,11618,7498,28703,1401,391528014,1
2026-05-01T13:22:13.739,A1,1,295,-65.0,-93.4,-28.4,54.74,124,7120,6788,12035,31262,1489,435518833,1
2026-05-01T13:22:13.899,A1,1,296,-65.3,-94.3,-29.0,66.06,140,3547,9248,10705,33202,1550,439083048,1
2026-05-01T13:22:13.983,A1,1,297,-64.6,-93.2,-28.6,79.39,136,4007,10797,12469,36935,1596,397359385,1
2026-05-01T13:22:14.037,A1,1,298,-63.9,-93.9,-29.9,84.39,124,3260,10464,7372,27077,1334,391275479,1
2026-05-01T13:22:14.157,A1,1,299,-64.6,-93.9,-29.3,89.81,124,3040,11137,8677,30947,1460,491641595,1
2026-05-01T13:22:14.279,A1,1,300,-64.7,-94.1,-29.4,81.1,112,5463,9083,5387,22149,1241,439052095,1
2026-05-01T13:22:14.368,A1,1,301,-65.1,-93.8,-28.8,62.8,112,5236,7034,10898,27897,1410,405405007,1
2026-05-01T13:22:14.507,A1,1,302,-65.0,-93.3,-28.4,97.44,152,7768,14811,8560,45289,1790,440698716,1
2026-05-01T13:22:14.577,A1,1,303,-64.8,-93.7,-28.9,84.03,128,3801,10756,7586,26348,1357,445312488,1
2026-05-01T13:22:14.699,A1,1,304,-64.9,-94.9,-30.1,63.6,128,2730,8141,8613,27619,1393,463502453,1
2026-05-01T13:22:14.819,A1,1,305,-64.8,-94.2,-29.4,52.83,120,4311,6339,10346,26230,1352,415358968,1
2026-05-01T13:22:14.937,A1,1,306,-65.1,-94.0,-28.9,88.99,144,5032,12814,7800,36983,1625,410446419,1
2026-05-01T13:22:15.057,A1,1,307,-65.3,-93.3,-28.1,50.08,148,6303,7412,12836,32364,1528,408520611,1
2026-05-01T13:22:15.148,A1,1,308,-64.3,-93.3,-29.0,100.07,120,5228,12009,8077,31305,1454,391748443,1
2026-05-01T13:22:15.315,A1,1,309,-64.5,-93.3,-28.8,67.75,112,5778,7588,12075,30751,1450,481961959,1
2026-05-01T13:22:15.394,A1,1,310,-65.2,-93.0,-27.8,113.72,120,6277,13646,8472,34950,1587,761769956,1
2026-05-01T13:22:15.449,A1,1,311,-65.0,-94.0,-29.0,92.81,108,4883,10023,6686,25190,1337,454461794,1
2026-05-01T13:22:15.567,A1,1,312,-66.0,-93.3,-27.3,85.44,116,2277,9911,10245,24428,1361,448574265,1
2026-05-01T13:22:15.687,A1,1,313,-64.8,-93.6,-28.8,64.31,108,4466,6946,10478,24559,1309,488244870,1
2026-05-01T13:22:15.837,A1,1,314,-64.3,-93.9,-29.7,99.25,100,1630,9925,7928,25143,1301,402261342,1
2026-05-01T13:22:15.897,A1,1,315,-65.2,-95.0,-29.8,77.27,120,1654,9272,7755,27691,1410,389863355,1
2026-05-01T13:22:16.017,A1,1,316,-64.5,-93.5,-29.0,33.26,152,9667,5056,9611,28961,1407,396375797,1
2026-05-01T13:22:16.138,A1,1,317,-63.3,-89.4,-26.1,111.37,140,16367,15592,11448,37399,1534,402093766,1
2026-05-01T13:22:16.257,A1,1,318,-64.6,-94.3,-29.8,45.58,144,7310,6564,10851,35524,1563,443434445,1
2026-05-01T13:22:16.378,A1,1,319,-65.7,-94.5,-28.8,52.92,112,5241,5927,8787,22113,1283,400702065,1
2026-05-01T13:22:16.498,A1,1,320,-65.0,-93.6,-28.6,79.13,120,4724,9496,7551,22916,1274,461407454,1
2026-05-01T13:22:16.649,A1,1,321,-65.0,-92.5,-27.5,80.53,140,5867,11274,15939,44242,1771,437511217,1
2026-05-01T13:22:16.733,A1,1,322,-63.5,-89.8,-26.3,99.41,128,12509,12725,12843,30456,1393,420233156,1
2026-05-01T13:22:16.841,A1,1,323,-64.0,-89.9,-25.9,100.16,156,14945,15625,9992,35303,1529,417486777,1
2026-05-01T13:22:16.924,A1,1,324,-64.2,-88.7,-24.5,136.58,124,11593,16936,11135,25275,1301,455147511,1
2026-05-01T13:22:17.007,A1,1,325,-64.6,-93.7,-29.1,56.88,136,7386,7735,12718,39168,1645,439183354,1
2026-05-01T13:22:17.157,A1,1,326,-64.7,-94.4,-29.8,68.68,120,854,8242,8951,25078,1318,457804719,1
2026-05-01T13:22:17.247,A1,1,327,-65.2,-94.2,-29.0,78.73,112,3624,8818,10436,30882,1491,400479682,1
2026-05-01T13:22:17.367,A1,1,328,-65.5,-93.6,-28.1,74.64,136,3488,10151,9694,27481,1420,466280498,1
2026-05-01T13:22:17.519,A1,1,329,-65.7,-93.3,-27.6,102.13,128,4544,13073,9571,34322,1600,426715678,1
2026-05-01T13:22:17.607,A1,1,330,-65.1,-93.7,-28.7,95.48,124,3770,11840,9835,34858,1575,395820129,1
2026-05-01T13:22:17.697,A1,1,331,-65.1,-93.4,-28.3,96.76,100,4338,9676,7267,21353,1234,392351982,1
2026-05-01T13:22:17.818,A1,1,332,-65.5,-93.4,-27.9,80.38,128,5575,10289,12523,36802,1643,477677731,1
2026-05-01T13:22:17.909,A1,1,333,-66.1,-93.0,-26.9,99.4,124,3198,12326,11788,32693,1581,392340389,1
2026-05-01T13:22:18.073,A1,1,334,-64.0,-94.0,-30.0,75.86,124,4125,9407,6251,23230,1239,487022336,1
2026-05-01T13:22:18.157,A1,1,335,-64.1,-92.4,-28.3,86.84,112,6953,9726,8328,23162,1240,431725409,1
2026-05-01T13:22:18.238,A1,1,336,-66.2,-90.8,-24.6,83.54,128,9907,10693,10231,20891,1270,738346426,1
2026-05-01T13:22:18.328,A1,1,337,-65.0,-95.0,-30.0,44.59,96,6786,4281,8649,26150,1362,418446593,1
2026-05-01T13:22:18.507,A1,1,338,-65.0,-94.5,-29.5,59.33,124,5290,7357,9368,28487,1423,437561591,1
2026-05-01T13:22:18.568,A1,1,339,-64.0,-89.6,-25.7,131.28,104,8523,13653,11799,23306,1240,743172402,1
2026-05-01T13:22:18.657,A1,1,340,-64.5,-88.8,-24.3,151.82,116,13090,17611,11701,28836,1403,435988544,1
2026-05-01T13:22:18.777,A1,1,341,-62.7,-83.5,-20.7,133.45,128,13215,17081,16463,23563,1195,421489307,1
2026-05-01T13:22:18.898,A1,1,342,-64.0,-91.4,-27.4,104.48,104,6173,10866,11469,25463,1298,395965299,1
2026-05-01T13:22:19.017,A1,1,343,-64.9,-91.0,-26.0,109.53,128,9075,14020,14518,36336,1600,404870152,1
2026-05-01T13:22:19.137,A1,1,344,-63.0,-92.8,-29.8,29.44,132,8888,3886,7997,20646,1130,394717485,1
2026-05-01T13:22:19.257,A1,1,345,-64.1,-92.2,-28.1,77.93,132,5992,10287,12950,32186,1464,441488562,1
2026-05-01T13:22:19.347,A1,1,346,-61.7,-95.2,-33.5,48.48,128,3844,6206,5226,19863,1059,404323209,1
2026-05-01T13:22:19.469,A1,1,347,-63.7,-94.5,-30.8,69.2,132,4222,9135,8843,32658,1455,467101168,1
2026-05-01T13:22:19.603,A1,1,348,-62.2,-94.0,-31.8,83.28,96,3212,7995,7763,24112,1187,395922645,1
2026-05-01T13:22:19.707,A1,1,349,-62.5,-93.3,-30.8,29.78,144,8716,4289,8633,25399,1231,764296874,1
2026-05-01T13:22:19.827,A1,1,350,-60.6,-93.3,-32.6,20.7,164,7219,3394,5771,16554,932,743647655,1
2026-05-01T13:22:19.917,A1,1,351,-63.4,-94.4,-31.0,33.69,144,8436,4851,8596,30862,1401,394655012,1
2026-05-01T13:22:20.007,A1,1,352,-63.8,-94.0,-30.1,100.13,116,4585,11615,6951,32652,1462,455483527,1
2026-05-01T13:22:20.181,A1,1,353,-63.1,-92.5,-29.4,85.94,108,5194,9282,10263,26131,1276,762759092,1
2026-05-01T13:22:20.219,A1,1,354,-63.5,-93.5,-30.0,85.12,116,3998,9874,7332,24400,1247,437999396,1
2026-05-01T13:22:20.337,A1,1,355,-63.1,-93.6,-30.5,72.09,128,5689,9227,8119,28202,1324,459163747,1
2026-05-01T13:22:20.487,A1,1,356,-63.0,-92.6,-29.6,35.59,180,10171,6406,10304,30914,1381,458376171,1
2026-05-01T13:22:20.578,A1,1,357,-64.6,-93.7,-29.1,80.89,88,5166,7118,8576,21574,1218,387377381,1
2026-05-01T13:22:20.698,A1,1,358,-64.2,-93.8,-29.6,90.27,100,2042,9027,9804,27103,1349,408802279,1
2026-05-01T13:22:20.788,A1,1,359,-62.7,-94.5,-31.8,69.08,92,3331,6355,8953,25786,1247,692104560,1
2026-05-01T13:22:20.928,A1,1,360,-64.3,-93.8,-29.6,95.5,96,3783,9168,5671,19715,1153,736878923,1
2026-05-01T13:22:20.999,A1,1,361,-63.3,-95.3,-32.0,57.93,124,2214,7183,7337,25022,1256,519937193,1
2026-05-01T13:22:21.126,A1,1,362,-64.6,-93.4,-28.7,93.33,116,4755,10826,6926,24744,1307,708685053,1
2026-05-01T13:22:21.209,A1,1,363,-64.8,-93.2,-28.5,90.7,88,3406,7982,10137,22500,1252,438620206,1
2026-05-01T13:22:21.327,A1,1,364,-64.9,-93.0,-28.2,75.45,128,6586,9658,11504,32159,1502,454656058,1
2026-05-01T13:22:21.448,A1,1,365,-64.8,-92.9,-28.1,96.27,116,5387,11167,9889,29673,1440,465940791,1
2026-05-01T13:22:21.539,A1,1,366,-64.7,-94.1,-29.4,74.32,120,4574,8918,8060,25742,1337,456294855,1
2026-05-01T13:22:21.687,A1,1,367,-64.3,-93.3,-29.0,90.87,124,5067,11268,9414,32176,1475,454723089,1
2026-05-01T13:22:21.770,A1,1,368,-64.2,-92.4,-28.2,67.46,112,8817,7556,11241,28460,1380,518238895,1
2026-05-01T13:22:21.869,A1,1,369,-64.5,-93.2,-28.7,79.95,112,4397,8954,8940,22909,1252,481215844,1
2026-05-01T13:22:21.957,A1,1,370,-64.6,-93.1,-28.5,98.44,100,5573,9844,6190,20502,1189,459513877,1
2026-05-01T13:22:22.077,A1,1,371,-65.2,-94.0,-28.7,68.86,96,4307,6611,9088,21001,1230,458690497,1
2026-05-01T13:22:22.229,A1,1,372,-64.5,-92.6,-28.1,105.84,108,6765,11431,7968,26962,1361,464184286,1
2026-05-01T13:22:22.318,A1,1,373,-64.9,-93.2,-28.3,78.25,96,4696,7512,9492,21100,1219,417658168,1
2026-05-01T13:22:22.437,A1,1,374,-64.8,-93.9,-29.2,61.44,104,4825,6390,9456,22929,1264,411035681,1
2026-05-01T13:22:22.527,A1,1,375,-64.0,-93.5,-29.4,87.7,96,3902,8419,6652,18316,1101,408661637,1
2026-05-01T13:22:22.648,A1,1,376,-64.6,-93.7,-29.1,58.35,148,4317,8636,12456,35637,1567,466215720,1
2026-05-01T13:22:22.769,A1,1,377,-64.6,-93.8,-29.2,63.94,112,3534,7161,9228,21803,1226,409929718,1
2026-05-01T13:22:22.888,A1,1,378,-65.1,-93.6,-28.5,116.65,84,5940,9799,5675,22145,1259,406849014,1
2026-05-01T13:22:22.977,A1,1,379,-64.4,-92.6,-28.2,119.0,100,7419,11900,7811,28835,1401,435205528,1
2026-05-01T13:22:23.098,A1,1,380,-64.7,-92.6,-27.9,100.3,120,6310,12036,9435,30285,1449,491404630,1
2026-05-01T13:22:23.249,A1,1,381,-65.1,-93.0,-27.9,93.74,120,6199,11249,9077,28845,1436,413344952,1
2026-05-01T13:22:23.337,A1,1,382,-65.1,-93.4,-28.3,92.81,96,5032,8910,7095,19921,1191,485531598,1
2026-05-01T13:22:23.474,A1,1,383,-64.6,-92.8,-28.2,97.77,112,5990,10950,8007,25374,1321,586037388,1
2026-05-01T13:22:23.587,A1,1,384,-65.1,-92.6,-27.5,104.05,132,9005,13734,8013,35833,1601,761345686,1
2026-05-01T13:22:23.682,A1,1,385,-65.0,-92.6,-27.6,86.24,140,7110,12073,13743,41533,1714,761351658,1
2026-05-01T13:22:23.757,A1,1,386,-64.7,-92.8,-28.2,81.37,128,6034,10415,10496,29590,1431,397554102,1
2026-05-01T13:22:23.878,A1,1,387,-65.3,-93.5,-28.2,91.61,108,6468,9894,6323,23263,1297,407493015,1
2026-05-01T13:22:23.997,A1,1,388,-64.3,-92.5,-28.2,99.43,104,6444,10341,6850,21418,1203,664762226,1
2026-05-01T13:22:24.168,A1,1,389,-64.6,-92.8,-28.2,84.68,108,5758,9145,10060,25175,1319,438531859,1
2026-05-01T13:22:24.244,A1,1,390,-64.5,-92.9,-28.4,97.86,116,6998,11352,7423,27992,1383,436996344,1
2026-05-01T13:22:24.298,A1,1,391,-64.8,-92.7,-27.9,64.22,116,6544,7450,11012,24778,1316,459605818,1
2026-05-01T13:22:24.417,A1,1,392,-64.9,-93.8,-28.9,60.17,120,5927,7220,9543,25413,1337,430296103,1
2026-05-01T13:22:24.538,A1,1,393,-65.0,-93.1,-28.1,96.28,124,6223,11939,8896,31390,1493,428066966,1
2026-05-01T13:22:24.657,A1,1,394,-64.8,-93.2,-28.5,92.53,120,5876,11103,8094,28253,1404,423321869,1
2026-05-01T13:22:24.790,A1,1,395,-64.5,-93.3,-28.8,68.27,144,6595,9831,11206,34593,1537,414343363,1
2026-05-01T13:22:24.869,A1,1,396,-64.0,-93.3,-29.2,86.92,148,7413,12864,8181,38540,1598,740021837,1
2026-05-01T13:22:24.988,A1,1,397,-63.7,-93.0,-29.3,91.72,112,6426,10273,6752,24996,1271,440193543,1
2026-05-01T13:22:25.167,A1,1,398,-63.7,-93.1,-29.4,61.28,120,6328,7353,9861,25410,1284,456375024,1
2026-05-01T13:22:25.197,A1,1,399,-64.0,-93.7,-29.8,77.85,120,6845,9342,5839,25363,1294,391924275,1
2026-05-01T13:22:25.319,A1,1,400,-64.3,-92.8,-28.5,78.24,136,7993,10641,11446,36592,1571,459198496,1
2026-05-01T13:22:25.438,A1,1,401,-63.9,-93.4,-29.5,86.42,112,6612,9679,6323,24636,1271,423797631,1
2026-05-01T13:22:25.612,A1,1,402,-63.8,-92.8,-29.0,62.17,144,7316,8952,11136,31781,1441,501534285,1
2026-05-01T13:22:25.649,A1,1,403,-63.8,-93.3,-29.5,73.25,124,5497,9083,6950,22138,1203,436855913,1
2026-05-01T13:22:25.771,A1,1,404,-63.7,-93.3,-29.6,82.73,116,6985,9597,5491,23734,1238,718050828,1
2026-05-01T13:22:25.859,A1,1,405,-64.3,-93.1,-28.7,80.62,136,6902,10964,11060,36378,1568,452734806,1
2026-05-01T13:22:26.041,A1,1,406,-63.9,-92.8,-28.9,56.43,128,7242,7223,10478,25940,1306,439270080,1
2026-05-01T13:22:26.067,A1,1,407,-63.9,-93.2,-29.3,70.48,128,7289,9021,10233,31881,1449,390422777,1
2026-05-01T13:22:26.218,A1,1,408,-64.0,-93.6,-29.6,81.05,164,8240,13293,7617,43999,1706,470964659,1
2026-05-01T13:22:26.308,A1,1,409,-63.7,-93.6,-30.0,87.11,108,6894,9408,5449,24853,1267,474222970,1
2026-05-01T13:22:26.528,A1,1,410,-64.1,-93.4,-29.3,79.38,128,5502,10160,7909,26949,1338,724404108,1
2026-05-01T13:22:26.529,A1,1,411,-63.4,-93.4,-30.0,48.22,180,7933,8680,8999,31814,1420,400110573,1
2026-05-01T13:22:26.638,A1,1,412,-63.4,-92.9,-29.5,58.63,156,9592,9146,11388,39700,1588,405098114,1
2026-05-01T13:22:26.759,A1,1,413,-63.4,-93.3,-29.9,56.71,168,5505,9528,8286,26997,1309,483996708,1
2026-05-01T13:22:26.897,A1,1,414,-64.0,-93.0,-29.0,72.64,104,7098,7555,9519,25187,1289,392962309,1
2026-05-01T13:22:26.969,A1,1,415,-63.5,-92.8,-29.3,66.36,136,6706,9025,9146,26287,1295,479420766,1
2026-05-01T13:22:27.087,A1,1,416,-64.5,-93.9,-29.4,72.65,132,6188,9590,6789,26325,1342,741183577,1
2026-05-01T13:22:27.178,A1,1,417,-63.8,-93.3,-29.4,80.35,124,6748,9963,7159,26620,1320,630714584,1
2026-05-01T13:22:27.299,A1,1,418,-64.2,-93.2,-29.1,69.72,128,7216,8924,9927,30363,1426,721292140,1
2026-05-01T13:22:27.449,A1,1,419,-64.2,-92.6,-28.4,76.31,128,8305,9768,12292,35746,1550,486207615,1
2026-05-01T13:22:27.538,A1,1,420,-63.9,-93.0,-29.1,88.76,116,7075,10296,6038,24408,1267,463686333,1
2026-05-01T13:22:27.658,A1,1,421,-65.1,-93.1,-27.9,93.11,128,6580,11918,8497,30641,1481,709781762,1
2026-05-01T13:22:27.764,A1,1,422,-64.5,-92.9,-28.4,72.86,116,6602,8452,10050,25862,1332,391055910,1
2026-05-01T13:22:27.839,A1,1,423,-65.1,-92.7,-27.6,86.34,128,7871,11052,12867,38247,1651,500945116,1
2026-05-01T13:22:27.957,A1,1,424,-64.7,-92.9,-28.2,83.0,96,5300,7968,10786,24486,1304,475185465,1
2026-05-01T13:22:28.162,A1,1,425,-65.2,-92.9,-27.7,97.65,112,5658,10937,11013,30943,1490,407369409,1
2026-05-01T13:22:28.171,A1,1,426,-64.8,-92.7,-27.9,105.88,120,8697,12706,7512,32883,1515,436120950,1
2026-05-01T13:22:28.297,A1,1,427,-64.9,-92.8,-27.8,116.28,112,8367,13023,7927,34133,1552,389470145,1
2026-05-01T13:22:28.409,A1,1,428,-64.4,-92.8,-28.5,107.04,92,4670,9848,9604,25011,1302,422154989,1
2026-05-01T13:22:28.497,A1,1,429,-64.9,-93.3,-28.3,103.71,104,5486,10786,7428,25425,1339,423178630,1
2026-05-01T13:22:28.616,A1,1,430,-64.8,-92.8,-28.0,81.46,124,4794,10101,10734,27570,1386,394974473,1
2026-05-01T13:22:28.738,A1,1,431,-64.9,-92.8,-27.9,93.75,128,4861,12000,12731,37386,1625,408320488,1
2026-05-01T13:22:28.857,A1,1,432,-65.1,-93.8,-28.7,91.05,100,4283,9105,9668,27285,1394,393479089,1
2026-05-01T13:22:28.979,A1,1,433,-65.1,-92.8,-27.8,99.44,132,6618,13126,10194,36293,1609,456716404,1
2026-05-01T13:22:29.152,A1,1,434,-64.5,-92.8,-28.3,90.55,112,4994,10142,8485,23090,1257,419838693,1
2026-05-01T13:22:29.188,A1,1,435,-64.4,-93.1,-28.6,88.58,132,4977,11693,12207,38599,1622,442416376,1
2026-05-01T13:22:29.277,A1,1,436,-64.1,-93.2,-29.1,83.77,116,4391,9717,9690,27452,1353,759097014,1
2026-05-01T13:22:29.447,A1,1,437,-64.4,-94.3,-29.9,69.08,116,3944,8013,9586,28385,1388,437672109,1
2026-05-01T13:22:29.488,A1,1,438,-64.2,-93.0,-28.9,91.46,112,4481,10243,12279,34921,1528,708438477,1
2026-05-01T13:22:29.609,A1,1,439,-64.6,-93.6,-29.0,64.95,124,4003,8054,11246,28718,1406,487835641,1
2026-05-01T13:22:30.958,A1,1,440,-64.5,-93.4,-28.9,74.87,128,4146,9583,12204,34771,1543,740858454,1
2026-05-01T13:22:30.958,A1,1,441,-64.2,-92.8,-28.5,106.32,96,6721,10207,6128,21995,1216,484624080,1
2026-05-01T13:22:30.958,A1,1,442,-65.1,-93.3,-28.2,97.36,112,4286,10904,8862,27031,1389,728618658,1
2026-05-01T13:22:30.958,A1,1,443,-64.4,-92.8,-28.4,119.69,96,7072,11490,6902,27274,1362,438138688,1
2026-05-01T13:22:30.959,A1,1,444,-65.2,-93.1,-27.9,107.86,112,7050,12080,7062,29054,1446,434307150,1
2026-05-01T13:22:30.959,A1,1,445,-64.4,-93.8,-29.5,88.34,92,490,8127,8619,21096,1196,407751902,1
2026-05-01T13:22:30.959,A1,1,446,-63.9,-93.7,-29.8,99.81,112,4689,11179,7011,29295,1388,738552251,1
2026-05-01T13:22:30.959,A1,1,447,-64.7,-93.7,-29.0,69.61,148,4080,10302,9340,29674,1437,419638055,1
2026-05-01T13:22:30.959,A1,1,448,-63.2,-92.9,-29.7,37.01,136,7728,5034,6569,16672,1021,390976946,1
2026-05-01T13:22:30.959,A1,1,449,-63.7,-92.5,-28.8,38.08,204,8108,7769,7880,21786,1188,483746637,1
2026-05-01T13:22:30.959,A1,1,450,-63.8,-92.3,-28.5,26.32,208,9372,5475,10175,24026,1253,433296768,1
2026-05-01T13:22:30.959,A1,1,451,-65.2,-92.5,-27.3,124.02,88,5119,10914,7659,21372,1241,484232417,1
2026-05-01T13:22:31.017,A1,1,452,-63.2,-91.7,-28.5,47.55,164,8009,7798,7838,18312,1071,404479525,1
2026-05-01T13:22:31.137,A1,1,453,-65.2,-93.7,-28.6,69.34,96,4879,6657,11974,29265,1448,398688442,1
2026-05-01T13:22:31.227,A1,1,454,-64.5,-92.8,-28.3,118.21,92,5933,10875,6739,23418,1268,766215690,1
2026-05-01T13:22:31.317,A1,1,455,-64.7,-93.3,-28.6,99.74,92,1887,9176,9074,21916,1233,388620220,1
2026-05-01T13:22:31.437,A1,1,456,-66.0,-94.3,-28.3,99.72,92,1249,9174,9406,25879,1400,429441455,1
2026-05-01T13:22:31.588,A1,1,457,-65.7,-93.8,-28.1,102.51,136,2238,13942,10058,40783,1744,401657756,1
2026-05-01T13:22:31.677,A1,1,458,-65.8,-94.7,-28.8,63.33,132,3782,8360,8601,25868,1394,425961068,1
2026-05-01T13:22:31.827,A1,1,459,-65.0,-93.2,-28.2,37.9,200,10905,7580,13285,43510,1754,454644510,1
2026-05-01T13:22:31.889,A1,1,460,-64.7,-93.3,-28.6,61.61,192,4984,11829,10060,34347,1546,759417146,1
2026-05-01T13:22:32.007,A1,1,461,-66.0,-94.0,-28.0,81.31,152,2648,12359,10246,36470,1663,390536298,1
2026-05-01T13:22:32.097,A1,1,462,-65.0,-93.6,-28.6,80.65,100,3120,8065,9700,22898,1272,482789817,1
2026-05-01T13:22:32.217,A1,1,463,-65.7,-94.1,-28.4,45.31,124,5876,5618,11341,28170,1449,451521683,1
2026-05-01T13:22:32.309,A1,1,464,-65.5,-93.9,-28.4,73.44,140,4284,10282,12469,39452,1703,439882010,1
2026-05-01T13:22:32.457,A1,1,465,-64.7,-93.6,-28.9,69.44,112,5356,7777,10668,28041,1396,405947338,1
2026-05-01T13:22:32.518,A1,1,466,-64.2,-94.3,-30.1,83.65,124,797,10373,7798,28302,1376,433856486,1
2026-05-01T13:22:32.639,A1,1,467,-63.9,-93.8,-29.8,51.59,144,6636,7429,10124,30522,1418,466742776,1
2026-05-01T13:22:32.759,A1,1,468,-64.2,-93.1,-28.8,41.1,184,9718,7563,11356,35445,1543,407984060,1
2026-05-01T13:22:32.877,A1,1,469,-64.3,-93.1,-28.8,73.79,132,7822,9740,12782,40315,1650,414227955,1
2026-05-01T13:22:32.967,A1,1,470,-64.9,-92.8,-28.0,56.18,160,9988,8989,12733,39273,1660,492751551,1
2026-05-01T13:22:33.059,A1,1,471,-64.9,-92.5,-27.6,103.63,108,6541,11192,9854,28045,1406,452225710,1
2026-05-01T13:22:33.179,A1,1,472,-65.7,-92.8,-27.1,74.71,144,8429,10758,11333,34144,1595,453270090,1
2026-05-01T13:22:33.328,A1,1,473,-65.1,-93.0,-27.9,59.55,116,8435,6908,11101,28328,1421,387446957,1
2026-05-01T13:22:33.416,A1,1,474,-64.9,-93.2,-28.3,97.07,100,8235,9707,5651,24320,1308,399517940,1
2026-05-01T13:22:33.537,A1,1,475,-64.7,-94.7,-30.0,52.7,116,5864,6113,9939,30603,1457,408570607,1
2026-05-01T13:22:33.687,A1,1,476,-63.5,-94.2,-30.7,62.51,152,4733,9501,7359,28999,1362,406956768,1
2026-05-01T13:22:33.777,A1,1,477,-63.9,-94.0,-30.1,32.87,208,4476,6836,7421,19584,1133,470793242,1
2026-05-01T13:22:33.929,A1,1,478,-63.3,-94.0,-30.8,48.1,160,4180,7696,8052,23968,1228,457688033,1
2026-05-01T13:22:33.987,A1,1,479,-64.2,-93.2,-29.0,49.77,124,8754,6171,10450,29071,1395,399244792,1
2026-05-01T13:22:34.108,A1,1,480,-65.0,-93.1,-28.1,45.24,128,8592,5791,9425,23775,1299,455843849,1
2026-05-01T13:22:34.197,A1,1,481,-63.4,-92.3,-28.9,44.74,108,7974,4832,8128,17277,1048,463818095,1
2026-05-01T13:22:34.319,A1,1,482,-63.1,-93.3,-30.3,39.1,220,4997,8602,6365,20413,1125,403166258,1
2026-05-01T13:22:34.468,A1,1,483,-64.7,-92.9,-28.2,44.95,156,10279,7012,10408,31055,1468,456758914,1
2026-05-01T13:22:34.557,A1,1,484,-65.0,-93.3,-28.3,87.6,148,5511,12965,8447,34265,1556,758599760,1
2026-05-01T13:22:34.679,A1,1,485,-65.1,-93.6,-28.5,119.28,100,5127,11928,7240,29700,1454,400210778,1
2026-05-01T13:22:34.796,A1,1,486,-64.9,-93.6,-28.7,119.65,80,4608,9572,6827,21622,1233,446168977,1
2026-05-01T13:22:34.888,A1,1,487,-64.1,-93.7,-29.5,88.55,108,4795,9563,7848,25638,1309,450591153,1
2026-05-01T13:22:35.006,A1,1,488,-64.7,-93.4,-28.7,97.95,116,5426,11362,7001,27470,1380,465114636,1
2026-05-01T13:22:35.127,A1,1,489,-64.4,-93.8,-29.4,94.08,88,3082,8279,7852,20655,1184,492817618,1
2026-05-01T13:22:35.248,A1,1,490,-65.1,-93.1,-28.0,84.47,124,6799,10474,11831,35620,1596,747271866,1
2026-05-01T13:22:35.369,A1,1,491,-64.7,-93.7,-29.1,104.55,132,6466,13801,8121,42736,1721,416677439,1
2026-05-01T13:22:35.459,A1,1,492,-65.1,-93.6,-28.5,60.16,128,8791,7701,10522,33294,1541,436235892,1
2026-05-01T13:22:35.577,A1,1,493,-64.1,-94.5,-30.4,72.36,124,4242,8973,7079,26636,1332,484344311,1
2026-05-01T13:22:35.699,A1,1,494,-63.7,-95.3,-31.6,69.05,108,2088,7457,6629,22844,1217,474467168,1
2026-05-01T13:22:35.789,A1,1,495,-64.1,-93.6,-29.5,55.96,140,6055,7834,10949,31535,1448,443870317,1
2026-05-01T13:22:35.938,A1,1,496,-64.9,-93.4,-28.6,100.57,124,5187,12471,8531,33697,1539,412008589,1
2026-05-01T13:22:36.027,A1,1,497,-62.0,-94.5,-32.4,68.78,140,5831,9629,5705,32331,1365,400498189,1
2026-05-01T13:22:36.146,A1,1,498,-62.5,-93.5,-31.0,47.39,144,4935,6824,7103,18989,1064,404311081,1
2026-05-01T13:22:36.269,A1,1,499,-63.8,-93.3,-29.4,53.93,136,7073,7334,10562,29369,1386,430675803,1
2026-05-01T13:22:36.359,A1,1,500,-65.2,-94.1,-28.9,82.43,112,1752,9232,11228,32165,1518,499817604,1
2026-05-01T13:22:36.478,A1,1,501,-63.9,-93.8,-30.0,75.36,132,3836,9947,9977,33079,1472,430472509,1
2026-05-01T13:22:36.596,A1,1,502,-64.0,-93.2,-29.2,31.99,188,10296,6015,10022,32112,1457,767761889,1
2026-05-01T13:22:36.717,A1,1,503,-63.1,-93.9,-30.7,64.38,144,4429,9270,7577,26730,1290,414078999,1
2026-05-01T13:22:36.806,A1,1,504,-62.8,-94.4,-31.7,67.92,132,2990,8966,5424,22694,1174,442435190,1
2026-05-01T13:22:36.928,A1,1,505,-62.9,-94.6,-31.7,55.8,148,3743,8258,7547,27615,1303,488528473,1
2026-05-01T13:22:37.047,A1,1,506,-63.3,-94.9,-31.6,66.06,148,2601,9777,6847,30951,1397,405261326,1
2026-05-01T13:22:37.167,A1,1,507,-63.8,-93.8,-29.9,32.32,152,9959,4912,9970,34066,1493,469221825,1
2026-05-01T13:22:37.258,A1,1,508,-63.2,-95.5,-32.3,58.13,144,1817,8371,7437,30617,1386,390798305,1
2026-05-01T13:22:37.378,A1,1,509,-63.8,-95.0,-31.2,75.74,112,1360,8483,7991,27779,1346,474099230,1
2026-05-01T13:22:37.498,A1,1,510,-64.0,-94.3,-30.3,79.02,132,989,10431,11107,40192,1632,457932324,1
2026-05-01T13:22:37.616,A1,1,511,-64.0,-94.6,-30.6,54.63,124,3840,6774,11146,33806,1494,699080118,1
2026-05-01T13:22:37.736,A1,1,512,-64.2,-94.4,-30.2,94.78,120,3607,11374,7677,34598,1521,430542091,1
2026-05-01T13:22:37.857,A1,1,513,-63.4,-94.6,-31.2,84.23,124,2996,10445,6981,31904,1421,412637457,1
2026-05-01T13:22:38.007,A1,1,514,-63.4,-94.5,-31.1,74.75,128,3529,9568,8256,32320,1434,758439546,1
2026-05-01T13:22:38.097,A1,1,515,-63.6,-93.8,-30.2,60.69,140,6634,8497,9886,33617,1470,741687823,1
2026-05-01T13:22:38.187,A1,1,516,-62.6,-93.4,-30.8,56.95,156,7327,8884,10184,36098,1472,467275204,1
2026-05-01T13:22:38.278,A1,1,517,-62.6,-94.0,-31.4,70.84,128,4061,9068,6917,26009,1250,434884971,1
2026-05-01T13:22:38.368,A1,1,518,-62.8,-94.3,-31.5,71.91,152,4471,10931,6628,33884,1437,488260238,1
2026-05-01T13:22:38.488,A1,1,519,-63.4,-94.5,-31.1,75.29,140,3837,10541,6547,31349,1409,657008187,1
2026-05-01T13:22:38.606,A1,1,520,-63.3,-95.7,-32.4,63.05,144,2953,9079,5928,31018,1396,436907648,1
2026-05-01T13:22:38.697,A1,1,521,-63.0,-94.5,-31.5,58.03,148,2729,8589,8258,28856,1335,739180400,1
2026-05-01T13:22:38.818,A1,1,522,-63.2,-93.8,-30.6,45.23,128,7519,5789,10230,31585,1406,432554903,1
2026-05-01T13:22:38.908,A1,1,523,-63.3,-94.4,-31.1,66.41,112,2694,7438,7198,20925,1148,435312152,1
2026-05-01T13:22:39.058,A1,1,524,-62.4,-95.0,-32.6,43.09,104,5017,4481,6808,20732,1108,598353887,1
2026-05-01T13:22:39.148,A1,1,525,-63.8,-94.5,-30.7,89.97,132,1719,11876,9617,42682,1671,759987110,1
2026-05-01T13:22:39.237,A1,1,526,-64.2,-94.1,-29.9,56.8,168,4976,9542,10034,34661,1526,418973494,1
2026-05-01T13:22:39.328,A1,1,527,-62.9,-95.1,-32.2,64.34,148,4517,9522,8067,38702,1540,455987821,1
2026-05-01T13:22:39.447,A1,1,528,-64.3,-93.6,-29.3,69.76,140,5484,9767,13625,44251,1727,478075112,1
2026-05-01T13:22:39.567,A1,1,529,-65.1,-93.5,-28.4,92.49,132,5369,12209,8579,33226,1542,413658016,1
2026-05-01T13:22:39.656,A1,1,530,-64.6,-93.5,-28.9,77.68,104,1849,8079,10772,24983,1313,453919367,1
2026-05-01T13:22:39.777,A1,1,531,-64.3,-93.6,-29.3,64.49,112,3943,7223,11084,27244,1358,757844329,1
2026-05-01T13:22:39.868,A1,1,532,-64.7,-91.9,-27.2,121.04,112,8318,13557,8539,30728,1462,561856603,1
2026-05-01T13:22:39.958,A1,1,533,-64.1,-94.5,-30.3,58.51,172,6602,10064,6280,32478,1473,453584724,1
2026-05-01T13:22:40.078,A1,1,534,-65.6,-92.4,-26.8,105.33,108,4509,11376,13543,32768,1555,469075262,1
2026-05-01T13:22:40.196,A1,1,535,-65.0,-92.6,-27.6,94.38,144,9956,13591,8410,38133,1642,398559106,1
2026-05-01T13:22:40.347,A1,1,536,-64.6,-95.2,-30.7,92.48,88,2368,8138,5776,21432,1214,719294536,1
2026-05-01T13:22:40.439,A1,1,537,-64.0,-95.4,-31.4,52.91,104,1895,5503,8676,23868,1257,758481209,1
2026-05-01T13:22:40.528,A1,1,538,-63.9,-92.9,-29.0,92.1,116,5418,10684,8021,25811,1302,414359585,1
2026-05-01T13:22:40.647,A1,1,539,-64.4,-94.5,-30.1,70.54,132,3962,9311,9283,32853,1496,420499382,1
2026-05-01T13:22:40.737,A1,1,540,-65.1,-93.7,-28.6,88.08,132,4833,11627,8772,32247,1517,433128667,1
2026-05-01T13:22:40.858,A1,1,541,-64.0,-93.3,-29.3,96.74,116,6931,11222,6523,29421,1396,452057334,1
2026-05-01T13:22:40.979,A1,1,542,-63.7,-93.4,-29.6,94.67,108,6042,10224,6603,25914,1297,452758662,1
2026-05-01T13:22:41.098,A1,1,543,-64.2,-93.5,-29.2,97.75,124,5612,12121,8519,34810,1529,401803399,1
2026-05-01T13:22:41.217,A1,1,544,-64.3,-93.2,-28.9,72.41,132,4195,9558,11493,31404,1458,663481581,1
2026-05-01T13:22:41.338,A1,1,545,-64.9,-94.1,-29.3,93.05,108,4555,10049,6512,25311,1333,537203223,1
2026-05-01T13:22:41.457,A1,1,546,-65.2,-93.9,-28.7,77.24,140,1974,10813,11706,37106,1635,447039737,1
2026-05-01T13:22:41.580,A1,1,547,-65.8,-93.8,-28.0,67.22,188,4239,12638,14992,53832,2010,450252165,1
2026-05-01T13:22:41.696,A1,1,548,-64.6,-94.4,-29.8,66.38,156,5593,10355,11676,46097,1780,440554402,1
2026-05-01T13:22:41.788,A1,1,549,-64.2,-93.9,-29.8,77.38,128,4252,9905,10634,35696,1545,435651848,1
2026-05-01T13:22:41.879,A1,1,550,-63.4,-93.1,-29.7,82.64,136,6256,11239,10388,36771,1529,697868920,1
2026-05-01T13:22:42.029,A1,1,551,-63.5,-93.5,-30.0,71.6,188,7051,13460,8267,43765,1672,434222298,1
2026-05-01T13:22:42.089,A1,1,552,-64.6,-94.3,-29.6,89.44,124,4533,11090,8683,35366,1564,430175986,1
2026-05-01T13:22:42.206,A1,1,553,-65.3,-93.1,-27.8,91.6,164,6994,15023,10558,45938,1823,759253192,1
2026-05-01T13:22:42.326,A1,1,554,-64.4,-95.2,-30.8,45.95,124,3880,5698,10201,30923,1448,424983802,1
2026-05-01T13:22:42.387,A1,1,555,-64.6,-94.7,-30.1,56.98,136,2463,7749,11542,35909,1573,388404847,1
2026-05-01T13:22:42.537,A1,1,556,-64.3,-93.8,-29.5,77.57,120,4872,9309,10806,33968,1515,475555660,1
2026-05-01T13:22:42.627,A1,1,557,-63.9,-95.2,-31.2,59.35,160,4915,9496,8055,37519,1571,432640128,1
2026-05-01T13:22:42.749,A1,1,558,-64.1,-94.0,-29.9,88.37,128,7173,11311,6893,36139,1550,432325899,1
2026-05-01T13:22:42.897,A1,1,559,-64.2,-94.1,-29.9,75.83,152,5219,11526,7135,33868,1505,412919948,1
2026-05-01T13:22:42.959,A1,1,560,-63.2,-93.2,-30.0,79.04,148,7136,11698,8233,36070,1502,453508622,1
2026-05-01T13:22:43.078,A1,1,561,-63.9,-93.8,-30.0,76.12,136,2824,10353,11783,39327,1606,422841073,1
2026-05-01T13:22:43.198,A1,1,562,-64.3,-94.5,-30.2,80.93,124,4739,10035,6830,29587,1414,394098220,1
2026-05-01T13:22:43.317,A1,1,563,-63.6,-94.7,-31.1,69.19,144,3104,9963,7096,30511,1403,720421128,1
2026-05-01T13:22:43.407,A1,1,564,-62.3,-92.8,-30.6,42.49,140,10206,5948,10782,35225,1438,756760085,1
2026-05-01T13:22:43.496,A1,1,565,-62.5,-95.6,-33.2,48.68,152,3163,7400,7800,32356,1387,386149648,1
2026-05-01T13:22:43.649,A1,1,566,-62.5,-95.3,-32.8,74.82,136,3753,10176,5734,35918,1463,393660096,1
2026-05-01T13:22:43.739,A1,1,567,-64.4,-94.1,-29.7,58.37,120,6012,7004,11733,35558,1557,396517127,1
2026-05-01T13:22:43.828,A1,1,568,-64.0,-94.2,-30.2,45.84,124,4894,5684,9537,24635,1277,434541506,1
2026-05-01T13:22:43.947,A1,1,569,-63.1,-94.5,-31.4,63.05,132,2140,8323,6892,23225,1201,418960743,1
2026-05-01T13:22:44.036,A1,1,570,-63.5,-94.8,-31.3,52.36,132,4751,6912,10315,35154,1498,482296045,1
2026-05-01T13:22:44.157,A1,1,571,-63.6,-92.8,-29.2,83.16,120,6240,9979,7301,23668,1233,475290333,1
2026-05-01T13:22:44.280,A1,1,572,-62.6,-91.0,-28.4,51.64,160,12342,8263,8797,26401,1260,388703782,1
2026-05-01T13:22:44.368,A1,1,573,-65.2,-94.3,-29.2,80.38,112,2037,9002,8362,24588,1328,450110463,1
2026-05-01T13:22:44.487,A1,1,574,-64.1,-89.6,-25.5,108.74,140,14389,15223,9570,30504,1427,475653067,1
2026-05-01T13:22:44.579,A1,1,575,-63.2,-86.1,-22.9,111.55,136,16604,15171,11673,23850,1220,498901118,1
2026-05-01T13:22:44.698,A1,1,576,-64.6,-91.0,-26.4,114.2,132,8133,15074,9104,28968,1414,412111976,1
2026-05-01T13:22:44.819,A1,1,577,-64.7,-94.7,-29.9,49.33,136,5612,6709,9840,30579,1458,403161548,1
2026-05-01T13:22:44.937,A1,1,578,-64.2,-93.9,-29.7,63.41,112,2904,7102,8776,20833,1183,395189199,1
2026-05-01T13:22:45.026,A1,1,579,-64.4,-95.2,-30.8,54.71,160,2085,8754,6998,26728,1350,457803054,1
2026-05-01T13:22:45.148,A1,1,580,-65.0,-94.2,-29.1,93.6,104,5344,9734,5717,23981,1305,436204752,1
2026-05-01T13:22:45.267,A1,1,581,-64.0,-93.9,-29.8,40.53,128,8502,5188,10377,31901,1454,493566976,1
2026-05-01T13:22:45.387,A1,1,582,-64.4,-92.1,-27.7,54.42,204,10180,11102,8475,29619,1419,462240739,1
2026-05-01T13:22:45.477,A1,1,583,-64.6,-92.8,-28.2,110.87,100,5753,11087,6403,22922,1257,740630997,1
2026-05-01T13:22:45.597,A1,1,584,-64.7,-93.0,-28.4,81.72,148,1360,12094,13165,39169,1648,437244264,1
2026-05-01T13:22:45.688,A1,1,585,-64.1,-90.4,-26.2,85.34,152,13438,12971,13142,35660,1543,489797866,1
2026-05-01T13:22:45.807,A1,1,586,-64.8,-94.2,-29.4,76.79,116,2238,8908,8643,24939,1321,591501045,1
2026-05-01T13:22:45.927,A1,1,587,-63.9,-90.9,-27.0,99.09,120,2740,11891,14718,28693,1374,412094950,1
2026-05-01T13:22:46.017,A1,1,588,-64.2,-92.1,-27.9,77.99,120,7572,9359,10631,26268,1328,432863163,1
2026-05-01T13:22:46.168,A1,1,589,-65.0,-92.8,-27.8,86.02,144,6743,12387,13496,43149,1748,405921414,1
2026-05-01T13:22:46.227,A1,1,590,-65.3,-94.0,-28.7,88.26,136,3546,12004,8500,33585,1559,437009153,1
2026-05-01T13:22:46.347,A1,1,591,-64.6,-94.5,-29.8,79.23,128,2619,10142,7643,28560,1404,492393589,1
2026-05-01T13:22:46.437,A1,1,592,-64.3,-94.2,-29.8,65.21,148,3660,9651,10515,35317,1547,418182518,1
2026-05-01T13:22:46.557,A1,1,593,-64.9,-93.5,-28.5,62.18,144,5835,8954,12588,35997,1594,397862550,1
2026-05-01T13:22:46.647,A1,1,594,-64.6,-93.6,-29.0,66.11,132,4831,8727,11882,33789,1528,409748782,1
2026-05-01T13:22:46.768,A1,1,595,-65.0,-94.4,-29.4,79.89,136,2815,10865,9394,35211,1580,450724595,1
2026-05-01T13:22:46.858,A1,1,596,-64.8,-93.4,-28.6,56.4,144,6593,8122,13711,39169,1656,433466000,1
2026-05-01T13:22:46.947,A1,1,597,-65.0,-93.3,-28.3,98.39,124,2909,12200,10816,34651,1568,433719326,1
2026-05-01T13:22:47.068,A1,1,598,-65.0,-93.6,-28.6,107.91,112,3824,12086,8391,31560,1495,470319758,1
2026-05-01T13:22:47.187,A1,1,599,-65.3,-94.2,-28.9,75.34,132,3159,9945,10298,33089,1548,448305901,1
2026-05-01T13:22:47.308,A1,1,600,-65.3,-94.6,-29.3,72.09,140,2730,10093,8596,30672,1492,759064443,1
2026-05-01T13:22:47.399,A1,1,601,-65.3,-94.2,-28.9,88.45,132,3577,11675,8683,33988,1568,436855926,1
2026-05-01T13:22:47.547,A1,1,602,-65.1,-93.5,-28.4,64.57,128,5520,8265,11958,31661,1502,400330501,1
2026-05-01T13:22:47.638,A1,1,603,-65.4,-93.5,-28.1,100.79,132,4651,13304,8968,36131,1620,771895773,1
2026-05-01T13:22:47.727,A1,1,604,-64.9,-94.1,-29.1,84.49,132,3258,11153,8463,31394,1489,451329256,1
2026-05-01T13:22:47.847,A1,1,605,-64.6,-93.4,-28.9,101.83,120,4079,12220,8515,32083,1485,450015967,1
2026-05-01T13:22:47.937,A1,1,606,-65.3,-94.4,-29.2,54.38,128,5820,6961,10969,32758,1538,512198592,1
2026-05-01T13:22:48.057,A1,1,607,-64.9,-93.6,-28.7,75.57,136,3013,10277,10763,31664,1494,391435829,1
2026-05-01T13:22:48.177,A1,1,608,-66.3,-93.3,-27.0,101.32,136,6722,13779,8335,35307,1657,713728548,1
2026-05-01T13:22:48.298,A1,1,609,-65.3,-93.6,-28.3,107.44,124,5211,13323,8480,36900,1632,751908526,1
2026-05-01T13:22:48.389,A1,1,610,-64.7,-94.0,-29.3,83.54,124,3461,10359,7615,26867,1368,482627461,1
2026-05-01T13:22:48.478,A1,1,611,-64.6,-93.5,-29.0,63.21,136,5661,8596,12099,34707,1545,436183876,1
2026-05-01T13:22:48.627,A1,1,612,-64.9,-93.7,-28.9,64.61,136,5878,8787,12493,37935,1632,464481453,1
2026-05-01T13:22:48.688,A1,1,613,-64.5,-93.9,-29.4,65.4,172,4462,11248,12660,46502,1787,434870807,1
2026-05-01T13:22:48.807,A1,1,614,-64.8,-93.6,-28.9,68.23,128,5513,8733,11627,33571,1531,412478364,1
2026-05-01T13:22:48.927,A1,1,615,-65.2,-93.9,-28.7,91.49,128,3443,11711,8964,32803,1536,434623969,1
2026-05-01T13:22:49.017,A1,1,616,-65.4,-94.6,-29.2,68.62,136,3386,9332,10488,34396,1582,481981504,1
2026-05-01T13:22:49.137,A1,1,617,-65.1,-93.5,-28.4,65.07,132,4414,8589,12935,34213,1564,421518105,1
2026-05-01T13:22:49.258,A1,1,618,-64.9,-93.5,-28.5,76.52,144,3175,11019,13698,42178,1726,434810195,1
2026-05-01T13:22:49.348,A1,1,619,-64.9,-93.5,-28.6,80.0,120,3534,9600,12498,34907,1570,418933532,1
2026-05-01T13:22:49.437,A1,1,620,-65.2,-93.3,-28.1,106.95,120,5943,12834,7862,32587,1528,432796523,1
2026-05-01T13:22:49.556,A1,1,621,-65.2,-93.6,-28.4,68.7,148,3718,10167,13388,39392,1683,395862805,1
2026-05-01T13:22:49.677,A1,1,622,-65.3,-93.6,-28.2,61.75,124,5051,7657,11576,28716,1444,714197777,1
2026-05-01T13:22:49.798,A1,1,623,-65.7,-94.2,-28.4,59.77,132,4827,7890,10685,29312,1479,401778271,1
2026-05-01T13:22:49.916,A1,1,624,-65.8,-93.8,-28.1,92.15,128,5282,11795,7697,30729,1516,466185898,1
2026-05-01T13:22:50.036,A1,1,625,-65.9,-94.0,-28.1,58.22,120,6603,6986,11718,32279,1560,457247138,1
2026-05-01T13:22:50.158,A1,1,626,-65.8,-93.8,-28.0,59.47,124,6938,7374,12073,33456,1581,597652225,1
2026-05-01T13:22:50.248,A1,1,627,-65.3,-93.5,-28.1,70.2,144,6324,10109,14275,44497,1797,734018726,1
2026-05-01T13:22:50.369,A1,1,628,-65.8,-94.0,-28.2,69.98,124,5734,8677,11758,34683,1611,434458045,1
2026-05-01T13:22:50.489,A1,1,629,-65.9,-93.5,-27.6,92.33,136,3967,12557,10233,34399,1609,479983570,1
2026-05-01T13:22:50.578,A1,1,630,-65.2,-93.1,-27.9,108.09,116,5550,12538,8725,31464,1504,749655551,1
2026-05-01T13:22:50.698,A1,1,631,-65.3,-93.7,-28.4,58.77,112,6732,6582,11084,28677,1441,436297635,1
2026-05-01T13:22:50.787,A1,1,632,-65.8,-93.9,-28.0,55.45,128,6002,7098,10849,27772,1444,397370625,1
2026-05-01T13:22:50.909,A1,1,633,-65.3,-93.8,-28.5,66.97,144,4877,9644,12221,37020,1636,450015747,1
2026-05-01T13:22:51.089,A1,1,634,-65.4,-93.9,-28.5,80.03,124,3659,9924,9843,29390,1461,440786052,1
2026-05-01T13:22:51.148,A1,1,635,-65.8,-93.2,-27.5,96.83,148,6441,14331,9017,38648,1699,718666398,1
2026-05-01T13:22:51.297,A1,1,636,-65.2,-93.9,-28.7,65.77,128,4901,8418,11200,31580,1509,416167020,1
2026-05-01T13:22:51.387,A1,1,637,-65.1,-94.6,-29.5,61.14,124,3805,7581,10333,30088,1465,486500662,1
2026-05-01T13:22:51.508,A1,1,638,-65.9,-93.7,-27.8,107.26,116,5533,12442,7376,31345,1539,444946697,1
2026-05-01T13:22:51.599,A1,1,639,-65.2,-94.8,-29.5,63.48,128,3136,8126,9647,29446,1456,439960721,1
2026-05-01T13:22:51.747,A1,1,640,-64.6,-93.4,-28.8,80.95,116,4785,9390,9770,27330,1371,432342199,1
2026-05-01T13:22:51.807,A1,1,641,-64.7,-94.1,-29.4,41.56,152,7916,6317,9747,30568,1456,409580037,1
2026-05-01T13:22:51.927,A1,1,642,-64.7,-94.1,-29.4,49.8,124,7484,6175,10558,32072,1493,733251566,1
2026-05-01T13:22:52.018,A1,1,643,-64.2,-92.9,-28.7,56.32,140,8652,7885,11364,32471,1474,516318168,1
2026-05-01T13:22:52.137,A1,1,644,-64.3,-93.8,-29.4,91.86,136,5835,12493,7633,36850,1580,654542522,1
2026-05-01T13:22:52.229,A1,1,645,-64.7,-94.8,-30.1,65.16,132,4377,8601,9191,32401,1498,425919971,1
2026-05-01T13:22:52.347,A1,1,646,-64.5,-95.1,-30.5,44.38,128,4442,5680,9693,28656,1402,758072032,1
2026-05-01T13:22:52.438,A1,1,647,-64.9,-94.2,-29.4,89.47,144,5730,12884,7368,40017,1676,489405852,1
2026-05-01T13:22:52.527,A1,1,648,-64.9,-93.6,-28.7,91.98,116,1874,10670,10154,30142,1457,387351801,1
2026-05-01T13:22:52.647,A1,1,649,-62.9,-90.0,-27.1,85.65,144,13155,12334,12334,32520,1411,450663248,1
2026-05-01T13:22:52.737,A1,1,650,-64.2,-92.1,-27.9,83.82,132,5404,11064,13712,34422,1521,628303657,1
2026-05-01T13:22:52.856,A1,1,651,-63.9,-92.5,-28.6,53.03,168,10501,8909,11822,37391,1567,416353820,1
2026-05-01T13:22:52.946,A1,1,652,-65.2,-93.5,-28.3,80.74,128,3218,10335,10739,30455,1481,448890991,1
2026-05-01T13:22:53.099,A1,1,653,-64.1,-93.3,-29.2,100.29,116,6198,11634,7063,30305,1419,398216193,1
2026-05-01T13:22:53.156,A1,1,654,-65.0,-93.4,-28.4,74.32,140,6946,10405,8716,29975,1458,435952240,1
2026-05-01T13:22:53.276,A1,1,655,-64.6,-92.1,-27.5,52.1,196,11891,10212,9839,34033,1534,479448510,1
2026-05-01T13:22:53.396,A1,1,656,-64.1,-95.2,-31.1,71.83,124,1347,8907,8008,30160,1415,460765492,1
2026-05-01T13:22:53.519,A1,1,657,-65.1,-95.1,-30.0,69.12,156,1470,10782,8327,35451,1591,461711073,1
2026-05-01T13:22:53.639,A1,1,658,-64.6,-93.8,-29.2,81.83,124,4313,10147,10191,33238,1514,461518101,1
2026-05-01T13:22:53.757,A1,1,659,-64.1,-90.8,-26.6,44.48,180,13089,8006,9420,24284,1274,387974900,1
2026-05-01T13:22:53.846,A1,1,660,-64.0,-91.9,-27.9,113.25,92,1956,10419,10533,21860,1204,436267231,1
2026-05-01T13:22:53.938,A1,1,661,-63.2,-92.4,-29.2,94.82,104,5451,9861,6219,19154,1094,434327700,1
2026-05-01T13:22:54.057,A1,1,662,-63.8,-90.0,-26.2,117.08,132,15369,15454,11826,39420,1602,425812359,1
2026-05-01T13:22:54.178,A1,1,663,-64.2,-90.3,-26.1,39.6,164,12545,6494,6608,16408,1050,465863045,1
2026-05-01T13:22:54.299,A1,1,664,-63.6,-88.9,-25.3,111.64,144,8814,16076,16962,31426,1421,457726611,1
2026-05-01T13:22:54.416,A1,1,665,-62.0,-83.3,-21.4,97.99,192,16444,18815,11468,25237,1205,431167205,1
2026-05-01T13:22:54.538,A1,1,666,-64.6,-89.8,-25.2,157.4,104,11025,16370,11054,29717,1429,396397890,1
2026-05-01T13:22:54.629,A1,1,667,-62.8,-84.4,-21.6,180.1,92,12374,16569,14890,22055,1157,434414481,1
2026-05-01T13:22:54.748,A1,1,668,-64.6,-93.9,-29.3,48.74,160,9668,7799,4545,26281,1345,734128020,1
2026-05-01T13:22:54.837,A1,1,669,-62.8,-91.7,-28.8,11.76,176,12536,2069,4985,18814,1072,450940229,1
2026-05-01T13:22:54.957,A1,1,670,-61.9,-95.8,-33.9,43.25,96,7526,4152,2722,22587,1137,480567165,1
2026-05-01T13:22:55.047,A1,1,671,-62.5,-92.9,-30.3,56.04,112,11506,6277,3891,25383,1232,423855321,1
2026-05-01T13:22:55.137,A1,1,672,-61.6,-88.8,-27.2,95.68,96,14847,9185,6776,19785,1052,389795778,1
2026-05-01T13:22:55.286,A1,1,673,-61.7,-89.5,-27.8,53.36,128,13559,6830,8077,19752,1055,722891581,1
2026-05-01T13:22:55.376,A1,1,674,-62.7,-94.2,-31.5,63.61,132,4525,8397,5691,22634,1170,434241255,1
2026-05-01T13:22:55.497,A1,1,675,-64.0,-95.5,-31.5,45.48,156,4452,7095,4274,19815,1146,735300210,1
2026-05-01T13:22:55.589,A1,1,676,-63.6,-95.8,-32.2,57.59,116,6913,6681,5019,28935,1363,455591394,1
2026-05-01T13:22:55.709,A1,1,677,-64.8,-92.5,-27.7,149.71,72,3187,10779,6876,18563,1140,418146231,1
2026-05-01T13:22:55.829,A1,1,678,-65.1,-91.3,-26.1,159.27,80,6740,12742,8639,22186,1260,400785356,1
2026-05-01T13:22:55.947,A1,1,679,-64.8,-94.9,-30.1,66.74,120,4034,8009,7732,26103,1350,453535288,1
2026-05-01T13:22:56.068,A1,1,680,-62.5,-95.3,-32.8,43.41,168,3237,7293,5201,21618,1134,409548196,1
2026-05-01T13:22:56.160,A1,1,681,-63.7,-95.1,-31.4,77.05,108,2598,8321,5876,23226,1225,479193438,1
2026-05-01T13:22:56.248,A1,1,682,-68.8,-96.1,-27.4,37.93,160,4712,6069,6495,18942,1319,450980877,1
2026-05-01T13:22:56.367,A1,1,683,-64.1,-93.6,-29.5,43.51,152,9175,6613,5771,23098,1239,654660183,1
2026-05-01T13:22:56.487,A1,1,684,-62.9,-83.6,-20.8,180.62,100,14427,18062,14251,23595,1201,481108573,1
2026-05-01T13:22:56.607,A1,1,685,-62.7,-79.1,-16.5,248.46,68,15313,16895,11801,15673,973,454182474,1
2026-05-01T13:22:56.698,A1,1,686,-64.4,-94.9,-30.5,40.57,124,11181,5031,3621,30876,1448,454874469,1
2026-05-01T13:22:56.819,A1,1,687,-63.1,-93.5,-30.4,86.08,96,2670,8264,10509,28145,1322,390169815,1
2026-05-01T13:23:04.976,A1,1,688,-63.7,-94.9,-31.3,73.24,80,2670,5859,7382,19421,1121,415156976,1
2026-05-01T13:23:05.098,A1,1,689,-63.2,-95.1,-31.9,73.05,84,3538,6136,7518,22996,1200,386114865,1
2026-05-01T13:23:05.188,A1,1,690,-62.3,-94.4,-32.1,92.84,80,4905,7427,4436,19405,1069,413365133,1
2026-05-01T13:23:05.306,A1,1,691,-63.1,-93.8,-30.7,84.21,100,7834,8421,5331,26186,1277,445679890,1
2026-05-01T13:23:05.426,A1,1,692,-63.8,-94.4,-30.6,108.46,76,4078,8243,6207,21743,1190,392995804,1
2026-05-01T13:23:05.547,A1,1,693,-62.5,-94.1,-31.5,68.94,80,4912,5515,7368,19461,1079,712301274,1
2026-05-01T13:23:05.668,A1,1,694,-62.3,-94.9,-32.6,95.89,84,3914,8055,5661,24818,1210,666561202,1
2026-05-01T13:23:05.786,A1,1,695,-61.6,-94.8,-33.2,44.57,104,6500,4635,6430,23565,1148,731474501,1
2026-05-01T13:23:05.877,A1,1,696,-62.6,-92.3,-29.8,89.86,96,8970,8627,6235,23109,1176,496521774,1
2026-05-01T13:23:05.996,A1,1,697,-63.0,-94.3,-31.4,85.32,92,2726,7849,8075,24847,1237,410215168,1
2026-05-01T13:23:06.118,A1,1,698,-62.9,-95.4,-32.5,79.75,88,3608,7018,4505,19757,1101,396024802,1
2026-05-01T13:23:06.209,A1,1,699,-62.0,-95.0,-33.0,94.72,76,3836,7199,4774,20462,1087,736727285,1
2026-05-01T13:23:06.296,A1,1,700,-62.7,-95.0,-32.3,87.09,92,3942,8012,5736,24721,1221,431323076,1
2026-05-01T13:23:06.416,A1,1,701,-61.9,-95.2,-33.3,59.7,96,2310,5731,6915,20778,1089,431085222,1
2026-05-01T13:23:06.536,A1,1,702,-62.9,-93.7,-30.8,87.38,80,5322,6990,7604,21750,1155,405884769,1
2026-05-01T13:23:06.657,A1,1,703,-62.5,-91.7,-29.2,96.72,80,8932,7738,7206,19884,1090,403479882,1
2026-05-01T13:23:06.748,A1,1,704,-61.5,-91.9,-30.4,100.9,84,8762,8476,5887,21514,1094,434152201,1
2026-05-01T13:23:06.867,A1,1,705,-63.0,-91.3,-28.3,93.87,84,11807,7885,9079,26241,1272,394191393,1
2026-05-01T13:23:07.076,A1,1,706,-62.4,-93.6,-31.2,98.38,72,7016,7083,5351,20778,1111,451246323,1
2026-05-01T13:23:07.107,A1,1,707,-62.8,-93.9,-31.1,87.78,76,6618,6671,5968,21093,1134,419771698,1
2026-05-01T13:23:07.228,A1,1,708,-62.1,-94.9,-32.8,91.95,76,5179,6988,4334,21291,1111,403904431,1
2026-05-01T13:23:07.348,A1,1,709,-61.7,-95.4,-33.7,85.89,76,5636,6528,5224,26188,1216,398480006,1
2026-05-01T13:23:07.466,A1,1,710,-62.7,-94.0,-31.3,72.75,108,7338,7857,6347,27375,1287,409962402,1
2026-05-01T13:23:07.586,A1,1,711,-61.4,-92.6,-31.2,50.35,108,9699,5438,7223,24282,1158,430215304,1
2026-05-01T13:23:07.646,A1,1,712,-62.5,-95.7,-33.2,74.93,100,3740,7493,4505,23742,1191,414426266,1
2026-05-01T13:23:07.768,A1,1,713,-63.0,-94.6,-31.7,50.77,96,5689,4874,6689,19923,1108,472647382,1
2026-05-01T13:23:07.916,A1,1,714,-63.2,-95.8,-32.6,71.84,104,4600,7471,5071,26307,1285,449251994,1
2026-05-01T13:23:08.006,A1,1,715,-63.6,-95.6,-32.1,61.31,88,3747,5395,8964,29577,1378,395093432,1
2026-05-01T13:23:08.127,A1,1,716,-61.5,-96.1,-34.6,66.51,80,2878,5321,6436,23776,1149,466701835,1
2026-05-01T13:23:08.246,A1,1,717,-62.3,-95.5,-33.2,61.41,100,3872,6141,5640,21266,1117,704397887,1
2026-05-01T13:23:08.368,A1,1,718,-62.3,-93.6,-31.3,67.9,88,8128,5975,6403,23144,1165,387755021,1
2026-05-01T13:23:08.516,A1,1,719,-62.6,-93.9,-31.3,94.2,84,5443,7913,6063,21940,1148,395725116,1
2026-05-01T13:23:08.576,A1,1,720,-63.0,-96.1,-33.2,67.16,120,2115,8059,6783,32322,1411,503581509,1
2026-05-01T13:23:08.698,A1,1,721,-62.4,-96.1,-33.6,65.62,100,3021,6562,4111,19845,1086,389316302,1
2026-05-01T13:23:08.817,A1,1,722,-61.9,-95.3,-33.4,64.69,112,3945,7245,4168,21206,1103,489501105,1
2026-05-01T13:23:08.906,A1,1,723,-60.5,-93.6,-33.1,68.6,108,6616,7409,4557,22017,1069,730087990,1
2026-05-01T13:23:09.027,A1,1,724,-61.9,-92.2,-30.4,98.23,96,9785,9430,6187,27271,1247,440551075,1
2026-05-01T13:23:09.146,A1,1,725,-62.9,-93.1,-30.3,98.53,96,9148,9459,6170,29818,1350,387163689,1
2026-05-01T13:23:09.238,A1,1,726,-61.8,-92.7,-30.9,68.56,124,9199,8501,6893,28071,1265,501589842,1
2026-05-01T13:23:09.357,A1,1,727,-62.2,-95.0,-32.9,56.79,100,2806,5679,7445,21890,1129,417942950,1
2026-05-01T13:23:09.476,A1,1,728,-62.5,-94.8,-32.2,81.21,96,1200,7796,7212,24081,1200,409259858,1
2026-05-01T13:23:09.596,A1,1,729,-61.9,-95.3,-33.5,82.79,80,3850,6623,5908,23568,1160,401375124,1
2026-05-01T13:23:09.716,A1,1,730,-62.5,-93.3,-30.8,30.44,88,8798,2679,6772,19760,1086,651363814,1
2026-05-01T13:23:09.809,A1,1,731,-61.9,-95.8,-33.9,81.5,84,2659,6846,4297,20340,1079,496714488,1
2026-05-01T13:23:09.928,A1,1,732,-62.1,-96.1,-34.0,64.95,100,2266,6495,6157,25156,1207,392615777,1
2026-05-01T13:23:10.047,A1,1,733,-63.4,-96.4,-33.0,81.09,88,4089,7136,4201,24765,1253,495983637,1
2026-05-01T13:23:10.165,A1,1,734,-61.5,-95.5,-34.0,73.8,88,2592,6494,5339,20700,1072,492115361,1
2026-05-01T13:23:10.226,A1,1,735,-61.9,-95.5,-33.6,91.29,76,2212,6938,4877,19816,1064,422664058,1
2026-05-01T13:23:10.346,A1,1,736,-61.5,-93.9,-32.4,42.65,84,6972,3583,6446,18946,1026,669784180,1
2026-05-01T13:23:10.438,A1,1,737,-62.8,-94.1,-31.3,55.95,92,8696,5147,7211,27159,1284,495278413,1
2026-05-01T13:23:10.557,A1,1,738,-62.3,-95.4,-33.0,90.59,80,3276,7247,5791,23683,1181,439746486,1
2026-05-01T13:23:10.677,A1,1,739,-61.9,-95.5,-33.6,94.19,72,3179,6782,4152,19082,1044,753727743,1
2026-05-01T13:23:10.766,A1,1,740,-62.0,-95.1,-33.0,85.22,80,3181,6818,6104,22016,1128,431482783,1
2026-05-01T13:23:10.888,A1,1,741,-62.6,-95.7,-33.1,84.33,92,3545,7758,5740,27601,1287,385308102,1
2026-05-01T13:23:10.978,A1,1,742,-62.5,-95.5,-33.1,89.33,76,2864,6789,3913,17513,1021,737239666,1
2026-05-01T13:23:11.097,A1,1,743,-62.0,-95.0,-33.0,68.39,72,3634,4924,6271,17838,1014,433233686,1
2026-05-01T13:23:11.216,A1,1,744,-62.7,-95.1,-32.4,75.83,96,2465,7280,5449,20135,1103,408727953,1
2026-05-01T13:23:11.337,A1,1,745,-63.5,-95.9,-32.4,58.81,96,3107,5646,7255,24168,1244,447177015,1
2026-05-01T13:23:11.458,A1,1,746,-62.8,-95.3,-32.5,93.83,88,3330,8257,6242,27548,1297,455526425,1
2026-05-01T13:23:11.577,A1,1,747,-63.5,-94.6,-31.1,89.7,88,2481,7894,7466,23452,1224,718087383,1
2026-05-01T13:23:11.667,A1,1,748,-62.9,-93.4,-30.4,98.18,80,5795,7854,6691,20711,1128,494456220,1
2026-05-01T13:23:11.787,A1,1,749,-62.0,-93.1,-31.0,66.05,128,7953,8455,9277,32392,1368,429901492,1
2026-05-01T13:23:11.876,A1,1,750,-62.6,-94.1,-31.5,76.88,100,5950,7688,7663,27582,1288,512246782,1
2026-05-01T13:23:11.967,A1,1,751,-61.8,-93.4,-31.7,69.84,128,6315,8939,8098,30348,1311,435986822,1
2026-05-01T13:23:12.056,A1,1,752,-62.2,-94.0,-31.8,86.74,104,5482,9021,6747,28287,1287,449027432,1
2026-05-01T13:23:12.176,A1,1,753,-61.9,-94.5,-32.6,75.23,108,5688,8125,4763,24784,1191,395688161,1
2026-05-01T13:23:12.296,A1,1,754,-61.9,-94.5,-32.6,69.93,92,4355,6434,7239,23342,1154,390415533,1
2026-05-01T13:23:12.416,A1,1,755,-62.4,-94.7,-32.3,74.7,96,3277,7171,7260,23888,1189,404911041,1
2026-05-01T13:23:12.537,A1,1,756,-61.7,-94.3,-32.6,81.79,92,4279,7525,6894,24624,1177,437876594,1
2026-05-01T13:23:12.657,A1,1,757,-62.6,-93.9,-31.3,75.32,112,4586,8436,6936,24255,1207,395635041,1
2026-05-01T13:23:12.806,A1,1,758,-63.0,-94.2,-31.2,80.62,100,4851,8062,8653,29415,1349,456623616,1
2026-05-01T13:23:12.927,A1,1,759,-62.4,-94.4,-32.0,64.18,124,4902,7958,7715,28424,1298,394745217,1
2026-05-01T13:23:13.018,A1,1,760,-61.9,-94.2,-32.3,81.56,108,5156,8809,6374,28178,1271,496850692,1
2026-05-01T13:23:21.116,A1,1,761,-62.9,-95.5,-32.5,61.03,112,2253,6835,7662,26558,1277,396811888,1
2026-05-01T13:23:21.205,A1,1,762,-63.4,-95.5,-32.1,54.62,100,4519,5462,9196,31896,1424,641795632,1
2026-05-01T13:23:21.325,A1,1,763,-62.6,-94.7,-32.0,88.59,96,4353,8505,6453,27138,1277,662537522,1
2026-05-01T13:23:21.476,A1,1,764,-62.9,-95.0,-32.1,60.19,108,3266,6500,7395,23162,1191,407309853,1
2026-05-01T13:23:21.574,A1,1,765,-62.8,-94.6,-31.8,58.33,124,3968,7233,9329,30959,1373,642750326,1
2026-05-01T13:23:21.656,A1,1,766,-62.5,-94.3,-31.9,94.64,80,3741,7571,6707,22263,1151,449191319,1
2026-05-01T13:23:21.775,A1,1,767,-61.8,-95.0,-33.2,87.28,96,6218,8379,5625,32925,1366,411169437,1
2026-05-01T13:23:21.896,A1,1,768,-62.8,-94.3,-31.5,93.98,92,5701,8646,5493,25459,1246,396315896,1
2026-05-01T13:23:22.016,A1,1,769,-62.0,-94.6,-32.5,91.72,88,3700,8071,5703,23213,1158,441486083,1
2026-05-01T13:23:22.105,A1,1,770,-62.4,-94.6,-32.2,78.05,120,3843,9366,8981,37590,1490,420041404,1
2026-05-01T13:23:22.226,A1,1,771,-62.0,-94.5,-32.5,74.4,104,3571,7738,6727,24087,1176,493984605,1
2026-05-01T13:23:22.316,A1,1,772,-62.4,-94.9,-32.5,85.76,100,5172,8576,6816,32103,1380,447696880,1
2026-05-01T13:23:22.438,A1,1,773,-63.2,-94.6,-31.4,98.35,92,4044,9048,7839,30807,1391,711567534,1
2026-05-01T13:23:22.559,A1,1,774,-62.4,-93.9,-31.6,87.68,92,4184,8067,7760,25080,1217,752146613,1
2026-05-01T13:23:22.618,A1,1,775,-63.0,-94.1,-31.1,89.62,100,4174,8962,9708,33600,1442,446412821,1
2026-05-01T13:23:22.765,A1,1,776,-61.9,-94.2,-32.3,80.35,96,5184,7714,7529,27430,1254,462253629,1
2026-05-01T13:23:22.887,A1,1,777,-62.7,-93.9,-31.2,87.66,96,5226,8415,5662,22080,1154,463214918,1
2026-05-01T13:23:23.006,A1,1,778,-62.7,-93.8,-31.1,85.0,104,5656,8840,5786,23666,1196,422658620,1
2026-05-01T13:23:23.097,A1,1,779,-61.9,-94.1,-32.2,73.94,80,4538,5915,7647,21283,1103,722689673,1
2026-05-01T13:23:23.216,A1,1,780,-62.8,-94.4,-31.5,75.11,120,5536,9013,7412,31269,1382,493323440,1
2026-05-01T13:23:23.305,A1,1,781,-62.1,-94.3,-32.2,97.2,88,5700,8554,6352,28166,1278,405922272,1
2026-05-01T13:23:23.425,A1,1,782,-63.0,-94.0,-31.0,68.28,132,5603,9013,9186,33553,1440,469672961,1
2026-05-01T13:23:23.548,A1,1,783,-62.9,-94.0,-31.1,63.56,116,5506,7373,9387,29630,1348,407911078,1
2026-05-01T13:23:23.666,A1,1,784,-62.3,-93.6,-31.2,99.35,88,5737,8743,6597,24771,1208,747670347,1
2026-05-01T13:23:23.756,A1,1,785,-62.7,-93.6,-30.9,81.06,108,5669,8755,6032,22877,1176,407734208,1
2026-05-01T13:23:23.846,A1,1,786,-62.4,-93.5,-31.1,79.36,112,5742,8888,6777,25011,1217,511947881,1
2026-05-01T13:23:23.965,A1,1,787,-63.0,-93.6,-30.6,68.7,132,6081,9068,9464,32685,1420,419423863,1
2026-05-01T13:23:24.087,A1,1,788,-62.6,-93.8,-31.2,85.84,100,6206,8584,6091,24868,1221,452026259,1
2026-05-01T13:23:24.206,A1,1,789,-62.9,-94.0,-31.1,61.56,116,6638,7141,9812,32944,1422,454376517,1
2026-05-01T13:23:24.326,A1,1,790,-62.4,-93.7,-31.3,67.09,108,5587,7246,8307,25347,1227,391252468,1
2026-05-01T13:23:24.476,A1,1,791,-62.5,-94.0,-31.4,84.68,92,5534,7791,8368,28173,1298,394992840,1
2026-05-01T13:23:24.536,A1,1,792,-62.7,-94.1,-31.4,57.05,128,5997,7303,9937,33551,1425,444350667,1
2026-05-01T13:23:24.657,A1,1,793,-62.1,-94.0,-32.0,57.23,96,4897,5494,7915,21384,1112,475670314,1
2026-05-01T13:23:24.746,A1,1,794,-62.9,-94.2,-31.3,61.32,116,5611,7113,9946,32491,1410,694232485,1
2026-05-01T13:23:24.836,A1,1,795,-62.0,-94.5,-32.5,88.07,104,7223,9159,6170,35746,1435,476012718,1
2026-05-01T13:23:24.957,A1,1,796,-61.7,-94.0,-32.4,85.4,96,5801,8198,5710,25131,1189,494856082,1
2026-05-01T13:23:25.077,A1,1,797,-62.0,-94.3,-32.4,71.32,80,4412,5706,7545,21590,1115,436303555,1
2026-05-01T13:23:25.170,A1,1,798,-62.2,-94.0,-31.8,72.26,100,4687,7226,6829,21700,1127,750855796,1
2026-05-01T13:23:25.256,A1,1,799,-62.0,-94.2,-32.2,88.82,84,4806,7461,6561,23319,1161,445340407,1
2026-05-01T13:23:33.418,A1,1,800,-58.5,-92.1,-33.5,80.89,88,7943,7118,6705,23631,1035,713117408,1
2026-05-01T13:23:33.507,A1,1,801,-60.8,-93.2,-32.3,54.55,88,8570,4800,7698,25507,1165,492725359,1
2026-05-01T13:23:33.626,A1,1,802,-60.2,-89.2,-29.0,57.85,88,14700,5091,5350,18632,974,455999243,1
2026-05-01T13:23:33.745,A1,1,803,-63.2,-93.4,-30.2,76.83,104,3126,7990,11174,29069,1349,453509477,1
2026-05-01T13:23:33.865,A1,1,804,-61.8,-87.5,-25.7,136.95,112,17494,15338,9086,28151,1263,418348995,1
2026-05-01T13:23:33.987,A1,1,805,-59.9,-83.7,-23.8,181.23,92,17324,16673,10095,26799,1155,463315424,1
2026-05-01T13:23:34.106,A1,1,806,-62.5,-79.3,-16.8,240.72,76,14336,18295,14872,18495,1051,713416091,1
2026-05-01T13:23:34.254,A1,1,807,-63.8,-84.4,-20.6,244.31,68,15430,16613,9882,19315,1124,514581539,1
2026-05-01T13:23:34.345,A1,1,808,-66.7,-82.5,-15.7,196.46,92,15398,18074,16669,19039,1233,396206555,1
2026-05-01T13:23:34.497,A1,1,809,-67.7,-88.5,-20.8,192.15,100,17743,19215,13129,30059,1604,449439721,1
2026-05-01T13:23:34.587,A1,1,810,-67.1,-89.7,-22.6,172.02,92,14131,15826,14995,32225,1626,387245941,1
2026-05-01T13:23:42.686,A1,1,812,-64.0,-94.9,-30.9,104.9,84,5629,8812,5092,26594,1325,460267845,1
2026-05-01T13:23:42.837,A1,1,813,-64.5,-94.7,-30.2,80.84,116,3686,9378,7130,27596,1374,439323886,1
2026-05-01T13:23:42.928,A1,1,814,-63.4,-93.4,-29.9,51.84,96,7974,4977,8834,23891,1233,395201080,1
2026-05-01T13:23:43.045,A1,1,815,-63.9,-94.9,-31.0,101.87,76,3390,7742,6157,21551,1191,462467800,1
2026-05-01T13:23:43.229,A1,1,816,-64.1,-94.0,-29.9,51.04,100,6590,5104,8756,22990,1238,458288895,1
2026-05-01T13:23:43.256,A1,1,817,-64.2,-94.6,-30.4,80.4,96,4349,7718,7266,23824,1265,427443717,1
2026-05-01T13:23:43.377,A1,1,818,-64.0,-94.1,-30.1,65.77,96,5933,6314,8806,24734,1279,466188417,1
2026-05-01T13:23:43.497,A1,1,819,-64.1,-95.0,-31.0,78.43,96,3111,7529,6101,20891,1178,728902058,1
2026-05-01T13:23:43.616,A1,1,820,-63.9,-94.1,-30.3,63.57,96,5736,6103,8452,23428,1239,474327884,1
2026-05-01T13:23:43.765,A1,1,821,-64.3,-94.0,-29.7,69.65,84,7820,5851,8726,26799,1344,450711866,1
2026-05-01T13:23:43.856,A1,1,822,-63.5,-94.2,-30.7,87.94,80,4624,7035,8353,24222,1243,415670709,1
2026-05-01T13:23:43.978,A1,1,823,-64.2,-94.5,-30.2,106.62,92,4490,9809,7148,29302,1404,399434881,1
2026-05-01T13:23:44.065,A1,1,824,-63.9,-94.5,-30.7,90.74,88,4296,7985,5953,21379,1184,511021554,1
2026-05-01T13:23:44.186,A1,1,825,-63.9,-94.4,-30.5,101.62,72,3894,7317,5971,18378,1099,436987051,1
2026-05-01T13:23:44.305,A1,1,826,-64.2,-94.5,-30.2,50.01,88,5114,4401,8360,20110,1163,466553594,1
2026-05-01T13:23:44.473,A1,1,827,-63.7,-94.8,-31.1,108.28,76,4585,8229,5166,22760,1215,439911635,1
2026-05-01T13:23:44.517,A1,1,828,-64.0,-95.4,-31.3,63.47,108,2613,6855,7366,23441,1247,725051207,1
2026-05-01T13:23:44.635,A1,1,829,-63.2,-94.8,-31.6,70.78,88,4943,6229,7346,23536,1214,507441791,1
2026-05-01T13:23:44.756,A1,1,830,-63.8,-94.0,-30.2,68.38,108,9241,7385,7425,31215,1427,462508757,1
2026-05-01T13:23:44.845,A1,1,831,-62.9,-92.7,-29.9,40.92,100,10785,4092,7787,25004,1237,493844096,1
2026-05-01T13:23:44.968,A1,1,832,-64.0,-93.9,-29.9,93.02,96,3603,8930,9070,27104,1338,387300897,1
2026-05-01T13:23:45.088,A1,1,833,-64.3,-93.9,-29.6,97.34,92,3478,8955,7961,23844,1269,434811076,1
2026-05-01T13:23:45.235,A1,1,834,-63.6,-92.7,-29.1,123.29,92,5170,11343,8115,27022,1317,393955566,1
2026-05-01T13:23:45.326,A1,1,835,-63.1,-89.6,-26.5,133.41,92,13786,12274,9348,26114,1274,436201994,1
2026-05-01T13:23:45.446,A1,1,836,-62.7,-90.7,-28.0,123.68,84,7275,10389,8492,19172,1078,729968259,1
2026-05-01T13:23:45.586,A1,1,837,-63.4,-90.8,-27.4,118.95,84,12416,9992,6823,23783,1228,440351091,1
2026-05-01T13:23:45.656,A1,1,838,-63.4,-96.1,-32.7,48.68,88,7601,4284,4882,27034,1309,407497559,1
2026-05-01T13:23:45.776,A1,1,839,-62.8,-96.4,-33.6,29.86,108,8087,3225,4876,29796,1348,487981542,1
2026-05-01T13:23:45.865,A1,1,840,-63.4,-88.8,-25.5,112.05,120,15191,13446,10879,26935,1306,401382766,1
2026-05-01T13:23:45.987,A1,1,841,-62.0,-87.9,-25.9,180.89,80,5771,14471,13881,19937,1071,425601658,1
2026-05-01T13:23:46.107,A1,1,842,-62.5,-88.2,-25.7,129.09,104,13224,13425,9495,20788,1113,767422953,1
2026-05-01T13:23:46.253,A1,1,843,-63.4,-91.5,-28.1,24.08,84,15449,2023,5015,24969,1259,442374620,1
2026-05-01T13:23:46.337,A1,1,844,-62.9,-89.2,-26.2,193.44,72,6698,13928,9600,18666,1071,725817145,1
2026-05-01T13:23:46.405,A1,1,845,-63.4,-91.1,-27.7,83.69,112,9893,9373,7623,20718,1145,473043867,1
2026-05-01T13:23:46.527,A1,1,846,-64.3,-95.3,-31.0,102.47,76,592,7788,6271,21244,1198,396929088,1
2026-05-01T13:23:46.676,A1,1,847,-64.4,-93.9,-29.5,99.19,108,4778,10712,6204,26581,1346,453045343,1
2026-05-01T13:23:46.766,A1,1,848,-63.2,-95.2,-32.0,37.29,80,6335,2983,6155,19358,1099,772790115,1
2026-05-01T13:23:46.945,A1,1,849,-63.2,-92.3,-29.0,92.33,112,8138,10341,8993,28626,1339,444443113,1
2026-05-01T13:23:47.028,A1,1,850,-64.0,-93.8,-29.8,80.46,108,1122,8690,8270,22327,1215,724954262,1
2026-05-01T13:23:47.065,A1,1,851,-63.6,-93.9,-30.3,116.93,72,3988,8419,5450,18596,1092,490752103,1
2026-05-01T13:23:47.186,A1,1,852,-63.6,-96.7,-33.1,48.83,104,4179,5078,5798,23511,1232,468202777,1
2026-05-01T13:23:47.275,A1,1,853,-63.0,-94.1,-31.1,81.14,84,7462,6816,3915,20371,1122,491055781,1
2026-05-01T13:23:47.395,A1,1,854,-63.2,-89.5,-26.2,89.67,120,14028,10760,7786,22175,1180,480678790,1
2026-05-01T13:23:47.516,A1,1,855,-63.4,-94.2,-30.8,59.69,120,8572,7163,7087,30507,1392,519056172,1
2026-05-01T13:23:47.637,A1,1,856,-63.8,-91.4,-27.6,109.94,108,6158,11874,12443,29682,1391,582812397,1
2026-05-01T13:23:47.755,A1,1,857,-63.6,-95.1,-31.4,71.71,112,3272,8031,7110,26226,1300,388287105,1
2026-05-01T13:23:47.876,A1,1,858,-64.0,-93.5,-29.5,56.77,92,9175,5223,8026,24931,1284,459066779,1
2026-05-01T13:23:47.995,A1,1,859,-63.5,-93.6,-30.1,50.7,96,8855,4867,6620,21833,1180,457340365,1
2026-05-01T13:23:48.116,A1,1,860,-63.5,-94.3,-30.7,91.75,92,6010,8441,6680,26530,1304,454691079,1
2026-05-01T13:23:48.236,A1,1,861,-64.1,-93.1,-29.0,90.55,92,5219,8331,8230,21116,1185,440915023,1
2026-05-01T13:23:48.326,A1,1,862,-63.5,-94.6,-31.2,70.28,124,5670,8715,7534,31566,1420,397550565,1
2026-05-01T13:23:48.445,A1,1,863,-63.4,-93.7,-30.3,52.58,112,7858,5889,9003,27591,1323,452380852,1
2026-05-01T13:23:48.597,A1,1,864,-63.4,-93.9,-30.6,73.02,104,4953,7594,8570,25578,1272,390311510,1
2026-05-01T13:23:48.687,A1,1,865,-64.3,-94.8,-30.6,103.89,76,3011,7896,6135,20631,1179,396927359,1
2026-05-01T13:23:48.805,A1,1,866,-64.7,-95.2,-30.5,94.19,88,5697,8289,5034,25111,1319,440931305,1
2026-05-01T13:23:48.926,A1,1,867,-64.6,-95.2,-30.6,111.29,80,3967,8903,5353,24844,1307,527371511,1
2026-05-01T13:23:49.136,A1,1,868,-64.0,-95.7,-31.7,71.46,100,1243,7146,6508,22259,1214,415845258,1
2026-05-01T13:23:49.154,A1,1,869,-63.9,-94.9,-31.0,83.32,116,6126,9665,6055,33081,1473,436340875,1
2026-05-01T13:23:49.256,A1,1,870,-63.0,-94.8,-31.8,95.39,84,1249,8013,6622,22642,1182,729224136,1
2026-05-01T13:23:49.347,A1,1,871,-90.5,-94.9,-4.5,67.24,96,5001,6455,7114,2509,1238,466790888,1
2026-05-01T13:23:49.466,A1,1,872,-64.4,-94.9,-30.5,85.3,100,3966,8530,5990,23586,1266,465895174,1
2026-05-01T13:23:49.585,A1,1,873,-63.6,-94.4,-30.8,62.66,88,7816,5514,8369,28855,1362,399093536,1
2026-05-01T13:23:49.706,A1,1,874,-62.4,-92.8,-30.4,54.6,84,10770,4586,5433,22594,1156,641868897,1
2026-05-01T13:23:49.795,A1,1,875,-63.0,-91.3,-28.3,96.5,96,13703,9264,8231,31125,1387,423788506,1
2026-05-01T13:23:49.915,A1,1,876,-62.6,-92.3,-29.7,79.0,88,9232,6952,6654,20995,1123,426574249,1
2026-05-01T13:23:50.007,A1,1,877,-63.5,-92.9,-29.4,85.65,96,7820,8222,5525,20491,1144,489314617,1
2026-05-01T13:23:50.125,A1,1,878,-63.7,-92.7,-28.9,121.74,76,6936,9252,6371,20913,1166,605953924,1
2026-05-01T13:23:50.246,A1,1,879,-63.9,-92.1,-28.1,122.01,108,8857,13177,8065,32596,1465,509586497,1
2026-05-01T13:23:50.336,A1,1,880,-63.9,-91.6,-27.7,99.96,112,9511,11195,7816,25615,1299,425507205,1
2026-05-01T13:23:50.440,A1,1,881,-63.2,-91.9,-28.7,87.32,96,10745,8383,7177,24744,1244,473914527,1
2026-05-01T13:23:50.555,A1,1,882,-62.7,-94.2,-31.5,93.3,76,7102,7091,5267,23477,1193,748598662,1
2026-05-01T13:23:50.664,A1,1,883,-62.7,-96.5,-33.7,70.84,88,3746,6234,4511,22417,1166,407771524,1
2026-05-01T13:23:50.756,A1,1,884,-63.2,-95.5,-32.3,64.22,80,5944,5138,6280,23824,1221,416876145,1
2026-05-01T13:23:50.847,A1,1,885,-63.6,-94.1,-30.6,60.39,84,6916,5073,8341,24229,1247,493410173,1
2026-05-01T13:23:50.941,A1,1,886,-63.4,-93.1,-29.6,70.58,104,4712,7340,10124,23797,1231,427693686,1
2026-05-01T13:23:51.086,A1,1,887,-63.4,-91.7,-28.4,122.62,104,6856,12753,8927,28684,1347,760349261,1
2026-05-01T13:23:51.206,A1,1,888,-62.9,-91.7,-28.8,97.85,104,9538,10176,6509,23903,1211,410923970,1
2026-05-01T13:23:51.298,A1,1,889,-62.5,-92.2,-29.7,102.13,100,9376,10213,6025,26707,1262,401198570,1
2026-05-01T13:23:51.417,A1,1,890,-63.1,-92.1,-28.9,77.97,120,10435,9356,9584,31243,1396,454815031,1
2026-05-01T13:23:51.537,A1,1,891,-62.7,-93.8,-31.1,85.78,100,7143,8578,5711,26358,1264,403606733,1
2026-05-01T13:23:51.625,A1,1,892,-62.7,-93.9,-31.3,90.31,88,7221,7947,6355,26695,1269,489417748,1
2026-05-01T13:23:51.747,A1,1,893,-63.6,-92.0,-28.5,69.35,116,10631,8045,8366,25935,1291,451980084,1
2026-05-01T13:23:51.837,A1,1,894,-63.2,-92.9,-29.7,101.36,96,8955,9731,6268,28236,1331,444142285,1
2026-05-01T13:23:51.955,A1,1,895,-63.4,-91.8,-28.4,81.41,132,10810,10746,6940,28006,1332,408130629,1
2026-05-01T13:23:52.077,A1,1,896,-62.7,-91.4,-28.7,98.41,96,10321,9447,7677,24321,1214,419099697,1
2026-05-01T13:23:52.165,A1,1,897,-63.2,-91.7,-28.5,128.34,88,9198,11294,6442,24994,1250,747709115,1
2026-05-01T13:23:52.287,A1,1,898,-63.8,-91.8,-28.0,130.25,96,6919,12504,9208,28146,1357,425976091,1
2026-05-01T13:23:52.407,A1,1,899,-63.3,-92.1,-28.8,117.96,92,4263,10852,9269,24022,1232,453050595,1
2026-05-01T13:23:52.610,A1,1,900,-63.9,-92.5,-28.7,122.68,84,5987,10305,7464,22675,1219,402330689,1
2026-05-01T13:23:52.649,A1,1,901,-63.1,-91.7,-28.6,130.24,76,2480,9898,10783,22183,1176,427583290,1
2026-05-01T13:23:52.705,A1,1,902,-63.3,-92.1,-28.8,83.09,116,2000,9639,11552,24679,1246,425699453,1
2026-05-01T13:23:52.825,A1,1,903,-63.7,-92.7,-29.0,133.02,88,5652,11706,7413,26825,1317,395491258,1
2026-05-01T13:23:52.946,A1,1,904,-63.1,-92.7,-29.5,118.6,80,1878,9488,10219,24569,1237,721090726,1
2026-05-01T13:23:53.066,A1,1,905,-63.7,-92.7,-29.0,103.25,116,3481,11977,9695,30237,1398,747193779,1
2026-05-01T13:23:53.155,A1,1,906,-63.6,-93.0,-29.4,122.34,92,4267,11255,9899,31598,1427,435919426,1
2026-05-01T13:23:53.245,A1,1,907,-62.9,-92.6,-29.6,102.64,100,4578,10264,9884,27560,1302,424228159,1
2026-05-01T13:23:53.396,A1,1,908,-63.7,-94.1,-30.4,82.31,96,6014,7902,8776,29268,1375,440758191,1
2026-05-01T13:23:53.495,A1,1,909,-64.1,-93.3,-29.2,52.74,120,9917,6329,11348,36301,1556,390066201,1
2026-05-01T13:23:53.635,A1,1,910,-63.6,-93.6,-30.0,73.64,120,4272,8837,9906,28763,1360,489516141,1
2026-05-01T13:23:53.696,A1,1,911,-63.5,-94.2,-30.6,117.93,84,3362,9906,6744,26413,1301,628846986,1
2026-05-01T13:23:53.847,A1,1,912,-63.0,-94.2,-31.2,108.89,88,3979,9582,5959,25511,1253,446964679,1
2026-05-01T13:23:53.937,A1,1,913,-63.8,-94.4,-30.6,85.07,100,3414,8507,9014,29468,1387,416204874,1
2026-05-01T13:23:54.055,A1,1,914,-63.3,-94.8,-31.5,106.07,88,2408,9334,6472,26978,1305,718118851,1
2026-05-01T13:23:54.241,A1,1,915,-63.0,-95.2,-32.1,104.84,88,4382,9226,5278,29561,1353,489487780,1
2026-05-01T13:23:54.325,A1,1,916,-62.7,-95.7,-33.0,80.08,92,2642,7367,7030,28549,1316,402959905,1
2026-05-01T13:23:54.407,A1,1,917,-62.5,-95.2,-32.7,77.18,88,3065,6792,7095,24686,1214,468000925,1
2026-05-01T13:23:54.509,A1,1,918,-62.4,-96.6,-34.2,78.81,96,1391,7566,6178,31577,1369,749034350,1
2026-05-01T13:23:54.565,A1,1,919,-62.9,-95.0,-32.1,75.01,84,6422,6301,7317,29117,1335,427049088,1
2026-05-01T13:23:54.685,A1,1,920,-62.9,-96.7,-33.8,89.97,80,2077,7198,4351,24154,1217,409918189,1
2026-05-01T13:23:54.775,A1,1,921,-63.3,-93.9,-30.6,32.92,100,9536,3292,7858,26555,1292,490741614,1
2026-05-01T13:23:54.866,A1,1,922,-62.3,-96.0,-33.7,51.55,92,4968,4743,6126,23879,1184,410994920,1
2026-05-01T13:23:55.146,A1,1,923,-62.2,-96.6,-34.4,80.72,88,2463,7103,5730,29466,1313,746545276,1
2026-05-01T13:23:55.169,A1,1,924,-62.2,-93.5,-31.2,26.31,84,10209,2210,7252,25692,1226,730764293,1
2026-05-01T13:23:55.169,A1,1,925,-62.8,-96.7,-33.9,61.38,124,3330,7611,6358,35242,1465,443327728,1
2026-05-01T13:23:55.285,A1,1,926,-62.5,-96.0,-33.5,53.96,108,5096,5828,6549,29006,1317,562598636,1
2026-05-01T13:23:55.407,A1,1,927,-63.1,-97.4,-34.3,48.8,128,4177,6246,5147,30767,1385,434782314,1
2026-05-01T13:23:55.527,A1,1,928,-63.2,-94.7,-31.4,29.82,84,8768,2505,6047,23531,1215,401350324,1
2026-05-01T13:23:55.645,A1,1,929,-63.2,-94.5,-31.3,24.51,80,9011,1961,6457,24178,1230,455401862,1
2026-05-01T13:23:55.765,A1,1,930,-63.1,-97.3,-34.3,76.75,80,1596,6140,4519,22291,1176,406375504,1
2026-05-01T13:23:55.885,A1,1,931,-62.3,-93.6,-31.4,22.39,88,10014,1970,7397,26286,1243,491152717,1
2026-05-01T13:23:56.066,A1,1,932,-63.0,-96.1,-33.1,65.0,100,3617,6500,5588,23830,1211,705574874,1
2026-05-01T13:23:56.149,A1,1,933,-62.4,-93.1,-30.7,57.14,108,7865,6171,8672,25455,1229,445869340,1
2026-05-01T13:23:56.187,A1,1,934,-63.1,-93.8,-30.7,97.37,76,2914,7400,8777,22674,1186,466246206,1
2026-05-01T13:23:56.341,A1,1,935,-63.5,-94.1,-30.6,85.16,116,4642,9879,5861,25717,1282,730379366,1
2026-05-01T13:23:56.395,A1,1,936,-63.3,-93.6,-30.3,103.17,88,5712,9079,7284,25672,1270,412008282,1
2026-05-01T13:23:56.515,A1,1,937,-63.1,-92.1,-29.0,58.69,108,11900,6339,7196,25356,1256,400501305,1
2026-05-01T13:23:56.637,A1,1,938,-63.7,-95.1,-31.4,82.07,96,3773,7879,5597,22540,1207,440479438,1
2026-05-01T13:23:56.755,A1,1,939,-64.6,-94.9,-30.3,73.26,80,5826,5861,7930,24487,1300,398769024,1
2026-05-01T13:23:56.846,A1,1,940,-62.7,-96.6,-33.8,65.54,96,4940,6292,5245,28711,1318,442756134,1
2026-05-01T13:23:56.995,A1,1,941,-63.1,-94.0,-30.8,70.88,92,7015,6521,6095,21639,1161,407473898,1
2026-05-01T13:23:57.057,A1,1,942,-63.8,-93.7,-29.9,102.13,84,6319,8579,5246,21156,1173,667716554,1
2026-05-01T13:23:57.176,A1,1,943,-64.3,-94.3,-30.0,79.09,96,2750,7593,7192,19754,1156,461255421,1
2026-05-01T13:23:57.296,A1,1,944,-63.8,-94.1,-30.3,36.92,116,8446,4283,9134,28767,1370,658149638,1
2026-05-01T13:23:57.436,A1,1,945,-63.5,-95.4,-31.9,79.75,96,2853,7656,5435,22086,1188,406207781,1
2026-05-01T13:23:57.540,A1,1,946,-64.0,-93.0,-29.0,105.56,84,3995,8867,9891,24306,1266,424340116,1
2026-05-01T13:23:57.597,A1,1,947,-63.7,-91.6,-27.9,111.77,104,4104,11624,13309,30649,1408,491030556,1
2026-05-01T13:23:57.715,A1,1,948,-63.9,-94.0,-30.1,79.89,96,5089,7669,8107,24187,1259,437128051,1
2026-05-01T13:23:57.836,A1,1,949,-63.0,-93.6,-30.6,46.72,100,7793,4672,8479,24077,1221,481489725,1
2026-05-01T13:23:57.925,A1,1,950,-63.1,-94.9,-31.8,79.36,84,1621,6666,7003,19990,1116,438755839,1
2026-05-01T13:23:58.047,A1,1,951,-63.9,-93.2,-29.3,98.41,88,2179,8660,9181,21949,1200,457796341,1
2026-05-01T13:23:58.166,A1,1,952,-64.1,-91.4,-27.3,104.96,92,4252,9656,11583,21134,1186,454540090,1
2026-05-01T13:23:58.257,A1,1,953,-64.3,-92.8,-28.5,124.55,80,5540,9964,6144,19990,1162,446446667,1
2026-05-01T13:23:58.432,A1,1,954,-63.5,-92.4,-29.0,122.63,100,5978,12263,8964,30781,1402,392955130,1
2026-05-01T13:23:58.516,A1,1,955,-63.5,-95.5,-32.0,82.1,100,1638,8210,4887,22016,1185,748852871,1
2026-05-01T13:23:58.600,A1,1,956,-63.3,-95.4,-32.1,94.09,88,4127,8280,5015,25429,1267,421903521,1
2026-05-01T13:23:58.675,A1,1,957,-63.8,-94.2,-30.4,54.93,96,7150,5273,7257,22156,1202,468186814,1
2026-05-01T13:23:58.765,A1,1,958,-63.1,-92.5,-29.5,80.26,84,10258,6742,7181,24528,1234,437929045,1
2026-05-01T13:23:58.885,A1,1,959,-63.0,-91.5,-28.5,96.02,88,8241,8450,8601,20331,1120,762601798,1
2026-05-01T13:23:59.007,A1,1,960,-63.6,-92.9,-29.3,112.38,84,3821,9440,8239,21779,1185,488260714,1
2026-05-01T13:23:59.095,A1,1,961,-63.6,-91.6,-28.0,158.13,68,3195,10753,9813,20857,1160,492990200,1
2026-05-01T13:23:59.217,A1,1,962,-61.9,-94.9,-33.0,47.42,96,4957,4552,6871,21022,1097,441390708,1
2026-05-01T13:23:59.315,A1,1,963,-64.2,-94.1,-29.9,47.35,96,8833,4546,6046,21900,1214,488049470,1
2026-05-01T13:23:59.395,A1,1,964,-62.1,-89.6,-27.4,62.83,140,15121,8796,10298,26802,1249,746794690,1
2026-05-01T13:23:59.485,A1,1,965,-67.7,-79.4,-11.7,117.77,140,15293,16488,10659,10608,951,488199762,1
2026-05-01T13:23:59.608,A1,1,966,-61.7,-91.0,-29.2,15.64,104,13251,1627,3260,17469,994,418273529,1
2026-05-01T13:23:59.697,A1,1,967,-61.8,-78.1,-16.2,160.24,104,16439,16665,12466,16471,968,489499964,1
2026-05-01T13:23:59.815,A1,1,968,-64.2,-92.9,-28.7,81.87,84,6755,6877,6700,16851,1064,424773624,1
2026-05-01T13:23:59.936,A1,1,969,-63.2,-82.4,-19.2,156.5,116,9677,18154,14025,17816,1055,749718032,1
2026-05-01T13:24:00.025,A1,1,970,-61.6,-79.9,-18.3,112.54,156,14897,17557,13805,19414,1044,470240691,1
2026-05-01T13:24:00.156,A1,1,971,-62.4,-82.4,-20.0,157.47,108,11939,17007,14978,19883,1085,768487872,1
2026-05-01T13:24:00.237,A1,1,972,-62.5,-83.6,-21.1,198.76,84,12560,16696,14107,20805,1114,466115195,1
2026-05-01T13:24:00.356,A1,1,973,-62.9,-84.4,-21.5,189.91,92,10478,17472,17139,23832,1210,490185679,1
2026-05-01T13:24:00.475,A1,1,974,-63.1,-86.8,-23.7,197.48,84,10633,16588,15053,24125,1226,449442230,1
2026-05-01T13:24:00.565,A1,1,975,-62.6,-85.4,-22.9,219.0,84,14717,18396,13228,27035,1273,496862927,1
2026-05-01T13:24:00.716,A1,1,976,-62.3,-85.7,-23.3,205.71,84,12873,17280,13514,24746,1207,725584919,1
2026-05-01T13:24:00.807,A1,1,977,-63.1,-88.5,-25.5,121.77,120,14098,14612,10013,24660,1236,439570554,1
2026-05-01T13:24:00.895,A1,1,978,-63.4,-87.6,-24.2,152.68,108,17438,16489,11290,28534,1344,442488112,1
2026-05-01T13:24:01.031,A1,1,979,-63.1,-88.0,-24.9,113.87,120,17324,13664,8802,24112,1226,709621525,1
2026-05-01T13:24:01.105,A1,1,980,-62.7,-87.6,-24.9,153.68,108,3729,16597,17252,25042,1230,423551126,1
2026-05-01T13:24:01.227,A1,1,981,-63.0,-86.5,-23.6,120.71,124,18281,14968,11248,26593,1280,452767152,1
2026-05-01T13:24:01.345,A1,1,982,-62.5,-84.9,-22.4,142.65,124,15102,17688,13101,25525,1235,452897678,1
2026-05-01T13:24:01.465,A1,1,983,-63.2,-85.7,-22.5,140.92,128,14878,18038,16271,29339,1356,459318191,1
2026-05-01T13:24:01.616,A1,1,984,-62.7,-84.8,-22.1,141.39,116,18068,16401,13523,27408,1286,392384634,1
2026-05-01T13:24:01.714,A1,1,985,-63.1,-83.5,-20.4,175.55,96,11802,16853,15106,20355,1123,462451182,1
2026-05-01T13:24:01.796,A1,1,986,-62.7,-81.6,-18.9,151.62,112,15549,16982,13279,19932,1097,423383892,1
2026-05-01T13:24:01.914,A1,1,987,-62.2,-81.9,-19.7,175.15,100,14586,17515,12750,20351,1090,471815808,1
2026-05-01T13:24:02.006,A1,1,988,-62.7,-81.3,-18.6,198.98,92,12646,18306,15800,20514,1113,447880858,1
2026-05-01T13:24:02.156,A1,1,989,-63.1,-83.1,-20.0,175.75,112,20065,19684,12079,28473,1329,438533536,1
2026-05-01T13:24:02.376,A1,1,990,-67.9,-79.2,-11.3,203.38,84,11519,17084,15203,10884,971,443313060,1
2026-05-01T13:24:02.376,A1,1,991,-62.8,-80.7,-17.9,221.97,76,9018,16870,16636,16873,1013,539148325,1
2026-05-01T13:24:02.485,A1,1,992,-63.9,-83.2,-19.2,164.87,112,18523,18465,12393,24087,1260,488224880,1
2026-05-01T13:24:02.575,A1,1,993,-63.5,-83.5,-20.0,127.46,116,18335,14785,10802,20333,1140,417597571,1
2026-05-01T13:24:02.727,A1,1,994,-62.0,-94.7,-32.6,77.8,88,5141,6846,6073,23490,1165,401042948,1
2026-05-01T13:24:02.879,A1,1,995,-63.6,-88.5,-25.0,209.23,80,5511,16738,16221,26757,1311,724950109,1
2026-05-01T13:24:02.996,A1,1,996,-64.5,-92.0,-27.5,108.96,92,6692,10024,9620,23001,1254,746213840,1
2026-05-01T13:24:03.055,A1,1,997,-60.2,-77.7,-17.5,206.34,88,16495,18158,13614,20166,1012,436737269,1
2026-05-01T13:24:03.144,A1,1,998,-64.0,-89.3,-25.4,127.74,92,6473,11752,12716,18672,1111,765312541,1
2026-05-01T13:24:03.235,A1,1,999,-61.3,-90.4,-29.1,10.25,104,13986,1066,7599,21421,1086,401462869,1
2026-05-01T13:24:03.356,A1,1,1000,-62.7,-93.8,-31.1,117.81,84,1132,9896,7668,26202,1259,470909825,1
2026-05-01T13:24:03.535,A1,1,1001,-61.0,-89.8,-28.8,48.05,96,14022,4613,7614,20432,1049,523024992,1
2026-05-01T13:24:03.595,A1,1,1002,-61.8,-91.9,-30.1,117.91,76,6133,8961,7830,20406,1076,394390153,1
2026-05-01T13:24:03.753,A1,1,1003,-61.9,-86.5,-24.6,159.64,104,16702,16603,10265,27628,1257,466053172,1
2026-05-01T13:24:03.861,A1,1,1004,-63.3,-89.1,-25.8,158.99,92,13997,14627,10399,27821,1324,441866190,1
2026-05-01T13:24:03.945,A1,1,1005,-62.2,-90.9,-28.6,153.73,80,2211,12298,11514,25238,1216,723735244,1
2026-05-01T13:24:04.028,A1,1,1006,-63.0,-90.4,-27.4,152.5,84,3536,12810,10487,21407,1150,724431948,1
2026-05-01T13:24:04.112,A1,1,1007,-63.0,-89.0,-26.0,152.52,104,8508,15862,11781,25074,1243,417826601,1
2026-05-01T13:24:04.232,A1,1,1008,-63.6,-90.1,-26.6,131.61,96,939,12635,14650,25347,1276,670318769,1
2026-05-01T13:24:04.285,A1,1,1009,-63.7,-91.4,-27.7,97.01,84,4912,8149,13161,23449,1232,421312353,1
2026-05-01T13:24:04.407,A1,1,1010,-64.0,-92.8,-28.9,119.62,108,2048,12919,10648,34798,1517,469288746,1
2026-05-01T13:24:04.524,A1,1,1011,-63.5,-90.5,-27.0,172.65,84,7829,14503,9734,26837,1308,771426480,1
2026-05-01T13:24:04.616,A1,1,1012,-63.9,-90.5,-26.6,162.36,100,8308,16236,10497,31612,1441,421526205,1
2026-05-01T13:24:04.791,A1,1,1013,-63.9,-91.6,-27.8,136.86,92,3277,12591,10545,26111,1308,438124998,1
2026-05-01T13:24:04.874,A1,1,1014,-62.9,-91.3,-28.4,90.24,92,7452,8302,12631,26321,1272,428307002,1
2026-05-01T13:24:04.983,A1,1,1015,-63.3,-91.4,-28.1,104.48,92,7585,9612,14046,32054,1421,424785760,1
2026-05-01T13:24:05.066,A1,1,1016,-63.9,-90.0,-26.1,131.88,104,6549,13715,12309,24600,1271,746591778,1
2026-05-01T13:24:05.124,A1,1,1017,-63.7,-88.9,-25.2,161.32,104,10690,16777,14038,29655,1388,431168091,1
2026-05-01T13:24:05.245,A1,1,1018,-63.3,-91.2,-27.9,96.39,72,12272,6940,10149,26687,1299,394929836,1
2026-05-01T13:24:05.367,A1,1,1019,-64.0,-91.4,-27.4,115.32,72,5717,8303,11847,21122,1183,388663398,1
2026-05-01T13:24:05.487,A1,1,1020,-64.1,-93.9,-29.8,107.98,92,4495,9934,6062,23906,1261,523166347,1
2026-05-01T13:24:05.665,A1,1,1021,-63.0,-92.9,-29.9,42.23,112,8480,4730,9817,25480,1256,442815077,1
2026-05-01T13:24:05.695,A1,1,1022,-63.3,-94.8,-31.5,95.89,96,952,9205,7686,29139,1355,435651285,1
2026-05-01T13:24:05.816,A1,1,1023,-63.8,-91.3,-27.5,79.42,124,11264,9848,13915,36166,1535,488856908,1
2026-05-01T13:24:05.965,A1,1,1024,-73.4,-91.8,-18.4,120.61,100,8152,12061,8902,14645,1364,465357548,1
2026-05-01T13:24:06.056,A1,1,1025,-63.0,-90.6,-27.6,106.76,92,4981,9822,13688,24121,1220,463703701,1
2026-05-01T13:24:06.175,A1,1,1026,-64.1,-91.0,-26.9,136.37,108,8723,14728,9123,30078,1417,453834952,1
2026-05-01T13:24:06.311,A1,1,1027,-64.6,-92.0,-27.3,79.39,124,6977,9844,13416,31075,1464,755792194,1
2026-05-01T13:24:06.386,A1,1,1028,-63.8,-91.3,-27.5,124.54,108,2247,13450,14928,35524,1521,404267174,1
2026-05-01T13:24:06.506,A1,1,1029,-64.1,-91.6,-27.5,162.23,96,7531,15574,9198,34705,1519,772790006,1
2026-05-01T13:24:06.596,A1,1,1030,-64.3,-92.7,-28.4,69.52,124,6255,8621,15698,41734,1678,748658832,1
2026-05-01T13:24:06.717,A1,1,1031,-64.3,-92.7,-28.4,119.42,104,1046,12420,11181,32607,1483,425579528,1
2026-05-01T13:24:06.864,A1,1,1032,-63.7,-92.0,-28.3,123.98,88,981,10910,12089,27546,1335,398474599,1
2026-05-01T13:24:06.926,A1,1,1033,-63.9,-91.5,-27.6,130.51,116,7677,15139,9199,33571,1485,394544439,1
2026-05-01T13:24:07.056,A1,1,1034,-64.1,-92.6,-28.5,111.4,108,1543,12031,11108,30979,1434,401007688,1
2026-05-01T13:24:07.136,A1,1,1035,-69.1,-92.3,-23.2,120.35,112,2972,13479,12111,25548,1553,680013113,1
2026-05-01T13:24:07.255,A1,1,1036,-63.8,-92.2,-28.4,109.05,128,8662,13958,8403,36451,1541,488087638,1
2026-05-01T13:24:07.345,A1,1,1037,-63.3,-91.4,-28.1,117.22,128,7399,15004,10241,35190,1488,390615498,1
2026-05-01T13:24:07.489,A1,1,1038,-63.6,-92.0,-28.4,118.46,108,4583,12794,12756,35678,1516,466771297,1
2026-05-01T13:24:07.558,A1,1,1039,-63.2,-91.3,-28.0,89.96,96,7964,8636,14637,31620,1408,488266752,1
2026-05-01T13:24:07.674,A1,1,1040,-63.5,-91.2,-27.8,116.16,96,5652,11151,12940,28308,1344,468693352,1
2026-05-01T13:24:07.795,A1,1,1041,-64.0,-91.7,-27.7,97.8,128,6144,12519,12065,31838,1451,455178047,1
2026-05-01T13:24:07.917,A1,1,1042,-63.8,-91.5,-27.7,133.48,100,7267,13348,11481,32957,1467,393065596,1
2026-05-01T13:24:08.080,A1,1,1043,-63.4,-90.6,-27.3,168.12,100,7169,16812,14449,41663,1624,425011515,1
2026-05-01T13:24:08.162,A1,1,1044,-63.1,-90.1,-27.0,154.99,112,9538,17359,12953,38921,1555,469486548,1
2026-05-01T13:24:08.271,A1,1,1045,-63.4,-90.3,-26.9,138.77,108,7075,14987,11996,29542,1369,420682709,1
2026-05-01T13:24:08.304,A1,1,1046,-63.9,-90.3,-26.5,154.93,116,9954,17972,12458,39803,1615,727452004,1
2026-05-01T13:24:08.426,A1,1,1047,-63.5,-90.8,-27.4,131.76,92,6030,12122,13500,29270,1366,406505154,1
2026-05-01T13:24:08.516,A1,1,1048,-63.2,-90.0,-26.9,152.8,100,8358,15280,10875,28482,1333,425125247,1
2026-05-01T13:24:08.637,A1,1,1049,-64.5,-90.7,-26.2,122.54,116,5977,14215,15796,34750,1543,400571339,1
2026-05-01T13:24:08.755,A1,1,1050,-63.6,-90.1,-26.6,144.3,112,6766,16162,15840,37537,1552,720172293,1
2026-05-01T13:24:08.937,A1,1,1051,-63.4,-90.3,-26.9,137.4,100,5243,13740,14586,30152,1382,405336385,1
2026-05-01T13:24:08.970,A1,1,1052,-64.1,-90.6,-26.5,145.59,116,12846,16889,10118,39958,1633,432713101,1
2026-05-01T13:24:09.087,A1,1,1053,-63.4,-90.5,-27.1,156.7,88,7718,13790,10130,26184,1289,488310554,1
2026-05-01T13:24:09.212,A1,1,1054,-63.7,-90.7,-27.0,128.75,96,4184,12360,13083,26051,1298,766235329,1
2026-05-01T13:24:09.295,A1,1,1055,-63.6,-90.8,-27.2,139.6,100,7159,13960,11642,29708,1383,406319510,1
2026-05-01T13:24:09.414,A1,1,1056,-63.1,-90.0,-26.9,147.61,112,7461,16532,13787,34805,1472,487195121,1
2026-05-01T13:24:09.476,A1,1,1057,-63.4,-90.3,-27.0,135.33,96,3910,12992,14100,27343,1316,437301666,1
2026-05-01T13:24:09.628,A1,1,1058,-63.0,-89.5,-26.6,135.08,120,11791,16210,10276,30983,1381,488553351,1
2026-05-01T13:24:09.688,A1,1,1059,-62.6,-89.9,-27.3,158.25,100,6770,15825,14714,35302,1456,473603185,1
2026-05-01T13:24:09.775,A1,1,1060,-63.1,-90.0,-26.9,134.17,104,6992,13954,11531,25424,1255,424443866,1
2026-05-01T13:24:09.932,A1,1,1061,-63.3,-90.3,-27.0,142.72,92,4114,13130,14117,27693,1321,486793890,1
2026-05-01T13:24:10.022,A1,1,1062,-63.2,-90.4,-27.2,128.88,104,3964,13403,14637,30280,1377,443433203,1
2026-05-01T13:24:10.076,A1,1,1063,-63.4,-90.2,-26.8,117.91,128,4554,15092,16107,35487,1500,440507969,1
2026-05-01T13:24:10.200,A1,1,1064,-63.1,-90.5,-27.4,130.17,116,9152,15100,11310,33418,1441,438812606,1
2026-05-01T13:24:10.285,A1,1,1065,-63.0,-90.5,-27.4,144.48,112,7772,16182,12799,36695,1507,416035030,1
2026-05-01T13:24:10.406,A1,1,1066,-62.1,-89.7,-27.5,151.97,96,6341,14589,13190,28644,1291,489167928,1
2026-05-01T13:24:10.525,A1,1,1067,-62.6,-91.6,-29.0,107.71,96,4551,10340,9984,22743,1168,722044709,1
2026-05-01T13:24:10.616,A1,1,1068,-62.6,-91.9,-29.3,124.21,104,5903,12918,7463,28001,1296,485095408,1
2026-05-01T13:24:10.776,A1,1,1069,-62.1,-90.4,-28.3,129.49,104,5353,13467,13249,30870,1339,406831945,1
2026-05-01T13:24:10.891,A1,1,1070,-61.8,-89.3,-27.5,161.34,100,4965,16134,15214,32198,1352,433810226,1
2026-05-01T13:24:10.979,A1,1,1071,-62.6,-89.9,-27.3,139.52,120,10444,16743,11375,35410,1456,422894422,1
2026-05-01T13:24:11.035,A1,1,1072,-62.8,-90.9,-28.1,116.69,104,4146,12136,13060,28389,1317,438299379,1
2026-05-01T13:24:11.155,A1,1,1073,-63.4,-91.6,-28.2,133.15,108,7249,14380,8485,31813,1423,443666099,1
2026-05-01T13:24:11.246,A1,1,1074,-62.8,-92.5,-29.7,105.94,96,1833,10170,11228,28445,1317,445676842,1
2026-05-01T13:24:11.365,A1,1,1075,-63.8,-93.3,-29.4,89.47,120,3370,10737,10579,32471,1458,468711189,1
2026-05-01T13:24:11.455,A1,1,1076,-63.0,-91.9,-28.9,135.51,108,6989,14635,8434,34991,1469,437798335,1
2026-05-01T13:24:11.655,A1,1,1077,-63.3,-91.9,-28.5,107.9,96,1497,10358,12242,26489,1293,707244834,1
2026-05-01T13:24:11.697,A1,1,1078,-63.0,-91.7,-28.7,125.94,124,4843,15616,10611,38378,1541,485898233,1
2026-05-01T13:24:11.816,A1,1,1079,-63.0,-92.3,-29.3,108.74,96,4483,10439,12784,33422,1436,722537012,1
2026-05-01T13:24:11.935,A1,1,1080,-63.0,-91.8,-28.8,70.21,108,8139,7583,12954,29717,1354,449438246,1
2026-05-01T13:24:12.084,A1,1,1081,-63.8,-91.3,-27.5,144.96,100,5382,14496,12262,33799,1483,455759581,1
2026-05-01T13:24:12.204,A1,1,1082,-64.3,-91.4,-27.1,133.42,120,10245,16010,10123,39949,1643,464188892,1
2026-05-01T13:24:12.296,A1,1,1083,-63.8,-91.6,-27.8,123.42,88,4277,10861,12702,27644,1343,450410064,1
2026-05-01T13:24:12.415,A1,1,1084,-63.5,-92.1,-28.7,93.9,112,2756,10517,12604,29897,1380,643031442,1
2026-05-01T13:24:12.504,A1,1,1085,-62.9,-91.7,-28.8,95.71,100,4926,9571,13702,31024,1379,420877737,1
2026-05-01T13:24:12.626,A1,1,1086,-62.8,-91.2,-28.5,133.85,96,2780,12850,13152,31667,1387,487133672,1
2026-05-01T13:24:12.745,A1,1,1087,-63.8,-92.4,-28.6,105.37,100,92,10537,13432,32266,1451,394576718,1
2026-05-01T13:24:12.851,A1,1,1088,-63.0,-91.7,-28.6,91.65,100,3516,9165,13272,27167,1297,448895598,1
2026-05-01T13:24:12.925,A1,1,1089,-63.3,-91.5,-28.2,141.42,108,8252,15273,8716,35438,1494,551776074,1
2026-05-01T13:24:13.075,A1,1,1090,-62.9,-92.1,-29.2,118.64,96,2737,11389,12576,33090,1424,496515635,1
2026-05-01T13:24:13.254,A1,1,1091,-62.8,-91.8,-29.0,130.62,104,6110,13585,8495,30814,1370,766720567,1
2026-05-01T13:24:13.288,A1,1,1092,-63.4,-92.9,-29.5,125.73,92,1978,11567,10083,30705,1396,403817820,1
2026-05-01T13:24:13.376,A1,1,1093,-63.1,-91.8,-28.7,94.08,120,5706,11290,15164,39497,1567,421894402,1
2026-05-01T13:24:13.524,A1,1,1094,-63.1,-91.7,-28.7,113.46,92,2919,10438,12416,27502,1306,430308063,1
2026-05-01T13:24:13.645,A1,1,1095,-63.3,-91.9,-28.6,135.67,104,3150,14110,10542,33121,1443,434776019,1
2026-05-01T13:24:13.735,A1,1,1096,-63.2,-92.0,-28.9,126.55,104,7184,13161,7625,30415,1379,462353482,1
2026-05-01T13:24:13.824,A1,1,1097,-63.2,-91.9,-28.7,127.76,108,6824,13798,8375,31656,1406,691495630,1
2026-05-01T13:24:13.959,A1,1,1098,-62.6,-91.7,-29.1,110.19,128,5731,14104,9597,33559,1422,422393766,1
2026-05-01T13:24:14.035,A1,1,1099,-63.1,-91.6,-28.5,77.82,116,8119,9027,15421,37549,1526,415474830,1
2026-05-01T13:24:14.185,A1,1,1100,-63.2,-91.9,-28.7,133.8,96,2574,12845,9544,27335,1309,413281282,1
2026-05-01T13:24:14.246,A1,1,1101,-63.0,-91.9,-28.9,157.89,100,5649,15789,9945,39999,1571,431653711,1
2026-05-01T13:24:14.366,A1,1,1102,-63.4,-92.3,-29.0,135.44,108,1847,14627,10966,38153,1554,409859674,1
2026-05-01T13:24:14.555,A1,1,1103,-63.1,-91.7,-28.6,80.94,104,8042,8418,14868,35589,1486,414762751,1
2026-05-01T13:24:14.632,A1,1,1104,-62.8,-92.0,-29.2,134.76,96,4375,12937,8469,28281,1312,480379011,1
2026-05-01T13:24:14.724,A1,1,1105,-62.6,-91.9,-29.3,106.03,104,1669,11027,11251,26980,1272,422733406,1
2026-05-01T13:24:14.817,A1,1,1106,-63.7,-92.8,-29.1,86.21,104,3686,8966,10963,26556,1312,395695915,1
2026-05-01T13:24:14.906,A1,1,1107,-62.7,-91.9,-29.1,100.03,104,1892,10403,11585,26307,1263,743850594,1
2026-05-01T13:24:15.041,A1,1,1108,-63.4,-91.9,-28.5,116.84,112,1682,13086,12393,33306,1452,468641846,1
2026-05-01T13:24:15.114,A1,1,1109,-63.5,-90.6,-27.2,146.77,108,9381,15851,9470,32685,1444,431048517,1
2026-05-01T13:24:15.235,A1,1,1110,-63.3,-91.8,-28.6,127.92,108,3265,13815,10916,32664,1434,395493146,1
2026-05-01T13:24:15.357,A1,1,1111,-64.4,-92.0,-27.6,130.53,92,1886,12009,11972,28289,1388,401682368,1
2026-05-01T13:24:15.447,A1,1,1112,-63.4,-92.3,-28.9,133.1,88,3269,11713,9782,27230,1316,405889513,1
2026-05-01T13:24:15.628,A1,1,1113,-62.7,-92.2,-29.4,97.96,108,7373,10580,12138,35686,1471,432004874,1
2026-05-01T13:24:15.684,A1,1,1114,-63.4,-92.2,-28.9,64.7,104,9183,6729,12658,32157,1427,485697391,1
2026-05-01T13:24:15.774,A1,1,1115,-64.4,-92.6,-28.2,43.29,124,10644,5368,12743,34402,1529,449207057,1
2026-05-01T13:24:15.895,A1,1,1116,-63.9,-89.8,-25.9,175.08,84,6585,14707,12086,24627,1271,726705039,1
2026-05-01T13:24:16.032,A1,1,1117,-63.5,-92.7,-29.2,83.02,84,7279,6974,10266,25454,1274,423045794,1
2026-05-01T13:24:16.167,A1,1,1118,-64.0,-92.7,-28.7,70.67,88,9295,6219,10150,26856,1335,413475198,1
2026-05-01T13:24:16.224,A1,1,1119,-63.5,-90.6,-27.1,97.15,104,10020,10104,11866,25949,1288,474862337,1
2026-05-01T13:24:16.316,A1,1,1120,-64.0,-92.3,-28.4,99.04,100,2867,9904,10699,24083,1261,648243228,1
2026-05-01T13:24:16.406,A1,1,1121,-63.8,-92.3,-28.4,81.79,100,9298,8179,12692,34096,1494,422411705,1
2026-05-01T13:24:16.594,A1,1,1122,-63.4,-90.2,-26.8,124.32,100,5454,12432,15359,28996,1358,405752445,1
2026-05-01T13:24:16.615,A1,1,1123,-63.8,-90.8,-27.0,185.68,76,5918,14112,9437,24777,1270,400466368,1
2026-05-01T13:24:16.769,A1,1,1124,-63.7,-91.6,-27.8,111.19,96,4860,10674,13276,29197,1377,434109804,1
2026-05-01T13:24:16.825,A1,1,1125,-63.6,-91.2,-27.6,116.5,124,9829,14446,8357,32104,1435,423721099,1
2026-05-01T13:24:16.944,A1,1,1126,-63.1,-92.4,-29.3,132.26,88,978,11639,9413,26386,1282,438520405,1
2026-05-01T13:24:17.065,A1,1,1127,-63.5,-92.6,-29.1,115.56,96,2039,11094,10765,29121,1366,456714537,1
2026-05-01T13:24:17.184,A1,1,1128,-63.1,-92.0,-28.9,144.21,92,5371,13267,8741,30077,1368,442636215,1
2026-05-01T13:24:17.335,A1,1,1129,-63.6,-91.8,-28.2,148.02,88,5869,13026,8061,26471,1304,431437433,1
2026-05-01T13:24:17.426,A1,1,1130,-62.8,-91.2,-28.5,117.5,108,3104,12690,10551,25888,1255,512129820,1
2026-05-01T13:24:17.486,A1,1,1131,-62.9,-91.0,-28.1,134.39,100,6648,13439,9140,26470,1272,400063815,1
2026-05-01T13:24:17.618,A1,1,1132,-63.9,-91.9,-28.0,121.38,104,3778,12623,11424,30355,1414,503291846,1
2026-05-01T13:24:17.724,A1,1,1133,-62.7,-91.2,-28.4,123.93,124,4576,15367,11672,35566,1469,680202027,1
2026-05-01T13:24:17.814,A1,1,1134,-63.6,-91.5,-27.9,140.32,92,2008,12909,11419,27512,1330,642840924,1
2026-05-01T13:24:18.021,A1,1,1135,-63.9,-92.0,-28.1,89.32,100,4251,8932,13766,29377,1390,494989303,1
2026-05-01T13:24:18.056,A1,1,1136,-64.0,-92.4,-28.4,73.51,124,4576,9115,12833,29419,1396,421293700,1
2026-05-01T13:24:18.207,A1,1,1137,-63.1,-91.7,-28.5,159.75,84,5714,13419,8163,27586,1311,461767736,1
2026-05-01T13:24:26.335,A1,1,1138,-63.3,-91.4,-28.1,156.44,80,4489,12515,9553,24785,1249,441348422,1
2026-05-01T13:24:26.486,A1,1,1139,-62.8,-92.6,-29.8,140.48,80,2411,11238,8160,24760,1228,741215996,1
2026-05-01T13:24:26.544,A1,1,1140,-62.9,-94.2,-31.4,92.33,132,2548,12188,7165,37568,1517,415078433,1
2026-05-01T13:24:26.634,A1,1,1141,-62.7,-92.9,-30.1,99.26,100,1625,9926,10315,27746,1297,429809350,1
2026-05-01T13:24:26.755,A1,1,1142,-63.7,-92.3,-28.6,81.92,104,7010,8520,11411,27493,1333,392463079,1
2026-05-01T13:24:26.886,A1,1,1143,-64.0,-91.1,-27.1,164.83,92,5781,15164,12101,33239,1482,466653955,1
2026-05-01T13:24:26.994,A1,1,1144,-62.6,-91.0,-28.3,124.8,92,7806,11482,10718,26771,1269,420425939,1
2026-05-01T13:24:27.093,A1,1,1145,-62.3,-89.3,-26.9,182.2,84,10348,15305,9370,25800,1234,744646180,1
2026-05-01T13:24:27.174,A1,1,1146,-64.0,-93.1,-29.1,117.74,84,1658,9890,8877,23427,1244,438241210,1
2026-05-01T13:24:27.295,A1,1,1147,-63.2,-91.1,-27.9,131.53,92,2218,12101,12198,25817,1272,459825747,1
2026-05-01T13:24:27.416,A1,1,1148,-62.8,-90.8,-28.0,173.18,80,8693,13854,8058,27414,1290,495275489,1
2026-05-01T13:24:27.535,A1,1,1149,-63.9,-92.8,-28.9,116.61,112,6671,13060,9101,36077,1541,416114396,1
2026-05-01T13:24:27.685,A1,1,1150,-64.4,-90.6,-26.2,142.99,112,11470,16015,9510,33872,1519,447655239,1
2026-05-01T13:24:27.744,A1,1,1151,-63.7,-90.4,-26.7,138.0,100,2548,13800,17511,35773,1523,437082214,1
2026-05-01T13:24:27.865,A1,1,1152,-64.2,-92.8,-28.6,91.79,112,812,10280,12033,30059,1419,391350874,1
2026-05-01T13:24:28.012,A1,1,1153,-64.4,-91.7,-27.3,132.4,104,5402,13770,11306,31811,1473,744868936,1
2026-05-01T13:24:28.093,A1,1,1154,-64.4,-92.1,-27.7,99.14,92,3685,9121,14109,29440,1416,411761712,1
2026-05-01T13:24:28.189,A1,1,1155,-63.2,-92.0,-28.8,108.33,96,2771,10400,11494,26542,1288,457786007,1
2026-05-01T13:24:28.255,A1,1,1156,-63.7,-91.9,-28.2,133.31,84,7146,11198,6453,21679,1184,435072227,1
2026-05-01T13:24:28.375,A1,1,1157,-64.0,-90.6,-26.6,179.3,84,5382,15061,12197,29618,1402,398704671,1
2026-05-01T13:24:28.465,A1,1,1158,-63.3,-88.2,-24.9,127.75,120,9265,15330,17488,27308,1312,674279716,1
2026-05-01T13:24:28.574,A1,1,1159,-63.3,-90.5,-27.2,138.1,88,4164,12153,12387,23993,1231,402718036,1
2026-05-01T13:24:28.675,A1,1,1160,-62.8,-91.5,-28.6,140.09,92,7094,12888,7551,26275,1267,483741354,1
2026-05-01T13:24:28.797,A1,1,1161,-64.4,-90.0,-25.7,148.75,108,8724,16065,13534,32358,1482,390091228,1
2026-05-01T13:24:28.916,A1,1,1162,-63.4,-91.9,-28.4,120.47,88,4383,10601,12185,28328,1342,408664398,1
2026-05-01T13:24:29.036,A1,1,1163,-63.3,-92.2,-28.9,143.86,84,3716,12084,8516,25630,1271,496761214,1
2026-05-01T13:24:29.157,A1,1,1164,-64.2,-92.7,-28.6,99.15,84,5254,8329,11343,26619,1334,455242659,1
2026-05-01T13:24:29.275,A1,1,1165,-63.5,-90.8,-27.2,163.82,88,6607,14416,9376,26525,1304,452094982,1
2026-05-01T13:24:29.394,A1,1,1166,-64.3,-92.4,-28.1,105.12,100,3434,10512,12158,29004,1400,635926550,1
2026-05-01T13:24:29.516,A1,1,1167,-63.3,-91.7,-28.4,159.51,84,6448,13399,7873,27977,1326,666444924,1
2026-05-01T13:24:29.663,A1,1,1168,-63.7,-91.7,-28.1,98.35,88,5627,8655,13706,28490,1358,467873582,1
2026-05-01T13:24:29.740,A1,1,1169,-64.0,-91.9,-27.9,123.65,96,2179,11870,12828,30409,1417,404469780,1
2026-05-01T13:24:29.817,A1,1,1170,-64.1,-92.2,-28.1,127.17,108,2918,13734,10430,32356,1468,420178292,1
2026-05-01T13:24:29.935,A1,1,1171,-64.1,-91.1,-27.0,170.86,84,8951,14352,8351,29064,1390,430121252,1
2026-05-01T13:24:30.025,A1,1,1172,-63.8,-91.2,-27.4,156.55,96,7347,15029,9002,30713,1417,419823718,1
2026-05-01T13:24:31.394,A1,1,1173,-63.8,-92.6,-28.8,71.41,100,6603,7141,12943,30845,1417,411598303,1
2026-05-01T13:24:31.394,A1,1,1174,-64.7,-90.5,-25.8,88.74,136,6806,12069,17441,33555,1527,394984329,1
2026-05-01T13:24:31.394,A1,1,1175,-64.2,-94.4,-30.2,83.29,104,2478,8662,8512,26563,1335,446149287,1
2026-05-01T13:24:31.394,A1,1,1176,-64.2,-92.4,-28.2,151.23,88,6672,13308,8379,31593,1455,390745554,1
2026-05-01T13:24:31.394,A1,1,1177,-64.2,-94.6,-30.4,110.18,92,1852,10137,9001,33702,1506,462337435,1
2026-05-01T13:24:31.394,A1,1,1178,-64.1,-90.0,-25.9,114.01,104,3868,11857,17468,28823,1385,402253146,1
2026-05-01T13:24:31.394,A1,1,1179,-63.4,-92.0,-28.5,127.1,100,3502,12710,10655,29867,1379,399045339,1
2026-05-01T13:24:31.394,A1,1,1180,-63.8,-94.5,-30.7,103.23,104,4863,10736,6502,32667,1459,694952239,1
2026-05-01T13:24:31.394,A1,1,1181,-62.7,-89.8,-27.1,119.24,116,9877,13832,10770,26908,1275,502879506,1
2026-05-01T13:24:31.394,A1,1,1182,-63.2,-89.1,-25.9,158.32,92,6583,14565,15027,26442,1286,409476962,1
2026-05-01T13:24:31.395,A1,1,1183,-62.3,-90.7,-28.4,110.39,92,11173,10156,12719,32839,1392,399448736,1
2026-05-01T13:24:31.436,A1,1,1184,-62.6,-91.4,-28.8,79.18,108,8585,8551,11931,27756,1291,437383705,1
2026-05-01T13:24:31.554,A1,1,1185,-63.1,-91.4,-28.3,89.2,116,7451,10347,11865,28405,1330,656191074,1
2026-05-01T13:24:31.645,A1,1,1186,-63.7,-91.6,-27.9,124.24,92,4887,11430,9979,23976,1248,397999659,1
2026-05-01T13:24:31.765,A1,1,1187,-63.7,-91.5,-27.8,152.36,100,6609,15236,10398,35184,1512,745951058,1
2026-05-01T13:24:31.885,A1,1,1188,-63.2,-91.7,-28.5,132.33,92,3913,12174,8928,24050,1227,439550129,1
2026-05-01T13:24:32.005,A1,1,1189,-63.7,-92.0,-28.3,129.73,80,699,10378,9580,20641,1155,439820316,1
2026-05-01T13:24:32.095,A1,1,1190,-63.1,-91.6,-28.5,145.69,80,1887,11655,9826,23175,1199,736844751,1
2026-05-01T13:24:32.216,A1,1,1191,-63.8,-91.9,-28.2,92.19,104,3598,9588,12562,26395,1311,403215634,1
2026-05-01T13:24:32.364,A1,1,1192,-62.9,-91.6,-28.7,115.49,100,1664,11549,12891,30010,1358,484351140,1
2026-05-01T13:24:32.425,A1,1,1193,-63.3,-91.6,-28.3,119.26,104,1600,12403,12265,29428,1360,493082931,1
2026-05-01T13:24:32.545,A1,1,1194,-63.7,-91.3,-27.7,142.36,96,3915,13667,11038,28510,1357,454468245,1
2026-05-01T13:24:32.665,A1,1,1195,-64.7,-91.9,-27.2,142.52,120,9489,17102,10771,46474,1794,462207571,1
2026-05-01T13:24:32.786,A1,1,1196,-64.5,-92.1,-27.6,131.87,104,4843,13714,9947,30894,1452,442418170,1
2026-05-01T13:24:32.905,A1,1,1197,-64.0,-91.8,-27.8,96.38,100,4104,9638,13730,28768,1379,438391725,1
2026-05-01T13:24:33.024,A1,1,1198,-64.0,-92.5,-28.5,118.34,108,7001,12781,7631,30667,1424,420533806,1
2026-05-01T13:24:33.116,A1,1,1199,-64.1,-92.3,-28.2,144.41,96,6098,13863,9327,33920,1505,419362145,1
2026-05-01T13:24:33.236,A1,1,1200,-64.2,-91.9,-27.7,136.2,112,570,15254,14023,41377,1665,456880982,1
2026-05-01T13:24:33.387,A1,1,1201,-63.8,-91.8,-28.0,89.03,124,1513,11040,11778,25727,1296,454124196,1
2026-05-01T13:24:33.475,A1,1,1202,-63.6,-92.0,-28.4,116.07,108,418,12536,11342,29859,1386,454985942,1
2026-05-01T13:24:33.564,A1,1,1203,-63.4,-91.9,-28.5,93.19,108,4781,10064,13184,30319,1386,485535075,1
2026-05-01T13:24:33.685,A1,1,1204,-63.2,-91.4,-28.2,67.06,120,8399,8047,14677,32718,1431,735582521,1
2026-05-01T13:24:33.774,A1,1,1205,-63.9,-91.1,-27.2,132.21,112,8574,14807,8454,29764,1398,418223082,1
2026-05-01T13:24:33.896,A1,1,1206,-63.7,-90.6,-26.9,148.38,104,9146,15432,9904,31137,1419,439104572,1
2026-05-01T13:24:34.044,A1,1,1207,-63.5,-91.0,-27.5,137.66,96,8426,13215,7663,25111,1268,423732580,1
2026-05-01T13:24:34.104,A1,1,1208,-63.0,-92.0,-29.1,110.92,84,3726,9317,10959,24003,1216,426905341,1
2026-05-01T13:24:34.225,A1,1,1209,-62.0,-92.0,-30.0,94.13,116,2562,10919,12008,31112,1340,459933610,1
2026-05-01T13:24:34.315,A1,1,1210,-63.2,-91.7,-28.5,127.74,88,4349,11241,11130,26593,1290,394501006,1
2026-05-01T13:24:34.404,A1,1,1211,-62.8,-92.2,-29.4,90.22,104,6801,9383,11688,30846,1370,436631172,1
2026-05-01T13:24:42.505,A1,1,1212,-63.7,-88.8,-25.1,199.03,76,9293,15126,14339,25834,1294,437699248,1
2026-05-01T13:24:42.624,A1,1,1213,-62.9,-89.7,-26.8,171.85,92,10686,15810,9928,29321,1340,416007302,1
2026-05-01T13:24:42.745,A1,1,1214,-64.4,-90.1,-25.7,157.95,104,11038,16427,13823,36592,1579,454549108,1
2026-05-01T13:24:42.894,A1,1,1215,-63.9,-89.9,-26.0,124.57,108,3276,13454,18236,32996,1472,393953663,1
2026-05-01T13:24:42.954,A1,1,1216,-63.7,-88.9,-25.2,188.67,100,12657,18867,11151,32006,1438,483451323,1
2026-05-01T13:24:43.075,A1,1,1217,-64.6,-90.8,-26.2,147.71,112,3143,16543,13368,33770,1526,466610032,1
2026-05-01T13:24:43.224,A1,1,1218,-64.1,-89.6,-25.5,165.73,100,11775,16573,9748,29049,1392,466190125,1
2026-05-01T13:24:43.315,A1,1,1219,-64.9,-89.7,-24.8,135.27,120,4134,16233,17340,32547,1515,452826676,1
2026-05-01T13:24:43.404,A1,1,1220,-64.3,-90.7,-26.5,132.12,136,6676,17969,13568,40550,1653,460320599,1
2026-05-01T13:24:43.524,A1,1,1221,-64.0,-89.2,-25.2,176.49,112,15168,19767,11876,40050,1627,433833043,1
2026-05-01T13:24:43.614,A1,1,1222,-64.3,-89.9,-25.6,162.44,88,929,14295,15688,27420,1361,442305471,1
2026-05-01T13:24:43.735,A1,1,1223,-64.0,-90.6,-26.6,126.72,112,813,14193,15185,31422,1444,394177544,1
2026-05-01T13:24:51.834,A1,1,1224,-60.1,-77.4,-17.3,130.28,132,17492,17197,9813,17646,943,395514530,1
2026-05-01T13:24:51.953,A1,1,1225,-61.0,-80.9,-20.0,124.05,128,6537,15879,17227,17908,981,393828131,1
2026-05-01T13:24:52.074,A1,1,1226,-62.3,-77.7,-15.4,130.22,132,13834,17189,12906,14485,923,410950841,1
2026-05-01T13:24:52.165,A1,1,1227,-61.2,-94.9,-33.7,23.21,152,8013,3528,3646,21452,1083,407067007,1
2026-05-01T13:24:52.283,A1,1,1228,-59.7,-90.2,-30.5,46.32,120,14857,5558,8314,28713,1190,498550330,1
2026-05-01T13:24:52.373,A1,1,1229,-60.2,-88.8,-28.6,75.54,116,14163,8763,8507,21925,1056,460530060,1
2026-05-01T13:24:52.495,A1,1,1230,-58.9,-88.6,-29.7,72.03,132,14881,9508,7969,24444,1065,497693005,1
2026-05-01T13:24:52.614,A1,1,1231,-61.3,-90.4,-29.1,40.75,152,14434,6194,5998,23591,1138,444653625,1
2026-05-01T13:24:52.736,A1,1,1232,-59.8,-88.2,-28.4,51.6,136,15788,7018,6625,19014,970,416564130,1
2026-05-01T13:24:52.823,A1,1,1233,-60.1,-90.0,-29.9,46.1,156,12851,7192,5443,20493,1017,464082019,1
2026-05-01T13:24:52.913,A1,1,1234,-60.5,-89.1,-28.6,66.97,164,17675,10983,8503,33152,1310,419179932,1
2026-05-01T13:24:53.035,A1,1,1235,-59.6,-88.4,-28.9,61.01,152,16928,9273,8280,26548,1137,513287592,1
2026-05-01T13:24:53.186,A1,1,1236,-60.3,-88.4,-28.1,60.22,132,15942,7949,7939,21663,1054,441673614,1
2026-05-01T13:24:53.304,A1,1,1237,-59.9,-88.9,-29.0,82.68,96,15581,7937,7405,23622,1084,427978620,1
2026-05-01T13:24:53.423,A1,1,1238,-60.5,-92.0,-31.4,53.98,128,9073,6910,4330,18808,990,418443614,1
2026-05-01T13:24:53.484,A1,1,1239,-60.6,-88.5,-27.9,77.79,84,16249,6534,6331,19697,1015,425834088,1
2026-05-01T13:24:53.606,A1,1,1240,-60.6,-90.9,-30.3,24.5,108,12240,2646,4369,17289,952,496774870,1
2026-05-01T13:24:53.756,A1,1,1241,-60.5,-79.1,-18.6,193.0,88,8833,16984,15778,17022,940,437940626,1
2026-05-01T13:24:53.819,A1,1,1242,-60.6,-98.8,-38.2,38.26,88,3907,3367,2217,19178,1000,414763463,1
2026-05-01T13:24:53.935,A1,1,1243,-60.4,-77.9,-17.5,173.33,96,17796,16640,10349,17848,960,728464621,1
2026-05-01T13:24:54.023,A1,1,1244,-60.2,-76.7,-16.5,177.52,100,11816,17752,15434,16543,918,417090542,1
2026-05-01T13:24:54.146,A1,1,1245,-59.9,-76.7,-16.8,172.35,96,16258,16546,11207,16171,898,716239453,1
2026-05-01T13:24:54.266,A1,1,1246,-60.3,-76.5,-16.3,144.52,132,18463,19077,14834,21689,1053,765214911,1
2026-05-01T13:24:54.384,A1,1,1247,-59.2,-75.2,-16.0,156.36,108,12558,16887,16190,16274,879,550597731,1
2026-05-01T13:24:54.505,A1,1,1248,-59.3,-77.4,-18.2,167.33,104,15317,17402,11327,17801,921,749644538,1
2026-05-01T13:24:54.624,A1,1,1249,-59.4,-76.4,-17.0,170.17,108,16188,18378,16174,21215,1011,410231154,1
2026-05-01T13:24:54.716,A1,1,1250,-59.7,-77.6,-17.9,140.65,128,12432,18003,17021,20201,995,432310108,1
2026-05-01T13:24:54.834,A1,1,1251,-60.5,-79.3,-18.7,143.25,132,15159,18909,16982,24366,1126,764447247,1
2026-05-01T13:24:54.953,A1,1,1252,-60.3,-93.5,-33.3,57.18,124,6513,7090,4561,20937,1034,717948331,1
2026-05-01T13:24:55.044,A1,1,1253,-59.2,-90.1,-30.8,75.98,124,10052,9421,8951,24257,1075,392070295,1
2026-05-01T13:24:55.166,A1,1,1254,-61.4,-89.4,-28.1,102.0,128,7606,13056,12266,25212,1179,517057070,1
2026-05-01T13:24:55.317,A1,1,1255,-61.5,-84.7,-23.2,139.73,120,11191,16767,14222,23057,1133,708217390,1
2026-05-01T13:24:55.434,A1,1,1256,-61.8,-90.0,-28.2,103.9,116,5170,12052,12477,24449,1179,392522179,1
2026-05-01T13:24:55.523,A1,1,1257,-62.6,-87.2,-24.7,154.09,116,9047,17875,13051,23942,1197,420582088,1
2026-05-01T13:24:55.644,A1,1,1258,-62.6,-89.0,-26.4,85.29,116,6289,9894,13564,17799,1034,707405078,1
2026-05-01T13:24:55.764,A1,1,1259,-62.2,-87.6,-25.4,109.12,144,16873,15713,9806,27671,1272,498485773,1
2026-05-01T13:24:55.855,A1,1,1260,-62.8,-85.4,-22.6,149.04,116,10567,17289,12966,21037,1133,392594383,1
2026-05-01T13:24:56.004,A1,1,1261,-62.3,-86.5,-24.2,86.87,188,17266,16332,17530,35383,1445,417116845,1
2026-05-01T13:24:56.093,A1,1,1262,-63.4,-90.4,-27.0,97.89,140,5685,13705,12424,27397,1319,388538056,1
2026-05-01T13:24:56.215,A1,1,1263,-61.0,-91.8,-30.7,49.41,100,8580,4941,7141,17440,969,457796814,1
2026-05-01T13:24:56.365,A1,1,1264,-60.1,-91.2,-31.1,67.19,116,9529,7794,5933,20573,1019,387481023,1
2026-05-01T13:24:56.426,A1,1,1265,-61.4,-87.7,-26.3,72.03,124,16802,8932,9647,21405,1088,416108363,1
2026-05-01T13:24:56.544,A1,1,1266,-62.1,-91.3,-29.1,93.6,124,6776,11607,6984,22099,1134,414113731,1
2026-05-01T13:24:56.664,A1,1,1267,-61.7,-90.8,-29.2,104.76,152,8891,15924,9463,38242,1468,449116539,1
2026-05-01T13:24:56.756,A1,1,1268,-60.9,-88.7,-27.8,102.15,112,12269,11441,7543,19669,1026,677643596,1
2026-05-01T13:24:56.875,A1,1,1269,-89.5,-85.6,3.9,101.91,128,15553,13045,14695,2883,1187,462203411,1
2026-05-01T13:24:56.964,A1,1,1270,-62.8,-90.9,-28.1,95.12,128,2201,12175,11929,24847,1230,413299401,1
2026-05-01T13:24:57.053,A1,1,1271,-62.3,-89.1,-26.7,88.75,168,6733,14910,13314,25647,1230,435034425,1
2026-05-01T13:24:57.237,A1,1,1272,-61.1,-88.2,-27.1,115.76,156,8665,18058,15403,32668,1328,591793289,1
2026-05-01T13:24:57.296,A1,1,1273,-62.4,-91.0,-28.7,89.11,148,1178,13189,16553,40511,1547,609831110,1
2026-05-01T13:24:57.417,A1,1,1274,-62.3,-89.5,-27.2,101.35,156,13763,15811,13304,39064,1518,436233280,1
2026-05-01T13:24:57.565,A1,1,1275,-61.3,-95.8,-34.4,48.16,120,4299,5779,5895,24986,1173,766444978,1
2026-05-01T13:24:57.654,A1,1,1276,-62.4,-93.9,-31.5,46.94,124,7785,5820,9593,32332,1383,409268248,1
2026-05-01T13:24:57.744,A1,1,1277,-62.6,-88.5,-26.0,136.59,112,10421,15298,11747,23994,1199,418903377,1
2026-05-01T13:24:57.864,A1,1,1278,-61.0,-89.4,-28.4,74.2,132,11108,9795,7715,18825,1007,450991187,1
2026-05-01T13:24:57.985,A1,1,1279,-62.6,-90.0,-27.5,119.41,116,8658,13852,9245,24929,1223,438051756,1
2026-05-01T13:24:58.104,A1,1,1280,-60.1,-87.8,-27.7,113.27,120,13158,13592,14282,29091,1213,488504933,1
2026-05-01T13:24:58.223,A1,1,1281,-61.9,-92.1,-30.2,67.71,108,6713,7313,10535,25020,1197,435281489,1
2026-05-01T13:24:58.346,A1,1,1282,-62.9,-93.5,-30.6,52.48,164,3425,8606,10020,28492,1322,491442596,1
2026-05-01T13:24:58.465,A1,1,1283,-61.2,-90.3,-29.1,93.4,112,9470,10461,11493,27186,1217,408890158,1
2026-05-01T13:24:58.615,A1,1,1284,-62.7,-90.8,-28.1,104.11,128,7604,13326,10556,28969,1325,452092523,1
2026-05-01T13:24:58.673,A1,1,1285,-61.8,-91.0,-29.2,89.84,100,5737,8984,11130,22095,1122,418555303,1
2026-05-01T13:24:58.794,A1,1,1286,-61.9,-91.1,-29.2,94.56,104,3763,9834,11276,22588,1136,398006774,1
2026-05-01T13:24:58.883,A1,1,1287,-60.6,-89.7,-29.1,107.36,124,10083,13313,10746,29517,1243,414725909,1
2026-05-01T13:24:59.036,A1,1,1288,-61.9,-92.1,-30.2,56.48,136,10415,7681,9777,31536,1344,443271040,1
2026-05-01T13:24:59.124,A1,1,1289,-61.3,-89.7,-28.5,83.4,136,12849,11343,6864,24637,1162,436999951,1
2026-05-01T13:24:59.243,A1,1,1290,-61.5,-88.9,-27.4,70.84,140,18289,9917,8534,29561,1282,753610589,1
2026-05-01T13:24:59.333,A1,1,1291,-61.4,-92.4,-31.0,77.72,116,7051,9015,9375,28989,1268,739954300,1
2026-05-01T13:24:59.484,A1,1,1292,-60.6,-92.8,-32.2,67.06,140,5921,9389,6051,24407,1130,463009240,1
2026-05-01T13:24:59.544,A1,1,1293,-61.0,-92.3,-31.3,68.79,112,8599,7704,5857,22065,1089,472475293,1
2026-05-01T13:24:59.664,A1,1,1294,-60.8,-90.1,-29.3,56.98,136,13395,7749,9234,26090,1175,562213426,1
2026-05-01T13:24:59.724,A1,1,1295,-60.8,-92.1,-31.3,71.42,108,9295,7713,9000,28911,1239,434536473,1
2026-05-01T13:24:59.874,A1,1,1296,-62.5,-92.4,-29.9,85.73,124,4852,10630,11841,33822,1419,395849796,1
2026-05-01T13:24:59.965,A1,1,1297,-62.4,-92.6,-30.3,109.55,112,7120,12270,8099,34714,1433,481618124,1
2026-05-01T13:25:00.086,A1,1,1298,-62.5,-91.6,-29.1,68.14,140,12556,9539,11592,38870,1525,672424929,1
2026-05-01T13:25:00.175,A1,1,1299,-62.1,-93.1,-31.0,99.0,104,6044,10296,7565,29339,1305,418783136,1
2026-05-01T13:25:00.293,A1,1,1300,-60.9,-92.2,-31.4,90.53,100,7778,9053,8750,28920,1241,713121256,1
2026-05-01T13:25:00.416,A1,1,1301,-61.7,-94.0,-32.3,62.41,96,6552,5991,8301,27868,1254,716621185,1
2026-05-01T13:25:00.563,A1,1,1302,-61.6,-94.2,-32.6,62.13,112,5048,6959,9752,33280,1364,399992298,1
2026-05-01T13:25:00.654,A1,1,1303,-61.7,-94.7,-33.0,53.67,120,3886,6441,10241,35757,1422,413705413,1
2026-05-01T13:25:00.776,A1,1,1304,-61.9,-94.9,-33.0,74.63,100,4667,7463,4486,22048,1125,709793020,1
2026-05-01T13:25:00.863,A1,1,1305,-61.7,-96.3,-34.6,67.94,108,4208,7337,4236,28612,1272,682522305,1
2026-05-01T13:25:00.953,A1,1,1306,-61.3,-96.4,-35.1,70.81,88,3344,6231,4186,22663,1114,431064527,1
2026-05-01T13:25:01.075,A1,1,1307,-61.4,-96.4,-35.0,54.54,124,4518,6763,4701,29142,1270,480122578,1
2026-05-01T13:25:01.196,A1,1,1308,-62.3,-93.7,-31.5,74.18,108,4539,8011,8652,27080,1260,391224716,1
2026-05-01T13:25:01.286,A1,1,1309,-62.2,-92.9,-30.7,94.81,116,6918,10998,7624,31805,1363,397296266,1
2026-05-01T13:25:01.404,A1,1,1310,-61.1,-88.3,-27.3,130.91,100,13916,13091,11214,25948,1184,415396886,1
2026-05-01T13:25:01.525,A1,1,1311,-60.8,-93.1,-32.3,20.15,180,10165,3627,6293,25500,1163,423882349,1
2026-05-01T13:25:01.644,A1,1,1312,-61.6,-94.5,-32.9,37.08,180,7447,6674,4434,25253,1188,387064918,1
2026-05-01T13:25:01.764,A1,1,1313,-60.6,-93.3,-32.8,54.42,124,9557,6748,5211,28446,1219,709362246,1
2026-05-01T13:25:01.854,A1,1,1314,-59.7,-88.7,-29.0,73.74,96,13155,7079,4915,15626,877,416590371,1
2026-05-01T13:25:01.974,A1,1,1315,-61.2,-87.4,-26.2,148.67,100,14379,14867,12009,26679,1204,432054824,1
2026-05-01T13:25:02.095,A1,1,1316,-60.0,-89.2,-29.2,75.39,104,14522,7841,6953,22352,1058,464121539,1
2026-05-01T13:25:02.156,A1,1,1317,-62.2,-94.8,-32.6,66.23,124,3915,8212,7088,28943,1300,424878653,1
2026-05-01T13:25:02.274,A1,1,1318,-61.0,-88.5,-27.5,106.9,100,16381,10690,8969,25832,1179,411622480,1
2026-05-01T13:25:02.394,A1,1,1319,-61.5,-95.0,-33.5,56.36,100,4266,5636,8334,28460,1259,497811505,1
2026-05-01T13:25:02.515,A1,1,1320,-62.2,-91.9,-29.6,97.77,124,8988,12123,7734,31804,1365,702565736,1
2026-05-01T13:25:02.605,A1,1,1321,-61.5,-93.2,-31.7,47.49,168,8490,7978,4772,25088,1181,479377563,1
2026-05-01T13:25:02.725,A1,1,1322,-62.7,-93.3,-30.6,62.52,136,8549,8503,6513,27953,1301,434968411,1
2026-05-01T13:25:02.844,A1,1,1323,-62.2,-91.6,-29.4,91.91,104,11244,9559,6149,26460,1243,431476248,1
2026-05-01T13:25:02.965,A1,1,1324,-62.2,-92.0,-29.8,87.44,116,9837,10143,7262,29066,1303,436130573,1
2026-05-01T13:25:03.055,A1,1,1325,-61.8,-87.9,-26.1,114.93,116,18066,13332,12936,31049,1330,434216894,1
2026-05-01T13:25:03.175,A1,1,1326,-62.4,-89.9,-27.5,87.33,128,14116,11178,9427,28418,1297,503955593,1
2026-05-01T13:25:03.294,A1,1,1327,-61.2,-90.0,-28.8,102.98,108,16071,11122,8025,34141,1365,458208125,1
2026-05-01T13:25:03.413,A1,1,1328,-60.5,-87.6,-27.1,124.71,108,18703,13469,10872,32293,1295,398670472,1
2026-05-01T13:25:03.535,A1,1,1329,-62.0,-92.0,-30.0,106.22,116,7243,12321,10464,36269,1447,432731266,1
2026-05-01T13:25:03.654,A1,1,1330,-63.0,-91.0,-28.0,96.48,136,13292,13121,9114,36866,1507,447494338,1
2026-05-01T13:25:03.774,A1,1,1331,-62.3,-90.9,-28.5,98.97,124,12461,12272,10172,35560,1448,432936625,1
2026-05-01T13:25:03.895,A1,1,1332,-62.1,-92.4,-30.3,91.76,108,10049,9910,7755,32461,1374,493390384,1
2026-05-01T13:25:04.022,A1,1,1333,-62.2,-91.2,-29.0,84.95,116,11399,9854,9914,31043,1346,392208370,1
2026-05-01T13:25:04.105,A1,1,1334,-62.0,-92.2,-30.2,80.1,120,10989,9612,7344,31987,1357,431754000,1
2026-05-01T13:25:04.226,A1,1,1335,-61.9,-90.9,-29.0,79.53,136,13241,10816,8993,33512,1386,463457737,1
2026-05-01T13:25:04.394,A1,1,1336,-62.5,-91.2,-28.6,76.16,124,11906,9444,9757,30014,1339,758166677,1
2026-05-01T13:25:04.435,A1,1,1337,-62.5,-91.5,-29.0,86.16,124,12011,10684,8758,33072,1403,424317503,1
2026-05-01T13:25:04.554,A1,1,1338,-62.4,-90.7,-28.3,80.38,136,13541,10932,10159,33968,1418,408932869,1
2026-05-01T13:25:04.675,A1,1,1339,-62.6,-91.6,-29.0,82.93,152,11681,12606,9156,38219,1516,459894576,1
2026-05-01T13:25:04.795,A1,1,1340,-61.8,-90.5,-28.7,88.33,132,14391,11659,11261,39284,1496,391403541,1
2026-05-01T13:25:04.984,A1,1,1341,-62.2,-92.4,-30.3,87.64,120,10640,10517,6350,33314,1394,392159692,1
2026-05-01T13:25:05.004,A1,1,1342,-62.4,-90.3,-27.9,78.63,140,15887,11008,12513,40607,1553,463826331,1
2026-05-01T13:25:05.124,A1,1,1343,-62.5,-90.4,-27.9,80.36,140,15145,11250,11292,37194,1490,444240479,1
2026-05-01T13:25:05.245,A1,1,1344,-62.1,-91.6,-29.6,78.56,136,10308,10684,8106,30137,1320,747260934,1
2026-05-01T13:25:05.334,A1,1,1345,-62.2,-92.0,-29.8,81.6,124,10490,10119,6411,28939,1298,496318128,1
2026-05-01T13:25:05.453,A1,1,1346,-62.0,-90.4,-28.4,84.01,128,13546,10753,11199,34109,1401,415909008,1
2026-05-01T13:25:05.575,A1,1,1347,-62.8,-91.7,-28.8,71.21,148,13351,10539,10409,40081,1563,393759256,1
2026-05-01T13:25:05.664,A1,1,1348,-62.3,-90.6,-28.3,84.32,116,11832,9781,10463,28518,1296,415079277,1
2026-05-01T13:25:05.783,A1,1,1349,-63.1,-90.8,-27.7,72.21,140,14238,10109,12321,37168,1518,491579606,1
2026-05-01T13:25:05.994,A1,1,1350,-62.8,-91.1,-28.2,76.19,132,14126,10057,11700,38577,1534,498023608,1
2026-05-01T13:25:06.024,A1,1,1351,-62.8,-91.2,-28.4,95.04,128,12811,12165,10283,37651,1512,517040019,1
2026-05-01T13:25:06.143,A1,1,1352,-63.1,-92.3,-29.3,99.74,136,11236,13564,8081,43495,1643,715216470,1
2026-05-01T13:25:06.236,A1,1,1353,-62.3,-91.4,-29.1,82.78,124,10699,10265,8690,28867,1302,480671519,1
2026-05-01T13:25:06.359,A1,1,1354,-61.9,-92.5,-30.6,88.59,124,9449,10985,6766,33472,1386,449608718,1
2026-05-01T13:25:06.504,A1,1,1355,-61.4,-90.5,-29.1,86.12,128,12588,11024,10861,34071,1373,431891125,1
2026-05-01T13:25:14.635,A1,1,1356,-60.5,-92.0,-31.5,91.65,96,9251,8798,6591,26399,1170,579159253,1
2026-05-01T13:25:14.755,A1,1,1357,-60.1,-92.6,-32.5,69.22,120,9964,8307,4910,29253,1216,554746081,1
2026-05-01T13:25:14.874,A1,1,1358,-61.4,-92.4,-31.0,85.88,104,9704,8931,5361,26854,1220,712591107,1
2026-05-01T13:25:15.009,A1,1,1359,-61.8,-92.3,-30.5,74.61,116,9055,8655,5633,23841,1165,424786274,1
2026-05-01T13:25:15.085,A1,1,1360,-60.2,-91.5,-31.3,70.89,136,11091,9641,6124,29610,1226,411178103,1
2026-05-01T13:25:15.205,A1,1,1361,-61.2,-91.9,-30.7,79.1,124,10927,9808,9632,37104,1423,437682437,1
2026-05-01T13:25:15.293,A1,1,1362,-61.5,-92.4,-30.9,93.8,116,8143,10881,8262,33497,1366,415360327,1
2026-05-01T13:25:15.413,A1,1,1363,-62.0,-92.8,-30.8,99.78,96,7284,9579,7393,27680,1262,390319496,1
2026-05-01T13:25:15.567,A1,1,1364,-60.9,-90.3,-29.4,84.8,112,12516,9498,9357,28300,1228,429965869,1
2026-05-01T13:25:15.655,A1,1,1365,-61.9,-90.7,-28.8,80.72,136,16120,10978,11663,44310,1591,431592572,1
2026-05-01T13:25:15.746,A1,1,1366,-61.9,-92.0,-30.1,83.94,116,11629,9737,9068,36328,1443,486487670,1
2026-05-01T13:25:15.863,A1,1,1367,-62.2,-91.5,-29.3,84.32,124,10678,10456,9431,31849,1364,489270350,1
2026-05-01T13:25:15.984,A1,1,1368,-62.1,-92.2,-30.0,75.55,128,11005,9671,8065,33138,1388,434500607,1
2026-05-01T13:25:16.073,A1,1,1369,-61.7,-90.9,-29.3,75.78,136,12853,10306,10614,35553,1415,479790182,1
2026-05-01T13:25:16.194,A1,1,1370,-62.0,-91.7,-29.7,93.56,108,10711,10104,6533,28184,1275,390480690,1
2026-05-01T13:25:16.345,A1,1,1371,-61.8,-91.7,-29.9,82.61,132,11175,10904,7707,33229,1374,455993421,1
2026-05-01T13:25:16.424,A1,1,1372,-61.6,-91.5,-29.9,70.02,124,10449,8682,6208,23471,1147,412536727,1
2026-05-01T13:25:16.522,A1,1,1373,-60.7,-92.5,-31.8,60.56,144,8230,8721,5511,24741,1143,419562775,1
2026-05-01T13:25:16.613,A1,1,1374,-61.2,-89.5,-28.3,77.02,116,15809,8934,9419,28828,1255,455360427,1
2026-05-01T13:25:16.734,A1,1,1375,-61.6,-91.2,-29.6,61.28,148,12625,9069,7120,28645,1266,456418172,1
2026-05-01T13:25:16.855,A1,1,1376,-61.5,-90.0,-28.5,78.48,120,14293,9418,7700,26488,1213,454727833,1
2026-05-01T13:25:16.974,A1,1,1377,-62.5,-91.3,-28.8,94.41,128,13972,12085,11220,44350,1626,447825999,1
2026-05-01T13:25:17.169,A1,1,1378,-61.4,-92.3,-30.9,90.86,116,8576,10540,7650,31466,1318,444793281,1
2026-05-01T13:25:17.370,A1,1,1379,-61.9,-92.5,-30.6,103.53,104,8602,10767,6658,30427,1320,736917318,1
2026-05-01T13:25:17.370,A1,1,1380,-62.5,-92.0,-29.5,81.48,112,10257,9126,7031,26433,1257,391286296,1
2026-05-01T13:25:17.393,A1,1,1381,-61.0,-90.9,-29.9,93.56,108,11983,10105,10002,33401,1342,737284230,1
2026-05-01T13:25:17.513,A1,1,1382,-61.7,-91.7,-30.0,80.62,128,12452,10319,9731,39210,1489,415423487,1
2026-05-01T13:25:17.633,A1,1,1383,-62.6,-91.4,-28.8,81.82,128,12050,10473,10432,34819,1446,497006908,1
2026-05-01T13:25:17.723,A1,1,1384,-60.8,-91.4,-30.6,76.68,124,9685,9508,9224,29442,1251,446978381,1
2026-05-01T13:25:17.903,A1,1,1385,-61.2,-92.9,-31.7,76.46,112,9266,8563,8274,34082,1364,461704231,1
2026-05-01T13:25:17.933,A1,1,1386,-61.7,-91.9,-30.2,96.03,104,10307,9987,6950,29367,1287,482580627,1
2026-05-01T13:25:18.053,A1,1,1387,-61.8,-92.4,-30.6,94.15,108,9168,10168,7094,30333,1312,451193979,1
2026-05-01T13:25:18.174,A1,1,1388,-60.9,-90.2,-29.3,82.99,104,13276,8631,8522,26640,1191,438019399,1
2026-05-01T13:25:18.295,A1,1,1389,-61.3,-90.4,-29.1,91.19,120,12544,10943,11017,33138,1348,484969883,1
2026-05-01T13:25:18.383,A1,1,1390,-61.5,-90.4,-28.9,56.53,128,13059,7236,8347,24178,1161,463455247,1
2026-05-01T13:25:18.563,A1,1,1391,-61.8,-90.8,-29.0,67.27,140,13923,9418,10238,34148,1391,444496598,1
2026-05-01T13:25:18.624,A1,1,1392,-62.0,-91.7,-29.6,70.22,124,11113,8707,9490,30911,1336,741949271,1
2026-05-01T13:25:18.775,A1,1,1393,-61.7,-93.4,-31.6,94.7,108,7169,10228,6329,31608,1337,413142943,1
2026-05-01T13:25:18.835,A1,1,1394,-59.9,-91.8,-31.8,58.14,132,11809,7674,8074,33260,1289,396651754,1
2026-05-01T13:25:18.925,A1,1,1395,-60.9,-93.0,-32.1,82.33,108,8192,8892,6012,28835,1242,433682039,1
2026-05-01T13:25:19.056,A1,1,1396,-61.5,-93.7,-32.2,68.25,108,8585,7371,5062,27166,1229,399308465,1
2026-05-01T13:25:19.133,A1,1,1397,-60.7,-79.6,-18.9,190.01,92,10874,17481,14902,18165,977,734722880,1
2026-05-01T13:25:19.255,A1,1,1398,-61.8,-90.7,-28.9,106.1,108,7174,11459,13080,30780,1321,395177996,1
2026-05-01T13:25:19.408,A1,1,1399,-59.7,-88.5,-28.8,63.99,152,16408,9726,6014,24008,1086,462319731,1
2026-05-01T13:25:19.435,A1,1,1400,-62.3,-92.4,-30.1,35.49,136,12417,4827,8642,31379,1359,415392868,1
2026-05-01T13:25:19.583,A1,1,1401,-63.4,-92.3,-28.9,101.72,132,8022,13427,7960,34560,1483,475439062,1
2026-05-01T13:25:19.673,A1,1,1402,-63.3,-92.3,-29.0,115.86,108,3446,12513,10923,32612,1433,760256235,1
2026-05-01T13:25:19.833,A1,1,1403,-61.8,-91.4,-29.6,115.8,92,7015,10654,8405,23836,1162,426341829,1
2026-05-01T13:25:19.884,A1,1,1404,-61.8,-89.7,-27.9,88.77,128,15292,11363,11394,34190,1394,487662096,1
2026-05-01T13:25:20.024,A1,1,1405,-61.6,-88.9,-27.3,82.35,128,16145,10541,8220,25639,1197,511139070,1
2026-05-01T13:25:20.093,A1,1,1406,-61.9,-91.5,-29.6,90.1,104,10367,9370,8358,27468,1253,425777991,1
2026-05-01T13:25:20.213,A1,1,1407,-62.2,-93.0,-30.8,61.53,120,11395,7384,8157,35768,1445,440445242,1
2026-05-01T13:25:20.335,A1,1,1408,-60.9,-90.3,-29.4,109.46,96,13948,10508,7382,30418,1273,477311732,1
2026-05-01T13:25:20.425,A1,1,1409,-61.8,-88.7,-27.0,101.83,124,16946,12627,11153,31641,1340,437481242,1
2026-05-01T13:25:20.573,A1,1,1410,-62.1,-90.0,-27.9,55.53,188,15908,10439,7849,30742,1337,452172469,1
2026-05-01T13:25:20.693,A1,1,1411,-63.3,-92.4,-29.1,80.11,116,9888,9293,11942,38019,1546,453580813,1
2026-05-01T13:25:20.754,A1,1,1412,-62.4,-90.7,-28.3,108.04,100,12087,10804,7972,27389,1274,478087858,1
2026-05-01T13:25:20.904,A1,1,1413,-61.6,-89.8,-28.2,102.88,104,14809,10699,7389,28038,1253,706359650,1
2026-05-01T13:25:21.056,A1,1,1414,-63.3,-92.9,-29.5,86.04,120,7763,10325,7652,29087,1356,713698885,1
2026-05-01T13:25:21.158,A1,1,1415,-59.5,-90.1,-30.6,74.03,116,12555,8587,5251,23153,1059,719071337,1
2026-05-01T13:25:21.299,A1,1,1416,-61.5,-94.0,-32.5,81.7,100,771,8170,9204,28622,1261,454970557,1
2026-05-01T13:25:21.324,A1,1,1417,-61.0,-90.1,-29.1,43.74,160,16419,6998,8717,31431,1302,562650822,1
2026-05-01T13:25:21.445,A1,1,1418,-58.8,-88.3,-29.5,92.46,112,17195,10356,8478,29221,1162,415512990,1
2026-05-01T13:25:21.563,A1,1,1419,-61.5,-92.2,-30.7,75.14,132,11604,9919,5644,32962,1355,746787144,1
2026-05-01T13:25:21.683,A1,1,1420,-61.5,-90.5,-29.0,97.62,112,12905,10933,10530,33721,1372,479246932,1
2026-05-01T13:25:21.774,A1,1,1421,-62.5,-91.6,-29.1,75.47,120,9834,9056,6915,23140,1174,429509574,1
2026-05-01T13:25:21.894,A1,1,1422,-62.6,-91.4,-28.8,89.79,136,13521,12212,10020,42007,1587,451340758,1
2026-05-01T13:25:22.050,A1,1,1423,-62.2,-92.7,-30.6,82.08,100,9266,8208,4906,23952,1182,395995498,1
2026-05-01T13:25:22.105,A1,1,1424,-61.7,-90.4,-28.7,84.4,108,11025,9115,7321,20991,1087,394383854,1
2026-05-01T13:25:22.254,A1,1,1425,-62.8,-90.4,-27.6,92.45,108,11904,9985,9226,24495,1222,495727459,1
2026-05-01T13:25:22.343,A1,1,1426,-62.4,-90.7,-28.3,95.23,120,12572,11428,7744,28863,1309,514775535,1
2026-05-01T13:25:22.465,A1,1,1427,-62.4,-90.5,-28.2,103.12,96,12149,9900,6952,23683,1183,439739220,1
2026-05-01T13:25:22.645,A1,1,1428,-61.4,-86.9,-25.4,85.36,140,18165,11950,9136,24565,1167,394885922,1
2026-05-01T13:25:22.674,A1,1,1429,-61.5,-91.4,-29.9,72.3,124,10603,8965,5212,22910,1131,390981207,1
2026-05-01T13:25:22.832,A1,1,1430,-62.2,-88.3,-26.1,95.88,112,16857,10739,9043,23347,1169,413666761,1
2026-05-01T13:25:22.916,A1,1,1431,-61.9,-90.9,-29.0,84.22,104,11538,8759,6901,23244,1153,739876515,1
2026-05-01T13:25:22.999,A1,1,1432,-61.4,-92.6,-31.2,57.59,144,7913,8293,5581,22417,1115,428378479,1
2026-05-01T13:25:23.181,A1,1,1433,-60.9,-91.5,-30.6,80.76,108,12113,8722,5774,28421,1230,404478294,1
2026-05-01T13:25:23.257,A1,1,1434,-62.0,-91.4,-29.5,97.1,108,9891,10487,10531,32295,1362,658619868,1
2026-05-01T13:25:23.273,A1,1,1435,-63.2,-92.9,-29.7,60.24,176,9823,10602,10362,41380,1608,404230040,1
2026-05-01T13:25:23.393,A1,1,1436,-61.9,-92.5,-30.7,40.71,176,8943,7165,5720,21607,1111,718078800,1
2026-05-01T13:25:23.513,A1,1,1437,-62.9,-92.0,-29.1,67.09,120,8935,8051,8816,24028,1212,450846676,1
2026-05-01T13:25:23.634,A1,1,1438,-61.7,-88.5,-26.8,59.67,156,16637,9309,7248,21804,1110,498768413,1
2026-05-01T13:25:23.867,A1,1,1439,-60.3,-86.3,-26.0,108.96,112,16008,12204,8593,22024,1063,762879076,1
2026-05-01T13:25:23.867,A1,1,1440,-60.8,-91.4,-30.5,89.21,120,9039,10705,7949,28030,1220,409276667,1
2026-05-01T13:25:23.993,A1,1,1441,-61.4,-91.8,-30.4,70.0,116,8307,8120,8309,23346,1137,428156389,1
2026-05-01T13:25:24.053,A1,1,1442,-61.9,-90.3,-28.4,101.86,100,13615,10186,8401,28274,1270,394423952,1
2026-05-01T13:25:24.174,A1,1,1443,-62.1,-90.9,-28.8,83.66,128,13514,10708,8720,33243,1391,485996231,1
2026-05-01T13:25:24.293,A1,1,1444,-62.4,-92.5,-30.1,94.95,100,9694,9495,9098,33339,1404,434262073,1
2026-05-01T13:25:24.413,A1,1,1445,-62.6,-90.6,-28.0,78.04,140,15465,10926,11957,40416,1560,433222273,1
2026-05-01T13:25:24.505,A1,1,1446,-61.4,-91.9,-30.4,86.86,104,8908,9033,6648,23819,1149,388735738,1
2026-05-01T13:25:24.625,A1,1,1447,-61.8,-90.7,-28.9,83.11,120,14025,9973,11043,36556,1442,414045025,1
2026-05-01T13:25:24.743,A1,1,1448,-62.0,-92.0,-30.0,86.81,100,9190,8681,6449,23308,1157,485826939,1
2026-05-01T13:25:24.864,A1,1,1449,-62.0,-91.1,-29.1,88.65,120,12416,10638,9160,32997,1381,388981204,1
2026-05-01T13:25:24.983,A1,1,1450,-61.9,-91.6,-29.7,95.94,96,10216,9210,7319,25712,1215,438436654,1
2026-05-01T13:25:25.257,A1,1,1451,-61.3,-91.1,-29.8,87.34,108,10783,9433,7363,25521,1182,434880843,1
2026-05-01T13:25:25.260,A1,1,1452,-61.0,-89.3,-28.3,81.41,128,17241,10421,10713,34706,1365,476935140,1
2026-05-01T13:25:25.283,A1,1,1453,-60.7,-90.2,-29.6,88.03,96,12875,8451,7036,24227,1129,429900568,1
2026-05-01T13:25:25.464,A1,1,1454,-61.6,-91.0,-29.4,94.84,92,11576,8725,6202,23433,1145,452175733,1
2026-05-01T13:25:25.555,A1,1,1455,-60.8,-90.7,-29.9,100.26,96,12815,9625,6423,27559,1208,760283318,1
2026-05-01T13:25:25.645,A1,1,1456,-61.0,-91.9,-30.9,72.24,120,10902,8669,5570,27010,1205,476633338,1
2026-05-01T13:25:25.764,A1,1,1457,-61.5,-91.4,-29.9,91.51,104,10837,9517,7910,28333,1257,431132673,1
2026-05-01T13:25:25.884,A1,1,1458,-61.7,-90.2,-28.5,74.72,136,17077,10162,11335,40356,1509,454147098,1
2026-05-01T13:25:25.979,A1,1,1459,-59.7,-91.0,-31.3,75.68,124,11978,9384,6408,29547,1205,435502848,1
2026-05-01T13:25:26.093,A1,1,1460,-59.7,-90.5,-30.8,68.87,124,12285,8540,6147,24861,1105,492270592,1
2026-05-01T13:25:26.215,A1,1,1461,-61.4,-89.5,-28.1,78.6,92,13675,7231,7727,20264,1060,457206058,1
2026-05-01T13:25:26.379,A1,1,1462,-61.1,-89.4,-28.3,97.99,112,16614,10975,9945,33472,1346,490370894,1
2026-05-01T13:25:26.453,A1,1,1463,-61.0,-91.1,-30.1,80.79,124,12795,10018,6984,31437,1299,478767628,1
2026-05-01T13:25:26.543,A1,1,1464,-61.4,-90.0,-28.6,90.3,104,14809,9391,9901,30584,1299,449929177,1
2026-05-01T13:25:26.665,A1,1,1465,-60.9,-91.9,-31.0,97.39,104,9701,10129,6131,28575,1235,488469916,1
2026-05-01T13:25:26.785,A1,1,1466,-61.0,-92.1,-31.1,95.04,104,9132,9884,5796,27265,1212,424945202,1
2026-05-01T13:25:26.933,A1,1,1467,-62.5,-93.1,-30.6,99.57,104,8311,10355,6236,31067,1362,498417884,1
2026-05-01T13:25:27.032,A1,1,1468,-62.1,-92.6,-30.6,75.26,108,7047,8128,9602,27585,1263,767037074,1
2026-05-01T13:25:27.113,A1,1,1469,-62.2,-92.7,-30.5,83.21,128,7163,10651,9978,35204,1435,415899558,1
2026-05-01T13:25:27.235,A1,1,1470,-61.4,-92.7,-31.3,77.52,124,7115,9613,9219,32115,1331,442196130,1
2026-05-01T13:25:27.325,A1,1,1471,-61.0,-91.8,-30.8,75.76,132,10154,10000,10721,37823,1425,410728222,1
2026-05-01T13:25:27.473,A1,1,1472,-61.7,-92.6,-30.9,90.71,96,7186,8708,6059,22114,1118,455354819,1
2026-05-01T13:25:27.564,A1,1,1473,-61.7,-91.0,-29.3,75.02,128,10645,9603,7844,24962,1185,475224747,1
2026-05-01T13:25:27.686,A1,1,1474,-62.3,-90.6,-28.3,79.94,120,11654,9593,10097,26882,1257,499456924,1
2026-05-01T13:25:27.775,A1,1,1475,-62.2,-92.2,-30.0,91.07,100,7938,9107,7586,24261,1191,488931489,1
2026-05-01T13:25:27.961,A1,1,1476,-62.1,-91.8,-29.7,94.31,100,8981,9431,8814,27263,1257,458433770,1
2026-05-01T13:25:27.994,A1,1,1477,-61.4,-90.6,-29.2,86.38,120,11166,10366,9339,27894,1241,404909089,1
2026-05-01T13:25:28.073,A1,1,1478,-62.2,-91.6,-29.4,69.7,148,10463,10315,11152,35127,1430,428712726,1
2026-05-01T13:25:28.194,A1,1,1479,-62.4,-92.4,-30.0,51.77,140,9911,7248,11115,33943,1416,412905628,1
2026-05-01T13:25:28.313,A1,1,1480,-62.4,-92.8,-30.4,107.88,100,7415,10788,8097,31966,1375,393686827,1
2026-05-01T13:25:28.403,A1,1,1481,-61.8,-92.5,-30.7,88.49,108,8423,9557,7147,27810,1257,409127571,1
2026-05-01T13:25:28.523,A1,1,1482,-60.8,-89.8,-29.0,89.45,112,15801,10018,8656,32027,1305,386841094,1
2026-05-01T13:25:28.645,A1,1,1483,-61.0,-89.5,-28.5,55.33,128,13758,7082,7683,20712,1054,734906344,1
2026-05-01T13:25:28.754,A1,1,1484,-61.5,-94.5,-33.1,82.42,108,5877,8901,5109,29892,1288,734892656,1
2026-05-01T13:25:28.855,A1,1,1485,-61.6,-89.3,-27.7,112.78,108,15870,12180,11660,34037,1379,589215827,1
2026-05-01T13:25:29.003,A1,1,1486,-60.9,-93.4,-32.6,83.27,88,4455,7328,7281,21919,1080,718709933,1
2026-05-01T13:25:29.087,A1,1,1487,-61.8,-90.2,-28.5,88.96,124,15873,11031,10663,37845,1464,452575284,1
2026-05-01T13:25:29.153,A1,1,1488,-60.8,-90.3,-29.6,90.31,140,13808,12644,10728,40001,1454,418144045,1
2026-05-01T13:25:29.244,A1,1,1489,-63.0,-92.1,-29.1,100.67,88,6071,8859,8360,20452,1123,455886531,1
2026-05-01T13:25:29.365,A1,1,1490,-62.5,-90.4,-27.9,59.5,136,13606,8092,10008,26849,1266,493720354,1
2026-05-01T13:25:29.483,A1,1,1491,-62.1,-91.9,-29.8,85.03,108,9812,9183,6398,25039,1206,568850299,1
2026-05-01T13:25:29.603,A1,1,1492,-63.0,-93.5,-30.5,97.07,88,2267,8542,7854,21476,1151,405303819,1
2026-05-01T13:25:29.724,A1,1,1493,-61.2,-89.0,-27.8,101.69,112,15504,11389,9768,28306,1242,403461533,1
2026-05-01T13:25:29.924,A1,1,1494,-59.7,-83.6,-23.8,115.8,116,17024,13433,8313,21365,1026,440053937,1
2026-05-01T13:25:29.960,A1,1,1495,-58.5,-76.1,-17.5,175.08,88,16643,15407,11257,16422,863,476013189,1
2026-05-01T13:25:30.083,A1,1,1496,-61.4,-92.4,-31.0,80.73,92,9283,7427,6616,24488,1162,453276587,1
2026-05-01T13:25:30.219,A1,1,1497,-59.8,-89.4,-29.6,78.1,124,16220,9685,7189,30194,1222,733087710,1
2026-05-01T13:25:30.298,A1,1,1498,-61.0,-91.4,-30.4,21.24,136,11147,2888,3780,15721,918,405421072,1
2026-05-01T13:25:30.385,A1,1,1499,-61.8,-94.6,-32.9,42.03,104,7641,4371,6628,26051,1215,475949359,1
2026-05-01T13:25:30.475,A1,1,1500,-60.9,-89.1,-28.2,139.35,116,11129,16165,11855,33775,1344,476470289,1
2026-05-01T13:25:30.602,A1,1,1501,-62.1,-94.5,-32.4,77.51,112,1254,8681,7578,27369,1258,451645004,1
2026-05-01T13:25:30.683,A1,1,1502,-61.9,-93.8,-31.9,69.32,116,1752,8041,11028,33511,1387,470164001,1
2026-05-01T13:25:30.805,A1,1,1503,-61.2,-95.7,-34.4,38.15,164,5389,6257,6896,32632,1336,733591573,1
2026-05-01T13:25:30.940,A1,1,1504,-60.7,-85.9,-25.2,76.21,132,17447,10060,7610,20211,1030,425560169,1
2026-05-01T13:25:31.020,A1,1,1505,-60.3,-88.4,-28.0,84.66,124,16099,10498,6264,22949,1085,431815175,1
2026-05-01T13:25:31.103,A1,1,1506,-59.6,-83.2,-23.6,113.07,152,18328,17186,12405,30583,1223,470094904,1
2026-05-01T13:25:31.193,A1,1,1507,-59.1,-89.0,-29.9,99.73,116,11095,11569,10352,25761,1103,427210241,1
2026-05-01T13:25:31.313,A1,1,1508,-60.9,-91.7,-30.9,93.23,100,7907,9323,6721,22854,1104,711382614,1
2026-05-01T13:25:31.405,A1,1,1509,-61.6,-91.2,-29.6,111.03,104,8889,11547,8334,27647,1244,475080406,1
2026-05-01T13:25:31.525,A1,1,1510,-60.6,-90.7,-30.1,94.31,132,12004,12449,10690,38939,1425,451828369,1
2026-05-01T13:25:31.614,A1,1,1511,-60.4,-90.9,-30.5,90.71,128,9431,11611,10653,33584,1315,416857903,1
2026-05-01T13:25:31.703,A1,1,1512,-60.8,-87.2,-26.4,89.85,136,16594,12220,8321,23319,1113,453852198,1
2026-05-01T13:25:31.836,A1,1,1513,-61.6,-91.1,-29.5,62.07,148,14889,9187,5736,32675,1354,409916024,1
2026-05-01T13:25:31.915,A1,1,1514,-62.8,-94.7,-31.9,44.21,152,7431,6720,4923,25448,1244,413584349,1
2026-05-01T13:25:32.035,A1,1,1515,-60.2,-93.3,-33.1,56.51,124,8339,7007,4929,25256,1132,711914146,1
2026-05-01T13:25:32.187,A1,1,1516,-62.5,-90.6,-28.1,68.13,128,16022,8721,8910,33294,1409,412513124,1
2026-05-01T13:25:32.213,A1,1,1517,-61.9,-86.2,-24.2,93.38,128,16519,11952,8037,19542,1059,493768266,1
2026-05-01T13:25:32.343,A1,1,1518,-63.3,-91.0,-27.7,128.84,92,7071,11853,9880,23965,1229,495819557,1
2026-05-01T13:25:32.425,A1,1,1519,-61.7,-90.0,-28.3,80.27,124,14750,9953,8836,29564,1293,429567781,1
2026-05-01T13:25:32.546,A1,1,1520,-62.9,-91.4,-28.4,84.81,116,11721,9838,11075,33260,1430,402414266,1
2026-05-01T13:25:32.663,A1,1,1521,-62.4,-90.2,-27.7,108.3,96,13108,10397,9961,27833,1286,447636583,1
2026-05-01T13:25:32.783,A1,1,1522,-62.2,-91.3,-29.0,95.49,100,11707,9549,8202,28294,1287,465070788,1
2026-05-01T13:25:32.905,A1,1,1523,-62.0,-93.1,-31.1,101.03,96,6003,9699,5925,24482,1187,456750165,1
2026-05-01T13:25:32.995,A1,1,1524,-60.9,-90.8,-29.9,93.9,116,11393,10892,7683,28915,1242,475177709,1
2026-05-01T13:25:33.115,A1,1,1525,-61.2,-91.0,-29.8,75.16,124,12548,9320,8561,30570,1291,426114492,1
2026-05-01T13:25:33.233,A1,1,1526,-61.5,-90.4,-28.9,95.45,124,12343,11836,8496,30079,1295,420993304,1
2026-05-01T13:25:33.386,A1,1,1527,-62.4,-92.7,-30.2,101.36,116,8203,11758,7837,34874,1439,411195205,1
2026-05-01T13:25:33.413,A1,1,1528,-61.6,-91.7,-30.1,59.57,128,11038,7625,9556,30126,1300,602101875,1
2026-05-01T13:25:33.535,A1,1,1529,-60.9,-91.4,-30.5,70.59,128,11604,9035,8795,31709,1302,477484210,1
2026-05-01T13:25:33.687,A1,1,1530,-61.2,-91.1,-30.0,81.46,120,10685,9775,7014,26041,1190,760064070,1
2026-05-01T13:25:33.773,A1,1,1531,-62.2,-92.7,-30.6,84.13,116,10691,9759,5897,32997,1387,390219597,1
2026-05-01T13:25:33.833,A1,1,1532,-61.6,-92.5,-30.8,71.49,140,9266,10009,7181,31402,1328,411502766,1
2026-05-01T13:25:33.985,A1,1,1533,-62.3,-92.2,-29.9,77.53,120,10232,9303,9384,32978,1392,412179587,1
2026-05-01T13:25:34.091,A1,1,1534,-62.4,-91.6,-29.2,74.26,124,11879,9208,10736,35025,1442,440784079,1
2026-05-01T13:25:34.164,A1,1,1535,-61.9,-91.7,-29.8,84.19,120,9087,10103,8070,27007,1243,676470828,1
2026-05-01T13:25:34.283,A1,1,1536,-61.6,-91.8,-30.3,83.21,112,8735,9320,10586,31502,1328,389198449,1
2026-05-01T13:25:34.432,A1,1,1537,-62.0,-92.9,-30.9,85.12,112,8060,9534,8725,33122,1380,735643405,1
2026-05-01T13:25:34.463,A1,1,1538,-61.6,-92.5,-30.8,77.15,116,7079,8949,9207,28441,1264,476828955,1
2026-05-01T13:25:34.585,A1,1,1539,-60.6,-92.4,-31.8,68.26,132,8646,9010,10427,36750,1386,474658432,1
2026-05-01T13:25:34.674,A1,1,1540,-61.5,-92.4,-30.9,76.43,132,9313,10089,9623,36545,1424,452141634,1
2026-05-01T13:25:34.793,A1,1,1541,-61.4,-92.5,-31.1,82.05,112,8095,9190,6133,25311,1182,388873686,1
2026-05-01T13:25:34.913,A1,1,1542,-61.8,-91.1,-29.4,72.8,128,11945,9318,10027,31726,1341,408580144,1
2026-05-01T13:25:35.033,A1,1,1543,-61.2,-90.7,-29.5,75.47,144,14539,10868,10724,40513,1487,430048364,1
2026-05-01T13:25:35.132,A1,1,1544,-62.0,-91.0,-29.0,86.14,136,13904,11715,10415,40183,1520,476986942,1
2026-05-01T13:25:35.299,A1,1,1545,-61.5,-90.8,-29.3,91.77,128,12939,11746,9731,36117,1418,410019811,1
2026-05-01T13:25:35.383,A1,1,1546,-61.7,-90.5,-28.8,83.5,148,14688,12358,10597,40309,1509,453907046,1
2026-05-01T13:25:35.453,A1,1,1547,-60.5,-91.3,-30.9,92.61,108,11713,10002,5913,29990,1246,499299976,1
2026-05-01T13:25:35.543,A1,1,1548,-60.9,-89.9,-29.0,86.39,136,17381,11749,10606,42186,1502,460636614,1
2026-05-01T13:25:35.722,A1,1,1549,-60.7,-89.5,-28.8,95.78,124,15825,11877,9011,33672,1332,488690246,1
2026-05-01T13:25:35.814,A1,1,1550,-61.5,-91.1,-29.7,85.7,120,11156,10284,7103,27559,1238,444460178,1
2026-05-01T13:25:35.903,A1,1,1551,-61.1,-91.3,-30.2,88.94,120,12991,10673,6932,34391,1364,442094859,1
2026-05-01T13:25:36.025,A1,1,1552,-61.8,-91.1,-29.3,87.4,124,12324,10838,9014,33513,1381,448934913,1
2026-05-01T13:25:36.144,A1,1,1553,-61.4,-92.1,-30.7,94.38,112,11420,10571,6090,34507,1381,452731641,1
2026-05-01T13:25:44.243,A1,1,1554,-63.1,-94.0,-30.9,89.39,100,2998,8939,7761,25163,1251,448644757,1
2026-05-01T13:25:44.424,A1,1,1555,-61.9,-90.3,-28.4,114.36,132,10716,15096,11799,37887,1472,751015629,1
2026-05-01T13:25:44.453,A1,1,1556,-61.6,-88.1,-26.5,144.07,100,13422,14407,12103,26063,1208,407848579,1
2026-05-01T13:25:44.633,A1,1,1557,-61.4,-88.2,-26.8,138.52,120,16350,16622,11898,34451,1382,424083614,1
2026-05-01T13:25:44.665,A1,1,1558,-61.7,-87.4,-25.8,158.41,96,16731,15207,10902,28518,1267,676016863,1
2026-05-01T13:25:44.798,A1,1,1559,-61.5,-88.9,-27.5,109.12,112,17664,12221,7534,30512,1301,715874284,1
2026-05-01T13:25:44.903,A1,1,1560,-60.9,-84.2,-23.2,181.7,92,17390,16716,12653,28195,1229,476623950,1
2026-05-01T13:25:45.002,A1,1,1561,-60.3,-87.6,-27.3,134.27,100,17760,13427,8355,28489,1209,748106515,1
2026-05-01T13:25:45.085,A1,1,1562,-61.1,-83.1,-22.0,166.72,104,15534,17339,13397,25180,1167,469092327,1
2026-05-01T13:25:45.204,A1,1,1563,-61.2,-87.7,-26.5,137.09,104,16566,14257,9253,26850,1209,715034305,1
2026-05-01T13:25:45.293,A1,1,1564,-61.9,-87.7,-25.8,131.29,128,16388,16805,14521,34506,1406,478535684,1
2026-05-01T13:25:45.432,A1,1,1565,-62.9,-90.0,-27.1,138.57,112,12641,15520,10763,35274,1472,426549810,1
2026-05-01T13:25:45.533,A1,1,1566,-62.5,-92.2,-29.7,90.45,116,4354,10492,11054,29388,1325,454814038,1
2026-05-01T13:25:45.623,A1,1,1567,-63.0,-94.2,-31.2,90.46,92,2520,8322,9370,29186,1344,402901111,1
2026-05-01T13:25:45.804,A1,1,1568,-63.0,-95.4,-32.4,74.82,132,2237,9876,6185,33264,1434,444116844,1
2026-05-01T13:25:45.864,A1,1,1569,-62.8,-95.7,-32.9,59.52,120,4484,7142,4417,23355,1192,442235592,1
2026-05-01T13:25:46.013,A1,1,1570,-62.6,-94.5,-31.9,65.08,108,5370,7029,4046,18712,1059,445799730,1
2026-05-01T13:25:46.166,A1,1,1571,-61.8,-91.7,-29.9,65.75,100,9749,6575,4628,17431,996,473061388,1
2026-05-01T13:25:46.194,A1,1,1572,-62.0,-91.6,-29.7,60.02,120,11598,7202,4809,22264,1131,418862518,1
2026-05-01T13:25:46.313,A1,1,1573,-60.5,-89.2,-28.7,81.1,96,13478,7786,5467,18276,976,440869765,1
2026-05-01T13:25:46.433,A1,1,1574,-62.3,-87.1,-24.8,77.18,124,15477,9570,6937,16093,973,441295679,1
2026-05-01T13:25:46.526,A1,1,1575,-60.8,-84.9,-24.0,89.14,128,17056,11410,7654,19254,1012,422878840,1
2026-05-01T13:25:46.695,A1,1,1576,-60.9,-82.3,-21.3,202.73,80,145,16218,16880,18241,988,731728515,1
2026-05-01T13:25:46.774,A1,1,1577,-60.5,-78.6,-18.1,178.67,100,16980,17867,13614,21062,1046,479343312,1
2026-05-01T13:25:46.853,A1,1,1578,-60.4,-86.7,-26.3,88.12,152,17107,13394,9078,26083,1158,490063884,1
2026-05-01T13:25:46.943,A1,1,1579,-60.7,-77.6,-16.9,141.02,124,14764,17487,14402,17942,971,456364889,1
2026-05-01T13:25:47.109,A1,1,1580,-61.0,-84.6,-23.6,126.48,92,17209,11636,7728,19087,1013,391215280,1
2026-05-01T13:25:47.154,A1,1,1581,-60.7,-87.5,-26.8,114.81,80,14646,9185,6108,16297,928,479431107,1
2026-05-01T13:25:47.273,A1,1,1582,-60.8,-83.3,-22.6,163.81,100,57,16381,18199,21727,1072,491662444,1
2026-05-01T13:25:47.393,A1,1,1583,-61.2,-89.2,-27.9,72.38,116,13785,8396,5650,18468,1005,473702398,1
2026-05-01T13:25:47.514,A1,1,1584,-61.7,-88.8,-27.1,72.04,128,15048,9221,6557,20152,1067,447738838,1
2026-05-01T13:25:47.633,A1,1,1585,-61.6,-89.5,-27.9,83.92,104,15192,8728,7028,23909,1157,465417192,1
2026-05-01T13:25:47.784,A1,1,1586,-61.8,-91.5,-29.8,65.67,124,10228,8143,4794,20434,1076,449382378,1
2026-05-01T13:25:47.903,A1,1,1587,-60.8,-88.2,-27.4,91.53,136,18495,12448,9285,30437,1271,444229338,1
2026-05-01T13:25:47.993,A1,1,1588,-61.5,-91.9,-30.4,51.59,136,10503,7016,4491,20981,1080,443756931,1
2026-05-01T13:25:48.114,A1,1,1589,-61.8,-89.1,-27.3,101.73,84,14629,8545,6399,19854,1062,452149863,1
2026-05-01T13:25:48.204,A1,1,1590,-61.5,-89.5,-28.0,58.52,124,12935,7257,5255,16745,966,674019446,1
2026-05-01T13:25:48.387,A1,1,1591,-60.3,-87.0,-26.7,106.28,120,17966,12754,9127,27358,1185,474161459,1
2026-05-01T13:25:48.413,A1,1,1592,-61.4,-87.1,-25.7,65.71,140,15953,9200,7763,18021,997,424843248,1
2026-05-01T13:25:48.544,A1,1,1593,-62.0,-88.3,-26.4,95.69,136,17900,13014,10434,29821,1309,450197603,1
2026-05-01T13:25:48.639,A1,1,1594,-61.0,-90.4,-29.4,90.64,108,12590,9789,6236,24980,1158,415690904,1
2026-05-01T13:25:48.713,A1,1,1595,-60.5,-89.0,-28.5,101.62,116,15422,11788,8431,28598,1219,391790575,1
2026-05-01T13:25:48.864,A1,1,1596,-62.0,-88.4,-26.4,89.83,160,19291,14373,12324,36818,1455,449176015,1
2026-05-01T13:25:57.026,A1,1,1597,-61.7,-92.9,-31.2,87.44,112,8296,9793,6060,28938,1277,491113120,1
2026-05-01T13:25:57.085,A1,1,1598,-61.4,-92.3,-30.9,70.96,136,9584,9650,7676,31440,1317,494860664,1
2026-05-01T13:25:57.205,A1,1,1599,-61.9,-91.8,-29.9,72.48,112,11006,8118,9501,30964,1333,457475663,1
2026-05-01T13:25:57.431,A1,1,1600,-61.7,-92.4,-30.7,96.86,96,9515,9299,7263,29718,1293,446983413,1
2026-05-01T13:25:57.431,A1,1,1601,-61.2,-91.0,-29.7,67.88,120,11500,8146,9318,27492,1226,441665193,1
2026-05-01T13:25:57.532,A1,1,1602,-60.8,-90.7,-29.8,71.42,124,14045,8856,10468,35506,1373,387387534,1
2026-05-01T13:25:57.654,A1,1,1603,-61.7,-92.6,-30.9,86.49,128,9397,11071,7271,35840,1421,400230005,1
2026-05-01T13:25:57.772,A1,1,1604,-61.7,-91.3,-29.6,79.17,112,11269,8867,9467,29673,1296,767075896,1
2026-05-01T13:25:57.894,A1,1,1605,-61.5,-92.8,-31.3,68.49,144,9578,9862,5993,32256,1339,421572518,1
2026-05-01T13:25:58.013,A1,1,1606,-61.3,-90.6,-29.3,78.01,128,12685,9985,9506,31055,1305,389973804,1
2026-05-01T13:25:58.104,A1,1,1607,-61.8,-92.2,-30.4,98.1,108,9846,10595,6684,30876,1323,419003617,1
2026-05-01T13:25:58.224,A1,1,1608,-62.0,-91.3,-29.3,60.78,144,11895,8752,8792,28978,1290,450571442,1
2026-05-01T13:25:58.411,A1,1,1609,-61.9,-91.5,-29.6,69.63,136,10351,9470,9033,28810,1283,440798435,1
2026-05-01T13:25:58.435,A1,1,1610,-61.1,-91.3,-30.2,79.32,112,10151,8884,8853,27316,1218,409565900,1
2026-05-01T13:25:58.553,A1,1,1611,-61.5,-91.5,-30.0,74.05,124,10759,9182,8855,29702,1285,395156153,1
2026-05-01T13:25:58.673,A1,1,1612,-61.7,-92.7,-31.1,83.18,116,7837,9649,7144,28784,1273,392068713,1
2026-05-01T13:25:58.764,A1,1,1613,-60.6,-93.2,-32.6,88.62,104,9144,9216,6567,35344,1361,425536158,1
2026-05-01T13:25:58.883,A1,1,1614,-61.0,-92.4,-31.4,93.75,92,8053,8625,7681,26663,1196,461194437,1
2026-05-01T13:25:59.034,A1,1,1615,-61.2,-91.7,-30.5,75.89,128,10932,9714,9915,35356,1390,769034197,1
2026-05-01T13:25:59.124,A1,1,1616,-60.6,-91.3,-30.7,73.24,124,10959,9082,9465,31898,1292,453830490,1
2026-05-01T13:25:59.214,A1,1,1617,-61.1,-93.4,-32.3,76.32,124,10063,9464,5381,37587,1426,729121289,1
2026-05-01T13:25:59.305,A1,1,1618,-60.9,-92.4,-31.5,88.79,112,10037,9944,7608,35290,1375,421649232,1
2026-05-01T13:25:59.422,A1,1,1619,-61.5,-92.8,-31.3,100.48,104,8965,10450,6620,33628,1366,447304177,1
2026-05-01T13:25:59.542,A1,1,1620,-61.4,-92.3,-30.9,85.68,112,8934,9596,8509,31443,1317,462243372,1
2026-05-01T13:25:59.691,A1,1,1621,-61.4,-92.6,-31.2,81.5,124,9853,10106,7634,35878,1410,401767860,1
2026-05-01T13:25:59.754,A1,1,1622,-61.4,-91.8,-30.4,92.81,96,10044,8910,9729,31784,1324,464955471,1
2026-05-01T13:25:59.885,A1,1,1623,-61.7,-92.7,-31.0,83.02,124,8130,10294,7911,32282,1351,471750022,1
2026-05-01T13:25:59.964,A1,1,1624,-61.7,-91.1,-29.4,73.89,124,11604,9162,10564,31615,1336,729601062,1
2026-05-01T13:26:00.094,A1,1,1625,-62.0,-91.6,-29.6,93.86,108,10976,10137,9819,33455,1386,729778753,1
2026-05-01T13:26:00.202,A1,1,1626,-61.7,-91.5,-29.8,92.72,104,11063,9643,9117,31290,1330,734667543,1
2026-05-01T13:26:00.263,A1,1,1627,-61.5,-92.0,-30.6,103.4,104,9448,10754,7702,31910,1331,607634094,1
2026-05-01T13:26:00.383,A1,1,1628,-61.5,-91.3,-29.8,83.6,124,11322,10366,9081,32473,1344,707103883,1
2026-05-01T13:26:00.504,A1,1,1629,-61.7,-92.3,-30.6,62.36,148,9871,9230,6459,28080,1258,445498843,1
2026-05-01T13:26:00.593,A1,1,1630,-62.0,-91.5,-29.4,83.9,124,10498,10404,8430,29424,1303,403876559,1
2026-05-01T13:26:00.712,A1,1,1631,-61.8,-92.0,-30.1,74.37,124,10644,9222,7551,29506,1297,446487139,1
2026-05-01T13:26:00.833,A1,1,1632,-61.5,-91.2,-29.7,68.82,148,11710,10185,8122,30562,1304,388918180,1
2026-05-01T13:26:01.098,A1,1,1633,-61.0,-91.3,-30.3,75.91,128,11367,9717,7566,29510,1261,456876432,1
2026-05-01T13:26:01.100,A1,1,1634,-61.2,-91.7,-30.5,65.59,164,11148,10756,7746,33929,1358,453406823,1
2026-05-01T13:26:01.222,A1,1,1635,-61.1,-90.1,-29.0,71.03,132,14928,9376,10013,32864,1334,711269578,1
2026-05-01T13:26:01.297,A1,1,1636,-61.5,-92.0,-30.5,82.85,124,10850,10273,6735,32201,1341,443142684,1
2026-05-01T13:26:01.402,A1,1,1637,-70.1,-91.3,-21.2,61.92,144,12847,8916,8641,17950,1347,422677565,1
2026-05-01T13:26:01.554,A1,1,1638,-62.0,-91.4,-29.4,66.88,144,12861,9630,8622,33241,1383,447141196,1
2026-05-01T13:26:01.642,A1,1,1639,-61.7,-92.2,-30.4,74.75,156,10701,11661,7609,37703,1460,419664620,1
2026-05-01T13:26:01.774,A1,1,1640,-61.9,-91.6,-29.8,65.2,156,12150,10171,7905,33591,1385,441954839,1
2026-05-01T13:26:01.858,A1,1,1641,-60.7,-89.9,-29.2,62.77,180,16057,11299,10084,38109,1415,728160253,1
2026-05-01T13:26:01.944,A1,1,1642,-60.5,-92.5,-32.0,76.91,128,8961,9845,6356,31095,1272,640183586,1
2026-05-01T13:26:02.062,A1,1,1643,-62.0,-92.1,-30.0,77.61,132,10765,10244,8067,33474,1391,496772361,1
2026-05-01T13:26:02.245,A1,1,1644,-59.9,-92.3,-32.4,77.53,124,10673,9614,8742,40356,1418,448441229,1
2026-05-01T13:26:02.305,A1,1,1645,-62.0,-91.2,-29.2,68.73,116,10773,7973,8887,24925,1198,387717033,1
2026-05-01T13:26:02.424,A1,1,1646,-61.8,-91.0,-29.2,86.49,100,12287,8649,9183,29001,1283,451289158,1
2026-05-01T13:26:02.624,A1,1,1647,-60.0,-90.3,-30.3,86.9,108,13155,9385,9701,31848,1263,398396224,1
2026-05-01T13:26:02.632,A1,1,1648,-61.6,-91.6,-30.0,79.9,136,10347,10867,12199,40368,1504,599997052,1
2026-05-01T13:26:02.754,A1,1,1649,-61.0,-91.3,-30.3,90.09,108,10272,9730,6027,24734,1154,446071054,1
2026-05-01T13:26:02.890,A1,1,1650,-61.4,-92.2,-30.8,86.72,116,8941,10059,6649,28362,1253,475758260,1
2026-05-01T13:26:02.964,A1,1,1651,-61.6,-91.7,-30.1,86.83,100,10447,8683,9954,31338,1323,463144087,1
2026-05-01T13:26:03.083,A1,1,1652,-60.8,-91.2,-30.4,93.07,104,10035,9679,8328,27417,1205,388149701,1
2026-05-01T13:26:03.204,A1,1,1653,-62.3,-91.5,-29.1,72.43,136,12278,9851,10519,35823,1454,440392824,1
2026-05-01T13:26:03.322,A1,1,1654,-61.7,-91.4,-29.8,87.51,124,11004,10851,9053,33197,1367,439201058,1
2026-05-01T13:26:03.446,A1,1,1655,-61.1,-89.9,-28.9,71.82,136,14872,9767,9819,31648,1307,437087756,1
2026-05-01T13:26:03.609,A1,1,1656,-62.5,-92.4,-29.9,90.54,112,10117,10141,7720,32123,1383,444043438,1
2026-05-01T13:26:11.664,A1,1,1657,-61.6,-91.3,-29.7,89.05,104,10917,9261,8232,27650,1244,396836950,1
2026-05-01T13:26:11.825,A1,1,1658,-61.1,-91.4,-30.3,77.93,108,10569,8416,8000,26222,1191,390648543,1
2026-05-01T13:26:11.843,A1,1,1659,-61.1,-90.8,-29.8,65.97,116,11452,7653,8150,24044,1139,419942797,1
2026-05-01T13:26:11.962,A1,1,1660,-61.2,-92.0,-30.8,66.9,136,10289,9099,7049,28824,1254,448451855,1
2026-05-01T13:26:12.082,A1,1,1661,-60.2,-89.9,-29.6,80.81,116,13841,9374,8585,28236,1200,435979067,1
2026-05-01T13:26:12.232,A1,1,1662,-61.1,-90.4,-29.3,72.15,136,13924,9812,9615,32699,1329,452880933,1
2026-05-01T13:26:12.324,A1,1,1663,-61.0,-92.7,-31.6,74.77,124,9326,9271,5282,28853,1247,443482335,1
2026-05-01T13:26:12.413,A1,1,1664,-60.0,-90.0,-29.9,76.72,116,13733,8900,9286,29274,1214,677995304,1
2026-05-01T13:26:12.502,A1,1,1665,-60.9,-90.4,-29.5,81.6,120,12535,9792,9748,29883,1262,487978602,1
2026-05-01T13:26:12.622,A1,1,1666,-61.2,-92.2,-31.0,72.2,128,10224,9242,5939,29019,1257,393113746,1
2026-05-01T13:26:12.773,A1,1,1667,-61.2,-92.2,-31.0,87.02,112,9451,9746,6447,28853,1256,401949630,1
2026-05-01T13:26:12.924,A1,1,1668,-61.4,-91.5,-30.0,75.16,116,11702,8718,8401,30064,1290,739035095,1
2026-05-01T13:26:12.982,A1,1,1669,-60.8,-92.2,-31.4,79.47,120,10459,9536,6456,31620,1295,406902640,1
2026-05-01T13:26:13.103,A1,1,1670,-61.4,-91.7,-30.3,78.12,112,11074,8750,8141,29723,1280,463034815,1
2026-05-01T13:26:13.249,A1,1,1671,-60.9,-92.5,-31.6,87.9,124,9571,10900,6917,35980,1384,447873057,1
2026-05-01T13:26:13.345,A1,1,1672,-60.7,-91.1,-30.4,72.81,124,10649,9028,9401,29053,1239,419986899,1
2026-05-01T13:26:13.404,A1,1,1673,-61.4,-91.1,-29.7,72.05,128,11776,9223,10051,31656,1324,432889790,1
2026-05-01T13:26:13.523,A1,1,1674,-59.9,-91.2,-31.3,76.32,120,9673,9158,8747,28119,1185,451213644,1
2026-05-01T13:26:21.714,A1,1,1675,-62.7,-91.7,-29.0,80.79,124,9636,10018,8303,26755,1272,417926296,1
2026-05-01T13:26:21.891,A1,1,1676,-60.9,-92.7,-31.8,68.09,140,10593,9533,5896,34513,1358,467624166,1
2026-05-01T13:26:21.922,A1,1,1677,-62.2,-92.7,-30.5,92.54,108,9423,9994,6177,30209,1330,764630079,1
2026-05-01T13:26:22.080,A1,1,1678,-61.7,-92.0,-30.2,94.72,120,11298,11367,8143,37857,1464,463611742,1
2026-05-01T13:26:22.193,A1,1,1679,-61.7,-91.0,-29.3,94.48,104,12454,9826,9771,32323,1351,452374365,1
2026-05-01T13:26:22.276,A1,1,1680,-61.7,-91.1,-29.4,92.96,112,11784,10412,9631,32558,1355,725105819,1
2026-05-01T13:26:22.313,A1,1,1681,-61.7,-91.6,-29.9,76.61,120,11622,9193,9216,32858,1363,528486947,1
2026-05-01T13:26:22.432,A1,1,1682,-61.2,-90.9,-29.7,85.41,116,12641,9907,10067,34300,1368,452127045,1
2026-05-01T13:26:22.533,A1,1,1683,-61.5,-90.7,-29.2,65.16,144,12637,9383,9550,30184,1295,450323202,1
2026-05-01T13:26:22.615,A1,1,1684,-61.7,-90.3,-28.6,96.09,104,12503,9993,9678,27993,1257,422796277,1
2026-05-01T13:26:22.763,A1,1,1685,-61.5,-93.5,-31.9,85.7,132,7505,11312,7019,38914,1474,385889439,1
2026-05-01T13:26:22.824,A1,1,1686,-60.1,-91.5,-31.4,83.32,120,11537,9999,7219,33262,1296,596524504,1
2026-05-01T13:26:23.008,A1,1,1687,-61.2,-93.3,-32.1,83.42,104,7218,8676,6310,27672,1229,450724335,1
2026-05-01T13:26:23.033,A1,1,1688,-61.8,-91.2,-29.4,96.76,120,11437,11611,11253,38440,1477,405326613,1
2026-05-01T13:26:23.183,A1,1,1689,-61.4,-89.4,-28.0,81.27,136,16699,11053,9600,32424,1339,503000901,1
2026-05-01T13:26:23.272,A1,1,1690,-61.6,-92.4,-30.8,74.31,136,10246,10106,6337,32130,1342,470930847,1
2026-05-01T13:26:23.392,A1,1,1691,-61.7,-91.9,-30.2,83.59,132,11527,11034,7105,35270,1411,488014355,1
2026-05-01T13:26:23.593,A1,1,1692,-62.5,-92.4,-29.9,87.4,108,9289,9439,9000,31619,1373,422705776,1
2026-05-01T13:26:23.607,A1,1,1693,-60.2,-90.1,-29.8,60.31,156,14879,9408,8975,32749,1293,400267035,1
2026-05-01T13:26:23.722,A1,1,1694,-60.5,-91.2,-30.7,67.23,128,11475,8606,9581,31386,1277,469845394,1
2026-05-01T13:26:23.842,A1,1,1695,-61.6,-92.9,-31.3,102.59,104,9642,10669,6318,36263,1428,431381435,1
2026-05-01T13:26:23.932,A1,1,1696,-61.1,-91.8,-30.7,77.1,128,10887,9869,8258,33432,1347,468184335,1
2026-05-01T13:26:24.052,A1,1,1697,-61.8,-91.2,-29.4,68.71,120,12360,8245,9543,30289,1313,401078639,1
2026-05-01T13:26:24.173,A1,1,1698,-61.4,-92.6,-31.2,88.63,108,8655,9572,5852,27643,1237,487467094,1
2026-05-01T13:26:24.292,A1,1,1699,-62.2,-91.1,-28.9,77.2,120,11789,9264,9153,28726,1296,487968612,1
2026-05-01T13:26:24.412,A1,1,1700,-61.4,-91.8,-30.4,75.97,128,9660,9724,6788,27022,1221,439097803,1
2026-05-01T13:26:24.533,A1,1,1701,-60.8,-92.7,-31.9,65.33,152,10966,9930,6251,37677,1412,422231393,1
2026-05-01T13:26:24.652,A1,1,1702,-61.9,-92.3,-30.5,80.59,132,9604,10638,8010,33906,1391,423168034,1
2026-05-01T13:26:24.743,A1,1,1703,-61.8,-91.8,-30.0,82.21,124,10695,10194,7495,30971,1326,425071370,1
2026-05-01T13:26:24.893,A1,1,1704,-62.1,-91.8,-29.7,94.36,108,10033,10191,8118,29351,1304,473116731,1
2026-05-01T13:26:24.983,A1,1,1705,-61.7,-90.8,-29.1,73.47,128,12086,9404,9865,29851,1297,422619242,1
2026-05-01T13:26:25.132,A1,1,1706,-61.1,-91.0,-29.9,87.49,108,11256,9449,9028,28991,1252,454154211,1
2026-05-01T13:26:25.223,A1,1,1707,-61.4,-91.3,-29.9,93.17,104,10629,9690,8767,29057,1269,534598886,1
2026-05-01T13:26:25.313,A1,1,1708,-61.4,-91.4,-30.0,81.23,128,11185,10398,8244,31540,1321,495991391,1
2026-05-01T13:26:25.405,A1,1,1709,-61.3,-91.5,-30.2,90.21,112,11316,10104,8558,32815,1343,402055973,1
2026-05-01T13:26:25.523,A1,1,1710,-61.8,-92.3,-30.5,82.9,112,8996,9285,6517,26204,1220,433073539,1
2026-05-01T13:26:25.707,A1,1,1711,-61.5,-91.8,-30.3,90.96,120,10575,10915,9188,35848,1412,387823024,1
2026-05-01T13:26:25.786,A1,1,1712,-61.6,-92.4,-30.8,96.02,108,8604,10370,6767,29711,1289,396526787,1
2026-05-01T13:26:25.822,A1,1,1713,-61.4,-91.5,-30.1,94.98,112,12056,10638,9188,36627,1424,422155239,1
2026-05-01T13:26:25.972,A1,1,1714,-61.0,-91.3,-30.4,90.61,116,11144,10511,9286,33951,1349,493008136,1
2026-05-01T13:26:34.045,A1,1,1715,-61.4,-94.1,-32.7,73.47,116,8150,8523,5292,32336,1337,427124296,1
2026-05-01T13:26:34.192,A1,1,1716,-60.5,-90.1,-29.5,72.53,124,16679,8994,9633,36857,1386,465200983,1
2026-05-01T13:26:34.252,A1,1,1717,-60.7,-91.5,-30.8,85.06,104,10735,8846,6942,27323,1198,437794025,1
2026-05-01T13:26:34.374,A1,1,1718,-62.7,-93.1,-30.4,89.61,108,9270,9678,5657,30006,1348,671033737,1
2026-05-01T13:26:34.462,A1,1,1719,-61.5,-92.4,-30.9,76.54,112,9090,8573,8255,29110,1273,466688081,1
2026-05-01T13:26:34.584,A1,1,1720,-60.5,-92.6,-32.1,64.72,144,10633,9319,7386,37098,1389,421575240,1
2026-05-01T13:26:34.734,A1,1,1721,-60.6,-91.2,-30.6,80.21,100,11286,8021,6949,25318,1151,457818831,1
2026-05-01T13:26:34.853,A1,1,1722,-60.9,-91.2,-30.3,80.09,116,13092,9291,8327,34075,1348,493249021,1
2026-05-01T13:26:34.943,A1,1,1723,-61.2,-93.4,-32.2,78.03,104,8594,8115,4672,27342,1220,437109809,1
2026-05-01T13:26:43.132,A1,1,1724,-62.1,-92.0,-30.0,60.12,124,13594,7455,8720,36740,1458,425311338,1
2026-05-01T13:26:43.223,A1,1,1725,-60.7,-89.4,-28.7,91.39,112,15587,10236,9832,30945,1278,400620711,1
2026-05-01T13:26:43.343,A1,1,1726,-63.0,-93.2,-30.2,115.89,104,7001,12053,8135,37184,1513,443426543,1
2026-05-01T13:26:43.492,A1,1,1727,-62.4,-91.2,-28.8,85.22,104,12056,8863,9124,28978,1310,495278238,1
2026-05-01T13:26:43.582,A1,1,1728,-62.6,-90.2,-27.6,126.59,112,14156,14178,9039,35305,1456,461155599,1
2026-05-01T13:26:43.672,A1,1,1729,-62.0,-91.2,-29.2,53.33,144,11499,7680,5520,21381,1109,396157687,1
2026-05-01T13:26:43.824,A1,1,1730,-61.6,-95.7,-34.2,49.51,140,6374,6932,6154,35544,1409,463115672,1
2026-05-01T13:26:43.883,A1,1,1731,-60.4,-93.0,-32.6,78.93,104,8097,8209,4868,25630,1150,418728201,1
2026-05-01T13:26:44.093,A1,1,1732,-60.3,-84.6,-24.4,166.9,108,12610,18025,16062,30446,1247,525160248,1
2026-05-01T13:26:44.213,A1,1,1733,-61.0,-83.5,-22.5,85.27,168,18550,14325,11532,24637,1150,763735692,1
2026-05-01T13:26:44.394,A1,1,1734,-61.4,-87.6,-26.2,73.67,156,17232,11492,10226,24920,1172,418081095,1
2026-05-01T13:26:44.422,A1,1,1735,-62.2,-91.2,-29.0,97.72,108,9836,10554,9670,28620,1291,459124048,1
2026-05-01T13:26:44.572,A1,1,1736,-62.6,-93.1,-30.5,83.26,104,8029,8659,5995,24835,1220,722203449,1
2026-05-01T13:26:44.632,A1,1,1737,-62.0,-90.5,-28.5,97.02,108,11441,10478,7266,24200,1182,408137115,1
2026-05-01T13:26:44.722,A1,1,1738,-61.3,-87.4,-26.1,84.97,160,19208,13595,10420,30658,1298,405838958,1
2026-05-01T13:26:44.813,A1,1,1739,-61.9,-93.0,-31.1,51.21,156,9686,7988,7115,30399,1318,464158944,1
2026-05-01T13:26:44.932,A1,1,1740,-62.7,-91.5,-28.8,110.28,116,7052,12792,10254,31401,1380,434561165,1
2026-05-01T13:26:45.052,A1,1,1741,-62.1,-90.1,-28.0,110.79,140,14424,15510,10257,40976,1540,482529748,1
2026-05-01T13:26:45.141,A1,1,1742,-62.8,-93.0,-30.3,71.79,96,9062,6892,9824,31341,1380,422180307,1
2026-05-01T13:26:45.264,A1,1,1743,-62.6,-90.4,-27.8,153.66,88,10982,13522,8530,28763,1315,689309565,1
2026-05-01T13:26:45.355,A1,1,1744,-60.5,-88.7,-28.1,138.03,128,13559,17668,11748,37718,1402,400132212,1
2026-05-01T13:26:45.502,A1,1,1745,-62.5,-90.3,-27.8,126.55,112,12326,14174,9702,33688,1416,449569896,1
2026-05-01T13:26:45.562,A1,1,1746,-61.9,-87.9,-25.9,133.64,108,14445,14433,12591,26354,1229,465653765,1
2026-05-01T13:26:45.682,A1,1,1747,-62.3,-88.6,-26.2,159.08,100,16974,15908,9674,32585,1386,612731635,1
2026-05-01T13:26:45.804,A1,1,1748,-63.6,-90.9,-27.3,139.91,96,3898,13431,13173,29649,1380,395706868,1
2026-05-01T13:26:45.923,A1,1,1749,-63.1,-92.1,-29.1,61.55,88,8989,5416,9276,21760,1162,410977379,1
2026-05-01T13:26:46.043,A1,1,1750,-62.8,-91.3,-28.5,28.84,92,11382,2653,7644,18053,1047,389405737,1
2026-05-01T13:26:46.161,A1,1,1751,-62.6,-89.7,-27.1,38.53,112,13839,4315,8152,18097,1043,764788333,1
2026-05-01T13:26:46.283,A1,1,1752,-63.1,-91.9,-28.8,93.3,88,6944,8210,7757,18430,1069,456805607,1
2026-05-01T13:26:46.403,A1,1,1753,-63.5,-91.3,-27.8,112.34,112,6662,12582,11467,29468,1373,469324447,1
2026-05-01T13:26:46.494,A1,1,1754,-62.7,-91.4,-28.6,116.58,104,8687,12124,8287,27659,1295,403464183,1
2026-05-01T13:26:46.612,A1,1,1755,-63.2,-92.4,-29.2,90.51,96,8943,8689,7523,24703,1245,416919530,1
2026-05-01T13:26:46.732,A1,1,1756,-64.3,-99.1,-34.8,23.61,160,4861,3778,3046,24037,1276,415208737,1
2026-05-01T13:26:46.822,A1,1,1757,-64.6,-88.4,-23.8,195.23,84,13087,16399,10451,23267,1267,613890952,1
2026-05-01T13:26:46.884,A1,1,1758,-63.3,-89.3,-26.0,128.14,128,11438,16402,11174,29965,1375,401038811,1
2026-05-01T13:26:47.035,A1,1,1759,-61.4,-82.6,-21.2,129.23,144,15810,18609,15673,27732,1240,444998235,1
2026-05-01T13:26:47.122,A1,1,1760,-63.7,-90.8,-27.1,112.4,88,9875,9891,7773,19823,1133,492336917,1
2026-05-01T13:26:47.241,A1,1,1761,-65.7,-95.9,-30.1,88.92,84,1729,7469,6783,22768,1303,495198937,1
2026-05-01T13:26:47.364,A1,1,1762,-62.4,-79.7,-17.2,207.11,80,10026,16569,15784,15666,964,739749237,1
2026-05-01T13:26:47.483,A1,1,1763,-61.7,-81.8,-20.1,146.77,116,14429,17025,12529,20057,1065,717976709,1
2026-05-01T13:26:47.602,A1,1,1764,-65.2,-103.6,-38.3,30.15,108,3140,3256,1890,31968,1518,457050641,1
2026-05-01T13:26:47.722,A1,1,1765,-62.6,-81.5,-19.0,196.23,88,12726,17268,12518,17428,1022,434374218,1
2026-05-01T13:26:47.842,A1,1,1766,-63.5,-86.0,-22.5,131.23,140,7300,18372,16847,24407,1248,431221930,1
2026-05-01T13:26:47.964,A1,1,1767,-61.7,-75.9,-14.2,190.7,88,17211,16782,12171,14737,912,476763537,1
2026-05-01T13:26:48.082,A1,1,1768,-61.5,-77.1,-15.6,182.07,92,18623,16750,14297,18619,1017,485683872,1
2026-05-01T13:26:48.202,A1,1,1769,-61.5,-75.7,-14.2,158.62,120,15726,19035,18412,19330,1037,409812223,1
2026-05-01T13:26:48.292,A1,1,1770,-60.3,-74.5,-14.2,182.24,92,16841,16766,12928,14869,874,569473882,1
2026-05-01T13:26:48.413,A1,1,1771,-61.0,-75.9,-15.0,173.47,108,16975,18735,15838,19107,1012,390021222,1
2026-05-01T13:26:48.533,A1,1,1772,-62.0,-78.5,-16.6,137.74,136,16312,18732,14664,19952,1071,388221442,1
2026-05-01T13:26:48.652,A1,1,1773,-64.1,-86.9,-22.8,200.96,84,11784,16881,11656,20573,1171,706220363,1
2026-05-01T13:26:48.741,A1,1,1774,-63.6,-82.2,-18.6,163.33,120,17698,19600,17792,27890,1339,489609635,1
2026-05-01T13:26:48.862,A1,1,1775,-62.0,-78.4,-16.3,207.21,84,16302,17406,12585,17151,995,501741193,1
2026-05-01T13:26:48.954,A1,1,1776,-61.3,-89.9,-28.6,30.83,120,13526,3700,3997,16008,938,417278265,1
2026-05-01T13:26:49.073,A1,1,1777,-62.0,-90.8,-28.7,13.52,124,12211,1676,4556,14939,929,522132975,1
2026-05-01T13:26:49.193,A1,1,1778,-63.6,-86.8,-23.2,77.17,196,14897,15126,14750,25346,1276,456249847,1
2026-05-01T13:26:49.312,A1,1,1779,-62.2,-79.8,-17.6,89.99,208,18180,18717,15639,23779,1180,407587278,1
2026-05-01T13:26:49.434,A1,1,1780,-62.9,-91.3,-28.4,126.86,92,7546,11671,10809,28549,1323,397633819,1
2026-05-01T13:26:49.552,A1,1,1781,-60.6,-79.9,-19.3,188.16,92,13823,17311,12409,18632,987,398885457,1
2026-05-01T13:26:49.642,A1,1,1782,-61.6,-79.9,-18.2,126.97,148,11430,18791,16452,20258,1067,469485278,1
2026-05-01T13:26:49.763,A1,1,1783,-60.6,-74.9,-14.3,243.01,68,16720,16525,12009,14275,863,402031100,1
2026-05-01T13:26:49.851,A1,1,1784,-61.6,-82.0,-20.4,193.02,96,14553,18530,14983,24298,1167,755314447,1
2026-05-01T13:26:49.972,A1,1,1785,-61.4,-96.3,-34.9,73.08,104,434,7600,4355,24977,1173,400247448,1
2026-05-01T13:26:50.062,A1,1,1786,-60.9,-79.7,-18.7,147.53,116,5597,17113,15760,15937,923,466293786,1
2026-05-01T13:26:50.182,A1,1,1787,-62.2,-90.0,-27.8,97.46,124,13655,12085,13102,36131,1455,446738740,1
2026-05-01T13:26:50.272,A1,1,1788,-58.4,-77.9,-19.5,133.65,124,15676,16572,11147,18920,923,462167407,1
2026-05-01T13:26:50.392,A1,1,1789,-61.1,-89.5,-28.3,76.16,116,8510,8834,11932,20031,1042,490253025,1
2026-05-01T13:26:50.482,A1,1,1790,-58.3,-83.6,-25.3,160.18,100,11519,16018,11737,23089,1014,407180622,1
2026-05-01T13:26:50.602,A1,1,1791,-59.4,-79.7,-20.3,121.33,124,17907,15045,9489,19756,974,440901106,1
2026-05-01T13:26:50.722,A1,1,1792,-59.7,-79.8,-20.1,86.18,204,16536,17580,13459,23425,1072,401406553,1
2026-05-01T13:26:50.812,A1,1,1793,-59.6,-78.8,-19.2,108.44,156,13010,16916,16921,21262,1020,409755881,1
2026-05-01T13:26:50.931,A1,1,1794,-60.2,-77.8,-17.6,140.96,128,12539,18043,15289,18425,968,447676155,1
2026-05-01T13:26:51.052,A1,1,1795,-58.7,-75.9,-17.1,170.98,108,16310,18466,14321,20234,964,455454803,1
2026-05-01T13:26:51.142,A1,1,1796,-58.5,-76.3,-17.8,88.95,200,17575,17790,13048,20750,969,715710318,1
2026-05-01T13:26:51.231,A1,1,1797,-58.7,-78.6,-20.0,90.44,188,17209,17002,9492,20456,968,465358215,1
2026-05-01T13:26:51.353,A1,1,1798,-59.5,-78.2,-18.7,120.41,152,17045,18303,10962,20766,1002,458366492,1
2026-05-01T13:26:51.472,A1,1,1799,-58.9,-78.7,-19.8,91.64,208,18709,19062,11326,25176,1083,725951077,1
2026-05-01T13:26:51.592,A1,1,1800,-59.2,-77.5,-18.4,115.18,136,16963,15665,10110,17225,904,428723291,1
2026-05-01T13:26:51.683,A1,1,1801,-59.2,-77.0,-17.9,123.54,148,16566,18284,12695,20166,978,401636497,1
2026-05-01T13:26:51.802,A1,1,1802,-58.4,-77.3,-19.0,153.84,108,16150,16615,13181,20099,949,426599489,1
2026-05-01T13:26:51.893,A1,1,1803,-59.1,-76.7,-17.6,65.58,252,17183,16526,9508,16928,893,464372634,1
2026-05-01T13:26:52.011,A1,1,1804,-59.3,-75.6,-16.3,186.27,96,16948,17882,13669,18629,945,389815835,1
2026-05-01T13:26:52.133,A1,1,1805,-58.8,-75.6,-16.8,145.29,120,15982,17435,15019,19151,941,436655054,1
2026-05-01T13:26:52.254,A1,1,1806,-58.7,-77.5,-18.9,109.6,156,17666,17098,9765,19652,948,401053946,1
2026-05-01T13:26:52.343,A1,1,1807,-57.9,-75.2,-17.3,138.04,128,18058,17669,15662,22260,983,441414378,1
2026-05-01T13:26:52.433,A1,1,1808,-59.5,-77.1,-17.6,132.98,128,15478,17021,13309,18213,940,402126513,1
2026-05-01T13:26:52.553,A1,1,1809,-58.4,-77.5,-19.0,112.55,148,16484,16658,15064,22051,997,442563816,1
2026-05-01T13:26:52.644,A1,1,1810,-58.7,-83.7,-24.9,113.41,164,3364,18599,17820,28847,1152,471199461,1
2026-05-01T13:26:52.764,A1,1,1811,-57.1,-73.9,-16.8,94.61,176,16342,16651,14788,18610,874,486382097,1
2026-05-01T13:26:52.912,A1,1,1812,-58.2,-75.2,-17.0,160.54,112,15656,17980,16395,20602,956,422027744,1
2026-05-01T13:26:52.971,A1,1,1813,-58.0,-74.8,-16.8,124.5,132,17299,16434,11135,16874,860,400747416,1
2026-05-01T13:26:53.092,A1,1,1814,-59.8,-75.8,-16.0,175.89,104,15087,18293,16707,19352,978,463723178,1
2026-05-01T13:26:53.213,A1,1,1815,-59.1,-77.1,-18.0,139.09,120,12741,16691,14628,17348,904,455403507,1
2026-05-01T13:26:53.333,A1,1,1816,-58.6,-77.0,-18.4,179.54,92,13508,16518,14211,17845,902,419380152,1
2026-05-01T13:26:53.451,A1,1,1817,-59.2,-76.2,-17.0,125.26,140,13945,17536,16309,18991,949,441384441,1
2026-05-01T13:26:53.572,A1,1,1818,-58.8,-77.3,-18.6,182.49,96,16192,17519,11509,19281,943,459078643,1
2026-05-01T13:26:53.662,A1,1,1819,-58.2,-75.6,-17.4,108.47,144,17061,15619,13290,18060,895,415737864,1
2026-05-01T13:26:53.782,A1,1,1820,-58.0,-74.9,-16.9,130.01,132,18193,17161,17211,22571,994,444047718,1
2026-05-01T13:26:53.871,A1,1,1821,-58.0,-73.4,-15.4,112.24,148,16907,16612,15705,17909,885,591612329,1
2026-05-01T13:26:53.991,A1,1,1822,-59.1,-74.9,-15.8,187.58,88,16783,16507,13583,16763,890,407706323,1
2026-05-01T13:26:54.113,A1,1,1823,-58.9,-75.2,-16.3,175.26,96,15980,16825,13959,17241,895,427220364,1
2026-05-01T13:26:54.233,A1,1,1824,-59.3,-78.3,-19.0,104.09,148,17265,15405,10438,18246,935,478511951,1
2026-05-01T13:26:54.323,A1,1,1825,-59.0,-75.5,-16.5,150.15,116,17101,17417,16876,21041,992,422894764,1
2026-05-01T13:26:54.502,A1,1,1826,-59.7,-75.6,-15.9,107.1,168,15534,17992,16743,19376,976,412817170,1
2026-05-01T13:26:54.533,A1,1,1827,-59.6,-78.0,-18.4,151.36,112,16405,16952,10819,18299,945,417711335,1
2026-05-01T13:26:54.652,A1,1,1828,-59.5,-77.6,-18.2,83.67,192,17753,16065,13384,20143,987,441859426,1
2026-05-01T13:26:54.830,A1,1,1829,-60.0,-77.4,-17.4,106.64,148,17094,15783,13768,18566,964,761892143,1
2026-05-01T13:26:54.913,A1,1,1830,-59.9,-75.5,-15.6,134.24,124,14511,16646,15153,16055,896,413118441,1
2026-05-01T13:26:55.114,A1,1,1831,-60.1,-79.3,-19.2,146.81,124,17891,18204,10607,22008,1055,402297186,1
2026-05-01T13:26:55.133,A1,1,1832,-58.4,-76.7,-18.3,162.5,116,18245,18850,15234,24930,1057,455716999,1
2026-05-01T13:26:55.243,A1,1,1833,-58.7,-76.8,-18.1,129.05,128,17444,16519,15627,21905,1003,401773092,1
2026-05-01T13:26:55.283,A1,1,1834,-58.2,-75.7,-17.5,154.05,100,16933,15405,14632,18835,915,419070697,1
2026-05-01T13:26:55.404,A1,1,1835,-58.0,-75.3,-17.3,130.31,132,15946,17201,14391,19021,913,419576679,1
2026-05-01T13:26:55.493,A1,1,1836,-58.4,-76.2,-17.8,111.13,156,17955,17337,14307,21667,985,399314892,1
2026-05-01T13:26:55.613,A1,1,1837,-59.3,-75.8,-16.5,125.35,136,14389,17047,15342,17541,915,452584635,1
2026-05-01T13:26:55.795,A1,1,1838,-58.6,-79.0,-20.5,100.16,148,17672,14823,8908,19187,934,455321661,1
2026-05-01T13:26:55.888,A1,1,1839,-59.6,-77.7,-18.2,159.75,108,13810,17253,13309,17789,931,460470501,1
2026-05-01T13:26:55.913,A1,1,1840,-59.0,-78.1,-19.1,97.8,168,14646,16430,11445,17526,906,416347617,1
2026-05-01T13:26:56.093,A1,1,1841,-59.8,-84.3,-24.5,137.82,132,12293,18192,11446,25452,1122,437621447,1
2026-05-01T13:26:56.182,A1,1,1842,-59.8,-87.1,-27.3,45.78,184,10567,8424,11327,15669,881,564327649792,1
2026-05-01T13:26:56.406,A1,1,1843,-60.2,-79.3,-19.1,85.27,140,17309,11938,14847,18974,982,2125663457,1
2026-05-01T13:26:56.406,A1,1,1844,-60.0,-80.6,-20.6,83.9,124,15543,10404,12412,16001,895,1672709300,1
2026-05-01T13:26:56.454,A1,1,1845,-60.0,-81.8,-21.8,78.69,116,13003,9128,14595,16034,896,462991021,1
2026-05-01T13:26:56.541,A1,1,1846,-60.3,-84.4,-24.1,113.18,148,11327,16750,10187,20735,1029,437802372,1
2026-05-01T13:26:56.666,A1,1,1847,-59.5,-80.9,-21.4,112.93,140,9155,15810,17393,21286,1016,457276131,1
2026-05-01T13:26:56.893,A1,1,1848,-59.3,-78.1,-18.8,123.96,132,17092,16363,14323,21391,1010,470640742,1
2026-05-01T13:26:56.894,A1,1,1849,-59.0,-76.9,-17.9,137.54,120,15744,16505,16569,20813,988,396692785,1
2026-05-01T13:26:56.962,A1,1,1850,-58.8,-80.3,-21.5,123.45,152,16022,18764,14092,27179,1121,438822855,1
2026-05-01T13:26:57.111,A1,1,1851,-58.8,-80.3,-21.5,133.98,128,11233,17150,15552,22346,1016,411102104,1
2026-05-01T13:26:57.203,A1,1,1852,-60.0,-85.7,-25.7,115.77,132,8184,15281,10618,18599,965,483296889,1
2026-05-01T13:26:57.411,A1,1,1853,-58.6,-77.8,-19.2,134.13,124,13713,16632,15802,20567,968,7000552556,1
2026-05-01T13:26:57.534,A1,1,1854,-59.3,-78.8,-19.5,108.89,152,13568,16552,13846,19078,955,411154604,1
2026-05-01T13:26:57.653,A1,1,1855,-59.0,-78.3,-19.3,102.99,156,14308,16066,17256,22038,1015,528068045,1
2026-05-01T13:26:57.771,A1,1,1856,-59.5,-79.9,-20.5,132.61,128,14474,16974,11449,19705,977,458123021,1
2026-05-01T13:26:57.893,A1,1,1857,-59.5,-78.9,-19.4,111.43,164,14864,18274,14355,22140,1035,495593470,1
2026-05-01T13:26:58.020,A1,1,1858,-58.8,-77.2,-18.4,134.1,124,16472,16629,11414,18411,922,754161088,1
2026-05-01T13:26:58.103,A1,1,1859,-59.6,-75.3,-15.7,111.65,164,16834,18311,15453,19337,973,656767592,1
2026-05-01T13:26:58.268,A1,1,1860,-58.2,-76.0,-17.8,111.06,152,15991,16881,13640,18963,916,720298672,1
2026-05-01T13:26:58.344,A1,1,1861,-59.0,-78.0,-18.9,108.41,152,12177,16478,16934,19906,967,391544677,1
2026-05-01T13:26:58.403,A1,1,1862,-58.6,-78.4,-19.9,87.88,188,16857,16522,15110,23680,1037,405388299,1
2026-05-01T13:26:58.522,A1,1,1863,-59.3,-76.8,-17.5,114.87,148,14941,17001,13551,17791,923,425442999,1
2026-05-01T13:26:58.672,A1,1,1864,-58.4,-76.4,-18.0,113.08,160,14116,18093,16057,20748,964,434155910,1
2026-05-01T13:26:58.762,A1,1,1865,-59.5,-76.6,-17.1,115.9,144,15839,16689,12200,16864,903,497400574,1
2026-05-01T13:26:58.883,A1,1,1866,-59.3,-76.6,-17.3,118.63,144,14038,17083,14060,17280,910,400606341,1
2026-05-01T13:26:58.973,A1,1,1867,-59.2,-75.3,-16.1,120.83,144,13907,17399,16480,17787,919,490736707,1
2026-05-01T13:26:59.095,A1,1,1868,-59.2,-78.4,-19.2,98.73,172,16384,16982,16580,23842,1064,491350230,1
2026-05-01T13:26:59.212,A1,1,1869,-59.1,-78.1,-19.0,110.37,148,10988,16335,15918,18188,927,510262661,1
2026-05-01T13:26:59.332,A1,1,1870,-59.2,-77.7,-18.4,104.01,152,17152,15809,13426,19755,970,385463548,1
2026-05-01T13:26:59.453,A1,1,1871,-58.9,-78.1,-19.2,89.11,192,17915,17109,12696,22250,1016,418609007,1
2026-05-01T13:26:59.584,A1,1,1872,-59.7,-77.2,-17.5,118.5,152,17001,18012,12756,19862,988,727423635,1
2026-05-01T13:26:59.661,A1,1,1873,-58.6,-77.6,-19.0,147.48,124,17351,18287,12824,22653,1017,468996730,1
2026-05-01T13:26:59.843,A1,1,1874,-59.2,-77.6,-18.4,140.63,108,17639,15188,11493,18313,934,618802553,1
2026-05-01T13:26:59.871,A1,1,1875,-59.4,-77.1,-17.7,110.09,156,16819,17174,11708,18502,945,390031664,1
2026-05-01T13:26:59.993,A1,1,1876,-58.8,-76.3,-17.5,105.76,168,15138,17767,16486,20910,983,456877652,1
2026-05-01T13:27:00.113,A1,1,1877,-58.9,-78.8,-19.9,138.62,112,17017,15525,9237,18534,928,473169507,1
2026-05-01T13:27:00.231,A1,1,1878,-59.3,-77.2,-17.9,103.79,160,12351,16606,15831,17882,925,474981269,1
2026-05-01T13:27:00.421,A1,1,1879,-58.7,-79.5,-20.8,126.45,120,17380,15174,8655,19553,947,420336272,1
2026-05-01T13:27:00.442,A1,1,1880,-58.8,-76.4,-17.6,111.62,156,17364,17413,12054,19347,944,461954473,1
2026-05-01T13:27:00.680,A1,1,1881,-58.4,-76.3,-17.9,141.37,128,17996,18095,16892,24641,1052,766366333,1
2026-05-01T13:27:00.681,A1,1,1882,-58.9,-76.3,-17.4,159.33,112,14472,17845,15587,19595,955,747598991,1
2026-05-01T13:27:00.808,A1,1,1883,-58.9,-76.7,-17.8,146.15,120,17154,17538,12222,19618,954,703707666,1
2026-05-01T13:27:00.891,A1,1,1884,-59.2,-77.4,-18.1,158.35,104,16574,16468,10009,17267,907,459050274,1
2026-05-01T13:27:01.053,A1,1,1885,-58.7,-76.7,-18.0,82.5,204,17975,16829,15317,22185,1009,763362506,1
2026-05-01T13:27:01.133,A1,1,1886,-59.5,-75.8,-16.2,159.95,104,13890,16635,15533,16652,900,426582500,1
2026-05-01T13:27:01.251,A1,1,1887,-59.5,-77.2,-17.8,169.01,104,15109,17577,13344,18625,949,438901300,1
2026-05-01T13:27:01.371,A1,1,1888,-59.2,-75.9,-16.7,106.43,156,16159,16603,12931,16985,898,411292197,1
2026-05-01T13:27:01.493,A1,1,1889,-59.0,-79.5,-20.5,135.97,108,17508,14685,8419,18601,934,407265281,1
2026-05-01T13:27:01.611,A1,1,1890,-59.5,-76.1,-16.5,154.08,108,13634,16641,15791,16987,909,457351590,1
2026-05-01T13:27:01.732,A1,1,1891,-59.2,-79.0,-19.8,159.5,112,15961,17864,10645,20639,989,472937307,1
2026-05-01T13:27:01.851,A1,1,1892,-59.0,-78.5,-19.6,151.51,112,18510,16969,10629,21930,1012,432939809,1
2026-05-01T13:27:01.942,A1,1,1893,-59.8,-75.8,-15.9,157.28,104,14551,16357,15109,16203,897,399913496,1
2026-05-01T13:27:02.111,A1,1,1894,-59.3,-76.5,-17.2,95.74,172,16180,16468,17735,21238,1008,414208529,1
2026-05-01T13:27:02.187,A1,1,1895,-59.4,-76.9,-17.5,152.05,112,15918,17030,12784,18049,931,403770881,1
2026-05-01T13:27:02.242,A1,1,1896,-59.7,-77.0,-17.3,101.26,164,10905,16607,16403,16738,908,461603501,1
2026-05-01T13:27:02.447,A1,1,1897,-59.3,-76.5,-17.3,96.34,176,17252,16955,16733,21735,1018,720221756,1
2026-05-01T13:27:02.451,A1,1,1898,-58.9,-76.0,-17.1,140.22,124,17706,17387,17468,22930,1032,761497290,1
2026-05-01T13:27:02.542,A1,1,1899,-59.1,-77.1,-17.9,110.0,156,17517,17160,10715,18836,944,460394088,1
2026-05-01T13:27:02.796,A1,1,1900,-59.3,-78.3,-19.0,94.9,164,17120,15564,9288,17627,919,397401154,1
2026-05-01T13:27:02.808,A1,1,1901,-59.3,-77.4,-18.1,162.15,112,16382,18161,13017,20497,990,470972213,1
2026-05-01T13:27:03.057,A1,1,1902,-59.4,-78.8,-19.4,94.32,160,17951,15092,10599,19236,963,424561619,1
2026-05-01T13:27:03.057,A1,1,1903,-59.8,-76.2,-16.4,106.61,160,15096,17058,13825,16874,913,440788884,1
2026-05-01T13:27:03.083,A1,1,1904,-59.1,-77.0,-17.9,156.12,108,17221,16861,11169,18528,934,443861350,1
2026-05-01T13:27:11.241,A1,1,1905,-59.2,-76.7,-17.5,152.46,112,16770,17075,11643,18098,926,432539343,1
2026-05-01T13:27:19.403,A1,1,1906,-59.5,-74.8,-15.2,126.98,128,17581,16253,15362,17679,927,604044876,1
2026-05-01T13:27:19.521,A1,1,1907,-59.2,-83.1,-23.9,107.99,152,10475,16415,15365,24408,1078,388618121,1
2026-05-01T13:27:19.642,A1,1,1908,-58.8,-75.4,-16.7,138.21,116,16337,16032,11152,15625,849,426268048,1
2026-05-01T13:27:19.761,A1,1,1909,-59.0,-74.9,-16.0,127.17,140,18739,17804,16474,21588,1005,480995028,1
2026-05-01T13:27:19.883,A1,1,1910,-58.7,-77.0,-18.3,148.12,112,16254,16590,10825,17696,901,398501123,1
2026-05-01T13:27:19.973,A1,1,1911,-59.7,-80.9,-21.2,84.82,188,17700,15947,9147,21538,1028,440656888,1
2026-05-01T13:27:20.091,A1,1,1912,-59.9,-78.7,-18.7,101.55,164,16550,16655,10324,18279,956,737822390,1
2026-05-01T13:27:20.212,A1,1,1913,-58.5,-75.0,-16.5,124.71,136,16093,16960,14745,18183,908,428697507,1
2026-05-01T13:27:20.331,A1,1,1914,-59.9,-74.9,-15.0,170.73,108,17687,18439,16593,20018,998,470249328,1
2026-05-01T13:27:20.453,A1,1,1915,-59.2,-77.1,-17.9,106.62,176,16547,18766,17365,24352,1077,737366250,1
2026-05-01T13:27:20.571,A1,1,1916,-59.4,-79.1,-19.8,165.67,100,17034,16567,9348,19508,968,389288304,1
2026-05-01T13:27:20.691,A1,1,1917,-59.5,-77.0,-17.5,124.04,132,15400,16373,12603,16969,906,491962466,1
2026-05-01T13:27:20.854,A1,1,1918,-59.5,-77.7,-18.2,143.48,124,16758,17792,11135,19345,967,494592207,1
2026-05-01T13:27:20.933,A1,1,1919,-59.3,-76.9,-17.6,132.93,120,17927,15952,12144,18598,943,456614978,1
2026-05-01T13:27:21.053,A1,1,1920,-59.8,-76.9,-17.1,99.53,180,16128,17916,13196,18808,965,425894815,1
2026-05-01T13:27:21.192,A1,1,1921,-59.1,-74.1,-15.0,150.93,112,16678,16904,14719,16755,889,416972067,1
2026-05-01T13:27:21.263,A1,1,1922,-59.7,-76.5,-16.8,82.61,200,16581,16521,11806,16715,907,461929572,1
2026-05-01T13:27:21.381,A1,1,1923,-59.7,-77.3,-17.6,132.08,124,17255,16378,10171,17194,919,423629968,1
2026-05-01T13:27:21.503,A1,1,1924,-59.7,-76.0,-16.3,95.49,180,13449,17189,15396,16729,907,441839300,1
2026-05-01T13:27:21.653,A1,1,1925,-59.5,-75.3,-15.9,103.01,160,15003,16481,14655,16236,886,534273586,1
2026-05-01T13:27:21.741,A1,1,1926,-59.3,-77.6,-18.3,89.59,184,18077,16485,12298,20233,985,478849670,1
