timestamp,device,anchor_id,seq,distance_m,rx_power,fp_power,fp_rx_ratio,quality,round_trip,reply_delay,std_noise,fp_ampl1,fp_ampl2,fp_ampl3,cir_power,rxpacc,flags,anchor_count,nlos_suspect
2026-05-01T13:37:05.531,T1,1,5269,4.184,-60.3,-77.2,-16.9,141.51,740472119,740470335,112,17557,15849,14354,18792,982,3,1,True
2026-05-01T13:37:05.620,T1,1,5270,3.274,-59.6,-75.3,-15.7,152.09,495511514,495510117,116,15676,17643,16610,18786,959,3,1,True
2026-05-01T13:37:05.710,T1,1,5271,3.208,-60.0,-75.8,-15.9,185.59,449155387,449154019,96,17164,17817,13197,17943,948,3,1,True
2026-05-01T13:37:06.100,T1,1,5274,4.156,-66.2,-81.3,-15.1,191.68,463573430,463571658,40,7325,7667,6237,3276,503,3,1,True
2026-05-01T13:37:06.161,T1,1,5275,3.358,-59.5,-75.8,-16.2,160.22,392062104,392060671,108,15280,17304,14954,17722,928,3,1,True
2026-05-01T13:37:06.250,T1,1,5276,3.419,-58.2,-78.1,-19.8,151.17,511851766,511850307,108,18363,16326,11281,21920,987,3,1,True
2026-05-01T13:37:06.370,T1,1,5277,3.128,-59.5,-75.6,-16.1,202.5,390472533,390471199,84,15779,17010,17112,19311,966,3,1,True
2026-05-01T13:37:06.820,T1,1,5281,4.193,-60.1,-76.3,-16.2,139.9,529278125,529276337,124,16647,17348,14531,18488,966,3,1,True
2026-05-01T13:37:06.912,T1,1,5282,3.189,-60.0,-79.1,-19.1,168.82,432351311,432349950,104,15732,17557,10036,18758,969,3,1,True
2026-05-01T13:37:07.032,T1,1,5283,3.316,-59.6,-75.7,-16.0,177.14,452895933,452894519,100,17168,17714,13159,18064,940,3,1,True
2026-05-01T13:37:07.122,T1,1,5284,4.779,-59.7,-76.3,-16.6,128.96,710999861,710997823,124,17316,15991,16690,19992,992,3,1,True
2026-05-01T13:37:07.242,T1,1,5285,4.845,-59.8,-75.6,-15.8,161.37,712004963,712002896,108,16049,17428,14434,17490,929,3,1,True
2026-05-01T13:37:07.451,T1,1,5287,3.119,-57.9,-75.2,-17.2,215.27,409555108,409553777,80,15153,17222,15608,19321,917,3,1,True
2026-05-01T13:37:07.543,T1,1,5288,5.0,-59.7,-75.9,-16.2,171.78,713506014,713503882,100,16594,17178,12966,17203,921,3,1,True
2026-05-01T13:37:07.630,T1,1,5289,3.26,-59.7,-77.9,-18.3,137.43,447027137,447025747,132,18778,18141,12199,22358,1047,3,1,True
2026-05-01T13:37:07.780,T1,1,5290,3.321,-59.3,-75.4,-16.1,190.13,455207267,455205851,92,16721,17492,17129,20352,986,3,1,True
2026-05-01T13:37:08.202,T1,1,5294,3.841,-59.9,-75.7,-15.8,154.57,449459470,449457831,108,15300,16694,14475,16423,904,3,1,True
2026-05-01T13:37:08.410,T1,1,5296,3.288,-59.4,-75.3,-15.8,179.14,443673000,443671598,92,14655,16481,15289,16403,890,3,1,True
2026-05-01T13:37:08.531,T1,1,5297,3.283,-57.9,-75.6,-17.7,207.37,463478685,463477284,76,17761,15760,15673,20994,954,3,1,True
2026-05-01T13:37:08.743,T1,1,5299,3.157,-59.8,-78.3,-18.5,130.17,418393350,418392004,116,17568,15100,11485,18294,952,3,1,True
2026-05-01T13:37:08.830,T1,1,5300,4.958,-59.3,-75.3,-16.0,184.55,711812969,711810855,92,14595,16979,15146,16887,898,3,1,True
2026-05-01T13:37:09.070,T1,1,5302,4.16,-59.8,-75.8,-16.0,190.3,740903291,740901517,92,16659,17508,17287,20286,1002,3,1,True
2026-05-01T13:37:09.280,T1,1,5304,4.967,-59.4,-75.3,-15.9,199.09,753764460,753762341,88,16326,17520,14206,17719,925,3,1,True
2026-05-01T13:37:09.400,T1,1,5305,3.283,-59.7,-79.1,-19.3,143.28,438208598,438207198,124,16044,17767,10128,19603,983,3,1,True
2026-05-01T13:37:09.580,T1,1,5307,3.25,-60.1,-76.8,-16.7,181.08,421408924,421407537,96,16995,17384,12103,17836,948,3,1,True
2026-05-01T13:37:09.941,T1,1,5310,3.213,-59.2,-75.8,-16.6,178.58,419500764,419499393,96,12501,17144,16435,17297,906,3,1,True
2026-05-01T13:37:10.031,T1,1,5311,4.315,-59.4,-76.0,-16.6,199.85,752320370,752318529,88,16410,17587,16078,20157,985,3,1,True
2026-05-01T13:37:10.361,T1,1,5314,4.329,-63.0,-80.6,-17.6,173.56,477051487,477049641,64,10702,11108,8062,7800,694,3,1,True
2026-05-01T13:37:10.600,T1,1,5316,4.451,-66.0,-81.9,-16.0,147.32,474124257,474122358,44,5995,6482,6593,2790,460,3,1,True
2026-05-01T13:37:10.690,T1,1,5317,3.377,-59.5,-76.5,-17.1,218.84,438131745,438130304,76,16728,16632,11227,16953,905,3,1,True
2026-05-01T13:37:10.932,T1,1,5319,3.264,-59.8,-78.6,-18.8,145.82,437245915,437244523,120,15901,17498,10430,18646,960,3,1,True
2026-05-01T13:37:11.020,T1,1,5320,4.62,-59.1,-76.3,-17.2,211.16,713796200,713794230,80,17023,16893,11401,17633,911,3,1,True
2026-05-01T13:37:11.501,T1,1,5324,4.09,-63.3,-81.0,-17.7,190.97,440950146,440948401,68,13482,12986,8263,10857,828,3,1,True
2026-05-01T13:37:12.249,T1,1,5330,3.161,-60.2,-75.7,-15.5,163.56,419013035,419011687,100,14767,16356,14900,15780,896,3,1,True
2026-05-01T13:37:12.281,T1,1,5331,4.31,-60.3,-76.6,-16.4,192.5,758030471,758028633,84,16519,16170,12647,16415,916,3,1,True
2026-05-01T13:37:12.550,T1,1,5333,4.264,-60.7,-76.9,-16.3,184.64,736849258,736847439,96,14825,17725,14417,17390,956,3,1,True
2026-05-01T13:37:12.610,T1,1,5334,3.143,-60.1,-80.0,-19.8,132.4,391346408,391345067,120,18287,15888,8828,19977,1006,3,1,True
2026-05-01T13:37:12.850,T1,1,5336,4.639,-59.9,-78.4,-18.5,168.27,722782549,722780570,96,18115,16154,10230,18980,973,3,1,True
2026-05-01T13:37:12.942,T1,1,5337,3.476,-59.0,-77.2,-18.2,206.32,495137691,495136209,84,18087,17331,12411,21004,991,3,1,True
2026-05-01T13:37:13.511,T1,1,5342,4.137,-59.4,-79.9,-20.5,140.56,730454744,730452980,104,17711,14618,7943,18538,945,3,1,True
2026-05-01T13:37:14.622,T1,1,5351,3.429,-59.9,-75.5,-15.5,179.85,491070879,491069416,92,16294,16546,17353,18757,968,3,1,True
2026-05-01T13:37:14.681,T1,1,5352,3.232,-59.6,-75.6,-16.0,186.95,435150967,435149589,96,15277,17947,15881,18556,952,3,1,True
2026-05-01T13:37:14.800,T1,1,5353,3.447,-59.8,-75.6,-15.8,187.11,461498912,461497442,96,16776,17963,15647,19312,978,3,1,True
2026-05-01T13:37:14.890,T1,1,5354,3.354,-59.8,-76.5,-16.7,170.76,450018851,450017420,100,16985,17076,11190,17014,918,3,1,True
2026-05-01T13:37:14.981,T1,1,5355,4.24,-59.6,-75.4,-15.8,195.01,758817025,758815217,88,16036,17161,14367,17240,918,3,1,True
2026-05-01T13:37:15.504,T1,1,5359,3.522,-59.7,-75.4,-15.7,182.38,507628551,507627049,100,17522,18238,17053,21005,1016,3,1,True
2026-05-01T13:37:15.551,T1,1,5360,3.124,-59.4,-77.7,-18.3,206.36,397386605,397385273,80,16834,16509,9501,17511,917,3,1,True
2026-05-01T13:37:15.640,T1,1,5361,4.034,-60.4,-76.2,-15.8,200.82,454071019,454069298,88,16437,17672,15870,19005,990,3,1,True
2026-05-01T13:37:15.850,T1,1,5363,3.255,-59.4,-75.7,-16.2,181.28,422897849,422896461,92,14805,16678,14349,16479,891,3,1,True
2026-05-01T13:37:15.971,T1,1,5364,3.987,-70.9,-87.5,-16.5,164.04,406502769,406501068,24,4106,3937,2392,911,312,3,1,True
2026-05-01T13:37:16.180,T1,1,5366,4.113,-60.1,-76.3,-16.2,162.46,731421102,731419348,112,16555,18195,17105,20931,1030,3,1,True
2026-05-01T13:37:16.751,T1,1,5371,3.771,-59.7,-76.1,-16.4,159.66,433891069,433889461,108,14192,17243,14992,17117,917,3,1,True
2026-05-01T13:37:16.870,T1,1,5372,4.174,-60.2,-75.7,-15.5,172.28,474632040,474630260,104,14501,17917,16560,17964,956,3,1,True
2026-05-01T13:37:17.682,T1,1,5379,4.878,-59.8,-76.1,-16.3,151.15,726300971,726298890,120,16836,18138,15764,20269,1002,3,1,True
2026-05-01T13:37:17.829,T1,1,5380,4.639,-59.8,-76.3,-16.5,158.91,710169342,710167363,112,17244,17798,12920,18632,960,3,1,True
2026-05-01T13:37:17.920,T1,1,5381,3.518,-59.8,-76.3,-16.5,171.75,493415024,493413523,100,17041,17175,11601,17179,923,3,1,True
2026-05-01T13:37:17.980,T1,1,5382,3.199,-57.8,-76.9,-19.1,204.88,386316110,386314746,80,16741,16390,10426,18733,900,3,1,True
2026-05-01T13:37:18.099,T1,1,5383,3.921,-67.0,-83.9,-16.9,178.73,404186376,404184704,40,6594,7149,4417,2805,477,3,1,True
2026-05-01T13:37:18.430,T1,1,5386,3.935,-58.2,-75.2,-17.1,160.78,423015891,423014212,112,16140,18007,16720,21419,974,3,1,True
2026-05-01T13:37:19.272,T1,1,5393,4.151,-59.7,-77.0,-17.3,207.99,737872070,737870300,84,14774,17471,13144,17546,930,3,1,True
2026-05-01T13:37:19.360,T1,1,5394,3.255,-59.3,-75.6,-16.2,164.38,437863912,437862524,108,16465,17753,14259,18506,942,3,1,True
2026-05-01T13:37:21.314,T1,1,5398,4.02,-58.0,-75.0,-17.0,218.45,433795203,433793489,84,17965,18350,17222,23579,1014,3,1,True
2026-05-01T13:37:21.314,T1,1,5400,4.292,-63.9,-82.6,-18.7,146.12,461684111,461682281,48,6875,7014,5067,3381,472,3,1,True
2026-05-01T13:37:21.314,T1,1,5402,4.85,-60.0,-77.2,-17.2,184.52,756275763,756273694,88,16413,16238,10703,16212,903,3,1,True
2026-05-01T13:37:21.315,T1,1,5403,3.358,-59.9,-78.3,-18.4,206.14,462437080,462435648,88,16682,18140,11242,20000,997,3,1,True
2026-05-01T13:37:21.315,T1,1,5405,3.386,-59.7,-76.6,-16.9,188.23,477845692,477844247,92,14663,17317,13233,16889,912,3,1,True
2026-05-01T13:37:21.316,T1,1,5406,3.264,-59.5,-79.0,-19.5,165.97,436689494,436688102,96,18179,15933,10014,20047,987,3,1,True
2026-05-01T13:37:21.317,T1,1,5408,4.128,-59.7,-75.7,-16.0,198.14,723861530,723859770,88,13258,17436,16847,17637,931,3,1,True
2026-05-01T13:37:21.317,T1,1,5409,3.288,-59.5,-76.3,-16.8,157.96,435099439,435098037,104,17121,16428,16428,20214,990,3,1,True
2026-05-01T13:37:21.317,T1,1,5410,4.249,-59.8,-76.2,-16.4,166.35,767550630,767548818,100,16849,16635,16138,19455,980,3,1,True
2026-05-01T13:37:21.317,T1,1,5411,3.382,-59.5,-75.8,-16.3,140.84,454959343,454957901,124,15477,17464,16755,19434,970,3,1,True
2026-05-01T13:37:21.550,T1,1,5414,3.41,-60.0,-78.0,-18.0,141.77,473494934,473493479,112,16846,15878,10005,16877,919,3,1,True
2026-05-01T13:37:22.121,T1,1,5419,3.227,-59.0,-75.4,-16.4,148.47,430268392,430267015,116,15711,17222,17024,19745,962,3,1,True
2026-05-01T13:37:22.210,T1,1,5420,3.574,-58.9,-75.7,-16.8,185.33,404448314,404446790,92,16989,17050,17414,21511,1001,3,1,True
2026-05-01T13:37:22.841,T1,1,5425,5.0,-59.7,-75.9,-16.2,202.62,744382398,744380266,84,15234,17020,13976,16809,908,3,1,True
2026-05-01T13:37:22.872,T1,1,5426,3.902,-63.1,-79.7,-16.7,160.12,405952181,405950517,92,16330,14731,12808,15631,985,3,1,True
2026-05-01T13:37:23.590,T1,1,5432,3.987,-59.9,-76.4,-16.4,204.5,680222145,680220444,84,16768,17178,13026,17693,940,3,1,True
2026-05-01T13:37:23.679,T1,1,5433,3.325,-60.0,-79.9,-19.9,125.84,459797902,459796484,116,17905,14597,8148,18102,954,3,1,True
2026-05-01T13:37:23.801,T1,1,5434,3.283,-60.1,-75.5,-15.4,196.76,444584558,444583157,84,13223,16528,16009,15593,888,3,1,True
2026-05-01T13:37:23.890,T1,1,5435,3.757,-60.6,-76.1,-15.5,171.57,396999815,396998212,108,17592,18530,15778,20037,1025,3,1,True
2026-05-01T13:37:23.979,T1,1,5436,4.376,-59.4,-78.4,-19.1,160.19,711867477,711865610,112,17980,17941,10298,21376,1014,3,1,True
2026-05-01T13:37:24.460,T1,1,5440,4.128,-98.2,-97.0,1.3,54.5,439713085,439711325,8,406,436,412,3,105,1,1,False
2026-05-01T13:37:24.550,T1,1,5441,3.401,-59.5,-75.9,-16.5,213.65,459514462,459513011,80,16767,17092,12893,17635,923,3,1,True
2026-05-01T13:37:24.881,T1,1,5444,3.208,-70.2,-84.6,-14.4,212.34,421581651,421580283,32,5516,6795,7389,2708,525,3,1,True
2026-05-01T13:37:25.000,T1,1,5445,3.551,-61.7,-75.8,-14.1,171.08,496602998,496601483,104,16590,17792,17714,18327,1017,3,1,True
2026-05-01T13:37:25.090,T1,1,5446,3.1,-59.6,-76.1,-16.4,195.42,387108163,387106840,88,14357,17197,14331,16807,906,3,1,True
2026-05-01T13:37:25.239,T1,1,5447,4.278,-59.5,-75.5,-16.1,153.79,752343978,752342153,108,13907,16609,15967,16759,900,3,1,True
2026-05-01T13:37:25.422,T1,1,5449,3.396,-57.9,-74.9,-17.0,222.28,492821402,492819954,76,16781,16893,15704,20102,934,3,1,True
2026-05-01T13:37:25.510,T1,1,5450,4.545,-59.2,-75.1,-15.9,194.38,709280137,709278198,88,16460,17105,13468,17052,901,3,1,True
2026-05-01T13:37:25.630,T1,1,5451,3.508,-59.5,-76.3,-16.8,141.9,492434189,492432692,120,16681,17028,15912,19997,986,3,1,True
2026-05-01T13:37:25.840,T1,1,5453,4.414,-59.3,-76.5,-17.2,185.02,557997830,557995948,88,16622,16282,12987,17774,923,3,1,True
2026-05-01T13:37:25.929,T1,1,5454,3.321,-59.3,-78.2,-18.9,181.78,443678755,443677339,96,15957,17451,10418,18779,949,3,1,True
2026-05-01T13:37:26.051,T1,1,5455,3.405,-58.8,-75.7,-16.9,169.3,450493698,450492245,100,13805,16930,15173,17360,896,3,1,True
2026-05-01T13:37:26.140,T1,1,5456,3.354,-59.6,-77.7,-18.1,203.85,452835570,452834140,80,16592,16308,10834,17523,924,3,1,True
2026-05-01T13:37:26.260,T1,1,5457,3.368,-59.7,-75.4,-15.7,175.1,451499653,451498217,96,14541,16810,14850,16144,890,3,1,True
2026-05-01T13:37:26.350,T1,1,5458,3.227,-59.9,-76.1,-16.3,202.1,387496570,387495194,84,12185,16976,16381,16551,907,3,1,True
2026-05-01T13:37:26.471,T1,1,5459,4.437,-59.4,-75.5,-16.1,166.22,757608306,757606413,100,14488,16622,16767,17858,926,3,1,True
2026-05-01T13:37:26.562,T1,1,5460,4.217,-59.6,-77.2,-17.6,178.81,697438620,697436821,88,16807,15735,11202,16898,907,3,1,True
2026-05-01T13:37:26.770,T1,1,5462,3.316,-59.2,-76.4,-17.2,238.81,400613041,400611626,72,17126,17194,11535,18072,925,3,1,True
2026-05-01T13:37:26.860,T1,1,5463,3.452,-59.4,-75.9,-16.5,185.2,444368306,444366833,96,16577,17779,15613,19938,979,3,1,True
2026-05-01T13:37:26.982,T1,1,5464,4.052,-57.6,-76.0,-18.4,154.75,654073662,654071933,108,16618,16713,12015,19071,900,3,1,True
2026-05-01T13:37:27.190,T1,1,5466,4.057,-57.2,-75.6,-18.4,235.71,609627237,609625507,76,15188,17914,15662,21627,946,3,1,True
2026-05-01T13:37:27.400,T1,1,5468,3.269,-59.4,-75.9,-16.5,193.99,423275309,423273915,92,16472,17847,16906,20858,1002,3,1,True
2026-05-01T13:37:28.002,T1,1,5473,3.898,-59.8,-76.5,-16.7,193.57,631439950,631438287,88,15270,17034,13666,17187,921,3,1,True
2026-05-01T13:37:28.450,T1,1,5477,4.09,-65.7,-81.1,-15.4,175.43,410080044,410078299,40,6959,7017,7132,3284,495,3,1,True
2026-05-01T13:37:28.571,T1,1,5478,3.335,-59.4,-75.8,-16.4,191.21,428815636,428814214,96,17083,18356,15114,20286,987,3,1,True
2026-05-01T13:37:28.661,T1,1,5479,3.56,-59.3,-75.9,-16.6,184.27,492271811,492270293,96,15171,17690,14582,18128,931,3,1,True
2026-05-01T13:37:28.870,T1,1,5481,3.372,-59.4,-79.2,-19.7,141.23,464114216,464112777,128,17021,18078,10056,21414,1017,3,1,True
2026-05-01T13:37:28.990,T1,1,5482,3.691,-59.9,-76.2,-16.3,156.47,388745473,388743899,116,16588,18150,16026,20262,1005,3,1,True
2026-05-01T13:37:29.470,T1,1,5486,4.221,-59.6,-79.5,-19.9,119.27,735942553,735940753,124,17760,14790,8939,18523,950,3,1,True
2026-05-01T13:37:29.560,T1,1,5487,3.916,-64.6,-80.0,-15.4,188.08,386654018,386652348,52,8557,9780,8931,5504,616,3,1,True
2026-05-01T13:37:29.650,T1,1,5488,3.527,-59.4,-76.4,-17.0,162.19,494538263,494536758,108,14737,17517,13854,17694,923,3,1,True
2026-05-01T13:37:30.010,T1,1,5491,3.283,-59.5,-76.7,-17.2,141.92,423544234,423542833,132,16535,18734,18208,23917,1076,3,1,True
2026-05-01T13:37:30.100,T1,1,5492,3.438,-58.0,-76.3,-18.3,156.23,450914118,450912652,116,16461,18123,14274,21721,973,3,1,True
2026-05-01T13:37:30.191,T1,1,5493,3.232,-57.7,-77.6,-19.9,155.94,389826170,389824792,108,16980,16841,10292,20479,935,3,1,True
2026-05-01T13:37:30.430,T1,1,5495,4.01,-59.2,-75.8,-16.6,168.82,446516771,446515060,100,16238,16882,13057,17256,904,3,1,True
2026-05-01T13:37:30.880,T1,1,5499,3.246,-59.3,-75.5,-16.2,178.57,406500907,406499522,100,16454,17857,16981,20536,990,3,1,True
2026-05-01T13:37:31.210,T1,1,5502,3.264,-59.0,-75.8,-16.8,175.92,420479480,420478088,96,16771,16888,17510,21216,997,3,1,True
2026-05-01T13:37:31.450,T1,1,5504,4.132,-59.8,-76.5,-16.8,145.19,677535996,677534233,116,12006,16842,16473,16993,916,3,1,True
2026-05-01T13:37:32.140,T1,1,5510,3.204,-58.2,-75.1,-17.0,198.14,408194672,408193305,84,15206,16644,15741,18602,907,3,1,True
2026-05-01T13:37:32.350,T1,1,5512,4.02,-62.7,-80.8,-18.1,159.37,436064394,436062679,92,15631,14662,8890,14345,930,3,1,True
2026-05-01T13:37:32.470,T1,1,5513,3.349,-59.0,-77.8,-18.8,182.1,427639864,427638436,92,17522,16753,9271,18770,938,3,1,True
2026-05-01T13:37:32.681,T1,1,5515,4.109,-59.9,-75.7,-15.9,172.96,720938400,720936647,96,13779,16604,15607,16175,897,3,1,True
2026-05-01T13:37:33.281,T1,1,5520,3.194,-59.7,-79.0,-19.3,129.23,416634381,416633019,120,17988,15507,9828,19180,970,3,1,True
2026-05-01T13:37:33.371,T1,1,5521,3.264,-59.7,-77.7,-18.0,207.05,436017173,436015781,84,15492,17392,11261,17655,933,3,1,True
2026-05-01T13:37:34.060,T1,1,5527,4.109,-59.6,-76.1,-16.5,148.89,727711722,727709969,120,17058,17867,13747,19083,965,3,1,True
2026-05-01T13:37:34.150,T1,1,5528,3.194,-59.9,-77.1,-17.1,208.06,401945560,401944198,80,16556,16645,11237,16860,918,3,1,True
2026-05-01T13:37:34.272,T1,1,5529,4.301,-59.2,-76.8,-17.5,148.72,754716536,754714701,112,16237,16657,12309,17754,919,3,1,True
2026-05-01T13:37:34.362,T1,1,5530,4.461,-64.8,-80.2,-15.5,143.51,483462958,483461055,68,8367,9759,8373,5225,604,3,1,True
2026-05-01T13:37:34.480,T1,1,5531,4.371,-59.4,-76.1,-16.7,172.85,769401019,769399154,104,17129,17976,13828,19569,971,3,1,True
2026-05-01T13:37:34.570,T1,1,5532,4.146,-59.4,-76.6,-17.2,184.36,697666836,697665068,96,15355,17699,13475,18346,939,3,1,True
2026-05-01T13:37:34.660,T1,1,5533,4.165,-59.6,-76.4,-16.9,169.04,481476652,481474876,96,16800,16228,14217,18318,944,3,1,True
2026-05-01T13:37:34.990,T1,1,5536,4.048,-67.2,-83.9,-16.8,135.93,413534083,413532357,44,6494,5981,4245,2329,438,3,1,True
2026-05-01T13:37:35.230,T1,1,5538,3.987,-57.5,-76.9,-19.3,215.73,671692222,671690521,84,16082,18121,13461,22259,971,3,1,True
2026-05-01T13:37:43.449,T1,1,5613,4.128,-64.5,-80.6,-16.2,162.92,472300660,472298899,60,8440,9775,8465,5554,616,3,1,True
2026-05-01T13:37:43.811,T1,1,5616,4.081,-68.4,-83.5,-15.1,170.89,454154128,454152387,28,4322,4785,4084,1259,336,3,1,True
2026-05-01T13:37:44.050,T1,1,5618,3.274,-59.6,-75.6,-15.9,148.07,484813730,484812333,112,14743,16584,15211,16596,901,3,1,True
2026-05-01T13:37:44.229,T1,1,5620,3.823,-69.2,-84.5,-15.3,159.14,407522517,407520886,28,4343,4456,4359,1271,347,3,1,True
2026-05-01T13:37:44.320,T1,1,5621,3.138,-60.1,-76.2,-16.1,139.48,441062822,441061483,120,16976,16737,16400,19458,992,3,1,True
2026-05-01T13:37:44.560,T1,1,5623,4.203,-69.5,-88.2,-18.7,119.54,460964579,460962787,24,3233,2869,2142,669,254,3,1,True
2026-05-01T13:37:44.649,T1,1,5624,3.096,-59.1,-76.2,-17.0,183.99,387272255,387270934,100,17304,18399,14753,21188,1000,3,1,True
2026-05-01T13:37:44.740,T1,1,5625,3.147,-59.3,-77.2,-17.9,183.91,427074253,427072910,96,15282,17655,12376,18356,937,3,1,True
2026-05-01T13:37:44.861,T1,1,5626,3.316,-59.3,-75.5,-16.2,189.36,495773788,495772373,88,13846,16664,15603,16664,892,3,1,True
2026-05-01T13:37:44.951,T1,1,5627,3.274,-59.4,-76.1,-16.7,141.68,457405682,457404285,124,16846,17568,13203,18597,946,3,1,True
2026-05-01T13:37:45.039,T1,1,5628,3.893,-59.1,-76.1,-16.9,141.98,708760460,708758799,128,16353,18173,15240,20406,982,3,1,True
2026-05-01T13:37:45.280,T1,1,5630,3.166,-58.8,-75.8,-17.0,201.35,416630253,416628902,84,15144,16913,14748,18088,915,3,1,True
2026-05-01T13:37:45.491,T1,1,5632,3.185,-59.2,-76.0,-16.8,142.96,423316480,423315121,124,16680,17727,13624,18918,948,3,1,True
2026-05-01T13:37:45.609,T1,1,5633,3.138,-58.9,-75.6,-16.7,202.25,409679849,409678511,88,14914,17798,16414,19496,953,3,1,True
2026-05-01T13:37:45.700,T1,1,5634,3.227,-57.5,-77.7,-20.1,215.55,434094933,434093557,76,17565,16382,9648,20549,932,3,1,True
2026-05-01T13:37:45.821,T1,1,5635,3.94,-77.0,-88.4,-11.5,162.0,400723136,400721455,16,2364,2592,2269,315,226,3,1,True
2026-05-01T13:37:46.031,T1,1,5637,3.926,-59.2,-77.4,-18.2,161.8,676904268,676902594,104,16112,16827,10823,17722,918,3,1,True
2026-05-01T13:37:46.871,T1,1,5644,4.188,-69.4,-84.1,-14.6,159.46,453321956,453320170,28,4473,4465,3328,1070,321,3,1,True
2026-05-01T13:37:46.961,T1,1,5645,3.316,-59.4,-75.6,-16.2,194.81,449670203,449668788,84,15832,16364,13683,16467,891,3,1,True
2026-05-01T13:37:47.319,T1,1,5648,3.832,-86.8,-91.2,-4.4,149.75,395046555,395044920,8,1127,1198,1034,65,144,1,1,False
2026-05-01T13:37:47.415,T1,1,5649,3.452,-59.0,-75.9,-16.9,220.78,467013053,467011580,76,15624,16779,14104,17826,913,3,1,True
2026-05-01T13:37:47.471,T1,1,5650,3.363,-60.3,-76.4,-16.1,170.98,448984139,448982704,92,17550,15730,14901,17990,960,3,1,True
2026-05-01T13:37:47.591,T1,1,5651,3.189,-57.4,-76.5,-19.1,161.38,406314000,406312639,104,16851,16784,11411,19864,912,3,1,True
2026-05-01T13:37:47.769,T1,1,5652,3.283,-59.6,-77.1,-17.5,180.43,444818715,444817315,96,15456,17321,12425,17739,930,3,1,True
2026-05-01T13:37:47.919,T1,1,5654,4.24,-74.6,-88.1,-13.4,129.0,459092409,459090601,20,2703,2580,2572,401,235,3,1,True
2026-05-01T13:37:48.249,T1,1,5657,3.053,-59.2,-75.8,-16.6,165.72,395163283,395161980,108,16078,17898,14650,19053,952,3,1,True
2026-05-01T13:37:48.341,T1,1,5658,3.297,-58.0,-78.7,-20.7,147.49,447461309,447459903,108,17759,15929,10271,21439,969,3,1,True
2026-05-01T13:37:48.460,T1,1,5659,3.279,-59.3,-76.0,-16.7,149.53,440358319,440356920,116,13815,17345,15981,18091,930,3,1,True
2026-05-01T13:37:48.940,T1,1,5663,4.081,-59.6,-76.4,-16.8,142.33,722145512,722143772,120,16812,17080,17442,21337,1021,3,1,True
2026-05-01T13:37:49.362,T1,1,5667,4.184,-66.4,-83.7,-17.2,164.93,453550624,453548839,28,4408,4618,3661,1358,326,3,1,True
2026-05-01T13:37:49.494,T1,1,5668,3.879,-59.3,-75.4,-16.1,145.98,650287580,650285926,120,16052,17517,14665,18111,930,3,1,True
2026-05-01T13:37:49.571,T1,1,5669,4.198,-59.1,-75.4,-16.3,169.09,749039164,749037373,104,16739,17585,13697,18236,927,3,1,True
2026-05-01T13:37:49.691,T1,1,5670,4.207,-58.7,-75.5,-16.8,190.97,747044711,747042916,92,15303,17569,16750,20026,958,3,1,True
2026-05-01T13:37:49.780,T1,1,5671,3.255,-58.6,-75.6,-17.1,156.43,430167588,430166200,112,13745,17520,16009,18649,921,3,1,True
2026-05-01T13:37:49.870,T1,1,5672,4.198,-58.7,-75.7,-17.0,158.98,748091355,748089564,112,14765,17806,16603,20053,959,3,1,True
2026-05-01T13:37:50.079,T1,1,5674,4.09,-59.7,-76.2,-16.5,145.09,727462174,727460429,116,13448,16830,15551,16894,911,3,1,True
2026-05-01T13:37:50.560,T1,1,5678,4.268,-67.0,-83.1,-16.0,145.73,457144815,457142995,40,5437,5829,4521,1940,398,3,1,True
2026-05-01T13:37:50.651,T1,1,5679,3.715,-59.8,-76.0,-16.3,143.55,402295176,402293592,120,15664,17226,16978,19496,981,3,1,True
2026-05-01T13:37:50.769,T1,1,5680,3.269,-59.2,-78.1,-19.0,146.17,448035409,448034015,104,17668,15202,11179,18884,946,3,1,True
2026-05-01T13:37:50.859,T1,1,5681,4.582,-59.2,-77.8,-18.6,147.94,712293156,712291202,116,15741,17161,11132,18336,933,3,1,True
2026-05-01T13:37:51.191,T1,1,5684,3.466,-59.0,-77.3,-18.3,188.67,444179934,444178456,88,17052,16603,9478,17758,912,3,1,True
2026-05-01T13:37:51.399,T1,1,5686,3.171,-56.7,-75.6,-18.9,236.18,398371642,398370289,72,16073,17005,13998,20942,914,3,1,True
2026-05-01T13:37:51.999,T1,1,5691,3.152,-59.7,-77.3,-17.6,201.31,395543748,395542404,80,16812,16105,11465,17342,924,3,1,True
2026-05-01T13:37:52.090,T1,1,5692,4.113,-93.1,-78.5,14.5,203.62,751361971,751360216,76,17343,15475,10863,816,952,1,1,False
2026-05-01T13:37:52.539,T1,1,5696,3.264,-58.1,-75.6,-17.5,231.96,470066103,470064710,80,18740,18557,16044,24364,1035,3,1,True
2026-05-01T13:37:52.691,T1,1,5697,3.307,-59.7,-75.9,-16.2,148.56,434788673,434787263,124,16348,18422,16288,20360,1002,3,1,True
2026-05-01T13:37:52.869,T1,1,5699,3.799,-59.8,-76.0,-16.2,146.35,487289517,487287897,116,17399,16977,17581,21051,1019,3,1,True
2026-05-01T13:37:53.079,T1,1,5701,3.086,-59.8,-76.9,-17.1,170.04,403158704,403157388,92,17169,15644,13790,18176,949,3,1,True
2026-05-01T13:37:53.199,T1,1,5702,3.232,-73.0,-78.1,-5.1,139.07,430316699,430315320,112,17295,15576,11621,7340,950,1,1,False
2026-05-01T13:37:53.289,T1,1,5703,3.325,-57.4,-78.4,-21.0,150.47,446025752,446024333,116,16931,17455,9859,22473,970,3,1,True
2026-05-01T13:37:53.499,T1,1,5705,3.874,-73.8,-87.4,-13.7,152.7,388739840,388738188,20,2710,3054,2627,462,245,3,1,True
2026-05-01T13:37:53.741,T1,1,5707,4.217,-65.1,-83.6,-18.4,229.0,456377166,456375368,24,5753,5496,3272,2018,380,3,1,True
2026-05-01T13:37:53.829,T1,1,5708,4.418,-59.5,-76.6,-17.0,203.23,649912335,649910451,84,15144,17071,12870,16960,908,3,1,True
2026-05-01T13:37:54.281,T1,1,5712,3.71,-88.6,-92.0,-3.4,78.83,389351004,389349421,12,1085,946,942,49,140,1,1,False
2026-05-01T13:37:54.639,T1,1,5715,3.485,-59.6,-79.7,-20.1,175.62,439016725,439015239,84,17846,14752,8347,18470,951,3,1,True
2026-05-01T13:37:54.729,T1,1,5716,3.344,-59.9,-76.5,-16.6,172.93,445540091,445538664,100,14067,17293,14422,16936,918,3,1,True
2026-05-01T13:37:54.849,T1,1,5717,4.217,-59.3,-75.7,-16.4,198.89,752069795,752067996,88,13628,17502,16386,18001,927,3,1,True
2026-05-01T13:37:54.941,T1,1,5718,4.217,-59.3,-77.3,-18.0,197.23,735175391,735173593,84,16927,16567,9342,17132,904,3,1,True
2026-05-01T13:37:55.390,T1,1,5722,3.171,-59.3,-76.2,-16.9,175.21,412574098,412572746,100,17352,17521,11650,18272,935,3,1,True
2026-05-01T13:37:55.481,T1,1,5723,3.438,-59.4,-75.2,-15.8,217.12,487938989,487937523,76,14408,16501,15697,16557,892,3,1,True
2026-05-01T13:37:55.599,T1,1,5724,4.92,-57.3,-75.7,-18.4,187.34,769285026,769282928,88,18151,16486,15692,23062,979,3,1,True
2026-05-01T13:37:56.170,T1,1,5729,4.803,-60.0,-75.8,-15.8,145.71,716147003,716144954,116,14726,16902,16947,17966,949,3,1,True
2026-05-01T13:37:56.259,T1,1,5730,4.554,-60.4,-76.0,-15.6,195.27,706297596,706295654,88,16487,17184,16275,18647,980,3,1,True
2026-05-01T13:37:56.382,T1,1,5731,4.221,-58.4,-75.2,-16.9,173.62,765227741,765225941,100,14589,17362,15414,18374,908,3,1,True
2026-05-01T13:37:56.442,T1,1,5732,3.419,-59.7,-76.2,-16.6,217.99,474098215,474096756,76,16265,16567,12419,16627,903,3,1,True
2026-05-01T13:37:56.799,T1,1,5735,4.798,-59.8,-77.4,-17.7,206.9,743346865,743344818,80,16809,16552,9162,16554,904,3,1,True
2026-05-01T13:37:56.919,T1,1,5736,4.301,-59.9,-76.1,-16.1,198.61,764813812,764811977,84,17393,16683,17208,20415,1009,3,1,True
2026-05-01T13:37:57.040,T1,1,5737,4.892,-59.9,-75.9,-16.0,172.39,768239415,768237328,100,16560,17239,14184,17790,942,3,1,True
2026-05-01T13:37:57.100,T1,1,5738,4.113,-59.3,-76.8,-17.5,182.66,695781327,695779573,92,15900,16805,11620,17139,904,3,1,True
2026-05-01T13:37:57.431,T1,1,5741,3.208,-59.3,-75.4,-16.1,173.82,410839990,410838621,104,15543,18077,16430,19489,964,3,1,True
2026-05-01T13:37:57.551,T1,1,5742,3.34,-59.1,-75.2,-16.1,156.99,443493567,443492143,108,15688,16955,14776,17504,908,3,1,True
2026-05-01T13:37:57.760,T1,1,5744,3.236,-59.2,-75.6,-16.4,150.03,426494365,426492984,112,15345,16803,16897,19010,950,3,1,True
2026-05-01T13:37:57.879,T1,1,5745,4.667,-58.7,-76.5,-17.8,180.08,772744762,772742772,96,16843,17288,17016,22783,1022,3,1,True
2026-05-01T13:37:58.061,T1,1,5747,3.316,-59.7,-77.7,-18.0,206.05,421693918,421692504,84,15722,17308,10977,17632,932,3,1,True
2026-05-01T13:37:58.540,T1,1,5751,3.405,-59.6,-75.3,-15.7,176.16,483315177,483313724,96,14152,16911,15324,16326,892,3,1,True
2026-05-01T13:37:58.654,T1,1,5752,3.677,-59.1,-76.5,-17.4,126.61,400410583,400409014,140,16652,17726,14620,20467,981,3,1,True
2026-05-01T13:37:58.749,T1,1,5753,4.259,-63.2,-79.8,-16.6,180.0,463723445,463721629,68,11433,12240,9027,8666,737,3,1,True
2026-05-01T13:37:58.961,T1,1,5755,3.293,-59.2,-76.1,-16.9,186.38,422921315,422919910,92,16296,17147,13314,18118,926,3,1,True
2026-05-01T13:37:59.051,T1,1,5756,3.386,-59.4,-75.6,-16.2,212.07,442930866,442929422,84,16828,17814,14680,19043,959,3,1,True
2026-05-01T13:37:59.169,T1,1,5757,3.49,-59.9,-76.9,-16.9,200.26,459310750,459309262,84,14486,16822,13508,16570,910,3,1,True
2026-05-01T13:37:59.379,T1,1,5759,3.457,-59.3,-75.3,-16.0,158.29,475294206,475292732,108,16426,17095,13930,17390,912,3,1,True
2026-05-01T13:37:59.710,T1,1,5762,4.174,-79.9,-76.6,3.2,176.32,611742115,611740334,92,16357,16221,16872,4972,992,1,1,False
2026-05-01T13:37:59.950,T1,1,5764,4.174,-60.3,-76.1,-15.7,205.87,724594304,724592524,84,14612,17293,14826,16574,922,3,1,True
2026-05-01T13:38:00.040,T1,1,5765,3.485,-60.2,-75.6,-15.4,159.47,486638319,486636832,104,14886,16585,15474,16300,911,3,1,True
2026-05-01T13:38:00.249,T1,1,5767,3.34,-60.3,-78.7,-18.4,183.96,424600282,424598858,100,17596,18396,11148,21051,1038,3,1,True
2026-05-01T13:38:00.701,T1,1,5771,3.189,-60.3,-77.7,-17.4,137.46,419296828,419295468,116,17924,15945,12517,18627,976,3,1,True
2026-05-01T13:38:00.848,T1,1,5772,3.386,-59.7,-77.7,-18.0,147.59,440880097,440878652,112,16867,16530,10042,17415,926,3,1,True
2026-05-01T13:38:00.910,T1,1,5773,4.174,-60.8,-78.2,-17.5,198.21,447915767,447913986,84,17027,16650,9413,16711,941,3,1,True
2026-05-01T13:38:01.030,T1,1,5774,4.292,-57.7,-74.6,-17.0,236.1,742336186,742334356,72,17045,16999,13838,19021,901,3,1,True
2026-05-01T13:38:01.120,T1,1,5775,3.189,-59.8,-75.5,-15.7,192.71,397850948,397849587,92,17113,17729,16829,20092,998,3,1,True
2026-05-01T13:38:01.211,T1,1,5776,4.343,-60.0,-75.2,-15.2,211.66,594874051,594872199,80,14404,16933,15978,16330,906,3,1,True
2026-05-01T13:38:01.779,T1,1,5781,4.981,-59.1,-78.0,-18.9,201.83,735940014,735937889,76,17509,15339,11739,19126,951,3,1,True
2026-05-01T13:38:01.899,T1,1,5782,3.396,-58.5,-75.8,-17.2,190.12,443299377,443297928,96,15666,18252,16169,21075,977,3,1,True
2026-05-01T13:38:01.989,T1,1,5783,4.662,-59.9,-76.3,-16.4,130.77,769529646,769527657,132,16901,17261,18194,21648,1040,3,1,True
2026-05-01T13:38:02.319,T1,1,5786,3.25,-58.2,-75.8,-17.7,211.94,403953109,403951722,80,17374,16955,11946,18940,915,3,1,True
2026-05-01T13:38:02.800,T1,1,5790,4.137,-59.8,-76.0,-16.2,149.91,732941498,732939733,120,17268,17989,13462,18713,962,3,1,True
2026-05-01T13:38:03.009,T1,1,5792,3.25,-59.5,-77.5,-18.1,184.68,416550470,416549083,88,17876,16252,12372,19580,973,3,1,True
2026-05-01T13:38:03.341,T1,1,5795,4.371,-70.3,-84.2,-13.9,137.07,466991703,466989838,40,3409,5483,5436,1419,381,3,1,True
2026-05-01T13:38:03.671,T1,1,5798,3.204,-59.7,-76.5,-16.8,153.32,403509969,403508602,112,16397,17172,12681,17643,931,3,1,True
2026-05-01T13:38:03.909,T1,1,5800,3.147,-57.6,-77.0,-19.4,212.77,395983544,395982201,88,18349,18724,13720,25553,1041,3,1,True
2026-05-01T13:38:03.999,T1,1,5801,3.368,-59.3,-75.8,-16.5,173.32,450905275,450903838,100,16101,17332,17121,20325,987,3,1,True
2026-05-01T13:38:04.268,T1,1,5803,3.461,-77.7,-76.0,1.8,211.1,486945414,486943938,80,17199,16888,11788,4864,911,1,1,False
2026-05-01T13:38:04.449,T1,1,5805,4.156,-87.4,-92.1,-4.7,141.38,452090929,452089157,8,1175,1131,693,64,146,1,1,False
2026-05-01T13:38:04.539,T1,1,5806,4.132,-59.8,-75.7,-15.9,202.43,446953483,446951721,80,16584,16194,17067,18957,970,3,1,True
2026-05-01T13:38:04.749,T1,1,5808,3.222,-59.2,-75.7,-16.4,137.27,406834745,406833371,120,17200,16473,17591,20785,995,3,1,True
2026-05-01T13:38:05.229,T1,1,5812,3.269,-58.3,-78.8,-20.6,132.57,434567054,434565659,112,17763,14848,9439,19727,937,3,1,True
2026-05-01T13:38:05.319,T1,1,5813,4.498,-59.5,-77.1,-17.6,222.26,639632398,639630479,72,16399,16003,11058,16623,899,3,1,True
2026-05-01T13:38:05.441,T1,1,5814,4.324,-57.1,-74.6,-17.5,167.61,750675575,750673730,100,15782,16761,15559,19734,901,3,1,True
2026-05-01T13:38:05.529,T1,1,5815,3.363,-59.3,-75.9,-16.6,146.51,429369222,429367788,112,16489,16409,15812,19027,954,3,1,True
2026-05-01T13:38:05.741,T1,1,5817,4.634,-58.7,-75.8,-17.1,184.6,579973943,579971966,92,16722,16983,17320,21613,994,3,1,True
2026-05-01T13:38:05.889,T1,1,5818,3.33,-58.2,-75.8,-17.6,137.26,443949507,443948086,116,17430,15922,15991,20906,964,3,1,True
2026-05-01T13:38:05.951,T1,1,5819,3.48,-60.4,-78.7,-18.3,202.07,449614281,449612797,76,17454,15357,10267,17486,950,3,1,True
2026-05-01T13:38:06.190,T1,1,5821,4.221,-59.2,-76.0,-16.7,198.12,729973102,729971302,84,16504,16642,17478,20721,993,3,1,True
2026-05-01T13:38:06.280,T1,1,5822,3.401,-61.8,-75.7,-13.9,146.84,437624343,437622893,116,17119,17034,17426,17629,1001,3,1,True
2026-05-01T13:38:06.371,T1,1,5823,5.141,-58.9,-79.0,-20.1,144.71,768112224,768110032,124,17072,17944,10021,21859,1009,3,1,True
2026-05-01T13:38:06.461,T1,1,5824,3.401,-58.5,-75.8,-17.3,201.36,443634939,443633488,84,16714,16914,14835,19799,948,3,1,True
2026-05-01T13:38:06.699,T1,1,5826,3.302,-59.5,-76.9,-17.5,198.9,398987899,398986491,84,16642,16708,11769,17695,925,3,1,True
2026-05-01T13:38:06.911,T1,1,5828,3.279,-60.0,-77.3,-17.2,215.62,400518974,400517576,76,16107,16387,11288,16432,909,3,1,True
2026-05-01T13:38:07.239,T1,1,5831,3.208,-59.5,-78.6,-19.1,200.15,401486602,401485233,84,18433,16813,9958,20642,999,3,1,True
2026-05-01T13:38:07.841,T1,1,5836,3.246,-59.9,-78.6,-18.7,199.86,407383400,407382016,88,15329,17588,10835,18391,956,3,1,True
2026-05-01T13:38:07.931,T1,1,5837,3.34,-59.8,-77.8,-18.0,134.82,444054029,444052604,120,17906,16178,11353,18873,966,3,1,True
2026-05-01T13:38:08.051,T1,1,5838,3.335,-59.5,-76.1,-16.5,172.04,428769105,428767682,104,17181,17892,13439,18997,961,3,1,True
2026-05-01T13:38:08.199,T1,1,5839,4.385,-59.4,-76.7,-17.4,209.97,573491416,573489546,76,16586,15958,12723,17493,917,3,1,True
2026-05-01T13:38:08.229,T1,1,5840,3.555,-59.2,-76.9,-17.7,222.51,485702067,485700550,76,17103,16911,10028,17629,914,3,1,True
2026-05-01T13:38:08.350,T1,1,5841,3.377,-58.9,-75.5,-16.6,186.06,446027944,446026503,96,17289,17862,15300,20462,976,3,1,True
2026-05-01T13:38:08.561,T1,1,5843,3.954,-59.1,-76.1,-17.0,136.87,507091678,507089991,124,16656,16972,17473,21542,1008,3,1,True
2026-05-01T13:38:08.710,T1,1,5844,4.339,-57.6,-75.7,-18.1,161.53,752403434,752401583,116,18586,18738,15769,25140,1035,3,1,True
2026-05-01T13:38:08.769,T1,1,5845,4.137,-59.7,-75.6,-15.9,180.71,445754579,445752815,96,16477,17348,13203,17117,918,3,1,True
2026-05-01T13:38:08.863,T1,1,5846,4.376,-59.6,-76.4,-16.8,145.44,751588820,751586953,124,16926,18034,16379,21452,1024,3,1,True
2026-05-01T13:38:08.950,T1,1,5847,3.574,-59.3,-76.0,-16.7,144.59,487459256,487457732,120,16583,17351,12788,17913,924,3,1,True
2026-05-01T13:38:09.071,T1,1,5848,3.438,-58.9,-76.1,-17.2,182.25,446187345,446185879,92,14897,16767,14476,17806,911,3,1,True
2026-05-01T13:38:09.279,T1,1,5850,4.254,-59.4,-77.8,-18.4,134.64,722533712,722531898,116,17796,15618,11758,19051,958,3,1,True
2026-05-01T13:38:09.639,T1,1,5853,3.34,-59.0,-75.2,-16.2,208.14,428633152,428631727,80,14815,16651,15263,17009,893,3,1,True
2026-05-01T13:38:09.849,T1,1,5855,4.573,-59.3,-75.5,-16.2,167.16,742725613,742723663,108,17215,18053,15284,20018,978,3,1,True
2026-05-01T13:38:18.638,T1,1,5935,3.096,-57.7,-75.3,-17.6,194.16,409901391,409900071,88,17473,17086,12707,19553,914,3,1,True
2026-05-01T13:38:18.879,T1,1,5937,3.241,-58.8,-76.4,-17.5,176.39,478048625,478047243,108,17887,19050,16519,24440,1064,3,1,True
2026-05-01T13:38:18.970,T1,1,5938,3.264,-59.6,-77.8,-18.3,200.79,456086152,456084760,84,16335,16866,10380,17776,930,3,1,True
2026-05-01T13:38:19.361,T1,1,5941,3.888,-59.9,-75.9,-16.0,209.29,717484108,717482449,80,14568,16743,15424,16846,917,3,1,True
2026-05-01T13:38:19.540,T1,1,5943,3.11,-59.8,-75.9,-16.1,185.11,421755943,421754616,92,16468,17030,14812,18063,946,3,1,True
2026-05-01T13:38:19.628,T1,1,5944,3.152,-59.7,-77.3,-17.6,190.42,440207941,440206597,88,17512,16757,9746,17567,929,3,1,True
2026-05-01T13:38:19.719,T1,1,5945,3.926,-59.4,-76.4,-17.0,138.78,460386458,460384783,128,13006,17764,17154,19249,962,3,1,True
2026-05-01T13:38:19.960,T1,1,5947,4.615,-60.0,-76.3,-16.3,139.01,645522037,645520068,128,17262,17793,13282,18611,966,3,1,True
2026-05-01T13:38:20.049,T1,1,5948,3.865,-69.6,-84.6,-15.0,135.12,397574661,397573012,32,3817,4324,4573,1167,337,3,1,True
2026-05-01T13:38:20.859,T1,1,5955,3.016,-59.8,-78.4,-18.6,131.17,399558991,399557705,120,16670,15740,8921,16690,910,3,1,True
2026-05-01T13:38:20.980,T1,1,5956,3.18,-59.8,-78.1,-18.3,200.12,438150973,438149617,88,15372,17611,11282,18251,950,3,1,True
2026-05-01T13:38:21.189,T1,1,5958,3.354,-60.3,-75.6,-15.3,188.35,487949098,487947667,92,14867,17328,16351,17301,941,3,1,True
2026-05-01T13:38:21.519,T1,1,5961,4.521,-59.8,-75.4,-15.6,181.91,720879955,720878026,92,15634,16736,17109,18379,953,3,1,True
2026-05-01T13:38:21.759,T1,1,5963,4.878,-59.9,-75.9,-16.0,148.97,742394460,742392379,120,17201,17876,14086,18788,967,3,1,True
2026-05-01T13:38:21.849,T1,1,5964,3.138,-60.3,-76.6,-16.3,169.59,438025141,438023802,92,17215,15602,15793,18545,974,3,1,True
2026-05-01T13:38:22.092,T1,1,5966,3.161,-59.1,-77.3,-18.2,212.58,398402222,398400874,76,16575,16156,9581,16806,891,3,1,True
2026-05-01T13:38:22.419,T1,1,5969,3.114,-59.9,-76.9,-17.0,184.99,405422998,405421669,88,16481,16279,12276,16919,919,3,1,True
2026-05-01T13:38:22.510,T1,1,5970,3.898,-58.9,-75.6,-16.7,160.66,508053150,508051488,108,17221,17351,17325,21736,1005,3,1,True
2026-05-01T13:38:22.629,T1,1,5971,4.601,-59.0,-77.4,-18.4,149.62,767003392,767001429,112,16178,16758,11441,18286,926,3,1,True
2026-05-01T13:38:22.720,T1,1,5972,3.401,-59.6,-76.1,-16.5,195.47,490329279,490327828,92,15887,17983,14944,19115,966,3,1,True
2026-05-01T13:38:23.049,T1,1,5975,4.001,-62.3,-79.1,-16.8,145.5,441644870,441643163,96,10665,13968,13476,11909,837,3,1,True
2026-05-01T13:38:23.620,T1,1,5980,4.198,-72.5,-86.1,-13.6,127.21,458876473,458874682,24,2992,3053,3249,562,259,3,1,True
2026-05-01T13:38:23.889,T1,1,5982,4.831,-58.2,-76.5,-18.3,176.93,736752355,736750294,88,17081,15570,12880,18958,915,3,1,True
2026-05-01T13:38:24.069,T1,1,5984,3.016,-60.3,-78.0,-17.7,176.61,411574780,411573494,104,17866,18367,11864,20710,1029,3,1,True
2026-05-01T13:38:24.189,T1,1,5985,4.625,-59.5,-76.5,-17.0,153.19,765585434,765583462,112,17360,17157,11396,17952,933,3,1,True
2026-05-01T13:38:24.309,T1,1,5986,3.194,-59.0,-76.5,-17.4,155.16,427789738,427788375,104,17092,16137,15420,20118,972,3,1,True
2026-05-01T13:38:24.369,T1,1,5987,4.057,-57.7,-75.6,-18.0,137.08,741847299,741845568,120,17498,16450,17456,23264,997,3,1,True
2026-05-01T13:38:24.489,T1,1,5988,4.958,-57.4,-76.2,-18.8,206.87,769157598,769155483,84,18446,17377,14392,23794,999,3,1,True
2026-05-01T13:38:24.617,T1,1,5989,3.888,-69.9,-84.7,-14.8,169.96,395691417,395689759,28,3930,4759,4151,1173,341,3,1,True
2026-05-01T13:38:24.670,T1,1,5990,3.396,-60.0,-76.5,-16.5,138.51,484350593,484349144,120,15936,16621,13220,16852,919,3,1,True
2026-05-01T13:38:25.029,T1,1,5993,3.11,-59.8,-76.8,-17.0,150.92,409491199,409489873,108,17184,16299,15922,20053,996,3,1,True
2026-05-01T13:38:25.269,T1,1,5995,3.279,-59.2,-75.9,-16.7,154.55,425871026,425869628,112,14403,17310,16524,18845,947,3,1,True
2026-05-01T13:38:25.330,T1,1,5996,3.996,-59.9,-76.3,-16.4,141.98,522602238,522600534,128,16215,18174,15370,19684,991,3,1,True
2026-05-01T13:38:25.449,T1,1,5997,3.279,-59.7,-76.4,-16.8,170.98,438043980,438042581,92,17005,15730,14391,18046,941,3,1,True
2026-05-01T13:38:26.259,T1,1,6004,4.681,-57.5,-77.5,-19.9,212.39,640305106,640303110,72,17200,15292,10205,19148,900,3,1,True
2026-05-01T13:38:26.379,T1,1,6005,3.447,-59.6,-75.0,-15.4,183.59,489541476,489540005,92,15436,16890,16744,17829,932,3,1,True
2026-05-01T13:38:26.530,T1,1,6006,3.358,-60.2,-77.0,-16.7,205.36,442194858,442193425,80,16501,16429,10839,15987,903,3,1,True
2026-05-01T13:38:26.680,T1,1,6008,3.143,-60.0,-75.9,-15.9,132.9,402551075,402549735,124,13969,16480,15652,16267,904,3,1,True
2026-05-01T13:38:26.800,T1,1,6009,4.207,-65.2,-81.7,-16.5,159.64,457173975,457172181,64,8671,10217,7224,5526,630,3,1,True
2026-05-01T13:38:26.918,T1,1,6010,3.321,-59.9,-76.4,-16.5,156.15,420090708,420089291,112,17193,17489,12238,17940,946,3,1,True
2026-05-01T13:38:27.280,T1,1,6013,4.958,-57.3,-78.9,-21.6,184.06,736782684,736780569,80,17697,14725,8734,20554,924,3,1,True
2026-05-01T13:38:27.579,T1,1,6016,3.222,-59.2,-75.8,-16.6,181.65,428246622,428245248,92,16783,16712,17314,20628,989,3,1,True
2026-05-01T13:38:27.699,T1,1,6017,4.264,-59.3,-76.0,-16.7,217.29,765714512,765712694,76,16056,16514,13130,17023,902,3,1,True
2026-05-01T13:38:28.149,T1,1,6021,3.143,-59.4,-75.8,-16.3,190.92,411292445,411291105,92,15637,17565,14479,17984,932,3,1,True
2026-05-01T13:38:28.599,T1,1,6025,3.321,-59.6,-76.4,-16.8,165.24,468157677,468156261,100,16871,16524,16588,20276,994,3,1,True
2026-05-01T13:38:28.809,T1,1,6027,4.643,-59.9,-76.3,-16.4,200.68,711384778,711382798,88,15116,17660,14540,17855,943,3,1,True
2026-05-01T13:38:28.900,T1,1,6028,4.203,-79.7,-88.9,-9.2,134.5,442882855,442881062,16,1665,2152,2068,193,194,3,1,True
2026-05-01T13:38:29.019,T1,1,6029,3.255,-59.3,-78.5,-19.2,225.86,446545742,446544354,76,16362,17165,9840,18887,951,3,1,True
2026-05-01T13:38:29.138,T1,1,6030,4.067,-60.3,-77.3,-17.0,134.78,460366753,460365019,116,17306,15634,13473,17897,958,3,1,True
2026-05-01T13:38:29.199,T1,1,6031,4.249,-64.2,-79.7,-15.6,192.46,458803533,458801720,56,8786,10778,9819,6477,658,3,1,True
2026-05-01T13:38:29.680,T1,1,6035,3.161,-57.7,-76.2,-18.5,223.14,407685493,407684144,80,15049,17851,15050,21175,951,3,1,True
2026-05-01T13:38:29.769,T1,1,6036,4.02,-59.9,-76.7,-16.7,134.66,463326687,463324972,128,18078,17237,15401,20858,1021,3,1,True
2026-05-01T13:38:30.100,T1,1,6039,4.071,-63.4,-79.4,-16.0,141.19,434921230,434919494,80,10589,11295,9628,7654,697,3,1,True
2026-05-01T13:38:30.461,T1,1,6042,3.166,-57.3,-75.0,-17.7,157.23,421455525,421454174,108,16569,16981,14576,20079,915,3,1,True
2026-05-01T13:38:30.669,T1,1,6044,4.029,-57.6,-75.3,-17.8,225.99,720212648,720210930,76,17255,17175,13476,20173,925,3,1,True
2026-05-01T13:38:31.029,T1,1,6047,4.095,-57.7,-76.6,-18.9,219.09,726991486,726989739,76,17096,16651,10637,19267,908,3,1,True
2026-05-01T13:38:31.124,T1,1,6048,4.071,-59.3,-75.9,-16.6,199.36,688450910,688449174,88,13959,17544,16084,18268,934,3,1,True
2026-05-01T13:38:31.329,T1,1,6050,3.161,-58.7,-77.1,-18.3,211.8,414624192,414622843,80,17569,16944,10321,19014,935,3,1,True
2026-05-01T13:38:31.449,T1,1,6051,3.288,-57.3,-75.5,-18.2,201.74,454980818,454979416,88,16951,17753,14104,21502,947,3,1,True
2026-05-01T13:38:31.539,T1,1,6052,3.959,-59.3,-75.9,-16.7,177.59,462443916,462442227,104,16600,18469,17601,22336,1033,3,1,True
2026-05-01T13:38:31.630,T1,1,6053,3.344,-58.9,-75.8,-16.9,147.71,456235247,456233821,120,14681,17725,16108,19335,947,3,1,True
2026-05-01T13:38:31.778,T1,1,6054,3.311,-59.2,-75.8,-16.6,144.15,457926394,457924982,124,15198,17875,15873,19205,956,3,1,True
2026-05-01T13:38:31.839,T1,1,6055,3.105,-57.5,-78.2,-20.7,205.64,393065155,393063830,88,16189,18096,11860,23303,992,3,1,True
2026-05-01T13:38:32.439,T1,1,6060,4.151,-59.6,-76.5,-16.9,194.23,723254566,723252796,96,17611,18646,14941,21551,1026,3,1,True
2026-05-01T13:38:32.498,T1,1,6061,3.579,-60.1,-76.2,-16.1,147.94,393251246,393249719,124,17009,18345,15302,19922,1005,3,1,True
2026-05-01T13:38:32.649,T1,1,6062,4.615,-58.8,-78.0,-19.3,188.91,712964055,712962087,88,16930,16624,9330,18761,930,3,1,True
2026-05-01T13:38:32.828,T1,1,6064,3.987,-69.6,-84.7,-15.1,182.54,398742168,398740468,24,3564,4381,3850,1011,314,3,1,True
2026-05-01T13:38:33.009,T1,1,6065,3.372,-59.1,-75.9,-16.8,178.97,485460457,485459018,100,16233,17897,14498,19359,954,3,1,True
2026-05-01T13:38:33.069,T1,1,6066,3.363,-59.0,-75.9,-16.9,163.7,444643957,444642522,104,16671,17025,16502,20534,981,3,1,True
2026-05-01T13:38:34.585,T1,1,6071,4.747,-57.8,-79.4,-21.6,204.09,713812062,713810038,76,17403,15511,8941,21169,954,3,1,True
2026-05-01T13:38:34.585,T1,1,6072,3.86,-63.7,-79.0,-15.2,177.49,393960331,393958684,68,9837,12069,11135,8002,721,3,1,True
2026-05-01T13:38:34.586,T1,1,6073,3.33,-59.4,-75.3,-16.0,193.2,436764699,436763278,92,16597,17774,16972,20198,985,3,1,True
2026-05-01T13:38:34.586,T1,1,6074,3.363,-59.8,-76.2,-16.4,177.84,458045004,458043570,96,16520,17073,15683,19219,976,3,1,True
2026-05-01T13:38:34.586,T1,1,6075,4.226,-89.2,-91.7,-2.4,138.12,441594023,441592220,8,1089,1105,853,42,139,1,1,False
2026-05-01T13:38:34.586,T1,1,6078,3.963,-67.7,-83.2,-15.6,157.22,402800031,402798340,36,5359,5660,4896,1897,402,3,1,True
2026-05-01T13:38:34.586,T1,1,6079,4.015,-59.8,-78.5,-18.7,175.21,460553489,460551776,104,17310,18222,11084,21013,1019,3,1,True
2026-05-01T13:38:34.586,T1,1,6080,3.41,-58.7,-76.1,-17.4,173.53,482503716,482502261,92,15951,15965,17682,20821,977,3,1,True
2026-05-01T13:38:34.660,T1,1,6081,3.344,-59.4,-78.0,-18.6,181.57,456132194,456130767,84,17205,15252,10994,17867,929,3,1,True
2026-05-01T13:38:34.779,T1,1,6082,4.855,-59.7,-76.4,-16.7,156.79,770553430,770551360,112,16965,17561,13749,18926,966,3,1,True
2026-05-01T13:38:34.868,T1,1,6083,3.433,-59.1,-79.1,-20.0,135.22,483979871,483978406,112,17278,15145,8481,18188,927,3,1,True
2026-05-01T13:38:34.989,T1,1,6084,4.798,-59.4,-76.5,-17.2,189.0,766716221,766714175,92,14545,17388,14039,17750,924,3,1,True
2026-05-01T13:38:35.079,T1,1,6085,3.354,-57.3,-75.4,-18.1,224.44,434491434,434490004,80,14976,17955,16529,21797,953,3,1,True
2026-05-01T13:38:35.169,T1,1,6086,3.349,-59.3,-75.8,-16.5,184.29,436349911,436348482,92,14692,16955,14472,17035,901,3,1,True
2026-05-01T13:38:35.408,T1,1,6088,4.179,-59.1,-75.9,-16.8,207.18,721593851,721592068,84,14096,17403,15383,18002,921,3,1,True
2026-05-01T13:38:35.619,T1,1,6090,3.218,-59.0,-75.4,-16.3,198.07,396849169,396847796,84,15751,16638,14201,17136,897,3,1,True
2026-05-01T13:38:35.709,T1,1,6091,3.269,-59.4,-76.3,-16.9,175.24,421743371,421741977,100,16377,17524,15893,20343,990,3,1,True
2026-05-01T13:38:35.800,T1,1,6092,3.466,-59.1,-76.1,-16.9,179.9,482492272,482490793,96,16502,17270,15444,19861,969,3,1,True
2026-05-01T13:38:36.280,T1,1,6096,3.213,-57.2,-76.9,-19.7,208.33,408155464,408154094,88,17198,18333,13484,24228,1002,3,1,True
2026-05-01T13:38:36.370,T1,1,6097,3.386,-67.4,-75.9,-8.5,194.43,434770901,434769457,92,16778,17888,14906,11310,973,3,1,True
2026-05-01T13:38:36.609,T1,1,6099,4.188,-59.2,-75.7,-16.5,196.73,718412968,718411181,92,17087,18099,14587,19856,970,3,1,True
2026-05-01T13:38:36.699,T1,1,6100,4.367,-67.7,-82.4,-14.7,176.06,459311631,459309768,36,4474,6338,6136,2062,420,3,1,True
2026-05-01T13:38:36.791,T1,1,6101,4.418,-59.2,-75.4,-16.3,189.91,763815925,763814040,96,16297,18231,16569,20490,985,3,1,True
2026-05-01T13:38:36.909,T1,1,6102,4.367,-59.3,-76.6,-17.3,188.08,746634397,746632534,92,17384,17303,11134,18234,934,3,1,True
2026-05-01T13:38:37.120,T1,1,6104,4.892,-59.5,-76.1,-16.6,143.88,733517113,733515027,120,14613,17265,14581,17411,919,3,1,True
2026-05-01T13:38:37.208,T1,1,6105,4.334,-77.0,-89.0,-12.0,153.25,457833682,457831834,16,2333,2452,1680,290,217,3,1,True
2026-05-01T13:38:37.299,T1,1,6106,4.034,-70.8,-87.1,-16.2,148.29,393535466,393533746,28,3812,4152,2543,894,308,3,1,True
2026-05-01T13:38:37.419,T1,1,6107,3.415,-59.2,-75.5,-16.4,169.69,430134018,430132562,100,16448,16969,13079,17240,904,3,1,True
2026-05-01T13:38:37.629,T1,1,6109,3.232,-59.7,-77.4,-17.6,148.11,398793830,398792452,112,16646,16588,10640,17172,919,3,1,True
2026-05-01T13:38:37.720,T1,1,6110,4.174,-60.2,-76.8,-16.6,151.02,457354234,457352454,112,16750,16914,11911,16957,930,3,1,True
2026-05-01T13:38:37.869,T1,1,6111,4.742,-59.2,-75.7,-16.6,149.62,765170039,765168017,112,13304,16757,16198,17242,904,3,1,True
2026-05-01T13:38:37.928,T1,1,6112,5.267,-59.3,-76.1,-16.9,171.04,764968928,764966681,92,17168,15736,15120,18845,948,3,1,True
2026-05-01T13:38:38.380,T1,1,6116,3.236,-59.3,-75.5,-16.3,159.32,408888708,408887327,108,16304,17207,14120,17856,923,3,1,True
2026-05-01T13:38:38.498,T1,1,6117,3.386,-59.1,-75.7,-16.6,192.99,441666165,441664721,92,14503,17755,16231,18920,945,3,1,True
2026-05-01T13:38:38.589,T1,1,6118,4.794,-59.4,-75.4,-16.0,159.21,766219222,766217177,104,15143,16558,14494,16451,891,3,1,True
2026-05-01T13:38:38.828,T1,1,6120,5.314,-58.9,-75.4,-16.5,178.18,775872704,775870438,100,17675,17818,17260,22143,1014,3,1,True
2026-05-01T13:38:39.038,T1,1,6122,3.175,-59.0,-75.7,-16.7,174.7,396878179,396876824,96,16784,16771,17499,20949,992,3,1,True
2026-05-01T13:38:39.128,T1,1,6123,3.443,-59.2,-78.5,-19.3,206.11,467694688,467693219,84,18562,17313,10659,21930,1022,3,1,True
2026-05-01T13:38:39.249,T1,1,6124,3.424,-59.2,-75.4,-16.2,198.79,440932089,440930629,84,13321,16698,16018,16668,890,3,1,True
2026-05-01T13:38:39.728,T1,1,6128,4.972,-59.3,-78.1,-18.8,189.01,737631247,737629127,96,16941,18145,11307,20872,998,3,1,True
2026-05-01T13:38:39.909,T1,1,6130,4.09,-65.4,-81.1,-15.6,231.75,417683761,417682016,32,6348,7416,6807,3181,482,3,1,True
2026-05-01T13:38:40.028,T1,1,6131,3.912,-59.2,-76.0,-16.7,206.19,441527671,441526003,80,15985,16495,13182,16973,899,3,1,True
2026-05-01T13:38:40.238,T1,1,6133,3.269,-59.5,-76.5,-16.9,189.01,397747351,397745957,92,14120,17389,14675,17629,925,3,1,True
2026-05-01T13:38:40.330,T1,1,6134,3.429,-59.0,-76.7,-17.6,168.5,499817252,499815789,100,17001,16850,10881,17834,915,3,1,True
2026-05-01T13:38:40.480,T1,1,6135,4.081,-59.8,-76.3,-16.4,146.56,440846099,440844358,120,14175,17587,16571,18611,961,3,1,True
2026-05-01T13:38:40.659,T1,1,6137,3.302,-59.4,-75.7,-16.3,194.69,415419590,415418182,84,15131,16354,14578,16689,895,3,1,True
2026-05-01T13:38:40.749,T1,1,6138,3.963,-59.8,-76.7,-16.9,209.45,457606524,457604833,80,16536,16756,12335,17332,925,3,1,True
2026-05-01T13:38:40.990,T1,1,6140,3.396,-61.6,-79.7,-18.1,196.19,473573900,473572452,80,18005,15695,9247,17448,989,3,1,True
2026-05-01T13:38:41.199,T1,1,6142,3.227,-59.4,-75.9,-16.5,152.09,398711564,398710187,116,16660,17643,13925,18612,947,3,1,True
2026-05-01T13:38:41.408,T1,1,6144,3.157,-57.8,-76.7,-18.9,215.45,393034880,393033533,76,16561,16374,11723,19145,907,3,1,True
2026-05-01T13:38:41.650,T1,1,6146,3.264,-59.6,-79.1,-19.5,124.69,411314905,411313513,120,17583,14963,9106,18085,940,3,1,True
2026-05-01T13:38:41.739,T1,1,6147,3.907,-63.5,-79.6,-16.1,130.65,393002458,393000792,80,11104,10452,10760,8079,719,3,1,True
2026-05-01T13:38:41.949,T1,1,6149,3.471,-59.3,-75.8,-16.4,174.55,474616951,474615470,104,17969,18153,17452,22676,1043,3,1,True
2026-05-01T13:38:42.308,T1,1,6152,3.555,-60.0,-76.7,-16.6,138.53,472836775,472835259,124,16655,17178,15144,19302,985,3,1,True
2026-05-01T13:38:42.399,T1,1,6153,4.376,-59.5,-76.4,-16.9,136.2,747329973,747328107,120,17264,16344,16407,20445,996,3,1,True
2026-05-01T13:38:42.610,T1,1,6155,3.114,-59.2,-78.7,-19.5,141.69,392481767,392480439,108,17209,15302,8578,17692,917,3,1,True
2026-05-01T13:38:42.848,T1,1,6157,3.227,-59.8,-76.1,-16.3,141.45,405486550,405485174,116,16929,16408,15815,19019,969,3,1,True
2026-05-01T13:38:42.938,T1,1,6158,3.415,-59.3,-75.7,-16.4,206.68,425680783,425679326,80,15493,16534,14527,17169,907,3,1,True
2026-05-01T13:38:43.179,T1,1,6160,5.136,-59.4,-75.5,-16.1,192.6,734235346,734233155,88,14267,16949,15193,16736,898,3,1,True
2026-05-01T13:38:43.358,T1,1,6162,4.329,-97.1,-96.7,0.3,58.75,450349071,450347225,8,421,470,410,4,106,1,1,False
2026-05-01T13:38:43.718,T1,1,6165,3.213,-59.5,-76.0,-16.5,154.76,389859670,389858299,116,17434,17952,17209,22014,1033,3,1,True
2026-05-01T13:38:43.959,T1,1,6167,4.081,-65.6,-81.2,-15.6,178.8,409329916,409328175,44,6441,7867,6980,3407,502,3,1,True
2026-05-01T13:38:44.018,T1,1,6168,4.015,-72.9,-86.2,-13.3,179.55,391987935,391986223,20,3276,3591,3103,635,279,3,1,True
2026-05-01T13:38:44.498,T1,1,6172,4.442,-63.8,-80.3,-16.4,159.77,484643957,484642063,56,9477,8947,9547,6200,637,3,1,True
2026-05-01T13:38:44.859,T1,1,6175,3.513,-60.1,-76.2,-16.2,189.58,461636655,461635157,88,16603,16683,14617,17916,950,3,1,True
2026-05-01T13:38:44.949,T1,1,6176,4.301,-59.1,-75.6,-16.5,187.3,747887459,747885625,92,16514,17232,16076,19730,966,3,1,True
2026-05-01T13:38:45.038,T1,1,6177,3.424,-59.6,-76.4,-16.9,193.89,434636650,434635190,88,16913,17062,11384,17306,918,3,1,True
2026-05-01T13:38:53.259,T1,1,6252,3.626,-59.1,-75.9,-16.8,166.11,665718990,665717444,104,17460,17275,17525,22091,1022,3,1,True
2026-05-01T13:38:53.318,T1,1,6253,4.611,-59.4,-77.2,-17.9,173.11,763971386,763969419,104,18420,18003,13150,21899,1026,3,1,True
2026-05-01T13:38:53.409,T1,1,6254,3.119,-59.4,-75.7,-16.3,149.32,417585835,417584504,120,15739,17918,16536,19789,977,3,1,True
2026-05-01T13:38:53.529,T1,1,6255,3.372,-57.9,-75.5,-17.6,190.61,519220050,519218612,88,16570,16774,14769,19887,929,3,1,True
2026-05-01T13:38:53.620,T1,1,6256,3.546,-59.4,-76.2,-16.8,129.86,453720440,453718928,132,17701,17142,17162,21946,1027,3,1,True
2026-05-01T13:38:53.709,T1,1,6257,3.133,-57.4,-75.1,-17.7,191.33,434161057,434159720,84,17112,16072,15594,20594,930,3,1,True
2026-05-01T13:38:53.950,T1,1,6259,3.072,-59.8,-75.8,-16.0,192.9,419801496,419800186,92,16597,17747,14177,18250,949,3,1,True
2026-05-01T13:38:54.040,T1,1,6260,3.977,-59.7,-75.5,-15.8,201.83,743408142,743406445,84,13103,16954,16203,16395,898,3,1,True
2026-05-01T13:38:54.160,T1,1,6261,3.208,-59.1,-75.5,-16.4,142.12,447009948,447008579,128,17129,18191,14995,20140,974,3,1,True
2026-05-01T13:38:54.308,T1,1,6262,3.246,-59.7,-76.0,-16.2,159.06,441253513,441252128,112,15937,17815,16790,19978,992,3,1,True
2026-05-01T13:38:54.821,T1,1,6267,4.672,-59.4,-75.9,-16.4,190.87,709583086,709581093,92,14664,17560,15287,17986,931,3,1,True
2026-05-01T13:38:54.938,T1,1,6268,3.194,-59.6,-76.2,-16.6,165.59,417964873,417963511,100,16090,16559,17424,20092,990,3,1,True
2026-05-01T13:38:55.150,T1,1,6270,4.113,-70.8,-85.6,-14.8,156.88,451077457,451075703,24,3198,3765,3457,771,286,3,1,True
2026-05-01T13:38:55.268,T1,1,6271,3.377,-59.0,-75.7,-16.7,175.42,485974820,485973380,96,16889,16840,17375,21056,993,3,1,True
2026-05-01T13:38:55.479,T1,1,6273,3.053,-59.5,-75.9,-16.4,141.62,413955865,413954562,128,17223,18128,14808,19994,986,3,1,True
2026-05-01T13:38:56.169,T1,1,6279,2.903,-92.8,-76.8,16.0,148.8,394469671,394468432,124,16746,18451,16566,1046,1045,1,1,False
2026-05-01T13:38:56.408,T1,1,6281,4.179,-65.6,-81.1,-15.5,196.75,463245089,463243307,36,6310,7083,7202,3167,483,3,1,True
2026-05-01T13:38:56.498,T1,1,6282,3.358,-59.7,-76.8,-17.1,168.54,500219143,500217711,92,17113,15506,14056,18158,945,3,1,True
2026-05-01T13:38:56.859,T1,1,6285,3.982,-59.5,-77.1,-17.6,206.66,724403662,724401964,80,16889,16533,9489,16646,899,3,1,True
2026-05-01T13:38:56.949,T1,1,6286,3.11,-59.8,-76.2,-16.4,176.56,422119472,422118146,96,16338,16950,14988,18445,955,3,1,True
2026-05-01T13:38:57.038,T1,1,6287,4.254,-59.8,-76.0,-16.2,145.53,504042342,504040528,124,16645,18046,16866,20740,1013,3,1,True
2026-05-01T13:38:57.159,T1,1,6288,3.279,-57.8,-75.6,-17.8,154.68,431260544,431259145,104,17624,16087,16661,22091,976,3,1,True
2026-05-01T13:38:57.368,T1,1,6290,2.992,-59.4,-75.7,-16.2,153.5,387836256,387834979,108,14771,16578,15404,17093,908,3,1,True
2026-05-01T13:38:57.459,T1,1,6291,3.405,-59.4,-75.5,-16.1,148.77,484954477,484953024,120,17224,17852,13929,18803,951,3,1,True
2026-05-01T13:38:57.548,T1,1,6292,3.297,-57.6,-76.0,-18.4,206.38,464952185,464950778,80,17039,16510,12039,19272,905,3,1,True
2026-05-01T13:38:57.790,T1,1,6294,3.053,-59.8,-77.0,-17.2,229.63,401927098,401925796,76,14961,17452,13554,17815,940,3,1,True
2026-05-01T13:39:06.069,T1,1,6370,2.992,-59.8,-75.8,-16.0,187.91,407311760,407310484,96,16838,18039,14411,18843,966,3,1,True
2026-05-01T13:39:06.160,T1,1,6371,3.748,-59.7,-75.7,-16.0,200.42,736409369,736407771,88,14459,17637,15728,17675,933,3,1,True
2026-05-01T13:39:06.998,T1,1,6378,4.367,-60.0,-76.4,-16.4,151.12,704201946,704200083,120,17162,18135,13987,19343,986,3,1,True
2026-05-01T13:39:07.121,T1,1,6379,3.809,-59.8,-76.0,-16.3,211.69,744954500,744952875,80,13934,16935,15227,16713,909,3,1,True
2026-05-01T13:39:07.210,T1,1,6380,3.241,-57.9,-75.5,-17.6,169.85,494311065,494309683,100,16779,16985,15152,20558,945,3,1,True
2026-05-01T13:39:07.419,T1,1,6382,4.653,-59.5,-75.8,-16.3,199.14,729878171,729876187,84,14438,16728,15028,16785,903,3,1,True
2026-05-01T13:39:07.508,T1,1,6383,3.096,-57.9,-79.2,-21.3,194.24,437545803,437544482,76,17962,14762,9748,21131,957,3,1,True
2026-05-01T13:39:07.630,T1,1,6384,3.677,-63.5,-81.1,-17.6,176.81,389385833,389384264,64,11497,11316,7321,8099,719,3,1,True
2026-05-01T13:39:07.720,T1,1,6385,3.86,-59.6,-78.5,-18.9,189.43,736102586,736100940,80,17225,15154,10051,17611,927,3,1,True
2026-05-01T13:39:07.810,T1,1,6386,3.039,-58.9,-75.8,-16.8,188.06,416425807,416424510,88,17010,16549,17581,21285,996,3,1,True
2026-05-01T13:39:08.169,T1,1,6389,3.171,-59.2,-75.6,-16.4,208.83,469344801,469343448,84,13846,17542,16531,18243,931,3,1,True
2026-05-01T13:39:08.258,T1,1,6390,3.114,-59.5,-75.3,-15.8,168.57,415333284,415331955,100,15364,16857,15128,17027,907,3,1,True
2026-05-01T13:39:08.380,T1,1,6391,3.232,-59.3,-77.1,-17.8,195.93,487092669,487091290,92,16405,18026,12673,19728,971,3,1,True
2026-05-01T13:39:08.588,T1,1,6393,3.086,-59.3,-75.7,-16.4,199.55,408687141,408685825,88,14602,17560,15183,17865,924,3,1,True
2026-05-01T13:39:08.708,T1,1,6394,3.152,-59.7,-78.1,-18.4,165.83,432143201,432141856,96,16573,15920,9769,16934,913,3,1,True
2026-05-01T13:39:08.802,T1,1,6395,3.546,-59.6,-75.9,-16.3,187.61,571613416,571611904,88,14168,16510,15367,16667,901,3,1,True
2026-05-01T13:39:08.889,T1,1,6396,3.297,-59.3,-78.8,-19.5,127.59,479415315,479413908,120,17395,15311,10117,18720,946,3,1,True
2026-05-01T13:39:09.248,T1,1,6399,3.035,-59.6,-76.3,-16.8,184.0,389652091,389650797,96,16951,17664,13397,18903,959,3,1,True
2026-05-01T13:39:09.338,T1,1,6400,3.039,-58.1,-75.6,-17.5,148.69,388903325,388902028,108,17369,16058,16668,21421,971,3,1,True
2026-05-01T13:39:09.428,T1,1,6401,3.157,-59.6,-75.8,-16.2,216.69,431580996,431579650,80,17164,17335,12364,17481,923,3,1,True
2026-05-01T13:39:09.789,T1,1,6404,4.625,-59.3,-78.9,-19.6,153.81,724288713,724286741,96,17551,14766,9940,18423,938,3,1,True
2026-05-01T13:39:09.878,T1,1,6405,3.677,-59.9,-78.0,-18.2,182.56,612426107,612424538,96,15152,17526,11436,17861,942,3,1,True
2026-05-01T13:39:10.118,T1,1,6407,3.809,-57.7,-75.6,-17.9,160.23,716036827,716035203,116,17287,18587,16238,23922,1011,3,1,True
2026-05-01T13:39:10.208,T1,1,6408,3.11,-59.6,-78.4,-18.9,181.86,414483143,414481816,84,17593,15276,11554,19024,962,3,1,True
2026-05-01T13:39:10.300,T1,1,6409,4.944,-59.4,-76.5,-17.1,157.47,759456061,759453953,104,17675,16377,15300,20275,988,3,1,True
2026-05-01T13:39:10.389,T1,1,6410,3.194,-59.4,-75.2,-15.9,186.32,434192120,434190758,92,16393,17141,13648,17090,906,3,1,True
2026-05-01T13:39:10.749,T1,1,6413,3.011,-59.4,-75.6,-16.2,161.62,387252397,387251113,104,15814,16809,13864,16962,903,3,1,True
2026-05-01T13:39:11.108,T1,1,6416,4.911,-60.3,-77.1,-16.8,141.14,761963657,761961562,112,17425,15808,15200,19106,989,3,1,True
2026-05-01T13:39:19.358,T1,1,6492,3.311,-59.4,-75.6,-16.2,197.93,583573566,583572154,92,16791,18210,16025,20317,990,3,1,True
2026-05-01T13:39:19.598,T1,1,6494,4.39,-59.6,-75.7,-16.1,143.27,725727247,725725375,128,16536,18338,16500,20450,999,3,1,True
2026-05-01T13:39:19.808,T1,1,6496,3.64,-59.6,-75.5,-15.9,163.01,710448279,710446727,104,15514,16953,14273,16733,905,3,1,True
2026-05-01T13:39:20.019,T1,1,6498,4.132,-59.9,-75.9,-16.1,187.4,522504670,522502908,96,16983,17990,13937,18659,963,3,1,True
2026-05-01T13:39:20.738,T1,1,6504,3.734,-59.4,-75.4,-16.0,199.99,714048218,714046625,88,15613,17599,16622,19142,961,3,1,True
2026-05-01T13:39:21.068,T1,1,6507,2.969,-60.0,-75.7,-15.7,181.05,403870744,403869478,92,15420,16657,14239,16220,903,3,1,True
2026-05-01T13:39:21.398,T1,1,6510,3.729,-59.4,-76.1,-16.7,124.38,732498946,732497355,136,16823,16916,16713,20492,994,3,1,True
2026-05-01T13:39:21.518,T1,1,6511,3.067,-59.7,-76.4,-16.8,161.61,429422958,429421649,100,16904,16161,14434,18362,949,3,1,True
2026-05-01T13:39:21.728,T1,1,6513,2.917,-59.8,-75.8,-15.9,193.5,401514634,401513389,88,15268,17028,14801,17015,919,3,1,True
2026-05-01T13:39:21.939,T1,1,6515,3.227,-59.9,-76.8,-16.9,196.04,512290477,512289101,92,16073,18036,13647,18937,970,3,1,True
2026-05-01T13:39:22.268,T1,1,6518,2.866,-59.9,-76.4,-16.4,131.41,390594411,390593188,128,17713,16821,15932,20196,1004,3,1,True
2026-05-01T13:39:22.388,T1,1,6519,3.067,-59.0,-77.1,-18.0,215.61,427805242,427803934,76,16611,16386,10810,17545,907,3,1,True
2026-05-01T13:39:22.480,T1,1,6520,3.279,-59.1,-75.9,-16.8,194.65,514128487,514127089,96,18321,18686,16458,23209,1047,3,1,True
2026-05-01T13:39:22.598,T1,1,6521,4.428,-59.5,-76.0,-16.5,147.33,758777965,758776076,116,16575,17090,13084,17659,925,3,1,True
2026-05-01T13:39:22.718,T1,1,6522,3.663,-57.9,-77.3,-19.4,200.6,642126205,642124642,84,17093,16850,10768,20162,934,3,1,True
2026-05-01T13:39:22.778,T1,1,6523,4.038,-59.2,-78.1,-18.9,190.96,564641852,564640129,80,17568,15277,11928,19222,957,3,1,True
2026-05-01T13:39:23.019,T1,1,6525,3.701,-59.3,-75.3,-16.0,160.31,709945755,709944176,116,17372,18596,16734,21378,1011,3,1,True
2026-05-01T13:39:23.108,T1,1,6526,3.044,-59.5,-76.9,-17.5,153.85,416347463,416346165,108,15931,16616,12416,17432,918,3,1,True
2026-05-01T13:39:23.228,T1,1,6527,4.067,-66.8,-81.8,-14.9,159.19,448833290,448831556,48,7514,7641,5135,3018,493,3,1,True
2026-05-01T13:39:23.528,T1,1,6530,3.175,-59.5,-76.4,-16.9,150.14,461913343,461911988,116,17206,17416,11949,18237,940,3,1,True
2026-05-01T13:39:23.648,T1,1,6531,3.152,-59.1,-75.7,-16.6,176.98,444386345,444385000,104,17198,18406,15331,20909,992,3,1,True
2026-05-01T13:39:23.738,T1,1,6532,3.063,-58.9,-75.7,-16.8,178.75,416521692,416520385,92,17361,16445,16958,20931,988,3,1,True
2026-05-01T13:39:23.858,T1,1,6533,3.269,-59.6,-75.8,-16.2,142.59,476451729,476450334,120,14930,17111,15199,17439,922,3,1,True
2026-05-01T13:39:23.948,T1,1,6534,4.132,-59.2,-75.7,-16.5,170.93,641320662,641318900,104,16352,17777,14308,18809,946,3,1,True
2026-05-01T13:39:24.399,T1,1,6538,2.997,-59.6,-75.8,-16.2,154.8,391322286,391321007,108,14870,16718,14642,16725,903,3,1,True
2026-05-01T13:39:24.518,T1,1,6539,3.053,-59.0,-75.8,-16.7,158.26,394290578,394289275,108,16416,17092,15893,19741,962,3,1,True
2026-05-01T13:39:24.608,T1,1,6540,3.973,-59.9,-76.3,-16.4,140.71,740237162,740235467,124,16823,17448,13770,18402,957,3,1,True
2026-05-01T13:39:24.968,T1,1,6543,4.006,-59.5,-76.3,-16.8,140.78,770693605,770691896,116,16988,16331,16291,19952,985,3,1,True
2026-05-01T13:39:25.058,T1,1,6544,3.086,-59.4,-75.8,-16.4,137.18,420062884,420061567,128,15656,17559,14561,18157,934,3,1,True
2026-05-01T13:39:25.148,T1,1,6545,3.963,-65.0,-83.5,-18.4,183.69,452664669,452662979,48,8884,8817,4842,4911,591,3,1,True
2026-05-01T13:39:25.358,T1,1,6547,3.086,-59.4,-76.1,-16.8,156.72,405965529,405964213,104,17125,16299,17563,21069,1006,3,1,True
2026-05-01T13:39:25.598,T1,1,6549,2.974,-59.5,-76.3,-16.8,130.21,390116453,390115184,136,18023,17708,16137,21910,1031,3,1,True
2026-05-01T13:39:25.688,T1,1,6550,3.096,-57.3,-77.6,-20.3,189.41,435229804,435228483,88,18390,16668,11834,23509,989,3,1,True
2026-05-01T13:39:25.778,T1,1,6551,3.091,-59.0,-75.8,-16.8,180.86,413040028,413038710,92,15255,16639,17260,19595,959,3,1,True
2026-05-01T13:39:26.258,T1,1,6555,3.011,-57.8,-76.5,-18.7,164.36,392153450,392152166,108,15315,17751,13509,20346,937,3,1,True
2026-05-01T13:39:26.501,T1,1,6557,3.105,-60.0,-76.7,-16.7,147.78,390692767,390691443,116,17045,17143,10875,16966,924,3,1,True
2026-05-01T13:39:26.587,T1,1,6558,3.25,-59.4,-75.7,-16.4,177.02,436010718,436009332,96,16703,16994,17083,20338,988,3,1,True
2026-05-01T13:39:26.679,T1,1,6559,3.26,-59.5,-75.9,-16.4,138.8,482178464,482177073,124,17786,17211,16992,21376,1019,3,1,True
2026-05-01T13:39:26.769,T1,1,6560,4.184,-59.2,-77.1,-17.9,131.63,564097290,564095506,132,18290,17375,13663,21692,1015,3,1,True
2026-05-01T13:39:27.247,T1,1,6564,4.714,-59.5,-75.9,-16.4,137.2,736293587,736291576,124,14635,17013,15206,17394,917,3,1,True
2026-05-01T13:39:27.338,T1,1,6565,4.052,-88.5,-91.5,-3.0,98.25,453469566,453467837,12,985,1179,1138,56,147,1,1,False
2026-05-01T13:39:27.428,T1,1,6566,3.218,-59.7,-76.2,-16.4,139.29,436945756,436944384,124,12609,17272,16578,17376,925,3,1,True
2026-05-01T13:39:27.520,T1,1,6567,3.236,-59.1,-76.4,-17.2,195.85,473237815,473236434,96,18475,18802,14181,22493,1031,3,1,True
2026-05-01T13:39:27.640,T1,1,6568,3.175,-59.3,-76.1,-16.8,191.48,434929016,434927662,88,15547,16850,13603,17329,909,3,1,True
2026-05-01T13:39:27.729,T1,1,6569,3.283,-57.7,-75.5,-17.9,227.78,474703854,474702454,76,17515,17311,12974,20312,931,3,1,True
2026-05-01T13:39:27.818,T1,1,6570,3.297,-59.6,-76.4,-16.8,148.27,417193885,417192479,112,16284,16606,12752,17104,913,3,1,True
2026-05-01T13:39:28.057,T1,1,6572,4.076,-83.1,-90.2,-7.1,120.75,442766743,442765004,12,1419,1449,1359,105,161,3,1,True
2026-05-01T13:39:28.148,T1,1,6573,3.419,-59.5,-76.7,-17.2,123.46,493586490,493585032,128,17314,15803,15200,19539,974,3,1,True
2026-05-01T13:39:28.239,T1,1,6574,3.321,-59.8,-79.0,-19.2,151.92,472263006,472261589,116,15434,17623,10117,18751,964,3,1,True
2026-05-01T13:39:28.357,T1,1,6575,3.246,-59.4,-77.9,-18.5,175.03,441493970,441492586,88,17751,15403,12280,19217,962,3,1,True
2026-05-01T13:39:28.447,T1,1,6576,3.189,-59.3,-76.7,-17.4,143.86,433868683,433867322,128,18609,18414,14483,22676,1041,3,1,True
2026-05-01T13:39:28.569,T1,1,6577,4.109,-93.5,-94.6,-1.2,79.0,452281747,452279995,8,631,632,551,11,116,1,1,False
2026-05-01T13:39:28.658,T1,1,6578,4.17,-89.0,-91.5,-2.6,136.62,453521933,453520155,8,1088,1093,1019,47,143,1,1,False
2026-05-01T13:39:28.749,T1,1,6579,3.715,-59.0,-76.2,-17.2,187.7,450808311,450806727,100,18546,18770,15245,23285,1043,3,1,True
2026-05-01T13:39:28.898,T1,1,6580,3.283,-59.4,-75.3,-15.9,163.12,433114418,433113018,104,15432,16964,14730,16990,904,3,1,True
2026-05-01T13:39:28.957,T1,1,6581,3.157,-59.2,-75.7,-16.5,190.1,385879767,385878420,92,17104,17489,13017,18288,932,3,1,True
2026-05-01T13:39:29.048,T1,1,6582,3.236,-59.6,-76.0,-16.4,156.08,427447372,427445992,108,14987,16857,13826,16621,900,3,1,True
2026-05-01T13:39:29.259,T1,1,6584,4.156,-88.1,-91.8,-3.7,143.62,439669806,439668033,8,1139,1149,810,58,144,1,1,False
2026-05-01T13:39:29.378,T1,1,6585,3.283,-59.7,-76.5,-16.8,119.91,439284071,439282670,140,16942,16788,18058,21810,1034,3,1,True
2026-05-01T13:39:29.468,T1,1,6586,3.246,-59.5,-75.6,-16.1,149.06,434553330,434551946,124,17042,18483,16401,20962,1007,3,1,True
2026-05-01T13:39:29.588,T1,1,6587,3.321,-57.4,-77.4,-20.0,199.51,433285162,433283745,88,15979,17557,11728,21344,946,3,1,True
2026-05-01T13:39:29.678,T1,1,6588,4.226,-69.3,-83.7,-14.3,133.02,441243496,441241694,40,4940,5321,4357,1471,375,3,1,True
2026-05-01T13:39:29.948,T1,1,6590,4.784,-59.5,-75.9,-16.4,138.48,766953158,766951117,128,17215,17725,13210,18614,949,3,1,True
2026-05-01T13:39:30.007,T1,1,6591,3.424,-59.4,-75.4,-16.0,184.42,477471594,477470134,92,14898,16967,15014,16947,903,3,1,True
2026-05-01T13:39:30.098,T1,1,6592,4.268,-59.8,-76.7,-16.9,120.43,742028538,742026718,136,17569,16378,15803,20199,1000,3,1,True
2026-05-01T13:39:30.458,T1,1,6595,5.056,-59.6,-75.8,-16.2,152.2,732648836,732646680,116,17142,17655,13142,18176,943,3,1,True
2026-05-01T13:39:30.699,T1,1,6597,3.157,-59.4,-76.5,-17.1,137.57,418354882,418353536,120,15965,16508,13017,17273,912,3,1,True
2026-05-01T13:39:31.238,T1,1,6602,4.869,-60.0,-78.6,-18.6,144.12,673474208,673472131,124,15809,17871,11041,19073,979,3,1,True
2026-05-01T13:39:31.330,T1,1,6603,3.26,-58.5,-78.9,-20.5,124.54,425996755,425995365,120,17672,14945,8943,19290,933,3,1,True
2026-05-01T13:39:31.447,T1,1,6604,3.311,-59.3,-75.7,-16.4,133.44,418530676,418529263,124,15573,16547,17356,19349,961,3,1,True
2026-05-01T13:39:31.538,T1,1,6605,4.085,-63.0,-78.6,-15.5,191.39,434335969,434334227,84,13233,16077,13765,13898,927,3,1,True
2026-05-01T13:39:31.748,T1,1,6607,3.189,-59.7,-76.2,-16.5,149.94,405571717,405570357,112,15328,16793,13695,16771,909,3,1,True
2026-05-01T13:39:31.868,T1,1,6608,3.204,-59.8,-75.8,-15.9,157.4,415896574,415895207,112,16959,17629,14054,18270,952,3,1,True
2026-05-01T13:39:31.958,T1,1,6609,4.024,-60.0,-75.4,-15.4,154.07,434145695,434143979,120,17377,18488,16748,20389,1013,3,1,True
2026-05-01T13:39:33.008,T1,1,6618,4.128,-57.3,-74.9,-17.7,206.5,486064805,486063045,80,15746,16520,15195,19417,898,3,1,True
2026-05-01T13:39:41.319,T1,1,6694,3.823,-59.3,-79.0,-19.7,135.84,769069689,769068058,124,18475,16844,10206,21672,1019,3,1,True
2026-05-01T13:39:41.407,T1,1,6695,3.175,-60.1,-77.3,-17.2,149.53,456141912,456140557,112,16769,16747,10576,16805,922,3,1,True
2026-05-01T13:39:42.818,T1,1,6707,2.969,-59.0,-76.4,-17.4,174.54,399792322,399791055,92,15198,16058,17560,20190,974,3,1,True
2026-05-01T13:39:43.269,T1,1,6711,3.673,-77.7,-89.3,-11.6,138.38,390779845,390778279,16,1879,2214,1556,228,197,3,1,True
2026-05-01T13:39:43.387,T1,1,6712,3.654,-65.4,-80.9,-15.4,159.02,386241055,386239497,60,6723,9541,9326,4940,601,3,1,True
2026-05-01T13:39:43.598,T1,1,6714,2.903,-59.6,-76.3,-16.7,129.57,399177165,399175926,124,17339,16067,16730,20325,995,3,1,True
2026-05-01T13:39:43.989,T1,1,6717,4.451,-59.2,-78.6,-19.4,198.97,719112651,719110752,88,16043,17509,10328,19530,962,3,1,True
2026-05-01T13:39:44.797,T1,1,6724,3.888,-84.2,-90.2,-6.0,121.92,454308006,454306347,12,1404,1463,1313,96,160,3,1,True
2026-05-01T13:39:44.980,T1,1,6726,3.691,-59.7,-75.7,-16.0,136.73,531389204,531387629,124,16715,16955,16412,19328,974,3,1,True
2026-05-01T13:39:45.698,T1,1,6732,4.09,-60.0,-75.8,-15.8,182.26,729238429,729236685,96,14445,17497,14991,16785,917,3,1,True
2026-05-01T13:39:45.787,T1,1,6733,3.119,-60.0,-76.9,-16.9,209.31,453242822,453241491,80,16822,16745,10639,16580,911,3,1,True
2026-05-01T13:39:45.878,T1,1,6734,3.236,-58.0,-75.7,-17.7,198.1,479095573,479094192,88,17527,17433,13072,20303,941,3,1,True
2026-05-01T13:39:45.969,T1,1,6735,3.837,-63.2,-79.5,-16.3,145.74,431790083,431788446,104,14959,15157,10419,13209,910,3,1,True
2026-05-01T13:39:46.207,T1,1,6737,2.974,-59.7,-77.4,-17.8,182.88,391163778,391162510,92,17391,16825,10091,17881,936,3,1,True
2026-05-01T13:39:46.657,T1,1,6741,3.912,-60.2,-76.7,-16.5,146.98,463157513,463155845,108,17322,15874,15280,18714,975,3,1,True
2026-05-01T13:39:47.019,T1,1,6744,2.946,-60.2,-75.9,-15.6,151.52,386716187,386714931,116,16170,17576,14353,17432,943,3,1,True
2026-05-01T13:39:47.378,T1,1,6747,2.997,-59.4,-75.9,-16.5,165.68,416763799,416762520,108,17838,17893,17301,22426,1038,3,1,True
2026-05-01T13:39:47.677,T1,1,6750,3.11,-59.5,-78.2,-18.7,148.92,396241818,396240492,116,15656,17275,10348,18011,935,3,1,True
2026-05-01T13:39:47.917,T1,1,6752,3.518,-57.7,-76.4,-18.7,188.48,652199646,652198145,88,16627,16586,12426,19570,915,3,1,True
2026-05-01T13:39:48.039,T1,1,6753,3.855,-59.5,-77.9,-18.4,138.33,738949954,738948309,132,17055,18259,12159,20978,1010,3,1,True
2026-05-01T13:39:48.247,T1,1,6755,2.908,-59.3,-75.6,-16.3,181.02,389413068,389411828,96,16387,17378,16971,20236,984,3,1,True
2026-05-01T13:39:48.457,T1,1,6757,4.048,-82.6,-90.2,-7.6,123.58,454757135,454755408,12,1290,1483,1445,110,162,3,1,True
2026-05-01T13:39:48.579,T1,1,6758,4.634,-59.7,-76.1,-16.4,190.34,756894249,756892272,92,16786,17511,13674,18403,950,3,1,True
2026-05-01T13:39:49.149,T1,1,6763,3.194,-59.1,-76.7,-17.7,189.47,461340167,461338805,88,16778,16673,11521,17892,918,3,1,True
2026-05-01T13:39:49.239,T1,1,6764,3.082,-59.9,-77.1,-17.2,163.67,415455607,415454293,96,17553,15712,14535,19235,978,3,1,True
2026-05-01T13:39:49.691,T1,1,6768,3.021,-59.3,-75.6,-16.3,192.1,387600102,387598813,92,14510,17673,16005,18376,936,3,1,True
2026-05-01T13:39:49.927,T1,1,6770,3.016,-59.8,-77.3,-17.5,162.49,389131371,389130084,96,17504,15599,13419,18683,962,3,1,True
2026-05-01T13:39:50.137,T1,1,6772,3.785,-59.4,-76.7,-17.2,170.51,707948789,707947174,108,17463,18415,13978,21079,1008,3,1,True
2026-05-01T13:39:50.227,T1,1,6773,3.185,-59.6,-77.1,-17.5,188.34,469845349,469843990,92,18182,17327,13399,20732,1005,3,1,True
2026-05-01T13:39:50.588,T1,1,6776,3.701,-inf,-101.6,inf,53.5,392741280,392739701,4,220,214,232,0,95,1,1,False
2026-05-01T13:39:50.798,T1,1,6778,2.978,-59.8,-76.0,-16.2,156.08,398456660,398455390,108,13682,16857,15820,16835,913,3,1,True
2026-05-01T13:39:50.917,T1,1,6779,4.104,-74.0,-87.2,-13.3,112.93,447947975,447946225,28,2779,3162,2970,506,258,3,1,True
2026-05-01T13:39:51.040,T1,1,6780,3.926,-59.5,-76.5,-17.0,155.99,748047396,748045721,116,16003,18095,14467,19623,975,3,1,True
2026-05-01T13:39:51.099,T1,1,6781,4.038,-59.1,-78.6,-19.6,156.59,752969881,752968159,108,16533,16912,9193,18976,945,3,1,True
2026-05-01T13:39:51.339,T1,1,6783,3.021,-59.1,-75.7,-16.6,196.94,406483458,406482170,88,17042,17331,12558,17998,920,3,1,True
2026-05-01T13:39:51.427,T1,1,6784,3.269,-68.0,-76.0,-8.0,136.65,478501338,478499943,124,15341,16944,17080,10826,971,3,1,True
2026-05-01T13:39:51.669,T1,1,6786,3.133,-59.9,-76.0,-16.1,183.1,406119290,406117953,96,17042,17578,13002,17878,944,3,1,True
2026-05-01T13:39:51.879,T1,1,6788,3.049,-59.5,-77.0,-17.5,143.21,387261832,387260531,132,18734,18904,14115,23180,1060,3,1,True
2026-05-01T13:39:52.329,T1,1,6792,3.035,-59.9,-78.8,-18.9,166.65,394638348,394637053,92,17399,15332,9906,17903,943,3,1,True
2026-05-01T13:39:52.448,T1,1,6793,3.222,-59.5,-77.2,-17.7,131.45,449547589,449546214,132,18301,17351,13374,21099,1013,3,1,True
2026-05-01T13:39:52.779,T1,1,6796,3.185,-59.8,-78.8,-19.1,150.63,467275835,467274476,124,18949,18678,11022,23605,1079,3,1,True
2026-05-01T13:39:52.927,T1,1,6797,3.114,-59.7,-75.7,-15.9,198.62,430493274,430491945,84,14932,16684,15010,16680,907,3,1,True
2026-05-01T13:39:53.017,T1,1,6798,3.161,-70.4,-77.2,-6.8,173.42,413050901,413049553,96,17244,16648,9933,8204,919,3,1,True
2026-05-01T13:39:53.077,T1,1,6799,4.081,-67.3,-84.7,-17.4,132.46,447510220,447508480,48,7335,6358,3722,2749,478,3,1,True
2026-05-01T13:39:53.317,T1,1,6801,4.503,-59.6,-75.7,-16.1,155.2,733116684,733114763,112,13757,17382,16008,17405,921,3,1,True
2026-05-01T13:39:53.528,T1,1,6803,3.161,-59.8,-76.7,-16.9,158.82,423419200,423417851,112,15285,17788,14036,18274,952,3,1,True
2026-05-01T13:39:54.217,T1,1,6809,3.016,-59.8,-78.6,-18.8,192.14,394337032,394335746,92,15444,17677,10854,18732,962,3,1,True
2026-05-01T13:39:54.457,T1,1,6811,3.016,-60.0,-76.6,-16.6,161.14,395500490,395499203,100,17486,16114,15414,19245,983,3,1,True
2026-05-01T13:39:54.667,T1,1,6813,3.921,-58.1,-77.2,-19.0,208.05,492738228,492736556,88,17337,18308,12873,22787,1002,3,1,True
2026-05-01T13:39:54.787,T1,1,6814,4.812,-58.1,-79.3,-21.3,174.32,754112525,754110472,84,17741,14643,8374,19845,933,3,1,True
2026-05-01T13:39:54.998,T1,1,6816,3.077,-59.4,-75.7,-16.3,168.97,397210642,397209330,96,15266,16221,17295,18707,949,3,1,True
2026-05-01T13:39:55.117,T1,1,6817,3.865,-58.9,-78.1,-19.2,165.87,496282323,496280675,100,16810,16587,9765,18711,934,3,1,True
2026-05-01T13:39:55.178,T1,1,6818,3.269,-59.2,-76.0,-16.8,200.01,461599455,461598060,88,16774,17601,15227,20091,976,3,1,True
2026-05-01T13:39:55.898,T1,1,6824,3.007,-57.6,-75.7,-18.1,187.09,393708240,393706958,88,17947,16464,15687,22324,975,3,1,True
2026-05-01T13:39:56.198,T1,1,6826,3.11,-59.9,-75.5,-15.6,199.51,416405028,416403701,84,14634,16759,14902,16094,896,3,1,True
2026-05-01T13:39:56.558,T1,1,6830,3.701,-59.4,-75.3,-15.9,164.14,472276512,472274934,108,14477,17727,16701,18373,941,3,1,True
2026-05-01T13:39:56.647,T1,1,6831,3.204,-59.7,-76.0,-16.3,146.72,421152545,421151178,116,13106,17019,16212,17032,916,3,1,True
2026-05-01T13:39:56.827,T1,1,6832,3.124,-59.1,-78.0,-18.9,180.65,411166472,411165139,96,15502,17342,10740,18511,933,3,1,True
2026-05-01T13:39:56.858,T1,1,6833,3.879,-86.9,-76.3,10.7,173.46,736445823,736444169,96,16385,16652,13737,2680,930,1,1,False
2026-05-01T13:39:56.978,T1,1,6834,4.31,-62.6,-79.5,-16.9,150.36,496062705,496060866,112,14788,16840,13058,16458,994,3,1,True
2026-05-01T13:39:57.217,T1,1,6836,4.451,-59.2,-75.7,-16.4,204.6,593227386,593225487,88,16182,18005,16785,20573,990,3,1,True
2026-05-01T13:39:57.337,T1,1,6837,3.954,-59.6,-75.8,-16.2,170.34,737481444,737479758,96,14894,16353,14656,16403,896,3,1,True
2026-05-01T13:39:57.397,T1,1,6838,3.199,-57.4,-75.5,-18.1,140.55,454230235,454228870,120,16917,16866,17597,23431,990,3,1,True
2026-05-01T13:39:57.969,T1,1,6843,4.465,-60.2,-76.1,-15.9,193.83,671813460,671811556,88,16823,17057,12094,16492,915,3,1,True
2026-05-01T13:39:58.088,T1,1,6844,3.185,-59.1,-77.2,-18.1,192.03,412850719,412849360,88,17583,16899,9480,18202,927,3,1,True
2026-05-01T13:39:58.417,T1,1,6847,4.54,-57.6,-78.1,-20.5,186.65,736887244,736885308,80,17614,14932,9686,19696,915,3,1,True
2026-05-01T13:39:58.538,T1,1,6848,3.302,-59.9,-75.9,-16.0,192.98,472781158,472779750,92,16876,17754,14015,18347,956,3,1,True
2026-05-01T13:39:58.602,T1,1,6849,3.138,-58.8,-75.3,-16.6,177.76,413282974,413281635,96,16539,17065,16936,20434,970,3,1,True
2026-05-01T13:39:58.959,T1,1,6852,4.475,-61.6,-78.5,-16.9,201.96,728574153,728572245,84,16000,16965,10302,15940,944,3,1,True
2026-05-01T13:39:59.437,T1,1,6856,3.841,-58.3,-77.8,-19.5,178.56,708661286,708659647,100,15961,17856,12361,21320,974,3,1,True
2026-05-01T13:40:07.567,T1,1,6931,2.992,-60.4,-76.9,-16.5,146.98,402631243,402629966,120,17170,17638,12366,18069,967,3,1,True
2026-05-01T13:40:07.687,T1,1,6932,4.221,-59.1,-76.0,-16.9,158.12,758206802,758205002,104,16904,16444,16993,20715,989,3,1,True
2026-05-01T13:40:07.777,T1,1,6933,3.752,-59.7,-75.8,-16.1,170.21,735006098,735004497,100,13889,17021,15219,16617,904,3,1,True
2026-05-01T13:40:07.897,T1,1,6934,3.077,-59.6,-79.3,-19.7,172.88,469638071,469636759,96,18477,16596,9110,20814,1008,3,1,True
2026-05-01T13:40:07.987,T1,1,6935,3.03,-58.1,-78.4,-20.3,155.9,435482422,435481129,116,16402,18084,11474,22521,996,3,1,True
2026-05-01T13:40:08.077,T1,1,6936,4.315,-58.8,-76.6,-17.7,177.59,623416100,623414260,100,18334,17759,13868,21926,1008,3,1,True
2026-05-01T13:40:08.167,T1,1,6937,2.955,-59.7,-75.9,-16.3,142.45,421106578,421105318,128,17127,18234,14560,19666,982,3,1,True
2026-05-01T13:40:08.287,T1,1,6938,3.18,-59.6,-77.9,-18.2,174.5,476056058,476054701,88,17112,15356,10197,17020,913,3,1,True
2026-05-01T13:40:08.377,T1,1,6939,3.776,-59.9,-79.8,-19.9,144.35,493697987,493696376,100,17778,14435,8485,17946,946,3,1,True
2026-05-01T13:40:08.498,T1,1,6940,3.119,-59.9,-77.9,-18.0,190.43,447633658,447632327,80,17208,15234,11113,17229,926,3,1,True
2026-05-01T13:40:08.707,T1,1,6942,3.025,-59.9,-75.6,-15.7,149.04,408649560,408648269,124,17047,18481,15968,19996,999,3,1,True
2026-05-01T13:40:09.039,T1,1,6945,2.955,-60.0,-76.4,-16.3,166.22,405622751,405621491,108,15948,17952,14112,18275,959,3,1,True
2026-05-01T13:40:09.277,T1,1,6947,3.086,-59.4,-75.6,-16.2,179.56,412676159,412674842,96,16726,17238,12922,17430,916,3,1,True
2026-05-01T13:40:09.367,T1,1,6948,4.212,-59.9,-76.8,-16.9,144.61,751011189,751009392,116,16585,16775,12524,17532,935,3,1,True
2026-05-01T13:40:09.727,T1,1,6951,4.54,-59.5,-78.1,-18.6,164.2,726675021,726673085,100,17206,16420,9460,18103,936,3,1,True
2026-05-01T13:40:09.817,T1,1,6952,3.302,-57.6,-78.6,-21.0,179.12,512795893,512794485,84,17619,15046,9646,20568,935,3,1,True
2026-05-01T13:40:11.017,T1,1,6962,2.946,-59.7,-75.6,-15.9,178.1,398671328,398670072,104,16787,18522,16492,20538,1006,3,1,True
2026-05-01T13:40:11.107,T1,1,6963,3.053,-59.8,-76.2,-16.4,173.23,406452944,406451642,100,16702,17323,17341,20862,1017,3,1,True
2026-05-01T13:40:11.317,T1,1,6965,3.724,-74.9,-88.2,-13.3,164.81,388310915,388309326,16,2168,2637,2432,345,220,3,1,True
2026-05-01T13:40:12.037,T1,1,6971,4.198,-inf,-113.7,inf,12.75,450374617,450372827,4,14,51,68,0,85,1,1,False
2026-05-01T13:40:12.255,T1,1,6973,4.287,-60.1,-78.1,-18.0,165.77,761035720,761033891,96,16447,15914,9057,16073,901,3,1,True
2026-05-01T13:40:12.397,T1,1,6974,3.035,-58.3,-75.8,-17.5,213.35,404865702,404864407,80,16684,17068,15137,20376,953,3,1,True
2026-05-01T13:40:12.457,T1,1,6975,4.137,-60.4,-76.3,-15.9,149.24,495075324,495073559,120,15327,17909,15102,17989,963,3,1,True
2026-05-01T13:40:12.547,T1,1,6976,3.124,-59.7,-76.9,-17.2,166.87,422992047,422990715,108,16330,18022,13335,19231,972,3,1,True
2026-05-01T13:40:12.787,T1,1,6978,3.616,-57.8,-75.7,-17.9,216.64,402510914,402509372,80,15444,17331,14048,19349,914,3,1,True
2026-05-01T13:40:12.877,T1,1,6979,3.851,-60.0,-76.3,-16.3,144.42,443423389,443421747,124,17852,17908,17578,22297,1057,3,1,True
2026-05-01T13:40:12.997,T1,1,6980,3.1,-59.5,-75.4,-15.9,188.22,424311652,424310329,88,14077,16563,15616,16377,890,3,1,True
2026-05-01T13:40:13.087,T1,1,6981,4.348,-59.2,-76.3,-17.1,139.06,753948569,753946714,128,18230,17800,15482,22104,1024,3,1,True
2026-05-01T13:40:13.179,T1,1,6982,4.578,-59.7,-76.8,-17.1,147.01,750156770,750154817,124,16455,18229,14082,19906,990,3,1,True
2026-05-01T13:40:13.298,T1,1,6983,3.128,-59.4,-76.3,-16.9,171.61,428502843,428501508,96,15920,16475,12874,16933,902,3,1,True
2026-05-01T13:40:22.118,T1,1,7063,2.974,-59.3,-76.5,-17.2,128.26,390081752,390080483,136,16732,17443,18106,22767,1044,3,1,True
2026-05-01T13:40:22.477,T1,1,7066,2.866,-59.7,-77.2,-17.5,173.33,390586025,390584802,92,17636,15946,14116,19577,981,3,1,True
2026-05-01T13:40:22.567,T1,1,7067,2.978,-59.9,-76.0,-16.1,157.78,409776914,409775643,108,15764,17040,14188,17176,925,3,1,True
2026-05-01T13:40:22.688,T1,1,7068,2.903,-60.1,-75.7,-15.6,158.2,405046287,405045048,108,15950,17086,14488,16981,926,3,1,True
2026-05-01T13:40:23.017,T1,1,7071,3.762,-64.5,-85.0,-20.4,142.39,406468691,406467086,44,5915,6265,3569,2724,432,3,1,True
2026-05-01T13:40:23.376,T1,1,7074,2.946,-59.4,-75.5,-16.0,186.38,398157909,398156653,96,14738,17892,16793,18929,955,3,1,True
2026-05-01T13:40:23.467,T1,1,7075,4.146,-62.6,-78.6,-16.1,155.88,492736734,492734966,104,14040,16212,14388,15432,962,3,1,True
2026-05-01T13:40:23.797,T1,1,7078,3.748,-57.8,-75.6,-17.8,206.11,770558796,770557198,84,18272,17313,15769,23055,997,3,1,True
2026-05-01T13:40:23.918,T1,1,7079,2.936,-59.3,-75.6,-16.3,145.66,405870660,405869407,124,16740,18062,16847,21003,1001,3,1,True
2026-05-01T13:40:24.007,T1,1,7080,4.034,-59.8,-75.9,-16.1,187.58,630575526,630573805,88,15002,16507,14418,16387,901,3,1,True
2026-05-01T13:40:24.336,T1,1,7083,4.113,-63.1,-81.3,-18.3,180.69,470809807,470808053,48,9231,8673,6182,5351,576,3,1,True
2026-05-01T13:40:24.428,T1,1,7084,3.053,-58.0,-75.7,-17.7,133.71,421830681,421829379,120,17433,16045,16163,21330,966,3,1,True
2026-05-01T13:40:24.577,T1,1,7085,3.827,-59.7,-76.0,-16.3,141.98,732880977,732879344,116,14681,16470,15076,16818,910,3,1,True
2026-05-01T13:40:24.697,T1,1,7086,3.841,-83.0,-89.8,-6.8,102.62,428524000,428522361,16,1612,1642,1423,119,171,3,1,True
2026-05-01T13:40:24.966,T1,1,7089,3.288,-58.2,-75.7,-17.4,215.71,482446673,482445270,80,16429,17257,14257,19589,933,3,1,True
2026-05-01T13:40:25.086,T1,1,7090,2.927,-57.7,-75.2,-17.5,150.02,410053052,410051804,120,17750,18003,17220,23941,1012,3,1,True
2026-05-01T13:40:25.177,T1,1,7091,3.837,-60.6,-76.7,-16.1,157.24,440965610,440963974,112,16997,17611,12348,17483,955,3,1,True
2026-05-01T13:40:25.508,T1,1,7094,3.082,-59.7,-76.1,-16.4,171.95,440287203,440285888,100,14174,17195,15207,17186,919,3,1,True
2026-05-01T13:40:25.747,T1,1,7096,2.913,-59.7,-77.8,-18.2,143.05,387605177,387603935,128,17447,18311,12256,21132,1018,3,1,True
2026-05-01T13:40:26.197,T1,1,7100,2.936,-60.3,-76.8,-16.5,129.83,395333418,395332165,132,16623,17138,15008,19001,985,3,1,True
2026-05-01T13:40:26.556,T1,1,7103,4.057,-66.6,-83.4,-16.8,141.57,459978818,459977088,44,6203,6229,3753,2223,420,3,1,True
2026-05-01T13:40:26.647,T1,1,7104,4.137,-60.6,-77.2,-16.6,185.09,491953692,491951927,88,16549,16288,12164,16511,930,3,1,True
2026-05-01T13:40:27.097,T1,1,7108,4.582,-59.7,-77.4,-17.7,132.72,703641184,703639229,120,17688,15926,12751,18875,962,3,1,True
2026-05-01T13:40:27.217,T1,1,7109,3.063,-57.7,-75.4,-17.8,202.12,425940956,425939650,84,17271,16978,12851,19551,914,3,1,True
2026-05-01T13:40:27.308,T1,1,7110,3.199,-59.7,-78.3,-18.6,157.0,467124309,467122945,108,16229,16956,9957,17902,938,3,1,True
2026-05-01T13:40:27.636,T1,1,7113,2.946,-60.1,-77.6,-17.5,153.42,403750646,403749389,116,15777,17797,12297,18369,963,3,1,True
2026-05-01T13:40:27.757,T1,1,7114,3.053,-59.8,-76.1,-16.3,146.23,409363722,409362419,120,15591,17547,14526,17974,942,3,1,True
2026-05-01T13:40:27.998,T1,1,7116,3.128,-59.7,-76.1,-16.4,160.77,463366741,463365407,108,13724,17363,15850,17504,929,3,1,True
2026-05-01T13:40:28.087,T1,1,7117,3.025,-57.9,-75.4,-17.5,184.93,424204163,424202872,88,17533,16274,17501,22468,987,3,1,True
2026-05-01T13:40:28.297,T1,1,7119,3.044,-59.7,-75.9,-16.2,147.06,402379995,402378696,124,16904,18236,15131,19832,988,3,1,True
2026-05-01T13:40:28.388,T1,1,7120,3.091,-59.5,-75.5,-16.0,181.92,416156127,416154808,100,16112,18192,16248,19670,977,3,1,True
2026-05-01T13:40:28.507,T1,1,7121,3.246,-59.5,-78.7,-19.3,139.29,484919185,484917800,124,16330,17272,9500,18947,957,3,1,True
2026-05-01T13:40:37.358,T1,1,7202,4.067,-60.1,-75.4,-15.3,160.79,707772346,707770611,108,15590,17365,14888,16846,923,3,1,True
2026-05-01T13:40:37.448,T1,1,7203,3.063,-59.2,-79.0,-19.8,127.86,471793238,471791932,136,18718,17389,9884,22410,1032,3,1,True
2026-05-01T13:40:37.536,T1,1,7204,3.677,-59.6,-76.0,-16.4,152.63,729620758,729619189,112,16500,17095,15764,19260,968,3,1,True
2026-05-01T13:40:37.656,T1,1,7205,3.072,-59.8,-76.9,-17.1,197.2,493050220,493048910,84,15972,16565,11732,16565,907,3,1,True
2026-05-01T13:40:37.868,T1,1,7207,2.983,-68.9,-75.6,-6.6,176.68,438950826,438949554,96,16180,16961,13835,8937,912,3,1,True
2026-05-01T13:40:37.958,T1,1,7208,2.842,-60.3,-79.2,-18.8,127.67,405526259,405525046,116,17631,14810,9685,17487,947,3,1,True
2026-05-01T13:40:38.107,T1,1,7209,3.41,-59.8,-78.3,-18.5,202.55,617263873,617262419,88,16226,17824,10840,19065,972,3,1,True
2026-05-01T13:40:38.646,T1,1,7214,3.794,-59.8,-76.1,-16.3,144.14,769715230,769713612,124,17610,17873,17405,21995,1042,3,1,True
2026-05-01T13:40:38.766,T1,1,7215,3.114,-58.8,-79.1,-20.4,153.54,466643508,466642179,108,17498,16582,9727,21043,985,3,1,True
2026-05-01T13:40:38.858,T1,1,7216,2.983,-59.8,-75.9,-16.1,143.77,420480028,420478755,120,17632,17253,17698,21372,1028,3,1,True
2026-05-01T13:40:38.945,T1,1,7217,3.128,-59.2,-75.6,-16.4,184.4,434547480,434546146,96,16718,17702,15941,20082,976,3,1,True
2026-05-01T13:40:39.186,T1,1,7219,2.936,-59.9,-77.3,-17.4,189.44,388726750,388725497,96,16896,18186,12577,19617,989,3,1,True
2026-05-01T13:40:39.277,T1,1,7220,3.762,-59.4,-77.3,-17.9,156.26,731213881,731212276,120,18634,18751,13753,23282,1059,3,1,True
2026-05-01T13:40:39.365,T1,1,7221,3.204,-59.4,-75.4,-16.0,200.79,489305232,489303865,84,15210,16866,14810,16912,902,3,1,True
2026-05-01T13:40:39.487,T1,1,7222,2.96,-59.0,-79.0,-20.0,182.28,415976199,415974937,96,18623,17499,9682,22657,1031,3,1,True
2026-05-01T13:40:39.576,T1,1,7223,2.936,-59.4,-77.3,-17.8,173.97,418857367,418856115,92,17762,16005,13164,19485,969,3,1,True
2026-05-01T13:40:39.696,T1,1,7224,3.157,-57.1,-74.7,-17.6,189.76,467457487,467456141,88,15052,16699,15639,19292,890,3,1,True
2026-05-01T13:40:39.787,T1,1,7225,2.96,-59.6,-77.0,-17.4,140.85,408110323,408109060,124,18277,17465,13693,20975,1013,3,1,True
2026-05-01T13:40:40.236,T1,1,7229,4.006,-72.8,-88.9,-16.1,168.75,448103209,448101501,16,2817,2700,1497,466,238,3,1,True
2026-05-01T13:40:40.356,T1,1,7230,3.668,-59.8,-78.6,-18.7,147.03,490277248,490275683,104,17276,15291,9373,17275,926,3,1,True
2026-05-01T13:40:40.445,T1,1,7231,4.165,-62.7,-81.3,-18.6,195.25,488922165,488920389,68,14841,13277,8498,12936,884,3,1,True
2026-05-01T13:40:40.538,T1,1,7232,3.194,-60.2,-77.5,-17.3,217.03,466192581,466191218,76,16568,16494,10636,16678,921,3,1,True
2026-05-01T13:40:40.656,T1,1,7233,3.096,-58.3,-76.2,-17.9,237.61,431413596,431412275,76,15745,18058,14429,20608,959,3,1,True
2026-05-01T13:40:40.746,T1,1,7234,3.34,-59.3,-78.4,-19.1,182.48,531926801,531925376,92,16783,16788,9220,18467,940,3,1,True
2026-05-01T13:40:40.837,T1,1,7235,3.021,-60.1,-76.7,-16.6,145.32,402852199,402850910,116,16587,16857,13169,17556,943,3,1,True
2026-05-01T13:40:41.077,T1,1,7237,3.762,-59.8,-76.2,-16.4,165.93,707643554,707641950,108,15500,17920,14731,18427,956,3,1,True
2026-05-01T13:40:41.286,T1,1,7239,2.903,-59.9,-77.4,-17.5,152.86,393933300,393932062,120,17128,18343,13135,20447,1011,3,1,True
2026-05-01T13:40:41.406,T1,1,7240,2.988,-58.0,-75.3,-17.4,227.42,401886498,401885223,76,17120,17284,13133,19342,919,3,1,True
2026-05-01T13:40:41.498,T1,1,7241,4.418,-60.1,-77.8,-17.7,135.91,682059027,682057143,120,16520,16309,9762,16440,912,3,1,True
2026-05-01T13:40:41.706,T1,1,7243,3.128,-59.2,-76.1,-17.0,156.07,446622720,446621385,108,16629,16856,12558,17719,916,3,1,True
2026-05-01T13:40:41.826,T1,1,7244,3.199,-59.7,-77.2,-17.5,126.11,466928505,466927141,132,18055,16647,13423,19999,991,3,1,True
2026-05-01T13:40:42.306,T1,1,7248,3.161,-60.2,-77.4,-17.2,163.71,466996484,466995136,96,16891,15716,11903,16882,927,3,1,True
2026-05-01T13:40:42.845,T1,1,7253,3.077,-58.3,-76.7,-18.4,171.21,444796321,444795009,96,16510,16436,11658,18450,908,3,1,True
2026-05-01T13:40:42.966,T1,1,7254,3.227,-59.7,-76.2,-16.5,143.27,489754216,489752839,124,17310,17765,12882,18595,956,3,1,True
2026-05-01T13:40:43.085,T1,1,7255,3.011,-60.0,-75.8,-15.8,174.89,412304022,412302737,96,15029,16789,14653,16439,907,3,1,True
2026-05-01T13:40:43.296,T1,1,7257,4.615,-60.0,-77.3,-17.3,192.02,754452460,754450491,92,15335,17666,12524,17782,945,3,1,True
2026-05-01T13:40:43.867,T1,1,7262,3.138,-59.8,-76.0,-16.2,158.07,460811808,460810470,112,16958,17704,13532,18264,952,3,1,True
2026-05-01T13:40:43.956,T1,1,7263,3.846,-59.6,-77.3,-17.7,184.95,728288373,728286733,84,17015,15536,11885,17463,923,3,1,True
2026-05-01T13:40:44.047,T1,1,7264,4.554,-59.3,-75.1,-15.8,192.94,748067490,748065547,88,16051,16979,14114,16942,900,3,1,True
2026-05-01T13:40:44.287,T1,1,7266,3.902,-59.3,-77.8,-18.5,212.29,761526648,761524984,80,16083,16983,10484,17991,926,3,1,True
2026-05-01T13:40:44.406,T1,1,7267,3.082,-59.3,-75.4,-16.1,207.57,422857432,422856117,84,15913,17436,14316,17724,919,3,1,True
2026-05-01T13:40:44.495,T1,1,7268,3.157,-57.9,-77.8,-19.9,178.93,472507679,472506333,84,17819,15030,11330,20318,938,3,1,True
2026-05-01T13:40:44.556,T1,1,7269,3.096,-59.3,-76.2,-16.9,128.51,404299357,404298036,132,17573,16963,17282,21990,1025,3,1,True
2026-05-01T13:40:45.037,T1,1,7273,3.738,-59.3,-76.0,-16.7,182.33,713826249,713824654,96,16514,17504,16417,20526,991,3,1,True
2026-05-01T13:40:45.128,T1,1,7274,3.03,-59.1,-76.1,-17.0,143.55,399887891,399886599,120,16534,17226,16001,20331,979,3,1,True
2026-05-01T13:40:45.248,T1,1,7275,3.283,-59.2,-75.9,-16.6,171.32,482756722,482755321,104,17886,17817,16532,21918,1021,3,1,True
2026-05-01T13:40:45.338,T1,1,7276,3.039,-59.0,-77.9,-18.9,135.75,418833802,418832506,124,16651,16833,10016,18623,935,3,1,True
2026-05-01T13:40:45.456,T1,1,7277,3.053,-59.4,-76.3,-16.9,159.19,407470434,407469131,104,17132,16556,17511,21485,1016,3,1,True
2026-05-01T13:40:45.546,T1,1,7278,3.199,-59.0,-75.6,-16.5,211.75,470898022,470896658,80,14672,16940,15000,17378,903,3,1,True
2026-05-01T13:40:45.636,T1,1,7279,3.171,-59.3,-76.3,-16.9,189.36,407030579,407029227,88,16439,16664,13412,17895,926,3,1,True
2026-05-01T13:40:45.726,T1,1,7280,3.255,-59.2,-76.2,-17.0,141.75,482471724,482470336,128,17204,18144,13736,20079,977,3,1,True
2026-05-01T13:40:45.966,T1,1,7282,3.213,-59.3,-76.3,-17.0,194.34,456111351,456109981,92,17313,17879,13067,19564,967,3,1,True
2026-05-01T13:40:46.056,T1,1,7283,3.963,-59.3,-75.7,-16.4,176.62,730081764,730080073,100,14788,17662,15338,18134,931,3,1,True
2026-05-01T13:40:46.147,T1,1,7284,3.541,-59.1,-75.8,-16.7,163.98,439586279,439584769,100,16828,16398,15673,19282,955,3,1,True
2026-05-01T13:40:46.267,T1,1,7285,3.105,-58.9,-78.8,-19.9,128.59,413454478,413453154,144,18858,18517,10465,24389,1064,3,1,True
2026-05-01T13:40:47.227,T1,1,7293,3.823,-59.5,-75.4,-15.9,196.62,708976490,708974859,84,15442,16516,14136,16229,887,3,1,True
2026-05-01T13:40:47.437,T1,1,7295,2.969,-60.1,-76.2,-16.1,160.35,388880181,388878915,112,17266,17959,13168,18424,964,3,1,True
2026-05-01T13:40:47.676,T1,1,7297,3.855,-62.4,-78.8,-16.4,203.04,435746184,435744539,76,12604,15431,14798,14550,928,3,1,True
2026-05-01T13:40:47.798,T1,1,7298,3.161,-59.8,-76.9,-17.0,152.18,424313781,424312432,120,16763,18261,13769,19870,993,3,1,True
2026-05-01T13:40:47.976,T1,1,7300,4.601,-59.4,-75.9,-16.4,145.52,648293157,648291194,116,17441,16880,17281,21050,1008,3,1,True
2026-05-01T13:40:48.427,T1,1,7304,3.973,-59.7,-75.8,-16.1,177.37,765684580,765682885,100,14733,17737,15610,18017,941,3,1,True
2026-05-01T13:40:48.546,T1,1,7305,3.067,-59.5,-77.3,-17.8,160.89,402405583,402404275,104,16071,16733,11520,17490,921,3,1,True
2026-05-01T13:40:48.756,T1,1,7307,2.997,-59.5,-76.2,-16.8,182.33,385662135,385660857,96,17280,17504,12048,18210,939,3,1,True
2026-05-01T13:40:48.848,T1,1,7308,3.264,-59.8,-77.4,-17.6,135.82,471301889,471300496,116,17150,15755,12566,18036,945,3,1,True
2026-05-01T13:40:48.968,T1,1,7309,3.096,-59.5,-75.6,-16.1,199.32,423879708,423878387,88,14161,17540,16154,17863,931,3,1,True
2026-05-01T13:40:49.056,T1,1,7310,3.86,-59.9,-76.5,-16.6,181.07,425867341,425865695,88,17247,15934,16267,19642,988,3,1,True
2026-05-01T13:40:49.146,T1,1,7311,4.193,-62.8,-78.7,-15.9,178.88,488121428,488119640,84,13956,15026,11870,12823,885,3,1,True
2026-05-01T13:40:49.266,T1,1,7312,3.143,-59.3,-76.5,-17.2,147.72,447743339,447741998,116,18016,17135,14854,20980,1001,3,1,True
2026-05-01T13:40:49.357,T1,1,7313,3.973,-95.6,-95.6,0.0,59.5,423629706,423628011,8,532,476,532,6,110,1,1,False
2026-05-01T13:40:49.447,T1,1,7314,3.152,-59.1,-75.8,-16.8,209.55,415551668,415550324,84,16982,17602,13320,18822,942,3,1,True
2026-05-01T13:40:49.566,T1,1,7315,3.161,-59.2,-76.3,-17.1,163.17,424060117,424058769,112,16539,18275,18395,23480,1057,3,1,True
2026-05-01T13:40:49.776,T1,1,7317,4.02,-59.7,-76.6,-16.9,149.29,766247979,766246265,116,14424,17318,14427,17538,929,3,1,True
2026-05-01T13:40:49.987,T1,1,7319,4.217,-63.5,-79.0,-15.5,176.48,476599739,476597940,64,10507,11295,9155,7186,677,3,1,True
2026-05-01T13:40:50.226,T1,1,7321,3.232,-59.9,-76.1,-16.2,168.56,451165996,451164618,104,16512,17530,16672,19988,999,3,1,True
2026-05-01T13:40:50.316,T1,1,7322,4.503,-60.1,-76.0,-15.9,154.13,568931479,568929559,120,16837,18496,16702,20650,1022,3,1,True
2026-05-01T13:40:50.495,T1,1,7323,4.639,-59.4,-76.8,-17.4,167.27,747562507,747560528,112,18688,18734,14582,23179,1055,3,1,True
2026-05-01T13:40:50.768,T1,1,7326,4.132,-57.7,-75.4,-17.7,153.41,465680073,465678310,120,16486,18409,16530,22867,991,3,1,True
2026-05-01T13:40:50.857,T1,1,7327,3.963,-59.2,-75.7,-16.5,168.68,487311919,487310228,108,17728,18217,17253,22500,1034,3,1,True
2026-05-01T13:40:50.947,T1,1,7328,3.143,-59.3,-76.0,-16.7,142.41,402094027,402092686,128,16566,18229,17301,21873,1024,3,1,True
2026-05-01T13:40:51.068,T1,1,7329,3.204,-57.2,-77.9,-20.7,209.16,424165000,424163634,76,16670,15896,9146,19584,900,3,1,True
2026-05-01T13:40:51.157,T1,1,7330,4.118,-59.0,-75.4,-16.4,145.88,724716459,724714703,120,16412,17505,17031,20492,980,3,1,True
2026-05-01T13:40:51.247,T1,1,7331,3.363,-59.1,-75.5,-16.4,211.76,465885914,465884479,80,14531,16941,15117,17229,900,3,1,True
2026-05-01T13:40:51.366,T1,1,7332,3.218,-59.2,-75.9,-16.7,203.27,429809885,429808512,84,14363,17075,15122,17514,912,3,1,True
2026-05-01T13:40:51.457,T1,1,7333,4.418,-59.4,-75.7,-16.3,198.74,746211732,746209847,84,12911,16694,16178,16620,895,3,1,True
2026-05-01T13:40:59.736,T1,1,7409,4.043,-68.8,-83.7,-14.9,179.21,467203397,467201673,28,3679,5018,4846,1332,350,3,1,True
2026-05-01T13:40:59.827,T1,1,7410,3.832,-59.7,-75.8,-16.1,166.52,745190601,745188967,104,15973,17318,16908,19479,979,3,1,True
2026-05-01T13:40:59.947,T1,1,7411,4.067,-64.3,-79.8,-15.5,180.03,488549640,488547905,64,10629,11522,9399,7435,708,3,1,True
2026-05-01T13:41:00.036,T1,1,7412,3.311,-60.1,-76.2,-16.2,190.75,438375500,438374087,92,14421,17549,15104,17335,935,3,1,True
2026-05-01T13:41:00.126,T1,1,7413,2.974,-58.7,-76.9,-18.2,217.45,414347990,414346722,80,15652,17396,12762,19025,934,3,1,True
2026-05-01T13:41:00.487,T1,1,7416,4.01,-65.7,-84.2,-18.5,168.19,456869447,456867736,32,5509,5382,3123,1891,375,3,1,True
2026-05-01T13:41:00.576,T1,1,7417,3.063,-59.9,-76.4,-16.5,176.45,430525111,430523805,104,17183,18351,14613,20195,1002,3,1,True
2026-05-01T13:41:00.666,T1,1,7418,2.955,-59.7,-78.8,-19.1,194.9,404564933,404563673,92,16479,17931,10358,19921,991,3,1,True
2026-05-01T13:41:01.267,T1,1,7423,2.838,-93.2,-76.8,16.4,142.02,406156951,406155740,124,16759,17610,13935,830,980,1,1,False
2026-05-01T13:41:01.417,T1,1,7424,3.734,-59.9,-76.0,-16.2,167.76,721009255,721007663,104,17038,17447,12927,17760,940,3,1,True
2026-05-01T13:41:01.478,T1,1,7425,4.418,-59.7,-77.3,-17.6,122.48,746231201,746229317,128,17610,15678,13893,19234,972,3,1,True
2026-05-01T13:41:01.566,T1,1,7426,3.532,-59.5,-77.3,-17.8,168.62,422265588,422264082,96,17795,16188,13714,19944,984,3,1,True
2026-05-01T13:41:01.656,T1,1,7427,4.324,-59.7,-76.4,-16.7,139.11,744537904,744536060,132,17010,18362,14536,20284,998,3,1,True
2026-05-01T13:41:01.776,T1,1,7428,3.874,-97.4,-96.9,0.6,60.75,421602541,421600889,8,517,486,303,4,110,1,1,False
2026-05-01T13:41:01.867,T1,1,7429,3.143,-59.5,-76.0,-16.5,148.93,467725988,467724647,112,15949,16680,13823,17308,916,3,1,True
2026-05-01T13:41:01.986,T1,1,7430,3.114,-59.4,-75.8,-16.4,159.6,459800727,459799399,112,17336,17875,17185,21637,1022,3,1,True
2026-05-01T13:41:02.078,T1,1,7431,4.446,-59.7,-75.7,-16.0,146.42,752165794,752163898,120,16747,17570,14060,18105,944,3,1,True
2026-05-01T13:41:02.405,T1,1,7434,3.865,-58.2,-79.0,-20.8,132.08,764992766,764991118,132,17607,17435,10058,22929,1008,3,1,True
2026-05-01T13:41:02.527,T1,1,7435,3.274,-60.4,-76.8,-16.4,130.57,480256369,480254973,132,16573,17235,13837,18092,966,3,1,True
2026-05-01T13:41:02.736,T1,1,7437,4.343,-59.7,-76.3,-16.6,148.83,647728439,647726586,120,17190,17860,13027,18789,961,3,1,True
2026-05-01T13:41:02.825,T1,1,7438,2.997,-59.5,-76.8,-17.3,145.1,405279614,405278335,128,17676,18573,13982,21503,1022,3,1,True
2026-05-01T13:41:02.946,T1,1,7439,3.128,-60.0,-76.8,-16.7,139.72,427253947,427252613,120,17704,16766,15803,20480,1014,3,1,True
2026-05-01T13:41:03.756,T1,1,7446,3.415,-59.9,-76.4,-16.5,177.03,462831024,462829567,96,16629,16995,12881,17401,932,3,1,True
2026-05-01T13:41:03.846,T1,1,7447,3.053,-59.8,-76.7,-16.9,159.77,413759723,413758421,108,14632,17255,14071,17371,927,3,1,True
2026-05-01T13:41:04.086,T1,1,7449,4.301,-62.8,-78.6,-15.8,163.43,497120156,497118321,84,13022,13728,12120,11466,835,3,1,True
2026-05-01T13:41:04.207,T1,1,7450,3.152,-60.2,-77.2,-17.0,171.52,421711096,421709752,96,16512,16466,12034,17001,930,3,1,True
2026-05-01T13:41:04.388,T1,1,7452,3.658,-85.7,-91.6,-5.9,162.25,388777722,388776162,8,1324,1298,732,81,155,1,1,False
2026-05-01T13:41:04.626,T1,1,7454,4.686,-60.1,-76.1,-16.1,173.88,718010077,718008079,96,14832,16692,14642,16494,912,3,1,True
2026-05-01T13:41:04.717,T1,1,7455,4.296,-58.3,-76.3,-18.0,138.03,677425095,677423262,124,18362,17116,14877,22461,1002,3,1,True
2026-05-01T13:41:05.286,T1,1,7460,3.649,-60.5,-77.1,-16.6,135.03,415358234,415356677,116,17082,15663,13304,17175,944,3,1,True
2026-05-01T13:41:05.737,T1,1,7464,2.95,-60.4,-78.4,-18.0,146.92,389703501,389702242,104,17077,15280,9788,16448,920,3,1,True
2026-05-01T13:41:05.976,T1,1,7466,3.687,-86.7,-92.2,-5.5,157.75,397936249,397934677,8,1113,1262,681,72,151,1,1,False
2026-05-01T13:41:06.068,T1,1,7467,3.541,-60.4,-75.8,-15.3,189.06,595504795,595503285,88,13618,16637,15599,15528,896,3,1,True
2026-05-01T13:41:06.157,T1,1,7468,3.077,-60.2,-77.3,-17.1,147.44,397492609,397491296,108,17111,15923,12575,17489,944,3,1,True
2026-05-01T13:41:06.426,T1,1,7470,4.17,-68.8,-84.1,-15.3,175.53,458221310,458219532,32,5448,5617,3718,1645,389,3,1,True
2026-05-01T13:41:06.486,T1,1,7471,3.597,-59.9,-75.9,-16.0,149.47,597810276,597808742,120,15548,17936,15254,18347,957,3,1,True
2026-05-01T13:41:06.575,T1,1,7472,3.189,-58.4,-78.4,-20.0,180.55,485157616,485156255,92,17981,16611,10309,21414,982,3,1,True
2026-05-01T13:41:06.696,T1,1,7473,3.799,-59.6,-75.9,-16.2,157.73,486098081,486096460,116,16067,18297,15913,19827,985,3,1,True
2026-05-01T13:41:06.787,T1,1,7474,3.945,-59.8,-75.5,-15.7,171.38,487154988,487153306,100,16257,17138,13785,16897,915,3,1,True
2026-05-01T13:41:06.906,T1,1,7475,3.949,-59.9,-76.3,-16.4,130.23,722901934,722900250,132,18009,17191,15495,20421,1008,3,1,True
2026-05-01T13:41:06.996,T1,1,7476,3.152,-59.4,-75.4,-16.0,162.76,404702638,404701293,104,15909,16927,17152,19232,962,3,1,True
2026-05-01T13:41:07.237,T1,1,7478,4.006,-60.1,-76.5,-16.4,146.68,765188521,765186812,120,14646,17602,14543,17373,937,3,1,True
2026-05-01T13:41:07.326,T1,1,7479,3.34,-60.3,-77.1,-16.8,141.47,485619671,485618246,116,16705,16411,12100,16909,932,3,1,True
2026-05-01T13:41:07.416,T1,1,7480,3.293,-60.1,-77.9,-17.8,146.89,467475290,467473886,124,16755,18214,12139,19863,1002,3,1,True
2026-05-01T13:41:07.866,T1,1,7484,4.029,-61.4,-80.1,-18.8,196.53,439772606,439770888,68,13748,13364,9945,13022,847,3,1,True
2026-05-01T13:41:07.986,T1,1,7485,4.339,-59.9,-78.1,-18.2,134.73,744945287,744943437,112,17448,15090,11331,17691,940,3,1,True
2026-05-01T13:41:08.556,T1,1,7490,4.597,-59.6,-77.8,-18.3,172.23,769800821,769798861,100,18282,17223,12113,20963,1010,3,1,True
2026-05-01T13:41:08.645,T1,1,7491,3.143,-59.6,-76.1,-16.5,176.67,419653189,419651849,104,17210,18374,14738,20319,995,3,1,True
2026-05-01T13:41:08.736,T1,1,7492,4.653,-59.8,-76.0,-16.2,144.69,685037087,685035102,124,16968,17942,14847,19429,980,3,1,True
2026-05-01T13:41:08.826,T1,1,7493,3.274,-59.4,-75.9,-16.5,137.5,467524110,467522714,120,16152,16500,17455,19943,980,3,1,True
2026-05-01T13:41:08.947,T1,1,7494,3.902,-57.7,-76.1,-18.5,152.86,718426976,718425312,116,18562,17732,15365,24432,1021,3,1,True
2026-05-01T13:41:09.036,T1,1,7495,3.612,-59.3,-79.7,-20.4,135.99,437727755,437726214,108,17921,14687,8596,19074,956,3,1,True
2026-05-01T13:41:09.425,T1,1,7498,3.87,-58.1,-75.5,-17.4,198.51,706713111,706711461,84,16729,16675,15268,20017,940,3,1,True
2026-05-01T13:41:09.486,T1,1,7499,4.221,-60.3,-76.7,-16.4,130.11,486046123,486044323,132,16804,17174,15923,19717,1004,3,1,True
2026-05-01T13:41:10.056,T1,1,7504,3.11,-60.2,-77.0,-16.8,133.63,396879426,396878100,120,17295,16036,14989,19015,982,3,1,True
2026-05-01T13:41:10.175,T1,1,7505,3.105,-59.6,-77.1,-17.5,186.49,398722320,398720996,88,16333,16411,11155,16907,909,3,1,True
2026-05-01T13:41:10.265,T1,1,7506,3.227,-59.9,-76.0,-16.0,172.98,467082025,467080649,100,16804,17298,13503,17644,939,3,1,True
2026-05-01T13:41:11.075,T1,1,7513,3.912,-60.1,-75.5,-15.4,173.35,440730634,440728965,100,13488,17335,16132,16422,911,3,1,True
2026-05-01T13:41:11.195,T1,1,7514,3.157,-58.6,-76.7,-18.1,208.44,430476733,430475386,88,17313,18343,13935,22139,1004,3,1,True
2026-05-01T13:41:11.646,T1,1,7518,4.062,-58.7,-75.7,-17.0,173.89,767744150,767742418,92,17535,15998,16779,20808,978,3,1,True
2026-05-01T13:41:12.007,T1,1,7521,3.884,-65.5,-81.4,-15.9,151.25,410714648,410712991,60,9006,9075,6693,4773,591,3,1,True
2026-05-01T13:41:12.067,T1,1,7522,3.138,-59.9,-76.2,-16.3,146.43,399869611,399868272,124,16242,18157,14726,19087,975,3,1,True
2026-05-01T13:41:12.185,T1,1,7523,4.442,-60.3,-77.5,-17.2,126.52,748384317,748382423,124,17053,15689,11894,17010,934,3,1,True
2026-05-01T13:41:12.276,T1,1,7524,3.912,-60.4,-76.4,-16.0,163.44,437301831,437300162,108,17470,17652,12191,17632,953,3,1,True
2026-05-01T13:41:12.365,T1,1,7525,3.063,-60.7,-77.0,-16.2,161.7,397252188,397250882,104,16740,16817,11065,16027,920,3,1,True
2026-05-01T13:41:12.486,T1,1,7526,4.428,-59.7,-75.6,-16.0,141.07,744516142,744514253,120,16139,16928,13741,16901,910,3,1,True
2026-05-01T13:41:12.815,T1,1,7529,3.114,-59.9,-79.7,-19.8,122.52,440173832,440172503,124,18097,15192,8313,18836,969,3,1,True
2026-05-01T13:41:12.935,T1,1,7530,4.934,-59.5,-78.0,-18.5,168.2,742067416,742065312,100,17594,16820,9259,18562,949,3,1,True
2026-05-01T13:41:13.266,T1,1,7533,3.128,-59.0,-75.4,-16.4,198.43,433239577,433238242,88,17265,17462,13775,18754,937,3,1,True
2026-05-01T13:41:13.385,T1,1,7534,3.846,-63.1,-80.2,-17.1,163.61,420186845,420185204,80,13918,13089,9781,11446,844,3,1,True
2026-05-01T13:41:13.567,T1,1,7536,3.227,-59.8,-75.5,-15.7,186.83,453478763,453477386,96,16193,17936,16690,19467,981,3,1,True
2026-05-01T13:41:13.925,T1,1,7539,4.085,-59.8,-75.9,-16.0,150.55,767678947,767677204,116,14114,17464,15377,17116,921,3,1,True
2026-05-01T13:41:14.137,T1,1,7541,4.292,-61.6,-81.0,-19.4,195.0,479303662,479301832,60,12133,11700,6764,9624,734,3,1,True
2026-05-01T13:41:14.226,T1,1,7542,3.959,-64.3,-80.1,-15.8,173.31,433599193,433597505,72,10788,12478,9998,8467,755,3,1,True
2026-05-01T13:41:14.466,T1,1,7544,4.118,-68.4,-83.1,-14.7,161.0,455876482,455874725,32,4575,5152,4400,1408,355,3,1,True
2026-05-01T13:41:14.555,T1,1,7545,4.034,-59.7,-77.9,-18.2,141.05,735764553,735762832,124,18532,17490,11817,21101,1020,3,1,True
2026-05-01T13:41:14.705,T1,1,7546,3.982,-60.2,-76.0,-15.8,141.19,724493167,724491468,124,17794,17507,17342,21046,1033,3,1,True
2026-05-01T13:41:14.766,T1,1,7547,3.208,-60.4,-77.1,-16.7,154.35,404324962,404323593,108,16777,16670,10160,16018,909,3,1,True
2026-05-01T13:41:14.887,T1,1,7548,3.977,-64.3,-79.3,-15.0,192.72,419479172,419477476,60,9502,11563,10271,7075,692,3,1,True
2026-05-01T13:41:14.976,T1,1,7549,3.269,-59.7,-76.1,-16.4,169.6,464065462,464064068,100,14999,16960,13744,16624,904,3,1,True
2026-05-01T13:41:15.065,T1,1,7550,3.133,-59.7,-75.7,-16.0,140.13,401851047,401849710,132,16985,18497,16056,20451,1003,3,1,True
2026-05-01T13:41:15.158,T1,1,7551,3.269,-58.0,-75.5,-17.5,145.15,466964117,466962723,116,17673,16837,17668,23216,1008,3,1,True
2026-05-01T13:41:15.275,T1,1,7552,3.34,-60.0,-75.9,-15.9,189.09,484197836,484196412,92,17230,17396,12285,17221,929,3,1,True
2026-05-01T13:41:15.365,T1,1,7553,3.26,-57.9,-75.5,-17.5,146.97,420654205,420652815,116,17314,17049,12908,19406,918,3,1,True
2026-05-01T13:41:15.456,T1,1,7554,3.218,-59.6,-77.1,-17.5,182.97,404302115,404300742,92,16979,16833,11043,17741,929,3,1,True
2026-05-01T13:41:15.815,T1,1,7557,3.213,-59.9,-75.6,-15.8,184.39,453012451,453011081,100,16656,18439,16028,19835,993,3,1,True
2026-05-01T13:41:15.905,T1,1,7558,3.297,-60.3,-77.5,-17.2,190.3,419563892,419562486,84,16507,15985,10366,15866,903,3,1,True
2026-05-01T13:41:16.116,T1,1,7560,4.376,-59.9,-78.7,-18.8,136.94,714991562,714989695,124,18484,16981,10160,20535,1011,3,1,True
2026-05-01T13:41:16.236,T1,1,7561,4.052,-59.6,-76.0,-16.4,127.89,724841237,724839509,140,16633,17904,16941,20901,1011,3,1,True
2026-05-01T13:41:16.356,T1,1,7562,4.925,-59.5,-75.4,-15.8,138.84,740766614,740764513,132,16879,18327,16740,20541,999,3,1,True
2026-05-01T13:41:16.428,T1,1,7563,4.16,-70.1,-84.8,-14.7,127.3,437519591,437517817,40,4240,5092,3851,1234,353,3,1,True
2026-05-01T13:41:16.536,T1,1,7564,3.199,-59.5,-76.7,-17.2,175.02,409589692,409588327,104,18501,18202,14057,21848,1029,3,1,True
2026-05-01T13:41:16.986,T1,1,7568,3.124,-60.5,-78.1,-17.6,130.47,391557274,391555941,124,16561,16178,9856,16315,919,3,1,True
2026-05-01T13:41:17.106,T1,1,7569,3.175,-59.9,-76.3,-16.4,144.79,396910577,396909222,120,14397,17375,14679,17122,925,3,1,True
2026-05-01T13:41:17.195,T1,1,7570,3.658,-59.9,-78.4,-18.5,114.31,419896029,419894468,132,17658,15089,10706,17899,946,3,1,True
2026-05-01T13:41:18.156,T1,1,7578,4.118,-59.6,-75.7,-16.1,144.56,754688030,754686273,124,16959,17926,14105,18749,957,3,1,True
2026-05-01T13:41:18.277,T1,1,7579,3.907,-59.8,-75.5,-15.7,198.91,435087692,435086026,92,16159,18300,16542,19622,986,3,1,True
2026-05-01T13:41:18.337,T1,1,7580,3.935,-60.3,-76.0,-15.7,155.2,422813319,422811641,112,15026,17382,14975,17020,933,3,1,True
2026-05-01T13:41:18.696,T1,1,7583,4.071,-57.8,-76.5,-18.7,149.71,761737746,761736010,116,18509,17366,14498,23760,1012,3,1,True
2026-05-01T13:41:18.756,T1,1,7584,4.071,-73.6,-88.4,-14.9,110.46,433595301,433593564,28,3061,3093,1790,507,255,3,1,True
2026-05-01T13:41:18.996,T1,1,7586,4.09,-59.8,-76.2,-16.4,138.56,754503811,754502066,128,17374,17736,12609,18363,953,3,1,True
2026-05-01T13:41:19.116,T1,1,7587,4.709,-59.6,-76.6,-17.1,175.04,735652735,735650727,104,16904,18204,13538,19841,983,3,1,True
2026-05-01T13:41:19.326,T1,1,7589,3.255,-59.9,-76.1,-16.1,147.54,437425205,437423816,124,15934,18295,16216,19823,994,3,1,True
2026-05-01T13:41:19.415,T1,1,7590,3.593,-59.7,-76.1,-16.4,195.02,529894409,529892876,96,18160,18722,15716,21949,1038,3,1,True
2026-05-01T13:41:19.505,T1,1,7591,3.283,-59.7,-75.4,-15.7,156.52,419377852,419376452,108,15980,16904,13868,16552,902,3,1,True
2026-05-01T13:41:19.747,T1,1,7593,3.124,-60.6,-79.1,-18.5,131.77,390592878,390591546,120,18161,15813,10053,18629,987,3,1,True
2026-05-01T13:41:20.075,T1,1,7596,3.222,-59.5,-76.2,-16.7,203.13,448024480,448023106,84,17006,17063,11610,17256,916,3,1,True
2026-05-01T13:41:20.317,T1,1,7598,3.063,-58.3,-79.4,-21.1,179.18,388409563,388408256,88,17789,15768,9343,21376,975,3,1,True
2026-05-01T13:41:20.405,T1,1,7599,3.715,-59.5,-79.1,-19.6,120.09,433491676,433490091,124,17716,14891,9701,18617,951,3,1,True
2026-05-01T13:41:20.767,T1,1,7602,4.17,-59.4,-76.8,-17.4,187.84,760534221,760532443,96,18406,18033,13737,21619,1019,3,1,True
2026-05-01T13:41:20.917,T1,1,7603,5.005,-59.3,-75.3,-16.0,159.46,749742561,749740426,112,14727,17859,16534,18664,945,3,1,True
2026-05-01T13:41:20.946,T1,1,7604,4.099,-58.2,-79.0,-20.8,184.81,725949719,725947970,80,17391,14785,8472,19070,918,3,1,True
2026-05-01T13:41:21.096,T1,1,7605,3.166,-59.3,-75.9,-16.6,176.31,419694877,419693526,96,16612,16926,18031,21294,1009,3,1,True
2026-05-01T13:41:21.158,T1,1,7606,4.4,-59.4,-79.1,-19.7,148.02,682284065,682282188,104,17991,15394,9312,19278,964,3,1,True
2026-05-01T13:41:21.487,T1,1,7609,3.114,-59.6,-77.0,-17.5,208.11,396567101,396565773,88,17426,18314,12835,20493,999,3,1,True
2026-05-01T13:41:21.756,T1,1,7611,4.39,-63.1,-79.7,-16.6,154.81,491787687,491785814,80,11539,12385,9671,9121,752,3,1,True
2026-05-01T13:41:21.937,T1,1,7613,4.259,-66.6,-82.0,-15.4,164.02,460330997,460329180,40,6280,6561,5718,2539,449,3,1,True
2026-05-01T13:41:22.146,T1,1,7615,4.226,-76.3,-88.5,-12.2,141.62,458184241,458182439,16,2015,2266,2263,275,206,3,1,True
2026-05-01T13:41:22.266,T1,1,7616,3.926,-59.9,-76.2,-16.3,172.07,419452956,419451281,108,17997,18584,15191,21198,1027,3,1,True
2026-05-01T13:41:22.356,T1,1,7617,3.185,-59.6,-77.1,-17.5,192.55,415532041,415530682,88,15850,16944,11446,17141,914,3,1,True
2026-05-01T13:41:22.445,T1,1,7618,3.185,-59.4,-78.9,-19.5,190.23,412083672,412082313,92,16199,17501,9708,19490,967,3,1,True
2026-05-01T13:41:22.565,T1,1,7619,4.634,-59.7,-76.2,-16.5,159.97,683162613,683160637,108,14412,17277,14951,17382,924,3,1,True
2026-05-01T13:41:22.686,T1,1,7620,4.118,-57.7,-75.4,-17.7,219.2,731422228,731420472,80,14677,17536,15546,19792,921,3,1,True
2026-05-01T13:41:22.865,T1,1,7622,4.385,-63.7,-79.7,-16.0,158.63,490348603,490346733,76,10900,12056,9584,8207,730,3,1,True
2026-05-01T13:41:22.987,T1,1,7623,3.401,-60.2,-76.7,-16.5,141.02,470269682,470268231,132,16547,18615,17977,22530,1069,3,1,True
2026-05-01T13:41:23.438,T1,1,7627,4.132,-60.1,-76.0,-15.9,169.14,759972650,759970887,112,18110,18944,17038,22378,1062,3,1,True
2026-05-01T13:41:23.557,T1,1,7628,4.099,-59.8,-75.7,-15.9,173.05,720606368,720604620,100,13185,17305,16277,16857,914,3,1,True
2026-05-01T13:41:24.395,T1,1,7635,4.048,-62.7,-79.3,-16.6,151.52,448756365,448754639,108,16093,16364,11468,15834,977,3,1,True
2026-05-01T13:41:24.456,T1,1,7636,3.499,-60.2,-76.9,-16.7,139.26,432048930,432047437,124,17088,17268,11473,17395,942,3,1,True
2026-05-01T13:41:24.577,T1,1,7637,4.775,-60.0,-76.4,-16.4,155.32,740807610,740805573,112,14542,17396,14440,17131,928,3,1,True
2026-05-01T13:41:24.785,T1,1,7639,3.335,-60.2,-76.4,-16.2,142.34,466353344,466351922,124,16693,17650,15128,19100,986,3,1,True
2026-05-01T13:41:24.875,T1,1,7640,3.377,-60.1,-76.9,-16.7,159.62,482996347,482994907,112,15585,17878,13630,18150,959,3,1,True
2026-05-01T13:41:25.088,T1,1,7642,3.133,-60.1,-77.5,-17.4,145.44,390231311,390229974,124,16232,18034,12407,18863,977,3,1,True
2026-05-01T13:41:25.205,T1,1,7643,4.714,-59.8,-75.9,-16.2,142.23,683953895,683951885,124,17763,17636,17030,21338,1027,3,1,True
2026-05-01T13:41:25.445,T1,1,7645,4.16,-60.4,-78.5,-18.1,137.52,759053336,759051561,116,16647,15952,9038,16386,919,3,1,True
2026-05-01T13:41:25.537,T1,1,7646,4.203,-60.5,-77.2,-16.7,185.72,724598692,724596900,88,16418,16343,10686,15755,904,3,1,True
2026-05-01T13:41:25.627,T1,1,7647,4.02,-60.1,-76.1,-16.0,128.83,434942252,434940538,132,16764,17006,15689,18815,976,3,1,True
2026-05-01T13:41:25.836,T1,1,7649,3.264,-59.4,-76.8,-17.4,190.6,451388618,451387226,88,15964,16773,12228,17376,915,3,1,True
2026-05-01T13:41:26.077,T1,1,7651,4.845,-59.7,-78.6,-18.9,123.06,696169154,696167087,124,17769,15259,11194,18919,965,3,1,True
2026-05-01T13:41:26.376,T1,1,7653,5.103,-59.8,-75.8,-15.9,150.28,762612133,762609957,120,17203,18034,13959,18692,963,3,1,True
2026-05-01T13:41:26.405,T1,1,7654,4.845,-59.4,-75.5,-16.1,141.73,744175471,744173405,124,15616,17574,16678,19271,963,3,1,True
2026-05-01T13:41:26.737,T1,1,7657,3.067,-59.7,-78.6,-18.9,185.19,390391177,390389868,96,18683,17778,10792,22035,1040,3,1,True
2026-05-01T13:41:26.945,T1,1,7659,4.395,-62.8,-78.5,-15.7,162.02,491786260,491784385,80,11868,12962,11445,9910,777,3,1,True
2026-05-01T13:41:27.067,T1,1,7660,3.114,-59.7,-75.9,-16.2,177.58,396975985,396974657,104,18042,18468,17365,22675,1055,3,1,True
2026-05-01T13:41:27.156,T1,1,7661,3.227,-59.4,-76.1,-16.7,131.25,402337054,402335678,124,16836,16275,17751,20849,1002,3,1,True
2026-05-01T13:41:27.306,T1,1,7662,3.386,-59.5,-76.8,-17.3,138.23,458903550,458902106,132,18513,18247,14765,22565,1046,3,1,True
2026-05-01T13:41:27.396,T1,1,7663,3.236,-57.8,-76.3,-18.5,179.53,419496633,419495252,88,17461,15799,14347,20787,946,3,1,True
2026-05-01T13:41:27.486,T1,1,7664,4.306,-60.3,-78.0,-17.7,147.33,722567927,722566091,112,16646,16501,9641,16635,922,3,1,True
2026-05-01T13:41:27.575,T1,1,7665,3.185,-57.9,-74.9,-17.0,143.46,417706970,417705612,120,14587,17215,16176,19014,910,3,1,True
2026-05-01T13:41:27.666,T1,1,7666,4.981,-59.4,-75.2,-15.8,172.21,740934515,740932390,96,15025,16532,14866,16414,888,3,1,True
2026-05-01T13:41:27.755,T1,1,7667,3.391,-59.5,-76.1,-16.6,133.35,461237698,461236252,124,17719,16536,15851,20200,988,3,1,True
2026-05-01T13:41:28.235,T1,1,7671,3.34,-59.6,-76.2,-16.6,153.73,452487000,452485575,112,17123,17218,11702,17481,923,3,1,True
2026-05-01T13:41:28.808,T1,1,7676,4.31,-62.6,-79.1,-16.5,135.46,486983554,486981715,100,12433,13546,13266,12223,858,3,1,True
2026-05-01T13:41:29.016,T1,1,7678,3.11,-59.8,-75.9,-16.1,166.92,387708909,387707582,100,16700,16692,15730,18680,960,3,1,True
2026-05-01T13:41:29.256,T1,1,7680,3.194,-59.8,-79.1,-19.3,131.3,401015710,401014347,136,18870,17857,10204,22552,1057,3,1,True
2026-05-01T13:41:29.346,T1,1,7681,3.222,-60.1,-76.3,-16.2,147.6,416080816,416079441,124,16884,18303,15904,20364,1014,3,1,True
2026-05-01T13:41:29.465,T1,1,7682,3.25,-58.0,-77.4,-19.4,188.68,418830576,418829189,88,17219,16604,10405,19863,932,3,1,True
2026-05-01T13:41:29.676,T1,1,7684,3.133,-60.1,-77.6,-17.5,182.53,430432522,430431186,96,14914,17523,12708,17683,945,3,1,True
2026-05-01T13:41:29.797,T1,1,7685,3.419,-57.8,-75.7,-17.9,186.33,437348083,437346625,92,18209,17142,15480,22709,991,3,1,True
2026-05-01T13:41:29.886,T1,1,7686,3.222,-59.3,-78.5,-19.2,144.61,407218334,407216959,120,16210,17353,9965,18997,953,3,1,True
2026-05-01T13:41:30.005,T1,1,7687,4.287,-60.3,-76.3,-16.0,196.88,740029346,740027517,88,16936,17325,12265,16972,932,3,1,True
2026-05-01T13:41:30.816,T1,1,7694,4.217,-59.7,-78.7,-19.0,150.72,761547668,761545869,116,15905,17484,10232,18831,962,3,1,True
2026-05-01T13:41:31.025,T1,1,7696,4.104,-60.1,-76.8,-16.7,167.16,752160629,752158878,108,16157,18053,13592,18708,972,3,1,True
2026-05-01T13:41:31.116,T1,1,7697,3.246,-59.5,-75.5,-15.9,196.67,412420850,412419465,88,15780,17307,14707,17555,923,3,1,True
2026-05-01T13:41:31.237,T1,1,7698,3.236,-59.8,-76.5,-16.7,150.15,417634311,417632930,124,17623,18618,14764,21171,1023,3,1,True
2026-05-01T13:41:31.805,T1,1,7703,3.204,-57.9,-76.3,-18.4,198.5,448847527,448846160,92,18701,18262,14451,24261,1025,3,1,True
2026-05-01T13:41:31.897,T1,1,7704,3.405,-59.3,-75.9,-16.6,176.65,431213987,431212534,96,17511,16958,17540,21610,1018,3,1,True
2026-05-01T13:41:32.015,T1,1,7705,3.175,-59.4,-75.9,-16.5,187.74,414965429,414964074,96,15864,18023,15185,19236,962,3,1,True
2026-05-01T13:41:32.225,T1,1,7707,3.86,-60.4,-77.1,-16.7,135.42,407707529,407705883,120,16894,16250,13167,17444,948,3,1,True
2026-05-01T13:41:32.329,T1,1,7708,3.996,-65.0,-83.2,-18.2,158.77,415312925,415311221,56,10552,8891,5908,6046,655,3,1,True
2026-05-01T13:41:32.795,T1,1,7712,3.269,-59.6,-77.4,-17.7,184.59,437980205,437978811,92,17487,16982,9880,17980,938,3,1,True
2026-05-01T13:41:32.886,T1,1,7713,4.081,-62.9,-78.5,-15.6,179.39,432347563,432345822,84,13925,15069,14166,13887,923,3,1,True
2026-05-01T13:41:33.216,T1,1,7716,3.316,-59.4,-75.8,-16.4,150.23,445255223,445253809,120,15363,18028,15945,19350,964,3,1,True
2026-05-01T13:41:33.336,T1,1,7717,3.476,-58.9,-75.8,-16.9,197.84,464758002,464756519,88,15042,17410,16604,19719,959,3,1,True
2026-05-01T13:41:33.427,T1,1,7718,3.232,-59.7,-76.9,-17.2,208.59,399689010,399687632,80,11879,16687,16339,17165,919,3,1,True
2026-05-01T13:41:33.695,T1,1,7720,4.113,-63.2,-79.9,-16.7,134.23,428236943,428235188,80,9982,10738,8877,7085,666,3,1,True
2026-05-01T13:41:33.755,T1,1,7721,4.69,-59.2,-75.8,-16.7,159.59,749259374,749257373,108,13510,17236,15648,17473,910,3,1,True
2026-05-01T13:41:33.847,T1,1,7722,4.235,-59.3,-77.5,-18.1,144.88,724935756,724933950,120,15065,17386,12256,18139,932,3,1,True
2026-05-01T13:41:34.337,T1,1,7726,4.442,-60.3,-81.0,-20.7,203.5,486474763,486472868,68,12792,13838,9069,13925,846,3,1,True
2026-05-01T13:41:34.417,T1,1,7727,3.241,-59.3,-77.5,-18.2,215.0,420498252,420496870,80,15525,17200,12114,18360,936,3,1,True
2026-05-01T13:41:34.506,T1,1,7728,3.166,-56.8,-77.2,-20.4,154.63,398978179,398976829,108,16871,16700,10940,21308,925,3,1,True
2026-05-01T13:41:35.225,T1,1,7734,3.185,-59.4,-75.7,-16.3,199.69,409586655,409585297,88,16008,17573,14479,18239,936,3,1,True
2026-05-01T13:41:35.314,T1,1,7735,3.232,-59.1,-77.5,-18.4,172.55,415607002,415605624,96,17142,16565,9920,18166,924,3,1,True
2026-05-01T13:41:35.464,T1,1,7736,4.212,-59.7,-76.0,-16.3,142.8,723801538,723799742,128,17084,18278,14602,19689,985,3,1,True
2026-05-01T13:41:35.645,T1,1,7738,3.279,-59.8,-76.6,-16.7,159.61,436224768,436223370,108,16397,17238,15261,19373,980,3,1,True
2026-05-01T13:41:35.766,T1,1,7739,3.199,-58.9,-78.2,-19.3,147.95,411638192,411636828,112,17010,16570,9114,18740,933,3,1,True
2026-05-01T13:41:35.855,T1,1,7740,3.372,-59.1,-78.4,-19.3,125.98,481599175,481597737,128,18119,16126,11103,20603,986,3,1,True
2026-05-01T13:41:36.186,T1,1,7743,3.283,-59.0,-75.8,-16.8,174.35,436868071,436866670,96,17018,16738,17670,21452,1002,3,1,True
2026-05-01T13:41:36.875,T1,1,7749,4.015,-63.7,-81.2,-17.5,227.06,408027005,408025293,32,7017,7266,5641,3430,471,3,1,True
2026-05-01T13:41:36.995,T1,1,7750,3.208,-59.6,-77.5,-17.9,203.59,410892096,410890727,88,16200,17916,12169,19213,969,3,1,True
2026-05-01T13:41:37.086,T1,1,7751,3.325,-59.6,-76.3,-16.7,146.59,475554106,475552687,116,17692,17005,16147,20881,1009,3,1,True
2026-05-01T13:41:37.177,T1,1,7752,3.33,-59.4,-76.6,-17.2,196.97,426945736,426944316,88,14816,17333,13684,17741,924,3,1,True
2026-05-01T13:41:37.445,T1,1,7754,5.155,-59.3,-75.6,-16.3,189.97,759394285,759392086,88,15133,16717,14701,17049,904,3,1,True
2026-05-01T13:41:37.505,T1,1,7755,3.87,-59.2,-77.9,-18.7,187.34,662942776,662941125,88,17539,16486,9136,18402,936,3,1,True
2026-05-01T13:41:37.655,T1,1,7756,4.217,-59.5,-75.7,-16.2,179.04,720692085,720690286,100,16845,17904,14908,19368,968,3,1,True
2026-05-01T13:41:37.925,T1,1,7759,4.273,-68.4,-83.6,-15.2,143.36,453387350,453385527,36,4634,5161,4093,1417,356,3,1,True
2026-05-01T13:41:38.045,T1,1,7760,3.415,-59.6,-75.3,-15.7,196.75,468623718,468622261,84,14738,16527,15215,16317,891,3,1,True
2026-05-01T13:41:38.255,T1,1,7762,3.466,-59.6,-76.3,-16.7,197.85,498696312,498694833,88,14337,17411,14685,17494,925,3,1,True
2026-05-01T13:41:38.375,T1,1,7763,3.171,-60.0,-76.0,-16.0,155.72,398483784,398482432,120,18238,18686,17038,22376,1059,3,1,True
2026-05-01T13:41:38.465,T1,1,7764,4.592,-59.9,-76.3,-16.5,210.11,738787408,738785450,80,16721,16809,16315,19692,989,3,1,True
2026-05-01T13:41:38.554,T1,1,7765,3.185,-59.9,-78.4,-18.5,213.24,409465671,409464313,88,18693,18765,11754,23018,1072,3,1,True
2026-05-01T13:41:38.677,T1,1,7766,4.076,-63.2,-78.4,-15.2,186.82,433457506,433455768,84,13171,15693,14519,13702,927,3,1,True
2026-05-01T13:41:38.766,T1,1,7767,3.48,-59.6,-77.5,-17.9,192.64,464892982,464891497,88,17596,16952,9619,18052,940,3,1,True
2026-05-01T13:41:38.915,T1,1,7768,3.185,-57.7,-76.3,-18.6,162.72,413069413,413068054,100,18120,16272,14429,22130,973,3,1,True
2026-05-01T13:41:38.975,T1,1,7769,3.222,-59.7,-77.1,-17.4,167.3,419481675,419480300,92,17261,15392,12932,17823,935,3,1,True
2026-05-01T13:41:39.126,T1,1,7770,4.203,-59.4,-75.6,-16.2,172.27,731534405,731532612,96,16021,16538,13345,16552,892,3,1,True
2026-05-01T13:41:39.157,T1,1,7771,3.25,-58.1,-75.2,-17.1,143.12,409941149,409939763,124,16799,17747,14569,20089,941,3,1,True
2026-05-01T13:41:39.276,T1,1,7772,3.232,-59.8,-78.8,-19.0,166.39,417011410,417010031,88,17617,14642,9755,17563,933,3,1,True
2026-05-01T13:41:39.366,T1,1,7773,3.302,-59.9,-75.9,-16.0,198.6,409054834,409053425,88,17307,17477,12568,17564,936,3,1,True
2026-05-01T13:41:39.486,T1,1,7774,3.415,-59.9,-77.7,-17.7,136.28,457382809,457381352,132,16416,17989,12068,19182,979,3,1,True
2026-05-01T13:41:40.055,T1,1,7779,4.249,-59.9,-76.1,-16.3,152.42,766932166,766930354,116,17113,17681,13126,18250,953,3,1,True
2026-05-01T13:41:40.175,T1,1,7780,3.433,-59.6,-76.1,-16.5,145.82,456348809,456347344,120,17083,17498,12446,17964,937,3,1,True
2026-05-01T13:41:40.867,T1,1,7786,3.382,-57.5,-75.3,-17.8,206.89,451250407,451248964,84,14598,17379,16068,20191,923,3,1,True
2026-05-01T13:41:41.015,T1,1,7787,3.302,-57.5,-77.8,-20.3,178.98,430017946,430016537,84,17648,15034,10993,20384,928,3,1,True
2026-05-01T13:41:41.195,T1,1,7789,4.043,-59.3,-75.7,-16.4,181.14,696040368,696038643,96,13941,17389,15718,17622,917,3,1,True
2026-05-01T13:41:41.285,T1,1,7790,3.204,-59.3,-75.6,-16.3,171.48,406172270,406170904,104,16974,17834,17057,21090,1004,3,1,True
2026-05-01T13:41:41.406,T1,1,7791,4.423,-64.9,-83.8,-18.9,141.53,482028898,482027012,60,9278,8492,4741,5094,598,3,1,True
2026-05-01T13:41:49.475,T1,1,7865,4.536,-60.3,-79.3,-19.0,121.06,711075461,711073527,124,17550,15012,9625,17789,954,3,1,True
2026-05-01T13:41:49.565,T1,1,7866,3.138,-60.4,-76.3,-15.9,140.78,455907028,455905690,128,16932,18020,14616,18927,987,3,1,True
2026-05-01T13:41:49.685,T1,1,7867,3.021,-60.0,-78.7,-18.7,194.8,404076289,404075001,92,16078,17922,10940,19410,987,3,1,True
2026-05-01T13:41:49.805,T1,1,7868,3.884,-60.0,-75.6,-15.6,199.6,735728979,735727323,88,15787,17565,14300,17124,926,3,1,True
2026-05-01T13:41:50.377,T1,1,7873,3.157,-60.2,-77.2,-17.1,134.31,441664975,441663629,124,16579,16654,11389,16905,926,3,1,True
2026-05-01T13:41:50.465,T1,1,7874,3.044,-60.0,-77.1,-17.1,150.39,398783162,398781864,108,16796,16242,12587,17450,937,3,1,True
2026-05-01T13:41:50.555,T1,1,7875,3.138,-59.4,-78.4,-19.1,165.94,456600517,456599178,104,16165,17258,9908,18722,948,3,1,True
2026-05-01T13:41:50.946,T1,1,7878,3.766,-71.6,-86.0,-14.5,150.33,392915452,392913846,24,2919,3608,3478,697,279,3,1,True
2026-05-01T13:41:51.005,T1,1,7879,3.035,-59.5,-76.0,-16.5,159.93,391455823,391454528,108,16797,17272,12833,17760,929,3,1,True
2026-05-01T13:41:51.275,T1,1,7881,4.695,-59.6,-75.9,-16.3,151.33,766315347,766313344,116,16630,17554,18056,21461,1022,3,1,True
2026-05-01T13:41:51.577,T1,1,7884,3.03,-60.4,-77.1,-16.7,147.56,385915204,385913911,112,16387,16527,12470,16861,932,3,1,True
2026-05-01T13:41:51.665,T1,1,7885,3.269,-60.0,-77.4,-17.4,153.48,456076104,456074709,116,15401,17804,13015,18322,960,3,1,True
2026-05-01T13:41:51.875,T1,1,7887,3.128,-59.7,-80.1,-20.4,158.95,432455696,432454361,92,17977,14623,8002,18822,961,3,1,True
2026-05-01T13:41:51.995,T1,1,7888,3.199,-59.7,-78.3,-18.6,181.26,434410317,434408952,104,18860,18851,11995,23536,1075,3,1,True
2026-05-01T13:41:52.085,T1,1,7889,4.826,-59.7,-75.6,-15.9,180.69,736460078,736458019,96,16041,17346,14038,17251,922,3,1,True
2026-05-01T13:41:52.294,T1,1,7891,3.476,-60.1,-77.6,-17.5,139.03,518127706,518126223,116,16733,16127,10756,16717,920,3,1,True
2026-05-01T13:41:52.416,T1,1,7892,3.175,-59.3,-78.0,-18.6,133.56,416592391,416591037,132,18578,17630,12055,22158,1031,3,1,True
2026-05-01T13:41:52.505,T1,1,7893,4.001,-59.3,-75.0,-15.7,160.54,719343980,719342274,104,15061,16696,14797,16392,885,3,1,True
2026-05-01T13:41:52.625,T1,1,7894,3.302,-60.0,-77.8,-17.8,143.5,478297607,478296198,108,16978,15498,10619,16780,917,3,1,True
2026-05-01T13:41:52.716,T1,1,7895,3.218,-65.9,-75.1,-9.2,207.2,420444551,420443178,80,16419,16576,13519,10490,888,3,1,True
2026-05-01T13:41:53.286,T1,1,7900,3.114,-59.3,-78.4,-19.1,164.67,393314388,393313060,104,16121,17126,10109,18689,946,3,1,True
2026-05-01T13:41:54.005,T1,1,7906,3.157,-59.3,-78.7,-19.4,161.43,442857024,442855678,96,17887,15497,10540,19508,966,3,1,True
2026-05-01T13:41:54.214,T1,1,7908,4.024,-59.5,-75.7,-16.2,187.84,756343080,756341363,88,14429,16530,15145,16602,896,3,1,True
2026-05-01T13:41:54.337,T1,1,7909,3.973,-59.7,-76.5,-16.8,130.82,715562403,715560709,132,16905,17268,16983,21199,1021,3,1,True
2026-05-01T13:41:54.425,T1,1,7910,4.043,-76.9,-89.2,-12.3,111.75,430626645,430624921,20,2400,2235,1459,281,213,3,1,True
2026-05-01T13:41:54.935,T1,1,7914,3.968,-62.7,-82.3,-19.6,130.84,450227261,450225569,96,15165,12561,8009,13336,899,3,1,True
2026-05-01T13:41:54.996,T1,1,7915,3.893,-58.0,-77.6,-19.6,196.31,714580384,714578724,84,18332,16490,12236,22431,990,3,1,True
2026-05-01T13:41:55.145,T1,1,7916,4.939,-59.5,-76.3,-16.8,120.87,737629550,737627443,132,17318,15955,16488,20113,988,3,1,True
2026-05-01T13:41:55.175,T1,1,7917,3.302,-59.3,-76.3,-17.1,186.28,473287620,473286212,96,18226,17883,14931,21692,1017,3,1,True
2026-05-01T13:41:55.324,T1,1,7918,3.1,-81.8,-75.3,6.5,213.73,398441560,398440237,80,14739,17098,15930,3714,917,1,1,False
2026-05-01T13:41:55.387,T1,1,7919,3.274,-59.5,-76.1,-16.6,155.34,461949551,461948155,108,16589,16777,15447,19045,962,3,1,True
2026-05-01T13:41:55.595,T1,1,7921,3.1,-59.6,-77.1,-17.5,144.77,388109654,388108332,128,17415,18530,13885,21401,1022,3,1,True
2026-05-01T13:41:55.714,T1,1,7922,3.297,-59.6,-75.6,-16.0,178.73,434935974,434934567,92,14377,16443,15350,16466,896,3,1,True
2026-05-01T13:41:55.835,T1,1,7923,3.232,-59.5,-75.8,-16.3,168.68,430330142,430328764,100,13988,16868,15297,16798,901,3,1,True
2026-05-01T13:41:55.927,T1,1,7924,4.09,-57.9,-77.3,-19.4,140.56,720657594,720655849,108,17375,15181,11013,19105,910,3,1,True
2026-05-01T13:41:56.015,T1,1,7925,3.227,-60.0,-76.6,-16.6,156.02,396556501,396555125,108,16548,16850,12436,17064,925,3,1,True
2026-05-01T13:41:56.945,T1,1,7933,4.081,-60.0,-80.1,-20.1,202.0,443006403,443004662,72,15488,14544,8697,16069,899,3,1,True
2026-05-01T13:41:57.064,T1,1,7934,3.166,-59.8,-76.1,-16.3,151.68,414282102,414280752,120,16188,18201,15572,19593,985,3,1,True
2026-05-01T13:41:57.155,T1,1,7935,3.143,-59.8,-76.0,-16.3,150.09,406348955,406347615,116,13206,17410,16260,17408,927,3,1,True
2026-05-01T13:41:57.245,T1,1,7936,3.255,-59.6,-76.4,-16.8,125.74,457288676,457287288,132,17513,16598,17097,21261,1020,3,1,True
2026-05-01T13:41:57.487,T1,1,7938,3.218,-59.6,-75.7,-16.1,173.53,428113701,428112328,104,15120,18047,16346,19075,966,3,1,True
2026-05-01T13:41:57.577,T1,1,7939,4.132,-59.7,-76.2,-16.4,140.59,735705139,735703377,124,16700,17433,14625,18924,966,3,1,True
2026-05-01T13:41:57.935,T1,1,7942,4.132,-59.5,-77.1,-17.6,167.8,754479991,754478229,92,17217,15438,12756,17901,932,3,1,True
2026-05-01T13:41:58.146,T1,1,7944,4.043,-62.3,-82.2,-19.9,127.68,424104544,424102819,68,10019,8682,5921,6337,611,3,1,True
2026-05-01T13:41:58.355,T1,1,7946,3.382,-59.7,-77.1,-17.4,141.3,490530757,490529315,128,16138,18087,13522,19532,980,3,1,True
2026-05-01T13:41:58.445,T1,1,7947,3.157,-59.5,-76.3,-16.8,171.97,386568353,386567006,96,15931,16509,12991,16882,906,3,1,True
2026-05-01T13:41:58.567,T1,1,7948,3.968,-59.6,-78.5,-18.9,178.82,477799842,477798149,84,17443,15021,9992,17772,931,3,1,True
2026-05-01T13:41:58.775,T1,1,7950,3.147,-59.2,-75.4,-16.2,178.25,386503142,386501800,100,15205,17825,16506,19232,956,3,1,True
2026-05-01T13:41:58.985,T1,1,7952,4.184,-68.4,-84.1,-15.7,162.28,457024296,457022511,32,5340,5193,4230,1659,385,3,1,True
2026-05-01T13:41:59.106,T1,1,7953,3.185,-59.6,-76.2,-16.6,188.18,396710720,396709362,92,14106,17313,14698,17154,916,3,1,True
2026-05-01T13:41:59.196,T1,1,7954,3.705,-60.2,-77.1,-16.9,151.77,415134837,415133257,108,16798,16391,12848,17529,945,3,1,True
2026-05-01T13:41:59.435,T1,1,7956,4.409,-62.5,-80.9,-18.4,139.41,504389055,504387175,116,14163,16172,10143,15381,958,3,1,True
2026-05-01T13:41:59.525,T1,1,7957,3.053,-59.1,-78.4,-19.3,177.24,390776726,390775424,96,16842,17015,9556,19235,952,3,1,True
2026-05-01T13:41:59.615,T1,1,7958,3.166,-57.6,-76.5,-18.9,149.1,405315639,405314288,124,17678,18489,14569,24367,1018,3,1,True
2026-05-01T13:41:59.738,T1,1,7959,3.185,-59.7,-77.3,-17.5,144.85,404402265,404400907,112,16367,16223,10908,16643,906,3,1,True
2026-05-01T13:41:59.825,T1,1,7960,4.554,-57.6,-75.3,-17.7,187.61,736223587,736221644,96,18065,18011,17496,24813,1027,3,1,True
2026-05-01T13:42:00.666,T1,1,7967,4.371,-62.8,-78.8,-16.0,138.89,487457567,487455703,100,13130,13889,13189,12436,869,3,1,True
2026-05-01T13:42:00.757,T1,1,7968,4.184,-72.0,-86.0,-14.1,113.68,434608312,434606527,28,3270,3183,3457,660,275,3,1,True
2026-05-01T13:42:01.746,T1,1,7976,4.184,-66.6,-82.6,-16.0,130.27,463021799,463020015,48,6790,6253,6155,2830,473,3,1,True
2026-05-01T13:42:01.805,T1,1,7977,3.912,-60.0,-76.4,-16.3,188.23,654784110,654782442,92,16980,17317,11894,17220,930,3,1,True
2026-05-01T13:42:02.406,T1,1,7982,4.029,-58.0,-76.6,-18.6,216.08,754818355,754816636,88,19045,19015,14677,25981,1064,3,1,True
2026-05-01T13:42:02.495,T1,1,7983,3.241,-57.8,-75.0,-17.2,211.29,413049058,413047676,84,17091,17748,16973,22370,982,3,1,True
2026-05-01T13:42:02.706,T1,1,7985,4.085,-57.8,-76.8,-19.0,150.1,757009905,757008162,116,18582,17412,13767,23794,1012,3,1,True
2026-05-01T13:42:02.797,T1,1,7986,3.138,-59.6,-77.6,-18.0,174.47,408180545,408179206,88,17527,15353,12476,18529,950,3,1,True
2026-05-01T13:42:02.917,T1,1,7987,3.086,-59.9,-78.3,-18.4,145.94,404032909,404031593,120,15200,17513,11121,17932,946,3,1,True
2026-05-01T13:42:03.125,T1,1,7989,4.081,-59.5,-75.4,-15.9,176.4,755358319,755356578,100,14768,17640,15819,17811,930,3,1,True
2026-05-01T13:42:03.245,T1,1,7990,3.218,-59.5,-76.6,-17.1,129.99,427343091,427341718,124,17131,16119,15262,19521,972,3,1,True
2026-05-01T13:42:03.575,T1,1,7993,3.105,-57.7,-75.3,-17.6,163.42,389077284,389075960,104,15544,16996,14723,19232,908,3,1,True
2026-05-01T13:42:03.665,T1,1,7994,4.118,-57.6,-76.9,-19.3,129.27,719512664,719510908,128,16931,16547,11285,19880,919,3,1,True
2026-05-01T13:42:03.816,T1,1,7995,3.344,-59.5,-76.0,-16.6,137.18,471332910,471331483,132,17263,18108,13878,19636,974,3,1,True
2026-05-01T13:42:03.876,T1,1,7996,3.208,-59.5,-75.8,-16.3,158.3,398399675,398398307,104,15597,16463,13882,16679,898,3,1,True
2026-05-01T13:42:03.966,T1,1,7997,4.038,-62.4,-82.3,-19.9,142.42,428792885,428791163,88,14335,12533,7209,12470,860,3,1,True
2026-05-01T13:42:04.085,T1,1,7998,3.33,-59.3,-76.6,-17.3,176.52,460316556,460315135,96,15583,16946,13012,17628,917,3,1,True
2026-05-01T13:42:04.175,T1,1,7999,5.127,-59.4,-76.6,-17.2,168.36,735784563,735782377,100,16801,16836,11116,17240,912,3,1,True
2026-05-01T13:42:04.416,T1,1,8001,4.17,-59.4,-77.7,-18.2,141.54,754818885,754817106,128,16433,18117,12669,20382,992,3,1,True
2026-05-01T13:42:04.505,T1,1,8002,5.112,-59.8,-77.7,-17.9,135.93,741998058,741995877,120,16580,16312,10816,17283,925,3,1,True
2026-05-01T13:42:04.595,T1,1,8003,3.368,-59.0,-77.7,-18.7,146.86,455595874,455594438,112,16702,16448,9911,17959,917,3,1,True
2026-05-01T13:42:05.285,T1,1,8009,3.386,-60.1,-77.7,-17.5,174.43,490282706,490281261,92,16858,16048,11631,17344,937,3,1,True
2026-05-01T13:42:05.405,T1,1,8010,3.302,-60.3,-77.0,-16.6,163.27,411415675,411414267,104,16728,16980,11243,16698,926,3,1,True
2026-05-01T13:42:05.495,T1,1,8011,3.297,-59.4,-75.8,-16.4,179.45,424312511,424311104,96,16244,17227,13837,17828,925,3,1,True
2026-05-01T13:42:05.705,T1,1,8013,4.357,-61.3,-79.8,-18.4,201.19,484350306,484348447,52,10012,10462,8718,7790,655,3,1,True
2026-05-01T13:42:06.065,T1,1,8016,3.33,-59.5,-76.0,-16.5,175.95,441570953,441569532,96,16535,16891,12364,17021,908,3,1,True
2026-05-01T13:42:06.185,T1,1,8017,3.823,-60.0,-79.5,-19.6,168.81,478031208,478029577,96,18321,16206,8897,19970,1000,3,1,True
2026-05-01T13:42:06.605,T1,1,8021,4.446,-59.5,-75.7,-16.2,138.62,709919842,709917946,128,16309,17743,16932,20248,992,3,1,True
2026-05-01T13:42:06.754,T1,1,8022,5.033,-60.3,-77.0,-16.7,134.37,735273226,735271079,124,16506,16662,12701,17182,938,3,1,True
2026-05-01T13:42:06.815,T1,1,8023,3.433,-59.8,-75.8,-16.0,163.01,476130547,476129082,108,16766,17605,14625,18502,958,3,1,True
2026-05-01T13:42:07.056,T1,1,8025,4.165,-59.7,-75.6,-15.9,182.1,760751218,760749442,96,14348,17482,15432,17125,919,3,1,True
2026-05-01T13:42:07.385,T1,1,8028,3.25,-59.9,-75.6,-15.8,161.76,429879217,429877831,112,17122,18117,14400,18805,967,3,1,True
2026-05-01T13:42:07.476,T1,1,8029,3.64,-60.6,-77.0,-16.4,148.87,522816092,522814540,112,16667,16673,11684,16450,926,3,1,True
2026-05-01T13:42:07.566,T1,1,8030,3.208,-60.5,-77.9,-17.5,138.11,407275869,407274500,112,17203,15468,10876,16651,929,3,1,True
2026-05-01T13:42:07.805,T1,1,8032,4.254,-66.8,-81.8,-15.0,152.25,463383720,463381905,48,6754,7308,5786,2843,478,3,1,True
2026-05-01T13:42:07.894,T1,1,8033,4.385,-66.0,-84.8,-18.7,119.27,479176665,479174794,60,8724,7156,4018,3993,551,3,1,True
2026-05-01T13:42:08.855,T1,1,8041,4.16,-59.9,-77.2,-17.2,176.23,760226420,760224646,88,17618,15508,13326,18268,955,3,1,True
2026-05-01T13:42:09.066,T1,1,8043,3.865,-82.8,-90.0,-7.2,128.33,400473429,400471781,12,1464,1540,1297,108,162,3,1,True
2026-05-01T13:42:09.156,T1,1,8044,3.363,-60.2,-75.7,-15.5,184.57,453042642,453041208,96,16563,17719,17121,19663,1000,3,1,True
2026-05-01T13:42:09.245,T1,1,8045,4.029,-63.4,-79.2,-15.8,178.86,429970543,429968825,84,13675,15024,11728,12532,891,3,1,True
2026-05-01T13:42:10.086,T1,1,8052,4.592,-59.7,-75.8,-16.1,151.12,707430170,707428212,116,14437,17530,16630,18422,950,3,1,True
2026-05-01T13:42:10.175,T1,1,8053,3.152,-58.6,-77.7,-19.1,137.69,424102725,424101381,132,18952,18175,12822,24396,1053,3,1,True
2026-05-01T13:42:10.414,T1,1,8055,4.765,-59.7,-78.2,-18.6,173.23,710266008,710263976,96,16953,16630,9207,17836,935,3,1,True
2026-05-01T13:42:10.505,T1,1,8056,3.236,-59.7,-75.5,-15.8,159.55,410956459,410955078,108,15421,17231,14640,16988,915,3,1,True
2026-05-01T13:42:10.596,T1,1,8057,3.1,-58.4,-78.0,-19.6,209.35,390587593,390586271,84,16270,17585,10807,20411,959,3,1,True
2026-05-01T13:42:10.715,T1,1,8058,3.476,-59.9,-76.7,-16.8,132.89,477801860,477800377,120,17590,15947,15074,19246,978,3,1,True
2026-05-01T13:42:10.804,T1,1,8059,3.973,-64.6,-79.7,-15.1,138.12,412345150,412343456,68,8940,9392,9207,5494,615,3,1,True
2026-05-01T13:42:11.136,T1,1,8062,4.001,-64.2,-79.7,-15.5,167.13,412600334,412598627,60,9563,10028,7650,5588,612,3,1,True
2026-05-01T13:42:11.256,T1,1,8063,3.222,-59.8,-76.8,-17.0,138.91,404974305,404972930,124,18070,17225,14850,20857,1016,3,1,True
2026-05-01T13:42:11.344,T1,1,8064,3.377,-60.1,-76.5,-16.4,143.13,461848724,461847283,120,16834,17176,12641,17520,941,3,1,True
2026-05-01T13:42:11.434,T1,1,8065,4.081,-80.7,-90.4,-9.7,101.81,427518405,427516665,16,1915,1629,954,158,182,3,1,True
2026-05-01T13:42:11.555,T1,1,8066,4.001,-59.4,-76.1,-16.7,200.83,676108425,676106718,84,16372,16870,13290,17619,920,3,1,True
2026-05-01T13:42:11.645,T1,1,8067,4.357,-63.2,-78.8,-15.6,166.04,475976674,475974815,80,12610,13283,10806,10111,796,3,1,True
2026-05-01T13:42:11.979,T1,1,8070,3.25,-59.7,-78.4,-18.7,145.1,431716504,431715117,120,15766,17412,10752,18559,954,3,1,True
2026-05-01T13:42:12.095,T1,1,8071,3.274,-59.8,-76.1,-16.2,188.99,387701235,387699838,92,17078,17387,12309,17419,930,3,1,True
2026-05-01T13:42:12.185,T1,1,8072,3.565,-59.5,-78.3,-18.8,136.15,523529302,523527782,136,17984,18516,11685,22434,1042,3,1,True
2026-05-01T13:42:12.276,T1,1,8073,3.34,-59.9,-76.7,-16.9,126.05,426419714,426418290,128,16954,16135,13445,17817,941,3,1,True
2026-05-01T13:42:12.634,T1,1,8076,3.213,-59.4,-77.9,-18.4,124.33,425868316,425866946,132,18156,16411,11780,20129,985,3,1,True
2026-05-01T13:42:12.846,T1,1,8078,3.546,-59.8,-75.4,-15.6,139.72,447946490,447944978,124,16233,17325,14151,17068,919,3,1,True
2026-05-01T13:42:12.934,T1,1,8079,3.391,-59.3,-75.2,-16.0,138.52,470065127,470063681,124,16140,17176,17059,19446,963,3,1,True
2026-05-01T13:42:13.535,T1,1,8084,3.175,-58.0,-75.2,-17.2,216.19,392249091,392247736,80,17312,17295,13157,19372,920,3,1,True
2026-05-01T13:42:13.751,T1,1,8086,3.147,-59.3,-78.2,-18.9,175.08,389578768,389577426,104,17285,18208,11146,21227,1007,3,1,True
2026-05-01T13:42:14.104,T1,1,8089,4.296,-76.3,-88.6,-12.3,193.58,457390412,457388579,12,2298,2323,1743,271,205,3,1,True
2026-05-01T13:42:14.194,T1,1,8090,3.349,-60.1,-79.0,-18.9,178.12,454096940,454095511,84,17343,14962,8726,16903,925,3,1,True
2026-05-01T13:42:14.524,T1,1,8093,3.171,-59.6,-76.1,-16.4,135.12,424086435,424085083,124,16882,16755,16592,19934,988,3,1,True
2026-05-01T13:42:14.884,T1,1,8096,4.897,-59.8,-75.9,-16.1,140.08,747092656,747090568,132,17184,18491,16985,21464,1031,3,1,True
2026-05-01T13:42:15.096,T1,1,8098,3.743,-59.7,-76.8,-17.1,191.93,450598243,450596647,88,15545,16890,12226,16783,908,3,1,True
2026-05-01T13:42:15.184,T1,1,8099,3.415,-58.1,-77.1,-18.9,139.04,475655881,475654424,136,18846,18910,13843,25502,1061,3,1,True
2026-05-01T13:42:15.545,T1,1,8102,3.391,-58.5,-75.7,-17.2,211.92,496711006,496709559,88,17537,18649,15855,22667,1013,3,1,True
2026-05-01T13:42:15.635,T1,1,8103,4.493,-63.4,-80.2,-16.8,170.62,494485678,494483762,72,11705,12285,9071,9019,757,3,1,True
2026-05-01T13:42:16.204,T1,1,8108,4.995,-59.5,-75.7,-16.1,147.97,769187419,769185289,116,14673,17164,15234,17255,916,3,1,True
2026-05-01T13:42:16.566,T1,1,8111,3.189,-59.7,-78.4,-18.8,178.57,425212491,425211130,84,17344,15000,9832,17375,923,3,1,True
2026-05-01T13:42:16.775,T1,1,8113,4.001,-71.4,-88.2,-16.8,129.3,402826256,402824550,20,2625,2586,2232,463,226,3,1,True
2026-05-01T13:42:16.895,T1,1,8114,4.16,-59.8,-76.2,-16.4,140.42,716599813,716598038,124,16722,17412,14193,18609,960,3,1,True
2026-05-01T13:42:16.986,T1,1,8115,3.189,-59.6,-76.3,-16.7,140.78,409163063,409161702,120,16824,16894,15689,19728,982,3,1,True
2026-05-01T13:42:17.076,T1,1,8116,4.142,-57.6,-76.9,-19.3,195.25,718739849,718738082,96,18203,18744,13791,25260,1037,3,1,True
2026-05-01T13:42:17.315,T1,1,8118,3.438,-57.7,-75.7,-18.0,178.51,494433583,494432117,88,17301,15709,14749,20178,929,3,1,True
2026-05-01T13:42:17.405,T1,1,8119,3.166,-57.6,-74.8,-17.2,195.88,401496627,401495277,88,17161,17237,13843,19583,912,3,1,True
2026-05-01T13:42:17.764,T1,1,8122,4.381,-58.1,-75.2,-17.1,172.85,709498397,709496529,100,14394,17285,16068,19009,914,3,1,True
2026-05-01T13:42:17.856,T1,1,8123,4.92,-59.3,-79.1,-19.7,152.9,735582879,735580780,108,18397,16513,9215,20726,997,3,1,True
2026-05-01T13:42:17.945,T1,1,8124,3.241,-59.7,-76.3,-16.6,161.15,395030900,395029517,104,12469,16760,16376,16919,913,3,1,True
2026-05-01T13:42:18.155,T1,1,8126,4.278,-77.5,-90.1,-12.6,111.38,443651039,443649215,16,1806,1782,1024,191,179,3,1,True
2026-05-01T13:42:18.275,T1,1,8127,3.49,-59.8,-76.3,-16.5,167.02,481324483,481322994,100,17393,16702,17149,20840,1016,3,1,True
2026-05-01T13:42:18.394,T1,1,8128,4.273,-60.1,-76.4,-16.3,150.72,728776320,728774498,116,16798,17484,13784,18312,961,3,1,True
2026-05-01T13:42:18.605,T1,1,8130,4.7,-59.7,-76.2,-16.6,160.33,765499268,765497264,108,14244,17316,14175,16847,909,3,1,True
2026-05-01T13:42:18.815,T1,1,8132,4.385,-59.8,-75.7,-15.9,187.32,591128985,591127115,100,17885,18732,17032,21986,1042,3,1,True
2026-05-01T13:42:18.905,T1,1,8133,3.227,-59.6,-75.9,-16.3,176.22,410292541,410291165,100,17283,17622,17321,21357,1021,3,1,True
2026-05-01T13:42:19.024,T1,1,8134,4.357,-63.8,-79.5,-15.7,184.45,475749987,475748129,60,10789,11067,8332,6948,673,3,1,True
2026-05-01T13:42:19.385,T1,1,8137,3.855,-59.5,-75.4,-15.9,161.72,454596232,454594587,104,15670,16819,14199,16735,901,3,1,True
2026-05-01T13:42:19.445,T1,1,8138,3.335,-57.6,-75.2,-17.6,184.91,437997173,437995750,96,18293,17751,16964,24117,1012,3,1,True
2026-05-01T13:42:19.565,T1,1,8139,4.038,-65.2,-82.1,-16.9,188.94,411565725,411564002,48,9437,9069,5396,4897,594,3,1,True
2026-05-01T13:42:19.655,T1,1,8140,4.132,-57.8,-77.1,-19.4,132.48,715890160,715888397,124,18299,16427,13068,22524,984,3,1,True
2026-05-01T13:42:20.494,T1,1,8147,4.451,-61.4,-81.6,-20.2,134.26,481984572,481982674,88,12434,11815,7666,10845,775,3,1,True
2026-05-01T13:42:20.585,T1,1,8148,3.274,-59.7,-76.2,-16.4,131.23,423096704,423095307,128,16753,16798,15598,19123,971,3,1,True
2026-05-01T13:42:20.794,T1,1,8150,3.152,-59.8,-76.1,-16.3,129.25,388366081,388364736,128,15363,16544,14220,16694,910,3,1,True
2026-05-01T13:42:20.884,T1,1,8151,3.208,-59.8,-75.7,-15.9,146.9,404402731,404401363,116,13892,17040,15852,16810,911,3,1,True
2026-05-01T13:42:21.005,T1,1,8152,3.813,-59.7,-76.5,-16.8,185.79,594686858,594685231,92,15305,17093,13495,17281,921,3,1,True
2026-05-01T13:42:21.096,T1,1,8153,3.513,-59.5,-77.8,-18.3,204.68,493327836,493326337,84,16081,17193,11104,18261,942,3,1,True
2026-05-01T13:42:21.187,T1,1,8154,4.376,-62.4,-81.7,-19.3,130.0,475243856,475241990,116,14503,15080,8309,14652,933,3,1,True
2026-05-01T13:42:21.305,T1,1,8155,3.311,-59.9,-75.7,-15.8,161.08,404426583,404425170,108,16628,17397,13617,17348,929,3,1,True
2026-05-01T13:42:21.395,T1,1,8156,4.798,-59.8,-75.7,-15.8,171.92,733968395,733966348,104,17113,17880,13672,18182,950,3,1,True
2026-05-01T13:42:21.515,T1,1,8157,3.204,-59.9,-77.4,-17.5,148.69,402442897,402441531,104,17106,15464,12280,17453,931,3,1,True
2026-05-01T13:42:21.965,T1,1,8161,3.354,-60.0,-78.3,-18.2,139.3,445660435,445659004,128,18679,17831,11736,21652,1044,3,1,True
2026-05-01T13:42:22.054,T1,1,8162,3.33,-59.7,-75.7,-16.0,139.13,449041332,449039912,120,15093,16696,14947,16831,908,3,1,True
2026-05-01T13:42:22.176,T1,1,8163,4.071,-63.5,-79.6,-16.2,149.25,425393771,425392034,88,12414,13134,10575,10209,807,3,1,True
2026-05-01T13:42:22.267,T1,1,8164,5.141,-59.6,-77.1,-17.5,167.31,733113453,733111261,100,17237,16731,9696,17199,916,3,1,True
2026-05-01T13:42:22.474,T1,1,8166,3.991,-66.9,-82.0,-15.1,167.75,403804010,403802307,40,6408,6710,6047,2650,463,3,1,True
2026-05-01T13:42:22.835,T1,1,8169,3.851,-60.4,-76.2,-15.8,190.9,404028622,404026979,88,13414,16799,15435,15932,906,3,1,True
2026-05-01T13:42:22.954,T1,1,8170,3.288,-59.4,-77.6,-18.2,187.03,408603171,408601769,88,17183,16459,9675,17694,922,3,1,True
2026-05-01T13:42:23.016,T1,1,8171,3.433,-59.7,-77.4,-17.7,144.09,457027045,457025581,116,17105,16714,10646,17700,933,3,1,True
2026-05-01T13:42:23.135,T1,1,8172,4.606,-58.0,-74.9,-16.9,191.98,732670914,732668949,88,16971,16894,14001,18854,907,3,1,True
2026-05-01T13:42:23.825,T1,1,8178,3.931,-59.6,-75.5,-15.9,167.24,616033103,616031426,100,15978,16724,13559,16442,895,3,1,True
2026-05-01T13:42:24.276,T1,1,8182,4.789,-59.7,-79.6,-19.9,151.74,713992859,713990816,96,17772,14567,8504,18136,944,3,1,True
2026-05-01T13:42:24.396,T1,1,8183,3.208,-59.8,-78.2,-18.3,160.07,386879772,386878403,96,17671,15367,11974,18733,964,3,1,True
2026-05-01T13:42:24.484,T1,1,8184,3.785,-60.6,-76.4,-15.8,128.28,414126565,414124951,132,16769,16933,15488,18361,979,3,1,True
2026-05-01T13:42:24.815,T1,1,8187,4.081,-63.1,-78.6,-15.5,177.03,429734160,429732420,76,11398,13454,12250,10279,799,3,1,True
2026-05-01T13:42:24.936,T1,1,8188,3.246,-59.8,-75.7,-15.9,163.79,403450065,403448680,100,15306,16379,14070,16005,890,3,1,True
2026-05-01T13:42:25.054,T1,1,8189,3.855,-59.6,-75.6,-16.1,160.69,430093658,430092014,104,15817,16712,14050,16812,905,3,1,True
2026-05-01T13:42:25.234,T1,1,8191,3.405,-60.0,-76.5,-16.5,138.95,443617866,443616413,116,17036,16118,14777,18364,959,3,1,True
2026-05-01T13:42:25.325,T1,1,8192,3.841,-59.8,-75.4,-15.6,165.54,426048783,426047145,100,15355,16554,14395,16118,893,3,1,True
2026-05-01T13:42:25.446,T1,1,8193,4.761,-60.0,-77.1,-17.1,145.88,731895499,731893469,120,14767,17506,13533,17615,939,3,1,True
2026-05-01T13:42:25.534,T1,1,8194,3.199,-60.0,-76.5,-16.5,160.38,392653956,392652591,112,15923,17963,14315,18646,967,3,1,True
2026-05-01T13:42:25.657,T1,1,8195,4.695,-59.6,-78.7,-19.1,175.43,732171166,732169163,104,17488,18245,10309,21219,1018,3,1,True
2026-05-01T13:42:25.745,T1,1,8196,3.701,-60.0,-75.9,-15.9,137.68,540595662,540594084,128,14238,17623,16077,17667,940,3,1,True
2026-05-01T13:42:25.836,T1,1,8197,3.325,-59.8,-77.4,-17.5,152.73,422171734,422170316,112,15411,17106,11859,17193,923,3,1,True
2026-05-01T13:42:26.436,T1,1,8202,3.349,-59.8,-76.3,-16.5,154.69,439619496,439618067,108,16949,16707,17421,20769,1014,3,1,True
2026-05-01T13:42:26.554,T1,1,8203,3.316,-60.0,-76.8,-16.8,170.57,391833888,391832474,104,17135,17739,12684,18671,968,3,1,True
2026-05-01T13:42:26.614,T1,1,8204,3.194,-77.8,-75.5,2.3,142.17,387494968,387493605,128,17376,18198,17173,6050,1018,1,1,False
2026-05-01T13:42:26.974,T1,1,8207,3.325,-59.7,-78.8,-19.0,155.3,437243299,437241880,96,17538,14909,9801,17793,936,3,1,True
2026-05-01T13:42:27.304,T1,1,8210,3.879,-59.9,-76.1,-16.2,179.32,398062599,398060945,96,13606,17215,15386,16767,915,3,1,True
2026-05-01T13:42:27.664,T1,1,8213,4.142,-62.5,-79.0,-16.5,149.39,445088216,445086450,92,14136,13744,14408,14189,920,3,1,True
2026-05-01T13:42:27.878,T1,1,8215,3.311,-59.8,-78.1,-18.4,136.48,428839928,428838515,120,17224,16377,9126,17597,932,3,1,True
2026-05-01T13:42:27.966,T1,1,8216,3.377,-59.6,-78.0,-18.4,177.1,452391333,452389893,96,16280,17002,9810,17710,930,3,1,True
2026-05-01T13:42:28.086,T1,1,8217,5.117,-59.9,-75.8,-15.9,180.0,732161077,732158894,92,13185,16560,16066,16156,896,3,1,True
2026-05-01T13:42:28.415,T1,1,8220,4.137,-62.6,-78.3,-15.6,144.79,439515497,439513732,108,14808,15637,12325,13834,913,3,1,True
2026-05-01T13:42:28.535,T1,1,8221,3.222,-67.4,-76.9,-9.6,160.4,389250150,389248776,100,16641,16040,11777,9953,911,3,1,True
2026-05-01T13:42:28.625,T1,1,8222,4.296,-59.7,-76.5,-16.8,185.67,733945739,733943907,96,15524,17824,13629,18168,945,3,1,True
2026-05-01T13:42:28.714,T1,1,8223,3.269,-59.8,-75.8,-16.0,185.23,393427091,393425697,96,17251,17782,13209,18122,947,3,1,True
2026-05-01T13:42:28.834,T1,1,8224,3.297,-60.5,-77.5,-17.0,132.14,393596271,393594864,124,16579,16385,11205,16552,926,3,1,True
2026-05-01T13:42:28.926,T1,1,8225,4.686,-60.0,-76.2,-16.2,157.26,732765926,732763928,108,17657,16984,16634,20524,1014,3,1,True
2026-05-01T13:42:29.044,T1,1,8226,3.438,-59.7,-77.7,-18.0,148.06,470189015,470187548,116,18366,17175,11859,20456,1004,3,1,True
2026-05-01T13:42:29.375,T1,1,8229,3.283,-59.9,-76.0,-16.1,143.13,389168474,389167073,116,15733,16603,14073,16743,914,3,1,True
2026-05-01T13:42:29.464,T1,1,8230,5.164,-59.9,-76.6,-16.7,144.54,731525517,731523315,120,14853,17345,13177,16782,914,3,1,True
2026-05-01T13:42:29.586,T1,1,8231,5.188,-59.9,-76.7,-16.8,182.25,733029338,733027125,88,16679,16038,12367,16742,914,3,1,True
2026-05-01T13:42:29.795,T1,1,8233,4.686,-60.1,-77.7,-17.6,137.04,712906622,712904624,136,18554,18637,12877,22110,1057,3,1,True
2026-05-01T13:42:30.035,T1,1,8235,3.26,-59.9,-78.3,-18.3,127.33,429155667,429154276,120,17455,15280,11003,17863,945,3,1,True
2026-05-01T13:42:30.334,T1,1,8238,3.522,-59.7,-75.4,-15.7,180.48,485513394,485511891,96,15870,17326,14503,17167,918,3,1,True
2026-05-01T13:42:30.574,T1,1,8240,4.77,-59.5,-75.7,-16.2,152.59,609331835,609329801,108,15121,16480,14757,16790,903,3,1,True
2026-05-01T13:42:30.814,T1,1,8242,4.826,-60.0,-76.4,-16.4,183.69,707312200,707310141,96,16782,17634,14708,19144,980,3,1,True
2026-05-01T13:42:30.905,T1,1,8243,3.255,-59.7,-76.3,-16.5,117.2,404180338,404178950,140,17205,16408,17178,20541,1006,3,1,True
2026-05-01T13:42:31.024,T1,1,8244,3.48,-60.1,-76.6,-16.5,173.66,456438967,456437482,100,16974,17366,12426,17756,948,3,1,True
2026-05-01T13:42:31.085,T1,1,8245,3.612,-59.5,-77.1,-17.6,160.95,490458416,490456876,104,17190,16739,10266,17534,923,3,1,True
2026-05-01T13:42:31.354,T1,1,8247,3.222,-59.7,-78.8,-19.1,121.8,386350956,386349582,124,17107,15103,8777,17009,915,3,1,True
2026-05-01T13:42:39.724,T1,1,8324,3.058,-60.0,-76.1,-16.1,184.19,386975241,386973936,96,17112,17682,12675,17725,944,3,1,True
2026-05-01T13:42:39.844,T1,1,8325,3.396,-58.6,-78.8,-20.2,134.41,475275111,475273662,128,18702,17204,10775,23454,1033,3,1,True
2026-05-01T13:42:39.935,T1,1,8326,4.043,-76.1,-88.2,-12.0,180.44,432099605,432097881,16,2748,2887,2112,367,237,3,1,True
2026-05-01T13:42:40.026,T1,1,8327,3.049,-59.8,-76.4,-16.6,134.02,395475784,395474484,124,15929,16619,13273,16910,915,3,1,True
2026-05-01T13:42:40.264,T1,1,8329,4.273,-63.3,-79.1,-15.8,176.0,493312924,493311102,72,12192,12672,10189,9409,769,3,1,True
2026-05-01T13:42:40.474,T1,1,8331,3.208,-58.8,-77.0,-18.2,174.27,441916242,441914873,88,17576,15336,13164,19278,942,3,1,True
2026-05-01T13:42:40.687,T1,1,8333,3.157,-60.1,-76.3,-16.3,159.54,452188828,452187482,108,16447,17230,16129,19434,990,3,1,True
2026-05-01T13:42:40.924,T1,1,8335,3.991,-59.9,-76.5,-16.6,187.84,440692680,440690977,88,16269,16530,12135,16454,905,3,1,True
2026-05-01T13:42:41.015,T1,1,8336,3.049,-59.8,-76.2,-16.4,160.78,390694890,390693589,108,14535,17364,14358,16971,918,3,1,True
2026-05-01T13:42:41.105,T1,1,8337,3.26,-58.1,-76.7,-18.6,180.6,459949318,459947927,100,18769,18060,14487,24523,1038,3,1,True
2026-05-01T13:42:41.225,T1,1,8338,3.208,-59.7,-76.1,-16.4,184.55,413537515,413536147,92,16722,16979,12211,17039,914,3,1,True
2026-05-01T13:42:41.318,T1,1,8339,4.052,-59.6,-77.2,-17.6,124.61,714740665,714738937,132,17987,16448,13365,19831,984,3,1,True
2026-05-01T13:42:41.404,T1,1,8340,3.401,-59.4,-75.3,-15.9,160.29,469033018,469031567,104,15860,16670,14076,16630,896,3,1,True
2026-05-01T13:42:41.526,T1,1,8341,3.133,-60.0,-76.3,-16.4,140.65,392594077,392592740,132,16659,18566,16267,20951,1024,3,1,True
2026-05-01T13:42:42.934,T1,1,8353,4.001,-62.8,-79.9,-17.1,142.92,436940402,436938695,92,13139,13149,8711,10474,799,3,1,True
2026-05-01T13:42:43.175,T1,1,8355,4.282,-64.5,-80.1,-15.6,169.28,484022202,484020376,60,9374,10157,8849,6026,643,3,1,True
2026-05-01T13:42:43.266,T1,1,8356,3.236,-59.7,-76.0,-16.2,167.86,448800147,448798766,96,16210,16115,17786,19653,984,3,1,True
2026-05-01T13:42:43.354,T1,1,8357,3.208,-58.0,-77.1,-19.2,195.4,450563278,450561909,84,17393,16414,9426,18944,909,3,1,True
2026-05-01T13:42:43.476,T1,1,8358,4.784,-59.8,-78.1,-18.3,123.85,734952830,734950790,124,17442,15357,10796,17793,938,3,1,True
2026-05-01T13:42:43.565,T1,1,8359,3.091,-59.3,-75.4,-16.1,141.08,406897683,406896365,124,16781,17494,17120,20392,987,3,1,True
2026-05-01T13:42:43.685,T1,1,8360,4.709,-57.7,-75.0,-17.2,160.38,730839443,730837435,108,16067,17321,16939,21213,954,3,1,True
2026-05-01T13:42:43.776,T1,1,8361,4.704,-59.9,-76.2,-16.3,186.66,729871100,729869093,92,14496,17173,14008,16448,906,3,1,True
2026-05-01T13:42:44.135,T1,1,8364,4.029,-64.5,-80.5,-16.0,174.58,428140958,428139239,60,10294,10475,7871,6386,661,3,1,True
2026-05-01T13:42:44.196,T1,1,8365,3.082,-59.8,-77.3,-17.5,147.69,391477068,391475753,124,17300,18313,12967,20540,1007,3,1,True
2026-05-01T13:42:44.313,T1,1,8366,3.246,-59.5,-76.1,-16.6,128.83,423515411,423514026,132,16335,17006,13214,17528,921,3,1,True
2026-05-01T13:42:44.404,T1,1,8367,3.931,-59.1,-75.9,-16.8,162.08,495254880,495253204,104,16742,16856,17546,21296,1002,3,1,True
2026-05-01T13:42:44.526,T1,1,8368,4.024,-59.8,-76.5,-16.7,140.69,708338549,708336832,116,17304,16320,16698,20420,1004,3,1,True
2026-05-01T13:42:44.735,T1,1,8370,3.222,-59.2,-75.5,-16.3,167.82,442015117,442013743,100,16504,16782,17461,20201,978,3,1,True
2026-05-01T13:42:45.544,T1,1,8377,3.837,-69.9,-88.6,-18.7,113.92,389286959,389285322,24,3294,2734,1720,648,254,3,1,True
2026-05-01T13:42:45.635,T1,1,8378,3.222,-58.5,-76.7,-18.1,146.8,449591591,449590217,124,16413,18203,14223,21454,986,3,1,True
2026-05-01T13:42:46.114,T1,1,8382,4.104,-60.1,-77.7,-17.6,158.61,702796453,702794702,100,16659,15861,10161,16273,907,3,1,True
2026-05-01T13:42:46.326,T1,1,8384,4.076,-63.4,-79.4,-16.0,139.57,439841330,439839591,88,10562,12282,10393,8540,737,3,1,True
2026-05-01T13:42:46.415,T1,1,8385,3.288,-81.7,-77.1,4.6,142.52,450909053,450907651,120,15452,17102,12447,3819,926,1,1,False
2026-05-01T13:42:46.658,T1,1,8387,4.339,-63.0,-80.1,-17.1,167.49,491214106,491212255,68,11902,11389,9056,8787,736,3,1,True
2026-05-01T13:42:46.864,T1,1,8389,4.761,-59.3,-75.7,-16.4,123.38,715611551,715609520,136,16366,16780,17475,20232,985,3,1,True
2026-05-01T13:42:46.956,T1,1,8390,3.18,-59.4,-76.0,-16.6,177.46,405271856,405270500,104,16905,18456,16389,21474,1017,3,1,True
2026-05-01T13:42:47.074,T1,1,8391,3.391,-60.2,-76.4,-16.2,150.63,464538501,464537055,116,16662,17473,14704,18671,975,3,1,True
2026-05-01T13:42:47.164,T1,1,8392,4.615,-59.5,-76.3,-16.8,142.57,599036800,599034831,128,16335,18249,15205,20206,990,3,1,True
2026-05-01T13:42:47.254,T1,1,8393,3.438,-59.3,-78.2,-18.8,150.35,462265566,462264100,112,16443,16839,9593,18110,931,3,1,True
2026-05-01T13:42:47.375,T1,1,8394,3.185,-59.5,-75.2,-15.7,165.14,401553010,401551651,100,15144,16514,14818,16263,888,3,1,True
2026-05-01T13:42:47.615,T1,1,8396,3.264,-59.3,-75.3,-16.0,168.28,441370404,441369011,104,16659,17501,17050,20084,980,3,1,True
2026-05-01T13:42:47.674,T1,1,8397,3.363,-59.5,-76.0,-16.5,150.56,434619255,434617821,120,16339,18067,17128,21079,1012,3,1,True
2026-05-01T13:42:47.795,T1,1,8398,3.058,-85.4,-76.3,9.1,150.88,385536929,385535625,112,15540,16899,13368,2865,912,1,1,False
2026-05-01T13:42:47.884,T1,1,8399,3.48,-60.0,-77.7,-17.6,137.78,462191341,462189856,120,16502,16534,10604,16993,924,3,1,True
2026-05-01T13:42:47.975,T1,1,8400,3.476,-58.8,-78.3,-19.5,146.16,465312303,465310821,116,16835,16955,9462,19343,945,3,1,True
2026-05-01T13:42:48.214,T1,1,8402,4.085,-67.4,-81.2,-13.8,141.71,418401236,418399493,56,7900,7936,5539,3088,508,3,1,True
2026-05-01T13:42:48.304,T1,1,8403,3.33,-59.3,-75.2,-15.9,148.13,406366655,406365234,112,14636,16591,15311,16550,890,3,1,True
2026-05-01T13:42:48.516,T1,1,8405,4.357,-64.1,-82.2,-18.2,175.31,460648516,460646657,36,6438,6311,4616,2742,427,3,1,True
2026-05-01T13:42:49.175,T1,1,8410,3.283,-67.7,-76.6,-8.9,149.81,440287057,440285656,112,17263,16779,17308,12410,1028,3,1,True
2026-05-01T13:42:49.205,T1,1,8411,3.199,-59.9,-76.8,-16.9,148.36,401283269,401281905,120,15202,17803,14279,18387,957,3,1,True
2026-05-01T13:42:49.355,T1,1,8412,4.7,-59.9,-77.3,-17.4,175.45,729534534,729532529,100,14840,17545,13032,17744,940,3,1,True
2026-05-01T13:42:49.656,T1,1,8415,4.784,-59.7,-75.7,-16.0,177.58,747625985,747623945,100,17131,17758,13243,18071,942,3,1,True
2026-05-01T13:42:49.745,T1,1,8416,3.757,-59.9,-77.4,-17.5,169.97,422825688,422824085,92,16960,15637,11500,16985,921,3,1,True
2026-05-01T13:42:49.985,T1,1,8418,4.184,-60.2,-76.8,-16.6,156.79,453557768,453555984,104,16873,16306,13401,17575,944,3,1,True
2026-05-01T13:42:50.225,T1,1,8420,4.855,-59.9,-76.9,-17.0,152.72,760030337,760028267,116,15062,17716,13650,17940,946,3,1,True
2026-05-01T13:42:50.314,T1,1,8421,3.325,-58.0,-76.7,-18.7,147.89,432989442,432988023,124,18871,18338,14146,24851,1042,3,1,True
2026-05-01T13:42:50.404,T1,1,8422,4.761,-59.2,-75.1,-15.9,162.37,672523884,672521854,104,14899,16886,15119,16849,895,3,1,True
2026-05-01T13:42:50.495,T1,1,8423,4.188,-58.1,-77.3,-19.2,149.83,714797696,714795909,120,16008,17980,13088,21599,974,3,1,True
2026-05-01T13:42:50.616,T1,1,8424,3.288,-59.7,-76.2,-16.5,144.09,402584131,402582728,116,15427,16715,13940,16929,912,3,1,True
2026-05-01T13:42:50.825,T1,1,8426,3.921,-71.8,-88.4,-16.6,154.5,390573483,390571810,20,3202,3090,1763,584,257,3,1,True
2026-05-01T13:42:51.034,T1,1,8428,3.288,-59.7,-76.9,-17.3,135.28,427567572,427566170,132,18447,17857,13940,21484,1026,3,1,True
2026-05-01T13:42:51.274,T1,1,8430,3.485,-57.9,-77.5,-19.7,201.64,501150139,501148652,88,18844,17744,12749,24722,1035,3,1,True
2026-05-01T13:42:51.364,T1,1,8431,3.555,-60.3,-76.3,-16.0,159.04,490533155,490531639,108,16622,17176,13375,17322,941,3,1,True
2026-05-01T13:42:51.575,T1,1,8433,4.132,-64.5,-82.1,-17.5,185.69,422132516,422130754,48,8557,8913,5470,4682,567,3,1,True
2026-05-01T13:42:51.784,T1,1,8435,4.324,-79.5,-89.4,-10.0,152.58,444194885,444193041,12,1791,1831,1518,170,181,3,1,True
2026-05-01T13:42:51.904,T1,1,8436,3.405,-59.7,-75.8,-16.1,199.94,459272217,459270765,88,17150,17595,12803,17771,934,3,1,True
2026-05-01T13:42:52.240,T1,1,8439,5.272,-60.2,-76.9,-16.7,150.53,763065722,763063473,116,17307,17462,11613,17872,953,3,1,True
2026-05-01T13:42:52.324,T1,1,8440,3.358,-60.5,-76.8,-16.3,135.38,390738115,390736682,128,16873,17329,12671,17587,956,3,1,True
2026-05-01T13:42:52.686,T1,1,8443,4.099,-62.8,-82.0,-19.2,155.82,439143727,439141978,76,13800,11842,7317,11061,821,3,1,True
2026-05-01T13:42:52.774,T1,1,8444,4.198,-59.9,-78.4,-18.5,136.46,726284060,726282270,136,18920,18558,11993,23243,1076,3,1,True
2026-05-01T13:42:52.984,T1,1,8446,4.803,-59.3,-75.5,-16.2,150.38,707751665,707749616,112,16324,16842,17256,19864,973,3,1,True
2026-05-01T13:42:53.374,T1,1,8449,3.349,-59.9,-76.2,-16.3,146.14,454634771,454633343,128,17627,18706,15439,21165,1027,3,1,True
2026-05-01T13:42:53.794,T1,1,8453,4.179,-60.9,-77.5,-16.7,156.77,447435112,447433329,100,15419,15677,12942,15717,915,3,1,True
2026-05-01T13:42:53.884,T1,1,8454,3.424,-60.2,-76.1,-15.9,134.9,463702187,463700727,136,16953,18347,15347,19624,1000,3,1,True
2026-05-01T13:42:54.004,T1,1,8455,3.269,-59.9,-76.0,-16.1,176.92,409275495,409274100,100,17221,17692,13062,18079,950,3,1,True
2026-05-01T13:42:54.095,T1,1,8456,3.283,-59.8,-78.7,-18.9,156.71,421589204,421587803,104,18131,16298,10530,19846,992,3,1,True
2026-05-01T13:42:54.214,T1,1,8457,3.471,-59.5,-75.1,-15.6,186.12,471035645,471034164,92,15864,17123,14459,16875,906,3,1,True
2026-05-01T13:42:54.544,T1,1,8460,4.348,-59.6,-77.1,-17.4,130.02,580233544,580231689,124,17676,16122,14453,19874,986,3,1,True
2026-05-01T13:42:54.634,T1,1,8461,3.48,-59.1,-75.7,-16.6,153.93,470132239,470130754,112,16449,17240,13700,18199,926,3,1,True
2026-05-01T13:42:54.874,T1,1,8463,4.198,-60.7,-80.7,-20.0,157.1,445265229,445263438,92,12944,14453,9295,14051,861,3,1,True
2026-05-01T13:42:54.964,T1,1,8464,3.982,-60.3,-78.0,-17.7,119.24,424987873,424986175,128,17494,15263,12210,17843,955,3,1,True
2026-05-01T13:42:55.056,T1,1,8465,3.386,-59.6,-75.9,-16.4,152.21,465037283,465035838,108,15912,16439,17483,19578,976,3,1,True
2026-05-01T13:42:55.176,T1,1,8466,3.288,-60.0,-77.2,-17.3,141.96,421033622,421032220,108,17170,15332,12543,17282,930,3,1,True
2026-05-01T13:42:55.296,T1,1,8467,3.86,-59.5,-76.5,-17.1,164.59,424027577,424025930,100,15964,16459,12080,16654,898,3,1,True
2026-05-01T13:42:55.355,T1,1,8468,3.213,-59.8,-75.8,-16.0,157.15,386545585,386544215,108,16582,16972,16384,19149,973,3,1,True
2026-05-01T13:42:55.594,T1,1,8470,4.057,-68.0,-83.3,-15.3,131.57,396710617,396708887,40,4471,5263,5060,1607,374,3,1,True
2026-05-01T13:42:55.684,T1,1,8471,5.178,-59.9,-77.3,-17.3,133.85,728268087,728265879,120,16855,16062,11872,17242,928,3,1,True
2026-05-01T13:42:56.044,T1,1,8474,4.92,-60.0,-76.3,-16.2,179.87,755740607,755738509,92,16514,16548,14064,17421,936,3,1,True
2026-05-01T13:42:56.104,T1,1,8475,3.846,-59.8,-76.7,-16.9,166.64,422526516,422524876,108,16233,17997,13634,18974,968,3,1,True
2026-05-01T13:42:56.226,T1,1,8476,4.081,-65.2,-80.4,-15.2,180.8,413554607,413552866,56,9144,10125,8052,5454,627,3,1,True
2026-05-01T13:42:56.674,T1,1,8480,4.343,-60.2,-76.4,-16.3,139.27,748827897,748826045,132,17117,18384,15023,20092,1010,3,1,True
2026-05-01T13:42:57.034,T1,1,8483,3.372,-60.4,-76.6,-16.2,140.82,398048157,398046719,120,16903,16899,15989,19290,999,3,1,True
2026-05-01T13:42:57.127,T1,1,8484,3.321,-58.1,-76.7,-18.6,203.36,393984042,393982625,80,16401,16269,10846,17933,888,3,1,True
2026-05-01T13:42:58.894,T1,1,8499,3.316,-58.9,-76.1,-17.2,196.57,424298682,424297268,84,16408,16512,12288,17377,899,3,1,True
2026-05-01T13:42:59.254,T1,1,8502,4.264,-69.9,-83.5,-13.6,154.31,456000231,455998412,32,4928,4938,4496,1343,366,3,1,True
2026-05-01T13:42:59.465,T1,1,8504,3.255,-58.6,-75.8,-17.1,141.73,430157808,430156419,116,16870,16441,14109,18783,926,3,1,True
2026-05-01T13:43:00.035,T1,1,8509,4.742,-58.6,-75.5,-16.9,177.82,747205413,747203391,96,16466,17071,13916,18588,920,3,1,True
2026-05-01T13:43:00.156,T1,1,8510,3.274,-59.8,-75.6,-15.8,135.4,446829230,446827834,128,16100,17331,14527,17519,931,3,1,True
2026-05-01T13:43:00.484,T1,1,8513,3.921,-70.6,-86.0,-15.4,133.89,392441307,392439635,28,3779,3749,3237,857,299,3,1,True
2026-05-01T13:43:00.576,T1,1,8514,3.147,-60.0,-78.3,-18.3,122.0,387978441,387977098,128,17826,15616,11526,18818,971,3,1,True
2026-05-01T13:43:00.905,T1,1,8517,3.241,-60.4,-77.2,-16.8,126.87,421800721,421799339,128,16742,16239,11804,16658,927,3,1,True
2026-05-01T13:43:01.024,T1,1,8518,3.433,-60.0,-75.6,-15.6,186.05,468388199,468386735,96,16857,17861,14898,18521,964,3,1,True
2026-05-01T13:43:01.174,T1,1,8519,4.137,-59.8,-77.3,-17.5,138.89,712238100,712236335,132,18744,18333,13124,21921,1041,3,1,True
2026-05-01T13:43:01.236,T1,1,8520,3.124,-59.2,-77.7,-18.4,179.21,396451225,396449893,96,16176,17204,10466,18199,931,3,1,True
2026-05-01T13:43:01.324,T1,1,8521,3.977,-60.3,-75.5,-15.2,177.73,425474502,425472806,92,14419,16351,15308,15449,889,3,1,True
2026-05-01T13:43:01.413,T1,1,8522,4.404,-59.8,-78.4,-18.6,127.32,727811433,727809554,124,16846,15788,8763,16790,913,3,1,True
2026-05-01T13:43:01.535,T1,1,8523,3.185,-59.6,-75.7,-16.0,150.17,398262374,398261015,116,15306,17420,15005,17599,928,3,1,True
2026-05-01T13:43:02.014,T1,1,8527,5.117,-59.5,-75.0,-15.5,176.84,772877055,772874872,96,16306,16977,13752,16580,897,3,1,True
2026-05-01T13:43:02.076,T1,1,8528,3.264,-59.6,-75.4,-15.8,145.68,388843074,388841682,120,16948,17481,13528,17678,929,3,1,True
2026-05-01T13:43:02.764,T1,1,8534,4.137,-63.0,-79.2,-16.2,146.56,427552785,427551021,84,10471,12311,11211,9035,746,3,1,True
2026-05-01T13:43:03.244,T1,1,8538,5.056,-59.8,-76.6,-16.8,173.78,734878402,734876245,100,14410,17378,14475,17497,932,3,1,True
2026-05-01T13:43:03.335,T1,1,8539,4.831,-59.7,-75.8,-16.1,146.44,726873451,726871390,124,16910,18159,15261,19743,985,3,1,True
2026-05-01T13:43:03.545,T1,1,8541,4.193,-59.6,-75.9,-16.3,177.66,747940133,747938344,96,14515,17055,14964,17045,913,3,1,True
2026-05-01T13:43:03.754,T1,1,8543,3.316,-64.4,-82.1,-17.7,190.07,446586180,446584766,76,14504,14445,7978,12539,923,3,1,True
2026-05-01T13:43:03.874,T1,1,8544,3.537,-59.5,-75.5,-15.9,140.95,486095917,486094409,120,14316,16914,15591,16850,905,3,1,True
2026-05-01T13:43:03.994,T1,1,8545,4.981,-59.1,-75.4,-16.3,143.33,729743973,729741848,124,17150,17773,17063,21265,1001,3,1,True
2026-05-01T13:43:04.299,T1,1,8548,3.433,-58.2,-74.9,-16.6,140.4,488674714,488673250,124,16608,17409,14967,19305,926,3,1,True
2026-05-01T13:43:04.776,T1,1,8552,3.358,-59.7,-77.8,-18.1,146.4,460466776,460465343,116,17624,16982,9433,18314,950,3,1,True
2026-05-01T13:43:04.863,T1,1,8553,3.41,-59.6,-75.9,-16.3,162.24,452997042,452995587,104,16597,16873,16263,19449,974,3,1,True
2026-05-01T13:43:04.984,T1,1,8554,3.34,-57.7,-76.0,-18.3,136.41,453421739,453420315,124,18237,16915,15452,23212,997,3,1,True
2026-05-01T13:43:05.195,T1,1,8556,3.987,-67.4,-82.7,-15.3,184.75,400348796,400347096,32,5753,5912,4139,1870,396,3,1,True
2026-05-01T13:43:05.315,T1,1,8557,4.113,-59.6,-75.6,-16.0,164.11,708244420,708242666,108,15061,17724,15307,17880,935,3,1,True
2026-05-01T13:43:05.404,T1,1,8558,4.667,-60.0,-75.7,-15.7,141.47,726992231,726990240,128,15705,18108,16186,18918,974,3,1,True
2026-05-01T13:43:05.495,T1,1,8559,4.348,-57.7,-76.5,-18.8,180.46,597518940,597517085,92,17268,16602,11818,19967,924,3,1,True
2026-05-01T13:43:05.615,T1,1,8560,4.934,-59.4,-76.0,-16.7,166.42,722970828,722968724,100,15577,16642,13778,17117,907,3,1,True
2026-05-01T13:43:05.824,T1,1,8562,5.042,-59.1,-75.2,-16.1,169.79,769796814,769794664,100,16216,16979,13753,17181,899,3,1,True
2026-05-01T13:43:05.944,T1,1,8563,4.329,-62.9,-78.6,-15.7,175.59,470803212,470801366,80,11411,14047,13173,11337,833,3,1,True
2026-05-01T13:43:06.004,T1,1,8564,3.293,-59.9,-76.4,-16.5,153.39,402945368,402943963,108,16615,16566,14983,18473,959,3,1,True
2026-05-01T13:43:06.244,T1,1,8566,3.612,-57.9,-75.5,-17.5,209.86,462450140,462448599,84,15035,17628,15390,19834,929,3,1,True
2026-05-01T13:43:07.174,T1,1,8574,3.626,-60.2,-77.8,-17.6,121.59,512694042,512692496,128,17319,15564,12177,17824,951,3,1,True
2026-05-01T13:43:07.296,T1,1,8575,3.26,-59.3,-75.4,-16.1,166.51,398703153,398701763,104,16214,17317,17012,19776,971,3,1,True
2026-05-01T13:43:07.504,T1,1,8577,3.241,-59.8,-76.0,-16.2,161.05,421791158,421789776,112,16760,18038,15109,19498,981,3,1,True
2026-05-01T13:43:07.953,T1,1,8581,5.141,-59.9,-76.2,-16.3,140.43,761433953,761431760,128,16246,17975,14484,18757,968,3,1,True
2026-05-01T13:43:08.284,T1,1,8584,4.071,-57.9,-77.0,-19.1,184.75,448161411,448159675,84,17068,15519,11035,18657,901,3,1,True
2026-05-01T13:43:08.405,T1,1,8585,5.07,-57.7,-78.3,-20.6,138.8,727259350,727257187,124,16827,17211,9884,21504,959,3,1,True
2026-05-01T13:43:08.644,T1,1,8587,4.751,-59.5,-76.3,-16.7,162.24,764788230,764786204,104,15313,16873,13719,17147,913,3,1,True
2026-05-01T13:43:08.856,T1,1,8589,3.471,-59.8,-75.9,-16.1,157.78,488025482,488024001,112,16991,17671,13487,18103,947,3,1,True
2026-05-01T13:43:08.945,T1,1,8590,4.043,-63.4,-80.3,-16.9,147.0,405416530,405414806,100,14859,14700,8594,12521,891,3,1,True
2026-05-01T13:43:09.033,T1,1,8591,3.424,-60.6,-77.4,-16.9,165.43,461000894,460999433,100,16622,16543,12132,17057,943,3,1,True
2026-05-01T13:43:09.154,T1,1,8592,3.907,-59.2,-75.4,-16.2,149.89,470036007,470034340,116,15733,17387,14825,18017,925,3,1,True
2026-05-01T13:43:09.245,T1,1,8593,4.526,-59.6,-75.7,-16.1,183.54,664130670,664128740,92,13145,16886,16102,16641,900,3,1,True
2026-05-01T13:43:09.335,T1,1,8594,3.175,-59.6,-75.9,-16.3,185.92,395850576,395849222,96,17869,17848,16966,21736,1030,3,1,True
2026-05-01T13:43:09.455,T1,1,8595,3.466,-59.5,-78.2,-18.8,173.12,450457023,450455544,96,16953,16620,9323,18134,936,3,1,True
2026-05-01T13:43:09.664,T1,1,8597,4.414,-71.5,-88.6,-17.1,215.83,458693041,458691159,12,2703,2590,1531,448,223,3,1,True
2026-05-01T13:43:09.784,T1,1,8598,5.211,-59.6,-77.2,-17.6,145.78,726026220,726023997,116,17239,16910,9803,17516,924,3,1,True
2026-05-01T13:43:09.994,T1,1,8600,3.358,-59.4,-75.5,-16.1,160.37,429982808,429981375,108,16676,17320,13623,17712,925,3,1,True
2026-05-01T13:43:10.084,T1,1,8601,3.227,-59.4,-75.3,-15.9,161.24,401861744,401860368,108,13708,17414,16284,17325,912,3,1,True
2026-05-01T13:43:10.323,T1,1,8603,5.188,-59.2,-74.8,-15.6,156.02,746797496,746795284,108,15252,16850,15064,16681,889,3,1,True
2026-05-01T13:43:10.413,T1,1,8604,4.728,-59.8,-76.9,-17.1,137.35,732394436,732392420,116,17053,15933,13203,17856,939,3,1,True
2026-05-01T13:43:10.506,T1,1,8605,3.204,-59.7,-75.7,-16.0,135.78,388009476,388008109,132,16884,17923,15366,19420,977,3,1,True
2026-05-01T13:43:10.624,T1,1,8606,4.409,-59.5,-76.4,-16.9,149.67,766906707,766904827,112,15685,16763,13169,17144,912,3,1,True
2026-05-01T13:43:10.714,T1,1,8607,4.461,-65.7,-81.1,-15.4,149.42,468033323,468031420,52,8126,7770,8055,4218,560,3,1,True
2026-05-01T13:43:11.074,T1,1,8610,5.052,-82.1,-90.2,-8.1,159.55,765727136,765724981,20,3241,3191,1802,459,326,3,1,True
2026-05-01T13:43:11.258,T1,1,8612,4.118,-60.0,-78.8,-18.8,168.54,448586013,448584256,96,18181,16180,10327,19527,990,3,1,True
2026-05-01T13:43:11.586,T1,1,8615,3.269,-60.2,-76.3,-16.1,140.07,418651017,418649622,128,17150,17929,13263,18407,968,3,1,True
2026-05-01T13:43:11.704,T1,1,8616,4.301,-59.6,-76.4,-16.8,151.8,700168819,700166985,112,16838,17002,12208,17604,927,3,1,True
2026-05-01T13:43:11.794,T1,1,8617,3.293,-59.6,-77.9,-18.3,142.66,401226446,401225042,128,18736,18260,12744,22793,1056,3,1,True
2026-05-01T13:43:12.035,T1,1,8619,3.316,-59.8,-78.6,-18.8,174.12,435376024,435374610,108,18995,18805,11540,23631,1082,3,1,True
2026-05-01T13:43:12.245,T1,1,8621,3.494,-58.0,-78.8,-20.8,206.39,488655708,488654218,72,17514,14860,8793,19414,921,3,1,True
2026-05-01T13:43:12.364,T1,1,8622,3.701,-59.9,-76.1,-16.2,129.36,526808453,526806874,132,16816,17075,16457,19785,993,3,1,True
2026-05-01T13:43:12.454,T1,1,8623,3.471,-59.9,-77.4,-17.5,133.67,446447348,446445867,128,18223,17110,13315,20499,1012,3,1,True
2026-05-01T13:43:13.384,T1,1,8631,3.311,-58.0,-75.8,-17.8,190.75,428144501,428143089,88,18158,16786,15177,22030,981,3,1,True
2026-05-01T13:43:13.504,T1,1,8632,3.264,-59.7,-76.1,-16.4,146.82,412031949,412030556,116,15179,17031,13966,16914,912,3,1,True
2026-05-01T13:43:13.833,T1,1,8635,4.578,-60.0,-76.7,-16.7,178.19,571365715,571363762,100,15803,17819,13559,18156,955,3,1,True
2026-05-01T13:43:14.403,T1,1,8640,4.578,-58.0,-75.9,-17.9,167.5,740209072,740207119,100,18214,16750,14497,21655,973,3,1,True
2026-05-01T13:43:14.523,T1,1,8641,3.419,-59.9,-75.8,-15.9,159.3,462580796,462579337,112,17125,17842,13535,18175,952,3,1,True
2026-05-01T13:43:14.614,T1,1,8642,4.17,-87.9,-90.9,-3.0,112.17,427623643,427621865,12,1294,1346,1063,69,154,1,1,False
2026-05-01T13:43:14.825,T1,1,8644,5.052,-58.5,-76.4,-17.9,182.83,761648660,761646505,88,16608,16089,11869,17716,895,3,1,True
2026-05-01T13:43:14.913,T1,1,8645,3.508,-60.2,-76.5,-16.2,126.48,462047710,462046214,128,17210,16190,15809,18897,982,3,1,True
2026-05-01T13:43:15.275,T1,1,8648,3.461,-57.6,-74.9,-17.3,155.7,486261950,486260474,108,16583,16816,14351,19292,905,3,1,True
2026-05-01T13:43:15.393,T1,1,8649,3.832,-59.7,-76.0,-16.3,126.91,487470172,487468538,140,16631,17767,17354,21059,1016,3,1,True
2026-05-01T13:43:15.483,T1,1,8650,4.371,-59.5,-76.1,-16.6,195.71,751184274,751182409,84,15760,16440,12991,16550,895,3,1,True
2026-05-01T13:43:15.695,T1,1,8652,4.132,-62.6,-80.3,-17.8,140.42,441292019,441290256,88,13605,12357,9759,11261,821,3,1,True
2026-05-01T13:43:15.784,T1,1,8653,4.193,-60.4,-76.2,-15.8,145.69,467184404,467182615,116,16628,16900,15558,18282,971,3,1,True
2026-05-01T13:43:15.994,T1,1,8655,3.344,-60.0,-77.9,-17.9,127.11,431222172,431220745,120,17569,15253,12000,18015,952,3,1,True
2026-05-01T13:43:16.235,T1,1,8657,4.92,-60.3,-76.5,-16.2,151.71,757137107,757135008,116,16945,17598,13555,18236,968,3,1,True
2026-05-01T13:43:16.325,T1,1,8658,3.302,-57.6,-74.7,-17.1,173.01,401282033,401280625,100,14663,17301,15819,18995,900,3,1,True
2026-05-01T13:43:16.443,T1,1,8659,3.466,-59.4,-75.8,-16.4,188.03,456048165,456046687,92,16837,17299,13116,17862,928,3,1,True
2026-05-01T13:43:16.533,T1,1,8660,3.283,-59.8,-78.7,-18.9,145.14,405278709,405277308,104,17232,15095,8697,16950,915,3,1,True
2026-05-01T13:43:16.624,T1,1,8661,3.654,-59.4,-75.0,-15.6,159.48,467832711,467831152,108,16123,17224,14284,17073,906,3,1,True
2026-05-01T13:43:16.745,T1,1,8662,4.808,-59.3,-75.2,-15.9,162.85,725301049,725298998,108,15588,17588,16536,18922,951,3,1,True
2026-05-01T13:43:17.194,T1,1,8666,3.293,-58.0,-76.5,-18.5,197.51,416459875,416458470,84,17185,16591,11820,19472,922,3,1,True
2026-05-01T13:43:17.314,T1,1,8667,3.185,-60.1,-78.8,-18.6,153.72,396046626,396045268,116,16052,17831,10682,19072,982,3,1,True
2026-05-01T13:43:17.525,T1,1,8669,4.601,-60.3,-76.5,-16.2,151.73,714077287,714075325,104,17115,15780,15250,18049,963,3,1,True
2026-05-01T13:43:17.614,T1,1,8670,3.279,-59.6,-75.7,-16.1,149.68,402901897,402900498,120,17292,17962,13577,18715,957,3,1,True
2026-05-01T13:43:17.705,T1,1,8671,3.508,-59.6,-75.8,-16.2,150.23,467936380,467934883,120,15199,18028,16228,19121,966,3,1,True
2026-05-01T13:43:17.827,T1,1,8672,3.508,-59.9,-76.1,-16.2,133.63,473293497,473292001,132,16950,17639,14616,18976,971,3,1,True
2026-05-01T13:43:17.913,T1,1,8673,4.498,-70.1,-84.7,-14.5,178.57,467473716,467471798,28,4605,5000,3613,1234,353,3,1,True
2026-05-01T13:43:18.124,T1,1,8675,3.466,-57.8,-75.0,-17.1,171.71,444783371,444781893,96,16134,16484,14503,18511,894,3,1,True
2026-05-01T13:43:18.244,T1,1,8676,3.429,-58.2,-78.4,-20.3,147.36,442700493,442699030,120,18177,17683,11266,23827,1026,3,1,True
2026-05-01T13:43:18.574,T1,1,8679,3.368,-59.4,-75.5,-16.0,155.23,422767498,422766061,112,16314,17386,14217,17794,927,3,1,True
2026-05-01T13:43:18.814,T1,1,8681,3.443,-60.0,-77.4,-17.4,187.44,450647446,450645978,100,18410,18744,13095,21889,1047,3,1,True
2026-05-01T13:43:19.024,T1,1,8683,3.382,-59.8,-75.9,-16.1,183.78,449281593,449280150,96,17916,17643,16563,21026,1020,3,1,True
2026-05-01T13:43:19.143,T1,1,8684,3.476,-59.7,-75.9,-16.2,149.41,443053843,443052360,112,15851,16734,14056,17054,914,3,1,True
2026-05-01T13:43:19.235,T1,1,8685,3.823,-59.7,-76.2,-16.5,141.51,416410922,416409292,132,17884,18679,15580,21763,1034,3,1,True
2026-05-01T13:43:19.325,T1,1,8686,3.358,-59.5,-75.9,-16.5,157.79,398656614,398655182,104,15829,16410,13336,16595,896,3,1,True
2026-05-01T13:43:19.563,T1,1,8688,3.677,-60.3,-76.9,-16.6,143.6,500382597,500381028,120,17253,17232,11082,17217,939,3,1,True
2026-05-01T13:43:19.775,T1,1,8690,3.34,-58.4,-75.0,-16.6,143.76,421342698,421341274,124,16953,17826,14808,19734,943,3,1,True
2026-05-01T13:43:20.254,T1,1,8694,3.311,-59.6,-75.3,-15.6,177.41,421401357,421399945,96,16166,17031,13919,16736,905,3,1,True
2026-05-01T13:43:20.465,T1,1,8696,4.446,-62.2,-75.6,-13.4,195.44,746503923,746502026,88,16511,17199,13255,14328,916,3,1,True
2026-05-01T13:43:20.703,T1,1,8698,3.569,-60.1,-75.6,-15.5,183.99,479561303,479559780,96,16976,17663,13625,17546,941,3,1,True
2026-05-01T13:43:20.945,T1,1,8700,5.197,-60.0,-76.5,-16.4,147.52,770870725,770868508,116,15117,17112,14000,17032,925,3,1,True
2026-05-01T13:43:21.395,T1,1,8704,3.222,-58.9,-76.8,-17.9,193.96,421434808,421433433,92,15550,17844,13724,19677,956,3,1,True
2026-05-01T13:43:21.486,T1,1,8705,3.991,-63.6,-79.5,-15.9,159.97,403010433,403008730,72,11780,11518,12663,9907,798,3,1,True
2026-05-01T13:43:21.723,T1,1,8707,4.437,-59.8,-75.8,-16.0,137.1,764374562,764372670,128,16921,17549,13387,17858,939,3,1,True
2026-05-01T13:43:22.415,T1,1,8713,3.551,-60.1,-76.1,-16.0,158.69,497065468,497063953,112,16660,17773,15683,19385,988,3,1,True
2026-05-01T13:43:22.623,T1,1,8715,3.382,-60.1,-76.4,-16.3,153.29,427833988,427832546,108,17317,16555,16904,20245,1010,3,1,True
2026-05-01T13:43:30.786,T1,1,8790,3.673,-62.6,-78.5,-15.9,174.41,398761901,398760335,92,15643,16046,15411,16921,1009,3,1,True
2026-05-01T13:43:31.594,T1,1,8797,3.771,-74.8,-88.3,-13.6,113.46,392494541,392492933,24,2642,2723,2458,421,242,3,1,True
2026-05-01T13:43:31.684,T1,1,8798,3.593,-57.8,-75.9,-18.1,177.51,481397603,481396070,92,18011,16331,15026,21796,970,3,1,True
2026-05-01T13:43:31.924,T1,1,8800,3.935,-59.9,-77.4,-17.5,186.8,749728044,749726366,100,18205,18680,13277,21889,1043,3,1,True
2026-05-01T13:43:32.164,T1,1,8802,3.982,-60.1,-78.6,-18.5,139.04,447203799,447202100,120,17229,16685,9366,18201,959,3,1,True
2026-05-01T13:43:32.345,T1,1,8804,3.11,-59.9,-76.5,-16.6,146.95,429026170,429024844,116,15253,17046,13397,16859,917,3,1,True
2026-05-01T13:43:32.465,T1,1,8805,3.302,-60.1,-76.5,-16.4,192.74,465976129,465974721,88,15078,16961,13328,16433,910,3,1,True
2026-05-01T13:43:32.554,T1,1,8806,3.133,-59.3,-76.6,-17.3,146.09,400678990,400677653,116,16902,16946,11699,17939,926,3,1,True
2026-05-01T13:43:32.795,T1,1,8808,4.113,-76.6,-88.8,-12.2,135.94,444610886,444609131,16,2135,2175,1736,248,198,3,1,True
2026-05-01T13:43:33.153,T1,1,8811,3.204,-59.8,-76.2,-16.4,179.39,428648599,428647232,96,17097,17221,11859,17326,926,3,1,True
2026-05-01T13:43:33.575,T1,1,8815,3.879,-62.7,-79.0,-16.3,162.27,430433257,430431602,84,13428,13631,11604,11782,844,3,1,True
2026-05-01T13:43:33.814,T1,1,8817,3.307,-59.5,-76.0,-16.5,190.12,485974144,485972733,88,16103,16731,13324,17101,910,3,1,True
2026-05-01T13:43:34.024,T1,1,8819,3.841,-59.5,-75.6,-16.1,161.99,678557863,678556225,112,16876,18143,16854,20827,1006,3,1,True
2026-05-01T13:43:34.113,T1,1,8820,4.498,-57.7,-76.5,-18.7,180.48,724822253,724820334,92,18169,16604,13646,22047,973,3,1,True
2026-05-01T13:43:34.473,T1,1,8823,4.915,-60.0,-77.0,-17.0,166.11,743065642,743063546,92,17276,15282,13213,17440,936,3,1,True
2026-05-01T13:43:34.565,T1,1,8824,3.33,-59.5,-78.2,-18.8,165.61,470129497,470128077,100,17463,16561,9010,18433,944,3,1,True
2026-05-01T13:43:34.683,T1,1,8825,3.063,-59.7,-75.5,-15.8,157.13,394001577,394000271,116,16409,18227,16154,19549,980,3,1,True
2026-05-01T13:43:34.773,T1,1,8826,3.279,-59.8,-75.8,-16.1,153.59,457341735,457340336,116,14307,17816,16790,18615,959,3,1,True
2026-05-01T13:43:34.863,T1,1,8827,3.668,-59.5,-77.6,-18.1,150.62,418646612,418645047,112,18203,16869,12012,20202,990,3,1,True
2026-05-01T13:43:34.953,T1,1,8828,3.232,-59.8,-76.0,-16.2,159.08,452765305,452763927,116,17383,18453,15416,20585,1008,3,1,True
2026-05-01T13:43:35.073,T1,1,8829,3.222,-57.9,-77.5,-19.6,174.0,454220168,454218794,96,17570,16704,10246,20468,944,3,1,True
2026-05-01T13:43:35.313,T1,1,8831,5.037,-59.7,-77.9,-18.2,172.67,759716184,759714035,96,17157,16576,10124,18058,941,3,1,True
2026-05-01T13:43:35.373,T1,1,8832,3.349,-59.9,-76.3,-16.4,143.26,462415261,462413833,112,17283,16045,16360,19481,985,3,1,True
2026-05-01T13:43:35.493,T1,1,8833,3.264,-59.7,-77.2,-17.6,147.85,453064193,453062800,112,18056,16559,13190,19861,987,3,1,True
2026-05-01T13:43:36.065,T1,1,8838,4.095,-63.0,-78.9,-15.8,162.29,428395798,428394052,76,11530,12334,10620,9061,749,3,1,True
2026-05-01T13:43:36.185,T1,1,8839,3.433,-60.4,-76.8,-16.4,147.67,475225939,475224475,112,16677,16539,13322,17273,943,3,1,True
2026-05-01T13:43:36.394,T1,1,8841,4.634,-59.8,-75.7,-15.9,182.46,754858904,754856928,96,17154,17516,12798,17524,932,3,1,True
2026-05-01T13:43:36.605,T1,1,8843,4.742,-60.0,-76.2,-16.3,149.1,762308141,762306119,108,16981,16103,15952,18850,971,3,1,True
2026-05-01T13:43:36.724,T1,1,8844,3.321,-59.8,-79.4,-19.6,125.8,454899285,454897869,116,17534,14593,8343,17379,929,3,1,True
2026-05-01T13:43:36.966,T1,1,8846,3.363,-60.0,-76.7,-16.7,139.23,449274098,449272663,120,12873,16707,15823,16776,917,3,1,True
2026-05-01T13:43:37.533,T1,1,8851,3.185,-60.3,-76.7,-16.3,159.13,428330778,428329420,108,15744,17186,18076,20532,1027,3,1,True
2026-05-01T13:43:37.654,T1,1,8852,3.415,-57.9,-75.8,-17.9,185.98,446910666,446909209,92,17071,17110,12717,19577,922,3,1,True
2026-05-01T13:43:37.715,T1,1,8853,3.386,-57.8,-76.7,-18.9,134.58,463354400,463352955,124,17370,16688,10366,19301,912,3,1,True
2026-05-01T13:43:39.034,T1,1,8864,4.099,-59.8,-76.0,-16.2,155.6,749821603,749819855,108,14541,16805,15081,16852,914,3,1,True
2026-05-01T13:43:39.123,T1,1,8865,3.663,-60.5,-77.1,-16.6,156.39,401839571,401838009,100,17063,15639,13001,16967,939,3,1,True
2026-05-01T13:43:39.215,T1,1,8866,3.41,-59.7,-76.0,-16.3,129.32,468589322,468587867,136,17920,17588,16868,21597,1029,3,1,True
2026-05-01T13:43:39.454,T1,1,8868,4.887,-59.7,-75.5,-15.8,167.45,759248363,759246279,108,16286,18085,16627,19790,986,3,1,True
2026-05-01T13:43:39.573,T1,1,8869,4.264,-59.9,-78.3,-18.4,170.3,769713294,769711476,104,15636,17711,11166,18539,961,3,1,True
2026-05-01T13:43:39.789,T1,1,8871,4.024,-63.3,-79.3,-16.1,150.22,430675843,430674126,68,10391,10215,10880,7666,694,3,1,True
2026-05-01T13:43:39.962,T1,1,8873,3.382,-60.1,-76.2,-16.1,136.73,493707952,493706510,136,17998,18595,17268,22467,1064,3,1,True
2026-05-01T13:43:40.205,T1,1,8875,3.302,-59.8,-75.8,-16.0,166.53,428972886,428971478,104,16758,17319,12969,17305,924,3,1,True
2026-05-01T13:43:40.414,T1,1,8877,3.246,-59.7,-76.3,-16.5,132.9,421865280,421863896,128,16647,17011,15272,19136,971,3,1,True
2026-05-01T13:43:41.013,T1,1,8882,4.24,-70.3,-84.9,-14.6,185.04,452280790,452278981,24,3439,4441,3856,970,315,3,1,True
2026-05-01T13:43:41.103,T1,1,8883,3.307,-59.9,-77.6,-17.7,170.12,463854978,463853568,108,17216,18373,12188,20308,1005,3,1,True
2026-05-01T13:43:41.194,T1,1,8884,4.437,-59.5,-75.3,-15.7,173.47,721983538,721981645,104,15478,18041,16380,18839,957,3,1,True
2026-05-01T13:43:41.676,T1,1,8888,5.023,-60.0,-77.1,-17.0,132.57,743173498,743171355,120,17189,15908,13619,18158,956,3,1,True
2026-05-01T13:43:42.244,T1,1,8893,3.349,-60.3,-76.5,-16.2,150.08,454827667,454826239,112,17381,16809,16941,20417,1021,3,1,True
2026-05-01T13:43:42.336,T1,1,8894,3.33,-58.1,-77.3,-19.2,190.95,442237594,442236173,84,16388,16040,9887,17959,889,3,1,True
2026-05-01T13:43:42.455,T1,1,8895,4.24,-66.8,-82.5,-15.8,172.09,464061309,464059501,44,7002,7572,5335,3063,495,3,1,True
2026-05-01T13:43:42.724,T1,1,8897,3.175,-59.7,-75.4,-15.6,157.57,417376753,417375398,104,14852,16387,14971,15993,888,3,1,True
2026-05-01T13:43:42.754,T1,1,8898,4.02,-67.7,-82.4,-14.7,156.16,414755991,414754276,44,6039,6871,5559,2416,454,3,1,True
2026-05-01T13:43:42.873,T1,1,8899,3.26,-59.8,-75.5,-15.7,172.74,421473649,421472258,104,15114,17965,16446,18534,957,3,1,True
2026-05-01T13:43:42.965,T1,1,8900,3.79,-59.9,-76.0,-16.1,146.69,528848421,528846804,124,17042,18189,14618,19395,982,3,1,True
2026-05-01T13:43:43.083,T1,1,8901,4.573,-59.5,-75.5,-16.0,162.05,721353247,721351297,112,16941,18150,15349,19672,976,3,1,True
2026-05-01T13:43:43.204,T1,1,8902,3.419,-59.5,-75.2,-15.7,178.77,462770670,462769212,92,14659,16447,15412,16317,888,3,1,True
2026-05-01T13:43:43.383,T1,1,8904,3.185,-60.2,-79.1,-19.0,134.37,423655700,423654342,136,17315,18274,10655,21109,1035,3,1,True
2026-05-01T13:43:43.473,T1,1,8905,4.747,-60.1,-76.4,-16.3,121.73,720908353,720906328,136,16822,16555,15049,18453,966,3,1,True
2026-05-01T13:43:43.594,T1,1,8906,3.18,-59.4,-76.3,-16.8,177.53,396478538,396477182,96,15089,17043,13288,16959,904,3,1,True
2026-05-01T13:43:43.684,T1,1,8907,4.995,-59.7,-80.2,-20.6,113.83,721587351,721585220,128,17929,14570,8085,18913,963,3,1,True
2026-05-01T13:43:43.773,T1,1,8908,3.433,-60.0,-78.4,-18.4,146.44,458383136,458381671,124,17080,18158,11149,20295,1008,3,1,True
2026-05-01T13:43:43.894,T1,1,8909,3.307,-60.0,-78.2,-18.2,142.64,423712736,423711326,124,15179,17687,12041,18413,961,3,1,True
2026-05-01T13:43:43.985,T1,1,8910,4.39,-72.7,-86.3,-13.6,117.94,463583906,463582033,32,3772,3774,3243,759,303,3,1,True
2026-05-01T13:43:44.224,T1,1,8912,5.028,-59.8,-75.9,-16.1,173.74,728659845,728657701,104,16080,18069,15212,18944,968,3,1,True
2026-05-01T13:43:44.313,T1,1,8913,3.157,-59.5,-75.7,-16.2,173.13,394318049,394316703,100,13315,17313,16245,17307,915,3,1,True
2026-05-01T13:43:44.436,T1,1,8914,3.963,-59.7,-75.9,-16.2,149.94,639761708,639760017,108,17069,16194,16463,19273,973,3,1,True
2026-05-01T13:43:44.494,T1,1,8915,3.311,-59.8,-76.0,-16.2,180.26,445156543,445155130,100,16013,18026,14964,18793,965,3,1,True
2026-05-01T13:43:44.615,T1,1,8916,3.447,-59.6,-76.3,-16.7,132.59,467598029,467596558,128,15188,16972,13875,17156,916,3,1,True
2026-05-01T13:43:44.703,T1,1,8917,4.212,-59.8,-75.6,-15.9,158.63,704902679,704900882,112,15710,17767,16533,19099,971,3,1,True
2026-05-01T13:43:44.823,T1,1,8918,3.33,-60.2,-76.7,-16.6,129.21,400425188,400423767,128,17550,16539,16677,20582,1022,3,1,True
2026-05-01T13:43:45.154,T1,1,8921,4.653,-59.6,-75.9,-16.3,138.59,602027103,602025119,120,16655,16631,17508,20197,993,3,1,True
2026-05-01T13:43:45.604,T1,1,8925,3.241,-59.9,-76.2,-16.3,130.46,417866357,417864975,132,16498,17221,15684,19180,978,3,1,True
2026-05-01T13:43:45.723,T1,1,8926,3.433,-59.5,-77.2,-17.7,167.31,438822248,438820784,100,17199,16731,10262,17608,924,3,1,True
2026-05-01T13:43:45.933,T1,1,8928,3.415,-59.3,-78.0,-18.7,151.74,474946012,474944555,112,16290,16995,9864,18076,930,3,1,True
2026-05-01T13:43:46.624,T1,1,8934,4.31,-83.0,-91.2,-8.2,110.5,454752762,454750923,12,1383,1326,839,99,156,3,1,True
2026-05-01T13:43:46.864,T1,1,8936,4.437,-68.3,-84.3,-16.0,168.28,470651575,470649683,32,5816,5385,4127,1839,405,3,1,True
2026-05-01T13:43:46.952,T1,1,8937,3.354,-57.9,-76.0,-18.1,143.2,443237369,443235939,128,17084,18330,15049,22770,993,3,1,True
2026-05-01T13:43:47.073,T1,1,8938,3.391,-59.3,-75.4,-16.1,152.34,455863150,455861703,112,15570,17062,16928,18980,953,3,1,True
2026-05-01T13:43:47.165,T1,1,8939,3.916,-69.4,-83.8,-14.4,136.19,398996896,398995225,36,5147,4903,4938,1546,385,3,1,True
2026-05-01T13:43:47.403,T1,1,8941,3.33,-59.5,-75.7,-16.2,144.73,424328988,424327567,120,16805,17367,13169,17691,926,3,1,True
2026-05-01T13:43:47.493,T1,1,8942,3.194,-59.6,-75.7,-16.1,158.79,399406325,399404963,112,14844,17784,16050,18379,948,3,1,True
2026-05-01T13:43:47.704,T1,1,8944,3.297,-59.5,-75.7,-16.2,185.96,433872924,433871517,92,16673,17108,13091,17290,916,3,1,True
2026-05-01T13:43:48.543,T1,1,8951,3.293,-59.7,-76.4,-16.8,119.42,441281693,441280289,136,17385,16241,16702,20510,1003,3,1,True
2026-05-01T13:43:48.664,T1,1,8952,3.724,-60.0,-75.9,-15.9,134.35,398153194,398151605,132,17072,17734,13332,17977,950,3,1,True
2026-05-01T13:43:49.113,T1,1,8956,4.822,-59.4,-77.3,-17.9,139.35,731174473,731172416,124,18242,17280,12700,20816,1002,3,1,True
2026-05-01T13:43:49.205,T1,1,8957,3.391,-59.9,-76.2,-16.3,170.34,455055924,455054478,108,16580,18397,16747,21051,1025,3,1,True
2026-05-01T13:43:49.294,T1,1,8958,3.368,-59.7,-77.5,-17.8,152.72,455792459,455791022,100,17245,15272,11976,17546,930,3,1,True
2026-05-01T13:43:49.383,T1,1,8959,3.405,-59.6,-78.0,-18.4,124.7,441194028,441192576,128,16698,15961,9463,16896,909,3,1,True
2026-05-01T13:43:49.503,T1,1,8960,3.208,-59.7,-76.0,-16.2,136.98,394638629,394637260,128,15554,17533,14720,17948,940,3,1,True
2026-05-01T13:43:49.593,T1,1,8961,4.498,-60.7,-76.4,-15.7,164.89,525427480,525425561,100,15365,16489,14016,15940,916,3,1,True
2026-05-01T13:43:49.684,T1,1,8962,3.991,-77.8,-89.1,-11.4,141.25,399467793,399466090,16,2362,2260,1670,270,215,3,1,True
2026-05-01T13:43:49.804,T1,1,8963,3.443,-59.8,-76.2,-16.4,145.6,462336508,462335039,124,16281,18054,14451,18943,967,3,1,True
2026-05-01T13:43:49.893,T1,1,8964,4.395,-59.5,-76.1,-16.6,161.11,766613399,766611524,116,17855,18689,16024,22193,1039,3,1,True
2026-05-01T13:43:50.103,T1,1,8966,4.418,-61.6,-80.5,-18.9,187.77,471433243,471431359,52,10059,9764,6961,6914,622,3,1,True
2026-05-01T13:43:50.463,T1,1,8969,4.081,-68.5,-83.8,-15.3,122.34,409768930,409767190,44,4652,5383,4502,1555,375,3,1,True
2026-05-01T13:43:50.794,T1,1,8972,4.193,-59.9,-78.6,-18.7,162.09,742043213,742041424,92,17482,14912,10523,17688,940,3,1,True
2026-05-01T13:43:51.124,T1,1,8975,3.297,-59.3,-75.8,-16.5,168.01,435184266,435182860,100,16277,16801,13168,17205,906,3,1,True
2026-05-01T13:43:51.604,T1,1,8979,3.344,-59.9,-76.5,-16.6,143.26,426558203,426556776,120,16992,17191,17597,21470,1033,3,1,True
2026-05-01T13:43:51.844,T1,1,8981,4.245,-59.7,-78.6,-18.9,144.75,746760461,746758651,104,17225,15054,9566,17309,922,3,1,True
2026-05-01T13:43:51.935,T1,1,8982,3.33,-59.2,-77.1,-18.0,174.75,444891026,444889606,96,16089,16776,11128,17523,911,3,1,True
2026-05-01T13:43:52.024,T1,1,8983,4.517,-59.7,-77.0,-17.3,142.91,526027108,526025182,116,16473,16578,11733,17216,920,3,1,True
2026-05-01T13:43:52.113,T1,1,8984,3.321,-59.4,-76.9,-17.4,165.31,440334676,440333259,108,15641,17854,13657,19075,959,3,1,True
2026-05-01T13:43:52.355,T1,1,8986,4.869,-57.5,-75.9,-18.3,136.52,766248743,766246667,136,18804,18567,15945,25790,1045,3,1,True
2026-05-01T13:43:52.444,T1,1,8987,3.977,-57.7,-77.0,-19.3,128.27,629254922,629253225,124,16875,15905,11324,19283,908,3,1,True
2026-05-01T13:43:52.534,T1,1,8988,3.419,-59.3,-75.8,-16.5,138.95,460783341,460781883,128,15063,17785,16599,19513,967,3,1,True
2026-05-01T13:43:52.653,T1,1,8989,3.354,-57.5,-76.4,-18.8,169.4,463053492,463052061,92,17147,15585,12577,19462,908,3,1,True
2026-05-01T13:43:52.773,T1,1,8990,3.255,-59.8,-78.4,-18.6,158.15,392193407,392192019,100,16927,15815,9069,17116,919,3,1,True
2026-05-01T13:43:52.835,T1,1,8991,3.264,-57.4,-77.5,-20.1,173.5,396264430,396263038,96,17844,16656,9594,21092,939,3,1,True
2026-05-01T13:43:52.954,T1,1,8992,3.325,-57.4,-76.3,-18.9,183.58,445356213,445354794,96,15660,17624,13833,21015,939,3,1,True
2026-05-01T13:43:53.043,T1,1,8993,4.118,-59.8,-75.6,-15.8,176.23,462015708,462013952,96,13546,16918,15786,16293,899,3,1,True
2026-05-01T13:43:53.133,T1,1,8994,4.081,-68.5,-82.8,-14.3,168.31,399242602,399240861,36,5415,6059,5103,1884,412,3,1,True
2026-05-01T13:43:53.763,T1,1,8999,3.415,-59.6,-76.7,-17.1,150.52,439132540,439131084,112,16935,16858,10873,17106,915,3,1,True
2026-05-01T13:43:53.945,T1,1,9001,4.071,-64.4,-80.2,-15.8,145.22,418543018,418541282,60,8623,8713,9066,5277,599,3,1,True
2026-05-01T13:43:54.064,T1,1,9002,4.442,-67.4,-82.1,-14.8,144.92,461931780,461929886,48,6756,6956,4882,2492,456,3,1,True
2026-05-01T13:43:54.184,T1,1,9003,3.274,-57.7,-77.8,-20.1,163.39,397044825,397043429,92,17479,15032,10951,19917,923,3,1,True
2026-05-01T13:43:54.604,T1,1,9007,3.321,-59.5,-76.4,-17.0,191.08,418734247,418732831,88,16793,16815,11588,17249,913,3,1,True
2026-05-01T13:43:54.813,T1,1,9009,4.334,-68.9,-84.6,-15.7,114.82,456148070,456146221,40,4670,4593,4310,1391,359,3,1,True
2026-05-01T13:43:54.935,T1,1,9010,4.043,-59.4,-76.6,-17.3,138.86,650857285,650855561,128,15206,17774,14284,18881,952,3,1,True
2026-05-01T13:43:55.143,T1,1,9012,4.972,-59.2,-77.5,-18.3,137.62,725418651,725416531,120,16604,16514,10746,17977,924,3,1,True
2026-05-01T13:43:55.954,T1,1,9019,3.302,-59.3,-79.1,-19.7,156.58,427522585,427521177,96,17229,15032,8200,17583,918,3,1,True
2026-05-01T13:43:56.193,T1,1,9021,3.316,-59.0,-75.6,-16.6,167.05,422791539,422790125,108,15209,18041,16439,19857,964,3,1,True
2026-05-01T13:43:56.524,T1,1,9024,3.316,-56.8,-76.7,-19.9,154.91,416222171,416220757,108,16852,16730,10985,20665,912,3,1,True
2026-05-01T13:43:56.977,T1,1,9028,4.362,-63.0,-84.5,-21.5,149.52,465866798,465864937,48,8105,7177,4066,4514,527,3,1,True
2026-05-01T13:43:57.099,T1,1,9029,4.221,-59.4,-76.4,-17.0,169.08,710251407,710249607,100,15292,16908,13580,17411,915,3,1,True
2026-05-01T13:43:57.184,T1,1,9030,3.382,-59.9,-77.9,-18.0,137.97,445830179,445828736,128,15088,17660,12585,18493,959,3,1,True
2026-05-01T13:43:57.335,T1,1,9031,3.274,-59.9,-77.8,-17.8,139.72,388508408,388507012,124,15452,17325,11739,17702,940,3,1,True
2026-05-01T13:43:57.393,T1,1,9032,3.504,-59.6,-76.4,-16.8,155.46,456081706,456080211,108,16574,16790,12096,17101,913,3,1,True
2026-05-01T13:43:57.753,T1,1,9035,3.274,-60.0,-76.4,-16.4,139.78,426771958,426770562,124,14279,17333,14880,17223,929,3,1,True
2026-05-01T13:43:57.843,T1,1,9036,3.597,-59.6,-75.3,-15.7,157.98,507356279,507354745,104,14614,16430,15185,16097,886,3,1,True
2026-05-01T13:43:57.963,T1,1,9037,4.559,-60.1,-77.6,-17.5,131.14,722105573,722103629,124,16534,16261,10529,16579,914,3,1,True
2026-05-01T13:43:58.083,T1,1,9038,3.171,-58.0,-77.1,-19.2,134.94,392181047,392179695,132,15739,17812,13035,21064,959,3,1,True
2026-05-01T13:43:58.144,T1,1,9039,4.845,-59.3,-76.0,-16.7,158.97,720320775,720318709,112,17487,17805,13085,19206,957,3,1,True
2026-05-01T13:43:58.473,T1,1,9042,3.246,-58.0,-79.9,-22.0,105.41,416524224,416522839,140,17429,14757,8152,20437,945,3,1,True
2026-05-01T13:43:58.593,T1,1,9043,3.377,-59.4,-76.9,-17.5,175.57,451793300,451791860,96,15709,16855,11955,17233,910,3,1,True
2026-05-01T13:43:58.685,T1,1,9044,3.349,-59.2,-77.1,-17.9,154.89,438289169,438287740,108,17975,16728,13298,20539,986,3,1,True
2026-05-01T13:43:58.923,T1,1,9046,4.118,-60.4,-79.6,-19.2,151.41,428673932,428672176,92,14619,13930,8994,14081,852,3,1,True
2026-05-01T13:43:59.133,T1,1,9048,3.372,-59.4,-76.2,-16.8,147.54,436250372,436248934,112,15754,16524,13827,17395,915,3,1,True
2026-05-01T13:43:59.613,T1,1,9052,3.349,-59.8,-76.6,-16.8,153.95,424272587,424271158,104,16828,16011,14535,18294,951,3,1,True
2026-05-01T13:43:59.853,T1,1,9054,3.377,-59.3,-75.9,-16.6,140.55,439988761,439987321,128,16315,17991,16972,21122,1005,3,1,True
2026-05-01T13:43:59.913,T1,1,9055,4.339,-67.1,-82.3,-15.1,127.23,462395707,462393857,56,6392,7125,5859,2734,474,3,1,True
2026-05-01T13:44:00.365,T1,1,9059,4.193,-60.5,-81.0,-20.5,135.59,449603478,449601690,112,14011,15186,9650,16347,922,3,1,True
2026-05-01T13:44:00.483,T1,1,9060,3.25,-59.5,-75.6,-16.1,184.1,410487748,410486361,92,16256,16937,14065,17318,917,3,1,True
2026-05-01T13:44:00.573,T1,1,9061,3.302,-59.4,-76.9,-17.4,141.41,397518084,397516675,120,16877,16969,11122,17723,925,3,1,True
2026-05-01T13:44:00.693,T1,1,9062,3.26,-59.1,-75.9,-16.8,134.52,391091231,391089840,136,18093,18295,17394,23444,1052,3,1,True
2026-05-01T13:44:00.785,T1,1,9063,3.372,-59.1,-75.6,-16.5,171.88,446376685,446375246,100,13430,17188,15846,17382,905,3,1,True
2026-05-01T13:44:01.354,T1,1,9068,3.443,-58.9,-76.0,-17.1,136.02,480348028,480346559,132,16434,17955,16905,21771,1007,3,1,True
2026-05-01T13:44:01.503,T1,1,9069,3.26,-59.1,-76.1,-17.0,131.15,418265328,418263937,128,14361,16787,15337,17844,917,3,1,True
2026-05-01T13:44:01.563,T1,1,9070,4.109,-60.0,-76.4,-16.4,170.86,427409973,427408220,104,16730,17769,14485,19076,979,3,1,True
2026-05-01T13:44:01.653,T1,1,9071,3.508,-59.2,-76.3,-17.1,193.38,410135843,410134346,92,17474,17791,12713,19424,960,3,1,True
2026-05-01T13:44:02.373,T1,1,9077,4.329,-73.3,-87.7,-14.4,155.6,448369288,448367442,20,2420,3112,2922,497,250,3,1,True
2026-05-01T13:44:02.493,T1,1,9078,3.433,-59.6,-75.7,-16.1,167.67,445694195,445692731,104,13832,17438,16067,17430,923,3,1,True
2026-05-01T13:44:02.553,T1,1,9079,3.513,-60.1,-77.7,-17.6,135.3,462153979,462152480,124,16785,16777,10354,17285,935,3,1,True
2026-05-01T13:44:02.793,T1,1,9081,4.099,-60.3,-80.2,-19.9,183.43,433038420,433036671,60,12465,11006,9139,10871,747,3,1,True
2026-05-01T13:44:02.885,T1,1,9082,3.227,-59.5,-77.7,-18.2,124.54,395632212,395630835,124,17309,15443,12009,18358,943,3,1,True
2026-05-01T13:44:02.975,T1,1,9083,3.443,-59.9,-77.5,-17.6,120.24,453149536,453148068,136,17967,16352,13216,19749,992,3,1,True
2026-05-01T13:44:03.364,T1,1,9086,5.005,-59.3,-76.7,-17.4,166.74,750050065,750047931,100,15932,16674,12202,17282,910,3,1,True
2026-05-01T13:44:03.425,T1,1,9087,4.465,-59.2,-76.9,-17.7,193.74,620276815,620274911,88,15664,17049,12634,17980,925,3,1,True
2026-05-01T13:44:03.543,T1,1,9088,3.185,-59.1,-77.0,-17.9,154.97,396334103,396332745,108,17965,16737,13472,20597,986,3,1,True
2026-05-01T13:44:03.633,T1,1,9089,4.39,-59.5,-77.0,-17.5,126.05,762715407,762713534,124,17230,15630,13842,18688,953,3,1,True
2026-05-01T13:44:03.843,T1,1,9091,5.122,-59.5,-75.8,-16.4,198.15,722725512,722723328,92,15721,18230,16555,20166,988,3,1,True
2026-05-01T13:44:03.964,T1,1,9092,4.784,-59.1,-75.1,-16.0,173.86,718178426,718176386,100,16207,17386,14341,17760,916,3,1,True
2026-05-01T13:44:04.053,T1,1,9093,3.522,-65.7,-75.5,-9.8,211.95,452886458,452884956,80,17232,16956,12342,11038,906,3,1,True
2026-05-01T13:44:04.414,T1,1,9096,4.151,-67.3,-85.2,-17.9,156.86,417950797,417949026,36,5769,5647,3242,1995,407,3,1,True
2026-05-01T13:44:04.474,T1,1,9097,3.443,-59.4,-76.7,-17.3,171.65,441430918,441429449,100,17316,17165,10927,17988,931,3,1,True
2026-05-01T13:44:04.592,T1,1,9098,4.02,-59.0,-77.2,-18.1,167.03,636044296,636042581,104,18303,17371,12960,21466,1004,3,1,True
2026-05-01T13:44:04.922,T1,1,9101,3.396,-59.7,-76.2,-16.4,187.07,434416708,434415259,88,13215,16462,15806,16518,902,3,1,True
2026-05-01T13:44:05.163,T1,1,9103,3.344,-59.3,-77.4,-18.1,175.19,432963748,432962321,96,16139,16818,10839,17598,918,3,1,True
2026-05-01T13:44:05.493,T1,1,9106,3.34,-59.6,-76.3,-16.7,155.98,429868495,429867070,108,15202,16846,13466,16844,906,3,1,True
2026-05-01T13:44:05.584,T1,1,9107,3.25,-59.8,-76.6,-16.8,131.64,388621276,388619889,120,17322,15797,14796,18744,964,3,1,True
2026-05-01T13:44:05.823,T1,1,9109,4.526,-63.4,-80.2,-16.8,156.48,494584953,494583022,84,13089,13144,9794,10715,824,3,1,True
2026-05-01T13:44:05.942,T1,1,9110,3.213,-59.3,-77.9,-18.6,138.23,391156754,391155383,120,18205,16587,12130,20712,996,3,1,True
2026-05-01T13:44:06.034,T1,1,9111,4.531,-59.6,-76.7,-17.1,173.81,765688936,765687003,108,18650,18771,14923,22895,1057,3,1,True
2026-05-01T13:44:06.242,T1,1,9113,4.859,-59.5,-75.4,-15.8,179.23,679188808,679186735,92,15283,16489,14269,16153,886,3,1,True
2026-05-01T13:44:06.335,T1,1,9114,4.798,-60.1,-76.4,-16.3,144.74,720273494,720271448,120,17024,17369,13007,17924,952,3,1,True
2026-05-01T13:44:06.424,T1,1,9115,3.494,-60.1,-76.2,-16.1,142.2,437253545,437252055,120,16691,17064,13761,17608,943,3,1,True
2026-05-01T13:44:06.544,T1,1,9116,3.222,-57.0,-75.0,-18.0,143.53,396927871,396926496,116,16618,16650,14202,19988,903,3,1,True
2026-05-01T13:44:06.994,T1,1,9120,3.236,-59.1,-75.6,-16.5,165.89,408038922,408037542,100,15262,16589,13984,16781,891,3,1,True
2026-05-01T13:44:07.322,T1,1,9123,4.095,-67.2,-83.2,-16.0,158.39,411091389,411089642,36,5666,5702,3982,1858,391,3,1,True
2026-05-01T13:44:07.443,T1,1,9124,3.283,-59.5,-75.8,-16.2,156.3,410976542,410975142,116,18131,18131,16052,21416,1020,3,1,True
2026-05-01T13:44:07.534,T1,1,9125,3.307,-59.9,-77.9,-18.0,130.44,393918748,393917338,120,17072,15653,11059,17476,933,3,1,True
2026-05-01T13:44:07.622,T1,1,9126,3.471,-59.3,-75.6,-16.3,146.42,457861618,457860137,120,14022,17570,16277,18119,931,3,1,True
2026-05-01T13:44:07.743,T1,1,9127,3.236,-87.8,-77.4,10.4,147.96,398143095,398141715,116,15330,17163,13000,2594,942,1,1,False
2026-05-01T13:44:07.984,T1,1,9129,4.348,-87.1,-76.6,10.5,134.05,754663449,754661595,128,17141,17159,18029,3371,1050,1,1,False
2026-05-01T13:44:08.103,T1,1,9130,3.551,-59.8,-76.4,-16.6,144.77,454746789,454745275,120,17127,17372,12031,17751,938,3,1,True
2026-05-01T13:44:08.163,T1,1,9131,4.071,-70.2,-83.9,-13.8,177.07,395939544,395937808,28,3946,4958,4515,1196,348,3,1,True
2026-05-01T13:44:08.373,T1,1,9133,4.221,-61.2,-81.3,-20.1,128.54,430277671,430275870,80,11566,10283,7099,8860,696,3,1,True
2026-05-01T13:44:08.852,T1,1,9137,4.437,-72.4,-88.2,-15.8,112.4,447206779,447204886,20,2384,2248,2425,392,215,3,1,True
2026-05-01T13:44:09.632,T1,1,9143,4.324,-59.7,-76.1,-16.4,182.52,731515546,731513702,96,14314,17522,15200,17568,930,3,1,True
2026-05-01T13:44:09.754,T1,1,9145,3.344,-59.7,-75.7,-16.0,163.21,437337478,437336052,108,16843,17627,13516,17919,938,3,1,True
2026-05-01T13:44:09.993,T1,1,9147,3.429,-59.3,-78.4,-19.1,173.04,438508461,438506998,100,16337,17304,9906,19018,953,3,1,True
2026-05-01T13:44:10.683,T1,1,9153,3.466,-59.9,-77.0,-17.1,145.56,472768014,472766535,124,16154,18049,13411,19077,974,3,1,True
2026-05-01T13:44:10.802,T1,1,9154,4.554,-57.6,-76.1,-18.5,179.93,718524094,718522151,104,18546,18713,14911,25065,1032,3,1,True
2026-05-01T13:44:10.893,T1,1,9155,4.465,-71.6,-85.6,-14.0,146.68,463044157,463042253,28,3530,4107,3365,818,302,3,1,True
2026-05-01T13:44:10.983,T1,1,9156,4.184,-59.5,-79.0,-19.5,127.8,588772261,588770477,144,18199,18403,10597,22973,1056,3,1,True
2026-05-01T13:44:11.223,T1,1,9158,3.344,-59.7,-76.1,-16.4,137.1,420060086,420058659,132,17174,18097,13903,19380,975,3,1,True
2026-05-01T13:44:11.433,T1,1,9160,3.34,-59.5,-75.9,-16.5,139.12,428419359,428417934,120,16981,16695,17390,20685,1000,3,1,True
2026-05-01T13:44:11.523,T1,1,9161,3.494,-59.3,-75.5,-16.2,153.42,460181639,460180148,108,15476,16569,14221,16744,895,3,1,True
2026-05-01T13:44:11.734,T1,1,9162,4.456,-65.5,-83.0,-17.5,161.48,479098834,479096933,48,8662,7751,5357,4176,554,3,1,True
2026-05-01T13:44:11.734,T1,1,9163,4.353,-59.8,-76.4,-16.5,150.29,713707338,713705481,116,16746,17434,16442,20454,1007,3,1,True
2026-05-01T13:44:11.824,T1,1,9164,3.457,-59.9,-76.5,-16.6,136.31,458558480,458557006,124,16704,16903,14994,19008,972,3,1,True
2026-05-01T13:44:11.945,T1,1,9165,4.057,-62.6,-78.9,-16.3,145.28,412695789,412694059,108,15079,15690,15856,17064,1013,3,1,True
2026-05-01T13:44:12.033,T1,1,9166,3.255,-59.8,-76.5,-16.6,155.9,395452572,395451183,108,16381,16837,13929,17965,944,3,1,True
2026-05-01T13:44:12.243,T1,1,9168,3.476,-59.4,-75.7,-16.3,142.06,444320123,444318641,116,15027,16479,14935,16971,903,3,1,True
2026-05-01T13:44:12.693,T1,1,9172,4.559,-63.7,-79.6,-15.9,166.75,485957684,485955740,64,9442,10672,9119,6544,651,3,1,True
2026-05-01T13:44:12.812,T1,1,9173,3.307,-87.9,-76.0,11.9,159.65,444233881,444232471,112,17051,17881,17135,3026,1023,1,1,False
2026-05-01T13:44:13.052,T1,1,9175,3.41,-59.4,-78.0,-18.6,148.86,439078494,439077040,116,16033,17268,10887,18564,946,3,1,True
2026-05-01T13:44:13.143,T1,1,9176,3.457,-59.5,-78.6,-19.1,144.64,462730094,462728619,104,17128,15043,8633,16934,906,3,1,True
2026-05-01T13:44:13.354,T1,1,9178,3.476,-59.4,-79.6,-20.2,156.93,481158301,481156818,96,17993,15065,8669,19254,963,3,1,True
2026-05-01T13:44:13.474,T1,1,9179,3.471,-59.8,-76.3,-16.5,138.27,453719938,453718458,124,17842,17146,16332,21033,1019,3,1,True
2026-05-01T13:44:14.045,T1,1,9184,4.081,-69.4,-84.9,-15.5,139.72,406482721,406480980,32,3855,4471,3666,1076,321,3,1,True
2026-05-01T13:44:14.252,T1,1,9186,4.081,-66.4,-82.5,-16.1,145.0,405578166,405576426,44,6900,6380,5600,2781,466,3,1,True
2026-05-01T13:44:14.612,T1,1,9189,5.122,-59.6,-76.0,-16.4,136.97,724442979,724440795,128,15347,17532,14719,17961,937,3,1,True
2026-05-01T13:44:14.703,T1,1,9190,3.555,-59.7,-75.9,-16.2,154.35,463970622,463969106,116,16778,17905,15046,19332,974,3,1,True
2026-05-01T13:44:15.152,T1,1,9194,4.404,-65.8,-82.4,-16.6,152.92,463844050,463842172,48,7003,7340,5355,3161,487,3,1,True
2026-05-01T13:44:15.364,T1,1,9196,4.043,-70.8,-88.0,-17.2,123.11,404700332,404698607,28,3904,3447,2467,833,297,3,1,True
2026-05-01T13:44:15.484,T1,1,9197,4.498,-64.4,-83.1,-18.7,116.22,475736808,475734889,80,11156,9298,5998,6834,682,3,1,True
2026-05-01T13:44:15.812,T1,1,9200,3.279,-59.7,-79.9,-20.1,108.04,422122720,422121322,136,17629,14694,8069,18121,945,3,1,True
2026-05-01T13:44:16.053,T1,1,9202,3.344,-59.7,-76.0,-16.3,144.02,436856373,436854946,124,16845,17859,13911,18740,959,3,1,True
2026-05-01T13:44:16.142,T1,1,9203,4.784,-59.4,-77.8,-18.4,178.95,724600940,724598900,96,16035,17179,11180,18384,942,3,1,True
2026-05-01T13:44:16.503,T1,1,9206,3.382,-58.7,-75.6,-16.9,167.6,443675659,443674216,100,15450,16760,13944,17545,897,3,1,True
2026-05-01T13:44:16.953,T1,1,9210,3.546,-59.4,-76.0,-16.6,161.38,488036739,488035227,112,16219,18074,14714,19401,965,3,1,True
2026-05-01T13:44:17.072,T1,1,9211,3.438,-59.5,-75.2,-15.7,148.88,449844599,449843133,112,14821,16675,15505,16673,899,3,1,True
2026-05-01T13:44:17.166,T1,1,9212,5.094,-59.3,-76.1,-16.8,137.37,716882034,716879862,120,17224,16484,16970,20874,998,3,1,True
2026-05-01T13:44:17.462,T1,1,9215,3.363,-59.6,-79.4,-19.8,168.16,471843161,471841726,108,18953,18161,9874,23594,1073,3,1,True
2026-05-01T13:44:17.613,T1,1,9216,4.437,-75.3,-88.1,-12.8,125.88,459505744,459503851,24,2681,3021,2404,416,245,3,1,True
2026-05-01T13:44:17.702,T1,1,9217,4.47,-59.7,-77.2,-17.5,160.45,763171747,763169841,100,17196,16045,13380,18706,958,3,1,True
2026-05-01T13:44:17.792,T1,1,9218,3.26,-59.6,-76.3,-16.7,164.85,394170808,394169418,100,16029,16485,17558,20219,993,3,1,True
2026-05-01T13:44:17.914,T1,1,9219,3.396,-59.3,-79.5,-20.1,177.76,449403751,449402302,84,17350,14932,8322,18146,933,3,1,True
2026-05-01T13:44:18.213,T1,1,9222,4.142,-66.1,-84.7,-18.6,140.62,415890642,415888875,48,6487,6750,3778,2812,464,3,1,True
2026-05-01T13:44:18.332,T1,1,9223,4.47,-73.0,-88.4,-15.5,145.58,461380412,461378506,24,3118,3494,1922,610,274,3,1,True
2026-05-01T13:44:18.423,T1,1,9224,3.508,-59.6,-76.2,-16.6,150.85,455223199,455221702,112,17480,16895,16852,20987,1013,3,1,True
2026-05-01T13:44:18.753,T1,1,9227,3.33,-57.5,-75.6,-18.1,153.35,429085613,429084193,108,16159,16562,14360,19744,912,3,1,True
2026-05-01T13:44:18.872,T1,1,9228,4.77,-57.8,-75.9,-18.1,156.22,718339686,718337651,104,17612,16247,17107,23023,997,3,1,True
2026-05-01T13:44:19.085,T1,1,9230,3.34,-57.9,-75.4,-17.5,160.59,419820336,419818912,104,15529,16701,15080,19164,911,3,1,True
2026-05-01T13:44:19.292,T1,1,9232,3.813,-57.6,-76.1,-18.5,166.43,573726918,573725291,100,16550,16643,14340,20674,939,3,1,True
2026-05-01T13:44:19.383,T1,1,9233,3.321,-59.6,-76.6,-17.0,149.09,394440889,394439473,120,16578,17891,17284,21987,1036,3,1,True
2026-05-01T13:44:19.503,T1,1,9234,3.527,-59.4,-78.5,-19.1,142.78,457313985,457312480,116,16890,16562,9998,18781,952,3,1,True
2026-05-01T13:44:19.833,T1,1,9237,4.334,-59.5,-75.9,-16.4,160.62,737180227,737178378,104,14164,16704,15061,16707,901,3,1,True
2026-05-01T13:44:19.954,T1,1,9238,3.443,-59.7,-76.2,-16.6,176.0,450722815,450721346,92,16933,16192,17659,20600,1006,3,1,True
2026-05-01T13:44:20.043,T1,1,9239,3.461,-59.3,-76.0,-16.6,180.66,457214228,457212752,92,15505,16621,13899,17087,905,3,1,True
2026-05-01T13:44:20.132,T1,1,9240,3.405,-59.4,-76.8,-17.5,192.65,435874328,435872875,96,17802,18494,13602,21527,1017,3,1,True
2026-05-01T13:44:20.252,T1,1,9241,3.968,-59.4,-76.4,-17.0,153.45,593674057,593672365,112,14127,17186,14719,17552,920,3,1,True
2026-05-01T13:44:20.344,T1,1,9242,4.836,-59.3,-77.2,-17.9,193.64,585686137,585684074,88,14965,17040,12413,17556,915,3,1,True
2026-05-01T13:44:20.464,T1,1,9243,3.466,-60.0,-76.8,-16.8,138.85,441128049,441126570,116,16758,16107,14933,18557,966,3,1,True
2026-05-01T13:44:20.553,T1,1,9244,4.221,-59.5,-76.3,-16.8,160.51,659746661,659744860,112,16830,17977,14152,19633,975,3,1,True
2026-05-01T13:44:20.642,T1,1,9245,3.49,-59.5,-75.8,-16.3,174.73,459091402,459089913,96,17581,16774,15876,19803,980,3,1,True
2026-05-01T13:44:20.733,T1,1,9246,3.358,-59.7,-76.5,-16.8,145.73,388130941,388129508,116,16812,16905,13931,18544,956,3,1,True
2026-05-01T13:44:21.094,T1,1,9249,3.401,-59.4,-75.9,-16.5,181.87,433467079,433465628,100,17177,18187,15014,20284,988,3,1,True
2026-05-01T13:44:21.303,T1,1,9251,3.396,-59.5,-78.2,-18.7,157.27,415597201,415595752,104,16719,16356,9963,17964,934,3,1,True
2026-05-01T13:44:21.392,T1,1,9252,3.419,-60.1,-78.6,-18.5,154.99,436864693,436863235,112,15144,17359,11119,17912,952,3,1,True
2026-05-01T13:44:21.632,T1,1,9254,4.306,-59.9,-76.1,-16.2,158.81,683949275,683947439,108,17249,17151,17161,20649,1015,3,1,True
2026-05-01T13:44:21.752,T1,1,9255,4.418,-59.9,-77.6,-17.7,170.49,707381373,707379488,104,16075,17731,12364,18756,967,3,1,True
2026-05-01T13:44:21.933,T1,1,9257,3.494,-59.2,-76.2,-17.1,183.1,435407582,435406092,96,15479,17578,14018,18513,936,3,1,True
2026-05-01T13:44:22.053,T1,1,9258,3.429,-59.1,-75.3,-16.1,202.5,400665763,400664300,88,14782,17820,16862,19097,950,3,1,True
2026-05-01T13:44:22.503,T1,1,9262,3.363,-59.3,-77.1,-17.8,183.57,426790990,426789555,92,15440,16888,12778,17917,926,3,1,True
2026-05-01T13:44:22.743,T1,1,9264,3.41,-57.2,-77.7,-20.5,166.53,444340017,444338563,100,17844,16653,9252,21427,941,3,1,True
2026-05-01T13:44:22.833,T1,1,9265,3.368,-59.1,-75.7,-16.6,162.1,394485112,394483675,108,16146,17507,13987,18298,929,3,1,True
2026-05-01T13:44:23.163,T1,1,9268,4.362,-57.4,-79.4,-22.1,179.86,496282979,496281118,80,17850,14389,8541,20959,936,3,1,True
2026-05-01T13:44:23.403,T1,1,9270,5.014,-59.6,-76.1,-16.4,143.37,701239423,701237284,116,14439,16631,15068,16876,909,3,1,True
2026-05-01T13:44:23.522,T1,1,9271,3.316,-59.4,-75.6,-16.2,186.2,392057375,392055961,92,16308,17130,13449,17337,914,3,1,True
2026-05-01T13:44:23.852,T1,1,9274,3.415,-59.5,-76.5,-17.0,154.68,419713454,419711997,112,17025,17324,12026,18183,938,3,1,True
2026-05-01T13:44:24.064,T1,1,9276,4.109,-65.5,-81.4,-15.9,189.55,413213178,413211425,40,7404,7582,6281,3461,504,3,1,True
2026-05-01T13:44:24.303,T1,1,9278,3.354,-59.7,-77.2,-17.5,148.73,413425517,413424087,124,17832,18442,12978,21192,1019,3,1,True
2026-05-01T13:44:24.394,T1,1,9279,3.377,-59.9,-76.5,-16.6,181.8,391442419,391440978,88,16636,15998,15665,18642,964,3,1,True
2026-05-01T13:44:24.484,T1,1,9280,4.395,-57.3,-75.1,-17.9,179.91,716670395,716668520,96,14537,17271,15605,19742,906,3,1,True
2026-05-01T13:44:24.603,T1,1,9281,3.527,-59.4,-76.8,-17.3,156.12,457224660,457223156,116,16878,18110,13676,20178,987,3,1,True
2026-05-01T13:44:24.692,T1,1,9282,4.461,-62.7,-79.6,-16.9,175.54,476144901,476142999,80,15348,14043,11679,13961,918,3,1,True
2026-05-01T13:44:24.784,T1,1,9283,4.442,-68.4,-84.6,-16.3,111.65,459394364,459392470,48,6062,5359,4307,1973,420,3,1,True
2026-05-01T13:44:25.384,T1,1,9288,3.616,-59.8,-76.0,-16.3,202.35,484033173,484031630,84,16117,16997,17048,19702,986,3,1,True
2026-05-01T13:44:25.472,T1,1,9289,4.592,-59.7,-76.4,-16.8,149.28,762472444,762470486,116,17076,17317,13955,19120,968,3,1,True
2026-05-01T13:44:25.682,T1,1,9291,3.386,-59.7,-76.5,-16.8,153.49,413166717,413165273,108,13041,16577,15815,16962,913,3,1,True
2026-05-01T13:44:25.928,T1,1,9293,3.518,-59.3,-77.0,-17.7,185.99,478851232,478849731,88,15953,16367,12073,17261,910,3,1,True
2026-05-01T13:44:26.132,T1,1,9295,3.574,-57.6,-75.7,-18.1,153.68,482822070,482820545,120,17443,18442,15291,23382,998,3,1,True
2026-05-01T13:44:26.584,T1,1,9299,3.297,-57.6,-75.3,-17.7,229.46,411316807,411315400,72,16286,16521,14121,19145,902,3,1,True
2026-05-01T13:44:26.702,T1,1,9300,4.249,-60.0,-76.3,-16.4,201.12,457517286,457515473,84,16221,16894,12687,16778,916,3,1,True
2026-05-01T13:44:26.792,T1,1,9301,3.752,-59.4,-75.8,-16.3,179.29,504511536,504509936,96,16435,17212,13347,17529,920,3,1,True
2026-05-01T13:44:27.153,T1,1,9304,4.348,-59.3,-76.5,-17.2,202.92,742661585,742659731,92,18406,18669,14597,22462,1037,3,1,True
2026-05-01T13:44:27.242,T1,1,9305,4.437,-59.2,-77.3,-18.1,189.5,761916635,761914742,88,15887,16676,11957,17905,922,3,1,True
2026-05-01T13:44:27.333,T1,1,9306,3.297,-59.5,-78.0,-18.5,140.4,392132325,392130919,120,18130,16848,11907,20612,999,3,1,True
2026-05-01T13:44:27.454,T1,1,9307,3.204,-59.5,-78.1,-18.5,213.57,388212766,388211399,84,16422,17940,11406,19795,981,3,1,True
2026-05-01T13:44:27.545,T1,1,9308,3.583,-59.5,-76.3,-16.8,201.54,456253398,456251870,84,14439,16929,14866,17429,918,3,1,True
2026-05-01T13:44:27.632,T1,1,9309,3.494,-59.6,-76.4,-16.8,158.71,435204792,435203302,112,17302,17776,12727,18944,960,3,1,True
2026-05-01T13:44:27.752,T1,1,9310,3.532,-59.3,-75.7,-16.3,196.76,456081174,456079667,92,15390,18102,17073,20193,983,3,1,True
2026-05-01T13:44:27.843,T1,1,9311,4.737,-59.5,-77.8,-18.3,149.82,717164284,717162263,112,15627,16780,10853,17407,918,3,1,True
2026-05-01T13:44:28.053,T1,1,9313,3.541,-59.3,-75.5,-16.3,202.06,470434372,470432862,88,15236,17781,16252,19060,954,3,1,True
2026-05-01T13:44:28.322,T1,1,9315,3.433,-59.4,-75.6,-16.2,158.4,428966046,428964581,112,15461,17741,16636,19359,966,3,1,True
2026-05-01T13:44:28.383,T1,1,9316,4.582,-59.9,-76.0,-16.1,147.54,754129955,754128000,116,17503,17115,17174,20736,1018,3,1,True
2026-05-01T13:44:28.473,T1,1,9317,3.555,-58.9,-75.3,-16.4,204.51,454592504,454590988,88,17355,17997,14592,19865,962,3,1,True
2026-05-01T13:44:28.743,T1,1,9319,3.415,-59.5,-75.9,-16.4,202.36,423864226,423862769,88,16796,17808,13797,18739,953,3,1,True
2026-05-01T13:44:28.922,T1,1,9321,3.532,-59.4,-78.0,-18.5,165.43,470634499,470632993,100,16906,16543,9822,17996,932,3,1,True
2026-05-01T13:44:29.373,T1,1,9325,4.385,-57.4,-76.0,-18.6,208.26,734192084,734190214,80,16881,16661,12774,19950,916,3,1,True
2026-05-01T13:44:29.493,T1,1,9326,5.202,-59.6,-77.4,-17.8,195.78,714578076,714575857,88,14703,17229,12174,17267,919,3,1,True
2026-05-01T13:44:29.582,T1,1,9327,4.085,-60.0,-77.3,-17.2,197.73,627259937,627258194,88,15109,17400,12715,17370,935,3,1,True
2026-05-01T13:44:29.672,T1,1,9328,3.522,-59.6,-76.3,-16.7,188.74,451340011,451338508,88,15948,16609,12891,16859,907,3,1,True
2026-05-01T13:44:29.793,T1,1,9329,3.405,-59.6,-79.0,-19.4,168.05,386933344,386931891,100,16491,16805,9228,18642,953,3,1,True
2026-05-01T13:44:30.125,T1,1,9332,4.442,-59.5,-75.4,-15.9,206.92,736205053,736203158,84,14484,17381,15942,17549,921,3,1,True
2026-05-01T13:44:30.215,T1,1,9333,4.461,-68.8,-82.8,-14.0,159.53,457407589,457405687,36,4917,5743,5035,1654,391,3,1,True
2026-05-01T13:44:30.454,T1,1,9335,3.433,-59.3,-75.9,-16.6,203.82,429637090,429635626,84,16363,17121,13393,17719,922,3,1,True
2026-05-01T13:44:30.545,T1,1,9336,4.128,-64.1,-80.2,-16.0,136.83,408812934,408811174,76,10395,10399,11375,7988,730,3,1,True
2026-05-01T13:44:30.634,T1,1,9337,3.668,-59.3,-80.3,-20.9,125.62,496781489,496779924,116,17831,14572,7913,19221,960,3,1,True
2026-05-01T13:44:30.992,T1,1,9340,3.541,-59.9,-76.5,-16.6,192.18,441770327,441768817,92,17469,17681,12031,18268,955,3,1,True
2026-05-01T13:44:31.083,T1,1,9341,4.653,-59.3,-77.9,-18.6,199.6,761834661,761832676,84,18036,16766,11775,20479,990,3,1,True
2026-05-01T13:44:31.203,T1,1,9342,4.006,-59.0,-75.9,-16.8,186.11,457865051,457863342,88,15328,16378,13749,16894,891,3,1,True
2026-05-01T13:44:31.292,T1,1,9343,4.142,-69.3,-84.2,-15.0,164.41,396446181,396444415,32,4338,5261,4420,1415,367,3,1,True
2026-05-01T13:44:31.745,T1,1,9347,3.386,-59.5,-75.5,-16.0,196.22,430226955,430225510,92,16480,18052,15579,19391,970,3,1,True
2026-05-01T13:44:31.983,T1,1,9349,4.939,-57.6,-75.0,-17.4,217.16,697654732,697652626,80,17004,17373,14193,20148,926,3,1,True
2026-05-01T13:44:32.073,T1,1,9350,3.447,-57.7,-75.2,-17.4,157.25,450185848,450184378,108,16366,16983,14634,19620,917,3,1,True
2026-05-01T13:44:32.403,T1,1,9353,3.391,-59.6,-78.7,-19.1,161.28,427028444,427026997,104,16542,16773,9801,18642,953,3,1,True
2026-05-01T13:44:32.643,T1,1,9355,3.537,-59.1,-75.4,-16.3,202.04,436762362,436760854,84,15556,16971,14457,17344,904,3,1,True
2026-05-01T13:44:32.764,T1,1,9356,4.901,-59.3,-75.3,-16.0,137.36,586576334,586574243,116,16968,15934,16819,19017,953,3,1,True
2026-05-01T13:44:33.484,T1,1,9362,4.822,-59.2,-77.0,-17.7,173.54,715572391,715570335,96,17569,16660,9299,17488,912,3,1,True
2026-05-01T13:44:33.543,T1,1,9363,3.658,-57.5,-75.7,-18.3,139.79,497380262,497378701,124,17266,17334,12009,20017,918,3,1,True
2026-05-01T13:44:33.632,T1,1,9364,3.424,-59.2,-75.6,-16.5,211.94,440845346,440843885,80,17046,16955,12255,17309,906,3,1,True
2026-05-01T13:44:33.962,T1,1,9367,4.062,-75.6,-88.6,-13.0,120.25,386984700,386982968,16,1978,1924,1761,222,181,3,1,True
2026-05-01T13:44:34.112,T1,1,9368,3.677,-58.8,-73.4,-14.7,170.29,498475552,498473984,100,15672,17029,15795,16493,872,3,1,True
2026-05-01T13:44:34.562,T1,1,9372,4.385,-59.5,-75.1,-15.6,181.01,737674949,737673078,88,17274,15929,17014,18848,957,3,1,True
2026-05-01T13:44:34.653,T1,1,9373,3.363,-59.3,-76.1,-16.9,159.74,434775572,434774138,116,18450,18530,14171,21644,1016,3,1,True
2026-05-01T13:44:34.774,T1,1,9374,3.499,-58.8,-77.6,-18.8,165.4,452800487,452798995,96,17904,15878,10907,19298,945,3,1,True
2026-05-01T13:44:34.835,T1,1,9375,3.508,-58.9,-75.7,-16.8,188.92,454707410,454705913,88,15721,16625,14120,17546,904,3,1,True
2026-05-01T13:44:34.952,T1,1,9376,4.573,-59.4,-77.4,-17.9,143.03,761728137,761726186,116,17289,16592,9365,17416,917,3,1,True
2026-05-01T13:44:35.073,T1,1,9377,4.554,-58.8,-76.9,-18.1,138.1,763575328,763573386,124,18322,17124,12702,21059,986,3,1,True
2026-05-01T13:44:35.283,T1,1,9379,5.324,-58.7,-76.1,-17.4,168.51,757483086,757480816,96,17881,16177,13369,19310,942,3,1,True
2026-05-01T13:44:35.522,T1,1,9381,3.518,-59.0,-74.7,-15.7,192.99,442294363,442292862,92,16400,17755,16554,19333,951,3,1,True
2026-05-01T13:44:35.583,T1,1,9382,4.043,-59.7,-77.6,-17.9,135.98,407460736,407459012,112,17032,15230,11154,16939,914,3,1,True
2026-05-01T13:44:35.702,T1,1,9383,3.48,-59.3,-74.9,-15.6,154.26,448416344,448414859,108,15866,16660,14892,16845,896,3,1,True
2026-05-01T13:44:35.975,T1,1,9385,3.762,-58.7,-78.2,-19.5,186.62,428198954,428197349,88,17553,16423,9854,19745,953,3,1,True
2026-05-01T13:44:36.122,T1,1,9387,5.441,-59.2,-78.5,-19.2,144.02,754935264,754932944,116,17693,16706,9295,19566,964,3,1,True
2026-05-01T13:44:36.602,T1,1,9391,4.264,-62.6,-81.6,-19.1,147.16,429434421,429432603,68,10070,10007,6437,6915,644,3,1,True
2026-05-01T13:44:36.692,T1,1,9392,3.288,-58.8,-76.1,-17.3,181.27,392838193,392836791,92,16617,16677,12249,17694,905,3,1,True
2026-05-01T13:44:36.903,T1,1,9394,4.17,-63.6,-79.7,-16.0,150.73,414901467,414899689,64,9485,9647,7549,5544,598,3,1,True
2026-05-01T13:44:37.024,T1,1,9395,4.765,-59.1,-75.3,-16.1,156.44,715500745,715498713,108,14716,16895,15392,17166,901,3,1,True
2026-05-01T13:44:37.112,T1,1,9396,4.353,-59.0,-76.9,-17.9,146.55,701377644,701375787,124,18690,18172,12884,22241,1019,3,1,True
2026-05-01T13:44:37.624,T1,1,9400,4.915,-59.1,-75.3,-16.3,188.51,721421598,721419501,92,17283,17343,12721,17851,916,3,1,True
2026-05-01T13:44:37.682,T1,1,9401,3.532,-69.5,-75.0,-5.4,190.81,455809489,455807982,88,17482,16791,17138,9794,974,1,1,False
2026-05-01T13:44:37.772,T1,1,9402,4.568,-59.0,-75.6,-16.6,146.54,759731629,759729681,112,16062,16412,13421,16933,891,3,1,True
2026-05-01T13:44:38.222,T1,1,9406,4.174,-61.9,-81.3,-19.5,149.96,430297377,430295596,96,14554,14396,7924,14105,897,3,1,True
2026-05-01T13:44:38.342,T1,1,9407,5.197,-59.1,-75.5,-16.4,154.39,714175752,714173535,100,17347,15439,15229,18329,929,3,1,True
2026-05-01T13:44:38.432,T1,1,9408,4.479,-59.1,-76.6,-17.6,153.4,648479200,648477289,112,15172,17181,13512,18169,925,3,1,True
2026-05-01T13:44:38.643,T1,1,9410,3.335,-59.0,-78.1,-19.1,179.64,413122990,413121567,96,15953,17245,10849,19072,945,3,1,True
2026-05-01T13:44:38.763,T1,1,9411,5.023,-58.5,-78.3,-19.8,174.95,714165934,714163791,88,17848,15396,9724,19541,940,3,1,True
2026-05-01T13:44:38.882,T1,1,9412,3.368,-59.2,-75.9,-16.6,149.77,387503912,387502476,112,16999,16774,12688,17587,915,3,1,True
2026-05-01T13:44:38.944,T1,1,9413,3.34,-59.1,-75.0,-15.9,148.33,390904463,390903038,112,14657,16613,15393,16685,887,3,1,True
2026-05-01T13:44:39.064,T1,1,9414,3.316,-58.9,-76.8,-17.9,142.56,390894302,390892888,124,18435,17678,13340,21780,1007,3,1,True
2026-05-01T13:44:39.392,T1,1,9417,4.31,-59.1,-76.1,-17.0,186.57,509225316,509223477,96,16692,17911,13499,19350,955,3,1,True
2026-05-01T13:44:39.514,T1,1,9418,3.41,-58.9,-76.9,-18.1,190.42,406068633,406067178,88,17297,16757,10212,18210,919,3,1,True
2026-05-01T13:44:39.603,T1,1,9419,3.485,-58.7,-77.8,-19.1,139.25,444173934,444172448,120,18127,16710,10595,20590,971,3,1,True
2026-05-01T13:44:39.843,T1,1,9421,3.851,-59.2,-74.9,-15.7,148.25,489310673,489309030,112,15411,16604,15159,16747,892,3,1,True
2026-05-01T13:44:39.932,T1,1,9422,3.705,-59.1,-75.6,-16.5,199.02,498246056,498244476,92,17328,18310,15023,20601,985,3,1,True
2026-05-01T13:44:40.144,T1,1,9424,3.532,-58.9,-76.9,-18.0,130.61,484078029,484076522,116,17578,15151,12738,18599,929,3,1,True
2026-05-01T13:44:40.352,T1,1,9426,3.377,-59.3,-77.5,-18.1,157.04,424623208,424621767,112,15900,17589,11933,18830,950,3,1,True
2026-05-01T13:44:40.594,T1,1,9428,4.442,-59.0,-77.4,-18.4,184.98,736799401,736797507,92,15666,17018,11416,18095,921,3,1,True
2026-05-01T13:44:41.075,T1,1,9432,3.804,-58.9,-74.9,-16.0,181.59,545127167,545125545,92,16475,16706,15612,18296,924,3,1,True
2026-05-01T13:44:41.132,T1,1,9433,3.532,-56.5,-75.0,-18.5,206.4,457498300,457496794,84,15755,17338,14844,21078,912,3,1,True
2026-05-01T13:44:41.283,T1,1,9434,4.306,-58.9,-76.8,-17.9,120.74,703033740,703031904,124,17297,14972,12881,18147,919,3,1,True
2026-05-01T13:44:41.822,T1,1,9439,3.302,-59.3,-75.3,-16.0,140.72,413765708,413764299,116,16554,16323,15258,17877,923,3,1,True
2026-05-01T13:44:41.942,T1,1,9440,4.737,-59.2,-75.7,-16.5,144.09,715084444,715082424,120,17333,17291,12988,18368,934,3,1,True
2026-05-01T13:44:42.032,T1,1,9441,4.067,-70.7,-86.0,-15.3,150.5,394018165,394016431,28,4421,4214,2715,980,321,3,1,True
2026-05-01T13:44:42.425,T1,1,9444,4.536,-59.2,-75.6,-16.4,145.01,738468565,738466630,128,17941,18561,15755,21679,1014,3,1,True
2026-05-01T13:44:42.484,T1,1,9445,3.349,-69.3,-75.2,-5.9,143.15,389080014,389078586,120,16085,17178,14780,8846,919,1,1,False
2026-05-01T13:44:42.603,T1,1,9446,3.321,-57.1,-75.3,-18.3,154.81,392400404,392398987,108,16907,16720,12755,19597,896,3,1,True
2026-05-01T13:44:42.664,T1,1,9447,3.508,-59.4,-74.8,-15.4,188.17,436012555,436011058,88,14699,16559,15618,16257,885,3,1,True
2026-05-01T13:44:42.814,T1,1,9448,3.546,-60.7,-76.8,-16.1,197.64,454971830,454970318,88,15221,17392,13046,16350,929,3,1,True
2026-05-01T13:44:43.114,T1,1,9451,3.377,-59.5,-78.4,-18.9,140.33,412888376,412886935,124,15359,17401,10783,18388,944,3,1,True
2026-05-01T13:44:43.232,T1,1,9452,5.014,-58.9,-75.1,-16.2,189.25,715269712,715267573,96,18407,18168,15389,21212,993,3,1,True
2026-05-01T13:44:43.683,T1,1,9456,4.376,-72.2,-87.2,-15.0,190.31,448187286,448185420,16,2820,3045,2503,505,243,3,1,True
2026-05-01T13:44:43.772,T1,1,9457,4.601,-59.0,-74.8,-15.7,194.12,758861776,758859814,88,16526,17083,14265,17360,903,3,1,True
2026-05-01T13:44:51.962,T1,1,9532,3.067,-59.3,-77.8,-18.6,139.61,418371069,418369760,108,17048,15078,10536,17301,909,3,1,True
2026-05-01T13:44:52.292,T1,1,9535,3.143,-59.2,-78.5,-19.3,196.73,423951557,423950216,84,17439,16525,9458,19316,958,3,1,True
2026-05-01T13:44:52.412,T1,1,9536,3.18,-59.2,-78.4,-19.2,123.53,430131335,430129978,116,17373,14330,9867,17420,908,3,1,True
2026-05-01T13:44:52.982,T1,1,9541,3.508,-57.6,-79.5,-21.9,121.06,486843273,486841776,120,17293,14527,7984,19899,920,3,1,True
2026-05-01T13:44:53.073,T1,1,9542,3.279,-60.0,-77.9,-17.9,195.46,432388524,432387125,92,11948,17982,16524,19438,986,3,1,True
2026-05-01T13:44:53.314,T1,1,9544,3.279,-60.9,-80.5,-19.6,158.46,433388936,433387537,108,11624,17114,14380,18755,1002,3,1,True
2026-05-01T13:44:53.882,T1,1,9549,4.461,-58.9,-74.6,-15.8,166.38,752935216,752933314,92,17155,15307,14951,17048,890,3,1,True
2026-05-01T13:44:54.002,T1,1,9550,4.686,-59.1,-78.6,-19.5,129.88,711188257,711186259,112,17398,14547,8792,17385,904,3,1,True
2026-05-01T13:44:54.092,T1,1,9551,4.292,-74.2,-86.5,-12.3,145.4,460174208,460172378,20,2901,2908,2723,433,241,3,1,True
2026-05-01T13:44:54.182,T1,1,9552,3.809,-59.8,-75.9,-16.2,181.03,405839240,405837615,96,15970,17379,12720,16748,910,3,1,True
2026-05-01T13:44:54.272,T1,1,9553,3.987,-66.0,-81.7,-15.7,143.77,407239508,407237807,56,8267,8051,4882,3542,519,3,1,True
2026-05-01T13:44:54.664,T1,1,9556,3.307,-60.1,-78.9,-18.8,134.03,436432426,436431016,128,11517,17156,17900,20916,1029,3,1,True
2026-05-01T13:44:54.843,T1,1,9558,3.204,-57.7,-74.5,-16.8,208.73,408514543,408513177,80,14676,16698,15706,18047,880,3,1,True
2026-05-01T13:44:54.992,T1,1,9559,3.241,-59.9,-79.2,-19.2,201.36,431807537,431806155,92,13250,18525,14872,21316,1032,3,1,True
2026-05-01T13:44:55.052,T1,1,9560,4.09,-60.2,-77.9,-17.7,177.22,453846208,453844464,100,16215,17722,16422,21945,1058,3,1,True
2026-05-01T13:44:55.864,T1,1,9567,4.704,-59.3,-76.6,-17.2,208.1,750592255,750590248,88,16302,18313,14455,20319,987,3,1,True
2026-05-01T13:44:56.463,T1,1,9572,4.329,-62.5,-78.9,-16.4,175.16,489051780,489049933,80,12736,14013,13796,13027,882,3,1,True
2026-05-01T13:44:56.793,T1,1,9575,4.428,-60.0,-76.1,-16.2,143.13,597698330,597696441,120,16547,17176,12373,16810,917,3,1,True
2026-05-01T13:44:57.362,T1,1,9580,3.865,-60.0,-76.6,-16.6,192.79,427467899,427466250,96,16241,18508,15704,20550,1014,3,1,True
2026-05-01T13:44:57.932,T1,1,9585,3.297,-58.7,-75.3,-16.6,217.91,436569266,436567860,80,15889,17433,14552,18431,920,3,1,True
2026-05-01T13:44:58.053,T1,1,9586,3.25,-59.9,-77.5,-17.7,170.91,429482825,429481438,92,17610,15724,12620,18542,960,3,1,True
2026-05-01T13:44:58.384,T1,1,9589,3.991,-60.2,-77.0,-16.8,167.1,723698493,723696791,108,16902,18047,12712,18757,978,3,1,True
2026-05-01T13:44:58.742,T1,1,9592,4.104,-59.5,-79.8,-20.3,122.57,737980913,737979162,120,17816,14709,7975,18472,946,3,1,True
2026-05-01T13:44:58.832,T1,1,9593,3.147,-58.8,-75.8,-17.0,143.05,389917464,389916122,120,17550,17166,11608,18149,917,3,1,True
2026-05-01T13:44:58.922,T1,1,9594,3.077,-59.2,-74.9,-15.7,142.55,397439132,397437820,124,16698,17676,15013,18421,934,3,1,True
2026-05-01T13:44:59.852,T1,1,9602,3.279,-59.6,-75.2,-15.5,179.07,472673446,472672048,96,14080,17191,15869,16613,902,3,1,True
2026-05-01T13:45:00.392,T1,1,9606,3.626,-59.5,-79.3,-19.8,181.31,418760065,418758518,80,17606,14505,8751,17942,932,3,1,True
2026-05-01T13:45:00.423,T1,1,9607,3.597,-60.2,-78.4,-18.1,136.65,392967569,392966034,112,17739,15305,11247,18031,959,3,1,True
2026-05-01T13:45:00.513,T1,1,9608,4.235,-59.6,-77.9,-18.3,146.41,711693789,711691982,112,17208,16398,9385,17671,928,3,1,True
2026-05-01T13:45:00.872,T1,1,9611,4.324,-65.7,-81.1,-15.4,195.93,479124854,479123010,44,7426,8621,6799,3879,538,3,1,True
2026-05-01T13:45:00.963,T1,1,9612,4.057,-59.9,-77.7,-17.8,194.62,702355805,702354074,84,17284,16348,9429,17108,923,3,1,True
2026-05-01T13:45:01.054,T1,1,9613,3.344,-58.2,-74.8,-16.6,155.29,464176118,464174692,112,15700,17393,14560,18270,901,3,1,True
2026-05-01T13:45:01.172,T1,1,9614,3.147,-59.3,-77.7,-18.4,211.77,385268886,385267543,80,17021,16942,9664,18266,935,3,1,True
2026-05-01T13:45:01.293,T1,1,9615,3.358,-59.5,-75.7,-16.1,209.0,453869256,453867823,88,18486,18392,15877,21694,1027,3,1,True
2026-05-01T13:45:01.352,T1,1,9616,3.288,-59.9,-77.6,-17.7,231.2,447304980,447303578,76,15648,17571,11418,17748,940,3,1,True
2026-05-01T13:45:01.472,T1,1,9617,3.912,-73.5,-86.4,-12.9,141.92,389716812,389715143,24,2873,3406,2992,536,261,3,1,True
2026-05-01T13:45:01.681,T1,1,9619,3.898,-72.6,-88.3,-15.8,131.1,392293458,392291796,20,2398,2622,2006,398,218,3,1,True
2026-05-01T13:45:01.802,T1,1,9620,3.325,-59.5,-74.7,-15.2,222.6,442673512,442672093,80,15172,17808,16484,17826,931,3,1,True
2026-05-01T13:45:01.892,T1,1,9621,4.324,-59.7,-74.7,-15.0,160.09,770033848,770032004,104,15692,16649,15357,16377,897,3,1,True
2026-05-01T13:45:01.982,T1,1,9622,3.33,-58.2,-75.0,-16.7,246.96,457861678,457860258,72,15928,17781,15345,19526,931,3,1,True
2026-05-01T13:45:02.224,T1,1,9624,4.268,-71.9,-86.0,-14.0,210.12,460216259,460214438,16,2672,3362,3127,568,255,3,1,True
2026-05-01T13:45:02.552,T1,1,9627,3.977,-62.1,-80.6,-18.5,142.86,418149651,418147955,72,10112,10286,7997,7461,657,3,1,True
2026-05-01T13:45:02.643,T1,1,9628,3.222,-59.4,-75.1,-15.7,185.04,390291833,390290459,96,16560,17764,14643,18211,935,3,1,True
2026-05-01T13:45:02.734,T1,1,9629,3.546,-59.4,-75.1,-15.7,216.34,492146510,492144998,80,16791,17307,13891,17446,917,3,1,True
2026-05-01T13:45:02.852,T1,1,9630,4.446,-59.7,-76.4,-16.7,210.84,717367009,717365112,80,17159,16867,10234,16534,901,3,1,True
2026-05-01T13:45:03.182,T1,1,9633,3.504,-59.6,-75.1,-15.5,190.27,511885577,511884083,92,16800,17505,13628,17209,918,3,1,True
2026-05-01T13:45:03.542,T1,1,9636,4.174,-59.6,-75.1,-15.5,207.35,729166580,729164799,84,16118,17417,14700,17339,920,3,1,True
2026-05-01T13:45:03.633,T1,1,9637,3.349,-58.5,-78.5,-20.0,133.34,454432860,454431431,128,18142,17068,11121,22569,1012,3,1,True
2026-05-01T13:45:03.722,T1,1,9638,4.09,-60.2,-76.1,-15.9,188.88,453213765,453212021,92,16611,17377,16390,19311,992,3,1,True
2026-05-01T13:45:03.842,T1,1,9639,4.601,-59.5,-77.6,-18.1,214.15,710694472,710692509,88,18632,18845,12751,23066,1057,3,1,True
2026-05-01T13:45:03.931,T1,1,9640,3.325,-59.4,-75.3,-15.9,199.86,451676348,451674929,88,16355,17588,14799,18180,936,3,1,True
2026-05-01T13:45:04.264,T1,1,9643,4.573,-58.5,-76.1,-17.5,162.61,682790582,682788631,108,15591,17562,13740,18941,927,3,1,True
2026-05-01T13:45:04.593,T1,1,9646,3.241,-60.3,-76.5,-16.3,135.7,408703363,408701980,124,17336,16827,17087,20559,1025,3,1,True
2026-05-01T13:45:04.712,T1,1,9647,4.517,-59.5,-76.9,-17.5,213.15,708544069,708542143,84,18503,17905,13722,21739,1025,3,1,True
2026-05-01T13:45:04.802,T1,1,9648,3.893,-88.6,-91.6,-2.9,98.33,394914083,394912422,12,1199,1180,872,54,147,1,1,False
2026-05-01T13:45:04.892,T1,1,9649,4.62,-60.0,-75.5,-15.5,165.12,713644528,713642557,104,13303,17172,16105,16281,903,3,1,True
2026-05-01T13:45:04.982,T1,1,9650,4.264,-71.0,-88.2,-17.2,146.0,451891381,451889563,24,4187,3504,1973,873,306,3,1,True
2026-05-01T13:45:05.343,T1,1,9653,4.048,-59.7,-76.0,-16.3,165.64,690048584,690046857,100,16098,16564,13177,16586,903,3,1,True
2026-05-01T13:45:05.432,T1,1,9654,3.504,-59.5,-78.1,-18.6,202.07,491653277,491651782,92,17842,18590,11886,22220,1039,3,1,True
2026-05-01T13:45:06.871,T1,1,9666,4.142,-60.3,-76.5,-16.2,150.41,727850410,727848644,116,17321,17448,11611,17246,939,3,1,True
2026-05-01T13:45:06.962,T1,1,9667,3.494,-59.9,-78.4,-18.5,232.39,492522146,492520655,76,16086,17662,10639,18689,965,3,1,True
2026-05-01T13:45:07.052,T1,1,9668,3.823,-65.6,-80.3,-14.6,231.52,387265783,387264152,40,8160,9261,8070,4555,581,3,1,True
2026-05-01T13:45:07.142,T1,1,9669,3.391,-59.6,-75.3,-15.6,160.87,451260911,451259465,108,15654,17374,16991,18787,959,3,1,True
2026-05-01T13:45:07.322,T1,1,9670,3.884,-76.8,-88.9,-12.1,130.8,387821266,387819609,20,2209,2616,1813,307,222,3,1,True
2026-05-01T13:45:07.351,T1,1,9671,3.78,-59.7,-75.4,-15.7,205.1,451896177,451894565,84,14147,17228,15443,16588,903,3,1,True
2026-05-01T13:45:07.472,T1,1,9672,3.33,-58.5,-77.3,-18.8,145.25,446826048,446824628,124,15945,18011,13130,21037,974,3,1,True
2026-05-01T13:45:07.712,T1,1,9674,3.316,-59.5,-77.0,-17.5,161.75,431560600,431559186,104,16476,16822,10348,16927,906,3,1,True
2026-05-01T13:45:08.042,T1,1,9677,3.241,-58.2,-75.3,-17.1,200.79,442898278,442896896,92,18750,18473,16236,23752,1027,3,1,True
2026-05-01T13:45:08.252,T1,1,9679,4.995,-59.7,-75.2,-15.4,215.74,730877985,730875854,76,14430,16396,15674,16005,888,3,1,True
2026-05-01T13:45:08.342,T1,1,9680,4.836,-59.7,-75.3,-15.6,199.92,711104292,711102229,84,14417,16793,15700,16532,901,3,1,True
2026-05-01T13:45:08.703,T1,1,9683,4.038,-65.5,-82.4,-16.9,164.75,405858935,405857213,36,6010,5931,4459,2238,405,3,1,True
2026-05-01T13:45:08.793,T1,1,9684,3.377,-59.8,-75.6,-15.8,191.33,449230853,449229413,88,15461,16837,13738,16159,893,3,1,True
2026-05-01T13:45:08.881,T1,1,9685,3.288,-60.2,-76.5,-16.3,202.55,386553084,386551681,84,16556,17014,11927,16642,920,3,1,True
2026-05-01T13:45:09.002,T1,1,9686,4.273,-59.6,-75.5,-15.9,202.72,750902399,750900577,88,16762,17839,14228,18370,947,3,1,True
2026-05-01T13:45:09.334,T1,1,9689,5.047,-60.2,-76.1,-15.9,159.32,747809208,747807056,112,15181,17844,14804,17612,945,3,1,True
2026-05-01T13:45:09.423,T1,1,9690,4.179,-59.5,-75.4,-15.9,194.51,578566725,578564943,96,17508,18673,16573,21237,1014,3,1,True
2026-05-01T13:45:09.573,T1,1,9691,3.372,-59.8,-76.4,-16.6,213.44,444296284,444294845,80,15698,17075,13051,17024,917,3,1,True
2026-05-01T13:45:09.634,T1,1,9692,3.218,-59.6,-76.6,-17.0,225.1,393622992,393621620,80,15947,18008,13268,18642,955,3,1,True
2026-05-01T13:45:09.723,T1,1,9693,3.18,-59.8,-75.9,-16.1,156.85,401013824,401012468,116,16248,18195,15301,19187,975,3,1,True
2026-05-01T13:45:09.812,T1,1,9694,3.264,-58.0,-75.2,-17.2,169.65,430684287,430682895,100,17195,16965,12532,18587,901,3,1,True
2026-05-01T13:45:10.053,T1,1,9696,3.26,-59.7,-77.0,-17.3,228.45,420298185,420296794,80,16418,18276,13287,19666,984,3,1,True
2026-05-01T13:45:10.472,T1,1,9699,4.348,-73.2,-86.2,-13.1,129.92,447144204,447142350,24,2841,3118,2718,474,243,3,1,True
2026-05-01T13:45:10.473,T1,1,9700,3.541,-59.3,-76.8,-17.6,184.84,494146532,494145022,92,16282,17005,10976,17330,909,3,1,True
2026-05-01T13:45:10.592,T1,1,9701,3.138,-85.1,-76.3,8.7,204.6,391936298,391934959,92,18824,18823,14935,3891,1050,1,1,False
2026-05-01T13:45:10.712,T1,1,9702,4.226,-59.3,-75.0,-15.6,150.34,713142768,713140966,116,16065,17440,15148,17800,923,3,1,True
2026-05-01T13:45:10.891,T1,1,9704,3.372,-60.2,-76.4,-16.2,212.29,428067002,428065563,80,16350,16983,12065,16403,912,3,1,True
2026-05-01T13:45:11.012,T1,1,9705,3.363,-59.6,-74.9,-15.4,217.32,443592295,443590861,76,14476,16516,15765,16130,886,3,1,True
2026-05-01T13:45:11.462,T1,1,9709,4.067,-64.8,-79.9,-15.1,184.27,408656742,408655008,48,7629,8845,7800,4266,546,3,1,True
2026-05-01T13:45:11.552,T1,1,9710,3.33,-59.6,-76.7,-17.2,164.18,428123400,428121980,112,16745,18388,13554,20067,988,3,1,True
2026-05-01T13:45:12.152,T1,1,9715,4.029,-58.1,-78.2,-20.2,171.57,671667794,671666075,88,17846,15098,10059,19883,935,3,1,True
2026-05-01T13:45:12.243,T1,1,9716,3.382,-59.7,-79.1,-19.4,200.56,462557174,462555732,88,18375,17649,10086,21919,1037,3,1,True
2026-05-01T13:45:12.362,T1,1,9717,3.386,-60.0,-75.8,-15.8,200.43,427935407,427933962,88,16884,17638,13207,17526,938,3,1,True
2026-05-01T13:45:12.452,T1,1,9718,3.274,-59.6,-75.9,-16.3,204.18,392589913,392588516,84,16630,17151,15696,19203,968,3,1,True
2026-05-01T13:45:12.903,T1,1,9722,3.288,-59.7,-75.3,-15.7,162.94,421196990,421195587,108,15161,17597,17015,18682,957,3,1,True
2026-05-01T13:45:13.021,T1,1,9723,4.601,-59.3,-74.4,-15.2,194.03,708142580,708140617,88,15848,17075,14838,16578,890,3,1,True
2026-05-01T13:45:13.111,T1,1,9724,3.222,-59.3,-77.0,-17.7,196.2,387782867,387781492,80,17335,15696,12113,17965,926,3,1,True
2026-05-01T13:45:13.322,T1,1,9726,4.385,-62.5,-78.4,-15.9,168.7,485132764,485130893,80,12629,13496,12027,11165,816,3,1,True
2026-05-01T13:45:13.591,T1,1,9728,4.723,-59.6,-76.1,-16.5,182.53,719789301,719787286,92,16987,16793,18011,21285,1020,3,1,True
2026-05-01T13:45:13.652,T1,1,9729,4.31,-59.7,-76.0,-16.3,187.53,712051362,712049524,92,16486,17253,12741,17260,921,3,1,True
2026-05-01T13:45:13.861,T1,1,9731,4.132,-63.3,-80.8,-17.4,145.71,409219259,409217497,48,7440,6994,6682,3787,489,3,1,True
2026-05-01T13:45:13.981,T1,1,9732,3.325,-59.1,-78.8,-19.7,131.73,429364265,429362846,128,18691,16862,10233,21947,1018,3,1,True
2026-05-01T13:45:14.101,T1,1,9733,3.325,-59.5,-74.9,-15.4,165.94,434091306,434089888,104,15303,17258,15239,16913,906,3,1,True
2026-05-01T13:45:14.161,T1,1,9734,3.396,-59.6,-79.2,-19.6,207.69,432151560,432150111,88,17307,18277,10196,21815,1032,3,1,True
2026-05-01T13:45:14.282,T1,1,9735,3.771,-59.7,-74.9,-15.1,205.75,402685540,402683932,84,15407,17283,15139,16624,904,3,1,True
2026-05-01T13:45:14.372,T1,1,9736,4.048,-59.7,-78.6,-18.9,179.42,450459072,450457346,84,17768,15071,9249,17748,933,3,1,True
2026-05-01T13:45:14.702,T1,1,9739,3.33,-60.0,-76.0,-16.0,154.29,420260783,420259362,112,16781,17280,14698,18361,961,3,1,True
2026-05-01T13:45:14.822,T1,1,9740,3.189,-59.5,-75.2,-15.7,187.12,386021367,386020007,92,15947,17215,17275,19200,964,3,1,True
2026-05-01T13:45:14.912,T1,1,9741,3.358,-59.5,-75.3,-15.8,197.64,435727609,435726176,92,15914,18183,16149,19177,965,3,1,True
2026-05-01T13:45:15.152,T1,1,9743,3.321,-59.2,-76.3,-17.1,190.86,418277635,418276218,88,18122,16796,14391,20367,983,3,1,True
2026-05-01T13:45:15.242,T1,1,9744,3.297,-59.2,-76.3,-17.1,148.28,428567106,428565699,108,17445,16014,13485,18456,937,3,1,True
2026-05-01T13:45:15.572,T1,1,9747,3.452,-58.1,-75.4,-17.3,147.59,469530821,469529349,112,17273,16530,14696,19919,936,3,1,True
2026-05-01T13:45:15.663,T1,1,9748,4.362,-72.7,-85.6,-12.9,165.38,452424402,452422541,24,3299,3969,3205,688,288,3,1,True
2026-05-01T13:45:15.783,T1,1,9749,3.26,-59.8,-77.3,-17.4,146.9,387014729,387013339,112,16733,16453,10236,16680,910,3,1,True
2026-05-01T13:45:15.873,T1,1,9750,3.644,-57.7,-76.6,-18.9,194.95,509628246,509626692,80,17459,15596,11597,19231,906,3,1,True
2026-05-01T13:45:16.234,T1,1,9753,4.315,-59.4,-77.8,-18.4,196.18,729200722,729198881,80,17732,15694,11369,18783,952,3,1,True
2026-05-01T13:45:16.323,T1,1,9754,3.551,-59.4,-77.3,-17.9,221.96,498189903,498188388,84,18151,18645,12761,22128,1032,3,1,True
2026-05-01T13:45:17.012,T1,1,9760,4.188,-58.3,-75.1,-16.8,220.88,727563811,727562025,84,18537,18554,17741,24448,1044,3,1,True
2026-05-01T13:45:17.132,T1,1,9761,5.122,-59.6,-76.3,-16.7,138.55,708932853,708930669,120,17788,16626,16846,21176,1017,3,1,True
2026-05-01T13:45:17.822,T1,1,9767,3.363,-59.5,-74.9,-15.4,164.35,432467560,432466125,100,14057,16435,15762,15882,877,3,1,True
2026-05-01T13:45:17.972,T1,1,9768,4.69,-59.4,-76.0,-16.6,151.19,707632109,707630108,112,17266,16933,10835,16837,900,3,1,True
2026-05-01T13:45:18.122,T1,1,9770,3.288,-59.7,-76.3,-16.6,234.96,426013797,426012394,72,17001,16917,10913,16676,905,3,1,True
2026-05-01T13:45:18.242,T1,1,9771,3.419,-59.0,-77.5,-18.5,198.2,449115115,449113656,84,17340,16649,9798,18455,929,3,1,True
2026-05-01T13:45:18.692,T1,1,9775,3.991,-64.6,-81.7,-17.1,212.72,408520643,408518941,36,8453,7658,6072,4148,535,3,1,True
2026-05-01T13:45:26.884,T1,1,9850,3.898,-59.0,-77.7,-18.7,155.24,738192838,738191176,116,14171,18008,18178,23702,1054,3,1,True
2026-05-01T13:45:26.972,T1,1,9851,3.269,-58.8,-77.3,-18.5,243.16,489510263,489508869,76,16091,18480,13748,21600,999,3,1,True
2026-05-01T13:45:27.303,T1,1,9854,3.94,-59.9,-76.9,-17.0,187.41,681787353,681785672,92,12727,17242,15193,17051,922,3,1,True
2026-05-01T13:45:27.634,T1,1,9857,4.16,-72.1,-88.6,-16.5,171.75,458990997,458989222,16,2347,2748,2074,456,230,3,1,True
2026-05-01T13:45:27.992,T1,1,9860,3.921,-59.7,-76.6,-16.9,221.47,738166908,738165235,76,15176,16832,12910,16704,906,3,1,True
2026-05-01T13:45:28.202,T1,1,9862,3.025,-60.3,-77.5,-17.2,217.63,396074066,396072775,76,16374,16540,10978,16558,921,3,1,True
2026-05-01T13:45:28.412,T1,1,9864,4.526,-59.2,-77.4,-18.2,171.22,609641378,609639448,108,13529,18492,17859,22631,1036,3,1,True
2026-05-01T13:45:28.561,T1,1,9865,3.208,-60.0,-77.6,-17.6,200.68,448134373,448133005,92,12925,18463,16551,20129,1004,3,1,True
2026-05-01T13:45:28.742,T1,1,9867,4.095,-70.7,-86.1,-15.4,177.83,452030175,452028428,24,3470,4268,3195,894,307,3,1,True
2026-05-01T13:45:28.953,T1,1,9869,4.357,-60.3,-77.8,-17.5,206.46,532754217,532752358,80,10128,16517,16078,16192,910,3,1,True
2026-05-01T13:45:29.042,T1,1,9870,3.213,-58.8,-76.0,-17.2,174.14,441402610,441401240,96,15459,16717,13835,17777,906,3,1,True
2026-05-01T13:45:29.164,T1,1,9871,3.199,-60.3,-78.6,-18.3,179.08,471028405,471027040,100,18074,17908,13531,22504,1073,3,1,True
2026-05-01T13:45:29.253,T1,1,9872,3.34,-59.8,-76.4,-16.6,179.18,496426545,496425120,96,13777,17201,14207,16528,905,3,1,True
2026-05-01T13:45:29.344,T1,1,9873,3.255,-60.6,-77.9,-17.4,168.01,433074530,433073141,112,15537,18817,14815,20643,1038,3,1,True
2026-05-01T13:45:29.463,T1,1,9874,3.199,-59.8,-76.5,-16.7,228.96,433104303,433102938,76,13630,17401,14547,16944,915,3,1,True
2026-05-01T13:45:29.553,T1,1,9875,3.94,-64.1,-76.9,-12.8,195.47,577131742,577130061,88,15021,17201,13307,12917,926,3,1,True
2026-05-01T13:45:29.642,T1,1,9876,3.133,-60.4,-78.7,-18.3,171.49,404007890,404006553,100,18168,17149,11436,20362,1026,3,1,True
2026-05-01T13:45:29.762,T1,1,9877,3.264,-58.2,-75.2,-17.0,218.17,455063151,455061759,76,14677,16581,14886,17590,883,3,1,True
2026-05-01T13:45:29.853,T1,1,9878,4.104,-60.2,-78.3,-18.1,181.32,479894583,479892832,100,18165,18132,14322,22970,1081,3,1,True
2026-05-01T13:45:30.063,T1,1,9880,3.194,-60.2,-76.9,-16.7,219.87,417388083,417386721,76,15616,16710,11945,16130,906,3,1,True
2026-05-01T13:45:30.334,T1,1,9882,3.1,-59.8,-76.9,-17.1,164.98,411143078,411141755,100,12480,16498,15587,16680,910,3,1,True
2026-05-01T13:45:30.393,T1,1,9883,4.798,-58.8,-75.8,-17.0,172.24,708563857,708561810,100,15945,17224,13412,18056,914,3,1,True
2026-05-01T13:45:30.513,T1,1,9884,4.742,-58.0,-75.4,-17.4,248.16,707160568,707158546,68,14852,16875,14977,18557,901,3,1,True
2026-05-01T13:45:30.602,T1,1,9885,3.78,-60.4,-77.4,-17.0,209.67,624642570,624640957,88,16865,18451,13221,19786,1009,3,1,True
2026-05-01T13:45:30.692,T1,1,9886,3.222,-59.8,-78.4,-18.5,158.44,430955456,430954081,124,19127,19646,15741,27443,1167,3,1,True
2026-05-01T13:45:30.812,T1,1,9887,4.259,-75.4,-88.8,-13.3,145.0,448150328,448148511,20,1771,2900,2656,402,242,3,1,True
2026-05-01T13:45:30.901,T1,1,9888,4.179,-59.7,-78.4,-18.8,180.99,753681043,753679260,104,16424,18823,13516,22520,1051,3,1,True
2026-05-01T13:45:31.023,T1,1,9889,3.152,-59.6,-76.9,-17.2,191.52,402075214,402073870,92,14384,17620,14042,17913,936,3,1,True
2026-05-01T13:45:31.352,T1,1,9892,3.171,-60.0,-78.4,-18.4,219.9,407974782,407973430,84,18136,18472,14862,24172,1101,3,1,True
2026-05-01T13:45:31.563,T1,1,9894,4.024,-65.1,-83.1,-18.0,221.85,418248602,418246886,40,7770,8874,6135,4690,578,3,1,True
2026-05-01T13:45:31.681,T1,1,9895,3.152,-59.7,-77.5,-17.8,191.86,392551169,392549825,96,13389,18419,15836,20102,994,3,1,True
2026-05-01T13:45:32.012,T1,1,9898,4.573,-59.8,-75.9,-16.0,163.84,628542074,628540123,104,14435,17039,14297,16219,897,3,1,True
2026-05-01T13:45:32.222,T1,1,9900,3.949,-65.6,-82.9,-17.3,172.25,411819744,411818059,48,4460,8268,8102,3876,535,3,1,True
2026-05-01T13:45:32.341,T1,1,9901,3.429,-60.0,-76.8,-16.8,180.71,490434542,490433079,92,12346,16625,15671,16446,908,3,1,True
2026-05-01T13:45:32.431,T1,1,9902,3.363,-60.2,-79.9,-19.7,195.65,445660492,445659058,96,17460,18782,11031,23160,1086,3,1,True
2026-05-01T13:45:32.672,T1,1,9904,4.052,-59.2,-78.6,-19.4,146.01,726383445,726381716,124,15136,18105,18972,26670,1127,3,1,True
2026-05-01T13:45:32.882,T1,1,9906,4.259,-76.4,-88.9,-12.5,206.08,458855323,458853506,12,2416,2473,1679,308,219,3,1,True
2026-05-01T13:45:33.332,T1,1,9910,4.043,-72.4,-88.2,-15.8,180.81,401212989,401211265,16,2029,2893,2717,470,236,3,1,True
2026-05-01T13:45:33.663,T1,1,9913,3.25,-60.6,-77.6,-17.0,226.79,418274451,418273065,80,17262,18143,11943,19054,998,3,1,True
2026-05-01T13:45:34.232,T1,1,9918,3.152,-59.4,-78.2,-18.8,158.49,426054483,426053139,120,17412,19019,18875,28592,1174,3,1,True
2026-05-01T13:45:34.324,T1,1,9919,3.302,-60.1,-78.6,-18.5,160.76,443421364,443419955,112,16885,18005,16825,24375,1110,3,1,True
2026-05-01T13:45:34.441,T1,1,9920,3.358,-60.1,-77.3,-17.2,218.01,449241280,449239848,76,16582,16569,10204,16363,908,3,1,True
2026-05-01T13:45:35.011,T1,1,9925,3.809,-60.0,-78.5,-18.4,158.75,450867689,450866065,116,15871,18415,12401,20262,1010,3,1,True
2026-05-01T13:45:35.281,T1,1,9927,3.18,-60.5,-77.4,-16.9,239.11,406551885,406550528,76,16374,18172,12688,18590,984,3,1,True
2026-05-01T13:45:35.342,T1,1,9928,3.236,-60.0,-76.7,-16.7,180.17,427153230,427151850,92,14716,16576,13401,16210,901,3,1,True
2026-05-01T13:45:35.433,T1,1,9929,3.288,-59.6,-76.5,-16.9,220.0,449723247,449721844,80,13412,17600,15048,17600,926,3,1,True
2026-05-01T13:45:35.881,T1,1,9933,4.737,-60.2,-77.5,-17.3,183.16,750174334,750172313,100,14204,18316,14860,19086,985,3,1,True
2026-05-01T13:45:36.332,T1,1,9937,3.982,-67.4,-84.4,-17.1,190.56,412817179,412815480,32,3636,6098,6015,2146,423,3,1,True
2026-05-01T13:45:36.451,T1,1,9938,3.382,-58.3,-75.6,-17.3,230.18,462566586,462565143,72,15511,16573,13617,17659,889,3,1,True
2026-05-01T13:45:36.543,T1,1,9939,4.174,-59.9,-77.5,-17.6,194.79,755007474,755005693,92,12901,17921,15045,18384,956,3,1,True
2026-05-01T13:45:36.991,T1,1,9943,3.916,-66.9,-84.6,-17.8,192.81,415641386,415639716,36,4583,6941,5667,2635,461,3,1,True
2026-05-01T13:45:37.113,T1,1,9944,3.279,-60.6,-79.4,-18.7,209.12,432244279,432242881,84,9494,17566,15559,17846,967,3,1,True
2026-05-01T13:45:37.201,T1,1,9945,3.222,-59.5,-77.4,-17.9,207.64,399590480,399589105,84,14467,17442,13626,18359,944,3,1,True
2026-05-01T13:45:37.322,T1,1,9946,3.466,-60.4,-78.4,-18.0,198.81,512391745,512390267,88,13944,17495,12674,17500,951,3,1,True
2026-05-01T13:45:37.771,T1,1,9950,3.152,-57.8,-75.4,-17.6,171.39,425179695,425178350,88,17731,15082,14712,19452,917,3,1,True
2026-05-01T13:45:37.864,T1,1,9951,4.334,-59.1,-76.1,-17.0,138.63,707720509,707718661,112,17443,15527,13055,17670,912,3,1,True
2026-05-01T13:45:38.223,T1,1,9954,4.32,-62.0,-78.1,-16.2,149.95,487486931,487485089,92,13505,13795,13854,13150,869,3,1,True
2026-05-01T13:45:38.551,T1,1,9957,4.02,-62.3,-79.6,-17.3,208.49,436713061,436711347,76,12943,15845,13864,15433,953,3,1,True
2026-05-01T13:45:38.792,T1,1,9959,4.067,-57.8,-73.6,-15.8,206.5,723977141,723975406,80,17077,16520,14453,17560,869,3,1,True
2026-05-01T13:45:38.914,T1,1,9960,3.368,-60.0,-74.7,-14.7,219.45,455522200,455520763,80,15325,17556,15700,16606,912,3,1,True
2026-05-01T13:45:39.333,T1,1,9964,3.175,-59.7,-75.9,-16.2,162.8,418405354,418403999,108,15620,17582,14654,17920,938,3,1,True
2026-05-01T13:45:39.454,T1,1,9965,4.226,-66.3,-82.6,-16.3,191.3,448215627,448213825,40,6920,7652,5529,3223,500,3,1,True
2026-05-01T13:45:40.021,T1,1,9970,4.658,-58.8,-75.3,-16.5,178.38,728141546,728139559,96,16391,17124,16988,20214,967,3,1,True
2026-05-01T13:45:40.172,T1,1,9971,3.288,-59.0,-75.7,-16.8,130.28,423907598,423906195,136,16588,17718,14047,19091,945,3,1,True
2026-05-01T13:45:40.353,T1,1,9973,3.94,-64.2,-83.1,-18.8,150.85,399285051,399283371,40,6097,6034,4110,2537,413,3,1,True
2026-05-01T13:45:40.443,T1,1,9974,3.794,-59.1,-75.3,-16.1,190.54,528412071,528410452,92,14707,17530,15788,17978,922,3,1,True
2026-05-01T13:45:40.681,T1,1,9976,4.873,-60.1,-76.0,-16.0,172.28,746391928,746389849,96,16488,16539,13880,16975,925,3,1,True
2026-05-01T13:45:41.011,T1,1,9979,3.269,-57.5,-75.2,-17.7,142.68,409082625,409081230,120,17111,17122,12975,19517,907,3,1,True
2026-05-01T13:45:41.822,T1,1,9986,3.264,-57.3,-77.2,-19.8,204.05,439387782,439386389,80,17230,16324,9535,19661,905,3,1,True
2026-05-01T13:45:41.943,T1,1,9987,4.16,-59.3,-78.0,-18.7,168.21,768967495,768965721,112,18876,18839,11703,23602,1061,3,1,True
2026-05-01T13:45:42.032,T1,1,9988,3.218,-59.7,-75.2,-15.5,155.37,429471622,429470250,112,16406,17401,13925,17036,915,3,1,True
2026-05-01T13:45:42.121,T1,1,9989,3.175,-59.5,-76.2,-16.6,191.15,425376028,425374673,88,16704,16821,10967,16407,893,3,1,True
2026-05-01T13:45:42.332,T1,1,9991,3.63,-59.5,-77.1,-17.6,185.2,442914373,442912825,84,17189,15557,10982,16882,906,3,1,True
2026-05-01T13:45:42.453,T1,1,9992,3.124,-59.4,-76.6,-17.2,200.4,392464458,392463126,80,17381,16032,12469,17898,929,3,1,True
2026-05-01T13:45:42.691,T1,1,9994,4.081,-59.7,-77.5,-17.8,202.96,722612063,722610323,80,16723,16237,9392,16492,900,3,1,True
2026-05-01T13:45:42.782,T1,1,9995,4.165,-59.5,-78.3,-18.8,122.1,747949255,747947479,124,17889,15141,10445,18430,946,3,1,True
2026-05-01T13:45:42.879,T1,1,9996,3.621,-60.1,-75.1,-15.0,148.01,395537791,395536246,120,16582,17761,17088,18975,978,3,1,True
2026-05-01T13:45:43.113,T1,1,9998,4.123,-58.0,-76.6,-18.6,173.65,730497909,730496151,104,15937,18060,13581,21128,960,3,1,True
2026-05-01T13:45:43.231,T1,1,9999,4.221,-59.1,-76.3,-17.2,174.88,751461951,751460151,92,17183,16089,12797,17924,919,3,1,True
2026-05-01T13:45:43.653,T1,1,10003,3.189,-59.3,-76.8,-17.5,209.35,418820061,418818701,80,17412,16748,9713,17336,911,3,1,True
2026-05-01T13:45:43.741,T1,1,10004,3.705,-60.1,-76.4,-16.3,210.66,398798885,398797304,80,17415,16853,10779,16583,915,3,1,True
2026-05-01T13:45:43.862,T1,1,10005,3.194,-59.4,-77.1,-17.6,176.26,400401501,400400138,104,17115,18331,12855,20457,994,3,1,True
2026-05-01T13:45:44.191,T1,1,10008,4.01,-63.0,-82.3,-19.3,151.5,410056020,410054310,48,8263,7272,4958,4224,511,3,1,True
2026-05-01T13:45:44.675,T1,1,10012,4.203,-59.7,-75.2,-15.5,196.18,484073158,484071366,84,13762,16479,15967,15920,885,3,1,True
2026-05-01T13:45:44.882,T1,1,10014,3.189,-59.6,-76.1,-16.5,163.45,401459655,401458294,116,18953,18960,15327,22792,1054,3,1,True
2026-05-01T13:45:45.932,T1,1,10023,3.194,-59.7,-76.4,-16.8,200.21,418741080,418739718,92,16603,18419,14635,20144,994,3,1,True
2026-05-01T13:45:46.081,T1,1,10024,3.166,-59.4,-75.6,-16.2,147.54,424701993,424700643,120,13514,17705,16211,17739,923,3,1,True
2026-05-01T13:45:46.142,T1,1,10025,3.302,-59.7,-75.4,-15.7,186.09,448321574,448320166,96,15881,17865,14979,18009,940,3,1,True
2026-05-01T13:45:46.233,T1,1,10026,3.302,-60.0,-76.9,-16.9,181.65,422816820,422815412,92,16616,16712,10939,16522,910,3,1,True
2026-05-01T13:45:46.381,T1,1,10027,3.377,-59.1,-75.3,-16.2,196.56,461272691,461271250,84,15421,16511,15018,17171,899,3,1,True
2026-05-01T13:45:46.561,T1,1,10029,4.864,-59.2,-75.7,-16.5,209.89,743083695,743081621,84,16950,17631,15439,19987,974,3,1,True
2026-05-01T13:45:46.714,T1,1,10030,3.757,-59.1,-75.9,-16.9,178.15,446833461,446831858,96,17948,17102,17458,22469,1029,3,1,True
2026-05-01T13:45:46.773,T1,1,10031,3.227,-59.0,-76.4,-17.4,206.8,422417985,422416609,92,18342,19026,15116,23485,1049,3,1,True
2026-05-01T13:45:47.101,T1,1,10034,3.199,-59.3,-75.4,-16.1,196.29,423261833,423260468,96,17468,18844,17154,22093,1029,3,1,True
2026-05-01T13:45:47.312,T1,1,10036,3.208,-59.5,-74.7,-15.2,159.09,415376440,415375072,108,16438,17182,14627,17049,908,3,1,True
2026-05-01T13:45:47.431,T1,1,10037,4.883,-59.7,-75.5,-15.7,202.64,769178239,769176156,88,17061,17832,13962,18159,946,3,1,True
2026-05-01T13:45:47.521,T1,1,10038,3.358,-59.5,-76.9,-17.4,207.74,453000210,452998778,76,17271,15788,11487,17218,913,3,1,True
2026-05-01T13:45:48.213,T1,1,10044,3.18,-60.0,-77.8,-17.8,153.33,406940840,406939484,104,16938,15946,9118,16284,904,3,1,True
2026-05-01T13:45:48.334,T1,1,10045,3.452,-59.7,-74.9,-15.2,196.4,486235630,486234158,84,14746,16498,15858,16129,891,3,1,True
2026-05-01T13:45:48.541,T1,1,10047,3.138,-59.6,-75.3,-15.7,160.74,401657195,401655856,112,14818,18003,16569,18458,950,3,1,True
2026-05-01T13:45:48.663,T1,1,10048,4.737,-59.5,-77.6,-18.1,143.66,763686341,763684320,108,17788,15515,10979,18055,935,3,1,True
2026-05-01T13:45:48.753,T1,1,10049,3.311,-59.5,-74.3,-14.8,164.09,441968449,441967036,104,16406,17065,14300,16223,888,3,1,True
2026-05-01T13:45:48.962,T1,1,10051,3.377,-59.6,-74.6,-15.0,197.56,465895018,465893578,88,15890,17385,15072,16846,907,3,1,True
2026-05-01T13:45:49.051,T1,1,10052,4.235,-64.6,-79.6,-15.0,133.21,458977082,458975276,72,9855,9591,9837,6152,652,3,1,True
2026-05-01T13:45:49.172,T1,1,10053,3.973,-59.1,-76.2,-17.1,209.26,651992527,651990833,80,16830,16741,11587,17372,904,3,1,True
2026-05-01T13:45:49.263,T1,1,10054,3.368,-59.7,-75.6,-15.9,160.23,446744585,446743149,112,18358,17946,16895,21660,1032,3,1,True
2026-05-01T13:45:49.382,T1,1,10055,3.255,-59.5,-76.4,-16.9,190.38,428200082,428198694,96,16632,18276,14221,19914,982,3,1,True
2026-05-01T13:45:49.831,T1,1,10059,4.076,-57.7,-74.7,-17.1,162.53,717699395,717697656,104,17263,16903,13015,18666,893,3,1,True
2026-05-01T13:45:57.962,T1,1,10134,3.757,-66.6,-81.6,-15.0,144.5,405290033,405288430,48,7325,6936,6228,3017,489,3,1,True
2026-05-01T13:45:58.230,T1,1,10136,4.32,-59.7,-75.7,-16.1,150.45,749854176,749852333,120,14282,18054,16469,18571,954,3,1,True
2026-05-01T13:45:58.322,T1,1,10137,3.809,-64.7,-80.1,-15.3,164.1,399116193,399114568,60,9952,9846,6971,5387,612,3,1,True
2026-05-01T13:45:58.414,T1,1,10138,3.949,-59.6,-75.5,-15.9,165.4,750349945,750348260,112,16990,18525,15734,20109,992,3,1,True
2026-05-01T13:45:58.503,T1,1,10139,3.968,-59.4,-75.2,-15.8,199.48,752759445,752757752,92,15791,18352,16892,19816,978,3,1,True
2026-05-01T13:45:59.342,T1,1,10146,4.385,-60.0,-77.3,-17.3,211.22,708473207,708471337,76,17142,16053,10105,16490,910,3,1,True
2026-05-01T13:45:59.436,T1,1,10147,3.072,-58.4,-76.6,-18.2,223.43,437047466,437046156,84,17812,18768,14607,23626,1030,3,1,True
2026-05-01T13:45:59.521,T1,1,10148,3.058,-59.8,-75.4,-15.6,167.38,419537316,419536012,108,14963,18077,16457,18407,954,3,1,True
2026-05-01T13:45:59.611,T1,1,10149,3.311,-59.8,-74.6,-14.8,168.51,485018735,485017323,100,16153,16851,14358,15933,889,3,1,True
2026-05-01T13:45:59.731,T1,1,10150,3.124,-59.4,-75.9,-16.5,172.69,440200455,440199122,96,16911,16578,11514,16566,893,3,1,True
2026-05-01T13:45:59.821,T1,1,10151,3.138,-58.4,-77.4,-19.0,194.39,443745126,443743787,80,17991,15551,11744,19989,948,3,1,True
2026-05-01T13:46:00.151,T1,1,10154,3.959,-102.8,-99.3,3.4,43.88,440008291,440006602,8,324,351,246,1,102,1,1,False
2026-05-01T13:46:00.392,T1,1,10156,3.902,-58.3,-77.4,-19.2,239.26,722340408,722338744,76,16526,18184,12354,21679,983,3,1,True
2026-05-01T13:46:00.722,T1,1,10159,3.218,-60.1,-75.7,-15.6,211.69,458476285,458474913,84,16880,17782,13729,17647,944,3,1,True
2026-05-01T13:46:01.201,T1,1,10163,4.057,-87.0,-90.8,-3.8,108.17,454120666,454118935,12,1109,1298,1154,66,146,1,1,False
2026-05-01T13:46:01.320,T1,1,10164,3.147,-59.5,-75.2,-15.7,140.52,428743052,428741709,124,17050,17424,16665,19703,976,3,1,True
2026-05-01T13:46:01.621,T1,1,10167,3.166,-59.5,-77.9,-18.4,196.82,427200644,427199294,96,19089,18895,12214,23711,1073,3,1,True
2026-05-01T13:46:01.710,T1,1,10168,3.18,-58.0,-77.3,-19.2,205.38,439227374,439226018,76,17892,15609,11647,20130,939,3,1,True
2026-05-01T13:46:01.832,T1,1,10169,3.189,-59.3,-75.4,-16.1,185.44,421386387,421385027,96,13851,17802,16516,18137,930,3,1,True
2026-05-01T13:46:01.923,T1,1,10170,3.077,-59.6,-79.9,-20.3,181.79,436499400,436498088,80,18005,14543,7834,18526,951,3,1,True
2026-05-01T13:46:02.131,T1,1,10172,3.926,-62.3,-78.5,-16.2,139.52,427962832,427961157,100,11829,13952,12290,11345,817,3,1,True
2026-05-01T13:46:02.281,T1,1,10173,3.302,-59.4,-74.8,-15.4,151.34,459633398,459631990,112,14909,16950,15560,16633,895,3,1,True
2026-05-01T13:46:02.976,T1,1,10179,4.822,-59.4,-77.8,-18.4,209.36,725797643,725795586,88,17021,18424,12103,21146,1008,3,1,True
2026-05-01T13:46:03.060,T1,1,10180,3.091,-59.5,-75.6,-16.2,227.93,419435484,419434165,76,17392,17323,12336,17578,922,3,1,True
2026-05-01T13:46:03.151,T1,1,10181,3.236,-83.7,-75.9,7.8,214.73,486549850,486548469,80,16510,17178,13828,3386,933,1,1,False
2026-05-01T13:46:03.271,T1,1,10182,3.26,-59.4,-74.3,-14.9,195.5,455948832,455947442,88,16063,17204,15081,16742,897,3,1,True
2026-05-01T13:46:03.361,T1,1,10183,3.762,-84.1,-91.0,-6.9,114.5,395648702,395647098,12,1583,1374,762,100,163,3,1,True
2026-05-01T13:46:03.453,T1,1,10184,4.16,-59.4,-75.2,-15.7,155.97,752010001,752008227,108,15843,16845,14338,16746,899,3,1,True
2026-05-01T13:46:03.543,T1,1,10185,3.335,-58.1,-77.5,-19.4,213.72,486682564,486681141,72,17558,15388,9997,18858,910,3,1,True
2026-05-01T13:46:03.661,T1,1,10186,3.264,-59.4,-75.3,-15.9,181.96,435542837,435541445,100,15813,18196,15895,19108,959,3,1,True
2026-05-01T13:46:03.751,T1,1,10187,4.292,-57.8,-75.2,-17.4,218.68,768849858,768848028,76,17044,16620,13428,19003,904,3,1,True
2026-05-01T13:46:03.902,T1,1,10188,3.401,-59.4,-75.9,-16.5,170.5,485003727,485002276,96,17348,16368,14053,18315,938,3,1,True
2026-05-01T13:46:03.961,T1,1,10189,4.203,-59.5,-75.1,-15.7,226.71,766888371,766886578,80,15744,18137,16739,19309,966,3,1,True
2026-05-01T13:46:04.053,T1,1,10190,3.246,-59.4,-77.3,-17.8,214.47,440307231,440305847,76,16773,16300,9071,16456,891,3,1,True
2026-05-01T13:46:04.200,T1,1,10191,3.119,-57.8,-74.9,-17.1,230.99,422414283,422412953,72,17438,16631,15848,20644,943,3,1,True
2026-05-01T13:46:04.261,T1,1,10192,3.522,-59.4,-75.5,-16.1,156.46,397828545,397827042,116,14909,18149,16467,19092,958,3,1,True
2026-05-01T13:46:04.382,T1,1,10193,4.404,-59.8,-74.8,-15.0,151.88,767233492,767231614,116,17043,17618,14150,17205,924,3,1,True
2026-05-01T13:46:04.472,T1,1,10194,3.246,-59.2,-75.3,-16.1,146.94,436669803,436668418,124,15010,18221,16618,19303,959,3,1,True
2026-05-01T13:46:04.921,T1,1,10198,3.152,-59.2,-75.6,-16.4,167.54,405816930,405815586,104,16997,17424,15919,19991,975,3,1,True
2026-05-01T13:46:05.131,T1,1,10200,3.157,-59.5,-77.2,-17.7,149.28,416297010,416295663,124,17278,18511,13452,21304,1017,3,1,True
2026-05-01T13:46:05.401,T1,1,10202,3.133,-59.1,-74.9,-15.8,146.73,396622391,396621055,120,14569,17607,16303,17896,918,3,1,True
2026-05-01T13:46:05.460,T1,1,10203,4.174,-58.7,-74.2,-15.5,208.91,767516577,767514797,80,15356,16713,15974,17090,886,3,1,True
2026-05-01T13:46:05.552,T1,1,10204,3.396,-59.2,-74.9,-15.6,152.19,485727472,485726023,112,15133,17045,15515,17091,902,3,1,True
2026-05-01T13:46:05.791,T1,1,10206,3.194,-60.8,-79.8,-19.0,134.71,427330827,427329464,128,17122,17243,11358,20406,1039,3,1,True
2026-05-01T13:46:05.881,T1,1,10207,4.812,-59.0,-75.0,-16.0,129.95,766437132,766435080,132,16571,17153,14232,17743,913,3,1,True
2026-05-01T13:46:06.002,T1,1,10208,4.179,-82.9,-90.1,-7.2,117.83,443549603,443547820,12,1519,1414,1461,113,166,3,1,True
2026-05-01T13:46:06.092,T1,1,10209,3.227,-58.8,-75.5,-16.7,125.54,422824666,422823289,140,15047,17575,17007,19911,958,3,1,True
2026-05-01T13:46:06.301,T1,1,10211,3.213,-58.9,-75.8,-16.9,159.95,411827698,411826327,104,15410,16635,16498,19293,948,3,1,True
2026-05-01T13:46:06.541,T1,1,10213,4.986,-59.6,-80.7,-21.0,164.74,712910869,712908742,104,14610,17133,10020,19799,984,3,1,True
2026-05-01T13:46:06.631,T1,1,10214,4.099,-59.7,-79.4,-19.7,171.65,450430765,450429016,100,12805,17165,18236,23571,1076,3,1,True
2026-05-01T13:46:06.721,T1,1,10215,3.199,-59.4,-77.8,-18.3,158.82,414386251,414384887,108,15871,17153,11222,18197,937,3,1,True
2026-05-01T13:46:07.082,T1,1,10218,3.096,-59.3,-76.0,-16.7,155.59,391456577,391455257,116,16541,18048,13940,19215,958,3,1,True
2026-05-01T13:46:07.171,T1,1,10219,4.052,-60.1,-75.5,-15.4,217.4,447916731,447915003,80,14969,17392,15162,16730,919,3,1,True
2026-05-01T13:46:07.260,T1,1,10220,3.297,-57.0,-75.0,-18.0,238.33,440186875,440185468,76,18771,18113,16172,24855,1008,3,1,True
2026-05-01T13:46:07.381,T1,1,10221,3.288,-58.7,-78.6,-20.0,170.37,419218232,419216830,92,17392,15674,8685,18889,930,3,1,True
2026-05-01T13:46:07.832,T1,1,10225,3.288,-58.7,-78.2,-19.5,128.36,462894605,462893202,136,15328,17457,11170,19439,945,3,1,True
2026-05-01T13:46:07.921,T1,1,10226,3.279,-59.2,-76.3,-17.0,181.65,425995735,425994336,92,16914,16712,11494,17247,906,3,1,True
2026-05-01T13:46:08.401,T1,1,10230,3.236,-59.9,-76.8,-16.9,138.45,432477468,432476088,120,15948,16614,12793,17067,922,3,1,True
2026-05-01T13:46:08.611,T1,1,10232,3.138,-59.5,-77.0,-17.5,142.04,406812287,406810948,108,17096,15340,12382,17391,918,3,1,True
2026-05-01T13:46:08.701,T1,1,10233,3.241,-59.9,-76.4,-16.5,208.04,438650806,438649424,84,14951,17475,13991,17294,929,3,1,True
2026-05-01T13:46:08.822,T1,1,10234,4.517,-59.2,-75.1,-15.9,197.36,763459889,763457963,88,16574,17368,14254,17878,921,3,1,True
2026-05-01T13:46:08.911,T1,1,10235,3.307,-59.8,-75.2,-15.4,223.86,425496605,425495194,80,16935,17909,16651,19589,984,3,1,True
2026-05-01T13:46:09.001,T1,1,10236,3.255,-59.1,-78.8,-19.6,200.24,436448340,436446951,88,15796,17621,10276,19726,965,3,1,True
2026-05-01T13:46:09.242,T1,1,10238,3.161,-59.9,-75.2,-15.3,137.69,414474662,414473314,124,13768,17073,16308,16421,904,3,1,True
2026-05-01T13:46:09.331,T1,1,10239,3.419,-59.0,-78.4,-19.4,185.29,483102487,483101028,92,17509,17047,9589,20144,970,3,1,True
2026-05-01T13:46:09.481,T1,1,10240,3.372,-57.8,-74.7,-16.9,217.95,422445867,422444429,76,15436,16564,15537,18467,892,3,1,True
2026-05-01T13:46:09.542,T1,1,10241,3.518,-59.7,-77.7,-17.9,137.25,497878626,497877125,116,16513,15921,10535,16755,909,3,1,True
2026-05-01T13:46:09.630,T1,1,10242,3.194,-59.6,-75.6,-16.0,136.8,420057519,420056156,132,16463,18057,15237,19133,967,3,1,True
2026-05-01T13:46:09.752,T1,1,10243,3.658,-59.6,-76.0,-16.3,158.65,526380066,526378506,108,16951,17134,14608,18705,957,3,1,True
2026-05-01T13:46:10.082,T1,1,10246,3.912,-59.5,-79.6,-20.1,127.6,432324915,432323246,116,17833,14802,8727,18762,955,3,1,True
2026-05-01T13:46:10.173,T1,1,10247,3.274,-59.3,-75.6,-16.3,146.08,436013430,436012034,120,16311,17530,14171,18196,933,3,1,True
2026-05-01T13:46:10.291,T1,1,10248,3.415,-59.1,-75.2,-16.1,214.87,466126114,466124658,84,16851,18049,15631,19820,968,3,1,True
2026-05-01T13:46:10.381,T1,1,10249,3.386,-59.4,-77.1,-17.6,199.01,427714985,427713541,84,15842,16717,12240,17522,920,3,1,True
2026-05-01T13:46:10.862,T1,1,10253,4.948,-59.7,-77.0,-17.3,180.73,733541542,733539431,88,16692,15904,13856,18277,948,3,1,True
2026-05-01T13:46:11.071,T1,1,10255,4.062,-59.1,-75.6,-16.5,199.22,683489963,683488230,88,16434,17531,13809,18318,929,3,1,True
2026-05-01T13:46:11.221,T1,1,10256,3.236,-59.4,-77.7,-18.3,146.03,420355085,420353705,124,17472,18108,11554,20714,997,3,1,True
2026-05-01T13:46:11.251,T1,1,10257,3.879,-63.7,-79.7,-16.0,150.93,395541026,395539371,80,12023,12074,9216,8637,749,3,1,True
2026-05-01T13:46:11.371,T1,1,10258,4.249,-68.4,-83.4,-15.0,172.58,443502772,443500959,36,5340,6213,4912,1958,419,3,1,True
2026-05-01T13:46:11.611,T1,1,10260,4.188,-59.2,-78.3,-19.0,161.42,726713168,726711381,104,18195,16788,10336,20444,986,3,1,True
2026-05-01T13:46:11.971,T1,1,10263,4.184,-57.5,-76.6,-19.0,221.82,721119874,721118089,68,17080,15084,12698,19346,905,3,1,True
2026-05-01T13:46:12.152,T1,1,10265,4.31,-71.9,-87.7,-15.8,131.0,461554467,461552628,24,3263,3144,2596,620,266,3,1,True
2026-05-01T13:46:12.242,T1,1,10266,3.86,-59.4,-76.1,-16.7,210.61,445055589,445053942,76,16528,16006,15164,18396,941,3,1,True
2026-05-01T13:46:12.332,T1,1,10267,3.476,-57.8,-75.1,-17.2,190.64,482617183,482615701,84,17484,16014,17057,21404,962,3,1,True
2026-05-01T13:46:12.601,T1,1,10269,4.062,-59.7,-76.8,-17.1,190.06,681435751,681434019,84,16388,15965,12488,16927,911,3,1,True
2026-05-01T13:46:12.811,T1,1,10271,4.188,-59.9,-75.7,-15.8,146.93,717123491,717121705,120,17822,17631,17037,20817,1020,3,1,True
2026-05-01T13:46:12.903,T1,1,10272,3.25,-59.3,-77.4,-18.1,155.26,425422035,425420649,108,18060,16768,12070,20051,978,3,1,True
2026-05-01T13:46:13.022,T1,1,10273,3.851,-58.8,-75.0,-16.2,196.11,457077694,457076051,88,16217,17258,14236,17837,908,3,1,True
2026-05-01T13:46:13.082,T1,1,10274,3.246,-59.3,-75.5,-16.1,150.54,419631672,419630288,116,16876,17463,16385,19965,978,3,1,True
2026-05-01T13:46:13.321,T1,1,10276,3.241,-59.3,-78.8,-19.5,201.81,423937816,423936434,88,16931,17759,9800,20442,989,3,1,True
2026-05-01T13:46:13.651,T1,1,10279,5.061,-57.7,-78.1,-20.4,127.23,735603735,735601576,116,17572,14759,11027,20249,931,3,1,True
2026-05-01T13:46:14.221,T1,1,10284,4.348,-66.1,-81.9,-15.8,147.83,463924356,463922501,52,7472,7687,5630,3330,504,3,1,True
2026-05-01T13:46:14.851,T1,1,10289,4.137,-60.1,-76.9,-16.8,157.61,728710882,728709118,104,16525,16391,14635,18372,964,3,1,True
2026-05-01T13:46:15.032,T1,1,10291,3.236,-59.5,-78.2,-18.8,167.26,414448914,414447533,96,17859,16057,10636,19236,965,3,1,True
2026-05-01T13:46:15.511,T1,1,10295,4.521,-57.9,-79.8,-21.9,189.42,695325396,695323468,76,17827,14396,8444,20711,947,3,1,True
2026-05-01T13:46:15.780,T1,1,10297,4.606,-60.0,-76.1,-16.2,200.46,710953320,710951355,84,12626,16839,16022,16299,903,3,1,True
2026-05-01T13:46:15.841,T1,1,10298,4.034,-60.3,-76.4,-16.1,180.7,456332756,456331035,96,17173,17347,13277,17895,959,3,1,True
2026-05-01T13:46:16.052,T1,1,10300,4.001,-70.9,-85.0,-14.0,159.88,415276428,415274721,24,3163,3837,3583,756,284,3,1,True
2026-05-01T13:46:16.143,T1,1,10301,3.377,-59.8,-75.5,-15.7,143.9,455904865,455903424,124,17133,17844,16659,20104,997,3,1,True
2026-05-01T13:46:16.261,T1,1,10302,3.715,-59.6,-75.3,-15.7,222.2,589647713,589646128,80,14960,17776,16771,18519,950,3,1,True
2026-05-01T13:46:16.350,T1,1,10303,4.179,-77.9,-89.3,-11.5,101.85,443078671,443076888,20,2319,2037,1572,251,208,3,1,True
2026-05-01T13:46:16.592,T1,1,10305,4.118,-57.8,-74.7,-16.9,236.51,713593339,713591582,72,16946,17029,13800,18877,902,3,1,True
2026-05-01T13:46:16.800,T1,1,10307,3.358,-59.7,-76.3,-16.6,205.76,471660180,471658747,80,16601,16461,13111,17205,921,3,1,True
2026-05-01T13:46:17.250,T1,1,10311,3.837,-59.9,-76.1,-16.1,167.1,661176367,661174731,100,14060,16710,15583,16711,914,3,1,True
2026-05-01T13:46:17.341,T1,1,10312,3.232,-80.4,-74.8,5.6,220.83,433871218,433869840,76,16684,16783,13815,3886,893,1,1,False
2026-05-01T13:46:17.461,T1,1,10313,3.424,-59.9,-76.6,-16.8,206.34,483334056,483332595,76,16547,15682,13401,16971,919,3,1,True
2026-05-01T13:46:17.790,T1,1,10316,3.832,-93.6,-94.9,-1.3,69.12,399697813,399696178,8,614,553,534,10,112,1,1,False
2026-05-01T13:46:17.911,T1,1,10317,3.335,-59.6,-75.8,-16.2,184.95,443333386,443331963,92,16964,17015,13636,17789,932,3,1,True
2026-05-01T13:46:18.002,T1,1,10318,4.582,-59.3,-80.1,-20.8,144.78,707148504,707146549,96,17443,13899,7584,17866,924,3,1,True
2026-05-01T13:46:18.092,T1,1,10319,3.302,-59.4,-77.9,-18.4,146.54,445402006,445400597,116,15586,16999,10706,17640,923,3,1,True
2026-05-01T13:46:18.210,T1,1,10320,3.26,-59.5,-76.0,-16.4,122.38,433360229,433358838,136,16716,16644,17799,20743,1004,3,1,True
2026-05-01T13:46:18.301,T1,1,10321,3.279,-59.4,-77.9,-18.5,206.34,418729105,418727706,80,17986,16507,11125,19739,974,3,1,True
2026-05-01T13:46:18.511,T1,1,10323,3.912,-91.2,-93.9,-2.6,90.38,393164641,393162973,8,780,723,545,20,121,1,1,False
2026-05-01T13:46:19.113,T1,1,10328,3.293,-57.9,-76.4,-18.5,142.71,461119504,461118099,116,16351,16554,12125,18899,906,3,1,True
2026-05-01T13:46:19.201,T1,1,10329,3.236,-59.8,-76.2,-16.4,151.3,420447236,420445855,112,14533,16946,13928,16446,902,3,1,True
2026-05-01T13:46:19.410,T1,1,10331,3.227,-59.9,-76.0,-16.1,139.86,418443530,418442154,120,17108,16783,17226,20168,1002,3,1,True
2026-05-01T13:46:19.651,T1,1,10333,3.344,-59.6,-76.5,-16.8,180.28,459121183,459119757,92,15215,16586,13334,16712,904,3,1,True
2026-05-01T13:46:19.743,T1,1,10334,4.385,-57.5,-75.3,-17.8,131.82,712252703,712250832,120,17480,15819,17093,22100,967,3,1,True
2026-05-01T13:46:20.101,T1,1,10337,4.151,-59.0,-75.6,-16.6,203.61,727337654,727335883,84,15929,17103,14259,18047,919,3,1,True
2026-05-01T13:46:20.191,T1,1,10338,3.354,-59.7,-76.3,-16.6,148.65,441850218,441848788,112,13539,16649,15670,16959,912,3,1,True
2026-05-01T13:46:20.282,T1,1,10339,3.874,-59.0,-75.7,-16.6,167.99,458912972,458911319,104,17037,17471,14282,19256,950,3,1,True
2026-05-01T13:46:20.371,T1,1,10340,3.255,-59.1,-75.5,-16.5,193.86,419406411,419405023,88,16197,17060,13729,17636,911,3,1,True
2026-05-01T13:46:20.611,T1,1,10342,3.232,-59.6,-76.6,-17.0,164.45,413497767,413496388,108,17587,17761,12087,19055,963,3,1,True
2026-05-01T13:46:20.702,T1,1,10343,3.504,-59.5,-76.8,-17.3,135.13,393021070,393019575,124,15219,16756,13549,17487,921,3,1,True
2026-05-01T13:46:20.941,T1,1,10345,4.165,-59.6,-76.9,-17.3,180.41,719242973,719241197,88,16335,15876,12695,17097,914,3,1,True
2026-05-01T13:46:21.031,T1,1,10346,3.232,-59.1,-75.3,-16.2,203.12,418108344,418106966,88,17276,17875,14812,19515,960,3,1,True
2026-05-01T13:46:21.272,T1,1,10348,4.109,-58.9,-79.3,-20.4,139.24,718470616,718468863,112,18021,15595,8509,19957,964,3,1,True
2026-05-01T13:46:21.362,T1,1,10349,3.358,-59.6,-76.1,-16.5,196.42,439896320,439894887,84,15350,16499,14389,17040,911,3,1,True
2026-05-01T13:46:21.451,T1,1,10350,4.353,-59.6,-75.7,-16.1,185.0,764037789,764035933,92,17484,17020,16398,20089,990,3,1,True
2026-05-01T13:46:21.692,T1,1,10352,4.564,-59.2,-77.8,-18.6,135.25,709424208,709422262,112,16981,15148,11332,17780,919,3,1,True
2026-05-01T13:46:21.782,T1,1,10353,3.33,-59.2,-75.5,-16.3,188.83,447765455,447764034,92,16942,17372,14961,19065,953,3,1,True
2026-05-01T13:46:22.111,T1,1,10356,4.226,-59.7,-76.3,-16.6,188.41,719482556,719480754,92,16992,17334,12207,17730,933,3,1,True
2026-05-01T13:46:22.740,T1,1,10361,4.948,-58.5,-74.7,-16.2,171.63,707894119,707892009,92,16877,15790,16826,19120,929,3,1,True
2026-05-01T13:46:22.801,T1,1,10362,3.34,-58.6,-75.0,-16.4,154.3,458160301,458158877,112,14205,17282,15986,17857,903,3,1,True
2026-05-01T13:46:23.013,T1,1,10364,4.006,-66.3,-84.0,-17.7,108.68,408314390,408312681,56,5087,6086,6707,2800,466,3,1,True
2026-05-01T13:46:23.251,T1,1,10366,4.301,-73.3,-85.9,-12.6,140.97,450508591,450506757,32,3986,4511,3238,849,327,3,1,True
2026-05-01T13:46:23.342,T1,1,10367,3.344,-60.1,-78.0,-17.9,196.48,417894297,417892870,92,17039,18076,12053,19987,1006,3,1,True
2026-05-01T13:46:23.431,T1,1,10368,3.461,-59.2,-79.6,-20.4,128.0,488707238,488705762,136,18382,17408,9846,23023,1047,3,1,True
2026-05-01T13:46:23.551,T1,1,10369,3.297,-58.7,-76.1,-17.3,194.05,435710133,435708727,88,14750,17076,15114,18652,926,3,1,True
2026-05-01T13:46:23.640,T1,1,10370,4.301,-58.9,-77.3,-18.3,126.51,745590620,745588786,140,17705,17712,11472,20545,978,3,1,True
2026-05-01T13:46:23.851,T1,1,10372,3.368,-58.7,-76.6,-17.9,117.4,453326344,453324908,136,16756,15966,11756,17745,902,3,1,True
2026-05-01T13:46:23.973,T1,1,10373,3.949,-62.7,-78.0,-15.3,189.72,396548381,396546696,68,12086,12901,11471,9716,767,3,1,True
2026-05-01T13:46:24.063,T1,1,10374,4.245,-58.5,-77.6,-19.2,117.08,744662740,744660930,144,16417,16860,10932,19292,934,3,1,True
2026-05-01T13:46:24.150,T1,1,10375,3.405,-59.1,-78.1,-18.9,125.37,439403414,439401961,132,16751,16549,10388,18693,940,3,1,True
2026-05-01T13:46:24.514,T1,1,10378,3.264,-56.7,-75.6,-18.9,129.56,421812463,421811071,128,16331,16584,14212,20964,915,3,1,True
2026-05-01T13:46:24.600,T1,1,10379,4.296,-63.5,-79.4,-15.9,120.27,456887176,456885344,88,10121,10584,10086,7218,680,3,1,True
2026-05-01T13:46:25.082,T1,1,10383,5.037,-59.2,-77.8,-18.6,155.96,721311683,721309534,96,17214,14972,11999,18382,933,3,1,True
2026-05-01T13:46:25.170,T1,1,10384,3.283,-59.1,-76.0,-16.8,165.47,423627381,423625981,104,15834,17209,14074,18187,927,3,1,True
2026-05-01T13:46:25.260,T1,1,10385,3.405,-59.1,-76.3,-17.1,121.85,451201046,451199594,140,17285,17059,12508,18576,937,3,1,True
2026-05-01T13:46:25.351,T1,1,10386,3.33,-59.7,-76.0,-16.3,159.78,419103042,419101621,104,14366,16617,15116,16771,907,3,1,True
2026-05-01T13:46:25.594,T1,1,10388,4.259,-inf,-103.4,inf,48.0,449871595,449869778,4,158,192,169,0,91,1,1,False
2026-05-01T13:46:25.681,T1,1,10389,3.602,-59.4,-76.6,-17.2,191.64,510928031,510926494,92,17598,17631,11995,19185,960,3,1,True
2026-05-01T13:46:25.800,T1,1,10390,3.565,-59.2,-75.6,-16.4,110.87,457879788,457878268,148,16588,16409,17316,20033,976,3,1,True
2026-05-01T13:46:25.892,T1,1,10391,3.391,-58.6,-75.1,-16.5,124.97,462709300,462707853,144,16622,17996,15665,20235,960,3,1,True
2026-05-01T13:46:25.983,T1,1,10392,3.518,-58.6,-78.7,-20.1,118.01,487144947,487143447,136,17956,16049,9417,20438,965,3,1,True
2026-05-01T13:46:27.271,T1,1,10403,3.344,-59.4,-76.5,-17.1,120.13,460929308,460927882,140,17108,16818,14619,19625,973,3,1,True
2026-05-01T13:46:27.390,T1,1,10404,3.232,-59.3,-76.0,-16.7,111.54,433255840,433254462,144,16534,16062,16840,19650,970,3,1,True
2026-05-01T13:46:27.509,T1,1,10405,3.335,-59.6,-77.5,-17.9,148.36,423342073,423340650,112,17148,16616,10303,17760,931,3,1,True
2026-05-01T13:46:27.572,T1,1,10406,3.583,-59.4,-76.8,-17.4,137.1,487604529,487603001,124,16450,17000,12258,18032,931,3,1,True
2026-05-01T13:46:27.692,T1,1,10407,3.358,-58.9,-75.5,-16.6,154.36,430206472,430205039,116,17599,17906,14650,20298,973,3,1,True
2026-05-01T13:46:27.933,T1,1,10409,4.897,-56.7,-75.5,-18.8,211.25,710813250,710811162,80,17333,16900,13145,21174,920,3,1,True
2026-05-01T13:46:28.142,T1,1,10411,4.01,-59.4,-76.7,-17.3,120.39,666054288,666052578,132,16556,15891,15117,19030,956,3,1,True
2026-05-01T13:46:28.712,T1,1,10416,3.18,-57.2,-79.0,-21.8,189.86,411695192,411693835,88,15797,16708,9592,21335,938,3,1,True
2026-05-01T13:46:29.073,T1,1,10419,3.232,-59.7,-76.9,-17.2,127.44,416866621,416865243,124,15755,15803,16915,19621,981,3,1,True
2026-05-01T13:46:29.280,T1,1,10421,4.015,-68.7,-86.7,-17.9,139.53,402967163,402965450,32,4758,4465,3373,1422,361,3,1,True
2026-05-01T13:46:29.401,T1,1,10422,3.246,-59.7,-79.7,-20.1,116.95,436490842,436489458,132,17183,15437,11277,20170,994,3,1,True
2026-05-01T13:46:29.492,T1,1,10423,3.433,-59.5,-77.1,-17.6,158.53,486229500,486228035,100,14722,15853,16896,19395,970,3,1,True
2026-05-01T13:46:29.614,T1,1,10424,4.24,-60.0,-78.6,-18.6,147.77,745019761,745017952,104,17077,15368,12352,18750,970,3,1,True
2026-05-01T13:46:29.702,T1,1,10425,4.254,-68.6,-86.9,-18.3,107.66,457356220,457354405,44,5563,4737,2962,1679,390,3,1,True
2026-05-01T13:46:29.790,T1,1,10426,3.208,-59.6,-78.5,-19.0,198.25,388260411,388259042,84,15522,16653,11882,18649,953,3,1,True
2026-05-01T13:46:29.910,T1,1,10427,4.845,-59.3,-79.1,-19.8,139.74,762374742,762372676,124,15107,17328,10953,19490,965,3,1,True
2026-05-01T13:46:30.001,T1,1,10428,4.32,-70.0,-86.0,-16.0,132.19,454867492,454865649,36,4200,4759,3709,1244,353,3,1,True
2026-05-01T13:46:30.331,T1,1,10431,3.851,-90.8,-93.7,-2.8,94.88,388694475,388692833,8,669,759,688,22,121,1,1,False
2026-05-01T13:46:30.451,T1,1,10432,3.391,-59.8,-77.9,-18.1,190.35,438711687,438710241,92,17147,17512,10990,19203,974,3,1,True
2026-05-01T13:46:30.541,T1,1,10433,4.77,-59.4,-79.2,-19.8,114.78,696300265,696298231,140,17625,16069,10894,20548,995,3,1,True
2026-05-01T13:46:30.630,T1,1,10434,3.321,-59.5,-80.3,-20.8,131.37,422541279,422539862,132,15197,17341,9678,20011,985,3,1,True
2026-05-01T13:46:31.351,T1,1,10440,3.302,-59.3,-76.2,-16.9,168.85,421658315,421656907,108,17039,18236,15873,21472,1012,3,1,True
2026-05-01T13:46:31.561,T1,1,10442,4.034,-70.6,-86.4,-15.8,137.0,405926052,405924331,28,3502,3836,3014,818,292,3,1,True
2026-05-01T13:46:31.650,T1,1,10443,3.555,-59.4,-76.3,-16.9,149.5,479673574,479672057,112,16086,16744,16651,19959,981,3,1,True
2026-05-01T13:46:31.891,T1,1,10445,3.1,-inf,-104.7,inf,19.75,394726936,394725613,8,139,158,148,0,91,1,1,False
2026-05-01T13:46:32.101,T1,1,10447,3.907,-59.7,-76.0,-16.4,132.36,480540113,480538446,136,15898,18001,17205,20614,1005,3,1,True
2026-05-01T13:46:32.341,T1,1,10449,3.297,-59.8,-77.0,-17.2,115.89,413376543,413375137,144,16731,16688,15601,20103,997,3,1,True
2026-05-01T13:46:32.550,T1,1,10451,4.081,-59.6,-77.3,-17.6,111.72,718552355,718550615,136,15123,15194,17112,19379,974,3,1,True
2026-05-01T13:46:40.860,T1,1,10527,4.024,-58.0,-75.6,-17.7,214.07,536484771,536483054,80,14191,17126,16010,19415,920,3,1,True
2026-05-01T13:46:40.980,T1,1,10528,3.025,-60.4,-77.4,-17.1,133.15,432066460,432065169,124,13917,16510,14703,16916,933,3,1,True
2026-05-01T13:46:41.072,T1,1,10529,3.077,-59.9,-77.4,-17.5,152.8,414844480,414843168,112,15855,17114,12479,17847,944,3,1,True
2026-05-01T13:46:41.164,T1,1,10530,4.038,-70.5,-85.0,-14.5,127.62,453417284,453415562,32,3868,4084,4214,1028,326,3,1,True
2026-05-01T13:46:41.730,T1,1,10535,3.011,-59.9,-76.9,-16.9,151.0,409191959,409190675,112,14443,16912,14831,17578,937,3,1,True
2026-05-01T13:46:41.850,T1,1,10536,4.625,-59.4,-75.8,-16.4,144.69,768868779,768866807,124,16594,17942,16061,20266,988,3,1,True
2026-05-01T13:46:41.941,T1,1,10537,3.058,-59.6,-76.6,-17.0,132.93,390346847,390345543,128,14783,17015,14984,18109,941,3,1,True
2026-05-01T13:46:42.420,T1,1,10541,2.922,-59.1,-76.1,-17.0,126.78,388597271,388596024,140,17502,17749,16332,21899,1017,3,1,True
2026-05-01T13:46:42.635,T1,1,10543,4.146,-63.2,-82.8,-19.5,216.66,459473619,459471850,32,7003,6933,4417,3433,464,3,1,True
2026-05-01T13:46:43.351,T1,1,10549,4.118,-66.3,-82.0,-15.7,147.45,462612374,462610617,44,6229,6488,6924,2898,474,3,1,True
2026-05-01T13:46:43.441,T1,1,10550,3.25,-57.6,-77.2,-19.6,149.21,480909022,480907635,112,16618,16712,11514,20341,929,3,1,True
2026-05-01T13:46:43.531,T1,1,10551,4.174,-64.3,-82.3,-18.0,181.4,468463644,468461864,60,10527,10884,6693,7230,699,3,1,True
2026-05-01T13:46:44.101,T1,1,10556,3.016,-59.6,-76.6,-16.9,120.8,395773268,395771982,132,16627,15946,16691,19863,986,3,1,True
2026-05-01T13:46:44.221,T1,1,10557,3.016,-59.4,-76.5,-17.2,193.15,414425449,414424163,88,15307,16997,13891,17902,927,3,1,True
2026-05-01T13:46:44.312,T1,1,10558,3.25,-59.8,-76.3,-16.5,159.22,478855414,478854028,112,17632,17833,15406,20614,1010,3,1,True
2026-05-01T13:46:44.402,T1,1,10559,3.719,-64.4,-80.1,-15.7,185.45,390112620,390111033,56,9685,10385,9064,6398,659,3,1,True
2026-05-01T13:46:44.641,T1,1,10561,3.007,-59.3,-78.6,-19.3,184.75,400157690,400156407,96,16721,17736,10598,20404,988,3,1,True
2026-05-01T13:46:44.731,T1,1,10562,3.701,-58.6,-79.4,-20.8,122.83,455044559,455042980,136,18224,16705,9094,22202,1007,3,1,True
2026-05-01T13:46:44.940,T1,1,10564,3.067,-59.9,-76.6,-16.7,122.76,407418344,407417036,136,16927,16695,15937,19834,995,3,1,True
2026-05-01T13:46:45.091,T1,1,10565,3.297,-59.5,-77.7,-18.2,151.23,485710548,485709141,112,16313,16938,10981,18073,936,3,1,True
2026-05-01T13:46:45.270,T1,1,10567,3.757,-60.4,-77.8,-17.4,139.36,432107054,432105451,124,16944,17281,10997,17901,961,3,1,True
2026-05-01T13:46:45.361,T1,1,10568,4.043,-71.0,-87.6,-16.6,110.86,452324718,452322994,36,3815,3991,2279,856,303,3,1,True
2026-05-01T13:46:45.600,T1,1,10570,3.091,-59.9,-77.8,-18.0,123.36,419654208,419652889,128,16595,15790,13786,18865,968,3,1,True
2026-05-01T13:46:45.810,T1,1,10572,3.077,-58.9,-75.8,-16.9,180.28,394831463,394830150,96,15923,17307,16720,20382,975,3,1,True
2026-05-01T13:46:45.932,T1,1,10573,4.109,-82.4,-90.1,-7.8,141.33,454957952,454956199,12,1674,1696,1176,130,175,3,1,True
2026-05-01T13:46:46.050,T1,1,10574,4.104,-67.3,-84.1,-16.8,134.81,445615238,445613488,48,6479,6471,4060,2446,451,3,1,True
2026-05-01T13:46:46.140,T1,1,10575,3.204,-57.6,-76.1,-18.4,203.63,438368125,438366758,84,17339,17105,13001,20793,941,3,1,True
2026-05-01T13:46:46.501,T1,1,10578,3.067,-59.2,-76.5,-17.3,122.18,398733025,398731717,136,17015,16617,15746,20437,986,3,1,True
2026-05-01T13:46:46.562,T1,1,10579,3.56,-57.1,-77.7,-20.6,133.8,439465949,439464430,124,16551,16591,11644,21753,945,3,1,True
2026-05-01T13:46:46.711,T1,1,10580,4.052,-57.1,-78.2,-21.1,196.44,737969162,737967433,84,16942,16501,10043,21603,943,3,1,True
2026-05-01T13:46:46.890,T1,1,10582,4.864,-59.3,-77.4,-18.1,168.53,738063553,738061478,104,17869,17527,12910,21155,1006,3,1,True
2026-05-01T13:46:46.981,T1,1,10583,3.466,-59.7,-76.4,-16.7,124.25,514555815,514554336,136,17090,16898,16039,20240,997,3,1,True
2026-05-01T13:46:47.190,T1,1,10585,3.204,-59.7,-76.7,-17.0,137.68,416678179,416676812,120,16674,16521,17119,20768,1012,3,1,True
2026-05-01T13:46:47.430,T1,1,10587,3.363,-59.5,-76.7,-17.1,118.79,478180948,478179513,136,16235,16156,17570,20773,1005,3,1,True
2026-05-01T13:46:47.520,T1,1,10588,3.846,-82.4,-89.9,-7.5,104.5,388264167,388262527,16,1583,1672,1410,127,173,3,1,True
2026-05-01T13:46:47.611,T1,1,10589,3.649,-59.8,-76.1,-16.3,178.74,390670564,390669007,100,15181,17874,17422,20015,996,3,1,True
2026-05-01T13:46:47.819,T1,1,10590,4.461,-59.3,-76.9,-17.5,122.08,660515190,660513287,148,17999,18068,14573,22106,1029,3,1,True
2026-05-01T13:46:47.850,T1,1,10591,4.057,-59.4,-76.7,-17.3,128.12,736471349,736469618,140,17136,17937,13631,20173,985,3,1,True
2026-05-01T13:46:48.062,T1,1,10593,3.124,-59.6,-76.4,-16.8,147.08,406998513,406997180,116,14803,17061,14595,17645,927,3,1,True
2026-05-01T13:46:48.512,T1,1,10597,3.175,-59.5,-76.7,-17.2,170.74,414670571,414669217,96,15959,16391,17659,20974,1007,3,1,True
2026-05-01T13:46:48.720,T1,1,10599,3.199,-59.9,-77.7,-17.9,144.51,415546327,415544962,108,16368,15607,13613,18260,953,3,1,True
2026-05-01T13:46:49.200,T1,1,10603,3.945,-77.2,-89.8,-12.7,167.42,398219557,398217874,12,1977,2009,1148,227,193,3,1,True
2026-05-01T13:46:49.410,T1,1,10605,3.274,-59.8,-77.4,-17.6,155.96,456339454,456338057,100,16592,15596,15984,19894,992,3,1,True
2026-05-01T13:46:49.621,T1,1,10607,3.072,-59.4,-77.5,-18.1,165.77,406548981,406547671,100,14123,16577,13647,17546,920,3,1,True
2026-05-01T13:46:49.740,T1,1,10608,3.968,-59.4,-79.7,-20.2,123.15,683881865,683880173,136,16834,16749,9085,19921,981,3,1,True
2026-05-01T13:46:50.100,T1,1,10611,4.512,-57.3,-75.7,-18.5,130.27,716227377,716225452,132,17260,17196,14296,21780,952,3,1,True
2026-05-01T13:46:50.279,T1,1,10613,3.86,-66.3,-85.7,-19.4,127.19,405468293,405466646,48,7113,6105,3960,3019,483,3,1,True
2026-05-01T13:46:50.400,T1,1,10614,3.794,-79.0,-89.4,-10.4,87.25,387547136,387545518,24,2168,2094,1795,239,211,3,1,True
2026-05-01T13:46:50.612,T1,1,10616,4.02,-62.0,-79.1,-17.1,131.36,446218728,446217013,128,15772,16814,14253,18290,1027,3,1,True
2026-05-01T13:46:50.970,T1,1,10619,3.264,-59.4,-77.9,-18.5,179.29,475096188,475094795,96,15201,17212,12305,18613,947,3,1,True
2026-05-01T13:46:51.300,T1,1,10622,3.898,-65.5,-83.7,-18.3,133.69,408528677,408527015,36,4975,4813,4258,1779,361,3,1,True
2026-05-01T13:46:51.389,T1,1,10623,3.227,-59.2,-76.8,-17.6,166.79,416062554,416061177,104,15403,17346,14083,18938,948,3,1,True
2026-05-01T13:46:51.633,T1,1,10625,4.798,-59.6,-76.9,-17.2,124.26,705275614,705273567,128,15808,15905,17097,19934,988,3,1,True
2026-05-01T13:46:51.992,T1,1,10628,4.704,-59.5,-76.6,-17.1,130.6,729657711,729655705,136,16620,17762,13962,19613,974,3,1,True
2026-05-01T13:46:52.232,T1,1,10630,4.582,-68.0,-83.0,-15.0,142.33,733328444,733326490,76,8764,10817,10001,6327,742,3,1,True
2026-05-01T13:46:52.291,T1,1,10631,3.279,-59.7,-76.9,-17.2,190.45,435041906,435040507,88,14111,16760,14253,17105,917,3,1,True
2026-05-01T13:46:52.470,T1,1,10632,4.292,-59.8,-76.1,-16.4,209.58,760318072,760316241,84,14792,17605,16996,19350,977,3,1,True
2026-05-01T13:46:52.502,T1,1,10633,3.264,-60.2,-76.9,-16.7,136.1,429331480,429330087,128,16280,17421,16315,20147,1013,3,1,True
2026-05-01T13:46:52.712,T1,1,10635,3.264,-59.2,-75.8,-16.5,128.99,463090465,463089073,144,17644,18575,17623,23130,1049,3,1,True
2026-05-01T13:46:52.830,T1,1,10636,3.218,-59.4,-76.9,-17.4,152.14,431583805,431582433,112,14773,17040,14055,17943,931,3,1,True
2026-05-01T13:46:52.921,T1,1,10637,3.372,-59.3,-79.7,-20.4,133.28,483201815,483200377,124,16174,16527,9282,19390,963,3,1,True
2026-05-01T13:46:53.040,T1,1,10638,5.028,-59.3,-78.9,-19.7,178.29,759900768,759898623,92,15855,16403,10139,18501,939,3,1,True
2026-05-01T13:46:53.252,T1,1,10640,3.049,-59.1,-76.7,-17.6,157.18,397583800,397582499,116,17285,18233,14823,21878,1017,3,1,True
2026-05-01T13:46:53.372,T1,1,10641,5.028,-59.2,-78.5,-19.3,187.89,760503265,760501120,88,16176,16534,10019,18367,934,3,1,True
2026-05-01T13:46:53.490,T1,1,10642,3.279,-59.4,-77.0,-17.6,147.67,438267164,438265766,116,14673,17130,14186,18304,939,3,1,True
2026-05-01T13:46:53.579,T1,1,10643,3.827,-57.3,-75.6,-18.3,213.99,648830284,648828652,80,16944,17119,16890,23397,986,3,1,True
2026-05-01T13:46:53.762,T1,1,10645,3.26,-60.4,-77.5,-17.0,119.39,408614169,408612778,136,16568,16237,17204,20651,1033,3,1,True
2026-05-01T13:46:53.909,T1,1,10646,4.231,-59.4,-77.2,-17.7,132.97,744340402,744338597,124,14351,16488,14231,17651,923,3,1,True
2026-05-01T13:46:54.091,T1,1,10648,3.884,-79.3,-89.0,-9.7,129.69,399636083,399634426,16,1845,2075,1874,196,193,3,1,True
2026-05-01T13:46:54.181,T1,1,10649,4.184,-60.0,-79.8,-19.8,118.38,738285927,738284143,132,16477,15626,9736,18302,957,3,1,True
2026-05-01T13:46:54.331,T1,1,10650,4.254,-72.0,-86.4,-14.4,136.36,452515857,452514042,28,3418,3818,3459,789,301,3,1,True
2026-05-01T13:46:54.392,T1,1,10651,3.762,-59.5,-76.8,-17.3,178.66,437997213,437995608,92,16840,16437,16256,20640,999,3,1,True
2026-05-01T13:46:54.601,T1,1,10653,3.438,-59.5,-76.6,-17.1,156.3,487826723,487825256,104,16686,16255,17275,20936,1008,3,1,True
2026-05-01T13:46:54.721,T1,1,10654,3.297,-59.7,-77.9,-18.2,150.26,420077227,420075821,108,16692,16228,12391,18602,956,3,1,True
2026-05-01T13:46:54.932,T1,1,10656,3.236,-59.3,-76.5,-17.2,129.94,410386142,410384762,144,17265,18712,17910,24248,1076,3,1,True
2026-05-01T13:46:55.051,T1,1,10657,3.189,-57.3,-77.5,-20.2,148.51,389293473,389292112,116,17492,17227,10739,22064,958,3,1,True
2026-05-01T13:46:55.142,T1,1,10658,4.142,-83.8,-90.6,-6.9,95.44,442415470,442413703,16,1363,1527,1287,109,168,3,1,True
2026-05-01T13:46:55.351,T1,1,10660,4.672,-59.8,-76.2,-16.4,158.06,723557871,723555878,108,14462,17071,15785,17740,938,3,1,True
2026-05-01T13:46:55.830,T1,1,10664,4.817,-57.1,-78.8,-21.7,140.45,729384337,729382283,120,16091,16854,10279,22198,954,3,1,True
2026-05-01T13:46:55.920,T1,1,10665,3.222,-59.4,-77.4,-17.9,158.19,396568382,396567008,108,14989,17084,13780,18614,947,3,1,True
2026-05-01T13:46:56.011,T1,1,10666,3.433,-59.1,-76.9,-17.9,172.99,478088325,478086860,100,15976,17299,12840,18846,942,3,1,True
2026-05-01T13:46:56.161,T1,1,10667,3.302,-59.4,-76.5,-17.0,141.56,439735287,439733878,124,15531,17553,15187,19303,965,3,1,True
2026-05-01T13:46:56.221,T1,1,10668,3.41,-59.4,-77.0,-17.7,165.08,491710403,491708948,104,15134,17168,13341,18173,934,3,1,True
2026-05-01T13:46:56.342,T1,1,10669,3.232,-59.5,-76.2,-16.7,134.67,432031681,432030303,136,17194,18315,16176,21556,1022,3,1,True
2026-05-01T13:46:56.672,T1,1,10672,3.377,-59.9,-77.5,-17.5,141.71,464376876,464375436,124,16802,17572,12356,19052,975,3,1,True
2026-05-01T13:47:04.802,T1,1,10747,4.371,-59.6,-75.6,-16.0,148.2,708696411,708694547,112,15279,16598,14732,16707,904,3,1,True
2026-05-01T13:47:04.920,T1,1,10748,3.049,-59.9,-75.9,-16.0,167.27,438388078,438386778,104,16480,17396,13596,17519,933,3,1,True
2026-05-01T13:47:05.251,T1,1,10751,3.157,-60.3,-77.5,-17.2,140.23,469387988,469386642,124,17500,17389,10538,18028,962,3,1,True
2026-05-01T13:47:05.580,T1,1,10754,4.479,-58.5,-75.9,-17.4,209.58,731983841,731981931,84,16885,17605,14267,20235,958,3,1,True
2026-05-01T13:47:05.910,T1,1,10757,3.79,-79.0,-89.8,-10.8,122.25,400485465,400483848,16,2036,1956,1111,196,191,3,1,True
2026-05-01T13:47:06.029,T1,1,10758,3.152,-59.9,-76.2,-16.3,155.82,476780908,476779563,116,16569,18075,15824,19980,998,3,1,True
2026-05-01T13:47:06.120,T1,1,10759,3.658,-98.3,-96.8,1.6,114.75,392111762,392110201,4,435,459,405,3,106,1,1,False
2026-05-01T13:47:06.361,T1,1,10761,3.86,-60.0,-79.3,-19.3,193.06,772298241,772296595,88,15565,16989,10293,18475,963,3,1,True
2026-05-01T13:47:06.571,T1,1,10763,3.124,-60.2,-76.7,-16.6,183.58,447066504,447065172,96,16462,17624,12840,17910,953,3,1,True
2026-05-01T13:47:06.660,T1,1,10764,4.029,-72.6,-86.3,-13.7,145.0,450543530,450541811,28,3875,4060,2815,775,305,3,1,True
2026-05-01T13:47:06.930,T1,1,10766,3.021,-58.7,-75.9,-17.2,137.99,411802394,411801106,120,16779,16559,15682,20087,960,3,1,True
2026-05-01T13:47:06.990,T1,1,10767,3.039,-59.8,-79.7,-19.9,190.66,435966528,435965232,96,18350,18303,10148,23312,1074,3,1,True
2026-05-01T13:47:07.590,T1,1,10772,4.658,-58.5,-75.9,-17.3,135.52,731539878,731537891,128,17249,17346,15939,21510,988,3,1,True
2026-05-01T13:47:07.771,T1,1,10774,3.096,-60.2,-77.3,-17.1,195.27,410800263,410798943,88,15628,17184,12589,17302,938,3,1,True
2026-05-01T13:47:07.949,T1,1,10775,3.757,-60.8,-78.6,-17.8,165.33,683032728,683031125,100,15421,16533,11236,16587,939,3,1,True
2026-05-01T13:47:08.161,T1,1,10777,3.583,-62.9,-78.2,-15.3,188.49,410121234,410119706,88,13894,16587,12851,13893,922,3,1,True
2026-05-01T13:47:08.190,T1,1,10778,3.114,-60.0,-77.5,-17.5,158.82,427742920,427741591,112,17465,17788,12874,20088,1003,3,1,True
2026-05-01T13:47:08.431,T1,1,10780,4.47,-60.0,-76.2,-16.2,206.93,738497962,738496056,80,15329,16554,16411,18228,955,3,1,True
2026-05-01T13:47:08.640,T1,1,10782,3.757,-60.1,-79.0,-18.9,122.74,713491509,713489906,124,16704,15220,11694,18285,961,3,1,True
2026-05-01T13:47:08.880,T1,1,10784,4.728,-60.1,-78.8,-18.7,140.49,727271447,727269430,120,14596,16859,11542,17537,942,3,1,True
2026-05-01T13:47:08.971,T1,1,10785,3.077,-60.2,-78.5,-18.4,122.19,420542266,420540953,132,17448,16129,11833,19105,985,3,1,True
2026-05-01T13:47:09.061,T1,1,10786,3.222,-57.8,-79.8,-21.9,180.56,481605775,481604400,88,18127,15889,8993,22991,997,3,1,True
2026-05-01T13:47:09.209,T1,1,10787,3.222,-59.8,-77.6,-17.9,139.8,475825589,475824214,124,17344,17335,12808,20067,995,3,1,True
2026-05-01T13:47:09.270,T1,1,10788,4.343,-59.9,-77.5,-17.6,185.75,700084135,700082282,96,17218,17832,11398,19173,978,3,1,True
2026-05-01T13:47:09.360,T1,1,10789,3.114,-60.3,-79.0,-18.8,187.89,418010785,418009457,88,15953,16534,10154,17594,948,3,1,True
2026-05-01T13:47:09.601,T1,1,10791,4.118,-68.3,-85.3,-17.0,177.54,457631847,457630091,28,5123,4971,4731,1806,401,3,1,True
2026-05-01T13:47:09.689,T1,1,10792,4.287,-60.7,-78.4,-17.7,134.9,528612517,528610689,124,17498,16728,12797,19420,1012,3,1,True
2026-05-01T13:47:09.810,T1,1,10793,4.55,-60.2,-76.9,-16.7,137.12,758006149,758004209,128,16987,17552,16781,21275,1041,3,1,True
2026-05-01T13:47:09.900,T1,1,10794,3.199,-59.4,-76.6,-17.1,143.05,457002727,457001363,128,17036,18311,15552,21580,1021,3,1,True
2026-05-01T13:47:09.990,T1,1,10795,4.301,-59.8,-76.1,-16.3,206.06,627807653,627805818,88,17218,18133,15472,20305,1002,3,1,True
2026-05-01T13:47:10.260,T1,1,10797,4.718,-59.7,-78.6,-18.9,125.68,725736072,725734059,136,17852,17092,11671,21003,1015,3,1,True
2026-05-01T13:47:10.560,T1,1,10800,3.011,-58.2,-79.3,-21.1,165.53,388642166,388640881,88,17467,14567,10089,20319,949,3,1,True
2026-05-01T13:47:10.650,T1,1,10801,3.199,-59.7,-79.8,-20.0,217.26,438628246,438626882,80,15447,17381,9948,19462,979,3,1,True
2026-05-01T13:47:10.800,T1,1,10802,4.015,-60.6,-79.7,-19.1,113.1,736771784,736770072,132,17141,14929,10198,17700,961,3,1,True
2026-05-01T13:47:10.981,T1,1,10804,4.217,-66.3,-83.5,-17.2,128.57,467023012,467021213,60,7616,7714,4756,3515,522,3,1,True
2026-05-01T13:47:11.101,T1,1,10805,3.194,-59.7,-77.9,-18.1,142.2,432496125,432494762,128,17443,18202,12698,21290,1024,3,1,True
2026-05-01T13:47:11.160,T1,1,10806,3.204,-59.7,-79.2,-19.6,134.39,445322253,445320887,132,18451,17739,10282,22410,1049,3,1,True
2026-05-01T13:47:11.310,T1,1,10807,4.728,-59.2,-76.3,-17.1,146.05,757690657,757688640,124,17608,18110,17319,23336,1051,3,1,True
2026-05-01T13:47:11.370,T1,1,10808,3.757,-59.8,-77.2,-17.4,173.62,451181167,451179564,92,16595,15973,17378,21102,1023,3,1,True
2026-05-01T13:47:11.460,T1,1,10809,3.382,-59.8,-77.4,-17.6,181.92,476945014,476943571,92,13961,16737,14371,17595,933,3,1,True
2026-05-01T13:47:11.939,T1,1,10813,4.212,-66.4,-82.6,-16.2,180.64,458958692,458956895,36,6085,6503,5188,2477,440,3,1,True
2026-05-01T13:47:12.150,T1,1,10815,3.626,-60.2,-77.9,-17.7,207.51,412930418,412928871,84,17307,17431,11602,19058,985,3,1,True
2026-05-01T13:47:12.239,T1,1,10816,3.161,-60.0,-77.4,-17.3,147.39,428591428,428590079,116,15486,17097,13038,17734,944,3,1,True
2026-05-01T13:47:12.479,T1,1,10818,4.09,-74.3,-88.2,-13.9,121.1,445805934,445804190,20,2418,2422,2468,363,221,3,1,True
2026-05-01T13:47:13.050,T1,1,10823,4.029,-98.2,-97.2,0.9,53.62,439412169,439410450,8,395,429,383,3,104,1,1,False
2026-05-01T13:47:13.500,T1,1,10827,3.044,-60.1,-77.8,-17.7,187.17,398162396,398161098,88,13994,16471,16863,19526,992,3,1,True
2026-05-01T13:47:13.620,T1,1,10828,3.851,-60.5,-77.9,-17.4,203.64,634377120,634375478,92,17236,18735,14777,21921,1068,3,1,True
2026-05-01T13:47:13.712,T1,1,10829,4.085,-80.6,-89.4,-8.8,123.56,435036272,435034530,16,1646,1977,1902,179,193,3,1,True
2026-05-01T13:47:13.801,T1,1,10830,3.349,-60.7,-79.8,-19.1,125.01,476758905,476757477,144,17823,18002,9975,21183,1056,3,1,True
2026-05-01T13:47:14.160,T1,1,10833,3.729,-60.1,-78.3,-18.2,188.79,402971228,402969637,96,17424,18124,15089,23106,1081,3,1,True
2026-05-01T13:47:14.251,T1,1,10834,3.236,-60.5,-79.1,-18.6,131.73,410229312,410227931,132,17069,17389,10213,19252,1000,3,1,True
2026-05-01T13:47:14.400,T1,1,10835,3.18,-60.6,-79.6,-19.0,126.57,415207153,415205796,132,16647,16707,12147,19924,1021,3,1,True
2026-05-01T13:47:14.700,T1,1,10838,4.165,-74.8,-89.4,-14.6,101.33,457225891,457224115,24,2554,2432,1379,373,228,3,1,True
2026-05-01T13:47:15.420,T1,1,10844,3.893,-64.3,-82.5,-18.2,120.35,404717990,404716330,60,6339,7221,6476,3606,493,3,1,True
2026-05-01T13:47:15.630,T1,1,10846,3.063,-60.2,-78.8,-18.6,152.03,389104452,389103145,116,15653,17636,11443,18917,982,3,1,True
2026-05-01T13:47:15.692,T1,1,10847,4.32,-60.6,-77.8,-17.2,147.83,513970489,513968647,124,16724,18331,14191,20409,1034,3,1,True
2026-05-01T13:47:16.292,T1,1,10852,4.747,-59.1,-78.6,-19.5,132.59,727829095,727827070,128,17023,16972,10688,20295,978,3,1,True
2026-05-01T13:47:16.469,T1,1,10854,4.128,-69.0,-88.0,-19.0,147.82,453551030,453549269,28,4460,4139,2501,1236,340,3,1,True
2026-05-01T13:47:16.710,T1,1,10856,4.714,-59.8,-77.3,-17.6,134.27,744494511,744492500,128,14201,17187,16797,19985,994,3,1,True
2026-05-01T13:47:16.800,T1,1,10857,4.048,-81.4,-89.8,-8.5,156.58,434138927,434137200,12,1579,1879,1528,154,184,3,1,True
2026-05-01T13:47:19.051,T1,1,10876,3.518,-60.7,-76.8,-16.2,149.78,428900004,428898504,116,13888,17375,17399,18571,988,3,1,True
2026-05-01T13:47:19.170,T1,1,10877,3.264,-60.1,-78.2,-18.0,187.85,492743277,492741884,88,16545,16531,14853,20337,1015,3,1,True
2026-05-01T13:47:19.382,T1,1,10879,4.714,-60.3,-79.4,-19.1,127.66,764844301,764842290,128,16631,16340,10466,18650,977,3,1,True
2026-05-01T13:47:19.470,T1,1,10880,3.082,-59.9,-78.3,-18.4,127.23,415783081,415781767,128,16605,16285,16396,22061,1048,3,1,True
2026-05-01T13:47:19.561,T1,1,10881,3.199,-60.1,-76.4,-16.3,189.02,423141298,423139934,92,14349,17390,16672,18521,966,3,1,True
2026-05-01T13:47:19.799,T1,1,10883,4.62,-58.7,-76.6,-18.0,160.51,736100070,736098100,108,15635,17335,13931,19489,944,3,1,True
2026-05-01T13:47:20.610,T1,1,10890,4.404,-59.8,-79.1,-19.3,212.08,734903804,734901925,84,16584,17815,10430,20331,1002,3,1,True
2026-05-01T13:47:20.735,T1,1,10891,3.11,-60.1,-78.4,-18.3,182.63,433528956,433527630,92,16873,16802,15122,21562,1042,3,1,True
2026-05-01T13:47:20.821,T1,1,10892,3.926,-60.3,-80.1,-19.9,194.78,440884239,440882564,88,15235,17141,9767,18712,978,3,1,True
2026-05-01T13:47:20.910,T1,1,10893,3.124,-60.2,-80.2,-20.0,120.58,407763177,407761845,144,17883,17363,9626,21715,1050,3,1,True
2026-05-01T13:47:21.029,T1,1,10894,3.138,-59.5,-78.8,-19.3,203.21,416155604,416154265,84,16737,17070,9951,19368,970,3,1,True
2026-05-01T13:47:21.120,T1,1,10895,3.865,-59.6,-78.3,-18.8,173.23,562191448,562189799,100,16619,17323,10662,19255,968,3,1,True
2026-05-01T13:47:21.242,T1,1,10896,4.343,-59.9,-78.4,-18.5,134.87,757124272,757122419,124,13831,16724,13439,17848,944,3,1,True
2026-05-01T13:47:21.449,T1,1,10898,3.058,-59.9,-77.7,-17.8,119.28,395094991,395093687,136,15505,16222,17380,20995,1024,3,1,True
2026-05-01T13:47:21.540,T1,1,10899,3.166,-59.8,-77.8,-18.0,192.63,431770308,431768957,92,16997,17722,11438,19421,981,3,1,True
2026-05-01T13:47:21.752,T1,1,10901,3.039,-60.2,-78.6,-18.4,180.65,407894328,407893032,92,13823,16620,12367,16847,927,3,1,True
2026-05-01T13:47:30.240,T1,1,10979,3.94,-75.4,-88.7,-13.2,157.44,458031291,458029611,16,2079,2519,2351,344,224,3,1,True
2026-05-01T13:47:30.481,T1,1,10981,3.996,-68.3,-86.3,-18.1,165.38,471040263,471038558,32,5616,5292,3560,1922,413,3,1,True
2026-05-01T13:47:30.570,T1,1,10982,3.152,-60.5,-78.9,-18.5,151.75,480922102,480920757,108,15147,16389,11327,17137,942,3,1,True
2026-05-01T13:47:30.660,T1,1,10983,3.124,-59.8,-77.4,-17.6,185.15,489984980,489983647,96,15163,17774,14240,19230,976,3,1,True
2026-05-01T13:47:31.141,T1,1,10987,3.035,-60.7,-79.0,-18.3,144.22,457700704,457699410,116,14046,16729,12388,17049,947,3,1,True
2026-05-01T13:47:31.229,T1,1,10988,3.152,-60.3,-77.7,-17.4,191.57,481176927,481175582,92,15276,17624,13451,18451,971,3,1,True
2026-05-01T13:47:31.350,T1,1,10989,3.194,-60.0,-76.8,-16.8,147.66,478718882,478717520,120,15394,17719,16749,20258,1009,3,1,True
2026-05-01T13:47:31.439,T1,1,10990,3.696,-77.0,-88.9,-11.9,114.45,387763585,387762009,20,2263,2289,2261,309,224,3,1,True
2026-05-01T13:47:31.679,T1,1,10992,4.479,-59.7,-76.5,-16.8,163.03,760553984,760552073,108,15099,17607,16714,19920,990,3,1,True
2026-05-01T13:47:31.770,T1,1,10993,3.044,-59.9,-77.7,-17.8,124.73,422953676,422952377,132,16449,16465,17295,21896,1045,3,1,True
2026-05-01T13:47:31.860,T1,1,10994,3.058,-59.9,-76.9,-17.1,175.74,423830867,423829562,104,16612,18277,15038,20726,1015,3,1,True
2026-05-01T13:47:31.949,T1,1,10995,2.983,-60.5,-81.1,-20.6,107.87,415769549,415768277,136,17411,14670,8439,18695,985,3,1,True
2026-05-01T13:47:32.071,T1,1,10996,4.423,-58.9,-77.6,-18.7,135.65,758872826,758870939,128,17030,17363,12316,20603,979,3,1,True
2026-05-01T13:47:32.279,T1,1,10998,3.128,-60.1,-78.0,-17.9,151.28,453291716,453290381,112,16580,16943,17439,22821,1072,3,1,True
2026-05-01T13:47:32.489,T1,1,11000,3.846,-93.3,-95.3,-2.0,77.12,437938971,437937331,8,529,617,499,11,114,1,1,False
2026-05-01T13:47:32.611,T1,1,11001,4.4,-59.9,-77.7,-17.8,206.2,754560498,754558622,84,15721,17321,12511,18324,957,3,1,True
2026-05-01T13:47:32.850,T1,1,11003,3.752,-60.6,-78.4,-17.8,191.7,707197453,707195853,88,12456,16870,15124,17499,956,3,1,True
2026-05-01T13:47:32.969,T1,1,11004,4.198,-62.9,-80.2,-17.3,195.79,495108910,495107120,84,15036,16446,11930,16139,994,3,1,True
2026-05-01T13:47:33.029,T1,1,11005,3.537,-60.0,-77.5,-17.5,209.9,574055548,574054040,84,16173,17632,12334,18579,964,3,1,True
2026-05-01T13:47:33.119,T1,1,11006,3.157,-58.5,-76.3,-17.8,205.21,426833306,426831960,84,15234,17238,14278,19158,930,3,1,True
2026-05-01T13:47:33.630,T1,1,11010,4.123,-66.4,-85.2,-18.7,207.47,461214788,461213030,32,6260,6639,3947,2752,464,3,1,True
2026-05-01T13:47:33.810,T1,1,11012,3.049,-60.7,-78.5,-17.8,196.11,396770595,396769294,92,17294,18042,11081,19550,1014,3,1,True
2026-05-01T13:47:33.959,T1,1,11013,3.794,-60.2,-77.4,-17.3,140.94,432679396,432677777,132,16494,18604,16675,22572,1070,3,1,True
2026-05-01T13:47:34.259,T1,1,11016,3.025,-60.3,-78.5,-18.2,156.08,410962996,410961706,112,17012,17481,13100,20575,1028,3,1,True
2026-05-01T13:47:34.469,T1,1,11018,2.997,-60.0,-77.7,-17.7,145.0,394166769,394165490,120,15781,17400,12616,18460,961,3,1,True
2026-05-01T13:47:34.589,T1,1,11019,3.213,-60.3,-78.0,-17.7,153.53,480481895,480480525,108,12608,16581,15168,17175,939,3,1,True
2026-05-01T13:47:34.710,T1,1,11020,3.644,-60.0,-78.5,-18.4,128.42,451989745,451988191,136,16685,17465,16905,23679,1091,3,1,True
2026-05-01T13:47:34.919,T1,1,11022,3.189,-60.0,-79.4,-19.4,128.1,456411399,456410039,128,15592,16397,10257,18011,951,3,1,True
2026-05-01T13:47:35.009,T1,1,11023,3.1,-59.9,-77.7,-17.8,158.56,434468563,434467240,104,16379,16490,17611,22233,1051,3,1,True
2026-05-01T13:47:35.100,T1,1,11024,3.114,-60.3,-78.2,-17.9,177.02,416227732,416226404,100,16890,17702,15380,21896,1060,3,1,True
2026-05-01T13:47:35.369,T1,1,11026,3.119,-60.8,-78.5,-17.7,129.55,398117858,398116527,128,12675,16582,16448,18309,986,3,1,True
2026-05-01T13:47:35.429,T1,1,11027,4.625,-59.8,-77.7,-17.9,190.72,755825516,755823544,96,17534,18309,13726,21885,1039,3,1,True
2026-05-01T13:47:35.549,T1,1,11028,3.1,-60.0,-77.4,-17.4,179.68,409782948,409781626,92,13150,16531,14898,16986,923,3,1,True
2026-05-01T13:47:35.761,T1,1,11030,4.043,-89.4,-92.3,-2.9,121.12,453390728,453389004,8,830,969,970,38,135,1,1,False
2026-05-01T13:47:35.968,T1,1,11032,3.1,-60.2,-78.0,-17.8,210.17,408679235,408677912,84,15236,17654,13442,18884,981,3,1,True
2026-05-01T13:47:36.329,T1,1,11035,4.521,-60.3,-78.3,-18.0,182.16,722436384,722434455,96,16959,17487,15097,21728,1054,3,1,True
2026-05-01T13:47:36.419,T1,1,11036,3.945,-60.1,-77.5,-17.4,125.94,736071947,736070264,140,16361,17631,17126,22168,1057,3,1,True
2026-05-01T13:47:36.598,T1,1,11037,3.949,-63.9,-83.6,-19.7,107.27,432050690,432049005,116,14585,12443,7899,12834,917,3,1,True
2026-05-01T13:47:36.629,T1,1,11038,3.34,-66.8,-77.2,-10.4,147.62,498109560,498108136,124,15888,18305,16223,13307,1033,3,1,True
2026-05-01T13:47:36.721,T1,1,11039,3.354,-60.2,-77.0,-16.8,174.51,472345722,472344292,100,13640,17451,17450,19387,992,3,1,True
2026-05-01T13:47:36.929,T1,1,11041,4.043,-63.0,-81.4,-18.4,205.03,447031958,447030233,76,15298,15582,8881,15100,967,3,1,True
2026-05-01T13:47:37.290,T1,1,11044,3.11,-59.7,-78.4,-18.6,200.25,417479947,417478620,88,17256,17622,10462,19849,988,3,1,True
2026-05-01T13:47:37.381,T1,1,11045,3.138,-59.9,-76.6,-16.7,177.07,407613303,407611965,96,13899,16999,15745,17670,937,3,1,True
2026-05-01T13:47:37.529,T1,1,11046,3.175,-59.9,-77.9,-18.0,175.87,426225544,426224189,100,16339,17587,11889,18939,973,3,1,True
2026-05-01T13:47:37.589,T1,1,11047,3.128,-58.9,-77.7,-18.8,189.34,410756460,410755126,88,12815,16662,15333,18921,938,3,1,True
2026-05-01T13:47:38.070,T1,1,11051,4.203,-65.6,-82.7,-17.1,185.35,468267092,468265299,48,8115,8897,5978,4503,577,3,1,True
2026-05-01T13:47:38.280,T1,1,11053,3.991,-60.5,-80.2,-19.6,118.57,527676768,527675066,132,16736,15651,8879,17878,965,3,1,True
2026-05-01T13:47:38.608,T1,1,11056,3.138,-61.1,-77.9,-16.8,125.79,407282942,407281604,136,13212,17107,17036,18482,1000,3,1,True
2026-05-01T13:47:38.969,T1,1,11059,3.147,-60.1,-77.1,-17.0,139.96,421336167,421334825,124,13788,17355,16945,19221,986,3,1,True
2026-05-01T13:47:39.299,T1,1,11062,3.743,-60.0,-77.4,-17.4,201.86,434324648,434323051,88,14884,17764,16762,20815,1022,3,1,True
2026-05-01T13:47:39.510,T1,1,11064,4.132,-72.0,-87.9,-15.8,152.65,460380552,460378790,20,2959,3053,2665,574,257,3,1,True
2026-05-01T13:47:39.751,T1,1,11066,3.199,-60.0,-78.2,-18.1,137.88,460457993,460456629,128,16522,17649,11814,19309,986,3,1,True
2026-05-01T13:47:39.839,T1,1,11067,4.512,-59.4,-77.7,-18.3,188.22,625966274,625964350,92,15679,17316,12564,18945,955,3,1,True
2026-05-01T13:47:39.929,T1,1,11068,3.128,-60.2,-76.9,-16.6,200.91,407427572,407426238,88,15141,17680,15384,18721,977,3,1,True
2026-05-01T13:47:40.198,T1,1,11070,3.855,-65.4,-82.9,-17.5,167.44,411650131,411648486,52,8344,8707,5518,4494,573,3,1,True
2026-05-01T13:47:40.500,T1,1,11073,4.048,-60.2,-78.1,-17.8,135.42,772115828,772114102,132,17301,17876,13540,20971,1034,3,1,True
2026-05-01T13:47:40.830,T1,1,11076,4.226,-60.0,-78.0,-18.1,185.65,735655871,735654069,96,16986,17822,14866,21973,1049,3,1,True
2026-05-01T13:47:41.189,T1,1,11079,4.883,-60.1,-77.5,-17.4,187.3,725521027,725518945,96,14935,17981,16324,20638,1020,3,1,True
2026-05-01T13:47:41.401,T1,1,11081,4.517,-59.6,-79.9,-20.3,142.63,594719576,594717649,116,16238,16545,9108,19224,968,3,1,True
2026-05-01T13:47:41.520,T1,1,11082,3.161,-59.7,-77.9,-18.2,142.31,430916025,430914677,124,15496,17647,12888,19229,972,3,1,True
2026-05-01T13:47:41.610,T1,1,11083,4.02,-80.1,-89.7,-9.5,125.62,429880897,429879182,16,1723,2010,1608,185,193,3,1,True
2026-05-01T13:47:41.699,T1,1,11084,3.133,-59.8,-76.7,-16.8,171.31,428748135,428746798,100,14015,17131,15700,17964,944,3,1,True
2026-05-01T13:47:42.059,T1,1,11087,4.217,-66.4,-87.6,-21.2,156.29,467258621,467256822,28,4845,4376,2529,1618,355,3,1,True
2026-05-01T13:47:42.270,T1,1,11089,4.17,-69.8,-86.7,-17.0,154.29,464800524,464798745,24,3757,3703,3901,1060,323,3,1,True
2026-05-01T13:47:42.390,T1,1,11090,3.236,-58.3,-78.0,-19.6,186.52,430037661,430036280,92,17370,17160,10199,20723,963,3,1,True
2026-05-01T13:47:42.960,T1,1,11095,4.076,-93.7,-95.7,-2.0,65.25,452341704,452339966,8,555,522,489,10,113,1,1,False
2026-05-01T13:47:43.051,T1,1,11096,3.166,-60.5,-77.9,-17.4,202.67,413202106,413200755,84,13227,17024,16328,18562,983,3,1,True
2026-05-01T13:47:43.141,T1,1,11097,4.231,-61.9,-76.7,-14.8,172.21,750095476,750093671,100,14031,17221,16934,16592,974,3,1,True
2026-05-01T13:47:43.501,T1,1,11100,3.157,-60.4,-77.6,-17.2,187.21,402458392,402457046,92,13829,17223,15497,18263,971,3,1,True
2026-05-01T13:47:43.591,T1,1,11101,3.508,-59.8,-77.9,-18.0,161.03,563286022,563284526,100,15578,16103,17689,21612,1035,3,1,True
2026-05-01T13:47:43.679,T1,1,11102,4.156,-59.4,-77.4,-18.0,156.09,748486821,748485049,116,16235,18107,16523,22881,1050,3,1,True
2026-05-01T13:47:43.920,T1,1,11104,4.573,-60.1,-78.1,-18.0,207.02,726551391,726549441,84,16551,17390,10898,18381,965,3,1,True
2026-05-01T13:47:44.130,T1,1,11106,4.048,-60.1,-77.4,-17.3,143.72,461406666,461404940,124,15745,17821,16560,21147,1035,3,1,True
2026-05-01T13:47:44.338,T1,1,11108,3.199,-60.3,-77.9,-17.6,147.02,458879927,458878562,120,15061,17642,13872,18807,981,3,1,True
2026-05-01T13:47:44.490,T1,1,11109,3.105,-59.9,-78.4,-18.5,207.6,408918462,408917137,80,14745,16608,12517,17802,943,3,1,True
2026-05-01T13:47:45.060,T1,1,11114,3.921,-62.3,-80.2,-17.9,176.0,443518338,443516665,92,13034,16192,14245,16676,992,3,1,True
2026-05-01T13:47:45.479,T1,1,11118,3.096,-60.1,-78.0,-17.8,189.84,394433736,394432415,96,16533,18225,13307,20482,1018,3,1,True
2026-05-01T13:47:45.600,T1,1,11119,3.133,-60.1,-77.0,-17.0,184.78,409228084,409226748,92,13982,17000,14894,17399,936,3,1,True
2026-05-01T13:47:45.690,T1,1,11120,3.236,-60.9,-77.9,-17.1,194.33,411374415,411373034,88,13087,17101,16787,18476,992,3,1,True
2026-05-01T13:47:45.781,T1,1,11121,3.091,-60.0,-77.1,-17.1,149.53,412183146,412181827,116,14714,17345,14291,17985,950,3,1,True
2026-05-01T13:47:45.898,T1,1,11122,4.052,-77.2,-89.7,-12.4,139.69,446139471,446137743,16,2067,2235,1354,262,208,3,1,True
2026-05-01T13:47:46.049,T1,1,11123,3.401,-60.0,-79.8,-19.8,124.74,508001864,508000414,136,18196,16965,10506,21859,1046,3,1,True
2026-05-01T13:47:54.629,T1,1,11202,4.081,-60.2,-77.5,-17.3,208.48,730817839,730816098,84,16506,17512,11955,18149,962,3,1,True
2026-05-01T13:47:54.959,T1,1,11205,2.955,-59.3,-76.7,-17.3,213.26,402169989,402168729,80,15137,17061,14330,18350,937,3,1,True
2026-05-01T13:47:55.079,T1,1,11206,2.964,-58.7,-77.2,-18.5,129.3,406673007,406671743,128,15642,16551,13128,18919,932,3,1,True
2026-05-01T13:48:03.391,T1,1,11282,3.021,-60.5,-77.2,-16.7,207.32,453964156,453962867,88,17290,18244,16007,21434,1056,3,1,True
2026-05-01T13:48:04.680,T1,1,11293,2.899,-60.0,-79.0,-19.0,127.46,402501488,402500251,140,18316,17845,10980,21911,1049,3,1,True
2026-05-01T13:48:04.800,T1,1,11294,2.908,-59.9,-76.2,-16.2,203.07,429663489,429662249,88,15389,17870,17117,19900,997,3,1,True
2026-05-01T13:48:04.890,T1,1,11295,3.518,-59.6,-77.0,-17.4,127.44,492209419,492207918,144,16512,18352,15966,21950,1035,3,1,True
2026-05-01T13:48:05.370,T1,1,11299,3.588,-59.9,-77.0,-17.1,175.59,761664786,761663256,104,17171,18261,14324,20784,1016,3,1,True
2026-05-01T13:48:05.700,T1,1,11302,3.597,-77.5,-89.6,-12.0,128.44,404304135,404302600,16,2216,2055,1427,252,206,3,1,True
2026-05-01T13:48:05.789,T1,1,11303,2.992,-59.9,-76.6,-16.7,184.14,473690095,473688818,100,17414,18414,18001,23339,1078,3,1,True
2026-05-01T13:48:06.149,T1,1,11306,3.649,-60.6,-78.1,-17.4,122.31,761620153,761618597,132,16172,16145,17391,20989,1049,3,1,True
2026-05-01T13:48:06.240,T1,1,11307,4.484,-60.0,-77.8,-17.8,164.78,755752065,755750153,100,16651,16478,16124,21059,1029,3,1,True
2026-05-01T13:48:06.329,T1,1,11308,2.861,-58.8,-79.1,-20.3,177.37,403403619,403402398,84,17423,14899,10653,19862,957,3,1,True
2026-05-01T13:48:06.541,T1,1,11310,3.508,-60.3,-77.9,-17.6,136.78,419000914,418999417,128,17207,17508,13277,20096,1015,3,1,True
2026-05-01T13:48:07.261,T1,1,11316,2.946,-60.6,-76.5,-15.9,146.42,387992468,387991211,116,13648,16985,16791,17323,953,3,1,True
2026-05-01T13:48:08.098,T1,1,11323,3.64,-60.2,-77.6,-17.4,122.7,767918996,767917443,140,17125,17178,15095,20766,1028,3,1,True
2026-05-01T13:48:08.189,T1,1,11324,2.974,-60.5,-79.1,-18.6,134.39,408497900,408496632,124,14642,16664,11839,17412,951,3,1,True
2026-05-01T13:48:08.311,T1,1,11325,3.682,-60.1,-77.1,-17.0,184.79,731373181,731371611,96,17180,17740,16865,22038,1057,3,1,True
2026-05-01T13:48:08.399,T1,1,11326,4.512,-60.4,-77.8,-17.3,186.25,748919284,748917359,92,13754,17135,14400,17448,949,3,1,True
2026-05-01T13:48:08.729,T1,1,11329,3.743,-62.9,-79.9,-17.1,196.59,443526178,443524582,76,13466,14941,11495,13297,902,3,1,True
2026-05-01T13:48:08.938,T1,1,11331,3.016,-60.0,-77.8,-17.8,179.89,453427802,453426516,96,15273,17269,12489,17978,949,3,1,True
2026-05-01T13:48:09.149,T1,1,11333,3.888,-72.9,-88.2,-15.3,148.75,446832665,446831006,20,2975,2975,2279,519,252,3,1,True
2026-05-01T13:48:09.389,T1,1,11335,3.865,-90.9,-93.9,-3.0,97.88,452365092,452363443,8,756,783,573,23,125,1,1,False
2026-05-01T13:48:09.510,T1,1,11336,3.082,-60.2,-78.1,-17.9,143.03,468073420,468072106,124,17500,17736,10681,19244,990,3,1,True
2026-05-01T13:48:09.569,T1,1,11337,2.964,-60.2,-77.6,-17.4,186.1,452607942,452606677,92,13911,17121,14342,17533,946,3,1,True
2026-05-01T13:48:09.929,T1,1,11340,4.264,-60.5,-77.9,-17.4,196.4,730813612,730811794,88,16387,17283,17031,21760,1063,3,1,True
2026-05-01T13:48:10.019,T1,1,11341,3.471,-60.5,-77.7,-17.2,125.27,427499232,427497752,132,13407,16536,15599,17434,950,3,1,True
2026-05-01T13:48:10.291,T1,1,11343,4.414,-60.6,-80.9,-20.3,148.73,724427573,724425690,96,17188,14278,8200,17531,959,3,1,True
2026-05-01T13:48:10.349,T1,1,11344,2.931,-60.3,-77.0,-16.6,195.28,414562911,414561661,92,16748,17966,13967,19236,993,3,1,True
2026-05-01T13:48:10.440,T1,1,11345,4.498,-60.2,-77.9,-17.8,172.97,747989824,747987906,96,16560,16605,16151,21105,1035,3,1,True
2026-05-01T13:48:10.560,T1,1,11346,2.978,-59.1,-77.4,-18.3,132.39,405553170,405551900,128,14672,16946,13881,18721,940,3,1,True
2026-05-01T13:48:11.248,T1,1,11352,4.287,-59.6,-76.7,-17.1,181.43,751894597,751892769,100,16170,18143,15852,20930,1010,3,1,True
2026-05-01T13:48:11.369,T1,1,11353,3.199,-60.1,-77.7,-17.6,200.01,485755957,485754593,88,17200,17601,11349,18884,978,3,1,True
2026-05-01T13:48:11.578,T1,1,11355,2.955,-60.1,-76.9,-16.9,185.15,393649053,393647792,92,16665,17034,17082,21058,1030,3,1,True
2026-05-01T13:48:12.269,T1,1,11361,2.983,-60.6,-77.0,-16.4,204.87,398096386,398095113,84,13869,17209,17064,18416,982,3,1,True
2026-05-01T13:48:13.348,T1,1,11370,2.903,-60.0,-78.7,-18.6,215.38,390152451,390151213,80,16873,17230,10255,18987,977,3,1,True
2026-05-01T13:48:13.439,T1,1,11371,3.734,-60.5,-77.0,-16.6,136.48,443664830,443663237,136,16752,18561,16673,21640,1059,3,1,True
2026-05-01T13:48:13.560,T1,1,11372,3.082,-60.9,-77.3,-16.4,137.29,442708068,442706754,124,13597,17024,16565,17792,975,3,1,True
2026-05-01T13:48:13.650,T1,1,11373,3.035,-61.1,-78.1,-17.0,130.46,430801289,430799994,128,12937,16699,15175,16713,952,3,1,True
2026-05-01T13:48:13.741,T1,1,11374,3.771,-60.1,-77.2,-17.1,175.61,731368358,731366750,104,17396,18263,13712,20457,1017,3,1,True
2026-05-01T13:48:13.858,T1,1,11375,3.082,-58.7,-77.8,-19.2,191.37,484306958,484305643,84,17765,16075,13020,21344,988,3,1,True
2026-05-01T13:48:14.339,T1,1,11379,3.827,-60.2,-77.8,-17.5,204.47,769854635,769853003,88,16678,17993,12807,19640,1000,3,1,True
2026-05-01T13:48:14.429,T1,1,11380,3.1,-59.6,-75.7,-16.2,204.73,466415825,466414503,88,15941,18016,16914,20134,990,3,1,True
2026-05-01T13:48:14.520,T1,1,11381,2.931,-60.2,-77.1,-16.9,178.6,404792666,404791416,92,16652,16431,15452,19295,991,3,1,True
2026-05-01T13:48:14.610,T1,1,11382,3.128,-59.9,-76.4,-16.5,207.04,464982109,464980775,84,15490,17391,16562,19436,984,3,1,True
2026-05-01T13:48:14.849,T1,1,11384,4.024,-68.0,-84.5,-16.5,131.3,461310049,461308332,44,5774,5777,5205,2236,441,3,1,True
2026-05-01T13:48:15.180,T1,1,11387,4.446,-60.3,-77.2,-16.9,200.67,721260317,721258421,84,14373,16856,13736,16610,923,3,1,True
2026-05-01T13:48:15.299,T1,1,11388,3.218,-60.3,-78.3,-18.0,193.18,472944834,472943461,88,15565,17000,12368,18080,962,3,1,True
2026-05-01T13:48:15.510,T1,1,11390,3.044,-60.4,-77.5,-17.1,198.47,405075133,405073835,88,16715,17465,16953,21691,1058,3,1,True
2026-05-01T13:48:15.839,T1,1,11393,3.78,-67.0,-84.0,-17.0,124.83,420123999,420122386,48,6072,5992,5960,2681,467,3,1,True
2026-05-01T13:48:16.170,T1,1,11396,4.067,-62.6,-80.4,-17.8,203.65,495364009,495362274,80,14212,16292,12747,16426,993,3,1,True
2026-05-01T13:48:16.319,T1,1,11397,3.804,-59.8,-77.0,-17.2,178.15,730172706,730171083,100,16370,17815,13639,19331,977,3,1,True
2026-05-01T13:48:16.624,T1,1,11400,3.058,-59.8,-79.7,-19.9,109.56,423488329,423487025,144,17725,15777,9505,19686,988,3,1,True
2026-05-01T13:48:24.988,T1,1,11477,3.335,-60.2,-75.5,-15.3,181.6,415860022,415858599,92,15710,16707,13472,15478,888,3,1,True
2026-05-01T13:48:25.199,T1,1,11479,2.927,-60.1,-78.1,-18.0,160.03,443780328,443779080,108,14747,17283,11641,17216,934,3,1,True
2026-05-01T13:48:25.318,T1,1,11480,2.899,-60.4,-77.5,-17.0,151.73,447372161,447370925,108,12514,16387,15067,16147,914,3,1,True
2026-05-01T13:48:26.008,T1,1,11486,2.955,-59.2,-75.3,-16.1,166.69,444343551,444342290,108,15158,18002,16577,19233,957,3,1,True
2026-05-01T13:48:26.341,T1,1,11489,3.888,-78.8,-89.0,-10.2,130.0,442375722,442374064,16,1674,2080,1970,199,191,3,1,True
2026-05-01T13:48:26.457,T1,1,11490,3.743,-92.4,-94.1,-1.7,79.0,424865744,424864147,8,725,632,636,15,120,1,1,False
2026-05-01T13:48:26.550,T1,1,11491,3.715,-63.1,-78.5,-15.4,192.08,425570543,425568958,72,12286,13830,12201,10850,821,3,1,True
2026-05-01T13:48:26.641,T1,1,11492,3.03,-58.9,-75.5,-16.6,179.69,437185195,437183902,96,16697,17250,13153,17965,914,3,1,True
2026-05-01T13:48:26.881,T1,1,11494,4.264,-59.5,-77.1,-17.6,170.75,713623006,713621187,100,15492,17075,11800,17310,915,3,1,True
2026-05-01T13:48:27.330,T1,1,11498,3.968,-64.8,-82.4,-17.6,165.12,455968732,455967039,32,4768,5284,4717,1876,362,3,1,True
2026-05-01T13:48:27.418,T1,1,11499,3.138,-59.6,-76.0,-16.4,125.85,475578211,475576873,132,16683,16612,14819,18296,946,3,1,True
2026-05-01T13:48:27.540,T1,1,11500,3.011,-56.8,-76.5,-19.6,203.0,402490299,402489014,84,17832,17052,11216,21726,936,3,1,True
2026-05-01T13:48:27.630,T1,1,11501,3.682,-59.3,-75.2,-15.9,155.03,440087987,440086417,108,15514,16743,14775,16913,898,3,1,True
2026-05-01T13:48:35.818,T1,1,11576,2.833,-59.9,-76.5,-16.6,142.29,417213525,417212316,116,17190,16506,16660,20281,1005,3,1,True
2026-05-01T13:48:35.910,T1,1,11577,2.777,-58.2,-75.7,-17.4,208.77,394859210,394858026,84,17455,17537,13235,20011,943,3,1,True
2026-05-01T13:48:36.030,T1,1,11578,4.367,-60.0,-75.8,-15.8,169.69,745294712,745292849,104,16630,17648,16751,19750,996,3,1,True
2026-05-01T13:48:36.120,T1,1,11579,3.715,-59.7,-75.5,-15.8,171.84,680253307,680251723,96,14765,16497,14892,16168,891,3,1,True
2026-05-01T13:48:36.238,T1,1,11580,3.508,-59.8,-77.9,-18.1,160.05,738708572,738707075,112,16647,17926,11605,19569,983,3,1,True
2026-05-01T13:48:36.328,T1,1,11581,2.772,-58.3,-77.5,-19.2,165.78,405657870,405656687,96,17918,15915,11999,20654,961,3,1,True
2026-05-01T13:48:36.540,T1,1,11583,3.499,-76.1,-88.3,-12.3,137.94,388094107,388092615,16,2152,2207,2298,279,206,3,1,True
2026-05-01T13:48:36.659,T1,1,11584,2.828,-59.9,-76.5,-16.6,175.73,415108602,415107396,92,17024,16167,16938,20168,1003,3,1,True
2026-05-01T13:48:36.868,T1,1,11586,3.551,-59.6,-75.5,-15.9,181.23,708558738,708557224,96,16848,17398,15860,19192,967,3,1,True
2026-05-01T13:48:36.958,T1,1,11587,3.569,-59.7,-77.4,-17.7,165.35,728703694,728702171,112,18389,18519,12872,22013,1039,3,1,True
2026-05-01T13:48:37.198,T1,1,11589,2.8,-59.7,-75.7,-16.0,157.09,385836095,385834901,112,14827,17594,15689,17900,938,3,1,True
2026-05-01T13:48:37.289,T1,1,11590,3.171,-60.2,-77.7,-17.5,181.94,501755310,501753957,88,16499,16011,10115,16086,906,3,1,True
2026-05-01T13:48:37.408,T1,1,11591,3.705,-60.0,-76.3,-16.2,166.65,727151620,727150039,104,17040,17332,12134,17289,932,3,1,True
2026-05-01T13:48:37.498,T1,1,11592,3.794,-88.5,-91.3,-2.8,149.62,438972313,438970695,8,1103,1197,1072,55,146,1,1,False
2026-05-01T13:48:37.708,T1,1,11594,2.96,-60.3,-76.6,-16.3,138.8,443801843,443800580,128,17184,17767,13892,18846,984,3,1,True
2026-05-01T13:48:37.828,T1,1,11595,3.715,-59.8,-76.5,-16.6,165.08,720391438,720389854,108,17385,17829,12299,18565,960,3,1,True
2026-05-01T13:48:37.918,T1,1,11596,2.931,-59.9,-76.2,-16.3,155.89,421145473,421144222,104,16805,16213,17017,19629,990,3,1,True
2026-05-01T13:48:38.008,T1,1,11597,3.748,-60.0,-76.8,-16.8,133.32,442605666,442604067,128,17892,17065,14562,19997,1003,3,1,True
2026-05-01T13:48:38.129,T1,1,11598,4.601,-59.3,-75.5,-16.2,175.07,746683102,746681140,104,16594,18207,16381,20383,988,3,1,True
2026-05-01T13:48:38.248,T1,1,11599,2.997,-59.5,-75.5,-16.1,168.22,429553366,429552087,100,15368,16822,14329,16767,901,3,1,True
2026-05-01T13:48:38.338,T1,1,11600,3.752,-59.0,-75.3,-16.3,133.68,487187862,487186261,124,16062,16576,16987,19303,951,3,1,True
2026-05-01T13:48:38.398,T1,1,11601,4.109,-62.2,-80.0,-17.8,172.45,487865026,487863273,88,15405,15176,9079,14353,917,3,1,True
2026-05-01T13:48:38.518,T1,1,11602,3.799,-89.7,-92.4,-2.7,111.0,422923535,422921915,8,944,888,890,35,134,1,1,False
2026-05-01T13:48:38.637,T1,1,11603,3.457,-59.6,-75.7,-16.1,165.54,422517988,422516514,100,14700,16554,14689,16384,895,3,1,True
2026-05-01T13:48:38.701,T1,1,11604,3.799,-63.6,-81.1,-17.5,141.58,422923031,422921411,84,12775,11893,7958,9412,779,3,1,True
2026-05-01T13:48:38.847,T1,1,11605,2.922,-59.6,-78.4,-18.8,137.73,416626599,416625353,132,17267,18180,11398,21134,1017,3,1,True
2026-05-01T13:48:39.032,T1,1,11607,4.254,-59.2,-77.2,-18.0,175.03,756054415,756052600,96,16866,16803,10479,17860,921,3,1,True
2026-05-01T13:48:39.119,T1,1,11608,3.569,-59.7,-76.3,-16.5,149.64,436074388,436072866,112,13622,16760,15690,17048,916,3,1,True
2026-05-01T13:48:39.240,T1,1,11609,2.974,-59.4,-77.5,-18.2,132.22,429586791,429585523,136,18561,17982,12438,22015,1028,3,1,True
2026-05-01T13:48:39.328,T1,1,11610,4.17,-59.6,-76.4,-16.8,177.4,744858725,744856946,96,14345,17030,13833,16755,903,3,1,True
2026-05-01T13:48:39.478,T1,1,11611,3.049,-59.2,-78.8,-19.5,134.99,399726487,399725187,128,17797,17279,9492,20738,994,3,1,True
2026-05-01T13:48:39.537,T1,1,11612,3.063,-59.8,-75.9,-16.1,128.65,423689428,423688122,136,16836,17496,16150,19794,989,3,1,True
2026-05-01T13:48:39.689,T1,1,11613,3.902,-57.2,-76.6,-19.4,214.57,727738929,727737265,80,17727,17166,11481,21543,944,3,1,True
2026-05-01T13:48:39.989,T1,1,11616,3.86,-64.1,-82.0,-17.8,127.35,433312667,433311021,88,12078,11207,7016,8396,748,3,1,True
2026-05-01T13:48:40.080,T1,1,11617,3.508,-60.0,-76.6,-16.6,128.29,485326705,485325208,128,16762,16421,15648,19055,979,3,1,True
2026-05-01T13:48:40.169,T1,1,11618,2.988,-59.5,-78.6,-19.1,136.07,400061754,400060479,136,18316,18505,11023,22817,1051,3,1,True
2026-05-01T13:48:40.290,T1,1,11619,3.724,-60.4,-76.3,-15.9,132.65,422735885,422734296,128,14248,16979,15173,16482,922,3,1,True
2026-05-01T13:48:40.378,T1,1,11620,4.071,-73.3,-86.5,-13.2,111.38,440785030,440783293,32,3175,3564,2931,597,274,3,1,True
2026-05-01T13:48:40.498,T1,1,11621,3.067,-59.3,-75.5,-16.2,136.66,420458767,420457459,128,14165,17492,16555,18223,935,3,1,True
2026-05-01T13:48:40.588,T1,1,11622,3.175,-59.8,-76.4,-16.6,136.63,418927374,418926019,124,12717,16942,16170,17030,918,3,1,True
2026-05-01T13:48:40.679,T1,1,11623,3.128,-59.3,-78.2,-18.8,131.37,417383760,417382425,140,17902,18392,11356,22092,1028,3,1,True
2026-05-01T13:48:40.800,T1,1,11624,2.988,-59.6,-76.5,-16.9,138.46,401510700,401509425,124,14333,17169,14095,17160,916,3,1,True
2026-05-01T13:48:40.889,T1,1,11625,3.199,-59.6,-76.2,-16.6,133.45,414994643,414993278,128,17678,17081,15872,20519,1001,3,1,True
2026-05-01T13:48:41.038,T1,1,11626,3.053,-59.9,-76.1,-16.2,160.87,414269597,414268295,104,13449,16730,15582,16424,904,3,1,True
2026-05-01T13:48:41.129,T1,1,11627,3.213,-57.9,-76.2,-18.3,116.58,492385917,492384546,132,17446,15389,15219,20920,952,3,1,True
2026-05-01T13:48:41.190,T1,1,11628,3.616,-59.1,-75.8,-16.7,139.74,438938537,438936994,128,18068,17887,15399,21322,1004,3,1,True
2026-05-01T13:48:41.310,T1,1,11629,3.823,-59.3,-75.6,-16.3,132.55,720244253,720242622,128,17331,16967,17192,20808,997,3,1,True
2026-05-01T13:48:41.637,T1,1,11632,4.873,-60.0,-76.2,-16.2,174.26,765348212,765346133,96,16467,16729,14560,17852,945,3,1,True
2026-05-01T13:48:41.968,T1,1,11635,3.86,-59.8,-78.0,-18.2,126.53,766270819,766269172,132,18041,16702,12109,20111,997,3,1,True
2026-05-01T13:48:42.059,T1,1,11636,3.063,-59.9,-76.7,-16.8,130.94,412712655,412711349,124,16248,16236,17680,20480,1009,3,1,True
2026-05-01T13:48:42.179,T1,1,11637,3.185,-59.8,-76.4,-16.6,135.61,416515833,416514475,132,17114,17900,13305,18976,970,3,1,True
2026-05-01T13:48:42.389,T1,1,11639,3.025,-59.8,-75.7,-15.9,167.32,399923106,399921816,104,16028,17401,14178,17376,928,3,1,True
2026-05-01T13:48:42.628,T1,1,11641,3.091,-59.9,-76.4,-16.6,144.04,442343191,442341873,112,16712,16132,16016,19057,974,3,1,True
2026-05-01T13:48:42.748,T1,1,11642,3.963,-59.7,-76.0,-16.2,138.09,725905495,725903805,124,15424,17123,14612,17434,927,3,1,True
2026-05-01T13:48:43.078,T1,1,11645,3.002,-59.6,-76.5,-16.9,163.74,394498415,394497134,100,15359,16374,13229,16688,902,3,1,True
2026-05-01T13:48:43.291,T1,1,11647,4.859,-59.4,-75.9,-16.4,184.9,763023974,763021901,92,16013,17011,13602,17335,915,3,1,True
2026-05-01T13:48:43.379,T1,1,11648,3.143,-59.4,-76.2,-16.8,142.63,448909964,448908624,112,15776,15975,17632,19831,978,3,1,True
2026-05-01T13:48:43.498,T1,1,11649,3.171,-59.0,-77.0,-18.0,155.36,425992403,425991051,108,16640,16779,11030,17956,918,3,1,True
2026-05-01T13:48:43.588,T1,1,11650,3.058,-57.3,-74.7,-17.4,137.11,412488661,412487357,124,15939,17002,15170,19666,904,3,1,True
2026-05-01T13:48:43.738,T1,1,11651,4.461,-59.3,-76.0,-16.7,143.49,744613038,744611135,120,14355,17219,14927,17575,916,3,1,True
2026-05-01T13:48:44.218,T1,1,11655,3.748,-59.6,-76.2,-16.6,142.34,649628685,649627086,124,17004,17650,13051,18469,951,3,1,True
2026-05-01T13:48:44.280,T1,1,11656,3.931,-59.2,-75.9,-16.7,168.49,740679791,740678114,104,15002,17523,14911,18239,932,3,1,True
2026-05-01T13:48:44.638,T1,1,11659,3.039,-59.3,-75.8,-16.5,141.77,403980657,403979361,120,16065,17012,13564,17434,914,3,1,True
2026-05-01T13:48:44.729,T1,1,11660,3.865,-59.7,-76.1,-16.3,154.69,438599466,438597817,104,14882,16088,17039,18153,946,3,1,True
2026-05-01T13:48:45.089,T1,1,11663,4.01,-59.6,-76.3,-16.7,133.39,760283134,760281423,124,17357,16540,16729,20676,1006,3,1,True
2026-05-01T13:48:45.148,T1,1,11664,3.269,-59.7,-75.8,-16.1,169.74,490370003,490368609,104,16190,17653,14068,17890,939,3,1,True
2026-05-01T13:48:45.238,T1,1,11665,3.809,-60.0,-76.4,-16.4,136.47,423899351,423897726,116,16144,15830,17512,19435,987,3,1,True
2026-05-01T13:48:45.959,T1,1,11671,3.94,-59.2,-78.6,-19.4,134.79,764346588,764344907,124,16446,16714,9752,18743,943,3,1,True
2026-05-01T13:48:46.528,T1,1,11676,3.898,-57.2,-75.1,-17.9,207.77,757711753,757710091,88,16499,18284,16439,22982,976,3,1,True
2026-05-01T13:48:46.618,T1,1,11677,3.067,-59.0,-78.3,-19.3,138.22,413909910,413908601,120,17054,16586,9367,18905,942,3,1,True
2026-05-01T13:48:46.738,T1,1,11678,3.175,-59.2,-77.2,-17.9,150.11,480001504,480000149,120,18431,18013,13358,22210,1028,3,1,True
2026-05-01T13:48:47.068,T1,1,11681,3.189,-59.2,-75.8,-16.6,175.9,498860253,498858892,104,16610,18294,16537,21279,1005,3,1,True
2026-05-01T13:48:47.158,T1,1,11682,3.232,-59.4,-76.4,-17.0,145.33,468546863,468545484,108,16991,15696,16066,19518,970,3,1,True
2026-05-01T13:48:47.248,T1,1,11683,3.1,-59.2,-78.2,-19.0,178.9,415577669,415576347,96,15800,17174,10941,18834,947,3,1,True
2026-05-01T13:48:47.578,T1,1,11686,3.696,-96.2,-76.3,19.9,169.32,464751811,464750234,104,17141,17609,17096,466,1028,1,1,False
2026-05-01T13:48:47.698,T1,1,11687,3.748,-59.7,-78.9,-19.1,146.44,719772271,719770673,100,17363,14644,10118,17686,933,3,1,True
2026-05-01T13:48:47.788,T1,1,11688,3.987,-60.0,-75.9,-15.9,179.4,438302264,438300564,96,16209,17222,13323,16859,920,3,1,True
2026-05-01T13:48:47.908,T1,1,11689,3.096,-59.1,-75.6,-16.4,186.22,399554108,399552787,92,16614,17132,13090,17578,912,3,1,True
2026-05-01T13:48:48.358,T1,1,11693,2.838,-60.0,-78.2,-18.2,118.45,390120872,390119662,132,17673,15636,11862,18756,969,3,1,True
2026-05-01T13:48:48.448,T1,1,11694,3.086,-59.4,-75.6,-16.1,132.67,415262093,415260776,136,16940,18043,17340,21241,1012,3,1,True
2026-05-01T13:48:48.570,T1,1,11695,3.297,-59.7,-76.2,-16.5,138.82,485410911,485409504,120,13951,16659,15514,17048,914,3,1,True
2026-05-01T13:48:48.690,T1,1,11696,3.846,-57.3,-74.8,-17.5,140.38,726098888,726097247,120,16157,16845,14930,19652,904,3,1,True
2026-05-01T13:48:48.748,T1,1,11697,3.762,-60.0,-76.9,-16.9,159.44,436430213,436428609,112,15974,17857,13471,18492,963,3,1,True
2026-05-01T13:48:48.868,T1,1,11698,3.152,-57.0,-77.2,-20.3,171.7,427082359,427081015,96,16926,16483,11252,21162,928,3,1,True
2026-05-01T13:48:48.988,T1,1,11699,3.082,-59.2,-75.6,-16.4,163.4,395323486,395322171,108,16722,17647,16818,20763,992,3,1,True
2026-05-01T13:48:49.080,T1,1,11700,4.554,-59.3,-77.7,-18.4,179.86,743822336,743820394,96,15109,17267,11785,18038,930,3,1,True
2026-05-01T13:48:49.200,T1,1,11701,4.55,-58.7,-77.7,-19.0,146.2,614399893,614397952,116,17405,16959,9758,19371,943,3,1,True
2026-05-01T13:48:49.258,T1,1,11702,3.152,-59.3,-75.8,-16.5,137.99,403447599,403446255,132,17428,18215,15354,20814,997,3,1,True
2026-05-01T13:48:49.498,T1,1,11704,3.035,-58.2,-76.2,-18.0,207.84,397654035,397652741,80,16746,16627,12564,18911,914,3,1,True
2026-05-01T13:48:49.587,T1,1,11705,4.414,-59.0,-75.3,-16.3,184.37,744490910,744489028,100,17045,18437,16585,21348,999,3,1,True
2026-05-01T13:48:49.797,T1,1,11707,3.63,-59.5,-76.4,-16.9,142.53,404030844,404029295,120,13925,17104,15180,17519,923,3,1,True
2026-05-01T13:48:50.279,T1,1,11711,3.785,-73.1,-87.7,-14.6,146.85,393870208,393868594,20,2418,2937,2718,456,238,3,1,True
2026-05-01T13:48:50.368,T1,1,11712,3.279,-59.7,-76.3,-16.6,169.13,495236629,495235230,100,12812,16913,16296,17131,918,3,1,True
2026-05-01T13:48:50.608,T1,1,11714,4.188,-59.7,-76.3,-16.6,144.48,536663688,536661902,124,17107,17915,13319,18978,967,3,1,True
2026-05-01T13:48:50.700,T1,1,11715,4.198,-57.9,-77.6,-19.7,186.04,742350934,742349144,80,17253,14883,11896,19682,923,3,1,True
2026-05-01T13:48:50.820,T1,1,11716,3.147,-59.4,-76.2,-16.8,165.95,399986434,399985091,100,15734,16595,13037,16878,902,3,1,True
2026-05-01T13:48:50.908,T1,1,11717,3.128,-59.6,-77.2,-17.6,145.67,419013813,419012478,120,17443,17480,11244,18966,962,3,1,True
2026-05-01T13:48:50.998,T1,1,11718,3.457,-59.3,-76.0,-16.7,138.34,486427236,486425762,116,15678,16047,17124,19325,961,3,1,True
2026-05-01T13:48:51.151,T1,1,11719,3.063,-59.1,-77.5,-18.4,144.66,397895299,397893993,124,16701,17938,11756,20115,973,3,1,True
2026-05-01T13:48:51.209,T1,1,11720,3.916,-56.9,-77.8,-21.0,200.57,611446222,611444552,84,17941,16848,9658,22704,958,3,1,True
2026-05-01T13:48:51.329,T1,1,11721,2.894,-59.1,-76.3,-17.2,147.28,419756583,419755348,124,18229,18263,14673,22077,1021,3,1,True
2026-05-01T13:48:51.538,T1,1,11723,3.232,-59.5,-76.0,-16.5,138.78,459069404,459068025,120,13738,16654,15661,17001,908,3,1,True
2026-05-01T13:48:51.749,T1,1,11725,3.11,-59.4,-75.8,-16.4,168.37,390516485,390515158,104,17014,17510,14471,19113,960,3,1,True
2026-05-01T13:48:51.988,T1,1,11727,3.766,-76.0,-88.6,-12.7,149.44,387961029,387959422,16,2357,2391,2092,317,219,3,1,True
2026-05-01T13:48:52.799,T1,1,11734,3.096,-59.8,-79.9,-20.1,121.93,442207241,442205921,120,17418,14632,7907,17710,937,3,1,True
2026-05-01T13:48:53.248,T1,1,11738,4.451,-59.3,-77.5,-18.2,160.31,713631919,713630021,108,17647,17313,9872,19064,954,3,1,True
2026-05-01T13:48:53.369,T1,1,11739,3.227,-59.1,-76.7,-17.5,153.29,484412916,484411539,108,15272,16555,12862,17235,903,3,1,True
2026-05-01T13:48:53.458,T1,1,11740,3.33,-60.0,-77.0,-17.0,128.95,484015686,484014265,128,16527,16506,14109,18335,960,3,1,True
2026-05-01T13:48:53.547,T1,1,11741,4.203,-59.0,-77.7,-18.7,131.56,745098738,745096945,140,18708,18418,12324,23378,1047,3,1,True
2026-05-01T13:48:53.668,T1,1,11742,3.208,-59.3,-76.0,-16.7,132.47,460876955,460875587,128,16984,16956,17323,21208,1008,3,1,True
2026-05-01T13:48:53.879,T1,1,11744,4.371,-59.4,-79.0,-19.7,124.84,707973057,707971192,128,18132,15980,9579,20052,982,3,1,True
2026-05-01T13:48:53.998,T1,1,11745,3.091,-85.3,-76.4,9.0,158.36,414457402,414456083,104,17053,16469,17119,3514,1007,1,1,False
2026-05-01T13:48:54.419,T1,1,11749,4.156,-72.7,-87.5,-14.8,149.3,459670342,459668569,20,2583,2986,2554,468,238,3,1,True
2026-05-01T13:48:54.537,T1,1,11750,3.119,-59.4,-76.5,-17.1,138.76,424268533,424267202,124,14517,17206,13987,17483,916,3,1,True
2026-05-01T13:48:54.628,T1,1,11751,4.339,-59.4,-76.3,-16.9,122.26,743162976,743161125,132,16799,16138,17626,20953,1004,3,1,True
2026-05-01T13:48:54.748,T1,1,11752,3.1,-57.2,-75.7,-18.5,115.18,421169044,421167721,136,17579,15664,16047,22245,958,3,1,True
2026-05-01T13:48:54.837,T1,1,11753,3.082,-59.7,-77.2,-17.5,187.79,408679991,408678676,92,14609,17277,13810,17913,939,3,1,True
2026-05-01T13:48:55.078,T1,1,11755,4.7,-59.7,-76.1,-16.3,149.59,755867148,755865143,120,16350,17951,14780,19066,969,3,1,True
2026-05-01T13:48:55.168,T1,1,11756,3.86,-60.0,-78.2,-18.3,193.68,434889258,434887612,88,15521,17044,11278,17759,943,3,1,True
2026-05-01T13:49:03.658,T1,1,11834,3.738,-63.3,-83.1,-19.9,156.02,408656280,408654686,48,7017,7489,4901,3898,495,3,1,True
2026-05-01T13:49:03.778,T1,1,11835,3.035,-60.2,-76.6,-16.4,133.58,415973557,415972262,132,17022,17633,14956,19558,997,3,1,True
2026-05-01T13:49:03.869,T1,1,11836,3.635,-60.3,-76.5,-16.2,153.21,442042615,442041065,108,13235,16547,15346,15969,906,3,1,True
2026-05-01T13:49:03.958,T1,1,11837,2.983,-59.5,-75.7,-16.2,136.66,417699235,417697962,124,16633,16946,17058,19943,984,3,1,True
2026-05-01T13:49:04.168,T1,1,11839,3.827,-83.1,-90.3,-7.2,131.75,441938150,441936518,12,1316,1581,1367,110,165,3,1,True
2026-05-01T13:49:04.290,T1,1,11840,3.011,-59.3,-78.8,-19.4,133.88,408385286,408384002,124,16654,16601,9478,18780,948,3,1,True
2026-05-01T13:49:04.498,T1,1,11842,3.48,-59.6,-76.7,-17.1,149.25,467799906,467798422,112,15708,16716,13215,17393,922,3,1,True
2026-05-01T13:49:04.707,T1,1,11844,3.035,-59.5,-78.7,-19.2,183.92,444186939,444185644,92,16195,16921,9970,18679,951,3,1,True
2026-05-01T13:49:04.830,T1,1,11845,2.983,-59.2,-76.8,-17.6,165.82,424926770,424925498,100,16098,16582,12072,17446,910,3,1,True
2026-05-01T13:49:04.918,T1,1,11846,3.504,-57.5,-75.3,-17.8,191.27,484035228,484033733,88,15265,16832,14669,19135,898,3,1,True
2026-05-01T13:49:05.007,T1,1,11847,2.96,-59.6,-78.7,-19.1,178.73,397499572,397498309,100,16372,17873,10536,19949,986,3,1,True
2026-05-01T13:49:05.128,T1,1,11848,4.165,-62.7,-80.8,-18.1,128.39,488639695,488637918,112,14535,14380,8029,12894,882,3,1,True
2026-05-01T13:49:05.247,T1,1,11849,3.79,-59.2,-76.3,-17.1,157.31,739497507,739495891,112,17909,17619,14842,21194,1002,3,1,True
2026-05-01T13:49:05.309,T1,1,11850,3.147,-59.4,-76.1,-16.7,146.2,463898333,463896990,116,15314,16959,16559,19227,963,3,1,True
2026-05-01T13:49:05.430,T1,1,11851,3.11,-59.1,-76.6,-17.4,190.63,459471308,459469982,92,17557,17538,11370,18953,947,3,1,True
2026-05-01T13:49:05.518,T1,1,11852,3.199,-59.5,-76.0,-16.5,179.03,434849367,434848003,96,14018,17187,15597,17562,923,3,1,True
2026-05-01T13:49:05.637,T1,1,11853,2.992,-57.9,-76.4,-18.5,143.78,401312870,401311594,116,16743,16679,12648,19654,925,3,1,True
2026-05-01T13:49:05.760,T1,1,11854,3.185,-60.2,-77.0,-16.8,123.66,465898692,465897333,136,16609,16818,14590,18767,977,3,1,True
2026-05-01T13:49:05.819,T1,1,11855,3.021,-59.4,-75.9,-16.5,138.17,397114785,397113497,132,17374,18238,15009,20513,994,3,1,True
2026-05-01T13:49:05.938,T1,1,11856,3.682,-58.6,-78.3,-19.6,170.1,481010642,481009072,108,18415,18371,10917,23543,1037,3,1,True
2026-05-01T13:49:06.028,T1,1,11857,3.091,-58.8,-78.5,-19.7,144.68,417621581,417620262,120,18519,17362,9930,22115,1009,3,1,True
2026-05-01T13:49:06.359,T1,1,11860,2.946,-59.3,-77.0,-17.7,181.8,390533941,390532684,92,15398,16726,12870,17692,921,3,1,True
2026-05-01T13:49:06.658,T1,1,11862,4.081,-68.2,-83.9,-15.7,153.47,455854939,455853199,32,4369,4911,4470,1425,355,3,1,True
2026-05-01T13:49:06.689,T1,1,11863,4.184,-60.0,-77.3,-17.3,145.73,501459947,501458163,120,15019,17487,13457,17901,949,3,1,True
2026-05-01T13:49:06.778,T1,1,11864,3.11,-59.3,-75.7,-16.5,134.89,456561564,456560238,128,15421,17266,16533,19236,958,3,1,True
2026-05-01T13:49:06.929,T1,1,11865,3.077,-59.2,-78.3,-19.1,170.83,434698123,434696811,108,18183,18450,10829,22537,1034,3,1,True
2026-05-01T13:49:06.988,T1,1,11866,3.813,-60.3,-76.3,-16.0,156.99,419585138,419583511,104,14970,16327,16852,17858,957,3,1,True
2026-05-01T13:49:07.077,T1,1,11867,3.067,-59.6,-76.8,-17.3,161.89,409379304,409377996,108,17986,17484,13986,20742,1005,3,1,True
2026-05-01T13:49:07.198,T1,1,11868,3.035,-59.7,-76.7,-17.0,139.91,395275308,395274013,124,14656,17349,14179,17708,932,3,1,True
2026-05-01T13:49:07.288,T1,1,11869,3.204,-59.7,-77.8,-18.2,162.43,465736569,465735203,104,18098,16893,11414,19868,987,3,1,True
2026-05-01T13:49:07.530,T1,1,11871,4.54,-65.6,-82.4,-16.8,145.78,708783476,708781540,96,13396,13995,8592,10945,899,3,1,True
2026-05-01T13:49:07.618,T1,1,11872,3.893,-59.6,-75.7,-16.1,184.49,484050845,484049184,96,16410,17711,14157,18231,943,3,1,True
2026-05-01T13:49:07.708,T1,1,11873,3.058,-59.7,-76.2,-16.5,181.73,411149354,411148049,96,15053,17446,14465,17688,931,3,1,True
2026-05-01T13:49:08.038,T1,1,11876,3.264,-60.1,-76.6,-16.4,186.35,451234516,451233123,96,17382,17890,12526,18513,968,3,1,True
2026-05-01T13:49:08.518,T1,1,11880,3.87,-59.9,-77.2,-17.3,170.4,762310553,762308902,108,17796,18403,13487,21043,1024,3,1,True
2026-05-01T13:49:08.607,T1,1,11881,3.663,-59.8,-76.5,-16.6,173.3,613007389,613005826,96,14518,16637,14735,16959,917,3,1,True
2026-05-01T13:49:08.728,T1,1,11882,3.119,-59.4,-76.7,-17.3,173.93,400618546,400617215,96,15443,16697,13168,17450,915,3,1,True
2026-05-01T13:49:08.818,T1,1,11883,3.161,-59.7,-75.8,-16.1,167.0,429405988,429404639,100,14820,16700,14761,16583,903,3,1,True
2026-05-01T13:49:08.907,T1,1,11884,3.119,-59.7,-77.2,-17.6,176.98,409069221,409067891,100,17568,17698,11311,19241,972,3,1,True
2026-05-01T13:49:08.999,T1,1,11885,4.47,-59.8,-76.7,-16.9,153.33,740682859,740680953,112,14210,17173,14381,17256,923,3,1,True
2026-05-01T13:49:09.118,T1,1,11886,3.199,-58.2,-77.8,-19.5,144.59,458817329,458815965,120,15996,17351,11662,20386,952,3,1,True
2026-05-01T13:49:09.208,T1,1,11887,3.072,-59.6,-79.2,-19.6,124.48,400856058,400854747,128,18153,15934,9571,20002,988,3,1,True
2026-05-01T13:49:09.328,T1,1,11888,3.147,-59.9,-76.3,-16.4,136.39,429483486,429482143,124,16662,16912,15736,19196,978,3,1,True
2026-05-01T13:49:09.418,T1,1,11889,3.185,-60.1,-76.8,-16.7,190.12,400959647,400958288,92,17252,17491,11926,18010,953,3,1,True
2026-05-01T13:49:09.629,T1,1,11891,3.063,-59.9,-76.8,-17.0,148.99,389551342,389550035,112,15038,16687,13622,16982,919,3,1,True
2026-05-01T13:49:09.748,T1,1,11892,3.968,-59.4,-77.9,-18.4,162.36,723412414,723410721,104,15795,16885,10682,17678,924,3,1,True
2026-05-01T13:49:09.838,T1,1,11893,3.021,-57.6,-76.6,-19.0,170.64,400596760,400595471,88,17500,15016,13066,19879,920,3,1,True
2026-05-01T13:49:10.048,T1,1,11895,3.987,-59.4,-78.0,-18.6,176.55,759820937,759819237,96,15513,16949,11340,18146,934,3,1,True
2026-05-01T13:49:10.166,T1,1,11896,3.293,-59.4,-75.8,-16.4,136.12,432217451,432216046,124,16707,16879,17183,20327,989,3,1,True
2026-05-01T13:49:10.500,T1,1,11899,3.1,-59.4,-78.0,-18.6,168.66,397649732,397648409,100,15622,16866,10898,17858,927,3,1,True
2026-05-01T13:49:10.829,T1,1,11902,3.799,-78.7,-89.4,-10.7,169.33,388743424,388741803,12,1854,2032,1476,194,188,3,1,True
2026-05-01T13:49:10.948,T1,1,11903,3.34,-59.5,-75.9,-16.4,144.99,464008274,464006849,120,16966,17399,17182,20946,1009,3,1,True
2026-05-01T13:49:11.159,T1,1,11905,3.236,-59.5,-75.6,-16.0,159.71,437403829,437402449,112,15272,17887,16376,18950,960,3,1,True
2026-05-01T13:49:11.368,T1,1,11907,3.171,-59.5,-77.7,-18.2,173.37,435001242,434999889,108,18686,18724,12429,22933,1055,3,1,True
2026-05-01T13:49:11.488,T1,1,11908,4.174,-60.2,-76.3,-16.0,160.85,482831411,482829630,104,13703,16728,14868,15915,901,3,1,True
2026-05-01T13:49:11.578,T1,1,11909,3.208,-60.4,-77.3,-16.9,157.71,408591528,408590159,108,16919,17033,10814,16998,935,3,1,True
2026-05-01T13:49:11.667,T1,1,11910,3.119,-60.0,-77.2,-17.2,130.73,392614519,392613189,120,17340,15687,14405,18822,973,3,1,True
2026-05-01T13:49:11.788,T1,1,11911,3.208,-59.6,-77.1,-17.6,179.1,415655946,415654578,92,15844,16477,11932,17091,912,3,1,True
2026-05-01T13:49:11.878,T1,1,11912,3.907,-59.6,-77.1,-17.5,128.54,719282167,719280500,128,17774,16453,13466,19610,978,3,1,True
2026-05-01T13:49:12.208,T1,1,11915,3.316,-59.8,-76.0,-16.2,155.68,494643451,494642037,104,17181,16191,16858,19650,986,3,1,True
2026-05-01T13:49:12.358,T1,1,11916,4.446,-57.6,-79.0,-21.4,123.32,738374027,738372130,120,17458,14798,8783,20132,924,3,1,True
2026-05-01T13:49:12.658,T1,1,11919,4.146,-81.6,-89.6,-8.0,140.67,456226529,456224761,12,1502,1688,1608,131,171,3,1,True
2026-05-01T13:49:13.138,T1,1,11923,2.908,-58.1,-76.7,-18.6,141.57,391561104,391559864,128,16586,18121,13916,21964,984,3,1,True
2026-05-01T13:49:13.228,T1,1,11924,4.934,-59.4,-76.8,-17.4,148.31,739712531,739710426,112,16163,16611,11937,17261,912,3,1,True
2026-05-01T13:49:13.470,T1,1,11926,4.137,-60.0,-76.3,-16.3,135.8,764461380,764459615,132,17156,17925,13158,18580,966,3,1,True
2026-05-01T13:49:13.680,T1,1,11928,4.615,-59.5,-76.3,-16.9,184.11,719420085,719418116,100,18228,18411,14962,21909,1029,3,1,True
2026-05-01T13:49:13.769,T1,1,11929,3.921,-60.1,-76.0,-15.9,169.56,481452128,481450455,100,14728,16956,14809,16555,914,3,1,True
2026-05-01T13:49:14.007,T1,1,11931,4.029,-59.3,-75.2,-15.9,182.16,758827227,758825509,100,17359,18216,15528,19940,978,3,1,True
2026-05-01T13:49:14.220,T1,1,11933,4.02,-60.0,-76.1,-16.0,133.37,764651632,764649917,132,17016,17605,15427,19354,987,3,1,True
2026-05-01T13:49:14.310,T1,1,11934,3.082,-59.4,-75.5,-16.1,200.32,394292012,394290698,88,15086,17628,16968,19118,959,3,1,True
2026-05-01T13:49:14.398,T1,1,11935,3.058,-59.7,-75.7,-16.0,139.17,399249762,399248457,124,15915,17257,14436,17485,928,3,1,True
2026-05-01T13:49:14.637,T1,1,11937,3.325,-59.9,-76.2,-16.3,179.55,459681083,459679665,100,17056,17955,13640,18784,969,3,1,True
2026-05-01T13:49:14.729,T1,1,11938,3.185,-59.6,-76.2,-16.5,129.74,428217358,428216000,128,16625,16607,17509,20542,1003,3,1,True
2026-05-01T13:49:15.237,T1,1,11942,3.293,-59.6,-75.7,-16.1,176.92,449606433,449605028,96,15391,16984,14465,16998,911,3,1,True
2026-05-01T13:49:23.457,T1,1,12018,3.916,-69.5,-85.5,-16.0,145.71,451974435,451972764,28,3856,4080,3073,942,302,3,1,True
2026-05-01T13:49:24.058,T1,1,12023,2.894,-60.3,-77.6,-17.3,167.29,386021470,386020236,100,14904,16729,12521,16564,921,3,1,True
2026-05-01T13:49:24.178,T1,1,12024,2.931,-59.2,-76.0,-16.8,199.33,411042733,411041482,88,16855,17541,13175,18611,940,3,1,True
2026-05-01T13:49:24.480,T1,1,12027,2.931,-60.3,-76.3,-16.0,135.47,387364195,387362944,128,16815,17340,15248,18847,981,3,1,True
2026-05-01T13:49:24.598,T1,1,12028,3.035,-60.0,-76.2,-16.3,146.63,459421894,459420599,124,16956,18182,14973,19796,995,3,1,True
2026-05-01T13:49:24.688,T1,1,12029,3.902,-70.8,-86.6,-15.8,152.46,435131498,435129833,28,4581,4269,3092,1108,342,3,1,True
2026-05-01T13:49:25.168,T1,1,12033,2.946,-59.9,-77.5,-17.6,186.78,390191351,390190094,96,16512,17931,12273,19182,978,3,1,True
2026-05-01T13:49:25.617,T1,1,12037,3.658,-59.7,-76.1,-16.4,172.6,751594239,751592679,100,16574,17260,17306,20714,1008,3,1,True
2026-05-01T13:49:25.707,T1,1,12038,2.964,-60.3,-77.7,-17.4,147.28,413506980,413505716,120,15587,17674,12572,18133,964,3,1,True
2026-05-01T13:49:25.800,T1,1,12039,2.983,-59.6,-76.6,-17.0,145.16,421974684,421973411,116,17674,16839,14165,19715,980,3,1,True
2026-05-01T13:49:26.037,T1,1,12041,2.96,-59.7,-78.8,-19.2,119.16,392810997,392809735,132,17957,15729,10014,19225,971,3,1,True
2026-05-01T13:49:26.247,T1,1,12043,4.479,-59.7,-76.1,-16.4,120.87,749650697,749648787,136,16548,16438,17226,19861,989,3,1,True
2026-05-01T13:49:26.369,T1,1,12044,2.913,-86.2,-92.6,-6.4,180.6,408995594,408994352,88,16530,15893,10397,15866,2204,3,1,True
2026-05-01T13:49:26.577,T1,1,12046,4.09,-62.6,-79.4,-16.8,156.55,495130085,495128341,84,12632,13150,10064,10535,796,3,1,True
2026-05-01T13:49:26.697,T1,1,12047,3.41,-65.8,-75.8,-10.0,134.17,496948976,496947522,132,17143,17710,14880,12599,973,3,1,True
2026-05-01T13:49:26.787,T1,1,12048,2.96,-57.6,-74.6,-17.1,233.12,393376769,393375506,72,15928,16785,14824,18717,891,3,1,True
2026-05-01T13:49:26.879,T1,1,12049,3.096,-59.6,-74.8,-15.2,208.9,459868233,459866912,80,15248,16712,15138,16164,889,3,1,True
2026-05-01T13:49:26.997,T1,1,12050,3.508,-59.3,-76.0,-16.7,173.28,493919477,493917981,96,16332,16635,12622,17021,901,3,1,True
2026-05-01T13:49:27.087,T1,1,12051,3.011,-57.2,-78.7,-21.5,146.62,397356283,397354998,116,17592,17008,10236,23630,989,3,1,True
2026-05-01T13:49:27.177,T1,1,12052,3.363,-59.3,-76.5,-17.2,163.03,431288152,431286717,112,16670,18259,17310,22772,1043,3,1,True
2026-05-01T13:49:27.298,T1,1,12053,3.175,-59.0,-76.3,-17.3,194.75,457491403,457490048,88,17238,17138,11315,18131,920,3,1,True
2026-05-01T13:49:27.509,T1,1,12055,3.644,-59.7,-76.2,-16.4,154.37,642080361,642078807,116,17257,17907,13312,18906,965,3,1,True
2026-05-01T13:49:27.627,T1,1,12056,3.067,-59.2,-75.7,-16.5,157.7,394088201,394086893,108,16850,17032,12411,17306,907,3,1,True
2026-05-01T13:49:27.837,T1,1,12058,4.198,-61.9,-79.8,-17.8,178.02,488306412,488304622,84,13743,14954,10608,13740,887,3,1,True
2026-05-01T13:49:27.959,T1,1,12059,3.551,-56.9,-74.8,-17.9,152.15,479606612,479605097,112,15666,17041,14556,19643,892,3,1,True
2026-05-01T13:49:28.258,T1,1,12062,3.79,-61.8,-81.4,-19.6,126.62,434391344,434389728,112,15973,14182,8684,15684,945,3,1,True
2026-05-01T13:49:28.529,T1,1,12064,4.165,-64.4,-82.1,-17.8,130.69,487379330,487377553,72,10681,9410,7068,6577,668,3,1,True
2026-05-01T13:49:28.827,T1,1,12067,3.311,-59.6,-75.9,-16.3,187.44,515289512,515288099,88,15278,16495,14044,16526,897,3,1,True
2026-05-01T13:49:28.947,T1,1,12068,3.067,-59.5,-76.3,-16.7,125.87,426170079,426168771,132,16906,16615,17848,21317,1018,3,1,True
2026-05-01T13:49:29.037,T1,1,12069,3.279,-59.3,-76.0,-16.7,172.25,462370587,462369189,96,16618,16536,17899,21056,1004,3,1,True
2026-05-01T13:49:29.127,T1,1,12070,3.269,-59.7,-76.4,-16.7,143.96,431993053,431991659,108,16878,15548,15763,18728,961,3,1,True
2026-05-01T13:49:29.248,T1,1,12071,4.132,-61.6,-79.3,-17.6,175.83,481895348,481893585,100,17263,17583,12372,19587,1049,3,1,True
2026-05-01T13:49:29.817,T1,1,12076,3.837,-57.3,-76.2,-18.9,149.29,704620397,704618761,112,16195,16721,12595,19669,906,3,1,True
2026-05-01T13:49:29.939,T1,1,12077,3.851,-59.5,-75.7,-16.2,140.36,719757676,719756033,124,15582,17405,16510,19056,962,3,1,True
2026-05-01T13:49:30.029,T1,1,12078,4.113,-63.3,-78.9,-15.6,177.9,479126802,479125048,92,14569,16367,13339,14724,963,3,1,True
2026-05-01T13:49:30.119,T1,1,12079,3.884,-60.4,-77.0,-16.6,135.6,737265016,737263359,124,16730,16814,15848,19488,1004,3,1,True
2026-05-01T13:49:30.208,T1,1,12080,3.18,-60.4,-78.6,-18.2,132.12,472536323,472534966,120,16574,15854,9435,16544,924,3,1,True
2026-05-01T13:49:30.327,T1,1,12081,3.18,-59.4,-75.4,-16.0,189.24,435816689,435815333,92,16453,17410,13822,17655,921,3,1,True
2026-05-01T13:49:30.418,T1,1,12082,4.217,-63.7,-79.6,-15.9,124.05,480332474,480330675,92,11260,11413,12027,9187,772,3,1,True
2026-05-01T13:49:30.509,T1,1,12083,3.077,-59.4,-78.5,-19.2,138.32,408053717,408052404,120,16905,16599,9555,18713,948,3,1,True
2026-05-01T13:49:30.659,T1,1,12084,3.935,-67.2,-83.9,-16.8,136.06,416610241,416608563,52,6145,7075,4706,2669,469,3,1,True
2026-05-01T13:49:30.718,T1,1,12085,3.044,-59.4,-77.5,-18.1,173.58,406555762,406554463,96,15726,16664,12154,17883,928,3,1,True
2026-05-01T13:49:30.928,T1,1,12087,3.096,-59.0,-78.7,-19.7,137.4,435075796,435074476,136,18977,18686,10701,24487,1070,3,1,True
2026-05-01T13:49:31.048,T1,1,12088,3.884,-60.5,-76.4,-15.9,139.1,416360510,416358853,124,16927,17248,15279,18719,985,3,1,True
2026-05-01T13:49:31.406,T1,1,12091,3.935,-63.4,-79.8,-16.4,145.08,429071554,429069876,88,10516,12767,11051,9360,771,3,1,True
2026-05-01T13:49:31.737,T1,1,12094,4.095,-71.0,-86.3,-15.3,141.83,450764758,450763011,24,3455,3404,3096,728,279,3,1,True
2026-05-01T13:49:31.827,T1,1,12095,3.794,-60.1,-76.4,-16.3,140.78,498578232,498576614,124,16986,17457,15466,19645,995,3,1,True
2026-05-01T13:49:32.038,T1,1,12097,3.94,-58.6,-76.4,-17.8,204.81,762140189,762138509,80,16493,16385,12438,18161,910,3,1,True
2026-05-01T13:49:32.158,T1,1,12098,3.053,-59.4,-75.9,-16.5,209.65,393489442,393488139,80,15046,16772,15088,17538,918,3,1,True
2026-05-01T13:49:32.638,T1,1,12102,3.959,-59.6,-77.2,-17.6,136.0,766442789,766441101,128,18143,17408,13444,20968,1011,3,1,True
2026-05-01T13:49:33.657,T1,1,12111,3.063,-58.4,-79.0,-20.5,123.94,434694745,434693439,124,18052,15368,10317,21070,974,3,1,True
2026-05-01T13:49:33.778,T1,1,12112,4.184,-64.3,-81.5,-17.2,212.18,479996259,479994475,56,12203,11882,6772,8398,754,3,1,True
2026-05-01T13:49:33.987,T1,1,12114,4.203,-64.5,-81.5,-17.0,207.77,483978585,483976793,48,10132,9973,5820,5838,632,3,1,True
2026-05-01T13:49:34.077,T1,1,12115,3.302,-59.4,-76.6,-17.2,190.33,490924773,490923364,96,17170,18272,13832,20523,995,3,1,True
2026-05-01T13:49:34.198,T1,1,12116,3.039,-58.0,-76.0,-17.9,127.1,421342664,421341368,124,17104,15760,14371,19690,929,3,1,True
2026-05-01T13:49:34.287,T1,1,12117,4.146,-63.8,-79.6,-15.7,164.28,479380493,479378724,68,11417,11171,10389,8221,733,3,1,True
2026-05-01T13:49:34.407,T1,1,12118,3.884,-59.3,-77.1,-17.8,169.46,713329780,713328123,100,17932,16946,13092,20328,986,3,1,True
2026-05-01T13:49:34.618,T1,1,12120,3.03,-59.8,-76.7,-16.9,143.31,392953567,392952275,116,14702,16624,14433,17167,921,3,1,True
2026-05-01T13:49:34.709,T1,1,12121,4.259,-66.5,-83.7,-17.2,171.75,478946263,478944447,44,8243,7557,4383,3619,533,3,1,True
2026-05-01T13:49:34.827,T1,1,12122,3.86,-59.3,-75.2,-15.9,193.8,714528925,714527279,92,15587,17830,16198,18848,950,3,1,True
2026-05-01T13:49:34.917,T1,1,12123,3.241,-59.0,-77.7,-18.7,150.76,464009692,464008310,112,17396,16885,9906,19076,945,3,1,True
2026-05-01T13:49:35.007,T1,1,12124,4.156,-64.3,-79.7,-15.3,189.11,479686955,479685182,64,10081,12103,11524,8372,753,3,1,True
2026-05-01T13:49:35.096,T1,1,12125,4.245,-63.7,-79.0,-15.3,196.14,479349701,479347890,64,11787,12553,10117,8775,754,3,1,True
2026-05-01T13:49:35.217,T1,1,12126,3.082,-59.6,-75.9,-16.2,148.65,390920950,390919635,116,14521,17243,14837,17065,914,3,1,True
2026-05-01T13:49:35.577,T1,1,12129,4.479,-57.9,-75.9,-18.0,217.98,749628623,749626712,80,14732,17438,15367,19976,932,3,1,True
2026-05-01T13:49:35.667,T1,1,12130,3.851,-63.0,-81.8,-18.8,134.14,428714151,428712508,96,14274,12877,7661,11997,861,3,1,True
2026-05-01T13:49:35.758,T1,1,12131,3.171,-59.5,-77.0,-17.5,148.57,462772845,462771492,124,17517,18423,13871,21439,1019,3,1,True
2026-05-01T13:49:35.847,T1,1,12132,3.255,-59.7,-79.3,-19.7,204.65,415742473,415741085,84,16531,17191,9460,19525,978,3,1,True
2026-05-01T13:49:35.967,T1,1,12133,4.249,-66.0,-83.4,-17.4,139.77,480520600,480518787,60,8740,8386,4795,4306,572,3,1,True
2026-05-01T13:49:36.177,T1,1,12135,3.044,-57.3,-76.3,-19.0,202.07,433760534,433759235,92,18689,18590,14800,25841,1038,3,1,True
2026-05-01T13:49:36.328,T1,1,12136,3.316,-59.3,-75.7,-16.4,147.1,475071419,475070005,124,16900,18240,15752,20517,990,3,1,True
2026-05-01T13:49:36.627,T1,1,12139,4.442,-59.8,-78.7,-18.8,198.93,564301670,564299776,88,15041,17506,11143,18366,955,3,1,True
2026-05-01T13:49:37.196,T1,1,12144,3.189,-59.6,-76.0,-16.4,166.18,443022122,443020762,100,15343,16618,13934,16678,903,3,1,True
2026-05-01T13:49:37.557,T1,1,12147,3.813,-70.9,-85.7,-14.8,159.17,393578126,393576500,24,3346,3820,3575,816,295,3,1,True
2026-05-01T13:49:37.769,T1,1,12149,3.082,-59.6,-75.8,-16.2,196.67,387840159,387838845,88,15722,17307,14317,17585,926,3,1,True
2026-05-01T13:49:37.888,T1,1,12150,4.864,-59.2,-78.0,-18.8,143.88,736914097,736912022,116,16873,16690,10177,18699,942,3,1,True
2026-05-01T13:49:38.096,T1,1,12152,4.113,-59.6,-75.8,-16.2,163.32,766627068,766625314,108,15290,17639,15261,18178,942,3,1,True
2026-05-01T13:49:38.337,T1,1,12154,4.024,-59.7,-77.9,-18.2,179.44,762194167,762192450,96,14792,17226,11819,17614,929,3,1,True
2026-05-01T13:49:38.429,T1,1,12155,3.189,-59.6,-77.3,-17.7,135.44,473715498,473714137,124,17937,16794,13300,20204,992,3,1,True
2026-05-01T13:49:39.147,T1,1,12161,3.11,-60.1,-76.1,-16.0,139.05,428026591,428025264,128,17040,17798,15245,19342,990,3,1,True
2026-05-01T13:49:39.207,T1,1,12162,3.846,-64.8,-83.9,-19.1,129.51,415389349,415387708,72,10038,9325,5038,6090,653,3,1,True
2026-05-01T13:49:39.568,T1,1,12165,3.321,-60.4,-78.9,-18.5,141.75,496823639,496822223,112,16538,15876,8984,16565,924,3,1,True
2026-05-01T13:49:39.777,T1,1,12167,4.507,-59.5,-78.8,-19.3,193.78,711292981,711291059,92,17696,17828,10317,21396,1018,3,1,True
2026-05-01T13:49:39.899,T1,1,12168,3.926,-59.7,-77.7,-18.0,205.29,719648857,719647182,80,16810,16423,9191,16884,910,3,1,True
2026-05-01T13:49:40.018,T1,1,12169,4.001,-80.1,-90.2,-10.1,86.55,429066054,429064348,20,2035,1731,1068,180,190,3,1,True
2026-05-01T13:49:40.077,T1,1,12170,4.184,-65.9,-83.8,-17.9,183.77,478916247,478914463,44,8068,8086,4662,4009,549,3,1,True
2026-05-01T13:49:40.287,T1,1,12172,3.133,-57.3,-76.2,-18.9,134.97,434532273,434530937,124,16968,16736,12251,20200,918,3,1,True
2026-05-01T13:49:40.438,T1,1,12173,2.992,-58.2,-77.6,-19.4,126.07,406263188,406261911,120,17473,15129,12460,20104,944,3,1,True
2026-05-01T13:49:40.558,T1,1,12174,3.307,-57.9,-75.9,-18.0,214.39,463245225,463243815,76,16645,16294,13828,19377,917,3,1,True
2026-05-01T13:49:40.618,T1,1,12175,3.11,-60.0,-77.0,-16.9,128.46,408802491,408801164,124,16785,15929,14735,18506,964,3,1,True
2026-05-01T13:49:40.948,T1,1,12178,4.897,-59.8,-78.9,-19.1,151.24,770849985,770847896,108,18100,16334,9922,19810,989,3,1,True
2026-05-01T13:49:41.038,T1,1,12179,4.09,-60.3,-76.6,-16.4,178.36,736717959,736716214,92,16370,16409,15225,18154,963,3,1,True
2026-05-01T13:49:41.128,T1,1,12180,3.049,-60.2,-76.5,-16.3,131.85,390996035,390994735,128,16553,16877,16157,19272,990,3,1,True
2026-05-01T13:49:41.247,T1,1,12181,4.672,-59.6,-78.6,-19.0,125.55,736439614,736437622,132,18198,16573,10505,20346,997,3,1,True
2026-05-01T13:49:41.457,T1,1,12183,3.208,-59.4,-75.4,-16.0,139.83,450619092,450617724,132,17372,18457,16508,21084,1009,3,1,True
2026-05-01T13:49:42.178,T1,1,12189,4.709,-58.0,-79.8,-21.9,185.88,750440697,750438688,80,17230,14870,8248,20237,940,3,1,True
2026-05-01T13:49:42.628,T1,1,12193,4.287,-62.6,-80.8,-18.1,137.7,497630885,497629056,92,13585,12668,9007,11390,828,3,1,True
2026-05-01T13:49:42.837,T1,1,12195,3.082,-59.7,-76.1,-16.3,172.05,389626153,389624838,96,15355,16517,13990,16581,904,3,1,True
2026-05-01T13:49:43.168,T1,1,12198,3.119,-59.9,-75.8,-15.9,154.29,387485910,387484580,112,16163,17281,16671,19205,978,3,1,True
2026-05-01T13:49:43.287,T1,1,12199,3.391,-59.6,-75.9,-16.3,196.29,477771302,477769855,84,15263,16488,14257,16658,902,3,1,True
2026-05-01T13:49:43.619,T1,1,12202,3.26,-59.8,-79.3,-19.5,126.23,503953913,503952522,128,18211,16157,9851,20257,1000,3,1,True
2026-05-01T13:49:43.709,T1,1,12203,3.143,-59.6,-75.7,-16.1,154.04,407550606,407549266,112,13891,17253,16412,17612,927,3,1,True
2026-05-01T13:49:43.827,T1,1,12204,3.091,-59.2,-76.8,-17.6,190.01,424049343,424048025,88,16208,16721,12397,17893,921,3,1,True
2026-05-01T13:49:43.917,T1,1,12205,3.044,-59.5,-76.5,-17.0,138.07,404607401,404606103,132,17073,18225,14120,20352,992,3,1,True
2026-05-01T13:49:44.007,T1,1,12206,3.133,-59.4,-76.9,-17.5,150.87,408458648,408457312,116,17612,17501,10791,18717,948,3,1,True
2026-05-01T13:49:44.127,T1,1,12207,4.414,-60.1,-78.1,-18.0,123.68,736363066,736361183,124,17086,15336,11143,17177,933,3,1,True
2026-05-01T13:49:44.726,T1,1,12212,3.204,-57.7,-77.4,-19.8,142.19,439542522,439541156,116,16750,16494,10892,20054,925,3,1,True
2026-05-01T13:49:44.906,T1,1,12214,3.644,-59.9,-76.0,-16.1,135.3,400070958,400069404,132,16912,17859,16934,20753,1017,3,1,True
2026-05-01T13:49:44.996,T1,1,12215,3.002,-59.7,-76.8,-17.1,184.85,404241721,404240441,92,14549,17006,13311,16904,911,3,1,True
2026-05-01T13:49:45.597,T1,1,12220,3.044,-58.3,-75.9,-17.7,163.97,389129146,389127848,100,16560,16397,13497,18742,913,3,1,True
2026-05-01T13:49:45.688,T1,1,12221,3.649,-59.7,-76.0,-16.3,160.21,476031968,476030412,100,16765,16021,17154,19565,980,3,1,True
2026-05-01T13:49:45.808,T1,1,12222,3.316,-59.6,-75.7,-16.1,204.52,477179949,477178535,88,17291,17998,14919,19601,977,3,1,True
2026-05-01T13:49:45.928,T1,1,12223,3.157,-59.6,-76.1,-16.5,142.39,395676599,395675253,120,13781,17087,15729,17405,922,3,1,True
2026-05-01T13:49:46.107,T1,1,12225,3.982,-59.6,-78.8,-19.2,203.27,454978676,454976977,84,16291,17075,9947,18806,959,3,1,True
2026-05-01T13:49:46.497,T1,1,12228,3.283,-58.0,-78.7,-20.8,127.74,496384381,496382980,132,16600,16862,9799,21027,957,3,1,True
2026-05-01T13:49:46.557,T1,1,12229,3.218,-60.0,-76.2,-16.2,173.28,419334335,419332962,96,16412,16635,15206,18162,954,3,1,True
2026-05-01T13:49:46.647,T1,1,12230,4.334,-59.6,-75.7,-16.1,175.72,736730526,736728678,96,13885,16869,15508,16636,901,3,1,True
2026-05-01T13:49:46.889,T1,1,12232,3.218,-59.8,-75.9,-16.1,201.99,448673882,448672510,84,13324,16967,15875,16619,907,3,1,True
2026-05-01T13:49:46.977,T1,1,12233,3.119,-59.8,-76.9,-17.2,144.43,397138542,397137211,120,14644,17332,13924,17688,935,3,1,True
2026-05-01T13:49:47.217,T1,1,12235,4.043,-59.4,-75.7,-16.3,186.71,747513010,747511285,92,16420,17177,13256,17410,917,3,1,True
2026-05-01T13:49:47.307,T1,1,12236,3.157,-59.5,-75.5,-16.0,173.37,455120468,455119121,104,16836,18030,15223,19294,968,3,1,True
2026-05-01T13:49:47.398,T1,1,12237,4.915,-59.3,-78.1,-18.7,199.14,734250788,734248691,84,16183,16728,10893,18385,939,3,1,True
2026-05-01T13:49:47.966,T1,1,12242,3.354,-59.5,-75.6,-16.1,149.88,495041319,495039889,120,15650,17985,16949,19836,980,3,1,True
2026-05-01T13:49:48.086,T1,1,12243,3.114,-58.0,-79.2,-21.2,121.95,397152669,397151341,132,16885,16098,9234,20738,953,3,1,True
2026-05-01T13:49:48.297,T1,1,12245,4.667,-57.8,-76.4,-18.6,164.84,753281871,753279881,96,17725,15825,13977,20891,950,3,1,True
2026-05-01T13:49:48.388,T1,1,12246,3.246,-59.2,-77.7,-18.6,169.39,456472454,456471069,108,18648,18294,11522,22403,1030,3,1,True
2026-05-01T13:49:48.872,T1,1,12250,3.241,-60.0,-78.0,-18.0,126.96,442027634,442026252,120,17174,15235,12028,17734,944,3,1,True
2026-05-01T13:49:49.677,T1,1,12257,3.963,-60.3,-79.6,-19.3,144.03,439880912,439879222,112,16704,16131,9987,18531,973,3,1,True
2026-05-01T13:49:49.797,T1,1,12258,4.01,-57.6,-75.1,-17.5,204.89,738502370,738500660,84,17017,17211,13782,19760,918,3,1,True
2026-05-01T13:49:50.007,T1,1,12260,3.344,-59.8,-76.5,-16.8,158.84,498985001,498983574,104,15194,16519,14173,17113,919,3,1,True
2026-05-01T13:49:50.097,T1,1,12261,3.1,-59.4,-76.0,-16.6,172.05,412217562,412216239,100,16647,17205,12476,17493,919,3,1,True
2026-05-01T13:49:50.217,T1,1,12262,3.175,-59.7,-76.2,-16.5,143.61,422239697,422238342,124,17439,17808,12808,18744,960,3,1,True
2026-05-01T13:49:50.307,T1,1,12263,4.067,-75.3,-88.8,-13.4,155.44,434103565,434101830,16,2714,2487,1697,359,228,3,1,True
2026-05-01T13:49:50.426,T1,1,12264,4.503,-59.3,-76.8,-17.5,168.68,738760025,738758104,100,16450,16868,12300,18040,930,3,1,True
2026-05-01T13:49:50.638,T1,1,12266,4.939,-59.7,-76.0,-16.3,200.39,758597990,758595883,84,13806,16833,15575,16864,909,3,1,True
2026-05-01T13:49:50.729,T1,1,12267,4.038,-88.2,-91.3,-3.1,104.5,426377836,426376114,12,1213,1254,948,62,150,1,1,False
2026-05-01T13:49:51.058,T1,1,12270,3.11,-59.5,-76.4,-16.9,137.62,391992689,391991363,136,18248,18716,14760,22151,1036,3,1,True
2026-05-01T13:49:51.178,T1,1,12271,3.968,-78.5,-89.1,-10.6,144.62,428800209,428798516,16,2279,2314,1501,241,208,3,1,True
2026-05-01T13:49:51.387,T1,1,12273,4.118,-59.9,-75.9,-16.0,131.82,760840048,760838292,132,16903,17400,15401,19042,975,3,1,True
2026-05-01T13:49:51.627,T1,1,12275,4.137,-65.1,-83.2,-18.1,163.27,460632524,460630760,40,6095,6531,4412,2647,434,3,1,True
2026-05-01T13:49:51.717,T1,1,12276,3.133,-59.3,-76.4,-17.0,183.29,408928436,408927099,92,14564,16863,13980,17117,906,3,1,True
2026-05-01T13:49:51.809,T1,1,12277,3.368,-59.6,-76.2,-16.5,180.43,472839776,472838339,92,16487,16600,16877,19893,986,3,1,True
2026-05-01T13:49:51.926,T1,1,12278,4.156,-59.9,-76.4,-16.5,149.91,770663303,770661530,104,17017,15591,15690,18577,962,3,1,True
2026-05-01T13:49:52.046,T1,1,12279,4.878,-59.4,-75.3,-15.9,173.37,736556524,736554444,100,16936,17337,15162,18728,948,3,1,True
2026-05-01T13:49:52.106,T1,1,12280,3.147,-59.3,-75.9,-16.6,188.43,394622810,394621468,92,16972,17336,12502,17863,924,3,1,True
2026-05-01T13:49:52.226,T1,1,12281,3.124,-59.4,-75.9,-16.5,176.55,404632761,404631429,100,17083,17655,13216,18550,944,3,1,True
2026-05-01T13:49:52.346,T1,1,12282,3.213,-59.2,-76.5,-17.3,144.59,394411199,394409829,116,15077,16772,13515,17444,911,3,1,True
2026-05-01T13:49:52.409,T1,1,12283,3.602,-59.0,-75.5,-16.5,187.75,431258403,431256866,88,15791,16522,16882,19222,949,3,1,True
2026-05-01T13:49:52.618,T1,1,12285,4.822,-59.6,-75.8,-16.2,201.12,757967189,757965133,88,16231,17699,16573,19885,984,3,1,True
