timestamp,device,anchor_id,seq,distance_m,rx_power,fp_power,fp_rx_ratio,quality,round_trip,reply_delay,std_noise,fp_ampl1,fp_ampl2,fp_ampl3,cir_power,rxpacc,flags,anchor_count,nlos_suspect
2026-04-30T13:02:02.057,T1,1,102,7.153,-67.3,-89.9,-22.6,129.41,682843264,682840213,76,14306,9835,8323,18387,1238,3,1,True
2026-04-30T13:02:06.047,T1,1,106,5.22,-68.8,-94.3,-25.5,130.86,424157180,424154953,88,5570,11516,9068,29874,1658,3,1,True
2026-04-30T13:02:10.037,T1,1,110,5.703,-69.9,-95.7,-25.7,128.39,487399365,487396933,84,2831,10785,7122,27206,1646,3,1,True
2026-04-30T13:02:11.026,T1,1,111,5.342,-69.5,-95.9,-26.5,72.16,435868509,435866231,96,2312,6927,10629,28329,1653,3,1,True
2026-04-30T13:02:15.046,T1,1,115,5.76,-77.6,-95.7,-18.0,109.0,392382508,392380052,28,1970,3052,1823,1504,505,3,1,True
2026-04-30T13:02:17.056,T1,1,117,5.91,-71.5,-84.8,-13.3,262.08,392400564,392398044,40,6695,10483,10158,4947,741,3,1,True
2026-04-30T13:02:18.047,T1,1,118,6.332,-71.7,-99.8,-28.2,73.63,521751921,521749221,68,1205,5007,4940,18278,1433,3,1,True
2026-04-30T13:02:25.066,T1,1,125,7.05,-70.9,-93.2,-22.3,151.95,682378795,682375788,96,6360,14587,11031,31062,1819,3,1,True
2026-04-30T13:02:31.067,T1,1,131,5.685,-67.9,-93.6,-25.6,125.83,481094258,481091833,88,4717,11073,11245,29758,1607,3,1,True
2026-04-30T13:02:32.058,T1,1,132,6.412,-83.7,-96.8,-13.1,68.8,452661258,452658523,20,1011,1376,1435,386,316,3,1,True
2026-04-30T13:02:35.058,T1,1,135,5.333,-67.8,-93.2,-25.4,118.44,422722282,422720007,72,6913,8528,8959,20296,1321,3,1,True
2026-04-30T13:02:36.076,T1,1,136,5.53,-68.8,-93.9,-25.1,131.12,442674624,442672266,72,3185,9441,7612,17737,1278,3,1,True
2026-04-30T13:02:43.067,T1,1,143,5.502,-68.3,-92.8,-24.5,149.56,437134434,437132087,80,8855,11965,8811,27132,1555,3,1,True
2026-04-30T13:02:49.068,T1,1,149,5.741,-72.3,-94.1,-21.9,110.7,478174304,478171855,92,6139,10184,14904,33849,1991,3,1,True
2026-04-30T13:02:50.117,T1,1,150,5.314,-73.4,-94.1,-20.7,133.48,421858175,421855908,108,7339,14416,10167,31073,1982,3,1,True
2026-04-30T13:02:51.078,T1,1,151,5.37,-65.7,-93.6,-27.9,65.09,418555702,418553412,68,10199,4426,8347,24852,1359,3,1,True
2026-04-30T13:02:53.085,T1,1,153,5.37,-67.1,-95.2,-28.1,125.67,420649951,420647660,84,5125,10556,7197,31858,1616,3,1,True
2026-04-30T13:02:54.074,T1,1,154,5.821,-73.9,-95.3,-21.4,87.95,387156918,387154436,44,1885,3870,3459,3292,656,3,1,True
2026-04-30T13:02:56.084,T1,1,156,5.366,-67.8,-93.8,-26.0,46.11,428293041,428290752,72,9890,3320,7947,20275,1322,3,1,True
2026-04-30T13:02:57.105,T1,1,157,7.673,-67.4,-95.3,-27.9,101.31,748707963,748704691,72,4782,7294,8541,25210,1452,3,1,True
2026-04-30T13:02:58.094,T1,1,158,5.858,-67.6,-96.1,-28.5,110.74,496334290,496331792,88,1317,9745,6904,28955,1566,3,1,True
2026-04-30T13:02:59.084,T1,1,159,6.463,-93.2,-102.9,-9.7,49.0,454103845,454101088,8,81,392,346,20,151,3,1,True
2026-04-30T13:03:01.094,T1,1,161,5.816,-68.1,-94.8,-26.7,129.61,475695728,475693248,80,2219,10369,9517,29177,1600,3,1,True
2026-04-30T13:03:02.084,T1,1,162,5.938,-70.3,-92.5,-22.2,107.25,388976051,388973518,48,4657,5148,2943,4180,653,3,1,True
2026-04-30T13:03:03.075,T1,1,163,7.786,-67.0,-93.0,-26.0,110.56,700921506,700918186,96,8387,10614,7557,24554,1414,3,1,True
2026-04-30T13:03:04.094,T1,1,164,5.403,-67.8,-92.5,-24.7,111.21,415923081,415920777,116,8095,12900,11254,31025,1636,3,1,True
2026-04-30T13:03:05.084,T1,1,165,5.46,-68.2,-92.7,-24.5,137.56,426842882,426840553,100,7895,13756,11737,34204,1737,3,1,True
2026-04-30T13:03:09.104,T1,1,169,5.427,-67.0,-95.0,-28.0,96.28,428837846,428835532,92,5620,8858,6594,25144,1431,3,1,True
2026-04-30T13:03:10.094,T1,1,170,5.849,-64.9,-95.1,-30.2,72.63,447249926,447247431,68,6616,4939,6664,21678,1235,3,1,True
2026-04-30T13:03:13.124,T1,1,173,8.738,-68.1,-95.0,-26.9,105.22,757130567,757126841,112,1472,11785,11240,40517,1887,3,1,True
2026-04-30T13:03:17.145,T1,1,177,5.352,-66.4,-91.8,-25.4,119.84,410865363,410863080,92,11478,11025,8211,26009,1423,3,1,True
2026-04-30T13:03:20.117,T1,1,180,8.668,-69.0,-94.2,-25.2,127.38,755651891,755648195,72,4358,9171,10436,25132,1535,3,1,True
2026-04-30T13:03:23.114,T1,1,183,5.779,-69.5,-94.1,-24.6,130.06,473547922,473545458,108,6446,14046,9642,37219,1898,3,1,True
2026-04-30T13:03:25.125,T1,1,185,5.427,-66.9,-95.3,-28.4,104.81,428624897,428622582,88,2509,9223,9095,30646,1574,3,1,True
2026-04-30T13:03:26.114,T1,1,186,5.338,-67.5,-95.1,-27.6,75.54,416287939,416285663,96,8909,7252,8440,32568,1655,3,1,True
2026-04-30T13:03:28.124,T1,1,188,5.342,-70.6,-100.8,-30.2,77.18,424724409,424722130,92,1806,7101,3983,33405,1864,3,1,True
2026-04-30T13:03:29.116,T1,1,189,5.516,-69.1,-89.6,-20.4,179.06,415139161,415136809,80,16653,14325,12229,25385,1547,3,1,True
2026-04-30T13:03:30.105,T1,1,190,5.99,-70.7,-93.7,-23.0,172.14,494174719,494172165,76,8151,13083,7793,27855,1712,3,1,True
2026-04-30T13:03:31.124,T1,1,191,7.716,-69.4,-92.2,-22.8,91.13,729134000,729130710,84,13362,7655,10589,25340,1561,3,1,True
2026-04-30T13:03:33.106,T1,1,193,5.497,-67.5,-94.9,-27.4,103.74,429149773,429147429,92,409,9544,7105,21855,1357,3,1,True
2026-04-30T13:03:34.152,T1,1,194,7.894,-66.0,-92.3,-26.4,94.38,734994629,734991262,80,8222,7550,9829,20894,1258,3,1,True
2026-04-30T13:03:36.165,T1,1,196,5.605,-67.3,-95.0,-27.7,119.56,430625648,430623257,96,5928,11478,6607,33540,1669,3,1,True
2026-04-30T13:03:37.125,T1,1,197,5.567,-68.1,-91.5,-23.4,153.88,426256096,426253722,84,8525,12926,9211,21759,1383,3,1,True
2026-04-30T13:03:39.134,T1,1,199,5.492,-68.1,-96.7,-28.5,107.14,429577622,429575279,84,2225,9000,7148,30296,1633,3,1,True
2026-04-30T13:03:43.123,T1,1,203,5.338,-71.6,-93.6,-22.1,129.3,401566968,401564692,92,9091,11896,13423,35267,1983,3,1,True
2026-04-30T13:03:45.135,T1,1,205,5.464,-68.9,-93.0,-24.1,120.71,412385661,412383331,100,4694,12071,10932,26151,1559,3,1,True
2026-04-30T13:03:47.144,T1,1,207,5.938,-72.0,-95.1,-23.1,88.46,485537259,485534727,100,7658,8846,12759,35740,2028,3,1,True
2026-04-30T13:03:50.148,T1,1,210,5.521,-71.9,-93.2,-21.3,146.86,429640302,429637947,92,5330,13511,15680,34959,1995,3,1,True
2026-04-30T13:03:51.133,T1,1,211,7.856,-71.4,-94.4,-23.0,126.42,741819772,741816422,92,7491,11631,12220,35829,1986,3,1,True
2026-04-30T13:03:53.143,T1,1,213,5.854,-69.7,-93.8,-24.0,170.57,468663202,468660705,76,6285,12963,9942,31070,1747,3,1,True
2026-04-30T13:03:55.213,T1,1,215,5.854,-70.7,-95.2,-24.6,176.11,474894991,474892494,56,4605,9862,7715,23714,1576,3,1,True
2026-04-30T13:03:56.143,T1,1,216,5.938,-69.3,-95.1,-25.8,108.95,474292556,474290024,64,4956,6973,8210,20123,1385,3,1,True
2026-04-30T13:03:58.152,T1,1,218,5.502,-67.0,-92.5,-25.4,116.95,419802243,419799896,64,8925,7485,7638,17597,1197,3,1,True
2026-04-30T13:03:59.141,T1,1,219,7.856,-70.5,-94.3,-23.8,116.82,732889795,732886445,92,3999,10747,12408,31393,1805,3,1,True
2026-04-30T13:04:00.162,T1,1,220,5.975,-67.5,-96.2,-28.7,85.48,485818698,485816149,92,3884,7864,8713,31558,1632,3,1,True
2026-04-30T13:04:04.214,T1,1,224,6.97,-70.7,-94.6,-23.9,117.06,491448826,491445854,48,1931,5619,6138,8361,936,3,1,True
2026-04-30T13:04:05.145,T1,1,225,7.167,-69.0,-88.9,-19.8,161.8,490748455,490745399,56,12025,9061,5790,8969,916,3,1,True
2026-04-30T13:04:12.164,T1,1,232,5.474,-67.4,-94.6,-27.2,99.59,409727556,409725222,96,5996,9561,5691,23203,1395,3,1,True
2026-04-30T13:04:14.174,T1,1,234,5.544,-67.0,-94.2,-27.2,125.8,425266450,425264086,92,3949,11574,9433,32708,1632,3,1,True
2026-04-30T13:04:15.161,T1,1,235,5.422,-65.1,-94.4,-29.2,92.03,407795042,407792729,120,5252,11044,8546,35763,1599,3,1,True
2026-04-30T13:04:16.214,T1,1,236,8.269,-67.5,-94.4,-27.0,112.68,748045835,748042308,104,3249,11719,10349,35376,1724,3,1,True
2026-04-30T13:04:17.174,T1,1,237,5.408,-66.5,-94.9,-28.4,87.31,403718171,403715865,116,1313,10128,9442,31995,1586,3,1,True
2026-04-30T13:04:18.162,T1,1,238,5.91,-64.0,-94.5,-30.5,75.18,470674893,470672372,92,4042,6917,8201,23344,1243,3,1,True
2026-04-30T13:04:19.182,T1,1,239,6.651,-66.4,-95.4,-29.0,78.65,504860437,504857601,104,2654,8180,8195,26153,1427,3,1,True
2026-04-30T13:04:20.173,T1,1,240,8.368,-69.0,-94.3,-25.3,133.67,749329165,749325597,72,2937,9624,11458,28233,1626,3,1,True
2026-04-30T13:04:21.163,T1,1,241,5.403,-65.5,-93.8,-28.3,115.75,408702993,408700688,60,9245,6945,4376,20973,1239,3,1,True
2026-04-30T13:04:22.185,T1,1,242,8.846,-67.4,-95.7,-28.3,110.12,747268987,747265215,64,4564,7048,4958,17829,1220,3,1,True
2026-04-30T13:04:23.173,T1,1,243,5.558,-70.0,-93.6,-23.5,120.45,423443855,423441485,92,5717,11081,10687,25686,1605,3,1,True
2026-04-30T13:04:25.183,T1,1,245,7.744,-69.6,-95.5,-25.9,129.94,723951247,723947945,72,484,9356,8385,24042,1531,3,1,True
2026-04-30T13:04:26.172,T1,1,246,7.026,-75.0,-93.6,-18.6,150.25,489077518,489074522,40,5171,6010,4360,5573,887,3,1,True
2026-04-30T13:04:30.162,T1,1,250,5.849,-69.6,-94.9,-25.2,151.65,464623196,464620702,68,5670,10312,7754,26165,1598,3,1,True
2026-04-30T13:04:31.182,T1,1,251,5.727,-62.7,-82.4,-19.6,141.4,419556155,419553712,96,15994,13574,10243,16138,989,3,1,True
2026-04-30T13:04:32.173,T1,1,252,6.327,-66.3,-93.9,-27.6,123.69,486669688,486666990,84,7804,10390,6118,27500,1458,3,1,True
2026-04-30T13:04:33.190,T1,1,253,7.584,-67.1,-93.4,-26.2,107.33,624800937,624797703,108,7290,11592,8986,29690,1561,3,1,True
2026-04-30T13:04:34.181,T1,1,254,8.747,-65.2,-95.8,-30.6,68.71,745492068,745488338,92,4213,6321,6207,21296,1236,3,1,True
2026-04-30T13:04:35.173,T1,1,255,5.492,-71.2,-96.1,-24.8,89.76,418612814,418610471,108,4996,9694,10822,36893,2006,3,1,True
2026-04-30T13:04:36.161,T1,1,256,5.868,-69.6,-94.8,-25.2,111.32,470614213,470611711,96,2412,10687,10165,29097,1684,3,1,True
2026-04-30T13:04:37.181,T1,1,257,5.563,-68.0,-92.4,-24.4,127.79,417213121,417210748,80,7810,10223,9906,22245,1392,3,1,True
2026-04-30T13:04:38.172,T1,1,258,5.436,-69.4,-92.9,-23.4,102.88,406746197,406743878,64,8597,6584,7463,14549,1184,3,1,True
2026-04-30T13:04:42.192,T1,1,262,5.9,-68.7,-92.9,-24.2,163.63,463355821,463353305,76,6516,12436,9544,26019,1543,3,1,True
2026-04-30T13:04:43.183,T1,1,263,5.99,-69.6,-93.8,-24.2,79.76,422199166,422196611,76,8493,6062,9795,21374,1443,3,1,True
2026-04-30T13:04:44.173,T1,1,264,6.172,-74.7,-94.7,-20.0,87.51,498693765,498691132,88,5462,7701,11566,19809,1654,3,1,True
2026-04-30T13:04:45.194,T1,1,265,5.886,-68.1,-94.3,-26.2,84.71,467963733,467961222,84,9793,7116,9756,30802,1644,3,1,True
2026-04-30T13:04:46.180,T1,1,266,8.433,-68.4,-94.3,-25.9,120.68,743543664,743540067,92,5687,11103,7882,27701,1576,3,1,True
2026-04-30T13:04:47.202,T1,1,267,5.591,-68.2,-94.8,-26.6,88.03,419492181,419489797,88,4749,7747,10814,28653,1591,3,1,True
2026-04-30T13:04:48.192,T1,1,268,6.979,-64.4,-91.6,-27.2,82.38,500152642,500149666,80,10222,6590,5557,15851,1038,3,1,True
2026-04-30T13:04:49.182,T1,1,269,5.91,-69.3,-93.7,-24.3,120.9,462746034,462743513,108,7953,13057,8425,31043,1723,3,1,True
2026-04-30T13:04:50.202,T1,1,270,5.572,-68.0,-94.9,-26.8,107.59,422211900,422209523,100,5698,10759,6386,27760,1557,3,1,True
2026-04-30T13:04:55.181,T1,1,275,5.788,-69.0,-86.9,-17.8,181.66,425273006,425270537,100,14015,18166,13215,18304,1310,3,1,True
2026-04-30T13:04:58.182,T1,1,278,6.055,-67.0,-89.6,-22.7,176.54,467438167,467435584,80,8962,14123,14191,22858,1362,3,1,True
2026-04-30T13:05:02.200,T1,1,282,6.051,-69.6,-95.9,-26.3,71.12,483237074,483234494,104,2810,7397,8450,22349,1476,3,1,True
2026-04-30T13:05:03.190,T1,1,283,5.525,-73.7,-95.0,-21.3,144.88,401579219,401576862,88,5105,12749,10357,30573,1991,3,1,True
2026-04-30T13:05:05.202,T1,1,285,5.628,-65.3,-82.4,-17.1,217.15,395414166,395411765,88,9946,19109,18460,19983,1204,3,1,True
2026-04-30T13:05:07.210,T1,1,287,6.759,-inf,-104.5,inf,9.25,438662378,438659496,8,129,74,247,0,99,1,1,False
2026-04-30T13:05:08.205,T1,1,288,6.051,-68.0,-89.6,-21.6,134.53,464821880,464819299,108,17439,14529,9211,26302,1516,3,1,True
2026-04-30T13:05:10.212,T1,1,290,8.405,-67.0,-96.5,-29.6,48.44,740979730,740976145,112,7449,5425,4777,25108,1428,3,1,True
2026-04-30T13:05:15.192,T1,1,295,5.45,-67.7,-98.3,-30.6,71.62,402134703,402132378,104,4098,7448,4806,31596,1641,3,1,True
2026-04-30T13:05:16.212,T1,1,296,5.295,-68.9,-100.3,-31.4,53.58,393682197,393679938,88,2698,4715,5194,27587,1602,3,1,True
2026-04-30T13:05:17.200,T1,1,297,6.36,-66.2,-99.6,-33.4,67.56,496172150,496169437,88,1731,5945,4266,28414,1479,3,1,True
2026-04-30T13:05:20.231,T1,1,300,8.246,-67.3,-100.1,-32.7,53.12,745803049,745799533,100,4061,5312,3605,29512,1567,3,1,True
2026-04-30T13:05:21.220,T1,1,301,5.929,-65.9,-100.1,-34.2,53.11,479827450,479824921,80,3691,4249,2620,21969,1289,3,1,True
2026-04-30T13:05:22.239,T1,1,302,6.674,-67.2,-101.2,-34.0,46.04,481919496,481916649,96,2973,4420,2760,24083,1408,3,1,True
2026-04-30T13:05:23.201,T1,1,303,5.324,-67.9,-100.7,-32.7,70.05,398423593,398421323,92,3400,6445,4218,40140,1867,3,1,True
2026-04-30T13:05:24.220,T1,1,304,7.974,-67.3,-91.6,-24.2,135.96,716363820,716360419,80,9365,10877,8495,20107,1294,3,1,True
2026-04-30T13:05:25.209,T1,1,305,5.741,-67.2,-89.2,-21.9,202.77,416051678,416049229,84,11298,17033,14902,26713,1487,3,1,True
2026-04-30T13:05:26.198,T1,1,306,6.051,-67.3,-95.4,-28.1,82.72,473821702,473819122,104,1587,8603,7848,24280,1419,3,1,True
2026-04-30T13:05:27.219,T1,1,307,7.861,-67.2,-95.3,-28.1,36.5,720069912,720066559,84,10253,3066,4668,23586,1395,3,1,True
2026-04-30T13:05:28.209,T1,1,308,5.511,-66.9,-101.2,-34.3,53.14,418795725,418793374,84,2408,4464,2565,22254,1340,3,1,True
2026-04-30T13:05:30.221,T1,1,310,5.492,-66.7,-96.2,-29.6,72.31,412136009,412133667,72,6946,5206,3509,19445,1244,3,1,True
2026-04-30T13:05:32.230,T1,1,312,5.614,-68.6,-94.4,-25.8,98.68,415404483,415402089,96,6033,9473,9700,28055,1595,3,1,True
2026-04-30T13:05:33.219,T1,1,313,5.685,-66.1,-100.1,-34.0,40.96,431365965,431363541,100,5921,4096,2736,33330,1598,3,1,True
2026-04-30T13:05:34.210,T1,1,314,5.689,-67.5,-97.9,-30.3,30.23,429798868,429796442,88,5468,2660,5871,21782,1356,3,1,True
2026-04-30T13:05:35.230,T1,1,315,6.679,-84.2,-92.7,-8.5,123.38,431867741,431864893,16,1320,1974,1340,218,241,3,1,True
2026-04-30T13:05:36.221,T1,1,316,6.074,-66.5,-93.1,-26.6,118.48,461319175,461316584,92,8163,10900,7217,25912,1427,3,1,True
2026-04-30T13:05:37.211,T1,1,317,8.081,-67.6,-97.3,-29.7,56.18,735701914,735698468,108,6690,6067,3709,25411,1468,3,1,True
2026-04-30T13:05:39.223,T1,1,319,6.116,-66.3,-88.4,-22.1,138.05,462949188,462946580,116,19157,16014,12352,29071,1502,3,1,True
2026-04-30T13:05:40.212,T1,1,320,7.308,-70.8,-90.9,-20.1,134.1,487597638,487594522,48,3498,6437,5658,4195,666,3,1,True
2026-04-30T13:05:41.231,T1,1,321,5.591,-65.4,-91.5,-26.2,61.5,413458793,413456409,84,13316,5166,5347,19144,1180,3,1,True
2026-04-30T13:05:52.241,T1,1,332,5.68,-67.3,-84.1,-16.8,166.44,390520335,390517913,96,17278,15978,10231,16057,1156,3,1,True
2026-04-30T13:05:53.232,T1,1,333,5.975,-68.3,-91.7,-23.4,144.64,453143040,453140492,88,17579,12728,8588,38184,1842,3,1,True
2026-04-30T13:05:54.250,T1,1,334,5.727,-67.2,-83.3,-16.1,138.39,404388349,404385906,132,14765,18268,13874,17288,1195,3,1,True
2026-04-30T13:05:56.263,T1,1,336,7.326,-70.0,-96.6,-26.6,62.43,654298181,654295057,96,9370,5993,5014,28650,1695,3,1,True
2026-04-30T13:05:57.251,T1,1,337,7.908,-68.3,-97.4,-29.1,38.96,735794910,735791538,104,7690,4052,4699,25160,1495,3,1,True
2026-04-30T13:06:02.262,T1,1,342,7.941,-64.1,-95.2,-31.1,39.58,669257722,669254336,76,8053,3008,2333,16506,1049,3,1,True
2026-04-30T13:06:03.252,T1,1,343,5.633,-66.1,-96.8,-30.7,84.46,429625384,429622981,56,4850,4730,3881,16071,1110,3,1,True
2026-04-30T13:06:04.242,T1,1,344,6.154,-67.0,-94.8,-27.8,54.95,475651730,475649105,100,9006,5495,6191,23313,1376,3,1,True
2026-04-30T13:06:06.251,T1,1,346,5.53,-67.3,-96.4,-29.1,100.74,411158266,411155907,68,5676,6850,5260,23473,1397,3,1,True
2026-04-30T13:06:08.261,T1,1,348,5.882,-67.3,-97.5,-30.2,82.88,454676745,454674237,76,4421,6299,3935,21361,1331,3,1,True
2026-04-30T13:06:10.240,T1,1,350,8.574,-65.2,-94.9,-29.6,51.86,740343133,740339477,80,7413,4149,5131,17627,1127,3,1,True
2026-04-30T13:06:11.262,T1,1,351,5.797,-69.8,-98.4,-28.6,74.09,452312477,452310005,80,4766,5927,6171,28339,1674,3,1,True
2026-04-30T13:06:12.250,T1,1,352,6.135,-69.5,-89.4,-19.9,168.55,456138562,456135946,108,15184,18203,11942,26474,1602,3,1,True
2026-04-30T13:06:14.260,T1,1,354,5.624,-69.5,-98.1,-28.6,83.0,426157678,426155279,88,3972,7304,6319,30728,1725,3,1,True
2026-04-30T13:06:15.252,T1,1,355,5.919,-72.1,-95.4,-23.4,50.66,458326530,458324006,92,13382,4661,8313,34164,1986,3,1,True
2026-04-30T13:06:16.241,T1,1,356,8.269,-73.7,-99.9,-26.3,91.31,732626433,732622906,84,4165,7670,4925,32313,2041,3,1,True
2026-04-30T13:06:18.249,T1,1,358,6.29,-71.1,-97.2,-26.1,70.8,475817299,475814617,116,7912,8213,6970,36331,1980,3,1,True
2026-04-30T13:06:19.270,T1,1,359,8.213,-64.6,-75.5,-10.9,107.35,710876324,710872822,156,15527,16746,15049,12143,914,3,1,True
2026-04-30T13:06:20.261,T1,1,360,6.871,-68.9,-91.9,-23.0,179.35,490884936,490882006,84,5940,15065,9933,25385,1534,3,1,True
2026-04-30T13:06:22.270,T1,1,362,8.321,-69.5,-91.5,-21.9,179.61,673882965,673879417,88,6427,15806,13657,28928,1675,3,1,True
2026-04-30T13:06:23.291,T1,1,363,5.413,-70.5,-97.8,-27.4,95.38,401763349,401761041,72,2041,6867,7730,27393,1683,3,1,True
2026-04-30T13:06:24.252,T1,1,364,7.931,-69.3,-99.9,-30.5,52.54,720139636,720136254,100,3146,5254,4632,25182,1552,3,1,True
2026-04-30T13:06:25.271,T1,1,365,5.478,-68.9,-97.2,-28.2,72.4,409668963,409666626,112,5306,8109,7180,34121,1781,3,1,True
2026-04-30T13:06:26.261,T1,1,366,5.854,-70.2,-98.7,-28.4,86.98,455179943,455177447,84,1153,7306,6145,28099,1691,3,1,True
2026-04-30T13:06:27.251,T1,1,367,5.483,-72.5,-99.2,-26.7,47.86,399952138,399949800,108,2976,5169,9140,34652,2028,3,1,True
2026-04-30T13:06:30.250,T1,1,370,5.882,-67.4,-93.5,-26.1,91.95,457544397,457541888,88,9400,8092,7547,23915,1415,3,1,True
2026-04-30T13:06:31.270,T1,1,371,5.91,-66.7,-98.7,-32.0,63.47,457220375,457217854,100,346,6347,6691,33335,1629,3,1,True
2026-04-30T13:06:34.301,T1,1,374,8.64,-68.1,-98.1,-30.0,54.97,728901464,728897779,88,4448,4837,6624,27012,1538,3,1,True
2026-04-30T13:06:35.290,T1,1,375,5.816,-66.8,-97.2,-30.4,65.08,449569418,449566937,84,6490,5467,3351,22687,1350,3,1,True
2026-04-30T13:06:36.250,T1,1,376,5.577,-68.1,-96.5,-28.4,46.86,402517039,402514661,84,6246,3936,6290,19984,1326,3,1,True
2026-04-30T13:06:37.270,T1,1,377,5.422,-67.6,-98.0,-30.4,72.6,390899353,390897041,68,4558,4937,3038,17032,1202,3,1,True
2026-04-30T13:06:38.260,T1,1,378,6.379,-71.7,-100.6,-28.9,52.04,422984044,422981323,68,1735,3539,2288,8847,997,3,1,True
2026-04-30T13:06:39.252,T1,1,379,5.9,-69.0,-98.1,-29.1,45.25,453702040,453699524,104,4835,4706,7252,28637,1634,3,1,True
2026-04-30T13:06:40.270,T1,1,380,6.956,-76.8,-101.0,-24.1,51.96,471609573,471606607,28,722,1455,969,1169,433,3,1,True
2026-04-30T13:06:41.261,T1,1,381,7.153,-72.3,-99.1,-26.8,42.32,490622347,490619296,60,2862,2539,3098,7108,913,3,1,True
2026-04-30T13:06:42.252,T1,1,382,7.054,-75.3,-99.9,-24.6,50.44,475438623,475435615,32,973,1614,1496,1639,487,3,1,True
2026-04-30T13:06:43.273,T1,1,383,5.99,-67.9,-98.8,-30.9,57.23,470764523,470761968,116,3271,6639,5052,29243,1592,3,1,True
2026-04-30T13:06:44.261,T1,1,384,5.394,-69.3,-97.7,-28.4,37.05,390189705,390187405,136,6397,5039,7960,33572,1787,3,1,True
2026-04-30T13:06:45.281,T1,1,385,7.725,-69.3,-97.9,-28.6,66.8,600352683,600349389,80,6271,5344,6907,31195,1727,3,1,True
2026-04-30T13:06:46.270,T1,1,386,5.896,-68.0,-97.1,-29.1,38.57,448463322,448460808,88,7538,3394,7107,29077,1591,3,1,True
2026-04-30T13:06:47.262,T1,1,387,5.624,-67.7,-96.6,-28.9,73.47,414077536,414075137,72,5776,5290,5208,20027,1307,3,1,True
2026-04-30T13:06:49.269,T1,1,389,6.327,-65.8,-98.8,-33.1,36.18,420288178,420285480,72,3487,2605,4234,15855,1088,3,1,True
2026-04-30T13:06:50.290,T1,1,390,6.491,-99.8,-108.4,-8.6,10.12,423838553,423835785,8,139,81,168,3,125,3,1,True
2026-04-30T13:06:51.308,T1,1,391,8.757,-69.5,-97.7,-28.2,79.4,726864087,726860353,84,4787,6670,4317,21945,1458,3,1,True
2026-04-30T13:06:52.270,T1,1,392,5.99,-70.3,-95.1,-24.8,62.27,460015806,460013252,128,12726,7970,8833,40028,2021,3,1,True
2026-04-30T13:06:54.281,T1,1,394,5.886,-67.5,-94.0,-26.5,79.62,447375757,447373246,84,11735,6688,6970,28663,1553,3,1,True
2026-04-30T13:06:55.269,T1,1,395,5.933,-65.4,-94.9,-29.5,56.12,452739042,452736511,88,8492,4939,5582,22697,1286,3,1,True
2026-04-30T13:06:56.320,T1,1,396,5.525,-66.4,-95.8,-29.5,56.19,403014562,403012206,116,8685,6518,6315,32567,1593,3,1,True
2026-04-30T13:06:57.281,T1,1,397,5.886,-66.3,-96.6,-30.2,76.17,450817776,450815265,76,6296,5789,5063,24107,1369,3,1,True
2026-04-30T13:06:59.289,T1,1,399,6.008,-67.7,-99.0,-31.3,43.49,463328607,463326044,104,2151,4523,5797,23073,1403,3,1,True
2026-04-30T13:07:00.279,T1,1,400,6.008,-67.7,-96.8,-29.0,73.93,459761826,459759264,68,3816,5027,6744,19880,1305,3,1,True
2026-04-30T13:07:05.290,T1,1,405,6.693,-68.0,-99.0,-31.0,26.58,467957332,467954477,100,4352,2658,5587,21676,1375,3,1,True
2026-04-30T13:07:17.289,T1,1,417,5.347,-66.9,-99.1,-32.2,70.36,386219842,386217562,76,2510,5347,3637,20479,1288,3,1,True
2026-04-30T13:07:18.310,T1,1,418,5.492,-67.4,-98.2,-30.8,38.16,402181651,402179308,104,6273,3969,5853,29706,1574,3,1,True
2026-04-30T13:07:19.300,T1,1,419,5.506,-67.2,-99.6,-32.4,58.4,402154301,402151952,92,2495,5373,3545,22082,1348,3,1,True
2026-04-30T13:07:20.321,T1,1,420,7.795,-68.6,-98.6,-30.0,40.53,701154846,701151522,112,5020,4539,6656,30030,1651,3,1,True
2026-04-30T13:07:21.310,T1,1,421,7.866,-67.3,-97.2,-29.9,28.44,705316245,705312891,100,6953,2844,6228,25459,1454,3,1,True
2026-04-30T13:07:22.298,T1,1,422,8.738,-67.5,-98.9,-31.4,47.75,724933619,724929892,108,3540,5157,5033,24726,1443,3,1,True
2026-04-30T13:07:25.298,T1,1,425,8.368,-67.2,-99.2,-32.1,60.7,777067645,777064077,104,2584,6313,4530,28721,1538,3,1,True
2026-04-30T13:07:27.311,T1,1,427,5.83,-67.6,-98.3,-30.8,52.38,449179147,449176661,104,4912,5447,6636,33089,1673,3,1,True
2026-04-30T13:07:29.288,T1,1,429,7.73,-67.9,-98.3,-30.3,40.63,591967938,591964641,104,5439,4226,7675,34472,1730,3,1,True
2026-04-30T13:07:30.308,T1,1,430,5.877,-68.3,-98.8,-30.5,67.05,456546469,456543963,84,1324,5632,5574,23166,1436,3,1,True
2026-04-30T13:07:31.300,T1,1,431,8.621,-68.0,-100.2,-32.2,59.43,725253387,725249711,96,1365,5705,4051,25736,1500,3,1,True
2026-04-30T13:07:33.340,T1,1,433,6.341,-71.8,-100.7,-28.9,46.64,414330877,414328173,36,1197,1679,2052,3690,647,3,1,True
2026-04-30T13:07:34.328,T1,1,434,8.382,-66.3,-99.0,-32.7,53.88,766490972,766487398,72,3008,3879,5043,21164,1280,3,1,True
2026-04-30T13:07:36.308,T1,1,436,5.807,-67.9,-100.1,-32.2,74.17,442345677,442343200,76,1198,5637,3637,23131,1415,3,1,True
2026-04-30T13:07:37.298,T1,1,437,6.018,-68.1,-99.1,-31.0,62.82,468921074,468918508,84,1352,5277,4093,17993,1258,3,1,True
2026-04-30T13:07:38.320,T1,1,438,5.83,-69.5,-98.4,-28.9,29.33,447664205,447661718,96,4920,2816,6599,22948,1490,3,1,True
2026-04-30T13:07:40.358,T1,1,440,5.929,-68.8,-98.3,-29.5,46.45,458686610,458684082,88,4908,4088,6732,26570,1566,3,1,True
2026-04-30T13:07:43.329,T1,1,443,5.347,-68.1,-99.1,-31.0,50.76,390585942,390583661,80,3502,4061,6047,25273,1490,3,1,True
2026-04-30T13:07:45.311,T1,1,445,5.99,-68.8,-99.6,-30.8,44.24,469818465,469815911,116,3282,5132,5778,29336,1645,3,1,True
2026-04-30T13:07:47.318,T1,1,447,5.469,-68.7,-99.1,-30.4,47.1,394240168,394237836,104,3732,4898,6560,30392,1668,3,1,True
2026-04-30T13:07:48.310,T1,1,448,5.863,-68.6,-98.6,-30.0,35.57,454157843,454155343,108,4327,3842,6430,25040,1511,3,1,True
2026-04-30T13:07:51.310,T1,1,451,5.441,-68.7,-99.1,-30.4,59.63,395629818,395627497,112,1537,6679,5484,28809,1624,3,1,True
2026-04-30T13:07:52.330,T1,1,452,5.807,-68.0,-98.7,-30.8,58.82,443279586,443277110,84,3028,4941,6068,25467,1488,3,1,True
2026-04-30T13:07:53.349,T1,1,453,5.408,-68.4,-99.1,-30.6,64.3,394599600,394597293,84,1790,5401,5384,23097,1440,3,1,True
2026-04-30T13:07:54.308,T1,1,454,6.313,-76.2,-101.2,-25.0,58.21,404326393,404323701,28,601,1630,974,1428,468,3,1,True
2026-04-30T13:07:57.396,T1,1,457,6.848,-72.2,-100.1,-27.8,60.16,461493349,461490428,44,643,2647,2037,4228,703,3,1,True
2026-04-30T13:07:58.328,T1,1,458,6.867,-76.5,-101.4,-24.9,53.82,460212975,460210046,28,501,1507,1050,1345,459,3,1,True
2026-04-30T13:07:59.320,T1,1,459,5.394,-68.6,-99.2,-30.7,63.66,390282606,390280305,88,2198,5602,5614,26233,1542,3,1,True
2026-04-30T13:08:00.309,T1,1,460,5.441,-68.7,-100.2,-31.5,57.21,390545037,390542717,112,2826,6408,3690,30064,1656,3,1,True
2026-04-30T13:08:01.329,T1,1,461,5.975,-68.2,-98.4,-30.2,37.9,461181777,461179229,92,5010,3487,6909,27654,1564,3,1,True
2026-04-30T13:08:04.328,T1,1,464,5.929,-68.2,-98.4,-30.2,32.93,456420377,456417848,112,5725,3688,7706,34941,1759,3,1,True
2026-04-30T13:08:05.318,T1,1,465,6.82,-73.3,-100.5,-27.2,59.02,460352931,460350022,44,862,2597,1622,3815,692,3,1,True
2026-04-30T13:08:06.337,T1,1,466,5.558,-68.5,-98.9,-30.4,64.39,407858671,407856301,104,2277,6697,6628,33931,1749,3,1,True
2026-04-30T13:08:07.329,T1,1,467,5.305,-65.1,-94.4,-29.3,23.64,395620012,395617750,84,9828,1986,2924,17681,1122,3,1,True
2026-04-30T13:08:10.329,T1,1,470,5.816,-70.3,-96.0,-25.7,107.35,442084769,442082289,80,7018,8588,6780,27440,1676,3,1,True
2026-04-30T13:08:11.319,T1,1,471,5.521,-70.3,-98.3,-28.0,32.14,406343253,406340899,80,5591,2571,5555,18977,1393,3,1,True
2026-04-30T13:08:12.339,T1,1,472,5.849,-72.2,-97.9,-25.7,51.64,449045077,449042582,92,4640,4751,6938,20403,1544,3,1,True
2026-04-30T13:08:14.347,T1,1,474,8.011,-71.4,-94.8,-23.4,100.11,660613592,660610175,84,8012,8409,9119,25265,1671,3,1,True
2026-04-30T13:08:15.339,T1,1,475,5.445,-67.1,-96.4,-29.3,69.22,393402910,393400587,64,8302,4430,4259,23674,1392,3,1,True
2026-04-30T13:08:16.328,T1,1,476,5.966,-67.5,-96.3,-28.8,68.31,452382542,452379997,96,7652,6558,4273,25303,1460,3,1,True
2026-04-30T13:08:17.377,T1,1,477,6.487,-68.1,-98.5,-30.4,65.95,526229289,526226523,100,1713,6595,5751,26932,1539,3,1,True
2026-04-30T13:08:20.347,T1,1,480,5.863,-70.5,-95.7,-25.3,91.79,441596940,441594440,108,8353,9913,6025,31169,1795,3,1,True
2026-04-30T13:08:21.338,T1,1,481,5.441,-67.9,-98.2,-30.3,64.77,390531393,390529072,88,4078,5700,4416,22111,1386,3,1,True
2026-04-30T13:08:22.329,T1,1,482,5.431,-67.3,-99.1,-31.8,54.36,388947406,388945090,96,1100,5219,7409,33938,1678,3,1,True
2026-04-30T13:08:23.347,T1,1,483,6.787,-72.1,-99.1,-27.1,33.62,458333678,458330783,40,2449,1345,2191,3739,657,3,1,True
2026-04-30T13:08:28.356,T1,1,488,5.422,-68.3,-98.7,-30.4,57.41,387864400,387862088,124,3742,7119,4357,29421,1619,3,1,True
2026-04-30T13:08:29.348,T1,1,489,6.13,-68.2,-98.2,-30.0,86.32,408640889,408638275,72,3427,6215,3770,20349,1341,3,1,True
2026-04-30T13:08:30.368,T1,1,490,5.854,-67.4,-98.6,-31.2,86.76,440115283,440112787,76,3408,6594,4680,27935,1531,3,1,True
2026-04-30T13:08:31.357,T1,1,491,6.36,-77.5,-101.1,-23.6,47.67,411610617,411607905,24,682,1144,1163,996,409,3,1,True
2026-04-30T13:08:32.348,T1,1,492,5.441,-68.2,-98.0,-29.8,100.82,390481834,390479514,72,2422,7259,5958,28152,1578,3,1,True
2026-04-30T13:08:33.338,T1,1,493,5.83,-67.3,-98.7,-31.4,73.0,435607069,435604583,92,3173,6716,4060,26685,1488,3,1,True
2026-04-30T13:08:34.387,T1,1,494,5.596,-66.6,-99.2,-32.7,56.05,431268017,431265630,108,610,6053,5893,31932,1589,3,1,True
2026-04-30T13:08:35.348,T1,1,495,6.018,-68.2,-98.8,-30.6,77.16,462758455,462755889,88,3094,6790,5397,30465,1644,3,1,True
2026-04-30T13:08:36.338,T1,1,496,6.853,-90.1,-103.4,-13.3,24.75,455741020,455738097,12,359,297,400,61,186,3,1,True
2026-04-30T13:08:37.358,T1,1,497,5.915,-67.1,-98.7,-31.6,74.73,439152926,439150404,84,3374,6277,3683,24350,1414,3,1,True
2026-04-30T13:08:39.398,T1,1,499,5.9,-66.8,-98.4,-31.6,76.64,450166841,450164325,84,3354,6438,4711,27218,1476,3,1,True
2026-04-30T13:08:40.358,T1,1,500,8.776,-68.1,-98.8,-30.7,64.74,717540744,717537002,92,3241,5956,4300,23485,1436,3,1,True
2026-04-30T13:08:41.348,T1,1,501,5.385,-69.0,-97.9,-28.9,66.93,385298760,385296464,80,3862,5354,3975,16607,1246,3,1,True
2026-04-30T13:08:44.377,T1,1,504,7.997,-68.0,-98.2,-30.2,72.54,655049979,655046568,100,3887,7254,4731,28446,1575,3,1,True
2026-04-30T13:08:46.357,T1,1,506,5.483,-68.9,-98.3,-29.4,73.64,392099634,392097295,84,4722,6186,5877,29096,1645,3,1,True
2026-04-30T13:08:48.367,T1,1,508,5.825,-66.7,-98.7,-32.0,56.73,431409746,431407261,96,2826,5446,4224,21792,1319,3,1,True
2026-04-30T13:08:51.366,T1,1,511,6.318,-73.3,-100.0,-26.7,66.11,407636666,407633971,28,1353,1851,1379,2391,548,3,1,True
2026-04-30T13:08:52.356,T1,1,512,5.389,-70.0,-97.5,-27.5,61.38,385646177,385643879,96,6863,5892,7224,31752,1786,3,1,True
2026-04-30T13:08:53.346,T1,1,513,5.807,-69.4,-98.0,-28.6,94.12,432781210,432778734,88,5110,8283,4851,32476,1769,3,1,True
2026-04-30T13:08:54.368,T1,1,514,5.582,-64.6,-92.4,-27.8,83.74,388147684,388145303,72,8936,6029,3846,13970,981,3,1,True
2026-04-30T13:08:56.377,T1,1,516,5.863,-69.3,-98.3,-29.0,70.23,447195345,447192844,96,1016,6742,7963,32835,1770,3,1,True
2026-04-30T13:08:59.377,T1,1,519,5.858,-68.1,-93.2,-25.0,103.38,430941791,430939293,104,12090,10752,8073,32428,1690,3,1,True
2026-04-30T13:09:00.397,T1,1,520,8.372,-68.1,-95.2,-27.1,78.54,711266509,711262938,96,10701,7540,7319,35693,1770,3,1,True
2026-04-30T13:09:02.377,T1,1,522,5.746,-66.8,-95.6,-28.8,55.38,429530674,429528224,112,9315,6202,5183,28853,1521,3,1,True
2026-04-30T13:09:03.366,T1,1,523,6.557,-67.4,-91.0,-23.7,186.03,453874166,453871370,76,7841,14138,11657,25406,1456,3,1,True
2026-04-30T13:09:04.386,T1,1,524,7.899,-69.2,-97.6,-28.5,85.64,659295237,659291869,96,6756,8221,5582,37271,1876,3,1,True
2026-04-30T13:09:05.375,T1,1,525,5.417,-66.5,-98.7,-32.2,67.02,386653549,386651238,64,3500,4289,4919,21798,1311,3,1,True
2026-04-30T13:09:06.367,T1,1,526,5.783,-68.8,-98.2,-29.4,50.9,428324973,428322506,120,5774,6108,6857,35111,1799,3,1,True
2026-04-30T13:09:07.387,T1,1,527,5.825,-65.9,-99.5,-33.6,50.63,430945758,430943273,100,3123,5063,3340,22880,1314,3,1,True
2026-04-30T13:09:09.367,T1,1,529,5.919,-68.2,-98.1,-29.9,77.69,446156174,446153650,108,5086,8391,5292,38465,1844,3,1,True
2026-04-30T13:09:10.385,T1,1,530,5.445,-68.6,-98.1,-29.6,65.62,389041065,389038743,108,4195,7087,6521,33279,1739,3,1,True
2026-04-30T13:09:11.375,T1,1,531,5.891,-69.0,-99.0,-30.0,61.17,403491919,403489406,124,5370,7585,4522,38304,1892,3,1,True
2026-04-30T13:09:12.366,T1,1,532,5.919,-68.1,-98.2,-30.1,81.19,442582096,442579571,88,3539,7145,4808,27274,1548,3,1,True
2026-04-30T13:09:14.375,T1,1,534,5.938,-67.8,-98.8,-31.0,45.56,448786858,448784325,108,3791,4920,5470,25392,1479,3,1,True
2026-04-30T13:09:16.385,T1,1,536,8.414,-66.1,-98.7,-32.6,56.1,757219681,757216093,92,3675,5161,2952,20003,1238,3,1,True
2026-04-30T13:09:17.376,T1,1,537,8.621,-68.2,-97.3,-29.1,52.28,709705305,709701628,124,6656,6483,7518,36149,1785,3,1,True
2026-04-30T13:09:18.367,T1,1,538,6.815,-84.7,-101.4,-16.8,39.5,450946366,450943459,16,622,632,725,278,277,3,1,True
2026-04-30T13:09:19.386,T1,1,539,6.257,-72.3,-99.6,-27.2,57.65,402378176,402375508,52,1891,2998,2530,6122,848,3,1,True
2026-04-30T13:09:20.375,T1,1,540,6.581,-70.3,-98.5,-28.3,72.1,451804586,451801780,88,3947,6345,5747,26016,1629,3,1,True
2026-04-30T13:09:21.397,T1,1,541,6.294,-68.4,-98.3,-29.9,67.74,469565747,469563063,92,4900,6232,6315,32702,1712,3,1,True
2026-04-30T13:09:25.385,T1,1,545,5.821,-68.6,-97.9,-29.4,93.57,433418863,433416381,76,3973,7111,5630,28319,1602,3,1,True
2026-04-30T13:09:26.377,T1,1,546,5.582,-67.8,-98.1,-30.3,52.44,408073505,408071125,100,4836,5244,6492,29479,1591,3,1,True
2026-04-30T13:09:29.376,T1,1,549,6.304,-68.2,-97.8,-29.6,53.0,498338924,498336235,84,5032,4452,6339,24503,1474,3,1,True
2026-04-30T13:09:30.396,T1,1,550,5.53,-68.5,-98.0,-29.4,82.71,402418361,402416003,80,3624,6617,5054,24041,1475,3,1,True
2026-04-30T13:09:31.385,T1,1,551,6.027,-68.6,-98.2,-29.6,66.94,401514941,401512370,100,3778,6694,5703,28009,1597,3,1,True
2026-04-30T13:09:32.376,T1,1,552,5.741,-68.7,-97.4,-28.7,46.64,428433441,428430993,112,6229,5224,7754,31993,1711,3,1,True
2026-04-30T13:09:33.394,T1,1,553,5.807,-68.1,-98.8,-30.7,69.36,431514397,431511921,100,3794,6936,3987,28337,1576,3,1,True
2026-04-30T13:09:35.405,T1,1,555,6.172,-72.6,-99.1,-26.5,51.7,496434526,496431893,76,4084,3929,5684,18265,1479,3,1,True
2026-04-30T13:09:37.414,T1,1,557,8.044,-67.4,-98.1,-30.8,70.03,650492796,650489365,92,3521,6443,5385,27103,1505,3,1,True
2026-04-30T13:09:44.404,T1,1,564,5.886,-69.7,-98.2,-28.5,70.42,445655869,445653359,92,3936,6479,5551,24902,1563,3,1,True
2026-04-30T13:09:45.396,T1,1,565,8.64,-67.6,-97.4,-29.8,55.67,710202341,710198657,84,5343,4676,6517,25387,1468,3,1,True
2026-04-30T13:09:46.416,T1,1,566,5.858,-68.2,-98.4,-30.3,53.15,443614999,443612500,104,4431,5528,7070,33205,1712,3,1,True
2026-04-30T13:09:49.415,T1,1,569,8.611,-67.6,-98.3,-30.6,73.39,704699580,704695907,92,3300,6752,5110,27360,1526,3,1,True
2026-04-30T13:09:52.414,T1,1,572,8.766,-68.3,-98.3,-30.0,77.85,704395853,704392115,84,3356,6539,4506,23688,1452,3,1,True
2026-04-30T13:09:54.397,T1,1,574,5.839,-67.8,-98.3,-30.6,75.07,441150552,441148062,92,3824,6906,4237,26676,1513,3,1,True
2026-04-30T13:09:56.404,T1,1,576,8.358,-67.9,-97.7,-29.8,48.99,757872082,757868518,104,5519,5095,7012,30148,1615,3,1,True
2026-04-30T13:09:58.414,T1,1,578,5.732,-68.0,-97.7,-29.7,67.07,428062701,428060257,92,5011,6170,7396,33521,1712,3,1,True
2026-04-30T13:09:59.404,T1,1,579,5.807,-68.0,-97.7,-29.7,62.25,440113934,440111458,96,5393,5976,7548,34554,1737,3,1,True
2026-04-30T13:10:01.414,T1,1,581,6.942,-74.5,-99.3,-24.8,33.36,459912253,459909292,28,1280,934,1570,1293,420,3,1,True
2026-04-30T13:10:02.403,T1,1,582,6.632,-67.8,-98.0,-30.1,58.24,524048037,524045208,112,4436,6523,6607,32359,1671,3,1,True
2026-04-30T13:10:03.423,T1,1,583,5.854,-68.2,-98.0,-29.8,52.5,437389611,437387115,88,5777,4620,6446,28561,1588,3,1,True
2026-04-30T13:10:04.415,T1,1,584,5.807,-67.7,-97.9,-30.1,65.96,436705262,436702786,104,4768,6860,7102,36084,1758,3,1,True
2026-04-30T13:10:05.405,T1,1,585,6.051,-67.8,-98.5,-30.7,66.15,454507983,454505402,108,3966,7144,4958,31578,1647,3,1,True
2026-04-30T13:10:08.405,T1,1,588,5.807,-67.7,-97.8,-30.0,44.7,429302113,429299637,104,6072,4649,7317,32983,1681,3,1,True
2026-04-30T13:10:09.424,T1,1,589,6.74,-89.9,-103.7,-13.8,25.42,443043550,443040676,12,330,305,392,65,187,3,1,True
2026-04-30T13:10:10.413,T1,1,590,8.879,-68.2,-97.7,-29.5,52.25,765065636,765061850,108,5847,5643,7747,34910,1756,3,1,True
2026-04-30T13:10:11.405,T1,1,591,6.027,-68.6,-98.2,-29.5,67.88,457458168,457455597,100,4374,6788,6197,31261,1688,3,1,True
2026-04-30T13:10:13.415,T1,1,593,7.369,-70.0,-98.7,-28.7,90.95,523791283,523788141,76,3486,6912,4640,25425,1596,3,1,True
2026-04-30T13:10:14.433,T1,1,594,5.802,-68.7,-98.3,-29.7,86.29,427121111,427118636,84,4133,7248,4421,27852,1594,3,1,True
2026-04-30T13:10:17.402,T1,1,597,6.951,-71.5,-99.0,-27.4,34.85,461971397,461968432,48,2182,1673,2703,4415,701,3,1,True
2026-04-30T13:10:18.424,T1,1,598,6.323,-67.4,-99.1,-31.8,67.65,489469487,489466791,84,3054,5683,3299,21644,1344,3,1,True
2026-04-30T13:10:19.413,T1,1,599,5.985,-67.5,-98.3,-30.8,75.46,450043642,450041090,80,3542,6037,5016,25166,1457,3,1,True
2026-04-30T13:10:21.423,T1,1,601,6.074,-68.2,-98.7,-30.5,63.99,460617484,460614893,92,3427,5887,4477,23248,1433,3,1,True
2026-04-30T13:10:23.435,T1,1,603,6.529,-67.2,-98.2,-31.0,54.9,519345946,519343162,80,4442,4392,5502,23212,1383,3,1,True
2026-04-30T13:10:24.424,T1,1,604,5.919,-66.9,-98.5,-31.6,65.43,443203856,443201332,100,3738,6543,4453,28301,1512,3,1,True
2026-04-30T13:10:25.444,T1,1,605,8.944,-67.9,-98.3,-30.4,71.09,764599907,764596092,96,4015,6825,3999,25697,1493,3,1,True
2026-04-30T13:10:28.413,T1,1,608,6.285,-68.4,-98.1,-29.6,79.59,484687004,484684323,88,3981,7004,4877,26532,1544,3,1,True
2026-04-30T13:10:31.472,T1,1,611,7.828,-68.1,-98.1,-30.0,60.95,688861884,688858545,104,3952,6339,5832,27763,1562,3,1,True
2026-04-30T13:10:32.433,T1,1,612,5.699,-67.9,-97.5,-29.6,47.31,420927202,420924772,100,5352,4731,6790,26714,1522,3,1,True
2026-04-30T13:10:34.444,T1,1,614,6.717,-92.0,-105.3,-13.2,28.38,440111395,440108530,8,171,227,262,24,145,3,1,True
2026-04-30T13:10:37.414,T1,1,617,6.416,-68.3,-98.3,-29.9,65.99,456436020,456433284,88,3472,5807,5070,22647,1422,3,1,True
2026-04-30T13:10:38.432,T1,1,618,8.447,-67.8,-98.3,-30.5,71.69,758011805,758008203,88,3608,6309,4395,23910,1435,3,1,True
2026-04-30T13:10:39.424,T1,1,619,5.872,-68.1,-98.9,-30.8,66.56,438784019,438781515,100,3942,6656,4319,28933,1593,3,1,True
2026-04-30T13:10:42.422,T1,1,622,6.951,-75.7,-100.3,-24.6,68.2,456755627,456752663,20,729,1364,828,941,374,3,1,True
2026-04-30T13:10:46.442,T1,1,626,5.802,-66.9,-98.7,-31.8,68.49,437090465,437087991,80,3244,5479,4505,23296,1371,3,1,True
2026-04-30T13:10:48.454,T1,1,628,5.647,-69.0,-98.0,-29.0,65.91,415769198,415766790,92,4686,6064,7104,30684,1692,3,1,True
2026-04-30T13:10:49.442,T1,1,629,5.868,-67.3,-97.8,-30.5,60.82,435578160,435575658,100,4594,6082,5941,28621,1542,3,1,True
2026-04-30T13:10:51.452,T1,1,631,5.947,-68.8,-97.9,-29.1,74.58,454356188,454353652,88,4735,6563,6319,29370,1643,3,1,True
2026-04-30T13:10:52.444,T1,1,632,5.675,-68.9,-97.9,-29.0,65.04,421229971,421227550,80,4920,5203,6840,27229,1588,3,1,True
2026-04-30T13:10:53.462,T1,1,633,7.27,-68.3,-97.3,-29.1,53.85,619719314,619716213,88,5988,4739,7075,27803,1572,3,1,True
2026-04-30T13:10:54.453,T1,1,634,5.769,-68.8,-98.5,-29.8,73.72,422068805,422066344,96,3813,7077,4782,28537,1620,3,1,True
2026-04-30T13:10:55.442,T1,1,635,6.829,-68.6,-97.5,-28.9,53.31,520438935,520436022,80,5742,4265,6947,25782,1531,3,1,True
2026-04-30T13:10:56.434,T1,1,636,5.811,-68.1,-97.6,-29.5,50.62,432479528,432477050,76,5534,3847,6825,25556,1499,3,1,True
2026-04-30T13:10:57.452,T1,1,637,5.811,-66.8,-98.1,-31.3,51.24,428965294,428962816,100,5123,5124,6895,33854,1646,3,1,True
2026-04-30T13:10:59.434,T1,1,639,5.741,-67.7,-97.7,-30.1,62.67,424052577,424050128,96,5012,6016,7126,32716,1670,3,1,True
2026-04-30T13:11:00.483,T1,1,640,5.844,-67.9,-98.4,-30.5,61.23,438936302,438933810,84,4502,5143,6451,29813,1608,3,1,True
2026-04-30T13:11:06.453,T1,1,646,5.816,-67.0,-99.1,-32.0,68.61,438977756,438975275,80,3323,5489,3219,21398,1321,3,1,True
2026-04-30T13:11:07.442,T1,1,647,8.907,-66.9,-98.5,-31.5,65.58,760366377,760362578,76,3285,4984,5665,24582,1411,3,1,True
2026-04-30T13:11:08.462,T1,1,648,5.774,-66.5,-99.3,-32.8,57.09,419380012,419377549,76,1143,4339,5008,20541,1272,3,1,True
2026-04-30T13:11:09.453,T1,1,649,5.764,-67.4,-98.4,-31.0,75.91,419806238,419803780,88,4327,6680,4250,28364,1543,3,1,True
2026-04-30T13:11:10.471,T1,1,650,7.476,-66.5,-98.0,-31.5,64.52,629824307,629821118,88,4374,5678,5447,27303,1463,3,1,True
2026-04-30T13:11:11.463,T1,1,651,5.703,-69.8,-98.4,-28.6,60.3,421329252,421326820,120,6336,7236,6412,39374,1973,3,1,True
2026-04-30T13:11:13.470,T1,1,653,8.461,-70.3,-93.5,-23.2,96.44,751376087,751372479,120,5353,11573,16322,39365,2006,3,1,True
2026-04-30T13:11:18.453,T1,1,658,7.964,-76.9,-95.3,-18.4,180.02,613876031,613872634,56,5208,10081,6583,15160,1561,3,1,True
2026-04-30T13:11:20.463,T1,1,660,6.506,-78.8,-94.2,-15.3,157.68,430983191,430980416,84,10148,13245,9440,21767,2004,3,1,True
2026-04-30T13:11:21.451,T1,1,661,8.527,-76.3,-97.8,-21.5,60.55,677972255,677968618,88,10446,5328,4332,25582,1991,3,1,True
2026-04-30T13:11:22.470,T1,1,662,6.459,-69.3,-100.3,-31.0,29.64,417601755,417599001,80,5609,2371,3393,22870,1475,3,1,True
2026-04-30T13:11:23.460,T1,1,663,6.773,-69.6,-100.7,-31.2,37.57,452922213,452919324,76,5177,2855,3590,24496,1543,3,1,True
2026-04-30T13:11:24.481,T1,1,664,6.914,-70.3,-93.1,-22.9,147.66,417347918,417344969,76,11454,11222,7807,26925,1657,3,1,True
2026-04-30T13:11:26.520,T1,1,666,10.065,-67.5,-97.1,-29.5,71.58,757547492,757543200,88,5917,6299,5553,26635,1500,3,1,True
2026-04-30T13:11:27.482,T1,1,667,7.167,-69.5,-94.1,-24.6,120.0,429202757,429199700,108,179,12960,14831,43049,2039,3,1,True
2026-04-30T13:11:38.521,T1,1,678,6.543,-74.7,-101.2,-26.5,41.79,429669092,429666301,80,5157,3343,5886,29169,2009,3,1,True
2026-04-30T13:11:39.481,T1,1,679,7.036,-73.2,-100.9,-27.7,66.85,433899602,433896601,88,174,5883,4703,23314,1706,3,1,True
2026-04-30T13:11:40.470,T1,1,680,6.684,-74.8,-99.4,-24.6,84.77,436624098,436621247,84,2212,7121,7587,29796,2039,3,1,True
2026-04-30T13:11:41.491,T1,1,681,9.263,-69.1,-96.5,-27.4,93.03,736496553,736492603,80,3238,7442,5733,19851,1366,3,1,True
2026-04-30T13:11:42.511,T1,1,682,7.739,-78.0,-104.5,-26.5,33.75,449141924,449138623,24,1017,810,530,1341,483,3,1,True
2026-04-30T13:11:43.470,T1,1,683,6.712,-69.7,-104.1,-34.4,22.92,422820606,422817743,104,2318,2384,3547,25854,1590,3,1,True
2026-04-30T13:11:45.481,T1,1,685,6.717,-71.0,-104.3,-33.3,44.88,430057885,430055021,76,2004,3411,2277,21937,1533,3,1,True
2026-04-30T13:11:46.470,T1,1,686,8.494,-71.1,-102.8,-31.7,42.08,666623029,666619407,100,4356,4208,2641,32079,1863,3,1,True
2026-04-30T13:11:49.500,T1,1,689,8.18,-71.7,-104.0,-32.4,43.62,558580475,558576987,92,451,4013,4130,31556,1882,3,1,True
2026-04-30T13:11:50.491,T1,1,690,7.598,-73.5,-104.5,-31.1,42.77,445968957,445965716,64,1001,2737,2551,14094,1339,3,1,True
2026-04-30T13:11:51.481,T1,1,691,9.47,-70.2,-101.5,-31.3,54.8,758379790,758375752,76,3470,4165,3926,26214,1630,3,1,True
2026-04-30T13:11:52.500,T1,1,692,7.082,-70.4,-105.1,-34.6,34.19,471875053,471872033,88,3305,3009,1822,30388,1771,3,1,True
2026-04-30T13:11:53.491,T1,1,693,7.814,-76.8,-106.4,-29.5,31.5,448340858,448337525,28,740,882,575,1884,550,3,1,True
2026-04-30T13:11:56.490,T1,1,696,7.078,-71.0,-104.3,-33.3,43.21,433275946,433272928,80,2919,3457,2398,27567,1718,3,1,True
2026-04-30T13:11:58.500,T1,1,698,9.048,-73.4,-104.8,-31.4,33.77,734276398,734272540,88,1723,2972,4440,31428,1994,3,1,True
2026-04-30T13:12:08.492,T1,1,708,7.303,-72.3,-103.6,-31.3,44.27,444613139,444610024,92,1584,4073,3443,25420,1728,3,1,True
2026-04-30T13:12:10.530,T1,1,710,7.655,-90.0,-108.3,-18.3,25.12,429543519,429540254,8,147,201,254,65,190,3,1,True
2026-04-30T13:12:12.481,T1,1,712,6.688,-71.3,-103.5,-32.2,45.56,419924329,419921476,100,2346,4556,3143,31022,1844,3,1,True
2026-04-30T13:12:13.500,T1,1,713,6.796,-70.9,-103.9,-33.0,38.22,426168907,426166008,112,1474,4281,3608,32170,1852,3,1,True
2026-04-30T13:12:15.510,T1,1,715,6.763,-70.8,-103.6,-32.9,38.59,420531802,420528917,104,1756,4013,3654,29860,1775,3,1,True
2026-04-30T13:12:16.528,T1,1,716,9.657,-73.7,-103.5,-29.8,42.38,752142677,752138559,116,2269,4916,3590,30573,1990,3,1,True
2026-04-30T13:12:20.489,T1,1,720,6.801,-71.0,-103.5,-32.5,38.9,424230615,424227715,92,1502,3579,3720,25329,1651,3,1,True
2026-04-30T13:12:22.501,T1,1,722,7.716,-88.2,-108.1,-19.8,21.5,445837132,445833842,12,231,258,176,111,202,3,1,True
2026-04-30T13:12:24.511,T1,1,724,6.721,-70.8,-103.7,-32.9,42.26,423549271,423546405,100,1576,4226,3636,31246,1821,3,1,True
2026-04-30T13:12:26.490,T1,1,726,7.505,-73.1,-105.0,-31.9,35.72,443750342,443747142,80,1738,2858,2492,18550,1519,3,1,True
2026-04-30T13:12:27.510,T1,1,727,9.887,-71.3,-104.2,-32.9,38.54,750336842,750332625,108,1807,4162,4185,38066,2041,3,1,True
2026-04-30T13:12:28.531,T1,1,728,9.095,-72.3,-104.3,-31.9,40.98,727583820,727579942,104,2592,4262,3299,34097,2002,3,1,True
2026-04-30T13:12:29.489,T1,1,729,6.754,-70.1,-103.6,-33.5,40.35,421608939,421606059,112,2476,4519,3325,35735,1899,3,1,True
2026-04-30T13:12:30.511,T1,1,730,6.731,-70.4,-104.0,-33.6,34.67,409258706,409255836,104,1282,3606,3881,30780,1780,3,1,True
2026-04-30T13:12:31.560,T1,1,731,9.17,-70.3,-103.6,-33.3,41.17,727886373,727882463,108,2065,4446,3389,33117,1840,3,1,True
2026-04-30T13:12:32.519,T1,1,732,7.312,-70.6,-103.6,-33.0,46.0,493340247,493337128,92,1508,4232,3600,30603,1790,3,1,True
2026-04-30T13:12:33.511,T1,1,733,6.712,-71.2,-104.1,-32.9,42.58,418806804,418803942,92,2129,3917,3358,30738,1828,3,1,True
2026-04-30T13:12:36.510,T1,1,736,6.862,-71.1,-104.1,-33.0,38.77,424951447,424948520,88,1269,3412,3808,27946,1740,3,1,True
2026-04-30T13:12:37.513,T1,1,737,7.162,-69.4,-104.1,-34.7,37.14,468879644,468876590,96,1581,3565,3662,32091,1757,3,1,True
2026-04-30T13:12:38.520,T1,1,738,7.115,-72.1,-104.2,-32.1,44.39,466753233,466750198,96,2310,4261,3529,34530,1998,3,1,True
2026-04-30T13:12:39.508,T1,1,739,9.817,-69.8,-104.1,-34.3,37.94,754849240,754845053,96,1752,3642,3795,33530,1820,3,1,True
2026-04-30T13:12:40.529,T1,1,740,6.806,-70.6,-103.6,-33.0,49.15,426217999,426215096,84,1540,4129,3558,29838,1765,3,1,True
2026-04-30T13:12:41.520,T1,1,741,7.176,-70.6,-103.9,-33.3,42.01,472171506,472168445,96,3198,4033,2791,33547,1869,3,1,True
2026-04-30T13:12:42.540,T1,1,742,8.78,-71.0,-103.9,-32.9,45.85,670834873,670831128,100,2315,4585,3150,34820,1930,3,1,True
2026-04-30T13:12:43.529,T1,1,743,6.834,-71.0,-103.6,-32.7,25.14,407595147,407592232,92,3326,2313,4112,30288,1800,3,1,True
2026-04-30T13:12:44.520,T1,1,744,6.96,-71.5,-103.8,-32.3,33.17,421379597,421376629,96,2465,3184,4045,29437,1806,3,1,True
2026-04-30T13:12:46.530,T1,1,746,6.707,-71.4,-103.3,-32.0,45.76,402198690,402195829,80,1352,3661,3158,20713,1509,3,1,True
2026-04-30T13:12:48.540,T1,1,748,9.517,-70.3,-103.4,-33.1,49.15,688180741,688176682,84,2976,4129,2533,29107,1726,3,1,True
2026-04-30T13:12:49.530,T1,1,749,8.433,-101.9,-108.0,-6.1,18.25,424382871,424379275,8,86,146,187,2,130,3,1,True
2026-04-30T13:12:52.529,T1,1,752,9.845,-71.2,-101.9,-30.6,37.96,747131339,747127140,84,4285,3189,4283,27703,1736,3,1,True
2026-04-30T13:12:54.538,T1,1,754,6.656,-70.6,-103.3,-32.7,53.88,400208264,400205425,80,3282,4310,2546,30702,1791,3,1,True
2026-04-30T13:12:55.529,T1,1,755,7.223,-71.5,-103.1,-31.6,49.64,470497931,470494851,72,1487,3574,3421,20705,1518,3,1,True
2026-04-30T13:12:57.539,T1,1,757,6.735,-72.4,-104.0,-31.6,39.47,416672168,416669296,120,2012,4737,3590,34995,2036,3,1,True
2026-04-30T13:12:58.528,T1,1,758,7.172,-72.5,-103.9,-31.4,45.77,464545418,464542359,84,1405,3845,4306,30488,1907,3,1,True
2026-04-30T13:12:59.519,T1,1,759,6.918,-73.2,-104.2,-31.0,48.31,433433321,433430370,96,1931,4638,3579,33265,2038,3,1,True
2026-04-30T13:13:00.571,T1,1,760,10.23,-73.0,-103.8,-30.8,47.4,746837985,746833623,100,2134,4740,3468,32110,1989,3,1,True
2026-04-30T13:13:01.528,T1,1,761,7.322,-70.9,-103.8,-32.9,30.28,423334557,423331434,112,2213,3391,3641,28060,1728,3,1,True
2026-04-30T13:13:03.540,T1,1,763,10.239,-69.9,-103.6,-33.8,30.18,744488665,744484298,96,2201,2897,3729,26533,1622,3,1,True
2026-04-30T13:13:04.528,T1,1,764,6.862,-71.4,-103.7,-32.3,33.71,422430278,422427352,80,1939,2697,3719,22083,1562,3,1,True
2026-04-30T13:13:06.539,T1,1,766,7.148,-71.0,-103.7,-32.7,39.53,468122495,468119446,100,3760,3953,2586,33638,1900,3,1,True
2026-04-30T13:13:08.549,T1,1,768,9.493,-70.5,-103.7,-33.2,34.08,685543059,685539011,96,2413,3272,4239,32960,1848,3,1,True
2026-04-30T13:13:09.541,T1,1,769,7.237,-70.2,-103.3,-33.1,47.0,468169611,468166524,96,2893,4512,2883,32503,1817,3,1,True
2026-04-30T13:13:10.557,T1,1,770,6.735,-71.0,-103.8,-32.7,40.07,404597952,404595079,100,1958,4007,2904,26283,1681,3,1,True
2026-04-30T13:13:11.547,T1,1,771,9.714,-70.8,-103.7,-33.0,36.81,744775324,744771182,96,1717,3534,4081,30148,1784,3,1,True
2026-04-30T13:13:12.538,T1,1,772,6.745,-71.5,-103.0,-31.5,52.53,405916889,405914012,76,2036,3992,3113,22686,1587,3,1,True
2026-04-30T13:13:13.529,T1,1,773,7.026,-71.1,-103.0,-31.9,47.33,426885089,426882092,80,2470,3786,4148,29305,1781,3,1,True
2026-04-30T13:13:14.549,T1,1,774,6.923,-70.6,-104.3,-33.7,46.38,420925759,420922807,84,2462,3896,2721,30826,1791,3,1,True
2026-04-30T13:13:16.557,T1,1,776,6.749,-71.7,-102.8,-31.1,55.97,396042674,396039796,76,1800,4254,3202,22439,1591,3,1,True
2026-04-30T13:13:17.549,T1,1,777,7.157,-72.6,-105.1,-32.5,43.8,467670056,467667004,84,1203,3679,2999,27384,1813,3,1,True
2026-04-30T13:13:26.547,T1,1,786,7.866,-70.0,-103.7,-33.7,43.54,484435107,484431752,92,1779,4006,4065,35295,1879,3,1,True
2026-04-30T13:13:27.567,T1,1,787,8.902,-69.2,-103.8,-34.6,38.5,681110169,681106373,76,1884,2926,3102,23301,1487,3,1,True
2026-04-30T13:13:28.559,T1,1,788,7.35,-69.9,-104.5,-34.5,34.38,483921430,483918295,100,518,3438,3866,31954,1785,3,1,True
2026-04-30T13:13:30.569,T1,1,790,9.629,-70.1,-104.3,-34.2,35.75,683468318,683464212,92,1492,3289,3162,25760,1609,3,1,True
2026-04-30T13:13:32.549,T1,1,792,8.03,-71.2,-104.1,-32.9,34.62,483471831,483468407,104,3321,3600,2127,28487,1759,3,1,True
2026-04-30T13:13:34.557,T1,1,794,6.745,-70.6,-104.9,-34.3,39.35,409724583,409721706,92,1444,3620,2665,27494,1694,3,1,True
2026-04-30T13:13:40.557,T1,1,800,6.74,-70.5,-104.2,-33.7,27.95,400203365,400200490,84,1399,2348,3355,19957,1438,3,1,True
2026-04-30T13:13:41.548,T1,1,801,6.745,-70.1,-104.4,-34.2,38.06,411631644,411628768,100,1571,3806,4076,38090,1960,3,1,True
2026-04-30T13:13:42.568,T1,1,802,7.176,-71.7,-104.4,-32.7,32.05,465236767,465233706,128,1324,4103,4156,36972,2039,3,1,True
2026-04-30T13:13:43.559,T1,1,803,7.233,-69.8,-104.1,-34.3,37.08,464817123,464814038,96,2121,3560,3060,28756,1684,3,1,True
2026-04-30T13:13:45.566,T1,1,805,7.293,-71.1,-103.3,-32.2,41.81,463613196,463610085,80,3146,3345,2340,22197,1549,3,1,True
2026-04-30T13:13:50.578,T1,1,810,6.862,-72.5,-102.3,-29.9,48.84,413441796,413438870,104,4404,5079,3141,33302,1989,3,1,True
2026-04-30T13:13:56.576,T1,1,816,6.721,-69.7,-104.1,-34.4,31.64,401102493,401099627,104,1867,3291,3964,32797,1793,3,1,True
2026-04-30T13:13:58.558,T1,1,818,7.645,-75.7,-104.4,-28.7,40.16,421481786,421478526,32,620,1285,1662,3728,745,3,1,True
2026-04-30T13:13:59.605,T1,1,819,9.156,-70.9,-103.8,-32.9,51.61,714458739,714454834,72,2374,3716,2846,26219,1671,3,1,True
2026-04-30T13:14:01.587,T1,1,821,9.582,-70.8,-103.5,-32.6,38.82,679494042,679489955,92,1814,3571,3940,27798,1717,3,1,True
2026-04-30T13:14:04.587,T1,1,824,7.57,-86.8,-103.3,-16.5,54.35,519248746,519245517,88,2289,4783,3264,10801,1858,3,1,True
2026-04-30T13:14:05.578,T1,1,825,6.965,-70.7,-103.2,-32.4,45.39,431771791,431768820,104,3655,4721,2858,36273,1955,3,1,True
2026-04-30T13:14:06.567,T1,1,826,9.263,-70.9,-103.4,-32.5,39.89,718539867,718535916,76,1787,3032,3995,24592,1619,3,1,True
2026-04-30T13:14:07.588,T1,1,827,7.439,-70.8,-103.0,-32.3,35.58,479381837,479378664,124,3056,4412,2681,28774,1742,3,1,True
2026-04-30T13:14:09.567,T1,1,829,6.735,-71.9,-103.8,-31.9,36.8,405216263,405213390,100,1598,3680,3946,27964,1784,3,1,True
2026-04-30T13:14:10.586,T1,1,830,7.903,-92.3,-109.8,-17.5,11.5,427269158,427265788,8,136,92,201,29,165,3,1,True
2026-04-30T13:14:11.577,T1,1,831,9.268,-71.1,-103.7,-32.6,42.58,717055078,717051125,88,1587,3747,3568,26577,1694,3,1,True
2026-04-30T13:14:12.596,T1,1,832,9.24,-70.7,-104.2,-33.5,30.1,709450709,709446769,112,1662,3371,4153,33078,1864,3,1,True
2026-04-30T13:14:13.588,T1,1,833,6.712,-71.8,-103.4,-31.5,33.22,395856926,395854064,120,1783,3987,4579,32082,1910,3,1,True
2026-04-30T13:14:14.577,T1,1,834,9.789,-71.9,-103.9,-31.9,48.26,735771303,735767128,76,1958,3668,3439,26157,1731,3,1,True
2026-04-30T13:14:15.596,T1,1,835,6.829,-72.4,-103.8,-31.4,38.38,407181349,407178436,120,1915,4606,3892,34338,2014,3,1,True
2026-04-30T13:14:16.588,T1,1,836,7.401,-72.1,-103.3,-31.2,43.35,478023017,478019861,96,1617,4162,3656,25670,1721,3,1,True
2026-04-30T13:14:17.576,T1,1,837,7.444,-72.3,-103.8,-31.6,47.78,483693221,483690047,96,1649,4587,3989,34439,2008,3,1,True
2026-04-30T13:14:19.585,T1,1,839,7.364,-71.5,-104.0,-32.5,41.26,477685915,477682775,88,1530,3631,3858,28802,1789,3,1,True
2026-04-30T13:14:22.616,T1,1,842,7.612,-74.1,-104.9,-30.8,34.61,414642346,414639100,44,777,1523,1714,5778,876,3,1,True
2026-04-30T13:14:24.597,T1,1,844,9.414,-71.4,-103.9,-32.6,41.95,735083026,735079012,88,1393,3692,3918,29246,1794,3,1,True
2026-04-30T13:14:25.585,T1,1,845,7.322,-73.6,-103.7,-30.1,46.8,470554821,470551699,104,2721,4867,3048,31034,1996,3,1,True
2026-04-30T13:14:28.587,T1,1,848,7.767,-70.3,-103.7,-33.4,32.24,476425255,476421943,100,1695,3224,3813,26605,1648,3,1,True
2026-04-30T13:14:30.595,T1,1,850,6.778,-71.7,-103.2,-31.5,48.8,404606472,404603581,92,2562,4490,3068,28243,1785,3,1,True
2026-04-30T13:14:31.587,T1,1,851,7.322,-70.6,-103.7,-33.1,41.48,411180264,411177141,100,2397,4148,2846,29039,1739,3,1,True
2026-04-30T13:14:32.576,T1,1,852,8.916,-70.4,-103.2,-32.8,36.36,664605031,664601228,84,2827,3054,3948,28070,1702,3,1,True
2026-04-30T13:14:33.596,T1,1,853,6.731,-70.6,-103.8,-33.2,39.74,387924135,387921265,84,2162,3338,4088,31131,1803,3,1,True
2026-04-30T13:14:34.585,T1,1,854,6.778,-71.7,-103.9,-32.2,38.46,401282023,401279132,84,942,3231,3625,22455,1588,3,1,True
2026-04-30T13:14:35.606,T1,1,855,6.918,-72.3,-103.6,-31.3,51.5,418653618,418650667,84,1608,4326,3614,28371,1824,3,1,True
2026-04-30T13:14:37.586,T1,1,857,7.795,-72.2,-104.0,-31.7,48.6,475641627,475638303,88,2965,4277,3409,34704,2013,3,1,True
2026-04-30T13:14:38.606,T1,1,858,9.315,-71.4,-103.1,-31.7,50.76,610677436,610673463,92,2555,4670,3783,33232,1913,3,1,True
2026-04-30T13:14:41.605,T1,1,861,9.446,-72.2,-104.1,-31.9,48.47,674230018,674225990,96,2406,4653,3183,35124,2024,3,1,True
2026-04-30T13:14:43.585,T1,1,863,9.925,-70.4,-104.1,-33.7,28.96,732507100,732502868,104,2519,3012,4240,34739,1888,3,1,True
2026-04-30T13:14:44.577,T1,1,864,6.66,-71.3,-104.2,-32.9,38.33,388110880,388108040,88,1293,3373,3576,26156,1695,3,1,True
2026-04-30T13:14:45.597,T1,1,865,6.843,-70.8,-104.0,-33.2,45.8,405997591,405994672,76,3382,3481,2156,27966,1718,3,1,True
2026-04-30T13:14:47.636,T1,1,867,7.139,-70.9,-103.8,-32.9,30.31,449474399,449471355,112,2135,3395,4120,31209,1824,3,1,True
2026-04-30T13:14:48.596,T1,1,868,6.698,-72.0,-103.6,-31.6,48.59,393786428,393783571,96,2892,4665,3342,34650,1993,3,1,True
2026-04-30T13:14:51.596,T1,1,871,7.589,-71.4,-104.8,-33.4,40.06,423893264,423890028,64,930,2564,2132,13786,1235,3,1,True
2026-04-30T13:14:52.615,T1,1,872,7.326,-71.8,-104.6,-32.7,38.41,466635251,466632126,112,1993,4302,3339,35460,2008,3,1,True
2026-04-30T13:14:53.606,T1,1,873,7.598,-73.6,-104.5,-30.9,38.72,421623678,421620438,64,1115,2478,1987,10486,1159,3,1,True
2026-04-30T13:14:54.597,T1,1,874,6.843,-70.6,-103.7,-33.0,38.24,411362796,411359877,96,1422,3671,3224,24151,1588,3,1,True
2026-04-30T13:14:55.615,T1,1,875,6.74,-71.5,-104.1,-32.6,39.07,390287456,390284582,88,1366,3438,3681,26273,1706,3,1,True
2026-04-30T13:14:57.626,T1,1,877,6.763,-70.6,-103.7,-33.2,54.25,399962117,399959233,68,2614,3689,2807,26844,1671,3,1,True
2026-04-30T13:14:58.616,T1,1,878,8.433,-74.9,-104.9,-30.0,33.36,488032605,488029009,36,1172,1201,877,3306,682,3,1,True
2026-04-30T13:14:59.606,T1,1,879,6.937,-71.7,-103.9,-32.2,34.46,422815725,422812766,84,2522,2895,3684,25781,1702,3,1,True
2026-04-30T13:15:00.625,T1,1,880,7.157,-72.6,-104.1,-31.6,33.07,447955107,447952054,124,1244,4101,4385,34199,2023,3,1,True
2026-04-30T13:15:01.615,T1,1,881,10.253,-70.8,-104.3,-33.4,42.52,732678018,732673645,92,1580,3912,2885,27673,1714,3,1,True
2026-04-30T13:15:05.605,T1,1,885,7.326,-70.1,-103.8,-33.7,42.11,469357080,469353955,100,3384,4211,2546,35410,1888,3,1,True
2026-04-30T13:15:06.626,T1,1,886,7.303,-70.7,-103.7,-32.9,41.72,463334660,463331545,100,2499,4172,3048,30574,1795,3,1,True
2026-04-30T13:15:07.616,T1,1,887,10.305,-70.7,-104.1,-33.4,43.21,729930425,729926031,84,1983,3630,2712,25137,1627,3,1,True
2026-04-30T13:15:10.614,T1,1,890,6.796,-71.4,-104.4,-33.1,39.28,400556386,400553488,104,1772,4085,3711,35564,1978,3,1,True
2026-04-30T13:15:13.644,T1,1,893,8.26,-75.1,-105.7,-30.6,26.97,470886379,470882856,32,625,863,1134,2666,616,3,1,True
2026-04-30T13:15:14.634,T1,1,894,9.245,-70.5,-103.8,-33.2,43.53,662969385,662965443,92,1663,4005,3416,29393,1748,3,1,True
2026-04-30T13:15:19.615,T1,1,899,6.787,-72.7,-104.4,-31.7,33.13,401142036,401139142,104,2217,3446,4157,32472,1981,3,1,True
2026-04-30T13:15:22.615,T1,1,902,9.92,-69.6,-103.8,-34.3,36.11,728710962,728706731,100,1148,3611,3357,26804,1613,3,1,True
2026-04-30T13:15:23.634,T1,1,903,7.12,-72.5,-105.0,-32.5,43.08,447959787,447956751,92,1824,3963,3330,33780,2005,3,1,True
2026-04-30T13:15:24.624,T1,1,904,6.815,-69.9,-103.8,-33.9,45.6,402783835,402780929,92,2156,4195,2746,30275,1733,3,1,True
2026-04-30T13:15:26.637,T1,1,906,7.495,-70.9,-103.8,-32.9,34.81,420333800,420330603,88,1992,3063,3973,27666,1719,3,1,True
2026-04-30T13:15:27.625,T1,1,907,6.871,-71.2,-104.3,-33.1,29.95,402652966,402650036,108,1736,3235,4167,32327,1875,3,1,True
2026-04-30T13:15:28.646,T1,1,908,8.391,-78.5,-106.0,-27.4,30.82,475483686,475480108,28,369,863,740,1311,486,3,1,True
2026-04-30T13:15:29.635,T1,1,909,7.275,-73.7,-104.0,-30.3,42.7,468757089,468753986,88,2284,3758,4452,31839,2030,3,1,True
2026-04-30T13:15:30.625,T1,1,910,9.245,-71.4,-104.0,-32.6,40.18,707995991,707992048,92,3593,3697,2102,29665,1810,3,1,True
2026-04-30T13:15:31.645,T1,1,911,6.843,-70.9,-103.9,-33.0,42.03,401554666,401551747,88,1594,3699,3370,26628,1684,3,1,True
2026-04-30T13:15:33.625,T1,1,913,7.387,-70.5,-103.9,-33.4,42.6,464800022,464796872,104,2237,4430,2964,33176,1855,3,1,True
2026-04-30T13:15:36.653,T1,1,916,9.437,-69.9,-104.2,-34.3,32.27,716497651,716493627,88,1092,2840,3094,20838,1438,3,1,True
2026-04-30T13:15:37.644,T1,1,917,6.923,-72.2,-104.2,-32.0,49.45,415854973,415852020,92,1839,4549,3633,35312,2031,3,1,True
2026-04-30T13:15:40.645,T1,1,920,8.321,-77.4,-106.6,-29.2,24.0,467901866,467898318,24,228,576,613,876,382,3,1,True
2026-04-30T13:15:41.635,T1,1,921,9.817,-70.0,-104.2,-34.2,38.48,767600427,767596241,96,2182,3694,3265,32185,1794,3,1,True
2026-04-30T13:15:42.654,T1,1,922,7.462,-70.5,-104.4,-33.8,46.96,483271646,483268463,80,1255,3757,3326,29533,1751,3,1,True
2026-04-30T13:15:43.644,T1,1,923,7.247,-69.9,-104.0,-34.1,37.91,448694502,448691412,96,1799,3639,3837,32997,1813,3,1,True
2026-04-30T13:15:48.655,T1,1,928,6.857,-71.8,-103.4,-31.6,42.02,401539385,401536460,100,2188,4202,3200,26528,1732,3,1,True
2026-04-30T13:15:50.665,T1,1,930,7.157,-70.5,-104.1,-33.6,32.54,444231014,444227962,96,1634,3124,3451,25368,1624,3,1,True
2026-04-30T13:15:51.655,T1,1,931,6.937,-69.9,-103.7,-33.8,43.52,415069542,415066584,96,3381,4178,2544,34708,1857,3,1,True
2026-04-30T13:15:53.662,T1,1,933,10.244,-69.6,-104.2,-34.6,34.88,720384520,720380151,124,2458,4325,3070,39010,1950,3,1,True
2026-04-30T13:15:54.683,T1,1,934,7.293,-70.2,-104.3,-34.1,42.1,461746481,461743371,92,1317,3873,3093,29112,1720,3,1,True
2026-04-30T13:15:55.643,T1,1,935,9.39,-70.6,-104.6,-34.0,39.34,713031264,713027260,100,1387,3934,3661,35450,1923,3,1,True
2026-04-30T13:15:56.694,T1,1,936,6.801,-70.9,-103.5,-32.6,36.89,392724981,392722081,104,2076,3837,4280,32690,1864,3,1,True
2026-04-30T13:15:58.644,T1,1,938,6.862,-70.7,-104.2,-33.4,37.56,397645452,397642526,112,2894,4207,2712,34939,1919,3,1,True
2026-04-30T13:16:00.653,T1,1,940,7.336,-71.9,-104.1,-32.2,38.28,461003731,461000602,100,1853,3828,4453,35760,2023,3,1,True
2026-04-30T13:16:04.674,T1,1,944,6.909,-70.7,-103.7,-33.0,30.93,415924719,415921772,124,1385,3835,4273,32606,1850,3,1,True
2026-04-30T13:16:06.653,T1,1,946,6.754,-72.5,-104.0,-31.5,37.37,405413481,405410600,124,1961,4634,3561,33395,1991,3,1,True
2026-04-30T13:16:07.673,T1,1,947,7.125,-72.1,-105.2,-33.0,36.98,440241830,440238792,108,1695,3994,3296,35263,2023,3,1,True
2026-04-30T13:16:10.672,T1,1,950,8.26,-76.9,-106.0,-29.1,35.25,462543127,462539604,24,468,846,604,1342,465,3,1,True
2026-04-30T13:16:11.662,T1,1,951,8.194,-76.7,-105.2,-28.6,42.16,462997975,462994480,32,750,1349,1093,3165,709,3,1,True
2026-04-30T13:16:12.653,T1,1,952,7.439,-73.1,-103.7,-30.7,50.56,468940039,468936867,88,2308,4449,3127,27996,1863,3,1,True
2026-04-30T13:16:13.674,T1,1,953,6.904,-71.3,-103.5,-32.2,27.34,398999466,398996521,92,2994,2515,4718,32096,1873,3,1,True
2026-04-30T13:16:14.664,T1,1,954,7.673,-72.5,-103.5,-31.0,44.01,462438527,462435255,88,1470,3873,3334,22115,1622,3,1,True
2026-04-30T13:16:15.653,T1,1,955,6.989,-71.0,-104.5,-33.5,28.94,411835440,411832459,104,1354,3010,3531,25722,1663,3,1,True
2026-04-30T13:16:16.674,T1,1,956,6.726,-70.3,-104.1,-33.8,39.81,390373992,390371123,64,1780,2548,3449,22587,1520,3,1,True
2026-04-30T13:16:17.664,T1,1,957,6.801,-72.8,-104.3,-31.5,43.9,395150155,395147255,104,2573,4566,2972,33728,2022,3,1,True
2026-04-30T13:16:18.714,T1,1,958,6.932,-71.7,-103.6,-32.0,46.43,409343242,409340285,100,2071,4643,3487,32851,1920,3,1,True
2026-04-30T13:16:19.672,T1,1,959,7.659,-73.3,-105.0,-31.7,43.1,414140611,414137345,52,1000,2241,1803,9788,1109,3,1,True
2026-04-30T13:16:20.664,T1,1,960,9.77,-72.8,-104.9,-32.0,41.68,763887131,763882964,96,1389,4001,3563,32290,1984,3,1,True
2026-04-30T13:16:21.683,T1,1,961,9.432,-70.2,-103.8,-33.6,42.81,713623681,713619659,100,2146,4281,3136,32372,1811,3,1,True
2026-04-30T13:16:22.673,T1,1,962,7.453,-71.4,-104.1,-32.6,31.51,413617892,413614714,96,1772,3025,3939,26971,1727,3,1,True
2026-04-30T13:16:25.674,T1,1,965,6.829,-71.2,-104.1,-32.9,38.6,394337425,394334513,88,2427,3397,2467,23308,1590,3,1,True
2026-04-30T13:16:27.683,T1,1,967,6.834,-71.3,-103.5,-32.2,41.1,396753497,396750583,88,3336,3617,2291,25079,1657,3,1,True
2026-04-30T13:16:29.663,T1,1,969,9.873,-70.9,-103.1,-32.2,45.78,769577513,769573302,92,1627,4212,3733,27453,1710,3,1,True
2026-04-30T13:16:33.681,T1,1,973,7.406,-70.4,-103.8,-33.4,44.97,458015574,458012416,88,2010,3957,2645,25975,1637,3,1,True
2026-04-30T13:16:35.662,T1,1,975,7.659,-71.8,-103.1,-31.4,47.42,513875440,513872173,80,3097,3794,3172,25951,1713,3,1,True
2026-04-30T13:16:36.683,T1,1,976,6.759,-70.4,-102.9,-32.5,37.58,391572060,391569178,116,3416,4359,2977,31515,1802,3,1,True
2026-04-30T13:16:38.692,T1,1,978,8.959,-71.4,-105.2,-33.8,38.46,651337013,651333192,84,1590,3231,2473,23844,1622,3,1,True
2026-04-30T13:16:39.684,T1,1,979,7.162,-72.6,-103.4,-30.9,43.74,441993056,441990002,84,2246,3674,3377,23246,1667,3,1,True
2026-04-30T13:16:41.691,T1,1,981,9.789,-72.8,-105.8,-32.9,44.39,764297147,764292972,72,730,3196,2514,22177,1644,3,1,True
2026-04-30T13:16:42.683,T1,1,982,7.293,-70.8,-102.8,-31.9,39.29,408872484,408869373,108,3707,4243,2632,28979,1754,3,1,True
2026-04-30T13:16:44.691,T1,1,984,7.706,-72.4,-105.5,-33.0,40.13,513569532,513566245,84,489,3371,2952,25314,1730,3,1,True
2026-04-30T13:16:47.692,T1,1,987,7.322,-71.3,-103.6,-32.3,46.83,457865600,457862477,88,2087,4121,2968,26633,1708,3,1,True
2026-04-30T13:16:48.683,T1,1,988,7.148,-72.1,-104.2,-32.1,32.44,433634080,433631031,84,1493,2725,3180,19017,1484,3,1,True
2026-04-30T13:16:49.703,T1,1,989,7.172,-70.9,-103.4,-32.5,47.24,448599081,448596022,84,1758,3968,3888,29306,1768,3,1,True
2026-04-30T13:16:50.693,T1,1,990,7.514,-82.8,-107.4,-24.6,24.85,393592899,393589695,20,340,497,311,435,325,3,1,True
2026-04-30T13:16:55.701,T1,1,995,7.157,-70.4,-103.8,-33.4,40.58,433771102,433768050,92,2458,3733,2392,24999,1602,3,1,True
2026-04-30T13:16:56.691,T1,1,996,7.101,-71.8,-104.3,-32.5,41.15,391209545,391206517,108,2496,4444,2997,34977,1993,3,1,True
2026-04-30T13:16:57.681,T1,1,997,7.073,-71.5,-104.2,-32.7,38.69,430835133,430832116,100,2691,3869,2900,30719,1848,3,1,True
2026-04-30T13:16:58.702,T1,1,998,8.255,-81.8,-106.8,-25.0,28.3,456076297,456072776,20,429,566,358,559,355,3,1,True
2026-04-30T13:16:59.691,T1,1,999,7.214,-73.0,-103.9,-30.9,47.67,438964740,438961664,100,2107,4767,3490,32865,2009,3,1,True
2026-04-30T13:17:02.690,T1,1,1002,7.997,-69.9,-104.0,-34.1,33.2,473026370,473022960,112,2611,3718,4100,39940,1994,3,1,True
2026-04-30T13:17:04.702,T1,1,1004,6.792,-69.4,-104.7,-35.3,39.33,391052166,391049269,84,1261,3304,2801,26492,1597,3,1,True
2026-04-30T13:17:05.690,T1,1,1005,7.354,-68.4,-105.4,-36.9,30.44,405263040,405259904,108,832,3287,2976,32868,1719,3,1,True
2026-04-30T13:17:07.701,T1,1,1007,6.998,-68.7,-103.8,-35.1,25.71,409930152,409927167,68,3110,1748,3233,25417,1525,3,1,True
2026-04-30T13:17:09.740,T1,1,1009,7.228,-68.3,-105.3,-37.0,37.44,446359046,446355964,72,897,2696,2372,21695,1389,3,1,True
2026-04-30T13:17:10.702,T1,1,1010,7.786,-68.8,-104.6,-35.7,32.31,471356600,471353280,96,1313,3102,2874,25519,1536,3,1,True
2026-04-30T13:17:11.720,T1,1,1011,9.901,-68.7,-104.1,-35.4,36.38,758421516,758417293,100,1754,3638,2690,27578,1590,3,1,True
2026-04-30T13:17:12.712,T1,1,1012,6.749,-68.3,-105.4,-37.1,30.8,391655048,391652170,108,921,3326,2894,33107,1719,3,1,True
2026-04-30T13:17:15.712,T1,1,1015,10.141,-68.4,-104.9,-36.5,34.67,716418901,716414576,88,1211,3051,2253,22988,1436,3,1,True
2026-04-30T13:17:16.732,T1,1,1016,7.702,-68.7,-104.0,-35.3,37.79,495134750,495131466,100,2742,3779,2414,31979,1711,3,1,True
2026-04-30T13:17:18.712,T1,1,1018,7.434,-84.1,-108.3,-24.2,23.08,389084181,389081011,12,263,277,208,203,232,3,1,True
2026-04-30T13:17:20.690,T1,1,1020,8.278,-76.5,-106.5,-30.0,20.68,459726254,459722724,28,390,579,666,1111,417,3,1,True
2026-04-30T13:17:21.711,T1,1,1021,7.064,-69.4,-106.6,-37.2,34.48,430873290,430870277,84,1066,2896,2147,27933,1638,3,1,True
2026-04-30T13:17:22.700,T1,1,1022,7.369,-69.4,-103.7,-34.4,33.57,461797259,461794116,108,4035,3626,2685,37786,1902,3,1,True
2026-04-30T13:17:23.692,T1,1,1023,7.744,-68.3,-101.9,-33.6,45.34,495600664,495597361,76,3847,3446,2459,23800,1456,3,1,True
2026-04-30T13:17:25.699,T1,1,1025,9.873,-70.6,-105.2,-34.6,33.77,710415820,710411609,100,887,3377,2583,25229,1624,3,1,True
2026-04-30T13:17:27.710,T1,1,1027,8.217,-80.8,-104.1,-23.2,29.12,454265586,454262082,24,586,699,645,633,366,3,1,True
2026-04-30T13:17:30.711,T1,1,1030,7.528,-77.6,-107.3,-29.7,18.5,405368427,405365217,28,832,518,439,1545,512,3,1,True
2026-04-30T13:17:31.701,T1,1,1031,7.111,-70.3,-106.8,-36.5,21.06,444614256,444611223,100,1956,2106,2795,31395,1790,3,1,True
2026-04-30T13:17:32.751,T1,1,1032,7.359,-69.7,-101.4,-31.6,55.7,443381418,443378279,100,3518,5570,5244,41390,2018,3,1,True
2026-04-30T13:17:33.711,T1,1,1033,7.261,-70.2,-104.9,-34.7,40.38,447927227,447924130,84,1605,3392,3257,31464,1790,3,1,True
2026-04-30T13:17:34.730,T1,1,1034,9.671,-72.9,-104.4,-31.4,40.72,747851869,747847744,100,1166,4072,4253,33671,2032,3,1,True
2026-04-30T13:17:40.699,T1,1,1040,9.287,-68.3,-104.9,-36.5,33.9,588387108,588383148,88,2459,2983,1941,26914,1550,3,1,True
2026-04-30T13:17:42.741,T1,1,1042,7.636,-69.2,-105.1,-35.9,35.05,498128937,498125680,104,1178,3645,3569,39069,1924,3,1,True
2026-04-30T13:17:43.730,T1,1,1043,8.33,-75.0,-106.5,-31.5,26.31,471457299,471453747,36,727,947,715,2581,605,3,1,True
2026-04-30T13:17:44.719,T1,1,1044,10.3,-68.9,-104.7,-35.8,28.64,710187243,710182850,96,1704,2749,3426,29515,1653,3,1,True
2026-04-30T13:17:47.719,T1,1,1047,7.143,-69.2,-104.8,-35.6,37.38,442630732,442627685,84,2802,3140,2046,29045,1659,3,1,True
2026-04-30T13:17:50.720,T1,1,1050,7.406,-70.2,-105.6,-35.4,36.03,399080648,399077489,68,1325,2450,2210,19100,1392,3,1,True
2026-04-30T13:17:51.739,T1,1,1051,8.902,-68.6,-104.8,-36.1,28.92,587260289,587256492,112,1285,3239,2952,28794,1619,3,1,True
2026-04-30T13:17:52.729,T1,1,1052,7.228,-68.1,-105.1,-37.0,30.12,439785153,439782070,88,1033,2651,3090,27055,1540,3,1,True
2026-04-30T13:17:53.720,T1,1,1053,9.878,-68.4,-104.4,-36.0,33.93,712689437,712685224,92,1339,3122,3035,26601,1543,3,1,True
2026-04-30T13:17:54.740,T1,1,1054,7.05,-70.7,-104.8,-34.1,40.24,429004943,429001937,104,2659,4185,2745,38933,2024,3,1,True
2026-04-30T13:17:55.729,T1,1,1055,6.97,-68.7,-104.3,-35.5,35.51,401589546,401586574,80,1609,2841,3115,24893,1510,3,1,True
2026-04-30T13:17:57.739,T1,1,1057,7.209,-68.9,-104.1,-35.2,46.08,443705397,443702322,60,728,2765,2874,19122,1332,3,1,True
2026-04-30T13:17:58.729,T1,1,1058,7.148,-68.0,-105.2,-37.1,35.91,432333148,432330099,96,2323,3447,2250,35233,1754,3,1,True
2026-04-30T13:17:59.721,T1,1,1059,10.005,-69.4,-104.5,-35.1,38.45,713655417,713651150,80,606,3076,3488,27017,1610,3,1,True
2026-04-30T13:18:00.739,T1,1,1060,7.007,-69.1,-104.6,-35.5,35.8,427603209,427600221,88,2440,3150,2377,27727,1614,3,1,True
2026-04-30T13:18:04.728,T1,1,1064,10.155,-69.7,-104.2,-34.6,44.58,706820764,706816434,72,2999,3210,2090,26967,1625,3,1,True
2026-04-30T13:18:06.740,T1,1,1066,9.7,-69.8,-105.5,-35.7,30.27,750616020,750611883,128,2157,3874,2652,40101,1992,3,1,True
2026-04-30T13:18:07.730,T1,1,1067,7.589,-68.3,-104.9,-36.5,27.16,488889449,488886212,96,1608,2607,3675,33039,1716,3,1,True
2026-04-30T13:18:10.729,T1,1,1070,7.711,-68.2,-105.0,-36.8,34.5,447407438,447404150,100,1203,3450,2871,32504,1693,3,1,True
2026-04-30T13:18:12.740,T1,1,1072,10.595,-68.5,-104.7,-36.3,31.6,771238378,771233860,88,881,2781,3589,29703,1636,3,1,True
2026-04-30T13:18:13.728,T1,1,1073,9.939,-68.0,-104.2,-36.2,41.42,770547853,770543614,92,1635,3811,3085,33670,1716,3,1,True
2026-04-30T13:18:14.720,T1,1,1074,7.12,-69.1,-105.2,-36.1,24.84,443178417,443175380,120,620,2981,3467,31436,1717,3,1,True
2026-04-30T13:18:18.741,T1,1,1078,7.078,-69.4,-110.0,-40.6,19.48,447587954,447584936,84,1546,1636,1301,29529,1684,3,1,True
2026-04-30T13:18:21.738,T1,1,1081,7.472,-73.6,-107.2,-33.6,30.97,397404102,397400915,36,962,1115,758,4698,777,3,1,True
2026-04-30T13:18:22.758,T1,1,1082,6.834,-72.0,-108.6,-36.6,28.2,423354469,423351554,92,1490,2594,2057,34550,1992,3,1,True
2026-04-30T13:18:23.765,T1,1,1083,10.591,-71.5,-107.3,-35.9,24.91,768578897,768574381,100,2299,2491,1678,29389,1805,3,1,True
2026-04-30T13:18:24.739,T1,1,1084,7.261,-72.3,-101.1,-28.8,38.39,439954020,439950923,92,6647,3532,4379,34672,2018,3,1,True
2026-04-30T13:18:26.748,T1,1,1086,7.406,-73.2,-105.1,-31.9,43.66,423347090,423343932,56,2592,2445,1624,16807,1451,3,1,True
2026-04-30T13:18:27.739,T1,1,1087,10.061,-71.9,-112.7,-40.9,16.37,761792631,761788341,60,677,982,1084,18001,1432,3,1,True
2026-04-30T13:18:28.729,T1,1,1088,8.044,-71.9,-103.3,-31.4,41.81,422051168,422047737,68,1670,2843,3007,15670,1339,3,1,True
2026-04-30T13:18:29.780,T1,1,1089,11.027,-72.3,-114.2,-41.9,23.91,767115795,767111092,44,184,1052,702,15260,1336,3,1,True
2026-04-30T13:18:30.738,T1,1,1090,10.178,-72.7,-107.4,-34.8,25.33,749952159,749947819,88,2736,2229,1481,28294,1845,3,1,True
2026-04-30T13:18:34.728,T1,1,1094,7.828,-77.5,-105.2,-27.7,40.93,394461965,394458627,72,3164,2947,2242,19659,1816,3,1,True
2026-04-30T13:18:35.750,T1,1,1095,7.974,-74.7,-104.1,-29.4,50.9,425544940,425541539,68,1362,3461,3457,20044,1664,3,1,True
2026-04-30T13:18:36.740,T1,1,1096,8.447,-77.4,-99.1,-21.7,93.07,490318944,490315342,76,4706,7073,5950,21937,1913,3,1,True
2026-04-30T13:18:37.757,T1,1,1097,8.705,-77.6,-107.0,-29.4,36.15,484182562,484178849,84,820,3037,3034,23708,2001,3,1,True
2026-04-30T13:18:38.777,T1,1,1098,8.621,-72.0,-104.5,-32.5,48.53,506412728,506409051,72,2099,3494,2528,23906,1658,3,1,True
2026-04-30T13:18:39.737,T1,1,1099,7.739,-75.5,-106.4,-30.9,37.59,427887768,427884467,88,1477,3308,2987,27808,2016,3,1,True
2026-04-30T13:18:40.759,T1,1,1100,11.004,-75.3,-103.1,-27.8,42.92,749238219,749233527,88,4496,3777,3812,28784,2038,3,1,True
2026-04-30T13:18:42.796,T1,1,1102,10.853,-73.3,-104.6,-31.3,23.64,767466932,767462303,64,4104,1513,1312,20157,1591,3,1,True
2026-04-30T13:18:44.749,T1,1,1104,7.767,-75.1,-111.1,-36.0,19.89,449622162,449618850,76,1846,1512,990,25584,1908,3,1,True
2026-04-30T13:18:47.749,T1,1,1107,10.755,-74.5,-105.8,-31.3,39.13,769876195,769871609,76,3214,2974,2402,29070,1995,3,1,True
2026-04-30T13:18:48.767,T1,1,1108,8.142,-77.1,-102.0,-24.9,63.1,457165512,457162040,72,5427,4543,2892,23934,1979,3,1,True
2026-04-30T13:18:50.748,T1,1,1110,8.4,-76.1,-106.4,-30.2,37.75,483508120,483504538,72,968,2718,3692,26199,2002,3,1,True
2026-04-30T13:18:52.757,T1,1,1112,8.049,-78.9,-106.5,-27.7,50.77,391660527,391657094,48,1312,2437,1995,11871,1481,3,1,True
2026-04-30T13:18:53.777,T1,1,1113,10.108,-78.9,-111.9,-33.0,18.63,697055040,697050730,76,1842,1416,924,21841,2009,3,1,True
2026-04-30T13:18:54.774,T1,1,1114,8.339,-79.3,-107.4,-28.1,35.56,488768297,488764741,72,2748,2560,1833,21236,2009,3,1,True
2026-04-30T13:18:56.807,T1,1,1116,10.417,-80.8,-102.2,-21.4,71.82,745983047,745978604,60,4639,4309,3957,18543,1978,3,1,True
2026-04-30T13:18:59.778,T1,1,1119,11.069,-77.1,-110.6,-33.5,28.42,764084787,764080067,60,1551,1705,1246,20389,1828,3,1,True
2026-04-30T13:19:02.778,T1,1,1122,10.652,-74.7,-111.5,-36.7,20.94,762028525,762023983,64,897,1340,1092,16032,1492,3,1,True
2026-04-30T13:19:05.779,T1,1,1125,8.583,-74.1,-98.7,-24.6,79.49,515676279,515672619,88,5507,6995,4944,24375,1800,3,1,True
2026-04-30T13:19:06.766,T1,1,1126,8.02,-80.4,-109.9,-29.5,20.2,485324003,485320582,64,2677,1293,1160,20136,2033,3,1,True
2026-04-30T13:19:08.778,T1,1,1128,8.213,-77.0,-109.8,-32.8,29.23,486251485,486247983,60,599,1754,2534,24128,1979,3,1,True
2026-04-30T13:19:18.769,T1,1,1138,8.119,-73.3,-107.7,-34.4,27.3,414482619,414479157,104,1895,2839,2139,31828,1998,3,1,True
2026-04-30T13:19:20.778,T1,1,1140,8.513,-70.6,-108.1,-37.6,23.0,392601457,392597827,76,888,1748,1758,18153,1374,3,1,True
2026-04-30T13:19:23.777,T1,1,1143,8.762,-76.6,-104.6,-28.1,31.64,390925486,390921749,28,1009,886,479,1568,497,3,1,True
2026-04-30T13:19:25.788,T1,1,1145,10.671,-71.0,-103.7,-32.7,43.32,737899701,737895150,68,2727,2946,2077,18533,1410,3,1,True
2026-04-30T13:19:26.777,T1,1,1146,9.226,-73.7,-104.0,-30.3,37.23,438281948,438278014,64,2512,2383,1544,11845,1238,3,1,True
2026-04-30T13:19:27.767,T1,1,1147,8.513,-70.0,-101.8,-31.7,59.57,427400112,427396481,56,2877,3336,2478,16065,1270,3,1,True
2026-04-30T13:19:28.787,T1,1,1148,7.683,-71.2,-112.7,-41.6,12.3,387563561,387560285,76,966,935,1328,25960,1679,3,1,True
2026-04-30T13:19:30.768,T1,1,1150,8.79,-71.3,-102.4,-31.2,41.4,478644277,478640528,88,3731,3643,2540,22645,1573,3,1,True
2026-04-30T13:19:32.807,T1,1,1152,11.13,-69.5,-107.0,-37.5,27.59,742676277,742671531,56,1782,1545,1220,15383,1221,3,1,True
2026-04-30T13:19:36.766,T1,1,1156,9.601,-76.6,-105.7,-29.1,35.0,451871114,451867020,28,281,980,900,1811,535,3,1,True
2026-04-30T13:19:37.788,T1,1,1157,9.521,-72.5,-102.2,-29.7,51.38,450169162,450165101,72,1904,3699,3349,16747,1412,3,1,True
2026-04-30T13:19:38.805,T1,1,1158,8.766,-70.3,-99.7,-29.4,68.17,442383310,442379571,72,1141,4908,4780,18610,1379,3,1,True
2026-04-30T13:19:39.827,T1,1,1159,8.588,-70.6,-104.1,-33.4,37.69,437186769,437183106,72,3309,2714,1531,21137,1487,3,1,True
2026-04-30T13:19:40.787,T1,1,1160,8.696,-70.6,-103.7,-33.1,38.04,447992061,447988352,72,2137,2739,2037,15242,1263,3,1,True
2026-04-30T13:19:41.807,T1,1,1161,10.835,-70.6,-106.8,-36.2,31.6,734930547,734925926,68,1556,2149,1628,18617,1394,3,1,True
2026-04-30T13:19:43.788,T1,1,1163,8.954,-71.5,-113.4,-41.9,11.63,452680345,452676527,76,686,884,1298,24317,1643,3,1,True
2026-04-30T13:19:44.807,T1,1,1164,9.611,-71.9,-101.1,-29.2,54.28,515190444,515186346,80,4173,4342,3253,22390,1599,3,1,True
2026-04-30T13:19:45.798,T1,1,1165,10.375,-70.6,-114.0,-43.4,11.07,740104332,740099907,72,590,797,1150,23292,1557,3,1,True
2026-04-30T13:19:47.776,T1,1,1167,8.865,-74.8,-107.2,-32.4,31.75,386784967,386781186,32,653,1016,797,3294,678,3,1,True
2026-04-30T13:19:49.815,T1,1,1169,10.952,-71.8,-105.3,-33.5,36.57,745558780,745554110,72,2471,2633,1667,19737,1494,3,1,True
2026-04-30T13:19:50.806,T1,1,1170,11.05,-70.5,-102.9,-32.4,41.62,751779602,751774889,80,3958,3330,1895,23945,1576,3,1,True
2026-04-30T13:19:52.786,T1,1,1172,11.538,-69.5,-105.7,-36.2,35.34,763707650,763702730,68,1866,2403,1832,20451,1406,3,1,True
2026-04-30T13:19:54.796,T1,1,1174,11.97,-70.4,-101.2,-30.8,54.21,757620810,757615705,72,4428,3903,2402,21894,1503,3,1,True
2026-04-30T13:19:55.787,T1,1,1175,8.705,-70.8,-105.1,-34.3,36.84,439477647,439473934,68,2807,2505,1804,22455,1542,3,1,True
2026-04-30T13:19:56.805,T1,1,1176,8.973,-70.9,-106.5,-35.6,24.44,475839699,475835873,68,2340,1662,1244,17176,1353,3,1,True
2026-04-30T13:19:57.796,T1,1,1177,8.518,-71.2,-103.3,-32.1,40.71,416402377,416398745,76,2916,3094,2072,18542,1421,3,1,True
2026-04-30T13:19:59.835,T1,1,1179,8.827,-70.7,-108.0,-37.3,30.3,473150348,473146584,64,1482,1939,1336,19348,1426,3,1,True
2026-04-30T13:20:10.817,T1,1,1190,8.414,-70.8,-106.3,-35.5,28.55,414312024,414308435,76,2337,2170,1355,20431,1470,3,1,True
2026-04-30T13:20:11.807,T1,1,1191,7.95,-76.8,-113.8,-37.0,15.86,432734656,432731265,72,699,1142,882,16163,1610,3,1,True
2026-04-30T13:20:12.825,T1,1,1192,9.962,-70.5,-107.7,-37.1,24.8,558386133,558381884,76,1690,1885,1453,20107,1444,3,1,True
2026-04-30T13:20:13.817,T1,1,1193,7.96,-70.8,-112.6,-41.8,13.54,424464857,424461462,76,940,1029,1338,27076,1693,3,1,True
2026-04-30T13:20:18.827,T1,1,1198,11.079,-70.4,-103.5,-33.0,36.38,752165882,752161158,88,3247,3201,2374,23853,1567,3,1,True
2026-04-30T13:20:21.825,T1,1,1201,8.823,-71.9,-113.9,-42.0,14.91,444753650,444749887,76,635,1133,771,20497,1531,3,1,True
2026-04-30T13:20:22.814,T1,1,1202,8.982,-70.7,-106.8,-36.1,24.76,493040111,493036281,76,1885,1882,1570,18398,1390,3,1,True
2026-04-30T13:20:23.806,T1,1,1203,8.565,-70.7,-109.8,-39.1,19.7,430034904,430031251,80,1160,1576,1283,20954,1484,3,1,True
2026-04-30T13:20:25.817,T1,1,1205,7.988,-70.5,-113.0,-42.4,17.31,424728336,424724929,80,756,1385,944,27062,1677,3,1,True
2026-04-30T13:20:28.815,T1,1,1208,11.163,-70.3,-104.9,-34.6,28.03,758906935,758902175,88,2644,2467,1993,21655,1486,3,1,True
2026-04-30T13:20:30.825,T1,1,1210,8.959,-70.7,-101.1,-30.3,44.01,470147135,470143315,96,3867,4225,2852,20834,1481,3,1,True
2026-04-30T13:20:42.824,T1,1,1222,9.16,-70.7,-113.4,-42.6,17.24,441978881,441974974,72,542,1241,996,24409,1603,3,1,True
2026-04-30T13:20:43.845,T1,1,1223,8.203,-70.9,-113.1,-42.3,13.92,422502736,422499237,72,510,1002,1279,23637,1585,3,1,True
2026-04-30T13:20:44.834,T1,1,1224,13.1,-70.1,-100.8,-30.8,15.0,750858275,750852688,68,5772,1020,1562,18667,1370,3,1,True
2026-04-30T13:20:45.825,T1,1,1225,8.973,-71.0,-104.5,-33.5,29.71,427847833,427844007,80,2853,2377,2286,20912,1499,3,1,True
2026-04-30T13:20:47.833,T1,1,1227,9.184,-71.0,-104.4,-33.5,31.8,474639629,474635713,84,1744,2671,3253,22580,1555,3,1,True
2026-04-30T13:20:49.875,T1,1,1229,8.907,-69.9,-107.9,-38.0,29.06,468767260,468763462,72,1600,2092,1721,25698,1600,3,1,True
2026-04-30T13:20:50.836,T1,1,1230,11.238,-70.8,-104.2,-33.4,35.68,724585833,724581041,76,2018,2712,2549,18549,1399,3,1,True
2026-04-30T13:20:52.845,T1,1,1232,9.221,-70.9,-109.4,-38.5,18.35,488479313,488475381,88,1738,1615,1223,24437,1613,3,1,True
2026-04-30T13:20:53.865,T1,1,1233,9.54,-70.7,-104.4,-33.7,38.75,408352878,408348809,76,871,2945,3292,22409,1537,3,1,True
2026-04-30T13:20:56.835,T1,1,1236,11.079,-70.4,-104.8,-34.4,44.31,723419179,723414454,64,1565,2836,2074,18308,1374,3,1,True
2026-04-30T13:20:58.845,T1,1,1238,8.658,-70.0,-105.0,-35.1,38.13,420854099,420850406,60,2914,2288,1549,21501,1465,3,1,True
2026-04-30T13:20:59.835,T1,1,1239,10.239,-73.6,-106.7,-33.2,27.27,490499728,490495361,40,848,1091,830,4001,716,3,1,True
2026-04-30T13:21:03.823,T1,1,1243,9.17,-69.9,-107.3,-37.4,25.62,491178566,491174655,72,1791,1845,1356,19102,1379,3,1,True
2026-04-30T13:21:04.844,T1,1,1244,8.785,-70.9,-106.1,-35.3,33.5,424098574,424094827,76,1949,2546,1755,21709,1520,3,1,True
2026-04-30T13:21:05.835,T1,1,1245,9.634,-70.3,-107.9,-37.7,23.37,489259777,489255669,68,1831,1589,1180,18610,1379,3,1,True
2026-04-30T13:21:06.856,T1,1,1246,8.583,-70.1,-109.4,-39.3,23.55,420870116,420866456,56,1523,1319,959,18084,1351,3,1,True
2026-04-30T13:21:07.845,T1,1,1247,11.576,-70.5,-109.6,-39.1,18.12,729384095,729379158,88,1580,1595,1096,22948,1543,3,1,True
2026-04-30T13:21:08.834,T1,1,1248,9.057,-71.0,-108.0,-36.9,20.61,438388463,438384600,88,1864,1814,1682,23467,1589,3,1,True
2026-04-30T13:21:09.824,T1,1,1249,9.188,-70.1,-104.1,-34.0,35.6,470405756,470401837,92,1552,3275,2440,20564,1442,3,1,True
2026-04-30T13:21:11.833,T1,1,1251,8.396,-69.6,-107.1,-37.5,27.96,405567305,405563724,80,2176,2237,1438,26365,1602,3,1,True
2026-04-30T13:21:13.844,T1,1,1253,9.948,-69.8,-102.1,-32.3,17.72,464151236,464146993,88,5172,1559,1938,22837,1502,3,1,True
2026-04-30T13:21:15.854,T1,1,1255,11.899,-70.6,-101.8,-31.2,48.86,744846683,744841608,72,4303,3518,2397,22249,1525,3,1,True
2026-04-30T13:21:16.845,T1,1,1256,8.4,-70.4,-114.0,-43.6,14.1,469292080,469288497,72,462,1015,1172,27037,1669,3,1,True
2026-04-30T13:21:17.835,T1,1,1257,10.553,-90.0,-109.6,-19.6,15.92,443296191,443291691,12,197,191,152,69,194,3,1,True
2026-04-30T13:21:18.855,T1,1,1258,12.021,-71.2,-106.9,-35.6,21.56,746151379,746146252,104,2881,2242,1556,29381,1790,3,1,True
2026-04-30T13:21:19.842,T1,1,1259,8.447,-70.4,-110.3,-39.8,20.97,400026545,400022943,92,385,1929,1693,29087,1731,3,1,True
2026-04-30T13:21:20.835,T1,1,1260,10.014,-74.4,-109.9,-35.4,20.14,487494980,487490709,44,676,886,761,5452,861,3,1,True
2026-04-30T13:21:24.855,T1,1,1264,7.997,-70.3,-113.4,-43.0,13.95,421940651,421937241,84,533,1172,1253,28681,1715,3,1,True
2026-04-30T13:21:25.843,T1,1,1265,8.719,-70.1,-108.2,-38.0,14.65,405636629,405632910,84,1452,1231,2174,22820,1519,3,1,True
2026-04-30T13:21:27.853,T1,1,1267,9.981,-69.7,-108.3,-38.6,24.47,485244123,485239866,76,1657,1860,1347,23172,1510,3,1,True
2026-04-30T13:21:28.873,T1,1,1268,9.066,-69.8,-108.0,-38.1,21.88,476934175,476930308,72,1787,1575,1059,18095,1339,3,1,True
2026-04-30T13:21:29.866,T1,1,1269,9.381,-69.9,-107.7,-37.8,24.97,486508059,486504059,72,1709,1798,1324,19509,1392,3,1,True
2026-04-30T13:21:32.865,T1,1,1272,9.038,-69.5,-108.5,-39.0,17.39,468380754,468376900,92,2032,1600,1133,24296,1531,3,1,True
2026-04-30T13:21:34.904,T1,1,1274,8.611,-69.8,-108.1,-38.4,28.33,397513164,397509492,64,1295,1813,1455,19635,1392,3,1,True
2026-04-30T13:21:35.863,T1,1,1275,8.307,-69.6,-114.2,-44.6,10.75,437361376,437357833,64,704,688,1098,24754,1553,3,1,True
2026-04-30T13:21:36.854,T1,1,1276,8.771,-69.5,-107.5,-38.0,21.99,413740251,413736510,72,1973,1583,1165,19056,1358,3,1,True
2026-04-30T13:21:37.872,T1,1,1277,10.192,-73.8,-110.6,-36.8,21.38,484120952,484116606,40,528,855,709,5618,854,3,1,True
2026-04-30T13:21:47.862,T1,1,1287,10.042,-74.4,-109.1,-34.7,24.86,484484226,484479943,36,934,895,621,5155,837,3,1,True
2026-04-30T13:21:53.862,T1,1,1293,8.738,-70.4,-105.1,-34.8,32.59,416735719,416731992,68,2749,2216,1427,19354,1409,3,1,True
2026-04-30T13:21:54.854,T1,1,1294,10.558,-inf,-103.2,inf,35.5,438854931,438850428,8,161,284,175,0,110,1,1,False
2026-04-30T13:21:57.852,T1,1,1297,8.813,-69.2,-109.8,-40.6,11.0,413400854,413397095,84,1311,924,1683,22688,1467,3,1,True
2026-04-30T13:21:58.871,T1,1,1298,9.062,-69.3,-110.5,-41.2,19.51,480366945,480363080,72,1052,1405,1119,21320,1425,3,1,True
2026-04-30T13:22:06.883,T1,1,1306,7.856,-71.5,-113.4,-41.9,19.16,393278922,393275571,56,554,1073,719,16475,1352,3,1,True
2026-04-30T13:22:08.861,T1,1,1308,9.17,-71.5,-106.7,-35.2,28.33,398370257,398366346,72,2474,2040,1450,21898,1557,3,1,True
2026-04-30T13:22:09.881,T1,1,1309,7.969,-70.7,-112.8,-42.1,17.1,394111158,394107760,80,550,1368,1067,25459,1636,3,1,True
2026-04-30T13:22:12.941,T1,1,1312,11.684,-71.0,-112.7,-41.7,17.12,738353671,738348689,68,491,1164,1126,20761,1492,3,1,True
2026-04-30T13:22:14.893,T1,1,1314,10.929,-71.5,-105.0,-33.4,33.4,565052679,565048019,80,2486,2672,1780,19429,1471,3,1,True
2026-04-30T13:22:15.881,T1,1,1315,9.127,-70.6,-101.0,-30.4,55.35,414216983,414213091,80,3847,4428,3107,22430,1530,3,1,True
2026-04-30T13:22:17.892,T1,1,1317,8.241,-70.7,-113.0,-42.3,12.63,409257642,409254128,76,384,960,1300,21928,1516,3,1,True
2026-04-30T13:22:20.892,T1,1,1320,8.414,-72.2,-112.3,-40.1,20.45,430535755,430532167,76,996,1554,994,26995,1774,3,1,True
2026-04-30T13:22:21.882,T1,1,1321,8.349,-71.7,-112.5,-40.9,17.1,408997666,408994105,80,1011,1368,867,24387,1655,3,1,True
2026-04-30T13:22:22.872,T1,1,1322,8.48,-71.1,-113.2,-42.1,23.25,403002059,402998442,60,744,1395,1076,29522,1784,3,1,True
2026-04-30T13:22:23.892,T1,1,1323,8.977,-71.1,-104.9,-33.9,23.78,413104561,413100733,72,3278,1712,1731,20267,1479,3,1,True
2026-04-30T13:22:25.903,T1,1,1325,11.294,-71.2,-113.3,-42.1,13.83,677327850,677323034,72,450,996,1272,23210,1587,3,1,True
2026-04-30T13:22:26.893,T1,1,1326,9.235,-71.3,-102.8,-31.4,42.5,396556842,396552904,84,2484,3570,3310,21583,1539,3,1,True
2026-04-30T13:22:29.891,T1,1,1329,11.899,-70.6,-107.6,-37.0,25.26,737979347,737974273,80,1880,2021,1551,23227,1555,3,1,True
2026-04-30T13:22:30.883,T1,1,1330,8.944,-69.8,-103.7,-33.9,40.9,427245097,427241282,84,2916,3436,2471,26526,1618,3,1,True
2026-04-30T13:22:31.901,T1,1,1331,10.183,-72.4,-105.9,-33.5,32.42,495088307,495083964,64,1774,2075,1522,13391,1257,3,1,True
2026-04-30T13:22:32.893,T1,1,1332,9.437,-74.6,-113.2,-38.6,16.31,478417978,478413953,48,419,783,592,7281,1000,3,1,True
2026-04-30T13:22:33.913,T1,1,1333,12.003,-71.2,-107.4,-36.2,30.57,735465653,735460535,72,1106,2201,1980,21221,1519,3,1,True
2026-04-30T13:22:35.892,T1,1,1335,10.126,-75.9,-108.5,-32.6,25.61,478948509,478944190,28,93,717,691,1991,548,3,1,True
2026-04-30T13:22:37.933,T1,1,1337,11.777,-70.7,-104.9,-34.2,33.53,736167067,736162044,92,2037,3085,2264,23214,1562,3,1,True
2026-04-30T13:22:38.892,T1,1,1338,8.48,-71.4,-112.4,-41.0,17.18,458998575,458994959,76,793,1306,1310,26663,1715,3,1,True
2026-04-30T13:22:40.901,T1,1,1340,8.71,-70.8,-106.7,-35.9,29.44,410871326,410867611,80,1405,2355,1762,19900,1451,3,1,True
2026-04-30T13:22:41.892,T1,1,1341,8.663,-72.8,-106.1,-33.2,35.93,397121508,397117814,84,1538,3018,2196,22696,1662,3,1,True
2026-04-30T13:22:42.911,T1,1,1342,8.94,-70.9,-104.8,-33.9,34.65,425347420,425343608,88,2627,3049,2208,25079,1632,3,1,True
2026-04-30T13:22:43.902,T1,1,1343,8.968,-70.7,-104.9,-34.2,23.91,423710499,423706675,96,1827,2295,4055,31143,1809,3,1,True
2026-04-30T13:22:44.892,T1,1,1344,9.188,-70.9,-107.5,-36.6,23.17,481413422,481409504,76,1365,1761,1861,18518,1405,3,1,True
2026-04-30T13:22:45.910,T1,1,1345,8.738,-70.5,-103.9,-33.4,36.97,410690477,410686751,68,823,2514,2933,15567,1270,3,1,True
2026-04-30T13:22:46.902,T1,1,1346,11.008,-70.1,-106.2,-36.1,33.0,707941350,707936655,76,1428,2508,2205,22945,1519,3,1,True
2026-04-30T13:22:47.893,T1,1,1347,11.079,-69.5,-107.8,-38.3,23.91,704678195,704673470,68,1942,1626,1048,19793,1386,3,1,True
2026-04-30T13:22:48.912,T1,1,1348,9.202,-70.7,-108.7,-37.9,17.76,473875740,473871816,80,1646,1421,1119,17620,1363,3,1,True
2026-04-30T13:22:49.902,T1,1,1349,9.01,-69.7,-109.2,-39.5,21.08,456930268,456926426,80,910,1686,1336,19448,1379,3,1,True
2026-04-30T13:22:50.892,T1,1,1350,9.779,-69.2,-96.8,-27.6,25.58,420951420,420947249,76,8932,1944,2718,19431,1357,3,1,True
2026-04-30T13:22:52.900,T1,1,1352,9.747,-68.9,-99.4,-30.5,20.2,409000093,408995937,96,6843,1939,2962,23473,1478,3,1,True
2026-04-30T13:22:54.941,T1,1,1354,12.242,-68.8,-96.5,-27.6,21.92,731870581,731865360,92,9430,2017,2572,20158,1365,3,1,True
2026-04-30T13:22:57.912,T1,1,1357,12.931,-69.2,-100.4,-31.2,16.1,734039621,734034106,88,6842,1417,2395,26464,1581,3,1,True
2026-04-30T13:22:58.902,T1,1,1358,9.127,-69.1,-100.1,-30.9,22.29,404078081,404074189,84,6046,1872,2489,20937,1405,3,1,True
2026-04-30T13:23:02.922,T1,1,1362,8.532,-69.3,-108.7,-39.4,24.5,405784398,405780760,76,657,1862,1535,20482,1398,3,1,True
2026-04-30T13:23:03.911,T1,1,1363,11.097,-71.3,-105.7,-34.4,35.09,713497047,713492315,64,2107,2246,1591,17004,1364,3,1,True
2026-04-30T13:23:05.922,T1,1,1365,9.451,-70.5,-110.6,-40.1,18.14,450701877,450697847,80,908,1451,1415,22725,1535,3,1,True
2026-04-30T13:23:06.911,T1,1,1366,9.723,-70.9,-107.1,-36.2,28.93,473707356,473703210,72,2044,2083,1382,21033,1497,3,1,True
2026-04-30T13:23:08.922,T1,1,1368,8.522,-68.7,-105.4,-36.7,33.21,391789516,391785882,68,1779,2258,1755,18060,1284,3,1,True
2026-04-30T13:23:09.913,T1,1,1369,8.175,-71.8,-113.7,-41.9,11.32,417852583,417849096,92,477,1041,1414,28579,1800,3,1,True
2026-04-30T13:23:11.920,T1,1,1371,7.842,-70.4,-112.9,-42.4,16.55,406913094,406909750,84,747,1390,1075,28831,1725,3,1,True
2026-04-30T13:23:12.912,T1,1,1372,11.383,-70.4,-112.5,-42.1,10.33,730255588,730250734,92,944,950,1480,29031,1729,3,1,True
2026-04-30T13:23:15.911,T1,1,1375,8.461,-69.0,-112.6,-43.6,14.72,448292399,448288791,88,453,1295,1267,28790,1641,3,1,True
2026-04-30T13:23:17.920,T1,1,1377,11.829,-69.3,-105.9,-36.5,25.66,728566519,728561475,96,2420,2463,2118,27806,1631,3,1,True
2026-04-30T13:23:20.920,T1,1,1380,9.324,-72.2,-108.7,-36.6,20.81,422466844,422462867,48,1000,999,1025,8224,978,3,1,True
2026-04-30T13:23:21.912,T1,1,1381,12.983,-69.1,-102.2,-33.1,33.39,729549691,729544154,92,4654,3072,2351,27139,1596,3,1,True
2026-04-30T13:23:22.932,T1,1,1382,8.729,-69.3,-107.6,-38.3,27.92,418422432,418418709,76,1492,2122,2018,27350,1617,3,1,True
2026-04-30T13:23:23.921,T1,1,1383,10.028,-72.4,-110.2,-37.7,18.08,470342454,470338177,48,278,868,874,5856,833,3,1,True
2026-04-30T13:23:25.934,T1,1,1385,8.935,-69.4,-105.8,-36.3,23.45,414396904,414393093,60,2001,1407,1936,16001,1241,3,1,True
2026-04-30T13:23:26.920,T1,1,1386,8.593,-69.7,-104.8,-35.1,43.08,398145448,398141784,52,1722,2240,1469,13242,1140,3,1,True
2026-04-30T13:23:29.921,T1,1,1389,7.537,-73.5,-107.9,-34.4,29.55,388897030,388893816,84,1845,2482,1861,26272,1830,3,1,True
2026-04-30T13:23:30.911,T1,1,1390,8.114,-75.3,-111.1,-35.8,20.33,470485313,470481852,88,1563,1789,1369,28386,2024,3,1,True
2026-04-30T13:23:31.931,T1,1,1391,10.248,-75.3,-108.8,-33.5,21.92,706517858,706513487,76,2923,1666,1364,28847,2039,3,1,True
2026-04-30T13:23:32.920,T1,1,1392,7.734,-76.2,-112.0,-35.7,17.19,446174677,446171378,84,660,1444,1873,25834,1995,3,1,True
2026-04-30T13:23:34.931,T1,1,1394,8.55,-71.2,-107.2,-36.0,23.17,395586004,395582358,84,2312,1946,1197,21506,1529,3,1,True
2026-04-30T13:23:35.921,T1,1,1395,11.538,-69.5,-109.3,-39.8,16.88,733506875,733501954,68,1286,1148,1567,20227,1398,3,1,True
2026-04-30T13:23:36.910,T1,1,1396,8.94,-71.5,-103.2,-31.7,45.51,454417781,454413969,100,2269,4551,3848,32003,1883,3,1,True
2026-04-30T13:23:38.922,T1,1,1398,8.372,-73.8,-103.2,-29.4,45.74,404065350,404061780,76,3339,3476,3052,22095,1696,3,1,True
2026-04-30T13:23:41.921,T1,1,1401,8.691,-72.4,-108.3,-35.9,16.58,386795800,386792093,96,1934,1592,2222,26837,1783,3,1,True
2026-04-30T13:23:42.941,T1,1,1402,8.546,-70.7,-110.7,-40.1,17.91,417226016,417222371,80,918,1433,1133,19873,1444,3,1,True
2026-04-30T13:23:43.931,T1,1,1403,8.429,-70.4,-106.3,-35.9,27.32,398672408,398668814,84,2107,2295,1615,21316,1482,3,1,True
2026-04-30T13:23:44.921,T1,1,1404,8.588,-72.8,-98.3,-25.5,66.65,427469766,427466103,124,6448,8264,6015,33921,2029,3,1,True
2026-04-30T13:23:45.941,T1,1,1405,11.96,-71.6,-111.9,-40.3,12.89,725349220,725344120,88,1195,1134,1534,29711,1824,3,1,True
2026-04-30T13:23:57.939,T1,1,1417,9.423,-70.5,-103.0,-32.4,31.5,397516869,397512851,88,3915,2772,3013,25767,1636,3,1,True
2026-04-30T13:23:58.930,T1,1,1418,9.39,-70.7,-100.3,-29.6,29.34,399135664,399131660,80,4693,2347,2811,15104,1261,3,1,True
2026-04-30T13:23:59.919,T1,1,1419,9.221,-71.1,-104.2,-33.1,52.82,464650793,464646861,68,226,3592,2715,20741,1496,3,1,True
2026-04-30T13:24:03.940,T1,1,1423,9.601,-69.7,-105.9,-36.2,24.51,465597867,465593772,72,2847,1765,1532,22539,1488,3,1,True
2026-04-30T13:24:04.959,T1,1,1424,10.061,-86.6,-106.4,-19.8,21.1,400931689,400927398,20,598,422,476,442,373,3,1,True
2026-04-30T13:24:05.950,T1,1,1425,8.335,-72.9,-112.9,-40.0,9.63,465276516,465272962,60,963,578,1156,17290,1452,3,1,True
2026-04-30T13:24:08.947,T1,1,1428,8.443,-71.0,-108.6,-37.6,22.58,394121213,394117612,96,1216,2168,1942,28162,1738,3,1,True
2026-04-30T13:24:09.939,T1,1,1429,8.771,-70.0,-101.4,-31.4,52.79,398016696,398012955,80,2052,4223,3910,21659,1472,3,1,True
2026-04-30T13:24:14.950,T1,1,1434,10.155,-69.1,-98.1,-29.1,85.62,769894025,769889695,68,3933,5822,4395,20010,1372,3,1,True
2026-04-30T13:24:16.989,T1,1,1436,9.864,-67.0,-91.2,-24.2,195.46,723085927,723081720,52,6098,10164,6627,12485,1009,3,1,True
2026-04-30T13:24:18.939,T1,1,1438,6.918,-64.8,-88.0,-23.2,182.81,465456007,465453056,100,9646,18281,16409,26535,1363,3,1,True
2026-04-30T13:24:20.979,T1,1,1440,6.97,-69.5,-91.8,-22.3,173.44,462204739,462201767,80,9032,13875,10102,24819,1552,3,1,True
2026-04-30T13:24:21.939,T1,1,1441,6.276,-65.8,-88.2,-22.3,207.75,394785531,394782854,68,14233,14127,10836,18969,1194,3,1,True
2026-04-30T13:24:22.957,T1,1,1442,7.223,-70.2,-88.3,-18.0,210.03,453828136,453825055,72,18109,15122,10249,18346,1366,3,1,True
2026-04-30T13:24:24.970,T1,1,1444,6.759,-68.8,-95.5,-26.7,98.43,439692723,439689840,60,6738,5906,5728,18414,1304,3,1,True
2026-04-30T13:24:25.958,T1,1,1445,7.472,-68.7,-96.8,-28.2,67.99,464213970,464210783,76,8879,5167,3419,25862,1536,3,1,True
2026-04-30T13:24:26.948,T1,1,1446,6.712,-69.8,-99.3,-29.5,50.88,420204300,420201438,60,5706,3053,2187,16874,1293,3,1,True
2026-04-30T13:24:27.969,T1,1,1447,6.158,-71.5,-100.6,-29.1,53.21,408771403,408768777,72,5272,3831,2583,21270,1539,3,1,True
2026-04-30T13:24:28.959,T1,1,1448,6.52,-68.6,-103.2,-34.5,37.16,440017825,440015045,68,3013,2527,1644,17325,1256,3,1,True
2026-04-30T13:24:30.968,T1,1,1450,7.612,-79.9,-106.5,-26.5,20.12,463321421,463318175,16,401,322,430,420,289,3,1,True
2026-04-30T13:24:31.957,T1,1,1451,6.515,-69.9,-102.5,-32.6,66.79,438772081,438769302,52,2930,3473,2888,21725,1470,3,1,True
2026-04-30T13:24:33.007,T1,1,1452,8.743,-70.3,-104.5,-34.2,35.28,662977104,662973375,92,2245,3246,2277,24042,1570,3,1,True
2026-04-30T13:24:34.957,T1,1,1454,6.285,-69.1,-102.3,-33.2,45.5,411908025,411905344,60,2285,2730,2676,15059,1190,3,1,True
2026-04-30T13:24:35.949,T1,1,1455,6.993,-86.9,-97.6,-10.7,73.02,476572481,476569498,84,6320,6134,4450,7311,1535,3,1,True
2026-04-30T13:24:37.958,T1,1,1457,9.207,-68.6,-103.7,-35.1,35.0,719053300,719049374,60,1472,2100,2400,13406,1104,3,1,True
2026-04-30T13:24:39.970,T1,1,1459,6.637,-71.1,-98.8,-27.7,87.48,452082143,452079312,52,1682,4549,4360,12458,1159,3,1,True
2026-04-30T13:24:40.958,T1,1,1460,6.721,-68.2,-96.5,-28.3,95.12,393564394,393561528,60,3038,5707,6345,17455,1242,3,1,True
2026-04-30T13:24:43.958,T1,1,1463,6.191,-68.9,-101.8,-32.8,14.13,388495334,388492693,104,5962,1470,3472,33846,1775,3,1,True
2026-04-30T13:24:52.956,T1,1,1472,4.733,-61.7,-88.4,-26.8,206.22,394381771,394379752,68,6379,14023,8333,15977,948,3,1,True
2026-04-30T13:24:53.976,T1,1,1473,4.756,-63.5,-81.4,-17.9,255.29,389580492,389578464,68,8173,17360,15883,16282,1021,3,1,True
2026-04-30T13:24:57.969,T1,1,1477,5.338,-63.5,-87.0,-23.6,143.39,395020099,395017823,104,16604,14913,8487,22146,1188,3,1,True
2026-04-30T13:24:58.988,T1,1,1478,5.694,-63.0,-86.1,-23.1,173.42,498532147,498529718,84,10969,14567,14518,20440,1123,3,1,True
2026-04-30T13:25:01.987,T1,1,1481,6.294,-72.4,-89.6,-17.3,176.46,456080152,456077468,24,2743,4235,3116,1156,369,3,1,True
2026-04-30T13:25:04.986,T1,1,1484,5.347,-63.3,-88.2,-24.9,143.19,456695257,456692976,88,4852,12601,14476,17187,1040,3,1,True
2026-04-30T13:25:05.978,T1,1,1485,5.413,-63.7,-82.6,-18.9,162.69,456704281,456701973,88,16868,14317,17081,22037,1193,3,1,True
2026-04-30T13:25:06.967,T1,1,1486,5.896,-inf,-99.4,inf,42.0,411211569,411209054,8,283,336,346,0,107,1,1,False
2026-04-30T13:25:08.978,T1,1,1488,5.375,-63.5,-87.4,-23.9,163.04,455077979,455075687,112,16417,18260,11672,29293,1370,3,1,True
2026-04-30T13:25:11.017,T1,1,1490,6.374,-71.2,-89.1,-17.9,170.14,457931493,457928775,28,3287,4764,3695,1475,400,3,1,True
2026-04-30T13:25:11.977,T1,1,1491,5.811,-68.2,-88.7,-20.5,134.25,406550105,406547626,64,5473,8592,8180,5980,726,3,1,True
2026-04-30T13:25:12.996,T1,1,1492,6.928,-62.7,-86.6,-23.9,158.2,651172351,651169397,108,10547,17086,14062,23846,1202,3,1,True
2026-04-30T13:25:14.977,T1,1,1494,5.394,-63.3,-85.9,-22.6,185.93,451353459,451351159,88,10605,16362,13526,20441,1135,3,1,True
2026-04-30T13:25:15.967,T1,1,1495,5.75,-64.4,-84.4,-20.0,171.49,500050774,500048321,96,12135,16463,17765,22327,1232,3,1,True
2026-04-30T13:25:16.988,T1,1,1496,6.379,-74.5,-90.0,-15.5,127.38,454463655,454460935,24,2573,3057,3710,909,352,3,1,True
2026-04-30T13:25:18.967,T1,1,1498,5.46,-64.1,-86.1,-22.1,146.21,453963424,453961096,112,14052,16375,18272,28007,1364,3,1,True
2026-04-30T13:25:19.987,T1,1,1499,5.042,-63.8,-85.6,-21.8,182.27,390770961,390768811,88,10324,16040,13478,18809,1108,3,1,True
2026-04-30T13:25:20.977,T1,1,1500,5.385,-64.4,-87.3,-22.9,179.79,450534532,450532235,104,15667,18698,11728,27242,1359,3,1,True
2026-04-30T13:25:22.986,T1,1,1502,5.586,-64.1,-85.2,-21.1,169.53,405273605,405271222,100,11117,16953,16343,22187,1215,3,1,True
2026-04-30T13:25:23.978,T1,1,1503,5.506,-62.8,-88.1,-25.2,175.39,453366279,453363931,84,7528,14733,12040,18513,1063,3,1,True
2026-04-30T13:25:24.996,T1,1,1504,6.534,-69.0,-89.0,-20.0,118.23,473800709,473797922,52,5533,6148,8070,4762,666,3,1,True
2026-04-30T13:25:25.986,T1,1,1505,7.786,-63.3,-87.2,-24.0,164.33,758314389,758311069,108,14332,17748,11132,25745,1272,3,1,True
2026-04-30T13:25:27.997,T1,1,1507,7.753,-63.4,-86.2,-22.8,183.59,753650659,753647352,80,11098,14687,9358,15731,999,3,1,True
2026-04-30T13:25:28.985,T1,1,1508,5.483,-63.3,-87.4,-24.1,168.44,447140111,447137772,112,13653,18865,12664,28350,1338,3,1,True
2026-04-30T13:25:30.997,T1,1,1510,5.413,-64.2,-87.1,-22.9,184.04,447279362,447277054,96,13658,17668,13548,25399,1303,3,1,True
2026-04-30T13:25:31.987,T1,1,1511,5.525,-62.1,-86.0,-23.9,162.67,450567286,450564929,108,12173,17568,16224,28663,1289,3,1,True
2026-04-30T13:25:32.977,T1,1,1512,6.506,-71.3,-88.8,-17.5,122.0,461815180,461812405,36,4089,4392,5448,1922,459,3,1,True
2026-04-30T13:25:36.005,T1,1,1515,7.978,-62.8,-86.6,-23.9,198.21,654584972,654581569,80,8800,15857,14821,21759,1150,3,1,True
2026-04-30T13:25:36.995,T1,1,1516,5.919,-76.8,-90.1,-13.3,152.3,404482404,404479879,20,2314,3046,2608,571,302,3,1,True
2026-04-30T13:25:38.977,T1,1,1518,5.943,-64.3,-85.2,-20.9,209.6,511123568,511121034,80,11282,16768,17692,23259,1253,3,1,True
2026-04-30T13:25:39.995,T1,1,1519,4.958,-62.9,-85.4,-22.5,183.88,387274933,387272819,84,12287,15446,16054,23368,1195,3,1,True
2026-04-30T13:25:42.996,T1,1,1522,5.488,-62.0,-85.1,-23.1,124.75,448879421,448877080,72,12094,8982,12836,14774,923,3,1,True
2026-04-30T13:25:43.986,T1,1,1523,7.697,-62.5,-87.9,-25.4,167.84,717141664,717138381,100,11106,16784,11490,23648,1187,3,1,True
2026-04-30T13:25:48.005,T1,1,1527,5.263,-65.1,-88.0,-22.9,86.15,430761590,430759346,164,14081,14129,12517,20579,1213,3,1,True
2026-04-30T13:25:48.995,T1,1,1528,6.126,-64.1,-87.9,-23.8,193.83,452809396,452806783,96,12937,18608,14923,29036,1393,3,1,True
2026-04-30T13:25:53.017,T1,1,1532,7.256,-63.6,-86.0,-22.3,174.66,641849573,641846479,88,9499,15370,15092,19800,1129,3,1,True
2026-04-30T13:25:56.015,T1,1,1535,4.981,-64.7,-87.8,-23.1,173.81,387038591,387036466,88,8420,15295,12552,17414,1100,3,1,True
2026-04-30T13:25:57.006,T1,1,1536,5.333,-64.0,-86.2,-22.1,173.04,427890462,427888187,96,13834,16612,10037,19995,1151,3,1,True
2026-04-30T13:26:02.015,T1,1,1541,8.307,-64.3,-85.9,-21.6,209.02,708389174,708385631,80,10847,16722,14287,20452,1175,3,1,True
2026-04-30T13:26:03.006,T1,1,1542,7.974,-64.6,-86.3,-21.7,174.33,709148327,709144926,104,13384,18130,11002,21498,1217,3,1,True
2026-04-30T13:26:03.996,T1,1,1543,5.61,-64.4,-86.8,-22.4,166.66,402148992,402146599,88,11948,14666,8602,15451,1026,3,1,True
2026-04-30T13:26:05.016,T1,1,1544,7.5,-63.1,-86.8,-23.6,159.71,708353538,708350339,96,10271,15332,14617,21640,1161,3,1,True
2026-04-30T13:26:06.005,T1,1,1545,5.563,-64.3,-85.1,-20.8,150.29,457436208,457433835,100,12371,15029,17806,22346,1230,3,1,True
2026-04-30T13:26:10.024,T1,1,1549,5.394,-64.7,-83.5,-18.8,172.48,446828960,446826660,96,13497,16558,16370,20294,1187,3,1,True
2026-04-30T13:26:11.015,T1,1,1550,5.821,-68.7,-89.6,-21.0,148.36,399721141,399718658,44,6496,6528,3614,4142,615,3,1,True
2026-04-30T13:26:12.007,T1,1,1551,5.408,-62.6,-85.1,-22.5,136.16,426501510,426499204,116,11712,15795,15796,22975,1173,3,1,True
2026-04-30T13:26:13.023,T1,1,1552,5.478,-63.4,-85.6,-22.1,169.54,447563786,447561449,104,11945,17632,16073,25024,1262,3,1,True
2026-04-30T13:26:23.045,T1,1,1562,8.382,-62.5,-84.8,-22.3,133.59,703497219,703493645,104,14456,13893,17564,25311,1227,3,1,True
2026-04-30T13:26:25.084,T1,1,1564,7.814,-63.3,-86.0,-22.7,168.9,750539778,750536445,104,11541,17566,14661,24024,1230,3,1,True
2026-04-30T13:26:32.043,T1,1,1571,6.468,-68.2,-89.4,-21.2,171.31,461129589,461126830,32,3973,5482,4127,2603,480,3,1,True
2026-04-30T13:26:33.062,T1,1,1572,5.933,-63.0,-85.9,-22.9,183.27,494223854,494221324,88,11500,16128,10964,18974,1084,3,1,True
2026-04-30T13:26:34.024,T1,1,1573,6.29,-82.8,-92.1,-9.3,105.25,444683323,444680641,16,1251,1684,1631,198,219,3,1,True
2026-04-30T13:26:38.045,T1,1,1577,8.485,-61.1,-87.5,-26.4,160.54,765155677,765152059,108,10247,17338,13483,27752,1227,3,1,True
2026-04-30T13:26:40.055,T1,1,1579,6.29,-79.8,-91.9,-12.0,146.17,443135773,443133090,12,1375,1754,1278,215,206,3,1,True
2026-04-30T13:26:41.043,T1,1,1580,6.083,-62.6,-87.8,-25.3,163.69,459916666,459914071,96,10465,15714,9676,19662,1086,3,1,True
2026-04-30T13:26:42.063,T1,1,1581,7.364,-64.3,-86.6,-22.3,195.35,685214226,685211085,92,11865,17972,12632,22125,1223,3,1,True
2026-04-30T13:26:43.052,T1,1,1582,5.375,-63.0,-86.1,-23.1,177.81,427279254,427276962,100,11252,17781,13226,23222,1199,3,1,True
2026-04-30T13:26:45.064,T1,1,1584,5.549,-64.3,-86.0,-21.8,155.2,452725743,452723376,104,11555,16141,15743,22033,1218,3,1,True
2026-04-30T13:26:46.054,T1,1,1585,5.619,-62.0,-87.2,-25.3,179.29,459474156,459471760,92,10443,16495,11933,22899,1147,3,1,True
2026-04-30T13:26:48.065,T1,1,1587,5.793,-63.6,-87.2,-23.5,151.88,485141099,485138628,120,12909,18225,11854,24759,1264,3,1,True
2026-04-30T13:26:51.094,T1,1,1590,8.818,-64.7,-85.5,-20.8,167.96,764165335,764161574,100,11469,16796,12144,18051,1119,3,1,True
2026-04-30T13:26:52.053,T1,1,1591,7.819,-63.7,-85.4,-21.7,172.92,748865337,748862002,104,12032,17984,15925,24599,1263,3,1,True
2026-04-30T13:26:57.063,T1,1,1596,5.427,-63.7,-87.2,-23.5,170.48,439007647,439005332,96,11947,16366,10027,19756,1132,3,1,True
2026-04-30T13:26:59.043,T1,1,1598,6.463,-70.4,-89.4,-19.0,133.41,459339402,459336646,32,3303,4269,4673,1818,432,3,1,True
2026-04-30T13:27:02.042,T1,1,1601,5.309,-63.8,-86.4,-22.6,156.32,419399609,419397345,100,11686,15632,15077,22110,1202,3,1,True
2026-04-30T13:27:03.064,T1,1,1602,5.356,-63.3,-86.5,-23.3,172.48,423956839,423954554,100,12506,17248,10501,21464,1162,3,1,True
2026-04-30T13:27:05.103,T1,1,1604,5.591,-63.6,-85.8,-22.3,173.57,454591629,454589245,104,11890,18051,15450,25091,1269,3,1,True
2026-04-30T13:27:07.054,T1,1,1606,5.127,-64.2,-87.7,-23.5,165.13,398131349,398129163,108,14576,17834,13253,27354,1354,3,1,True
2026-04-30T13:27:12.063,T1,1,1611,5.779,-63.7,-85.3,-21.6,166.95,441996160,441993695,100,12275,16695,15883,23174,1225,3,1,True
2026-04-30T13:27:13.052,T1,1,1612,6.548,-76.9,-91.1,-14.2,120.71,456541146,456538353,24,2559,2897,1628,594,310,3,1,True
2026-04-30T13:27:14.073,T1,1,1613,7.894,-63.6,-84.9,-21.2,155.8,745561285,745557919,112,12200,17450,17177,24773,1263,3,1,True
2026-04-30T13:27:15.064,T1,1,1614,5.417,-63.6,-86.3,-22.7,187.8,437036341,437034030,80,11142,15024,15740,21839,1187,3,1,True
2026-04-30T13:27:17.132,T1,1,1616,5.811,-64.0,-86.7,-22.6,161.08,484932607,484930129,108,11527,17397,14081,23053,1237,3,1,True
2026-04-30T13:27:18.064,T1,1,1617,5.469,-63.9,-84.9,-21.0,164.88,430028108,430025775,104,11989,17147,16721,23374,1238,3,1,True
2026-04-30T13:27:19.112,T1,1,1618,6.459,-73.8,-89.9,-16.1,140.93,455365207,455362452,28,2778,3946,2863,1000,361,3,1,True
2026-04-30T13:27:20.073,T1,1,1619,6.06,-63.9,-86.9,-23.0,178.7,502208971,502206387,100,11865,17870,15427,26076,1311,3,1,True
2026-04-30T13:27:21.064,T1,1,1620,5.525,-64.3,-87.3,-23.0,195.73,443468319,443465962,84,10636,16441,11008,18798,1127,3,1,True
2026-04-30T13:27:23.073,T1,1,1622,6.294,-63.8,-86.7,-22.9,159.2,453505262,453502578,92,10297,14646,15844,21222,1175,3,1,True
2026-04-30T13:27:25.142,T1,1,1624,5.389,-63.9,-87.2,-23.3,134.28,421776506,421774207,116,11938,15577,14974,23207,1235,3,1,True
2026-04-30T13:27:26.103,T1,1,1625,7.556,-63.8,-87.9,-24.1,187.48,702533985,702530762,92,15614,17248,11415,27133,1331,3,1,True
2026-04-30T13:27:28.083,T1,1,1627,5.403,-64.0,-87.6,-23.5,148.81,421418932,421416628,124,15011,18453,10611,26277,1320,3,1,True
2026-04-30T13:27:30.091,T1,1,1629,5.455,-64.1,-86.5,-22.3,161.44,433488338,433486011,108,9921,17436,13433,20807,1178,3,1,True
2026-04-30T13:27:34.112,T1,1,1633,5.248,-63.9,-87.9,-24.0,143.85,417210589,417208351,124,15519,17838,12257,28398,1364,3,1,True
2026-04-30T13:27:37.083,T1,1,1636,5.811,-80.5,-91.6,-11.1,111.75,387198479,387196000,16,1264,1788,1588,215,211,3,1,True
2026-04-30T13:27:39.091,T1,1,1638,5.506,-64.1,-87.1,-23.0,183.99,435610484,435608135,92,12357,16927,9598,19855,1150,3,1,True
2026-04-30T13:27:42.151,T1,1,1641,5.638,-92.0,-86.9,5.1,198.12,476870388,476867983,88,10717,17435,12410,1627,1185,1,1,False
2026-04-30T13:27:45.094,T1,1,1644,5.347,-63.5,-85.6,-22.1,150.97,436290319,436288039,116,12036,17513,16376,25339,1271,3,1,True
2026-04-30T13:27:47.103,T1,1,1646,8.907,-63.8,-86.6,-22.8,162.43,755204867,755201068,108,11959,17542,15444,25419,1287,3,1,True
2026-04-30T13:27:49.111,T1,1,1648,8.4,-63.4,-87.2,-23.8,155.29,700749435,700745853,108,14323,16771,9683,22934,1205,3,1,True
2026-04-30T13:27:50.101,T1,1,1649,5.779,-63.4,-86.0,-22.6,150.63,473841930,473839465,120,12369,18076,13809,24329,1244,3,1,True
2026-04-30T13:27:51.090,T1,1,1650,5.6,-64.3,-87.0,-22.7,179.36,388252554,388250166,100,13337,17936,10601,22370,1228,3,1,True
2026-04-30T13:27:52.111,T1,1,1651,8.063,-63.9,-88.1,-24.2,161.83,700120931,700117493,116,15681,18772,12034,30793,1422,3,1,True
2026-04-30T13:27:53.103,T1,1,1652,8.902,-64.2,-86.9,-22.7,164.15,757241891,757238094,100,10374,16415,11533,18720,1119,3,1,True
2026-04-30T13:27:54.093,T1,1,1653,6.459,-81.5,-91.7,-10.2,106.12,449372421,449369666,16,1390,1698,2043,251,236,3,1,True
2026-04-30T13:27:55.113,T1,1,1654,7.551,-63.8,-85.3,-21.5,165.65,635178824,635175604,104,11460,17228,16150,23158,1230,3,1,True
2026-04-30T13:27:56.101,T1,1,1655,5.596,-63.5,-84.7,-21.2,139.85,450614385,450611998,104,12962,14544,17634,22854,1207,3,1,True
2026-04-30T13:27:58.081,T1,1,1657,6.904,-63.5,-86.4,-22.9,151.63,616041914,616038970,116,13361,17589,11434,23009,1211,3,1,True
2026-04-30T13:28:00.090,T1,1,1659,6.491,-77.3,-91.1,-13.8,148.5,447721529,447718760,16,1750,2376,1491,358,244,3,1,True
2026-04-30T13:28:01.081,T1,1,1660,5.793,-64.0,-87.0,-23.0,138.29,474046738,474044268,128,12766,17701,14449,25562,1301,3,1,True
2026-04-30T13:28:02.102,T1,1,1661,8.658,-63.9,-87.5,-23.7,161.6,756039178,756035485,108,12833,17453,14514,26599,1321,3,1,True
2026-04-30T13:28:04.112,T1,1,1663,5.37,-63.9,-86.9,-23.0,120.06,423476276,423473986,104,10606,12486,16564,20226,1153,3,1,True
2026-04-30T13:28:05.102,T1,1,1664,8.757,-64.0,-85.9,-21.9,175.05,755951120,755947386,96,10770,16805,14368,20906,1178,3,1,True
2026-04-30T13:28:08.102,T1,1,1667,5.816,-63.4,-85.6,-22.2,183.27,477393558,477391078,88,11488,16128,15680,22527,1197,3,1,True
2026-04-30T13:28:10.112,T1,1,1669,7.856,-63.9,-87.5,-23.6,125.85,737947084,737943733,124,12121,15606,14524,23370,1241,3,1,True
2026-04-30T13:28:11.101,T1,1,1670,5.3,-63.5,-86.4,-22.8,172.46,408232033,408229772,100,12152,17246,11310,21131,1164,3,1,True
2026-04-30T13:28:12.120,T1,1,1671,7.439,-63.8,-87.5,-23.6,142.27,623554835,623551662,124,13120,17641,14670,27297,1335,3,1,True
2026-04-30T13:28:13.112,T1,1,1672,6.008,-63.6,-84.6,-21.0,182.75,495227644,495225082,84,12692,15351,17570,22953,1215,3,1,True
2026-04-30T13:28:16.112,T1,1,1675,5.779,-64.1,-85.4,-21.3,180.87,472194101,472191636,92,11581,16640,16263,22435,1223,3,1,True
2026-04-30T13:28:20.102,T1,1,1679,5.549,-63.2,-87.0,-23.8,134.95,437741450,437739084,112,9881,15114,15403,22185,1179,3,1,True
2026-04-30T13:28:21.182,T1,1,1680,5.474,-63.6,-86.8,-23.2,171.36,426120866,426118531,96,10006,16451,11692,19256,1114,3,1,True
2026-04-30T13:28:22.110,T1,1,1681,5.872,-63.6,-87.4,-23.8,140.42,476380746,476378242,108,11617,15165,14633,22819,1212,3,1,True
2026-04-30T13:28:23.130,T1,1,1682,5.821,-64.1,-87.2,-23.1,176.36,472946039,472943557,108,14610,19047,11763,26891,1338,3,1,True
2026-04-30T13:28:25.140,T1,1,1684,5.431,-63.8,-84.8,-20.9,131.77,422057218,422054902,112,13756,14758,18115,23842,1249,3,1,True
2026-04-30T13:28:26.132,T1,1,1685,5.342,-63.7,-88.1,-24.5,162.11,420755513,420753234,104,15169,16859,11163,27019,1321,3,1,True
2026-04-30T13:28:27.120,T1,1,1686,5.521,-63.8,-86.5,-22.7,198.07,427142509,427140154,84,10236,16638,12538,19686,1134,3,1,True
2026-04-30T13:28:28.114,T1,1,1687,6.215,-63.6,-85.6,-21.9,164.77,516935063,516932413,104,12022,17136,15801,23891,1242,3,1,True
2026-04-30T13:28:32.130,T1,1,1691,5.582,-64.2,-87.1,-22.9,181.53,442960844,442958464,96,11338,17427,14649,24040,1270,3,1,True
2026-04-30T13:28:33.120,T1,1,1692,5.98,-63.6,-85.5,-21.9,169.01,488924560,488922009,92,11971,15549,16245,22498,1204,3,1,True
2026-04-30T13:28:34.140,T1,1,1693,7.856,-63.0,-85.7,-22.7,194.12,731796100,731792750,88,11654,17083,15596,24584,1231,3,1,True
2026-04-30T13:28:40.169,T1,1,1699,7.49,-63.5,-86.5,-23.0,181.56,620593969,620590775,96,12805,17430,12517,23255,1220,3,1,True
2026-04-30T13:28:42.121,T1,1,1701,7.931,-63.8,-84.9,-21.1,177.29,738633141,738629758,96,11749,17020,16758,23146,1230,3,1,True
2026-04-30T13:28:43.110,T1,1,1702,5.277,-63.8,-85.5,-21.7,154.67,405503233,405500982,108,11719,16704,15572,22488,1211,3,1,True
2026-04-30T13:28:45.121,T1,1,1704,5.253,-64.0,-84.8,-20.8,139.8,399130048,399127808,104,15392,14539,18763,25670,1303,3,1,True
2026-04-30T13:28:46.171,T1,1,1705,5.933,-63.5,-86.4,-22.9,191.89,481625784,481623253,92,12734,17654,10751,21927,1184,3,1,True
2026-04-30T13:28:47.160,T1,1,1706,7.814,-63.8,-86.6,-22.8,181.29,726396887,726393555,92,12347,16679,10291,19765,1135,3,1,True
2026-04-30T13:28:48.151,T1,1,1707,7.805,-63.4,-85.2,-21.7,189.45,680878110,680874781,92,11413,17429,14819,22395,1194,3,1,True
2026-04-30T13:28:50.159,T1,1,1709,6.051,-63.7,-88.1,-24.3,155.52,440451970,440449390,116,16929,18040,10652,30052,1397,3,1,True
2026-04-30T13:28:51.121,T1,1,1710,5.37,-63.6,-85.0,-21.4,191.98,415994727,415992436,88,11339,16894,14580,20952,1162,3,1,True
2026-04-30T13:28:52.141,T1,1,1711,5.394,-63.7,-87.5,-23.8,175.18,410120049,410117749,100,13792,17518,12746,25982,1297,3,1,True
2026-04-30T13:28:53.161,T1,1,1712,6.172,-66.3,-88.1,-21.8,184.96,424908172,424905540,76,10026,14057,13892,17076,1149,3,1,True
2026-04-30T13:28:54.119,T1,1,1713,5.797,-63.8,-87.1,-23.3,173.0,465617502,465615030,104,12744,17992,14146,26248,1307,3,1,True
2026-04-30T13:28:55.138,T1,1,1714,5.356,-63.5,-86.8,-23.3,181.18,417825069,417822784,96,13711,17393,12022,24225,1244,3,1,True
2026-04-30T13:28:57.151,T1,1,1716,5.736,-63.8,-87.5,-23.7,171.55,464932261,464929815,100,13328,17155,13981,26217,1308,3,1,True
2026-04-30T13:28:58.139,T1,1,1717,5.441,-63.7,-85.9,-22.1,195.22,422679972,422677652,88,11553,17179,11980,20120,1143,3,1,True
2026-04-30T13:28:59.159,T1,1,1718,7.444,-64.0,-87.6,-23.6,170.26,670174239,670171065,112,14544,19069,12701,28649,1377,3,1,True
2026-04-30T13:29:00.149,T1,1,1719,5.783,-63.6,-84.5,-21.0,153.53,470650103,470647636,92,13680,14125,17924,23008,1215,3,1,True
2026-04-30T13:29:02.160,T1,1,1721,6.548,-63.6,-84.5,-20.9,162.57,506016248,506013455,88,13088,14306,17458,21955,1188,3,1,True
2026-04-30T13:29:03.150,T1,1,1722,6.867,-66.2,-88.2,-21.9,171.3,488548184,488545255,88,10003,15074,11442,16356,1123,3,1,True
2026-04-30T13:29:06.148,T1,1,1725,6.008,-63.3,-86.6,-23.3,192.77,439817423,439814860,88,12712,16964,10431,21257,1159,3,1,True
2026-04-30T13:29:07.168,T1,1,1726,7.43,-63.5,-86.4,-22.9,166.25,670419854,670416685,100,11094,16625,13918,22033,1185,3,1,True
2026-04-30T13:29:08.160,T1,1,1727,5.455,-64.3,-85.6,-21.3,172.46,423893971,423891644,96,12450,16556,16993,23807,1269,3,1,True
2026-04-30T13:29:09.179,T1,1,1728,5.436,-61.4,-86.7,-25.3,123.97,419745555,419743236,108,10168,13389,12890,19622,1041,3,1,True
2026-04-30T13:29:12.148,T1,1,1731,5.506,-64.1,-86.6,-22.6,162.91,432198544,432196195,96,11954,15639,15151,22378,1220,3,1,True
2026-04-30T13:29:13.140,T1,1,1732,5.216,-64.2,-87.4,-23.2,184.01,400909900,400907676,88,12219,16193,14409,23423,1254,3,1,True
2026-04-30T13:29:16.170,T1,1,1735,5.258,-64.0,-87.1,-23.1,169.82,405480312,405478069,100,11520,16982,10276,19796,1144,3,1,True
2026-04-30T13:29:17.158,T1,1,1736,5.281,-63.8,-87.4,-23.6,155.83,405077651,405075398,112,10502,17453,14658,24527,1265,3,1,True
2026-04-30T13:29:19.169,T1,1,1738,5.253,-64.2,-87.4,-23.2,155.2,402763276,402761035,108,12838,16762,15019,25476,1305,3,1,True
2026-04-30T13:29:20.158,T1,1,1739,6.871,-68.2,-88.7,-20.6,157.02,486267137,486264207,64,6723,10049,8259,7605,819,3,1,True
2026-04-30T13:29:22.170,T1,1,1741,8.016,-63.8,-86.9,-23.1,164.29,727318278,727314860,112,13990,18401,10716,24481,1264,3,1,True
2026-04-30T13:29:24.179,T1,1,1743,5.422,-63.5,-87.2,-23.7,162.3,418662697,418660385,112,14098,18178,13144,27585,1328,3,1,True
2026-04-30T13:29:25.170,T1,1,1744,7.983,-63.6,-85.7,-22.1,162.03,733163140,733159736,104,12633,16851,16960,25683,1284,3,1,True
2026-04-30T13:29:26.159,T1,1,1745,6.82,-67.6,-88.4,-20.8,120.89,484939315,484936406,72,7122,8704,10383,8035,825,3,1,True
2026-04-30T13:29:29.187,T1,1,1748,5.422,-63.9,-87.2,-23.2,164.37,415812809,415810497,100,11068,16437,15518,24070,1259,3,1,True
2026-04-30T13:29:32.189,T1,1,1751,5.366,-63.2,-85.9,-22.7,172.07,415189450,415187161,100,11646,17207,15003,23959,1226,3,1,True
2026-04-30T13:29:33.179,T1,1,1752,6.384,-77.7,-90.8,-13.1,141.9,436145962,436143240,20,2002,2838,2432,535,302,3,1,True
2026-04-30T13:29:34.168,T1,1,1753,5.225,-63.6,-86.3,-22.7,142.98,401110776,401108547,92,11753,13154,16487,21308,1171,3,1,True
2026-04-30T13:29:35.188,T1,1,1754,5.352,-63.1,-86.4,-23.3,152.96,418615752,418613469,100,11351,15296,14766,22196,1173,3,1,True
2026-04-30T13:29:36.178,T1,1,1755,5.248,-64.1,-88.0,-24.0,154.71,403413782,403411543,116,14101,17946,14320,29164,1392,3,1,True
2026-04-30T13:29:38.188,T1,1,1757,5.361,-64.1,-87.0,-22.9,190.65,403464242,403461955,100,13914,19065,13259,27231,1345,3,1,True
2026-04-30T13:29:39.179,T1,1,1758,6.496,-64.3,-86.7,-22.4,176.46,481844829,481842058,96,12626,16940,15147,24217,1278,3,1,True
2026-04-30T13:29:40.169,T1,1,1759,7.373,-64.0,-86.5,-22.6,200.9,659520844,659517700,84,12819,16876,9596,19614,1138,3,1,True
2026-04-30T13:29:42.178,T1,1,1761,5.234,-63.5,-87.3,-23.9,172.27,393071803,393069570,96,11300,16538,10543,20329,1139,3,1,True
2026-04-30T13:29:43.170,T1,1,1762,6.398,-inf,-106.6,inf,17.12,437498175,437495447,8,113,137,107,0,91,1,1,False
2026-04-30T13:29:45.177,T1,1,1764,7.894,-62.6,-87.1,-24.5,156.52,726261589,726258222,88,9872,13774,13094,18953,1068,3,1,True
2026-04-30T13:29:47.188,T1,1,1766,5.774,-64.1,-85.6,-21.5,194.92,465958995,465956532,92,12197,17933,13429,21938,1208,3,1,True
2026-04-30T13:29:49.199,T1,1,1768,7.978,-64.1,-85.7,-21.6,206.82,738463897,738460494,88,12612,18200,13865,23198,1243,3,1,True
2026-04-30T13:29:50.188,T1,1,1769,6.196,-64.7,-88.8,-24.1,158.17,434293975,434291333,104,12862,16450,11984,26758,1363,3,1,True
2026-04-30T13:29:52.198,T1,1,1771,7.43,-60.8,-86.1,-25.2,76.72,609683533,609680364,124,11224,9513,12663,16412,934,3,1,True
2026-04-30T13:29:55.199,T1,1,1774,8.846,-63.5,-84.4,-20.8,136.4,737949187,737945415,112,14009,15277,17982,24207,1245,3,1,True
2026-04-30T13:29:57.207,T1,1,1776,5.929,-63.2,-86.8,-23.6,210.36,486413170,486410642,84,14325,17670,11402,25167,1257,3,1,True
2026-04-30T13:29:58.197,T1,1,1777,5.727,-63.4,-85.2,-21.8,140.79,458818541,458816099,104,12057,14642,16883,22249,1187,3,1,True
2026-04-30T13:30:01.198,T1,1,1780,6.285,-64.0,-87.2,-23.1,169.88,521575243,521572563,100,11216,16988,10769,19960,1151,3,1,True
2026-04-30T13:30:02.221,T1,1,1781,7.73,-64.1,-83.7,-19.6,145.8,716866567,716863271,96,13438,13997,17439,20145,1157,3,1,True
2026-04-30T13:30:03.178,T1,1,1782,5.333,-63.5,-87.4,-23.9,164.18,405729351,405727077,108,11602,17731,14954,26803,1307,3,1,True
2026-04-30T13:30:04.197,T1,1,1783,8.025,-64.1,-85.7,-21.5,202.9,737903921,737900498,88,13758,17855,11499,21645,1201,3,1,True
2026-04-30T13:30:07.198,T1,1,1786,6.834,-67.6,-88.4,-20.8,194.98,478636859,478633944,48,5956,9359,7862,6383,736,3,1,True
2026-04-30T13:30:10.199,T1,1,1789,5.736,-63.7,-87.0,-23.3,166.64,455374884,455372438,108,12380,17997,13335,25010,1271,3,1,True
2026-04-30T13:30:11.247,T1,1,1790,7.448,-62.6,-87.8,-25.2,146.22,669506969,669503792,116,11552,16961,13412,26220,1253,3,1,True
2026-04-30T13:30:12.206,T1,1,1791,6.853,-67.6,-89.0,-21.4,147.14,479357104,479354182,56,6009,8240,7516,6287,731,3,1,True
2026-04-30T13:30:13.198,T1,1,1792,5.22,-64.2,-87.6,-23.4,191.96,390935226,390933000,100,15091,19196,11232,27751,1364,3,1,True
2026-04-30T13:30:14.187,T1,1,1793,5.394,-64.4,-85.0,-20.6,180.83,420439680,420437380,92,13032,16636,17465,23869,1273,3,1,True
2026-04-30T13:30:15.237,T1,1,1794,5.248,-62.4,-84.7,-22.3,158.52,396270773,396268534,88,14352,13950,17622,25349,1226,3,1,True
2026-04-30T13:30:16.197,T1,1,1795,7.927,-63.5,-85.9,-22.5,187.66,718793939,718790559,96,11947,18015,15832,25835,1283,3,1,True
2026-04-30T13:30:17.188,T1,1,1796,7.875,-63.0,-86.9,-23.9,177.39,719477458,719474099,100,11259,17739,14272,25570,1258,3,1,True
2026-04-30T13:30:18.206,T1,1,1797,5.234,-63.4,-87.9,-24.5,165.13,391507312,391505079,100,14107,16513,12013,25550,1272,3,1,True
2026-04-30T13:30:20.186,T1,1,1799,5.319,-63.8,-87.8,-24.0,150.2,406011428,406009160,116,13324,17423,11198,24220,1258,3,1,True
2026-04-30T13:30:22.196,T1,1,1801,5.23,-64.2,-86.5,-22.3,172.89,391064315,391062084,100,13911,17289,9851,20970,1185,3,1,True
2026-04-30T13:30:23.216,T1,1,1802,8.26,-63.2,-88.3,-25.0,128.72,734450014,734446491,112,11489,14417,10754,20512,1135,3,1,True
2026-04-30T13:30:24.207,T1,1,1803,5.385,-62.6,-85.7,-23.0,167.53,411532292,411529996,88,11869,14743,16203,23273,1183,3,1,True
2026-04-30T13:30:25.196,T1,1,1804,7.767,-63.5,-86.3,-22.9,186.8,671975344,671972031,88,12693,16438,17956,27894,1334,3,1,True
2026-04-30T13:30:26.217,T1,1,1805,5.478,-63.2,-88.1,-25.0,142.6,429475662,429473325,108,12299,15401,12213,23468,1210,3,1,True
2026-04-30T13:30:27.208,T1,1,1806,6.895,-70.3,-88.9,-18.6,187.08,479453396,479450455,36,4549,6735,5370,3000,554,3,1,True
2026-04-30T13:30:29.218,T1,1,1808,5.277,-65.3,-85.0,-19.7,201.68,395775885,395773635,84,13491,16941,18117,23714,1310,3,1,True
2026-04-30T13:30:31.227,T1,1,1810,5.103,-66.1,-85.9,-19.8,188.78,388855755,388853578,76,10365,14347,14454,15695,1094,3,1,True
2026-04-30T13:30:32.219,T1,1,1811,6.21,-62.9,-86.2,-23.3,191.49,426664428,426661779,72,9066,13787,12629,16461,1006,3,1,True
2026-04-30T13:30:35.246,T1,1,1814,5.37,-62.7,-85.5,-22.8,173.98,404641180,404638890,80,9633,13918,13029,16811,1008,3,1,True
2026-04-30T13:30:37.256,T1,1,1816,5.633,-64.7,-86.2,-21.5,192.76,454659934,454657531,80,12615,15421,10349,17008,1087,3,1,True
2026-04-30T13:30:38.215,T1,1,1817,7.781,-64.3,-85.3,-21.1,144.2,716113289,716109970,92,10805,13266,14628,16583,1057,3,1,True
2026-04-30T13:30:40.257,T1,1,1819,5.736,-63.3,-85.5,-22.3,162.39,474426555,474424109,80,10738,12991,15377,18471,1078,3,1,True
2026-04-30T13:30:43.225,T1,1,1822,5.291,-63.9,-87.2,-23.3,156.21,406623653,406621396,100,12176,15621,13956,22438,1213,3,1,True
2026-04-30T13:30:44.216,T1,1,1823,5.788,-63.4,-86.4,-23.0,188.38,426597119,426594650,88,11466,16577,13101,21565,1169,3,1,True
2026-04-30T13:30:45.207,T1,1,1824,5.779,-63.6,-86.4,-22.8,142.38,458606497,458604032,120,10558,17085,13691,21712,1184,3,1,True
2026-04-30T13:30:48.237,T1,1,1827,7.706,-62.4,-86.5,-24.1,149.41,709802622,709799336,92,10772,13746,13987,20251,1094,3,1,True
2026-04-30T13:30:49.227,T1,1,1828,6.51,-63.2,-88.0,-24.8,143.69,472105390,472102614,124,14592,17817,12169,28967,1348,3,1,True
2026-04-30T13:30:50.216,T1,1,1829,5.567,-63.7,-85.2,-21.4,141.82,428803650,428801275,108,15541,15317,18972,27999,1349,3,1,True
2026-04-30T13:30:52.227,T1,1,1831,5.225,-64.5,-86.0,-21.5,199.53,392312719,392310491,88,11650,17559,15099,22628,1243,3,1,True
2026-04-30T13:30:54.207,T1,1,1833,5.975,-63.4,-84.5,-21.1,142.28,424129016,424126468,100,13333,14228,17685,22717,1201,3,1,True
2026-04-30T13:30:55.226,T1,1,1834,5.117,-63.7,-86.7,-23.0,162.94,386043336,386041153,108,12535,17597,15661,26665,1313,3,1,True
2026-04-30T13:30:56.216,T1,1,1835,5.309,-63.2,-85.9,-22.6,144.78,405301960,405299696,124,12091,17953,16547,27010,1302,3,1,True
2026-04-30T13:30:57.236,T1,1,1836,6.126,-68.3,-89.3,-21.0,153.91,410439775,410437162,44,4645,6772,4972,3725,576,3,1,True
2026-04-30T13:31:00.235,T1,1,1839,8.827,-62.4,-85.9,-23.5,158.45,728782498,728778733,112,11717,17746,14942,26083,1243,3,1,True
2026-04-30T13:31:01.255,T1,1,1840,5.239,-63.4,-85.0,-21.6,202.27,391077458,391075224,84,11955,16991,17085,24539,1247,3,1,True
2026-04-30T13:31:02.246,T1,1,1841,7.434,-63.0,-85.3,-22.3,167.23,599653271,599650100,104,11865,17392,16583,25569,1258,3,1,True
2026-04-30T13:31:05.257,T1,1,1844,5.736,-62.8,-86.6,-23.8,172.09,448360965,448358519,100,12734,17209,10086,22051,1159,3,1,True
2026-04-30T13:31:06.236,T1,1,1845,5.779,-63.2,-85.8,-22.7,155.14,454173591,454171127,108,11141,16755,14592,22543,1187,3,1,True
2026-04-30T13:31:08.247,T1,1,1847,8.513,-63.4,-84.9,-21.5,165.19,730818005,730814374,104,12204,17180,17026,24669,1253,3,1,True
2026-04-30T13:31:09.239,T1,1,1848,7.838,-63.3,-85.3,-21.9,167.37,710819881,710816539,108,12331,18076,13916,23355,1214,3,1,True
2026-04-30T13:31:10.225,T1,1,1849,6.388,-63.9,-84.6,-20.7,148.0,525615423,525612698,96,14498,14208,18298,23790,1250,3,1,True
2026-04-30T13:31:12.235,T1,1,1851,8.649,-63.6,-88.0,-24.4,165.92,728307565,728303876,104,14025,17256,10778,25378,1279,3,1,True
2026-04-30T13:31:13.227,T1,1,1852,5.694,-63.5,-86.5,-23.0,167.8,449132955,449130527,104,12475,17451,14627,25164,1270,3,1,True
2026-04-30T13:31:14.246,T1,1,1853,8.297,-63.6,-86.8,-23.2,159.25,768918597,768915059,104,10369,16562,15113,23074,1219,3,1,True
2026-04-30T13:31:15.265,T1,1,1854,6.515,-64.8,-87.9,-23.1,193.96,469860780,469858002,96,16632,18620,11652,28495,1411,3,1,True
2026-04-30T13:31:16.316,T1,1,1855,5.718,-63.5,-86.5,-23.0,194.02,447737970,447735531,88,11644,17074,11067,20510,1146,3,1,True
2026-04-30T13:31:17.245,T1,1,1856,5.422,-63.7,-85.6,-21.9,181.25,400312537,400310224,72,11160,13050,16815,20039,1138,3,1,True
2026-04-30T13:31:19.257,T1,1,1858,8.016,-63.4,-85.2,-21.7,177.6,729493927,729490508,100,12319,17760,16344,25119,1264,3,1,True
2026-04-30T13:31:22.226,T1,1,1861,6.881,-68.4,-88.4,-20.1,166.9,469289095,469286161,40,4847,6676,6433,3587,567,3,1,True
2026-04-30T13:31:27.235,T1,1,1866,5.347,-63.4,-87.8,-24.4,143.55,404251334,404249054,120,15301,17226,10675,26524,1297,3,1,True
2026-04-30T13:31:28.254,T1,1,1867,5.769,-63.2,-86.0,-22.8,139.14,459845535,459843074,120,12166,16697,16065,25155,1255,3,1,True
2026-04-30T13:31:29.245,T1,1,1868,5.858,-63.2,-86.9,-23.7,159.92,463374218,463371720,108,12241,17271,10236,21647,1165,3,1,True
2026-04-30T13:31:30.236,T1,1,1869,5.774,-62.6,-85.6,-23.0,159.68,461720032,461717569,104,11935,16607,16164,25402,1235,3,1,True
2026-04-30T13:31:32.245,T1,1,1871,5.849,-63.7,-85.4,-21.7,139.76,406400043,406397548,120,11550,16771,15386,22311,1202,3,1,True
2026-04-30T13:31:34.256,T1,1,1873,5.732,-63.7,-85.6,-22.0,143.4,450203647,450201202,120,13458,17208,16816,26439,1308,3,1,True
2026-04-30T13:31:35.246,T1,1,1874,5.821,-63.5,-86.7,-23.2,187.35,457267076,457264593,92,12246,17236,10006,20727,1150,3,1,True
2026-04-30T13:31:36.264,T1,1,1875,5.267,-63.3,-86.5,-23.2,178.75,402893426,402891179,96,13916,17160,11057,23134,1206,3,1,True
2026-04-30T13:31:39.265,T1,1,1878,5.192,-64.2,-86.3,-22.0,190.45,385915918,385913704,84,11394,15998,15461,21827,1211,3,1,True
2026-04-30T13:31:40.255,T1,1,1879,5.83,-63.0,-88.2,-25.2,144.1,463595134,463592648,112,15243,16139,9413,26233,1272,3,1,True
2026-04-30T13:31:42.264,T1,1,1881,7.955,-63.0,-87.7,-24.7,139.63,725948662,725945269,120,13694,16756,10782,24517,1230,3,1,True
2026-04-30T13:31:43.256,T1,1,1882,5.3,-63.5,-85.5,-22.0,188.17,400218657,400216396,96,12454,18064,14120,23660,1230,3,1,True
2026-04-30T13:31:44.245,T1,1,1883,6.815,-73.8,-89.8,-16.0,118.31,466963975,466961069,32,2573,3786,3496,1018,364,3,1,True
2026-04-30T13:31:47.275,T1,1,1886,5.352,-63.8,-85.8,-22.0,189.22,402493910,402491627,88,11126,16651,14761,21618,1188,3,1,True
2026-04-30T13:31:49.254,T1,1,1888,5.478,-63.6,-85.5,-21.9,148.1,422482002,422479665,120,11734,17772,15992,24502,1257,3,1,True
2026-04-30T13:31:50.303,T1,1,1889,5.582,-64.6,-84.4,-19.8,168.11,440298040,440295659,88,13696,14794,17791,21628,1221,3,1,True
2026-04-30T13:31:52.255,T1,1,1891,5.361,-63.9,-87.0,-23.2,185.19,404870445,404868158,100,13225,18519,11813,24850,1276,3,1,True
2026-04-30T13:31:53.273,T1,1,1892,5.732,-64.0,-85.5,-21.5,169.57,448719896,448717452,108,12657,18314,14315,23565,1248,3,1,True
2026-04-30T13:31:55.255,T1,1,1894,7.739,-64.1,-86.8,-22.7,194.21,591835295,591831995,92,11190,17867,12752,22180,1215,3,1,True
2026-04-30T13:31:56.274,T1,1,1895,8.344,-64.3,-85.3,-21.0,166.66,764689920,764686361,100,15240,16666,18623,27880,1373,3,1,True
2026-04-30T13:32:06.294,T1,1,1905,7.758,-64.0,-85.9,-21.9,181.08,655549867,655546558,92,12865,16659,10692,19313,1129,3,1,True
2026-04-30T13:32:08.273,T1,1,1907,5.286,-64.2,-85.1,-20.9,167.67,395284822,395282567,100,12313,16767,15798,22068,1216,3,1,True
2026-04-30T13:32:10.284,T1,1,1909,8.583,-64.5,-85.1,-20.5,192.05,719355717,719352057,92,12260,17669,17051,23756,1276,3,1,True
2026-04-30T13:32:12.323,T1,1,1911,8.264,-64.2,-85.0,-20.8,173.46,762619021,762615497,96,11429,16652,14710,20016,1158,3,1,True
2026-04-30T13:32:13.284,T1,1,1912,5.825,-64.6,-84.6,-19.9,156.14,413604335,413601850,100,16318,15614,19149,26503,1353,3,1,True
2026-04-30T13:32:14.304,T1,1,1913,5.647,-63.6,-87.0,-23.4,178.9,439044328,439041919,100,11025,17890,12874,23374,1225,3,1,True
2026-04-30T13:32:16.283,T1,1,1915,6.473,-64.0,-85.5,-21.5,176.97,463052204,463049443,96,12832,16989,10895,19233,1128,3,1,True
2026-04-30T13:32:18.293,T1,1,1917,5.281,-64.2,-87.3,-23.1,112.8,398402254,398400002,132,11563,14889,15137,21946,1213,3,1,True
2026-04-30T13:32:19.283,T1,1,1918,5.624,-63.8,-87.2,-23.3,187.75,438139676,438137277,96,13501,18024,13635,26526,1316,3,1,True
2026-04-30T13:32:20.274,T1,1,1919,5.854,-64.1,-87.2,-23.0,171.24,460509036,460506540,104,10449,17809,13738,23029,1240,3,1,True
2026-04-30T13:32:21.293,T1,1,1920,5.661,-64.5,-87.6,-23.2,174.71,445689297,445686883,100,13312,17471,13414,25024,1308,3,1,True
2026-04-30T13:32:23.302,T1,1,1922,8.278,-63.6,-85.9,-22.3,195.48,759265001,759261470,84,10948,16420,11836,18898,1103,3,1,True
2026-04-30T13:32:24.293,T1,1,1923,5.488,-63.9,-86.5,-22.6,173.7,413176944,413174604,104,12205,18065,12003,22549,1218,3,1,True
2026-04-30T13:32:25.284,T1,1,1924,5.666,-63.9,-85.0,-21.1,172.38,444687824,444685408,96,12077,16548,15968,22095,1206,3,1,True
2026-04-30T13:32:27.294,T1,1,1926,5.722,-64.0,-86.5,-22.5,140.39,452130508,452128068,92,10855,12916,16608,20170,1155,3,1,True
2026-04-30T13:32:31.344,T1,1,1930,8.33,-64.2,-86.2,-22.0,151.98,766938698,766935145,116,11590,17630,14662,23052,1242,3,1,True
2026-04-30T13:32:34.313,T1,1,1933,5.267,-64.1,-87.0,-22.8,188.54,408505814,408503568,92,11324,17346,14279,23343,1249,3,1,True
2026-04-30T13:32:35.362,T1,1,1934,5.244,-64.2,-87.0,-22.8,163.21,392800829,392798593,92,11647,15015,15330,21990,1214,3,1,True
2026-04-30T13:32:39.324,T1,1,1938,5.361,-64.9,-85.2,-20.3,169.74,409087990,409085703,96,13336,16295,18254,24068,1303,3,1,True
2026-04-30T13:32:40.314,T1,1,1939,8.222,-64.3,-86.0,-21.7,156.69,762056178,762052671,108,12074,16922,10871,18811,1128,3,1,True
2026-04-30T13:32:41.304,T1,1,1940,5.638,-64.8,-84.7,-20.0,180.0,441854672,441852267,92,12767,16560,17504,22511,1253,3,1,True
2026-04-30T13:32:42.324,T1,1,1941,5.722,-64.2,-85.1,-20.9,199.35,454751499,454749059,88,11722,17543,15132,21773,1210,3,1,True
2026-04-30T13:32:51.322,T1,1,1950,6.252,-63.7,-87.4,-23.7,140.85,520771628,520768962,120,13757,16902,11850,24153,1249,3,1,True
2026-04-30T13:32:54.323,T1,1,1953,8.504,-63.7,-87.1,-23.3,139.67,713703879,713700253,104,11231,14526,14546,20989,1167,3,1,True
2026-04-30T13:32:55.313,T1,1,1954,5.929,-69.1,-88.5,-19.4,151.13,390584033,390581504,52,5611,7859,7435,4683,664,3,1,True
2026-04-30T13:32:57.322,T1,1,1956,5.164,-63.8,-86.9,-23.1,131.7,391913085,391910883,112,11371,14750,15398,22005,1199,3,1,True
2026-04-30T13:32:58.312,T1,1,1957,5.173,-64.0,-87.6,-23.5,181.01,384877474,384875268,104,14047,18825,11340,26348,1322,3,1,True
2026-04-30T13:33:00.323,T1,1,1959,8.199,-63.9,-88.0,-24.1,153.42,759596073,759592577,112,14624,17183,11359,25889,1306,3,1,True
2026-04-30T13:33:11.333,T1,1,1970,8.086,-64.1,-85.0,-20.9,168.72,752889867,752886418,100,12205,16872,16173,22433,1222,3,1,True
2026-04-30T13:33:12.321,T1,1,1971,5.197,-64.1,-86.5,-22.4,169.44,391930765,391928549,88,11262,14911,15204,20867,1179,3,1,True
2026-04-30T13:33:13.312,T1,1,1972,5.577,-63.8,-85.6,-21.8,211.2,432687020,432684642,80,11276,16896,15379,22372,1207,3,1,True
2026-04-30T13:33:15.321,T1,1,1974,5.178,-64.0,-87.3,-23.3,179.18,387371305,387369096,92,10064,16485,11961,19741,1141,3,1,True
2026-04-30T13:33:16.342,T1,1,1975,5.703,-63.8,-85.8,-22.0,144.91,450064478,450062045,116,11205,16810,14980,22112,1201,3,1,True
2026-04-30T13:33:19.342,T1,1,1978,6.018,-63.6,-86.1,-22.5,143.82,493001602,492999036,100,11125,14382,15591,20683,1155,3,1,True
2026-04-30T13:33:20.333,T1,1,1979,5.22,-63.8,-87.5,-23.6,150.2,388669940,388667713,116,13183,17423,13158,25347,1288,3,1,True
2026-04-30T13:33:21.320,T1,1,1980,8.297,-63.6,-86.0,-22.4,178.61,712389079,712385541,96,11756,17147,15558,24178,1246,3,1,True
2026-04-30T13:33:23.332,T1,1,1982,5.736,-64.4,-86.0,-21.7,145.77,453703733,453701286,112,10588,16326,13235,18873,1132,3,1,True
2026-04-30T13:33:25.342,T1,1,1984,5.689,-63.5,-84.5,-21.0,168.55,445320654,445318228,96,11887,16181,17179,22730,1206,3,1,True
2026-04-30T13:33:26.362,T1,1,1985,5.277,-64.3,-86.3,-22.0,159.13,398481058,398478807,108,10725,17186,12162,19502,1148,3,1,True
2026-04-30T13:33:29.331,T1,1,1988,5.577,-64.5,-84.7,-20.2,150.84,433679484,433677105,104,12699,15687,16674,21137,1201,3,1,True
2026-04-30T13:33:30.350,T1,1,1989,7.692,-64.4,-85.3,-21.0,163.03,697122887,697119606,100,13387,16303,17846,24815,1297,3,1,True
2026-04-30T13:33:31.341,T1,1,1990,8.264,-64.4,-85.3,-20.9,124.95,756748942,756745418,128,15257,15994,19072,27552,1370,3,1,True
2026-04-30T13:33:34.341,T1,1,1993,6.013,-64.1,-85.1,-21.0,181.59,490525319,490522754,96,11540,17433,16221,22803,1231,3,1,True
2026-04-30T13:33:35.330,T1,1,1994,8.086,-63.5,-86.1,-22.6,164.15,653518270,653514822,104,12295,17072,11661,21086,1161,3,1,True
2026-04-30T13:33:37.342,T1,1,1996,5.619,-64.0,-85.9,-21.9,146.43,402508826,402506429,112,11273,16400,15143,21699,1197,3,1,True
2026-04-30T13:33:38.333,T1,1,1997,5.76,-64.1,-84.4,-20.3,147.88,454470597,454468141,108,13115,15971,17694,23002,1236,3,1,True
2026-04-30T13:33:39.352,T1,1,1998,5.338,-64.3,-86.9,-22.7,151.27,403634309,403632033,108,12651,16337,9226,18725,1123,3,1,True
2026-04-30T13:33:40.341,T1,1,1999,8.391,-64.1,-85.7,-21.6,161.26,710153291,710149712,84,11282,13546,16451,19755,1148,3,1,True
2026-04-30T13:33:41.361,T1,1,2000,7.781,-64.0,-86.8,-22.9,145.03,652064994,652061675,124,13614,17984,12773,24873,1282,3,1,True
2026-04-30T13:33:42.353,T1,1,2001,6.093,-64.0,-86.8,-22.9,107.98,490041985,490039386,128,10674,13822,15602,20293,1157,3,1,True
2026-04-30T13:33:45.352,T1,1,2004,5.703,-64.3,-88.1,-23.8,157.91,447305314,447302881,108,13780,17054,13059,25969,1323,3,1,True
2026-04-30T13:33:48.350,T1,1,2007,8.166,-64.1,-84.8,-20.7,129.91,753182329,753178846,116,14280,15069,18510,24737,1282,3,1,True
2026-04-30T13:33:51.351,T1,1,2010,5.281,-60.9,-88.3,-27.4,123.57,399476632,399474380,104,13097,12851,7134,20545,1048,3,1,True
2026-04-30T13:33:52.342,T1,1,2011,5.263,-60.8,-87.1,-26.3,143.48,395402544,395400299,88,6863,12626,11298,15698,913,3,1,True
2026-04-30T13:33:53.331,T1,1,2012,7.064,-64.1,-86.4,-22.3,145.18,514563067,514560055,116,11696,16841,13940,21897,1206,3,1,True
2026-04-30T13:33:54.381,T1,1,2013,5.657,-64.4,-88.1,-23.7,119.81,445995222,445992809,136,13416,16294,10956,22463,1235,3,1,True
2026-04-30T13:33:56.361,T1,1,2015,7.082,-62.9,-87.4,-24.5,164.68,576144725,576141705,76,8436,12516,13311,16836,1016,3,1,True
2026-04-30T13:33:57.350,T1,1,2016,6.262,-63.0,-88.2,-25.2,137.17,509861320,509858650,104,12679,14266,8919,19881,1107,3,1,True
2026-04-30T13:33:59.361,T1,1,2018,5.516,-63.1,-87.6,-24.5,153.25,428289438,428287086,92,11734,14099,12655,20518,1130,3,1,True
2026-04-30T13:34:01.370,T1,1,2020,5.624,-63.2,-83.5,-20.3,118.86,440771065,440768667,120,15378,14263,16678,22214,1181,3,1,True
2026-04-30T13:34:03.350,T1,1,2022,5.938,-66.3,-88.6,-22.3,165.48,399351706,399349173,64,6882,10591,7931,8691,820,3,1,True
2026-04-30T13:34:05.360,T1,1,2024,5.577,-60.5,-86.4,-25.9,137.2,428829472,428827093,84,9554,11525,10187,14965,882,3,1,True
2026-04-30T13:34:09.351,T1,1,2028,5.614,-62.1,-85.1,-23.0,162.59,440453147,440450752,80,9538,13007,12060,15142,937,3,1,True
2026-04-30T13:34:13.369,T1,1,2032,7.078,-58.5,-88.6,-30.1,116.06,528750083,528747065,96,7414,11142,8010,16430,863,3,1,True
2026-04-30T13:34:15.380,T1,1,2034,6.074,-60.0,-88.0,-27.9,124.02,491510360,491507770,96,9973,11906,9836,17749,945,3,1,True
2026-04-30T13:34:18.411,T1,1,2037,5.502,-62.2,-86.9,-24.7,142.43,427409114,427406768,92,8500,13104,12700,17042,997,3,1,True
2026-04-30T13:34:20.390,T1,1,2039,7.716,-61.2,-88.8,-27.6,107.86,637438271,637434980,112,5140,12080,13483,20600,1059,3,1,True
2026-04-30T13:34:22.400,T1,1,2041,8.808,-59.4,-88.9,-29.5,106.81,773633685,773629929,88,6226,9399,9829,15217,855,3,1,True
2026-04-30T13:34:37.399,T1,1,2056,8.072,-61.5,-87.4,-26.0,123.7,747742352,747738909,96,8031,11875,12424,16511,957,3,1,True
2026-04-30T13:34:38.419,T1,1,2057,6.238,-61.3,-85.9,-24.7,125.23,459304084,459301424,100,8136,12523,11680,15086,909,3,1,True
2026-04-30T13:34:42.409,T1,1,2061,7.683,-62.6,-87.5,-24.9,140.14,700521193,700517916,116,11364,16256,9931,21004,1122,3,1,True
2026-04-30T13:34:44.420,T1,1,2063,6.923,-60.2,-87.4,-27.2,95.31,521466114,521463161,96,10638,9150,12245,17266,938,3,1,True
2026-04-30T13:34:45.379,T1,1,2064,8.813,-61.7,-86.8,-25.1,155.27,764590683,764586925,84,7760,13043,10995,15185,926,3,1,True
2026-04-30T13:34:50.389,T1,1,2069,8.635,-64.3,-84.4,-20.1,206.27,762306168,762302485,80,12141,16502,17696,22408,1232,3,1,True
2026-04-30T13:34:51.380,T1,1,2070,5.239,-64.1,-87.0,-22.9,203.76,390016770,390014535,92,14337,18746,11252,25307,1300,3,1,True
2026-04-30T13:34:52.399,T1,1,2071,8.349,-64.7,-86.9,-22.2,187.94,695414504,695410943,100,14054,18794,11449,24037,1292,3,1,True
2026-04-30T13:34:53.387,T1,1,2072,6.004,-63.9,-87.0,-23.1,163.28,486826530,486823970,112,12199,18287,12865,24454,1266,3,1,True
2026-04-30T13:34:55.400,T1,1,2074,6.679,-72.2,-90.0,-17.8,136.64,455505711,455502863,28,3319,3826,2337,1127,363,3,1,True
2026-04-30T13:34:56.388,T1,1,2075,9.156,-64.0,-85.6,-21.6,188.83,763298554,763294649,96,12800,18128,12898,22403,1217,3,1,True
2026-04-30T13:34:58.429,T1,1,2077,5.572,-64.4,-87.4,-23.0,198.32,442069845,442067469,92,14602,18245,13483,27241,1362,3,1,True
2026-04-30T13:35:01.370,T1,1,2080,6.642,-81.5,-91.8,-10.4,150.0,457169570,457166737,12,1352,1800,1265,194,207,3,1,True
2026-04-30T13:35:02.390,T1,1,2081,5.75,-65.0,-86.8,-21.9,204.9,390135923,390133471,88,13319,18031,10526,21170,1224,3,1,True
2026-04-30T13:35:04.400,T1,1,2083,5.6,-64.8,-84.9,-20.1,190.62,441153455,441151066,92,11901,17537,13603,19402,1166,3,1,True
2026-04-30T13:35:05.390,T1,1,2084,5.535,-64.3,-86.8,-22.5,182.66,436088273,436085912,88,12222,16074,15337,23183,1253,3,1,True
2026-04-30T13:35:07.398,T1,1,2086,9.085,-64.2,-85.8,-21.7,206.1,761835472,761831598,88,12790,18137,15321,24788,1288,3,1,True
2026-04-30T13:35:08.389,T1,1,2087,6.074,-64.0,-86.1,-22.0,207.68,496135411,496132820,84,11933,17445,11177,19977,1151,3,1,True
2026-04-30T13:35:10.399,T1,1,2089,8.194,-64.2,-86.5,-22.3,135.43,757899646,757896152,124,13497,16793,16166,25785,1317,3,1,True
2026-04-30T13:35:11.418,T1,1,2090,5.99,-64.2,-84.9,-20.7,153.41,484737026,484734472,112,12567,17182,17557,24238,1274,3,1,True
2026-04-30T13:35:12.380,T1,1,2091,6.745,-73.1,-89.5,-16.4,128.96,459132937,459130061,28,3316,3611,4816,1428,421,3,1,True
2026-04-30T13:35:13.399,T1,1,2092,5.708,-64.0,-86.5,-22.5,182.05,437561232,437558798,92,14148,16749,10101,20997,1179,3,1,True
2026-04-30T13:35:15.408,T1,1,2094,5.9,-67.9,-88.8,-20.9,172.44,388026637,388024120,52,6841,8967,5166,5661,700,3,1,True
2026-04-30T13:35:16.399,T1,1,2095,6.004,-64.1,-85.1,-21.0,189.83,483260553,483257992,88,11574,16705,15510,21265,1192,3,1,True
2026-04-30T13:35:18.408,T1,1,2097,5.497,-64.3,-85.4,-21.1,148.87,431166227,431163883,112,11052,16673,13830,19430,1145,3,1,True
2026-04-30T13:35:19.398,T1,1,2098,8.039,-64.1,-86.4,-22.3,173.99,736839035,736835606,92,10968,16007,15895,22404,1221,3,1,True
2026-04-30T13:35:20.388,T1,1,2099,5.605,-63.8,-84.9,-21.1,146.41,435685266,435682876,116,11593,16983,15692,21906,1197,3,1,True
2026-04-30T13:35:21.408,T1,1,2100,5.703,-64.4,-86.4,-21.9,177.55,389650445,389648013,100,12307,17755,11072,20451,1181,3,1,True
2026-04-30T13:35:22.399,T1,1,2101,5.497,-64.0,-86.6,-22.6,210.49,417851872,417849528,80,10033,16839,12360,19524,1135,3,1,True
2026-04-30T13:35:25.397,T1,1,2104,8.977,-64.9,-86.0,-21.1,217.86,758085420,758081592,76,10652,16557,12519,17800,1120,3,1,True
2026-04-30T13:35:30.407,T1,1,2109,8.851,-64.2,-85.5,-21.4,182.21,757165221,757161446,92,10998,16763,14709,20649,1175,3,1,True
2026-04-30T13:35:31.397,T1,1,2110,6.609,-63.9,-85.6,-21.6,136.63,499274889,499272070,112,11681,15303,16807,22213,1210,3,1,True
2026-04-30T13:35:35.418,T1,1,2114,5.924,-63.8,-84.3,-20.4,141.26,474905328,474902801,100,13406,14126,17498,21426,1184,3,1,True
2026-04-30T13:35:36.407,T1,1,2115,5.943,-72.6,-89.4,-16.8,150.81,386211832,386209298,32,3616,4826,2954,1372,406,3,1,True
2026-04-30T13:35:38.417,T1,1,2117,5.553,-64.3,-85.6,-21.3,173.85,433898938,433896570,84,11164,14603,15710,19415,1147,3,1,True
2026-04-30T13:35:40.427,T1,1,2119,5.525,-64.1,-86.6,-22.5,158.13,429648512,429646155,100,11717,15813,15404,22615,1227,3,1,True
2026-04-30T13:35:41.418,T1,1,2120,5.521,-64.2,-87.3,-23.1,171.84,432017177,432014823,96,12357,16497,13767,23152,1244,3,1,True
2026-04-30T13:35:44.418,T1,1,2123,5.445,-64.0,-87.3,-23.3,145.77,424540770,424538448,124,11603,18075,12705,23794,1253,3,1,True
2026-04-30T13:35:45.408,T1,1,2124,6.618,-88.2,-92.6,-4.4,182.62,456290098,456287275,8,922,1461,1326,100,191,1,1,False
2026-04-30T13:35:46.428,T1,1,2125,8.11,-63.4,-85.3,-21.9,162.89,738396877,738393419,88,11593,14334,16020,20692,1146,3,1,True
2026-04-30T13:35:48.439,T1,1,2127,5.61,-64.4,-86.9,-22.5,165.48,433725325,433722932,108,13983,17872,18078,30429,1439,3,1,True
2026-04-30T13:35:49.428,T1,1,2128,8.039,-64.1,-86.4,-22.2,189.71,739586504,739583076,92,12635,17453,14970,24411,1277,3,1,True
2026-04-30T13:35:50.417,T1,1,2129,5.577,-63.6,-85.2,-21.6,201.36,434739166,434736788,88,12308,17720,13071,21552,1178,3,1,True
2026-04-30T13:35:52.428,T1,1,2131,6.369,-63.9,-87.0,-23.1,134.02,448828787,448826070,120,10387,16083,14876,22129,1207,3,1,True
2026-04-30T13:35:53.418,T1,1,2132,7.007,-67.0,-88.6,-21.5,126.25,496400420,496397432,84,8227,10605,12160,12088,993,3,1,True
2026-04-30T13:35:54.437,T1,1,2133,5.549,-64.2,-85.5,-21.3,185.47,431347603,431345236,88,11277,16321,14742,20246,1167,3,1,True
2026-04-30T13:35:56.475,T1,1,2135,7.551,-64.2,-86.3,-22.1,196.05,673674269,673671048,88,10215,17252,12913,19965,1159,3,1,True
2026-04-30T13:35:59.448,T1,1,2138,5.53,-63.8,-84.9,-21.1,208.12,433089474,433087115,80,12661,16650,17228,24060,1252,3,1,True
2026-04-30T13:36:01.457,T1,1,2140,8.419,-62.0,-85.8,-23.8,165.99,694812945,694809355,88,9914,14607,12653,18614,1035,3,1,True
2026-04-30T13:36:03.438,T1,1,2142,6.731,-63.4,-87.2,-23.9,163.29,510387838,510384968,116,14359,18942,12775,28875,1353,3,1,True
2026-04-30T13:36:15.435,T1,1,2154,5.502,-64.8,-87.5,-22.7,177.45,428741811,428739464,100,14219,17745,13507,25637,1339,3,1,True
2026-04-30T13:36:16.457,T1,1,2155,7.969,-64.4,-84.3,-20.0,199.79,733849079,733845681,76,13975,15184,16462,21098,1196,3,1,True
2026-04-30T13:36:19.457,T1,1,2158,5.76,-62.9,-75.5,-12.5,292.0,428091375,428088919,60,14452,17520,14925,13386,907,3,1,True
2026-04-30T13:36:20.446,T1,1,2159,4.704,-56.0,-73.1,-17.1,137.55,422424652,422422646,120,16906,16506,14120,18857,846,3,1,True
2026-04-30T13:36:29.448,T1,1,2168,4.634,-56.4,-73.4,-17.0,184.32,427747740,427745764,92,16489,16957,13706,18439,850,3,1,True
2026-04-30T13:36:31.458,T1,1,2170,5.188,-55.8,-74.1,-18.3,128.76,445373370,445371157,120,16910,15451,13543,19129,846,3,1,True
2026-04-30T13:36:33.466,T1,1,2172,4.123,-55.3,-75.0,-19.7,194.53,422031166,422029407,88,15687,17119,13677,21640,886,3,1,True
2026-04-30T13:36:40.458,T1,1,2179,4.948,-54.9,-73.1,-18.2,199.15,427891954,427889844,84,15692,16729,15705,20702,854,3,1,True
2026-04-30T13:36:43.455,T1,1,2182,6.562,-56.0,-73.8,-17.9,126.43,732723136,732720338,148,17791,18712,17370,25363,982,3,1,True
2026-04-30T13:36:45.436,T1,1,2184,4.948,-54.5,-74.3,-19.8,128.36,440896484,440894373,132,15742,16944,12332,20626,841,3,1,True
2026-04-30T13:36:46.455,T1,1,2185,7.627,-54.3,-73.0,-18.7,213.23,749716359,749713107,84,17078,17911,15564,23776,897,3,1,True
2026-04-30T13:36:47.475,T1,1,2186,6.304,-55.0,-74.9,-19.9,138.91,680787797,680785108,124,15505,17225,12460,20840,860,3,1,True
2026-04-30T13:36:48.465,T1,1,2187,5.211,-72.1,-88.7,-16.6,167.25,427077664,427075442,12,1984,2007,1745,299,186,3,1,True
2026-04-30T13:36:49.485,T1,1,2188,4.357,-54.6,-77.7,-23.1,133.52,425006350,425004492,128,16910,17090,9091,24841,928,3,1,True
2026-04-30T13:36:50.444,T1,1,2189,5.047,-83.1,-91.9,-8.7,122.25,425128210,425126058,8,835,978,895,64,126,3,1,True
2026-04-30T13:36:51.464,T1,1,2190,7.687,-54.9,-73.1,-18.2,145.53,747374112,747370833,120,16250,17464,15839,21944,880,3,1,True
2026-04-30T13:36:53.475,T1,1,2192,4.85,-54.2,-74.1,-19.8,153.89,488143651,488141582,108,16418,16620,12537,21126,843,3,1,True
2026-04-30T13:36:54.464,T1,1,2193,5.858,-55.2,-74.3,-19.2,158.75,506193567,506191069,96,16989,15240,14014,20547,860,3,1,True
2026-04-30T13:36:56.477,T1,1,2195,4.339,-54.3,-76.5,-22.1,112.01,422297711,422295860,140,17237,15681,10882,23301,889,3,1,True
2026-04-30T13:36:57.464,T1,1,2196,5.103,-55.4,-73.9,-18.6,178.96,426841159,426838983,100,17306,17896,14737,23054,916,3,1,True
2026-04-30T13:36:58.456,T1,1,2197,5.033,-54.2,-73.6,-19.4,152.79,506805220,506803073,108,15671,16501,14593,21348,846,3,1,True
2026-04-30T13:37:00.464,T1,1,2199,4.789,-55.1,-73.7,-18.6,146.68,471595161,471593118,104,16095,15255,16495,21040,867,3,1,True
2026-04-30T13:37:01.456,T1,1,2200,4.371,-54.4,-73.7,-19.3,137.03,424216140,424214276,120,15858,16444,13619,20493,835,3,1,True
2026-04-30T13:37:02.476,T1,1,2201,4.245,-54.6,-73.2,-18.6,172.24,405307050,405305240,104,16957,17913,15700,23532,901,3,1,True
2026-04-30T13:37:05.504,T1,1,2204,4.264,-54.5,-73.9,-19.4,169.4,404281861,404280042,104,17207,17618,12706,22378,876,3,1,True
2026-04-30T13:37:07.455,T1,1,2206,5.333,-55.2,-74.4,-19.2,121.85,547069201,547066927,140,16734,17059,14357,22339,897,3,1,True
2026-04-30T13:37:08.476,T1,1,2207,4.517,-54.8,-73.2,-18.4,137.27,438567285,438565358,128,16746,17571,15073,22140,881,3,1,True
2026-04-30T13:37:09.486,T1,1,2208,7.43,-54.7,-74.3,-19.6,142.44,744873128,744869960,120,16750,17093,11732,21018,855,3,1,True
2026-04-30T13:37:10.515,T1,1,2209,4.385,-54.7,-75.0,-20.3,123.41,422904823,422902952,132,16790,16290,13033,22249,881,3,1,True
2026-04-30T13:37:11.504,T1,1,2210,4.948,-54.5,-73.5,-19.0,137.98,484853866,484851756,120,16019,16558,13957,20628,840,3,1,True
2026-04-30T13:37:13.486,T1,1,2212,5.225,-55.1,-76.0,-20.9,122.32,524921479,524919251,144,15963,17614,10711,21935,885,3,1,True
2026-04-30T13:37:16.454,T1,1,2215,5.15,-83.4,-92.5,-9.2,112.88,423615869,423613673,8,849,903,760,63,126,3,1,True
2026-04-30T13:37:17.505,T1,1,2216,6.745,-55.6,-75.6,-20.0,125.5,728593273,728590397,120,16905,15060,12910,20635,874,3,1,True
2026-04-30T13:37:19.488,T1,1,2218,7.354,-54.1,-73.7,-19.6,160.68,742266042,742262906,104,15563,16711,13992,21196,840,3,1,True
2026-04-30T13:37:20.476,T1,1,2219,7.852,-55.0,-73.7,-18.7,130.02,742553662,742550313,132,16957,17162,15976,23234,910,3,1,True
2026-04-30T13:37:21.464,T1,1,2220,4.259,-54.7,-74.5,-19.8,140.34,406874879,406873062,124,15118,17402,13686,21532,865,3,1,True
2026-04-30T13:37:22.484,T1,1,2221,4.47,-54.7,-73.2,-18.5,152.4,422996180,422994274,112,15973,17069,15064,21140,859,3,1,True
2026-04-30T13:37:25.486,T1,1,2224,7.359,-54.8,-73.7,-18.9,147.04,744158978,744155839,112,16621,16469,16090,22677,892,3,1,True
2026-04-30T13:37:26.476,T1,1,2225,6.824,-54.7,-73.6,-18.9,130.3,724480653,724477743,136,17149,17721,15167,23524,906,3,1,True
2026-04-30T13:37:27.494,T1,1,2226,4.334,-54.3,-73.2,-18.9,153.03,403665967,403664118,116,17215,17751,14851,23382,891,3,1,True
2026-04-30T13:37:29.473,T1,1,2228,5.145,-57.6,-76.2,-18.6,160.79,422105390,422103195,84,13037,13506,11949,13658,763,3,1,True
2026-04-30T13:37:32.505,T1,1,2231,4.385,-55.4,-73.7,-18.3,105.44,414243994,414242123,148,16255,15605,17146,21714,889,3,1,True
2026-04-30T13:37:33.556,T1,1,2232,4.432,-55.1,-74.0,-18.9,148.99,431753782,431751891,120,17271,17879,15205,23974,926,3,1,True
2026-04-30T13:37:34.485,T1,1,2233,4.254,-54.9,-76.2,-21.3,145.75,407395409,407393595,112,16902,16324,8492,20678,855,3,1,True
2026-04-30T13:37:36.525,T1,1,2235,4.217,-54.4,-72.9,-18.5,139.7,394602452,394600654,128,17269,17882,15299,23296,892,3,1,True
2026-04-30T13:37:37.515,T1,1,2236,4.353,-54.8,-72.8,-18.0,141.07,415885149,415883292,124,16261,17493,15927,21862,874,3,1,True
2026-04-30T13:37:38.505,T1,1,2237,5.094,-61.8,-79.1,-17.3,187.04,419836587,419834414,48,7704,8978,8283,5252,547,3,1,True
2026-04-30T13:37:39.494,T1,1,2238,4.184,-54.4,-75.2,-20.8,183.28,392868347,392866563,96,15359,17595,13070,22914,885,3,1,True
2026-04-30T13:37:41.502,T1,1,2240,4.32,-55.5,-74.0,-18.5,191.95,399738714,399736871,92,17132,17659,14971,22726,914,3,1,True
2026-04-30T13:37:42.495,T1,1,2241,4.193,-54.5,-72.6,-18.0,190.49,395194536,395192747,88,15826,16763,15463,20446,839,3,1,True
2026-04-30T13:37:43.514,T1,1,2242,5.83,-58.5,-76.6,-18.1,250.35,482527856,482525369,60,14628,15021,11625,15328,833,3,1,True
2026-04-30T13:37:45.525,T1,1,2244,6.337,-55.2,-77.2,-22.0,160.3,610434887,610432184,96,17713,15389,9341,22273,895,3,1,True
2026-04-30T13:37:46.516,T1,1,2245,7.439,-55.0,-74.1,-19.1,194.49,742802542,742799369,88,15030,17115,14467,20751,859,3,1,True
2026-04-30T13:37:48.522,T1,1,2247,4.193,-54.9,-74.3,-19.4,144.23,395631854,395630065,120,14633,17307,14453,20991,861,3,1,True
2026-04-30T13:37:49.514,T1,1,2248,5.047,-56.6,-73.5,-17.0,183.51,416003715,416001563,92,14533,16883,16535,18945,866,3,1,True
2026-04-30T13:37:51.522,T1,1,2250,4.428,-55.4,-75.7,-20.3,139.84,416546777,416544888,124,16186,17340,10304,20772,871,3,1,True
2026-04-30T13:37:54.524,T1,1,2253,5.797,-58.2,-76.5,-18.2,191.25,480928665,480926192,72,13202,13770,11340,13238,767,3,1,True
2026-04-30T13:37:55.543,T1,1,2254,4.953,-56.0,-75.2,-19.2,220.75,418752146,418750033,76,16400,16777,11065,19378,858,3,1,True
2026-04-30T13:37:57.522,T1,1,2256,7.748,-54.9,-74.5,-19.6,188.28,739797462,739794158,92,15063,17322,13565,20936,860,3,1,True
2026-04-30T13:37:59.504,T1,1,2258,4.296,-55.2,-73.6,-18.4,152.11,401443860,401442027,116,17078,17645,15019,22567,901,3,1,True
2026-04-30T13:38:00.522,T1,1,2259,4.901,-54.8,-74.3,-19.5,140.37,479362796,479360706,124,14596,17406,14841,21584,871,3,1,True
2026-04-30T13:38:01.514,T1,1,2260,4.428,-55.2,-73.8,-18.6,187.76,414338610,414336722,88,15930,16523,13993,19870,846,3,1,True
2026-04-30T13:38:02.533,T1,1,2261,4.437,-55.0,-73.0,-18.0,202.07,416231589,416229696,84,16212,16974,14966,20515,853,3,1,True
2026-04-30T13:38:03.522,T1,1,2262,4.418,-55.2,-74.0,-18.8,170.92,415712352,415710468,104,16252,17776,15129,22687,904,3,1,True
2026-04-30T13:38:04.514,T1,1,2263,7.162,-54.9,-74.7,-19.7,136.96,738958835,738955781,128,14705,17531,14179,21601,874,3,1,True
2026-04-30T13:38:06.523,T1,1,2265,4.334,-55.9,-73.7,-17.9,175.27,414367327,414365478,100,15100,17527,15732,20501,879,3,1,True
2026-04-30T13:38:07.511,T1,1,2266,4.836,-55.4,-73.5,-18.1,167.95,467229746,467227683,108,17096,18139,15865,23227,921,3,1,True
2026-04-30T13:38:08.532,T1,1,2267,7.561,-54.8,-73.0,-18.2,187.26,735120048,735116824,88,15572,16479,15280,20081,839,3,1,True
2026-04-30T13:38:09.521,T1,1,2268,4.235,-56.1,-73.6,-17.4,212.04,395700394,395698588,80,14212,16963,16315,19244,860,3,1,True
2026-04-30T13:38:10.512,T1,1,2269,4.728,-55.4,-72.9,-17.5,186.08,456889671,456887655,92,15979,17119,15545,20200,858,3,1,True
2026-04-30T13:38:13.511,T1,1,2272,4.371,-55.6,-74.2,-18.6,130.34,407799600,407797735,128,16502,16683,12845,19739,856,3,1,True
2026-04-30T13:38:14.532,T1,1,2273,4.24,-55.2,-76.5,-21.3,189.04,395191265,395189456,84,16951,15879,10758,21829,887,3,1,True
2026-04-30T13:38:16.541,T1,1,2275,4.489,-55.5,-73.2,-17.7,169.54,426451914,426450000,100,15960,16954,14998,19848,854,3,1,True
2026-04-30T13:38:17.562,T1,1,2276,4.095,-54.6,-73.7,-19.0,136.16,395932277,395930530,124,15176,16884,14584,20679,846,3,1,True
2026-04-30T13:38:18.523,T1,1,2277,5.83,-55.1,-73.6,-18.5,179.21,590856007,590853521,96,16783,17204,13393,20709,860,3,1,True
2026-04-30T13:38:21.521,T1,1,2280,4.17,-55.1,-77.5,-22.4,146.13,392793109,392791331,104,17659,15198,9472,22674,900,3,1,True
2026-04-30T13:38:22.542,T1,1,2281,5.281,-76.7,-89.6,-12.9,183.12,427278244,427275991,8,1355,1465,1523,151,155,3,1,True
2026-04-30T13:38:23.534,T1,1,2282,4.301,-55.0,-76.7,-21.7,180.3,406355383,406353548,84,17371,15145,10562,22017,884,3,1,True
2026-04-30T13:38:24.523,T1,1,2283,5.169,-56.3,-75.9,-19.6,179.73,518176160,518173955,92,17500,16535,9951,20085,882,3,1,True
2026-04-30T13:38:25.541,T1,1,2284,4.479,-55.5,-74.2,-18.7,195.05,413191521,413189611,88,16804,17164,14194,21565,891,3,1,True
2026-04-30T13:38:27.552,T1,1,2286,5.854,-55.1,-73.3,-18.2,181.31,539182433,539179936,100,17342,18131,15564,23367,913,3,1,True
2026-04-30T13:38:28.541,T1,1,2287,4.264,-55.8,-74.8,-19.0,154.67,388499756,388497938,108,16629,16704,13888,21183,892,3,1,True
2026-04-30T13:38:30.582,T1,1,2289,7.401,-54.7,-73.8,-19.1,133.05,735363057,735359900,128,14939,17031,15063,21161,857,3,1,True
2026-04-30T13:38:31.543,T1,1,2290,4.709,-55.8,-74.5,-18.7,186.84,451989669,451987660,92,16832,17189,14684,22035,910,3,1,True
2026-04-30T13:38:32.562,T1,1,2291,6.824,-55.5,-74.2,-18.6,148.97,715158537,715155627,116,16762,17281,14693,22009,901,3,1,True
2026-04-30T13:38:33.551,T1,1,2292,4.362,-54.7,-73.5,-18.9,191.16,405415103,405413242,88,15312,16822,14551,20491,843,3,1,True
2026-04-30T13:38:34.542,T1,1,2293,5.774,-58.1,-79.3,-21.2,150.37,476309686,476307224,108,15158,16240,10026,19608,929,3,1,True
2026-04-30T13:38:36.551,T1,1,2295,6.74,-54.9,-76.7,-21.8,130.87,711730818,711727943,120,17591,15704,9123,22018,881,3,1,True
2026-04-30T13:38:37.543,T1,1,2296,4.212,-55.4,-73.2,-17.8,197.28,390752595,390750798,88,15835,17361,15790,20887,874,3,1,True
2026-04-30T13:38:38.593,T1,1,2297,4.709,-55.0,-74.7,-19.7,145.29,450875766,450873758,120,16632,17435,13740,22931,903,3,1,True
2026-04-30T13:38:39.581,T1,1,2298,4.156,-54.9,-76.8,-21.9,162.43,387907949,387906176,100,16867,16243,10143,22589,893,3,1,True
2026-04-30T13:38:41.562,T1,1,2300,4.296,-55.2,-72.9,-17.7,189.65,394472081,394470248,88,15846,16689,15167,19695,843,3,1,True
2026-04-30T13:38:42.581,T1,1,2301,4.4,-55.6,-77.8,-22.2,132.15,407566943,407565066,128,15664,16915,9015,21738,896,3,1,True
2026-04-30T13:38:43.571,T1,1,2302,6.318,-55.3,-76.8,-21.6,173.06,651047942,651045247,100,14974,17306,10742,21646,885,3,1,True
2026-04-30T13:38:44.563,T1,1,2303,4.324,-55.2,-73.5,-18.3,187.22,400097098,400095253,92,16910,17224,12905,20227,854,3,1,True
2026-04-30T13:38:45.583,T1,1,2304,6.379,-55.2,-73.6,-18.4,165.1,655565900,655563179,100,15737,16510,14801,20057,851,3,1,True
2026-04-30T13:38:46.570,T1,1,2305,4.869,-54.9,-72.7,-17.8,189.56,471839850,471837774,88,15500,16681,15725,19914,839,3,1,True
2026-04-30T13:38:48.552,T1,1,2307,4.381,-54.9,-75.0,-20.0,193.87,409024080,409022212,92,15349,17836,13827,22684,896,3,1,True
2026-04-30T13:38:49.571,T1,1,2308,4.906,-55.7,-73.9,-18.2,199.37,472193054,472190962,84,16723,16747,16127,21983,906,3,1,True
2026-04-30T13:38:50.561,T1,1,2309,4.404,-55.5,-73.8,-18.3,186.98,405607540,405605661,92,16745,17202,13704,20590,871,3,1,True
2026-04-30T13:38:52.572,T1,1,2311,4.751,-56.0,-76.1,-20.1,176.99,454803944,454801917,92,17452,16283,8620,19738,867,3,1,True
2026-04-30T13:38:53.592,T1,1,2312,4.282,-55.6,-73.6,-18.0,187.4,399459619,399457792,88,14389,16491,15979,19411,847,3,1,True
2026-04-30T13:38:54.584,T1,1,2313,4.564,-55.8,-73.5,-17.7,190.52,423048445,423046498,88,16191,16766,13476,18792,841,3,1,True
2026-04-30T13:38:55.571,T1,1,2314,4.761,-55.9,-74.4,-18.5,169.13,455999553,455997522,100,16670,16913,11378,19044,848,3,1,True
2026-04-30T13:38:58.571,T1,1,2317,4.343,-55.6,-75.1,-19.5,183.53,401668704,401666852,92,16227,16885,11551,19964,861,3,1,True
2026-04-30T13:38:59.563,T1,1,2318,4.292,-54.8,-75.0,-20.1,179.22,401373047,401371216,96,15992,17205,13470,22471,888,3,1,True
2026-04-30T13:39:00.581,T1,1,2319,5.141,-60.7,-78.2,-17.4,174.1,407903198,407901006,52,8852,9053,7231,5413,534,3,1,True
2026-04-30T13:39:03.580,T1,1,2322,4.69,-55.0,-74.3,-19.3,203.08,452278018,452276018,88,15709,17871,14705,22635,897,3,1,True
2026-04-30T13:39:05.561,T1,1,2324,4.695,-55.1,-73.6,-18.5,161.57,449385789,449383786,104,16351,16803,13430,19999,846,3,1,True
2026-04-30T13:39:07.570,T1,1,2326,5.164,-55.4,-74.3,-18.9,178.11,423023751,423021549,96,16948,17099,11895,20234,860,3,1,True
2026-04-30T13:39:08.591,T1,1,2327,4.296,-55.0,-77.4,-22.4,147.29,398656921,398655088,112,17676,16496,9681,24320,929,3,1,True
2026-04-30T13:39:09.581,T1,1,2328,6.829,-54.8,-73.0,-18.2,183.27,712388469,712385557,92,15770,16861,15490,20722,853,3,1,True
2026-04-30T13:39:10.572,T1,1,2329,4.784,-55.1,-77.4,-22.3,130.87,460622845,460620805,120,17912,15704,8701,22865,905,3,1,True
2026-04-30T13:39:12.580,T1,1,2331,4.667,-55.4,-73.9,-18.5,160.15,445528965,445526975,104,16701,16656,16060,22284,902,3,1,True
2026-04-30T13:39:13.602,T1,1,2332,4.714,-54.9,-72.6,-17.8,176.08,447096116,447094105,96,15854,16904,15551,20294,845,3,1,True
2026-04-30T13:39:16.571,T1,1,2335,4.925,-55.2,-74.0,-18.8,200.06,420155992,420153891,84,15453,16805,14136,20154,852,3,1,True
2026-04-30T13:39:17.591,T1,1,2336,7.589,-54.9,-72.8,-17.9,145.16,726862065,726858828,120,16911,17419,14435,20941,859,3,1,True
2026-04-30T13:39:28.631,T1,1,2347,4.259,-55.2,-76.5,-21.3,156.51,397331729,397329913,104,17281,16277,8364,21079,870,3,1,True
2026-04-30T13:39:29.589,T1,1,2348,4.461,-55.1,-72.9,-17.8,195.89,413043331,413041428,88,16020,17238,15916,21000,867,3,1,True
2026-04-30T13:39:30.609,T1,1,2349,4.409,-55.3,-72.8,-17.5,188.96,415800532,415798651,92,15861,17384,15935,20694,866,3,1,True
2026-04-30T13:39:32.591,T1,1,2351,5.145,-59.4,-78.2,-18.9,194.06,408484328,408482133,48,9082,9315,7237,6223,547,3,1,True
2026-04-30T13:39:33.610,T1,1,2352,7.631,-54.8,-75.7,-20.9,189.58,723424165,723420911,92,14790,17441,12435,21958,877,3,1,True
2026-04-30T13:39:34.601,T1,1,2353,4.31,-55.0,-73.2,-18.2,194.04,397148344,397146505,92,17199,17852,14894,22441,893,3,1,True
2026-04-30T13:39:35.620,T1,1,2354,4.461,-54.9,-72.4,-17.5,144.36,418022487,418020585,120,16384,17323,15526,20693,854,3,1,True
2026-04-30T13:39:36.611,T1,1,2355,6.792,-55.3,-75.7,-20.4,142.33,707020933,707018036,120,16516,17080,12383,22418,901,3,1,True
2026-04-30T13:39:40.599,T1,1,2359,4.704,-55.0,-73.0,-18.1,186.65,450400371,450398364,96,17027,17918,15772,22832,900,3,1,True
2026-04-30T13:39:42.611,T1,1,2361,4.339,-54.9,-73.4,-18.5,208.44,394938599,394936748,80,15955,16675,14407,20291,847,3,1,True
2026-04-30T13:39:43.601,T1,1,2362,4.873,-55.3,-74.9,-19.6,194.09,460914131,460912052,88,15757,17080,12465,20523,862,3,1,True
2026-04-30T13:39:44.620,T1,1,2363,4.822,-54.8,-73.3,-18.5,175.07,459573310,459571254,104,17541,18207,15638,24182,922,3,1,True
2026-04-30T13:39:47.621,T1,1,2366,7.209,-55.6,-73.5,-17.9,195.17,762638132,762635057,92,15741,17956,16339,22041,903,3,1,True
2026-04-30T13:39:49.630,T1,1,2368,4.625,-55.0,-73.7,-18.7,182.85,441930061,441928088,92,15306,16822,14733,20354,850,3,1,True
2026-04-30T13:39:50.621,T1,1,2369,5.3,-55.4,-73.7,-18.3,197.5,463777038,463774778,88,17042,17380,15528,22582,908,3,1,True
2026-04-30T13:39:51.611,T1,1,2370,4.329,-55.0,-73.6,-18.6,180.23,399512661,399510814,92,15563,16581,14732,20254,849,3,1,True
2026-04-30T13:39:52.631,T1,1,2371,4.662,-55.4,-75.1,-19.7,168.58,445955846,445953858,92,17158,15509,12332,20437,863,3,1,True
2026-04-30T13:39:53.619,T1,1,2372,4.31,-55.3,-74.4,-19.0,134.92,399179960,399178122,128,16560,17270,14460,22218,898,3,1,True
2026-04-30T13:39:54.611,T1,1,2373,4.883,-55.0,-72.8,-17.8,207.36,459908024,459905941,84,16794,17418,14711,20898,863,3,1,True
2026-04-30T13:39:55.629,T1,1,2374,7.336,-55.1,-75.3,-20.2,134.48,767448091,767444962,128,16199,17213,12712,22163,890,3,1,True
2026-04-30T13:39:58.631,T1,1,2377,7.734,-55.1,-75.2,-20.0,211.17,723827638,723824340,84,14921,17738,13906,22265,893,3,1,True
2026-04-30T13:39:59.620,T1,1,2378,4.278,-55.3,-76.3,-21.0,172.65,396145858,396144033,92,17467,15884,9257,20913,872,3,1,True
2026-04-30T13:40:00.609,T1,1,2379,7.064,-56.0,-75.9,-19.9,194.26,655946779,655943766,84,17281,16318,10665,20427,883,3,1,True
2026-04-30T13:40:01.630,T1,1,2380,4.264,-55.0,-74.4,-19.5,181.38,391959220,391957402,96,14537,17412,14753,21416,872,3,1,True
2026-04-30T13:40:03.639,T1,1,2382,4.268,-55.0,-72.8,-17.8,148.12,390332958,390331138,120,16890,17774,15679,22106,886,3,1,True
2026-04-30T13:40:04.628,T1,1,2383,7.298,-55.6,-74.1,-18.5,131.16,766490212,766487100,116,16449,15214,16213,20917,881,3,1,True
2026-04-30T13:40:05.618,T1,1,2384,7.336,-55.9,-75.7,-19.8,162.64,716767499,716764370,92,16915,14963,12445,19913,868,3,1,True
2026-04-30T13:40:06.640,T1,1,2385,7.35,-55.3,-77.1,-21.9,170.55,765558362,765555228,100,15008,17055,9826,21160,875,3,1,True
2026-04-30T13:40:07.658,T1,1,2386,4.329,-55.1,-73.1,-18.0,188.7,391474897,391473050,88,15623,16606,15244,19932,844,3,1,True
2026-04-30T13:40:09.640,T1,1,2388,7.293,-54.9,-72.7,-17.8,207.11,765697630,765694520,84,16186,17397,15853,21339,868,3,1,True
2026-04-30T13:40:12.639,T1,1,2391,7.434,-55.5,-73.9,-18.5,167.24,722227173,722224002,100,16639,16724,15491,21758,893,3,1,True
2026-04-30T13:40:14.650,T1,1,2393,4.414,-55.5,-76.5,-21.0,147.35,411363737,411361855,108,17193,15914,8404,20151,861,3,1,True
2026-04-30T13:40:15.638,T1,1,2394,4.794,-54.9,-74.5,-19.6,181.0,456101488,456099443,96,15271,17376,13334,21052,863,3,1,True
2026-04-30T13:40:17.648,T1,1,2396,4.306,-55.2,-73.2,-18.0,195.85,396383938,396382102,92,17124,18018,15694,22862,906,3,1,True
2026-04-30T13:40:18.637,T1,1,2397,7.748,-55.1,-74.8,-19.8,133.93,717307519,717304214,132,15924,17679,13811,22615,898,3,1,True
2026-04-30T13:40:20.649,T1,1,2399,4.4,-55.9,-73.8,-17.9,132.52,411776103,411774226,124,14061,16432,16200,19208,851,3,1,True
2026-04-30T13:40:29.677,T1,1,2408,4.733,-54.9,-73.0,-18.0,191.42,453514486,453512468,92,17022,17611,14854,21757,877,3,1,True
2026-04-30T13:40:30.637,T1,1,2409,4.915,-56.1,-73.2,-17.1,224.08,410881410,410879313,76,15735,17030,15451,19295,859,3,1,True
2026-04-30T13:40:32.649,T1,1,2411,7.49,-54.9,-75.1,-20.1,175.09,716695123,716691929,100,15957,17509,13109,22453,891,3,1,True
2026-04-30T13:40:33.640,T1,1,2412,4.718,-55.1,-74.6,-19.5,161.03,449074040,449072027,108,14607,17391,14341,21137,870,3,1,True
2026-04-30T13:40:38.677,T1,1,2417,4.958,-64.3,-85.6,-21.3,181.45,392711798,392709684,20,3847,3629,2773,1185,283,3,1,True
2026-04-30T13:40:40.656,T1,1,2419,4.278,-55.1,-74.8,-19.7,189.65,392292611,392290786,92,15437,17448,12966,21103,870,3,1,True
2026-04-30T13:40:43.659,T1,1,2422,4.601,-55.0,-76.5,-21.5,167.81,438657682,438655720,96,16673,16110,10605,21879,882,3,1,True
2026-04-30T13:40:44.649,T1,1,2423,4.268,-55.2,-74.9,-19.7,210.45,390261513,390259692,84,15291,17678,13581,21772,885,3,1,True
2026-04-30T13:40:46.658,T1,1,2425,4.188,-55.9,-76.8,-20.9,142.39,388888460,388886674,112,17442,15948,9018,20667,883,3,1,True
2026-04-30T13:40:48.667,T1,1,2427,4.615,-55.6,-74.1,-18.6,136.25,433533797,433531829,112,16409,15260,16202,21015,881,3,1,True
2026-04-30T13:40:53.679,T1,1,2432,4.334,-54.5,-74.7,-20.1,152.21,401051645,401049796,116,15204,17656,14107,22720,884,3,1,True
2026-04-30T13:40:54.669,T1,1,2433,4.24,-54.7,-75.6,-21.0,190.25,388083065,388081257,92,15380,17503,11762,22098,876,3,1,True
2026-04-30T13:40:58.657,T1,1,2437,4.334,-55.2,-73.2,-18.0,189.11,397069689,397067841,96,17242,18155,15725,23173,913,3,1,True
2026-04-30T13:40:59.677,T1,1,2438,4.287,-55.8,-73.5,-17.7,186.26,394412258,394410430,92,14536,17136,16420,20058,868,3,1,True
2026-04-30T13:41:02.677,T1,1,2441,4.235,-55.7,-77.0,-21.3,175.82,387421191,387419385,96,16486,16879,10259,22054,907,3,1,True
2026-04-30T13:41:04.688,T1,1,2443,4.672,-55.1,-72.9,-17.8,199.94,445647638,445645645,88,16572,17595,15766,21710,882,3,1,True
2026-04-30T13:41:05.678,T1,1,2444,4.611,-55.3,-77.1,-21.8,170.57,435860640,435858674,92,17625,15692,8299,21466,882,3,1,True
2026-04-30T13:41:06.668,T1,1,2445,4.615,-55.1,-75.1,-20.0,149.91,435950464,435948495,112,16844,16790,13024,22340,894,3,1,True
2026-04-30T13:41:07.688,T1,1,2446,4.226,-54.9,-75.1,-20.2,165.74,389024312,389022509,100,16656,16574,12766,22040,881,3,1,True
2026-04-30T13:41:10.687,T1,1,2449,4.695,-54.9,-75.8,-20.9,159.69,442919695,442917693,104,16440,16608,11645,22029,881,3,1,True
2026-04-30T13:41:11.676,T1,1,2450,4.24,-55.3,-74.6,-19.3,179.92,387502868,387501059,96,15048,17272,13814,20705,866,3,1,True
2026-04-30T13:41:12.695,T1,1,2451,7.35,-55.2,-78.1,-22.9,162.96,712172041,712168907,96,17320,15644,8042,22610,902,3,1,True
2026-04-30T13:41:23.678,T1,1,2462,4.756,-54.9,-75.7,-20.8,155.21,454674079,454672050,112,15434,17384,12127,22057,881,3,1,True
2026-04-30T13:41:24.696,T1,1,2463,4.765,-55.4,-72.6,-17.2,178.2,448945451,448943419,100,16983,17820,15986,21611,888,3,1,True
2026-04-30T13:41:27.697,T1,1,2466,5.567,-59.5,-79.6,-20.1,160.17,452108728,452106354,60,8707,9610,7378,6827,575,3,1,True
2026-04-30T13:41:28.687,T1,1,2467,4.836,-55.2,-72.6,-17.3,171.95,451188340,451186277,100,16241,17195,15649,20312,856,3,1,True
2026-04-30T13:41:29.706,T1,1,2468,4.728,-55.4,-73.5,-18.2,172.32,449253769,449251753,96,15578,16543,15053,19882,851,3,1,True
2026-04-30T13:41:30.697,T1,1,2469,4.606,-55.2,-75.3,-20.0,130.08,433346315,433344351,136,15433,17691,13063,21975,891,3,1,True
2026-04-30T13:41:36.697,T1,1,2475,5.422,-92.5,-97.6,-5.0,52.88,451021714,451019402,8,421,423,309,11,104,1,1,False
2026-04-30T13:41:44.706,T1,1,2483,7.078,-54.9,-73.9,-18.9,171.93,746246482,746243463,100,16782,17193,12963,21041,863,3,1,True
2026-04-30T13:41:45.697,T1,1,2484,4.789,-55.5,-76.1,-20.6,197.95,402568401,402566358,88,15840,17420,10362,20911,878,3,1,True
2026-04-30T13:41:46.687,T1,1,2485,6.688,-54.6,-73.0,-18.4,134.63,687217650,687214797,128,16731,17233,14321,21246,857,3,1,True
2026-04-30T13:41:47.736,T1,1,2486,7.687,-55.2,-74.1,-18.9,157.65,704684177,704680898,108,16823,17026,14591,22106,893,3,1,True
2026-04-30T13:41:48.697,T1,1,2487,5.131,-54.5,-72.7,-18.2,201.62,494124211,494122022,84,16284,16936,14909,20762,844,3,1,True
2026-04-30T13:41:49.685,T1,1,2488,4.704,-55.3,-74.1,-18.8,140.02,445212975,445210968,120,15645,16802,13227,19591,843,3,1,True
2026-04-30T13:41:50.705,T1,1,2489,4.84,-55.4,-74.4,-19.1,225.14,398734187,398732122,76,15604,17111,12673,19828,850,3,1,True
2026-04-30T13:41:51.696,T1,1,2490,4.869,-55.2,-73.0,-17.8,190.72,458164448,458162372,92,16580,17546,15597,21506,880,3,1,True
2026-04-30T13:41:52.686,T1,1,2491,4.653,-55.1,-75.6,-20.6,174.65,438207406,438205422,100,15302,17465,12469,21963,885,3,1,True
2026-04-30T13:41:54.695,T1,1,2493,5.009,-55.9,-74.7,-18.8,128.71,485995998,485993862,120,17077,15445,13944,20309,875,3,1,True
2026-04-30T13:41:57.696,T1,1,2496,4.625,-56.0,-75.9,-19.9,138.74,399111409,399109436,120,17162,16649,8586,19463,862,3,1,True
2026-04-30T13:42:00.726,T1,1,2499,4.662,-55.2,-72.8,-17.6,228.07,440184337,440182349,76,16432,17333,15284,20737,863,3,1,True
2026-04-30T13:42:01.716,T1,1,2500,4.526,-55.3,-74.5,-19.2,197.35,422447299,422445368,88,14897,17367,14082,20747,867,3,1,True
2026-04-30T13:42:02.706,T1,1,2501,4.742,-55.2,-75.4,-20.3,185.16,445140917,445138894,96,15116,17775,12821,21923,888,3,1,True
2026-04-30T13:42:03.725,T1,1,2502,7.186,-55.5,-73.6,-18.1,164.91,756068302,756065237,96,16597,15831,15474,20398,867,3,1,True
2026-04-30T13:42:04.716,T1,1,2503,7.561,-55.1,-73.6,-18.4,179.22,764809401,764806177,96,16180,17205,15337,21625,880,3,1,True
2026-04-30T13:42:05.734,T1,1,2504,8.175,-55.3,-73.4,-18.1,142.38,765966389,765962902,128,17450,18225,15639,23421,923,3,1,True
2026-04-30T13:42:07.744,T1,1,2506,8.138,-54.8,-72.6,-17.8,188.95,764968398,764964928,92,16462,17383,15514,21176,862,3,1,True
2026-04-30T13:42:10.715,T1,1,2509,7.988,-54.6,-72.5,-17.9,216.79,764423927,764420520,80,16500,17343,15466,21323,859,3,1,True
2026-04-30T13:42:11.706,T1,1,2510,5.375,-56.2,-74.2,-18.1,178.93,444630898,444628605,92,16582,16462,16189,21478,909,3,1,True
2026-04-30T13:42:13.716,T1,1,2512,5.108,-55.5,-74.2,-18.7,126.94,492494621,492492442,132,16464,16756,14548,21200,884,3,1,True
2026-04-30T13:42:14.736,T1,1,2513,7.195,-55.0,-74.9,-19.9,143.28,749032865,749029796,124,15718,17767,13668,22605,896,3,1,True
2026-04-30T13:42:16.715,T1,1,2515,4.292,-55.0,-75.1,-20.1,137.73,394373301,394371471,128,15309,17630,12727,21633,878,3,1,True
2026-04-30T13:42:17.705,T1,1,2516,5.005,-56.0,-76.1,-20.1,172.97,483021797,483019662,96,16715,16605,9145,19486,861,3,1,True
2026-04-30T13:42:18.724,T1,1,2517,7.767,-55.7,-74.0,-18.3,184.98,764557177,764553865,92,14194,17018,15816,20000,863,3,1,True
2026-04-30T13:42:20.707,T1,1,2519,4.348,-55.1,-75.0,-19.9,176.02,392969908,392968053,100,15225,17602,12952,21331,875,3,1,True
2026-04-30T13:42:21.725,T1,1,2520,5.009,-55.6,-73.3,-17.7,199.99,483004325,483002189,88,15994,17599,16025,21375,889,3,1,True
2026-04-30T13:42:23.733,T1,1,2522,5.019,-55.0,-73.2,-18.1,206.29,482502703,482500563,80,15283,16503,15260,19715,838,3,1,True
2026-04-30T13:42:26.733,T1,1,2525,4.498,-55.6,-73.3,-17.7,210.02,419975109,419973191,80,15554,16802,15523,19835,857,3,1,True
2026-04-30T13:42:27.723,T1,1,2526,5.469,-56.3,-74.6,-18.3,189.14,460237941,460235609,92,14736,17401,14512,19758,876,3,1,True
2026-04-30T13:42:29.704,T1,1,2528,4.93,-59.3,-79.6,-20.3,134.04,393083417,393081314,84,12469,11259,7521,10503,708,3,1,True
2026-04-30T13:42:30.723,T1,1,2529,4.568,-55.4,-73.1,-17.7,147.27,424392352,424390403,120,16317,17673,15828,21500,886,3,1,True
2026-04-30T13:42:33.722,T1,1,2532,7.134,-55.6,-73.5,-17.9,146.97,746476415,746473373,116,16348,17049,15745,21128,886,3,1,True
2026-04-30T13:42:35.733,T1,1,2534,4.808,-55.9,-74.1,-18.2,179.01,456275445,456273395,96,16744,17185,12327,19497,859,3,1,True
2026-04-30T13:42:36.723,T1,1,2535,7.772,-55.5,-77.8,-22.3,154.75,765159728,765156413,100,17851,15475,7970,22171,903,3,1,True
2026-04-30T13:42:38.704,T1,1,2537,4.972,-59.0,-77.2,-18.3,138.67,392084545,392082424,92,12388,12758,10438,11446,731,3,1,True
2026-04-30T13:42:41.733,T1,1,2540,5.441,-inf,-109.8,inf,22.75,438191686,438189365,4,70,91,71,0,85,1,1,False
2026-04-30T13:42:42.724,T1,1,2541,4.714,-56.0,-75.8,-19.8,173.76,439516159,439514148,96,16575,16681,8808,18830,848,3,1,True
2026-04-30T13:42:49.743,T1,1,2548,4.986,-55.1,-75.6,-20.6,176.87,478983990,478981864,100,15256,17687,12673,22314,892,3,1,True
2026-04-30T13:42:51.723,T1,1,2550,4.714,-55.0,-75.8,-20.8,172.94,442205504,442203493,100,14937,17294,11948,21398,872,3,1,True
2026-04-30T13:42:52.744,T1,1,2551,4.737,-55.6,-75.8,-20.1,170.95,452779816,452777796,96,17270,16411,9879,20384,870,3,1,True
2026-04-30T13:42:55.745,T1,1,2554,4.54,-55.3,-74.5,-19.2,143.48,419193664,419191727,120,16786,17218,11752,20567,865,3,1,True
2026-04-30T13:43:00.752,T1,1,2559,5.614,-88.1,-93.5,-5.4,81.25,452883042,452880648,8,797,650,697,41,120,1,1,False
2026-04-30T13:43:02.763,T1,1,2561,7.04,-55.8,-73.2,-17.4,214.25,736267702,736264700,80,14608,17140,16547,19827,863,3,1,True
2026-04-30T13:43:03.753,T1,1,2562,4.578,-55.4,-75.4,-20.0,180.34,428137905,428135952,92,16999,16591,12819,22154,898,3,1,True
2026-04-30T13:43:06.755,T1,1,2565,4.986,-55.5,-73.9,-18.4,202.39,476057579,476055452,84,15439,17001,14139,19790,853,3,1,True
2026-04-30T13:43:07.743,T1,1,2566,5.553,-54.6,-74.5,-19.9,151.73,516716743,516714374,112,16793,16994,13685,22934,890,3,1,True
2026-04-30T13:43:08.733,T1,1,2567,4.639,-55.2,-73.4,-18.2,164.29,433964946,433962968,100,15424,16429,15042,19664,842,3,1,True
2026-04-30T13:43:09.755,T1,1,2568,7.739,-55.1,-74.7,-19.6,133.04,757718484,757715183,132,14687,17561,14256,21497,878,3,1,True
2026-04-30T13:43:11.733,T1,1,2570,4.545,-55.5,-73.5,-18.0,148.95,432236408,432234470,116,16402,17278,15613,21409,888,3,1,True
2026-04-30T13:43:12.754,T1,1,2571,4.573,-55.4,-73.2,-17.8,179.24,427436284,427434333,100,16733,17924,15895,22284,901,3,1,True
2026-04-30T13:43:14.734,T1,1,2573,5.671,-63.1,-83.6,-20.5,116.25,453295546,453293127,36,4860,4185,3535,1684,324,3,1,True
2026-04-30T13:43:17.761,T1,1,2576,4.803,-55.1,-75.2,-20.1,183.0,454102179,454100130,96,15126,17568,13168,21729,883,3,1,True
2026-04-30T13:43:18.751,T1,1,2577,5.647,-66.5,-83.1,-16.7,197.9,450240856,450238448,20,3736,3958,3480,1006,281,3,1,True
2026-04-30T13:43:21.752,T1,1,2580,7.064,-55.0,-74.6,-19.6,194.7,738737671,738734658,92,15552,17912,14219,22573,895,3,1,True
2026-04-30T13:43:24.782,T1,1,2583,5.042,-54.9,-74.7,-19.8,159.43,480367263,480365113,112,15276,17856,14061,22404,890,3,1,True
2026-04-30T13:43:25.744,T1,1,2584,4.592,-55.7,-73.4,-17.6,156.63,428210360,428208401,108,14908,16916,16282,19918,863,3,1,True
2026-04-30T13:43:26.761,T1,1,2585,4.493,-55.8,-75.1,-19.3,197.85,416952731,416950814,84,16743,16619,10764,19471,854,3,1,True
2026-04-30T13:43:30.754,T1,1,2589,4.517,-55.5,-77.4,-21.9,163.67,420102830,420100904,96,17522,15712,9633,22351,908,3,1,True
2026-04-30T13:43:33.751,T1,1,2592,6.097,-55.6,-74.9,-19.2,190.5,614618471,614615871,84,17122,16002,12551,20374,870,3,1,True
2026-04-30T13:43:34.771,T1,1,2593,4.507,-56.1,-73.1,-17.0,141.12,417558762,417556840,120,15186,16935,15999,19084,855,3,1,True
2026-04-30T13:43:37.772,T1,1,2596,7.744,-55.5,-74.3,-18.8,179.76,753815650,753812348,96,16918,17257,15031,22649,912,3,1,True
2026-04-30T13:43:40.831,T1,1,2599,4.976,-55.3,-74.3,-18.9,171.94,471663647,471661525,100,16906,17194,15277,23011,914,3,1,True
2026-04-30T13:43:41.763,T1,1,2600,7.12,-55.8,-73.3,-17.5,136.19,738103652,738100615,116,16389,15798,16588,20216,872,3,1,True
2026-04-30T13:43:42.782,T1,1,2601,5.145,-55.2,-72.7,-17.5,162.9,495903650,495901456,104,16031,16942,15138,19707,843,3,1,True
2026-04-30T13:43:44.763,T1,1,2603,4.573,-55.4,-76.3,-20.9,176.39,422532572,422530622,96,16029,16933,9493,20487,865,3,1,True
2026-04-30T13:43:45.782,T1,1,2604,4.489,-55.7,-74.2,-18.5,181.62,414872936,414871022,92,16541,16709,15706,21959,905,3,1,True
2026-04-30T13:43:46.800,T1,1,2605,5.037,-54.7,-72.8,-18.1,179.86,477224735,477222586,100,17079,17986,15827,22984,895,3,1,True
2026-04-30T13:43:48.900,T1,1,2607,7.125,-55.3,-74.8,-19.4,160.1,736934967,736931928,104,16624,16650,11604,20104,855,3,1,True
2026-04-30T13:43:51.782,T1,1,2610,5.53,-60.9,-80.7,-19.9,152.8,448073158,448070799,44,6995,6723,5459,3726,446,3,1,True
2026-04-30T13:43:55.801,T1,1,2614,7.279,-55.2,-72.9,-17.8,181.15,684313241,684310136,96,16421,17390,15574,21183,872,3,1,True
2026-04-30T13:43:56.823,T1,1,2615,4.578,-54.9,-75.2,-20.4,220.4,429556315,429554362,80,15665,17632,13084,22664,893,3,1,True
2026-04-30T13:43:57.780,T1,1,2616,5.628,-72.2,-88.4,-16.2,132.0,445755521,445753121,16,2027,2112,1879,301,187,3,1,True
2026-04-30T13:43:59.792,T1,1,2618,5.094,-55.2,-73.8,-18.6,189.68,490546114,490543942,88,16520,16692,12569,19574,840,3,1,True
2026-04-30T13:44:00.782,T1,1,2619,5.037,-56.1,-73.3,-17.3,200.51,428286605,428284457,84,14460,16843,16011,18825,848,3,1,True
2026-04-30T13:44:01.802,T1,1,2620,6.238,-55.1,-73.3,-18.3,173.84,572934774,572932113,104,16972,18079,15862,23340,913,3,1,True
2026-04-30T13:44:02.792,T1,1,2621,7.209,-54.8,-75.4,-20.6,183.83,750349074,750345999,96,15592,17648,11723,21869,876,3,1,True
2026-04-30T13:44:04.802,T1,1,2623,4.939,-55.1,-73.6,-18.5,205.91,468832562,468830455,80,15882,16473,14095,19785,840,3,1,True
2026-04-30T13:44:05.791,T1,1,2624,5.436,-73.4,-88.9,-15.5,226.5,428589654,428587336,8,1690,1812,1687,231,171,3,1,True
2026-04-30T13:44:08.821,T1,1,2627,4.953,-56.0,-75.4,-19.4,176.0,473045826,473043713,96,16749,16896,9644,19260,856,3,1,True
2026-04-30T13:44:09.781,T1,1,2628,4.775,-55.6,-76.5,-20.9,155.23,451416087,451414051,104,16191,16144,9813,20052,861,3,1,True
2026-04-30T13:44:11.792,T1,1,2630,5.131,-55.1,-73.2,-18.1,208.19,492218272,492216084,80,15472,16655,15364,20096,847,3,1,True
2026-04-30T13:44:14.791,T1,1,2633,4.47,-55.5,-73.2,-17.7,188.39,411137256,411135349,92,15642,17332,15990,20733,872,3,1,True
2026-04-30T13:44:15.780,T1,1,2634,5.319,-55.4,-73.4,-17.9,146.98,490042542,490040273,112,14451,16462,15955,19347,841,3,1,True
2026-04-30T13:44:16.800,T1,1,2635,4.667,-55.8,-73.0,-17.2,186.59,441048058,441046067,92,15500,17166,15935,19730,861,3,1,True
2026-04-30T13:44:20.792,T1,1,2639,4.465,-55.1,-73.0,-17.9,182.87,410684250,410682346,92,15911,16824,15069,20071,847,3,1,True
2026-04-30T13:44:21.809,T1,1,2640,4.948,-54.9,-74.5,-19.5,183.44,473283782,473281672,96,15506,17610,14007,21945,881,3,1,True
2026-04-30T13:44:23.789,T1,1,2642,5.38,-55.6,-75.1,-19.5,151.6,444510310,444508015,108,17100,16373,11609,20348,868,3,1,True
2026-04-30T13:44:24.780,T1,1,2643,4.639,-55.7,-73.3,-17.6,192.92,437324589,437322610,92,16255,17749,16014,21466,894,3,1,True
2026-04-30T13:44:25.798,T1,1,2644,5.277,-55.5,-74.4,-18.9,225.87,425045315,425043064,76,17020,17166,11130,19926,855,3,1,True
2026-04-30T13:44:26.789,T1,1,2645,6.041,-58.7,-75.8,-17.2,176.59,489705427,489702851,92,15406,16246,14333,17665,899,3,1,True
2026-04-30T13:44:27.780,T1,1,2646,4.545,-55.1,-75.8,-20.7,141.81,422840063,422838124,124,15178,17585,12286,22015,887,3,1,True
2026-04-30T13:44:28.801,T1,1,2647,4.625,-55.3,-73.5,-18.2,179.91,425184814,425182841,92,15706,16552,14567,19634,845,3,1,True
2026-04-30T13:44:29.790,T1,1,2648,5.248,-55.8,-77.1,-21.3,155.26,503633869,503631631,104,18098,16147,10123,23001,929,3,1,True
2026-04-30T13:44:33.779,T1,1,2652,4.526,-54.7,-73.6,-18.8,183.57,420967112,420965182,92,16597,16888,13130,20526,846,3,1,True
2026-04-30T13:44:34.831,T1,1,2653,4.62,-54.9,-73.2,-18.3,169.49,423594580,423592609,100,16078,16949,15024,20856,857,3,1,True
2026-04-30T13:44:36.811,T1,1,2655,4.93,-54.9,-74.2,-19.3,158.16,466821705,466819603,104,16172,16449,12650,19978,840,3,1,True
2026-04-30T13:44:38.791,T1,1,2657,4.432,-55.6,-76.1,-20.5,131.39,412156295,412154404,112,16992,14716,11702,20216,866,3,1,True
2026-04-30T13:44:39.811,T1,1,2658,4.498,-54.6,-76.1,-21.4,139.72,422958787,422956869,108,16957,15090,11307,21585,864,3,1,True
2026-04-30T13:44:40.799,T1,1,2659,4.461,-55.0,-74.0,-19.0,126.75,404988170,404986268,136,16797,17238,12878,21135,866,3,1,True
2026-04-30T13:44:42.811,T1,1,2661,7.073,-55.2,-73.2,-18.0,150.02,727858374,727855357,120,16969,18002,15817,22759,906,3,1,True
2026-04-30T13:44:43.800,T1,1,2662,5.023,-55.1,-75.4,-20.3,168.86,421438534,421436392,104,15617,17561,12401,21906,885,3,1,True
2026-04-30T13:44:44.820,T1,1,2663,5.929,-55.5,-75.8,-20.3,144.59,551961700,551959172,116,16592,16772,9380,19951,856,3,1,True
2026-04-30T13:44:45.811,T1,1,2664,7.012,-54.4,-74.3,-19.9,146.81,721409792,721406802,120,15195,17617,14512,22721,880,3,1,True
2026-04-30T13:44:46.800,T1,1,2665,7.148,-54.6,-73.1,-18.5,159.26,734106305,734103256,108,16581,17200,14316,21252,856,3,1,True
2026-04-30T13:44:47.819,T1,1,2666,4.578,-55.4,-74.4,-19.0,142.63,418129197,418127244,112,16477,15975,16105,22337,902,3,1,True
2026-04-30T13:44:51.809,T1,1,2670,5.478,-94.6,-96.4,-1.8,120.5,503060093,503057756,4,552,482,403,8,113,1,1,False
2026-04-30T13:44:52.800,T1,1,2671,6.041,-54.6,-73.4,-18.8,168.56,602472183,602469606,104,17070,17530,14589,22701,886,3,1,True
2026-04-30T13:44:55.801,T1,1,2674,4.939,-54.4,-72.9,-18.5,181.46,462570701,462568595,96,16762,17420,14937,22179,869,3,1,True
2026-04-30T13:44:58.829,T1,1,2677,4.367,-55.4,-74.5,-19.2,135.71,399852517,399850654,112,16704,15200,13983,20223,858,3,1,True
2026-04-30T13:44:59.819,T1,1,2678,4.479,-55.5,-76.4,-20.9,166.05,412864689,412862778,104,15827,17269,10070,21046,879,3,1,True
2026-04-30T13:45:01.830,T1,1,2680,4.925,-55.0,-77.6,-22.6,143.07,465642092,465639991,120,16973,17169,9605,24530,933,3,1,True
2026-04-30T13:45:02.818,T1,1,2681,5.605,-63.0,-82.0,-19.0,183.14,438139639,438137248,28,5100,5128,3953,1926,345,3,1,True
2026-04-30T13:45:03.839,T1,1,2682,7.125,-54.8,-73.2,-18.4,188.59,675727280,675724242,92,16029,17350,15747,21863,875,3,1,True
2026-04-30T13:45:05.820,T1,1,2684,5.835,-54.6,-75.5,-20.9,139.66,484077772,484075284,128,16732,17876,12935,24699,924,3,1,True
2026-04-30T13:45:07.831,T1,1,2686,4.517,-54.9,-73.8,-18.9,148.91,415549831,415547905,116,16990,17273,15978,23674,914,3,1,True
2026-04-30T13:45:10.829,T1,1,2689,6.984,-55.0,-74.0,-18.9,132.56,719473382,719470403,124,16519,16437,15666,22229,890,3,1,True
2026-04-30T13:45:11.819,T1,1,2690,5.281,-56.3,-75.2,-18.9,159.11,436836608,436834355,96,16548,15275,13220,19192,863,3,1,True
2026-04-30T13:45:12.840,T1,1,2691,5.089,-54.7,-74.2,-19.5,125.77,482888452,482886281,136,15123,17105,13709,20798,851,3,1,True
2026-04-30T13:45:17.850,T1,1,2696,4.976,-54.6,-72.9,-18.3,178.23,476067640,476065517,96,16149,17110,15274,21225,856,3,1,True
2026-04-30T13:45:18.839,T1,1,2697,4.958,-55.3,-76.4,-21.2,174.0,463814115,463812000,100,15955,17400,9830,21541,883,3,1,True
2026-04-30T13:45:19.835,T1,1,2698,4.306,-55.2,-77.3,-22.1,147.12,390145418,390143581,120,16412,17655,10139,23945,930,3,1,True
2026-04-30T13:45:20.850,T1,1,2699,4.526,-54.9,-72.8,-17.9,140.92,414448957,414447027,124,16516,17474,15593,21621,872,3,1,True
2026-04-30T13:45:22.828,T1,1,2701,5.005,-54.5,-73.2,-18.7,161.32,477163569,477161434,104,16169,16777,14340,20769,844,3,1,True
2026-04-30T13:45:24.839,T1,1,2703,7.444,-55.5,-74.2,-18.8,147.37,740159168,740155993,104,16908,15326,14715,20550,869,3,1,True
2026-04-30T13:45:25.830,T1,1,2704,4.93,-54.8,-76.1,-21.3,130.26,463904648,463902545,136,16949,17715,12027,24775,933,3,1,True
2026-04-30T13:45:26.849,T1,1,2705,4.643,-55.0,-77.4,-22.3,127.67,431534020,431532039,132,17381,16853,9356,24034,925,3,1,True
2026-04-30T13:45:28.829,T1,1,2707,4.381,-54.6,-74.0,-19.5,167.42,399418643,399416774,100,15693,16742,13924,21071,853,3,1,True
2026-04-30T13:45:30.838,T1,1,2709,4.512,-54.6,-74.8,-20.2,165.6,408205182,408203258,104,15217,17222,13540,21874,870,3,1,True
2026-04-30T13:45:32.848,T1,1,2711,5.455,-66.7,-88.8,-22.2,120.4,431732913,431730587,20,2996,2408,1418,677,232,3,1,True
2026-04-30T13:45:36.840,T1,1,2715,4.324,-55.0,-78.5,-23.4,135.69,393412189,393410344,112,17681,15197,8284,23589,917,3,1,True
2026-04-30T13:45:37.857,T1,1,2716,4.423,-55.3,-76.6,-21.3,154.19,399788187,399786301,112,15507,17269,9861,21110,874,3,1,True
2026-04-30T13:45:40.861,T1,1,2719,4.362,-54.8,-74.1,-19.4,150.81,396968169,396966308,112,15630,16891,12975,20304,842,3,1,True
2026-04-30T13:45:41.879,T1,1,2720,4.376,-54.5,-73.0,-18.5,140.28,401140458,401138591,120,16326,16834,14232,20634,842,3,1,True
2026-04-30T13:45:42.868,T1,1,2721,4.939,-54.9,-74.3,-19.4,119.96,462748536,462746429,140,16512,16795,13535,21523,872,3,1,True
2026-04-30T13:45:43.887,T1,1,2722,5.356,-55.9,-75.0,-19.1,164.27,432041050,432038766,104,16785,17084,13339,21488,900,3,1,True
2026-04-30T13:45:44.847,T1,1,2723,4.465,-54.7,-77.3,-22.5,137.82,414595979,414594074,108,17264,14885,9655,22186,880,3,1,True
2026-04-30T13:45:47.877,T1,1,2726,4.873,-54.8,-73.9,-19.1,142.98,457144402,457142324,124,17234,17730,13224,22398,887,3,1,True
2026-04-30T13:45:48.869,T1,1,2727,4.465,-54.5,-73.2,-18.7,153.75,408449267,408447362,108,15920,16605,14802,20769,843,3,1,True
2026-04-30T13:45:49.857,T1,1,2728,4.995,-55.7,-76.3,-20.7,130.61,466375851,466373721,132,16302,17241,9853,21005,884,3,1,True
2026-04-30T13:45:50.877,T1,1,2729,4.864,-54.5,-73.5,-19.0,117.32,460377208,460375134,140,15410,16425,14900,20734,843,3,1,True
2026-04-30T13:45:53.879,T1,1,2732,7.636,-54.8,-73.3,-18.5,140.52,737895009,737891752,128,17345,17987,15512,23760,911,3,1,True
2026-04-30T13:45:55.888,T1,1,2734,4.897,-54.6,-77.2,-22.5,110.26,471193284,471191195,140,17492,15436,9869,23237,897,3,1,True
2026-04-30T13:45:56.879,T1,1,2735,6.97,-55.1,-74.4,-19.3,125.46,718077450,718074477,132,16111,16561,12393,19921,843,3,1,True
2026-04-30T13:45:58.917,T1,1,2737,4.869,-54.9,-74.3,-19.4,148.1,452430661,452428584,116,16779,17180,13459,22033,883,3,1,True
2026-04-30T13:45:59.879,T1,1,2738,4.353,-54.9,-74.1,-19.3,139.5,395688494,395686638,120,15859,16740,13361,20511,850,3,1,True
2026-04-30T13:46:02.879,T1,1,2741,4.296,-55.3,-74.6,-19.4,137.73,388153986,388152153,120,16415,16527,14055,21519,882,3,1,True
2026-04-30T13:46:03.870,T1,1,2742,4.915,-54.5,-76.1,-21.6,135.57,464215129,464213032,132,16444,17895,11934,24805,923,3,1,True
2026-04-30T13:46:04.888,T1,1,2743,4.353,-54.6,-75.6,-21.0,139.22,393228356,393226499,120,16623,16706,12231,22908,890,3,1,True
2026-04-30T13:46:05.876,T1,1,2744,7.476,-54.5,-72.7,-18.2,168.08,733461904,733458716,104,16663,17480,15408,21975,869,3,1,True
2026-04-30T13:46:09.897,T1,1,2748,6.609,-54.9,-73.7,-18.8,121.1,612970235,612967416,144,16928,17439,14662,22507,891,3,1,True
2026-04-30T13:46:10.888,T1,1,2749,4.376,-54.8,-73.3,-18.4,157.45,404487076,404485210,108,15327,17005,15755,21056,860,3,1,True
2026-04-30T13:46:14.908,T1,1,2753,4.484,-55.2,-74.2,-19.0,144.87,408004277,408002364,116,16668,16805,14530,21871,887,3,1,True
2026-04-30T13:46:15.899,T1,1,2754,4.39,-54.5,-75.5,-21.1,120.88,403996678,403994806,144,16681,17407,12417,24032,907,3,1,True
2026-04-30T13:46:16.887,T1,1,2755,6.942,-54.5,-75.0,-20.5,150.88,715013428,715010467,116,14871,17502,13784,22542,879,3,1,True
2026-04-30T13:46:18.897,T1,1,2757,7.927,-54.7,-73.9,-19.3,143.41,730270555,730267175,116,15824,16636,13982,20850,851,3,1,True
2026-04-30T13:46:21.899,T1,1,2760,7.045,-54.5,-75.0,-20.5,125.76,731123447,731120443,140,14891,17607,13532,22444,879,3,1,True
2026-04-30T13:46:23.879,T1,1,2762,5.347,-58.0,-76.4,-18.4,172.69,422340673,422338392,72,11975,12434,10614,11206,699,3,1,True
2026-04-30T13:46:24.867,T1,1,2763,5.263,-55.1,-73.5,-18.4,152.55,424036156,424033911,112,16485,17086,14087,20657,861,3,1,True
2026-04-30T13:46:25.888,T1,1,2764,8.02,-54.8,-73.1,-18.3,149.08,730222983,730219563,120,17036,17890,15552,23002,899,3,1,True
2026-04-30T13:46:26.878,T1,1,2765,7.692,-54.5,-74.2,-19.7,155.37,733324076,733320796,108,15439,16780,14334,21590,860,3,1,True
2026-04-30T13:46:27.896,T1,1,2766,6.993,-55.2,-73.0,-17.8,142.99,706557053,706554070,112,16241,16015,16800,20957,869,3,1,True
2026-04-30T13:46:28.886,T1,1,2767,5.3,-55.4,-73.8,-18.4,154.03,470893232,470890971,112,14764,17251,15689,20732,869,3,1,True
2026-04-30T13:46:29.877,T1,1,2768,4.808,-54.8,-77.0,-22.2,136.41,449873253,449871203,120,17076,16369,10312,23490,908,3,1,True
2026-04-30T13:46:30.897,T1,1,2769,4.367,-54.7,-73.3,-18.5,158.44,389702950,389701088,108,16109,17112,15257,21536,867,3,1,True
2026-04-30T13:46:31.888,T1,1,2770,4.292,-55.1,-73.3,-18.2,127.87,385295903,385294073,132,14937,16879,15974,20422,856,3,1,True
2026-04-30T13:46:35.908,T1,1,2774,6.942,-55.4,-74.2,-18.8,136.96,707615985,707613025,112,16210,15340,16174,21182,880,3,1,True
2026-04-30T13:46:36.896,T1,1,2775,4.873,-55.4,-75.8,-20.4,159.63,453377766,453375687,104,16778,16602,10253,20708,869,3,1,True
2026-04-30T13:46:38.906,T1,1,2777,5.99,-55.2,-74.9,-19.7,147.92,534324437,534321882,112,16504,16567,11830,20430,858,3,1,True
2026-04-30T13:46:39.897,T1,1,2778,4.606,-54.5,-72.8,-18.3,148.47,421890163,421888198,120,16919,17816,15608,22837,886,3,1,True
2026-04-30T13:46:40.888,T1,1,2779,4.306,-54.5,-75.4,-20.9,126.94,386948844,386947007,140,15152,17771,13013,23103,889,3,1,True
2026-04-30T13:46:41.906,T1,1,2780,4.47,-54.6,-75.2,-20.5,153.0,406683427,406681520,116,15078,17748,13226,22596,885,3,1,True
2026-04-30T13:46:42.895,T1,1,2781,4.55,-56.0,-75.4,-19.4,123.89,416553905,416551965,132,16925,16354,11075,19757,867,3,1,True
2026-04-30T13:46:44.965,T1,1,2783,4.521,-54.8,-73.1,-18.3,156.55,421642205,421640277,108,15389,16907,15733,20806,855,3,1,True
2026-04-30T13:46:45.894,T1,1,2784,4.423,-55.2,-74.7,-19.5,150.97,399332859,399330972,112,16590,16909,13430,21794,886,3,1,True
2026-04-30T13:46:46.917,T1,1,2785,6.946,-54.5,-72.8,-18.3,153.27,710951966,710949004,112,16517,17166,14892,21315,854,3,1,True
2026-04-30T13:46:48.895,T1,1,2787,4.784,-54.8,-73.9,-19.0,131.67,404311899,404309858,132,16995,17381,12766,21413,867,3,1,True
2026-04-30T13:46:50.905,T1,1,2789,5.234,-55.1,-73.9,-18.9,157.75,420010849,420008616,116,17660,18299,15409,24819,941,3,1,True
2026-04-30T13:46:51.897,T1,1,2790,4.451,-55.0,-72.9,-17.9,140.91,404896403,404894504,116,16045,16346,15777,20357,849,3,1,True
2026-04-30T13:46:52.885,T1,1,2791,4.461,-54.6,-74.1,-19.5,163.54,408337531,408335628,108,15549,17662,15075,22906,889,3,1,True
2026-04-30T13:46:53.906,T1,1,2792,7.73,-54.6,-76.9,-22.3,133.99,728530837,728527541,124,17107,16615,10376,24100,913,3,1,True
2026-04-30T13:46:54.894,T1,1,2793,4.39,-54.5,-73.6,-19.1,124.52,396967566,396965694,132,15736,16436,14317,20606,842,3,1,True
2026-04-30T13:46:55.884,T1,1,2794,5.005,-54.9,-73.2,-18.3,128.49,472157091,472154957,132,15323,16961,15755,20825,858,3,1,True
2026-04-30T13:46:56.907,T1,1,2795,4.329,-55.3,-74.0,-18.7,160.45,386456315,386454468,108,14914,17329,15498,21160,875,3,1,True
2026-04-30T13:47:01.915,T1,1,2800,4.395,-55.2,-74.4,-19.2,149.85,398437074,398435200,112,16552,16783,12462,20495,858,3,1,True
2026-04-30T13:47:03.924,T1,1,2802,4.892,-55.5,-73.1,-17.6,115.41,403081578,403079491,140,16242,16157,16803,20784,874,3,1,True
2026-04-30T13:47:04.915,T1,1,2803,4.751,-54.6,-74.5,-19.8,142.32,444088343,444086317,120,15307,17079,13384,21135,856,3,1,True
2026-04-30T13:47:05.905,T1,1,2804,4.423,-54.9,-74.1,-19.1,146.97,400060357,400058471,116,15912,17048,14740,21784,878,3,1,True
2026-04-30T13:47:08.906,T1,1,2807,5.431,-54.6,-73.4,-18.8,141.23,466450586,466448269,128,17444,18078,15515,24322,918,3,1,True
2026-04-30T13:47:09.897,T1,1,2808,4.794,-54.5,-72.8,-18.3,142.93,445820380,445818335,120,16230,17151,15065,21203,854,3,1,True
2026-04-30T13:47:10.914,T1,1,2809,5.145,-56.1,-77.8,-21.7,137.1,416009935,416007741,104,16995,14258,9837,20145,879,3,1,True
2026-04-30T13:47:11.935,T1,1,2810,5.525,-55.4,-74.2,-18.8,131.9,483379683,483377327,124,16531,16356,16054,22337,904,3,1,True
2026-04-30T13:47:13.915,T1,1,2812,4.259,-55.3,-76.8,-21.6,102.99,386082307,386080490,148,17448,15243,9997,21533,883,3,1,True
2026-04-30T13:47:18.955,T1,1,2817,4.761,-54.7,-73.0,-18.3,166.94,447710055,447708025,104,15993,17362,15695,21655,869,3,1,True
2026-04-30T13:47:21.924,T1,1,2820,7.467,-54.8,-76.8,-22.0,136.27,723692005,723688820,128,16645,17442,10982,24416,925,3,1,True
2026-04-30T13:47:23.934,T1,1,2822,7.439,-54.7,-74.6,-20.0,158.34,770334782,770331610,108,15453,17101,13389,21527,865,3,1,True
2026-04-30T13:47:24.925,T1,1,2823,4.432,-55.3,-75.1,-19.7,155.33,398056837,398054946,108,16701,16776,12106,21086,875,3,1,True
2026-04-30T13:47:25.944,T1,1,2824,4.883,-54.6,-76.4,-21.8,124.02,457777716,457775634,136,17290,16867,10831,24042,912,3,1,True
2026-04-30T13:47:26.936,T1,1,2825,4.343,-55.3,-73.3,-18.0,161.83,400194416,400192564,104,14230,16830,16271,19839,848,3,1,True
2026-04-30T13:47:27.926,T1,1,2826,4.869,-55.1,-74.6,-19.6,134.38,446649914,446647837,124,16541,16663,14174,22151,890,3,1,True
2026-04-30T13:47:29.936,T1,1,2828,4.315,-54.5,-75.1,-20.6,152.39,393196607,393194766,116,15004,17677,13656,22995,888,3,1,True
2026-04-30T13:47:30.924,T1,1,2829,4.451,-54.7,-74.0,-19.3,139.24,401160920,401159022,124,16983,17266,15237,23693,908,3,1,True
2026-04-30T13:47:32.937,T1,1,2831,4.357,-55.2,-77.3,-22.1,149.01,396329800,396327941,116,15168,17285,10265,22223,895,3,1,True
2026-04-30T13:47:33.923,T1,1,2832,4.93,-54.9,-74.1,-19.2,148.07,461445868,461443766,112,15929,16584,13675,20533,851,3,1,True
2026-04-30T13:47:34.915,T1,1,2833,4.55,-55.5,-74.5,-18.9,126.24,407584364,407582424,120,15844,15149,16686,21400,888,3,1,True
2026-04-30T13:47:35.934,T1,1,2834,6.004,-60.0,-80.0,-20.0,163.53,476363748,476361188,72,11120,11774,6600,9292,683,3,1,True
2026-04-30T13:47:36.924,T1,1,2835,5.642,-55.8,-74.0,-18.2,167.95,463668356,463665949,104,17462,17467,15542,22916,926,3,1,True
2026-04-30T13:47:38.935,T1,1,2837,4.925,-54.9,-74.1,-19.2,141.88,452558380,452556279,120,16741,17025,12326,20752,855,3,1,True
2026-04-30T13:47:40.943,T1,1,2839,4.672,-54.4,-75.7,-21.3,130.88,439671484,439669491,124,16809,16229,11927,22790,882,3,1,True
2026-04-30T13:47:42.954,T1,1,2841,4.901,-54.6,-74.2,-19.6,150.68,462351992,462349902,112,15459,16876,14124,21419,859,3,1,True
2026-04-30T13:47:44.934,T1,1,2843,4.883,-55.2,-74.1,-18.9,131.21,415213417,415211334,128,16607,16795,15300,22358,897,3,1,True
2026-04-30T13:47:48.955,T1,1,2847,7.186,-54.9,-76.7,-21.8,128.95,661482230,661479166,136,15448,17537,10759,22765,896,3,1,True
2026-04-30T13:47:50.935,T1,1,2849,4.742,-54.9,-72.9,-18.0,169.21,443125810,443123788,104,16668,17598,15542,21902,880,3,1,True
2026-04-30T13:47:51.923,T1,1,2850,5.3,-59.7,-78.7,-19.0,187.45,417285139,417282879,64,11213,11997,8874,9861,696,3,1,True
2026-04-30T13:47:52.943,T1,1,2851,4.812,-54.9,-73.4,-18.5,121.49,442725194,442723141,148,17364,17980,15290,23461,910,3,1,True
2026-04-30T13:47:55.945,T1,1,2854,4.892,-55.0,-74.2,-19.3,116.91,458223693,458221607,144,15521,16835,13363,20295,848,3,1,True
2026-04-30T13:47:56.935,T1,1,2855,5.023,-59.0,-77.2,-18.2,166.73,398209702,398207559,80,13707,13338,13804,14880,836,3,1,True
2026-04-30T13:47:57.953,T1,1,2856,7.983,-54.6,-72.9,-18.2,165.41,720114891,720111487,104,16417,17203,15020,21270,858,3,1,True
2026-04-30T13:47:58.943,T1,1,2857,4.348,-54.4,-73.0,-18.6,180.93,386721657,386719803,96,16782,17369,14726,22054,867,3,1,True
2026-04-30T13:47:59.933,T1,1,2858,4.55,-55.2,-76.0,-20.8,133.11,407636959,407635019,124,16942,16506,8794,20375,857,3,1,True
2026-04-30T13:48:00.954,T1,1,2859,4.428,-55.0,-75.3,-20.3,164.8,393560985,393559097,104,17160,17139,10030,21398,872,3,1,True
2026-04-30T13:48:01.944,T1,1,2860,4.784,-54.8,-74.8,-20.0,174.84,442674876,442672835,100,14804,17484,13987,21914,876,3,1,True
2026-04-30T13:48:02.962,T1,1,2861,5.352,-60.4,-81.2,-20.8,157.14,419281907,419279624,56,7766,8800,5661,5457,531,3,1,True
2026-04-30T13:48:03.983,T1,1,2862,4.39,-54.9,-74.0,-19.1,154.59,393272724,393270852,104,16661,16077,14780,21493,871,3,1,True
2026-04-30T13:48:04.945,T1,1,2863,4.901,-54.5,-73.7,-19.2,136.07,449610779,449608689,128,17088,17417,12952,21904,867,3,1,True
2026-04-30T13:48:05.964,T1,1,2864,7.448,-55.6,-74.9,-19.3,117.0,664380407,664377231,136,17312,15912,12574,20605,874,3,1,True
2026-04-30T13:48:06.953,T1,1,2865,4.329,-54.2,-72.7,-18.5,163.1,386393895,386392049,108,17069,17615,15046,22695,872,3,1,True
2026-04-30T13:48:07.973,T1,1,2866,4.944,-55.3,-73.5,-18.2,147.98,397010364,397008256,120,17222,17757,14256,21927,891,3,1,True
2026-04-30T13:48:08.963,T1,1,2867,4.597,-55.0,-72.9,-17.9,131.83,418072379,418070419,132,16371,17401,15517,21272,870,3,1,True
2026-04-30T13:48:11.932,T1,1,2870,5.164,-55.6,-74.4,-18.8,146.49,409453170,409450967,108,16541,15821,15564,21406,891,3,1,True
2026-04-30T13:48:12.954,T1,1,2871,5.127,-77.4,-91.0,-13.6,111.83,395268252,395266065,12,1447,1342,731,140,153,3,1,True
2026-04-30T13:48:15.953,T1,1,2874,4.789,-54.7,-73.1,-18.3,171.77,439203530,439201487,104,17047,17864,15288,22841,892,3,1,True
2026-04-30T13:48:25.975,T1,1,2884,4.972,-54.6,-72.7,-18.1,137.87,467460309,467458188,124,16359,17096,14918,20777,848,3,1,True
2026-04-30T13:48:26.962,T1,1,2885,6.923,-54.5,-72.8,-18.3,174.06,712943987,712941034,96,15928,16710,15077,20492,839,3,1,True
2026-04-30T13:48:28.942,T1,1,2887,4.634,-55.1,-73.9,-18.9,161.94,434590450,434588474,104,15002,16842,14951,20542,856,3,1,True
2026-04-30T13:48:29.962,T1,1,2888,7.378,-55.2,-74.2,-19.1,150.22,760001638,759998492,112,16641,16825,14966,22327,896,3,1,True
2026-04-30T13:48:34.973,T1,1,2893,4.254,-54.7,-73.1,-18.4,178.47,386550348,386548533,96,16268,17133,15039,21272,861,3,1,True
2026-04-30T13:48:37.973,T1,1,2896,5.037,-57.6,-78.6,-21.0,170.65,403755727,403753579,92,13579,15700,11022,17969,873,3,1,True
2026-04-30T13:48:38.963,T1,1,2897,4.31,-55.4,-77.4,-21.9,119.05,390717213,390715375,132,17927,15715,8679,22351,905,3,1,True
2026-04-30T13:48:41.993,T1,1,2900,5.075,-64.3,-83.1,-18.8,165.62,391580738,391578574,24,3885,3975,3456,1195,284,3,1,True
2026-04-30T13:48:42.954,T1,1,2901,5.746,-72.5,-88.8,-16.3,152.33,454525069,454522619,12,1790,1828,1771,257,175,3,1,True
2026-04-30T13:48:44.002,T1,1,2902,5.746,-84.8,-92.2,-7.4,108.38,453149303,453146852,8,888,867,891,58,127,3,1,True
2026-04-30T13:48:46.973,T1,1,2905,4.845,-54.6,-73.7,-19.0,134.7,452849960,452847893,128,16840,17241,14243,22272,878,3,1,True
2026-04-30T13:48:47.963,T1,1,2906,4.507,-54.9,-73.9,-18.9,159.39,411872725,411870802,104,16778,16577,16751,23621,914,3,1,True
2026-04-30T13:48:48.952,T1,1,2907,5.141,-58.9,-77.6,-18.7,144.89,406523774,406521581,108,15660,15648,13174,18418,925,3,1,True
2026-04-30T13:48:49.973,T1,1,2908,7.392,-54.9,-77.0,-22.0,162.64,708493320,708490167,108,15894,17565,10522,23505,911,3,1,True
2026-04-30T13:48:51.983,T1,1,2910,4.92,-54.7,-72.7,-18.0,135.98,460725604,460723505,128,16672,17406,15228,21556,865,3,1,True
2026-04-30T13:48:52.973,T1,1,2911,4.653,-55.4,-74.5,-19.1,152.27,430320369,430318384,108,16534,16445,14517,21522,887,3,1,True
2026-04-30T13:48:54.982,T1,1,2913,7.594,-54.8,-73.8,-19.1,165.75,710739418,710736179,100,15677,16575,13958,20377,844,3,1,True
2026-04-30T13:48:56.961,T1,1,2915,4.85,-54.8,-73.4,-18.7,174.07,450388740,450386672,96,15904,16711,14752,20770,852,3,1,True
2026-04-30T13:48:57.982,T1,1,2916,4.836,-54.7,-73.2,-18.4,169.05,451812459,451810396,104,16580,17581,15632,22541,887,3,1,True
2026-04-30T13:48:58.972,T1,1,2917,7.448,-55.7,-74.4,-18.7,130.26,709286887,709283710,116,16275,15110,15701,20541,874,3,1,True
2026-04-30T13:49:00.981,T1,1,2919,5.169,-55.5,-75.5,-20.1,126.49,492538856,492536651,120,17062,15179,11965,20283,863,3,1,True
2026-04-30T13:49:01.972,T1,1,2920,5.319,-55.2,-73.2,-18.0,162.91,451998131,451995862,104,16111,16943,14865,20305,855,3,1,True
2026-04-30T13:49:06.983,T1,1,2925,4.334,-54.7,-75.7,-21.0,123.44,386208215,386206367,144,15385,17775,12409,22982,893,3,1,True
2026-04-30T13:49:08.993,T1,1,2927,4.779,-54.7,-73.1,-18.4,148.72,450793587,450791548,112,15769,16657,14844,20338,841,3,1,True
2026-04-30T13:49:11.991,T1,1,2930,4.981,-54.7,-77.5,-22.8,114.19,491101794,491099670,144,17810,16444,9491,24891,931,3,1,True
2026-04-30T13:49:12.982,T1,1,2931,8.293,-55.3,-74.2,-18.9,146.93,771510887,771507351,116,16712,17044,14676,22049,895,3,1,True
2026-04-30T13:49:13.971,T1,1,2932,4.775,-55.5,-74.6,-19.1,171.82,444865789,444863752,96,16412,16495,13584,20654,872,3,1,True
2026-04-30T13:49:14.992,T1,1,2933,6.918,-55.5,-74.5,-19.0,159.11,707790316,707787365,100,16947,15911,14116,21005,878,3,1,True
2026-04-30T13:49:17.002,T1,1,2935,4.887,-54.9,-74.2,-19.2,167.13,457107477,457105392,104,17020,17382,12373,21455,871,3,1,True
2026-04-30T13:49:17.991,T1,1,2936,5.324,-55.3,-74.2,-18.9,133.17,514363357,514361087,116,15931,15448,16619,21656,887,3,1,True
2026-04-30T13:49:19.971,T1,1,2938,5.793,-60.3,-78.7,-18.4,164.19,463547768,463545297,52,8068,8538,7250,5191,515,3,1,True
2026-04-30T13:49:20.992,T1,1,2939,5.192,-55.0,-74.8,-19.9,131.01,495107589,495105375,136,15407,17817,14263,22801,899,3,1,True
2026-04-30T13:49:21.983,T1,1,2940,7.997,-54.8,-74.3,-19.5,169.84,777586571,777583160,100,15443,16984,13965,21134,861,3,1,True
2026-04-30T13:49:23.002,T1,1,2941,4.967,-55.6,-74.7,-19.1,167.45,467594025,467591906,96,16704,16075,14511,21281,888,3,1,True
2026-04-30T13:49:23.991,T1,1,2942,4.634,-54.7,-74.9,-20.1,144.7,430178804,430176828,116,16644,16785,13440,22661,889,3,1,True
2026-04-30T13:49:26.005,T1,1,2944,4.733,-54.7,-76.1,-21.4,155.08,439399137,439397118,116,16430,17989,12073,24720,928,3,1,True
2026-04-30T13:49:26.994,T1,1,2945,5.112,-54.3,-75.8,-21.5,154.07,487661031,487658851,116,15546,17872,12461,24057,903,3,1,True
2026-04-30T13:49:27.983,T1,1,2946,4.761,-55.4,-74.0,-18.7,167.7,446969712,446967681,100,14128,16770,15632,20068,855,3,1,True
2026-04-30T13:49:31.042,T1,1,2949,7.153,-54.7,-78.0,-23.3,133.46,703654371,703651320,112,17560,14948,8454,23034,894,3,1,True
2026-04-30T13:49:32.002,T1,1,2950,4.826,-54.9,-74.0,-19.1,152.69,447608821,447606763,108,15876,16491,13399,20059,841,3,1,True
2026-04-30T13:49:34.011,T1,1,2952,7.692,-55.1,-73.9,-18.8,167.52,702796460,702793179,100,14776,16752,15254,20484,855,3,1,True
2026-04-30T13:49:35.992,T1,1,2954,4.653,-54.3,-72.9,-18.6,151.46,428288495,428286510,116,16887,17569,15048,22577,874,3,1,True
2026-04-30T13:49:44.990,T1,1,2963,4.667,-54.8,-76.9,-22.1,152.79,442374997,442373007,112,17117,17113,10645,24496,926,3,1,True
2026-04-30T13:49:46.011,T1,1,2964,7.256,-55.0,-73.7,-18.7,163.75,749982081,749978987,112,17514,18340,15652,24624,935,3,1,True
2026-04-30T13:49:47.000,T1,1,2965,5.211,-55.1,-76.2,-21.1,157.35,459249156,459246934,112,15467,17623,11224,22165,890,3,1,True
2026-04-30T13:49:47.990,T1,1,2966,4.681,-54.5,-73.3,-18.8,161.52,427464971,427462974,108,17010,17444,14141,22191,873,3,1,True
2026-04-30T13:49:49.011,T1,1,2967,7.401,-54.6,-73.3,-18.7,151.78,764332655,764329499,112,16121,16999,15158,21604,864,3,1,True
2026-04-30T13:50:00.020,T1,1,2978,4.686,-54.8,-73.0,-18.3,165.33,438392176,438390177,104,16224,17194,15274,21328,863,3,1,True
2026-04-30T13:50:01.010,T1,1,2979,4.709,-54.6,-73.5,-18.8,171.65,439790589,439788580,100,16648,17165,13871,21422,861,3,1,True
2026-04-30T13:50:01.999,T1,1,2980,5.188,-54.9,-74.6,-19.6,151.54,506862913,506860700,104,16567,15760,13377,20794,857,3,1,True
2026-04-30T13:50:04.010,T1,1,2982,4.808,-55.0,-77.4,-22.4,124.51,392161187,392159137,140,17078,17432,9873,24929,940,3,1,True
2026-04-30T13:50:05.000,T1,1,2983,4.864,-55.0,-77.8,-22.8,146.46,451306513,451304439,116,16205,16989,8800,23202,907,3,1,True
2026-04-30T13:50:06.022,T1,1,2984,4.339,-55.1,-73.0,-17.9,120.76,393991373,393989522,136,16453,16423,15754,20732,862,3,1,True
2026-04-30T13:50:07.009,T1,1,2985,4.536,-54.5,-73.6,-19.2,164.69,420110134,420108200,100,15756,16469,14231,20680,842,3,1,True
2026-04-30T13:50:07.999,T1,1,2986,5.112,-55.0,-74.1,-19.1,151.57,483625317,483623136,112,16766,16976,14777,22525,894,3,1,True
2026-04-30T13:50:09.020,T1,1,2987,4.658,-54.9,-75.1,-20.2,150.4,424768775,424766789,116,15689,17446,12251,21565,871,3,1,True
2026-04-30T13:50:12.022,T1,1,2990,4.709,-55.7,-75.0,-19.3,117.5,439802605,439800596,140,16855,16450,11697,20033,863,3,1,True
2026-04-30T13:50:14.029,T1,1,2992,4.582,-55.6,-75.1,-19.5,149.38,417240511,417238556,112,16815,16730,11601,20489,871,3,1,True
2026-04-30T13:50:15.019,T1,1,2993,5.164,-55.3,-74.6,-19.3,117.74,488178735,488176532,136,16933,16012,13604,21064,874,3,1,True
2026-04-30T13:50:16.070,T1,1,2994,7.598,-55.3,-72.8,-17.4,154.08,765407215,765403974,108,16200,16641,16843,20950,873,3,1,True
2026-04-30T13:50:17.031,T1,1,2995,5.188,-54.9,-73.5,-18.6,148.41,486841825,486839612,120,17222,17809,15243,23357,907,3,1,True
2026-04-30T13:50:19.040,T1,1,2997,4.606,-54.8,-73.5,-18.7,164.57,417283084,417281120,108,17229,17774,14296,22685,893,3,1,True
2026-04-30T13:50:21.049,T1,1,2999,5.206,-55.5,-74.3,-18.8,115.89,455911337,455909117,140,16431,16224,16643,22588,912,3,1,True
2026-04-30T13:50:22.039,T1,1,3000,4.667,-55.2,-73.9,-18.7,116.71,430412774,430410783,136,16415,15872,16880,22423,899,3,1,True
2026-04-30T13:50:23.031,T1,1,3001,5.6,-64.4,-84.4,-20.0,126.07,439831057,439828668,40,4443,5043,3119,1673,337,3,1,True
2026-04-30T13:50:24.020,T1,1,3002,4.582,-55.1,-76.9,-21.8,159.44,416353735,416351780,112,15632,17857,10905,23464,916,3,1,True
2026-04-30T13:50:25.040,T1,1,3003,4.554,-54.7,-74.7,-20.0,171.32,417125308,417123365,100,15233,17132,13631,21578,867,3,1,True
2026-04-30T13:50:28.040,T1,1,3006,8.264,-54.6,-77.0,-22.5,145.64,762826992,762823467,116,17219,16894,9978,24516,920,3,1,True
2026-04-30T13:50:29.028,T1,1,3007,7.317,-54.7,-72.8,-18.1,133.62,743929614,743926494,132,16740,17638,15559,22138,879,3,1,True
2026-04-30T13:50:31.039,T1,1,3009,4.765,-55.6,-77.0,-21.4,127.57,438732843,438730810,136,15659,17349,9795,21550,893,3,1,True
2026-04-30T13:50:32.059,T1,1,3010,7.293,-54.5,-76.2,-21.7,146.97,749922842,749919732,120,17056,17636,11714,25250,930,3,1,True
2026-04-30T13:50:33.051,T1,1,3011,4.723,-54.9,-75.8,-21.0,153.08,431099752,431097737,108,16848,16533,8680,20530,850,3,1,True
2026-04-30T13:50:34.040,T1,1,3012,7.162,-54.6,-77.0,-22.5,132.22,737637196,737634142,120,17438,15866,10159,23712,905,3,1,True
2026-04-30T13:50:36.079,T1,1,3014,4.414,-54.8,-73.6,-18.8,158.97,390779660,390777778,112,17272,17805,14201,22915,895,3,1,True
2026-04-30T13:50:37.040,T1,1,3015,4.718,-55.5,-77.1,-21.6,158.4,432950187,432948175,108,15391,17107,9698,21171,882,3,1,True
2026-04-30T13:50:39.050,T1,1,3017,4.357,-54.8,-76.0,-21.1,128.44,389270480,389268622,140,16888,17981,12376,25023,937,3,1,True
2026-04-30T13:50:40.038,T1,1,3018,5.019,-54.7,-76.3,-21.6,118.12,478664584,478662443,144,16994,17009,11624,24162,916,3,1,True
2026-04-30T13:50:42.049,T1,1,3020,4.808,-54.2,-72.8,-18.6,161.22,446558850,446556799,104,16026,16767,15048,21060,841,3,1,True
2026-04-30T13:50:45.050,T1,1,3023,4.948,-65.7,-88.1,-22.4,156.8,390880666,390878556,20,3545,3136,1600,911,260,3,1,True
2026-04-30T13:50:46.037,T1,1,3024,8.302,-54.9,-74.1,-19.2,157.76,759143333,759139792,108,16819,17038,12120,20665,854,3,1,True
2026-04-30T13:50:48.048,T1,1,3026,4.55,-54.3,-72.9,-18.6,156.33,420529210,420527270,112,16866,17509,14635,22171,867,3,1,True
2026-04-30T13:50:51.048,T1,1,3029,4.582,-54.9,-74.4,-19.5,142.61,419650247,419648292,120,16614,17113,11967,20915,859,3,1,True
2026-04-30T13:50:52.039,T1,1,3030,4.779,-54.9,-74.2,-19.4,155.54,434867412,434865373,112,16972,17421,12760,21923,878,3,1,True
2026-04-30T13:50:53.058,T1,1,3031,5.098,-54.5,-73.2,-18.6,160.52,482308482,482306307,108,16746,17336,14462,21836,867,3,1,True
2026-04-30T13:50:56.059,T1,1,3034,4.578,-54.8,-77.2,-22.4,142.71,419581790,419579838,112,17366,15983,9896,23552,908,3,1,True
2026-04-30T13:50:58.068,T1,1,3036,4.573,-55.2,-72.6,-17.4,158.36,412316220,412314270,104,16179,16469,16962,20882,867,3,1,True
2026-04-30T13:50:59.058,T1,1,3037,4.484,-55.2,-77.7,-22.5,141.85,410416517,410414604,120,16894,17022,9394,24011,929,3,1,True
2026-04-30T13:51:01.068,T1,1,3039,8.194,-54.5,-73.0,-18.5,148.5,756672621,756669126,120,17267,17820,15136,23057,891,3,1,True
2026-04-30T13:51:03.078,T1,1,3041,7.139,-54.7,-75.3,-20.6,157.39,733704759,733701714,112,15489,17628,12413,22323,881,3,1,True
2026-04-30T13:51:04.066,T1,1,3042,7.88,-54.7,-72.9,-18.2,129.07,757732141,757728781,136,16832,17553,15093,22008,875,3,1,True
2026-04-30T13:51:05.087,T1,1,3043,7.157,-55.6,-74.9,-19.3,170.87,735712200,735709147,92,16855,15720,13456,20625,875,3,1,True
2026-04-30T13:51:06.047,T1,1,3044,4.597,-55.2,-75.7,-20.5,160.77,417911840,417909879,108,16107,17363,10434,21059,872,3,1,True
2026-04-30T13:51:07.068,T1,1,3045,4.779,-54.9,-74.5,-19.6,127.48,448663114,448661075,132,16499,16827,13879,22109,882,3,1,True
2026-04-30T13:51:09.080,T1,1,3047,4.667,-54.8,-77.4,-22.6,134.06,427156922,427154932,124,17351,16624,9456,24231,922,3,1,True
2026-04-30T13:51:10.068,T1,1,3048,4.901,-56.1,-76.1,-20.1,142.59,452964963,452962872,108,17008,15400,11441,20043,876,3,1,True
2026-04-30T13:51:12.049,T1,1,3050,4.695,-55.0,-77.6,-22.6,145.8,429190359,429188357,116,16152,16913,8987,22808,900,3,1,True
2026-04-30T13:51:15.076,T1,1,3053,4.578,-55.0,-74.1,-19.0,143.76,414498849,414496897,120,16941,17251,14952,22962,904,3,1,True
2026-04-30T13:51:19.068,T1,1,3057,4.582,-55.2,-78.0,-22.9,159.9,414481670,414479715,100,17888,15990,8647,24078,930,3,1,True
2026-04-30T13:51:20.088,T1,1,3058,4.493,-55.2,-77.6,-22.4,147.77,409554822,409552906,116,15023,17141,9265,21773,885,3,1,True
2026-04-30T13:51:23.118,T1,1,3061,5.849,-54.6,-75.2,-20.6,164.04,514405049,514402555,108,15085,17716,13435,22890,889,3,1,True
2026-04-30T13:51:24.076,T1,1,3062,5.169,-54.8,-75.1,-20.3,162.4,432326848,432324643,108,15005,17539,13347,22030,880,3,1,True
2026-04-30T13:51:27.107,T1,1,3065,6.051,-54.7,-74.2,-19.5,155.62,495758933,495756352,108,15635,16807,13443,20802,850,3,1,True
2026-04-30T13:51:29.089,T1,1,3067,7.129,-54.7,-74.7,-20.1,135.48,730361980,730358940,132,16303,17884,14180,24027,913,3,1,True
2026-04-30T13:51:30.108,T1,1,3068,4.582,-54.8,-77.6,-22.9,136.12,426048012,426046058,108,17315,14701,9296,22324,883,3,1,True
2026-04-30T13:51:32.088,T1,1,3070,7.303,-54.6,-76.0,-21.4,154.37,750926679,750923565,116,15886,17907,12373,24212,915,3,1,True
2026-04-30T13:51:35.086,T1,1,3073,5.066,-54.5,-73.8,-19.3,158.92,477754551,477752391,104,15900,16528,14073,20917,848,3,1,True
2026-04-30T13:51:38.087,T1,1,3076,4.536,-55.2,-74.2,-19.0,128.37,412162163,412160228,132,16699,16945,14841,22286,896,3,1,True
2026-04-30T13:51:40.098,T1,1,3078,7.275,-54.6,-74.7,-20.1,153.42,749464776,749461673,112,15323,17183,13122,21470,861,3,1,True
2026-04-30T13:51:43.098,T1,1,3081,4.625,-54.5,-72.9,-18.5,167.06,429400149,429398177,104,16604,17374,15080,22026,868,3,1,True
2026-04-30T13:51:44.088,T1,1,3082,5.553,-54.8,-74.1,-19.3,161.07,493675703,493673334,104,15765,16751,13190,20292,843,3,1,True
2026-04-30T13:51:46.095,T1,1,3084,4.461,-54.6,-77.0,-22.4,132.26,412142152,412140250,112,17324,14813,10225,22429,879,3,1,True
2026-04-30T13:51:49.125,T1,1,3087,4.507,-55.2,-74.6,-19.4,142.51,410849963,410848040,108,16827,15391,14009,20800,867,3,1,True
2026-04-30T13:51:50.088,T1,1,3088,4.629,-55.3,-74.7,-19.4,149.62,417202186,417200211,112,16596,16757,14019,21999,893,3,1,True
2026-04-30T13:51:51.107,T1,1,3089,4.507,-54.5,-73.2,-18.7,155.33,404879532,404877609,116,17319,18018,15440,23902,907,3,1,True
2026-04-30T13:51:52.097,T1,1,3090,4.54,-54.9,-74.8,-19.9,162.17,407054032,407052096,104,16011,16866,11472,20237,845,3,1,True
2026-04-30T13:51:57.106,T1,1,3095,5.258,-54.5,-72.9,-18.4,158.42,444577443,444575201,112,17064,17743,15470,22984,889,3,1,True
2026-04-30T13:52:00.105,T1,1,3098,5.839,-55.4,-76.0,-20.6,152.79,491342440,491339950,112,16087,17113,10313,20804,873,3,1,True
2026-04-30T13:52:02.117,T1,1,3100,4.512,-54.7,-74.6,-19.9,158.99,408779233,408777308,108,15444,17171,13097,21296,860,3,1,True
2026-04-30T13:52:05.116,T1,1,3103,7.561,-54.7,-73.4,-18.7,162.79,748251216,748247991,112,17487,18233,15840,24768,928,3,1,True
2026-04-30T13:52:06.108,T1,1,3104,4.587,-55.4,-73.4,-18.0,152.79,415958602,415956645,104,16335,15890,16878,21249,881,3,1,True
2026-04-30T13:52:07.126,T1,1,3105,5.061,-54.8,-73.5,-18.7,135.33,472206934,472204775,128,16870,17322,13534,21364,864,3,1,True
2026-04-30T13:52:12.107,T1,1,3110,4.526,-54.6,-74.0,-19.3,167.23,414637432,414635501,100,15516,16723,13959,20762,848,3,1,True
2026-04-30T13:52:13.125,T1,1,3111,8.157,-55.0,-76.2,-21.2,163.35,748964313,748960834,108,15867,17642,10327,22100,886,3,1,True
2026-04-30T13:52:14.147,T1,1,3112,4.432,-54.8,-74.8,-20.0,160.56,402454516,402452625,108,15559,17341,12692,21414,866,3,1,True
2026-04-30T13:52:15.136,T1,1,3113,7.204,-55.1,-75.7,-20.5,133.49,681166850,681163778,132,15620,17621,11623,21741,883,3,1,True
2026-04-30T13:52:17.118,T1,1,3115,4.597,-55.0,-73.4,-18.5,166.37,420650158,420648198,108,17007,17968,15657,23405,911,3,1,True
2026-04-30T13:52:19.124,T1,1,3117,4.531,-54.6,-73.0,-18.4,163.88,407153592,407151659,104,16181,17044,15115,21256,857,3,1,True
2026-04-30T13:52:22.125,T1,1,3120,5.619,-54.6,-75.8,-21.1,160.25,489059661,489057265,108,16505,17307,12417,23839,909,3,1,True
2026-04-30T13:52:24.165,T1,1,3122,5.094,-54.8,-76.5,-21.8,138.44,487499270,487497098,108,17280,14952,10587,21752,872,3,1,True
2026-04-30T13:52:26.116,T1,1,3124,4.676,-55.2,-74.3,-19.1,153.57,424501559,424499565,104,16748,15971,14662,21370,877,3,1,True
2026-04-30T13:52:27.136,T1,1,3125,5.464,-60.0,-79.2,-19.2,190.67,423854413,423852082,52,9821,9915,7070,7044,595,3,1,True
2026-04-30T13:52:28.186,T1,1,3126,5.966,-55.6,-74.6,-18.9,165.1,487494875,487492331,100,15809,16510,13462,19815,858,3,1,True
2026-04-30T13:52:29.116,T1,1,3127,5.178,-54.7,-73.5,-18.8,131.34,486011087,486008879,128,16437,16812,13169,20338,841,3,1,True
2026-04-30T13:52:30.135,T1,1,3128,5.408,-59.1,-77.3,-18.2,156.09,424605146,424602840,80,13368,12487,13338,13754,804,3,1,True
2026-04-30T13:52:33.165,T1,1,3131,4.451,-54.4,-75.5,-21.1,151.27,399595814,399593916,120,16028,18153,12842,24605,916,3,1,True
2026-04-30T13:52:34.126,T1,1,3132,7.172,-54.6,-72.7,-18.2,135.07,727000456,726997398,128,16437,17289,15388,21541,862,3,1,True
2026-04-30T13:52:35.147,T1,1,3133,7.2,-54.4,-77.1,-22.7,144.0,742441464,742438394,104,17028,14976,10229,22679,878,3,1,True
2026-04-30T13:52:36.136,T1,1,3134,4.92,-54.8,-77.6,-22.8,142.06,462457798,462455700,104,17227,14774,9060,22022,877,3,1,True
2026-04-30T13:52:37.124,T1,1,3135,4.573,-54.7,-73.8,-19.1,156.6,410095452,410093501,108,16785,16913,15564,23089,896,3,1,True
2026-04-30T13:52:38.175,T1,1,3136,5.145,-54.9,-74.7,-19.8,136.31,486458436,486456242,124,15789,16903,12252,20460,851,3,1,True
2026-04-30T13:52:39.134,T1,1,3137,8.213,-54.5,-74.0,-19.5,162.79,744360376,744356873,104,15754,16930,13285,20913,847,3,1,True
2026-04-30T13:52:41.145,T1,1,3139,7.204,-55.2,-74.8,-19.6,178.29,727874916,727871844,92,16364,16403,11858,19988,849,3,1,True
2026-04-30T13:52:43.155,T1,1,3141,4.573,-55.4,-77.4,-21.9,159.14,411027429,411025478,108,15270,17187,9423,21445,886,3,1,True
2026-04-30T13:52:45.163,T1,1,3143,6.656,-55.2,-74.1,-18.9,140.73,667640942,667638104,112,16117,15762,16438,21950,889,3,1,True
2026-04-30T13:52:46.157,T1,1,3144,4.545,-54.7,-73.0,-18.3,173.76,403614307,403612368,100,16563,17376,15283,21908,872,3,1,True
2026-04-30T13:52:47.145,T1,1,3145,4.812,-54.4,-72.5,-18.1,172.78,444167265,444165212,100,16488,17278,15254,21432,855,3,1,True
2026-04-30T13:52:48.196,T1,1,3146,7.125,-55.6,-75.2,-19.6,160.6,720662840,720659801,104,16851,16702,11401,20477,871,3,1,True
2026-04-30T13:52:49.184,T1,1,3147,7.186,-54.4,-72.8,-18.5,162.04,725654125,725651060,108,16772,17500,15081,22269,870,3,1,True
2026-04-30T13:52:51.164,T1,1,3149,4.587,-54.6,-75.7,-21.1,162.58,421662724,421660767,108,16197,17559,12768,24015,910,3,1,True
2026-04-30T13:52:52.154,T1,1,3150,4.4,-54.4,-73.0,-18.6,170.12,396821030,396819154,104,16720,17692,15526,22990,885,3,1,True
2026-04-30T13:52:54.164,T1,1,3152,7.106,-54.4,-72.8,-18.4,170.62,721720734,721717704,100,16425,17062,14765,21110,849,3,1,True
2026-04-30T13:52:55.184,T1,1,3153,4.437,-54.3,-75.1,-20.8,165.22,402715072,402713179,108,15910,17844,13623,24228,906,3,1,True
2026-04-30T13:52:59.146,T1,1,3157,4.972,-55.3,-75.8,-20.5,147.78,460417522,460415402,116,16274,17142,10054,20758,867,3,1,True
2026-04-30T13:53:00.165,T1,1,3158,4.606,-54.7,-74.2,-19.5,162.94,417521383,417519419,104,15709,16946,13316,20926,853,3,1,True
2026-04-30T13:53:01.156,T1,1,3159,4.587,-54.6,-73.2,-18.6,169.62,415539172,415537215,104,16706,17641,15386,22871,889,3,1,True
2026-04-30T13:53:04.154,T1,1,3162,4.634,-54.7,-74.4,-19.7,170.9,423941930,423939954,100,15462,17090,12878,20768,849,3,1,True
2026-04-30T13:53:05.176,T1,1,3163,4.934,-55.2,-74.1,-19.0,148.24,459224796,459222692,112,16663,16603,16034,22897,908,3,1,True
2026-04-30T13:53:06.163,T1,1,3164,4.456,-54.8,-74.8,-20.0,172.58,402354055,402352154,100,15229,17258,13293,21529,868,3,1,True
2026-04-30T13:53:07.183,T1,1,3165,6.763,-54.8,-75.8,-21.0,137.88,617428686,617425802,132,16444,18200,12822,24956,934,3,1,True
2026-04-30T13:53:08.173,T1,1,3166,8.18,-54.8,-74.6,-19.7,170.82,740094924,740091435,100,16813,17082,10819,20614,851,3,1,True
2026-04-30T13:53:10.184,T1,1,3168,4.944,-54.8,-77.4,-22.6,160.11,465385156,465383048,104,17056,16651,9220,23793,912,3,1,True
2026-04-30T13:53:12.165,T1,1,3170,5.338,-58.1,-78.9,-20.8,167.4,418690603,418688327,68,10299,11383,8974,10174,669,3,1,True
2026-04-30T13:53:13.185,T1,1,3171,7.092,-54.9,-73.7,-18.8,129.88,718947962,718944937,136,17288,17664,15965,24265,925,3,1,True
2026-04-30T13:53:15.165,T1,1,3173,4.606,-55.5,-74.3,-18.8,120.37,415104994,415103029,128,16940,15407,14452,20475,867,3,1,True
2026-04-30T13:53:16.154,T1,1,3174,5.511,-88.0,-93.5,-5.5,93.38,437495919,437493569,8,681,747,684,40,118,1,1,False
2026-04-30T13:53:17.207,T1,1,3175,4.353,-54.4,-75.3,-20.9,152.91,394439938,394438081,116,16564,17738,13276,24792,919,3,1,True
2026-04-30T13:53:18.164,T1,1,3176,5.427,-55.7,-75.7,-20.0,120.4,478863399,478861085,128,17215,15411,12212,20789,879,3,1,True
2026-04-30T13:53:19.155,T1,1,3177,4.643,-55.1,-76.0,-20.9,120.46,424053968,424051988,128,16982,15419,11954,21565,878,3,1,True
2026-04-30T13:53:21.164,T1,1,3179,5.474,-69.0,-88.0,-19.0,131.75,429754290,429751956,20,2373,2635,2132,490,214,3,1,True
2026-04-30T13:53:25.183,T1,1,3183,5.239,-54.8,-73.4,-18.6,165.43,480594978,480592743,104,16035,17205,15359,21747,874,3,1,True
2026-04-30T13:53:29.174,T1,1,3187,4.54,-55.2,-75.2,-20.0,156.05,412969074,412967138,108,16641,16853,9765,19946,848,3,1,True
2026-04-30T13:53:31.183,T1,1,3189,7.026,-54.6,-73.3,-18.8,159.87,716790514,716787517,104,15794,16626,14692,20733,845,3,1,True
2026-04-30T13:53:32.203,T1,1,3190,4.751,-55.5,-73.8,-18.3,117.92,433127538,433125512,132,16076,15565,17023,21283,885,3,1,True
2026-04-30T13:53:33.164,T1,1,3191,4.367,-55.4,-74.4,-19.0,150.37,390905786,390903924,108,16426,16240,15149,21616,888,3,1,True
2026-04-30T13:53:34.184,T1,1,3192,7.162,-55.4,-73.1,-17.7,126.18,718697724,718694670,128,16147,16151,16781,20752,872,3,1,True
2026-04-30T13:53:37.181,T1,1,3195,7.697,-55.4,-74.9,-19.5,180.48,736936818,736933536,96,14480,17326,14642,21320,882,3,1,True
2026-04-30T13:53:38.204,T1,1,3196,6.051,-61.3,-80.3,-19.0,139.98,478405273,478402693,64,8192,8959,5982,5185,534,3,1,True
2026-04-30T13:53:39.164,T1,1,3197,4.54,-54.7,-73.8,-19.1,161.06,413044551,413042614,108,16977,17394,14325,22713,888,3,1,True
2026-04-30T13:53:41.172,T1,1,3199,4.531,-54.8,-73.0,-18.3,156.05,406299930,406297997,112,16560,17478,15305,21909,875,3,1,True
2026-04-30T13:53:42.192,T1,1,3200,4.503,-54.6,-73.0,-18.4,154.08,407763645,407761724,116,17238,17873,15258,23096,894,3,1,True
2026-04-30T13:53:46.181,T1,1,3204,6.046,-54.9,-73.8,-18.9,140.12,494590238,494587659,120,16896,16814,16740,23887,918,3,1,True
2026-04-30T13:53:48.194,T1,1,3206,4.278,-55.8,-76.8,-21.0,147.38,388217119,388215295,108,17516,15917,9829,21373,896,3,1,True
2026-04-30T13:53:49.183,T1,1,3207,4.718,-54.5,-73.2,-18.6,156.03,426134167,426132155,116,17302,18100,15749,24209,913,3,1,True
2026-04-30T13:53:51.193,T1,1,3209,4.353,-55.3,-74.1,-18.7,139.3,390352686,390350829,112,16131,15602,16526,21625,886,3,1,True
2026-04-30T13:53:53.173,T1,1,3211,4.995,-54.6,-75.1,-20.5,163.03,463991650,463989520,108,15192,17607,13268,22573,882,3,1,True
2026-04-30T13:53:55.183,T1,1,3213,4.507,-54.6,-75.8,-21.2,154.62,410191127,410189205,116,16237,17936,12476,24411,918,3,1,True
2026-04-30T13:53:57.191,T1,1,3215,5.309,-84.1,-92.1,-8.0,119.62,425663956,425661691,8,821,957,887,61,127,3,1,True
2026-04-30T13:53:58.181,T1,1,3216,5.385,-58.9,-76.6,-17.7,151.8,425846213,425843917,96,13934,14573,12247,14426,818,3,1,True
2026-04-30T13:54:01.241,T1,1,3219,4.461,-55.1,-74.6,-19.5,164.29,404691266,404689363,104,16740,17086,11310,20481,856,3,1,True
2026-04-30T13:54:02.201,T1,1,3220,4.972,-54.4,-75.2,-20.8,137.33,470544384,470542263,116,16890,15930,12406,22304,871,3,1,True
2026-04-30T13:54:06.191,T1,1,3224,4.385,-54.8,-72.9,-18.1,142.48,393103942,393102072,124,16875,17668,15453,22257,883,3,1,True
2026-04-30T13:54:08.201,T1,1,3226,4.869,-54.7,-73.3,-18.6,133.71,451735626,451733549,132,17078,17650,14320,22332,880,3,1,True
2026-04-30T13:54:10.181,T1,1,3228,6.576,-54.4,-72.9,-18.5,156.04,550443269,550440465,112,16792,17476,15038,22353,872,3,1,True
2026-04-30T13:54:12.191,T1,1,3230,4.446,-54.7,-72.9,-18.2,165.11,401435392,401433496,104,16182,17171,15307,21193,860,3,1,True
2026-04-30T13:54:13.182,T1,1,3231,4.869,-54.4,-75.8,-21.4,150.83,455966471,455964395,112,16773,16893,11813,23608,896,3,1,True
2026-04-30T13:54:14.201,T1,1,3232,4.869,-54.6,-73.2,-18.6,153.81,450034700,450032623,108,15882,16612,14670,20468,842,3,1,True
2026-04-30T13:54:16.214,T1,1,3234,4.667,-54.7,-72.7,-18.0,160.8,417767768,417765778,108,16527,17366,15347,21423,864,3,1,True
2026-04-30T13:54:17.201,T1,1,3235,7.106,-55.2,-74.3,-19.1,144.8,715057903,715054873,120,16966,17376,14527,22866,906,3,1,True
2026-04-30T13:54:19.240,T1,1,3237,7.143,-55.0,-73.8,-18.8,120.06,729570712,729567666,152,17454,18249,15646,24625,935,3,1,True
2026-04-30T13:54:20.203,T1,1,3238,5.033,-54.4,-73.7,-19.3,153.71,474490161,474488014,108,15211,16601,14780,21013,846,3,1,True
2026-04-30T13:54:21.222,T1,1,3239,4.296,-54.8,-77.0,-22.2,146.36,390192140,390190308,112,17053,16392,10383,23670,910,3,1,True
2026-04-30T13:54:23.203,T1,1,3241,5.309,-55.0,-74.6,-19.6,157.39,421427322,421425058,108,15792,16998,12759,20711,857,3,1,True
2026-04-30T13:54:24.193,T1,1,3242,4.371,-54.4,-72.7,-18.3,147.29,390643124,390641259,120,17002,17675,15305,22497,877,3,1,True
2026-04-30T13:54:26.202,T1,1,3244,4.423,-54.5,-75.9,-21.4,142.49,404082053,404080166,112,16879,15959,11494,22476,879,3,1,True
2026-04-30T13:54:27.220,T1,1,3245,4.432,-54.5,-73.1,-18.6,157.69,396675957,396674067,108,16032,17030,15309,21590,861,3,1,True
2026-04-30T13:54:28.210,T1,1,3246,4.629,-54.2,-72.9,-18.7,145.41,420895335,420893361,120,16788,17449,14956,22483,870,3,1,True
2026-04-30T13:54:29.202,T1,1,3247,7.556,-55.3,-74.1,-18.8,137.91,776232146,776228923,120,16633,16549,16757,23257,917,3,1,True
2026-04-30T13:54:32.201,T1,1,3250,5.066,-54.9,-78.0,-23.1,145.74,421506089,421503928,104,17533,15157,8872,23140,905,3,1,True
2026-04-30T13:54:33.220,T1,1,3251,4.976,-54.6,-73.0,-18.4,165.89,462178826,462176704,108,17132,17916,15647,23356,899,3,1,True
2026-04-30T13:54:34.209,T1,1,3252,6.97,-55.2,-75.0,-19.8,169.99,710063155,710060182,100,16576,16999,11092,20601,862,3,1,True
2026-04-30T13:54:35.199,T1,1,3253,4.418,-54.4,-72.8,-18.4,171.92,395478399,395476515,100,16309,17192,15360,21760,860,3,1,True
2026-04-30T13:54:36.222,T1,1,3254,4.353,-54.8,-74.5,-19.7,158.15,388967575,388965718,108,15566,17080,13285,21131,861,3,1,True
2026-04-30T13:54:39.250,T1,1,3257,8.02,-54.4,-73.3,-18.9,164.66,728854677,728851256,104,16671,17125,13724,21396,854,3,1,True
2026-04-30T13:54:40.212,T1,1,3258,7.683,-54.6,-75.9,-21.3,150.97,729244319,729241043,120,16910,18116,12550,25599,941,3,1,True
2026-04-30T13:54:41.200,T1,1,3259,4.892,-55.6,-76.3,-20.7,121.64,460246040,460243953,132,17234,16057,9741,20710,876,3,1,True
2026-04-30T13:54:46.271,T1,1,3264,4.789,-54.6,-72.9,-18.4,154.12,445844425,445842383,112,16637,17262,14519,21312,857,3,1,True
2026-04-30T13:54:48.251,T1,1,3266,4.803,-54.9,-75.1,-20.2,158.81,445557594,445555546,108,15988,17152,11349,20964,860,3,1,True
2026-04-30T13:54:49.209,T1,1,3267,5.244,-61.5,-82.2,-20.8,148.68,418547496,418545259,60,10403,8921,5370,6930,621,3,1,True
2026-04-30T13:54:50.230,T1,1,3268,7.795,-55.2,-74.2,-18.9,125.49,728672802,728669478,128,16301,16063,16164,22165,894,3,1,True
2026-04-30T13:54:51.249,T1,1,3269,4.273,-54.7,-75.7,-21.0,129.33,386451534,386449711,140,16745,18106,12830,25077,934,3,1,True
2026-04-30T13:54:53.229,T1,1,3271,5.877,-59.2,-78.5,-19.2,153.55,467982385,467979879,60,9122,9213,7023,6263,546,3,1,True
2026-04-30T13:54:54.219,T1,1,3272,5.225,-55.3,-73.4,-18.2,169.27,420860159,420857930,100,16189,16927,14365,20195,855,3,1,True
2026-04-30T13:54:56.231,T1,1,3274,4.432,-54.7,-75.2,-20.5,157.08,401755164,401753274,112,15263,17593,12908,22321,881,3,1,True
2026-04-30T13:54:59.228,T1,1,3277,4.475,-55.0,-74.1,-19.1,157.27,402198588,402196680,108,16723,16985,13974,21836,881,3,1,True
2026-04-30T13:55:00.221,T1,1,3278,7.997,-54.7,-75.4,-20.7,141.99,724952312,724948902,124,15044,17607,13256,22750,889,3,1,True
2026-04-30T13:55:01.210,T1,1,3279,4.836,-55.4,-75.1,-19.7,127.8,446204705,446202643,132,16065,16869,11327,19961,854,3,1,True
2026-04-30T13:55:02.229,T1,1,3280,4.39,-55.1,-77.3,-22.2,153.96,394114250,394112378,112,15785,17244,9942,22803,904,3,1,True
2026-04-30T13:55:04.240,T1,1,3282,4.864,-54.7,-72.9,-18.2,123.69,450096365,450094291,144,17108,17811,15161,22466,885,3,1,True
2026-04-30T13:55:09.280,T1,1,3287,4.353,-55.4,-76.3,-20.9,143.65,393811296,393809440,120,15825,17238,10291,21093,878,3,1,True
2026-04-30T13:55:10.238,T1,1,3288,4.751,-54.3,-73.7,-19.4,172.93,442642507,442640480,100,16884,17293,12867,21834,859,3,1,True
2026-04-30T13:55:11.229,T1,1,3289,4.409,-54.6,-73.5,-19.0,150.77,397389124,397387244,116,17000,17489,14092,22430,879,3,1,True
2026-04-30T13:55:14.228,T1,1,3292,4.836,-54.7,-73.1,-18.4,127.62,448805022,448802960,132,16065,16846,14640,20585,847,3,1,True
2026-04-30T13:55:15.279,T1,1,3293,4.381,-55.0,-74.4,-19.3,157.12,398706718,398704849,108,15618,16969,13366,20606,857,3,1,True
2026-04-30T13:55:16.240,T1,1,3294,4.93,-54.8,-73.1,-18.3,161.75,469893923,469891820,108,16416,17469,15572,22080,879,3,1,True
2026-04-30T13:55:18.251,T1,1,3296,4.794,-54.7,-75.2,-20.6,157.25,447646483,447644439,112,15216,17612,13106,22524,884,3,1,True
2026-04-30T13:55:20.259,T1,1,3298,5.342,-54.5,-74.8,-20.3,152.74,522738171,522735892,116,15362,17718,14233,23265,895,3,1,True
2026-04-30T13:55:26.260,T1,1,3304,7.345,-54.6,-76.1,-21.4,169.56,767961825,767958692,104,15181,17634,11916,22908,891,3,1,True
2026-04-30T13:55:29.261,T1,1,3307,4.864,-54.7,-75.0,-20.3,124.79,456000557,455998483,140,15391,17471,12525,21652,869,3,1,True
2026-04-30T13:55:30.251,T1,1,3308,4.362,-54.3,-75.7,-21.3,159.25,403475139,403473279,112,15430,17836,13100,24245,907,3,1,True
2026-04-30T13:55:31.268,T1,1,3309,4.32,-55.1,-74.2,-19.1,153.79,390294977,390293135,112,16653,17224,13065,21190,872,3,1,True
2026-04-30T13:55:32.260,T1,1,3310,5.375,-54.5,-72.7,-18.2,158.42,463152330,463150037,108,16260,17109,15133,21033,851,3,1,True
2026-04-30T13:55:33.250,T1,1,3311,4.733,-54.5,-72.7,-18.2,143.71,439184624,439182605,120,16508,17245,15127,21446,858,3,1,True
2026-04-30T13:55:34.268,T1,1,3312,7.448,-55.3,-75.0,-19.8,181.03,767660006,767656829,92,16504,16655,11712,20508,861,3,1,True
2026-04-30T13:55:35.260,T1,1,3313,4.418,-54.6,-75.2,-20.6,122.61,398350274,398348390,144,16481,17656,13247,23999,912,3,1,True
2026-04-30T13:55:36.249,T1,1,3314,4.789,-54.6,-73.2,-18.6,151.39,444579258,444577216,112,16366,16956,14258,20947,851,3,1,True
2026-04-30T13:55:37.269,T1,1,3315,4.371,-55.9,-75.2,-19.3,137.28,394286242,394284377,112,17038,15375,12835,19983,869,3,1,True
2026-04-30T13:55:38.259,T1,1,3316,5.225,-55.3,-73.7,-18.4,163.75,413937642,413935414,108,17198,17685,14196,21978,894,3,1,True
2026-04-30T13:55:40.268,T1,1,3318,5.417,-54.8,-73.2,-18.4,166.51,525699354,525697043,104,15958,17317,15431,21605,869,3,1,True
2026-04-30T13:55:41.291,T1,1,3319,7.411,-54.8,-74.1,-19.3,146.24,764370523,764367363,120,17140,17549,14875,23874,914,3,1,True
2026-04-30T13:55:42.282,T1,1,3320,4.765,-54.8,-75.5,-20.7,140.01,445323876,445321844,128,15175,17921,13093,23101,900,3,1,True
2026-04-30T13:55:44.260,T1,1,3322,4.751,-55.2,-76.2,-21.0,151.4,438288165,438286139,112,16193,16957,9506,20835,866,3,1,True
2026-04-30T13:55:47.288,T1,1,3325,7.298,-54.4,-73.0,-18.6,126.17,758833331,758830218,132,15886,16655,14834,20701,839,3,1,True
2026-04-30T13:55:48.279,T1,1,3326,4.77,-55.1,-76.1,-21.0,120.97,444387651,444385617,148,15571,17904,11592,22709,901,3,1,True
2026-04-30T13:55:49.269,T1,1,3327,4.4,-55.0,-73.5,-18.5,133.4,398803178,398801302,124,14525,16541,15944,20243,847,3,1,True
2026-04-30T13:55:50.288,T1,1,3328,4.582,-54.8,-73.5,-18.8,141.39,412494624,412492669,128,17380,18098,15482,24292,921,3,1,True
2026-04-30T13:55:51.277,T1,1,3329,4.381,-55.2,-73.9,-18.7,147.29,390309258,390307390,112,16439,16496,14767,21147,873,3,1,True
2026-04-30T13:55:53.289,T1,1,3331,7.936,-54.4,-73.0,-18.6,137.78,716515815,716512430,128,16912,17636,15051,22735,881,3,1,True
2026-04-30T13:55:54.278,T1,1,3332,5.164,-59.1,-80.5,-21.4,157.01,409263074,409260872,92,14497,14445,8614,16468,881,3,1,True
2026-04-30T13:55:55.269,T1,1,3333,4.789,-55.4,-74.4,-19.0,193.72,449580013,449577970,88,14135,17047,14971,20234,861,3,1,True
2026-04-30T13:55:56.287,T1,1,3334,5.445,-54.4,-73.4,-19.0,163.33,523384070,523381748,104,16591,16986,13471,21120,849,3,1,True
2026-04-30T13:56:00.279,T1,1,3338,7.373,-54.9,-77.1,-22.3,142.07,763683158,763680013,120,17166,17049,10442,24676,932,3,1,True
2026-04-30T13:56:01.297,T1,1,3339,4.4,-55.2,-74.4,-19.2,162.51,395383450,395381573,104,16621,16901,12521,20591,862,3,1,True
2026-04-30T13:56:02.289,T1,1,3340,4.662,-54.5,-74.7,-20.3,140.3,435117576,435115588,124,15097,17397,13419,22002,868,3,1,True
2026-04-30T13:56:03.278,T1,1,3341,4.906,-54.9,-74.4,-19.5,132.88,456517159,456515066,128,15434,17008,13177,20556,853,3,1,True
2026-04-30T13:56:05.288,T1,1,3343,5.211,-57.8,-76.4,-18.7,147.65,407739898,407737676,88,12605,12993,11020,12436,731,3,1,True
2026-04-30T13:56:06.279,T1,1,3344,4.84,-54.7,-73.4,-18.7,125.33,453351958,453349894,132,15862,16544,14376,20302,841,3,1,True
2026-04-30T13:56:08.289,T1,1,3346,4.794,-54.6,-75.4,-20.8,165.55,450675403,450673358,108,15195,17879,13331,23382,899,3,1,True
2026-04-30T13:56:09.310,T1,1,3347,5.277,-54.7,-74.4,-19.7,148.55,505226249,505223999,116,16797,17232,11609,21238,860,3,1,True
2026-04-30T13:56:12.308,T1,1,3350,4.287,-54.6,-75.5,-20.8,141.0,387843013,387841184,128,16200,18048,13034,24377,919,3,1,True
2026-04-30T13:56:13.299,T1,1,3351,7.692,-55.2,-76.2,-21.0,151.85,717081177,717077897,116,15913,17615,10458,21876,888,3,1,True
2026-04-30T13:56:15.309,T1,1,3353,6.674,-55.4,-74.6,-19.2,124.1,593621051,593618204,128,16503,15885,15012,21508,887,3,1,True
2026-04-30T13:56:16.298,T1,1,3354,4.817,-54.4,-72.9,-18.5,138.34,439249774,439247719,128,17019,17707,15171,22769,881,3,1,True
2026-04-30T13:56:19.299,T1,1,3357,4.995,-64.6,-85.2,-20.5,142.96,390400722,390398591,24,3261,3431,2893,970,259,3,1,True
2026-04-30T13:56:24.309,T1,1,3362,4.315,-55.2,-74.0,-18.8,133.04,392163812,392161972,120,16353,15965,16729,22396,898,3,1,True
2026-04-30T13:56:27.308,T1,1,3365,4.343,-54.4,-72.6,-18.2,147.73,392200027,392198174,120,17100,17728,15360,22560,878,3,1,True
2026-04-30T13:56:28.299,T1,1,3366,5.736,-59.1,-76.9,-17.8,174.84,456543489,456541042,68,11519,11889,9821,9640,675,3,1,True
2026-04-30T13:56:29.347,T1,1,3367,5.141,-54.3,-73.1,-18.8,160.03,496540074,496537882,104,15904,16643,14816,20983,843,3,1,True
2026-04-30T13:56:30.308,T1,1,3368,5.333,-55.1,-75.6,-20.6,144.46,512755862,512753588,120,15990,17335,10729,21208,870,3,1,True
2026-04-30T13:56:31.326,T1,1,3369,7.345,-54.8,-73.1,-18.3,164.58,757544473,757541341,108,16901,17775,15466,22785,892,3,1,True
2026-04-30T13:56:32.316,T1,1,3370,4.747,-55.3,-73.7,-18.5,159.95,437678946,437676922,104,13870,16635,16011,19845,847,3,1,True
2026-04-30T13:56:34.356,T1,1,3372,5.23,-55.3,-75.3,-20.0,159.32,494079071,494076840,104,16555,16569,11405,20608,865,3,1,True
2026-04-30T13:56:35.316,T1,1,3373,4.484,-55.0,-73.7,-18.7,160.68,406009936,406008024,108,16962,17353,13146,21164,868,3,1,True
2026-04-30T13:56:37.326,T1,1,3375,4.817,-54.7,-74.1,-19.4,151.69,446373049,446370994,112,15598,16989,13029,20451,843,3,1,True
2026-04-30T13:56:38.318,T1,1,3376,5.127,-59.6,-81.9,-22.3,156.47,404050345,404048158,68,11078,10640,5413,9444,680,3,1,True
2026-04-30T13:56:40.328,T1,1,3378,6.168,-62.1,-83.9,-21.8,267.16,494628527,494625896,44,12159,11755,9188,12715,860,3,1,True
2026-04-30T13:56:42.306,T1,1,3380,6.294,-61.9,-89.0,-27.1,71.15,526034313,526031629,80,13416,5692,5294,14021,895,3,1,True
2026-04-30T13:56:43.327,T1,1,3381,5.572,-61.7,-89.3,-27.6,50.52,436321039,436318662,124,14625,6265,4811,17507,995,3,1,True
2026-04-30T13:56:45.306,T1,1,3383,5.657,-62.0,-85.1,-23.1,107.67,441920467,441918055,72,16132,7752,7344,14055,901,3,1,True
2026-04-30T13:56:46.328,T1,1,3384,6.566,-71.8,-94.6,-22.8,64.86,453752411,453749610,28,2181,1816,1163,995,336,3,1,True
2026-04-30T13:56:47.316,T1,1,3385,5.614,-60.9,-90.8,-29.8,55.97,447914692,447912298,104,9497,5821,5232,14145,870,3,1,True
2026-04-30T13:56:48.308,T1,1,3386,5.703,-62.1,-88.6,-26.5,50.22,446520438,446518005,104,13997,5223,7062,14183,907,3,1,True
2026-04-30T13:56:49.326,T1,1,3387,5.915,-65.7,-89.0,-23.3,50.05,403096266,403093743,80,13628,4004,4940,10086,866,3,1,True
2026-04-30T13:56:50.316,T1,1,3388,5.502,-62.4,-86.0,-23.7,45.08,429979053,429976706,132,15479,5951,6929,12635,864,3,1,True
2026-04-30T13:56:51.306,T1,1,3389,5.797,-60.8,-91.2,-30.4,62.86,462100989,462098517,96,8533,6035,4805,13828,856,3,1,True
2026-04-30T13:56:52.330,T1,1,3390,8.217,-60.0,-88.2,-28.2,43.12,757166132,757162627,116,14548,5002,6444,15313,876,3,1,True
2026-04-30T13:56:53.346,T1,1,3391,8.222,-62.0,-92.3,-30.3,56.15,757011790,757008284,108,8165,6064,4342,15024,929,3,1,True
2026-04-30T13:56:56.345,T1,1,3394,5.863,-84.9,-92.8,-7.9,48.33,388979367,388976867,12,1623,580,650,97,165,3,1,True
2026-04-30T13:56:57.336,T1,1,3395,5.6,-62.4,-88.3,-25.9,56.49,442610413,442608025,112,16434,6327,8080,18135,1038,3,1,True
2026-04-30T13:56:59.317,T1,1,3397,7.34,-61.8,-92.2,-30.3,77.23,651401941,651398811,88,6573,6796,3874,12690,850,3,1,True
2026-04-30T13:57:01.327,T1,1,3399,5.6,-61.8,-89.5,-27.6,58.94,443481159,443478770,104,12921,6130,6061,15764,948,3,1,True
2026-04-30T13:57:02.318,T1,1,3400,5.633,-63.5,-89.2,-25.8,56.67,450039725,450037322,128,15935,7254,6930,19554,1116,3,1,True
2026-04-30T13:57:03.336,T1,1,3401,6.552,-75.0,-91.2,-16.2,66.4,449820972,449818177,20,3483,1328,1535,639,301,3,1,True
2026-04-30T13:57:06.337,T1,1,3404,5.99,-62.5,-89.4,-26.9,44.51,491339382,491336828,104,13072,4629,6938,14826,940,3,1,True
2026-04-30T13:57:07.326,T1,1,3405,8.189,-62.8,-88.1,-25.3,57.77,712945058,712941566,100,17276,5777,7019,17055,1018,3,1,True
2026-04-30T13:57:08.317,T1,1,3406,6.562,-74.3,-90.3,-16.0,96.15,449775840,449773042,20,3820,1923,1619,698,307,3,1,True
2026-04-30T13:57:09.337,T1,1,3407,8.25,-61.6,-88.8,-27.3,62.26,708348922,708345403,80,12954,4981,5982,13150,857,3,1,True
2026-04-30T13:57:10.325,T1,1,3408,5.441,-62.4,-88.7,-26.3,64.54,386685567,386683247,72,13579,4647,6157,12696,867,3,1,True
2026-04-30T13:57:12.335,T1,1,3410,5.244,-59.8,-89.0,-29.2,118.13,394453017,394450781,108,4028,12758,7743,16042,892,3,1,True
2026-04-30T13:57:15.335,T1,1,3413,5.661,-60.6,-80.4,-19.9,133.77,427489100,427486685,124,13662,16587,11726,18049,970,3,1,True
2026-04-30T13:57:19.326,T1,1,3417,7.397,-60.5,-80.0,-19.4,133.22,526586984,526583830,132,16215,17585,11036,20254,1027,3,1,True
2026-04-30T13:57:20.377,T1,1,3418,8.391,-61.2,-77.7,-16.6,136.09,752611012,752607433,128,17380,17419,12370,18182,994,3,1,True
2026-04-30T13:57:22.355,T1,1,3420,5.788,-60.5,-78.5,-18.0,159.22,439081610,439079141,108,16585,17196,12138,18973,994,3,1,True
2026-04-30T13:57:23.347,T1,1,3421,5.844,-60.6,-79.2,-18.7,164.98,446388888,446386395,96,16807,15838,9052,17030,943,3,1,True
2026-04-30T13:57:24.336,T1,1,3422,6.96,-70.6,-86.6,-15.9,149.0,468485548,468482579,32,4941,4768,3350,1339,374,3,1,True
2026-04-30T13:57:25.356,T1,1,3423,5.685,-60.6,-77.9,-17.3,125.07,426251373,426248948,136,17735,17009,14863,20729,1042,3,1,True
2026-04-30T13:57:28.354,T1,1,3426,8.771,-60.8,-77.1,-16.3,151.27,704171447,704167706,112,15544,16942,13943,16986,949,3,1,True
2026-04-30T13:57:31.356,T1,1,3429,5.76,-61.0,-79.0,-18.0,142.59,439916109,439913652,128,17174,18252,12837,20975,1061,3,1,True
2026-04-30T13:57:33.367,T1,1,3431,6.219,-60.7,-78.6,-17.9,147.03,502536937,502534284,120,14927,17644,13436,18796,995,3,1,True
2026-04-30T13:57:34.354,T1,1,3432,6.59,-61.4,-80.5,-19.1,126.03,460591480,460588670,120,17478,15123,8733,17423,983,3,1,True
2026-04-30T13:57:35.347,T1,1,3433,6.149,-75.5,-89.0,-13.4,142.0,396752705,396750082,20,3209,2840,1841,490,268,3,1,True
2026-04-30T13:57:37.355,T1,1,3435,8.879,-60.9,-79.3,-18.4,116.99,766221164,766217378,132,17860,15443,12542,19427,1018,3,1,True
2026-04-30T13:57:43.357,T1,1,3441,6.135,-60.4,-77.4,-17.0,128.77,489969265,489966649,136,16417,17513,16322,20792,1036,3,1,True
2026-04-30T13:57:44.346,T1,1,3442,6.154,-60.7,-78.4,-17.6,156.46,487032114,487029490,108,16387,16898,11903,17942,973,3,1,True
2026-04-30T13:57:45.366,T1,1,3443,5.638,-60.5,-77.7,-17.3,128.21,426123994,426121590,140,16844,17949,15426,21213,1048,3,1,True
2026-04-30T13:57:46.384,T1,1,3444,6.149,-79.5,-90.2,-10.7,137.5,399389362,399386740,16,1970,2200,1356,239,215,3,1,True
2026-04-30T13:57:47.344,T1,1,3445,6.52,-61.5,-79.0,-17.5,126.56,459518685,459515904,124,17104,15693,10952,16889,969,3,1,True
2026-04-30T13:57:49.356,T1,1,3447,6.426,-61.1,-80.8,-19.6,116.07,446204430,446201690,144,18406,16714,10650,21663,1084,3,1,True
2026-04-30T13:57:51.364,T1,1,3449,6.191,-61.0,-78.6,-17.7,129.24,491439896,491437256,128,17477,16543,10432,17767,977,3,1,True
2026-04-30T13:57:52.356,T1,1,3450,6.285,-61.1,-77.8,-16.8,132.77,444761335,444758654,132,17009,17525,13039,18623,1003,3,1,True
2026-04-30T13:57:53.376,T1,1,3451,5.328,-60.8,-79.2,-18.4,133.44,390230228,390227955,124,17344,16546,10781,18840,998,3,1,True
2026-04-30T13:57:55.356,T1,1,3453,5.638,-61.0,-77.7,-16.7,171.35,426415703,426413299,104,14577,17820,15588,18736,1003,3,1,True
2026-04-30T13:57:56.376,T1,1,3454,5.657,-60.8,-77.4,-16.7,103.19,425830694,425828282,168,14240,17336,15522,17943,975,3,1,True
2026-04-30T13:57:58.354,T1,1,3456,6.524,-60.7,-79.7,-19.0,138.01,457296342,457293559,112,17878,15457,10824,19217,1006,3,1,True
2026-04-30T13:57:59.374,T1,1,3457,6.112,-89.2,-92.2,-3.0,129.62,395193820,395191214,8,936,1037,1008,45,143,1,1,False
2026-04-30T13:58:01.383,T1,1,3459,8.879,-60.7,-79.8,-19.1,129.74,765511370,765507583,128,18521,16607,11967,21742,1071,3,1,True
2026-04-30T13:58:02.409,T1,1,3460,6.801,-60.7,-79.0,-18.3,127.91,524335886,524332985,132,17804,16884,10784,19422,1012,3,1,True
2026-04-30T13:58:04.385,T1,1,3462,6.365,-61.2,-78.3,-17.1,137.77,456525055,456522340,124,17452,17083,11704,18238,996,3,1,True
2026-04-30T13:58:05.375,T1,1,3463,6.656,-61.6,-78.7,-17.2,126.83,457417622,457414783,132,16832,16741,11679,17462,988,3,1,True
2026-04-30T13:58:06.394,T1,1,3464,8.339,-60.5,-78.3,-17.8,140.34,647622707,647619151,128,17164,17964,14456,21485,1058,3,1,True
2026-04-30T13:58:07.383,T1,1,3465,5.821,-60.7,-79.5,-18.8,129.7,442010253,442007771,124,16880,16083,10525,18295,980,3,1,True
2026-04-30T13:58:09.365,T1,1,3467,5.525,-60.6,-80.8,-20.2,121.78,418428742,418426385,136,18172,16562,10590,22073,1073,3,1,True
2026-04-30T13:58:13.385,T1,1,3471,5.675,-61.6,-78.2,-16.6,163.0,434719688,434717267,104,17147,16952,11504,17103,980,3,1,True
2026-04-30T13:58:14.376,T1,1,3472,6.046,-59.0,-76.6,-17.5,186.36,483858758,483856179,84,17617,15654,12103,17985,919,3,1,True
2026-04-30T13:58:18.394,T1,1,3476,6.599,-68.5,-93.5,-25.1,106.12,502462684,502459869,80,8518,8490,8029,21934,1405,3,1,True
2026-04-30T13:58:19.384,T1,1,3477,9.995,-67.1,-78.5,-11.5,453.5,770523319,770519057,40,14406,18140,15550,13100,1035,3,1,True
2026-04-30T13:58:20.406,T1,1,3478,6.585,-70.5,-88.4,-17.9,278.77,483422054,483419246,60,14341,16726,10829,17000,1328,3,1,True
2026-04-30T13:58:21.393,T1,1,3479,6.885,-72.1,-90.8,-18.8,176.27,438217203,438214266,60,11508,10576,6982,12908,1222,3,1,True
2026-04-30T13:58:23.404,T1,1,3481,8.691,-68.2,-93.5,-25.2,77.75,760615280,760611573,60,11197,4665,3514,16807,1220,3,1,True
2026-04-30T13:58:24.453,T1,1,3482,6.749,-67.6,-82.7,-15.1,245.96,484652918,484650039,68,14248,16725,11595,13350,1064,3,1,True
2026-04-30T13:58:25.383,T1,1,3483,6.642,-71.4,-88.0,-16.6,373.83,486040896,486038063,48,5658,17944,17772,16208,1337,3,1,True
2026-04-30T13:58:28.413,T1,1,3486,8.4,-70.1,-90.8,-20.7,119.93,631139517,631135935,88,7145,10554,17114,22788,1515,3,1,True
2026-04-30T13:58:29.403,T1,1,3487,5.816,-69.1,-91.4,-22.3,188.51,387711757,387709276,92,7872,17343,13448,33369,1769,3,1,True
2026-04-30T13:58:30.394,T1,1,3488,9.7,-69.2,-90.8,-21.6,149.9,768755559,768751423,120,7139,17988,12813,28967,1657,3,1,True
2026-04-30T13:58:31.413,T1,1,3489,9.629,-69.0,-90.7,-21.7,208.68,761521755,761517649,80,5138,16694,13259,25336,1538,3,1,True
2026-04-30T13:58:32.403,T1,1,3490,9.854,-68.8,-90.6,-21.7,214.38,760409760,760405557,84,5871,18008,14577,29664,1655,3,1,True
2026-04-30T13:58:34.413,T1,1,3492,6.792,-70.2,-90.8,-20.7,163.46,496120592,496117695,104,4420,17000,16938,29816,1737,3,1,True
2026-04-30T13:58:35.434,T1,1,3493,6.116,-69.3,-90.7,-21.4,156.28,414705221,414702613,96,4165,15003,16244,26335,1587,3,1,True
2026-04-30T13:58:36.394,T1,1,3494,8.832,-69.0,-90.7,-21.7,226.18,696847419,696843652,68,7709,15380,9816,20529,1384,3,1,True
2026-04-30T13:58:38.403,T1,1,3496,7.392,-101.0,-100.6,0.5,56.0,452232186,452229034,8,148,448,263,2,118,1,1,False
2026-04-30T13:58:42.392,T1,1,3500,6.693,-94.5,-98.3,-3.7,52.25,395395473,395392619,8,310,418,630,12,137,1,1,False
2026-04-30T13:58:43.413,T1,1,3501,8.818,-69.1,-90.7,-21.6,192.12,742807583,742803823,80,4427,15370,12466,21533,1423,3,1,True
2026-04-30T13:58:44.404,T1,1,3502,8.832,-68.1,-91.2,-23.2,162.54,741823187,741819421,80,3923,13003,13809,23838,1445,3,1,True
2026-04-30T13:58:45.424,T1,1,3503,6.28,-69.4,-90.8,-21.4,183.29,429493767,429491088,80,3862,14663,14917,23872,1513,3,1,True
2026-04-30T13:58:46.443,T1,1,3504,6.093,-69.5,-90.9,-21.4,148.67,413653452,413650853,92,4278,13678,15667,24003,1524,3,1,True
2026-04-30T13:58:47.405,T1,1,3505,6.337,-69.0,-91.1,-22.1,192.12,432529493,432526790,88,4528,16907,16501,33152,1759,3,1,True
2026-04-30T13:58:50.404,T1,1,3508,6.815,-67.5,-90.8,-23.3,170.34,495770525,495767618,88,3489,14990,13125,24526,1439,3,1,True
2026-04-30T13:58:51.422,T1,1,3509,6.679,-68.4,-90.7,-22.3,169.37,481167966,481165118,92,4010,15582,15175,27106,1561,3,1,True
2026-04-30T13:58:52.442,T1,1,3510,6.627,-69.1,-90.8,-21.6,142.3,476508920,476506093,88,6020,12522,16581,24795,1529,3,1,True
2026-04-30T13:58:53.433,T1,1,3511,6.196,-68.6,-90.9,-22.3,161.85,417980625,417977983,96,4345,15538,16938,31253,1687,3,1,True
2026-04-30T13:58:54.422,T1,1,3512,6.914,-68.8,-90.7,-21.9,206.16,511583694,511580745,80,3716,16493,15404,28220,1612,3,1,True
2026-04-30T13:58:56.432,T1,1,3514,6.703,-69.7,-91.2,-21.6,134.61,483161917,483159058,88,7904,11846,17695,29355,1694,3,1,True
2026-04-30T13:58:57.422,T1,1,3515,6.107,-69.0,-91.5,-22.5,184.12,411810454,411807850,92,4697,16939,15486,35171,1814,3,1,True
2026-04-30T13:58:58.412,T1,1,3516,6.154,-69.3,-90.9,-21.6,170.46,418577115,418574490,96,4481,16364,14058,26254,1580,3,1,True
2026-04-30T13:59:00.424,T1,1,3518,6.271,-69.2,-90.8,-21.6,169.42,429642774,429640099,88,4309,14909,16487,27477,1614,3,1,True
2026-04-30T13:59:01.443,T1,1,3519,8.33,-69.2,-90.9,-21.7,199.38,679172967,679169415,84,5796,16748,11895,24687,1530,3,1,True
2026-04-30T13:59:02.433,T1,1,3520,6.374,-69.7,-91.2,-21.5,202.6,447317852,447315134,92,8057,18639,14516,35390,1866,3,1,True
2026-04-30T13:59:03.424,T1,1,3521,7.537,-68.8,-90.4,-21.6,187.58,498071044,498067829,88,10021,16507,9700,23494,1472,3,1,True
2026-04-30T13:59:05.432,T1,1,3523,9.451,-69.5,-90.9,-21.5,191.16,757198944,757194913,100,9623,19116,13466,34616,1827,3,1,True
2026-04-30T13:59:09.423,T1,1,3527,6.581,-70.5,-90.6,-20.1,193.43,447520769,447517962,84,10752,16248,9403,21724,1502,3,1,True
2026-04-30T13:59:11.434,T1,1,3529,6.646,-69.6,-90.4,-20.8,221.83,477743095,477740261,72,9497,15972,9691,20801,1424,3,1,True
2026-04-30T13:59:12.453,T1,1,3530,9.296,-69.7,-91.5,-21.8,174.68,761094443,761090478,92,5150,16071,16097,32567,1787,3,1,True
2026-04-30T13:59:13.414,T1,1,3531,6.923,-72.1,-91.0,-18.9,167.42,432777860,432774908,84,5313,14063,10551,15426,1335,3,1,True
2026-04-30T13:59:14.432,T1,1,3532,6.116,-70.4,-91.0,-20.6,190.95,414827308,414824700,100,12463,19095,11671,33878,1865,3,1,True
2026-04-30T13:59:16.442,T1,1,3534,6.754,-69.8,-91.0,-21.2,178.92,490591570,490588690,96,4386,17176,17369,32730,1797,3,1,True
2026-04-30T13:59:18.452,T1,1,3536,6.454,-70.0,-90.6,-20.5,196.57,443208315,443205563,84,7360,16512,11232,21564,1471,3,1,True
2026-04-30T13:59:19.441,T1,1,3537,9.681,-69.6,-90.9,-21.3,142.1,753939783,753935654,84,6208,11936,17074,25101,1561,3,1,True
2026-04-30T13:59:20.462,T1,1,3538,8.841,-69.4,-91.6,-22.1,168.83,747965354,747961584,84,5013,14182,14880,27905,1639,3,1,True
2026-04-30T13:59:21.453,T1,1,3539,6.051,-69.7,-90.7,-20.9,198.4,408670834,408668253,92,9127,18253,11690,27644,1649,3,1,True
2026-04-30T13:59:22.443,T1,1,3540,6.309,-69.3,-90.6,-21.3,200.81,433132470,433129780,80,9363,16065,9804,22211,1456,3,1,True
2026-04-30T13:59:23.463,T1,1,3541,9.512,-71.3,-91.6,-20.3,167.12,753923683,753919627,104,4435,17381,18347,36263,1992,3,1,True
2026-04-30T13:59:24.451,T1,1,3542,6.187,-70.0,-90.8,-20.8,194.31,428250533,428247894,88,6115,17099,12306,24171,1556,3,1,True
2026-04-30T13:59:25.443,T1,1,3543,6.102,-70.1,-90.7,-20.6,186.13,411653979,411651377,76,3611,14146,13772,19784,1412,3,1,True
2026-04-30T13:59:26.432,T1,1,3544,6.177,-70.0,-91.1,-21.1,140.42,416603388,416600754,76,8158,10672,18089,27352,1653,3,1,True
2026-04-30T13:59:27.451,T1,1,3545,6.271,-70.9,-90.7,-19.8,223.8,429171816,429169141,80,5199,17904,15389,26977,1694,3,1,True
2026-04-30T13:59:30.481,T1,1,3548,6.918,-71.8,-91.0,-19.2,212.5,428514119,428511168,64,5872,13600,9326,14319,1274,3,1,True
2026-04-30T13:59:33.452,T1,1,3551,6.112,-69.6,-90.6,-21.0,195.35,405854889,405852283,84,5994,16409,12270,22616,1482,3,1,True
2026-04-30T13:59:36.453,T1,1,3554,8.743,-70.5,-90.9,-20.4,143.91,735279997,735276269,80,6414,11513,16396,22169,1514,3,1,True
2026-04-30T13:59:39.454,T1,1,3557,6.266,-70.0,-90.9,-20.9,208.83,437367140,437364468,92,9664,19212,13879,33711,1835,3,1,True
2026-04-30T13:59:42.453,T1,1,3560,7.157,-inf,-104.6,inf,15.5,428760670,428757617,8,127,124,235,0,102,1,1,False
2026-04-30T13:59:47.462,T1,1,3565,9.357,-68.1,-90.6,-22.5,188.44,749933486,749929495,84,9391,15829,9223,23231,1427,3,1,True
2026-04-30T13:59:49.470,T1,1,3567,6.172,-69.3,-90.6,-21.3,176.85,417954307,417951674,88,3747,15563,14718,23929,1513,3,1,True
2026-04-30T13:59:50.491,T1,1,3568,8.687,-68.2,-91.2,-22.9,126.9,727220718,727217013,112,5912,14213,16410,31396,1667,3,1,True
2026-04-30T13:59:51.451,T1,1,3569,6.036,-72.4,-91.7,-19.3,151.36,404045555,404042981,104,7657,15741,18620,34209,2011,3,1,True
2026-04-30T13:59:55.472,T1,1,3573,6.079,-69.9,-90.4,-20.5,163.07,410178693,410176101,96,4157,15655,16524,24977,1576,3,1,True
2026-04-30T13:59:58.500,T1,1,3576,6.717,-73.1,-91.7,-18.6,163.14,490025724,490022860,96,7435,15661,18263,31953,1993,3,1,True
2026-04-30T13:59:59.460,T1,1,3577,6.581,-68.8,-91.0,-22.1,138.98,466826506,466823700,88,5461,12230,16630,25884,1546,3,1,True
2026-04-30T14:00:00.480,T1,1,3578,7.092,-88.8,-96.2,-7.4,73.67,427134059,427131034,12,479,884,1235,106,210,3,1,True
2026-04-30T14:00:01.472,T1,1,3579,7.036,-71.1,-92.0,-20.9,187.14,441050377,441047377,76,5778,14223,10271,20804,1498,3,1,True
2026-04-30T14:00:04.471,T1,1,3582,9.493,-70.5,-91.1,-20.7,250.21,748542408,748538360,72,4331,18015,15116,30209,1767,3,1,True
2026-04-30T14:00:06.482,T1,1,3584,7.209,-76.5,-92.1,-15.6,197.6,441681175,441678100,20,976,3952,3483,1245,442,3,1,True
2026-04-30T14:00:07.471,T1,1,3585,6.069,-69.6,-90.6,-21.0,240.41,406248672,406246084,68,6043,16348,12337,22523,1480,3,1,True
2026-04-30T14:00:08.461,T1,1,3586,6.618,-69.8,-90.5,-20.7,175.4,472797135,472794312,88,4975,15435,17013,26575,1621,3,1,True
2026-04-30T14:00:10.470,T1,1,3588,7.111,-69.3,-90.4,-21.1,186.12,487760266,487757234,88,3957,16379,16193,26554,1592,3,1,True
2026-04-30T14:00:12.480,T1,1,3590,6.036,-70.5,-91.4,-20.8,145.77,406787701,406785126,124,5543,18075,17677,37063,1962,3,1,True
2026-04-30T14:00:13.469,T1,1,3591,6.074,-69.6,-91.2,-21.6,168.02,406898912,406896321,108,4996,18146,14321,31791,1760,3,1,True
2026-04-30T14:00:14.462,T1,1,3592,7.655,-74.5,-92.1,-17.5,138.62,486115514,486112250,48,2132,6654,7613,5254,848,3,1,True
2026-04-30T14:00:15.482,T1,1,3593,6.824,-69.6,-90.4,-20.8,162.44,489799993,489797082,100,9041,16244,10474,21427,1444,3,1,True
2026-04-30T14:00:17.490,T1,1,3595,6.707,-69.9,-90.5,-20.6,248.1,484408490,484405629,72,5185,17863,15362,27753,1660,3,1,True
2026-04-30T14:00:19.472,T1,1,3597,6.051,-70.4,-90.6,-20.2,181.25,401651857,401649277,88,3930,15950,16121,24761,1594,3,1,True
2026-04-30T14:00:20.461,T1,1,3598,7.064,-72.0,-91.6,-19.7,170.2,438959784,438956771,84,3793,14297,11535,18733,1466,3,1,True
2026-04-30T14:00:21.482,T1,1,3599,6.562,-70.4,-91.0,-20.6,208.49,464765231,464762433,88,9886,18347,12884,31005,1787,3,1,True
2026-04-30T14:00:23.491,T1,1,3601,9.718,-69.7,-90.6,-21.0,112.52,743988744,743984599,116,5443,13052,16475,23288,1509,3,1,True
2026-04-30T14:00:25.471,T1,1,3603,6.398,-68.7,-91.1,-22.3,185.44,434699742,434697013,88,3895,16319,16001,31452,1698,3,1,True
2026-04-30T14:00:27.481,T1,1,3605,6.609,-69.0,-91.6,-22.5,208.98,469263809,469260990,80,4441,16718,15186,34061,1786,3,1,True
2026-04-30T14:00:30.481,T1,1,3608,7.453,-71.0,-91.6,-20.7,168.08,484962609,484959430,96,9077,16136,11741,27489,1717,3,1,True
2026-04-30T14:00:31.471,T1,1,3609,6.238,-69.8,-90.9,-21.2,148.62,424470986,424468326,124,11364,18429,10768,30773,1741,3,1,True
2026-04-30T14:00:32.490,T1,1,3610,6.285,-69.1,-91.0,-21.9,140.46,423089166,423086485,76,7120,10675,15458,22499,1456,3,1,True
2026-04-30T14:00:33.480,T1,1,3611,6.853,-69.0,-90.8,-21.8,173.38,435917189,435914267,96,8176,16644,10487,24385,1509,3,1,True
2026-04-30T14:00:34.471,T1,1,3612,6.557,-69.4,-91.4,-21.9,135.34,462817665,462814869,108,6319,14617,18510,35579,1850,3,1,True
2026-04-30T14:00:35.520,T1,1,3613,6.609,-69.5,-91.5,-21.9,156.57,468811658,468808840,100,5780,15657,16699,33817,1810,3,1,True
2026-04-30T14:00:36.481,T1,1,3614,7.697,-71.6,-91.9,-20.2,132.78,485888942,485885659,60,3408,7967,10613,10818,1101,3,1,True
2026-04-30T14:00:38.490,T1,1,3616,6.149,-70.9,-91.0,-20.1,177.74,404399609,404396987,104,14898,18485,10691,33895,1903,3,1,True
2026-04-30T14:00:42.480,T1,1,3620,6.097,-69.7,-90.7,-20.9,174.72,402623781,402621181,88,4037,15375,12789,20701,1426,3,1,True
2026-04-30T14:00:43.468,T1,1,3621,6.857,-70.1,-90.8,-20.7,145.7,437124892,437121968,112,4200,16318,14846,24990,1587,3,1,True
2026-04-30T14:00:44.489,T1,1,3622,6.566,-69.3,-90.7,-21.4,191.38,463083483,463080683,92,4515,17607,17063,32043,1748,3,1,True
2026-04-30T14:00:46.499,T1,1,3624,6.28,-69.5,-91.0,-21.4,187.93,421079546,421076868,100,10242,18793,12035,32539,1776,3,1,True
2026-04-30T14:00:49.528,T1,1,3627,6.412,-69.7,-90.5,-20.8,221.01,439064280,439061546,80,5285,17681,15529,27783,1650,3,1,True
2026-04-30T14:00:52.501,T1,1,3630,7.05,-70.0,-90.5,-20.5,187.65,524993412,524990406,80,4919,15012,16906,25372,1595,3,1,True
2026-04-30T14:00:53.491,T1,1,3631,9.601,-70.1,-90.5,-20.4,213.54,741076098,741072004,84,11097,17937,10295,25608,1609,3,1,True
2026-04-30T14:00:55.500,T1,1,3633,6.571,-69.8,-90.8,-21.0,165.29,464312423,464309620,104,4998,17190,13812,26024,1601,3,1,True
2026-04-30T14:00:56.490,T1,1,3634,6.637,-69.7,-90.7,-21.0,157.25,465926611,465923781,88,5613,13838,17094,25802,1589,3,1,True
2026-04-30T14:00:59.491,T1,1,3637,6.548,-69.9,-91.3,-21.4,144.95,464092178,464089386,92,5617,13335,16191,27029,1640,3,1,True
2026-04-30T14:01:00.509,T1,1,3638,9.751,-68.6,-90.6,-22.0,217.74,739970732,739966573,80,5883,17419,13701,27909,1593,3,1,True
2026-04-30T14:01:02.489,T1,1,3640,6.684,-68.5,-90.5,-22.0,193.74,472436189,472433339,88,4322,17049,14767,27750,1582,3,1,True
2026-04-30T14:01:04.530,T1,1,3642,6.097,-68.5,-90.6,-22.1,173.92,399901281,399898680,104,5340,18088,14846,30482,1658,3,1,True
2026-04-30T14:01:06.508,T1,1,3644,6.89,-68.4,-90.7,-22.2,162.88,498902404,498899466,88,10035,14333,8405,20525,1357,3,1,True
2026-04-30T14:01:08.519,T1,1,3646,8.813,-71.6,-90.4,-18.8,141.8,678919492,678915734,116,5954,16449,17868,25776,1695,3,1,True
2026-04-30T14:01:09.510,T1,1,3647,8.733,-69.1,-90.1,-21.0,234.31,720995903,720992178,72,10364,16870,10404,22942,1471,3,1,True
2026-04-30T14:01:12.540,T1,1,3650,6.824,-69.2,-90.8,-21.6,177.26,433762127,433759217,92,3446,16308,18093,32128,1743,3,1,True
2026-04-30T14:01:13.498,T1,1,3651,6.224,-68.3,-90.6,-22.2,189.95,420095283,420092628,80,4294,15196,12138,21275,1378,3,1,True
2026-04-30T14:01:14.519,T1,1,3652,6.543,-81.8,-90.9,-9.1,176.65,460194822,460192031,72,3520,12719,16606,10281,1527,3,1,True
2026-04-30T14:01:15.508,T1,1,3653,7.627,-72.1,-91.8,-19.7,170.93,478549637,478546384,44,1011,7521,7481,6198,847,3,1,True
2026-04-30T14:01:16.528,T1,1,3654,6.576,-68.4,-91.5,-23.1,165.39,467355140,467352336,80,2089,13231,16645,29865,1636,3,1,True
2026-04-30T14:01:17.522,T1,1,3655,8.776,-68.0,-91.6,-23.6,122.91,722014584,722010842,88,3479,10816,15747,26147,1508,3,1,True
2026-04-30T14:01:18.509,T1,1,3656,7.692,-72.1,-92.4,-20.3,97.56,478913473,478910193,52,3144,5073,8339,6688,880,3,1,True
2026-04-30T14:01:19.528,T1,1,3657,6.337,-69.2,-90.0,-20.8,212.42,421057924,421055222,84,11965,17843,10314,25290,1550,3,1,True
2026-04-30T14:01:20.520,T1,1,3658,6.036,-69.3,-91.2,-21.9,192.59,396664983,396662408,100,7136,19259,14407,36199,1858,3,1,True
2026-04-30T14:01:21.509,T1,1,3659,9.676,-69.5,-90.2,-20.7,221.97,738222060,738217933,76,6079,16870,13137,22635,1481,3,1,True
2026-04-30T14:01:22.532,T1,1,3660,8.682,-68.3,-91.3,-23.0,174.44,609788389,609784687,84,2710,14653,13234,25229,1498,3,1,True
2026-04-30T14:01:23.547,T1,1,3661,6.112,-68.4,-90.9,-22.5,143.46,398179528,398176921,80,4840,11477,17543,26818,1551,3,1,True
2026-04-30T14:01:25.558,T1,1,3663,6.332,-69.2,-90.4,-21.2,217.34,429365360,429362660,80,5965,17387,13087,24815,1533,3,1,True
2026-04-30T14:01:29.549,T1,1,3667,6.998,-70.9,-91.3,-20.3,153.44,431518438,431515453,68,2176,10434,13413,15458,1284,3,1,True
2026-04-30T14:01:30.508,T1,1,3668,6.027,-71.8,-91.3,-19.5,169.04,397090425,397087855,112,6081,18932,17120,34488,1979,3,1,True
2026-04-30T14:01:31.557,T1,1,3669,6.097,-68.6,-90.4,-21.9,192.37,397726337,397723736,92,9153,17698,11680,27256,1573,3,1,True
2026-04-30T14:01:33.599,T1,1,3671,6.013,-69.4,-90.3,-20.9,237.26,390420504,390417940,76,3841,18032,15902,27870,1634,3,1,True
2026-04-30T14:01:34.528,T1,1,3672,6.604,-70.7,-91.1,-20.4,173.57,454673808,454670991,80,2554,13886,18063,26983,1684,3,1,True
2026-04-30T14:01:36.539,T1,1,3674,9.54,-69.4,-90.2,-20.8,173.24,737478320,737474251,100,7368,17324,12153,22930,1482,3,1,True
2026-04-30T14:01:39.539,T1,1,3677,6.051,-70.3,-90.9,-20.6,187.74,395426690,395424109,92,9149,17272,11754,26022,1630,3,1,True
2026-04-30T14:01:40.560,T1,1,3678,7.627,-73.6,-91.8,-18.2,140.82,476041252,476037999,56,3514,7886,6134,5594,848,3,1,True
2026-04-30T14:01:41.547,T1,1,3679,6.112,-69.7,-91.1,-21.4,222.8,402685922,402683315,76,6025,16933,14602,29349,1695,3,1,True
2026-04-30T14:01:42.540,T1,1,3680,8.757,-69.6,-90.5,-20.9,212.22,715152423,715148689,88,5416,18675,15199,29548,1698,3,1,True
2026-04-30T14:01:43.529,T1,1,3681,6.074,-69.6,-91.0,-21.4,208.6,394808362,394805771,88,5473,18357,14307,31152,1740,3,1,True
2026-04-30T14:01:44.517,T1,1,3682,7.153,-90.2,-97.0,-6.9,73.58,429852135,429849084,12,58,883,998,66,194,3,1,True
2026-04-30T14:01:45.536,T1,1,3683,6.979,-72.1,-91.0,-19.0,201.27,426229182,426226206,64,5278,12881,9480,13066,1229,3,1,True
2026-04-30T14:01:46.528,T1,1,3684,6.196,-69.5,-91.3,-21.7,217.23,415664366,415661724,80,4560,17378,13733,29525,1692,3,1,True
2026-04-30T14:01:47.547,T1,1,3685,6.646,-69.2,-90.4,-21.2,222.11,459002087,458999252,76,5165,16880,14047,24806,1534,3,1,True
2026-04-30T14:01:49.528,T1,1,3687,6.149,-69.9,-91.2,-21.3,224.93,404519911,404517288,76,5807,17095,15249,30939,1755,3,1,True
2026-04-30T14:01:51.537,T1,1,3689,6.168,-69.4,-90.5,-21.1,163.52,402617554,402614923,104,2005,17006,16891,28575,1659,3,1,True
2026-04-30T14:01:52.557,T1,1,3690,8.846,-69.4,-90.3,-20.9,231.74,667516322,667512549,72,4366,16685,14371,23701,1510,3,1,True
2026-04-30T14:01:55.559,T1,1,3693,7.129,-69.1,-91.1,-22.1,136.72,514652288,514649248,88,4966,12031,17740,28110,1625,3,1,True
2026-04-30T14:01:56.577,T1,1,3694,7.35,-69.7,-90.5,-20.8,237.99,474213218,474210083,76,3857,18087,15871,28436,1671,3,1,True
2026-04-30T14:01:58.586,T1,1,3696,6.191,-68.6,-90.7,-22.1,142.23,407707345,407704705,112,1088,15930,17063,29495,1636,3,1,True
2026-04-30T14:01:59.547,T1,1,3697,8.729,-69.2,-90.8,-21.6,164.83,706839574,706835852,92,1196,15164,16594,27055,1601,3,1,True
2026-04-30T14:02:00.539,T1,1,3698,6.623,-69.5,-90.5,-21.0,226.03,462383002,462380178,76,2202,17178,16962,28535,1659,3,1,True
2026-04-30T14:02:02.548,T1,1,3700,6.069,-69.6,-91.1,-21.5,234.65,392738925,392736336,68,8690,15956,10707,24822,1554,3,1,True
2026-04-30T14:02:03.567,T1,1,3701,8.316,-69.0,-90.7,-21.8,188.97,654638911,654635364,92,9590,17385,10889,27358,1598,3,1,True
2026-04-30T14:02:05.549,T1,1,3703,6.154,-69.4,-90.5,-21.1,202.9,402232089,402229465,92,6605,18667,14849,30254,1706,3,1,True
2026-04-30T14:02:06.566,T1,1,3704,6.219,-69.1,-90.8,-21.7,213.98,404468071,404465419,80,2417,17118,15893,29789,1675,3,1,True
2026-04-30T14:02:07.559,T1,1,3705,7.584,-72.7,-91.4,-18.7,164.88,471249732,471246497,48,925,7914,7938,6047,853,3,1,True
2026-04-30T14:02:08.550,T1,1,3706,6.332,-69.2,-90.5,-21.3,215.42,416764267,416761567,76,4670,16372,13953,24122,1512,3,1,True
2026-04-30T14:02:09.598,T1,1,3707,6.102,-69.7,-90.7,-21.0,189.31,399688671,399686068,88,3500,16659,15161,26100,1600,3,1,True
2026-04-30T14:02:10.557,T1,1,3708,6.233,-69.7,-91.0,-21.3,131.69,407356492,407353833,120,1316,15803,18151,31383,1756,3,1,True
2026-04-30T14:02:13.558,T1,1,3711,6.754,-69.3,-90.5,-21.2,211.75,409602190,409599310,72,957,15246,17104,25731,1565,3,1,True
2026-04-30T14:02:15.566,T1,1,3713,6.177,-69.7,-91.2,-21.5,216.06,407693611,407690976,84,4100,18149,14924,31775,1765,3,1,True
2026-04-30T14:02:16.558,T1,1,3714,7.415,-69.4,-90.3,-20.9,189.86,472410813,472407650,92,7268,17467,12611,24220,1524,3,1,True
2026-04-30T14:02:17.546,T1,1,3715,6.294,-69.5,-91.4,-21.9,122.75,410179176,410176491,100,3002,12275,15585,24210,1530,3,1,True
2026-04-30T14:02:18.627,T1,1,3716,8.733,-70.1,-91.3,-21.2,227.97,706152597,706148873,76,3986,17326,14936,30287,1748,3,1,True
2026-04-30T14:02:20.577,T1,1,3718,6.642,-69.0,-91.0,-22.0,227.86,464013469,464010637,72,2950,16406,14645,27876,1614,3,1,True
2026-04-30T14:02:21.567,T1,1,3719,6.735,-69.3,-90.3,-21.0,207.3,407737199,407734327,88,10646,18242,11186,27077,1608,3,1,True
2026-04-30T14:02:22.556,T1,1,3720,6.097,-69.2,-90.6,-21.4,237.1,389885963,389883362,72,8589,17071,10965,24846,1534,3,1,True
2026-04-30T14:02:24.567,T1,1,3722,6.909,-71.2,-91.2,-19.9,161.65,407723822,407720876,60,1098,9699,9630,9466,1015,3,1,True
2026-04-30T14:02:26.577,T1,1,3724,7.387,-69.1,-90.6,-21.5,215.68,486268771,486265621,76,2205,16392,16329,27485,1607,3,1,True
2026-04-30T14:02:27.568,T1,1,3725,6.135,-69.4,-90.9,-21.5,137.71,398601485,398598868,84,4337,11568,17201,23908,1515,3,1,True
2026-04-30T14:02:29.606,T1,1,3727,6.097,-70.0,-91.0,-21.1,194.43,396862909,396860308,80,9775,15554,9585,22925,1513,3,1,True
2026-04-30T14:02:30.568,T1,1,3728,6.923,-69.3,-90.4,-21.1,203.3,486819456,486816503,84,8706,17077,11127,23824,1507,3,1,True
2026-04-30T14:02:31.617,T1,1,3729,8.227,-69.7,-90.7,-21.0,208.28,608678106,608674598,88,4170,18329,15845,30305,1726,3,1,True
2026-04-30T14:02:32.578,T1,1,3730,6.154,-70.0,-91.1,-21.1,182.27,401470745,401468120,92,3962,16769,16533,30588,1749,3,1,True
2026-04-30T14:02:34.586,T1,1,3732,6.637,-69.5,-90.8,-21.3,200.95,463569248,463566417,88,2982,17684,15888,29910,1701,3,1,True
2026-04-30T14:02:35.606,T1,1,3733,6.027,-69.6,-90.2,-20.6,216.47,388339075,388336505,76,11399,16452,9600,22083,1467,3,1,True
2026-04-30T14:02:36.565,T1,1,3734,8.649,-69.3,-91.3,-21.9,166.54,670032418,670028729,72,3668,11991,16070,24459,1530,3,1,True
2026-04-30T14:02:38.576,T1,1,3736,6.168,-69.6,-90.4,-20.8,226.75,394911439,394908809,80,8542,18140,12002,25975,1589,3,1,True
2026-04-30T14:02:39.568,T1,1,3737,6.67,-70.0,-91.3,-21.2,180.37,459373797,459370953,84,2144,15151,16383,28128,1680,3,1,True
2026-04-30T14:02:40.588,T1,1,3738,6.196,-69.0,-90.9,-21.9,170.68,401048974,401046332,84,1827,14337,16365,26609,1577,3,1,True
2026-04-30T14:02:41.605,T1,1,3739,8.893,-69.4,-90.7,-21.2,194.22,722210501,722206708,76,1715,14761,17094,25972,1582,3,1,True
2026-04-30T14:02:42.596,T1,1,3740,9.076,-69.2,-90.4,-21.2,205.58,669245601,669241731,84,3450,17269,15072,26073,1573,3,1,True
2026-04-30T14:02:43.587,T1,1,3741,6.224,-69.4,-90.5,-21.1,210.06,406628257,406625603,80,4535,16805,14491,25358,1560,3,1,True
2026-04-30T14:02:44.575,T1,1,3742,9.301,-69.5,-90.7,-21.2,141.99,774798864,774794898,92,2864,13063,17277,24288,1531,3,1,True
2026-04-30T14:02:45.595,T1,1,3743,6.688,-69.8,-90.7,-20.9,168.86,463299043,463296190,84,1612,14184,17210,24833,1564,3,1,True
2026-04-30T14:02:47.635,T1,1,3745,9.428,-69.6,-91.0,-21.4,185.3,727435364,727431344,92,7405,17048,12336,27113,1626,3,1,True
2026-04-30T14:02:48.566,T1,1,3746,6.642,-69.4,-90.6,-21.1,200.26,458292127,458289295,80,1511,16021,17147,27559,1629,3,1,True
2026-04-30T14:02:49.585,T1,1,3747,7.101,-76.2,-92.5,-16.3,158.89,420898227,420895199,28,668,4449,4528,1985,553,3,1,True
2026-04-30T14:02:52.587,T1,1,3750,6.14,-70.0,-91.3,-21.4,168.46,402008590,402005971,96,2745,16172,17108,31896,1784,3,1,True
2026-04-30T14:02:53.605,T1,1,3751,9.418,-69.9,-90.9,-21.1,183.25,719325653,719321637,92,1896,16859,18153,32420,1794,3,1,True
2026-04-30T14:02:54.595,T1,1,3752,6.693,-69.4,-90.6,-21.1,220.61,463812835,463809981,76,2536,16766,15839,26676,1602,3,1,True
2026-04-30T14:02:58.586,T1,1,3756,9.24,-69.9,-91.4,-21.5,185.42,766969934,766965994,88,2060,16317,15675,30121,1731,3,1,True
2026-04-30T14:02:59.605,T1,1,3757,8.635,-69.0,-90.7,-21.7,160.46,606968807,606965125,96,1555,15404,17048,27843,1615,3,1,True
2026-04-30T14:03:01.585,T1,1,3759,7.34,-70.0,-90.2,-20.2,210.8,466830385,466827254,80,9809,16864,10747,21837,1480,3,1,True
2026-04-30T14:03:02.605,T1,1,3760,6.121,-69.5,-91.2,-21.7,197.91,397890356,397887745,88,6877,17416,12514,29059,1677,3,1,True
2026-04-30T14:03:04.588,T1,1,3762,9.32,-69.4,-90.7,-21.3,209.14,724347384,724343409,88,6208,18404,13842,29204,1672,3,1,True
2026-04-30T14:03:41.619,T1,1,3799,6.487,-67.7,-91.0,-23.3,148.57,451839887,451837121,112,1726,16640,16451,34099,1704,3,1,True
2026-04-30T14:03:42.609,T1,1,3800,6.674,-67.7,-90.9,-23.2,113.85,459633810,459630963,96,7361,10930,16465,26971,1519,3,1,True
2026-04-30T14:03:43.599,T1,1,3801,6.027,-90.8,-90.5,0.3,199.76,408553245,408550675,80,8629,15981,9682,2993,1410,1,1,False
2026-04-30T14:03:44.620,T1,1,3802,6.665,-67.3,-90.8,-23.5,132.25,459130533,459127691,92,5456,12167,16666,27658,1514,3,1,True
2026-04-30T14:03:45.609,T1,1,3803,9.137,-67.2,-90.9,-23.7,198.67,758772179,758768282,76,3118,15099,14036,27300,1503,3,1,True
2026-04-30T14:03:48.614,T1,1,3806,6.501,-66.8,-90.8,-24.1,158.45,441071361,441068589,76,3437,12042,9451,15578,1117,3,1,True
2026-04-30T14:03:53.619,T1,1,3811,6.552,-70.3,-93.3,-23.1,134.83,456713764,456710970,100,9800,13483,10176,33852,1859,3,1,True
2026-04-30T14:03:56.619,T1,1,3814,5.272,-62.3,-86.4,-24.1,151.64,392709527,392707278,112,15074,16984,15598,30526,1340,3,1,True
2026-04-30T14:04:05.616,T1,1,3823,5.422,-63.8,-79.6,-15.8,214.62,438403157,438400844,84,15581,18028,14875,17965,1081,3,1,True
2026-04-30T14:04:06.608,T1,1,3824,5.286,-64.1,-81.9,-17.7,194.18,437077998,437075744,100,18447,19418,14028,23761,1260,3,1,True
2026-04-30T14:04:08.618,T1,1,3826,5.661,-63.0,-79.6,-16.6,230.82,392438958,392436543,80,16050,18466,15388,20011,1111,3,1,True
2026-04-30T14:04:10.626,T1,1,3828,5.535,-63.0,-80.9,-17.9,251.56,437602374,437600013,68,17601,17106,9976,18450,1067,3,1,True
2026-04-30T14:04:13.627,T1,1,3831,5.727,-64.1,-83.3,-19.2,209.17,455472430,455469988,88,19360,18407,11313,24189,1271,3,1,True
2026-04-30T14:04:15.668,T1,1,3833,5.61,-62.8,-80.0,-17.2,225.55,439221443,439219050,76,16196,17142,12156,17617,1034,3,1,True
2026-04-30T14:04:18.636,T1,1,3836,5.563,-64.2,-81.9,-17.7,203.56,435739862,435737489,96,17852,19542,14564,23657,1258,3,1,True
2026-04-30T14:04:20.649,T1,1,3838,5.769,-63.0,-81.6,-18.5,238.23,448448275,448445815,80,14445,19058,17425,24034,1219,3,1,True
2026-04-30T14:04:21.637,T1,1,3839,6.665,-63.2,-80.6,-17.3,207.21,471989798,471986956,84,17292,17406,10794,18170,1067,3,1,True
2026-04-30T14:04:23.647,T1,1,3841,5.919,-63.1,-79.0,-16.0,205.93,462792479,462789954,88,15358,18122,17432,19963,1113,3,1,True
2026-04-30T14:04:24.698,T1,1,3842,5.835,-63.2,-79.1,-15.9,219.8,389368837,389366349,80,14850,17584,15360,17469,1046,3,1,True
2026-04-30T14:04:26.647,T1,1,3844,5.605,-62.1,-79.2,-17.1,196.45,431736737,431734346,92,14843,18073,16802,20592,1092,3,1,True
2026-04-30T14:04:27.639,T1,1,3845,5.525,-64.6,-82.6,-18.0,188.49,435033498,435031142,108,16243,20357,19519,27966,1390,3,1,True
2026-04-30T14:04:29.647,T1,1,3847,5.356,-63.0,-80.4,-17.4,202.3,389712632,389710347,92,18003,18612,13423,21637,1156,3,1,True
2026-04-30T14:04:30.639,T1,1,3848,8.227,-61.6,-80.4,-18.8,263.43,750959442,750955933,68,12664,17913,16294,20881,1081,3,1,True
2026-04-30T14:04:32.646,T1,1,3850,5.558,-62.1,-79.8,-17.7,228.83,429221955,429219584,84,18452,19222,16645,25563,1219,3,1,True
2026-04-30T14:04:33.637,T1,1,3851,5.821,-63.8,-82.0,-18.2,178.62,390884793,390882310,112,18943,20005,17144,28241,1359,3,1,True
2026-04-30T14:04:34.627,T1,1,3852,6.285,-61.7,-81.0,-19.4,251.08,497059426,497056746,64,16355,16069,9777,18062,1009,3,1,True
2026-04-30T14:04:35.676,T1,1,3853,5.905,-60.4,-80.8,-20.4,212.68,452443238,452440719,76,16653,16164,10292,20181,1020,3,1,True
2026-04-30T14:04:36.638,T1,1,3854,5.835,-62.0,-78.3,-16.3,250.13,388168522,388166034,68,16458,17009,13681,17624,1007,3,1,True
2026-04-30T14:04:43.656,T1,1,3861,5.886,-62.5,-79.5,-16.9,255.33,461201138,461198628,72,16373,18384,14909,20352,1103,3,1,True
2026-04-30T14:04:45.636,T1,1,3863,5.713,-62.9,-80.8,-17.9,208.94,432776977,432774540,80,16513,16715,11307,17894,1046,3,1,True
2026-04-30T14:04:48.638,T1,1,3866,8.438,-63.0,-79.0,-16.0,227.97,710949545,710945947,76,14772,17326,15365,17352,1035,3,1,True
2026-04-30T14:04:49.656,T1,1,3867,7.847,-63.5,-82.4,-18.9,229.55,643414773,643411427,84,18591,19282,13200,25092,1265,3,1,True
2026-04-30T14:04:50.648,T1,1,3868,6.201,-63.2,-79.5,-16.3,211.11,497149808,497147163,80,15543,16889,13546,16746,1023,3,1,True
2026-04-30T14:04:51.667,T1,1,3869,8.297,-63.0,-79.3,-16.3,258.05,750779682,750776143,64,13719,16515,15460,16487,1009,3,1,True
2026-04-30T14:04:53.646,T1,1,3871,5.816,-63.0,-79.7,-16.7,201.64,441864530,441862050,88,17040,17744,12856,18662,1072,3,1,True
2026-04-30T14:04:54.636,T1,1,3872,5.375,-63.9,-82.9,-18.9,217.01,399317004,399314712,84,19043,18229,10649,22779,1225,3,1,True
2026-04-30T14:04:55.657,T1,1,3873,8.593,-63.2,-79.5,-16.3,266.58,708705911,708702247,64,16093,17061,13099,16950,1029,3,1,True
2026-04-30T14:04:57.637,T1,1,3875,7.434,-63.5,-78.8,-15.3,238.15,634653872,634650702,72,13977,17147,16322,16573,1030,3,1,True
2026-04-30T14:04:58.656,T1,1,3876,6.243,-63.6,-78.6,-15.0,254.6,491667047,491664385,68,13954,17313,16535,16495,1029,3,1,True
2026-04-30T14:05:01.685,T1,1,3879,6.82,-69.4,-88.0,-18.6,187.67,450927466,450924558,36,6950,6756,4654,3212,556,3,1,True
2026-04-30T14:05:03.665,T1,1,3881,7.495,-63.3,-79.2,-15.9,228.25,577514517,577511320,76,16202,17347,13607,17157,1039,3,1,True
2026-04-30T14:05:04.656,T1,1,3882,6.13,-66.7,-84.0,-17.4,199.86,400243470,400240856,64,12970,12791,7593,9872,886,3,1,True
2026-04-30T14:05:10.656,T1,1,3888,5.596,-62.8,-79.3,-16.6,213.09,423171062,423168676,80,15739,17047,13518,17259,1024,3,1,True
2026-04-30T14:05:13.685,T1,1,3891,6.14,-66.9,-83.8,-16.9,215.1,397819870,397817252,52,11194,11185,7115,7403,773,3,1,True
2026-04-30T14:05:14.646,T1,1,3892,5.685,-63.3,-81.5,-18.2,199.53,426877975,426875551,92,18510,18357,11269,21650,1169,3,1,True
2026-04-30T14:05:15.665,T1,1,3893,5.886,-64.2,-80.3,-16.1,231.23,447069926,447067416,80,14995,18498,16745,19724,1149,3,1,True
2026-04-30T14:05:21.665,T1,1,3899,6.224,-62.8,-78.6,-15.8,239.32,486074922,486072268,72,14481,17231,15499,16972,1018,3,1,True
2026-04-30T14:05:22.654,T1,1,3900,5.783,-63.4,-79.7,-16.4,194.93,438907207,438904740,92,16723,17934,13804,18707,1089,3,1,True
2026-04-30T14:05:23.645,T1,1,3901,6.182,-63.7,-78.6,-14.9,225.29,487758130,487755493,76,14869,17122,14736,15598,1007,3,1,True
2026-04-30T14:05:24.666,T1,1,3902,6.285,-64.5,-80.5,-16.0,254.84,501856497,501853816,76,17611,19368,16681,22156,1233,3,1,True
2026-04-30T14:05:26.675,T1,1,3904,9.184,-63.7,-78.7,-15.0,276.38,769250140,769246224,64,14663,17688,16243,17019,1051,3,1,True
2026-04-30T14:05:27.695,T1,1,3905,9.418,-64.8,-83.4,-18.5,205.19,770150345,770146329,88,19474,18057,10688,22466,1255,3,1,True
2026-04-30T14:05:29.675,T1,1,3907,7.031,-63.6,-79.5,-15.9,238.9,574649409,574646411,72,16601,17201,12169,16472,1028,3,1,True
2026-04-30T14:05:30.666,T1,1,3908,5.741,-65.1,-84.9,-19.9,199.01,443724336,443721888,100,20497,19901,11900,28830,1433,3,1,True
2026-04-30T14:05:32.703,T1,1,3910,5.858,-64.5,-81.0,-16.5,214.62,438590045,438587547,88,18484,18887,12779,20579,1188,3,1,True
2026-04-30T14:05:36.666,T1,1,3914,6.787,-62.9,-79.1,-16.1,217.48,460074251,460071356,84,17826,18268,13948,19681,1100,3,1,True
2026-04-30T14:05:38.676,T1,1,3916,5.816,-64.9,-82.2,-17.3,249.2,437370657,437368176,76,19109,18939,12376,22064,1248,3,1,True
