timestamp,device,anchor_id,seq,distance_m,rx_power,fp_power,fp_rx_ratio,quality,round_trip,reply_delay,std_noise,fp_ampl1,fp_ampl2,fp_ampl3,cir_power,rxpacc,flags,anchor_count,nlos_suspect
2026-05-01T13:17:14.869,T1,1,649,5.98,-76.7,-97.4,-20.7,98.3,472141030,472138479,20,1382,1966,1344,1102,418,3,1,True
2026-05-01T13:17:14.989,T1,1,650,5.755,-68.6,-95.6,-27.0,109.65,756690453,756687998,60,5284,6579,4992,16136,1209,3,1,True
2026-05-01T13:17:15.049,T1,1,651,5.042,-68.9,-95.8,-26.9,97.94,422933381,422931230,84,4386,8227,7698,25296,1531,3,1,True
2026-05-01T13:17:15.168,T1,1,652,5.671,-inf,-107.8,inf,16.38,392282472,392280054,8,72,131,135,0,101,1,1,False
2026-05-01T13:17:15.380,T1,1,654,4.948,-68.4,-96.0,-27.6,103.1,393838536,393836425,68,4206,7011,5445,17912,1267,3,1,True
2026-05-01T13:17:15.500,T1,1,655,5.718,-68.4,-96.0,-27.6,86.92,520446586,520444147,72,2800,6258,6359,16376,1211,3,1,True
2026-05-01T13:17:15.950,T1,1,659,4.751,-68.6,-95.2,-26.6,98.68,424096751,424094724,76,6084,7500,4804,17722,1268,3,1,True
2026-05-01T13:17:16.039,T1,1,660,6.233,-68.0,-95.9,-27.9,82.09,760335990,760333332,64,183,5254,7716,16425,1196,3,1,True
2026-05-01T13:17:16.158,T1,1,661,4.798,-68.1,-102.3,-34.1,49.18,482552340,482550294,72,1770,3541,2918,19383,1306,3,1,True
2026-05-01T13:17:16.368,T1,1,663,4.817,-67.3,-98.7,-31.4,59.35,412835825,412833771,72,4385,4273,2812,17012,1187,3,1,True
2026-05-01T13:17:16.458,T1,1,664,4.77,-68.4,-98.7,-30.3,61.6,439315539,439313504,80,2944,4928,4030,17042,1236,3,1,True
2026-05-01T13:17:16.578,T1,1,665,5.098,-68.6,-96.9,-28.3,80.64,498148603,498146429,64,3704,5161,5387,15857,1201,3,1,True
2026-05-01T13:17:16.790,T1,1,667,4.643,-80.2,-98.9,-18.6,61.46,408060693,408058712,68,5755,4179,2813,9283,1373,3,1,True
2026-05-01T13:17:16.878,T1,1,668,4.756,-68.8,-97.7,-28.9,69.39,431893328,431891300,76,5481,5274,4366,20580,1376,3,1,True
2026-05-01T13:17:16.999,T1,1,669,4.934,-68.6,-96.9,-28.3,56.74,482127488,482125383,72,6069,4085,4612,17035,1244,3,1,True
2026-05-01T13:17:17.208,T1,1,671,4.765,-68.3,-101.5,-33.2,45.72,461511459,461509426,88,3273,4023,2892,23344,1441,3,1,True
2026-05-01T13:17:17.299,T1,1,672,5.68,-98.3,-110.2,-11.9,15.38,393680289,393677866,8,85,123,106,4,122,3,1,True
2026-05-01T13:17:17.898,T1,1,677,5.342,-71.5,-106.0,-34.5,35.75,422450124,422447845,40,412,1430,1064,5029,748,3,1,True
2026-05-01T13:17:17.988,T1,1,678,4.709,-67.5,-101.4,-33.8,39.32,416506309,416504301,72,2546,2831,3169,16648,1186,3,1,True
2026-05-01T13:17:18.319,T1,1,681,4.798,-68.1,-97.5,-29.3,70.19,412069171,412067125,80,7152,5615,3436,25109,1485,3,1,True
2026-05-01T13:17:18.438,T1,1,682,4.779,-68.3,-100.6,-32.2,48.76,435394839,435392801,100,2300,4876,4261,25240,1501,3,1,True
2026-05-01T13:17:18.529,T1,1,683,4.991,-68.0,-101.3,-33.3,48.66,511499226,511497097,80,2229,3893,3213,19760,1314,3,1,True
2026-05-01T13:17:18.618,T1,1,684,4.77,-67.9,-97.4,-29.5,75.25,452368772,452366738,92,6870,6923,4224,30349,1623,3,1,True
2026-05-01T13:17:19.098,T1,1,688,5.624,-74.0,-102.3,-28.3,27.25,462417481,462415082,28,1496,763,601,1720,476,3,1,True
2026-05-01T13:17:19.188,T1,1,689,4.686,-66.8,-100.8,-34.0,40.65,422040345,422038347,60,3845,2439,2154,16107,1138,3,1,True
2026-05-01T13:17:19.640,T1,1,693,5.3,-68.1,-99.4,-31.3,46.17,432758782,432756521,72,4651,3324,3374,18284,1266,3,1,True
2026-05-01T13:17:19.760,T1,1,694,4.944,-67.4,-101.5,-34.1,51.34,480532400,480530291,64,2416,3286,2289,15504,1138,3,1,True
2026-05-01T13:17:19.848,T1,1,695,5.005,-66.6,-97.5,-30.9,60.38,477655826,477653692,68,4636,4106,3737,15586,1112,3,1,True
2026-05-01T13:17:20.088,T1,1,697,4.826,-66.9,-100.8,-33.9,41.85,459421058,459419000,84,2782,3515,3742,21208,1309,3,1,True
2026-05-01T13:17:20.179,T1,1,698,4.676,-66.8,-100.2,-33.3,39.34,425018321,425016326,68,4201,2675,2299,16343,1147,3,1,True
2026-05-01T13:17:20.749,T1,1,703,4.723,-67.0,-99.0,-32.0,41.4,412407618,412405603,80,5268,3312,3534,20975,1306,3,1,True
2026-05-01T13:17:20.869,T1,1,704,4.859,-66.6,-98.1,-31.5,62.86,431116811,431114738,56,4816,3520,3491,16326,1138,3,1,True
2026-05-01T13:17:21.198,T1,1,707,4.958,-66.8,-95.9,-29.2,89.22,392279022,392276907,64,7063,5710,4216,20651,1286,3,1,True
2026-05-01T13:17:21.288,T1,1,708,5.957,-72.5,-96.3,-23.9,76.47,453548228,453545688,36,2971,2753,1940,3074,604,3,1,True
2026-05-01T13:17:21.439,T1,1,709,6.97,-66.7,-93.9,-27.2,98.82,764543911,764540939,72,7031,7115,5906,17365,1176,3,1,True
2026-05-01T13:17:21.618,T1,1,711,5.141,-66.7,-95.5,-28.8,68.11,459017593,459015401,80,7798,5449,3879,19666,1251,3,1,True
2026-05-01T13:17:21.710,T1,1,712,5.169,-66.3,-96.4,-30.1,73.86,436704145,436701940,64,6358,4727,2995,16818,1141,3,1,True
2026-05-01T13:17:22.280,T1,1,717,5.929,-71.9,-95.9,-24.0,80.93,428910080,428907552,40,2648,3237,2520,3416,624,3,1,True
2026-05-01T13:17:22.398,T1,1,718,5.08,-67.6,-95.2,-27.6,90.88,388505250,388503083,72,5891,6543,5831,18435,1251,3,1,True
2026-05-01T13:17:23.088,T1,1,724,5.098,-66.8,-94.5,-27.7,100.67,442575428,442573254,76,4447,7651,6325,17429,1184,3,1,True
2026-05-01T13:17:31.489,T1,1,801,4.554,-68.4,-101.7,-33.4,37.23,457675242,457673300,56,2668,2085,3481,16449,1213,3,1,True
2026-05-01T13:17:31.679,T1,1,802,4.944,-68.2,-102.9,-34.7,44.05,390418658,390416550,76,1414,3348,2085,16326,1201,3,1,True
2026-05-01T13:17:31.714,T1,1,803,4.695,-68.0,-100.6,-32.6,22.11,478420146,478418143,64,4249,1415,3598,18416,1267,3,1,True
2026-05-01T13:17:32.388,T1,1,809,4.639,-68.3,-102.0,-33.7,34.53,456403574,456401595,64,2549,2210,3338,16764,1221,3,1,True
2026-05-01T13:17:32.718,T1,1,812,5.075,-68.4,-101.7,-33.3,57.97,664844548,664842383,72,395,4174,3984,23268,1446,3,1,True
2026-05-01T13:17:32.807,T1,1,813,4.662,-67.6,-100.8,-33.1,64.44,429113964,429111975,64,2605,4124,2640,18067,1239,3,1,True
2026-05-01T13:17:32.957,T1,1,814,5.347,-68.4,-100.3,-31.9,80.73,701442729,701440448,60,1999,4844,3523,19912,1335,3,1,True
2026-05-01T13:17:33.977,T1,1,823,5.961,-68.2,-101.2,-33.0,54.07,708278111,708275568,72,2427,3893,2470,16829,1220,3,1,True
2026-05-01T13:17:34.308,T1,1,826,5.075,-68.7,-100.6,-31.8,63.75,415946328,415944163,76,592,4845,4121,21296,1398,3,1,True
2026-05-01T13:17:34.548,T1,1,828,4.775,-68.6,-100.5,-31.9,51.39,469259831,469257795,72,1862,3700,5253,23143,1449,3,1,True
2026-05-01T13:17:34.637,T1,1,829,5.99,-68.8,-99.9,-31.1,67.65,761222133,761219579,68,730,4600,5207,21718,1414,3,1,True
2026-05-01T13:17:34.998,T1,1,832,5.657,-82.2,-103.7,-21.4,38.31,461207978,461205566,16,83,613,562,292,261,3,1,True
2026-05-01T13:17:35.088,T1,1,833,4.92,-68.1,-99.7,-31.6,41.31,485076092,485073993,64,2021,2644,4869,15554,1168,3,1,True
2026-05-01T13:17:35.177,T1,1,834,5.08,-68.0,-97.8,-29.9,61.97,495341752,495339585,68,599,4214,6225,16680,1204,3,1,True
2026-05-01T13:17:35.297,T1,1,835,5.694,-70.3,-96.6,-26.3,76.2,437686454,437684025,60,1939,4572,5274,9898,1005,3,1,True
2026-05-01T13:17:35.388,T1,1,836,4.676,-68.2,-104.9,-36.7,34.51,435185014,435183020,68,2466,2347,1497,20226,1336,3,1,True
2026-05-01T13:17:35.717,T1,1,839,5.722,-94.3,-109.5,-15.1,18.75,451985818,451983377,8,77,150,125,11,128,3,1,True
2026-05-01T13:17:35.960,T1,1,841,4.695,-67.4,-100.4,-33.0,53.78,407009071,407007068,72,2656,3872,2521,15616,1143,3,1,True
2026-05-01T13:17:36.048,T1,1,842,5.811,-67.6,-96.7,-29.1,92.0,736039347,736036869,68,87,6256,7546,22050,1368,3,1,True
2026-05-01T13:17:36.138,T1,1,843,4.709,-68.5,-102.0,-33.5,43.25,433423874,433421865,68,2783,2941,3223,19720,1336,3,1,True
2026-05-01T13:17:36.379,T1,1,845,4.615,-68.2,-99.6,-31.4,58.25,393139669,393137701,68,4490,3961,3114,19668,1317,3,1,True
2026-05-01T13:17:36.469,T1,1,846,5.525,-68.3,-99.8,-31.5,58.49,451513565,451511209,72,4591,4211,2607,20669,1356,3,1,True
2026-05-01T13:17:36.587,T1,1,847,6.501,-68.0,-99.4,-31.4,54.49,757409357,757406585,72,4129,3923,3712,19245,1296,3,1,True
2026-05-01T13:17:36.797,T1,1,849,5.774,-88.9,-103.4,-14.4,36.25,398509269,398506806,12,141,435,387,76,181,3,1,True
2026-05-01T13:17:36.889,T1,1,850,4.967,-67.5,-99.6,-32.1,65.65,479985068,479982949,68,1898,4464,3190,15201,1130,3,1,True
2026-05-01T13:17:37.098,T1,1,852,4.742,-67.8,-100.6,-32.8,56.05,402488579,402486556,56,2513,3139,3825,17182,1216,3,1,True
2026-05-01T13:17:37.338,T1,1,854,4.901,-68.4,-95.2,-26.8,115.24,456070117,456068026,72,5953,8297,6474,22888,1433,3,1,True
2026-05-01T13:17:37.908,T1,1,859,5.141,-68.0,-97.6,-29.6,77.83,406452175,406449982,72,2550,5604,5882,20015,1322,3,1,True
2026-05-01T13:17:38.059,T1,1,860,5.549,-68.2,-97.7,-29.5,71.18,679472376,679470009,84,6808,5979,3827,27114,1550,3,1,True
2026-05-01T13:17:38.117,T1,1,861,5.671,-68.5,-97.9,-29.5,87.55,455691094,455688675,64,3627,5603,4449,18659,1297,3,1,True
2026-05-01T13:17:38.358,T1,1,863,6.44,-68.3,-103.5,-35.2,31.16,765381555,765378809,76,2985,2368,1538,17852,1261,3,1,True
2026-05-01T13:17:38.688,T1,1,866,4.981,-67.5,-107.1,-39.6,18.28,420561413,420559288,72,2009,1316,1409,19870,1292,3,1,True
2026-05-01T13:17:38.898,T1,1,868,5.361,-68.0,-102.3,-34.3,37.61,434634621,434632335,56,3615,2106,1587,16428,1198,3,1,True
2026-05-01T13:17:39.019,T1,1,869,5.23,-67.8,-97.4,-29.6,85.01,452476893,452474662,72,1460,6121,6400,21436,1357,3,1,True
2026-05-01T13:17:39.228,T1,1,871,4.686,-68.6,-99.9,-31.3,47.62,397768167,397766168,60,4913,2857,2176,16635,1229,3,1,True
2026-05-01T13:17:39.317,T1,1,872,6.191,-68.1,-103.7,-35.6,33.75,756515248,756512607,64,2531,2160,1437,14732,1137,3,1,True
2026-05-01T13:17:39.767,T1,1,876,4.545,-68.2,-104.6,-36.4,32.77,399336713,399334774,52,2115,1704,1997,15509,1169,3,1,True
2026-05-01T13:17:40.039,T1,1,878,4.639,-69.2,-103.1,-33.9,18.82,398616055,398614076,72,2904,1355,3077,17905,1302,3,1,True
2026-05-01T13:17:40.218,T1,1,880,5.961,-90.0,-104.5,-14.6,21.92,441067866,441065324,12,8,263,417,53,170,3,1,True
2026-05-01T13:17:48.827,T1,1,959,4.798,-67.4,-97.4,-30.0,85.77,453692075,453690028,64,4366,5489,3518,16887,1189,3,1,True
2026-05-01T13:17:49.037,T1,1,961,4.681,-67.5,-99.2,-31.7,74.8,454665857,454663860,60,2701,4488,4126,18493,1248,3,1,True
2026-05-01T13:17:49.490,T1,1,965,5.741,-88.1,-106.8,-18.7,23.42,456576219,456573771,12,119,281,304,104,192,3,1,True
2026-05-01T13:17:49.757,T1,1,967,4.606,-67.4,-101.2,-33.8,49.21,396623469,396621505,56,3102,2756,2834,16651,1179,3,1,True
2026-05-01T13:17:49.817,T1,1,968,5.216,-67.8,-99.7,-31.9,53.22,401519225,401517001,64,3622,3406,3499,16928,1206,3,1,True
2026-05-01T13:17:50.989,T1,1,978,6.051,-68.2,-99.3,-31.1,64.45,707253944,707251364,64,2170,4125,4476,16864,1221,3,1,True
2026-05-01T13:17:51.078,T1,1,979,5.15,-68.6,-99.1,-30.5,71.44,386859872,386857675,64,2913,4572,4184,17746,1270,3,1,True
2026-05-01T13:17:51.438,T1,1,982,4.7,-68.2,-99.0,-30.8,71.44,399216222,399214218,68,3314,4858,3293,17313,1237,3,1,True
2026-05-01T13:17:51.767,T1,1,985,4.648,-67.6,-98.3,-30.7,73.49,404842962,404840979,76,3690,5585,4129,20847,1331,3,1,True
2026-05-01T13:17:51.857,T1,1,986,4.643,-67.5,-99.1,-31.7,60.66,386638651,386636671,64,2401,3882,4161,15606,1145,3,1,True
2026-05-01T13:17:52.129,T1,1,988,4.709,-67.9,-98.8,-30.9,68.07,388594996,388592987,76,3882,5173,3329,19434,1299,3,1,True
2026-05-01T13:17:52.189,T1,1,989,4.873,-67.7,-98.7,-31.0,55.3,478413120,478411042,84,3214,4645,4736,19681,1298,3,1,True
2026-05-01T13:17:52.336,T1,1,990,6.182,-67.9,-98.9,-31.0,62.63,760307924,760305288,76,4033,4760,3913,20433,1328,3,1,True
2026-05-01T13:17:52.639,T1,1,993,4.742,-67.6,-99.3,-31.7,40.68,399757882,399755860,76,2138,3092,4727,15455,1146,3,1,True
2026-05-01T13:17:52.752,T1,1,994,5.258,-66.9,-98.7,-31.8,70.3,435922810,435920567,76,3676,5343,3407,20780,1298,3,1,True
2026-05-01T13:17:52.847,T1,1,995,4.779,-66.5,-99.2,-32.7,66.24,434887444,434885406,68,3393,4504,3772,20509,1268,3,1,True
2026-05-01T13:17:52.938,T1,1,996,4.967,-66.6,-99.2,-32.6,67.04,528020253,528018135,68,2983,4559,3696,19273,1237,3,1,True
2026-05-01T13:17:53.388,T1,1,1000,4.615,-67.4,-99.0,-31.6,65.72,390014212,390012243,72,2021,4732,4254,17949,1226,3,1,True
2026-05-01T13:17:53.507,T1,1,1001,4.761,-67.3,-99.6,-32.3,58.64,449621507,449619476,72,2214,4222,4166,18426,1238,3,1,True
2026-05-01T13:17:53.598,T1,1,1002,5.324,-67.0,-99.3,-32.3,64.89,620045976,620043706,72,1831,4672,4034,18188,1218,3,1,True
2026-05-01T13:17:54.047,T1,1,1006,5.441,-75.2,-101.3,-26.1,59.55,401968293,401965973,20,681,1191,869,1048,388,3,1,True
2026-05-01T13:17:54.287,T1,1,1008,5.389,-82.9,-100.9,-18.0,42.93,403832806,403830508,28,1295,1202,757,786,438,3,1,True
2026-05-01T13:17:54.497,T1,1,1010,5.408,-83.6,-102.3,-18.7,50.58,391220138,391217832,12,265,607,528,200,226,3,1,True
2026-05-01T13:17:54.617,T1,1,1011,6.327,-67.0,-98.5,-31.5,62.78,758225232,758222533,72,1648,4520,4440,15648,1127,3,1,True
2026-05-01T13:17:54.737,T1,1,1012,4.817,-67.4,-98.8,-31.4,65.34,417767298,417765243,64,1443,4182,4573,15416,1135,3,1,True
2026-05-01T13:17:54.797,T1,1,1013,4.789,-67.4,-98.6,-31.2,72.88,418208832,418206790,64,1884,4664,4784,17463,1208,3,1,True
2026-05-01T13:17:54.917,T1,1,1014,4.869,-67.0,-98.1,-31.1,73.91,445124272,445122195,68,3405,5026,3559,16651,1164,3,1,True
2026-05-01T13:17:55.007,T1,1,1015,4.981,-67.2,-98.1,-30.9,76.25,485039096,485036972,68,3084,5185,3621,16132,1153,3,1,True
2026-05-01T13:17:55.097,T1,1,1016,5.192,-67.8,-98.0,-30.2,74.57,387091352,387089138,72,4478,5369,3741,19464,1294,3,1,True
2026-05-01T13:17:55.308,T1,1,1018,4.869,-67.3,-99.4,-32.1,53.83,455149070,455146993,76,1047,4091,4322,16114,1159,3,1,True
2026-05-01T13:17:55.547,T1,1,1020,6.51,-100.9,-101.9,-1.0,24.88,393435786,393433010,8,332,199,241,2,116,1,1,False
2026-05-01T13:17:55.637,T1,1,1021,4.962,-67.5,-98.7,-31.2,70.39,453609460,453607343,76,3323,5350,3860,20277,1307,3,1,True
2026-05-01T13:17:55.757,T1,1,1022,4.859,-68.2,-98.9,-30.7,55.36,431943168,431941095,96,5378,5315,3403,25121,1490,3,1,True
2026-05-01T13:17:56.116,T1,1,1025,6.168,-67.4,-103.1,-35.7,37.29,743966648,743964017,76,2731,2834,1993,19991,1294,3,1,True
2026-05-01T13:17:56.178,T1,1,1026,5.769,-76.8,-103.3,-26.5,28.54,628882499,628880039,84,3505,2397,2027,12497,1417,3,1,True
2026-05-01T13:17:56.507,T1,1,1029,4.934,-67.4,-97.1,-29.7,76.35,392038849,392036745,88,4135,6719,5399,23565,1406,3,1,True
2026-05-01T13:17:56.749,T1,1,1031,5.234,-67.7,-101.8,-34.0,36.58,400336916,400334683,88,3861,3219,2172,22065,1374,3,1,True
2026-05-01T13:17:56.839,T1,1,1032,5.671,-67.6,-99.8,-32.2,45.62,734929746,734927328,80,3840,3650,3487,18983,1271,3,1,True
2026-05-01T13:17:57.078,T1,1,1034,6.552,-67.6,-97.7,-30.0,73.22,764162762,764159968,88,5050,6443,5133,26913,1513,3,1,True
2026-05-01T13:17:57.410,T1,1,1037,5.99,-80.3,-100.3,-20.0,64.17,459887017,459884462,12,511,770,694,297,246,3,1,True
2026-05-01T13:17:57.617,T1,1,1039,5.689,-69.8,-99.5,-29.7,68.18,448444322,448441895,44,3430,3000,2001,9392,962,3,1,True
2026-05-01T13:17:57.737,T1,1,1040,5.652,-66.8,-99.2,-32.3,58.58,733864507,733862096,80,4868,4686,3063,23678,1379,3,1,True
2026-05-01T13:17:58.187,T1,1,1044,6.529,-66.9,-102.4,-35.5,37.89,763033932,763031147,76,1883,2880,3138,19671,1261,3,1,True
2026-05-01T13:17:58.277,T1,1,1045,5.169,-67.2,-102.8,-35.7,34.67,610529690,610527485,72,2971,2496,2292,19909,1281,3,1,True
2026-05-01T13:17:58.519,T1,1,1047,5.005,-67.2,-99.0,-31.7,47.13,454526948,454524814,76,5273,3582,2727,19225,1260,3,1,True
2026-05-01T13:17:58.607,T1,1,1048,5.037,-67.2,-99.4,-32.2,60.47,475475722,475473573,72,3951,4354,2978,19328,1265,3,1,True
2026-05-01T13:17:58.727,T1,1,1049,5.793,-67.0,-97.0,-30.0,79.6,738312671,738310201,80,5140,6368,4689,22889,1366,3,1,True
2026-05-01T13:17:59.059,T1,1,1052,6.027,-73.3,-100.8,-27.5,53.22,481188996,481186426,32,1362,1703,1204,2495,561,3,1,True
2026-05-01T13:17:59.267,T1,1,1054,4.779,-67.4,-101.5,-34.1,40.06,391539333,391537294,68,1962,2724,3388,16007,1158,3,1,True
2026-05-01T13:17:59.387,T1,1,1055,4.906,-67.1,-101.1,-34.0,49.59,446481431,446479339,64,2117,3174,3391,17151,1186,3,1,True
2026-05-01T13:17:59.477,T1,1,1056,4.948,-67.0,-101.3,-34.4,42.11,481420933,481418822,84,3703,3537,2257,22079,1339,3,1,True
2026-05-01T13:17:59.717,T1,1,1058,5.741,-67.5,-100.0,-32.5,44.6,770518987,770516539,84,2168,3746,4599,19963,1299,3,1,True
2026-05-01T13:17:59.807,T1,1,1059,4.869,-67.2,-102.8,-35.6,34.66,435643677,435641600,76,2472,2634,2236,17498,1203,3,1,True
2026-05-01T13:17:59.899,T1,1,1060,5.793,-67.9,-96.4,-28.5,98.54,734007387,734004917,72,3967,7095,5402,19951,1314,3,1,True
2026-05-01T13:18:00.233,T1,1,1063,4.887,-68.0,-96.9,-28.9,90.01,397352254,397350169,76,5082,6841,4614,22086,1387,3,1,True
2026-05-01T13:18:00.347,T1,1,1064,5.671,-68.2,-99.8,-31.6,51.31,757404210,757401791,84,4627,4310,2921,22136,1398,3,1,True
2026-05-01T13:18:00.559,T1,1,1066,5.577,-73.5,-102.6,-29.1,51.0,430341706,430339327,32,1294,1632,1064,3249,643,3,1,True
2026-05-01T13:18:00.677,T1,1,1067,6.506,-68.1,-101.4,-33.3,45.95,756356523,756353748,80,3080,3676,2796,20442,1339,3,1,True
2026-05-01T13:18:01.099,T1,1,1071,5.558,-85.8,-103.4,-17.6,44.08,387259059,387256689,12,230,529,373,146,209,3,1,True
2026-05-01T13:18:01.217,T1,1,1072,4.855,-68.0,-109.0,-41.0,17.76,429417906,429415836,76,1487,1350,875,18483,1270,3,1,True
2026-05-01T13:18:01.337,T1,1,1073,5.427,-67.9,-106.3,-38.4,22.78,740416653,740414338,64,1170,1458,2096,16256,1185,3,1,True
2026-05-01T13:18:01.637,T1,1,1076,4.733,-68.7,-101.7,-33.0,54.08,400570347,400568328,60,3178,3245,2427,18061,1286,3,1,True
2026-05-01T13:18:01.877,T1,1,1078,6.726,-67.8,-98.0,-30.2,74.41,772928669,772925800,64,3782,4762,3944,16299,1185,3,1,True
2026-05-01T13:18:02.087,T1,1,1080,6.135,-86.6,-104.2,-17.6,35.46,659705529,659702912,76,2849,2695,1947,6783,1462,3,1,True
2026-05-01T13:18:02.179,T1,1,1081,4.873,-68.3,-99.2,-31.0,73.34,409602166,409600087,64,2950,4694,3306,16454,1209,3,1,True
2026-05-01T13:18:02.417,T1,1,1083,6.735,-68.3,-100.0,-31.6,56.61,765845680,765842807,80,2921,4529,3251,18490,1284,3,1,True
2026-05-01T13:18:02.507,T1,1,1084,5.497,-68.3,-102.9,-34.5,40.91,455091673,455089328,88,2243,3600,2619,22605,1420,3,1,True
2026-05-01T13:18:02.837,T1,1,1087,4.958,-67.9,-99.0,-31.1,53.28,407056211,407054097,76,1945,4049,5387,18990,1282,3,1,True
2026-05-01T13:18:02.957,T1,1,1088,4.864,-68.3,-103.7,-35.4,41.84,476623380,476621306,64,1723,2678,2340,17138,1235,3,1,True
2026-05-01T13:18:03.047,T1,1,1089,4.995,-68.0,-100.7,-32.7,49.86,432133716,432131586,76,3165,3789,3306,20098,1324,3,1,True
2026-05-01T13:18:03.258,T1,1,1091,5.76,-92.8,-103.7,-10.9,29.33,440778408,440775952,12,177,352,238,20,144,3,1,True
2026-05-01T13:18:03.377,T1,1,1092,4.695,-68.6,-101.5,-33.0,45.29,420976893,420974890,76,3749,3442,2220,20238,1354,3,1,True
2026-05-01T13:18:03.468,T1,1,1093,5.314,-68.5,-100.8,-32.2,44.42,491773457,491771190,80,1895,3554,4655,21028,1380,3,1,True
2026-05-01T13:18:03.587,T1,1,1094,7.087,-inf,-104.8,inf,16.5,450715618,450712596,8,220,132,136,0,103,1,1,False
2026-05-01T13:18:03.677,T1,1,1095,6.041,-68.0,-101.5,-33.5,39.81,522342532,522339956,72,1442,2866,3737,16376,1194,3,1,True
2026-05-01T13:18:03.887,T1,1,1097,6.51,-67.8,-100.4,-32.6,56.06,725887116,725884340,72,3748,4036,2729,20282,1322,3,1,True
2026-05-01T13:18:04.007,T1,1,1098,5.061,-68.3,-101.2,-32.9,45.83,476442421,476440263,72,3869,3300,2499,19838,1330,3,1,True
2026-05-01T13:18:04.219,T1,1,1100,6.402,-67.9,-102.1,-34.2,41.12,766424656,766421925,68,3306,2796,2776,20704,1339,3,1,True
2026-05-01T13:18:04.309,T1,1,1101,6.107,-68.0,-103.0,-35.0,41.51,755617590,755614986,76,2839,3155,2283,22252,1391,3,1,True
2026-05-01T13:18:04.519,T1,1,1103,4.648,-68.2,-102.5,-34.3,44.0,390123310,390121328,72,2964,3168,2476,21000,1362,3,1,True
2026-05-01T13:18:04.637,T1,1,1104,5.483,-68.3,-102.8,-34.5,38.38,434439536,434437197,68,2309,2610,2256,15552,1176,3,1,True
2026-05-01T13:18:04.728,T1,1,1105,5.802,-68.1,-102.0,-33.9,40.83,625279958,625277484,72,3423,2940,2792,21211,1365,3,1,True
2026-05-01T13:18:04.819,T1,1,1106,4.756,-67.9,-103.7,-35.8,30.47,418347104,418345076,68,2920,2072,1541,17126,1217,3,1,True
2026-05-01T13:18:05.057,T1,1,1108,4.934,-68.0,-101.5,-33.5,43.91,413621019,413618914,68,2694,2986,3049,17202,1224,3,1,True
2026-05-01T13:18:05.268,T1,1,1110,4.836,-68.9,-103.1,-34.2,38.72,407873752,407871690,76,3058,2943,2449,22359,1441,3,1,True
2026-05-01T13:18:05.387,T1,1,1111,5.08,-70.1,-103.2,-33.1,45.12,442228758,442226592,60,2296,2707,2874,17984,1345,3,1,True
2026-05-01T13:18:05.597,T1,1,1113,5.647,-86.3,-108.2,-21.9,15.19,399573219,399570810,16,247,243,226,155,219,3,1,True
2026-05-01T13:18:05.687,T1,1,1114,6.102,-68.2,-103.5,-35.3,39.19,754246258,754243656,72,3302,2822,2096,24556,1472,3,1,True
2026-05-01T13:18:06.138,T1,1,1118,5.385,-68.5,-103.2,-34.7,40.52,415586385,415584089,64,2564,2593,2113,17431,1254,3,1,True
2026-05-01T13:18:06.588,T1,1,1121,4.733,-68.2,-105.2,-36.9,30.36,491171860,491169841,56,2169,1700,1448,15099,1157,3,1,True
2026-05-01T13:18:06.617,T1,1,1122,5.183,-68.1,-104.9,-36.8,31.28,479369758,479367547,68,1256,2127,2265,16648,1210,3,1,True
2026-05-01T13:18:06.707,T1,1,1123,4.681,-67.9,-104.4,-36.5,34.39,429548437,429546441,64,2466,2201,1875,19360,1294,3,1,True
2026-05-01T13:18:06.799,T1,1,1124,5.938,-68.5,-107.3,-38.7,32.4,757022022,757019490,52,2011,1685,1004,19480,1327,3,1,True
2026-05-01T13:18:06.888,T1,1,1125,4.479,-68.1,-106.8,-38.7,22.63,415544105,415542194,52,2077,1177,1120,15913,1184,3,1,True
2026-05-01T13:18:07.007,T1,1,1126,6.787,-68.2,-97.9,-29.7,67.06,752754263,752751368,80,4506,5365,5172,22081,1395,3,1,True
2026-05-01T13:18:07.097,T1,1,1127,5.014,-68.4,-99.1,-30.7,54.74,445098404,445096266,84,3684,4598,3934,19242,1313,3,1,True
2026-05-01T13:18:07.428,T1,1,1130,4.812,-68.3,-100.6,-32.3,55.78,394319891,394317839,80,3448,4462,2804,21339,1378,3,1,True
2026-05-01T13:18:07.577,T1,1,1131,4.925,-68.2,-100.9,-32.7,44.15,434558528,434556427,80,4082,3532,2459,20532,1348,3,1,True
2026-05-01T13:18:07.880,T1,1,1134,4.775,-68.4,-102.8,-34.4,41.54,401490362,401488326,80,2799,3323,2209,21217,1377,3,1,True
2026-05-01T13:18:07.999,T1,1,1135,5.727,-68.2,-100.7,-32.4,61.98,497575566,497573124,64,3193,3967,2822,18651,1286,3,1,True
2026-05-01T13:18:08.097,T1,1,1136,4.967,-68.4,-99.8,-31.4,63.16,410833372,410831254,56,1690,3537,4666,16556,1218,3,1,True
2026-05-01T13:18:08.177,T1,1,1137,4.962,-68.6,-101.4,-32.8,55.27,429849565,429847449,64,1307,3537,3599,17459,1260,3,1,True
2026-05-01T13:18:08.299,T1,1,1138,5.084,-68.4,-101.9,-33.5,50.37,500130755,500128587,76,2272,3828,2696,19616,1324,3,1,True
2026-05-01T13:18:08.389,T1,1,1139,6.416,-68.6,-101.2,-32.7,49.97,755144789,755142052,76,1370,3798,3943,19499,1329,3,1,True
2026-05-01T13:18:08.479,T1,1,1140,5.919,-93.6,-106.3,-12.7,29.75,451870756,451868232,8,156,238,158,15,138,3,1,True
2026-05-01T13:18:08.626,T1,1,1141,5.999,-88.2,-103.8,-15.6,33.33,456598105,456595546,12,278,400,400,111,201,3,1,True
2026-05-01T13:18:08.688,T1,1,1142,5.896,-68.6,-98.8,-30.2,62.35,739829203,739826688,80,3544,4988,5086,21987,1413,3,1,True
2026-05-01T13:18:08.807,T1,1,1143,4.962,-68.8,-99.6,-30.8,54.36,410780766,410778649,84,4039,4566,4206,22845,1451,3,1,True
2026-05-01T13:18:08.897,T1,1,1144,5.037,-68.8,-99.1,-30.3,62.29,426749532,426747383,84,4346,5232,4216,23563,1472,3,1,True
2026-05-01T13:18:17.147,T1,1,1220,4.686,-68.1,-99.5,-31.4,67.73,400201028,400199029,60,2689,4064,3960,16828,1217,3,1,True
2026-05-01T13:18:17.268,T1,1,1221,5.108,-68.2,-99.3,-31.1,63.71,448023589,448021410,80,3750,5097,3663,21557,1381,3,1,True
2026-05-01T13:18:17.476,T1,1,1223,4.695,-68.2,-99.6,-31.4,65.82,395653998,395651996,80,5043,5266,3391,28221,1579,3,1,True
2026-05-01T13:18:17.838,T1,1,1226,6.248,-68.1,-99.7,-31.6,79.27,759528852,759526187,56,3217,4439,3592,19112,1297,3,1,True
2026-05-01T13:18:18.167,T1,1,1229,4.798,-68.2,-100.3,-32.1,69.75,452149498,452147452,68,4420,4743,2980,25755,1509,3,1,True
2026-05-01T13:18:18.376,T1,1,1231,4.826,-68.1,-99.8,-31.7,65.6,404709308,404707250,68,2922,4461,2917,16880,1219,3,1,True
2026-05-01T13:18:18.496,T1,1,1232,4.747,-68.1,-99.8,-31.7,65.93,409863503,409861479,68,2796,4483,3976,19801,1318,3,1,True
2026-05-01T13:18:18.586,T1,1,1233,6.304,-68.6,-99.6,-31.1,56.33,698934145,698931457,72,2543,4056,4128,17004,1242,3,1,True
2026-05-01T13:18:18.676,T1,1,1234,5.652,-68.1,-99.9,-31.8,53.39,737718083,737715672,72,2628,3844,4120,18003,1256,3,1,True
2026-05-01T13:18:19.156,T1,1,1238,5.614,-68.3,-99.8,-31.5,66.65,765865514,765863119,68,3455,4532,3258,19517,1318,3,1,True
2026-05-01T13:18:19.247,T1,1,1239,5.886,-70.8,-100.7,-29.9,76.15,495966661,495964150,40,1835,3046,2740,9303,992,3,1,True
2026-05-01T13:18:19.337,T1,1,1240,6.219,-68.0,-99.9,-32.0,63.0,624790247,624787595,76,2714,4788,3507,20225,1327,3,1,True
2026-05-01T13:18:19.787,T1,1,1244,6.177,-68.1,-99.8,-31.6,65.45,630211258,630208624,76,4192,4974,3131,23597,1441,3,1,True
2026-05-01T13:18:19.879,T1,1,1245,4.845,-68.1,-100.3,-32.3,77.09,440114773,440112707,56,2432,4317,3295,18356,1268,3,1,True
2026-05-01T13:18:20.357,T1,1,1249,4.672,-68.1,-100.0,-31.8,66.91,394304178,394302185,68,3476,4550,3133,20105,1330,3,1,True
2026-05-01T13:18:20.448,T1,1,1250,5.324,-68.1,-99.5,-31.4,51.69,600600071,600597801,68,2417,3515,4161,15132,1151,3,1,True
2026-05-01T13:18:20.537,T1,1,1251,4.831,-68.0,-99.9,-31.8,54.92,430033261,430031201,84,4794,4613,3261,25668,1498,3,1,True
2026-05-01T13:18:20.692,T1,1,1252,4.85,-68.3,-100.2,-31.9,57.7,429728396,429726327,64,2694,3693,3826,17562,1249,3,1,True
2026-05-01T13:18:20.987,T1,1,1255,5.544,-67.7,-100.0,-32.3,61.29,709542585,709540220,68,2978,4168,2716,16433,1183,3,1,True
2026-05-01T13:18:21.316,T1,1,1258,4.817,-68.1,-99.9,-31.8,47.16,404907149,404905095,68,2521,3207,4175,15963,1182,3,1,True
2026-05-01T13:18:21.917,T1,1,1263,5.713,-67.7,-99.7,-31.9,58.99,771515012,771512576,68,2577,4011,3760,16717,1195,3,1,True
2026-05-01T13:18:22.007,T1,1,1264,5.3,-67.9,-99.9,-32.0,51.95,496391728,496389467,80,3591,4156,2706,17629,1236,3,1,True
2026-05-01T13:18:22.456,T1,1,1268,7.209,-inf,-102.8,inf,25.38,450773865,450770791,8,204,203,199,0,99,1,1,False
2026-05-01T13:18:22.578,T1,1,1269,4.817,-68.0,-99.9,-31.9,60.08,413180311,413178256,72,2711,4326,3518,18248,1262,3,1,True
2026-05-01T13:18:22.667,T1,1,1270,4.986,-67.7,-100.2,-32.5,60.25,478522622,478520495,64,3636,3856,2388,17370,1217,3,1,True
2026-05-01T13:18:30.856,T1,1,1345,4.54,-68.0,-100.5,-32.4,69.03,392790835,392788898,64,2263,4418,3913,21307,1365,3,1,True
2026-05-01T13:18:30.950,T1,1,1346,5.567,-68.1,-100.1,-32.0,60.28,517893157,517890783,76,2970,4581,3294,19769,1316,3,1,True
2026-05-01T13:18:31.156,T1,1,1348,4.559,-68.2,-100.9,-32.7,59.0,387074362,387072418,64,2183,3776,4031,20700,1354,3,1,True
2026-05-01T13:18:31.276,T1,1,1349,4.718,-68.2,-100.6,-32.4,61.07,435862894,435860882,68,2909,4153,2725,17888,1258,3,1,True
2026-05-01T13:18:31.756,T1,1,1353,5.328,-67.9,-100.8,-32.9,50.2,707410237,707407964,84,2312,4217,4571,25682,1492,3,1,True
2026-05-01T13:18:31.846,T1,1,1354,5.511,-68.4,-100.6,-32.1,77.2,754380554,754378204,60,3076,4632,3758,23888,1465,3,1,True
2026-05-01T13:18:32.296,T1,1,1358,4.723,-68.1,-100.8,-32.7,60.45,442649891,442647876,64,4082,3869,2604,21981,1387,3,1,True
2026-05-01T13:18:32.386,T1,1,1359,4.84,-68.0,-100.4,-32.3,57.18,470499606,470497541,76,2651,4346,3601,20407,1336,3,1,True
2026-05-01T13:18:32.956,T1,1,1364,4.634,-68.4,-100.5,-32.1,71.68,393168983,393167007,60,2673,4301,3598,20354,1353,3,1,True
2026-05-01T13:18:33.677,T1,1,1370,4.643,-68.3,-100.3,-32.0,67.36,390246777,390244796,72,3664,4850,3066,23504,1447,3,1,True
2026-05-01T13:18:33.827,T1,1,1371,6.388,-68.4,-100.6,-32.2,59.65,752779907,752777182,60,1799,3579,4083,17654,1256,3,1,True
2026-05-01T13:18:33.856,T1,1,1372,4.948,-68.3,-100.4,-32.0,53.62,491177917,491175807,60,1769,3217,4240,16064,1197,3,1,True
2026-05-01T13:18:33.976,T1,1,1373,4.775,-68.3,-100.3,-31.9,60.67,426313769,426311733,76,4342,4611,3144,25000,1493,3,1,True
2026-05-01T13:18:34.068,T1,1,1374,6.393,-67.8,-100.5,-32.6,66.9,753008306,753005580,60,4301,4014,2524,22148,1382,3,1,True
2026-05-01T13:18:34.157,T1,1,1375,5.6,-90.0,-106.4,-16.4,20.42,443288429,443286041,12,256,245,167,51,168,3,1,True
2026-05-01T13:18:34.276,T1,1,1376,4.892,-68.3,-100.0,-31.7,64.88,470702883,470700796,72,2684,4671,3604,19655,1321,3,1,True
2026-05-01T13:18:34.488,T1,1,1378,5.994,-68.5,-100.5,-32.0,52.52,715037674,715035117,84,4066,4412,2990,23240,1447,3,1,True
2026-05-01T13:18:34.608,T1,1,1379,4.737,-67.7,-100.6,-33.0,70.6,408719637,408717616,60,2006,4236,3181,18300,1249,3,1,True
2026-05-01T13:18:34.698,T1,1,1380,4.718,-68.4,-100.9,-32.5,59.29,412440708,412438696,68,2366,4032,4104,22151,1410,3,1,True
2026-05-01T13:18:34.785,T1,1,1381,4.887,-68.3,-100.6,-32.4,53.58,487498852,487496768,72,3881,3858,2745,20474,1348,3,1,True
2026-05-01T13:18:34.906,T1,1,1382,5.216,-68.5,-100.2,-31.7,65.95,429751141,429748916,76,2968,5012,3760,23478,1456,3,1,True
2026-05-01T13:18:34.996,T1,1,1383,4.906,-67.9,-101.3,-33.4,32.95,428990729,428988637,76,1915,2504,3912,16326,1189,3,1,True
2026-05-01T13:18:35.116,T1,1,1384,5.957,-68.5,-100.8,-32.3,55.86,751192324,751189784,76,2939,4245,2695,19114,1315,3,1,True
2026-05-01T13:18:35.326,T1,1,1386,4.775,-68.2,-101.3,-33.1,48.45,393821185,393819148,56,1732,2713,3872,16269,1199,3,1,True
2026-05-01T13:18:35.658,T1,1,1389,4.667,-68.4,-101.1,-32.7,53.29,386168329,386166338,72,1880,3837,3947,20625,1360,3,1,True
2026-05-01T13:18:35.776,T1,1,1390,4.714,-68.2,-101.2,-33.1,48.09,413934110,413932099,76,3134,3655,2906,19971,1327,3,1,True
2026-05-01T13:18:36.107,T1,1,1393,5.666,-68.4,-100.7,-32.2,60.46,770049009,770046592,80,3259,4837,3296,24530,1485,3,1,True
2026-05-01T13:18:36.248,T1,1,1394,4.648,-84.4,-101.3,-16.9,53.49,423101491,423099508,68,2106,3637,3417,6138,1289,3,1,True
2026-05-01T13:18:36.676,T1,1,1398,4.751,-68.1,-100.8,-32.7,62.31,397822165,397820138,68,1873,4237,3491,19347,1303,3,1,True
2026-05-01T13:18:36.887,T1,1,1400,4.84,-68.5,-101.2,-32.7,51.21,456769601,456767536,56,1646,2868,3742,15181,1170,3,1,True
2026-05-01T13:18:37.127,T1,1,1402,5.657,-78.4,-104.7,-26.3,18.8,407843893,407841481,20,393,376,806,657,343,3,1,True
2026-05-01T13:18:37.221,T1,1,1403,4.803,-69.5,-100.6,-31.0,55.83,421400832,421398784,72,2751,4020,2640,15218,1215,3,1,True
2026-05-01T13:18:37.787,T1,1,1408,4.826,-68.3,-100.9,-32.6,56.61,408433485,408431427,56,1694,3170,3752,15613,1180,3,1,True
2026-05-01T13:18:38.027,T1,1,1410,4.845,-68.1,-100.2,-32.1,65.39,457422747,457420680,72,2465,4708,3811,21590,1377,3,1,True
2026-05-01T13:18:38.117,T1,1,1411,5.145,-68.0,-100.2,-32.2,58.03,432042077,432039882,76,2450,4410,3769,20047,1323,3,1,True
2026-05-01T13:18:38.718,T1,1,1416,6.327,-68.5,-100.9,-32.4,53.27,729460654,729457956,84,2757,4475,3397,22344,1421,3,1,True
2026-05-01T13:18:38.807,T1,1,1417,4.822,-68.0,-101.1,-33.1,68.79,434807889,434805832,56,1843,3852,3336,18113,1256,3,1,True
2026-05-01T13:18:38.897,T1,1,1418,5.549,-67.6,-100.8,-33.2,68.83,494435647,494433281,52,2831,3579,2336,15523,1148,3,1,True
2026-05-01T13:18:39.046,T1,1,1419,6.543,-67.5,-101.3,-33.8,66.36,753127776,753124986,56,1779,3716,2764,16668,1186,3,1,True
2026-05-01T13:18:39.106,T1,1,1420,4.855,-68.0,-100.8,-32.8,61.97,418367191,418365120,64,2129,3966,3610,19319,1298,3,1,True
2026-05-01T13:18:39.556,T1,1,1424,6.374,-67.8,-100.6,-32.8,54.86,672403891,672401173,72,2498,3950,2733,16410,1190,3,1,True
2026-05-01T13:18:39.676,T1,1,1425,6.496,-67.8,-100.9,-33.1,50.3,751571802,751569032,76,3074,3823,3179,20567,1328,3,1,True
2026-05-01T13:18:39.768,T1,1,1426,5.708,-88.7,-106.0,-17.3,23.42,442882758,442880324,12,116,281,377,96,197,3,1,True
2026-05-01T13:18:40.246,T1,1,1430,5.713,-68.5,-100.6,-32.1,74.42,768446053,768443616,64,2897,4763,3526,23164,1447,3,1,True
2026-05-01T13:18:40.337,T1,1,1431,4.808,-72.6,-101.3,-28.7,43.05,439329475,439327424,80,3759,3444,2331,14770,1330,3,1,True
2026-05-01T13:18:40.556,T1,1,1433,5.098,-68.7,-101.1,-32.4,60.31,575869431,575867256,68,3410,4101,2584,20864,1383,3,1,True
2026-05-01T13:18:40.638,T1,1,1434,6.215,-68.2,-101.4,-33.2,43.79,751323145,751320495,68,1509,2978,3577,15648,1177,3,1,True
2026-05-01T13:18:40.786,T1,1,1435,5.76,-75.9,-104.4,-28.5,41.58,446000478,445998022,24,465,998,757,1373,454,3,1,True
2026-05-01T13:18:40.846,T1,1,1436,5.445,-67.9,-101.6,-33.7,48.87,509613387,509611065,68,1858,3323,2918,16097,1181,3,1,True
2026-05-01T13:18:40.937,T1,1,1437,4.991,-68.3,-101.7,-33.4,58.03,502187917,502185789,60,1877,3482,3869,21244,1374,3,1,True
2026-05-01T13:18:41.177,T1,1,1439,5.666,-68.1,-101.4,-33.2,64.2,718287931,718285515,60,2549,3852,2670,18669,1282,3,1,True
2026-05-01T13:18:41.389,T1,1,1441,4.742,-67.4,-101.6,-34.1,45.79,403627631,403625608,68,3137,3114,2294,17763,1221,3,1,True
2026-05-01T13:18:41.747,T1,1,1444,4.714,-68.0,-101.8,-33.8,46.76,400236196,400234185,68,2499,3180,2758,17487,1236,3,1,True
2026-05-01T13:18:41.836,T1,1,1445,5.905,-67.6,-101.7,-34.1,44.17,622925460,622922941,80,1860,3534,3047,18486,1253,3,1,True
2026-05-01T13:18:41.926,T1,1,1446,4.925,-67.7,-101.1,-33.4,55.25,470077827,470075726,64,3552,3536,2239,19042,1277,3,1,True
2026-05-01T13:18:42.046,T1,1,1447,4.986,-67.8,-101.1,-33.3,56.24,475172261,475170134,68,3134,3824,2998,21158,1348,3,1,True
2026-05-01T13:18:42.256,T1,1,1449,6.215,-68.1,-101.0,-32.9,49.36,754794402,754791752,88,2565,4344,3540,22867,1417,3,1,True
2026-05-01T13:18:42.736,T1,1,1453,6.548,-67.5,-102.2,-34.7,42.07,719806806,719804013,56,1463,2356,3410,15873,1156,3,1,True
2026-05-01T13:18:42.826,T1,1,1454,4.822,-68.4,-102.1,-33.7,40.71,418709070,418707014,80,2321,3257,3119,19528,1325,3,1,True
2026-05-01T13:18:43.156,T1,1,1457,4.578,-68.3,-105.5,-37.2,31.43,386195800,386193848,68,1153,2137,1896,15938,1193,3,1,True
2026-05-01T13:18:43.277,T1,1,1458,5.76,-71.1,-106.9,-35.8,29.88,493503355,493500899,52,1036,1554,987,8540,962,3,1,True
2026-05-01T13:18:43.488,T1,1,1460,5.483,-68.0,-104.8,-36.7,39.18,712286868,712284529,60,367,2351,2358,16114,1186,3,1,True
2026-05-01T13:18:43.577,T1,1,1461,6.079,-68.2,-103.5,-35.3,39.03,750492599,750490007,72,2545,2810,1928,19141,1301,3,1,True
2026-05-01T13:18:43.696,T1,1,1462,4.742,-68.0,-104.1,-36.1,35.4,406439677,406437654,72,2014,2549,1737,16807,1209,3,1,True
2026-05-01T13:18:43.906,T1,1,1464,5.45,-67.8,-102.2,-34.4,48.03,649980627,649978302,68,1560,3266,2837,17210,1216,3,1,True
2026-05-01T13:18:43.996,T1,1,1465,5.849,-68.1,-101.0,-32.9,53.39,733105856,733103361,84,3990,4485,3133,27764,1563,3,1,True
2026-05-01T13:18:44.207,T1,1,1467,4.662,-68.0,-106.5,-38.5,25.78,447999250,447997261,76,1021,1959,1856,17811,1246,3,1,True
2026-05-01T13:18:44.356,T1,1,1468,4.897,-67.9,-101.7,-33.7,58.32,410278490,410276401,56,2351,3266,2871,17299,1226,3,1,True
2026-05-01T13:18:44.416,T1,1,1469,5.722,-68.6,-100.2,-31.7,57.61,725922217,725919776,72,5148,4148,3043,25967,1534,3,1,True
2026-05-01T13:18:44.896,T1,1,1473,6.36,-68.0,-103.9,-35.9,33.71,706257736,706255023,76,2313,2562,1602,17035,1217,3,1,True
2026-05-01T13:18:45.346,T1,1,1477,5.366,-67.7,-98.0,-30.3,80.53,594712472,594710183,68,1920,5476,5194,18872,1268,3,1,True
2026-05-01T13:18:45.556,T1,1,1479,6.022,-73.6,-96.6,-23.0,106.25,426326790,426324221,28,2166,2975,2018,2639,583,3,1,True
2026-05-01T13:18:45.647,T1,1,1480,4.864,-67.5,-103.3,-35.9,41.41,469643781,469641706,76,2289,3147,1971,20434,1310,3,1,True
2026-05-01T13:18:46.607,T1,1,1488,5.872,-74.2,-99.0,-24.7,71.38,404022922,404020417,24,128,1713,1980,1690,476,3,1,True
2026-05-01T13:18:46.698,T1,1,1489,6.618,-66.8,-94.3,-27.5,120.59,751487259,751484436,68,2275,8200,6990,17120,1173,3,1,True
2026-05-01T13:18:47.026,T1,1,1492,5.131,-67.5,-94.0,-26.5,103.51,396876059,396873870,84,2173,8695,12483,29618,1579,3,1,True
2026-05-01T13:18:47.147,T1,1,1493,5.127,-67.5,-93.5,-26.0,135.61,421063917,421061731,80,5270,10849,7895,23331,1402,3,1,True
2026-05-01T13:18:47.476,T1,1,1496,4.953,-67.5,-92.6,-25.1,167.99,398899196,398897083,80,7213,13439,10100,30526,1604,3,1,True
2026-05-01T13:18:47.685,T1,1,1498,5.07,-69.0,-96.2,-27.1,77.64,441953287,441951124,84,7711,6522,4368,22494,1451,3,1,True
2026-05-01T13:18:47.806,T1,1,1499,4.976,-68.4,-96.5,-28.1,85.25,413206101,413203979,60,5605,5115,4372,16144,1202,3,1,True
2026-05-01T13:18:48.017,T1,1,1501,6.529,-68.1,-97.2,-29.2,74.78,730556081,730553297,72,6460,5384,3946,21942,1386,3,1,True
2026-05-01T13:18:48.378,T1,1,1504,5.263,-68.2,-98.3,-30.1,92.17,454853584,454851340,52,2769,4793,4438,16294,1201,3,1,True
2026-05-01T13:18:48.586,T1,1,1506,5.699,-68.2,-100.0,-31.9,68.11,711416891,711414461,64,2382,4359,3036,16275,1198,3,1,True
2026-05-01T13:18:48.797,T1,1,1508,6.355,-68.0,-100.4,-32.4,65.87,706488237,706485527,60,2086,3952,3005,15382,1158,3,1,True
2026-05-01T13:18:48.917,T1,1,1509,5.075,-67.9,-97.6,-29.7,79.46,469590796,469588632,80,1469,6357,6815,24950,1470,3,1,True
2026-05-01T13:18:49.007,T1,1,1510,4.986,-67.5,-96.3,-28.8,102.66,422069809,422067683,68,3169,6981,5268,18276,1241,3,1,True
2026-05-01T13:18:49.097,T1,1,1511,5.052,-67.5,-96.8,-29.3,93.27,421533461,421531307,64,4984,5969,3752,17672,1219,3,1,True
2026-05-01T13:18:49.217,T1,1,1512,5.216,-67.2,-95.4,-28.2,96.87,467651083,467648858,84,5462,8137,5216,21802,1341,3,1,True
2026-05-01T13:18:49.308,T1,1,1513,5.183,-66.9,-95.1,-28.2,110.09,467892529,467890318,68,3247,7486,6054,17425,1187,3,1,True
2026-05-01T13:18:49.756,T1,1,1517,5.835,-69.4,-95.6,-26.2,109.75,442019056,442016568,52,3685,5707,3851,9759,969,3,1,True
2026-05-01T13:18:49.997,T1,1,1519,5.797,-73.9,-97.3,-23.4,80.57,419163346,419160874,28,637,2256,2156,1757,480,3,1,True
2026-05-01T13:18:50.086,T1,1,1520,5.089,-66.9,-93.8,-26.9,115.58,423582724,423580553,76,5226,8784,6381,17971,1205,3,1,True
2026-05-01T13:18:50.566,T1,1,1524,6.036,-67.1,-94.4,-27.3,97.15,769418959,769416385,72,2533,6995,8501,17962,1213,3,1,True
2026-05-01T13:18:50.626,T1,1,1525,5.352,-67.2,-93.2,-26.0,127.55,493800878,493798596,84,5163,10714,9867,25593,1453,3,1,True
2026-05-01T13:18:50.866,T1,1,1527,5.005,-68.6,-97.3,-28.7,94.29,441667272,441665138,80,2031,7543,6870,26931,1564,3,1,True
2026-05-01T13:18:51.076,T1,1,1529,6.477,-67.9,-94.7,-26.8,117.21,708035286,708032523,68,3268,7970,7080,17701,1236,3,1,True
2026-05-01T13:18:51.226,T1,1,1530,5.08,-68.7,-98.9,-30.2,52.86,419788042,419785875,76,1447,4017,6805,22805,1444,3,1,True
2026-05-01T13:18:51.286,T1,1,1531,5.267,-68.4,-98.3,-29.9,63.0,474019858,474017611,72,860,4536,5882,17718,1261,3,1,True
2026-05-01T13:18:51.377,T1,1,1532,5.356,-67.4,-94.2,-26.8,156.47,473295486,473293201,60,4877,9388,6703,20722,1318,3,1,True
2026-05-01T13:18:51.616,T1,1,1534,5.966,-70.1,-97.0,-26.9,86.06,457449047,457446502,68,1754,5852,6066,15377,1243,3,1,True
2026-05-01T13:18:51.706,T1,1,1535,6.229,-68.1,-95.5,-27.4,97.15,620980731,620978074,68,4738,6606,4847,15093,1151,3,1,True
2026-05-01T13:18:52.156,T1,1,1539,5.788,-83.1,-103.2,-20.2,51.08,388429868,388427400,12,85,613,539,241,244,3,1,True
2026-05-01T13:18:52.278,T1,1,1540,5.361,-68.1,-101.3,-33.2,44.05,476722699,476720413,64,261,2819,4442,17801,1249,3,1,True
2026-05-01T13:18:52.367,T1,1,1541,5.014,-68.2,-101.7,-33.5,57.6,405579626,405577487,60,1225,3456,3471,17832,1257,3,1,True
2026-05-01T13:18:52.486,T1,1,1542,5.145,-68.0,-101.9,-33.8,59.73,425486741,425484546,64,1143,3823,3526,20842,1350,3,1,True
2026-05-01T13:18:52.576,T1,1,1543,6.06,-88.6,-106.8,-18.2,24.75,445038759,445036175,12,234,297,239,100,200,3,1,True
2026-05-01T13:18:52.666,T1,1,1544,5.253,-68.6,-101.1,-32.5,57.31,475811403,475809163,72,3864,4126,2801,23674,1466,3,1,True
2026-05-01T13:18:52.756,T1,1,1545,5.342,-68.2,-102.1,-33.9,32.63,469164568,469162290,76,574,2480,4711,22093,1400,3,1,True
2026-05-01T13:18:52.876,T1,1,1546,5.192,-68.2,-101.4,-33.2,47.53,418528658,418526443,64,317,3042,4148,17447,1244,3,1,True
2026-05-01T13:18:53.086,T1,1,1548,5.563,-68.7,-100.8,-32.1,42.9,417717654,417715282,88,324,3775,4997,21533,1404,3,1,True
2026-05-01T13:18:53.326,T1,1,1550,5.225,-68.1,-100.5,-32.4,71.98,461313248,461311020,52,867,3743,3828,15842,1180,3,1,True
2026-05-01T13:18:53.896,T1,1,1555,6.018,-68.9,-101.1,-32.3,61.54,762473417,762470850,76,2323,4677,3220,22097,1430,3,1,True
2026-05-01T13:18:54.016,T1,1,1556,5.075,-68.8,-101.6,-32.9,56.16,422030525,422028360,76,2607,4268,3112,23086,1457,3,1,True
2026-05-01T13:18:54.346,T1,1,1559,6.008,-68.8,-101.3,-32.5,54.19,762188130,762185568,68,2055,3685,3178,17191,1259,3,1,True
2026-05-01T13:18:54.437,T1,1,1560,6.088,-68.3,-100.4,-32.0,64.73,734128064,734125468,64,2870,4143,2893,17258,1240,3,1,True
2026-05-01T13:18:54.555,T1,1,1561,5.286,-68.3,-100.0,-31.7,56.61,469695537,469693282,72,1676,4076,3646,15416,1172,3,1,True
2026-05-01T13:18:55.127,T1,1,1566,6.67,-68.7,-97.9,-29.2,82.76,626571307,626568462,80,3023,6621,5399,23231,1457,3,1,True
2026-05-01T13:18:55.216,T1,1,1567,5.722,-68.8,-99.0,-30.2,61.7,427685917,427683477,76,997,4689,5908,20903,1387,3,1,True
2026-05-01T13:18:55.336,T1,1,1568,5.305,-68.5,-99.5,-31.0,54.88,427308642,427306380,80,966,4390,5705,21987,1408,3,1,True
2026-05-01T13:18:55.426,T1,1,1569,5.886,-68.1,-100.6,-32.5,56.07,493298023,493295513,68,1045,3813,4108,17853,1254,3,1,True
2026-05-01T13:18:55.517,T1,1,1570,5.033,-68.5,-108.2,-39.8,18.93,424969626,424967480,60,1640,1136,1201,16812,1230,3,1,True
2026-05-01T13:18:55.756,T1,1,1572,4.836,-68.0,-103.0,-34.9,40.17,405272784,405270721,76,2191,3053,2773,20706,1344,3,1,True
2026-05-01T13:18:55.845,T1,1,1573,5.197,-67.9,-101.9,-34.0,42.0,488941564,488939347,92,3572,3864,3031,27649,1546,3,1,True
2026-05-01T13:18:55.966,T1,1,1574,6.674,-67.4,-102.5,-35.1,37.97,746946587,746943740,80,2172,3038,3795,25389,1458,3,1,True
2026-05-01T13:18:56.087,T1,1,1575,4.986,-68.0,-100.2,-32.2,56.14,425796152,425794026,88,2900,4940,3672,23413,1428,3,1,True
2026-05-01T13:18:56.267,T1,1,1577,6.06,-68.0,-97.7,-29.8,72.82,768712203,768709619,80,6052,5826,3739,24237,1452,3,1,True
2026-05-01T13:18:56.355,T1,1,1578,5.943,-76.3,-100.0,-23.7,52.46,443258219,443255684,28,1443,1469,1038,1432,471,3,1,True
2026-05-01T13:18:56.597,T1,1,1580,4.859,-67.5,-101.1,-33.7,57.97,395748975,395746903,68,2556,3942,3273,21210,1335,3,1,True
2026-05-01T13:18:56.956,T1,1,1583,6.107,-67.3,-92.5,-25.1,147.74,720246574,720243970,72,4595,10637,9060,19266,1266,3,1,True
2026-05-01T13:18:57.166,T1,1,1585,5.408,-67.6,-95.6,-28.0,86.43,470989898,470987591,88,5084,7606,5249,19803,1295,3,1,True
2026-05-01T13:18:57.768,T1,1,1590,5.886,-68.1,-102.2,-34.1,45.85,766386974,766384464,68,2525,3118,3220,20905,1356,3,1,True
2026-05-01T13:18:57.856,T1,1,1591,5.211,-68.1,-98.5,-30.4,57.49,466794290,466792068,80,4234,4599,3791,17986,1257,3,1,True
2026-05-01T13:18:57.946,T1,1,1592,5.019,-72.1,-102.9,-30.8,40.89,477559774,477557633,80,3174,3271,2938,20759,1548,3,1,True
2026-05-01T13:18:58.337,T1,1,1595,5.9,-68.1,-104.6,-36.5,38.15,768704287,768701770,68,1404,2594,2425,19884,1321,3,1,True
2026-05-01T13:18:58.726,T1,1,1599,5.286,-68.3,-102.8,-34.5,43.13,407851436,407849181,60,3003,2588,1669,16638,1219,3,1,True
2026-05-01T13:18:58.847,T1,1,1600,4.991,-68.0,-101.5,-33.5,53.74,429052115,429049987,84,2978,4514,2935,25652,1494,3,1,True
2026-05-01T13:18:58.966,T1,1,1601,6.482,-67.6,-100.9,-33.2,43.03,749188818,749186053,72,1273,3098,4179,17329,1214,3,1,True
2026-05-01T13:18:59.055,T1,1,1602,5.061,-67.9,-102.5,-34.6,52.55,468538170,468536011,76,1883,3994,2987,24716,1463,3,1,True
2026-05-01T13:18:59.505,T1,1,1606,4.887,-68.2,-97.8,-29.6,85.78,400282796,400280711,72,2619,6176,5178,20495,1346,3,1,True
2026-05-01T13:18:59.595,T1,1,1607,5.436,-68.8,-102.4,-33.6,51.59,419199587,419197268,68,1006,3508,3169,18497,1304,3,1,True
2026-05-01T13:18:59.836,T1,1,1609,4.573,-68.3,-102.5,-34.2,39.33,396594791,396592841,72,2446,2832,2257,16132,1200,3,1,True
2026-05-01T13:18:59.925,T1,1,1610,6.266,-68.4,-102.7,-34.3,51.73,750716905,750714232,60,2692,3104,2304,19160,1310,3,1,True
2026-05-01T13:19:00.287,T1,1,1613,5.089,-68.7,-96.4,-27.7,94.59,459367928,459365757,76,5140,7189,5174,21064,1387,3,1,True
2026-05-01T13:19:00.378,T1,1,1614,5.056,-68.5,-97.2,-28.7,84.58,429386786,429384629,76,3314,6428,5822,21099,1380,3,1,True
2026-05-01T13:19:00.496,T1,1,1615,5.891,-68.5,-95.0,-26.6,104.61,725657694,725655181,76,5462,7950,7008,21166,1380,3,1,True
2026-05-01T13:19:00.707,T1,1,1617,4.995,-68.2,-102.3,-34.1,40.4,403700956,403698826,68,2084,2747,2467,14550,1136,3,1,True
2026-05-01T13:19:00.946,T1,1,1619,4.484,-68.7,-105.1,-36.4,27.67,405777208,405775295,60,2241,1660,1381,14349,1145,3,1,True
2026-05-01T13:19:01.005,T1,1,1620,5.793,-88.6,-99.7,-11.1,57.58,444757812,444755341,12,630,691,433,105,204,3,1,True
2026-05-01T13:19:01.246,T1,1,1622,4.798,-68.9,-100.0,-31.1,57.05,403758793,403756747,80,3254,4564,3139,18846,1323,3,1,True
2026-05-01T13:19:01.336,T1,1,1623,5.919,-68.4,-99.6,-31.1,63.07,513038015,513035490,88,3477,5550,4503,26695,1549,3,1,True
2026-05-01T13:19:01.457,T1,1,1624,5.061,-69.8,-98.7,-28.9,66.68,410014060,410011901,80,3414,5334,4774,19692,1393,3,1,True
2026-05-01T13:19:01.546,T1,1,1625,5.234,-69.8,-101.8,-32.0,53.55,480084615,480082383,80,3641,4284,3005,26077,1603,3,1,True
2026-05-01T13:19:01.695,T1,1,1626,6.079,-68.2,-99.3,-31.1,63.37,751115250,751112658,68,3085,4309,3917,17376,1239,3,1,True
2026-05-01T13:19:01.757,T1,1,1627,5.122,-67.6,-98.9,-31.3,59.62,421846884,421844699,68,2160,4054,4410,15524,1149,3,1,True
2026-05-01T13:19:01.847,T1,1,1628,4.986,-68.0,-102.8,-34.8,37.37,440830714,440828587,76,2977,2840,2210,19972,1321,3,1,True
2026-05-01T13:19:02.324,T1,1,1632,5.975,-68.7,-101.2,-32.4,41.54,761524887,761522339,84,1794,3489,3790,17778,1276,3,1,True
2026-05-01T13:19:02.386,T1,1,1633,4.808,-68.4,-100.4,-32.1,51.86,389357403,389355352,72,1060,3734,4718,19296,1313,3,1,True
2026-05-01T13:19:02.536,T1,1,1634,5.516,-70.9,-107.7,-36.8,22.21,427323405,427321052,52,875,1155,892,6754,848,3,1,True
2026-05-01T13:19:02.595,T1,1,1635,5.83,-92.3,-108.5,-16.3,23.12,427114774,427112288,8,107,185,186,26,155,3,1,True
2026-05-01T13:19:04.155,T1,1,1648,6.341,-67.9,-105.1,-37.2,38.13,725677130,725674426,52,2143,1983,1223,15832,1171,3,1,True
2026-05-01T13:19:04.246,T1,1,1649,6.787,-68.1,-100.4,-32.3,55.84,748303257,748300363,56,1507,3127,4274,15919,1182,3,1,True
2026-05-01T13:19:04.335,T1,1,1650,5.769,-68.1,-99.0,-30.9,60.17,448899417,448896956,72,3041,4332,3495,15428,1164,3,1,True
2026-05-01T13:19:04.457,T1,1,1651,6.735,-67.4,-101.1,-33.7,44.28,748017954,748015082,68,2066,3011,4420,21185,1331,3,1,True
2026-05-01T13:19:04.666,T1,1,1653,4.845,-67.6,-101.9,-34.3,58.58,389555618,389553551,52,2445,3046,2477,16344,1179,3,1,True
2026-05-01T13:19:04.756,T1,1,1654,4.991,-67.8,-102.1,-34.4,43.69,418763873,418761745,68,2010,2971,2951,17221,1215,3,1,True
2026-05-01T13:19:04.876,T1,1,1655,5.037,-67.7,-102.1,-34.4,48.09,421106858,421104709,68,2025,3270,2959,18807,1268,3,1,True
2026-05-01T13:19:04.966,T1,1,1656,5.042,-68.0,-102.7,-34.7,39.81,427563045,427560895,68,1780,2707,2505,15136,1150,3,1,True
2026-05-01T13:19:05.325,T1,1,1659,6.552,-68.0,-102.9,-34.9,37.34,760611524,760608730,92,3174,3435,2504,26399,1516,3,1,True
2026-05-01T13:19:05.506,T1,1,1661,5.516,-67.7,-102.9,-35.1,42.42,418932078,418929725,72,1491,3054,2964,19277,1285,3,1,True
2026-05-01T13:19:05.625,T1,1,1662,4.915,-68.1,-103.2,-35.1,38.97,412844123,412842026,68,1375,2650,2908,17202,1229,3,1,True
2026-05-01T13:19:05.715,T1,1,1663,6.168,-67.8,-103.4,-35.6,39.6,746375788,746373157,72,1518,2851,2289,16818,1203,3,1,True
2026-05-01T13:19:06.316,T1,1,1668,6.726,-68.0,-103.9,-35.9,40.12,752374329,752371460,64,2048,2568,1916,17226,1225,3,1,True
2026-05-01T13:19:06.405,T1,1,1669,5.821,-67.6,-103.3,-35.7,41.28,732029330,732026848,72,2819,2972,1899,21613,1353,3,1,True
2026-05-01T13:19:06.736,T1,1,1672,5.563,-85.2,-106.9,-21.7,22.83,392046871,392044498,12,214,274,365,183,229,3,1,True
2026-05-01T13:19:07.217,T1,1,1676,4.855,-68.0,-105.5,-37.5,32.62,436873394,436871323,68,1708,2218,1612,17799,1244,3,1,True
2026-05-01T13:19:07.426,T1,1,1678,5.469,-68.2,-104.9,-36.7,41.32,649602350,649600017,60,1896,2479,1850,19280,1306,3,1,True
2026-05-01T13:19:07.547,T1,1,1679,5.033,-69.8,-104.1,-34.3,39.29,465812341,465810195,68,2585,2672,1991,19355,1382,3,1,True
2026-05-01T13:19:07.637,T1,1,1680,5.769,-68.3,-104.4,-36.1,33.0,648673441,648670981,80,2520,2640,2246,23915,1457,3,1,True
2026-05-01T13:19:07.757,T1,1,1681,5.793,-81.0,-105.1,-24.1,30.11,741842297,741839826,64,1673,1927,2346,7664,1283,3,1,True
2026-05-01T13:19:07.965,T1,1,1683,5.783,-68.2,-105.2,-37.1,33.12,758414576,758412110,72,2032,2385,1758,20532,1347,3,1,True
2026-05-01T13:19:08.177,T1,1,1685,5.066,-68.7,-100.3,-31.6,66.88,396354265,396352104,52,1794,3478,3844,14665,1159,3,1,True
2026-05-01T13:19:08.295,T1,1,1686,5.028,-70.3,-100.0,-29.7,62.19,408736850,408734705,72,2623,4478,4749,20448,1448,3,1,True
2026-05-01T13:19:08.626,T1,1,1689,4.986,-67.2,-102.9,-35.7,34.32,436555886,436553760,88,1761,3020,2631,18846,1248,3,1,True
2026-05-01T13:19:08.748,T1,1,1690,5.975,-68.7,-96.0,-27.3,98.89,726489169,726486621,76,4721,7516,7394,24177,1485,3,1,True
2026-05-01T13:19:08.836,T1,1,1691,5.131,-67.2,-100.7,-33.5,52.95,472224112,472221924,60,3062,3177,2555,15588,1136,3,1,True
2026-05-01T13:19:08.925,T1,1,1692,6.135,-67.4,-90.4,-23.0,161.57,729081993,729079376,76,10116,12279,7629,17134,1197,3,1,True
2026-05-01T13:19:09.045,T1,1,1693,5.272,-68.1,-91.7,-23.6,145.62,465100516,465098268,76,7237,11067,10148,19627,1315,3,1,True
2026-05-01T13:19:09.495,T1,1,1697,6.323,-67.9,-102.7,-34.8,33.68,727977298,727974602,68,3604,2290,1440,18429,1264,3,1,True
2026-05-01T13:19:10.185,T1,1,1703,5.886,-71.7,-92.4,-20.7,121.0,432132786,432130275,44,5221,5324,4335,4803,736,3,1,True
2026-05-01T13:19:10.306,T1,1,1704,5.929,-68.5,-99.0,-30.5,66.0,441512899,441510370,68,1924,4488,4549,16618,1225,3,1,True
2026-05-01T13:19:10.426,T1,1,1705,4.892,-67.2,-93.8,-26.7,106.68,409653858,409651771,72,2129,7681,8117,15910,1144,3,1,True
2026-05-01T13:19:10.515,T1,1,1706,6.726,-68.3,-97.9,-29.6,71.21,747347536,747344667,76,1453,5412,5552,18086,1271,3,1,True
2026-05-01T13:19:10.727,T1,1,1708,4.784,-68.4,-97.4,-28.9,76.92,404515623,404513582,64,3955,4923,4378,15031,1162,3,1,True
2026-05-01T13:19:11.175,T1,1,1712,5.281,-82.9,-108.7,-25.8,16.62,395206248,395203995,16,136,266,295,226,235,3,1,True
2026-05-01T13:19:11.297,T1,1,1713,5.305,-68.0,-95.6,-27.7,104.17,401322440,401320178,72,5195,7500,5212,19535,1303,3,1,True
2026-05-01T13:19:11.387,T1,1,1714,4.873,-68.0,-96.8,-28.8,111.29,403274043,403271965,52,4015,5787,4153,15296,1155,3,1,True
2026-05-01T13:19:11.476,T1,1,1715,5.098,-69.0,-108.5,-39.5,23.75,400397394,400395219,60,1714,1425,863,18052,1297,3,1,True
2026-05-01T13:19:11.595,T1,1,1716,4.611,-70.1,-104.2,-34.0,37.3,425914749,425912782,80,2687,2984,1756,20738,1448,3,1,True
2026-05-01T13:19:11.957,T1,1,1719,5.83,-67.0,-88.9,-21.9,197.67,768188175,768185688,72,14569,14232,8235,19287,1254,3,1,True
2026-05-01T13:19:12.165,T1,1,1721,5.521,-73.5,-96.4,-22.9,120.25,767719461,767717107,68,3256,8177,6300,16804,1462,3,1,True
2026-05-01T13:19:12.405,T1,1,1723,4.986,-73.1,-93.2,-20.0,167.03,446490081,446487954,76,8563,12694,10142,23523,1711,3,1,True
2026-05-01T13:19:13.065,T1,1,1729,5.825,-75.7,-92.6,-16.9,176.15,415563851,415561367,20,831,3523,3506,1315,442,3,1,True
2026-05-01T13:19:13.306,T1,1,1731,4.962,-69.0,-97.2,-28.1,85.82,403138404,403136288,68,3913,5836,4656,16621,1248,3,1,True
2026-05-01T13:19:13.396,T1,1,1732,5.019,-67.9,-97.8,-30.0,104.55,402574319,402572179,40,1707,4182,4736,12645,1046,3,1,True
2026-05-01T13:19:13.517,T1,1,1733,5.192,-66.8,-94.6,-27.8,161.18,401262787,401260573,40,3817,6447,4411,11479,960,3,1,True
2026-05-01T13:19:13.635,T1,1,1734,5.319,-69.5,-104.2,-34.8,41.82,466285606,466283338,56,532,2342,2786,15581,1226,3,1,True
2026-05-01T13:19:13.725,T1,1,1735,5.727,-72.1,-107.1,-34.9,33.73,748335071,748332628,52,1634,1754,1435,14349,1290,3,1,True
2026-05-01T13:19:13.815,T1,1,1736,4.564,-74.4,-105.8,-31.5,37.07,407608947,407607001,68,1847,2521,1743,15215,1435,3,1,True
2026-05-01T13:19:14.026,T1,1,1738,5.07,-70.5,-95.8,-25.4,124.79,464732654,464730491,52,5846,6489,4753,15369,1260,3,1,True
2026-05-01T13:19:14.356,T1,1,1741,5.112,-88.8,-99.2,-10.4,49.33,400395019,400392839,12,386,592,711,84,187,3,1,True
2026-05-01T13:19:14.506,T1,1,1742,4.606,-70.5,-94.2,-23.7,149.92,477109950,477107985,60,4239,8995,6324,14806,1240,3,1,True
2026-05-01T13:19:14.927,T1,1,1746,4.254,-69.3,-97.4,-28.1,77.98,443140522,443138707,64,6382,4991,5473,23035,1483,3,1,True
2026-05-01T13:19:15.046,T1,1,1747,4.329,-68.7,-93.4,-24.8,80.54,407839254,407837408,84,9681,6765,4450,16127,1213,3,1,True
2026-05-01T13:19:15.136,T1,1,1748,4.615,-71.2,-92.7,-21.5,200.53,496595511,496593542,60,9952,12032,8359,22333,1559,3,1,True
2026-05-01T13:19:15.225,T1,1,1749,4.226,-69.2,-98.1,-28.8,109.65,409158572,409156769,68,506,7456,6584,28022,1631,3,1,True
2026-05-01T13:19:15.376,T1,1,1750,5.122,-68.4,-96.5,-28.2,99.2,489799939,489797754,80,6033,7936,6412,29627,1628,3,1,True
2026-05-01T13:19:15.437,T1,1,1751,4.493,-68.6,-93.2,-24.5,134.4,471176406,471174489,96,4232,12902,10896,28927,1624,3,1,True
2026-05-01T13:19:15.555,T1,1,1752,4.798,-68.7,-92.5,-23.8,145.07,504705315,504703269,88,5656,12766,14280,32734,1732,3,1,True
2026-05-01T13:19:15.765,T1,1,1754,6.327,-88.5,-89.5,-1.0,221.23,755147045,755144346,80,12413,17698,16743,7177,1677,1,1,False
2026-05-01T13:19:15.885,T1,1,1755,4.597,-67.2,-84.4,-17.1,265.42,424467565,424465605,64,9716,16987,14809,15004,1114,3,1,True
2026-05-01T13:19:24.136,T1,1,1831,3.602,-65.6,-85.8,-20.3,233.15,459430201,459428665,80,8601,18652,18730,23950,1328,3,1,True
2026-05-01T13:19:24.224,T1,1,1832,3.968,-66.6,-81.7,-15.1,223.55,727981734,727980041,88,17919,19672,12764,18839,1223,3,1,True
2026-05-01T13:19:24.375,T1,1,1833,3.588,-67.5,-81.2,-13.7,280.03,463816837,463815307,64,16919,17922,10602,14106,1091,3,1,True
2026-05-01T13:19:24.436,T1,1,1834,4.507,-69.7,-91.0,-21.3,142.15,488612034,488610111,72,7252,10235,8936,12729,1119,3,1,True
2026-05-01T13:19:24.676,T1,1,1836,4.057,-67.0,-81.4,-14.4,311.34,765014830,765013100,56,12641,17435,12166,12653,1013,3,1,True
2026-05-01T13:19:24.766,T1,1,1837,4.507,-68.1,-80.1,-12.0,304.9,487683653,487681731,48,14349,14635,9195,8815,879,3,1,True
2026-05-01T13:19:24.856,T1,1,1838,3.579,-66.4,-87.7,-21.3,242.34,469925916,469924390,76,5423,18418,17558,22461,1324,3,1,True
2026-05-01T13:19:24.976,T1,1,1839,4.367,-63.0,-84.8,-21.8,213.79,739380452,739378589,84,15520,17958,10780,23373,1203,3,1,True
2026-05-01T13:19:25.097,T1,1,1840,4.77,-62.9,-77.2,-14.3,189.62,756180523,756178488,104,18013,19720,16663,20304,1116,3,1,True
2026-05-01T13:19:33.382,T1,1,1916,3.335,-70.7,-90.1,-19.4,226.38,469961415,469959993,76,13427,17205,10382,23714,1578,3,1,True
2026-05-01T13:19:33.471,T1,1,1917,3.729,-66.4,-86.0,-19.7,219.0,727339216,727337626,76,13769,16644,16476,21938,1307,3,1,True
2026-05-01T13:19:33.592,T1,1,1918,3.396,-69.1,-89.7,-20.6,241.94,436092907,436091459,68,8608,16452,13747,22069,1441,3,1,True
2026-05-01T13:19:33.922,T1,1,1921,3.424,-68.1,-88.6,-20.5,207.06,396449300,396447840,88,14475,18221,12777,24611,1472,3,1,True
2026-05-01T13:19:34.012,T1,1,1922,3.851,-68.0,-89.6,-21.6,183.22,725786792,725785149,76,5770,13925,17071,22792,1409,3,1,True
2026-05-01T13:19:34.132,T1,1,1923,3.457,-68.8,-87.0,-18.2,287.56,400878799,400877325,64,15215,18404,13120,19950,1356,3,1,True
2026-05-01T13:19:34.612,T1,1,1927,3.832,-69.4,-94.6,-25.2,105.95,763623088,763621453,100,3594,10595,10234,29131,1673,3,1,True
2026-05-01T13:19:34.702,T1,1,1928,3.56,-68.7,-95.1,-26.4,120.44,433515866,433514347,72,5564,8672,6375,21693,1410,3,1,True
2026-05-01T13:19:34.793,T1,1,1929,4.24,-70.3,-91.1,-20.8,209.75,746796511,746794702,80,14816,16780,10654,32394,1817,3,1,True
2026-05-01T13:19:35.003,T1,1,1931,4.446,-68.7,-93.0,-24.4,135.24,711859694,711857797,80,1842,10819,11774,23962,1480,3,1,True
2026-05-01T13:19:35.572,T1,1,1936,4.615,-85.9,-105.2,-19.3,36.69,392237633,392235665,16,328,587,339,261,280,3,1,True
2026-05-01T13:19:35.812,T1,1,1938,3.907,-73.6,-96.2,-22.6,81.99,406273050,406271383,116,4898,9511,10750,31434,2010,3,1,True
2026-05-01T13:19:36.143,T1,1,1941,3.33,-69.3,-98.9,-29.6,85.6,392426570,392425150,72,2561,6163,4211,21253,1423,3,1,True
2026-05-01T13:19:36.263,T1,1,1942,3.677,-69.4,-98.5,-29.1,50.17,462964208,462962640,100,7216,5017,3763,28354,1649,3,1,True
2026-05-01T13:19:36.353,T1,1,1943,3.579,-68.1,-96.4,-28.3,84.21,486872249,486870723,80,6004,6737,5354,23037,1421,3,1,True
2026-05-01T13:19:36.444,T1,1,1944,3.78,-67.6,-93.9,-26.3,101.72,481531931,481530318,108,4335,10986,11870,34420,1709,3,1,True
2026-05-01T13:19:36.564,T1,1,1945,4.62,-104.1,-101.0,3.1,43.88,423420990,423419020,8,109,351,361,1,119,1,1,False
2026-05-01T13:19:36.653,T1,1,1946,3.851,-70.9,-91.9,-21.0,158.36,480043731,480042088,88,11589,13936,9601,25837,1659,3,1,True
2026-05-01T13:19:36.743,T1,1,1947,3.621,-71.8,-97.8,-26.0,81.18,467067586,467066042,92,5893,7469,7106,31612,1894,3,1,True
2026-05-01T13:19:36.863,T1,1,1948,4.006,-69.5,-91.5,-22.0,187.71,399925961,399924252,68,9121,12764,9993,21213,1433,3,1,True
2026-05-01T13:19:37.193,T1,1,1951,4.718,-78.8,-92.8,-14.0,129.12,407237911,407235898,16,1700,2066,1217,378,264,3,1,True
2026-05-01T13:19:37.314,T1,1,1952,5.286,-67.3,-91.2,-23.9,144.93,742665926,742663671,84,4716,12174,11193,19549,1273,3,1,True
2026-05-01T13:19:37.405,T1,1,1953,3.537,-66.1,-95.2,-29.1,79.74,419591392,419589884,104,5938,8293,6384,26219,1417,3,1,True
2026-05-01T13:19:37.614,T1,1,1955,3.701,-67.0,-89.4,-22.4,201.51,398220345,398218767,84,12071,16927,11036,24876,1423,3,1,True
2026-05-01T13:19:37.795,T1,1,1956,3.912,-67.0,-81.6,-14.7,226.4,462823296,462821627,84,18228,19018,17271,20836,1301,3,1,True
2026-05-01T13:19:37.824,T1,1,1957,4.939,-65.4,-84.3,-18.9,212.5,678687694,678685588,80,6691,17000,17361,17865,1142,3,1,True
2026-05-01T13:19:38.274,T1,1,1961,4.756,-69.0,-102.8,-33.8,37.08,713436084,713434056,120,4075,4450,2513,36553,1846,3,1,True
2026-05-01T13:19:38.394,T1,1,1962,4.067,-69.1,-90.8,-21.7,143.55,417497401,417495667,128,5419,18374,18495,37937,1890,3,1,True
2026-05-01T13:19:38.964,T1,1,1967,4.409,-68.5,-99.2,-30.7,66.37,496207862,496205982,92,3112,6106,5724,30804,1670,3,1,True
2026-05-01T13:19:39.176,T1,1,1969,4.676,-74.9,-113.7,-38.8,15.27,432613070,432611075,52,136,794,495,6254,937,3,1,True
2026-05-01T13:19:39.264,T1,1,1970,3.837,-68.7,-92.9,-24.2,135.14,458929140,458927503,100,13646,13514,7532,38132,1871,3,1,True
2026-05-01T13:19:39.384,T1,1,1971,4.845,-69.0,-106.6,-37.6,14.77,743179402,743177336,104,3717,1536,1607,38450,1893,3,1,True
2026-05-01T13:19:39.474,T1,1,1972,4.775,-68.2,-98.1,-29.9,77.0,718629381,718627344,80,6276,6160,4125,28784,1596,3,1,True
2026-05-01T13:19:39.566,T1,1,1973,3.532,-69.8,-110.3,-40.5,20.12,463733351,463731844,104,1280,2092,1515,37800,1929,3,1,True
2026-05-01T13:19:39.686,T1,1,1974,5.417,-67.3,-90.9,-23.6,159.88,746861785,746859474,112,8254,17906,13670,35858,1729,3,1,True
2026-05-01T13:19:39.804,T1,1,1975,4.221,-68.4,-106.8,-38.4,20.27,484537933,484536132,92,2483,1865,2451,34964,1772,3,1,True
2026-05-01T13:19:39.894,T1,1,1976,4.076,-67.6,-94.4,-26.8,92.47,413650072,413648333,100,3757,9247,13277,37436,1780,3,1,True
2026-05-01T13:19:40.226,T1,1,1979,4.901,-69.5,-91.4,-21.9,161.58,401872291,401870200,64,5740,10341,8215,12345,1093,3,1,True
2026-05-01T13:19:40.314,T1,1,1980,4.01,-70.2,-95.8,-25.6,82.66,403651672,403649961,132,8175,10911,8248,39849,2008,3,1,True
2026-05-01T13:19:40.524,T1,1,1982,5.183,-77.3,-96.3,-19.0,104.15,456442648,456440438,20,803,2083,1659,834,372,3,1,True
2026-05-01T13:19:40.646,T1,1,1983,5.127,-68.8,-111.2,-42.5,18.35,685365164,685362977,88,1126,1615,1084,30737,1681,3,1,True
2026-05-01T13:19:40.745,T1,1,1984,3.851,-71.3,-102.1,-30.8,36.68,400509367,400507724,112,2387,4108,5950,35970,1983,3,1,True
2026-05-01T13:19:41.095,T1,1,1987,5.23,-73.9,-110.9,-37.0,13.75,474178191,474175960,28,213,385,481,1685,470,3,1,True
2026-05-01T13:19:41.187,T1,1,1988,4.142,-67.0,-105.1,-38.1,36.03,661020492,661018726,60,1806,2162,1381,16489,1157,3,1,True
2026-05-01T13:19:41.756,T1,1,1993,4.418,-67.3,-98.8,-31.5,70.82,455175023,455173138,80,850,5666,4816,21229,1328,3,1,True
2026-05-01T13:19:41.995,T1,1,1995,3.78,-68.4,-113.0,-44.6,15.43,387961464,387959852,96,910,1481,844,34750,1762,3,1,True
2026-05-01T13:19:42.085,T1,1,1996,5.052,-67.8,-98.2,-30.4,52.76,486925604,486923450,92,3675,4854,6849,27050,1526,3,1,True
2026-05-01T13:19:42.175,T1,1,1997,4.423,-67.2,-100.0,-32.8,64.37,417455312,417453426,92,2590,5922,3316,27010,1494,3,1,True
2026-05-01T13:19:42.415,T1,1,1999,4.986,-67.4,-102.9,-35.5,47.0,461775777,461773651,80,1880,3760,2959,25986,1473,3,1,True
2026-05-01T13:19:42.505,T1,1,2000,4.958,-67.7,-102.6,-34.9,45.96,726664618,726662503,104,1726,4780,3496,34161,1710,3,1,True
2026-05-01T13:19:43.075,T1,1,2005,5.108,-72.5,-102.2,-29.7,47.42,431635869,431633690,36,231,1707,2119,4338,719,3,1,True
2026-05-01T13:19:43.286,T1,1,2007,4.962,-70.5,-105.7,-35.1,28.04,412765616,412763499,76,248,2131,3080,20913,1474,3,1,True
2026-05-01T13:19:43.406,T1,1,2008,4.503,-67.9,-107.8,-39.8,11.05,417531905,417529984,88,1637,972,2167,23979,1443,3,1,True
2026-05-01T13:19:43.736,T1,1,2011,4.043,-67.4,-110.8,-43.5,18.27,387407988,387406263,84,658,1535,995,23070,1387,3,1,True
2026-05-01T13:19:44.186,T1,1,2015,3.541,-69.3,-103.1,-33.9,26.79,420809199,420807689,80,4720,2143,1552,26577,1590,3,1,True
2026-05-01T13:19:44.307,T1,1,2016,3.799,-69.2,-106.9,-37.7,9.39,400228679,400227059,88,3443,826,1428,31608,1728,3,1,True
2026-05-01T13:19:44.516,T1,1,2018,4.09,-68.8,-96.9,-28.2,82.02,433569743,433567998,92,4749,7546,7515,30659,1678,3,1,True
2026-05-01T13:19:44.606,T1,1,2019,4.306,-67.6,-97.2,-29.6,80.8,463017176,463015339,88,5743,7110,3900,25604,1472,3,1,True
2026-05-01T13:19:44.726,T1,1,2020,4.723,-69.1,-101.7,-32.6,36.39,668612806,668610792,100,1713,3639,5053,27404,1605,3,1,True
2026-05-01T13:19:44.826,T1,1,2021,4.109,-69.2,-105.7,-36.6,23.15,477326332,477324579,96,3684,2222,1532,34590,1808,3,1,True
2026-05-01T13:19:44.936,T1,1,2022,3.658,-70.0,-108.9,-39.0,24.18,483994036,483992475,108,1016,2611,1548,33581,1831,3,1,True
2026-05-01T13:19:45.036,T1,1,2023,4.339,-68.7,-101.1,-32.4,49.17,421621750,421619899,120,2047,5901,5132,38755,1885,3,1,True
2026-05-01T13:19:45.266,T1,1,2025,5.145,-68.6,-109.8,-41.2,16.18,765679870,765677676,76,1379,1230,1426,24047,1479,3,1,True
2026-05-01T13:19:45.838,T1,1,2030,4.006,-67.8,-104.2,-36.5,16.39,446219984,446218276,72,4006,1180,1325,24966,1464,3,1,True
2026-05-01T13:19:46.287,T1,1,2034,4.282,-66.9,-100.2,-33.3,57.12,390559540,390557714,88,1540,5027,4138,24448,1404,3,1,True
2026-05-01T13:19:46.407,T1,1,2035,4.376,-67.1,-100.1,-33.1,70.32,414831326,414829459,72,2872,5063,2765,21877,1337,3,1,True
2026-05-01T13:19:46.503,T1,1,2036,4.343,-66.8,-100.7,-33.8,55.42,420080984,420079131,76,506,4212,4721,24605,1407,3,1,True
2026-05-01T13:19:46.826,T1,1,2039,4.334,-67.8,-100.6,-32.8,45.29,386798250,386796401,112,1574,5072,4843,28857,1576,3,1,True
2026-05-01T13:19:46.948,T1,1,2040,4.4,-68.4,-100.8,-32.4,50.26,412220001,412218125,100,890,5026,5825,33822,1741,3,1,True
2026-05-01T13:19:47.277,T1,1,2043,5.619,-68.1,-100.8,-32.6,53.05,701930259,701927862,100,1195,5305,5948,36943,1804,3,1,True
2026-05-01T13:19:47.367,T1,1,2044,4.498,-67.5,-100.6,-33.2,53.13,476773391,476771472,92,3248,4888,2606,23895,1417,3,1,True
2026-05-01T13:19:47.487,T1,1,2045,4.432,-67.6,-100.9,-33.4,49.66,460075853,460073963,96,2458,4767,3233,24119,1429,3,1,True
2026-05-01T13:19:47.578,T1,1,2046,5.258,-67.6,-102.1,-34.5,47.14,487319010,487316767,84,687,3960,4303,27831,1539,3,1,True
2026-05-01T13:19:47.746,T1,1,2047,4.442,-68.3,-102.9,-34.6,40.36,419274787,419272893,116,1090,4682,4597,40812,1906,3,1,True
2026-05-01T13:19:55.830,T1,1,2122,4.836,-74.9,-113.2,-38.3,18.28,487917949,487915886,32,464,585,550,5331,865,3,1,True
2026-05-01T13:19:55.950,T1,1,2123,4.901,-68.6,-102.4,-33.8,44.96,724616363,724614273,104,1566,4676,3228,27864,1594,3,1,True
2026-05-01T13:19:56.158,T1,1,2125,5.239,-67.7,-101.8,-34.2,51.86,709280181,709277946,80,818,4149,3797,24266,1438,3,1,True
2026-05-01T13:19:56.248,T1,1,2126,4.451,-67.4,-108.2,-40.8,5.64,723950996,723949097,72,2327,406,1330,24249,1423,3,1,True
2026-05-01T13:19:56.459,T1,1,2128,4.484,-67.8,-100.8,-33.0,58.14,457501652,457499740,88,2764,5116,3012,25339,1476,3,1,True
2026-05-01T13:19:56.727,T1,1,2130,4.976,-89.0,-105.5,-16.5,30.92,386195373,386193251,12,164,371,238,76,182,3,1,True
2026-05-01T13:19:56.788,T1,1,2131,4.784,-69.0,-111.8,-42.8,14.91,675201379,675199339,96,1557,1431,1114,38459,1896,3,1,True
2026-05-01T13:19:57.718,T1,1,2139,5.38,-70.7,-99.0,-28.3,81.23,495323511,495321217,48,691,3899,3764,9404,994,3,1,True
2026-05-01T13:19:57.838,T1,1,2140,4.414,-68.7,-105.0,-36.4,5.7,735570764,735568881,92,4568,524,1461,34033,1763,3,1,True
2026-05-01T13:19:58.258,T1,1,2144,5.291,-79.4,-103.1,-23.7,50.88,453088254,453085998,16,65,814,735,539,321,3,1,True
2026-05-01T13:19:58.378,T1,1,2145,5.117,-73.1,-101.0,-27.9,51.77,418183177,418180995,44,1403,2278,1322,3782,686,3,1,True
2026-05-01T13:19:59.070,T1,1,2151,4.991,-71.6,-112.9,-41.3,16.64,466280272,466278143,72,435,1198,931,18297,1429,3,1,True
2026-05-01T13:19:59.398,T1,1,2154,4.264,-68.9,-99.8,-31.0,68.6,436091705,436089886,88,3984,6037,3474,28204,1615,3,1,True
2026-05-01T13:19:59.518,T1,1,2155,4.442,-68.1,-101.0,-32.8,55.26,464987797,464985902,84,282,4642,4622,25607,1502,3,1,True
2026-05-01T13:19:59.727,T1,1,2157,5.197,-72.5,-99.9,-27.4,56.97,428177931,428175714,40,1687,2279,1274,3334,630,3,1,True
2026-05-01T13:19:59.819,T1,1,2158,4.423,-68.2,-105.2,-37.0,31.64,418303612,418301725,80,1806,2531,2222,22885,1421,3,1,True
2026-05-01T13:19:59.938,T1,1,2159,4.423,-67.9,-103.4,-35.6,43.58,410351092,410349205,84,1115,3661,3164,26402,1511,3,1,True
2026-05-01T13:20:00.028,T1,1,2160,4.892,-68.5,-102.7,-34.2,53.67,498420089,498418002,80,974,4294,3655,28506,1602,3,1,True
2026-05-01T13:20:00.208,T1,1,2161,4.357,-67.7,-102.0,-34.3,50.74,418254831,418252972,76,1205,3856,3464,22016,1372,3,1,True
2026-05-01T13:20:00.358,T1,1,2163,4.845,-68.1,-101.5,-33.4,47.95,644083535,644081468,104,3644,4987,2779,30917,1647,3,1,True
2026-05-01T13:20:00.447,T1,1,2164,4.475,-67.5,-102.5,-35.0,36.26,478539475,478537566,92,1003,3336,4168,26113,1482,3,1,True
2026-05-01T13:20:00.569,T1,1,2165,4.69,-68.5,-102.1,-33.5,48.69,482177271,482175270,88,424,4285,4459,28720,1612,3,1,True
2026-05-01T13:20:00.659,T1,1,2166,4.099,-68.4,-107.6,-39.3,2.36,463964485,463962736,76,3097,179,1427,31740,1686,3,1,True
2026-05-01T13:20:00.773,T1,1,2167,5.6,-68.3,-103.1,-34.7,28.67,741361871,741359483,104,1967,2982,4759,33702,1734,3,1,True
2026-05-01T13:20:00.988,T1,1,2169,5.502,-71.5,-105.0,-33.5,36.52,479161830,479159483,44,743,1607,1079,5150,757,3,1,True
2026-05-01T13:20:01.230,T1,1,2171,5.037,-91.6,-111.4,-19.8,17.0,397690600,397688452,8,63,136,115,26,143,3,1,True
2026-05-01T13:20:01.769,T1,1,2176,5.23,-71.4,-103.6,-32.2,41.42,434210534,434208303,40,720,1657,1655,5237,761,3,1,True
2026-05-01T13:20:01.889,T1,1,2177,4.446,-67.5,-101.9,-34.4,44.75,436676021,436674124,88,1534,3938,3512,23372,1402,3,1,True
2026-05-01T13:20:02.490,T1,1,2182,5.197,-67.6,-101.7,-34.1,59.79,763821186,763818970,68,1138,4066,3256,20877,1330,3,1,True
2026-05-01T13:20:02.579,T1,1,2183,5.173,-67.3,-101.4,-34.1,50.06,749226760,749224553,84,2774,4205,2307,21228,1327,3,1,True
2026-05-01T13:20:02.669,T1,1,2184,4.503,-67.7,-101.5,-33.7,51.39,419606573,419604653,80,2774,4111,2313,20484,1325,3,1,True
2026-05-01T13:20:03.241,T1,1,2189,5.333,-67.5,-101.4,-33.9,43.11,709396207,709393933,80,1576,3449,3818,19944,1295,3,1,True
2026-05-01T13:20:03.479,T1,1,2191,5.933,-67.1,-101.1,-34.0,64.11,744514513,744511982,72,2448,4616,2832,23294,1380,3,1,True
2026-05-01T13:20:03.690,T1,1,2193,4.536,-67.7,-101.8,-34.1,48.82,459490526,459488591,84,1471,4101,3564,23545,1416,3,1,True
2026-05-01T13:20:03.778,T1,1,2194,4.972,-66.9,-102.0,-35.1,46.04,497695844,497693723,68,1525,3131,3683,21291,1314,3,1,True
2026-05-01T13:20:04.139,T1,1,2197,4.498,-67.0,-102.0,-35.0,50.46,401651806,401649888,76,1473,3835,3084,21514,1324,3,1,True
2026-05-01T13:20:04.258,T1,1,2198,4.47,-67.1,-101.6,-34.5,51.32,399624890,399622983,76,1387,3900,3612,22250,1349,3,1,True
2026-05-01T13:20:04.468,T1,1,2200,4.873,-70.9,-110.7,-39.8,6.64,444315470,444313392,44,1043,292,703,7648,902,3,1,True
2026-05-01T13:20:04.679,T1,1,2202,5.127,-67.8,-101.7,-34.0,51.02,752606707,752604520,88,3385,4490,2622,28098,1554,3,1,True
2026-05-01T13:20:04.920,T1,1,2204,5.159,-70.7,-111.0,-40.3,7.62,511037545,511035345,52,1409,396,878,14498,1234,3,1,True
2026-05-01T13:20:05.280,T1,1,2207,4.573,-67.3,-101.9,-34.6,36.05,451998563,451996613,88,1678,3172,4018,22940,1381,3,1,True
2026-05-01T13:20:05.939,T1,1,2213,5.239,-71.9,-103.2,-31.3,37.44,423498855,423496620,36,629,1348,1846,4311,701,3,1,True
2026-05-01T13:20:06.060,T1,1,2214,4.489,-67.4,-101.7,-34.3,47.0,412814006,412812091,68,1299,3196,3832,19907,1290,3,1,True
2026-05-01T13:20:06.391,T1,1,2217,5.366,-94.3,-110.4,-16.1,13.75,441510541,441508253,8,59,110,152,12,134,3,1,True
2026-05-01T13:20:07.320,T1,1,2225,5.281,-72.0,-102.1,-30.1,61.38,422798801,422796548,32,877,1964,1406,3932,673,3,1,True
2026-05-01T13:20:07.438,T1,1,2226,4.578,-67.3,-101.0,-33.7,55.17,483826329,483824376,80,2833,4414,2339,20845,1314,3,1,True
2026-05-01T13:20:16.110,T1,1,2305,4.235,-68.7,-104.4,-35.7,35.35,388842671,388840864,80,695,2828,2665,19566,1337,3,1,True
2026-05-01T13:20:16.230,T1,1,2306,4.301,-68.7,-104.2,-35.5,33.08,393190113,393188278,92,929,3043,3313,25307,1523,3,1,True
2026-05-01T13:20:16.440,T1,1,2308,5.042,-70.4,-105.0,-34.6,41.17,439206470,439204319,48,439,1976,1960,10162,1023,3,1,True
2026-05-01T13:20:16.679,T1,1,2310,4.981,-68.3,-104.3,-36.1,36.76,765480553,765478428,72,631,2647,3067,21587,1384,3,1,True
2026-05-01T13:20:16.768,T1,1,2311,3.949,-68.8,-109.0,-40.1,5.89,458152779,458151094,88,2508,518,1487,31380,1701,3,1,True
2026-05-01T13:20:17.099,T1,1,2314,5.281,-83.7,-107.8,-24.2,23.69,450428295,450426043,16,194,379,227,231,244,3,1,True
2026-05-01T13:20:17.190,T1,1,2315,3.893,-68.1,-113.0,-44.9,19.03,426456182,426454521,68,489,1294,879,25868,1508,3,1,True
2026-05-01T13:20:17.310,T1,1,2316,4.479,-68.5,-104.6,-36.2,27.02,487061304,487059393,64,1382,1729,3214,20582,1361,3,1,True
2026-05-01T13:20:17.399,T1,1,2317,5.891,-68.7,-104.7,-35.9,36.38,737291317,737288805,80,857,2910,2718,22217,1427,3,1,True
2026-05-01T13:20:17.519,T1,1,2318,4.897,-68.1,-104.7,-36.6,24.36,721606656,721604567,80,1415,1949,3131,22015,1390,3,1,True
2026-05-01T13:20:17.638,T1,1,2319,3.94,-67.6,-109.4,-41.8,1.75,394330462,394328781,68,1898,119,1210,22029,1366,3,1,True
2026-05-01T13:20:17.698,T1,1,2320,4.718,-67.6,-104.3,-36.7,34.12,592726855,592724842,92,2075,3139,2138,25019,1458,3,1,True
2026-05-01T13:20:17.908,T1,1,2322,4.362,-67.6,-104.2,-36.5,40.71,386264832,386262972,76,852,3094,2431,20867,1332,3,1,True
2026-05-01T13:20:18.030,T1,1,2323,4.451,-68.2,-104.7,-36.5,39.17,437987550,437985652,88,1335,3447,2815,30527,1644,3,1,True
2026-05-01T13:20:18.360,T1,1,2326,5.295,-70.1,-104.4,-34.2,41.05,463111052,463108794,60,617,2463,2210,12891,1141,3,1,True
2026-05-01T13:20:18.449,T1,1,2327,4.653,-67.8,-104.5,-36.7,35.6,481567992,481566007,88,1372,3133,2479,24298,1446,3,1,True
2026-05-01T13:20:18.539,T1,1,2328,5.356,-88.8,-108.3,-19.4,15.67,430245393,430243108,12,140,188,321,106,211,3,1,True
2026-05-01T13:20:18.659,T1,1,2329,5.244,-67.8,-109.0,-41.2,5.0,678696597,678694360,68,2137,340,1334,25162,1473,3,1,True
2026-05-01T13:20:18.748,T1,1,2330,4.526,-67.6,-104.3,-36.7,46.52,464330758,464328828,60,745,2791,2573,20016,1301,3,1,True
2026-05-01T13:20:18.869,T1,1,2331,4.592,-67.7,-103.8,-36.2,36.95,463235425,463233467,88,1606,3252,2017,20497,1321,3,1,True
2026-05-01T13:20:18.991,T1,1,2332,5.136,-71.9,-114.6,-42.7,16.55,481512938,481510747,40,195,662,422,6906,889,3,1,True
2026-05-01T13:20:19.048,T1,1,2333,4.517,-67.9,-104.2,-36.3,37.65,416007989,416006063,68,829,2560,2773,19181,1289,3,1,True
2026-05-01T13:20:19.168,T1,1,2334,5.375,-85.4,-108.2,-22.9,22.12,431957432,431955140,16,70,354,265,194,237,3,1,True
2026-05-01T13:20:19.499,T1,1,2337,4.564,-69.1,-104.6,-35.5,31.04,453364850,453362904,92,883,2856,3327,25929,1563,3,1,True
2026-05-01T13:20:19.950,T1,1,2341,4.446,-68.4,-104.3,-35.9,44.94,435296045,435294149,72,963,3236,2680,23375,1449,3,1,True
2026-05-01T13:20:20.069,T1,1,2342,5.6,-73.4,-105.4,-32.0,23.07,480838319,480835930,44,777,1015,1579,4772,778,3,1,True
2026-05-01T13:20:20.159,T1,1,2343,4.034,-68.6,-104.1,-35.5,27.01,406943521,406941800,76,1501,2053,3382,21404,1395,3,1,True
2026-05-01T13:20:20.249,T1,1,2344,4.564,-68.2,-104.1,-35.8,37.57,458758622,458756676,68,850,2555,3174,20916,1362,3,1,True
2026-05-01T13:20:20.369,T1,1,2345,4.414,-70.0,-104.6,-34.6,30.26,395825779,395823897,84,983,2542,3431,23059,1519,3,1,True
2026-05-01T13:20:20.459,T1,1,2346,4.456,-67.9,-104.3,-36.4,31.97,429006562,429004662,72,1196,2302,3250,22606,1401,3,1,True
2026-05-01T13:20:20.610,T1,1,2347,4.479,-68.3,-104.3,-36.0,30.45,407995191,407993280,92,798,2801,3234,24058,1464,3,1,True
2026-05-01T13:20:20.909,T1,1,2350,4.531,-68.3,-104.3,-36.0,41.64,444846125,444844193,80,945,3331,3196,28220,1583,3,1,True
2026-05-01T13:20:21.001,T1,1,2351,5.469,-67.6,-110.4,-42.8,6.71,739440363,739438031,68,1540,456,1209,22036,1366,3,1,True
2026-05-01T13:20:21.148,T1,1,2352,5.614,-67.5,-113.3,-45.8,17.76,739083083,739080689,68,372,1208,775,23439,1407,3,1,True
2026-05-01T13:20:21.209,T1,1,2353,4.606,-68.1,-104.0,-35.8,36.01,469054910,469052946,92,2406,3313,2214,25866,1509,3,1,True
2026-05-01T13:20:21.541,T1,1,2356,6.036,-67.7,-104.1,-36.4,38.96,758728645,758726070,80,874,3117,2564,21630,1358,3,1,True
2026-05-01T13:20:21.749,T1,1,2358,5.258,-76.8,-106.8,-30.1,25.67,398162909,398160666,24,185,616,546,904,380,3,1,True
2026-05-01T13:20:22.229,T1,1,2362,4.592,-68.6,-104.1,-35.5,32.86,444570177,444568219,104,1109,3417,2967,25866,1531,3,1,True
2026-05-01T13:20:22.348,T1,1,2363,4.986,-69.1,-104.0,-34.8,44.29,441098259,441096132,76,1269,3366,2788,23026,1474,3,1,True
2026-05-01T13:20:22.530,T1,1,2365,4.526,-69.0,-104.7,-35.7,37.91,452374700,452372770,76,1001,2881,3616,29534,1663,3,1,True
2026-05-01T13:20:22.649,T1,1,2366,5.141,-68.5,-103.6,-35.1,41.76,681121742,681119549,88,1425,3675,2871,25208,1507,3,1,True
2026-05-01T13:20:22.740,T1,1,2367,4.944,-70.8,-110.2,-39.3,4.28,447379951,447377843,64,1931,274,1039,20108,1461,3,1,True
2026-05-01T13:20:22.980,T1,1,2369,5.309,-67.9,-103.8,-35.9,40.35,763682660,763680396,84,1393,3389,2372,22216,1389,3,1,True
2026-05-01T13:20:23.069,T1,1,2370,4.531,-68.0,-104.1,-36.1,42.51,408734980,408733048,68,776,2891,2866,21338,1365,3,1,True
2026-05-01T13:20:23.279,T1,1,2372,5.211,-68.6,-103.9,-35.3,31.12,750556517,750554294,76,1302,2365,3812,24712,1498,3,1,True
2026-05-01T13:20:23.369,T1,1,2373,4.681,-67.8,-104.3,-36.5,44.21,455688869,455686872,72,904,3183,2183,20812,1339,3,1,True
2026-05-01T13:20:23.489,T1,1,2374,4.428,-68.3,-103.3,-34.9,46.06,393104008,393102119,80,1294,3685,2718,22508,1418,3,1,True
2026-05-01T13:20:23.850,T1,1,2377,5.225,-76.1,-104.7,-28.6,26.96,399308424,399306196,24,150,647,935,1070,404,3,1,True
2026-05-01T13:20:24.299,T1,1,2381,5.408,-98.2,-109.4,-11.2,16.25,440188450,440186144,8,100,130,114,4,121,3,1,True
2026-05-01T13:20:24.389,T1,1,2382,4.198,-68.6,-106.8,-38.3,1.25,463968025,463966235,112,3871,140,1886,41555,1942,3,1,True
2026-05-01T13:20:24.719,T1,1,2385,4.048,-68.6,-107.4,-38.8,5.12,447121691,447119965,88,2925,451,1668,29492,1637,3,1,True
2026-05-01T13:20:24.839,T1,1,2386,4.142,-67.9,-112.2,-44.3,17.7,440589769,440588002,76,611,1345,997,25478,1487,3,1,True
2026-05-01T13:20:25.169,T1,1,2389,5.83,-68.2,-101.0,-32.7,55.75,752407878,752405392,92,2926,5129,3265,27046,1549,3,1,True
2026-05-01T13:20:25.529,T1,1,2392,4.409,-67.8,-101.0,-33.2,53.67,391572487,391570607,92,2542,4938,3248,25339,1477,3,1,True
2026-05-01T13:20:25.739,T1,1,2394,5.183,-78.6,-103.5,-24.9,36.1,397981042,397978832,20,104,722,972,767,373,3,1,True
2026-05-01T13:20:25.859,T1,1,2395,6.144,-68.0,-101.3,-33.3,42.9,739714988,739712368,104,466,4462,5248,31095,1646,3,1,True
2026-05-01T13:20:25.949,T1,1,2396,4.587,-67.4,-101.2,-33.9,60.54,463768504,463766547,80,2970,4843,3008,27686,1520,3,1,True
2026-05-01T13:20:26.159,T1,1,2398,5.216,-68.5,-101.6,-33.1,44.42,756796074,756793849,96,679,4264,5114,30157,1651,3,1,True
2026-05-01T13:20:26.369,T1,1,2400,4.695,-67.9,-101.3,-33.3,54.69,491417060,491415058,88,2484,4813,3225,25693,1494,3,1,True
2026-05-01T13:20:26.489,T1,1,2401,4.526,-67.2,-102.0,-34.8,39.75,418373047,418371117,80,415,3180,4246,22837,1374,3,1,True
2026-05-01T13:20:26.579,T1,1,2402,4.536,-67.2,-101.6,-34.4,48.83,399649296,399647362,80,2317,3906,2520,19792,1277,3,1,True
2026-05-01T13:20:26.819,T1,1,2404,6.055,-68.5,-101.6,-33.0,59.82,709770692,709768109,84,2798,5025,3255,29093,1623,3,1,True
2026-05-01T13:20:26.911,T1,1,2405,5.37,-88.1,-107.9,-19.8,23.25,430522020,430519730,12,38,279,297,123,209,3,1,True
2026-05-01T13:20:26.999,T1,1,2406,4.432,-68.0,-102.3,-34.3,37.89,397157400,397155510,92,594,3486,4443,26643,1524,3,1,True
2026-05-01T13:20:27.209,T1,1,2408,5.577,-84.4,-106.7,-22.3,32.75,459224891,459222512,12,115,393,288,181,221,3,1,True
2026-05-01T13:20:27.329,T1,1,2409,4.456,-67.5,-103.0,-35.5,48.15,406059718,406057817,72,236,3467,3205,22061,1361,3,1,True
2026-05-01T13:20:27.420,T1,1,2410,4.648,-69.9,-104.2,-34.2,23.59,456293412,456291430,80,1551,1887,3568,20524,1429,3,1,True
2026-05-01T13:20:27.539,T1,1,2411,4.503,-68.1,-105.0,-36.9,39.09,410701087,410699166,80,1627,3127,2102,25624,1502,3,1,True
2026-05-01T13:20:27.628,T1,1,2412,4.099,-68.5,-112.9,-44.4,17.47,413898210,413896462,76,63,1328,778,21589,1396,3,1,True
2026-05-01T13:20:27.749,T1,1,2413,5.638,-68.4,-105.1,-36.6,31.46,739350932,739348528,76,751,2391,2713,20508,1358,3,1,True
2026-05-01T13:20:27.839,T1,1,2414,5.718,-75.0,-107.1,-32.2,14.72,479790795,479788356,32,517,471,994,2276,567,3,1,True
2026-05-01T13:20:27.930,T1,1,2415,5.478,-68.7,-104.6,-36.0,36.45,607919188,607916851,88,1309,3208,2161,22244,1425,3,1,True
2026-05-01T13:20:28.018,T1,1,2416,4.54,-67.9,-104.6,-36.7,35.99,412027729,412025792,80,463,2879,2646,21745,1374,3,1,True
2026-05-01T13:20:28.259,T1,1,2418,5.23,-68.5,-104.5,-36.0,26.71,456949992,456947761,72,1591,1923,3603,24987,1503,3,1,True
2026-05-01T13:20:28.469,T1,1,2420,5.108,-69.4,-104.2,-34.8,43.57,398758260,398756081,60,802,2614,2554,16090,1244,3,1,True
2026-05-01T13:20:28.559,T1,1,2421,5.558,-85.1,-107.0,-21.8,31.75,433181995,433179625,12,4,381,356,199,238,3,1,True
2026-05-01T13:20:28.679,T1,1,2422,4.217,-67.9,-107.1,-39.2,2.75,433973859,433972060,80,2889,220,1410,25879,1495,3,1,True
2026-05-01T13:20:28.889,T1,1,2424,4.582,-67.7,-104.5,-36.7,33.93,387187919,387185965,68,772,2307,3093,21230,1347,3,1,True
2026-05-01T13:20:29.009,T1,1,2425,5.356,-68.3,-103.7,-35.4,42.87,716630035,716627750,92,671,3944,3421,30685,1650,3,1,True
2026-05-01T13:20:29.699,T1,1,2431,5.469,-67.5,-102.5,-35.0,54.16,766207831,766205499,64,181,3466,3122,19389,1277,3,1,True
2026-05-01T13:20:29.790,T1,1,2432,4.071,-68.4,-113.0,-44.7,16.97,398971895,398970159,88,511,1493,1007,32974,1717,3,1,True
2026-05-01T13:20:30.030,T1,1,2434,4.128,-67.4,-109.3,-41.9,11.55,443586866,443585105,64,1951,739,1191,24636,1436,3,1,True
2026-05-01T13:20:30.359,T1,1,2437,4.634,-67.8,-102.6,-34.8,52.3,446420659,446418682,64,214,3347,3578,21166,1348,3,1,True
2026-05-01T13:20:30.478,T1,1,2438,5.675,-67.2,-102.4,-35.2,55.22,737588131,737585710,72,1938,3976,2882,24839,1432,3,1,True
2026-05-01T13:20:30.569,T1,1,2439,4.578,-67.2,-103.0,-35.8,57.16,397536372,397534420,64,2100,3658,2174,22808,1373,3,1,True
2026-05-01T13:20:30.659,T1,1,2440,4.747,-67.6,-102.3,-34.7,48.8,476867778,476865753,80,293,3904,3749,24484,1441,3,1,True
2026-05-01T13:20:31.258,T1,1,2445,5.389,-67.7,-102.7,-35.1,45.46,761872177,761869879,68,556,3091,3869,22937,1399,3,1,True
2026-05-01T13:20:31.591,T1,1,2448,4.629,-67.3,-102.7,-35.3,45.35,454423602,454421627,80,1914,3628,2174,20154,1296,3,1,True
2026-05-01T13:20:32.039,T1,1,2452,5.295,-71.1,-103.6,-32.5,38.96,434170605,434168347,48,218,1870,2067,6947,866,3,1,True
2026-05-01T13:20:32.159,T1,1,2453,4.681,-67.7,-102.7,-35.0,43.69,456792938,456790942,64,829,2796,3948,21951,1367,3,1,True
2026-05-01T13:20:32.491,T1,1,2456,4.676,-67.4,-102.2,-34.8,55.61,504965996,504964001,64,398,3559,3842,22839,1382,3,1,True
2026-05-01T13:20:32.611,T1,1,2457,5.239,-67.2,-102.7,-35.5,48.68,719148094,719145860,72,552,3505,3273,21910,1343,3,1,True
2026-05-01T13:20:32.701,T1,1,2458,4.498,-67.1,-101.8,-34.7,47.54,405849636,405847717,92,2747,4374,2606,26102,1465,3,1,True
2026-05-01T13:20:33.029,T1,1,2461,4.733,-67.5,-101.1,-33.6,53.33,490784051,490782032,100,1035,5333,5424,38115,1794,3,1,True
2026-05-01T13:20:33.479,T1,1,2465,5.413,-70.4,-102.8,-32.4,49.6,434057970,434055661,48,997,2381,1478,6906,843,3,1,True
2026-05-01T13:20:33.629,T1,1,2466,4.521,-66.3,-101.8,-35.4,40.36,408178145,408176216,76,887,3067,4032,21446,1290,3,1,True
2026-05-01T13:20:34.409,T1,1,2473,4.582,-68.2,-102.1,-33.9,66.0,446555301,446553347,72,2598,4752,2624,27894,1573,3,1,True
2026-05-01T13:20:43.110,T1,1,2552,4.84,-68.0,-91.7,-23.8,149.63,752944573,752942508,92,3457,13766,13265,27199,1538,3,1,True
2026-05-01T13:20:43.199,T1,1,2553,3.977,-69.6,-110.1,-40.5,20.29,412876815,412875118,84,1367,1704,1012,25436,1572,3,1,True
2026-05-01T13:20:43.409,T1,1,2555,3.898,-69.2,-102.6,-33.4,36.97,389816292,389814629,76,4751,2810,2208,28381,1641,3,1,True
2026-05-01T13:20:43.770,T1,1,2558,3.818,-70.7,-95.1,-24.4,90.68,386483976,386482348,108,1747,9793,12888,34640,1908,3,1,True
2026-05-01T13:20:44.009,T1,1,2560,4.437,-68.2,-97.3,-29.1,79.55,445516487,445514594,80,5857,6364,4433,24103,1458,3,1,True
2026-05-01T13:20:44.068,T1,1,2561,4.414,-68.5,-98.2,-29.8,78.13,427894482,427892599,76,5062,5938,4567,25325,1510,3,1,True
2026-05-01T13:20:44.641,T1,1,2566,4.475,-67.5,-93.5,-26.0,119.14,489770739,489768830,96,4857,11437,8945,26168,1484,3,1,True
2026-05-01T13:20:44.879,T1,1,2568,5.858,-68.6,-100.0,-31.4,57.21,742255545,742253046,100,4057,5721,4005,30046,1651,3,1,True
2026-05-01T13:20:44.969,T1,1,2569,4.296,-69.3,-102.7,-33.4,25.69,404056589,404054756,96,4356,2466,3783,32070,1750,3,1,True
2026-05-01T13:20:45.211,T1,1,2571,5.497,-72.7,-99.5,-26.8,62.59,496322923,496320579,44,1869,2754,2584,5469,812,3,1,True
2026-05-01T13:20:45.359,T1,1,2572,5.624,-69.5,-97.1,-27.7,86.21,671221174,671218775,96,5568,8276,6474,31852,1753,3,1,True
2026-05-01T13:20:45.628,T1,1,2575,5.192,-72.8,-98.8,-26.0,79.44,428062148,428059934,32,1983,2542,1918,3681,669,3,1,True
2026-05-01T13:20:45.750,T1,1,2576,4.395,-68.5,-101.8,-33.3,40.78,452413809,452411935,88,1996,3589,4147,24018,1472,3,1,True
2026-05-01T13:20:45.839,T1,1,2577,5.431,-68.4,-102.4,-34.0,35.55,573757609,573755293,84,2719,2986,3079,20970,1370,3,1,True
2026-05-01T13:20:45.959,T1,1,2578,4.348,-70.4,-97.6,-27.2,76.61,391628252,391626398,80,5259,6129,4854,20953,1468,3,1,True
2026-05-01T13:20:46.050,T1,1,2579,5.525,-75.2,-99.0,-23.8,61.56,477936678,477934321,32,1381,1970,1615,1967,531,3,1,True
2026-05-01T13:20:46.259,T1,1,2581,4.925,-73.9,-102.4,-28.5,32.56,417316680,417314580,36,2033,1172,787,3440,672,3,1,True
2026-05-01T13:20:46.379,T1,1,2582,5.619,-68.6,-98.3,-29.7,63.31,734114715,734112318,88,2948,5571,5426,21818,1408,3,1,True
2026-05-01T13:20:46.709,T1,1,2585,4.972,-69.9,-102.8,-33.0,31.32,564748832,564746711,104,5108,3257,2748,36052,1892,3,1,True
2026-05-01T13:20:46.828,T1,1,2586,4.343,-68.7,-107.3,-38.6,23.61,726442726,726440874,76,1420,1794,1719,20077,1355,3,1,True
2026-05-01T13:20:47.018,T1,1,2587,3.748,-68.8,-109.3,-40.6,18.76,442434264,442432666,84,714,1576,1765,23826,1480,3,1,True
2026-05-01T13:20:47.249,T1,1,2590,5.033,-68.5,-99.0,-30.4,63.61,706545073,706542926,92,4111,5852,5335,29100,1622,3,1,True
2026-05-01T13:20:47.459,T1,1,2592,5.056,-71.4,-94.7,-23.3,113.86,394285329,394283172,64,5775,7287,4511,11947,1149,3,1,True
2026-05-01T13:20:47.699,T1,1,2594,5.666,-68.1,-96.4,-28.3,104.16,707445005,707442589,80,4489,8333,6734,28052,1571,3,1,True
2026-05-01T13:20:47.789,T1,1,2595,4.128,-68.7,-111.9,-43.2,16.32,455883090,455881330,84,1199,1371,761,27539,1587,3,1,True
2026-05-01T13:20:48.119,T1,1,2598,4.803,-68.9,-97.0,-28.0,81.72,438804800,438802752,104,3282,8499,6632,28567,1630,3,1,True
2026-05-01T13:20:48.240,T1,1,2599,6.018,-68.6,-97.0,-28.4,94.01,732085148,732082581,88,6160,8273,4559,29187,1628,3,1,True
2026-05-01T13:20:48.689,T1,1,2603,4.667,-69.2,-106.8,-37.6,9.61,753559204,753557214,80,3216,769,1438,27592,1618,3,1,True
2026-05-01T13:20:48.809,T1,1,2604,4.423,-69.1,-98.8,-29.7,71.51,420879857,420877971,96,5969,6865,3990,33410,1776,3,1,True
2026-05-01T13:20:49.018,T1,1,2606,5.164,-67.3,-91.1,-23.8,154.12,746224785,746222582,112,11501,17261,11006,35584,1718,3,1,True
2026-05-01T13:20:49.139,T1,1,2607,4.461,-68.7,-95.9,-27.2,91.68,390618508,390616606,88,9156,8068,4566,30041,1656,3,1,True
2026-05-01T13:20:49.289,T1,1,2608,3.71,-69.3,-109.3,-40.0,21.08,461822912,461821330,88,1467,1855,1433,28509,1649,3,1,True
2026-05-01T13:20:49.439,T1,1,2610,4.808,-67.5,-98.7,-31.2,84.09,506804938,506802888,64,3194,5382,3839,19759,1288,3,1,True
2026-05-01T13:20:49.650,T1,1,2612,4.634,-67.1,-94.9,-27.8,107.54,489271968,489269992,76,5101,8173,5210,19157,1254,3,1,True
2026-05-01T13:20:49.799,T1,1,2613,5.6,-66.8,-91.0,-24.2,175.95,734585123,734582735,80,9067,14076,9618,24657,1405,3,1,True
2026-05-01T13:20:49.859,T1,1,2614,4.615,-66.8,-97.5,-30.7,83.74,478266329,478264360,72,4943,6029,3256,20771,1291,3,1,True
2026-05-01T13:20:49.949,T1,1,2615,5.108,-67.1,-94.6,-27.5,94.15,718176402,718174223,84,2002,7909,9303,22441,1354,3,1,True
2026-05-01T13:20:50.189,T1,1,2617,4.367,-67.0,-94.4,-27.4,96.12,388044179,388042316,88,2782,8459,10360,26704,1473,3,1,True
2026-05-01T13:20:50.279,T1,1,2618,4.456,-67.1,-90.2,-23.1,185.21,396988904,396987003,92,13477,17039,9361,29885,1564,3,1,True
2026-05-01T13:20:50.541,T1,1,2619,5.23,-66.2,-90.3,-24.1,147.8,711550491,711548260,108,9592,15962,11041,27164,1447,3,1,True
2026-05-01T13:20:50.572,T1,1,2620,4.775,-67.1,-99.0,-31.9,62.55,456454165,456452129,100,2831,6255,4313,26812,1481,3,1,True
2026-05-01T13:20:50.729,T1,1,2622,5.703,-71.4,-96.2,-24.8,86.95,488258318,488255885,44,1889,3826,2594,3972,662,3,1,True
2026-05-01T13:20:50.909,T1,1,2624,5.445,-73.2,-111.5,-38.4,16.36,482226219,482223896,28,510,458,318,2739,584,3,1,True
2026-05-01T13:20:51.148,T1,1,2626,5.234,-80.7,-108.5,-27.8,22.83,690039490,690037258,72,1264,1644,1267,8431,1330,3,1,True
2026-05-01T13:20:51.241,T1,1,2627,6.079,-67.9,-96.9,-29.0,66.47,733767720,733765127,108,1758,7179,9372,34120,1720,3,1,True
2026-05-01T13:20:51.330,T1,1,2628,4.32,-66.9,-109.1,-42.2,20.51,401175918,401174076,72,1220,1477,922,19038,1240,3,1,True
2026-05-01T13:20:51.451,T1,1,2629,4.93,-66.8,-105.4,-38.7,5.18,414009658,414007556,72,2137,373,2346,18738,1226,3,1,True
2026-05-01T13:20:51.659,T1,1,2631,5.277,-68.4,-95.9,-27.4,85.3,753472234,753469984,84,6547,7165,7037,25941,1527,3,1,True
2026-05-01T13:20:52.410,T1,1,2637,5.521,-101.2,-105.7,-4.4,18.5,452518082,452515728,8,116,148,244,2,121,1,1,False
2026-05-01T13:20:52.589,T1,1,2639,5.263,-69.1,-92.9,-23.8,139.47,752273665,752271420,76,1605,10600,10900,20458,1387,3,1,True
2026-05-01T13:20:52.678,T1,1,2640,4.573,-67.7,-91.2,-23.5,149.95,452266586,452264635,104,9624,15595,10575,29109,1578,3,1,True
2026-05-01T13:20:52.918,T1,1,2642,4.484,-68.8,-94.0,-25.3,116.17,436842021,436840109,104,7595,12082,10440,36265,1826,3,1,True
2026-05-01T13:20:53.009,T1,1,2643,4.634,-68.4,-92.9,-24.5,118.62,451824810,451822834,108,4780,12811,11988,30258,1646,3,1,True
2026-05-01T13:20:53.520,T1,1,2647,5.657,-68.9,-103.5,-34.5,26.51,712920524,712918111,68,4493,1803,1253,25126,1529,3,1,True
2026-05-01T13:20:53.579,T1,1,2648,4.658,-68.5,-91.2,-22.7,125.68,481470041,481468054,132,3743,16590,18855,39939,1899,3,1,True
2026-05-01T13:20:53.909,T1,1,2651,5.277,-71.4,-92.6,-21.1,143.2,423537846,423535595,40,1478,5728,6023,4888,735,3,1,True
2026-05-01T13:20:54.029,T1,1,2652,4.418,-68.5,-91.9,-23.4,164.67,389717936,389716052,104,10750,17126,11640,39554,1890,3,1,True
2026-05-01T13:20:54.150,T1,1,2653,5.286,-72.6,-94.3,-21.7,136.21,429701167,429698913,68,3948,9262,6908,13991,1295,3,1,True
2026-05-01T13:20:54.329,T1,1,2655,5.399,-71.9,-98.9,-26.9,69.5,422759505,422757203,40,1267,2780,2036,3815,661,3,1,True
2026-05-01T13:20:54.479,T1,1,2656,4.174,-68.7,-109.5,-40.8,12.79,420772471,420770691,100,1810,1279,1706,31909,1708,3,1,True
2026-05-01T13:20:54.569,T1,1,2657,4.212,-67.7,-99.7,-32.1,24.19,403590947,403589151,80,6370,1935,1392,21402,1350,3,1,True
2026-05-01T13:20:54.659,T1,1,2658,3.715,-68.8,-109.7,-41.0,15.6,427758006,427756421,108,1667,1685,1598,35113,1797,3,1,True
2026-05-01T13:20:54.749,T1,1,2659,4.714,-67.1,-94.9,-27.7,101.34,475508254,475506243,104,7237,10539,6339,31789,1616,3,1,True
2026-05-01T13:20:54.959,T1,1,2661,5.689,-69.2,-111.0,-41.8,14.93,701320798,701318372,96,1535,1433,1534,37836,1896,3,1,True
2026-05-01T13:20:55.050,T1,1,2662,4.587,-68.2,-94.5,-26.3,117.2,418289645,418287689,96,8641,11251,6563,32666,1700,3,1,True
2026-05-01T13:20:55.288,T1,1,2664,4.498,-69.2,-102.5,-33.3,32.74,437413609,437411690,96,865,3143,5818,35185,1824,3,1,True
2026-05-01T13:20:55.378,T1,1,2665,3.71,-69.2,-110.4,-41.2,16.0,409212945,409211362,88,1660,1408,987,27674,1618,3,1,True
2026-05-01T13:20:55.468,T1,1,2666,4.611,-69.2,-95.1,-25.8,107.79,404591530,404589563,76,2672,8192,9032,22073,1448,3,1,True
2026-05-01T13:20:55.589,T1,1,2667,6.055,-70.6,-98.5,-27.9,63.52,738849834,738847251,100,3806,6352,6362,27327,1691,3,1,True
2026-05-01T13:20:55.680,T1,1,2668,3.963,-69.7,-102.1,-32.4,40.18,392967120,392965430,88,3800,3536,2626,23582,1521,3,1,True
2026-05-01T13:20:55.830,T1,1,2669,4.414,-69.6,-97.4,-27.7,81.94,411415778,411413895,96,3088,7866,8768,34623,1839,3,1,True
2026-05-01T13:20:55.889,T1,1,2670,5.164,-68.3,-95.6,-27.3,91.18,657131835,657129632,84,1099,7659,8473,22529,1414,3,1,True
2026-05-01T13:20:55.980,T1,1,2671,4.038,-68.7,-101.9,-33.1,41.24,393497593,393495870,88,3794,3629,2676,24393,1495,3,1,True
2026-05-01T13:20:56.128,T1,1,2672,4.531,-69.3,-97.3,-28.0,74.21,432201097,432199165,92,3577,6827,8530,31456,1731,3,1,True
2026-05-01T13:20:56.220,T1,1,2673,5.394,-69.1,-98.5,-29.4,70.46,504441089,504438789,96,2822,6764,6039,28680,1643,3,1,True
2026-05-01T13:20:56.280,T1,1,2674,4.55,-66.7,-90.9,-24.2,155.8,408373060,408371120,88,4902,13710,15735,29813,1542,3,1,True
2026-05-01T13:20:56.399,T1,1,2675,4.615,-68.3,-95.9,-27.6,104.96,461227086,461225117,100,7100,10496,6503,37048,1818,3,1,True
2026-05-01T13:20:56.730,T1,1,2678,5.319,-72.5,-94.1,-21.6,111.68,426286063,426283795,44,3734,4914,3014,4306,717,3,1,True
2026-05-01T13:20:56.848,T1,1,2679,4.939,-67.8,-106.1,-38.2,10.4,451572016,451569909,88,2271,915,3002,29645,1599,3,1,True
2026-05-01T13:20:57.059,T1,1,2681,5.216,-76.4,-109.6,-33.2,16.21,459294193,459291968,24,455,389,283,1088,412,3,1,True
2026-05-01T13:20:57.150,T1,1,2682,4.409,-67.7,-92.6,-24.9,135.35,430702408,430700527,100,5925,13535,12529,33519,1693,3,1,True
2026-05-01T13:20:57.272,T1,1,2683,4.404,-68.9,-101.2,-32.3,26.02,470313351,470311472,92,5923,2394,1618,26036,1554,3,1,True
2026-05-01T13:20:57.358,T1,1,2684,4.62,-67.9,-99.7,-31.8,62.71,416734133,416732163,68,2570,4264,3293,16111,1180,3,1,True
2026-05-01T13:20:57.568,T1,1,2686,3.884,-70.2,-104.4,-34.2,35.92,429863245,429861588,88,3001,3161,2615,29309,1723,3,1,True
2026-05-01T13:20:57.659,T1,1,2687,4.901,-67.6,-102.8,-35.2,31.62,429103415,429101324,64,2770,2024,1460,13135,1054,3,1,True
2026-05-01T13:20:57.780,T1,1,2688,5.427,-68.1,-89.0,-20.9,180.18,569916384,569914069,92,5550,16577,16435,22032,1391,3,1,True
2026-05-01T13:20:57.869,T1,1,2689,4.54,-68.5,-91.0,-22.5,178.88,395486534,395484598,96,5303,17172,16429,34506,1763,3,1,True
2026-05-01T13:20:58.108,T1,1,2691,4.573,-66.1,-84.4,-18.3,160.39,391132098,391130148,112,16096,17964,10141,18497,1190,3,1,True
2026-05-01T13:20:58.201,T1,1,2692,4.953,-67.3,-105.3,-38.0,5.18,712606530,712604418,68,3822,352,1231,27640,1515,3,1,True
2026-05-01T13:20:58.320,T1,1,2693,3.705,-72.7,-106.8,-34.1,15.52,386041533,386039953,104,3524,1614,2145,32854,1991,3,1,True
2026-05-01T13:20:58.678,T1,1,2696,5.169,-68.7,-95.7,-27.0,105.71,494985202,494982998,100,76,10571,9573,34816,1787,3,1,True
2026-05-01T13:20:58.741,T1,1,2697,4.77,-68.4,-90.8,-22.3,157.82,421561327,421559292,88,11275,13888,9576,23011,1438,3,1,True
2026-05-01T13:20:58.859,T1,1,2698,4.826,-68.8,-85.2,-16.4,206.54,490865360,490863302,84,6957,17349,16040,14348,1149,3,1,True
2026-05-01T13:20:58.948,T1,1,2699,3.841,-72.5,-109.4,-36.9,33.74,411730638,411729000,80,514,2699,1912,34405,2021,3,1,True
2026-05-01T13:20:59.189,T1,1,2701,5.431,-72.5,-91.4,-18.9,169.81,749490877,749488560,96,106,16302,18320,29176,1864,3,1,True
2026-05-01T13:20:59.250,T1,1,2702,5.127,-80.0,-94.0,-14.0,132.31,410434469,410432282,32,2181,4234,3045,1687,580,3,1,True
2026-05-01T13:20:59.370,T1,1,2703,5.202,-92.8,-98.7,-5.9,88.12,427201953,427199735,8,161,705,560,25,162,1,1,False
2026-05-01T13:20:59.458,T1,1,2704,4.704,-70.7,-94.8,-24.1,109.35,411122521,411120514,88,7539,9623,9248,28247,1721,3,1,True
2026-05-01T13:20:59.668,T1,1,2706,5.38,-70.3,-86.5,-16.2,218.95,490010602,490008307,44,6832,9634,9002,5150,725,3,1,True
2026-05-01T13:20:59.819,T1,1,2707,5.727,-66.9,-82.2,-15.3,303.55,739041112,739038670,60,10868,18213,15485,15178,1107,3,1,True
2026-05-01T13:21:00.118,T1,1,2710,5.295,-71.5,-98.0,-26.5,42.03,751643025,751640767,92,10302,3867,3089,31051,1856,3,1,True
2026-05-01T13:21:00.268,T1,1,2711,4.761,-71.2,-104.4,-33.2,50.75,709169782,709167751,88,805,4466,2894,30864,1831,3,1,True
2026-05-01T13:21:00.688,T1,1,2715,4.001,-70.7,-97.9,-27.2,50.66,429928242,429926536,80,11049,4053,2524,35375,1927,3,1,True
2026-05-01T13:21:00.779,T1,1,2716,4.052,-69.8,-99.9,-30.0,57.38,428764931,428763202,84,4510,4820,2794,21167,1447,3,1,True
2026-05-01T13:21:00.899,T1,1,2717,4.615,-71.4,-90.9,-19.6,202.84,388727682,388725713,80,77,16227,16629,25374,1670,3,1,True
2026-05-01T13:21:00.988,T1,1,2718,4.348,-74.5,-99.6,-25.2,81.95,394166013,394164158,92,161,7539,6959,29866,2018,3,1,True
2026-05-01T13:21:01.350,T1,1,2721,6.121,-71.1,-97.0,-25.8,98.24,738388038,738385427,104,289,10217,8268,33347,1900,3,1,True
2026-05-01T13:21:01.439,T1,1,2722,4.006,-72.3,-106.9,-34.5,29.63,474753549,474751840,68,2662,2015,1771,24743,1705,3,1,True
2026-05-01T13:21:01.650,T1,1,2724,5.211,-88.3,-97.9,-9.5,65.67,388839496,388837273,12,631,788,852,120,212,3,1,True
2026-05-01T13:21:01.739,T1,1,2725,4.142,-70.0,-100.3,-30.3,55.59,420809832,420808066,96,5333,5337,3601,31491,1777,3,1,True
2026-05-01T13:21:01.831,T1,1,2726,5.46,-74.3,-96.2,-21.9,89.81,474798435,474796107,36,3439,3233,2105,3471,684,3,1,True
2026-05-01T13:21:01.949,T1,1,2727,4.62,-70.9,-91.6,-20.8,125.35,450160605,450158634,116,10028,14541,13641,28754,1748,3,1,True
2026-05-01T13:21:02.069,T1,1,2728,4.578,-68.0,-89.3,-21.3,220.57,450833760,450831807,76,7798,16763,13993,22009,1384,3,1,True
2026-05-01T13:21:02.520,T1,1,2732,4.822,-76.0,-96.3,-20.3,131.29,752419593,752417536,76,8845,9978,7330,27264,2032,3,1,True
2026-05-01T13:21:02.729,T1,1,2734,5.835,-71.3,-89.4,-18.0,248.75,647546582,647544093,72,6761,17910,15640,20123,1487,3,1,True
2026-05-01T13:21:02.881,T1,1,2735,4.686,-73.5,-104.0,-30.4,29.34,714689092,714687094,104,4325,3051,3126,30992,1991,3,1,True
2026-05-01T13:21:02.941,T1,1,2736,4.55,-70.5,-90.0,-19.4,204.12,434073984,434072044,84,9595,17146,16441,26373,1655,3,1,True
2026-05-01T13:21:03.030,T1,1,2737,4.048,-76.8,-100.7,-23.9,72.82,410766807,410765080,72,6570,5243,3503,25335,2013,3,1,True
2026-05-01T13:21:03.179,T1,1,2738,4.001,-77.8,-102.0,-24.2,55.01,407366812,407365105,84,1230,4621,6113,23443,2008,3,1,True
2026-05-01T13:21:03.299,T1,1,2739,4.278,-73.2,-92.8,-19.6,152.06,391071034,391069209,80,133,12165,14427,22863,1690,3,1,True
2026-05-01T13:21:03.330,T1,1,2740,5.305,-74.2,-88.3,-14.1,338.59,473577724,473575461,32,4854,10835,8653,4615,787,3,1,True
2026-05-01T13:21:03.420,T1,1,2741,3.982,-75.7,-100.9,-25.2,42.93,388157227,388155528,60,6589,2576,1516,18286,1650,3,1,True
2026-05-01T13:21:03.540,T1,1,2742,4.31,-73.3,-99.7,-26.5,65.78,407795710,407793871,88,3882,5789,5553,25040,1772,3,1,True
2026-05-01T13:21:03.659,T1,1,2743,4.545,-69.6,-91.0,-21.3,155.29,392219783,392217844,108,8066,16771,13311,28057,1654,3,1,True
2026-05-01T13:21:03.958,T1,1,2746,4.855,-82.9,-91.8,-8.9,158.5,401502810,401500740,12,615,1902,1720,179,209,3,1,True
2026-05-01T13:21:04.081,T1,1,2747,4.934,-78.2,-94.5,-16.3,117.36,419772558,419770454,28,153,3286,3502,1548,522,3,1,True
2026-05-01T13:21:04.228,T1,1,2748,13.991,-67.9,-100.6,-32.6,39.23,3973188338,3973182372,84,5337,3295,3593,28698,1579,3,1,True
2026-05-01T13:21:04.409,T1,1,2750,5.53,-69.6,-97.8,-28.3,96.31,770382332,770379973,52,2520,5008,3152,10836,1026,3,1,True
2026-05-01T13:21:05.339,T1,1,2758,3.973,-66.5,-88.8,-22.2,191.56,576551795,576550101,80,9336,15325,15204,22138,1320,3,1,True
2026-05-01T13:21:05.549,T1,1,2760,5.108,-69.3,-92.1,-22.8,135.66,761733686,761731507,96,5399,13023,15316,31070,1722,3,1,True
2026-05-01T13:21:05.669,T1,1,2761,3.382,-71.8,-95.1,-23.3,97.95,402656229,402654786,108,10175,10579,9261,36092,2023,3,1,True
2026-05-01T13:21:05.759,T1,1,2762,3.555,-69.7,-90.4,-20.8,196.12,409939317,409937800,92,5610,18043,19249,34488,1837,3,1,True
2026-05-01T13:21:05.848,T1,1,2763,4.62,-68.9,-90.3,-21.4,228.87,673902478,673900508,84,14558,19225,13035,36114,1830,3,1,True
2026-05-01T13:21:06.181,T1,1,2766,4.188,-62.7,-76.5,-13.8,269.56,469044912,469043126,64,18187,17252,10672,14694,944,3,1,True
2026-05-01T13:21:06.300,T1,1,2767,3.804,-67.6,-84.0,-16.4,268.24,391855057,391853434,68,8394,18240,17298,16589,1188,3,1,True
2026-05-01T13:21:06.388,T1,1,2768,3.898,-68.3,-87.4,-19.1,344.6,402324553,402322890,48,51,16541,15655,14785,1149,3,1,True
2026-05-01T13:21:06.509,T1,1,2769,3.968,-71.0,-85.4,-14.4,341.42,421060465,421058773,52,13745,17754,11199,13016,1180,3,1,True
2026-05-01T13:21:06.899,T1,1,2772,-16455296.0,-62.0,-77.0,-15.0,262.32,1932604436,8949272384,76,19830,19936,15721,22308,1134,3,1,True
2026-05-01T13:21:07.140,T1,1,2774,10.9,-65.3,-75.4,-10.0,277.65,3071897997,3071893349,60,15422,16659,14794,11203,901,3,1,True
2026-05-01T13:21:07.291,T1,1,2776,8.461,-70.6,-81.3,-10.6,380.41,2014270968,2014267360,44,16848,16738,10193,10629,1054,3,1,True
2026-05-01T13:21:41.841,T1,1,3092,2.645,-64.5,-90.5,-26.0,121.54,420047040,420045912,132,7022,16043,15996,38515,1626,3,1,True
2026-05-01T13:21:41.961,T1,1,3093,3.335,-64.4,-92.2,-27.8,34.56,765542543,765541121,116,12104,4009,7866,23032,1251,3,1,True
2026-05-01T13:21:42.051,T1,1,3094,3.358,-68.1,-93.8,-25.6,76.61,442990661,442989228,116,5020,8887,9870,22951,1422,3,1,True
2026-05-01T13:21:42.140,T1,1,3095,2.683,-65.7,-91.5,-25.8,111.71,430189519,430188375,132,7411,14746,11950,33120,1572,3,1,True
2026-05-01T13:21:42.262,T1,1,3096,3.522,-71.5,-97.6,-26.0,43.58,459620795,459619292,48,1488,2092,3516,4074,673,3,1,True
2026-05-01T13:21:42.350,T1,1,3097,2.894,-66.2,-93.0,-26.8,130.62,756620929,756619695,92,5264,12017,7628,24969,1386,3,1,True
2026-05-01T13:21:42.471,T1,1,3098,2.734,-66.2,-92.0,-25.9,104.48,395183274,395182108,132,10015,13792,10510,35018,1641,3,1,True
2026-05-01T13:21:42.681,T1,1,3100,2.716,-67.0,-93.0,-26.0,118.9,406974922,406973764,124,8569,14744,9181,38647,1773,3,1,True
2026-05-01T13:21:42.890,T1,1,3102,2.908,-66.5,-93.1,-26.6,101.03,727401319,727400079,116,4522,11720,11238,30898,1559,3,1,True
2026-05-01T13:21:42.980,T1,1,3103,2.786,-67.0,-93.9,-26.9,120.39,504832951,504831763,84,4819,10113,7444,22809,1362,3,1,True
2026-05-01T13:21:43.101,T1,1,3104,3.382,-66.1,-93.5,-27.4,97.28,460135245,460133802,120,4078,11674,9477,29931,1515,3,1,True
2026-05-01T13:21:43.342,T1,1,3106,2.641,-67.0,-93.8,-26.7,88.43,407956890,407955764,136,4232,12027,13431,41867,1849,3,1,True
2026-05-01T13:21:43.402,T1,1,3107,3.668,-78.9,-97.2,-18.3,77.6,450822964,450821399,20,352,1552,1220,480,298,3,1,True
2026-05-01T13:21:43.520,T1,1,3108,2.763,-66.1,-94.0,-27.9,105.13,428408698,428407520,120,4781,12616,8551,35383,1644,3,1,True
2026-05-01T13:21:44.690,T1,1,3118,2.669,-65.6,-94.9,-29.3,74.04,417318803,417317665,112,3401,8292,8233,25773,1379,3,1,True
2026-05-01T13:21:44.811,T1,1,3119,2.706,-65.6,-94.1,-28.5,85.91,485602683,485601529,128,5715,10996,6913,29103,1466,3,1,True
2026-05-01T13:21:44.902,T1,1,3120,3.279,-65.6,-94.5,-28.9,58.04,395058746,395057348,120,4481,6965,9116,24515,1347,3,1,True
2026-05-01T13:21:45.590,T1,1,3126,2.65,-66.2,-94.1,-27.9,87.83,414327598,414326467,108,3419,9486,8829,25208,1391,3,1,True
2026-05-01T13:21:45.921,T1,1,3129,2.65,-65.6,-93.8,-28.2,95.13,404803827,404802696,108,4371,10274,7601,24776,1353,3,1,True
2026-05-01T13:21:46.161,T1,1,3131,2.65,-66.3,-94.0,-27.7,88.79,395464734,395463604,124,4889,11010,9971,33179,1606,3,1,True
2026-05-01T13:21:46.281,T1,1,3132,3.476,-66.3,-94.5,-28.2,71.68,459089008,459087526,100,4673,7168,8890,23439,1349,3,1,True
2026-05-01T13:21:46.341,T1,1,3133,2.734,-65.9,-93.9,-28.1,102.94,496251074,496249907,124,6402,12764,7327,35503,1634,3,1,True
2026-05-01T13:21:46.462,T1,1,3134,2.734,-65.8,-94.0,-28.1,74.56,422052538,422051372,124,3611,9245,7901,22519,1301,3,1,True
2026-05-01T13:21:46.553,T1,1,3135,3.358,-65.9,-94.4,-28.5,80.11,767408521,767407089,112,4894,8972,5660,20931,1258,3,1,True
2026-05-01T13:21:46.641,T1,1,3136,2.772,-65.6,-94.5,-28.9,89.72,426222340,426221158,104,4523,9331,6277,23304,1311,3,1,True
2026-05-01T13:21:46.791,T1,1,3137,2.96,-64.9,-94.1,-29.2,89.31,759197070,759195808,104,4306,9288,6159,21836,1241,3,1,True
2026-05-01T13:21:46.850,T1,1,3138,2.697,-65.4,-94.6,-29.1,78.33,421438005,421436854,116,4516,9086,6490,23813,1318,3,1,True
2026-05-01T13:21:47.062,T1,1,3140,2.795,-65.4,-94.3,-29.0,63.52,598902108,598900916,124,4948,7877,10020,29141,1455,3,1,True
2026-05-01T13:21:47.661,T1,1,3145,2.763,-65.2,-94.2,-29.0,85.12,420571842,420570664,124,4901,10555,7248,29029,1445,3,1,True
2026-05-01T13:21:47.782,T1,1,3146,2.8,-65.9,-94.2,-28.3,72.84,427746848,427745654,128,4769,9323,10000,30526,1515,3,1,True
2026-05-01T13:21:47.841,T1,1,3147,2.842,-64.1,-93.6,-29.5,93.55,593050851,593049638,132,4710,12348,8463,35795,1545,3,1,True
2026-05-01T13:21:47.960,T1,1,3148,2.744,-66.0,-95.3,-29.2,68.81,425697893,425696723,124,4393,8532,8048,29032,1486,3,1,True
2026-05-01T13:21:48.051,T1,1,3149,3.673,-65.4,-93.9,-28.6,60.26,772559034,772557467,120,5555,7231,9910,25855,1371,3,1,True
2026-05-01T13:21:48.203,T1,1,3150,2.899,-65.5,-93.8,-28.2,66.76,505653362,505652125,112,5594,7477,9830,24980,1356,3,1,True
2026-05-01T13:21:48.261,T1,1,3151,2.899,-65.1,-94.6,-29.5,55.32,440515940,440514704,124,4323,6860,9047,25149,1338,3,1,True
2026-05-01T13:21:48.471,T1,1,3153,3.157,-64.8,-93.9,-29.1,84.08,414080363,414079016,124,6299,10426,5982,27105,1378,3,1,True
2026-05-01T13:21:49.071,T1,1,3158,2.795,-65.1,-94.0,-28.9,80.49,414985465,414984272,140,4491,11268,7815,30895,1486,3,1,True
2026-05-01T13:21:49.161,T1,1,3159,2.744,-65.3,-93.9,-28.6,55.06,419456401,419455231,152,5701,8369,11208,32639,1535,3,1,True
2026-05-01T13:21:49.253,T1,1,3160,2.833,-65.2,-94.2,-28.9,83.64,421090816,421089607,136,4950,11375,7332,31566,1508,3,1,True
2026-05-01T13:21:49.371,T1,1,3161,2.899,-65.2,-93.9,-28.7,63.34,426072887,426071650,144,4978,9121,10359,30786,1486,3,1,True
2026-05-01T13:21:49.580,T1,1,3163,2.889,-65.3,-94.3,-29.0,80.95,599123319,599122086,144,4754,11657,9618,39086,1683,3,1,True
2026-05-01T13:21:49.700,T1,1,3164,2.856,-65.3,-94.6,-29.3,73.74,490420474,490419256,124,4079,9144,8208,28062,1427,3,1,True
2026-05-01T13:21:49.790,T1,1,3165,2.819,-65.0,-94.4,-29.5,76.19,488162274,488161071,144,4071,10971,8846,35442,1584,3,1,True
2026-05-01T13:21:49.910,T1,1,3166,2.842,-65.4,-94.1,-28.7,70.97,462664106,462662893,160,4529,11356,9810,36245,1626,3,1,True
2026-05-01T13:21:50.001,T1,1,3167,3.11,-65.2,-94.9,-29.7,62.67,760971829,760970503,132,3524,8273,7887,26013,1369,3,1,True
2026-05-01T13:21:50.090,T1,1,3168,3.461,-64.4,-94.3,-29.9,81.18,766900782,766899306,108,3485,8767,8188,25953,1329,3,1,True
2026-05-01T13:21:50.331,T1,1,3170,2.917,-65.6,-95.3,-29.7,77.98,462118967,462117723,104,4823,8110,4891,21776,1270,3,1,True
2026-05-01T13:21:50.961,T1,1,3175,2.875,-65.5,-94.7,-29.2,53.71,424965464,424964238,112,5312,6015,8460,23070,1303,3,1,True
2026-05-01T13:21:51.741,T1,1,3182,2.763,-91.0,-95.0,-4.0,60.93,392110534,392109356,104,4923,6337,8590,2635,1352,1,1,False
2026-05-01T13:21:51.980,T1,1,3184,2.833,-66.0,-94.2,-28.1,84.78,408312754,408311545,120,4763,10173,9589,31299,1544,3,1,True
2026-05-01T13:21:52.312,T1,1,3187,2.856,-66.3,-94.3,-28.1,90.12,417761219,417760000,104,3973,9372,7901,24451,1375,3,1,True
2026-05-01T13:21:52.402,T1,1,3188,4.024,-65.8,-94.4,-28.5,86.08,764227326,764225610,100,3576,8608,8049,23155,1318,3,1,True
2026-05-01T13:21:52.730,T1,1,3191,2.786,-90.8,-95.1,-4.3,85.85,429995936,429994747,112,2815,9615,8049,3418,1505,1,1,False
2026-05-01T13:21:52.850,T1,1,3192,2.908,-65.8,-93.8,-28.0,88.74,482977192,482975951,128,6862,11359,6678,29382,1483,3,1,True
2026-05-01T13:21:52.940,T1,1,3193,3.673,-66.4,-94.3,-27.9,94.19,457951377,457949811,112,5963,10549,7644,29630,1523,3,1,True
2026-05-01T13:21:53.060,T1,1,3194,3.719,-67.2,-94.5,-27.3,82.86,579989607,579988021,100,5467,8286,10084,28641,1536,3,1,True
2026-05-01T13:21:53.150,T1,1,3195,3.654,-66.5,-94.8,-28.2,68.72,455870939,455869380,156,5706,10720,6570,30368,1546,3,1,True
2026-05-01T13:21:53.240,T1,1,3196,3.593,-67.2,-93.6,-26.4,64.97,445246156,445244623,100,7818,6497,10769,25784,1459,3,1,True
2026-05-01T13:21:53.332,T1,1,3197,2.917,-66.7,-93.2,-26.5,104.58,420527329,420526085,112,7585,11713,7946,28483,1506,3,1,True
2026-05-01T13:21:53.451,T1,1,3198,3.898,-66.0,-94.4,-28.4,49.96,765367350,765365688,120,7453,5995,11066,32625,1575,3,1,True
2026-05-01T13:21:53.660,T1,1,3200,3.175,-65.8,-95.1,-29.3,76.24,721091785,721090430,112,3563,8539,7776,26525,1408,3,1,True
2026-05-01T13:21:54.110,T1,1,3204,2.903,-65.7,-94.7,-29.0,96.57,412838678,412837439,100,1492,9657,7965,26754,1411,3,1,True
2026-05-01T13:21:54.470,T1,1,3207,3.382,-65.8,-94.1,-28.3,97.54,432874571,432873129,100,3462,9754,9485,28445,1460,3,1,True
2026-05-01T13:21:54.560,T1,1,3208,2.964,-68.2,-95.2,-27.0,97.6,415603617,415602352,96,5262,9370,5663,23246,1434,3,1,True
2026-05-01T13:21:54.757,T1,1,3209,3.719,-67.2,-94.0,-26.8,63.37,459687330,459685743,112,6118,7097,11793,29208,1554,3,1,True
2026-05-01T13:21:54.802,T1,1,3210,2.95,-66.9,-94.2,-27.3,96.28,420443780,420442521,124,3989,11939,8999,32654,1626,3,1,True
2026-05-01T13:21:54.860,T1,1,3211,3.053,-66.3,-94.4,-28.2,96.03,430844957,430843654,100,3159,9603,7750,24404,1374,3,1,True
2026-05-01T13:21:55.131,T1,1,3213,4.179,-66.5,-94.2,-27.7,103.57,721659464,721657681,112,4468,11600,8494,31929,1582,3,1,True
2026-05-01T13:21:55.337,T1,1,3214,2.988,-66.3,-94.0,-27.7,93.09,396159007,396157733,136,4412,12660,9391,36615,1685,3,1,True
2026-05-01T13:21:55.338,T1,1,3215,4.015,-73.0,-95.9,-22.8,79.25,465758648,465756936,40,1796,3170,1898,2215,523,3,1,True
2026-05-01T13:21:55.402,T1,1,3216,3.335,-66.0,-94.1,-28.1,79.69,742335421,742333999,140,4231,11157,11814,40059,1743,3,1,True
2026-05-01T13:21:55.491,T1,1,3217,3.987,-66.5,-94.0,-27.5,88.29,766155723,766154023,124,3945,10948,10025,31970,1586,3,1,True
2026-05-01T13:21:55.610,T1,1,3218,2.983,-66.8,-94.1,-27.2,96.99,390975641,390974368,136,6530,13190,8233,37772,1743,3,1,True
2026-05-01T13:21:55.700,T1,1,3219,4.249,-66.0,-93.8,-27.7,91.48,766335444,766333632,124,4526,11344,8571,29241,1491,3,1,True
2026-05-01T13:21:55.912,T1,1,3221,3.724,-66.3,-94.0,-27.7,111.32,743988156,743986567,100,3853,11132,8984,29988,1527,3,1,True
2026-05-01T13:21:56.033,T1,1,3222,3.035,-67.2,-95.1,-27.9,97.92,439578902,439577608,92,3430,9009,6737,22724,1370,3,1,True
2026-05-01T13:21:56.120,T1,1,3223,3.091,-66.7,-94.3,-27.6,97.83,391988483,391987165,104,4191,10174,6762,23712,1376,3,1,True
2026-05-01T13:21:56.210,T1,1,3224,3.011,-66.7,-94.2,-27.5,57.19,433636411,433635126,128,6238,7320,12944,36256,1699,3,1,True
2026-05-01T13:21:56.300,T1,1,3225,3.34,-65.9,-93.9,-28.0,97.21,675761451,675760026,112,4516,10888,7261,26198,1407,3,1,True
2026-05-01T13:21:56.485,T1,1,3226,4.001,-66.1,-94.3,-28.2,99.96,763487040,763485334,96,5095,9596,5571,22077,1298,3,1,True
2026-05-01T13:21:56.511,T1,1,3227,3.56,-66.3,-94.7,-28.3,95.03,443023557,443022038,116,3443,11023,8401,32273,1583,3,1,True
2026-05-01T13:21:56.991,T1,1,3231,4.123,-67.3,-94.6,-27.3,56.66,670530220,670528461,108,6788,6119,11455,31280,1610,3,1,True
2026-05-01T13:21:57.091,T1,1,3232,4.418,-67.4,-94.0,-26.7,102.09,763375351,763373467,116,5229,11842,11822,39104,1807,3,1,True
2026-05-01T13:21:57.230,T1,1,3233,3.537,-67.2,-93.6,-26.4,92.92,747123118,747121609,136,7554,12637,7447,31791,1617,3,1,True
2026-05-01T13:21:57.411,T1,1,3235,4.315,-66.9,-93.9,-27.0,103.92,707035645,707033804,124,7159,12886,7602,35048,1684,3,1,True
2026-05-01T13:21:57.500,T1,1,3236,4.081,-66.2,-94.3,-28.1,74.57,766662039,766660298,108,4675,8054,10369,28591,1483,3,1,True
2026-05-01T13:21:57.622,T1,1,3237,3.574,-66.4,-95.1,-28.7,77.01,739075118,739073594,108,3390,8317,8221,25763,1418,3,1,True
2026-05-01T13:21:57.830,T1,1,3239,3.096,-66.2,-94.2,-28.0,74.21,433806407,433805086,96,4480,7124,10080,24770,1383,3,1,True
2026-05-01T13:21:58.881,T1,1,3248,3.016,-66.8,-94.2,-27.4,72.77,398078592,398077306,144,5233,10479,13653,44559,1888,3,1,True
2026-05-01T13:21:59.122,T1,1,3250,3.049,-66.6,-94.2,-27.6,70.93,392045197,392043897,108,4524,7660,11401,29235,1519,3,1,True
2026-05-01T13:21:59.211,T1,1,3251,3.082,-67.1,-94.5,-27.4,88.25,434954364,434953050,136,3852,12002,10712,39734,1805,3,1,True
2026-05-01T13:21:59.420,T1,1,3253,3.058,-68.4,-94.8,-26.4,81.35,466950702,466949398,136,4508,11063,13205,44780,2004,3,1,True
2026-05-01T13:21:59.663,T1,1,3255,3.063,-66.2,-94.1,-27.9,91.7,410746022,410744716,128,3642,11737,9514,33954,1616,3,1,True
2026-05-01T13:21:59.750,T1,1,3256,3.593,-66.5,-95.1,-28.6,88.45,442350200,442348667,120,4305,10614,7773,33350,1620,3,1,True
2026-05-01T13:22:00.201,T1,1,3260,3.082,-66.4,-94.9,-28.4,48.48,397749067,397747752,132,4516,6399,11409,31477,1570,3,1,True
2026-05-01T13:22:00.350,T1,1,3261,4.137,-73.5,-96.3,-22.8,77.5,466061858,466060093,36,829,2790,2851,2325,545,3,1,True
2026-05-01T13:22:00.410,T1,1,3262,3.218,-66.4,-94.3,-27.8,95.72,482628577,482627205,128,4243,12252,9492,36918,1700,3,1,True
2026-05-01T13:22:00.770,T1,1,3265,3.982,-66.6,-94.8,-28.2,100.66,659200737,659199039,104,3820,10469,8187,30372,1551,3,1,True
2026-05-01T13:22:00.980,T1,1,3267,4.385,-66.7,-94.4,-27.7,72.95,721250668,721248797,120,5958,8754,13632,43057,1854,3,1,True
2026-05-01T13:22:01.070,T1,1,3268,4.029,-66.4,-95.0,-28.6,78.06,764662769,764661051,120,4954,9367,11215,40389,1775,3,1,True
2026-05-01T13:22:01.282,T1,1,3270,3.888,-77.1,-97.3,-20.2,67.96,399834527,399832869,24,755,1631,1037,594,312,3,1,True
2026-05-01T13:22:01.520,T1,1,3272,3.128,-66.2,-94.1,-28.0,81.54,417769942,417768607,136,4022,11090,11612,38582,1721,3,1,True
2026-05-01T13:22:01.850,T1,1,3275,4.456,-66.0,-94.2,-28.2,106.61,721032426,721030525,116,4678,12367,9007,37478,1690,3,1,True
2026-05-01T13:22:01.941,T1,1,3276,3.283,-66.0,-94.1,-28.1,94.2,505735584,505734183,124,4709,11681,9176,34413,1619,3,1,True
2026-05-01T13:22:02.030,T1,1,3277,3.236,-66.3,-95.1,-28.7,59.26,445039181,445037801,116,5424,6874,10773,33371,1609,3,1,True
2026-05-01T13:22:02.151,T1,1,3278,4.142,-76.1,-97.3,-21.2,51.5,456838332,456836566,28,912,1442,1911,965,384,3,1,True
2026-05-01T13:22:02.723,T1,1,3283,3.03,-67.2,-94.5,-27.2,100.57,414287351,414286058,120,4999,12068,10069,38564,1784,3,1,True
2026-05-01T13:22:02.930,T1,1,3285,3.977,-69.9,-95.0,-25.2,96.35,422468388,422466691,52,2556,5010,3096,5565,743,3,1,True
2026-05-01T13:22:03.109,T1,1,3286,4.062,-88.2,-99.1,-10.9,73.92,456743600,456741867,12,332,887,544,111,202,3,1,True
2026-05-01T13:22:03.261,T1,1,3288,4.207,-66.2,-94.4,-28.3,102.62,744745697,744743902,108,4767,11083,7548,30851,1539,3,1,True
2026-05-01T13:22:03.352,T1,1,3289,3.264,-65.7,-94.2,-28.5,70.67,434812750,434811357,108,4956,7632,11651,32327,1552,3,1,True
2026-05-01T13:22:03.589,T1,1,3291,4.043,-73.0,-95.8,-22.8,80.5,417821770,417820045,36,1746,2898,1737,1872,480,3,1,True
2026-05-01T13:22:03.920,T1,1,3294,3.593,-66.1,-94.3,-28.2,90.88,719277583,719276050,120,5417,10905,7059,29005,1489,3,1,True
2026-05-01T13:22:04.160,T1,1,3296,3.841,-66.4,-95.0,-28.6,91.78,618795820,618794181,108,4925,9912,6603,28496,1492,3,1,True
2026-05-01T13:22:04.252,T1,1,3297,3.227,-66.3,-94.5,-28.2,72.81,423519331,423517955,132,3116,9611,10755,33392,1610,3,1,True
2026-05-01T13:22:04.341,T1,1,3298,3.696,-66.0,-94.2,-28.3,85.73,456640241,456638665,128,3813,10974,8587,30655,1524,3,1,True
2026-05-01T13:22:04.550,T1,1,3300,3.039,-67.0,-94.4,-27.4,87.22,401900489,401899192,140,3801,12211,11361,41722,1840,3,1,True
2026-05-01T13:22:04.911,T1,1,3303,3.147,-65.6,-94.2,-28.6,77.44,405223207,405221864,128,2564,9912,10772,33104,1566,3,1,True
2026-05-01T13:22:05.272,T1,1,3306,4.118,-66.0,-94.5,-28.4,101.57,710911913,710910156,108,3583,10970,8119,30794,1531,3,1,True
2026-05-01T13:22:05.601,T1,1,3309,3.143,-66.6,-94.3,-27.7,94.28,459691141,459689800,116,3430,10937,9979,33225,1623,3,1,True
2026-05-01T13:22:05.689,T1,1,3310,3.157,-65.3,-94.1,-28.8,120.95,392272695,392271348,84,3812,10160,7151,25075,1346,3,1,True
2026-05-01T13:22:05.779,T1,1,3311,3.18,-66.1,-94.2,-28.1,90.37,446132192,446130836,128,3608,11567,10018,35743,1655,3,1,True
2026-05-01T13:22:05.901,T1,1,3312,4.179,-75.7,-96.5,-20.9,67.5,458059586,458057803,28,751,1890,2077,1075,399,3,1,True
2026-05-01T13:22:05.989,T1,1,3313,4.132,-91.2,-94.4,-3.2,81.88,763027581,763025819,120,3182,9825,10061,3333,1546,1,1,False
2026-05-01T13:22:06.199,T1,1,3315,3.175,-65.7,-94.9,-29.2,80.43,410653923,410652568,100,2001,8043,7685,22332,1291,3,1,True
2026-05-01T13:22:06.559,T1,1,3318,3.555,-66.3,-94.6,-28.3,77.67,724321626,724320109,116,3113,9010,8684,25846,1415,3,1,True
2026-05-01T13:22:06.890,T1,1,3321,3.25,-65.9,-94.2,-28.3,80.97,468407398,468406012,96,3091,7773,8479,20871,1254,3,1,True
2026-05-01T13:22:07.131,T1,1,3323,3.11,-66.3,-94.2,-27.9,81.75,411651688,411650362,112,2987,9156,7833,22015,1308,3,1,True
2026-05-01T13:22:07.460,T1,1,3326,3.133,-65.9,-94.1,-28.1,98.96,413428237,413426900,92,4860,9104,5558,19439,1212,3,1,True
2026-05-01T13:22:07.582,T1,1,3327,3.293,-66.0,-94.3,-28.2,78.91,453266137,453264732,132,4006,10416,10219,33601,1600,3,1,True
2026-05-01T13:22:07.699,T1,1,3328,3.368,-66.1,-94.3,-28.2,65.4,487533152,487531716,112,4942,7325,9895,26214,1416,3,1,True
2026-05-01T13:22:07.879,T1,1,3330,3.114,-66.2,-95.1,-28.9,66.58,409028510,409027181,112,3071,7457,7897,22607,1320,3,1,True
2026-05-01T13:22:08.002,T1,1,3331,3.673,-65.8,-94.7,-28.9,44.65,684783204,684781638,112,5923,5001,9620,25089,1370,3,1,True
2026-05-01T13:22:08.210,T1,1,3333,3.199,-65.7,-95.0,-29.3,82.04,403639925,403638560,112,3117,9189,6538,24410,1348,3,1,True
2026-05-01T13:22:08.300,T1,1,3334,3.963,-65.2,-94.6,-29.4,95.53,441749001,441747311,96,4139,9171,5840,22746,1280,3,1,True
2026-05-01T13:22:08.422,T1,1,3335,3.823,-64.9,-94.4,-29.5,54.38,695447184,695445554,108,4788,5873,9589,24581,1315,3,1,True
2026-05-01T13:22:08.512,T1,1,3336,3.269,-65.3,-95.1,-29.8,52.72,438951967,438950573,100,4587,5272,8444,22516,1276,3,1,True
2026-05-01T13:22:08.601,T1,1,3337,3.776,-65.2,-94.4,-29.2,67.81,394929577,394927966,104,3862,7052,9445,24974,1339,3,1,True
2026-05-01T13:22:08.749,T1,1,3338,3.335,-65.1,-94.6,-29.5,75.88,438432817,438431395,108,2651,8195,8458,24699,1328,3,1,True
2026-05-01T13:22:08.929,T1,1,3340,3.945,-83.5,-99.1,-15.5,38.44,399727255,399725573,16,409,615,871,173,210,3,1,True
2026-05-01T13:22:09.142,T1,1,3342,3.171,-66.0,-94.3,-28.4,99.79,404424493,404423140,108,2966,10777,8871,30653,1525,3,1,True
2026-05-01T13:22:09.260,T1,1,3343,3.33,-65.7,-95.2,-29.4,84.29,436849891,436848471,96,4297,8092,4665,19551,1208,3,1,True
2026-05-01T13:22:09.380,T1,1,3344,4.484,-65.3,-94.8,-29.6,100.37,764453916,764452004,84,4965,8431,4785,20978,1230,3,1,True
2026-05-01T13:22:09.682,T1,1,3347,3.199,-65.4,-94.3,-29.0,98.13,403637262,403635897,112,5140,10991,7273,31370,1511,3,1,True
2026-05-01T13:22:09.799,T1,1,3348,3.41,-66.2,-94.9,-28.7,80.52,499656958,499655503,104,2221,8374,7591,22546,1318,3,1,True
2026-05-01T13:22:09.890,T1,1,3349,3.959,-70.8,-96.5,-25.7,63.12,390969046,390967357,40,1637,2525,3843,4257,671,3,1,True
2026-05-01T13:22:09.980,T1,1,3350,4.324,-74.1,-96.9,-22.8,74.78,460475506,460473661,32,1021,2393,1520,1409,433,3,1,True
2026-05-01T13:22:10.100,T1,1,3351,3.884,-65.0,-94.4,-29.4,94.49,745894456,745892800,96,2521,9071,7351,23364,1289,3,1,True
2026-05-01T13:22:10.309,T1,1,3353,3.827,-65.3,-94.5,-29.1,71.8,725033068,725031436,112,2962,8042,9971,27950,1424,3,1,True
2026-05-01T13:22:11.150,T1,1,3360,3.288,-65.9,-94.9,-29.0,90.22,453991600,453990198,120,2964,10826,8103,32642,1568,3,1,True
2026-05-01T13:22:11.271,T1,1,3361,4.015,-66.1,-95.8,-29.7,73.2,456733925,456732212,104,2503,7613,6314,21823,1290,3,1,True
2026-05-01T13:22:11.480,T1,1,3363,4.278,-78.0,-98.6,-20.6,36.17,450883568,450881744,24,634,868,1205,451,280,3,1,True
2026-05-01T13:22:11.571,T1,1,3364,3.86,-65.8,-94.7,-28.9,93.19,744976573,744974926,124,5161,11555,6987,34705,1612,3,1,True
2026-05-01T13:22:11.661,T1,1,3365,3.293,-65.8,-94.6,-28.8,88.45,431613336,431611932,104,4130,9199,5908,22305,1293,3,1,True
2026-05-01T13:22:11.781,T1,1,3366,3.771,-65.4,-95.3,-29.9,66.35,703869552,703867943,112,3630,7431,7910,25488,1364,3,1,True
2026-05-01T13:22:11.899,T1,1,3367,3.321,-65.5,-95.4,-29.9,73.75,416652814,416651397,104,3769,7670,5036,19484,1196,3,1,True
2026-05-01T13:22:11.960,T1,1,3368,3.921,-64.7,-94.2,-29.5,85.02,747534785,747533112,104,2384,8842,7550,22611,1254,3,1,True
2026-05-01T13:22:12.050,T1,1,3369,4.559,-65.6,-94.6,-28.9,96.26,632393980,632392036,124,4013,11936,8055,36389,1642,3,1,True
2026-05-01T13:22:12.171,T1,1,3370,3.447,-64.8,-94.6,-29.8,54.33,452679726,452678255,100,4946,5433,8778,22832,1263,3,1,True
2026-05-01T13:22:12.259,T1,1,3371,3.429,-64.9,-95.1,-30.2,84.0,461375531,461374069,96,4291,8064,4718,20229,1193,3,1,True
2026-05-01T13:22:12.499,T1,1,3373,4.109,-72.2,-97.7,-25.5,68.78,415202592,415200840,32,726,2201,1736,1793,457,3,1,True
2026-05-01T13:22:12.742,T1,1,3375,3.677,-64.9,-94.6,-29.7,57.47,659684969,659683400,116,4504,6666,9154,25679,1343,3,1,True
2026-05-01T13:22:12.859,T1,1,3376,4.822,-65.7,-95.9,-30.1,75.65,760641797,760639740,100,2628,7565,5754,21124,1254,3,1,True
2026-05-01T13:22:12.950,T1,1,3377,3.368,-65.2,-95.2,-30.0,58.61,417885366,417883930,128,3468,7502,8448,26761,1386,3,1,True
2026-05-01T13:22:13.010,T1,1,3378,4.071,-79.2,-98.1,-18.8,65.9,404432767,404431030,20,363,1318,1105,438,288,3,1,True
2026-05-01T13:22:13.130,T1,1,3379,4.034,-65.9,-95.6,-29.7,51.52,454458672,454456952,104,4713,5358,7403,21366,1270,3,1,True
2026-05-01T13:22:13.341,T1,1,3381,3.274,-65.8,-94.3,-28.6,74.77,405937315,405935919,96,4633,7178,8514,22112,1285,3,1,True
2026-05-01T13:22:13.429,T1,1,3382,4.339,-74.7,-97.0,-22.3,56.86,460751301,460749451,28,1420,1592,2257,1466,450,3,1,True
2026-05-01T13:22:13.550,T1,1,3383,4.001,-67.0,-95.3,-28.3,73.02,747252148,747250442,108,2819,7886,7125,21204,1312,3,1,True
2026-05-01T13:22:13.641,T1,1,3384,3.893,-66.6,-94.8,-28.2,83.18,391529674,391528014,112,4166,9316,6292,22996,1351,3,1,True
2026-05-01T13:22:13.761,T1,1,3385,3.433,-67.2,-94.7,-27.5,99.44,435520297,435518833,108,5505,10740,6672,28605,1536,3,1,True
2026-05-01T13:22:13.850,T1,1,3386,3.447,-66.9,-95.0,-28.1,105.11,439084519,439083048,100,5788,10511,6092,29708,1552,3,1,True
2026-05-01T13:22:13.939,T1,1,3387,3.246,-66.5,-94.4,-27.9,113.44,397360770,397359385,100,6410,11344,6451,30919,1559,3,1,True
2026-05-01T13:22:14.150,T1,1,3389,4.414,-69.0,-95.5,-26.5,61.57,491643478,491641595,76,2385,4679,5704,9642,949,3,1,True
2026-05-01T13:22:14.391,T1,1,3391,3.255,-66.8,-94.7,-27.9,106.81,405406396,405405007,100,4535,10681,7061,28675,1516,3,1,True
2026-05-01T13:22:14.480,T1,1,3392,4.268,-96.4,-102.6,-6.2,26.75,440700536,440698716,8,189,214,371,7,129,3,1,True
2026-05-01T13:22:15.050,T1,1,3397,3.363,-66.3,-93.8,-27.5,102.88,408522045,408520611,112,4038,11523,8705,29263,1506,3,1,True
2026-05-01T13:22:15.170,T1,1,3398,3.382,-66.5,-95.4,-28.9,57.7,391749886,391748443,96,4535,5539,8030,21524,1300,3,1,True
2026-05-01T13:22:15.260,T1,1,3399,3.527,-68.5,-94.6,-26.0,92.46,481963464,481961959,124,3236,11465,10766,34255,1760,3,1,True
2026-05-01T13:22:15.351,T1,1,3400,4.334,-67.1,-95.1,-28.0,100.95,761771805,761769956,88,4942,8884,5282,21590,1328,3,1,True
2026-05-01T13:22:15.590,T1,1,3402,4.282,-79.5,-97.1,-17.6,74.0,448576092,448574265,20,891,1480,903,427,287,3,1,True
2026-05-01T13:22:15.799,T1,1,3404,3.293,-66.6,-94.6,-28.0,94.9,402262746,402261342,116,4243,11008,7412,29522,1530,3,1,True
2026-05-01T13:22:16.491,T1,1,3410,4.315,-79.8,-99.0,-19.2,58.0,461409294,461407454,20,657,1160,790,406,283,3,1,True
2026-05-01T13:22:16.610,T1,1,3411,3.349,-68.2,-91.9,-23.7,115.19,437512646,437511217,140,9889,16126,10208,33787,1729,3,1,True
2026-05-01T13:22:16.699,T1,1,3412,3.405,-65.2,-90.3,-25.1,103.14,420234609,420233156,124,13768,12789,12468,31603,1505,3,1,True
2026-05-01T13:22:16.789,T1,1,3413,3.457,-65.6,-90.4,-24.8,120.15,417488251,417486777,116,15578,13937,11434,35237,1611,3,1,True
2026-05-01T13:22:16.909,T1,1,3414,3.565,-65.6,-90.1,-24.5,128.92,455149032,455147511,104,4532,13408,13929,22915,1303,3,1,True
2026-05-01T13:22:17.600,T1,1,3420,4.02,-81.6,-98.3,-16.7,75.38,395821844,395820129,16,510,1206,714,282,251,3,1,True
2026-05-01T13:22:17.810,T1,1,3422,3.452,-66.8,-93.9,-27.1,65.34,477679203,477677731,88,7248,5750,10974,26402,1458,3,1,True
2026-05-01T13:22:17.931,T1,1,3423,3.358,-66.3,-93.7,-27.5,103.94,392341822,392340389,88,2087,9147,9618,23132,1337,3,1,True
2026-05-01T13:22:18.022,T1,1,3424,3.527,-65.1,-96.3,-31.2,46.93,487023841,487022336,164,3864,7696,4549,23790,1303,3,1,True
2026-05-01T13:22:18.110,T1,1,3425,3.372,-65.6,-93.0,-27.4,106.43,431726847,431725409,92,7433,9792,7278,23235,1309,3,1,True
2026-05-01T13:22:18.351,T1,1,3427,3.349,-67.3,-97.0,-29.7,85.3,418448022,418446593,80,29,6824,5639,19932,1289,3,1,True
2026-05-01T13:22:18.441,T1,1,3428,3.461,-66.6,-95.6,-29.0,55.73,437563067,437561591,108,4978,6019,8551,25840,1429,3,1,True
2026-05-01T13:22:18.680,T1,1,3430,4.362,-67.7,-90.1,-22.4,161.8,435990404,435988544,60,2571,9708,10873,11035,972,3,1,True
2026-05-01T13:22:19.129,T1,1,3434,3.264,-64.3,-95.3,-31.0,78.05,394718877,394717485,96,3750,7493,5056,20032,1164,3,1,True
2026-05-01T13:22:19.581,T1,1,3438,3.33,-64.0,-94.7,-30.7,88.43,395924065,395922645,92,3489,8136,5325,19812,1144,3,1,True
2026-05-01T13:22:19.701,T1,1,3439,4.817,-64.4,-95.3,-30.9,57.98,764298929,764296874,108,6475,6262,7058,27511,1370,3,1,True
2026-05-01T13:22:19.911,T1,1,3441,3.264,-65.3,-96.1,-30.8,77.47,394656404,394655012,120,1585,9297,6292,30586,1487,3,1,True
2026-05-01T13:22:20.031,T1,1,3442,3.644,-64.7,-94.6,-29.9,87.47,455485082,455483527,100,1464,8747,7831,24572,1308,3,1,True
2026-05-01T13:22:20.121,T1,1,3443,4.512,-66.4,-93.2,-26.8,95.16,762761017,762759092,116,6019,11039,8977,26887,1448,3,1,True
2026-05-01T13:22:20.690,T1,1,3448,3.344,-65.0,-95.8,-30.8,61.6,408803706,408802279,88,1378,5421,7573,20059,1192,3,1,True
2026-05-01T13:22:20.810,T1,1,3449,3.991,-64.1,-95.1,-31.0,121.92,692106263,692104560,72,2351,8778,6208,24842,1288,3,1,True
2026-05-01T13:22:20.899,T1,1,3450,3.921,-65.7,-94.7,-29.0,86.47,736880596,736878923,108,2459,9339,10770,34872,1610,3,1,True
2026-05-01T13:22:21.111,T1,1,3452,3.851,-67.0,-94.2,-27.2,95.15,708686695,708685053,124,1992,11799,11330,36695,1728,3,1,True
2026-05-01T13:22:21.242,T1,1,3453,3.382,-67.0,-93.8,-26.8,103.56,438621649,438620206,108,5225,11184,10230,31962,1614,3,1,True
2026-05-01T13:22:21.439,T1,1,3455,3.363,-66.7,-94.1,-27.4,85.43,465942226,465940791,128,6114,10935,6776,27553,1481,3,1,True
2026-05-01T13:22:21.560,T1,1,3456,3.87,-65.8,-93.8,-27.9,70.59,456296506,456294855,136,5939,9600,9174,28072,1452,3,1,True
2026-05-01T13:22:21.622,T1,1,3457,3.982,-66.1,-92.8,-26.7,50.13,454724788,454723089,132,11065,6617,11097,30323,1525,3,1,True
2026-05-01T13:22:21.740,T1,1,3458,3.893,-66.8,-93.6,-26.8,94.41,518240556,518238895,128,7163,12084,11124,38275,1753,3,1,True
2026-05-01T13:22:22.430,T1,1,3464,3.386,-65.6,-93.4,-27.8,110.1,411037125,411035681,80,4607,8808,7031,18586,1173,3,1,True
2026-05-01T13:22:22.880,T1,1,3468,4.142,-72.6,-95.1,-22.5,103.75,406850781,406849014,28,1664,2905,2768,2160,509,3,1,True
2026-05-01T13:22:23.000,T1,1,3469,3.419,-66.2,-93.5,-27.3,112.72,435206987,435205528,96,5827,10821,7803,26044,1417,3,1,True
2026-05-01T13:22:23.450,T1,1,3473,4.601,-66.1,-93.8,-27.7,88.93,586039350,586037388,84,4200,7470,9817,22374,1307,3,1,True
2026-05-01T13:22:23.570,T1,1,3474,4.526,-66.1,-93.4,-27.3,120.49,761347617,761345686,80,5855,9639,6602,20501,1250,3,1,True
2026-05-01T13:22:23.661,T1,1,3475,4.324,-66.4,-93.0,-26.6,100.3,761353502,761351658,120,7638,12036,12023,37573,1712,3,1,True
2026-05-01T13:22:24.020,T1,1,3478,3.823,-66.9,-93.5,-26.5,92.03,664763857,664762226,116,8110,10676,12192,37696,1747,3,1,True
2026-05-01T13:22:24.111,T1,1,3479,3.405,-66.5,-93.9,-27.4,88.1,438533311,438531859,88,6388,7753,8680,22941,1342,3,1,True
2026-05-01T13:22:24.200,T1,1,3480,4.207,-68.7,-94.1,-25.4,82.56,436998139,436996344,88,5672,7265,8828,19293,1327,3,1,True
2026-05-01T13:22:24.770,T1,1,3485,4.118,-76.4,-96.6,-20.1,93.55,414345120,414343363,20,1104,1871,1311,784,350,3,1,True
2026-05-01T13:22:24.891,T1,1,3486,3.973,-65.7,-94.2,-28.5,78.5,740023532,740021837,120,6069,9420,8530,29280,1477,3,1,True
2026-05-01T13:22:25.100,T1,1,3488,3.354,-65.8,-93.6,-27.7,93.76,456376455,456375024,128,7753,12001,10191,39186,1716,3,1,True
2026-05-01T13:22:25.430,T1,1,3491,3.34,-66.5,-94.6,-28.1,87.16,423799056,423797631,128,7897,11157,6439,34785,1653,3,1,True
2026-05-01T13:22:25.550,T1,1,3492,3.508,-65.3,-93.7,-28.4,84.39,501535781,501534285,108,6339,9114,9424,28815,1446,3,1,True
2026-05-01T13:22:25.761,T1,1,3494,3.931,-65.5,-94.2,-28.7,93.07,718052505,718050828,96,5742,8935,6161,22655,1289,3,1,True
2026-05-01T13:22:25.911,T1,1,3495,4.264,-71.0,-95.5,-24.4,81.64,452736624,452734806,44,2205,3592,2815,3539,617,3,1,True
2026-05-01T13:22:25.971,T1,1,3496,3.405,-65.6,-94.2,-28.6,78.1,439271533,439270080,108,6784,8435,8499,28047,1439,3,1,True
2026-05-01T13:22:26.421,T1,1,3500,4.54,-64.7,-93.7,-29.0,102.32,724406044,724404108,92,6293,9413,6405,24114,1296,3,1,True
2026-05-01T13:22:26.629,T1,1,3502,3.33,-65.1,-94.5,-29.4,75.46,405099534,405098114,136,6008,10262,6800,31219,1493,3,1,True
2026-05-01T13:22:26.871,T1,1,3504,3.288,-65.3,-93.6,-28.3,98.15,392963712,392962309,92,6616,9030,8837,26740,1391,3,1,True
2026-05-01T13:22:27.079,T1,1,3506,4.517,-65.2,-94.2,-28.9,86.67,741185504,741183577,104,6863,9014,5403,23954,1314,3,1,True
2026-05-01T13:22:27.321,T1,1,3508,3.963,-66.0,-93.4,-27.4,72.3,721293830,721292140,132,9438,9544,12262,40256,1751,3,1,True
2026-05-01T13:22:27.650,T1,1,3511,3.893,-65.8,-93.2,-27.4,103.73,709783422,709781762,92,5964,9543,7685,21548,1271,3,1,True
2026-05-01T13:22:27.740,T1,1,3512,4.09,-88.5,-98.6,-10.1,53.62,391057655,391055910,16,500,858,506,96,194,3,1,True
2026-05-01T13:22:28.070,T1,1,3515,4.109,-72.8,-95.2,-22.4,95.75,407371161,407369409,28,1646,2681,2707,1990,492,3,1,True
2026-05-01T13:22:28.193,T1,1,3516,3.471,-66.1,-93.5,-27.4,92.15,436122431,436120950,100,5766,9215,7998,22286,1304,3,1,True
2026-05-01T13:22:28.281,T1,1,3517,3.888,-66.9,-94.5,-27.6,102.87,389471804,389470145,84,5380,8641,8855,26568,1464,3,1,True
2026-05-01T13:22:28.401,T1,1,3518,3.429,-66.7,-94.9,-28.1,73.74,422156451,422154989,96,4443,7079,9336,25301,1421,3,1,True
2026-05-01T13:22:29.092,T1,1,3524,4.123,-70.7,-94.8,-24.2,108.1,419840452,419838693,40,2372,4324,3274,4271,669,3,1,True
2026-05-01T13:22:29.210,T1,1,3525,3.551,-65.9,-93.7,-27.8,120.5,442417891,442416376,88,6567,10604,6565,25745,1394,3,1,True
2026-05-01T13:22:29.300,T1,1,3526,4.475,-66.3,-93.8,-27.4,114.76,759098923,759097014,104,5940,11935,9742,35179,1654,3,1,True
2026-05-01T13:22:29.390,T1,1,3527,4.357,-77.1,-96.9,-19.7,67.5,437673967,437672109,20,637,1350,1772,668,331,3,1,True
2026-05-01T13:22:29.630,T1,1,3529,3.748,-65.8,-93.9,-28.1,99.83,487837240,487835641,96,4527,9584,9272,27377,1433,3,1,True
2026-05-01T13:22:30.958,T1,1,3530,3.996,-66.2,-93.7,-27.4,106.06,740860159,740858454,104,5667,11030,8624,28926,1494,3,1,True
2026-05-01T13:22:30.958,T1,1,3532,4.001,-65.4,-93.4,-28.0,102.39,728620365,728618658,96,4226,9829,8022,22559,1284,3,1,True
2026-05-01T13:22:30.958,T1,1,3533,3.447,-66.6,-94.6,-27.9,107.92,438140159,438138688,88,2505,9497,9196,27297,1472,3,1,True
2026-05-01T13:22:30.959,T1,1,3536,4.639,-90.4,-95.2,-4.8,92.48,738554230,738552251,92,1310,8508,6736,2726,1284,1,1,False
2026-05-01T13:22:30.959,T1,1,3537,3.372,-66.4,-94.6,-28.2,88.22,419639493,419638055,116,3402,10233,7714,27315,1460,3,1,True
2026-05-01T13:22:30.959,T1,1,3538,3.382,-64.0,-92.2,-28.2,40.94,390978389,390976946,128,9339,5240,6909,17119,1064,3,1,True
2026-05-01T13:22:30.959,T1,1,3539,3.537,-65.6,-93.1,-27.5,46.41,483748146,483746637,164,8444,7611,9189,24832,1354,3,1,True
2026-05-01T13:22:30.959,T1,1,3540,3.518,-65.5,-95.0,-29.5,83.79,433298269,433296768,96,3912,8044,6735,22593,1288,3,1,True
2026-05-01T13:22:31.130,T1,1,3543,3.344,-67.4,-95.5,-28.1,108.21,398689868,398688442,80,2498,8657,6908,22718,1379,3,1,True
2026-05-01T13:22:31.220,T1,1,3544,4.718,-66.9,-94.6,-27.7,100.56,766217703,766215690,96,4817,9654,6645,24209,1399,3,1,True
2026-05-01T13:22:31.701,T1,1,3548,3.401,-67.2,-94.5,-27.3,84.53,425962519,425961068,100,3727,8453,8742,23375,1388,3,1,True
2026-05-01T13:22:31.849,T1,1,3549,4.409,-77.3,-96.2,-18.9,38.21,454646390,454644510,24,1716,917,1795,739,350,3,1,True
2026-05-01T13:22:32.002,T1,1,3551,3.264,-67.3,-94.2,-26.9,82.25,390537691,390536298,124,4075,10199,11291,33122,1658,3,1,True
2026-05-01T13:22:32.150,T1,1,3552,3.485,-66.9,-94.6,-27.7,98.48,482791303,482789817,100,493,9848,8572,25806,1444,3,1,True
2026-05-01T13:22:32.209,T1,1,3553,4.423,-79.8,-97.4,-17.7,57.45,451523570,451521683,20,561,1149,1577,486,309,3,1,True
2026-05-01T13:22:32.421,T1,1,3555,3.396,-66.5,-95.0,-28.5,101.86,405948787,405947338,100,3142,10186,6170,25716,1420,3,1,True
2026-05-01T13:22:32.781,T1,1,3558,3.344,-65.8,-95.3,-29.5,67.15,407985486,407984060,144,4029,9670,7400,31281,1529,3,1,True
2026-05-01T13:22:32.870,T1,1,3559,3.415,-66.2,-94.4,-28.2,94.42,414229411,414227955,120,4985,11330,7616,31899,1568,3,1,True
2026-05-01T13:22:32.960,T1,1,3560,3.616,-66.4,-94.2,-27.7,96.77,492753094,492751551,104,6163,10064,7583,27510,1466,3,1,True
2026-05-01T13:22:33.082,T1,1,3561,3.49,-66.5,-93.3,-26.8,99.9,452227198,452225710,124,7894,12387,9887,35395,1668,3,1,True
2026-05-01T13:22:33.769,T1,1,3567,3.762,-65.2,-94.3,-29.1,39.06,470794846,470793242,188,5043,7344,6901,20077,1201,3,1,True
2026-05-01T13:22:33.979,T1,1,3569,3.316,-67.5,-94.4,-26.9,105.18,399246207,399244792,132,6458,13884,9470,44721,1942,3,1,True
2026-05-01T13:22:34.465,T1,1,3573,4.381,-88.0,-98.7,-10.6,49.83,456760782,456758914,12,526,598,697,99,186,3,1,True
2026-05-01T13:22:34.820,T1,1,3576,4.339,-84.0,-99.0,-15.0,77.08,446170828,446168977,12,529,925,565,184,220,3,1,True
2026-05-01T13:22:35.360,T1,1,3581,3.405,-66.3,-94.4,-28.1,114.24,416678891,416677439,104,6265,11881,7318,34545,1636,3,1,True
2026-05-01T13:22:35.480,T1,1,3582,4.324,-inf,-107.7,inf,18.0,436237736,436235892,8,56,144,115,0,96,1,1,False
2026-05-01T13:22:35.691,T1,1,3584,4.451,-72.2,-97.3,-25.1,74.58,474469067,474467168,24,413,1790,2551,1919,473,3,1,True
2026-05-01T13:22:36.262,T1,1,3589,3.419,-65.9,-95.2,-29.3,52.39,430677262,430675803,140,3699,7334,6976,21501,1272,3,1,True
2026-05-01T13:22:36.620,T1,1,3592,4.911,-63.9,-94.5,-30.5,82.54,767763984,767761889,104,5339,8584,5236,23078,1233,3,1,True
2026-05-01T13:22:36.710,T1,1,3593,3.386,-63.4,-93.7,-30.3,31.26,414080443,414078999,152,6194,4751,6486,16026,1008,3,1,True
2026-05-01T13:22:37.159,T1,1,3597,3.49,-65.1,-95.9,-30.8,73.86,469223314,469221825,132,4275,9750,6134,34537,1568,3,1,True
2026-05-01T13:22:37.851,T1,1,3603,3.349,-65.4,-94.8,-29.4,43.65,412638885,412637457,124,7560,5413,10608,34634,1586,3,1,True
2026-05-01T13:22:37.999,T1,1,3604,4.47,-65.4,-95.9,-30.5,54.28,758441452,758439546,148,5281,8034,7887,34858,1592,3,1,True
2026-05-01T13:22:38.059,T1,1,3605,3.959,-64.4,-93.3,-28.9,51.99,741689511,741687823,104,9950,5407,9006,27870,1378,3,1,True
2026-05-01T13:22:38.180,T1,1,3606,4.418,-71.0,-95.0,-24.0,38.37,467277088,467275204,52,3028,1995,3001,2756,544,3,1,True
2026-05-01T13:22:38.300,T1,1,3607,4.282,-80.6,-99.0,-18.4,50.75,434886798,434884971,20,477,1015,684,277,240,3,1,True
2026-05-01T13:22:38.481,T1,1,3609,4.742,-64.9,-95.9,-31.0,64.91,657010210,657008187,120,3314,7789,4972,22511,1260,3,1,True
2026-05-01T13:22:38.749,T1,1,3611,4.667,-65.0,-95.0,-30.0,69.27,739182391,739180400,116,5846,8035,9838,36613,1613,3,1,True
2026-05-01T13:22:38.811,T1,1,3612,3.415,-65.1,-95.1,-30.0,63.46,432556360,432554903,116,4356,7361,8335,26895,1386,3,1,True
2026-05-01T13:22:39.051,T1,1,3614,3.809,-64.2,-95.7,-31.5,85.25,598355512,598353887,84,1171,7161,5060,18260,1108,3,1,True
2026-05-01T13:22:39.171,T1,1,3615,4.048,-65.8,-95.1,-29.3,91.32,759988837,759987110,108,4121,9863,5904,26798,1416,3,1,True
2026-05-01T13:22:39.229,T1,1,3616,3.363,-66.4,-94.4,-28.1,66.17,418974928,418973494,132,9320,8734,12230,46491,1902,3,1,True
2026-05-01T13:22:39.560,T1,1,3619,3.311,-67.1,-94.2,-27.1,102.13,413659428,413658016,120,3910,12256,10027,35868,1715,3,1,True
2026-05-01T13:22:39.680,T1,1,3620,4.395,-78.1,-97.3,-19.2,73.54,453921242,453919367,24,625,1765,1257,659,340,3,1,True
2026-05-01T13:22:39.769,T1,1,3621,5.042,-67.7,-93.3,-25.6,110.2,757846480,757844329,128,9533,14105,8836,38689,1815,3,1,True
2026-05-01T13:22:39.861,T1,1,3622,3.762,-67.1,-93.6,-26.5,105.14,561858208,561856603,124,8260,13037,7664,34544,1682,3,1,True
2026-05-01T13:22:40.339,T1,1,3626,4.01,-65.9,-96.7,-30.9,40.59,719296247,719294536,116,5302,4708,7635,28514,1465,3,1,True
2026-05-01T13:22:40.429,T1,1,3627,4.944,-65.9,-95.2,-29.3,83.95,758483318,758481209,108,3078,9067,8056,28824,1476,3,1,True
2026-05-01T13:22:40.521,T1,1,3628,3.466,-65.8,-93.8,-28.0,119.34,414361063,414359585,80,4899,9547,7009,22194,1288,3,1,True
2026-05-01T13:22:40.639,T1,1,3629,3.461,-66.7,-94.8,-28.1,47.48,420500859,420499382,120,8820,5698,9910,33372,1630,3,1,True
2026-05-01T13:22:41.454,T1,1,3636,3.419,-67.5,-94.9,-27.5,64.21,447041196,447039737,140,2838,8989,12485,38096,1790,3,1,True
2026-05-01T13:22:41.719,T1,1,3638,4.343,-97.2,-102.5,-5.3,46.12,440556255,440554402,8,160,369,263,6,131,1,1,False
2026-05-01T13:22:41.782,T1,1,3639,3.382,-66.5,-94.4,-27.9,84.32,435653291,435651848,136,5413,11468,9610,37373,1715,3,1,True
2026-05-01T13:22:41.900,T1,1,3640,4.606,-65.1,-94.0,-28.9,81.3,697870885,697868920,116,5727,9431,7613,26788,1384,3,1,True
2026-05-01T13:22:42.111,T1,1,3642,4.156,-68.6,-94.8,-26.2,78.18,430177758,430175986,128,6292,10007,6226,24835,1503,3,1,True
2026-05-01T13:22:42.229,T1,1,3643,4.958,-68.5,-94.6,-26.1,109.56,759255306,759253192,128,7769,14024,8210,43485,1982,3,1,True
2026-05-01T13:22:42.290,T1,1,3644,3.461,-66.4,-95.0,-28.7,91.17,424985279,424983802,120,2267,10940,8867,34906,1650,3,1,True
2026-05-01T13:22:42.619,T1,1,3647,4.123,-66.5,-94.4,-27.9,56.88,432641886,432640128,124,8181,7053,9939,31372,1570,3,1,True
2026-05-01T13:22:42.860,T1,1,3649,3.41,-65.8,-94.2,-28.4,70.54,412921403,412919948,120,5904,8465,9875,30143,1501,3,1,True
2026-05-01T13:22:43.311,T1,1,3653,3.945,-64.8,-95.5,-30.6,83.88,720422811,720421128,120,3992,10065,6313,33327,1529,3,1,True
2026-05-01T13:22:43.460,T1,1,3654,4.428,-64.6,-94.7,-30.1,73.72,756761973,756760085,120,5499,8847,8762,32995,1509,3,1,True
2026-05-01T13:22:43.642,T1,1,3656,3.33,-64.1,-95.8,-31.7,80.02,393661516,393660096,124,2372,9923,6691,35879,1548,3,1,True
2026-05-01T13:22:43.731,T1,1,3657,3.438,-65.7,-95.1,-29.4,64.64,396518594,396517127,104,4442,6723,9702,28789,1462,3,1,True
2026-05-01T13:22:43.849,T1,1,3658,3.457,-65.9,-94.5,-28.5,101.34,434542980,434541506,96,3199,9729,8010,26269,1410,3,1,True
2026-05-01T13:22:43.970,T1,1,3659,3.499,-64.2,-95.7,-31.4,77.66,418962236,418960743,108,1924,8387,5223,23266,1251,3,1,True
2026-05-01T13:22:44.149,T1,1,3661,3.504,-65.8,-94.4,-28.6,73.57,475291828,475290333,116,6691,8534,7464,26922,1421,3,1,True
2026-05-01T13:22:44.271,T1,1,3662,4.151,-69.5,-98.1,-28.6,43.79,388705553,388703782,76,676,3328,1896,4276,643,3,1,True
2026-05-01T13:22:44.479,T1,1,3664,4.629,-72.7,-92.3,-19.7,123.54,475655041,475653067,28,3994,3459,2230,1961,486,3,1,True
2026-05-01T13:22:44.930,T1,1,3668,4.174,-91.6,-100.8,-9.3,30.42,395190980,395189199,12,131,365,518,27,146,3,1,True
2026-05-01T13:22:45.379,T1,1,3672,3.504,-65.6,-92.3,-26.7,45.94,462242234,462240739,164,11029,7534,8976,25053,1360,3,1,True
2026-05-01T13:22:45.500,T1,1,3673,4.151,-66.9,-92.8,-25.9,122.81,740632768,740630997,124,6008,15229,11047,38547,1765,3,1,True
2026-05-01T13:22:45.590,T1,1,3674,4.395,-78.4,-97.8,-19.4,72.4,437246139,437244264,20,455,1448,1301,562,317,3,1,True
2026-05-01T13:22:45.801,T1,1,3676,3.804,-66.5,-94.7,-28.1,108.03,591502667,591501045,88,2827,9507,7726,24674,1395,3,1,True
2026-05-01T13:22:45.919,T1,1,3677,3.621,-65.3,-91.4,-26.1,124.78,412096495,412094950,96,7728,11979,7636,20713,1224,3,1,True
2026-05-01T13:22:46.161,T1,1,3679,3.363,-67.0,-93.8,-26.8,93.56,405922848,405921414,116,6948,10853,13483,43190,1874,3,1,True
2026-05-01T13:22:46.219,T1,1,3680,4.362,-79.4,-99.0,-19.6,66.3,437011013,437009153,20,109,1326,1035,498,309,3,1,True
2026-05-01T13:22:46.340,T1,1,3681,3.612,-66.6,-94.7,-28.1,72.08,492395130,492393589,120,5746,8650,10671,34717,1660,3,1,True
2026-05-01T13:22:46.550,T1,1,3683,4.146,-79.6,-97.5,-17.9,83.5,397864319,397862550,16,438,1336,1083,381,272,3,1,True
2026-05-01T13:22:46.700,T1,1,3684,3.508,-66.3,-95.3,-29.0,58.38,409750278,409748782,104,5047,6072,9775,29248,1507,3,1,True
2026-05-01T13:22:46.761,T1,1,3685,3.546,-67.1,-94.6,-27.4,60.68,450726108,450724595,120,7916,7282,12404,39365,1798,3,1,True
2026-05-01T13:22:46.851,T1,1,3686,3.532,-67.1,-94.1,-27.0,86.46,433467506,433466000,120,5260,10375,12045,37128,1745,3,1,True
2026-05-01T13:22:47.211,T1,1,3689,3.48,-67.6,-94.5,-26.9,102.4,448307386,448305901,124,3711,12698,10411,39343,1824,3,1,True
2026-05-01T13:22:47.301,T1,1,3690,5.023,-66.8,-94.3,-27.5,102.15,759066585,759064443,128,4773,13075,8858,38528,1759,3,1,True
2026-05-01T13:22:47.630,T1,1,3693,4.948,-67.4,-94.5,-27.1,97.93,771897884,771895773,128,5423,12535,8124,35763,1730,3,1,True
2026-05-01T13:22:47.719,T1,1,3694,4.043,-66.1,-94.2,-28.1,105.04,451330981,451329256,112,4583,11765,8290,33080,1593,3,1,True
2026-05-01T13:22:47.839,T1,1,3695,3.612,-66.8,-94.6,-27.8,103.64,450017507,450015967,104,3938,10779,7762,28848,1521,3,1,True
2026-05-01T13:22:48.170,T1,1,3698,4.038,-67.8,-94.9,-27.1,89.66,713730270,713728548,128,3591,11476,11545,41869,1896,3,1,True
2026-05-01T13:22:48.321,T1,1,3699,4.259,-66.8,-94.3,-27.5,73.84,751910343,751908526,112,4671,8270,11585,31539,1590,3,1,True
2026-05-01T13:22:48.381,T1,1,3700,3.565,-67.0,-95.0,-28.1,91.91,482628982,482627461,108,3310,9926,7815,28038,1509,3,1,True
2026-05-01T13:22:48.590,T1,1,3702,4.385,-68.1,-95.1,-27.0,78.22,464483324,464481453,100,3482,7822,8052,21410,1369,3,1,True
2026-05-01T13:22:48.799,T1,1,3704,3.433,-66.2,-94.4,-28.2,95.46,412479829,412478364,104,2754,9928,8330,26284,1421,3,1,True
2026-05-01T13:22:48.950,T1,1,3705,3.522,-66.7,-94.9,-28.2,70.14,434625472,434623969,116,4843,8136,10797,33504,1632,3,1,True
2026-05-01T13:22:49.130,T1,1,3707,4.353,-73.2,-96.1,-22.8,70.93,421519961,421518105,28,1226,1986,2930,1904,488,3,1,True
2026-05-01T13:22:49.220,T1,1,3708,4.404,-79.8,-98.0,-18.2,49.25,434812074,434810195,20,619,985,1443,465,303,3,1,True
2026-05-01T13:22:49.341,T1,1,3709,3.49,-67.3,-94.3,-27.1,89.77,418935020,418933532,132,3760,11849,13236,45365,1939,3,1,True
2026-05-01T13:22:50.179,T1,1,3716,3.865,-66.9,-93.9,-26.9,82.99,597653873,597652225,124,6010,10291,12684,38327,1762,3,1,True
2026-05-01T13:22:50.270,T1,1,3717,4.16,-67.3,-94.2,-26.8,103.21,734020500,734018726,116,4369,11972,9075,32227,1639,3,1,True
2026-05-01T13:22:50.479,T1,1,3719,3.982,-67.3,-94.1,-26.8,86.73,479985269,479983570,124,5228,10755,11782,36722,1746,3,1,True
2026-05-01T13:22:50.601,T1,1,3720,4.212,-71.7,-94.1,-22.4,69.79,749657348,749655551,108,7017,7537,10826,21232,1547,3,1,True
2026-05-01T13:22:50.809,T1,1,3722,3.396,-66.9,-94.0,-27.1,78.03,397372074,397370625,128,5147,9988,11372,33153,1637,3,1,True
2026-05-01T13:22:51.561,T1,1,3728,4.39,-71.2,-96.1,-24.9,76.09,444948569,444946697,56,1987,4261,5316,7873,926,3,1,True
2026-05-01T13:22:51.591,T1,1,3729,4.385,-99.3,-105.4,-6.1,29.62,439962592,439960721,8,95,237,177,3,118,3,1,True
2026-05-01T13:22:51.739,T1,1,3730,3.532,-66.4,-94.1,-27.7,97.98,432343706,432342199,96,5906,9406,6322,22623,1329,3,1,True
2026-05-01T13:22:51.919,T1,1,3732,4.836,-66.6,-95.1,-28.5,93.68,733253629,733251566,104,1868,9743,9012,31002,1565,3,1,True
2026-05-01T13:22:52.161,T1,1,3734,4.925,-66.2,-94.1,-27.8,62.69,654544622,654542522,108,8332,6770,10710,31950,1570,3,1,True
2026-05-01T13:22:52.250,T1,1,3735,3.443,-66.1,-95.1,-28.9,76.94,425921439,425919971,108,5227,8310,9704,33484,1601,3,1,True
2026-05-01T13:22:52.339,T1,1,3736,5.122,-66.4,-94.7,-28.3,64.44,758074216,758072032,140,2164,9021,11865,35718,1668,3,1,True
2026-05-01T13:22:52.430,T1,1,3737,3.644,-66.6,-94.7,-28.1,72.06,489407407,489405852,116,6638,8359,11715,39356,1768,3,1,True
2026-05-01T13:22:52.578,T1,1,3738,3.945,-68.3,-94.8,-26.6,80.84,387353483,387351801,112,2481,9054,9690,26254,1527,3,1,True
2026-05-01T13:22:52.669,T1,1,3739,3.959,-64.9,-91.8,-26.9,91.99,450664937,450663248,128,10195,11775,12976,36985,1614,3,1,True
2026-05-01T13:22:52.729,T1,1,3740,4.043,-66.4,-93.1,-26.7,108.87,628305382,628303657,104,6722,11322,7869,25706,1415,3,1,True
2026-05-01T13:22:52.850,T1,1,3741,3.513,-65.0,-92.7,-27.7,60.36,416355319,416353820,132,11866,7968,10159,33799,1549,3,1,True
2026-05-01T13:22:53.061,T1,1,3743,3.494,-65.8,-94.0,-28.2,89.85,398217684,398216193,104,3243,9344,10135,28509,1462,3,1,True
2026-05-01T13:22:53.180,T1,1,3744,3.555,-66.2,-93.6,-27.5,101.73,435953756,435952240,120,8116,12208,8131,35528,1653,3,1,True
2026-05-01T13:22:53.749,T1,1,3749,3.438,-65.5,-93.8,-28.3,46.63,387976367,387974900,192,7059,8953,5358,21797,1265,3,1,True
2026-05-01T13:22:53.839,T1,1,3750,4.034,-66.2,-92.6,-26.4,137.99,436268951,436267231,96,5315,13247,11347,33121,1598,3,1,True
2026-05-01T13:22:54.319,T1,1,3754,4.568,-83.1,-93.1,-10.0,98.81,457728560,457726611,16,908,1581,1215,167,203,3,1,True
2026-05-01T13:22:54.529,T1,1,3756,3.555,-66.0,-90.5,-24.5,129.73,396399407,396397890,112,8696,14530,10843,25139,1380,3,1,True
2026-05-01T13:22:54.740,T1,1,3758,4.986,-66.6,-94.6,-28.0,63.92,734130147,734128020,140,9852,8949,6031,32333,1600,3,1,True
2026-05-01T13:22:54.890,T1,1,3759,3.616,-64.4,-97.3,-33.0,51.21,450941771,450940229,92,4850,4711,3590,19567,1152,3,1,True
2026-05-01T13:22:54.949,T1,1,3760,3.701,-63.8,-96.6,-32.8,52.68,480568744,480567165,84,7467,4425,3943,26443,1313,3,1,True
2026-05-01T13:22:55.041,T1,1,3761,3.912,-64.7,-90.0,-25.3,97.12,423856990,423855321,136,42,13208,15665,25471,1331,3,1,True
2026-05-01T13:22:55.280,T1,1,3763,5.023,-62.5,-90.5,-28.0,105.21,722893723,722891581,76,11108,7996,7358,19043,1065,3,1,True
2026-05-01T13:22:55.490,T1,1,3765,5.117,-64.6,-90.4,-25.8,48.65,735302392,735300210,92,15124,4476,7264,19942,1173,3,1,True
2026-05-01T13:22:55.970,T1,1,3769,3.597,-66.4,-95.4,-28.9,88.85,453536822,453535288,92,2833,8174,7281,23598,1359,3,1,True
2026-05-01T13:22:56.060,T1,1,3770,3.358,-63.0,-93.6,-30.7,29.07,409549629,409548196,160,8664,4651,6560,21980,1164,3,1,True
2026-05-01T13:22:56.181,T1,1,3771,3.593,-66.3,-94.0,-27.7,32.64,479194970,479193438,124,9303,4047,7527,21542,1292,3,1,True
2026-05-01T13:22:56.389,T1,1,3773,4.076,-65.3,-91.4,-26.1,50.67,654661922,654660183,92,14335,4662,6535,21465,1246,3,1,True
2026-05-01T13:22:56.658,T1,1,3775,3.748,-63.6,-79.4,-15.8,350.9,454184072,454182474,48,12380,16843,14044,14386,962,3,1,True
2026-05-01T13:22:56.810,T1,1,3777,3.668,-63.6,-93.4,-29.8,95.08,390171380,390169815,84,3113,7987,7491,18435,1089,3,1,True
2026-05-01T13:23:05.090,T1,1,3853,2.917,-62.8,-94.7,-31.9,96.59,386116109,386114865,76,3667,7341,6492,22160,1160,3,1,True
2026-05-01T13:23:05.660,T1,1,3858,3.152,-63.8,-95.7,-31.9,71.43,666562547,666561202,80,1218,5714,6803,19324,1123,3,1,True
2026-05-01T13:23:05.780,T1,1,3859,3.166,-64.1,-97.1,-33.0,73.61,731475851,731474501,96,4428,7067,4113,27886,1361,3,1,True
2026-05-01T13:23:06.111,T1,1,3862,2.941,-64.4,-95.9,-31.5,76.65,396026057,396024802,84,1913,6439,7177,23238,1256,3,1,True
2026-05-01T13:23:06.259,T1,1,3863,3.264,-64.6,-95.6,-31.0,73.69,736728677,736727285,96,2918,7074,7359,25133,1316,3,1,True
2026-05-01T13:23:06.319,T1,1,3864,2.974,-63.7,-95.5,-31.8,81.98,431324345,431323076,84,3173,6886,6459,22863,1218,3,1,True
2026-05-01T13:23:06.648,T1,1,3867,3.082,-63.1,-92.2,-29.1,97.14,403481196,403479882,88,8417,8548,6332,20705,1133,3,1,True
2026-05-01T13:23:07.340,T1,1,3873,2.978,-64.0,-94.2,-30.3,65.64,398481276,398480006,96,7832,6301,6947,25131,1288,3,1,True
2026-05-01T13:23:07.459,T1,1,3874,3.035,-62.7,-95.2,-32.5,84.38,409963696,409962402,76,5694,6413,5183,22916,1178,3,1,True
2026-05-01T13:23:07.548,T1,1,3875,3.067,-64.1,-95.2,-31.2,80.28,430216612,430215304,104,6635,8349,6033,31539,1447,3,1,True
2026-05-01T13:23:08.509,T1,1,3883,3.194,-64.1,-94.4,-30.3,57.52,395726479,395725116,84,5352,4832,7107,17768,1089,3,1,True
2026-05-01T13:23:08.689,T1,1,3885,3.818,-88.8,-102.5,-13.7,37.33,389317931,389316302,12,224,448,277,59,157,3,1,True
2026-05-01T13:23:08.809,T1,1,3886,3.269,-63.4,-95.5,-32.1,68.08,489502500,489501105,100,3867,6808,5565,21454,1166,3,1,True
2026-05-01T13:23:09.139,T1,1,3889,3.1,-63.5,-91.9,-28.3,91.14,387165011,387163689,72,9283,6562,7153,18139,1078,3,1,True
2026-05-01T13:23:09.739,T1,1,3894,3.504,-63.2,-96.3,-33.1,92.83,651365309,651363814,72,2344,6684,5357,22611,1189,3,1,True
2026-05-01T13:23:09.951,T1,1,3896,3.823,-103.2,-108.4,-5.2,14.5,392617408,392615777,8,91,116,134,1,107,1,1,False
2026-05-01T13:23:10.038,T1,1,3897,3.743,-62.6,-95.7,-33.1,78.89,495985234,495983637,92,3091,7258,4861,22277,1156,3,1,True
2026-05-01T13:23:10.129,T1,1,3898,3.264,-64.2,-94.7,-30.5,50.53,492116754,492115361,80,5764,4042,6660,17373,1080,3,1,True
2026-05-01T13:23:10.249,T1,1,3899,3.218,-63.8,-95.2,-31.4,55.33,422665430,422664058,88,4671,4869,6121,17641,1072,3,1,True
2026-05-01T13:23:10.370,T1,1,3900,3.658,-64.0,-95.9,-31.9,97.91,669785740,669784180,76,3182,7441,4787,21720,1198,3,1,True
2026-05-01T13:23:10.579,T1,1,3902,4.128,-94.3,-105.3,-11.0,29.25,439748247,439746486,8,108,234,192,10,121,3,1,True
2026-05-01T13:23:10.668,T1,1,3903,4.451,-64.1,-95.7,-31.6,91.12,753729642,753727743,76,3487,6925,5682,21481,1196,3,1,True
2026-05-01T13:23:10.880,T1,1,3905,3.208,-63.7,-95.9,-32.2,93.88,385309471,385308102,76,3652,7135,4447,21200,1174,3,1,True
2026-05-01T13:23:11.001,T1,1,3906,3.766,-64.3,-95.9,-31.6,77.66,737241272,737239666,88,2794,6834,4552,18329,1112,3,1,True
2026-05-01T13:23:11.599,T1,1,3911,3.734,-64.2,-94.7,-30.6,85.29,718088976,718087383,84,2998,7164,6635,19544,1143,3,1,True
2026-05-01T13:23:11.658,T1,1,3912,3.419,-65.2,-93.5,-28.3,92.53,494457678,494456220,100,6095,9253,9389,27667,1412,3,1,True
2026-05-01T13:23:11.778,T1,1,3913,3.297,-63.7,-94.3,-30.5,82.79,429902898,429901492,100,5893,8279,6234,24436,1260,3,1,True
2026-05-01T13:23:11.868,T1,1,3914,3.851,-63.8,-94.6,-30.8,74.41,512248425,512246782,116,5939,8632,6215,27388,1336,3,1,True
2026-05-01T13:23:11.958,T1,1,3915,3.269,-63.2,-94.3,-31.2,75.93,435988216,435986822,112,5543,8504,6121,25481,1261,3,1,True
2026-05-01T13:23:12.919,T1,1,3923,3.204,-63.6,-94.3,-30.7,67.71,394746584,394745217,100,5077,6771,8738,26038,1295,3,1,True
2026-05-01T13:23:21.108,T1,1,3998,3.086,-64.2,-95.4,-31.2,80.09,396813205,396811888,92,4236,7368,6289,24195,1273,3,1,True
2026-05-01T13:23:21.588,T1,1,4002,3.419,-65.0,-95.8,-30.8,53.5,642751784,642750326,108,4097,5778,9762,32959,1529,3,1,True
2026-05-01T13:23:21.679,T1,1,4003,4.165,-78.5,-98.8,-20.3,66.06,449193096,449191319,16,607,1057,748,364,256,3,1,True
2026-05-01T13:23:22.009,T1,1,4006,4.048,-66.9,-95.8,-28.9,67.85,441487810,441486083,68,2451,4614,5715,11812,976,3,1,True
2026-05-01T13:23:22.158,T1,1,4007,3.25,-64.4,-95.2,-30.8,48.46,420042791,420041404,104,3397,5040,8406,22090,1224,3,1,True
2026-05-01T13:23:22.219,T1,1,4008,3.279,-93.9,-107.3,-13.4,65.39,493986004,493984605,56,1810,3662,2588,3915,2305,3,1,True
2026-05-01T13:23:22.429,T1,1,4010,3.612,-64.4,-94.5,-30.1,89.06,711569074,711567534,96,4910,8550,6008,23218,1256,3,1,True
2026-05-01T13:23:22.551,T1,1,4011,3.696,-64.6,-94.3,-29.7,89.36,752148189,752146613,108,4974,9651,8484,31011,1461,3,1,True
2026-05-01T13:23:22.999,T1,1,4015,3.269,-64.7,-93.9,-29.2,109.45,422660015,422658620,92,7080,10069,6754,29306,1424,3,1,True
2026-05-01T13:23:23.119,T1,1,4016,3.668,-64.1,-94.0,-29.8,87.13,722691237,722689673,104,6663,9062,6645,26655,1334,3,1,True
2026-05-01T13:23:23.358,T1,1,4018,3.241,-64.4,-94.3,-29.9,95.26,405923655,405922272,96,5503,9145,6108,25345,1313,3,1,True
2026-05-01T13:23:23.541,T1,1,4020,3.855,-64.0,-94.6,-30.6,81.47,407912722,407911078,88,5090,7169,6906,22715,1224,3,1,True
2026-05-01T13:23:23.658,T1,1,4021,3.771,-64.6,-94.3,-29.6,78.79,747671956,747670347,76,4827,5988,7687,19179,1151,3,1,True
2026-05-01T13:23:23.779,T1,1,4022,3.325,-64.5,-94.1,-29.6,82.92,407735627,407734208,96,5672,7960,10164,31375,1468,3,1,True
2026-05-01T13:23:24.438,T1,1,4028,3.926,-90.7,-101.1,-10.5,49.12,394994515,394992840,8,292,393,368,32,143,3,1,True
2026-05-01T13:23:24.559,T1,1,4029,3.354,-63.9,-94.5,-30.6,89.01,444352097,444350667,80,5036,7121,6826,21918,1198,3,1,True
2026-05-01T13:23:24.650,T1,1,4030,3.391,-64.9,-94.5,-29.6,99.5,475671760,475670314,100,6629,9950,7473,33609,1539,3,1,True
2026-05-01T13:23:24.769,T1,1,4031,4.461,-63.7,-94.2,-30.5,94.3,694234387,694232485,88,5653,8298,5356,21988,1193,3,1,True
2026-05-01T13:23:24.859,T1,1,4032,3.41,-64.0,-94.2,-30.2,73.88,476014172,476012718,84,4945,6206,7754,20750,1172,3,1,True
2026-05-01T13:23:24.950,T1,1,4033,4.062,-63.2,-94.4,-31.2,82.58,494857814,494856082,104,6601,8588,5795,27978,1322,3,1,True
2026-05-01T13:23:25.040,T1,1,4034,3.386,-63.5,-94.7,-31.1,75.86,436304999,436303555,76,4267,5765,7189,19766,1125,3,1,True
2026-05-01T13:23:25.191,T1,1,4035,4.7,-63.5,-94.6,-31.0,98.78,750857800,750855796,80,5867,7902,4831,22569,1203,3,1,True
2026-05-01T13:23:25.248,T1,1,4036,4.259,-71.1,-96.5,-25.5,78.32,445342223,445340407,28,1383,2193,2247,2067,472,3,1,True
2026-05-01T13:23:33.410,T1,1,4111,3.232,-62.1,-93.1,-31.0,54.25,713118786,713117408,92,9810,4991,5836,22918,1154,3,1,True
2026-05-01T13:23:43.158,T1,1,4199,3.354,-83.4,-98.9,-15.5,64.58,458290326,458288895,12,383,775,838,186,217,3,1,True
2026-05-01T13:23:43.519,T1,1,4202,3.119,-64.4,-95.2,-30.7,91.74,728903389,728902058,80,2998,7339,6592,21599,1214,3,1,True
2026-05-01T13:23:43.968,T1,1,4206,3.335,-91.6,-101.9,-10.2,48.0,399436304,399434881,8,200,384,367,26,144,3,1,True
2026-05-01T13:23:44.420,T1,1,4210,3.466,-95.4,-104.0,-8.5,36.5,439913113,439911635,8,159,292,190,8,124,3,1,True
2026-05-01T13:23:44.538,T1,1,4211,2.716,-65.0,-95.7,-30.6,61.85,725052366,725051207,104,4037,6432,7800,25828,1354,3,1,True
2026-05-01T13:23:44.747,T1,1,4213,3.527,-76.0,-96.5,-20.5,54.55,462510261,462508757,20,1399,1091,1080,529,283,3,1,True
2026-05-01T13:23:45.499,T1,1,4219,3.471,-64.4,-90.9,-26.5,114.22,729969739,729968259,88,9683,10051,10699,23463,1261,3,1,True
2026-05-01T13:23:45.559,T1,1,4220,3.691,-74.4,-94.4,-20.0,81.58,440352665,440351091,24,2397,1958,1337,968,362,3,1,True
2026-05-01T13:23:45.678,T1,1,4221,2.622,-65.2,-96.9,-31.7,42.26,407498678,407497559,108,7035,4564,4985,27162,1395,3,1,True
2026-05-01T13:23:45.888,T1,1,4223,3.574,-80.9,-94.0,-13.0,71.81,401384291,401382766,16,1441,1149,947,211,212,3,1,True
2026-05-01T13:23:46.100,T1,1,4225,3.236,-63.4,-90.0,-26.6,83.17,767424333,767422953,84,15437,6986,4215,20069,1127,3,1,True
2026-05-01T13:23:46.189,T1,1,4226,3.616,-73.2,-101.9,-28.6,44.18,442376162,442374620,28,575,1237,761,1264,398,3,1,True
2026-05-01T13:23:46.307,T1,1,4227,3.1,-64.1,-90.8,-26.7,125.14,725818467,725817145,72,3495,9010,11406,17019,1064,3,1,True
2026-05-01T13:23:46.757,T1,1,4231,2.974,-64.4,-95.1,-30.7,25.67,772791384,772790115,96,8586,2464,6613,24655,1293,3,1,True
2026-05-01T13:23:46.848,T1,1,4232,3.466,-65.3,-93.3,-28.0,95.74,444444592,444443113,88,6273,8425,8134,21787,1254,3,1,True
2026-05-01T13:23:46.968,T1,1,4233,3.1,-64.6,-94.6,-30.0,89.38,724955585,724954262,96,2730,8580,6060,20772,1198,3,1,True
2026-05-01T13:23:47.179,T1,1,4235,3.344,-64.2,-97.2,-33.0,41.98,468204203,468202777,88,5058,3694,4896,20725,1180,3,1,True
2026-05-01T13:23:48.139,T1,1,4243,3.715,-88.2,-99.0,-10.8,19.67,454692664,454691079,12,734,236,484,76,167,3,1,True
2026-05-01T13:23:48.257,T1,1,4244,3.757,-95.7,-102.9,-7.2,34.62,440916626,440915023,8,205,277,235,7,120,3,1,True
2026-05-01T13:23:49.039,T1,1,4251,3.053,-65.0,-95.5,-30.5,60.91,415846560,415845258,92,5160,5604,7699,24888,1329,3,1,True
2026-05-01T13:23:49.159,T1,1,4252,2.894,-65.8,-95.4,-29.6,86.22,436342110,436340875,116,5975,10002,6114,33428,1583,3,1,True
2026-05-01T13:23:49.280,T1,1,4253,3.208,-64.9,-94.9,-30.0,50.36,729225505,729224136,100,5508,5036,9374,26742,1372,3,1,True
2026-05-01T13:23:49.730,T1,1,4257,3.03,-65.1,-96.2,-31.1,66.54,641870190,641868897,112,7150,7453,4498,31131,1493,3,1,True
2026-05-01T13:23:49.849,T1,1,4258,2.974,-63.9,-92.7,-28.8,88.49,423789775,423788506,88,10193,7787,6100,23985,1256,3,1,True
2026-05-01T13:23:49.938,T1,1,4259,3.429,-64.5,-92.6,-28.1,85.21,426575712,426574249,112,10021,9543,7416,27453,1372,3,1,True
2026-05-01T13:23:50.148,T1,1,4261,3.954,-65.4,-93.0,-27.6,134.8,605955611,605953924,88,8946,11862,6820,30835,1499,3,1,True
2026-05-01T13:23:50.239,T1,1,4262,3.438,-65.9,-93.1,-27.2,106.86,509587963,509586497,88,4608,9404,10397,24761,1366,3,1,True
2026-05-01T13:23:50.360,T1,1,4263,3.719,-67.6,-92.8,-25.2,117.01,425508792,425507205,68,7156,7957,6535,14791,1120,3,1,True
2026-05-01T13:23:50.417,T1,1,4264,3.025,-65.1,-94.1,-29.0,79.91,473915817,473914527,96,8232,7671,5375,23684,1300,3,1,True
2026-05-01T13:23:50.539,T1,1,4265,3.752,-65.2,-93.8,-28.6,69.62,748600263,748598662,104,10847,7241,7322,31156,1494,3,1,True
2026-05-01T13:23:50.779,T1,1,4267,3.466,-66.2,-97.4,-31.2,60.7,416877624,416876145,92,3900,5584,5769,23679,1349,3,1,True
2026-05-01T13:23:50.869,T1,1,4268,3.41,-64.4,-94.9,-30.5,74.16,493411627,493410173,100,4919,7416,6881,24097,1280,3,1,True
2026-05-01T13:23:51.078,T1,1,4270,4.128,-64.2,-91.9,-27.7,122.55,760351021,760349261,92,8275,11275,7059,23853,1266,3,1,True
2026-05-01T13:23:51.409,T1,1,4273,3.133,-82.3,-93.4,-11.1,91.31,454816368,454815031,96,8927,8766,7073,8048,1371,3,1,True
2026-05-01T13:23:51.497,T1,1,4274,2.95,-65.2,-92.6,-27.4,77.07,403607992,403606733,108,11964,8324,8777,30705,1484,3,1,True
2026-05-01T13:23:51.739,T1,1,4276,3.011,-64.9,-92.3,-27.4,73.01,451981369,451980084,100,12166,7301,8763,28315,1414,3,1,True
2026-05-01T13:23:52.098,T1,1,4279,2.997,-64.7,-90.8,-26.1,120.72,419100976,419099697,88,11342,10623,9869,24716,1312,3,1,True
2026-05-01T13:23:52.188,T1,1,4280,3.762,-65.1,-91.6,-26.5,112.49,747710720,747709115,88,10153,9899,10464,26188,1366,3,1,True
2026-05-01T13:23:52.520,T1,1,4283,3.077,-65.5,-92.2,-26.7,130.33,402332002,402330689,96,8522,12512,7996,27779,1428,3,1,True
2026-05-01T13:23:52.610,T1,1,4284,3.124,-64.4,-92.0,-27.6,115.52,427584622,427583290,96,6915,11090,7492,22172,1230,3,1,True
2026-05-01T13:23:52.968,T1,1,4287,3.926,-64.9,-93.3,-28.4,118.61,721092401,721090726,80,2285,9489,10029,24902,1323,3,1,True
2026-05-01T13:23:53.059,T1,1,4288,4.245,-65.4,-93.5,-28.1,104.9,747195590,747193779,112,3973,11749,9091,30615,1495,3,1,True
2026-05-01T13:23:53.149,T1,1,4289,3.039,-64.5,-93.3,-28.7,114.95,435920722,435919426,84,4174,9656,8501,23661,1275,3,1,True
2026-05-01T13:23:53.269,T1,1,4290,3.067,-65.2,-93.5,-28.3,100.43,424229467,424228159,116,4995,11650,8653,30777,1489,3,1,True
2026-05-01T13:23:53.479,T1,1,4292,3.682,-90.6,-100.6,-10.0,24.08,390067771,390066201,12,382,289,461,34,146,3,1,True
2026-05-01T13:23:54.078,T1,1,4297,3.987,-64.1,-95.3,-31.2,88.18,718120552,718118851,100,4169,8818,5386,26439,1327,3,1,True
2026-05-01T13:23:54.167,T1,1,4298,3.977,-67.3,-95.9,-28.6,74.65,489489477,489487780,68,3509,5076,6290,15415,1132,3,1,True
2026-05-01T13:23:54.259,T1,1,4299,3.007,-64.3,-96.0,-31.8,83.04,402961188,402959905,100,1981,8304,5707,26346,1333,3,1,True
2026-05-01T13:23:54.378,T1,1,4300,3.11,-64.1,-96.2,-32.1,72.35,468002252,468000925,88,3160,6367,6887,25757,1309,3,1,True
2026-05-01T13:23:54.469,T1,1,4301,3.363,-64.5,-96.8,-32.3,67.09,749035784,749034350,104,2283,6977,6040,26556,1350,3,1,True
2026-05-01T13:23:54.587,T1,1,4302,3.035,-64.5,-96.3,-31.8,74.79,427050382,427049088,104,3015,7778,6857,30580,1449,3,1,True
2026-05-01T13:23:54.708,T1,1,4303,3.091,-64.3,-97.0,-32.7,73.34,409919508,409918189,80,3345,5867,5388,23402,1258,3,1,True
2026-05-01T13:23:54.797,T1,1,4304,4.024,-66.7,-95.4,-28.7,26.41,490743331,490741614,80,7797,2113,5937,18541,1216,3,1,True
2026-05-01T13:23:54.865,T1,1,4305,3.035,-64.5,-94.9,-30.3,20.87,410996215,410994920,92,9261,1920,6693,25245,1317,3,1,True
2026-05-01T13:23:54.979,T1,1,4306,3.485,-64.1,-95.1,-30.9,36.52,746546763,746545276,96,8396,3506,7220,27249,1349,3,1,True
2026-05-01T13:23:55.147,T1,1,4307,3.494,-64.9,-98.0,-33.2,69.24,730765784,730764293,92,1513,6370,4634,24477,1312,3,1,True
2026-05-01T13:23:55.819,T1,1,4313,3.748,-70.1,-98.9,-28.8,50.97,406377102,406375504,32,1467,1631,1757,2569,509,3,1,True
2026-05-01T13:23:55.997,T1,1,4315,4.179,-64.0,-96.7,-32.6,61.61,705576657,705574874,112,4067,6900,5324,27171,1341,3,1,True
2026-05-01T13:23:56.088,T1,1,4316,3.152,-64.8,-94.2,-29.4,82.17,445870685,445869340,96,6301,7888,8171,26520,1360,3,1,True
2026-05-01T13:23:56.208,T1,1,4317,3.171,-65.1,-94.7,-29.6,76.21,466247558,466246206,96,2272,7316,8478,22605,1271,3,1,True
2026-05-01T13:23:56.297,T1,1,4318,3.574,-65.4,-94.8,-29.4,85.68,730380890,730379366,100,2609,8568,7493,23658,1314,3,1,True
2026-05-01T13:23:56.747,T1,1,4322,3.025,-65.7,-95.5,-29.9,44.91,398770314,398769024,104,7570,4671,7207,26597,1405,3,1,True
2026-05-01T13:23:56.868,T1,1,4323,3.902,-88.9,-104.1,-15.2,30.17,442757799,442756134,12,204,362,267,62,162,3,1,True
2026-05-01T13:23:56.957,T1,1,4324,3.011,-65.5,-93.6,-28.1,75.31,407475182,407473898,116,10379,8736,8482,33881,1577,3,1,True
2026-05-01T13:23:57.319,T1,1,4327,4.095,-65.7,-96.5,-30.8,70.41,658151385,658149638,100,2742,7041,6987,26732,1409,3,1,True
2026-05-01T13:23:57.421,T1,1,4328,3.086,-65.0,-94.7,-29.7,36.39,406209097,406207781,88,7457,3202,7302,20795,1216,3,1,True
2026-05-01T13:23:57.499,T1,1,4329,3.851,-67.4,-92.6,-25.2,110.18,424341758,424340116,88,5984,9696,7668,17090,1195,3,1,True
2026-05-01T13:23:57.738,T1,1,4331,3.082,-65.1,-94.7,-29.6,100.15,437129365,437128051,72,5205,7211,7447,23474,1294,3,1,True
2026-05-01T13:23:57.829,T1,1,4332,3.25,-64.7,-95.7,-31.0,84.3,481491111,481489725,96,2044,8093,7143,27290,1375,3,1,True
2026-05-01T13:23:58.189,T1,1,4335,4.038,-67.2,-92.4,-25.2,130.62,454541812,454540090,76,4402,9927,10058,19164,1257,3,1,True
2026-05-01T13:23:58.367,T1,1,4337,3.096,-64.9,-94.0,-29.0,116.96,392956451,392955130,72,5200,8421,6588,20917,1215,3,1,True
2026-05-01T13:23:58.488,T1,1,4338,4.123,-69.4,-96.3,-26.9,80.77,748854630,748852871,96,1625,7754,5628,17520,1296,3,1,True
2026-05-01T13:23:58.577,T1,1,4339,3.161,-65.9,-96.6,-30.7,72.17,421904870,421903521,108,3821,7794,5520,26938,1426,3,1,True
2026-05-01T13:23:58.788,T1,1,4340,3.283,-64.9,-96.1,-31.2,81.2,468188214,468186814,76,3714,6171,4517,17570,1111,3,1,True
2026-05-01T13:23:58.908,T1,1,4342,3.644,-65.1,-92.6,-27.5,104.62,762603353,762601798,88,7327,9207,8036,21727,1245,3,1,True
2026-05-01T13:23:59.057,T1,1,4343,4.212,-68.2,-94.5,-26.4,86.61,488262510,488260714,64,2904,5543,6928,11826,1021,3,1,True
2026-05-01T13:23:59.118,T1,1,4344,3.682,-65.0,-92.3,-27.3,120.99,492991770,492990200,80,2710,9679,9718,19789,1185,3,1,True
2026-05-01T13:23:59.240,T1,1,4345,3.663,-63.7,-95.5,-31.8,54.43,441392270,441390708,84,5444,4572,6925,22594,1208,3,1,True
2026-05-01T13:23:59.298,T1,1,4346,3.719,-65.4,-96.5,-31.1,93.76,488051056,488049470,72,5742,6751,4346,24883,1345,3,1,True
2026-05-01T13:23:59.418,T1,1,4347,4.446,-63.1,-92.5,-29.4,93.16,746796587,746794690,76,7640,7080,5829,17085,1032,3,1,True
2026-05-01T13:23:59.508,T1,1,4348,4.728,-66.3,-83.7,-17.4,198.36,488201779,488199762,64,10415,12695,10694,9740,870,3,1,True
2026-05-01T13:23:59.599,T1,1,4349,3.091,-62.8,-94.5,-31.6,24.27,418274847,418273529,80,9514,1942,2371,19312,1086,3,1,True
2026-05-01T13:23:59.719,T1,1,4350,3.63,-63.0,-79.5,-16.5,213.77,489501513,489499964,80,16920,17102,10747,16572,1011,3,1,True
2026-05-01T13:23:59.927,T1,1,4352,5.075,-64.2,-79.8,-15.6,113.15,749720196,749718032,152,14756,17199,12588,15046,1005,3,1,True
2026-05-01T13:24:00.139,T1,1,4354,3.94,-63.3,-83.2,-19.9,168.73,768489552,768487872,100,11828,16873,16098,20623,1139,3,1,True
2026-05-01T13:24:00.288,T1,1,4355,3.48,-63.4,-85.4,-22.0,183.78,466116680,466115195,88,10469,16173,17467,23644,1223,3,1,True
2026-05-01T13:24:00.467,T1,1,4357,4.179,-66.5,-87.5,-21.0,195.78,449444013,449442230,68,11456,13313,8861,12565,995,3,1,True
2026-05-01T13:24:00.559,T1,1,4358,3.48,-64.3,-87.1,-22.7,223.21,496864412,496862927,84,14044,18750,14199,27496,1365,3,1,True
2026-05-01T13:24:00.679,T1,1,4359,3.855,-65.2,-88.7,-23.5,184.46,725586563,725584919,96,11596,17708,14786,29043,1447,3,1,True
2026-05-01T13:24:01.009,T1,1,4362,3.841,-63.9,-88.5,-24.7,138.6,709623164,709621525,92,18012,12751,8315,25375,1289,3,1,True
2026-05-01T13:24:01.714,T1,1,4368,4.221,-65.6,-85.5,-19.9,168.22,462452983,462451182,96,13037,16149,13215,18288,1163,3,1,True
2026-05-01T13:24:01.819,T1,1,4369,4.217,-99.0,-97.7,1.3,59.12,423385690,423383892,8,441,473,339,3,115,1,1,False
2026-05-01T13:24:02.298,T1,1,4373,3.419,-64.2,-82.0,-17.8,253.93,443314518,443313060,72,9144,18283,17381,18799,1121,3,1,True
2026-05-01T13:24:02.390,T1,1,4374,3.593,-64.6,-82.0,-17.4,184.56,539149858,539148325,108,16717,19933,17810,25164,1318,3,1,True
2026-05-01T13:24:02.840,T1,1,4378,4.643,-65.0,-88.0,-23.0,204.15,724952090,724950109,88,8130,17965,15192,23166,1282,3,1,True
2026-05-01T13:24:02.929,T1,1,4379,4.268,-65.8,-94.3,-28.4,111.92,746215661,746213840,72,628,8058,7749,18747,1186,3,1,True
2026-05-01T13:24:03.229,T1,1,4381,3.827,-64.6,-89.1,-24.5,149.17,765314174,765312541,92,13501,13724,9297,22582,1249,3,1,True
2026-05-01T13:24:03.258,T1,1,4382,3.199,-63.0,-95.1,-32.1,67.08,401464234,401462869,96,6093,6440,6465,26416,1279,3,1,True
2026-05-01T13:24:03.587,T1,1,4385,3.25,-64.0,-91.8,-27.8,101.67,394391539,394390153,92,6921,9354,8365,19797,1144,3,1,True
2026-05-01T13:24:03.678,T1,1,4386,3.48,-63.5,-85.8,-22.3,181.16,466054656,466053172,96,17196,17391,13122,27465,1323,3,1,True
2026-05-01T13:24:03.798,T1,1,4387,4.132,-67.0,-89.0,-22.0,163.76,441867953,441866190,84,12524,13756,12086,20145,1282,3,1,True
2026-05-01T13:24:03.917,T1,1,4388,3.855,-65.3,-92.3,-27.0,134.99,723736889,723735244,112,5697,15119,9863,34999,1591,3,1,True
2026-05-01T13:24:04.007,T1,1,4389,3.851,-65.1,-90.1,-25.0,188.43,724433590,724431948,88,10358,16582,10116,29196,1446,3,1,True
2026-05-01T13:24:04.098,T1,1,4390,3.476,-64.3,-89.4,-25.0,173.9,417828084,417826601,96,9713,16694,12316,28163,1380,3,1,True
2026-05-01T13:24:04.217,T1,1,4391,3.804,-64.9,-90.4,-25.5,110.69,670320392,670318769,108,2570,11954,17335,29325,1438,3,1,True
2026-05-01T13:24:04.308,T1,1,4392,3.34,-66.2,-92.3,-26.1,121.76,421313777,421312353,120,7875,14611,9363,33404,1605,3,1,True
2026-05-01T13:24:04.548,T1,1,4394,3.935,-65.2,-91.2,-26.0,94.19,771428158,771426480,112,11253,10549,14217,33714,1555,3,1,True
2026-05-01T13:24:04.667,T1,1,4395,3.377,-65.9,-91.0,-25.2,153.44,421527645,421526205,108,5337,16572,12943,33309,1584,3,1,True
2026-05-01T13:24:04.727,T1,1,4396,3.372,-66.3,-92.7,-26.5,126.18,438126437,438124998,76,823,9590,11159,22125,1308,3,1,True
2026-05-01T13:24:04.817,T1,1,4397,3.386,-65.2,-91.8,-26.6,105.53,428308446,428307002,76,7536,8020,13121,26181,1372,3,1,True
2026-05-01T13:24:04.938,T1,1,4398,3.429,-64.9,-91.7,-26.8,89.75,424787223,424785760,88,8941,7898,13861,29368,1436,3,1,True
2026-05-01T13:24:05.028,T1,1,4399,4.779,-64.8,-90.2,-25.4,150.1,746593817,746591778,96,7392,14410,15559,31536,1484,3,1,True
2026-05-01T13:24:05.597,T1,1,4404,3.321,-64.4,-93.5,-29.0,89.13,442816493,442815077,104,5081,9270,9385,27344,1365,3,1,True
2026-05-01T13:24:05.718,T1,1,4405,3.297,-64.6,-94.8,-30.2,106.61,435652691,435651285,96,3085,10235,6560,28828,1411,3,1,True
2026-05-01T13:24:06.287,T1,1,4410,4.869,-65.7,-91.7,-26.0,110.31,755794270,755792194,104,4903,11472,13893,29173,1471,3,1,True
2026-05-01T13:24:06.529,T1,1,4412,3.888,-64.8,-92.1,-27.3,133.04,772791665,772790006,96,2626,12772,10502,27314,1380,3,1,True
2026-05-01T13:24:06.618,T1,1,4413,4.526,-65.4,-92.8,-27.4,105.73,748660762,748658832,96,4237,10150,14359,35922,1617,3,1,True
2026-05-01T13:24:06.948,T1,1,4416,3.288,-64.5,-92.2,-27.6,122.03,394545841,394544439,100,1681,12203,10952,27395,1371,3,1,True
2026-05-01T13:24:07.037,T1,1,4417,3.297,-64.7,-92.4,-27.7,91.87,401009095,401007688,104,3416,9554,14119,31959,1488,3,1,True
2026-05-01T13:24:07.157,T1,1,4418,4.348,-65.4,-92.8,-27.4,110.62,680014968,680013113,128,7722,14160,9300,38208,1666,3,1,True
2026-05-01T13:24:07.399,T1,1,4420,4.006,-76.8,-94.7,-17.9,88.6,390617206,390615498,20,452,1772,1693,476,276,3,1,True
2026-05-01T13:24:07.457,T1,1,4421,3.419,-65.0,-92.3,-27.2,92.12,466772755,466771297,104,5584,9580,13050,29153,1438,3,1,True
2026-05-01T13:24:07.938,T1,1,4425,3.199,-65.4,-92.0,-26.6,113.51,393066960,393065596,120,10772,13621,8931,34735,1592,3,1,True
2026-05-01T13:24:08.027,T1,1,4426,3.307,-64.8,-91.2,-26.4,132.46,425012925,425011515,112,9472,14836,9428,31392,1483,3,1,True
2026-05-01T13:24:08.119,T1,1,4427,3.476,-65.2,-91.3,-26.0,119.58,469488030,469486548,120,7302,14350,12981,33363,1549,3,1,True
2026-05-01T13:24:08.209,T1,1,4428,3.325,-65.0,-91.2,-26.2,118.85,420684128,420682709,124,9907,14738,11160,34285,1557,3,1,True
2026-05-01T13:24:08.327,T1,1,4429,3.902,-65.2,-90.5,-25.4,134.89,727453669,727452004,132,10961,17805,12051,38587,1664,3,1,True
2026-05-01T13:24:08.447,T1,1,4430,3.349,-65.4,-91.2,-25.8,132.9,406506582,406505154,112,5739,14885,16134,39165,1690,3,1,True
2026-05-01T13:24:08.778,T1,1,4433,4.728,-65.8,-90.9,-25.1,142.42,720174310,720172293,120,7092,17090,15378,39849,1726,3,1,True
2026-05-01T13:24:08.867,T1,1,4434,3.344,-64.9,-90.4,-25.5,171.85,405337812,405336385,96,11123,16498,10552,33199,1531,3,1,True
2026-05-01T13:24:08.959,T1,1,4435,3.386,-65.4,-90.8,-25.4,141.11,432714545,432713101,96,5843,13547,10877,23355,1304,3,1,True
2026-05-01T13:24:09.199,T1,1,4437,3.931,-64.7,-91.3,-26.6,122.28,766237006,766235329,92,2143,11250,14723,28640,1410,3,1,True
2026-05-01T13:24:09.288,T1,1,4438,3.377,-65.3,-91.4,-26.0,129.74,406320951,406319510,112,9512,14531,10321,32319,1531,3,1,True
2026-05-01T13:24:09.378,T1,1,4439,4.446,-68.2,-91.1,-23.0,142.43,487197018,487195121,60,5998,8546,5306,8506,866,3,1,True
2026-05-01T13:24:09.497,T1,1,4440,4.329,-inf,-103.7,inf,57.75,437303512,437301666,4,76,231,227,0,104,1,1,False
2026-05-01T13:24:09.589,T1,1,4441,4.048,-64.2,-90.3,-26.1,149.66,488555077,488553351,100,9425,14966,10882,28933,1394,3,1,True
2026-05-01T13:24:09.710,T1,1,4442,3.508,-64.5,-90.7,-26.1,134.48,473604682,473603185,112,11086,15062,9923,32087,1484,3,1,True
2026-05-01T13:24:09.828,T1,1,4443,4.306,-97.0,-101.6,-4.7,35.0,424445702,424443866,8,42,280,380,5,117,1,1,False
2026-05-01T13:24:09.887,T1,1,4444,4.395,-67.2,-91.0,-23.8,142.57,486795765,486793890,76,7904,10835,7235,14838,1105,3,1,True
2026-05-01T13:24:09.977,T1,1,4445,4.381,-84.7,-95.2,-10.5,104.0,443435072,443433203,12,838,1248,802,145,200,3,1,True
2026-05-01T13:24:10.099,T1,1,4446,3.949,-64.4,-90.9,-26.5,143.4,440509654,440507969,108,10720,15487,9762,33878,1518,3,1,True
2026-05-01T13:24:10.189,T1,1,4447,4.118,-66.7,-91.7,-25.0,138.76,438814362,438812606,96,7055,13321,10236,25892,1438,3,1,True
2026-05-01T13:24:10.279,T1,1,4448,3.48,-64.0,-90.5,-26.5,136.29,416036514,416035030,104,10069,14174,8628,27074,1339,3,1,True
2026-05-01T13:24:10.517,T1,1,4450,4.873,-63.7,-92.5,-28.8,108.7,722046787,722044709,88,4232,9566,8857,21684,1187,3,1,True
2026-05-01T13:24:10.728,T1,1,4452,4.235,-70.3,-93.2,-22.9,105.16,406833751,406831945,32,1859,3365,3553,2357,491,3,1,True
2026-05-01T13:24:10.817,T1,1,4453,3.522,-63.5,-89.3,-25.8,181.76,433811729,433810226,92,9417,16722,11250,27892,1337,3,1,True
2026-05-01T13:24:10.938,T1,1,4454,3.494,-64.1,-90.0,-26.0,137.85,422895913,422894422,108,1498,14888,15946,30523,1424,3,1,True
2026-05-01T13:24:11.147,T1,1,4456,4.32,-67.6,-92.9,-25.3,130.08,443667941,443666099,60,3724,7805,5088,9744,909,3,1,True
2026-05-01T13:24:11.388,T1,1,4458,4.385,-69.8,-94.7,-24.9,79.83,468713059,468711189,36,1900,2874,3813,3289,570,3,1,True
2026-05-01T13:24:11.598,T1,1,4460,4.038,-65.4,-92.9,-27.5,94.56,707246557,707244834,96,2557,9078,13173,29204,1459,3,1,True
2026-05-01T13:24:12.438,T1,1,4467,3.691,-64.9,-93.2,-28.3,110.07,643033017,643031442,120,5338,13208,10035,37902,1633,3,1,True
2026-05-01T13:24:12.528,T1,1,4468,3.461,-64.8,-93.0,-28.2,113.02,420879213,420877737,104,2799,11754,11820,34495,1553,3,1,True
2026-05-01T13:24:12.767,T1,1,4470,3.321,-64.9,-92.4,-27.5,91.68,394578134,394576718,104,2537,9535,14580,32052,1501,3,1,True
2026-05-01T13:24:12.828,T1,1,4471,3.527,-64.5,-91.9,-27.3,147.92,448897102,448895598,88,5259,13017,9494,26975,1361,3,1,True
2026-05-01T13:24:13.189,T1,1,4474,4.958,-64.5,-93.5,-29.0,119.33,766722681,766720567,112,4246,13365,10103,41172,1680,3,1,True
2026-05-01T13:24:13.288,T1,1,4475,3.386,-64.5,-92.5,-28.0,145.06,403819264,403817820,88,1933,12765,10575,30415,1445,3,1,True
2026-05-01T13:24:13.638,T1,1,4478,3.401,-64.1,-92.2,-28.1,147.14,434777469,434776019,88,3082,12948,10194,29563,1404,3,1,True
2026-05-01T13:24:13.727,T1,1,4479,3.522,-64.8,-92.6,-27.8,103.57,462354985,462353482,84,4908,8700,12466,28187,1404,3,1,True
2026-05-01T13:24:13.877,T1,1,4480,4.048,-64.2,-92.3,-28.1,176.72,691497356,691495630,72,3411,12724,9429,28136,1374,3,1,True
2026-05-01T13:24:13.937,T1,1,4481,3.424,-64.4,-92.4,-28.0,150.98,422395226,422393766,88,4943,13286,8692,29736,1424,3,1,True
2026-05-01T13:24:14.147,T1,1,4483,4.221,-72.4,-94.7,-22.3,80.96,413283082,413281282,28,811,2267,2802,1420,409,3,1,True
2026-05-01T13:24:14.478,T1,1,4486,4.217,-72.9,-94.9,-22.0,80.71,414764550,414762751,24,1162,1937,2678,1297,399,3,1,True
2026-05-01T13:24:14.597,T1,1,4487,3.541,-64.3,-92.7,-28.4,113.46,480380522,480379011,100,2662,11346,12388,33574,1505,3,1,True
2026-05-01T13:24:14.809,T1,1,4489,3.344,-64.5,-92.5,-28.0,127.29,395697341,395695915,92,1274,11711,10027,26166,1338,3,1,True
2026-05-01T13:24:14.929,T1,1,4490,4.521,-64.5,-92.5,-28.0,91.95,743852523,743850594,100,3658,9195,12664,28015,1383,3,1,True
2026-05-01T13:24:15.017,T1,1,4491,3.532,-64.7,-92.3,-27.6,139.38,468643352,468641846,92,7077,12823,7901,28469,1406,3,1,True
2026-05-01T13:24:15.379,T1,1,4494,4.184,-74.5,-93.4,-18.9,128.75,401684152,401682368,20,1799,2575,1516,820,335,3,1,True
2026-05-01T13:24:15.469,T1,1,4495,3.419,-64.5,-92.0,-27.5,89.92,405890972,405889513,108,4138,9711,12940,27205,1363,3,1,True
2026-05-01T13:24:15.557,T1,1,4496,3.415,-64.4,-91.9,-27.6,139.17,432006330,432004874,108,7736,15030,9837,36921,1582,3,1,True
2026-05-01T13:24:15.919,T1,1,4499,4.278,-65.2,-90.5,-25.4,145.39,726706864,726705039,100,6515,14539,12614,27359,1401,3,1,True
2026-05-01T13:24:16.033,T1,1,4500,3.466,-65.3,-93.6,-28.3,57.55,423047272,423045794,104,9810,5985,9926,30470,1483,3,1,True
2026-05-01T13:24:16.097,T1,1,4501,3.386,-65.8,-93.6,-27.8,73.69,413476643,413475198,84,7029,6190,9434,22716,1303,3,1,True
2026-05-01T13:24:16.339,T1,1,4503,3.893,-64.9,-92.8,-28.0,87.99,648244889,648243228,92,7055,8095,12381,30887,1474,3,1,True
2026-05-01T13:24:16.458,T1,1,4504,3.457,-65.0,-92.4,-27.4,119.89,422413180,422411705,88,3983,10550,10598,24545,1317,3,1,True
2026-05-01T13:24:16.519,T1,1,4505,3.518,-64.4,-89.7,-25.3,159.47,405753946,405752445,96,9472,15309,10026,24255,1285,3,1,True
2026-05-01T13:24:16.637,T1,1,4506,3.405,-65.0,-90.7,-25.7,169.99,400467821,400466368,84,6072,14279,12012,26739,1379,3,1,True
2026-05-01T13:24:16.727,T1,1,4507,3.532,-65.1,-91.6,-26.5,157.32,434111310,434109804,84,5032,13215,10144,25706,1354,3,1,True
2026-05-01T13:24:17.327,T1,1,4512,4.245,-68.9,-94.3,-25.4,117.44,431439243,431437433,52,1529,6107,5838,8991,912,3,1,True
2026-05-01T13:24:17.389,T1,1,4513,3.654,-65.6,-92.6,-27.0,130.28,512131379,512129820,108,2965,14070,12567,37559,1666,3,1,True
2026-05-01T13:24:17.509,T1,1,4514,3.433,-65.4,-91.9,-26.4,148.64,400065280,400063815,96,3957,14269,11499,30967,1504,3,1,True
2026-05-01T13:24:17.599,T1,1,4515,4.081,-65.9,-92.3,-26.4,155.07,503293586,503291846,96,6656,14887,9644,33783,1598,3,1,True
2026-05-01T13:24:17.928,T1,1,4518,4.517,-68.0,-93.0,-25.0,116.04,494991229,494989303,56,1714,6498,8379,11173,988,3,1,True
2026-05-01T13:24:18.167,T1,1,4520,3.56,-64.1,-92.0,-27.9,102.03,461769255,461767736,96,3629,9795,11350,23831,1261,3,1,True
2026-05-01T13:24:26.327,T1,1,4595,3.246,-65.1,-92.6,-27.6,147.59,441349806,441348422,92,5136,13578,9826,33279,1540,3,1,True
2026-05-01T13:24:26.449,T1,1,4596,3.644,-65.6,-94.6,-29.0,111.69,741217551,741215996,112,665,12509,9613,40858,1739,3,1,True
2026-05-01T13:24:26.567,T1,1,4597,3.241,-64.7,-93.4,-28.7,55.58,415079815,415078433,88,8402,4891,10646,27224,1375,3,1,True
2026-05-01T13:24:26.806,T1,1,4599,3.199,-65.9,-92.5,-26.6,144.08,392464443,392463079,88,6160,12679,8016,26031,1402,3,1,True
2026-05-01T13:24:26.867,T1,1,4600,3.335,-66.0,-91.8,-25.8,145.36,466655378,466653955,92,4138,13373,11270,27216,1437,3,1,True
2026-05-01T13:24:26.957,T1,1,4601,3.279,-64.7,-91.0,-26.3,100.09,420427338,420425939,116,10827,11611,14736,36042,1582,3,1,True
2026-05-01T13:24:27.077,T1,1,4602,3.874,-63.8,-90.0,-26.2,152.71,744647832,744646180,92,4649,14049,13820,26470,1315,3,1,True
2026-05-01T13:24:27.648,T1,1,4607,3.335,-65.5,-91.3,-25.8,127.09,447656661,447655239,100,3081,12709,15384,31593,1524,3,1,True
2026-05-01T13:24:27.857,T1,1,4609,3.218,-65.4,-91.7,-26.2,139.69,391352247,391350874,88,6839,12293,8172,22395,1279,3,1,True
2026-05-01T13:24:27.977,T1,1,4610,4.54,-65.2,-91.4,-26.2,158.98,744870872,744868936,80,2303,12718,13108,27572,1408,3,1,True
2026-05-01T13:24:28.067,T1,1,4611,3.297,-66.2,-92.1,-25.8,130.65,411763119,411761712,108,10247,14110,8527,32994,1595,3,1,True
2026-05-01T13:24:28.157,T1,1,4612,3.419,-65.4,-92.8,-27.4,125.83,457787465,457786007,92,6508,11576,6886,24533,1336,3,1,True
2026-05-01T13:24:28.277,T1,1,4613,3.804,-65.7,-92.3,-26.6,134.03,435073849,435072227,108,9509,14475,8729,36263,1641,3,1,True
2026-05-01T13:24:28.367,T1,1,4614,3.297,-64.8,-90.2,-25.5,150.77,398706078,398704671,92,2605,13871,13177,23657,1285,3,1,True
2026-05-01T13:24:28.487,T1,1,4615,3.921,-64.6,-89.0,-24.3,190.1,674281388,674279716,88,10417,16729,13069,26844,1362,3,1,True
2026-05-01T13:24:28.606,T1,1,4616,3.33,-65.0,-91.9,-26.9,121.17,402719456,402718036,96,4280,11632,11837,26773,1376,3,1,True
2026-05-01T13:24:29.538,T1,1,4624,4.461,-65.0,-92.3,-27.3,141.33,666446827,666444924,84,2813,11872,9551,23945,1301,3,1,True
2026-05-01T13:24:29.626,T1,1,4625,3.433,-65.0,-92.4,-27.3,132.85,467875047,467873582,84,2541,11159,10577,24738,1326,3,1,True
2026-05-01T13:24:29.717,T1,1,4626,3.325,-69.2,-92.5,-23.3,112.11,404471198,404469780,100,1332,11211,10618,18807,1333,3,1,True
2026-05-01T13:24:29.927,T1,1,4628,4.174,-69.1,-92.8,-23.7,120.3,430123032,430121252,44,476,5293,5566,5058,689,3,1,True
2026-05-01T13:24:30.048,T1,1,4629,3.396,-65.7,-92.5,-26.8,92.56,419825167,419823718,100,5499,9256,14212,32016,1542,3,1,True
2026-05-01T13:24:31.394,T1,1,4637,4.461,-64.6,-94.8,-30.2,84.76,694954142,694952239,108,4756,9154,9436,35645,1568,3,1,True
2026-05-01T13:24:31.547,T1,1,4642,3.715,-64.3,-91.4,-27.1,95.65,656192659,656191074,104,8885,9948,13215,30193,1429,3,1,True
2026-05-01T13:24:31.698,T1,1,4643,3.264,-65.6,-92.4,-26.8,104.17,398001052,397999659,96,3196,10000,11229,23412,1316,3,1,True
2026-05-01T13:24:31.998,T1,1,4646,3.321,-64.8,-92.3,-27.5,125.41,439821732,439820316,80,442,10033,10019,20523,1196,3,1,True
2026-05-01T13:24:32.238,T1,1,4648,4.09,-73.7,-94.9,-21.2,102.04,403217379,403215634,28,651,2857,2110,1316,412,3,1,True
2026-05-01T13:24:32.357,T1,1,4649,4.432,-69.4,-94.2,-24.8,94.59,484353031,484351140,56,809,5297,5666,6996,821,3,1,True
2026-05-01T13:24:32.897,T1,1,4654,3.311,-65.5,-91.9,-26.5,135.92,438393138,438391725,108,7005,14679,9397,31682,1523,3,1,True
2026-05-01T13:24:33.018,T1,1,4655,3.405,-65.2,-92.5,-27.3,108.49,420535258,420533806,116,7817,12585,7443,28351,1426,3,1,True
2026-05-01T13:24:33.467,T1,1,4659,3.382,-65.1,-92.3,-27.2,133.72,454987385,454985942,100,4421,13372,9499,28750,1430,3,1,True
2026-05-01T13:24:33.587,T1,1,4660,4.456,-70.3,-93.9,-23.7,125.25,485536975,485535075,40,2332,5010,3031,4051,643,3,1,True
2026-05-01T13:24:33.707,T1,1,4661,3.921,-65.2,-92.1,-26.9,130.76,735584194,735582521,112,7686,14645,8671,32937,1536,3,1,True
2026-05-01T13:24:34.006,T1,1,4664,4.193,-69.5,-93.4,-23.9,103.93,423734368,423732580,44,415,4573,5978,5411,724,3,1,True
2026-05-01T13:24:34.128,T1,1,4665,3.41,-65.6,-93.7,-28.1,109.75,426906796,426905341,96,3044,10536,10007,29503,1476,3,1,True
2026-05-01T13:24:34.218,T1,1,4666,3.405,-63.9,-93.4,-29.5,82.58,459935062,459933610,112,4221,9249,11164,31945,1451,3,1,True
2026-05-01T13:24:34.308,T1,1,4667,3.288,-64.2,-92.3,-28.1,98.17,394502409,394501006,100,3235,9817,12483,28044,1373,3,1,True
2026-05-01T13:24:42.527,T1,1,4742,2.899,-65.0,-88.7,-23.7,193.01,437700484,437699248,96,12983,18529,12765,29431,1443,3,1,True
2026-05-01T13:24:42.886,T1,1,4745,3.499,-66.7,-90.2,-23.5,149.51,393955155,393953663,72,1758,10765,14069,17536,1182,3,1,True
2026-05-01T13:24:43.338,T1,1,4749,3.011,-64.8,-88.9,-24.1,202.59,452827961,452826676,88,6394,17828,15224,27768,1394,3,1,True
2026-05-01T13:24:43.427,T1,1,4750,2.95,-65.9,-91.4,-25.5,152.34,460321857,460320599,112,3162,17062,13595,37381,1678,3,1,True
2026-05-01T13:24:43.516,T1,1,4751,3.841,-94.1,-98.5,-4.5,64.38,433834682,433833043,8,223,515,498,12,130,1,1,False
2026-05-01T13:24:43.727,T1,1,4753,2.955,-64.5,-90.7,-26.2,137.58,394178805,394177544,100,1701,13758,17052,34928,1549,3,1,True
2026-05-01T13:24:52.005,T1,1,4828,2.861,-62.0,-80.2,-18.2,158.03,393829352,393828131,112,14200,17699,10832,16958,989,3,1,True
2026-05-01T13:24:52.066,T1,1,4829,2.838,-63.9,-93.1,-29.2,42.01,410952052,410950841,112,10590,4705,2643,18406,1098,3,1,True
2026-05-01T13:24:52.158,T1,1,4830,2.35,-60.9,-91.8,-31.0,17.98,407068009,407067007,132,10701,2374,3910,16264,931,3,1,True
2026-05-01T13:24:52.637,T1,1,4834,2.5,-60.6,-93.2,-32.6,52.35,444654692,444653625,120,8312,6282,4102,21048,1051,3,1,True
2026-05-01T13:24:52.729,T1,1,4835,2.622,-61.4,-91.3,-29.9,51.64,416565249,416564130,148,13283,7643,5644,27390,1232,3,1,True
2026-05-01T13:24:52.847,T1,1,4836,2.519,-61.3,-87.7,-26.4,62.01,464083093,464082019,156,18733,9674,7791,23903,1144,3,1,True
2026-05-01T13:24:53.297,T1,1,4840,2.702,-61.8,-89.0,-27.2,77.54,427979773,427978620,84,14669,6513,6012,17175,987,3,1,True
2026-05-01T13:24:53.388,T1,1,4841,2.781,-61.4,-88.5,-27.1,72.24,418444800,418443614,76,15182,5490,6408,16280,949,3,1,True
2026-05-01T13:24:53.717,T1,1,4844,2.988,-61.0,-94.5,-33.5,46.93,437941900,437940626,76,7623,3567,3092,17564,972,3,1,True
2026-05-01T13:24:53.837,T1,1,4845,2.566,-61.6,-95.3,-33.7,28.98,414764557,414763463,88,6994,2550,2596,15733,938,3,1,True
2026-05-01T13:24:53.926,T1,1,4846,3.518,-61.1,-76.8,-15.7,176.09,728466121,728464621,100,12152,17609,15762,15913,929,3,1,True
2026-05-01T13:24:54.047,T1,1,4847,3.213,-61.1,-76.6,-15.5,242.89,417091912,417090542,72,15974,17488,10993,15199,907,3,1,True
2026-05-01T13:24:54.527,T1,1,4851,3.494,-59.4,-74.9,-15.5,168.19,749646029,749644538,104,16336,17492,18295,20168,987,3,1,True
2026-05-01T13:24:54.616,T1,1,4852,3.264,-60.4,-76.4,-16.0,169.32,410232546,410231154,100,13193,16932,15452,16108,912,3,1,True
2026-05-01T13:24:54.827,T1,1,4854,3.654,-62.0,-81.1,-19.1,104.91,764448806,764447247,160,11053,16786,15419,18331,1028,3,1,True
2026-05-01T13:24:55.426,T1,1,4859,2.833,-63.8,-90.9,-27.1,89.36,392523388,392522179,96,7121,8579,10894,19244,1119,3,1,True
2026-05-01T13:24:55.667,T1,1,4861,3.945,-64.5,-90.3,-25.7,110.42,707406760,707405078,140,3544,15459,11458,24829,1305,3,1,True
2026-05-01T13:24:55.878,T1,1,4863,2.861,-64.4,-88.0,-23.6,154.78,392595604,392594383,116,9792,17954,13617,23578,1266,3,1,True
2026-05-01T13:24:56.328,T1,1,4867,2.927,-61.3,-90.3,-29.0,73.95,387482271,387481023,92,10716,6803,6013,16154,941,3,1,True
2026-05-01T13:24:56.446,T1,1,4868,3.063,-62.3,-88.4,-26.1,78.49,416109670,416108363,104,14267,8163,7439,16188,977,3,1,True
2026-05-01T13:24:56.658,T1,1,4870,2.992,-63.5,-90.8,-27.4,64.22,449117816,449116539,152,11082,9761,14660,34639,1486,3,1,True
2026-05-01T13:24:56.777,T1,1,4871,4.01,-62.7,-86.0,-23.3,138.47,677645306,677643596,108,18828,14955,11102,26676,1271,3,1,True
2026-05-01T13:24:56.868,T1,1,4872,2.899,-63.2,-88.3,-25.1,136.03,462204648,462203411,124,14567,16868,15492,33279,1442,3,1,True
2026-05-01T13:24:56.958,T1,1,4873,3.002,-64.4,-90.7,-26.3,121.05,413300681,413299401,108,7436,13073,9579,22831,1246,3,1,True
2026-05-01T13:24:57.586,T1,1,4878,3.921,-63.2,-92.5,-29.2,56.34,766446650,766444978,124,10674,6986,9113,28981,1349,3,1,True
2026-05-01T13:24:57.646,T1,1,4879,2.875,-63.4,-93.2,-29.9,78.18,409269475,409268248,84,9101,6567,9326,29609,1369,3,1,True
2026-05-01T13:24:58.576,T1,1,4887,2.95,-64.1,-91.0,-26.9,126.74,452093781,452092523,100,8505,12674,9553,25602,1305,3,1,True
2026-05-01T13:24:58.697,T1,1,4888,3.063,-63.3,-91.4,-28.1,67.3,418556609,418555303,120,8947,8076,12581,28059,1331,3,1,True
2026-05-01T13:24:58.787,T1,1,4889,2.931,-64.4,-92.3,-27.9,120.62,398008025,398006774,104,6497,12544,8833,29387,1414,3,1,True
2026-05-01T13:24:59.266,T1,1,4893,3.884,-63.5,-93.8,-30.3,71.06,753612245,753610589,108,9726,7674,5608,29147,1366,3,1,True
2026-05-01T13:24:59.356,T1,1,4894,4.062,-63.0,-92.8,-29.8,92.42,739956032,739954300,108,8153,9981,10189,34779,1466,3,1,True
2026-05-01T13:24:59.448,T1,1,4895,3.058,-62.2,-92.9,-30.7,89.11,463010545,463009240,112,7276,9980,6082,26489,1245,3,1,True
2026-05-01T13:24:59.536,T1,1,4896,3.283,-62.8,-91.5,-28.7,72.23,472476693,472475293,100,12406,7223,7671,25758,1253,3,1,True
2026-05-01T13:24:59.656,T1,1,4897,3.48,-63.3,-91.8,-28.6,92.7,562214911,562213426,104,11077,9641,9396,30920,1395,3,1,True
2026-05-01T13:24:59.866,T1,1,4899,2.805,-63.7,-92.6,-28.9,115.39,395850993,395849796,104,5233,12001,10465,32825,1458,3,1,True
2026-05-01T13:24:59.988,T1,1,4900,3.504,-63.5,-92.5,-29.0,102.72,481619618,481618124,132,6808,13559,10859,40543,1609,3,1,True
2026-05-01T13:25:00.347,T1,1,4903,4.165,-63.5,-93.1,-29.6,91.2,713123033,713121256,96,6813,8755,7603,24218,1245,3,1,True
2026-05-01T13:25:00.768,T1,1,4907,4.02,-63.7,-94.9,-31.2,102.27,709794734,709793020,84,4385,8591,7001,28349,1355,3,1,True
2026-05-01T13:25:00.888,T1,1,4908,3.513,-64.1,-95.3,-31.2,68.71,682523804,682522305,84,5775,5772,5459,20436,1165,3,1,True
2026-05-01T13:25:00.976,T1,1,4909,3.813,-66.7,-98.4,-31.7,65.87,431066153,431064527,60,2488,3952,2640,10420,910,3,1,True
2026-05-01T13:25:01.188,T1,1,4911,3.79,-81.7,-100.3,-18.7,45.67,391226333,391224716,12,424,548,673,189,206,3,1,True
2026-05-01T13:25:01.306,T1,1,4912,2.992,-64.2,-94.4,-30.2,77.67,397297542,397296266,96,8181,7456,7147,30098,1423,3,1,True
2026-05-01T13:25:01.757,T1,1,4916,4.287,-61.4,-91.1,-29.7,56.12,709364075,709362246,128,13553,7183,6220,26960,1222,3,1,True
2026-05-01T13:25:01.846,T1,1,4917,3.386,-62.5,-79.2,-16.7,132.93,416591816,416590371,144,15421,19142,18988,23349,1181,3,1,True
2026-05-01T13:25:01.970,T1,1,4918,3.18,-63.7,-89.7,-26.0,155.67,432056180,432054824,88,14770,13699,8978,29550,1384,3,1,True
2026-05-01T13:25:02.058,T1,1,4919,3.222,-61.9,-87.5,-25.5,106.48,464122914,464121539,96,17224,10222,8183,20808,1093,3,1,True
2026-05-01T13:25:02.537,T1,1,4923,3.518,-64.5,-92.4,-27.9,91.58,702567236,702565736,96,7434,8792,9903,24351,1291,3,1,True
2026-05-01T13:25:02.747,T1,1,4925,3.007,-64.8,-93.3,-28.5,72.62,434969694,434968411,144,10184,10457,8605,36923,1607,3,1,True
2026-05-01T13:25:02.837,T1,1,4926,3.635,-64.0,-91.6,-27.6,108.08,431477798,431476248,100,12562,10808,7727,30421,1417,3,1,True
2026-05-01T13:25:04.006,T1,1,4936,2.992,-63.7,-91.4,-27.7,90.0,392209647,392208370,116,11671,10440,11070,32958,1462,3,1,True
2026-05-01T13:25:04.128,T1,1,4937,3.067,-64.5,-92.8,-28.4,107.0,431755309,431754000,112,10741,11984,7607,37465,1600,3,1,True
2026-05-01T13:25:04.336,T1,1,4939,4.306,-64.5,-91.3,-26.8,102.39,758168513,758166677,104,13793,10649,10175,33631,1517,3,1,True
2026-05-01T13:25:04.817,T1,1,4943,3.03,-63.9,-91.9,-28.0,103.89,391404833,391403541,100,10759,10389,8979,29897,1402,3,1,True
2026-05-01T13:25:04.906,T1,1,4944,3.091,-63.9,-92.3,-28.5,95.73,392161011,392159692,124,12578,11871,7674,39318,1606,3,1,True
2026-05-01T13:25:05.236,T1,1,4947,3.973,-65.0,-91.0,-26.0,89.3,747262629,747260934,128,15768,11430,11017,37213,1625,3,1,True
2026-05-01T13:25:05.357,T1,1,4948,3.358,-64.3,-91.6,-27.3,84.19,496319560,496318128,124,14358,10439,10681,38365,1607,3,1,True
2026-05-01T13:25:05.567,T1,1,4950,3.049,-63.8,-92.6,-28.8,109.86,393760557,393759256,100,10812,10986,6396,32476,1457,3,1,True
2026-05-01T13:25:06.166,T1,1,4955,4.381,-64.5,-92.1,-27.6,107.28,715218339,715216470,116,11098,12445,9073,35476,1559,3,1,True
2026-05-01T13:25:06.348,T1,1,4957,4.043,-76.4,-95.4,-19.0,69.95,449610443,449608718,20,1368,1399,1047,463,269,3,1,True
2026-05-01T13:25:14.897,T1,1,5035,4.188,-63.4,-91.1,-27.7,79.81,712592894,712591107,120,13728,9577,7282,28220,1336,3,1,True
2026-05-01T13:25:14.986,T1,1,5036,3.03,-62.6,-90.7,-28.1,100.46,424787567,424786274,96,12627,9644,8980,27437,1283,3,1,True
2026-05-01T13:25:15.196,T1,1,5038,2.992,-64.1,-92.6,-28.5,73.18,437683714,437682437,136,12395,9953,10966,42727,1685,3,1,True
2026-05-01T13:25:15.465,T1,1,5040,2.96,-64.1,-93.3,-29.2,82.5,390320759,390319496,120,10730,9900,10429,43266,1695,3,1,True
2026-05-01T13:25:15.526,T1,1,5041,3.874,-66.5,-92.9,-26.4,100.42,429967521,429965869,60,6340,6025,4321,9971,885,3,1,True
2026-05-01T13:25:15.975,T1,1,5045,3.011,-63.5,-91.4,-27.9,88.65,434501891,434500607,128,12891,11347,11336,38122,1561,3,1,True
2026-05-01T13:25:16.188,T1,1,5047,3.696,-82.3,-95.0,-12.7,54.81,390482266,390480690,16,1424,877,882,201,217,3,1,True
2026-05-01T13:25:16.308,T1,1,5048,3.114,-63.7,-91.1,-27.4,92.76,455994749,455993421,108,15028,10018,10836,36939,1546,3,1,True
2026-05-01T13:25:16.396,T1,1,5049,3.94,-68.6,-92.1,-23.5,84.5,412538408,412536727,40,5423,3380,3419,3952,600,3,1,True
2026-05-01T13:25:17.086,T1,1,5055,2.917,-71.4,-95.7,-24.3,95.97,444794526,444793281,36,3856,3455,2196,4453,700,3,1,True
2026-05-01T13:25:17.207,T1,1,5056,3.973,-64.2,-92.8,-28.6,118.41,736919013,736917318,92,9614,10894,6885,30611,1433,3,1,True
2026-05-01T13:25:17.370,T1,1,5057,2.931,-64.4,-91.9,-27.4,95.6,391287546,391286296,108,11081,10325,9559,30435,1441,3,1,True
2026-05-01T13:25:17.416,T1,1,5058,4.324,-63.9,-91.3,-27.4,105.68,737286075,737284230,96,12938,10145,10593,32776,1468,3,1,True
2026-05-01T13:25:17.746,T1,1,5061,3.1,-63.8,-92.9,-29.1,96.63,446979703,446978381,112,10484,10823,7262,35105,1513,3,1,True
2026-05-01T13:25:17.837,T1,1,5062,3.091,-63.4,-92.9,-29.6,95.1,461705549,461704231,100,9571,9510,7935,31988,1423,3,1,True
2026-05-01T13:25:18.166,T1,1,5065,3.119,-62.9,-92.9,-30.1,75.6,438020729,438019399,112,10709,8467,5289,28790,1327,3,1,True
2026-05-01T13:25:18.646,T1,1,5069,4.034,-64.2,-92.4,-28.2,115.83,741950992,741949271,84,9310,9730,9356,29261,1399,3,1,True
2026-05-01T13:25:18.736,T1,1,5070,3.077,-63.9,-92.0,-28.1,67.06,413144256,413142943,124,13645,8316,11436,39263,1605,3,1,True
2026-05-01T13:25:18.857,T1,1,5071,3.039,-62.7,-93.8,-31.0,90.85,396653051,396651754,88,6972,7995,5687,23863,1203,3,1,True
2026-05-01T13:25:19.035,T1,1,5073,3.799,-72.0,-94.8,-22.8,39.22,399310086,399308465,32,2705,1255,1651,1279,384,3,1,True
2026-05-01T13:25:19.156,T1,1,5074,4.493,-63.3,-91.6,-28.2,58.1,734724797,734722880,136,12505,7902,4583,22859,1202,3,1,True
2026-05-01T13:25:19.247,T1,1,5075,3.171,-63.8,-90.9,-27.1,134.03,395179348,395177996,96,9800,12867,11364,30623,1413,3,1,True
2026-05-01T13:25:19.336,T1,1,5076,3.307,-61.9,-86.9,-25.0,78.14,462321141,462319731,124,17414,9689,6872,19055,1045,3,1,True
2026-05-01T13:25:19.697,T1,1,5079,3.626,-65.0,-92.8,-27.8,141.77,760257781,760256235,80,6219,11342,7203,24576,1320,3,1,True
2026-05-01T13:25:19.785,T1,1,5080,3.18,-64.4,-92.2,-27.8,123.98,426343186,426341829,88,9235,10910,10935,33049,1499,3,1,True
2026-05-01T13:25:19.996,T1,1,5082,3.368,-63.1,-88.9,-25.8,108.97,511140507,511139070,88,17342,9589,9769,25622,1262,3,1,True
2026-05-01T13:25:20.236,T1,1,5084,3.035,-63.7,-92.6,-28.8,59.57,440446536,440445242,112,11270,6672,7254,26034,1301,3,1,True
2026-05-01T13:25:20.327,T1,1,5085,3.734,-63.4,-90.7,-27.3,101.49,477313325,477311732,104,14916,10555,8004,31094,1405,3,1,True
2026-05-01T13:25:20.656,T1,1,5088,3.171,-64.5,-94.2,-29.7,80.81,453582166,453580813,100,7631,8081,7947,29838,1428,3,1,True
2026-05-01T13:25:21.106,T1,1,5091,4.057,-64.6,-92.8,-28.2,110.02,713700616,713698885,84,10757,9242,8315,31250,1466,3,1,True
2026-05-01T13:25:21.225,T1,1,5093,3.846,-63.5,-94.9,-31.4,88.08,454972198,454970557,92,803,8103,9504,32053,1432,3,1,True
2026-05-01T13:25:21.348,T1,1,5094,3.696,-62.7,-94.2,-31.5,60.32,562652398,562650822,120,8854,7238,5073,28761,1319,3,1,True
2026-05-01T13:25:21.556,T1,1,5096,3.579,-62.8,-92.2,-29.3,81.1,746788671,746787144,124,13094,10056,6920,36294,1488,3,1,True
2026-05-01T13:25:21.885,T1,1,5099,3.157,-71.8,-90.8,-19.1,103.17,451342104,451340758,112,17480,11555,11345,25532,1699,3,1,True
2026-05-01T13:25:22.010,T1,1,5100,3.18,-63.9,-92.7,-28.8,85.61,395996854,395995498,96,10504,8219,5543,24796,1275,3,1,True
2026-05-01T13:25:22.578,T1,1,5105,3.236,-63.3,-90.3,-27.0,81.61,394887302,394885922,124,14104,10120,6865,24932,1252,3,1,True
2026-05-01T13:25:22.696,T1,1,5106,3.143,-63.6,-90.2,-26.6,97.12,390982547,390981207,104,13821,10101,7967,24260,1250,3,1,True
2026-05-01T13:25:22.815,T1,1,5107,4.062,-69.1,-90.3,-21.2,95.81,413668494,413666761,48,7219,4599,3164,3969,611,3,1,True
2026-05-01T13:25:22.875,T1,1,5108,3.748,-63.7,-90.9,-27.2,70.31,739878114,739876515,120,13978,8437,6600,24682,1265,3,1,True
2026-05-01T13:25:22.967,T1,1,5109,3.931,-63.7,-92.9,-29.2,74.96,428380156,428378479,112,8860,8395,5377,22396,1204,3,1,True
2026-05-01T13:25:23.115,T1,1,5110,3.128,-62.4,-91.7,-29.3,80.42,404479629,404478294,108,12038,8685,5228,26160,1246,3,1,True
2026-05-01T13:25:23.205,T1,1,5111,3.644,-62.7,-91.0,-28.4,111.58,658621422,658619868,92,11576,10265,7497,26082,1255,3,1,True
2026-05-01T13:25:23.296,T1,1,5112,3.096,-64.7,-91.9,-27.2,59.48,404231361,404230040,112,12988,6662,8240,26401,1352,3,1,True
2026-05-01T13:25:23.776,T1,1,5116,3.893,-63.2,-88.8,-25.6,151.27,762880736,762879076,84,16434,12707,10349,27704,1317,3,1,True
2026-05-01T13:25:23.867,T1,1,5117,3.269,-63.6,-92.3,-28.7,108.83,409278062,409276667,104,9260,11318,9146,33059,1460,3,1,True
2026-05-01T13:25:23.956,T1,1,5118,4.043,-85.4,-98.5,-13.1,46.56,428158114,428156389,16,634,745,567,130,194,3,1,True
2026-05-01T13:25:24.405,T1,1,5122,3.246,-64.0,-91.8,-27.8,97.47,433223657,433222273,116,14024,11306,9451,39916,1627,3,1,True
2026-05-01T13:25:24.557,T1,1,5123,3.147,-63.3,-91.0,-27.7,103.48,388737080,388735738,92,12309,9520,9899,28637,1342,3,1,True
2026-05-01T13:25:25.096,T1,1,5128,4.095,-66.1,-91.7,-25.6,98.32,434882590,434880843,60,8264,5899,5590,10866,912,3,1,True
2026-05-01T13:25:25.259,T1,1,5129,4.362,-66.3,-92.6,-26.3,96.35,476937001,476935140,48,5751,4625,3126,6302,699,3,1,True
2026-05-01T13:25:25.546,T1,1,5132,3.799,-62.2,-91.5,-29.3,77.27,760284939,760283318,100,11159,7727,5104,21217,1112,3,1,True
2026-05-01T13:25:25.965,T1,1,5135,3.288,-62.7,-91.7,-28.9,96.97,454148500,454147098,100,11019,9697,8347,28908,1323,3,1,True
2026-05-01T13:25:26.326,T1,1,5139,3.311,-62.0,-89.3,-27.3,89.73,490372307,490370894,88,13889,7896,7220,18957,1045,3,1,True
2026-05-01T13:25:26.688,T1,1,5142,3.293,-63.0,-90.8,-27.8,88.78,488471321,488469916,120,14242,10653,10193,34347,1457,3,1,True
2026-05-01T13:25:27.015,T1,1,5145,4.353,-63.9,-92.8,-28.9,93.53,767038931,767037074,96,8007,8979,10074,30068,1406,3,1,True
2026-05-01T13:25:27.227,T1,1,5147,4.043,-89.9,-100.4,-10.5,60.5,442197855,442196130,8,364,484,353,42,150,3,1,True
2026-05-01T13:25:27.466,T1,1,5149,4.132,-88.9,-99.7,-10.9,46.25,455356581,455354819,12,467,555,376,62,162,3,1,True
2026-05-01T13:25:27.678,T1,1,5151,4.179,-64.2,-92.7,-28.4,116.15,499458706,499456924,92,9414,10686,7418,29724,1414,3,1,True
2026-05-01T13:25:27.766,T1,1,5152,3.279,-64.4,-92.2,-27.8,85.41,488932888,488931489,120,10393,10249,9699,31464,1463,3,1,True
2026-05-01T13:25:27.885,T1,1,5153,3.204,-64.3,-92.7,-28.4,84.28,458435136,458433770,112,10534,9439,8149,31070,1451,3,1,True
2026-05-01T13:25:27.976,T1,1,5154,3.166,-63.7,-91.9,-28.3,90.84,404910440,404909089,116,12539,10537,9219,35961,1524,3,1,True
2026-05-01T13:25:28.307,T1,1,5157,4.024,-75.6,-96.3,-20.7,76.8,393688543,393686827,20,1146,1536,1015,571,290,3,1,True
2026-05-01T13:25:28.426,T1,1,5158,3.161,-63.6,-92.3,-28.7,88.59,409128920,409127571,104,12195,9213,10073,37320,1552,3,1,True
2026-05-01T13:25:28.546,T1,1,5159,3.218,-62.5,-91.4,-28.9,81.45,386842466,386841094,124,12727,10100,8754,33020,1403,3,1,True
2026-05-01T13:25:28.636,T1,1,5160,3.794,-63.1,-93.3,-30.2,65.29,734907963,734906344,128,10393,8357,5112,29597,1355,3,1,True
2026-05-01T13:25:28.727,T1,1,5161,4.446,-63.3,-94.6,-31.3,88.22,734894553,734892656,96,4082,8469,7160,26567,1293,3,1,True
2026-05-01T13:25:28.817,T1,1,5162,3.644,-62.5,-89.9,-27.4,97.55,589217382,589215827,132,16408,12877,10352,37057,1485,3,1,True
2026-05-01T13:25:28.937,T1,1,5163,3.79,-63.2,-93.4,-30.1,94.9,718711550,718709933,104,8432,9870,6165,30063,1373,3,1,True
2026-05-01T13:25:29.026,T1,1,5164,3.236,-64.2,-91.8,-27.6,87.85,452576665,452575284,124,14870,10894,9157,40326,1645,3,1,True
2026-05-01T13:25:29.838,T1,1,5171,4.409,-100.1,-96.8,3.3,56.38,440055818,440053937,8,467,451,365,2,106,1,1,False
2026-05-01T13:25:30.105,T1,1,5173,3.171,-63.7,-94.2,-30.6,82.9,453277939,453276587,100,9976,8290,6214,35635,1518,3,1,True
2026-05-01T13:25:30.165,T1,1,5174,3.879,-61.5,-89.4,-27.8,91.1,733089365,733087710,100,17258,9110,6096,27318,1235,3,1,True
2026-05-01T13:25:30.286,T1,1,5175,3.072,-62.8,-93.5,-30.7,32.17,405422382,405421072,128,11561,4118,4354,26281,1264,3,1,True
2026-05-01T13:25:30.378,T1,1,5176,3.701,-63.5,-95.6,-32.1,65.43,475950938,475949359,104,6424,6805,6464,30936,1406,3,1,True
2026-05-01T13:25:30.585,T1,1,5178,3.63,-64.2,-95.2,-31.0,102.88,451646553,451645004,88,1995,9053,7012,28207,1375,3,1,True
2026-05-01T13:25:30.707,T1,1,5179,3.443,-64.1,-94.1,-30.0,108.43,470165470,470164001,92,5171,9976,6243,26721,1332,3,1,True
2026-05-01T13:25:30.827,T1,1,5180,4.564,-62.9,-97.9,-34.9,43.8,733593519,733591573,148,3480,6482,4906,32609,1416,3,1,True
2026-05-01T13:25:30.886,T1,1,5181,4.156,-94.6,-97.2,-2.6,46.38,425561942,425560169,8,704,371,290,10,126,1,1,False
2026-05-01T13:25:30.976,T1,1,5182,3.508,-61.5,-87.1,-25.6,131.62,431816672,431815175,108,19151,14215,10304,30146,1296,3,1,True
2026-05-01T13:25:31.155,T1,1,5183,3.673,-60.0,-83.3,-23.4,144.89,470096471,470094904,100,17117,14489,9184,22522,1062,3,1,True
2026-05-01T13:25:31.186,T1,1,5184,3.565,-61.4,-89.8,-28.4,106.82,427211761,427210241,120,12059,12818,10230,30372,1296,3,1,True
2026-05-01T13:25:31.336,T1,1,5185,3.916,-62.4,-91.5,-29.1,104.99,711384285,711382614,116,8588,12179,11487,35240,1446,3,1,True
2026-05-01T13:25:31.517,T1,1,5187,4.296,-65.6,-92.2,-26.5,108.44,451830202,451828369,68,7313,7374,6843,14508,1037,3,1,True
2026-05-01T13:25:31.605,T1,1,5188,3.26,-63.0,-92.2,-29.2,84.64,416859294,416857903,124,9840,10495,8658,31912,1404,3,1,True
2026-05-01T13:25:31.726,T1,1,5189,3.597,-62.8,-88.0,-25.2,153.82,453853732,453852198,124,8590,19074,18782,34450,1450,3,1,True
2026-05-01T13:25:31.817,T1,1,5190,3.34,-63.1,-89.9,-26.8,67.93,409917449,409916024,132,14923,8967,7036,23265,1203,3,1,True
2026-05-01T13:25:31.908,T1,1,5191,3.199,-64.5,-94.0,-29.5,67.97,413585713,413584349,120,10108,8156,7745,35432,1560,3,1,True
2026-05-01T13:25:32.027,T1,1,5192,3.809,-62.5,-93.7,-31.2,44.05,711915770,711914146,148,9258,6519,4793,24920,1221,3,1,True
2026-05-01T13:25:32.115,T1,1,5193,4.17,-72.6,-91.9,-19.2,72.0,412514902,412513124,32,4243,2304,1883,1442,416,3,1,True
2026-05-01T13:25:32.326,T1,1,5195,4.521,-68.6,-93.5,-24.9,101.45,495821485,495819557,60,4326,6087,3881,7310,814,3,1,True
2026-05-01T13:25:32.806,T1,1,5199,3.321,-63.9,-91.0,-27.1,89.36,465072205,465070788,124,13917,11081,10608,34214,1499,3,1,True
2026-05-01T13:25:32.896,T1,1,5200,3.443,-64.2,-94.4,-30.3,87.05,456751633,456750165,96,5355,8357,6491,24379,1277,3,1,True
2026-05-01T13:25:32.986,T1,1,5201,4.545,-67.7,-93.4,-25.7,76.33,475179647,475177709,52,3742,3969,4260,5174,665,3,1,True
2026-05-01T13:25:33.226,T1,1,5203,4.249,-66.8,-92.1,-25.3,112.25,420995117,420993304,48,5982,5388,3768,6676,733,3,1,True
2026-05-01T13:25:33.315,T1,1,5204,3.635,-64.5,-93.3,-28.9,105.7,411196755,411195205,104,8956,10993,7494,34166,1528,3,1,True
2026-05-01T13:25:33.436,T1,1,5205,4.367,-62.8,-93.0,-30.1,91.11,602103737,602101875,100,8244,9111,7990,29167,1334,3,1,True
2026-05-01T13:25:33.646,T1,1,5207,4.015,-63.2,-91.8,-28.5,87.98,760065782,760064070,100,12548,8798,7206,28800,1343,3,1,True
2026-05-01T13:25:33.736,T1,1,5208,3.335,-63.7,-91.9,-28.2,89.59,390221020,390219597,116,12043,10393,7140,30415,1402,3,1,True
2026-05-01T13:25:33.856,T1,1,5209,3.297,-63.7,-91.7,-28.0,83.78,411504173,411502766,116,13795,9718,10590,38105,1571,3,1,True
2026-05-01T13:25:34.067,T1,1,5211,4.198,-67.1,-93.5,-26.3,113.87,440785870,440784079,60,6068,6832,4744,12020,993,3,1,True
2026-05-01T13:25:34.186,T1,1,5212,4.184,-63.5,-92.7,-29.2,112.56,676472613,676470828,96,9383,10806,6816,30730,1400,3,1,True
2026-05-01T13:25:34.275,T1,1,5213,3.325,-62.8,-92.4,-29.6,120.67,389199867,389198449,84,7961,10136,8579,28602,1319,3,1,True
2026-05-01T13:25:34.365,T1,1,5214,4.4,-63.6,-92.9,-29.3,116.52,735645281,735643405,88,7485,10254,8040,28728,1359,3,1,True
2026-05-01T13:25:34.486,T1,1,5215,3.597,-63.2,-93.3,-30.1,117.11,476830489,476828955,84,6126,9837,7390,27052,1301,3,1,True
2026-05-01T13:25:34.816,T1,1,5218,3.316,-63.4,-93.2,-29.8,96.42,388875100,388873686,96,9473,9256,5569,28454,1346,3,1,True
2026-05-01T13:25:35.055,T1,1,5220,3.405,-63.3,-92.6,-29.3,92.23,430049816,430048364,92,9624,8485,5705,24114,1233,3,1,True
2026-05-01T13:25:35.115,T1,1,5221,3.476,-63.0,-92.5,-29.4,94.2,476988425,476986942,96,10592,9043,6025,27609,1307,3,1,True
2026-05-01T13:25:35.236,T1,1,5222,3.396,-63.2,-91.3,-28.1,86.07,410021259,410019811,120,13514,10329,7855,31647,1406,3,1,True
2026-05-01T13:25:35.325,T1,1,5223,3.49,-63.4,-91.0,-27.6,117.41,453908534,453907046,104,15436,12211,10553,41645,1623,3,1,True
2026-05-01T13:25:44.386,T1,1,5305,3.738,-64.0,-91.4,-27.5,121.9,751017223,751015629,100,7347,12190,12553,31785,1448,3,1,True
2026-05-01T13:25:44.476,T1,1,5306,3.307,-63.7,-88.8,-25.1,137.3,407849989,407848579,124,14335,17025,14935,35497,1519,3,1,True
2026-05-01T13:25:44.565,T1,1,5307,3.33,-63.5,-88.5,-25.0,150.81,424085035,424083614,112,17022,16891,12293,33922,1473,3,1,True
2026-05-01T13:25:44.716,T1,1,5308,4.132,-64.5,-88.5,-24.1,160.61,676018626,676016863,92,18318,14776,12589,31146,1458,3,1,True
2026-05-01T13:25:44.776,T1,1,5309,3.879,-63.0,-86.2,-23.2,172.73,715875938,715874284,96,12904,16582,13415,23523,1205,3,1,True
2026-05-01T13:25:44.986,T1,1,5311,4.16,-63.2,-89.4,-26.2,96.8,748108289,748106515,112,16771,10842,6759,25989,1276,3,1,True
2026-05-01T13:25:45.107,T1,1,5312,3.541,-63.0,-88.8,-25.8,129.74,469093837,469092327,120,19403,15569,9764,36533,1500,3,1,True
2026-05-01T13:25:45.226,T1,1,5313,3.912,-62.6,-88.2,-25.6,156.61,715035973,715034305,92,16778,14408,8981,26438,1262,3,1,True
2026-05-01T13:25:45.406,T1,1,5315,3.316,-64.3,-90.5,-26.2,129.15,426551225,426549810,124,14706,16015,9897,39772,1639,3,1,True
2026-05-01T13:25:46.006,T1,1,5320,3.236,-64.0,-94.3,-30.3,60.1,445801111,445799730,116,6463,6972,4207,18390,1104,3,1,True
2026-05-01T13:25:46.096,T1,1,5321,4.193,-67.0,-92.5,-25.5,52.08,473063176,473061388,88,7467,4583,3362,8088,810,3,1,True
2026-05-01T13:25:46.456,T1,1,5324,3.447,-62.7,-86.9,-24.1,92.38,441297150,441295679,128,18736,11824,8770,22922,1179,3,1,True
2026-05-01T13:25:46.546,T1,1,5325,4.188,-64.8,-88.8,-24.0,93.91,422880626,422878840,116,16209,10894,7548,19892,1179,3,1,True
2026-05-01T13:25:46.636,T1,1,5326,5.206,-62.2,-82.7,-20.5,208.57,731730736,731728515,80,49,16686,16938,17784,1019,3,1,True
2026-05-01T13:25:46.726,T1,1,5327,4.01,-62.2,-82.5,-20.3,174.4,479345022,479343312,96,55,16742,15851,16492,980,3,1,True
2026-05-01T13:25:46.996,T1,1,5329,4.475,-61.8,-88.7,-26.9,108.25,456366798,456364889,76,14024,8227,5170,16066,957,3,1,True
2026-05-01T13:25:47.055,T1,1,5330,3.766,-61.9,-82.4,-20.6,220.35,391216887,391215280,80,70,17628,17339,19301,1050,3,1,True
2026-05-01T13:25:48.106,T1,1,5339,3.743,-63.5,-88.3,-24.8,81.95,452151460,452149863,144,18636,11801,9010,25194,1271,3,1,True
2026-05-01T13:25:48.228,T1,1,5340,4.029,-63.3,-88.1,-24.8,134.38,674021164,674019446,112,19879,15051,10426,31562,1412,3,1,True
2026-05-01T13:25:48.317,T1,1,5341,3.757,-61.9,-81.6,-19.7,215.71,474163062,474161459,84,107,18120,16022,17439,998,3,1,True
2026-05-01T13:25:48.526,T1,1,5343,3.325,-63.5,-89.8,-26.3,99.76,450199022,450197603,128,16153,12769,9435,32115,1431,3,1,True
2026-05-01T13:25:48.615,T1,1,5344,4.071,-68.5,-91.8,-23.4,82.93,415692641,415690904,56,6039,4644,3071,4804,658,3,1,True
2026-05-01T13:25:48.735,T1,1,5345,3.232,-63.2,-89.2,-25.9,127.2,391791953,391790575,100,17706,12720,10310,32022,1417,3,1,True
2026-05-01T13:25:56.986,T1,1,5421,3.152,-63.3,-93.4,-30.1,87.2,491114465,491113120,108,9977,9418,7565,35485,1496,3,1,True
2026-05-01T13:25:57.316,T1,1,5424,3.161,-62.8,-92.6,-29.7,80.09,446984762,446983413,128,9138,10251,7352,30321,1361,3,1,True
2026-05-01T13:25:57.796,T1,1,5428,4.09,-63.3,-91.2,-27.9,97.2,767077640,767075896,108,13384,10498,10527,34986,1485,3,1,True
2026-05-01T13:25:58.336,T1,1,5433,3.114,-63.7,-92.4,-28.7,104.94,440799764,440798435,104,11501,10914,8399,36060,1529,3,1,True
2026-05-01T13:25:58.665,T1,1,5436,3.447,-62.9,-92.7,-29.8,80.47,392070183,392068713,112,9568,9013,8444,31140,1382,3,1,True
2026-05-01T13:25:59.055,T1,1,5439,4.071,-62.8,-91.9,-29.1,86.85,769035934,769034197,116,10995,10075,9123,32555,1410,3,1,True
2026-05-01T13:25:59.177,T1,1,5440,3.218,-62.3,-92.7,-30.4,94.74,453831863,453830490,112,10970,10611,7803,39344,1521,3,1,True
2026-05-01T13:25:59.237,T1,1,5441,4.142,-62.4,-92.9,-30.5,96.83,729123056,729121289,108,9646,10458,7124,35075,1439,3,1,True
2026-05-01T13:25:59.658,T1,1,5445,3.935,-71.9,-94.5,-22.6,57.62,401769538,401767860,32,2172,1844,2051,1268,380,3,1,True
2026-05-01T13:25:59.806,T1,1,5446,3.208,-63.4,-92.6,-29.2,105.74,464956840,464955471,96,10027,10151,9137,34335,1475,3,1,True
2026-05-01T13:25:59.865,T1,1,5447,3.658,-63.3,-92.6,-29.4,86.49,471751582,471750022,120,8471,10379,8509,30926,1394,3,1,True
2026-05-01T13:26:00.015,T1,1,5448,4.184,-63.2,-92.2,-29.0,114.17,729602846,729601062,92,11537,10504,9154,36438,1510,3,1,True
2026-05-01T13:26:00.075,T1,1,5449,4.296,-63.6,-91.9,-28.3,96.26,729780586,729778753,108,11483,10396,10769,36070,1524,3,1,True
2026-05-01T13:26:00.165,T1,1,5450,3.738,-63.1,-91.6,-28.5,101.84,734669138,734667543,96,11750,9777,9090,30829,1384,3,1,True
2026-05-01T13:26:00.286,T1,1,5451,3.818,-63.6,-91.4,-27.9,109.65,607635723,607634094,84,11903,9211,9222,28167,1344,3,1,True
2026-05-01T13:26:00.976,T1,1,5457,4.203,-71.4,-93.2,-21.8,71.61,456878224,456876432,28,2874,2005,1768,1225,367,3,1,True
2026-05-01T13:26:01.099,T1,1,5458,3.269,-63.0,-91.2,-28.2,84.3,453408217,453406823,124,13320,10453,10047,34655,1461,3,1,True
2026-05-01T13:26:01.277,T1,1,5460,4.109,-88.9,-99.9,-11.0,43.92,443144437,443142684,12,497,527,295,59,159,3,1,True
2026-05-01T13:26:01.757,T1,1,5464,3.157,-62.6,-91.0,-28.4,98.72,441956185,441954839,112,15273,11057,9120,38546,1521,3,1,True
2026-05-01T13:26:01.847,T1,1,5465,4.057,-62.8,-92.3,-29.5,90.65,728161984,728160253,116,10802,10515,7665,33688,1431,3,1,True
2026-05-01T13:26:02.447,T1,1,5470,3.302,-63.2,-92.7,-29.5,86.37,451290567,451289158,112,10684,9673,6048,30754,1389,3,1,True
2026-05-01T13:26:02.565,T1,1,5471,3.157,-62.3,-91.2,-29.0,112.45,398397570,398396224,92,11765,10345,8238,29902,1324,3,1,True
2026-05-01T13:26:02.865,T1,1,5474,4.334,-69.1,-93.9,-24.9,119.0,475760109,475758260,28,2891,3332,2822,3018,532,3,1,True
2026-05-01T13:26:02.986,T1,1,5475,3.302,-63.0,-93.6,-30.6,96.82,463145495,463144087,96,8073,9295,5552,28293,1320,3,1,True
2026-05-01T13:26:03.556,T1,1,5480,3.959,-63.7,-92.6,-28.9,125.4,444045126,444043438,84,9627,10534,7130,29785,1389,3,1,True
2026-05-01T13:26:11.655,T1,1,5554,2.941,-63.0,-91.9,-28.9,88.54,396838204,396836950,108,10707,9562,7863,28307,1324,3,1,True
2026-05-01T13:26:11.747,T1,1,5555,3.002,-62.7,-91.7,-29.0,79.82,390649824,390648543,108,10944,8621,7928,26381,1263,3,1,True
2026-05-01T13:26:12.134,T1,1,5558,3.185,-62.5,-90.6,-28.1,84.62,435980426,435979067,120,14258,10154,9610,32114,1386,3,1,True
2026-05-01T13:26:12.317,T1,1,5560,4.006,-88.3,-97.7,-9.4,42.42,443484044,443482335,12,747,509,473,69,161,3,1,True
2026-05-01T13:26:12.436,T1,1,5561,3.813,-62.9,-91.0,-28.0,86.83,677996930,677995304,120,12791,10420,9749,31289,1387,3,1,True
2026-05-01T13:26:12.887,T1,1,5565,4.296,-62.7,-92.4,-29.7,89.29,739036927,739035095,108,10701,9643,6174,29589,1337,3,1,True
2026-05-01T13:26:13.095,T1,1,5567,4.17,-69.8,-94.5,-24.8,65.42,463036594,463034815,36,3049,2355,1861,2205,466,3,1,True
2026-05-01T13:26:13.184,T1,1,5568,3.241,-62.6,-92.6,-30.1,87.24,447874440,447873057,112,9784,9771,6215,29575,1331,3,1,True
2026-05-01T13:26:13.427,T1,1,5570,3.166,-62.8,-93.3,-30.5,99.7,432891140,432889790,116,10384,11565,6982,42815,1612,3,1,True
2026-05-01T13:26:13.545,T1,1,5571,3.241,-62.6,-92.5,-30.0,98.51,451215027,451213644,104,10201,10245,7667,33541,1418,3,1,True
2026-05-01T13:26:21.707,T1,1,5646,3.11,-64.2,-91.1,-27.0,97.73,417927622,417926296,116,14337,11337,10010,35470,1541,3,1,True
2026-05-01T13:26:21.915,T1,1,5648,4.278,-63.7,-92.4,-28.7,104.47,764631904,764630079,96,10654,10029,8087,31317,1424,3,1,True
2026-05-01T13:26:22.004,T1,1,5649,3.114,-63.4,-91.5,-28.1,95.07,463613070,463611742,120,14917,11409,9433,41674,1627,3,1,True
2026-05-01T13:26:22.125,T1,1,5650,3.166,-63.9,-92.3,-28.3,89.98,452375716,452374365,124,11775,11157,8701,36433,1548,3,1,True
2026-05-01T13:26:22.227,T1,1,5651,3.832,-63.8,-91.5,-27.7,112.92,725107454,725105819,100,13881,11292,9960,38442,1583,3,1,True
2026-05-01T13:26:22.337,T1,1,5652,3.25,-63.7,-92.0,-28.3,97.07,528488333,528486947,100,12082,9707,9730,34199,1490,3,1,True
2026-05-01T13:26:22.456,T1,1,5653,3.232,-64.2,-93.3,-29.1,93.32,452128423,452127045,104,10424,9705,6475,32696,1483,3,1,True
2026-05-01T13:26:22.514,T1,1,5654,3.255,-63.1,-91.8,-28.7,76.45,450324590,450323202,124,11185,9480,7605,27679,1311,3,1,True
2026-05-01T13:26:22.635,T1,1,5655,3.204,-63.6,-92.7,-29.2,107.0,422797644,422796277,92,10405,9844,5653,29092,1367,3,1,True
2026-05-01T13:26:22.725,T1,1,5656,3.185,-62.8,-92.8,-30.0,92.41,385890797,385889439,96,9169,8871,8788,31309,1379,3,1,True
2026-05-01T13:26:22.846,T1,1,5657,3.963,-61.8,-89.5,-27.7,105.99,596526194,596524504,104,17454,11023,9708,34219,1395,3,1,True
2026-05-01T13:26:22.935,T1,1,5658,3.264,-63.2,-92.4,-29.2,85.25,450725728,450724335,100,8921,8525,8568,26216,1281,3,1,True
2026-05-01T13:26:23.507,T1,1,5663,3.114,-64.8,-92.8,-28.1,101.67,422707105,422705776,116,9852,11794,9297,37366,1615,3,1,True
2026-05-01T13:26:23.626,T1,1,5664,3.171,-63.0,-92.7,-29.7,70.59,400268388,400267035,128,11758,9036,5931,32085,1405,3,1,True
2026-05-01T13:26:23.834,T1,1,5666,3.194,-63.3,-91.8,-28.4,95.36,431382797,431381435,112,13675,10680,8847,37743,1545,3,1,True
2026-05-01T13:26:24.675,T1,1,5673,3.236,-63.5,-93.0,-29.5,112.29,423169414,423168034,112,12272,12577,7119,47195,1736,3,1,True
2026-05-01T13:26:24.885,T1,1,5675,4.301,-67.6,-94.5,-26.9,80.69,473118566,473116731,48,3928,3873,2264,5010,652,3,1,True
2026-05-01T13:26:25.095,T1,1,5677,4.188,-72.6,-94.8,-22.2,93.0,454155998,454154211,20,1934,1860,1443,979,343,3,1,True
2026-05-01T13:26:25.306,T1,1,5679,4.348,-66.3,-93.0,-26.7,105.9,495993245,495991391,52,5422,5507,4325,8388,806,3,1,True
2026-05-01T13:26:25.545,T1,1,5681,3.218,-63.2,-92.9,-29.7,92.91,433074912,433073539,100,8996,9291,5613,25886,1272,3,1,True
2026-05-01T13:26:25.636,T1,1,5682,3.143,-66.9,-92.3,-25.4,72.28,387824365,387823024,148,11182,10697,7872,26456,1464,3,1,True
2026-05-01T13:26:25.725,T1,1,5683,3.18,-63.1,-92.0,-28.9,98.16,396528143,396526787,108,11044,10601,9933,35473,1486,3,1,True
2026-05-01T13:26:34.094,T1,1,5759,3.096,-62.8,-93.1,-30.4,90.91,427125617,427124296,108,9778,9818,7166,34586,1449,3,1,True
2026-05-01T13:26:34.171,T1,1,5760,3.991,-62.7,-93.6,-30.8,79.19,465202685,465200983,108,8908,8553,5042,28099,1305,3,1,True
2026-05-01T13:26:34.396,T1,1,5762,4.235,-64.7,-92.9,-28.2,108.38,671035543,671033737,92,8148,9971,7823,26724,1361,3,1,True
2026-05-01T13:26:34.965,T1,1,5767,3.114,-62.1,-92.8,-30.7,88.85,437111137,437109809,100,9527,8885,6858,30087,1323,3,1,True
2026-05-01T13:26:43.126,T1,1,5842,3.03,-64.4,-94.8,-30.5,81.94,425312631,425311338,120,7450,9833,5941,35362,1549,3,1,True
2026-05-01T13:26:43.575,T1,1,5846,4.203,-78.0,-94.6,-16.5,80.88,461157392,461155599,16,1666,1294,873,359,250,3,1,True
2026-05-01T13:26:43.664,T1,1,5847,3.082,-63.2,-89.9,-26.6,104.89,396159001,396157687,100,17174,10489,8837,31325,1402,3,1,True
2026-05-01T13:26:43.815,T1,1,5848,3.105,-64.7,-97.1,-32.4,65.74,463116997,463115672,120,5685,7889,4385,35526,1572,3,1,True
2026-05-01T13:26:44.236,T1,1,5852,4.409,-62.0,-83.5,-21.5,88.99,763737573,763735692,140,15413,12458,10398,16820,985,3,1,True
2026-05-01T13:26:44.325,T1,1,5853,3.513,-63.1,-88.9,-25.8,78.5,418082594,418081095,144,17336,11304,9888,27313,1303,3,1,True
2026-05-01T13:26:44.445,T1,1,5854,3.255,-64.5,-92.9,-28.4,99.06,459125437,459124048,108,9472,10698,7237,30690,1448,3,1,True
2026-05-01T13:26:44.534,T1,1,5855,4.446,-64.2,-93.0,-28.8,86.29,722205345,722203449,92,8612,7939,6168,21956,1212,3,1,True
2026-05-01T13:26:44.624,T1,1,5856,3.236,-63.6,-91.2,-27.5,135.46,408138496,408137115,96,13361,13004,8048,35164,1506,3,1,True
2026-05-01T13:26:44.716,T1,1,5857,3.222,-62.8,-90.7,-27.9,88.53,405840332,405838958,92,12341,8145,5346,20131,1106,3,1,True
2026-05-01T13:26:44.955,T1,1,5859,3.152,-65.7,-92.1,-26.4,108.15,434562509,434561165,104,6699,11248,10544,26074,1392,3,1,True
2026-05-01T13:26:45.045,T1,1,5860,3.757,-64.3,-90.4,-26.1,144.34,482531351,482529748,100,14826,14434,10712,36837,1575,3,1,True
2026-05-01T13:26:45.255,T1,1,5862,3.823,-64.5,-90.7,-26.2,168.07,689311196,689309565,80,10385,13446,11052,29647,1426,3,1,True
2026-05-01T13:26:45.405,T1,1,5863,3.26,-63.6,-89.5,-25.8,162.85,400133602,400132212,96,11783,15634,11599,29768,1386,3,1,True
2026-05-01T13:26:45.465,T1,1,5864,3.218,-64.5,-91.8,-27.3,146.83,449571268,449569896,100,11740,14683,8498,39176,1637,3,1,True
2026-05-01T13:26:46.065,T1,1,5869,3.147,-75.6,-91.7,-16.1,25.99,389407080,389405737,76,14257,1975,9154,12235,1341,3,1,True
2026-05-01T13:26:46.396,T1,1,5872,4.273,-71.3,-93.6,-22.4,109.03,469326269,469324447,40,2734,4361,3048,3172,589,3,1,True
2026-05-01T13:26:46.486,T1,1,5873,3.307,-64.8,-91.9,-27.0,83.89,403465593,403464183,124,7444,10402,8470,21714,1234,3,1,True
2026-05-01T13:26:46.604,T1,1,5874,3.307,-65.0,-93.2,-28.2,98.41,416920940,416919530,92,10350,9054,8871,33136,1535,3,1,True
2026-05-01T13:26:46.695,T1,1,5875,3.748,-71.6,-99.9,-28.3,19.8,415210336,415208737,60,2769,1188,1167,3830,655,3,1,True
2026-05-01T13:26:46.814,T1,1,5876,4.024,-68.3,-92.9,-24.7,139.79,613892669,613890952,72,6782,10065,8903,21082,1368,3,1,True
2026-05-01T13:26:47.386,T1,1,5881,4.174,-63.7,-79.7,-15.9,297.69,739751017,739749237,64,13351,19052,17198,19205,1117,3,1,True
2026-05-01T13:26:48.195,T1,1,5888,4.395,-69.0,-82.4,-13.4,159.25,409814097,409812223,44,6552,7007,6388,2557,489,3,1,True
2026-05-01T13:26:48.555,T1,1,5891,3.682,-63.4,-79.3,-15.9,210.69,388223012,388221442,84,18543,17698,10343,17451,1052,3,1,True
2026-05-01T13:26:48.644,T1,1,5892,4.24,-66.0,-88.4,-22.4,165.06,706222172,706220363,100,10733,16506,11485,19816,1228,3,1,True
2026-05-01T13:26:48.854,T1,1,5894,3.87,-64.4,-81.5,-17.1,172.66,501742843,501741193,108,13812,18647,18981,22357,1232,3,1,True
2026-05-01T13:26:49.485,T1,1,5899,4.029,-67.8,-94.7,-26.9,110.45,397635538,397633819,60,2952,6627,5159,11369,990,3,1,True
2026-05-01T13:26:49.544,T1,1,5900,4.428,-66.9,-82.4,-15.5,136.79,398887346,398885457,68,7411,9302,7546,4403,597,3,1,True
2026-05-01T13:26:49.634,T1,1,5901,3.799,-63.4,-84.2,-20.8,109.9,469486899,469485278,164,5917,18023,17882,21862,1177,3,1,True
2026-05-01T13:26:49.874,T1,1,5903,5.159,-61.5,-78.1,-16.7,226.54,755316648,755314447,76,16142,17217,10666,16199,948,3,1,True
2026-05-01T13:26:49.964,T1,1,5904,3.691,-63.5,-95.8,-32.3,69.55,400249023,400247448,88,5420,6120,5846,25370,1274,3,1,True
2026-05-01T13:26:50.055,T1,1,5905,3.818,-63.0,-79.8,-16.8,223.02,466295414,466293786,88,19462,19626,13135,22750,1185,3,1,True
2026-05-01T13:26:50.174,T1,1,5906,3.18,-63.8,-89.6,-25.8,111.05,446740097,446738740,80,12226,8884,8783,17995,1082,3,1,True
2026-05-01T13:26:50.414,T1,1,5908,3.058,-62.2,-90.7,-28.5,100.61,490254330,490253025,76,8115,7646,9812,18674,1044,3,1,True
2026-05-01T13:26:50.594,T1,1,5910,2.842,-61.4,-76.2,-14.8,160.01,440902318,440901106,116,18093,18561,18730,21723,1094,3,1,True
2026-05-01T13:26:50.834,T1,1,5912,3.588,-68.5,-87.1,-18.6,135.42,409757412,409755881,36,3896,4875,3970,1513,369,3,1,True
2026-05-01T13:26:51.046,T1,1,5914,3.668,-59.0,-76.3,-17.3,149.81,455456367,455454803,124,16311,18577,14253,20460,979,3,1,True
2026-05-01T13:26:51.134,T1,1,5915,3.443,-58.2,-75.8,-17.6,112.53,715711787,715710318,148,17332,16655,10916,17895,892,3,1,True
2026-05-01T13:26:51.283,T1,1,5916,2.927,-59.0,-79.3,-20.3,107.11,465359464,465358215,160,15729,17137,9567,19618,958,3,1,True
2026-05-01T13:26:51.584,T1,1,5919,3.593,-63.2,-81.2,-18.0,161.35,428724823,428723291,72,12924,11617,7059,9299,764,3,1,True
2026-05-01T13:26:51.796,T1,1,5921,2.875,-59.4,-78.0,-18.6,166.3,426600715,426599489,104,17729,17295,11464,20572,995,3,1,True
2026-05-01T13:26:52.156,T1,1,5924,2.946,-60.0,-74.8,-14.7,139.14,436656310,436655054,124,16823,17253,13175,15916,895,3,1,True
2026-05-01T13:26:52.246,T1,1,5925,2.87,-59.3,-78.4,-19.1,145.64,401055171,401053946,120,15772,17477,10418,18881,950,3,1,True
2026-05-01T13:26:52.336,T1,1,5926,2.955,-58.6,-76.0,-17.4,146.48,441415639,441414378,116,16499,16992,14866,19877,951,3,1,True
2026-05-01T13:26:52.454,T1,1,5927,2.791,-60.5,-79.4,-18.9,131.15,402127704,402126513,120,18571,15738,9694,19303,1001,3,1,True
2026-05-01T13:26:52.545,T1,1,5928,2.899,-59.3,-78.1,-18.7,172.21,442565053,442563816,96,15927,16532,13762,19946,977,3,1,True
2026-05-01T13:26:52.904,T1,1,5931,3.007,-59.0,-76.0,-16.9,172.67,422029026,422027744,100,15585,17267,12612,17218,899,3,1,True
2026-05-01T13:26:53.023,T1,1,5932,3.612,-66.0,-80.8,-14.8,126.71,400748957,400747416,48,6000,6082,6035,2315,420,3,1,True
2026-05-01T13:26:53.564,T1,1,5937,3.391,-58.9,-76.2,-17.3,184.11,459080089,459078643,92,15778,16938,13378,18001,914,3,1,True
2026-05-01T13:26:53.774,T1,1,5939,2.992,-58.4,-76.2,-17.7,193.33,444048994,444047718,88,17595,17013,11516,18984,925,3,1,True
2026-05-01T13:26:54.135,T1,1,5942,2.852,-59.7,-78.9,-19.2,138.06,427221580,427220364,136,18245,18776,12198,23976,1085,3,1,True
2026-05-01T13:26:54.226,T1,1,5943,4.01,-66.7,-81.3,-14.7,142.77,478513661,478511951,56,7849,7995,6072,3415,521,3,1,True
2026-05-01T13:26:54.434,T1,1,5945,2.913,-58.5,-74.9,-16.4,176.42,412818413,412817170,96,16227,16936,15326,18630,917,3,1,True
2026-05-01T13:26:54.794,T1,1,5948,3.893,-60.3,-79.3,-18.9,155.13,761893804,761892143,116,18811,17995,10640,22327,1070,3,1,True
2026-05-01T13:26:54.884,T1,1,5949,3.719,-65.7,-81.9,-16.2,153.88,413120027,413118441,64,9720,9848,6267,5378,633,3,1,True
2026-05-01T13:26:55.005,T1,1,5950,3.701,-69.2,-84.8,-15.5,148.98,402298765,402297186,44,5762,6555,4111,2077,444,3,1,True
2026-05-01T13:26:55.114,T1,1,5951,2.988,-59.2,-76.5,-17.3,182.29,455718274,455716999,100,14749,18229,15988,20289,983,3,1,True
2026-05-01T13:26:55.184,T1,1,5952,3.485,-60.1,-77.0,-16.9,142.68,401774578,401773092,124,13750,17692,15399,18166,957,3,1,True
2026-05-01T13:26:55.396,T1,1,5954,2.889,-58.4,-77.7,-19.2,162.48,419577912,419576679,104,17072,16898,10532,19834,945,3,1,True
2026-05-01T13:26:55.634,T1,1,5956,3.532,-59.4,-75.2,-15.8,119.67,452586141,452584635,144,14844,17233,15274,17025,905,3,1,True
2026-05-01T13:26:55.725,T1,1,5957,2.946,-59.3,-76.0,-16.6,189.09,455322917,455321661,88,16369,16640,12868,17111,905,3,1,True
2026-05-01T13:26:55.816,T1,1,5958,2.946,-59.7,-78.7,-19.0,97.23,460471758,460470501,156,18057,15168,12487,20186,996,3,1,True
2026-05-01T13:26:56.054,T1,1,5960,2.997,-60.1,-84.2,-24.1,112.19,437622726,437621447,140,6905,15706,11930,17562,943,3,1,True
2026-05-01T13:26:56.174,T1,1,5961,-1320320640.0,-60.4,-89.0,-28.7,135.84,1332530572,564327649792,88,5282,11954,7153,14488,864,3,1,True
2026-05-01T13:26:56.265,T1,1,5962,7.308,-60.7,-85.2,-24.5,131.67,2125666573,2125663457,96,11208,12640,8963,15126,893,3,1,True
2026-05-01T13:26:56.406,T1,1,5963,5.436,-59.4,-81.8,-22.4,127.48,1672711618,1672709300,124,14445,15807,15356,24806,1093,3,1,True
2026-05-01T13:26:56.564,T1,1,5965,2.913,-60.9,-84.7,-23.8,154.7,437803615,437802372,104,7331,16089,12143,18172,985,3,1,True
2026-05-01T13:26:56.656,T1,1,5966,2.922,-60.4,-80.4,-20.0,143.4,457277377,457276131,132,16780,18929,16024,27305,1185,3,1,True
2026-05-01T13:26:56.745,T1,1,5967,3.818,-67.9,-83.3,-15.4,146.18,470642370,470640742,40,5331,5847,5698,2100,426,3,1,True
2026-05-01T13:26:56.894,T1,1,5968,2.941,-58.5,-77.5,-19.0,154.65,396694039,396692785,100,16524,15465,15830,21639,990,3,1,True
2026-05-01T13:26:57.556,T1,1,5974,2.702,-59.5,-77.7,-18.2,144.45,411155757,411154604,124,15608,17912,16753,22686,1048,3,1,True
2026-05-01T13:26:58.004,T1,1,5978,4.071,-60.4,-79.9,-19.5,136.6,754162825,754161088,124,18935,16939,10568,22205,1069,3,1,True
2026-05-01T13:26:58.154,T1,1,5979,4.024,-60.1,-76.2,-16.1,106.61,656769309,656767592,156,16991,16631,11752,16348,909,3,1,True
2026-05-01T13:26:58.268,T1,1,5980,4.278,-58.6,-76.2,-17.5,175.35,720300497,720298672,100,16830,17535,13277,19660,947,3,1,True
2026-05-01T13:26:58.304,T1,1,5981,2.805,-59.7,-77.5,-17.8,142.44,391545874,391544677,128,16438,18232,13750,20643,1006,3,1,True
2026-05-01T13:26:58.754,T1,1,5985,3.002,-60.2,-75.0,-14.8,127.05,497401854,497400574,132,15008,16771,15208,15698,893,3,1,True
2026-05-01T13:26:59.564,T1,1,5992,4.193,-59.9,-75.3,-15.4,124.62,727425424,727423635,128,16689,15952,14646,16539,908,3,1,True
2026-05-01T13:26:59.773,T1,1,5994,3.138,-60.4,-76.7,-16.4,126.92,618803892,618802553,144,16212,18276,14740,19240,995,3,1,True
2026-05-01T13:26:59.896,T1,1,5995,2.758,-59.5,-76.7,-17.2,111.12,390032840,390031664,160,17604,17779,17525,23310,1064,3,1,True
2026-05-01T13:27:00.345,T1,1,5999,2.847,-59.6,-77.0,-17.4,178.72,420337487,420336272,100,14420,17872,14850,18982,964,3,1,True
2026-05-01T13:27:00.465,T1,1,6000,2.974,-59.1,-76.3,-17.2,119.62,461955742,461954473,148,17102,17704,13076,19511,959,3,1,True
2026-05-01T13:27:00.793,T1,1,6003,3.818,-59.6,-76.2,-16.6,175.43,703709295,703707666,100,15064,17543,14707,18005,938,3,1,True
2026-05-01T13:27:00.914,T1,1,6004,2.95,-59.9,-76.4,-16.5,121.46,459051532,459050274,140,15359,17005,13930,17119,923,3,1,True
2026-05-01T13:27:01.874,T1,1,6012,2.885,-60.1,-76.5,-16.4,150.3,432941040,432939809,116,16779,17435,12543,17652,943,3,1,True
2026-05-01T13:27:01.964,T1,1,6013,2.819,-60.5,-76.3,-15.8,184.73,399914698,399913496,96,14448,17734,15302,17266,946,3,1,True
2026-05-01T13:27:02.111,T1,1,6014,2.913,-59.7,-75.7,-16.0,184.33,414209772,414208529,96,16640,17696,13720,17915,939,3,1,True
2026-05-01T13:27:02.146,T1,1,6015,2.791,-60.4,-77.6,-17.1,127.1,403772071,403770881,136,15475,17285,11937,16959,936,3,1,True
2026-05-01T13:27:02.264,T1,1,6016,2.903,-59.9,-76.4,-16.5,122.34,461604740,461603501,148,16122,18106,14701,19193,978,3,1,True
2026-05-01T13:27:02.446,T1,1,6017,3.963,-60.1,-75.7,-15.6,180.21,720223446,720221756,92,15004,16579,14443,15851,895,3,1,True
2026-05-01T13:27:02.447,T1,1,6018,3.579,-59.9,-75.5,-15.5,176.81,761498817,761497290,96,14346,16974,15107,16107,897,3,1,True
2026-05-01T13:27:02.565,T1,1,6019,2.927,-59.7,-75.9,-16.2,126.22,460395336,460394088,144,15944,18175,15114,18926,966,3,1,True
2026-05-01T13:27:02.653,T1,1,6020,3.532,-64.4,-81.2,-16.8,132.82,397402661,397401154,84,11478,11157,6861,7386,708,3,1,True
2026-05-01T13:27:02.864,T1,1,6022,2.791,-60.2,-76.0,-15.8,141.19,424562810,424561619,124,13334,17507,16175,16969,930,3,1,True
2026-05-01T13:27:03.057,T1,1,6023,2.899,-60.0,-76.7,-16.7,128.42,440790120,440788884,132,16000,16951,12510,16919,920,3,1,True
2026-05-01T13:27:11.234,T1,1,6098,2.753,-59.9,-76.4,-16.5,180.81,432540517,432539343,96,16835,17358,15886,19919,996,3,1,True
2026-05-01T13:27:19.784,T1,1,6176,3.771,-64.5,-77.5,-13.0,169.8,480996636,480995028,56,9211,9509,8794,4740,570,3,1,True
2026-05-01T13:27:20.835,T1,1,6185,2.73,-60.8,-77.0,-16.3,187.43,494593372,494592207,96,12946,17993,17231,18496,989,3,1,True
2026-05-01T13:27:21.163,T1,1,6188,2.758,-60.6,-74.8,-14.2,108.63,416973243,416972067,156,15738,16947,15466,15787,909,3,1,True
